#WellName	 Depth.M	 INCL	 AZIM 
WellName	 Depth.M	 INCL	 AZIM 
FHW13165	0.000 	 0.000 	 0.000
FHW13165	0.125 	 0.000 	 90.000
FHW13165	0.250 	 0.000 	 90.000
FHW13165	0.375 	 0.000 	 90.000
FHW13165	0.500 	 0.000 	 90.000
FHW13165	0.625 	 0.000 	 90.000
FHW13165	0.750 	 0.000 	 90.000
FHW13165	0.875 	 0.000 	 90.000
FHW13165	1.000 	 0.000 	 90.000
FHW13165	1.125 	 0.000 	 90.000
FHW13165	1.250 	 0.000 	 90.000
FHW13165	1.375 	 0.000 	 90.000
FHW13165	1.500 	 0.000 	 90.000
FHW13165	1.625 	 0.000 	 90.000
FHW13165	1.750 	 0.000 	 90.000
FHW13165	1.875 	 0.000 	 90.000
FHW13165	2.000 	 0.000 	 90.000
FHW13165	2.125 	 0.000 	 90.000
FHW13165	2.250 	 0.000 	 90.000
FHW13165	2.375 	 0.000 	 90.000
FHW13165	2.500 	 0.000 	 90.000
FHW13165	2.625 	 0.000 	 90.000
FHW13165	2.750 	 0.000 	 90.000
FHW13165	2.875 	 0.000 	 90.000
FHW13165	3.000 	 0.000 	 90.000
FHW13165	3.125 	 0.000 	 90.000
FHW13165	3.250 	 0.000 	 90.000
FHW13165	3.375 	 0.000 	 90.000
FHW13165	3.500 	 0.000 	 90.000
FHW13165	3.625 	 0.000 	 90.000
FHW13165	3.750 	 0.000 	 90.000
FHW13165	3.875 	 0.000 	 90.000
FHW13165	4.000 	 0.000 	 90.000
FHW13165	4.125 	 0.000 	 90.000
FHW13165	4.250 	 0.000 	 90.000
FHW13165	4.375 	 0.000 	 90.000
FHW13165	4.500 	 0.000 	 90.000
FHW13165	4.625 	 0.000 	 90.000
FHW13165	4.750 	 0.000 	 90.000
FHW13165	4.875 	 0.000 	 90.000
FHW13165	5.000 	 0.000 	 90.000
FHW13165	5.125 	 0.000 	 90.000
FHW13165	5.250 	 0.000 	 90.000
FHW13165	5.375 	 0.000 	 90.000
FHW13165	5.500 	 0.000 	 90.000
FHW13165	5.625 	 0.000 	 90.000
FHW13165	5.750 	 0.000 	 90.000
FHW13165	5.875 	 0.000 	 90.000
FHW13165	6.000 	 0.000 	 90.000
FHW13165	6.125 	 0.000 	 90.000
FHW13165	6.250 	 0.000 	 90.000
FHW13165	6.375 	 0.000 	 90.000
FHW13165	6.500 	 0.000 	 90.000
FHW13165	6.625 	 0.000 	 90.000
FHW13165	6.750 	 0.000 	 90.000
FHW13165	6.875 	 0.000 	 90.000
FHW13165	7.000 	 0.000 	 90.000
FHW13165	7.125 	 0.000 	 90.000
FHW13165	7.250 	 0.000 	 90.000
FHW13165	7.375 	 0.000 	 90.000
FHW13165	7.500 	 0.000 	 90.000
FHW13165	7.625 	 0.000 	 90.000
FHW13165	7.750 	 0.000 	 90.000
FHW13165	7.875 	 0.000 	 90.000
FHW13165	8.000 	 0.000 	 90.000
FHW13165	8.125 	 0.000 	 90.000
FHW13165	8.250 	 0.000 	 90.000
FHW13165	8.375 	 0.000 	 90.000
FHW13165	8.500 	 0.000 	 90.000
FHW13165	8.625 	 0.000 	 90.000
FHW13165	8.750 	 0.000 	 90.000
FHW13165	8.875 	 0.000 	 90.000
FHW13165	9.000 	 0.000 	 90.000
FHW13165	9.125 	 0.000 	 90.000
FHW13165	9.250 	 0.000 	 90.000
FHW13165	9.375 	 0.000 	 90.000
FHW13165	9.500 	 0.000 	 90.000
FHW13165	9.625 	 0.000 	 90.000
FHW13165	9.750 	 0.000 	 90.000
FHW13165	9.875 	 0.000 	 90.000
FHW13165	10.000 	 0.000 	 90.000
FHW13165	10.125 	 0.000 	 90.000
FHW13165	10.250 	 0.000 	 90.000
FHW13165	10.375 	 0.000 	 90.000
FHW13165	10.500 	 0.000 	 90.000
FHW13165	10.625 	 0.000 	 90.000
FHW13165	10.750 	 0.000 	 90.000
FHW13165	10.875 	 0.000 	 90.000
FHW13165	11.000 	 0.000 	 90.000
FHW13165	11.125 	 0.000 	 90.000
FHW13165	11.250 	 0.000 	 90.000
FHW13165	11.375 	 0.000 	 90.000
FHW13165	11.500 	 0.000 	 90.000
FHW13165	11.625 	 0.000 	 90.000
FHW13165	11.750 	 0.000 	 90.000
FHW13165	11.875 	 0.000 	 90.000
FHW13165	12.000 	 0.000 	 90.000
FHW13165	12.125 	 0.000 	 90.000
FHW13165	12.250 	 0.000 	 90.000
FHW13165	12.375 	 0.000 	 90.000
FHW13165	12.500 	 0.000 	 90.000
FHW13165	12.625 	 0.000 	 90.000
FHW13165	12.750 	 0.000 	 90.000
FHW13165	12.875 	 0.000 	 90.000
FHW13165	13.000 	 0.000 	 90.000
FHW13165	13.125 	 0.000 	 90.000
FHW13165	13.250 	 0.000 	 90.000
FHW13165	13.375 	 0.000 	 90.000
FHW13165	13.500 	 0.000 	 90.000
FHW13165	13.625 	 0.000 	 90.000
FHW13165	13.750 	 0.000 	 90.000
FHW13165	13.875 	 0.000 	 90.000
FHW13165	14.000 	 0.000 	 90.000
FHW13165	14.125 	 0.000 	 90.000
FHW13165	14.250 	 0.000 	 90.000
FHW13165	14.375 	 0.000 	 90.000
FHW13165	14.500 	 0.000 	 90.000
FHW13165	14.625 	 0.000 	 90.000
FHW13165	14.750 	 0.000 	 90.000
FHW13165	14.875 	 0.000 	 90.000
FHW13165	15.000 	 0.000 	 90.000
FHW13165	15.125 	 0.000 	 90.000
FHW13165	15.250 	 0.000 	 90.000
FHW13165	15.375 	 0.000 	 90.000
FHW13165	15.500 	 0.000 	 90.000
FHW13165	15.625 	 0.000 	 90.000
FHW13165	15.750 	 0.000 	 90.000
FHW13165	15.875 	 0.000 	 90.000
FHW13165	16.000 	 0.000 	 90.000
FHW13165	16.125 	 0.000 	 90.000
FHW13165	16.250 	 0.000 	 90.000
FHW13165	16.375 	 0.000 	 90.000
FHW13165	16.500 	 0.000 	 90.000
FHW13165	16.625 	 0.000 	 90.000
FHW13165	16.750 	 0.000 	 90.000
FHW13165	16.875 	 0.000 	 90.000
FHW13165	17.000 	 0.000 	 90.000
FHW13165	17.125 	 0.000 	 90.000
FHW13165	17.250 	 0.000 	 90.000
FHW13165	17.375 	 0.000 	 90.000
FHW13165	17.500 	 0.000 	 90.000
FHW13165	17.625 	 0.000 	 90.000
FHW13165	17.750 	 0.000 	 90.000
FHW13165	17.875 	 0.000 	 90.000
FHW13165	18.000 	 0.000 	 90.000
FHW13165	18.125 	 0.000 	 90.000
FHW13165	18.250 	 0.000 	 90.000
FHW13165	18.375 	 0.000 	 90.000
FHW13165	18.500 	 0.000 	 90.000
FHW13165	18.625 	 0.000 	 90.000
FHW13165	18.750 	 0.000 	 90.000
FHW13165	18.875 	 0.000 	 90.000
FHW13165	19.000 	 0.000 	 90.000
FHW13165	19.125 	 0.000 	 90.000
FHW13165	19.250 	 0.000 	 90.000
FHW13165	19.375 	 0.000 	 90.000
FHW13165	19.500 	 0.000 	 90.000
FHW13165	19.625 	 0.000 	 90.000
FHW13165	19.750 	 0.000 	 90.000
FHW13165	19.875 	 0.000 	 90.000
FHW13165	20.000 	 0.000 	 90.000
FHW13165	20.125 	 0.000 	 90.000
FHW13165	20.250 	 0.000 	 90.000
FHW13165	20.375 	 0.000 	 90.000
FHW13165	20.500 	 0.000 	 90.000
FHW13165	20.625 	 0.000 	 90.000
FHW13165	20.750 	 0.000 	 90.000
FHW13165	20.875 	 0.000 	 90.000
FHW13165	21.000 	 0.000 	 90.000
FHW13165	21.125 	 0.000 	 90.000
FHW13165	21.250 	 0.000 	 90.000
FHW13165	21.375 	 0.000 	 90.000
FHW13165	21.500 	 0.000 	 90.000
FHW13165	21.625 	 0.000 	 90.000
FHW13165	21.750 	 0.000 	 90.000
FHW13165	21.875 	 0.000 	 90.000
FHW13165	22.000 	 0.000 	 90.000
FHW13165	22.125 	 0.000 	 90.000
FHW13165	22.250 	 0.000 	 90.000
FHW13165	22.375 	 0.000 	 90.000
FHW13165	22.500 	 0.000 	 90.000
FHW13165	22.625 	 0.000 	 90.000
FHW13165	22.750 	 0.000 	 90.000
FHW13165	22.875 	 0.000 	 90.000
FHW13165	23.000 	 0.000 	 90.000
FHW13165	23.125 	 0.000 	 90.000
FHW13165	23.250 	 0.000 	 90.000
FHW13165	23.375 	 0.000 	 90.000
FHW13165	23.500 	 0.000 	 90.000
FHW13165	23.625 	 0.000 	 90.000
FHW13165	23.750 	 0.000 	 90.000
FHW13165	23.875 	 0.000 	 90.000
FHW13165	24.000 	 0.000 	 90.000
FHW13165	24.125 	 0.000 	 90.000
FHW13165	24.250 	 0.000 	 90.000
FHW13165	24.375 	 0.000 	 90.000
FHW13165	24.500 	 0.000 	 90.000
FHW13165	24.625 	 0.000 	 90.000
FHW13165	24.750 	 0.000 	 90.000
FHW13165	24.875 	 0.000 	 90.000
FHW13165	25.000 	 0.000 	 90.000
FHW13165	25.125 	 0.000 	 90.000
FHW13165	25.250 	 0.000 	 90.000
FHW13165	25.375 	 0.000 	 90.000
FHW13165	25.500 	 0.000 	 90.000
FHW13165	25.625 	 0.000 	 90.000
FHW13165	25.750 	 0.000 	 90.000
FHW13165	25.875 	 0.000 	 90.000
FHW13165	26.000 	 0.000 	 90.000
FHW13165	26.125 	 0.000 	 90.000
FHW13165	26.250 	 0.000 	 90.000
FHW13165	26.375 	 0.000 	 90.000
FHW13165	26.500 	 0.000 	 90.000
FHW13165	26.625 	 0.000 	 90.000
FHW13165	26.750 	 0.000 	 90.000
FHW13165	26.875 	 0.000 	 90.000
FHW13165	27.000 	 0.000 	 90.000
FHW13165	27.125 	 0.000 	 90.000
FHW13165	27.250 	 0.000 	 90.000
FHW13165	27.375 	 0.000 	 90.000
FHW13165	27.500 	 0.000 	 90.000
FHW13165	27.625 	 0.000 	 90.000
FHW13165	27.750 	 0.000 	 90.000
FHW13165	27.875 	 0.000 	 90.000
FHW13165	28.000 	 0.000 	 90.000
FHW13165	28.125 	 0.000 	 90.000
FHW13165	28.250 	 0.000 	 90.000
FHW13165	28.375 	 0.000 	 90.000
FHW13165	28.500 	 0.000 	 90.000
FHW13165	28.625 	 0.000 	 90.000
FHW13165	28.750 	 0.000 	 90.000
FHW13165	28.875 	 0.000 	 90.000
FHW13165	29.000 	 0.000 	 90.000
FHW13165	29.125 	 0.000 	 90.000
FHW13165	29.250 	 0.000 	 90.000
FHW13165	29.375 	 0.000 	 90.000
FHW13165	29.500 	 0.000 	 90.000
FHW13165	29.625 	 0.000 	 90.000
FHW13165	29.750 	 0.000 	 90.000
FHW13165	29.875 	 0.000 	 90.000
FHW13165	30.000 	 0.000 	 90.000
FHW13165	30.125 	 0.000 	 90.000
FHW13165	30.250 	 0.000 	 90.000
FHW13165	30.375 	 0.000 	 90.000
FHW13165	30.500 	 0.000 	 90.000
FHW13165	30.625 	 0.000 	 90.000
FHW13165	30.750 	 0.000 	 90.000
FHW13165	30.875 	 0.000 	 90.000
FHW13165	31.000 	 0.000 	 90.000
FHW13165	31.125 	 0.000 	 90.000
FHW13165	31.250 	 0.000 	 90.000
FHW13165	31.375 	 0.000 	 90.000
FHW13165	31.500 	 0.000 	 90.000
FHW13165	31.625 	 0.000 	 90.000
FHW13165	31.750 	 0.000 	 90.000
FHW13165	31.875 	 0.000 	 90.000
FHW13165	32.000 	 0.000 	 90.000
FHW13165	32.125 	 0.000 	 90.000
FHW13165	32.250 	 0.000 	 90.000
FHW13165	32.375 	 0.000 	 90.000
FHW13165	32.500 	 0.000 	 90.000
FHW13165	32.625 	 0.000 	 90.000
FHW13165	32.750 	 0.000 	 90.000
FHW13165	32.875 	 0.000 	 90.000
FHW13165	33.000 	 0.000 	 90.000
FHW13165	33.125 	 0.000 	 90.000
FHW13165	33.250 	 0.000 	 90.000
FHW13165	33.375 	 0.000 	 90.000
FHW13165	33.500 	 0.000 	 90.000
FHW13165	33.625 	 0.000 	 90.000
FHW13165	33.750 	 0.000 	 90.000
FHW13165	33.875 	 0.000 	 90.000
FHW13165	34.000 	 0.000 	 90.000
FHW13165	34.125 	 0.000 	 90.000
FHW13165	34.250 	 0.000 	 90.000
FHW13165	34.375 	 0.000 	 90.000
FHW13165	34.500 	 0.000 	 90.000
FHW13165	34.625 	 0.000 	 90.000
FHW13165	34.750 	 0.000 	 90.000
FHW13165	34.875 	 0.000 	 90.000
FHW13165	35.000 	 0.000 	 90.000
FHW13165	35.125 	 0.000 	 90.000
FHW13165	35.250 	 0.000 	 90.000
FHW13165	35.375 	 0.000 	 90.000
FHW13165	35.500 	 0.000 	 90.000
FHW13165	35.625 	 0.000 	 90.000
FHW13165	35.750 	 0.000 	 90.000
FHW13165	35.875 	 0.000 	 90.000
FHW13165	36.000 	 0.000 	 90.000
FHW13165	36.125 	 0.000 	 90.000
FHW13165	36.250 	 0.000 	 90.000
FHW13165	36.375 	 0.000 	 90.000
FHW13165	36.500 	 0.000 	 90.000
FHW13165	36.625 	 0.000 	 90.000
FHW13165	36.750 	 0.000 	 90.000
FHW13165	36.875 	 0.000 	 90.000
FHW13165	37.000 	 0.000 	 90.000
FHW13165	37.125 	 0.000 	 90.000
FHW13165	37.250 	 0.000 	 90.000
FHW13165	37.375 	 0.000 	 90.000
FHW13165	37.500 	 0.000 	 90.000
FHW13165	37.625 	 0.000 	 90.000
FHW13165	37.750 	 0.000 	 90.000
FHW13165	37.875 	 0.000 	 90.000
FHW13165	38.000 	 0.000 	 90.000
FHW13165	38.125 	 0.000 	 90.000
FHW13165	38.250 	 0.000 	 90.000
FHW13165	38.375 	 0.000 	 90.000
FHW13165	38.500 	 0.000 	 90.000
FHW13165	38.625 	 0.000 	 90.000
FHW13165	38.750 	 0.000 	 90.000
FHW13165	38.875 	 0.000 	 90.000
FHW13165	39.000 	 0.000 	 90.000
FHW13165	39.125 	 0.000 	 90.000
FHW13165	39.250 	 0.000 	 90.000
FHW13165	39.375 	 0.000 	 90.000
FHW13165	39.500 	 0.000 	 90.000
FHW13165	39.625 	 0.000 	 90.000
FHW13165	39.750 	 0.000 	 90.000
FHW13165	39.875 	 0.000 	 90.000
FHW13165	40.000 	 0.000 	 90.000
FHW13165	40.125 	 0.000 	 90.000
FHW13165	40.250 	 0.000 	 90.000
FHW13165	40.375 	 0.000 	 90.000
FHW13165	40.500 	 0.000 	 90.000
FHW13165	40.625 	 0.000 	 90.000
FHW13165	40.750 	 0.000 	 90.000
FHW13165	40.875 	 0.000 	 90.000
FHW13165	41.000 	 0.000 	 90.000
FHW13165	41.125 	 0.000 	 90.000
FHW13165	41.250 	 0.000 	 90.000
FHW13165	41.375 	 0.000 	 90.000
FHW13165	41.500 	 0.000 	 90.000
FHW13165	41.625 	 0.000 	 90.000
FHW13165	41.750 	 0.000 	 90.000
FHW13165	41.875 	 0.000 	 90.000
FHW13165	42.000 	 0.000 	 90.000
FHW13165	42.125 	 0.000 	 90.000
FHW13165	42.250 	 0.000 	 90.000
FHW13165	42.375 	 0.000 	 90.000
FHW13165	42.500 	 0.000 	 90.000
FHW13165	42.625 	 0.000 	 90.000
FHW13165	42.750 	 0.000 	 90.000
FHW13165	42.875 	 0.000 	 90.000
FHW13165	43.000 	 0.000 	 90.000
FHW13165	43.125 	 0.000 	 90.000
FHW13165	43.250 	 0.000 	 90.000
FHW13165	43.375 	 0.000 	 90.000
FHW13165	43.500 	 0.000 	 90.000
FHW13165	43.625 	 0.000 	 90.000
FHW13165	43.750 	 0.000 	 90.000
FHW13165	43.875 	 0.000 	 90.000
FHW13165	44.000 	 0.000 	 90.000
FHW13165	44.125 	 0.000 	 90.000
FHW13165	44.250 	 0.000 	 90.000
FHW13165	44.375 	 0.000 	 90.000
FHW13165	44.500 	 0.000 	 90.000
FHW13165	44.625 	 0.000 	 90.000
FHW13165	44.750 	 0.000 	 90.000
FHW13165	44.875 	 0.000 	 90.000
FHW13165	45.000 	 0.000 	 90.000
FHW13165	45.125 	 0.000 	 90.000
FHW13165	45.250 	 0.000 	 90.000
FHW13165	45.375 	 0.000 	 90.000
FHW13165	45.500 	 0.000 	 90.000
FHW13165	45.625 	 0.000 	 90.000
FHW13165	45.750 	 0.000 	 90.000
FHW13165	45.875 	 0.000 	 90.000
FHW13165	46.000 	 0.000 	 90.000
FHW13165	46.125 	 0.000 	 90.000
FHW13165	46.250 	 0.000 	 90.000
FHW13165	46.375 	 0.000 	 90.000
FHW13165	46.500 	 0.000 	 90.000
FHW13165	46.625 	 0.000 	 90.000
FHW13165	46.750 	 0.000 	 90.000
FHW13165	46.875 	 0.000 	 90.000
FHW13165	47.000 	 0.000 	 90.000
FHW13165	47.125 	 0.000 	 90.000
FHW13165	47.250 	 0.000 	 90.000
FHW13165	47.375 	 0.000 	 90.000
FHW13165	47.500 	 0.000 	 90.000
FHW13165	47.625 	 0.000 	 90.000
FHW13165	47.750 	 0.000 	 90.000
FHW13165	47.875 	 0.000 	 90.000
FHW13165	48.000 	 0.000 	 90.000
FHW13165	48.125 	 0.000 	 90.000
FHW13165	48.250 	 0.000 	 90.000
FHW13165	48.375 	 0.000 	 90.000
FHW13165	48.500 	 0.000 	 90.000
FHW13165	48.625 	 0.000 	 90.000
FHW13165	48.750 	 0.000 	 90.000
FHW13165	48.875 	 0.000 	 90.000
FHW13165	49.000 	 0.000 	 90.000
FHW13165	49.125 	 0.000 	 90.000
FHW13165	49.250 	 0.000 	 90.000
FHW13165	49.375 	 0.000 	 90.000
FHW13165	49.500 	 0.000 	 90.000
FHW13165	49.625 	 0.000 	 90.000
FHW13165	49.750 	 0.000 	 90.000
FHW13165	49.875 	 0.000 	 90.000
FHW13165	50.000 	 0.000 	 90.000
FHW13165	50.125 	 0.000 	 90.000
FHW13165	50.250 	 0.000 	 90.000
FHW13165	50.375 	 0.000 	 90.000
FHW13165	50.500 	 0.000 	 90.000
FHW13165	50.625 	 0.000 	 90.000
FHW13165	50.750 	 0.000 	 90.000
FHW13165	50.875 	 0.000 	 90.000
FHW13165	51.000 	 0.000 	 90.000
FHW13165	51.125 	 0.000 	 90.000
FHW13165	51.250 	 0.000 	 90.000
FHW13165	51.375 	 0.000 	 90.000
FHW13165	51.500 	 0.000 	 90.000
FHW13165	51.625 	 0.000 	 90.000
FHW13165	51.750 	 0.000 	 90.000
FHW13165	51.875 	 0.000 	 90.000
FHW13165	52.000 	 0.000 	 90.000
FHW13165	52.125 	 0.000 	 90.000
FHW13165	52.250 	 0.000 	 90.000
FHW13165	52.375 	 0.000 	 90.000
FHW13165	52.500 	 0.000 	 90.000
FHW13165	52.625 	 0.000 	 90.000
FHW13165	52.750 	 0.000 	 90.000
FHW13165	52.875 	 0.000 	 90.000
FHW13165	53.000 	 0.000 	 90.000
FHW13165	53.125 	 0.000 	 90.000
FHW13165	53.250 	 0.000 	 90.000
FHW13165	53.375 	 0.000 	 90.000
FHW13165	53.500 	 0.000 	 90.000
FHW13165	53.625 	 0.000 	 90.000
FHW13165	53.750 	 0.000 	 90.000
FHW13165	53.875 	 0.000 	 90.000
FHW13165	54.000 	 0.000 	 90.000
FHW13165	54.125 	 0.000 	 90.000
FHW13165	54.250 	 0.000 	 90.000
FHW13165	54.375 	 0.000 	 90.000
FHW13165	54.500 	 0.000 	 90.000
FHW13165	54.625 	 0.000 	 90.000
FHW13165	54.750 	 0.000 	 90.000
FHW13165	54.875 	 0.000 	 90.000
FHW13165	55.000 	 0.000 	 90.000
FHW13165	55.125 	 0.000 	 90.000
FHW13165	55.250 	 0.000 	 90.000
FHW13165	55.375 	 0.000 	 90.000
FHW13165	55.500 	 0.000 	 90.000
FHW13165	55.625 	 0.000 	 90.000
FHW13165	55.750 	 0.000 	 90.000
FHW13165	55.875 	 0.000 	 90.000
FHW13165	56.000 	 0.000 	 90.000
FHW13165	56.125 	 0.000 	 90.000
FHW13165	56.250 	 0.000 	 90.000
FHW13165	56.375 	 0.000 	 90.000
FHW13165	56.500 	 0.000 	 90.000
FHW13165	56.625 	 0.000 	 90.000
FHW13165	56.750 	 0.000 	 90.000
FHW13165	56.875 	 0.000 	 90.000
FHW13165	57.000 	 0.000 	 90.000
FHW13165	57.125 	 0.000 	 90.000
FHW13165	57.250 	 0.000 	 90.000
FHW13165	57.375 	 0.000 	 90.000
FHW13165	57.500 	 0.000 	 90.000
FHW13165	57.625 	 0.000 	 90.000
FHW13165	57.750 	 0.000 	 90.000
FHW13165	57.875 	 0.000 	 90.000
FHW13165	58.000 	 0.000 	 90.000
FHW13165	58.125 	 0.000 	 90.000
FHW13165	58.250 	 0.000 	 90.000
FHW13165	58.375 	 0.000 	 90.000
FHW13165	58.500 	 0.000 	 90.000
FHW13165	58.625 	 0.000 	 90.000
FHW13165	58.750 	 0.000 	 90.000
FHW13165	58.875 	 0.000 	 90.000
FHW13165	59.000 	 0.000 	 90.000
FHW13165	59.125 	 0.000 	 90.000
FHW13165	59.250 	 0.000 	 90.000
FHW13165	59.375 	 0.000 	 90.000
FHW13165	59.500 	 0.000 	 90.000
FHW13165	59.625 	 0.000 	 90.000
FHW13165	59.750 	 0.000 	 90.000
FHW13165	59.875 	 0.000 	 90.000
FHW13165	60.000 	 0.000 	 90.000
FHW13165	60.125 	 0.000 	 90.000
FHW13165	60.250 	 0.000 	 90.000
FHW13165	60.375 	 0.000 	 90.000
FHW13165	60.500 	 0.000 	 90.000
FHW13165	60.625 	 0.000 	 90.000
FHW13165	60.750 	 0.000 	 90.000
FHW13165	60.875 	 0.000 	 90.000
FHW13165	61.000 	 0.000 	 90.000
FHW13165	61.125 	 0.000 	 90.000
FHW13165	61.250 	 0.000 	 90.000
FHW13165	61.375 	 0.000 	 90.000
FHW13165	61.500 	 0.000 	 90.000
FHW13165	61.625 	 0.000 	 90.000
FHW13165	61.750 	 0.000 	 90.000
FHW13165	61.875 	 0.000 	 90.000
FHW13165	62.000 	 0.000 	 90.000
FHW13165	62.125 	 0.000 	 90.000
FHW13165	62.250 	 0.000 	 90.000
FHW13165	62.375 	 0.000 	 90.000
FHW13165	62.500 	 0.000 	 90.000
FHW13165	62.625 	 0.000 	 90.000
FHW13165	62.750 	 0.000 	 90.000
FHW13165	62.875 	 0.000 	 90.000
FHW13165	63.000 	 0.000 	 90.000
FHW13165	63.125 	 0.000 	 90.000
FHW13165	63.250 	 0.000 	 90.000
FHW13165	63.375 	 0.000 	 90.000
FHW13165	63.500 	 0.000 	 90.000
FHW13165	63.625 	 0.000 	 90.000
FHW13165	63.750 	 0.000 	 90.000
FHW13165	63.875 	 0.000 	 90.000
FHW13165	64.000 	 0.000 	 90.000
FHW13165	64.125 	 0.000 	 90.000
FHW13165	64.250 	 0.000 	 90.000
FHW13165	64.375 	 0.000 	 90.000
FHW13165	64.500 	 0.000 	 90.000
FHW13165	64.625 	 0.000 	 90.000
FHW13165	64.750 	 0.000 	 90.000
FHW13165	64.875 	 0.000 	 90.000
FHW13165	65.000 	 0.000 	 90.000
FHW13165	65.125 	 0.000 	 90.000
FHW13165	65.250 	 0.000 	 90.000
FHW13165	65.375 	 0.000 	 90.000
FHW13165	65.500 	 0.000 	 90.000
FHW13165	65.625 	 0.000 	 90.000
FHW13165	65.750 	 0.000 	 90.000
FHW13165	65.875 	 0.000 	 90.000
FHW13165	66.000 	 0.000 	 90.000
FHW13165	66.125 	 0.000 	 90.000
FHW13165	66.250 	 0.000 	 90.000
FHW13165	66.375 	 0.000 	 90.000
FHW13165	66.500 	 0.000 	 90.000
FHW13165	66.625 	 0.000 	 90.000
FHW13165	66.750 	 0.000 	 90.000
FHW13165	66.875 	 0.000 	 90.000
FHW13165	67.000 	 0.000 	 90.000
FHW13165	67.125 	 0.000 	 90.000
FHW13165	67.250 	 0.000 	 90.000
FHW13165	67.375 	 0.000 	 90.000
FHW13165	67.500 	 0.000 	 90.000
FHW13165	67.625 	 0.000 	 90.000
FHW13165	67.750 	 0.000 	 90.000
FHW13165	67.875 	 0.000 	 90.000
FHW13165	68.000 	 0.000 	 90.000
FHW13165	68.125 	 0.000 	 90.000
FHW13165	68.250 	 0.000 	 90.000
FHW13165	68.375 	 0.000 	 90.000
FHW13165	68.500 	 1.025 	 243.435
FHW13165	68.625 	 2.467 	 248.199
FHW13165	68.750 	 2.467 	 248.199
FHW13165	68.875 	 2.049 	 243.435
FHW13165	69.000 	 2.467 	 248.199
FHW13165	69.125 	 2.487 	 248.199
FHW13165	69.250 	 2.049 	 243.435
FHW13165	69.375 	 2.467 	 248.199
FHW13165	69.500 	 2.336 	 258.690
FHW13165	69.625 	 2.049 	 243.435
FHW13165	69.750 	 2.467 	 248.199
FHW13165	69.875 	 2.467 	 248.199
FHW13165	70.000 	 2.467 	 248.199
FHW13165	70.125 	 2.049 	 243.435
FHW13165	70.250 	 2.487 	 248.199
FHW13165	70.375 	 2.467 	 248.199
FHW13165	70.500 	 2.049 	 243.435
FHW13165	70.625 	 2.467 	 248.199
FHW13165	70.750 	 2.467 	 248.199
FHW13165	70.875 	 2.049 	 243.435
FHW13165	71.000 	 2.467 	 248.199
FHW13165	71.125 	 2.467 	 248.199
FHW13165	71.250 	 2.049 	 243.435
FHW13165	71.375 	 2.467 	 248.199
FHW13165	71.500 	 2.355 	 258.690
FHW13165	71.625 	 2.467 	 248.199
FHW13165	71.750 	 2.049 	 243.435
FHW13165	71.875 	 2.467 	 248.199
FHW13165	72.000 	 2.467 	 248.199
FHW13165	72.125 	 2.049 	 243.435
FHW13165	72.250 	 2.467 	 248.199
FHW13165	72.375 	 2.467 	 248.199
FHW13165	72.500 	 2.049 	 243.435
FHW13165	72.625 	 2.487 	 248.199
FHW13165	72.750 	 2.467 	 248.199
FHW13165	72.875 	 3.487 	 246.801
FHW13165	73.000 	 4.709 	 240.945
FHW13165	73.125 	 4.126 	 243.435
FHW13165	73.250 	 4.505 	 246.038
FHW13165	73.375 	 4.746 	 240.945
FHW13165	73.500 	 4.505 	 246.038
FHW13165	73.625 	 4.093 	 243.435
FHW13165	73.750 	 4.747 	 240.945
FHW13165	73.875 	 4.505 	 246.038
FHW13165	74.000 	 4.316 	 237.995
FHW13165	74.125 	 4.541 	 246.038
FHW13165	74.250 	 4.505 	 246.037
FHW13165	74.375 	 4.746 	 240.945
FHW13165	74.500 	 4.093 	 243.435
FHW13165	74.625 	 4.505 	 246.038
FHW13165	74.750 	 4.746 	 240.945
FHW13165	74.875 	 4.093 	 243.435
FHW13165	75.000 	 4.541 	 246.038
FHW13165	75.125 	 4.709 	 240.945
FHW13165	75.250 	 4.505 	 246.038
FHW13165	75.375 	 4.351 	 237.995
FHW13165	75.500 	 4.505 	 246.038
FHW13165	75.625 	 4.541 	 246.038
FHW13165	75.750 	 4.316 	 237.995
FHW13165	75.875 	 4.505 	 246.038
FHW13165	76.000 	 4.541 	 246.037
FHW13165	76.125 	 4.709 	 240.945
FHW13165	76.250 	 4.126 	 243.435
FHW13165	76.375 	 4.709 	 240.945
FHW13165	76.500 	 4.505 	 246.038
FHW13165	76.625 	 4.541 	 246.037
FHW13165	76.750 	 4.316 	 237.995
FHW13165	76.875 	 4.541 	 246.038
FHW13165	77.000 	 4.505 	 246.037
FHW13165	77.125 	 4.316 	 237.995
FHW13165	77.250 	 4.541 	 246.037
FHW13165	77.375 	 4.505 	 246.038
FHW13165	77.500 	 4.746 	 240.945
FHW13165	77.625 	 4.093 	 243.435
FHW13165	77.750 	 4.709 	 240.945
FHW13165	77.875 	 4.541 	 246.037
FHW13165	78.000 	 4.093 	 243.435
FHW13165	78.125 	 4.747 	 240.945
FHW13165	78.250 	 4.505 	 246.038
FHW13165	78.375 	 4.505 	 246.037
FHW13165	78.500 	 4.351 	 237.995
FHW13165	78.625 	 4.505 	 246.037
FHW13165	78.750 	 4.541 	 246.037
FHW13165	78.875 	 4.316 	 237.995
FHW13165	79.000 	 4.505 	 246.037
FHW13165	79.125 	 4.746 	 240.945
FHW13165	79.250 	 4.505 	 246.037
FHW13165	79.375 	 4.126 	 243.435
FHW13165	79.500 	 4.709 	 240.945
FHW13165	79.625 	 4.505 	 246.037
FHW13165	79.750 	 4.541 	 246.037
FHW13165	79.875 	 4.316 	 237.995
FHW13165	80.000 	 4.541 	 246.037
FHW13165	80.125 	 4.505 	 246.037
FHW13165	80.250 	 4.316 	 237.995
FHW13165	80.375 	 4.541 	 246.038
FHW13165	80.500 	 4.709 	 240.945
FHW13165	80.625 	 4.505 	 246.038
FHW13165	80.750 	 4.126 	 243.435
FHW13165	80.875 	 4.709 	 240.945
FHW13165	81.000 	 4.541 	 246.037
FHW13165	81.125 	 4.093 	 243.435
FHW13165	81.250 	 4.709 	 240.945
FHW13165	81.375 	 4.541 	 246.037
FHW13165	81.500 	 4.709 	 240.945
FHW13165	81.625 	 4.126 	 243.435
FHW13165	81.750 	 4.505 	 246.037
FHW13165	81.875 	 4.709 	 240.945
FHW13165	82.000 	 4.126 	 243.435
FHW13165	82.125 	 4.505 	 246.037
FHW13165	82.250 	 4.746 	 240.945
FHW13165	82.375 	 4.505 	 246.037
FHW13165	82.500 	 4.093 	 243.435
FHW13165	82.625 	 7.195 	 243.435
FHW13165	82.750 	 7.194 	 243.435
FHW13165	82.875 	 7.604 	 244.983
FHW13165	83.000 	 7.665 	 244.983
FHW13165	83.125 	 7.194 	 243.435
FHW13165	83.250 	 7.604 	 244.983
FHW13165	83.375 	 7.604 	 244.983
FHW13165	83.500 	 7.194 	 243.435
FHW13165	83.625 	 7.604 	 244.983
FHW13165	83.750 	 7.604 	 244.983
FHW13165	83.875 	 7.194 	 243.435
FHW13165	84.000 	 7.423 	 248.199
FHW13165	84.125 	 7.604 	 244.983
FHW13165	84.250 	 7.195 	 243.435
FHW13165	84.375 	 7.604 	 244.983
FHW13165	84.500 	 7.604 	 244.983
FHW13165	84.625 	 7.252 	 243.435
FHW13165	84.750 	 7.604 	 244.983
FHW13165	84.875 	 7.604 	 244.983
FHW13165	85.000 	 7.194 	 243.435
FHW13165	85.125 	 7.604 	 244.983
FHW13165	85.250 	 7.604 	 244.983
FHW13165	85.375 	 7.194 	 243.435
FHW13165	85.500 	 7.604 	 244.983
FHW13165	85.625 	 7.604 	 244.983
FHW13165	85.750 	 7.194 	 243.435
FHW13165	85.875 	 7.604 	 244.983
FHW13165	86.000 	 7.604 	 244.983
FHW13165	86.125 	 7.194 	 243.435
FHW13165	86.250 	 7.604 	 244.983
FHW13165	86.375 	 7.665 	 244.983
FHW13165	86.500 	 7.604 	 244.983
FHW13165	86.625 	 7.194 	 243.435
FHW13165	86.750 	 7.604 	 244.983
FHW13165	86.875 	 7.604 	 244.983
FHW13165	87.000 	 7.194 	 243.435
FHW13165	87.125 	 7.604 	 244.983
FHW13165	87.250 	 7.604 	 244.983
FHW13165	87.375 	 7.194 	 243.435
FHW13165	87.500 	 7.604 	 244.983
FHW13165	87.625 	 7.604 	 244.983
FHW13165	87.750 	 7.194 	 243.435
FHW13165	87.875 	 7.604 	 244.983
FHW13165	88.000 	 7.665 	 244.983
FHW13165	88.125 	 7.194 	 243.435
FHW13165	88.250 	 7.604 	 244.983
FHW13165	88.375 	 7.604 	 244.983
FHW13165	88.500 	 7.194 	 243.435
FHW13165	88.625 	 7.604 	 244.983
FHW13165	88.750 	 7.604 	 244.983
FHW13165	88.875 	 7.003 	 246.802
FHW13165	89.000 	 7.604 	 244.983
FHW13165	89.125 	 7.604 	 244.983
FHW13165	89.250 	 7.194 	 243.435
FHW13165	89.375 	 7.604 	 244.983
FHW13165	89.500 	 7.604 	 244.983
FHW13165	89.625 	 7.194 	 243.435
FHW13165	89.750 	 7.665 	 244.983
FHW13165	89.875 	 7.604 	 244.983
FHW13165	90.000 	 7.194 	 243.435
FHW13165	90.125 	 7.604 	 244.983
FHW13165	90.250 	 7.604 	 244.983
FHW13165	90.375 	 7.194 	 243.435
FHW13165	90.500 	 7.604 	 244.983
FHW13165	90.625 	 7.604 	 244.983
FHW13165	90.750 	 7.195 	 243.435
FHW13165	90.875 	 7.604 	 244.983
FHW13165	91.000 	 7.604 	 244.983
FHW13165	91.125 	 7.194 	 243.435
FHW13165	91.250 	 7.604 	 244.983
FHW13165	91.375 	 7.665 	 244.983
FHW13165	91.500 	 7.194 	 243.435
FHW13165	91.625 	 7.604 	 244.983
FHW13165	91.750 	 7.604 	 244.983
FHW13165	91.875 	 7.604 	 244.983
FHW13165	92.000 	 7.194 	 243.435
FHW13165	92.125 	 10.110 	 245.772
FHW13165	92.250 	 10.523 	 246.801
FHW13165	92.375 	 10.708 	 244.537
FHW13165	92.500 	 11.115 	 245.556
FHW13165	92.625 	 10.607 	 246.801
FHW13165	92.750 	 10.708 	 244.537
FHW13165	92.875 	 10.708 	 244.537
FHW13165	93.000 	 10.523 	 246.801
FHW13165	93.125 	 11.204 	 245.556
FHW13165	93.250 	 10.523 	 246.801
FHW13165	93.375 	 10.708 	 244.537
FHW13165	93.500 	 10.708 	 244.537
FHW13165	93.625 	 10.937 	 247.751
FHW13165	93.750 	 10.794 	 244.536
FHW13165	93.875 	 10.523 	 246.801
FHW13165	94.000 	 10.708 	 244.537
FHW13165	94.125 	 10.708 	 244.537
FHW13165	94.250 	 10.938 	 247.751
FHW13165	94.375 	 10.794 	 244.537
FHW13165	94.500 	 10.709 	 244.537
FHW13165	94.625 	 10.523 	 246.801
FHW13165	94.750 	 11.115 	 245.556
FHW13165	94.875 	 10.607 	 246.801
FHW13165	95.000 	 10.708 	 244.537
FHW13165	95.125 	 10.708 	 244.537
FHW13165	95.250 	 10.523 	 246.801
FHW13165	95.375 	 11.116 	 245.556
FHW13165	95.500 	 10.607 	 246.801
FHW13165	95.625 	 10.708 	 244.537
FHW13165	95.750 	 10.708 	 244.537
FHW13165	95.875 	 10.938 	 247.751
FHW13165	96.000 	 10.708 	 244.537
FHW13165	96.125 	 10.795 	 244.537
FHW13165	96.250 	 10.523 	 246.801
FHW13165	96.375 	 10.708 	 244.537
FHW13165	96.500 	 10.938 	 247.751
FHW13165	96.625 	 10.708 	 244.537
FHW13165	96.750 	 10.794 	 244.537
FHW13165	96.875 	 10.523 	 246.801
FHW13165	97.000 	 11.115 	 245.556
FHW13165	97.125 	 10.523 	 246.801
FHW13165	97.250 	 10.794 	 244.537
FHW13165	97.375 	 10.708 	 244.537
FHW13165	97.500 	 10.523 	 246.801
FHW13165	97.625 	 11.115 	 245.556
FHW13165	97.750 	 10.709 	 244.537
FHW13165	97.875 	 10.607 	 246.802
FHW13165	98.000 	 10.708 	 244.537
FHW13165	98.125 	 10.938 	 247.751
FHW13165	98.250 	 10.708 	 244.537
FHW13165	98.375 	 10.708 	 244.537
FHW13165	98.500 	 10.608 	 246.801
FHW13165	98.625 	 10.708 	 244.536
FHW13165	98.750 	 10.937 	 247.751
FHW13165	98.875 	 10.708 	 244.537
FHW13165	99.000 	 10.794 	 244.537
FHW13165	99.125 	 10.523 	 246.801
FHW13165	99.250 	 11.116 	 245.556
FHW13165	99.375 	 10.708 	 244.537
FHW13165	99.500 	 10.523 	 246.802
FHW13165	99.625 	 10.794 	 244.537
FHW13165	99.750 	 10.523 	 246.801
FHW13165	99.875 	 11.115 	 245.556
FHW13165	100.000 	 10.709 	 244.537
FHW13165	100.125 	 10.523 	 246.801
FHW13165	100.250 	 10.794 	 244.536
FHW13165	100.375 	 11.115 	 245.556
FHW13165	100.500 	 10.523 	 246.801
FHW13165	100.625 	 10.708 	 244.537
FHW13165	100.750 	 10.523 	 246.801
FHW13165	100.875 	 11.205 	 245.556
FHW13165	101.000 	 10.708 	 244.537
FHW13165	101.125 	 10.523 	 246.802
FHW13165	101.250 	 10.708 	 244.537
FHW13165	101.375 	 10.607 	 246.801
FHW13165	101.500 	 11.115 	 245.556
FHW13165	101.625 	 10.709 	 244.537
FHW13165	101.750 	 12.210 	 245.376
FHW13165	101.875 	 14.312 	 245.095
FHW13165	102.000 	 14.716 	 245.854
FHW13165	102.125 	 14.313 	 245.095
FHW13165	102.250 	 14.131 	 246.801
FHW13165	102.375 	 14.716 	 245.854
FHW13165	102.500 	 14.313 	 245.095
FHW13165	102.625 	 14.312 	 245.095
FHW13165	102.750 	 14.716 	 245.854
FHW13165	102.875 	 14.312 	 245.095
FHW13165	103.000 	 14.313 	 245.095
FHW13165	103.125 	 14.716 	 245.854
FHW13165	103.250 	 14.312 	 245.095
FHW13165	103.375 	 14.200 	 245.095
FHW13165	103.500 	 14.717 	 245.854
FHW13165	103.625 	 14.312 	 245.095
FHW13165	103.750 	 14.312 	 245.095
FHW13165	103.875 	 14.717 	 245.854
FHW13165	104.000 	 14.312 	 245.095
FHW13165	104.125 	 14.312 	 245.095
FHW13165	104.250 	 14.716 	 245.854
FHW13165	104.375 	 14.313 	 245.095
FHW13165	104.500 	 14.312 	 245.095
FHW13165	104.625 	 14.716 	 245.854
FHW13165	104.750 	 14.313 	 245.095
FHW13165	104.875 	 14.312 	 245.095
FHW13165	105.000 	 14.716 	 245.855
FHW13165	105.125 	 14.313 	 245.095
FHW13165	105.250 	 14.312 	 245.095
FHW13165	105.375 	 14.312 	 245.095
FHW13165	105.500 	 14.540 	 247.520
FHW13165	105.625 	 14.313 	 245.095
FHW13165	105.750 	 14.312 	 245.095
FHW13165	105.875 	 14.716 	 245.854
FHW13165	106.000 	 14.313 	 245.095
FHW13165	106.125 	 14.312 	 245.095
FHW13165	106.250 	 14.716 	 245.854
FHW13165	106.375 	 14.312 	 245.096
FHW13165	106.500 	 14.313 	 245.095
FHW13165	106.625 	 14.716 	 245.855
FHW13165	106.750 	 14.312 	 245.095
FHW13165	106.875 	 14.313 	 245.095
FHW13165	107.000 	 14.716 	 245.855
FHW13165	107.125 	 14.200 	 245.095
FHW13165	107.250 	 14.312 	 245.095
FHW13165	107.375 	 14.717 	 245.855
FHW13165	107.500 	 14.312 	 245.095
FHW13165	107.625 	 14.312 	 245.095
FHW13165	107.750 	 14.716 	 245.855
FHW13165	107.875 	 14.313 	 245.095
FHW13165	108.000 	 14.312 	 245.095
FHW13165	108.125 	 14.716 	 245.855
FHW13165	108.250 	 14.313 	 245.095
FHW13165	108.375 	 14.312 	 245.095
FHW13165	108.500 	 14.716 	 245.854
FHW13165	108.625 	 14.313 	 245.095
FHW13165	108.750 	 14.131 	 246.802
FHW13165	108.875 	 14.716 	 245.854
FHW13165	109.000 	 14.312 	 245.095
FHW13165	109.125 	 14.313 	 245.095
FHW13165	109.250 	 14.716 	 245.854
FHW13165	109.375 	 14.312 	 245.095
FHW13165	109.500 	 14.313 	 245.095
FHW13165	109.625 	 14.716 	 245.854
FHW13165	109.750 	 14.312 	 245.095
FHW13165	109.875 	 14.312 	 245.095
FHW13165	110.000 	 14.717 	 245.854
FHW13165	110.125 	 14.312 	 245.095
FHW13165	110.250 	 14.312 	 245.095
FHW13165	110.375 	 14.717 	 245.854
FHW13165	110.500 	 14.312 	 245.095
FHW13165	110.625 	 14.312 	 245.095
FHW13165	110.750 	 14.716 	 245.855
FHW13165	110.875 	 14.313 	 245.095
FHW13165	111.000 	 14.200 	 245.095
FHW13165	111.125 	 14.716 	 245.855
FHW13165	111.250 	 14.312 	 245.095
FHW13165	111.375 	 16.765 	 247.011
FHW13165	111.500 	 18.317 	 246.038
FHW13165	111.625 	 17.921 	 245.433
FHW13165	111.750 	 18.461 	 246.037
FHW13165	111.875 	 18.318 	 246.038
FHW13165	112.000 	 18.317 	 246.037
FHW13165	112.125 	 18.064 	 245.433
FHW13165	112.250 	 18.317 	 246.037
FHW13165	112.375 	 18.318 	 246.038
FHW13165	112.500 	 18.289 	 247.380
FHW13165	112.625 	 18.317 	 246.038
FHW13165	112.750 	 17.921 	 245.433
FHW13165	112.875 	 18.461 	 246.037
FHW13165	113.000 	 18.318 	 246.038
FHW13165	113.125 	 18.317 	 246.037
FHW13165	113.250 	 18.064 	 245.433
FHW13165	113.375 	 18.317 	 246.037
FHW13165	113.500 	 18.318 	 246.038
FHW13165	113.625 	 18.145 	 247.380
FHW13165	113.750 	 18.463 	 246.038
FHW13165	113.875 	 17.920 	 245.433
FHW13165	114.000 	 18.317 	 246.037
FHW13165	114.125 	 18.463 	 246.038
FHW13165	114.250 	 18.317 	 246.037
FHW13165	114.375 	 17.922 	 245.433
FHW13165	114.500 	 18.461 	 246.037
FHW13165	114.625 	 18.318 	 246.038
FHW13165	114.750 	 18.317 	 246.037
FHW13165	114.875 	 18.290 	 247.380
FHW13165	115.000 	 17.921 	 245.433
FHW13165	115.125 	 18.318 	 246.037
FHW13165	115.250 	 18.462 	 246.038
FHW13165	115.375 	 18.317 	 246.037
FHW13165	115.500 	 17.922 	 245.433
FHW13165	115.625 	 18.317 	 246.037
FHW13165	115.750 	 18.463 	 246.037
FHW13165	115.875 	 18.317 	 246.038
FHW13165	116.000 	 18.146 	 247.380
FHW13165	116.125 	 18.062 	 245.433
FHW13165	116.250 	 18.318 	 246.037
FHW13165	116.375 	 18.317 	 246.038
FHW13165	116.500 	 18.463 	 246.037
FHW13165	116.625 	 17.920 	 245.433
FHW13165	116.750 	 18.317 	 246.038
FHW13165	116.875 	 18.463 	 246.037
FHW13165	117.000 	 18.317 	 246.038
FHW13165	117.125 	 18.146 	 247.380
FHW13165	117.250 	 18.062 	 245.433
FHW13165	117.375 	 18.318 	 246.038
FHW13165	117.500 	 18.317 	 246.038
FHW13165	117.625 	 18.463 	 246.037
FHW13165	117.750 	 17.920 	 245.433
FHW13165	117.875 	 18.318 	 246.038
FHW13165	118.000 	 18.317 	 246.037
FHW13165	118.125 	 18.462 	 246.038
FHW13165	118.250 	 18.146 	 247.380
FHW13165	118.375 	 17.921 	 245.433
FHW13165	118.500 	 18.463 	 246.037
FHW13165	118.625 	 18.317 	 246.038
FHW13165	118.750 	 18.318 	 246.037
FHW13165	118.875 	 18.062 	 245.433
FHW13165	119.000 	 18.318 	 246.038
FHW13165	119.125 	 18.317 	 246.038
FHW13165	119.250 	 18.462 	 246.037
FHW13165	119.375 	 18.145 	 247.380
FHW13165	119.500 	 17.920 	 245.433
FHW13165	119.625 	 18.463 	 246.038
FHW13165	119.750 	 18.317 	 246.038
FHW13165	119.875 	 18.318 	 246.037
FHW13165	120.000 	 17.921 	 245.433
FHW13165	120.125 	 18.462 	 246.037
FHW13165	120.250 	 18.317 	 246.038
FHW13165	120.375 	 18.318 	 246.038
FHW13165	120.500 	 18.462 	 246.038
FHW13165	120.625 	 17.745 	 246.801
FHW13165	120.750 	 19.432 	 245.898
FHW13165	120.875 	 21.893 	 247.285
FHW13165	121.000 	 22.060 	 246.162
FHW13165	121.125 	 21.894 	 247.286
FHW13165	121.250 	 22.066 	 247.286
FHW13165	121.375 	 22.448 	 246.644
FHW13165	121.500 	 21.894 	 247.286
FHW13165	121.625 	 21.894 	 247.286
FHW13165	121.750 	 22.060 	 246.161
FHW13165	121.875 	 21.894 	 247.286
FHW13165	122.000 	 22.066 	 247.286
FHW13165	122.125 	 22.060 	 246.161
FHW13165	122.250 	 22.285 	 247.751
FHW13165	122.375 	 22.062 	 246.161
FHW13165	122.500 	 21.892 	 247.286
FHW13165	122.625 	 21.893 	 247.286
FHW13165	122.750 	 22.062 	 246.161
FHW13165	122.875 	 22.064 	 247.286
FHW13165	123.000 	 21.894 	 247.286
FHW13165	123.125 	 22.449 	 246.644
FHW13165	123.250 	 21.892 	 247.286
FHW13165	123.375 	 21.893 	 247.285
FHW13165	123.500 	 22.062 	 246.161
FHW13165	123.625 	 21.892 	 247.286
FHW13165	123.750 	 22.066 	 247.286
FHW13165	123.875 	 22.062 	 246.161
FHW13165	124.000 	 22.284 	 247.751
FHW13165	124.125 	 22.062 	 246.161
FHW13165	124.250 	 21.892 	 247.285
FHW13165	124.375 	 21.894 	 247.286
FHW13165	124.500 	 22.235 	 246.161
FHW13165	124.625 	 21.892 	 247.286
FHW13165	124.750 	 22.285 	 247.751
FHW13165	124.875 	 22.062 	 246.161
FHW13165	125.000 	 21.892 	 247.286
FHW13165	125.125 	 21.893 	 247.285
FHW13165	125.250 	 22.062 	 246.161
FHW13165	125.375 	 22.064 	 247.286
FHW13165	125.500 	 22.062 	 246.161
FHW13165	125.625 	 22.285 	 247.751
FHW13165	125.750 	 21.892 	 247.286
FHW13165	125.875 	 22.062 	 246.161
FHW13165	126.000 	 21.893 	 247.285
FHW13165	126.125 	 21.892 	 247.286
FHW13165	126.250 	 22.235 	 246.162
FHW13165	126.375 	 21.894 	 247.286
FHW13165	126.500 	 22.284 	 247.751
FHW13165	126.625 	 22.062 	 246.161
FHW13165	126.750 	 21.894 	 247.286
FHW13165	126.875 	 21.892 	 247.286
FHW13165	127.000 	 22.235 	 246.161
FHW13165	127.125 	 21.894 	 247.286
FHW13165	127.250 	 22.060 	 246.161
FHW13165	127.375 	 22.285 	 247.751
FHW13165	127.500 	 21.894 	 247.286
FHW13165	127.625 	 22.060 	 246.161
FHW13165	127.750 	 21.894 	 247.286
FHW13165	127.875 	 22.066 	 247.286
FHW13165	128.000 	 22.060 	 246.162
FHW13165	128.125 	 21.894 	 247.286
FHW13165	128.250 	 22.285 	 247.751
FHW13165	128.375 	 22.060 	 246.161
FHW13165	128.500 	 21.893 	 247.285
FHW13165	128.625 	 21.894 	 247.286
FHW13165	128.750 	 22.233 	 246.161
FHW13165	128.875 	 21.894 	 247.286
FHW13165	129.000 	 22.062 	 246.161
FHW13165	129.125 	 22.284 	 247.751
FHW13165	129.250 	 21.894 	 247.286
FHW13165	129.375 	 22.060 	 246.161
FHW13165	129.500 	 22.066 	 247.286
FHW13165	129.625 	 21.894 	 247.286
FHW13165	129.750 	 22.062 	 246.161
FHW13165	129.875 	 21.893 	 247.286
FHW13165	130.000 	 22.283 	 247.751
FHW13165	130.125 	 22.626 	 246.644
FHW13165	130.250 	 25.255 	 246.801
FHW13165	130.375 	 25.639 	 247.218
FHW13165	130.500 	 25.255 	 246.801
FHW13165	130.625 	 25.837 	 247.217
FHW13165	130.750 	 25.480 	 248.199
FHW13165	130.875 	 25.258 	 246.801
FHW13165	131.000 	 25.636 	 247.218
FHW13165	131.125 	 25.639 	 247.218
FHW13165	131.250 	 25.454 	 246.801
FHW13165	131.375 	 25.636 	 247.217
FHW13165	131.500 	 25.639 	 247.218
FHW13165	131.625 	 25.255 	 246.801
FHW13165	131.750 	 25.679 	 248.199
FHW13165	131.875 	 25.636 	 247.217
FHW13165	132.000 	 25.259 	 246.802
FHW13165	132.125 	 25.636 	 247.217
FHW13165	132.250 	 25.639 	 247.218
FHW13165	132.375 	 25.454 	 246.802
FHW13165	132.500 	 25.636 	 247.217
FHW13165	132.625 	 25.639 	 247.218
FHW13165	132.750 	 25.095 	 247.796
FHW13165	132.875 	 25.837 	 247.217
FHW13165	133.000 	 25.636 	 247.218
FHW13165	133.125 	 25.258 	 246.801
FHW13165	133.250 	 25.636 	 247.218
FHW13165	133.375 	 25.639 	 247.218
FHW13165	133.500 	 25.454 	 246.801
FHW13165	133.625 	 25.636 	 247.218
FHW13165	133.750 	 25.480 	 248.199
FHW13165	133.875 	 25.258 	 246.801
FHW13165	134.000 	 25.837 	 247.218
FHW13165	134.125 	 25.636 	 247.217
FHW13165	134.250 	 25.259 	 246.801
FHW13165	134.375 	 25.636 	 247.217
FHW13165	134.500 	 25.259 	 246.802
FHW13165	134.625 	 25.836 	 247.217
FHW13165	134.750 	 25.480 	 248.199
FHW13165	134.875 	 25.255 	 246.801
FHW13165	135.000 	 25.639 	 247.217
FHW13165	135.125 	 25.837 	 247.218
FHW13165	135.250 	 25.255 	 246.801
FHW13165	135.375 	 25.639 	 247.218
FHW13165	135.500 	 25.636 	 247.218
FHW13165	135.625 	 25.258 	 246.801
FHW13165	135.750 	 25.679 	 248.199
FHW13165	135.875 	 25.636 	 247.218
FHW13165	136.000 	 25.255 	 246.801
FHW13165	136.125 	 25.639 	 247.218
FHW13165	136.250 	 25.636 	 247.218
FHW13165	136.375 	 25.454 	 246.801
FHW13165	136.500 	 25.639 	 247.218
FHW13165	136.625 	 25.636 	 247.217
FHW13165	136.750 	 25.098 	 247.797
FHW13165	136.875 	 25.836 	 247.217
FHW13165	137.000 	 25.636 	 247.218
FHW13165	137.125 	 25.255 	 246.801
FHW13165	137.250 	 25.639 	 247.218
FHW13165	137.375 	 25.636 	 247.218
FHW13165	137.500 	 25.454 	 246.801
FHW13165	137.625 	 25.483 	 248.199
FHW13165	137.750 	 25.636 	 247.218
FHW13165	137.875 	 25.258 	 246.801
FHW13165	138.000 	 25.834 	 247.218
FHW13165	138.125 	 25.639 	 247.218
FHW13165	138.250 	 25.255 	 246.801
FHW13165	138.375 	 25.639 	 247.218
FHW13165	138.500 	 25.636 	 247.217
FHW13165	138.625 	 25.293 	 247.797
FHW13165	138.750 	 25.639 	 247.218
FHW13165	138.875 	 25.255 	 246.801
FHW13165	139.000 	 25.636 	 247.218
FHW13165	139.125 	 25.836 	 247.217
FHW13165	139.250 	 25.259 	 246.801
FHW13165	139.375 	 25.636 	 247.217
FHW13165	139.500 	 28.083 	 246.930
FHW13165	139.625 	 28.614 	 246.425
FHW13165	139.750 	 29.205 	 246.801
FHW13165	139.875 	 29.000 	 245.557
FHW13165	140.000 	 28.981 	 246.801
FHW13165	140.125 	 28.833 	 246.425
FHW13165	140.250 	 29.205 	 246.802
FHW13165	140.375 	 28.777 	 245.556
FHW13165	140.500 	 29.201 	 246.801
FHW13165	140.625 	 28.836 	 246.426
FHW13165	140.750 	 28.613 	 246.425
FHW13165	140.875 	 29.365 	 245.942
FHW13165	141.000 	 28.614 	 246.426
FHW13165	141.125 	 29.201 	 246.801
FHW13165	141.250 	 28.836 	 246.425
FHW13165	141.375 	 28.981 	 246.802
FHW13165	141.500 	 28.996 	 245.556
FHW13165	141.625 	 29.205 	 246.801
FHW13165	141.750 	 28.614 	 246.425
FHW13165	141.875 	 29.205 	 246.802
FHW13165	142.000 	 28.996 	 245.556
FHW13165	142.125 	 28.614 	 246.425
FHW13165	142.250 	 29.205 	 246.802
FHW13165	142.375 	 28.833 	 246.425
FHW13165	142.500 	 28.981 	 246.801
FHW13165	142.625 	 29.000 	 245.557
FHW13165	142.750 	 29.201 	 246.801
FHW13165	142.875 	 28.617 	 246.425
FHW13165	143.000 	 29.201 	 246.802
FHW13165	143.125 	 28.777 	 245.556
FHW13165	143.250 	 29.205 	 246.801
FHW13165	143.375 	 28.832 	 246.426
FHW13165	143.500 	 28.614 	 246.425
FHW13165	143.625 	 29.205 	 246.801
FHW13165	143.750 	 28.996 	 245.557
FHW13165	143.875 	 28.984 	 246.801
FHW13165	144.000 	 28.833 	 246.425
FHW13165	144.125 	 29.205 	 246.802
FHW13165	144.250 	 28.777 	 245.556
FHW13165	144.375 	 29.201 	 246.801
FHW13165	144.500 	 28.836 	 246.425
FHW13165	144.625 	 28.613 	 246.425
FHW13165	144.750 	 29.361 	 245.942
FHW13165	144.875 	 28.836 	 246.425
FHW13165	145.000 	 28.981 	 246.802
FHW13165	145.125 	 28.836 	 246.425
FHW13165	145.250 	 28.981 	 246.801
FHW13165	145.375 	 28.996 	 245.557
FHW13165	145.500 	 29.205 	 246.801
FHW13165	145.625 	 28.614 	 246.426
FHW13165	145.750 	 29.201 	 246.801
FHW13165	145.875 	 29.000 	 245.556
FHW13165	146.000 	 28.614 	 246.426
FHW13165	146.125 	 29.205 	 246.801
FHW13165	146.250 	 28.833 	 246.425
FHW13165	146.375 	 28.981 	 246.801
FHW13165	146.500 	 29.000 	 245.557
FHW13165	146.625 	 29.201 	 246.801
FHW13165	146.750 	 28.614 	 246.425
FHW13165	146.875 	 29.205 	 246.801
FHW13165	147.000 	 29.000 	 245.557
FHW13165	147.125 	 28.981 	 246.801
FHW13165	147.250 	 28.833 	 246.425
FHW13165	147.375 	 28.836 	 246.425
FHW13165	147.500 	 29.140 	 245.943
FHW13165	147.625 	 28.833 	 246.425
FHW13165	147.750 	 28.981 	 246.801
FHW13165	147.875 	 28.836 	 246.426
FHW13165	148.000 	 29.205 	 246.801
FHW13165	148.125 	 28.777 	 245.556
FHW13165	148.250 	 29.201 	 246.801
FHW13165	148.375 	 28.836 	 246.426
FHW13165	148.500 	 28.981 	 246.801
FHW13165	148.625 	 28.996 	 245.556
FHW13165	148.750 	 28.835 	 246.425
FHW13165	148.875 	 31.073 	 246.218
FHW13165	149.000 	 32.342 	 245.344
FHW13165	149.125 	 32.589 	 245.344
FHW13165	149.250 	 32.341 	 245.344
FHW13165	149.375 	 32.586 	 245.344
FHW13165	149.500 	 32.940 	 245.696
FHW13165	149.625 	 32.341 	 245.344
FHW13165	149.750 	 32.589 	 245.344
FHW13165	149.875 	 32.341 	 245.344
FHW13165	150.000 	 32.589 	 245.344
FHW13165	150.125 	 32.589 	 245.344
FHW13165	150.250 	 32.342 	 245.344
FHW13165	150.375 	 32.589 	 245.344
FHW13165	150.500 	 32.342 	 245.344
FHW13165	150.625 	 32.589 	 245.344
FHW13165	150.750 	 32.585 	 245.344
FHW13165	150.875 	 32.342 	 245.344
FHW13165	151.000 	 32.429 	 246.124
FHW13165	151.125 	 32.342 	 245.344
FHW13165	151.250 	 32.589 	 245.344
FHW13165	151.375 	 32.342 	 245.344
FHW13165	151.500 	 32.589 	 245.344
FHW13165	151.625 	 32.589 	 245.343
FHW13165	151.750 	 32.691 	 245.696
FHW13165	151.875 	 32.589 	 245.344
FHW13165	152.000 	 32.341 	 245.344
FHW13165	152.125 	 32.586 	 245.344
FHW13165	152.250 	 32.589 	 245.344
FHW13165	152.375 	 32.342 	 245.344
FHW13165	152.500 	 32.589 	 245.343
FHW13165	152.625 	 32.342 	 245.344
FHW13165	152.750 	 32.589 	 245.344
FHW13165	152.875 	 32.589 	 245.344
FHW13165	153.000 	 32.342 	 245.344
FHW13165	153.125 	 32.589 	 245.344
FHW13165	153.250 	 32.342 	 245.344
FHW13165	153.375 	 32.589 	 245.344
FHW13165	153.500 	 32.586 	 245.344
FHW13165	153.625 	 32.183 	 246.125
FHW13165	153.750 	 32.589 	 245.344
FHW13165	153.875 	 32.691 	 245.696
FHW13165	154.000 	 32.589 	 245.344
FHW13165	154.125 	 32.589 	 245.343
FHW13165	154.250 	 32.342 	 245.344
FHW13165	154.375 	 32.589 	 245.344
FHW13165	154.500 	 32.342 	 245.344
FHW13165	154.625 	 32.589 	 245.344
FHW13165	154.750 	 32.586 	 245.344
FHW13165	154.875 	 32.345 	 245.344
FHW13165	155.000 	 32.585 	 245.344
FHW13165	155.125 	 32.342 	 245.344
FHW13165	155.250 	 32.589 	 245.344
FHW13165	155.375 	 32.342 	 245.344
FHW13165	155.500 	 32.589 	 245.344
FHW13165	155.625 	 32.589 	 245.344
FHW13165	155.750 	 32.341 	 245.344
FHW13165	155.875 	 32.589 	 245.344
FHW13165	156.000 	 32.342 	 245.344
FHW13165	156.125 	 32.940 	 245.695
FHW13165	156.250 	 32.586 	 245.344
FHW13165	156.375 	 32.183 	 246.125
FHW13165	156.500 	 32.589 	 245.344
FHW13165	156.625 	 32.342 	 245.344
FHW13165	156.750 	 32.589 	 245.344
FHW13165	156.875 	 32.589 	 245.344
FHW13165	157.000 	 32.341 	 245.344
FHW13165	157.125 	 32.589 	 245.344
FHW13165	157.250 	 32.342 	 245.344
FHW13165	157.375 	 32.589 	 245.344
FHW13165	157.500 	 32.586 	 245.344
FHW13165	157.625 	 32.345 	 245.343
FHW13165	157.750 	 32.586 	 245.344
FHW13165	157.875 	 32.341 	 245.344
FHW13165	158.000 	 32.589 	 245.344
FHW13165	158.125 	 33.289 	 246.038
FHW13165	158.250 	 36.592 	 244.470
FHW13165	158.375 	 36.165 	 245.172
FHW13165	158.500 	 36.165 	 245.170
FHW13165	158.625 	 36.165 	 245.170
FHW13165	158.750 	 36.435 	 245.171
FHW13165	158.875 	 36.165 	 245.170
FHW13165	159.000 	 36.165 	 245.170
FHW13165	159.125 	 36.165 	 245.171
FHW13165	159.250 	 36.165 	 245.171
FHW13165	159.375 	 36.434 	 245.170
FHW13165	159.500 	 36.165 	 245.170
FHW13165	159.625 	 36.165 	 245.171
FHW13165	159.750 	 36.165 	 245.170
FHW13165	159.875 	 36.770 	 245.493
FHW13165	160.000 	 36.165 	 245.170
FHW13165	160.125 	 36.165 	 245.171
FHW13165	160.250 	 36.165 	 245.170
FHW13165	160.375 	 36.322 	 244.470
FHW13165	160.500 	 36.434 	 245.170
FHW13165	160.625 	 36.165 	 245.171
FHW13165	160.750 	 36.165 	 245.171
FHW13165	160.875 	 36.165 	 245.170
FHW13165	161.000 	 36.434 	 245.170
FHW13165	161.125 	 36.165 	 245.171
FHW13165	161.250 	 36.165 	 245.170
FHW13165	161.375 	 36.165 	 245.170
FHW13165	161.500 	 36.160 	 245.171
FHW13165	161.625 	 36.439 	 245.171
FHW13165	161.750 	 36.165 	 245.170
FHW13165	161.875 	 36.500 	 245.493
FHW13165	162.000 	 36.161 	 245.170
FHW13165	162.125 	 36.439 	 245.170
FHW13165	162.250 	 36.165 	 245.170
FHW13165	162.375 	 36.165 	 245.172
FHW13165	162.500 	 36.318 	 244.470
FHW13165	162.625 	 36.165 	 245.170
FHW13165	162.750 	 36.439 	 245.171
FHW13165	162.875 	 36.165 	 245.171
FHW13165	163.000 	 36.161 	 245.170
FHW13165	163.125 	 36.165 	 245.171
FHW13165	163.250 	 36.439 	 245.170
FHW13165	163.375 	 36.165 	 245.170
FHW13165	163.500 	 36.161 	 245.170
FHW13165	163.625 	 36.165 	 245.171
FHW13165	163.750 	 36.499 	 245.493
FHW13165	163.875 	 36.439 	 245.171
FHW13165	164.000 	 36.161 	 245.170
FHW13165	164.125 	 36.165 	 245.170
FHW13165	164.250 	 36.165 	 245.171
FHW13165	164.375 	 36.165 	 245.170
FHW13165	164.500 	 36.434 	 245.171
FHW13165	164.625 	 36.322 	 244.470
FHW13165	164.750 	 36.165 	 245.171
FHW13165	164.875 	 36.165 	 245.170
FHW13165	165.000 	 36.434 	 245.171
FHW13165	165.125 	 36.165 	 245.171
FHW13165	165.250 	 36.165 	 245.170
FHW13165	165.375 	 36.165 	 245.170
FHW13165	165.500 	 36.165 	 245.170
FHW13165	165.625 	 36.770 	 245.493
FHW13165	165.750 	 36.165 	 245.170
FHW13165	165.875 	 36.165 	 245.172
FHW13165	166.000 	 36.165 	 245.170
FHW13165	166.125 	 36.434 	 245.170
FHW13165	166.250 	 36.165 	 245.171
FHW13165	166.375 	 36.165 	 245.170
FHW13165	166.500 	 36.165 	 245.170
FHW13165	166.625 	 36.165 	 245.170
FHW13165	166.750 	 36.592 	 244.471
FHW13165	166.875 	 36.165 	 245.170
FHW13165	167.000 	 36.165 	 245.170
FHW13165	167.125 	 36.165 	 245.171
FHW13165	167.250 	 36.434 	 245.171
FHW13165	167.375 	 36.165 	 245.170
FHW13165	167.500 	 36.770 	 245.493
FHW13165	167.625 	 38.947 	 245.377
FHW13165	167.750 	 38.909 	 245.071
FHW13165	167.875 	 39.086 	 246.037
FHW13165	168.000 	 38.909 	 245.071
FHW13165	168.125 	 39.232 	 245.377
FHW13165	168.250 	 39.232 	 245.377
FHW13165	168.375 	 38.909 	 245.071
FHW13165	168.500 	 39.086 	 246.038
FHW13165	168.625 	 38.909 	 245.071
FHW13165	168.750 	 39.232 	 245.377
FHW13165	168.875 	 38.620 	 245.071
FHW13165	169.000 	 39.086 	 246.037
FHW13165	169.125 	 38.909 	 245.072
FHW13165	169.250 	 39.232 	 245.376
FHW13165	169.375 	 39.232 	 245.377
FHW13165	169.500 	 38.760 	 245.739
FHW13165	169.625 	 39.232 	 245.376
FHW13165	169.750 	 38.909 	 245.072
FHW13165	169.875 	 39.232 	 245.376
FHW13165	170.000 	 38.476 	 245.739
FHW13165	170.125 	 39.232 	 245.377
FHW13165	170.250 	 39.232 	 245.376
FHW13165	170.375 	 38.909 	 245.072
FHW13165	170.500 	 39.086 	 246.037
FHW13165	170.625 	 38.909 	 245.071
FHW13165	170.750 	 39.232 	 245.377
FHW13165	170.875 	 38.909 	 245.071
FHW13165	171.000 	 39.232 	 245.377
FHW13165	171.125 	 40.778 	 246.251
FHW13165	171.250 	 41.221 	 245.613
FHW13165	171.375 	 41.217 	 245.614
FHW13165	171.500 	 41.080 	 246.250
FHW13165	171.625 	 41.217 	 245.614
FHW13165	171.750 	 41.221 	 245.614
FHW13165	171.875 	 40.778 	 246.250
FHW13165	172.000 	 41.221 	 245.614
FHW13165	172.125 	 41.216 	 245.614
FHW13165	172.250 	 41.080 	 246.251
FHW13165	172.375 	 41.221 	 245.614
FHW13165	172.500 	 41.216 	 245.613
FHW13165	172.625 	 40.604 	 245.324
FHW13165	172.750 	 41.080 	 246.251
FHW13165	172.875 	 41.220 	 245.613
FHW13165	173.000 	 41.217 	 245.614
FHW13165	173.125 	 41.080 	 246.251
FHW13165	173.250 	 41.217 	 245.614
FHW13165	173.375 	 40.919 	 245.614
FHW13165	173.500 	 41.079 	 246.250
FHW13165	173.625 	 41.221 	 245.614
FHW13165	173.750 	 41.217 	 245.614
FHW13165	173.875 	 41.080 	 246.251
FHW13165	174.000 	 41.221 	 245.614
FHW13165	174.125 	 40.918 	 245.613
FHW13165	174.250 	 41.217 	 245.614
FHW13165	174.375 	 41.080 	 246.251
FHW13165	174.500 	 41.221 	 245.614
FHW13165	174.625 	 41.217 	 245.614
FHW13165	174.750 	 41.079 	 246.250
FHW13165	174.875 	 41.217 	 245.614
FHW13165	175.000 	 40.919 	 245.614
FHW13165	175.125 	 41.080 	 246.251
FHW13165	175.250 	 41.221 	 245.614
FHW13165	175.375 	 41.216 	 245.613
FHW13165	175.500 	 41.080 	 246.251
FHW13165	175.625 	 41.221 	 245.614
FHW13165	175.750 	 40.919 	 245.614
FHW13165	175.875 	 41.217 	 245.614
FHW13165	176.000 	 41.079 	 246.250
FHW13165	176.125 	 41.217 	 245.614
FHW13165	176.250 	 41.221 	 245.614
FHW13165	176.375 	 40.762 	 245.966
FHW13165	176.500 	 40.918 	 245.613
FHW13165	176.625 	 41.217 	 245.614
FHW13165	176.750 	 41.080 	 246.251
FHW13165	176.875 	 43.834 	 246.105
FHW13165	177.000 	 44.269 	 245.773
FHW13165	177.125 	 43.829 	 246.105
FHW13165	177.250 	 43.835 	 246.106
FHW13165	177.375 	 44.135 	 246.370
FHW13165	177.500 	 43.835 	 246.106
FHW13165	177.625 	 44.130 	 246.370
FHW13165	177.750 	 43.969 	 245.501
FHW13165	177.875 	 43.835 	 246.106
FHW13165	178.000 	 44.135 	 246.370
FHW13165	178.125 	 44.152 	 246.106
FHW13165	178.250 	 43.834 	 246.105
FHW13165	178.375 	 44.131 	 246.371
FHW13165	178.500 	 43.969 	 245.500
FHW13165	178.625 	 43.834 	 246.105
FHW13165	178.750 	 44.136 	 246.371
FHW13165	178.875 	 43.829 	 246.105
FHW13165	179.000 	 44.136 	 246.371
FHW13165	179.125 	 43.834 	 246.105
FHW13165	179.250 	 43.970 	 245.502
FHW13165	179.375 	 44.130 	 246.370
FHW13165	179.500 	 43.834 	 246.103
FHW13165	179.625 	 43.835 	 246.106
FHW13165	179.750 	 44.452 	 246.370
FHW13165	179.875 	 43.835 	 246.106
FHW13165	180.000 	 43.969 	 245.501
FHW13165	180.125 	 44.136 	 246.371
FHW13165	180.250 	 43.829 	 246.105
FHW13165	180.375 	 44.135 	 246.370
FHW13165	180.500 	 43.835 	 246.106
FHW13165	180.625 	 43.834 	 246.103
FHW13165	180.750 	 44.264 	 245.773
FHW13165	180.875 	 43.834 	 246.105
FHW13165	181.000 	 43.834 	 246.105
FHW13165	181.125 	 44.136 	 246.371
FHW13165	181.250 	 44.151 	 246.105
FHW13165	181.375 	 43.835 	 246.106
FHW13165	181.500 	 44.263 	 245.771
FHW13165	181.625 	 43.835 	 246.106
FHW13165	181.750 	 44.135 	 246.370
FHW13165	181.875 	 43.835 	 246.106
FHW13165	182.000 	 43.834 	 246.105
FHW13165	182.125 	 44.130 	 246.370
FHW13165	182.250 	 43.970 	 245.502
FHW13165	182.375 	 43.834 	 246.105
FHW13165	182.500 	 44.136 	 246.370
FHW13165	182.625 	 43.829 	 246.105
FHW13165	182.750 	 43.834 	 246.105
FHW13165	182.875 	 44.454 	 246.371
FHW13165	183.000 	 43.969 	 245.501
FHW13165	183.125 	 44.136 	 246.371
FHW13165	183.250 	 43.834 	 246.105
FHW13165	183.375 	 43.830 	 246.106
FHW13165	183.500 	 44.135 	 246.369
FHW13165	183.625 	 43.970 	 245.502
FHW13165	183.750 	 43.834 	 246.105
FHW13165	183.875 	 44.130 	 246.370
FHW13165	184.000 	 43.835 	 246.106
FHW13165	184.125 	 43.834 	 246.105
FHW13165	184.250 	 44.136 	 246.371
FHW13165	184.375 	 43.964 	 245.500
FHW13165	184.500 	 44.156 	 246.105
FHW13165	184.625 	 44.136 	 246.371
FHW13165	184.750 	 43.829 	 246.105
FHW13165	184.875 	 44.136 	 246.371
FHW13165	185.000 	 43.834 	 246.105
FHW13165	185.125 	 43.970 	 245.502
FHW13165	185.250 	 44.130 	 246.370
FHW13165	185.375 	 43.835 	 246.104
FHW13165	185.500 	 43.834 	 246.105
FHW13165	185.625 	 44.135 	 246.370
FHW13165	185.750 	 43.830 	 246.106
FHW13165	185.875 	 43.969 	 245.501
FHW13165	186.000 	 44.136 	 246.371
FHW13165	186.125 	 45.208 	 246.036
FHW13165	186.250 	 46.422 	 245.136
FHW13165	186.375 	 46.910 	 245.974
FHW13165	186.500 	 46.708 	 245.400
FHW13165	186.625 	 46.422 	 245.136
FHW13165	186.750 	 46.579 	 245.973
FHW13165	186.875 	 46.708 	 245.400
FHW13165	187.000 	 46.422 	 245.136
FHW13165	187.125 	 46.579 	 245.974
FHW13165	187.250 	 46.416 	 245.135
FHW13165	187.375 	 47.045 	 245.400
FHW13165	187.500 	 46.579 	 245.973
FHW13165	187.625 	 46.422 	 245.136
FHW13165	187.750 	 46.708 	 245.400
FHW13165	187.875 	 46.574 	 245.974
FHW13165	188.000 	 46.422 	 245.136
FHW13165	188.125 	 46.708 	 245.400
FHW13165	188.250 	 46.916 	 245.973
FHW13165	188.375 	 46.421 	 245.135
FHW13165	188.500 	 46.708 	 245.400
FHW13165	188.625 	 46.574 	 245.974
FHW13165	188.750 	 46.422 	 245.136
FHW13165	188.875 	 46.708 	 245.400
FHW13165	189.000 	 46.290 	 245.714
FHW13165	189.125 	 46.708 	 245.400
FHW13165	189.250 	 47.040 	 245.400
FHW13165	189.375 	 46.290 	 245.714
FHW13165	189.500 	 46.708 	 245.400
FHW13165	189.625 	 46.708 	 245.401
FHW13165	189.750 	 46.289 	 245.713
FHW13165	189.875 	 46.708 	 245.400
FHW13165	190.000 	 46.708 	 245.400
FHW13165	190.125 	 46.290 	 245.714
FHW13165	190.250 	 47.040 	 245.400
FHW13165	190.375 	 46.708 	 245.400
FHW13165	190.500 	 46.290 	 245.715
FHW13165	190.625 	 46.708 	 245.400
FHW13165	190.750 	 46.708 	 245.400
FHW13165	190.875 	 46.290 	 245.714
FHW13165	191.000 	 46.707 	 245.399
FHW13165	191.125 	 46.422 	 245.136
FHW13165	191.250 	 46.910 	 245.974
FHW13165	191.375 	 46.708 	 245.400
FHW13165	191.500 	 46.290 	 245.714
FHW13165	191.625 	 46.708 	 245.400
FHW13165	191.750 	 46.708 	 245.400
FHW13165	191.875 	 46.290 	 245.715
FHW13165	192.000 	 46.703 	 245.400
FHW13165	192.125 	 46.708 	 245.400
FHW13165	192.250 	 46.626 	 245.713
FHW13165	192.375 	 46.708 	 245.400
FHW13165	192.500 	 46.708 	 245.400
FHW13165	192.625 	 46.285 	 245.714
FHW13165	192.750 	 46.708 	 245.401
FHW13165	192.875 	 46.422 	 245.136
FHW13165	193.000 	 46.579 	 245.973
FHW13165	193.125 	 46.708 	 245.400
FHW13165	193.250 	 46.759 	 245.136
FHW13165	193.375 	 46.574 	 245.973
FHW13165	193.500 	 46.708 	 245.400
FHW13165	193.625 	 46.421 	 245.135
FHW13165	193.750 	 46.579 	 245.974
FHW13165	193.875 	 46.708 	 245.400
FHW13165	194.000 	 46.422 	 245.136
FHW13165	194.125 	 46.579 	 245.973
FHW13165	194.250 	 47.040 	 245.400
FHW13165	194.375 	 46.422 	 245.136
FHW13165	194.500 	 46.579 	 245.974
FHW13165	194.625 	 46.421 	 245.135
FHW13165	194.750 	 46.708 	 245.400
FHW13165	194.875 	 46.579 	 245.973
FHW13165	195.000 	 46.422 	 245.136
FHW13165	195.125 	 46.708 	 245.400
FHW13165	195.250 	 46.910 	 245.974
FHW13165	195.375 	 46.708 	 245.400
FHW13165	195.500 	 49.493 	 243.705
FHW13165	195.625 	 49.627 	 244.511
FHW13165	195.750 	 49.631 	 244.510
FHW13165	195.875 	 49.357 	 244.249
FHW13165	196.000 	 49.282 	 244.511
FHW13165	196.125 	 49.631 	 244.511
FHW13165	196.250 	 49.631 	 244.510
FHW13165	196.375 	 49.358 	 244.250
FHW13165	196.500 	 49.631 	 244.510
FHW13165	196.625 	 49.281 	 244.510
FHW13165	196.750 	 49.358 	 244.251
FHW13165	196.875 	 49.631 	 244.510
FHW13165	197.000 	 49.631 	 244.510
FHW13165	197.125 	 49.358 	 244.250
FHW13165	197.250 	 49.281 	 244.510
FHW13165	197.375 	 49.631 	 244.511
FHW13165	197.500 	 49.358 	 244.250
FHW13165	197.625 	 49.631 	 244.510
FHW13165	197.750 	 49.626 	 244.510
FHW13165	197.875 	 49.150 	 243.706
FHW13165	198.000 	 49.626 	 244.510
FHW13165	198.125 	 49.632 	 244.511
FHW13165	198.250 	 49.357 	 244.250
FHW13165	198.375 	 49.631 	 244.510
FHW13165	198.500 	 49.627 	 244.511
FHW13165	198.625 	 49.281 	 244.510
FHW13165	198.750 	 49.362 	 244.249
FHW13165	198.875 	 49.632 	 244.512
FHW13165	199.000 	 49.626 	 244.510
FHW13165	199.125 	 49.362 	 244.249
FHW13165	199.250 	 49.282 	 244.511
FHW13165	199.375 	 49.626 	 244.510
FHW13165	199.500 	 49.362 	 244.249
FHW13165	199.625 	 49.632 	 244.512
FHW13165	199.750 	 49.626 	 244.510
FHW13165	199.875 	 49.012 	 244.249
FHW13165	200.000 	 49.632 	 244.511
FHW13165	200.125 	 49.754 	 243.970
FHW13165	200.250 	 49.362 	 244.249
FHW13165	200.375 	 49.632 	 244.512
FHW13165	200.500 	 49.281 	 244.510
FHW13165	200.625 	 49.357 	 244.249
FHW13165	200.750 	 49.632 	 244.511
FHW13165	200.875 	 49.626 	 244.510
FHW13165	201.000 	 49.631 	 244.510
FHW13165	201.125 	 49.013 	 244.251
FHW13165	201.250 	 49.631 	 244.510
FHW13165	201.375 	 49.626 	 244.510
FHW13165	201.500 	 49.363 	 244.250
FHW13165	201.625 	 49.626 	 244.510
FHW13165	201.750 	 49.631 	 244.511
FHW13165	201.875 	 49.013 	 244.250
FHW13165	202.000 	 49.631 	 244.510
FHW13165	202.125 	 49.626 	 244.510
FHW13165	202.250 	 49.363 	 244.250
FHW13165	202.375 	 49.626 	 244.511
FHW13165	202.500 	 49.410 	 243.970
FHW13165	202.625 	 49.363 	 244.250
FHW13165	202.750 	 49.631 	 244.510
FHW13165	202.875 	 49.626 	 244.510
FHW13165	203.000 	 49.632 	 244.511
FHW13165	203.125 	 49.012 	 244.249
FHW13165	203.250 	 49.626 	 244.511
FHW13165	203.375 	 49.632 	 244.511
FHW13165	203.500 	 49.362 	 244.249
FHW13165	203.625 	 49.626 	 244.510
FHW13165	203.750 	 49.282 	 244.511
FHW13165	203.875 	 49.362 	 244.250
FHW13165	204.000 	 49.626 	 244.510
FHW13165	204.125 	 49.632 	 244.511
FHW13165	204.250 	 49.357 	 244.249
FHW13165	204.375 	 49.287 	 244.510
FHW13165	204.500 	 49.627 	 244.512
FHW13165	204.625 	 49.362 	 244.249
FHW13165	204.750 	 49.754 	 243.970
FHW13165	204.875 	 53.061 	 244.462
FHW13165	205.000 	 53.181 	 243.947
FHW13165	205.125 	 53.061 	 244.462
FHW13165	205.250 	 53.175 	 243.947
FHW13165	205.375 	 53.061 	 244.462
FHW13165	205.500 	 53.181 	 243.947
FHW13165	205.625 	 53.181 	 243.946
FHW13165	205.750 	 53.061 	 244.462
FHW13165	205.875 	 52.813 	 243.947
FHW13165	206.000 	 52.811 	 244.212
FHW13165	206.125 	 53.181 	 243.947
FHW13165	206.250 	 53.055 	 244.462
FHW13165	206.375 	 53.181 	 243.947
FHW13165	206.500 	 53.061 	 244.462
FHW13165	206.625 	 53.181 	 243.947
FHW13165	206.750 	 53.181 	 243.946
FHW13165	206.875 	 53.055 	 244.463
FHW13165	207.000 	 53.181 	 243.946
FHW13165	207.125 	 52.693 	 244.463
FHW13165	207.250 	 53.180 	 243.945
FHW13165	207.375 	 52.811 	 244.212
FHW13165	207.500 	 53.181 	 243.947
FHW13165	207.625 	 53.181 	 243.946
FHW13165	207.750 	 53.055 	 244.463
FHW13165	207.875 	 53.181 	 243.946
FHW13165	208.000 	 53.061 	 244.463
FHW13165	208.125 	 53.181 	 243.946
FHW13165	208.250 	 53.061 	 244.463
FHW13165	208.375 	 52.813 	 243.946
FHW13165	208.500 	 53.061 	 244.463
FHW13165	208.625 	 52.928 	 243.693
FHW13165	208.750 	 53.181 	 243.946
FHW13165	208.875 	 53.061 	 244.463
FHW13165	209.000 	 53.181 	 243.946
FHW13165	209.125 	 53.061 	 244.463
FHW13165	209.250 	 53.175 	 243.946
FHW13165	209.375 	 53.060 	 244.462
FHW13165	209.500 	 53.181 	 243.946
FHW13165	209.625 	 52.693 	 244.463
FHW13165	209.750 	 53.181 	 243.946
FHW13165	209.875 	 52.933 	 243.693
FHW13165	210.000 	 53.061 	 244.463
FHW13165	210.125 	 53.181 	 243.946
FHW13165	210.250 	 53.055 	 244.463
FHW13165	210.375 	 53.181 	 243.946
FHW13165	210.500 	 53.061 	 244.463
FHW13165	210.625 	 53.181 	 243.946
FHW13165	210.750 	 53.061 	 244.463
FHW13165	210.875 	 52.813 	 243.946
FHW13165	211.000 	 53.181 	 243.946
FHW13165	211.125 	 53.055 	 244.463
FHW13165	211.250 	 52.933 	 243.693
FHW13165	211.375 	 53.061 	 244.463
FHW13165	211.500 	 53.181 	 243.946
FHW13165	211.625 	 53.060 	 244.462
FHW13165	211.750 	 53.175 	 243.946
FHW13165	211.875 	 53.061 	 244.463
FHW13165	212.000 	 52.813 	 243.946
FHW13165	212.125 	 53.181 	 243.947
FHW13165	212.250 	 53.061 	 244.462
FHW13165	212.375 	 53.181 	 243.946
FHW13165	212.500 	 52.811 	 244.213
FHW13165	212.625 	 53.175 	 243.946
FHW13165	212.750 	 53.061 	 244.463
FHW13165	212.875 	 53.181 	 243.946
FHW13165	213.000 	 53.061 	 244.463
FHW13165	213.125 	 53.181 	 243.946
FHW13165	213.250 	 52.813 	 243.947
FHW13165	213.375 	 53.061 	 244.462
FHW13165	213.500 	 53.181 	 243.947
FHW13165	213.625 	 53.055 	 244.462
FHW13165	213.750 	 52.933 	 243.694
FHW13165	213.875 	 53.060 	 244.461
FHW13165	214.000 	 53.181 	 243.946
FHW13165	214.125 	 56.000 	 244.917
FHW13165	214.250 	 56.508 	 245.647
FHW13165	214.375 	 56.612 	 245.148
FHW13165	214.500 	 56.895 	 245.647
FHW13165	214.625 	 56.613 	 245.149
FHW13165	214.750 	 56.888 	 245.646
FHW13165	214.875 	 56.613 	 245.149
FHW13165	215.000 	 56.277 	 245.418
FHW13165	215.125 	 56.998 	 245.148
FHW13165	215.250 	 56.613 	 245.148
FHW13165	215.375 	 56.508 	 245.648
FHW13165	215.500 	 56.998 	 245.148
FHW13165	215.625 	 56.508 	 245.647
FHW13165	215.750 	 56.613 	 245.149
FHW13165	215.875 	 56.888 	 245.646
FHW13165	216.000 	 56.613 	 245.149
FHW13165	216.125 	 56.895 	 245.647
FHW13165	216.250 	 56.612 	 245.148
FHW13165	216.375 	 56.613 	 245.148
FHW13165	216.500 	 56.889 	 245.648
FHW13165	216.625 	 56.383 	 244.916
FHW13165	216.750 	 56.508 	 245.648
FHW13165	216.875 	 56.999 	 245.148
FHW13165	217.000 	 56.507 	 245.646
FHW13165	217.125 	 56.613 	 245.149
FHW13165	217.250 	 56.889 	 245.647
FHW13165	217.375 	 56.612 	 245.148
FHW13165	217.500 	 56.999 	 245.148
FHW13165	217.625 	 56.508 	 245.648
FHW13165	217.750 	 56.612 	 245.148
FHW13165	217.875 	 56.894 	 245.648
FHW13165	218.000 	 56.613 	 245.148
FHW13165	218.125 	 56.507 	 245.647
FHW13165	218.250 	 56.765 	 244.917
FHW13165	218.375 	 56.613 	 245.148
FHW13165	218.500 	 56.507 	 245.647
FHW13165	218.625 	 56.999 	 245.148
FHW13165	218.750 	 56.508 	 245.648
FHW13165	218.875 	 56.992 	 245.148
FHW13165	219.000 	 56.508 	 245.648
FHW13165	219.125 	 56.613 	 245.148
FHW13165	219.250 	 56.894 	 245.647
FHW13165	219.375 	 56.613 	 245.148
FHW13165	219.500 	 56.613 	 245.148
FHW13165	219.625 	 56.888 	 245.647
FHW13165	219.750 	 56.619 	 245.148
FHW13165	219.875 	 56.658 	 245.419
FHW13165	220.000 	 56.613 	 245.148
FHW13165	220.125 	 56.508 	 245.648
FHW13165	220.250 	 56.997 	 245.147
FHW13165	220.375 	 56.508 	 245.648
FHW13165	220.500 	 56.613 	 245.148
FHW13165	220.625 	 56.993 	 245.148
FHW13165	220.750 	 56.508 	 245.648
FHW13165	220.875 	 56.613 	 245.148
FHW13165	221.000 	 56.893 	 245.646
FHW13165	221.125 	 56.613 	 245.148
FHW13165	221.250 	 56.889 	 245.648
FHW13165	221.375 	 56.384 	 244.917
FHW13165	221.500 	 56.508 	 245.648
FHW13165	221.625 	 56.999 	 245.148
FHW13165	221.750 	 56.611 	 245.148
FHW13165	221.875 	 56.508 	 245.647
FHW13165	222.000 	 56.999 	 245.149
FHW13165	222.125 	 56.508 	 245.647
FHW13165	222.250 	 56.613 	 245.148
FHW13165	222.375 	 56.889 	 245.648
FHW13165	222.500 	 56.611 	 245.147
FHW13165	222.625 	 56.999 	 245.149
FHW13165	222.750 	 56.508 	 245.647
FHW13165	222.875 	 56.613 	 245.149
FHW13165	223.000 	 56.659 	 245.418
FHW13165	223.125 	 56.613 	 245.149
FHW13165	223.250 	 56.506 	 245.645
FHW13165	223.375 	 56.999 	 245.149
FHW13165	223.500 	 58.726 	 246.309
FHW13165	223.625 	 60.644 	 247.217
FHW13165	223.750 	 60.458 	 247.422
FHW13165	223.875 	 60.732 	 246.732
FHW13165	224.000 	 60.248 	 247.217
FHW13165	224.125 	 60.248 	 247.216
FHW13165	224.250 	 60.734 	 246.734
FHW13165	224.375 	 60.456 	 247.420
FHW13165	224.500 	 60.644 	 247.217
FHW13165	224.625 	 60.336 	 246.731
FHW13165	224.750 	 60.644 	 247.217
FHW13165	224.875 	 60.249 	 247.219
FHW13165	225.000 	 60.937 	 246.938
FHW13165	225.125 	 60.248 	 247.217
FHW13165	225.250 	 60.650 	 247.217
FHW13165	225.375 	 60.330 	 246.731
FHW13165	225.500 	 60.652 	 247.219
FHW13165	225.625 	 60.450 	 247.420
FHW13165	225.750 	 60.738 	 246.732
FHW13165	225.875 	 60.241 	 247.217
FHW13165	226.000 	 60.249 	 247.219
FHW13165	226.125 	 60.738 	 246.731
FHW13165	226.250 	 60.450 	 247.420
FHW13165	226.375 	 60.650 	 247.217
FHW13165	226.500 	 60.330 	 246.732
FHW13165	226.625 	 60.652 	 247.218
FHW13165	226.750 	 60.241 	 247.217
FHW13165	226.875 	 60.943 	 246.938
FHW13165	227.000 	 60.248 	 247.217
FHW13165	227.125 	 60.646 	 247.219
FHW13165	227.250 	 60.336 	 246.731
FHW13165	227.375 	 60.644 	 247.217
FHW13165	227.500 	 60.456 	 247.420
FHW13165	227.625 	 60.732 	 246.732
FHW13165	227.750 	 60.249 	 247.219
FHW13165	227.875 	 60.241 	 247.217
FHW13165	228.000 	 60.738 	 246.732
FHW13165	228.125 	 60.456 	 247.420
FHW13165	228.250 	 60.644 	 247.217
FHW13165	228.375 	 60.338 	 246.732
FHW13165	228.500 	 60.644 	 247.217
FHW13165	228.625 	 60.248 	 247.217
FHW13165	228.750 	 60.937 	 246.938
FHW13165	228.875 	 60.249 	 247.219
FHW13165	229.000 	 60.644 	 247.217
FHW13165	229.125 	 60.248 	 247.217
FHW13165	229.250 	 60.732 	 246.732
FHW13165	229.375 	 60.456 	 247.420
FHW13165	229.500 	 60.646 	 247.219
FHW13165	229.625 	 60.337 	 246.730
FHW13165	229.750 	 60.644 	 247.217
FHW13165	229.875 	 60.248 	 247.217
FHW13165	230.000 	 60.543 	 246.938
FHW13165	230.125 	 60.646 	 247.219
FHW13165	230.250 	 60.248 	 247.217
FHW13165	230.375 	 60.732 	 246.732
FHW13165	230.500 	 60.456 	 247.420
FHW13165	230.625 	 60.646 	 247.219
FHW13165	230.750 	 60.336 	 246.732
FHW13165	230.875 	 60.644 	 247.217
FHW13165	231.000 	 60.248 	 247.215
FHW13165	231.125 	 60.937 	 246.938
FHW13165	231.250 	 60.249 	 247.219
FHW13165	231.375 	 60.644 	 247.217
FHW13165	231.500 	 60.336 	 246.732
FHW13165	231.625 	 60.650 	 247.217
FHW13165	231.750 	 60.450 	 247.420
FHW13165	231.875 	 60.338 	 246.734
FHW13165	232.000 	 60.644 	 247.217
FHW13165	232.125 	 60.248 	 247.217
FHW13165	232.250 	 60.732 	 246.730
FHW13165	232.375 	 60.458 	 247.422
FHW13165	232.500 	 60.650 	 247.217
FHW13165	232.625 	 60.330 	 246.732
FHW13165	232.750 	 60.650 	 247.217
FHW13165	232.875 	 61.856 	 247.619
FHW13165	233.000 	 64.549 	 247.731
FHW13165	233.125 	 64.711 	 248.010
FHW13165	233.250 	 64.474 	 248.198
FHW13165	233.375 	 64.367 	 247.538
FHW13165	233.500 	 64.885 	 248.198
FHW13165	233.625 	 64.550 	 247.729
FHW13165	233.750 	 64.290 	 248.008
FHW13165	233.875 	 64.893 	 248.199
FHW13165	234.000 	 64.366 	 247.536
FHW13165	234.125 	 64.476 	 248.199
FHW13165	234.250 	 64.891 	 248.198
FHW13165	234.375 	 64.367 	 247.538
FHW13165	234.500 	 64.474 	 248.198
FHW13165	234.625 	 64.704 	 248.010
FHW13165	234.750 	 64.555 	 247.727
FHW13165	234.875 	 64.476 	 248.199
FHW13165	235.000 	 64.779 	 247.538
FHW13165	235.125 	 64.474 	 248.198
FHW13165	235.250 	 64.292 	 248.010
FHW13165	235.375 	 64.964 	 247.729
FHW13165	235.500 	 64.476 	 248.199
FHW13165	235.625 	 64.290 	 248.008
FHW13165	235.750 	 64.965 	 247.731
FHW13165	235.875 	 64.290 	 248.008
FHW13165	236.000 	 64.550 	 247.729
FHW13165	236.125 	 64.885 	 248.198
FHW13165	236.250 	 64.292 	 248.010
FHW13165	236.375 	 64.548 	 247.729
FHW13165	236.500 	 64.711 	 248.010
FHW13165	236.625 	 64.474 	 248.198
FHW13165	236.750 	 64.549 	 247.731
FHW13165	236.875 	 64.709 	 248.008
FHW13165	237.000 	 64.476 	 248.199
FHW13165	237.125 	 64.367 	 247.538
FHW13165	237.250 	 64.475 	 248.196
FHW13165	237.375 	 64.959 	 247.731
FHW13165	237.500 	 64.297 	 248.008
FHW13165	237.625 	 64.476 	 248.199
FHW13165	237.750 	 64.777 	 247.536
FHW13165	237.875 	 64.476 	 248.199
FHW13165	238.000 	 64.474 	 248.198
FHW13165	238.125 	 64.785 	 247.538
FHW13165	238.250 	 64.474 	 248.198
FHW13165	238.375 	 64.367 	 247.536
FHW13165	238.500 	 64.891 	 248.198
FHW13165	238.625 	 64.476 	 248.199
FHW13165	238.750 	 64.366 	 247.536
FHW13165	238.875 	 64.886 	 248.199
FHW13165	239.000 	 64.290 	 248.008
FHW13165	239.125 	 64.549 	 247.731
FHW13165	239.250 	 64.893 	 248.199
FHW13165	239.375 	 64.290 	 248.008
FHW13165	239.500 	 64.549 	 247.731
FHW13165	239.625 	 64.891 	 248.198
FHW13165	239.750 	 64.367 	 247.536
FHW13165	239.875 	 64.474 	 248.198
FHW13165	240.000 	 64.704 	 248.010
FHW13165	240.125 	 64.548 	 247.729
FHW13165	240.250 	 64.476 	 248.199
FHW13165	240.375 	 64.709 	 248.008
FHW13165	240.500 	 64.549 	 247.731
FHW13165	240.625 	 64.290 	 248.008
FHW13165	240.750 	 64.965 	 247.731
FHW13165	240.875 	 64.476 	 248.199
FHW13165	241.000 	 64.291 	 248.006
FHW13165	241.125 	 64.959 	 247.731
FHW13165	241.250 	 64.297 	 248.008
FHW13165	241.375 	 64.476 	 248.199
FHW13165	241.500 	 64.958 	 247.729
FHW13165	241.625 	 64.292 	 248.010
FHW13165	241.750 	 64.474 	 248.198
FHW13165	241.875 	 64.785 	 247.538
FHW13165	242.000 	 64.474 	 248.198
FHW13165	242.125 	 64.550 	 247.729
FHW13165	242.250 	 65.305 	 248.198
FHW13165	242.375 	 68.380 	 247.192
FHW13165	242.500 	 68.901 	 247.835
FHW13165	242.625 	 68.387 	 247.190
FHW13165	242.750 	 68.900 	 247.833
FHW13165	242.875 	 68.380 	 247.190
FHW13165	243.000 	 68.963 	 247.381
FHW13165	243.125 	 68.315 	 247.646
FHW13165	243.250 	 68.962 	 247.380
FHW13165	243.375 	 68.315 	 247.648
FHW13165	243.500 	 68.964 	 247.380
FHW13165	243.625 	 68.478 	 247.835
FHW13165	243.750 	 68.804 	 247.188
FHW13165	243.875 	 68.478 	 247.835
FHW13165	244.000 	 68.811 	 247.192
FHW13165	244.125 	 68.472 	 247.833
FHW13165	244.250 	 68.810 	 247.190
FHW13165	244.375 	 68.535 	 247.380
FHW13165	244.500 	 68.747 	 247.648
FHW13165	244.625 	 68.535 	 247.380
FHW13165	244.750 	 68.746 	 247.646
FHW13165	244.875 	 68.542 	 247.381
FHW13165	245.000 	 68.747 	 247.646
FHW13165	245.125 	 68.534 	 247.380
FHW13165	245.250 	 68.901 	 247.833
FHW13165	245.375 	 68.380 	 247.192
FHW13165	245.500 	 68.901 	 247.835
FHW13165	245.625 	 68.379 	 247.188
FHW13165	245.750 	 68.963 	 247.381
FHW13165	245.875 	 68.322 	 247.646
FHW13165	246.000 	 68.957 	 247.381
FHW13165	246.125 	 68.320 	 247.646
FHW13165	246.250 	 68.964 	 247.380
FHW13165	246.375 	 68.315 	 247.648
FHW13165	246.500 	 68.964 	 247.380
FHW13165	246.625 	 68.314 	 247.646
FHW13165	246.750 	 68.964 	 247.380
FHW13165	246.875 	 68.478 	 247.835
FHW13165	247.000 	 68.805 	 247.192
FHW13165	247.125 	 68.541 	 247.378
FHW13165	247.250 	 68.747 	 247.648
FHW13165	247.375 	 68.535 	 247.380
FHW13165	247.500 	 68.747 	 247.648
FHW13165	247.625 	 68.534 	 247.378
FHW13165	247.750 	 68.747 	 247.648
FHW13165	247.875 	 68.535 	 247.381
FHW13165	248.000 	 68.747 	 247.646
FHW13165	248.125 	 68.540 	 247.380
FHW13165	248.250 	 68.747 	 247.648
FHW13165	248.375 	 68.535 	 247.380
FHW13165	248.500 	 68.901 	 247.835
FHW13165	248.625 	 68.379 	 247.188
FHW13165	248.750 	 68.963 	 247.381
FHW13165	248.875 	 68.315 	 247.646
FHW13165	249.000 	 68.963 	 247.381
FHW13165	249.125 	 68.320 	 247.646
FHW13165	249.250 	 68.957 	 247.380
FHW13165	249.375 	 68.322 	 247.648
FHW13165	249.500 	 68.963 	 247.378
FHW13165	249.625 	 68.315 	 247.648
FHW13165	249.750 	 68.964 	 247.380
FHW13165	249.875 	 68.315 	 247.648
FHW13165	250.000 	 68.962 	 247.380
FHW13165	250.125 	 68.380 	 247.190
FHW13165	250.250 	 68.901 	 247.835
FHW13165	250.375 	 68.542 	 247.380
FHW13165	250.500 	 68.746 	 247.646
FHW13165	250.625 	 68.535 	 247.381
FHW13165	250.750 	 68.747 	 247.646
FHW13165	250.875 	 68.535 	 247.381
FHW13165	251.000 	 68.746 	 247.645
FHW13165	251.125 	 68.535 	 247.381
FHW13165	251.250 	 68.747 	 247.648
FHW13165	251.375 	 68.542 	 247.380
FHW13165	251.500 	 68.803 	 247.190
FHW13165	251.625 	 68.901 	 247.833
FHW13165	251.750 	 70.945 	 246.676
FHW13165	251.875 	 71.245 	 246.482
FHW13165	252.000 	 71.316 	 247.119
FHW13165	252.125 	 70.944 	 246.673
FHW13165	252.250 	 71.245 	 246.484
FHW13165	252.375 	 71.380 	 246.674
FHW13165	252.500 	 71.374 	 246.674
FHW13165	252.625 	 70.886 	 247.119
FHW13165	252.750 	 71.245 	 246.484
FHW13165	252.875 	 71.373 	 246.673
FHW13165	253.000 	 71.380 	 246.674
FHW13165	253.125 	 70.747 	 246.931
FHW13165	253.250 	 71.374 	 246.674
FHW13165	253.375 	 71.380 	 246.674
FHW13165	253.500 	 70.806 	 246.480
FHW13165	253.625 	 71.380 	 246.674
FHW13165	253.750 	 71.316 	 247.121
FHW13165	253.875 	 71.245 	 246.482
FHW13165	254.000 	 70.945 	 246.674
FHW13165	254.125 	 71.373 	 246.676
FHW13165	254.250 	 71.186 	 246.928
FHW13165	254.375 	 70.945 	 246.674
FHW13165	254.500 	 71.374 	 246.674
FHW13165	254.625 	 71.380 	 246.676
FHW13165	254.750 	 71.245 	 246.482
FHW13165	254.875 	 70.886 	 247.119
FHW13165	255.000 	 71.373 	 246.673
FHW13165	255.125 	 71.245 	 246.484
FHW13165	255.250 	 70.945 	 246.674
FHW13165	255.375 	 71.316 	 247.119
FHW13165	255.500 	 71.245 	 246.482
FHW13165	255.625 	 71.373 	 246.676
FHW13165	255.750 	 70.944 	 246.673
FHW13165	255.875 	 71.245 	 246.482
FHW13165	256.000 	 71.323 	 247.121
FHW13165	256.125 	 72.300 	 246.233
FHW13165	256.250 	 72.307 	 246.233
FHW13165	256.375 	 72.796 	 245.794
FHW13165	256.500 	 72.306 	 246.231
FHW13165	256.625 	 72.865 	 246.425
FHW13165	256.750 	 72.300 	 246.233
FHW13165	256.875 	 72.307 	 246.233
FHW13165	257.000 	 72.741 	 246.233
FHW13165	257.125 	 72.307 	 246.233
FHW13165	257.250 	 72.741 	 246.233
FHW13165	257.375 	 72.306 	 246.231
FHW13165	257.500 	 72.300 	 246.233
FHW13165	257.625 	 72.741 	 246.235
FHW13165	257.750 	 72.307 	 246.233
FHW13165	257.875 	 72.307 	 246.233
FHW13165	258.000 	 72.796 	 245.794
FHW13165	258.125 	 72.306 	 246.231
FHW13165	258.250 	 72.865 	 246.425
FHW13165	258.375 	 72.300 	 246.233
FHW13165	258.500 	 72.307 	 246.233
FHW13165	258.625 	 72.741 	 246.233
FHW13165	258.750 	 72.307 	 246.233
FHW13165	258.875 	 72.741 	 246.233
FHW13165	259.000 	 72.306 	 246.231
FHW13165	259.125 	 72.300 	 246.233
FHW13165	259.250 	 72.741 	 246.235
FHW13165	259.375 	 72.307 	 246.233
FHW13165	259.500 	 72.307 	 246.233
FHW13165	259.625 	 72.741 	 246.233
FHW13165	259.750 	 72.357 	 245.794
FHW13165	259.875 	 72.871 	 246.424
FHW13165	260.000 	 72.300 	 246.233
FHW13165	260.125 	 72.307 	 246.233
FHW13165	260.250 	 72.741 	 246.233
FHW13165	260.375 	 72.307 	 246.233
FHW13165	260.500 	 72.300 	 246.233
FHW13165	260.625 	 72.741 	 246.233
FHW13165	260.750 	 72.306 	 246.231
FHW13165	260.875 	 72.741 	 246.235
FHW13165	261.000 	 72.307 	 246.233
FHW13165	261.125 	 74.723 	 245.555
FHW13165	261.250 	 75.168 	 245.557
FHW13165	261.375 	 74.722 	 245.557
FHW13165	261.500 	 75.168 	 245.557
FHW13165	261.625 	 75.060 	 245.359
FHW13165	261.750 	 74.773 	 245.125
FHW13165	261.875 	 75.167 	 245.555
FHW13165	262.000 	 75.168 	 245.557
FHW13165	262.125 	 74.722 	 245.557
FHW13165	262.250 	 75.168 	 245.557
FHW13165	262.375 	 75.168 	 245.555
FHW13165	262.500 	 74.612 	 245.359
FHW13165	262.625 	 75.168 	 245.557
FHW13165	262.750 	 75.168 	 245.557
FHW13165	262.875 	 74.722 	 245.557
FHW13165	263.000 	 75.168 	 245.555
FHW13165	263.125 	 74.729 	 245.557
FHW13165	263.250 	 75.053 	 245.357
FHW13165	263.375 	 75.168 	 245.557
FHW13165	263.500 	 74.729 	 245.557
FHW13165	263.625 	 75.161 	 245.555
FHW13165	263.750 	 75.168 	 245.557
FHW13165	263.875 	 74.779 	 245.127
FHW13165	264.000 	 75.161 	 245.557
FHW13165	264.125 	 75.060 	 245.357
FHW13165	264.250 	 74.729 	 245.557
FHW13165	264.375 	 75.161 	 245.557
FHW13165	264.500 	 75.168 	 245.557
FHW13165	264.625 	 74.729 	 245.557
FHW13165	264.750 	 75.160 	 245.553
FHW13165	264.875 	 74.619 	 245.359
FHW13165	265.000 	 75.168 	 245.557
FHW13165	265.125 	 75.161 	 245.557
FHW13165	265.250 	 74.729 	 245.557
FHW13165	265.375 	 75.168 	 245.555
FHW13165	265.500 	 75.161 	 245.557
FHW13165	265.625 	 74.729 	 245.557
FHW13165	265.750 	 75.060 	 245.359
FHW13165	265.875 	 75.161 	 245.557
FHW13165	266.000 	 74.779 	 245.123
FHW13165	266.125 	 75.168 	 245.557
FHW13165	266.250 	 75.161 	 245.557
FHW13165	266.375 	 74.729 	 245.557
FHW13165	266.500 	 75.060 	 245.357
FHW13165	266.625 	 74.722 	 245.557
FHW13165	266.750 	 75.168 	 245.557
FHW13165	266.875 	 75.168 	 245.557
FHW13165	267.000 	 74.722 	 245.557
FHW13165	267.125 	 75.168 	 245.555
FHW13165	267.250 	 75.168 	 245.557
FHW13165	267.375 	 74.611 	 245.357
FHW13165	267.500 	 75.168 	 245.557
FHW13165	267.625 	 75.168 	 245.557
FHW13165	267.750 	 74.723 	 245.555
FHW13165	267.875 	 75.168 	 245.557
FHW13165	268.000 	 75.216 	 245.127
FHW13165	268.125 	 74.612 	 245.359
FHW13165	268.250 	 75.168 	 245.555
FHW13165	268.375 	 74.722 	 245.557
FHW13165	268.500 	 75.168 	 245.557
FHW13165	268.625 	 75.168 	 245.557
FHW13165	268.750 	 74.722 	 245.557
FHW13165	268.875 	 75.167 	 245.553
FHW13165	269.000 	 75.060 	 245.359
FHW13165	269.125 	 74.722 	 245.557
FHW13165	269.250 	 75.168 	 245.557
FHW13165	269.375 	 75.168 	 245.557
FHW13165	269.500 	 74.723 	 245.555
FHW13165	269.625 	 75.168 	 245.557
FHW13165	269.750 	 75.060 	 245.359
FHW13165	269.875 	 74.722 	 245.557
FHW13165	270.000 	 75.168 	 245.557
FHW13165	270.125 	 74.772 	 245.123
FHW13165	270.250 	 75.168 	 245.557
FHW13165	270.375 	 77.498 	 245.751
FHW13165	270.500 	 78.468 	 244.898
FHW13165	270.625 	 78.884 	 245.324
FHW13165	270.750 	 78.520 	 245.518
FHW13165	270.875 	 78.921 	 244.898
FHW13165	271.000 	 78.436 	 245.324
FHW13165	271.125 	 78.884 	 245.324
FHW13165	271.250 	 79.000 	 245.094
FHW13165	271.375 	 78.436 	 245.324
FHW13165	271.500 	 78.884 	 245.322
FHW13165	271.625 	 78.551 	 245.097
FHW13165	271.750 	 78.884 	 245.324
FHW13165	271.875 	 78.437 	 245.322
FHW13165	272.000 	 78.964 	 245.518
FHW13165	272.125 	 78.921 	 244.898
FHW13165	272.250 	 78.436 	 245.324
FHW13165	272.375 	 78.964 	 245.518
FHW13165	272.500 	 78.475 	 244.898
FHW13165	272.625 	 78.884 	 245.324
FHW13165	272.750 	 78.430 	 245.324
FHW13165	272.875 	 79.007 	 245.094
FHW13165	273.000 	 78.884 	 245.324
FHW13165	273.125 	 78.430 	 245.322
FHW13165	273.250 	 79.000 	 245.096
FHW13165	273.375 	 78.436 	 245.324
FHW13165	273.500 	 78.884 	 245.322
FHW13165	273.625 	 78.557 	 245.096
FHW13165	273.750 	 78.884 	 245.322
FHW13165	273.875 	 78.884 	 245.324
FHW13165	274.000 	 78.557 	 245.096
FHW13165	274.125 	 78.884 	 245.322
FHW13165	274.250 	 78.430 	 245.324
FHW13165	274.375 	 78.891 	 245.322
FHW13165	274.500 	 79.000 	 245.096
FHW13165	274.625 	 78.430 	 245.324
FHW13165	274.750 	 78.884 	 245.322
FHW13165	274.875 	 78.557 	 245.096
FHW13165	275.000 	 78.884 	 245.322
FHW13165	275.125 	 78.436 	 245.324
FHW13165	275.250 	 79.000 	 245.096
FHW13165	275.375 	 78.884 	 245.322
FHW13165	275.500 	 78.436 	 245.324
FHW13165	275.625 	 79.000 	 245.094
FHW13165	275.750 	 78.430 	 245.324
FHW13165	275.875 	 78.884 	 245.324
FHW13165	276.000 	 78.475 	 244.898
FHW13165	276.125 	 78.964 	 245.518
FHW13165	276.250 	 78.884 	 245.324
FHW13165	276.375 	 78.437 	 245.322
FHW13165	276.500 	 79.000 	 245.096
FHW13165	276.625 	 78.437 	 245.322
FHW13165	276.750 	 78.884 	 245.324
FHW13165	276.875 	 78.551 	 245.096
FHW13165	277.000 	 78.891 	 245.322
FHW13165	277.125 	 78.884 	 245.324
FHW13165	277.250 	 78.551 	 245.094
FHW13165	277.375 	 78.884 	 245.324
FHW13165	277.500 	 78.436 	 245.324
FHW13165	277.625 	 78.921 	 244.898
FHW13165	277.750 	 78.520 	 245.518
FHW13165	277.875 	 78.884 	 245.324
FHW13165	278.000 	 78.921 	 244.898
FHW13165	278.125 	 78.520 	 245.518
FHW13165	278.250 	 78.884 	 245.322
FHW13165	278.375 	 78.430 	 245.324
FHW13165	278.500 	 79.007 	 245.096
FHW13165	278.625 	 78.884 	 245.322
FHW13165	278.750 	 78.430 	 245.324
FHW13165	278.875 	 79.000 	 245.094
FHW13165	279.000 	 78.436 	 245.324
FHW13165	279.125 	 78.884 	 245.324
FHW13165	279.250 	 78.475 	 244.898
FHW13165	279.375 	 78.964 	 245.518
FHW13165	279.500 	 78.884 	 245.324
FHW13165	279.625 	 79.897 	 245.094
FHW13165	279.750 	 82.651 	 245.711
FHW13165	279.875 	 83.102 	 245.708
FHW13165	280.000 	 82.643 	 245.709
FHW13165	280.125 	 82.643 	 245.709
FHW13165	280.250 	 82.621 	 245.094
FHW13165	280.375 	 82.643 	 245.709
FHW13165	280.500 	 82.650 	 245.708
FHW13165	280.625 	 83.101 	 245.709
FHW13165	280.750 	 82.644 	 245.711
FHW13165	280.875 	 82.674 	 245.288
FHW13165	281.000 	 82.643 	 245.709
FHW13165	281.125 	 82.643 	 245.709
FHW13165	281.250 	 82.650 	 245.708
FHW13165	281.375 	 83.074 	 245.096
FHW13165	281.500 	 82.643 	 245.708
FHW13165	281.625 	 82.650 	 245.709
FHW13165	281.750 	 82.644 	 245.711
FHW13165	281.875 	 82.643 	 245.708
FHW13165	282.000 	 83.124 	 245.290
FHW13165	282.125 	 82.650 	 245.709
FHW13165	282.250 	 82.643 	 245.708
FHW13165	282.375 	 82.650 	 245.709
FHW13165	282.500 	 82.643 	 245.709
FHW13165	282.625 	 82.622 	 245.096
FHW13165	282.750 	 83.094 	 245.709
FHW13165	282.875 	 82.650 	 245.708
FHW13165	283.000 	 82.643 	 245.709
FHW13165	283.125 	 82.674 	 245.290
FHW13165	283.250 	 82.643 	 245.708
FHW13165	283.375 	 82.650 	 245.709
FHW13165	283.500 	 83.102 	 245.708
FHW13165	283.625 	 82.644 	 245.711
FHW13165	283.750 	 82.614 	 245.096
FHW13165	283.875 	 82.650 	 245.708
FHW13165	284.000 	 82.643 	 245.709
FHW13165	284.125 	 82.650 	 245.709
FHW13165	284.250 	 83.102 	 245.708
FHW13165	284.375 	 82.667 	 245.290
FHW13165	284.500 	 82.643 	 245.708
FHW13165	284.625 	 82.651 	 245.711
FHW13165	284.750 	 82.643 	 245.709
FHW13165	284.875 	 83.102 	 245.708
FHW13165	285.000 	 82.621 	 245.096
FHW13165	285.125 	 82.643 	 245.709
FHW13165	285.250 	 82.650 	 245.708
FHW13165	285.375 	 82.643 	 245.709
FHW13165	285.500 	 82.668 	 245.288
FHW13165	285.625 	 83.102 	 245.711
FHW13165	285.750 	 82.650 	 245.709
FHW13165	285.875 	 82.643 	 245.708
FHW13165	286.000 	 82.650 	 245.709
FHW13165	286.125 	 82.614 	 245.096
FHW13165	286.250 	 82.643 	 245.708
FHW13165	286.375 	 83.101 	 245.709
FHW13165	286.500 	 82.651 	 245.711
FHW13165	286.625 	 82.643 	 245.708
FHW13165	286.750 	 82.674 	 245.290
FHW13165	286.875 	 82.643 	 245.708
FHW13165	287.000 	 82.650 	 245.709
FHW13165	287.125 	 83.101 	 245.709
FHW13165	287.250 	 82.643 	 245.708
FHW13165	287.375 	 82.614 	 245.096
FHW13165	287.500 	 82.651 	 245.709
FHW13165	287.625 	 82.643 	 245.709
FHW13165	287.750 	 83.101 	 245.709
FHW13165	287.875 	 82.674 	 245.288
FHW13165	288.000 	 82.643 	 245.709
FHW13165	288.125 	 82.643 	 245.709
FHW13165	288.250 	 82.650 	 245.708
FHW13165	288.375 	 82.643 	 245.709
FHW13165	288.500 	 83.075 	 245.096
FHW13165	288.625 	 82.650 	 245.709
FHW13165	288.750 	 82.643 	 245.709
FHW13165	288.875 	 84.493 	 245.288
FHW13165	289.000 	 86.801 	 245.481
FHW13165	289.125 	 86.322 	 245.288
FHW13165	289.250 	 86.801 	 245.481
FHW13165	289.375 	 86.322 	 245.290
FHW13165	289.500 	 86.777 	 245.290
FHW13165	289.625 	 86.801 	 245.479
FHW13165	289.750 	 86.322 	 245.290
FHW13165	289.875 	 86.801 	 245.479
FHW13165	290.000 	 86.777 	 245.290
FHW13165	290.125 	 86.322 	 245.290
FHW13165	290.250 	 86.801 	 245.481
FHW13165	290.375 	 86.784 	 245.288
FHW13165	290.500 	 86.342 	 245.481
FHW13165	290.625 	 86.777 	 245.288
FHW13165	290.750 	 86.784 	 245.290
FHW13165	290.875 	 86.342 	 245.481
FHW13165	291.000 	 86.784 	 245.290
FHW13165	291.125 	 86.801 	 245.479
FHW13165	291.250 	 86.322 	 245.290
FHW13165	291.375 	 86.777 	 245.290
FHW13165	291.500 	 86.801 	 245.479
FHW13165	291.625 	 86.322 	 245.291
FHW13165	291.750 	 86.801 	 245.479
FHW13165	291.875 	 86.777 	 245.290
FHW13165	292.000 	 86.349 	 245.479
FHW13165	292.125 	 86.777 	 245.290
FHW13165	292.250 	 86.784 	 245.288
FHW13165	292.375 	 86.342 	 245.482
FHW13165	292.500 	 86.784 	 245.288
FHW13165	292.625 	 86.801 	 245.481
FHW13165	292.750 	 86.315 	 245.288
FHW13165	292.875 	 86.784 	 245.290
FHW13165	293.000 	 86.801 	 245.479
FHW13165	293.125 	 86.322 	 245.291
FHW13165	293.250 	 86.801 	 245.479
FHW13165	293.375 	 86.777 	 245.290
FHW13165	293.500 	 86.322 	 245.288
FHW13165	293.625 	 86.801 	 245.481
FHW13165	293.750 	 86.777 	 245.288
FHW13165	293.875 	 86.349 	 245.482
FHW13165	294.000 	 86.777 	 245.288
FHW13165	294.125 	 86.784 	 245.288
FHW13165	294.250 	 86.342 	 245.482
FHW13165	294.375 	 86.784 	 245.288
FHW13165	294.500 	 86.801 	 245.479
FHW13165	294.625 	 86.322 	 245.291
FHW13165	294.750 	 86.777 	 245.287
FHW13165	294.875 	 86.801 	 245.481
FHW13165	295.000 	 86.322 	 245.290
FHW13165	295.125 	 86.801 	 245.481
FHW13165	295.250 	 86.778 	 245.290
FHW13165	295.375 	 86.322 	 245.288
FHW13165	295.500 	 86.801 	 245.479
FHW13165	295.625 	 86.778 	 245.291
FHW13165	295.750 	 86.349 	 245.479
FHW13165	295.875 	 86.778 	 245.291
FHW13165	296.000 	 86.808 	 245.479
FHW13165	296.125 	 86.315 	 245.288
FHW13165	296.250 	 86.785 	 245.290
FHW13165	296.375 	 86.801 	 245.481
FHW13165	296.500 	 86.322 	 245.290
FHW13165	296.625 	 86.801 	 245.481
FHW13165	296.750 	 86.777 	 245.288
FHW13165	296.875 	 86.322 	 245.290
FHW13165	297.000 	 86.801 	 245.481
FHW13165	297.125 	 86.777 	 245.287
FHW13165	297.250 	 86.349 	 245.484
FHW13165	297.375 	 86.777 	 245.287
FHW13165	297.500 	 86.778 	 245.291
FHW13165	297.625 	 86.349 	 245.479
FHW13165	297.750 	 86.777 	 245.288
FHW13165	297.875 	 86.808 	 245.479
FHW13165	298.000 	 86.315 	 245.291
FHW13165	298.125 	 86.785 	 245.290
FHW13165	298.250 	 86.801 	 245.481
FHW13165	298.375 	 86.322 	 245.287
FHW13165	298.500 	 86.801 	 245.481
FHW13165	298.625 	 86.778 	 245.290
FHW13165	298.750 	 86.322 	 245.288
FHW13165	298.875 	 86.801 	 245.482
FHW13165	299.000 	 86.777 	 245.288
FHW13165	299.125 	 86.349 	 245.479
FHW13165	299.250 	 86.778 	 245.291
FHW13165	299.375 	 86.808 	 245.479
FHW13165	299.500 	 86.315 	 245.291
FHW13165	299.625 	 86.777 	 245.287
FHW13165	299.750 	 86.808 	 245.481
FHW13165	299.875 	 86.315 	 245.290
FHW13165	300.000 	 86.808 	 245.481
FHW13165	300.125 	 86.777 	 245.287
FHW13165	300.250 	 88.165 	 244.874
FHW13165	300.375 	 89.083 	 244.873
FHW13165	300.500 	 89.089 	 245.065
FHW13165	300.625 	 89.082 	 244.871
FHW13165	300.750 	 89.076 	 244.873
FHW13165	300.875 	 89.082 	 244.871
FHW13165	301.000 	 88.627 	 244.873
FHW13165	301.125 	 89.083 	 244.873
FHW13165	301.250 	 89.089 	 245.066
FHW13165	301.375 	 89.082 	 244.870
FHW13165	301.500 	 89.083 	 244.873
FHW13165	301.625 	 89.075 	 244.871
FHW13165	301.750 	 89.083 	 244.873
FHW13165	301.875 	 88.627 	 244.870
FHW13165	302.000 	 89.089 	 245.069
FHW13165	302.125 	 89.082 	 244.870
FHW13165	302.250 	 89.083 	 244.874
FHW13165	302.375 	 89.075 	 244.870
FHW13165	302.500 	 89.086 	 244.459
FHW13165	302.625 	 88.627 	 244.871
FHW13165	302.750 	 89.089 	 245.065
FHW13165	302.875 	 89.083 	 244.873
FHW13165	303.000 	 89.083 	 244.874
FHW13165	303.125 	 89.082 	 244.870
FHW13165	303.250 	 89.076 	 244.873
FHW13165	303.375 	 88.627 	 244.871
FHW13165	303.500 	 89.089 	 245.065
FHW13165	303.625 	 89.083 	 244.874
FHW13165	303.750 	 89.083 	 244.873
FHW13165	303.875 	 89.082 	 244.870
FHW13165	304.000 	 89.076 	 244.874
FHW13165	304.125 	 88.627 	 244.870
FHW13165	304.250 	 89.089 	 245.065
FHW13165	304.375 	 89.083 	 244.874
FHW13165	304.500 	 89.083 	 244.873
FHW13165	304.625 	 89.082 	 244.870
FHW13165	304.750 	 89.083 	 244.874
FHW13165	304.875 	 89.075 	 244.870
FHW13165	305.000 	 88.637 	 245.066
FHW13165	305.125 	 89.538 	 244.873
FHW13165	305.250 	 90.000 	 244.870
FHW13165	305.375 	 89.546 	 244.461
FHW13165	305.500 	 89.538 	 244.873
FHW13165	305.625 	 89.545 	 244.870
FHW13165	305.750 	 89.541 	 245.066
FHW13165	305.875 	 89.545 	 244.873
FHW13165	306.000 	 89.538 	 244.870
FHW13165	306.125 	 89.545 	 244.874
FHW13165	306.250 	 89.538 	 244.873
FHW13165	306.375 	 89.538 	 244.870
FHW13165	306.500 	 89.548 	 245.066
FHW13165	306.625 	 89.538 	 244.873
FHW13165	306.750 	 89.545 	 244.871
FHW13165	306.875 	 89.538 	 244.873
FHW13165	307.000 	 89.546 	 244.456
FHW13165	307.125 	 90.000 	 244.874
FHW13165	307.250 	 89.541 	 245.065
FHW13165	307.375 	 89.545 	 244.873
FHW13165	307.500 	 89.538 	 244.871
FHW13165	307.625 	 89.545 	 244.873
FHW13165	307.750 	 89.538 	 244.870
FHW13165	307.875 	 89.545 	 244.874
FHW13165	308.000 	 89.541 	 245.065
FHW13165	308.125 	 89.538 	 244.873
FHW13165	308.250 	 89.545 	 244.871
FHW13165	308.375 	 89.538 	 244.873
FHW13165	308.500 	 89.546 	 244.456
FHW13165	308.625 	 89.538 	 244.874
FHW13165	308.750 	 89.548 	 245.065
FHW13165	308.875 	 89.538 	 244.874
FHW13165	309.000 	 90.000 	 244.870
FHW13165	309.125 	 89.545 	 244.873
FHW13165	309.250 	 89.538 	 244.871
FHW13165	309.375 	 89.545 	 244.873
FHW13165	309.500 	 89.541 	 245.065
FHW13165	309.625 	 89.545 	 244.874
FHW13165	309.750 	 90.000 	 245.479
FHW13165	309.875 	 90.000 	 245.288
FHW13165	310.000 	 89.539 	 245.479
FHW13165	310.125 	 90.000 	 244.873
FHW13165	310.250 	 90.000 	 245.482
FHW13165	310.375 	 90.000 	 245.290
FHW13165	310.500 	 89.546 	 245.479
FHW13165	310.625 	 90.000 	 245.479
FHW13165	310.750 	 90.000 	 244.873
FHW13165	310.875 	 89.539 	 245.479
FHW13165	311.000 	 90.000 	 245.290
FHW13165	311.125 	 90.000 	 245.479
FHW13165	311.250 	 90.000 	 245.293
FHW13165	311.375 	 89.541 	 245.065
FHW13165	311.500 	 90.000 	 245.479
FHW13165	311.625 	 90.000 	 245.287
FHW13165	311.750 	 89.547 	 245.485
FHW13165	311.875 	 90.000 	 245.287
FHW13165	312.000 	 90.000 	 245.065
FHW13165	312.125 	 90.000 	 245.290
FHW13165	312.250 	 89.539 	 245.479
FHW13165	312.375 	 90.000 	 245.482
FHW13165	312.500 	 90.000 	 245.290
FHW13165	312.625 	 89.548 	 245.065
FHW13165	312.750 	 90.000 	 245.287
FHW13165	312.875 	 90.000 	 245.482
FHW13165	313.000 	 90.000 	 245.479
FHW13165	313.125 	 89.536 	 245.290
FHW13165	313.250 	 90.000 	 245.065
FHW13165	313.375 	 90.000 	 245.293
FHW13165	313.500 	 90.000 	 245.479
FHW13165	313.625 	 89.543 	 245.287
FHW13165	313.750 	 90.000 	 245.479
FHW13165	313.875 	 90.000 	 245.071
FHW13165	314.000 	 89.536 	 245.287
FHW13165	314.125 	 90.000 	 245.479
FHW13165	314.250 	 90.000 	 245.290
FHW13165	314.375 	 90.000 	 245.482
FHW13165	314.500 	 89.545 	 244.873
FHW13165	314.625 	 90.000 	 245.479
FHW13165	314.750 	 90.000 	 245.479
FHW13165	314.875 	 89.536 	 245.290
FHW13165	315.000 	 90.000 	 245.479
FHW13165	315.125 	 90.000 	 244.873
FHW13165	315.250 	 90.000 	 245.479
FHW13165	315.375 	 89.543 	 245.290
FHW13165	315.500 	 90.000 	 245.482
FHW13165	315.625 	 90.000 	 245.479
FHW13165	315.750 	 89.538 	 244.870
FHW13165	315.875 	 90.000 	 245.482
FHW13165	316.000 	 90.000 	 245.290
FHW13165	316.125 	 90.000 	 245.479
FHW13165	316.250 	 89.543 	 245.290
FHW13165	316.375 	 90.000 	 245.065
FHW13165	316.500 	 90.000 	 245.482
FHW13165	316.625 	 89.536 	 245.290
FHW13165	316.750 	 90.000 	 245.479
FHW13165	316.875 	 90.000 	 245.287
FHW13165	317.000 	 90.000 	 245.068
FHW13165	317.125 	 89.536 	 245.290
FHW13165	317.250 	 90.000 	 245.479
FHW13165	317.375 	 90.000 	 245.479
FHW13165	317.500 	 89.543 	 245.293
FHW13165	317.625 	 90.000 	 245.065
FHW13165	317.750 	 90.000 	 245.287
FHW13165	317.875 	 90.000 	 245.479
FHW13165	318.000 	 89.540 	 245.485
FHW13165	318.125 	 90.000 	 244.870
FHW13165	318.250 	 90.000 	 245.479
FHW13165	318.375 	 89.543 	 245.290
FHW13165	318.500 	 90.000 	 245.482
FHW13165	318.625 	 90.000 	 245.287
FHW13165	318.750 	 90.000 	 245.068
FHW13165	318.875 	 90.000 	 245.896
FHW13165	319.000 	 90.454 	 245.482
FHW13165	319.125 	 90.462 	 245.896
FHW13165	319.250 	 90.917 	 245.896
FHW13165	319.375 	 90.461 	 245.479
FHW13165	319.500 	 90.455 	 245.900
FHW13165	319.625 	 90.917 	 245.896
FHW13165	319.750 	 90.462 	 245.896
FHW13165	319.875 	 90.454 	 245.482
FHW13165	320.000 	 90.917 	 245.899
FHW13165	320.125 	 90.462 	 245.896
FHW13165	320.250 	 90.457 	 245.290
FHW13165	320.375 	 90.917 	 245.896
FHW13165	320.500 	 90.462 	 245.896
FHW13165	320.625 	 90.462 	 245.902
FHW13165	320.750 	 90.914 	 245.479
FHW13165	320.875 	 90.455 	 245.896
FHW13165	321.000 	 90.462 	 245.900
FHW13165	321.125 	 90.914 	 245.479
FHW13165	321.250 	 90.455 	 245.896
FHW13165	321.375 	 90.462 	 245.896
FHW13165	321.500 	 90.455 	 245.900
FHW13165	321.625 	 90.914 	 245.479
FHW13165	321.750 	 90.462 	 245.896
FHW13165	321.875 	 90.455 	 245.902
FHW13165	322.000 	 90.921 	 245.479
FHW13165	322.125 	 90.455 	 245.896
FHW13165	322.250 	 90.462 	 245.900
FHW13165	322.375 	 90.914 	 245.479
FHW13165	322.500 	 90.455 	 245.896
FHW13165	322.625 	 90.462 	 245.896
FHW13165	322.750 	 90.917 	 245.900
FHW13165	322.875 	 90.454 	 245.479
FHW13165	323.000 	 90.462 	 245.899
FHW13165	323.125 	 90.917 	 245.900
FHW13165	323.250 	 90.461 	 245.479
FHW13165	323.375 	 90.455 	 245.896
FHW13165	323.500 	 90.917 	 245.900
FHW13165	323.625 	 90.462 	 245.896
FHW13165	323.750 	 90.454 	 245.479
FHW13165	323.875 	 90.917 	 245.900
FHW13165	324.000 	 90.462 	 245.896
FHW13165	324.125 	 90.454 	 245.479
FHW13165	324.250 	 90.462 	 245.899
FHW13165	324.375 	 90.917 	 245.900
FHW13165	324.500 	 90.462 	 245.896
FHW13165	324.625 	 90.454 	 245.479
FHW13165	324.750 	 90.917 	 245.900
FHW13165	324.875 	 90.462 	 245.896
FHW13165	325.000 	 90.454 	 245.479
FHW13165	325.125 	 90.917 	 245.900
FHW13165	325.250 	 90.462 	 245.896
FHW13165	325.375 	 90.455 	 245.899
FHW13165	325.500 	 90.914 	 245.482
FHW13165	325.625 	 90.462 	 245.896
FHW13165	325.750 	 90.455 	 245.896
FHW13165	325.875 	 90.921 	 245.479
FHW13165	326.000 	 90.455 	 245.900
FHW13165	326.125 	 90.462 	 245.896
FHW13165	326.250 	 90.917 	 245.896
FHW13165	326.375 	 90.454 	 245.482
FHW13165	326.500 	 90.462 	 245.896
FHW13165	326.625 	 90.917 	 245.899
FHW13165	326.750 	 90.454 	 245.482
FHW13165	326.875 	 90.462 	 245.896
FHW13165	327.000 	 90.917 	 245.896
FHW13165	327.125 	 90.462 	 245.900
FHW13165	327.250 	 90.454 	 245.479
FHW13165	327.375 	 90.462 	 245.896
FHW13165	327.500 	 90.917 	 245.896
FHW13165	327.625 	 90.454 	 245.482
FHW13165	327.750 	 90.462 	 245.896
FHW13165	327.875 	 90.917 	 245.899
FHW13165	328.000 	 90.455 	 245.900
FHW13165	328.125 	 90.461 	 245.479
FHW13165	328.250 	 90.917 	 245.896
FHW13165	328.375 	 91.379 	 245.900
FHW13165	328.500 	 91.372 	 245.896
FHW13165	328.625 	 91.379 	 245.896
FHW13165	328.750 	 91.372 	 245.900
FHW13165	328.875 	 91.379 	 245.896
FHW13165	329.000 	 91.379 	 245.899
FHW13165	329.125 	 91.367 	 245.482
FHW13165	329.250 	 91.379 	 245.896
FHW13165	329.375 	 91.372 	 245.896
FHW13165	329.500 	 91.379 	 245.900
FHW13165	329.625 	 91.379 	 245.896
FHW13165	329.750 	 91.372 	 245.896
FHW13165	329.875 	 91.379 	 245.900
FHW13165	330.000 	 91.372 	 245.896
FHW13165	330.125 	 90.924 	 245.896
FHW13165	330.250 	 91.372 	 245.899
FHW13165	330.375 	 91.379 	 245.900
FHW13165	330.500 	 91.367 	 245.479
FHW13165	330.625 	 91.379 	 245.896
FHW13165	330.750 	 91.379 	 245.900
FHW13165	330.875 	 91.362 	 246.084
FHW13165	331.000 	 91.379 	 245.896
FHW13165	331.125 	 91.372 	 245.900
FHW13165	331.250 	 91.379 	 245.896
FHW13165	331.375 	 91.379 	 245.896
FHW13165	331.500 	 91.372 	 245.900
FHW13165	331.625 	 91.379 	 245.896
FHW13165	331.750 	 91.372 	 245.896
FHW13165	331.875 	 91.379 	 245.900
FHW13165	332.000 	 91.374 	 245.482
FHW13165	332.125 	 91.372 	 245.896
FHW13165	332.250 	 91.379 	 245.900
FHW13165	332.375 	 91.372 	 245.896
FHW13165	332.500 	 91.379 	 245.896
FHW13165	332.625 	 91.379 	 245.900
FHW13165	332.750 	 91.372 	 245.896
FHW13165	332.875 	 91.379 	 245.896
FHW13165	333.000 	 91.379 	 245.900
FHW13165	333.125 	 91.372 	 245.896
FHW13165	333.250 	 91.379 	 245.899
FHW13165	333.375 	 91.372 	 245.900
FHW13165	333.500 	 91.374 	 245.479
FHW13165	333.625 	 91.379 	 245.896
FHW13165	333.750 	 91.362 	 246.084
FHW13165	333.875 	 90.917 	 245.900
FHW13165	334.000 	 91.379 	 245.896
FHW13165	334.125 	 91.372 	 245.896
FHW13165	334.250 	 91.379 	 245.900
FHW13165	334.375 	 91.379 	 245.896
FHW13165	334.500 	 91.372 	 245.896
FHW13165	334.625 	 91.379 	 245.900
FHW13165	334.750 	 91.372 	 245.896
FHW13165	334.875 	 91.374 	 245.479
FHW13165	335.000 	 91.379 	 245.902
FHW13165	335.125 	 91.372 	 245.896
FHW13165	335.250 	 91.379 	 245.896
FHW13165	335.375 	 91.379 	 245.900
FHW13165	335.500 	 91.372 	 245.896
FHW13165	335.625 	 91.379 	 245.896
FHW13165	335.750 	 91.372 	 245.900
FHW13165	335.875 	 91.379 	 245.896
FHW13165	336.000 	 91.379 	 245.896
FHW13165	336.125 	 91.372 	 245.902
FHW13165	336.250 	 91.379 	 245.896
FHW13165	336.375 	 91.367 	 245.479
FHW13165	336.500 	 91.369 	 246.084
FHW13165	336.625 	 91.379 	 245.896
FHW13165	336.750 	 91.372 	 245.899
FHW13165	336.875 	 91.379 	 245.900
FHW13165	337.000 	 91.372 	 245.896
FHW13165	337.125 	 91.379 	 245.896
FHW13165	337.250 	 91.379 	 245.900
FHW13165	337.375 	 91.372 	 245.896
FHW13165	337.500 	 91.379 	 245.896
FHW13165	337.625 	 91.367 	 245.479
FHW13165	337.750 	 91.841 	 245.900
FHW13165	337.875 	 91.841 	 245.290
FHW13165	338.000 	 92.288 	 245.896
FHW13165	338.125 	 91.834 	 245.482
FHW13165	338.250 	 91.833 	 245.896
FHW13165	338.375 	 91.827 	 245.479
FHW13165	338.500 	 91.833 	 245.899
FHW13165	338.625 	 91.841 	 245.290
FHW13165	338.750 	 91.833 	 245.896
FHW13165	338.875 	 91.827 	 245.479
FHW13165	339.000 	 91.841 	 245.900
FHW13165	339.125 	 91.827 	 245.479
FHW13165	339.250 	 91.847 	 245.709
FHW13165	339.375 	 91.828 	 245.482
FHW13165	339.500 	 91.833 	 245.896
FHW13165	339.625 	 91.827 	 245.479
FHW13165	339.750 	 92.295 	 245.896
FHW13165	339.875 	 91.827 	 245.485
FHW13165	340.000 	 91.847 	 245.706
FHW13165	340.125 	 91.827 	 245.479
FHW13165	340.250 	 91.841 	 245.900
FHW13165	340.375 	 91.827 	 245.479
FHW13165	340.500 	 91.833 	 245.899
FHW13165	340.625 	 91.827 	 245.479
FHW13165	340.750 	 91.847 	 245.710
FHW13165	340.875 	 91.827 	 245.479
FHW13165	341.000 	 91.833 	 245.896
FHW13165	341.125 	 91.834 	 245.485
FHW13165	341.250 	 91.833 	 245.896
FHW13165	341.375 	 91.841 	 245.287
FHW13165	341.500 	 91.834 	 245.900
FHW13165	341.625 	 92.287 	 245.479
FHW13165	341.750 	 91.833 	 245.899
FHW13165	341.875 	 91.827 	 245.479
FHW13165	342.000 	 91.834 	 245.900
FHW13165	342.125 	 91.841 	 245.287
FHW13165	342.250 	 91.833 	 245.896
FHW13165	342.375 	 91.834 	 245.485
FHW13165	342.500 	 91.833 	 245.896
FHW13165	342.625 	 91.827 	 245.479
FHW13165	342.750 	 91.833 	 245.896
FHW13165	342.875 	 91.841 	 245.290
FHW13165	343.000 	 91.833 	 245.896
FHW13165	343.125 	 91.827 	 245.482
FHW13165	343.250 	 91.841 	 245.900
FHW13165	343.375 	 91.827 	 245.479
FHW13165	343.500 	 92.305 	 245.706
FHW13165	343.625 	 91.834 	 245.479
FHW13165	343.750 	 91.833 	 245.902
FHW13165	343.875 	 91.827 	 245.479
FHW13165	344.000 	 91.833 	 245.896
FHW13165	344.125 	 91.828 	 245.482
FHW13165	344.250 	 91.847 	 245.706
FHW13165	344.375 	 91.827 	 245.482
FHW13165	344.500 	 91.841 	 245.900
FHW13165	344.625 	 91.827 	 245.479
FHW13165	344.750 	 91.833 	 245.896
FHW13165	344.875 	 91.827 	 245.479
FHW13165	345.000 	 91.847 	 245.712
FHW13165	345.125 	 91.827 	 245.479
FHW13165	345.250 	 92.295 	 245.896
FHW13165	345.375 	 91.828 	 245.482
FHW13165	345.500 	 91.833 	 245.896
FHW13165	345.625 	 91.841 	 245.290
FHW13165	345.750 	 91.840 	 245.896
FHW13165	345.875 	 91.828 	 245.482
FHW13165	346.000 	 91.833 	 245.896
FHW13165	346.125 	 91.827 	 245.479
FHW13165	346.250 	 91.834 	 245.900
FHW13165	346.375 	 91.841 	 245.290
FHW13165	346.500 	 91.833 	 245.896
FHW13165	346.625 	 91.834 	 245.479
FHW13165	346.750 	 91.834 	 245.900
FHW13165	346.875 	 91.827 	 245.479
FHW13165	347.000 	 92.297 	 245.290
FHW13165	347.125 	 92.295 	 245.900
FHW13165	347.250 	 92.287 	 245.479
FHW13165	347.375 	 92.304 	 245.287
FHW13165	347.500 	 92.280 	 245.479
FHW13165	347.625 	 92.295 	 245.902
FHW13165	347.750 	 91.841 	 245.287
FHW13165	347.875 	 92.287 	 245.479
FHW13165	348.000 	 92.280 	 245.479
FHW13165	348.125 	 92.312 	 245.712
FHW13165	348.250 	 92.287 	 245.479
FHW13165	348.375 	 92.280 	 245.479
FHW13165	348.500 	 92.287 	 245.482
FHW13165	348.625 	 92.312 	 245.709
FHW13165	348.750 	 92.280 	 245.479
FHW13165	348.875 	 92.287 	 245.479
FHW13165	349.000 	 91.841 	 245.293
FHW13165	349.125 	 92.287 	 245.479
FHW13165	349.250 	 92.295 	 245.896
FHW13165	349.375 	 92.297 	 245.290
FHW13165	349.500 	 92.287 	 245.479
FHW13165	349.625 	 92.287 	 245.482
FHW13165	349.750 	 92.305 	 245.706
FHW13165	349.875 	 92.287 	 245.482
FHW13165	350.000 	 92.287 	 245.479
FHW13165	350.125 	 92.297 	 245.290
FHW13165	350.250 	 91.840 	 245.896
FHW13165	350.375 	 92.280 	 245.482
FHW13165	350.500 	 92.304 	 245.290
FHW13165	350.625 	 92.287 	 245.479
FHW13165	350.750 	 92.280 	 245.479
FHW13165	350.875 	 92.312 	 245.710
FHW13165	351.000 	 92.287 	 245.482
FHW13165	351.125 	 92.280 	 245.479
FHW13165	351.250 	 92.304 	 245.290
FHW13165	351.375 	 91.833 	 245.896
FHW13165	351.500 	 92.287 	 245.479
FHW13165	351.625 	 92.304 	 245.290
FHW13165	351.750 	 92.280 	 245.482
FHW13165	351.875 	 92.295 	 245.896
FHW13165	352.000 	 92.304 	 245.290
FHW13165	352.125 	 92.280 	 245.479
FHW13165	352.250 	 92.287 	 245.482
FHW13165	352.375 	 92.304 	 245.290
FHW13165	352.500 	 92.288 	 245.896
FHW13165	352.625 	 91.828 	 245.482
FHW13165	352.750 	 92.304 	 245.287
FHW13165	352.875 	 92.287 	 245.479
FHW13165	353.000 	 92.288 	 245.899
FHW13165	353.125 	 92.304 	 245.290
FHW13165	353.250 	 92.287 	 245.479
FHW13165	353.375 	 92.280 	 245.479
FHW13165	353.500 	 92.312 	 245.712
FHW13165	353.625 	 92.287 	 245.479
FHW13165	353.750 	 92.287 	 245.479
FHW13165	353.875 	 91.841 	 245.290
FHW13165	354.000 	 92.288 	 245.900
FHW13165	354.125 	 92.287 	 245.479
FHW13165	354.250 	 92.304 	 245.287
FHW13165	354.375 	 92.280 	 245.482
FHW13165	354.500 	 92.287 	 245.482
FHW13165	354.625 	 92.312 	 245.706
FHW13165	354.750 	 92.280 	 245.479
FHW13165	354.875 	 92.287 	 245.479
FHW13165	355.000 	 91.841 	 245.293
FHW13165	355.125 	 92.295 	 245.896
FHW13165	355.250 	 92.287 	 245.479
FHW13165	355.375 	 92.297 	 245.293
FHW13165	355.500 	 92.287 	 245.479
FHW13165	355.625 	 92.295 	 245.896
FHW13165	355.750 	 92.297 	 245.290
FHW13165	355.875 	 92.287 	 245.482
FHW13165	356.000 	 92.287 	 245.479
FHW13165	356.125 	 92.297 	 245.287
FHW13165	356.250 	 91.841 	 245.900
FHW13165	356.375 	 91.827 	 245.482
FHW13165	356.500 	 91.833 	 245.896
FHW13165	356.625 	 91.833 	 245.896
FHW13165	356.750 	 91.828 	 245.482
FHW13165	356.875 	 91.833 	 245.896
FHW13165	357.000 	 91.841 	 245.290
FHW13165	357.125 	 91.841 	 245.900
FHW13165	357.250 	 91.833 	 245.896
FHW13165	357.375 	 91.827 	 245.479
FHW13165	357.500 	 91.834 	 245.900
FHW13165	357.625 	 91.827 	 245.479
FHW13165	357.750 	 91.833 	 245.896
FHW13165	357.875 	 91.841 	 245.290
FHW13165	358.000 	 91.841 	 245.900
FHW13165	358.125 	 91.833 	 245.896
FHW13165	358.250 	 91.827 	 245.479
FHW13165	358.375 	 91.834 	 245.900
FHW13165	358.500 	 91.827 	 245.479
FHW13165	358.625 	 91.833 	 245.896
FHW13165	358.750 	 91.841 	 245.290
FHW13165	358.875 	 91.841 	 245.900
FHW13165	359.000 	 91.833 	 245.896
FHW13165	359.125 	 91.827 	 245.479
FHW13165	359.250 	 91.834 	 245.900
FHW13165	359.375 	 91.827 	 245.479
FHW13165	359.500 	 91.833 	 245.899
FHW13165	359.625 	 91.841 	 245.290
FHW13165	359.750 	 91.840 	 245.896
FHW13165	359.875 	 91.833 	 245.896
FHW13165	360.000 	 91.827 	 245.479
FHW13165	360.125 	 91.833 	 245.902
FHW13165	360.250 	 91.827 	 245.479
FHW13165	360.375 	 91.833 	 245.896
FHW13165	360.500 	 91.847 	 245.710
FHW13165	360.625 	 92.287 	 245.479
FHW13165	360.750 	 91.833 	 245.899
FHW13165	360.875 	 91.828 	 245.482
FHW13165	361.000 	 91.840 	 245.896
FHW13165	361.125 	 91.827 	 245.479
FHW13165	361.250 	 91.833 	 245.896
FHW13165	361.375 	 91.847 	 245.710
FHW13165	361.500 	 91.827 	 245.482
FHW13165	361.625 	 91.833 	 245.896
FHW13165	361.750 	 91.828 	 245.482
FHW13165	361.875 	 91.840 	 245.896
FHW13165	362.000 	 91.827 	 245.479
FHW13165	362.125 	 91.833 	 245.896
FHW13165	362.250 	 91.834 	 245.900
FHW13165	362.375 	 91.841 	 245.290
FHW13165	362.500 	 91.833 	 245.896
FHW13165	362.625 	 91.828 	 245.482
FHW13165	362.750 	 91.840 	 245.896
FHW13165	362.875 	 91.833 	 245.896
FHW13165	363.000 	 91.828 	 245.482
FHW13165	363.125 	 91.833 	 245.896
FHW13165	363.250 	 91.841 	 245.290
FHW13165	363.375 	 91.833 	 245.896
FHW13165	363.500 	 91.828 	 245.482
FHW13165	363.625 	 91.840 	 245.896
FHW13165	363.750 	 91.833 	 245.896
FHW13165	363.875 	 91.828 	 245.482
FHW13165	364.000 	 91.833 	 245.899
FHW13165	364.125 	 91.841 	 245.287
FHW13165	364.250 	 91.834 	 245.900
FHW13165	364.375 	 91.827 	 245.479
FHW13165	364.500 	 91.840 	 245.896
FHW13165	364.625 	 91.833 	 245.899
FHW13165	364.750 	 91.828 	 245.482
FHW13165	364.875 	 91.833 	 245.896
FHW13165	365.000 	 91.841 	 245.287
FHW13165	365.125 	 91.834 	 245.900
FHW13165	365.250 	 91.833 	 245.899
FHW13165	365.375 	 91.834 	 245.479
FHW13165	365.500 	 91.834 	 245.900
FHW13165	365.625 	 90.455 	 245.896
FHW13165	365.750 	 90.000 	 246.501
FHW13165	365.875 	 90.462 	 245.900
FHW13165	366.000 	 90.456 	 246.316
FHW13165	366.125 	 90.459 	 246.081
FHW13165	366.250 	 90.000 	 246.320
FHW13165	366.375 	 90.455 	 245.899
FHW13165	366.500 	 90.460 	 246.498
FHW13165	366.625 	 90.455 	 245.900
FHW13165	366.750 	 90.000 	 246.316
FHW13165	366.875 	 90.459 	 246.087
FHW13165	367.000 	 90.464 	 246.316
FHW13165	367.125 	 90.456 	 246.316
FHW13165	367.250 	 90.000 	 246.087
FHW13165	367.375 	 90.464 	 246.316
FHW13165	367.500 	 90.455 	 245.896
FHW13165	367.625 	 90.000 	 246.504
FHW13165	367.750 	 90.462 	 245.896
FHW13165	367.875 	 90.453 	 246.504
FHW13165	368.000 	 90.462 	 245.896
FHW13165	368.125 	 90.000 	 246.316
FHW13165	368.250 	 90.452 	 246.084
FHW13165	368.375 	 90.464 	 246.316
FHW13165	368.500 	 90.455 	 245.899
FHW13165	368.625 	 90.000 	 246.502
FHW13165	368.750 	 90.462 	 245.896
FHW13165	368.875 	 90.456 	 246.316
FHW13165	369.000 	 90.000 	 246.504
FHW13165	369.125 	 90.462 	 245.896
FHW13165	369.250 	 90.464 	 246.320
FHW13165	369.375 	 90.452 	 246.084
FHW13165	369.500 	 90.000 	 246.316
FHW13165	369.625 	 90.462 	 245.900
FHW13165	369.750 	 90.453 	 246.501
FHW13165	369.875 	 90.462 	 245.896
FHW13165	370.000 	 90.000 	 246.320
FHW13165	370.125 	 90.452 	 246.084
FHW13165	370.250 	 90.464 	 246.316
FHW13165	370.375 	 90.455 	 245.900
FHW13165	370.500 	 90.000 	 246.498
FHW13165	370.625 	 90.462 	 245.902
FHW13165	370.750 	 90.453 	 246.498
FHW13165	370.875 	 90.000 	 245.896
FHW13165	371.000 	 90.464 	 246.320
FHW13165	371.125 	 90.453 	 246.501
FHW13165	371.250 	 90.462 	 245.896
FHW13165	371.375 	 90.000 	 246.320
FHW13165	371.500 	 90.452 	 246.084
FHW13165	371.625 	 90.464 	 246.320
FHW13165	371.750 	 90.462 	 245.896
FHW13165	371.875 	 90.000 	 246.501
FHW13165	372.000 	 90.455 	 245.900
FHW13165	372.125 	 90.464 	 246.316
FHW13165	372.250 	 90.000 	 246.084
FHW13165	372.375 	 90.457 	 246.320
FHW13165	372.500 	 90.462 	 245.896
FHW13165	372.625 	 90.453 	 246.498
FHW13165	372.750 	 90.000 	 245.902
FHW13165	372.875 	 90.464 	 246.316
FHW13165	373.000 	 90.452 	 246.081
FHW13165	373.125 	 90.464 	 246.320
FHW13165	373.250 	 90.000 	 246.501
FHW13165	373.375 	 90.455 	 245.900
FHW13165	373.500 	 90.464 	 246.316
FHW13165	373.625 	 90.452 	 246.084
FHW13165	373.750 	 90.000 	 246.320
FHW13165	373.875 	 90.462 	 245.896
FHW13165	374.000 	 90.460 	 246.501
FHW13165	374.125 	 90.000 	 245.900
FHW13165	374.250 	 90.456 	 246.316
FHW13165	374.375 	 90.459 	 246.087
FHW13165	374.500 	 90.456 	 246.316
FHW13165	374.625 	 90.000 	 245.896
FHW13165	374.750 	 90.460 	 246.502
FHW13165	374.875 	 89.535 	 246.742
FHW13165	375.000 	 89.091 	 247.101
FHW13165	375.125 	 88.622 	 246.919
FHW13165	375.250 	 89.084 	 246.924
FHW13165	375.375 	 89.084 	 246.921
FHW13165	375.500 	 88.629 	 246.919
FHW13165	375.625 	 89.084 	 246.924
FHW13165	375.750 	 89.084 	 246.921
FHW13165	375.875 	 89.077 	 246.922
FHW13165	376.000 	 88.625 	 247.344
FHW13165	376.125 	 89.084 	 246.922
FHW13165	376.250 	 89.084 	 246.921
FHW13165	376.375 	 88.623 	 246.924
FHW13165	376.500 	 89.084 	 246.919
FHW13165	376.625 	 89.084 	 246.924
FHW13165	376.750 	 89.084 	 246.921
FHW13165	376.875 	 88.622 	 246.922
FHW13165	377.000 	 89.081 	 247.344
FHW13165	377.125 	 89.084 	 246.924
FHW13165	377.250 	 88.629 	 246.919
FHW13165	377.375 	 89.077 	 246.924
FHW13165	377.500 	 89.084 	 246.919
FHW13165	377.625 	 89.084 	 246.924
FHW13165	377.750 	 88.630 	 246.921
FHW13165	377.875 	 89.084 	 246.922
FHW13165	378.000 	 89.084 	 246.921
FHW13165	378.125 	 89.074 	 247.347
FHW13165	378.250 	 88.629 	 246.919
FHW13165	378.375 	 89.084 	 246.924
FHW13165	378.500 	 89.084 	 246.921
FHW13165	378.625 	 88.622 	 246.919
FHW13165	378.750 	 89.084 	 246.924
FHW13165	378.875 	 89.084 	 246.921
FHW13165	379.000 	 89.084 	 246.922
FHW13165	379.125 	 88.618 	 247.344
FHW13165	379.250 	 89.084 	 246.922
FHW13165	379.375 	 89.084 	 246.921
FHW13165	379.500 	 88.629 	 246.924
FHW13165	379.625 	 89.077 	 246.919
FHW13165	379.750 	 89.084 	 246.924
FHW13165	379.875 	 89.084 	 246.921
FHW13165	380.000 	 88.629 	 246.922
FHW13165	380.125 	 89.084 	 246.921
FHW13165	380.250 	 89.081 	 247.347
FHW13165	380.375 	 88.622 	 246.919
FHW13165	380.500 	 89.084 	 246.924
FHW13165	380.625 	 89.084 	 246.919
FHW13165	380.750 	 89.084 	 246.924
FHW13165	380.875 	 88.623 	 246.921
FHW13165	381.000 	 89.084 	 246.922
FHW13165	381.125 	 89.091 	 247.101
FHW13165	381.250 	 89.084 	 246.922
FHW13165	381.375 	 88.618 	 247.344
FHW13165	381.500 	 89.084 	 246.924
FHW13165	381.625 	 89.084 	 246.919
FHW13165	381.750 	 88.629 	 246.924
FHW13165	381.875 	 89.084 	 246.919
FHW13165	382.000 	 89.077 	 246.921
FHW13165	382.125 	 89.084 	 246.924
FHW13165	382.250 	 88.629 	 246.919
FHW13165	382.375 	 89.081 	 247.347
FHW13165	382.500 	 89.084 	 246.921
FHW13165	382.625 	 88.622 	 246.922
FHW13165	382.750 	 89.084 	 246.921
FHW13165	382.875 	 89.084 	 246.924
FHW13165	383.000 	 89.084 	 246.919
FHW13165	383.125 	 88.623 	 246.924
FHW13165	383.250 	 89.084 	 246.919
FHW13165	383.375 	 89.084 	 246.924
FHW13165	383.500 	 88.618 	 247.344
FHW13165	383.625 	 89.084 	 246.922
FHW13165	383.750 	 89.084 	 246.921
FHW13165	383.875 	 89.084 	 246.924
FHW13165	384.000 	 88.629 	 246.919
FHW13165	384.125 	 89.084 	 246.924
FHW13165	384.250 	 88.618 	 247.344
FHW13165	384.375 	 88.170 	 247.944
FHW13165	384.500 	 88.628 	 247.518
FHW13165	384.625 	 88.157 	 247.773
FHW13165	384.750 	 88.176 	 247.518
FHW13165	384.875 	 88.614 	 247.770
FHW13165	385.000 	 88.171 	 247.947
FHW13165	385.125 	 88.635 	 247.518
FHW13165	385.250 	 88.150 	 247.770
FHW13165	385.375 	 88.176 	 247.521
FHW13165	385.500 	 88.621 	 247.770
FHW13165	385.625 	 88.169 	 247.522
FHW13165	385.750 	 88.157 	 247.769
FHW13165	385.875 	 88.635 	 247.522
FHW13165	386.000 	 88.170 	 247.941
FHW13165	386.125 	 88.614 	 247.773
FHW13165	386.250 	 88.176 	 247.522
FHW13165	386.375 	 88.157 	 247.769
FHW13165	386.500 	 88.628 	 247.522
FHW13165	386.625 	 88.170 	 247.941
FHW13165	386.750 	 88.618 	 247.347
FHW13165	386.875 	 88.170 	 247.941
FHW13165	387.000 	 88.157 	 247.773
FHW13165	387.125 	 88.628 	 247.522
FHW13165	387.250 	 88.170 	 247.941
FHW13165	387.375 	 88.163 	 247.347
FHW13165	387.500 	 88.631 	 247.941
FHW13165	387.625 	 88.155 	 247.345
FHW13165	387.750 	 88.631 	 247.947
FHW13165	387.875 	 88.162 	 247.341
FHW13165	388.000 	 88.170 	 247.944
FHW13165	388.125 	 88.624 	 247.944
FHW13165	388.250 	 88.162 	 247.345
FHW13165	388.375 	 88.170 	 247.941
FHW13165	388.500 	 88.618 	 247.347
FHW13165	388.625 	 88.170 	 247.944
FHW13165	388.750 	 88.628 	 247.518
FHW13165	388.875 	 88.157 	 247.773
FHW13165	389.000 	 88.176 	 247.518
FHW13165	389.125 	 88.614 	 247.773
FHW13165	389.250 	 88.170 	 247.944
FHW13165	389.375 	 88.176 	 247.518
FHW13165	389.500 	 88.614 	 247.773
FHW13165	389.625 	 88.176 	 247.518
FHW13165	389.750 	 88.621 	 247.773
FHW13165	389.875 	 88.176 	 247.518
FHW13165	390.000 	 88.163 	 247.944
FHW13165	390.125 	 88.625 	 247.347
FHW13165	390.250 	 88.170 	 247.941
FHW13165	390.375 	 88.614 	 247.770
FHW13165	390.500 	 88.176 	 247.521
FHW13165	390.625 	 88.157 	 247.770
FHW13165	390.750 	 88.628 	 247.522
FHW13165	390.875 	 88.171 	 247.944
FHW13165	391.000 	 88.162 	 247.345
FHW13165	391.125 	 88.624 	 247.941
FHW13165	391.250 	 88.163 	 247.347
FHW13165	391.375 	 88.631 	 247.941
FHW13165	391.500 	 88.163 	 247.944
FHW13165	391.625 	 88.163 	 247.347
FHW13165	391.750 	 88.631 	 247.941
FHW13165	391.875 	 88.156 	 247.347
FHW13165	392.000 	 88.170 	 247.941
FHW13165	392.125 	 88.635 	 247.522
FHW13165	392.250 	 88.157 	 247.773
FHW13165	392.375 	 88.624 	 247.941
FHW13165	392.500 	 88.163 	 247.347
FHW13165	392.625 	 88.170 	 247.941
FHW13165	392.750 	 88.618 	 247.347
FHW13165	392.875 	 88.170 	 247.944
FHW13165	393.000 	 88.176 	 247.518
FHW13165	393.125 	 88.614 	 247.773
FHW13165	393.250 	 88.176 	 247.518
FHW13165	393.375 	 88.614 	 247.770
FHW13165	393.500 	 88.171 	 247.944
FHW13165	393.625 	 88.165 	 248.370
FHW13165	393.750 	 88.165 	 248.370
FHW13165	393.875 	 88.634 	 248.113
FHW13165	394.000 	 88.165 	 248.370
FHW13165	394.125 	 88.165 	 248.370
FHW13165	394.250 	 88.620 	 248.366
FHW13165	394.375 	 88.165 	 248.370
FHW13165	394.500 	 88.165 	 248.370
FHW13165	394.625 	 88.165 	 248.372
FHW13165	394.750 	 88.624 	 247.941
FHW13165	394.875 	 88.165 	 248.370
FHW13165	395.000 	 88.165 	 248.370
FHW13165	395.125 	 88.179 	 248.536
FHW13165	395.250 	 88.620 	 248.370
FHW13165	395.375 	 88.165 	 248.370
FHW13165	395.500 	 88.170 	 247.941
FHW13165	395.625 	 88.165 	 248.372
FHW13165	395.750 	 88.620 	 248.370
FHW13165	395.875 	 88.165 	 248.366
FHW13165	396.000 	 88.165 	 248.370
FHW13165	396.125 	 88.165 	 248.370
FHW13165	396.250 	 88.624 	 247.941
FHW13165	396.375 	 88.179 	 248.539
FHW13165	396.500 	 88.165 	 248.370
FHW13165	396.625 	 88.165 	 248.369
FHW13165	396.750 	 88.620 	 248.370
FHW13165	396.875 	 88.165 	 248.370
FHW13165	397.000 	 88.165 	 248.366
FHW13165	397.125 	 88.170 	 247.944
FHW13165	397.250 	 88.620 	 248.370
FHW13165	397.375 	 88.165 	 248.369
FHW13165	397.500 	 88.178 	 248.536
FHW13165	397.625 	 88.620 	 248.370
FHW13165	397.750 	 88.165 	 248.369
FHW13165	397.875 	 88.170 	 247.944
FHW13165	398.000 	 88.165 	 248.370
FHW13165	398.125 	 88.620 	 248.366
FHW13165	398.250 	 88.165 	 248.370
FHW13165	398.375 	 88.165 	 248.372
FHW13165	398.500 	 88.165 	 248.370
FHW13165	398.625 	 88.620 	 248.366
FHW13165	398.750 	 88.184 	 248.116
FHW13165	398.875 	 88.165 	 248.370
FHW13165	399.000 	 88.165 	 248.366
FHW13165	399.125 	 88.620 	 248.370
FHW13165	399.250 	 88.165 	 248.370
FHW13165	399.375 	 88.165 	 248.366
FHW13165	399.500 	 88.171 	 247.947
FHW13165	399.625 	 88.620 	 248.370
FHW13165	399.750 	 88.165 	 248.366
FHW13165	399.875 	 88.179 	 248.539
FHW13165	400.000 	 88.165 	 248.370
FHW13165	400.125 	 88.620 	 248.366
FHW13165	400.250 	 88.170 	 247.944
FHW13165	400.375 	 88.165 	 248.370
FHW13165	400.500 	 88.165 	 248.369
FHW13165	400.625 	 88.620 	 248.370
FHW13165	400.750 	 88.165 	 248.370
FHW13165	400.875 	 88.165 	 248.366
FHW13165	401.000 	 88.620 	 248.370
FHW13165	401.125 	 88.184 	 248.116
FHW13165	401.250 	 88.165 	 248.366
FHW13165	401.375 	 88.165 	 248.370
FHW13165	401.500 	 88.620 	 248.372
FHW13165	401.625 	 88.165 	 248.366
FHW13165	401.750 	 88.165 	 248.370
FHW13165	401.875 	 88.170 	 247.944
FHW13165	402.000 	 88.620 	 248.366
FHW13165	402.125 	 88.165 	 248.370
FHW13165	402.250 	 88.179 	 248.539
FHW13165	402.375 	 88.165 	 248.366
FHW13165	402.500 	 88.620 	 248.370
FHW13165	402.625 	 88.171 	 247.947
FHW13165	402.750 	 88.165 	 248.366
FHW13165	402.875 	 88.620 	 248.370
FHW13165	403.000 	 88.623 	 248.798
FHW13165	403.125 	 88.630 	 248.539
FHW13165	403.250 	 88.616 	 248.794
FHW13165	403.375 	 88.637 	 248.539
FHW13165	403.500 	 88.616 	 248.798
FHW13165	403.625 	 88.627 	 248.370
FHW13165	403.750 	 89.080 	 248.961
FHW13165	403.875 	 88.627 	 248.370
FHW13165	404.000 	 88.626 	 248.964
FHW13165	404.125 	 88.627 	 248.366
FHW13165	404.250 	 88.616 	 248.798
FHW13165	404.375 	 88.630 	 248.539
FHW13165	404.500 	 88.623 	 248.798
FHW13165	404.625 	 89.089 	 248.536
FHW13165	404.750 	 88.616 	 248.798
FHW13165	404.875 	 88.627 	 248.370
FHW13165	405.000 	 88.626 	 248.964
FHW13165	405.125 	 88.620 	 248.366
FHW13165	405.250 	 88.623 	 248.798
FHW13165	405.375 	 88.630 	 248.539
FHW13165	405.500 	 88.623 	 248.794
FHW13165	405.625 	 89.082 	 248.539
FHW13165	405.750 	 88.623 	 248.798
FHW13165	405.875 	 88.620 	 248.370
FHW13165	406.000 	 88.633 	 248.961
FHW13165	406.125 	 88.620 	 248.370
FHW13165	406.250 	 88.626 	 248.964
FHW13165	406.375 	 88.627 	 248.366
FHW13165	406.500 	 89.080 	 248.798
FHW13165	406.625 	 88.630 	 248.539
FHW13165	406.750 	 88.616 	 248.798
FHW13165	406.875 	 88.627 	 248.366
FHW13165	407.000 	 88.626 	 248.964
FHW13165	407.125 	 88.627 	 248.370
FHW13165	407.250 	 88.626 	 248.964
FHW13165	407.375 	 89.082 	 248.366
FHW13165	407.500 	 88.616 	 248.798
FHW13165	407.625 	 88.637 	 248.539
FHW13165	407.750 	 88.616 	 248.794
FHW13165	407.875 	 88.637 	 248.539
FHW13165	408.000 	 88.616 	 248.798
FHW13165	408.125 	 88.620 	 248.370
FHW13165	408.250 	 89.089 	 248.536
FHW13165	408.375 	 88.623 	 248.798
FHW13165	408.500 	 88.630 	 248.539
FHW13165	408.625 	 88.616 	 248.794
FHW13165	408.750 	 88.627 	 248.370
FHW13165	408.875 	 88.626 	 248.964
FHW13165	409.000 	 88.627 	 248.370
FHW13165	409.125 	 89.080 	 248.794
FHW13165	409.250 	 88.630 	 248.539
FHW13165	409.375 	 88.616 	 248.798
FHW13165	409.500 	 88.637 	 248.539
FHW13165	409.625 	 88.616 	 248.794
FHW13165	409.750 	 88.627 	 248.370
FHW13165	409.875 	 88.626 	 248.964
FHW13165	410.000 	 89.082 	 248.366
FHW13165	410.125 	 88.626 	 248.964
FHW13165	410.250 	 88.627 	 248.370
FHW13165	410.375 	 88.616 	 248.798
FHW13165	410.500 	 88.630 	 248.536
FHW13165	410.625 	 88.623 	 248.798
FHW13165	410.750 	 88.620 	 248.370
FHW13165	410.875 	 89.086 	 248.964
FHW13165	411.000 	 88.627 	 248.366
FHW13165	411.125 	 88.626 	 248.964
FHW13165	411.250 	 88.620 	 248.370
FHW13165	411.375 	 88.623 	 248.794
FHW13165	411.500 	 88.630 	 248.539
FHW13165	411.625 	 88.616 	 248.798
FHW13165	411.750 	 89.089 	 248.539
FHW13165	411.875 	 88.623 	 248.794
FHW13165	412.000 	 88.620 	 248.370
FHW13165	412.125 	 88.633 	 248.964
FHW13165	412.250 	 88.620 	 248.366
FHW13165	412.375 	 89.086 	 248.961
FHW13165	412.500 	 89.080 	 248.800
FHW13165	412.625 	 88.630 	 248.536
FHW13165	412.750 	 89.080 	 248.797
FHW13165	412.875 	 89.086 	 248.961
FHW13165	413.000 	 89.080 	 248.798
FHW13165	413.125 	 88.630 	 248.539
FHW13165	413.250 	 89.080 	 248.794
FHW13165	413.375 	 89.086 	 248.964
FHW13165	413.500 	 89.080 	 248.798
FHW13165	413.625 	 88.637 	 248.539
FHW13165	413.750 	 89.073 	 248.794
FHW13165	413.875 	 89.086 	 248.964
FHW13165	414.000 	 89.080 	 248.798
FHW13165	414.125 	 88.637 	 248.539
FHW13165	414.250 	 89.080 	 248.794
FHW13165	414.375 	 89.080 	 248.798
FHW13165	414.500 	 89.089 	 248.539
FHW13165	414.625 	 88.616 	 248.798
FHW13165	414.750 	 89.086 	 248.961
FHW13165	414.875 	 89.080 	 248.798
FHW13165	415.000 	 89.089 	 248.539
FHW13165	415.125 	 88.616 	 248.794
FHW13165	415.250 	 89.086 	 248.961
FHW13165	415.375 	 89.080 	 248.800
FHW13165	415.500 	 89.089 	 248.536
FHW13165	415.625 	 88.616 	 248.794
FHW13165	415.750 	 89.086 	 248.964
FHW13165	415.875 	 89.080 	 248.798
FHW13165	416.000 	 89.089 	 248.539
FHW13165	416.125 	 88.616 	 248.794
FHW13165	416.250 	 89.086 	 248.964
FHW13165	416.375 	 89.082 	 248.370
FHW13165	416.500 	 89.086 	 248.964
FHW13165	416.625 	 88.623 	 248.794
FHW13165	416.750 	 89.086 	 248.964
FHW13165	416.875 	 89.075 	 248.370
FHW13165	417.000 	 89.086 	 248.964
FHW13165	417.125 	 89.080 	 248.794
FHW13165	417.250 	 88.633 	 248.964
FHW13165	417.375 	 89.082 	 248.370
FHW13165	417.500 	 89.086 	 248.961
FHW13165	417.625 	 89.080 	 248.797
FHW13165	417.750 	 88.626 	 248.961
FHW13165	417.875 	 89.082 	 248.370
FHW13165	418.000 	 89.086 	 248.964
FHW13165	418.125 	 89.080 	 248.794
FHW13165	418.250 	 88.630 	 248.539
FHW13165	418.375 	 89.080 	 248.798
FHW13165	418.500 	 89.086 	 248.964
FHW13165	418.625 	 89.080 	 248.794
FHW13165	418.750 	 88.630 	 248.539
FHW13165	418.875 	 89.080 	 248.798
FHW13165	419.000 	 89.086 	 248.961
FHW13165	419.125 	 89.080 	 248.798
FHW13165	419.250 	 88.630 	 248.539
FHW13165	419.375 	 89.080 	 248.798
FHW13165	419.500 	 89.086 	 248.961
FHW13165	419.625 	 89.080 	 248.798
FHW13165	419.750 	 88.637 	 248.536
FHW13165	419.875 	 89.080 	 248.800
FHW13165	420.000 	 89.079 	 248.958
FHW13165	420.125 	 89.082 	 248.370
FHW13165	420.250 	 88.633 	 248.964
FHW13165	420.375 	 89.080 	 248.798
FHW13165	420.500 	 89.086 	 248.961
FHW13165	420.625 	 89.082 	 248.370
FHW13165	420.750 	 88.626 	 248.964
FHW13165	420.875 	 89.080 	 248.798
FHW13165	421.000 	 89.086 	 248.961
FHW13165	421.125 	 89.082 	 248.370
FHW13165	421.250 	 88.626 	 248.964
FHW13165	421.375 	 89.080 	 248.798
FHW13165	421.500 	 89.086 	 248.961
FHW13165	421.625 	 89.082 	 248.370
FHW13165	421.750 	 88.620 	 248.370
FHW13165	421.875 	 88.637 	 248.536
FHW13165	422.000 	 89.082 	 248.370
FHW13165	422.125 	 88.620 	 248.370
FHW13165	422.250 	 89.082 	 248.366
FHW13165	422.375 	 88.620 	 248.370
FHW13165	422.500 	 88.627 	 248.372
FHW13165	422.625 	 89.089 	 248.536
FHW13165	422.750 	 88.620 	 248.366
FHW13165	422.875 	 88.620 	 248.372
FHW13165	423.000 	 89.082 	 248.370
FHW13165	423.125 	 88.627 	 248.366
FHW13165	423.250 	 89.089 	 248.539
FHW13165	423.375 	 88.620 	 248.370
FHW13165	423.500 	 88.620 	 248.366
FHW13165	423.625 	 89.082 	 248.370
FHW13165	423.750 	 88.627 	 248.370
FHW13165	423.875 	 88.620 	 248.369
FHW13165	424.000 	 89.089 	 248.536
FHW13165	424.125 	 88.627 	 248.370
FHW13165	424.250 	 89.075 	 248.369
FHW13165	424.375 	 88.631 	 247.944
FHW13165	424.500 	 88.620 	 248.370
FHW13165	424.625 	 89.089 	 248.536
FHW13165	424.750 	 88.627 	 248.370
FHW13165	424.875 	 88.620 	 248.370
FHW13165	425.000 	 89.082 	 248.370
FHW13165	425.125 	 88.620 	 248.366
FHW13165	425.250 	 88.627 	 248.372
FHW13165	425.375 	 89.089 	 248.536
FHW13165	425.500 	 88.620 	 248.366
FHW13165	425.625 	 89.082 	 248.372
FHW13165	425.750 	 88.620 	 248.370
FHW13165	425.875 	 88.627 	 248.366
FHW13165	426.000 	 89.082 	 248.370
FHW13165	426.125 	 88.630 	 248.539
FHW13165	426.250 	 88.620 	 248.366
FHW13165	426.375 	 89.082 	 248.370
FHW13165	426.500 	 88.627 	 248.370
FHW13165	426.625 	 89.082 	 248.369
FHW13165	426.750 	 88.630 	 248.536
FHW13165	426.875 	 88.620 	 248.370
FHW13165	427.000 	 89.082 	 248.372
FHW13165	427.125 	 88.631 	 247.941
FHW13165	427.250 	 88.620 	 248.370
FHW13165	427.375 	 89.082 	 248.370
FHW13165	427.500 	 88.630 	 248.536
FHW13165	427.625 	 89.082 	 248.370
FHW13165	427.750 	 88.627 	 248.370
FHW13165	427.875 	 88.620 	 248.366
FHW13165	428.000 	 89.082 	 248.372
FHW13165	428.125 	 88.630 	 248.536
FHW13165	428.250 	 88.627 	 248.366
FHW13165	428.375 	 89.082 	 248.372
FHW13165	428.500 	 88.620 	 248.370
FHW13165	428.625 	 89.082 	 248.366
FHW13165	428.750 	 88.627 	 248.370
FHW13165	428.875 	 88.630 	 248.539
FHW13165	429.000 	 89.082 	 248.366
FHW13165	429.125 	 88.620 	 248.370
FHW13165	429.250 	 88.627 	 248.370
FHW13165	429.375 	 89.082 	 248.372
FHW13165	429.500 	 88.620 	 248.366
FHW13165	429.625 	 88.630 	 248.536
FHW13165	429.750 	 89.082 	 248.372
FHW13165	429.875 	 88.631 	 247.941
FHW13165	430.000 	 89.082 	 248.370
FHW13165	430.125 	 88.620 	 248.370
FHW13165	430.250 	 88.630 	 248.536
FHW13165	430.375 	 89.082 	 248.370
FHW13165	430.500 	 88.627 	 248.370
FHW13165	430.625 	 88.620 	 248.366
FHW13165	430.750 	 89.082 	 248.372
FHW13165	430.875 	 88.620 	 248.370
FHW13165	431.000 	 89.089 	 248.533
FHW13165	431.125 	 88.621 	 247.773
FHW13165	431.250 	 89.088 	 247.522
FHW13165	431.375 	 89.081 	 247.344
FHW13165	431.500 	 89.074 	 247.347
FHW13165	431.625 	 88.639 	 247.098
FHW13165	431.750 	 89.081 	 247.345
FHW13165	431.875 	 89.081 	 247.344
FHW13165	432.000 	 89.088 	 247.522
FHW13165	432.125 	 88.618 	 247.344
FHW13165	432.250 	 89.088 	 247.522
FHW13165	432.375 	 89.081 	 247.344
FHW13165	432.500 	 89.081 	 247.345
FHW13165	432.625 	 89.088 	 247.518
FHW13165	432.750 	 88.618 	 247.347
FHW13165	432.875 	 89.081 	 247.347
FHW13165	433.000 	 89.091 	 247.098
FHW13165	433.125 	 89.081 	 247.347
FHW13165	433.250 	 89.081 	 247.341
FHW13165	433.375 	 88.628 	 247.522
FHW13165	433.500 	 89.081 	 247.344
FHW13165	433.625 	 89.081 	 247.345
FHW13165	433.750 	 89.088 	 247.518
FHW13165	433.875 	 88.618 	 247.350
FHW13165	434.000 	 89.081 	 247.341
FHW13165	434.125 	 89.088 	 247.522
FHW13165	434.250 	 89.081 	 247.341
FHW13165	434.375 	 89.088 	 247.527
FHW13165	434.500 	 88.629 	 246.919
FHW13165	434.625 	 89.074 	 247.345
FHW13165	434.750 	 89.088 	 247.522
FHW13165	434.875 	 89.081 	 247.347
FHW13165	435.000 	 89.081 	 247.345
FHW13165	435.125 	 88.635 	 247.518
FHW13165	435.250 	 89.081 	 247.345
FHW13165	435.375 	 89.081 	 247.347
FHW13165	435.500 	 89.081 	 247.522
FHW13165	435.625 	 88.625 	 247.341
FHW13165	435.750 	 89.081 	 247.345
FHW13165	435.875 	 89.091 	 247.098
FHW13165	436.000 	 89.081 	 247.350
FHW13165	436.125 	 89.088 	 247.518
FHW13165	436.250 	 88.618 	 247.345
FHW13165	436.375 	 89.081 	 247.350
FHW13165	436.500 	 89.088 	 247.518
FHW13165	436.625 	 89.081 	 247.345
FHW13165	436.750 	 89.081 	 247.341
FHW13165	436.875 	 88.628 	 247.522
FHW13165	437.000 	 89.081 	 247.347
FHW13165	437.125 	 89.081 	 247.345
FHW13165	437.250 	 89.091 	 247.098
FHW13165	437.375 	 88.618 	 247.345
FHW13165	437.500 	 89.081 	 247.347
FHW13165	437.625 	 89.088 	 247.522
FHW13165	437.750 	 89.081 	 247.341
FHW13165	437.875 	 89.088 	 247.522
FHW13165	438.000 	 88.618 	 247.350
FHW13165	438.125 	 89.081 	 247.341
FHW13165	438.250 	 89.088 	 247.522
FHW13165	438.375 	 89.081 	 247.341
FHW13165	438.500 	 89.081 	 247.350
FHW13165	438.625 	 88.633 	 247.098
FHW13165	438.750 	 89.081 	 247.345
FHW13165	438.875 	 89.081 	 247.341
FHW13165	439.000 	 89.088 	 247.522
FHW13165	439.125 	 88.625 	 247.347
FHW13165	439.250 	 89.081 	 247.345
FHW13165	439.375 	 89.081 	 247.518
FHW13165	439.500 	 89.081 	 247.345
FHW13165	439.625 	 89.081 	 247.350
FHW13165	439.750 	 88.635 	 247.518
FHW13165	439.875 	 89.081 	 247.345
FHW13165	440.000 	 89.088 	 247.518
FHW13165	440.125 	 89.077 	 246.927
FHW13165	440.250 	 89.081 	 247.341
FHW13165	440.375 	 88.635 	 247.522
FHW13165	440.500 	 89.538 	 246.919
FHW13165	440.625 	 89.544 	 246.322
FHW13165	440.750 	 90.000 	 246.498
FHW13165	440.875 	 89.535 	 246.742
FHW13165	441.000 	 90.000 	 246.502
FHW13165	441.125 	 90.000 	 246.498
FHW13165	441.250 	 89.544 	 246.322
FHW13165	441.375 	 90.000 	 246.498
FHW13165	441.500 	 89.537 	 246.319
FHW13165	441.625 	 90.000 	 246.502
FHW13165	441.750 	 89.547 	 246.498
FHW13165	441.875 	 90.000 	 246.322
FHW13165	442.000 	 89.540 	 246.498
FHW13165	442.125 	 90.000 	 246.319
FHW13165	442.250 	 89.547 	 246.502
FHW13165	442.375 	 90.000 	 246.919
FHW13165	442.500 	 89.537 	 246.322
FHW13165	442.625 	 90.000 	 246.498
FHW13165	442.750 	 89.537 	 246.322
FHW13165	442.875 	 90.000 	 246.498
FHW13165	443.000 	 89.547 	 246.504
FHW13165	443.125 	 90.000 	 246.317
FHW13165	443.250 	 89.540 	 246.498
FHW13165	443.375 	 90.000 	 246.322
FHW13165	443.500 	 89.547 	 246.498
FHW13165	443.625 	 90.000 	 246.504
FHW13165	443.750 	 89.535 	 246.739
FHW13165	443.875 	 90.000 	 246.498
FHW13165	444.000 	 89.544 	 246.322
FHW13165	444.125 	 90.000 	 246.498
FHW13165	444.250 	 89.540 	 246.504
FHW13165	444.375 	 90.000 	 246.317
FHW13165	444.500 	 89.547 	 246.504
FHW13165	444.625 	 90.000 	 246.317
FHW13165	444.750 	 89.540 	 246.498
FHW13165	444.875 	 90.000 	 246.504
FHW13165	445.000 	 89.543 	 246.317
FHW13165	445.125 	 90.000 	 246.924
FHW13165	445.250 	 89.536 	 246.317
FHW13165	445.375 	 90.000 	 246.498
FHW13165	445.500 	 89.547 	 246.507
FHW13165	445.625 	 90.000 	 246.314
FHW13165	445.750 	 89.540 	 246.504
FHW13165	445.875 	 90.000 	 246.317
FHW13165	446.000 	 89.540 	 246.504
FHW13165	446.125 	 90.000 	 246.502
FHW13165	446.250 	 89.543 	 246.314
FHW13165	446.375 	 90.000 	 246.504
FHW13165	446.500 	 89.536 	 246.317
FHW13165	446.625 	 90.000 	 246.924
FHW13165	446.750 	 89.547 	 246.502
FHW13165	446.875 	 90.000 	 246.314
FHW13165	447.000 	 89.540 	 246.504
FHW13165	447.125 	 90.000 	 246.317
FHW13165	447.250 	 89.547 	 246.504
FHW13165	447.375 	 90.000 	 246.502
FHW13165	447.500 	 89.537 	 246.319
FHW13165	447.625 	 90.000 	 246.498
FHW13165	447.750 	 89.543 	 246.317
FHW13165	447.875 	 90.000 	 246.504
FHW13165	448.000 	 90.000 	 246.922
FHW13165	448.125 	 89.537 	 246.319
FHW13165	448.250 	 90.000 	 246.498
FHW13165	448.375 	 89.543 	 246.317
FHW13165	448.500 	 90.000 	 246.504
FHW13165	448.625 	 89.540 	 246.502
FHW13165	448.750 	 90.000 	 246.319
FHW13165	448.875 	 89.547 	 246.498
FHW13165	449.000 	 90.000 	 246.322
FHW13165	449.125 	 89.540 	 246.498
FHW13165	449.250 	 90.000 	 246.502
FHW13165	449.375 	 89.544 	 246.319
FHW13165	449.500 	 90.000 	 246.922
FHW13165	449.625 	 89.537 	 246.319
FHW13165	449.750 	 90.000 	 246.498
FHW13165	449.875 	 90.461 	 245.480
FHW13165	450.000 	 90.455 	 245.899
FHW13165	450.125 	 90.462 	 245.899
FHW13165	450.250 	 90.455 	 245.897
FHW13165	450.375 	 90.460 	 245.482
FHW13165	450.500 	 90.455 	 245.894
FHW13165	450.625 	 90.462 	 245.899
FHW13165	450.750 	 90.455 	 245.897
FHW13165	450.875 	 90.462 	 245.899
FHW13165	451.000 	 90.454 	 245.476
FHW13165	451.125 	 90.462 	 245.902
FHW13165	451.250 	 90.455 	 245.899
FHW13165	451.375 	 90.462 	 245.894
FHW13165	451.500 	 90.453 	 245.485
FHW13165	451.625 	 90.462 	 245.894
FHW13165	451.750 	 90.462 	 245.899
FHW13165	451.875 	 90.455 	 245.897
FHW13165	452.000 	 90.462 	 245.899
FHW13165	452.125 	 90.454 	 245.476
FHW13165	452.250 	 90.462 	 245.902
FHW13165	452.375 	 90.455 	 245.899
FHW13165	452.500 	 90.462 	 245.894
FHW13165	452.625 	 90.455 	 245.902
FHW13165	452.750 	 90.461 	 245.476
FHW13165	452.875 	 90.455 	 245.899
FHW13165	453.000 	 90.462 	 245.894
FHW13165	453.125 	 90.455 	 245.902
FHW13165	453.250 	 90.461 	 245.476
FHW13165	453.375 	 90.462 	 245.899
FHW13165	453.500 	 90.455 	 245.902
FHW13165	453.625 	 90.462 	 245.894
FHW13165	453.750 	 90.452 	 246.081
FHW13165	453.875 	 90.460 	 245.485
FHW13165	454.000 	 90.455 	 245.894
FHW13165	454.125 	 90.462 	 245.899
FHW13165	454.250 	 90.455 	 245.902
FHW13165	454.375 	 90.461 	 245.476
FHW13165	454.500 	 90.455 	 245.899
FHW13165	454.625 	 90.462 	 245.894
FHW13165	454.750 	 90.455 	 245.902
FHW13165	454.875 	 90.462 	 245.894
FHW13165	455.000 	 90.453 	 245.482
FHW13165	455.125 	 90.462 	 245.897
FHW13165	455.250 	 90.462 	 245.899
FHW13165	455.375 	 90.455 	 245.899
FHW13165	455.500 	 90.461 	 245.480
FHW13165	455.625 	 90.455 	 245.899
FHW13165	455.750 	 90.462 	 245.894
FHW13165	455.875 	 90.455 	 245.902
FHW13165	456.000 	 90.462 	 245.894
FHW13165	456.125 	 90.453 	 245.482
FHW13165	456.250 	 90.462 	 245.897
FHW13165	456.375 	 90.455 	 245.899
FHW13165	456.500 	 90.462 	 245.899
FHW13165	456.625 	 90.455 	 245.897
FHW13165	456.750 	 90.460 	 245.482
FHW13165	456.875 	 90.462 	 245.894
FHW13165	457.000 	 90.455 	 245.899
FHW13165	457.125 	 90.462 	 245.897
FHW13165	457.250 	 90.453 	 245.482
FHW13165	457.375 	 90.462 	 245.894
FHW13165	457.500 	 90.455 	 245.902
FHW13165	457.625 	 90.462 	 245.894
FHW13165	457.750 	 90.455 	 245.899
FHW13165	457.875 	 90.460 	 245.485
FHW13165	458.000 	 90.455 	 245.894
FHW13165	458.125 	 90.462 	 245.899
FHW13165	458.250 	 90.455 	 245.897
FHW13165	458.375 	 90.460 	 245.482
FHW13165	458.500 	 90.455 	 245.894
FHW13165	458.625 	 90.462 	 245.899
FHW13165	458.750 	 90.462 	 245.897
FHW13165	458.875 	 90.455 	 245.899
FHW13165	459.000 	 90.460 	 245.482
FHW13165	459.125 	 90.917 	 245.897
FHW13165	459.250 	 90.914 	 245.482
FHW13165	459.375 	 90.454 	 245.476
FHW13165	459.500 	 90.921 	 245.290
FHW13165	459.625 	 90.917 	 245.902
FHW13165	459.750 	 90.921 	 245.476
FHW13165	459.875 	 90.453 	 245.482
FHW13165	460.000 	 90.921 	 245.287
FHW13165	460.125 	 90.914 	 245.482
FHW13165	460.250 	 90.917 	 245.899
FHW13165	460.375 	 90.461 	 245.476
FHW13165	460.500 	 90.921 	 245.293
FHW13165	460.625 	 90.914 	 245.476
FHW13165	460.750 	 90.914 	 245.482
FHW13165	460.875 	 90.462 	 245.902
FHW13165	461.000 	 90.921 	 245.284
FHW13165	461.125 	 90.914 	 245.482
FHW13165	461.250 	 90.914 	 245.476
FHW13165	461.375 	 90.455 	 245.902
FHW13165	461.500 	 90.921 	 245.290
FHW13165	461.625 	 90.914 	 245.476
FHW13165	461.750 	 90.921 	 245.482
FHW13165	461.875 	 90.454 	 245.480
FHW13165	462.000 	 90.924 	 245.709
FHW13165	462.125 	 90.914 	 245.482
FHW13165	462.250 	 90.461 	 245.476
FHW13165	462.375 	 90.914 	 245.485
FHW13165	462.500 	 90.917 	 245.894
FHW13165	462.625 	 90.921 	 245.290
FHW13165	462.750 	 90.460 	 245.485
FHW13165	462.875 	 90.914 	 245.476
FHW13165	463.000 	 90.914 	 245.482
FHW13165	463.125 	 90.924 	 245.709
FHW13165	463.250 	 90.454 	 245.480
FHW13165	463.375 	 90.914 	 245.482
FHW13165	463.500 	 90.914 	 245.476
FHW13165	463.625 	 90.921 	 245.290
FHW13165	463.750 	 90.462 	 245.902
FHW13165	463.875 	 90.914 	 245.476
FHW13165	464.000 	 90.914 	 245.482
FHW13165	464.125 	 90.921 	 245.293
FHW13165	464.250 	 90.462 	 245.894
FHW13165	464.375 	 90.914 	 245.482
FHW13165	464.500 	 90.914 	 245.476
FHW13165	464.625 	 90.921 	 245.293
FHW13165	464.750 	 90.460 	 245.482
FHW13165	464.875 	 90.917 	 245.894
FHW13165	465.000 	 90.914 	 245.482
FHW13165	465.125 	 90.921 	 245.287
FHW13165	465.250 	 90.453 	 245.482
FHW13165	465.375 	 90.917 	 245.894
FHW13165	465.500 	 90.914 	 245.485
FHW13165	465.625 	 90.921 	 245.290
FHW13165	465.750 	 90.461 	 245.476
FHW13165	465.875 	 90.914 	 245.482
FHW13165	466.000 	 90.917 	 245.897
FHW13165	466.125 	 90.921 	 245.290
FHW13165	466.250 	 90.460 	 245.482
FHW13165	466.375 	 90.914 	 245.476
FHW13165	466.500 	 90.917 	 245.902
FHW13165	466.625 	 90.921 	 245.290
FHW13165	466.750 	 90.461 	 245.476
FHW13165	466.875 	 90.914 	 245.485
FHW13165	467.000 	 90.914 	 245.476
FHW13165	467.125 	 90.917 	 245.899
FHW13165	467.250 	 90.457 	 245.290
FHW13165	467.375 	 90.914 	 245.480
FHW13165	467.500 	 90.914 	 245.482
FHW13165	467.625 	 90.914 	 245.476
FHW13165	467.750 	 90.465 	 245.709
FHW13165	467.875 	 90.914 	 245.485
FHW13165	468.000 	 90.914 	 245.476
FHW13165	468.125 	 90.914 	 245.482
FHW13165	468.250 	 90.465 	 245.712
FHW13165	468.375 	 91.367 	 245.476
FHW13165	468.500 	 90.914 	 245.482
FHW13165	468.625 	 90.928 	 245.284
FHW13165	468.750 	 91.367 	 245.485
FHW13165	468.875 	 90.914 	 245.482
FHW13165	469.000 	 91.374 	 245.476
FHW13165	469.125 	 90.921 	 245.290
FHW13165	469.250 	 91.379 	 245.897
FHW13165	469.375 	 90.914 	 245.482
FHW13165	469.500 	 90.921 	 245.290
FHW13165	469.625 	 91.367 	 245.476
FHW13165	469.750 	 90.914 	 245.485
FHW13165	469.875 	 91.384 	 245.290
FHW13165	470.000 	 90.914 	 245.476
FHW13165	470.125 	 90.914 	 245.482
FHW13165	470.250 	 91.379 	 245.897
FHW13165	470.375 	 90.921 	 245.290
FHW13165	470.500 	 91.367 	 245.482
FHW13165	470.625 	 90.914 	 245.480
FHW13165	470.750 	 90.928 	 245.290
FHW13165	470.875 	 91.367 	 245.482
FHW13165	471.000 	 90.914 	 245.476
FHW13165	471.125 	 91.384 	 245.293
FHW13165	471.250 	 90.917 	 245.894
FHW13165	471.375 	 91.367 	 245.482
FHW13165	471.500 	 90.921 	 245.482
FHW13165	471.625 	 90.921 	 245.287
FHW13165	471.750 	 91.367 	 245.479
FHW13165	471.875 	 90.914 	 245.483
FHW13165	472.000 	 91.384 	 245.290
FHW13165	472.125 	 90.914 	 245.482
FHW13165	472.250 	 90.917 	 245.897
FHW13165	472.375 	 91.384 	 245.290
FHW13165	472.500 	 90.914 	 245.482
FHW13165	472.625 	 91.367 	 245.476
FHW13165	472.750 	 90.914 	 245.482
FHW13165	472.875 	 90.921 	 245.290
FHW13165	473.000 	 91.374 	 245.476
FHW13165	473.125 	 90.914 	 245.482
FHW13165	473.250 	 91.385 	 245.290
FHW13165	473.375 	 90.917 	 245.896
FHW13165	473.500 	 90.914 	 245.482
FHW13165	473.625 	 91.385 	 245.284
FHW13165	473.750 	 90.914 	 245.488
FHW13165	473.875 	 91.367 	 245.476
FHW13165	474.000 	 90.914 	 245.482
FHW13165	474.125 	 91.384 	 245.290
FHW13165	474.250 	 90.914 	 245.476
FHW13165	474.375 	 90.917 	 245.902
FHW13165	474.500 	 91.384 	 245.290
FHW13165	474.625 	 90.914 	 245.476
FHW13165	474.750 	 91.367 	 245.482
FHW13165	474.875 	 90.921 	 245.290
FHW13165	475.000 	 90.914 	 245.476
FHW13165	475.125 	 91.374 	 245.488
FHW13165	475.250 	 90.914 	 245.476
FHW13165	475.375 	 91.389 	 245.706
FHW13165	475.500 	 90.914 	 245.482
FHW13165	475.625 	 90.914 	 245.483
FHW13165	475.750 	 91.384 	 245.290
FHW13165	475.875 	 90.914 	 245.476
FHW13165	476.000 	 91.367 	 245.482
FHW13165	476.125 	 90.921 	 245.290
FHW13165	476.250 	 91.374 	 245.476
FHW13165	476.375 	 90.917 	 245.902
FHW13165	476.500 	 90.914 	 245.476
FHW13165	476.625 	 91.384 	 245.290
FHW13165	476.750 	 90.914 	 245.482
FHW13165	476.875 	 91.367 	 245.476
FHW13165	477.000 	 90.921 	 245.296
FHW13165	477.125 	 90.914 	 245.482
FHW13165	477.250 	 91.374 	 245.476
FHW13165	477.375 	 90.917 	 245.896
FHW13165	477.500 	 91.384 	 245.296
FHW13165	477.625 	 90.914 	 245.476
FHW13165	477.750 	 90.914 	 245.482
FHW13165	477.875 	 91.378 	 245.284
FHW13165	478.000 	 90.921 	 245.482
FHW13165	478.125 	 91.367 	 245.482
FHW13165	478.250 	 90.921 	 245.284
FHW13165	478.375 	 90.917 	 245.902
FHW13165	478.500 	 91.374 	 245.476
FHW13165	478.625 	 90.914 	 245.482
FHW13165	478.750 	 91.384 	 245.290
FHW13165	478.875 	 90.914 	 245.483
FHW13165	479.000 	 91.367 	 245.482
FHW13165	479.125 	 90.921 	 245.290
FHW13165	479.250 	 90.914 	 245.476
FHW13165	479.375 	 91.379 	 245.902
FHW13165	479.500 	 90.921 	 245.290
FHW13165	479.625 	 91.374 	 245.476
FHW13165	479.750 	 90.914 	 245.482
FHW13165	479.875 	 90.914 	 245.476
FHW13165	480.000 	 91.377 	 245.290
FHW13165	480.125 	 90.921 	 245.482
FHW13165	480.250 	 91.367 	 245.476
FHW13165	480.375 	 90.924 	 245.712
FHW13165	480.500 	 90.914 	 245.476
FHW13165	480.625 	 91.374 	 245.482
FHW13165	480.750 	 90.921 	 245.296
FHW13165	480.875 	 91.374 	 245.476
FHW13165	481.000 	 90.914 	 245.482
FHW13165	481.125 	 91.367 	 245.476
FHW13165	481.250 	 90.921 	 245.290
FHW13165	481.375 	 90.917 	 245.902
FHW13165	481.500 	 91.374 	 245.476
FHW13165	481.625 	 90.921 	 245.290
FHW13165	481.750 	 91.374 	 245.482
FHW13165	481.875 	 90.914 	 245.476
FHW13165	482.000 	 90.921 	 245.290
FHW13165	482.125 	 91.367 	 245.482
FHW13165	482.250 	 90.921 	 245.483
FHW13165	482.375 	 91.372 	 245.896
FHW13165	482.500 	 90.921 	 245.284
FHW13165	482.625 	 90.914 	 245.482
FHW13165	482.750 	 91.374 	 245.488
FHW13165	482.875 	 90.921 	 245.284
FHW13165	483.000 	 91.374 	 245.482
FHW13165	483.125 	 90.914 	 245.476
FHW13165	483.250 	 90.921 	 245.290
FHW13165	483.375 	 91.367 	 245.482
FHW13165	483.500 	 90.917 	 245.897
FHW13165	483.625 	 91.374 	 245.482
FHW13165	483.750 	 90.921 	 245.290
FHW13165	483.875 	 91.374 	 245.476
FHW13165	484.000 	 90.914 	 245.482
FHW13165	484.125 	 90.921 	 245.296
FHW13165	484.250 	 91.367 	 245.476
FHW13165	484.375 	 90.914 	 245.482
FHW13165	484.500 	 91.389 	 245.700
FHW13165	484.625 	 90.914 	 245.488
FHW13165	484.750 	 90.914 	 245.476
FHW13165	484.875 	 91.374 	 245.482
FHW13165	485.000 	 90.921 	 245.290
FHW13165	485.125 	 91.374 	 245.476
FHW13165	485.250 	 90.914 	 245.482
FHW13165	485.375 	 90.921 	 245.290
FHW13165	485.500 	 91.372 	 245.897
FHW13165	485.625 	 90.914 	 245.482
FHW13165	485.750 	 91.384 	 245.290
FHW13165	485.875 	 90.914 	 245.476
FHW13165	486.000 	 91.374 	 245.488
