#WellName	 Depth.M	 INCL	 AZIM 
WellName	 Depth.M	 INCL	 AZIM 
FHW12251	0.000 	 0.000 	 0.000
FHW12251	0.125 	 0.066 	 0.000
FHW12251	0.250 	 0.066 	 0.000
FHW12251	0.375 	 0.066 	 0.000
FHW12251	0.500 	 0.066 	 0.000
FHW12251	0.625 	 0.066 	 0.000
FHW12251	0.750 	 0.066 	 0.000
FHW12251	0.875 	 0.066 	 0.000
FHW12251	1.000 	 0.066 	 0.000
FHW12251	1.125 	 0.066 	 0.000
FHW12251	1.250 	 0.066 	 0.000
FHW12251	1.375 	 0.066 	 0.000
FHW12251	1.500 	 0.066 	 0.000
FHW12251	1.625 	 0.066 	 0.000
FHW12251	1.750 	 0.066 	 0.000
FHW12251	1.875 	 0.066 	 0.000
FHW12251	2.000 	 0.066 	 0.000
FHW12251	2.125 	 0.066 	 0.000
FHW12251	2.250 	 0.066 	 0.000
FHW12251	2.375 	 0.066 	 0.000
FHW12251	2.500 	 0.066 	 0.000
FHW12251	2.625 	 0.066 	 0.000
FHW12251	2.750 	 0.066 	 0.000
FHW12251	2.875 	 0.066 	 0.000
FHW12251	3.000 	 0.066 	 0.000
FHW12251	3.125 	 0.066 	 0.000
FHW12251	3.250 	 0.066 	 0.000
FHW12251	3.375 	 0.066 	 0.000
FHW12251	3.500 	 0.066 	 0.000
FHW12251	3.625 	 0.066 	 0.000
FHW12251	3.750 	 0.066 	 0.000
FHW12251	3.875 	 0.066 	 0.000
FHW12251	4.000 	 0.066 	 0.000
FHW12251	4.125 	 0.066 	 0.000
FHW12251	4.250 	 0.066 	 0.000
FHW12251	4.375 	 0.066 	 0.000
FHW12251	4.500 	 0.066 	 0.000
FHW12251	4.625 	 0.066 	 0.000
FHW12251	4.750 	 0.066 	 0.000
FHW12251	4.875 	 0.066 	 0.000
FHW12251	5.000 	 0.066 	 0.000
FHW12251	5.125 	 0.066 	 0.000
FHW12251	5.250 	 0.066 	 0.000
FHW12251	5.375 	 0.066 	 0.000
FHW12251	5.500 	 0.066 	 0.000
FHW12251	5.625 	 0.066 	 0.000
FHW12251	5.750 	 0.066 	 0.000
FHW12251	5.875 	 0.066 	 0.000
FHW12251	6.000 	 0.066 	 0.000
FHW12251	6.125 	 0.066 	 0.000
FHW12251	6.250 	 0.066 	 0.000
FHW12251	6.375 	 0.066 	 0.000
FHW12251	6.500 	 0.066 	 0.000
FHW12251	6.625 	 0.066 	 0.000
FHW12251	6.750 	 0.066 	 0.000
FHW12251	6.875 	 0.066 	 0.000
FHW12251	7.000 	 0.066 	 0.000
FHW12251	7.125 	 0.066 	 0.000
FHW12251	7.250 	 0.066 	 0.000
FHW12251	7.375 	 0.066 	 0.000
FHW12251	7.500 	 0.066 	 0.000
FHW12251	7.625 	 0.066 	 0.000
FHW12251	7.750 	 0.066 	 0.000
FHW12251	7.875 	 0.066 	 0.000
FHW12251	8.000 	 0.066 	 0.000
FHW12251	8.125 	 0.066 	 0.000
FHW12251	8.250 	 0.066 	 0.000
FHW12251	8.375 	 0.066 	 0.000
FHW12251	8.500 	 0.066 	 0.000
FHW12251	8.625 	 0.066 	 0.000
FHW12251	8.750 	 0.066 	 0.000
FHW12251	8.875 	 0.066 	 0.000
FHW12251	9.000 	 0.066 	 0.000
FHW12251	9.125 	 0.066 	 0.000
FHW12251	9.250 	 0.066 	 0.000
FHW12251	9.375 	 0.066 	 0.000
FHW12251	9.500 	 0.066 	 0.000
FHW12251	9.625 	 0.066 	 0.000
FHW12251	9.750 	 0.066 	 0.000
FHW12251	9.875 	 0.066 	 0.000
FHW12251	10.000 	 0.066 	 0.000
FHW12251	10.125 	 0.066 	 0.000
FHW12251	10.250 	 0.066 	 0.000
FHW12251	10.375 	 0.066 	 0.000
FHW12251	10.500 	 0.066 	 0.000
FHW12251	10.625 	 0.066 	 0.000
FHW12251	10.750 	 0.066 	 0.000
FHW12251	10.875 	 0.066 	 0.000
FHW12251	11.000 	 0.066 	 0.000
FHW12251	11.125 	 0.066 	 0.000
FHW12251	11.250 	 0.066 	 0.000
FHW12251	11.375 	 0.066 	 0.000
FHW12251	11.500 	 0.066 	 0.000
FHW12251	11.625 	 0.066 	 0.000
FHW12251	11.750 	 0.066 	 0.000
FHW12251	11.875 	 0.066 	 0.000
FHW12251	12.000 	 0.066 	 0.000
FHW12251	12.125 	 0.066 	 0.000
FHW12251	12.250 	 0.066 	 0.000
FHW12251	12.375 	 0.066 	 0.000
FHW12251	12.500 	 0.066 	 0.000
FHW12251	12.625 	 0.066 	 0.000
FHW12251	12.750 	 0.066 	 0.000
FHW12251	12.875 	 0.066 	 0.000
FHW12251	13.000 	 0.066 	 0.000
FHW12251	13.125 	 0.066 	 0.000
FHW12251	13.250 	 0.066 	 0.000
FHW12251	13.375 	 0.066 	 0.000
FHW12251	13.500 	 0.066 	 0.000
FHW12251	13.625 	 0.066 	 0.000
FHW12251	13.750 	 0.066 	 0.000
FHW12251	13.875 	 0.066 	 0.000
FHW12251	14.000 	 0.066 	 0.000
FHW12251	14.125 	 0.066 	 0.000
FHW12251	14.250 	 0.066 	 0.000
FHW12251	14.375 	 0.066 	 0.000
FHW12251	14.500 	 0.066 	 0.000
FHW12251	14.625 	 0.066 	 0.000
FHW12251	14.750 	 0.066 	 0.000
FHW12251	14.875 	 0.066 	 0.000
FHW12251	15.000 	 0.066 	 0.000
FHW12251	15.125 	 0.066 	 0.000
FHW12251	15.250 	 0.066 	 0.000
FHW12251	15.375 	 0.066 	 0.000
FHW12251	15.500 	 0.066 	 0.000
FHW12251	15.625 	 0.066 	 0.000
FHW12251	15.750 	 0.066 	 0.000
FHW12251	15.875 	 0.066 	 0.000
FHW12251	16.000 	 0.066 	 0.000
FHW12251	16.125 	 0.066 	 0.000
FHW12251	16.250 	 0.066 	 0.000
FHW12251	16.375 	 0.066 	 0.000
FHW12251	16.500 	 0.066 	 0.000
FHW12251	16.625 	 0.066 	 0.000
FHW12251	16.750 	 0.066 	 0.000
FHW12251	16.875 	 0.066 	 0.000
FHW12251	17.000 	 0.066 	 0.000
FHW12251	17.125 	 0.066 	 0.000
FHW12251	17.250 	 0.066 	 0.000
FHW12251	17.375 	 0.066 	 0.000
FHW12251	17.500 	 0.066 	 0.000
FHW12251	17.625 	 0.066 	 0.000
FHW12251	17.750 	 0.066 	 0.000
FHW12251	17.875 	 0.066 	 0.000
FHW12251	18.000 	 0.066 	 0.000
FHW12251	18.125 	 0.066 	 0.000
FHW12251	18.250 	 0.066 	 0.000
FHW12251	18.375 	 0.066 	 0.000
FHW12251	18.500 	 0.066 	 0.000
FHW12251	18.625 	 0.066 	 0.000
FHW12251	18.750 	 0.066 	 0.000
FHW12251	18.875 	 0.066 	 0.000
FHW12251	19.000 	 0.066 	 0.000
FHW12251	19.125 	 0.066 	 0.000
FHW12251	19.250 	 0.066 	 0.000
FHW12251	19.375 	 0.066 	 0.000
FHW12251	19.500 	 0.066 	 0.000
FHW12251	19.625 	 0.066 	 0.000
FHW12251	19.750 	 0.066 	 0.000
FHW12251	19.875 	 0.066 	 0.000
FHW12251	20.000 	 0.066 	 0.000
FHW12251	20.125 	 0.066 	 0.000
FHW12251	20.250 	 0.066 	 0.000
FHW12251	20.375 	 0.066 	 0.000
FHW12251	20.500 	 0.066 	 0.000
FHW12251	20.625 	 0.066 	 0.000
FHW12251	20.750 	 0.066 	 0.000
FHW12251	20.875 	 0.066 	 0.000
FHW12251	21.000 	 0.066 	 0.000
FHW12251	21.125 	 0.066 	 0.000
FHW12251	21.250 	 0.066 	 0.000
FHW12251	21.375 	 0.066 	 0.000
FHW12251	21.500 	 0.066 	 0.000
FHW12251	21.625 	 0.066 	 0.000
FHW12251	21.750 	 0.066 	 0.000
FHW12251	21.875 	 0.066 	 0.000
FHW12251	22.000 	 0.066 	 0.000
FHW12251	22.125 	 0.066 	 0.000
FHW12251	22.250 	 0.066 	 0.000
FHW12251	22.375 	 0.066 	 0.000
FHW12251	22.500 	 0.066 	 0.000
FHW12251	22.625 	 0.066 	 0.000
FHW12251	22.750 	 0.066 	 0.000
FHW12251	22.875 	 0.066 	 0.000
FHW12251	23.000 	 0.066 	 0.000
FHW12251	23.125 	 0.066 	 0.000
FHW12251	23.250 	 0.066 	 0.000
FHW12251	23.375 	 0.066 	 0.000
FHW12251	23.500 	 0.066 	 0.000
FHW12251	23.625 	 0.066 	 0.000
FHW12251	23.750 	 0.066 	 0.000
FHW12251	23.875 	 0.066 	 0.000
FHW12251	24.000 	 0.066 	 0.000
FHW12251	24.125 	 0.066 	 0.000
FHW12251	24.250 	 0.066 	 0.000
FHW12251	24.375 	 0.066 	 0.000
FHW12251	24.500 	 0.066 	 0.000
FHW12251	24.625 	 0.066 	 0.000
FHW12251	24.750 	 0.066 	 0.000
FHW12251	24.875 	 0.066 	 0.000
FHW12251	25.000 	 0.066 	 0.000
FHW12251	25.125 	 0.066 	 0.000
FHW12251	25.250 	 0.066 	 0.000
FHW12251	25.375 	 0.066 	 0.000
FHW12251	25.500 	 0.066 	 0.000
FHW12251	25.625 	 0.066 	 0.000
FHW12251	25.750 	 0.066 	 0.000
FHW12251	25.875 	 0.066 	 0.000
FHW12251	26.000 	 0.066 	 0.000
FHW12251	26.125 	 0.066 	 0.000
FHW12251	26.250 	 0.066 	 0.000
FHW12251	26.375 	 0.066 	 0.000
FHW12251	26.500 	 0.066 	 0.000
FHW12251	26.625 	 0.066 	 0.000
FHW12251	26.750 	 0.066 	 0.000
FHW12251	26.875 	 0.066 	 0.000
FHW12251	27.000 	 0.066 	 0.000
FHW12251	27.125 	 0.066 	 0.000
FHW12251	27.250 	 0.066 	 0.000
FHW12251	27.375 	 0.066 	 0.000
FHW12251	27.500 	 0.066 	 0.000
FHW12251	27.625 	 0.066 	 0.000
FHW12251	27.750 	 0.066 	 0.000
FHW12251	27.875 	 0.066 	 0.000
FHW12251	28.000 	 0.066 	 0.000
FHW12251	28.125 	 0.066 	 0.000
FHW12251	28.250 	 0.066 	 0.000
FHW12251	28.375 	 0.066 	 0.000
FHW12251	28.500 	 0.066 	 0.000
FHW12251	28.625 	 0.066 	 0.000
FHW12251	28.750 	 0.066 	 0.000
FHW12251	28.875 	 0.066 	 0.000
FHW12251	29.000 	 0.066 	 0.000
FHW12251	29.125 	 0.066 	 0.000
FHW12251	29.250 	 0.066 	 0.000
FHW12251	29.375 	 0.066 	 0.000
FHW12251	29.500 	 0.066 	 0.000
FHW12251	29.625 	 0.066 	 0.000
FHW12251	29.750 	 0.066 	 0.000
FHW12251	29.875 	 0.066 	 0.000
FHW12251	30.000 	 0.066 	 0.000
FHW12251	30.125 	 0.066 	 0.000
FHW12251	30.250 	 0.066 	 0.000
FHW12251	30.375 	 0.066 	 0.000
FHW12251	30.500 	 0.066 	 0.000
FHW12251	30.625 	 0.066 	 0.000
FHW12251	30.750 	 0.066 	 0.000
FHW12251	30.875 	 0.066 	 0.000
FHW12251	31.000 	 0.066 	 0.000
FHW12251	31.125 	 0.066 	 0.000
FHW12251	31.250 	 0.066 	 0.000
FHW12251	31.375 	 0.066 	 0.000
FHW12251	31.500 	 0.066 	 0.000
FHW12251	31.625 	 0.066 	 0.000
FHW12251	31.750 	 0.066 	 0.000
FHW12251	31.875 	 0.066 	 0.000
FHW12251	32.000 	 0.066 	 0.000
FHW12251	32.125 	 0.066 	 0.000
FHW12251	32.250 	 0.066 	 0.000
FHW12251	32.375 	 0.066 	 0.000
FHW12251	32.500 	 0.066 	 0.000
FHW12251	32.625 	 0.066 	 0.000
FHW12251	32.750 	 0.066 	 0.000
FHW12251	32.875 	 0.066 	 0.000
FHW12251	33.000 	 0.066 	 0.000
FHW12251	33.125 	 0.066 	 0.000
FHW12251	33.250 	 0.066 	 0.000
FHW12251	33.375 	 0.066 	 0.000
FHW12251	33.500 	 0.066 	 0.000
FHW12251	33.625 	 0.066 	 0.000
FHW12251	33.750 	 0.066 	 0.000
FHW12251	33.875 	 0.066 	 0.000
FHW12251	34.000 	 0.066 	 0.000
FHW12251	34.125 	 0.066 	 0.000
FHW12251	34.250 	 0.066 	 0.000
FHW12251	34.375 	 0.066 	 0.000
FHW12251	34.500 	 0.066 	 0.000
FHW12251	34.625 	 0.066 	 0.000
FHW12251	34.750 	 0.066 	 0.000
FHW12251	34.875 	 0.066 	 0.000
FHW12251	35.000 	 0.066 	 0.000
FHW12251	35.125 	 0.066 	 0.000
FHW12251	35.250 	 0.066 	 0.000
FHW12251	35.375 	 0.066 	 0.000
FHW12251	35.500 	 0.066 	 0.000
FHW12251	35.625 	 0.066 	 0.000
FHW12251	35.750 	 0.066 	 0.000
FHW12251	35.875 	 0.066 	 0.000
FHW12251	36.000 	 0.066 	 0.000
FHW12251	36.125 	 0.066 	 0.000
FHW12251	36.250 	 0.066 	 0.000
FHW12251	36.375 	 0.066 	 0.000
FHW12251	36.500 	 0.066 	 0.000
FHW12251	36.625 	 0.066 	 0.000
FHW12251	36.750 	 0.066 	 0.000
FHW12251	36.875 	 0.066 	 0.000
FHW12251	37.000 	 0.066 	 0.000
FHW12251	37.125 	 0.066 	 0.000
FHW12251	37.250 	 0.066 	 0.000
FHW12251	37.375 	 0.066 	 0.000
FHW12251	37.500 	 0.066 	 0.000
FHW12251	37.625 	 0.066 	 0.000
FHW12251	37.750 	 0.066 	 0.000
FHW12251	37.875 	 0.066 	 0.000
FHW12251	38.000 	 0.066 	 0.000
FHW12251	38.125 	 0.066 	 0.000
FHW12251	38.250 	 0.066 	 0.000
FHW12251	38.375 	 0.066 	 0.000
FHW12251	38.500 	 0.066 	 0.000
FHW12251	38.625 	 0.066 	 0.000
FHW12251	38.750 	 0.066 	 0.000
FHW12251	38.875 	 0.066 	 0.000
FHW12251	39.000 	 0.066 	 0.000
FHW12251	39.125 	 0.066 	 0.000
FHW12251	39.250 	 0.066 	 0.000
FHW12251	39.375 	 0.066 	 0.000
FHW12251	39.500 	 0.066 	 0.000
FHW12251	39.625 	 0.066 	 0.000
FHW12251	39.750 	 0.066 	 0.000
FHW12251	39.875 	 0.066 	 0.000
FHW12251	40.000 	 0.066 	 0.000
FHW12251	40.125 	 0.066 	 0.000
FHW12251	40.250 	 0.066 	 0.000
FHW12251	40.375 	 0.066 	 0.000
FHW12251	40.500 	 0.066 	 0.000
FHW12251	40.625 	 0.066 	 0.000
FHW12251	40.750 	 0.066 	 0.000
FHW12251	40.875 	 0.066 	 0.000
FHW12251	41.000 	 0.066 	 0.000
FHW12251	41.125 	 0.066 	 0.000
FHW12251	41.250 	 0.066 	 0.000
FHW12251	41.375 	 0.066 	 0.000
FHW12251	41.500 	 0.066 	 0.000
FHW12251	41.625 	 0.066 	 0.000
FHW12251	41.750 	 0.066 	 0.000
FHW12251	41.875 	 0.066 	 0.000
FHW12251	42.000 	 0.066 	 0.000
FHW12251	42.125 	 0.066 	 0.000
FHW12251	42.250 	 0.066 	 0.000
FHW12251	42.375 	 0.066 	 0.000
FHW12251	42.500 	 0.066 	 0.000
FHW12251	42.625 	 0.066 	 0.000
FHW12251	42.750 	 0.066 	 0.000
FHW12251	42.875 	 0.066 	 0.000
FHW12251	43.000 	 0.066 	 0.000
FHW12251	43.125 	 0.066 	 0.000
FHW12251	43.250 	 0.066 	 0.000
FHW12251	43.375 	 0.066 	 0.000
FHW12251	43.500 	 0.066 	 0.000
FHW12251	43.625 	 0.066 	 0.000
FHW12251	43.750 	 0.066 	 0.000
FHW12251	43.875 	 0.066 	 0.000
FHW12251	44.000 	 0.066 	 0.000
FHW12251	44.125 	 0.066 	 0.000
FHW12251	44.250 	 0.471 	 21.626
FHW12251	44.375 	 0.527 	 21.801
FHW12251	44.500 	 0.527 	 21.801
FHW12251	44.625 	 0.527 	 21.801
FHW12251	44.750 	 0.527 	 21.801
FHW12251	44.875 	 0.527 	 21.801
FHW12251	45.000 	 0.527 	 21.801
FHW12251	45.125 	 0.527 	 21.801
FHW12251	45.250 	 0.527 	 21.801
FHW12251	45.375 	 0.527 	 21.801
FHW12251	45.500 	 0.527 	 21.801
FHW12251	45.625 	 0.527 	 21.801
FHW12251	45.750 	 0.527 	 21.801
FHW12251	45.875 	 0.527 	 21.802
FHW12251	46.000 	 0.527 	 21.801
FHW12251	46.125 	 0.527 	 21.802
FHW12251	46.250 	 0.527 	 21.801
FHW12251	46.375 	 0.527 	 21.802
FHW12251	46.500 	 0.527 	 21.801
FHW12251	46.625 	 0.527 	 21.801
FHW12251	46.750 	 0.527 	 21.802
FHW12251	46.875 	 0.527 	 21.801
FHW12251	47.000 	 0.527 	 21.801
FHW12251	47.125 	 0.527 	 21.801
FHW12251	47.250 	 0.527 	 21.802
FHW12251	47.375 	 0.527 	 21.801
FHW12251	47.500 	 0.527 	 21.801
FHW12251	47.625 	 0.527 	 21.801
FHW12251	47.750 	 0.527 	 21.801
FHW12251	47.875 	 0.527 	 21.802
FHW12251	48.000 	 0.527 	 21.801
FHW12251	48.125 	 0.527 	 21.801
FHW12251	48.250 	 0.527 	 21.801
FHW12251	48.375 	 0.527 	 21.801
FHW12251	48.500 	 0.527 	 21.801
FHW12251	48.625 	 0.527 	 21.801
FHW12251	48.750 	 0.527 	 21.802
FHW12251	48.875 	 0.527 	 21.801
FHW12251	49.000 	 0.527 	 21.801
FHW12251	49.125 	 0.527 	 21.801
FHW12251	49.250 	 0.527 	 21.801
FHW12251	49.375 	 0.527 	 21.801
FHW12251	49.500 	 0.527 	 21.802
FHW12251	49.625 	 0.527 	 21.802
FHW12251	49.750 	 0.527 	 21.801
FHW12251	49.875 	 0.527 	 21.801
FHW12251	50.000 	 0.527 	 21.801
FHW12251	50.125 	 1.518 	 12.529
FHW12251	50.250 	 1.518 	 12.529
FHW12251	50.375 	 1.518 	 12.529
FHW12251	50.500 	 1.518 	 12.529
FHW12251	50.625 	 1.518 	 12.529
FHW12251	50.750 	 1.518 	 12.529
FHW12251	50.875 	 1.518 	 12.529
FHW12251	51.000 	 1.518 	 12.529
FHW12251	51.125 	 1.518 	 12.529
FHW12251	51.250 	 1.518 	 12.529
FHW12251	51.375 	 1.518 	 12.529
FHW12251	51.500 	 1.518 	 12.529
FHW12251	51.625 	 1.518 	 12.529
FHW12251	51.750 	 1.518 	 12.529
FHW12251	51.875 	 1.518 	 12.529
FHW12251	52.000 	 1.518 	 12.529
FHW12251	52.125 	 1.518 	 12.529
FHW12251	52.250 	 1.518 	 12.529
FHW12251	52.375 	 1.518 	 12.529
FHW12251	52.500 	 1.518 	 12.529
FHW12251	52.625 	 1.518 	 12.529
FHW12251	52.750 	 1.518 	 12.529
FHW12251	52.875 	 1.518 	 12.529
FHW12251	53.000 	 1.518 	 12.529
FHW12251	53.125 	 1.518 	 12.529
FHW12251	53.250 	 1.518 	 12.529
FHW12251	53.375 	 1.518 	 12.529
FHW12251	53.500 	 1.826 	 14.314
FHW12251	53.625 	 3.457 	 18.435
FHW12251	53.750 	 3.457 	 18.435
FHW12251	53.875 	 3.457 	 18.435
FHW12251	54.000 	 3.457 	 18.435
FHW12251	54.125 	 3.457 	 18.435
FHW12251	54.250 	 3.457 	 18.435
FHW12251	54.375 	 3.457 	 18.435
FHW12251	54.500 	 3.457 	 18.435
FHW12251	54.625 	 3.457 	 18.435
FHW12251	54.750 	 3.457 	 18.435
FHW12251	54.875 	 3.457 	 18.435
FHW12251	55.000 	 3.457 	 18.435
FHW12251	55.125 	 3.457 	 18.435
FHW12251	55.250 	 3.457 	 18.435
FHW12251	55.375 	 3.457 	 18.435
FHW12251	55.500 	 3.457 	 18.435
FHW12251	55.625 	 3.457 	 18.435
FHW12251	55.750 	 3.457 	 18.435
FHW12251	55.875 	 3.457 	 18.435
FHW12251	56.000 	 3.457 	 18.435
FHW12251	56.125 	 3.457 	 18.435
FHW12251	56.250 	 3.457 	 18.435
FHW12251	56.375 	 3.457 	 18.435
FHW12251	56.500 	 3.457 	 18.435
FHW12251	56.625 	 3.457 	 18.435
FHW12251	56.750 	 3.457 	 18.435
FHW12251	56.875 	 3.457 	 18.435
FHW12251	57.000 	 3.457 	 18.435
FHW12251	57.125 	 3.457 	 18.435
FHW12251	57.250 	 3.457 	 18.435
FHW12251	57.375 	 3.457 	 18.435
FHW12251	57.500 	 3.457 	 18.435
FHW12251	57.625 	 3.457 	 18.435
FHW12251	57.750 	 3.457 	 18.435
FHW12251	57.875 	 3.457 	 18.435
FHW12251	58.000 	 3.457 	 18.435
FHW12251	58.125 	 3.457 	 18.435
FHW12251	58.250 	 3.457 	 18.435
FHW12251	58.375 	 3.457 	 18.435
FHW12251	58.500 	 3.457 	 18.435
FHW12251	58.625 	 3.457 	 18.435
FHW12251	58.750 	 3.457 	 18.435
FHW12251	58.875 	 3.457 	 18.435
FHW12251	59.000 	 3.457 	 18.435
FHW12251	59.125 	 3.457 	 18.435
FHW12251	59.250 	 3.457 	 18.435
FHW12251	59.375 	 3.457 	 18.435
FHW12251	59.500 	 3.457 	 18.435
FHW12251	59.625 	 3.457 	 18.435
FHW12251	59.750 	 3.457 	 18.435
FHW12251	59.875 	 3.457 	 18.435
FHW12251	60.000 	 3.457 	 18.435
FHW12251	60.125 	 3.457 	 18.435
FHW12251	60.250 	 3.457 	 18.435
FHW12251	60.375 	 3.457 	 18.435
FHW12251	60.500 	 3.457 	 18.435
FHW12251	60.625 	 3.457 	 18.435
FHW12251	60.750 	 3.457 	 18.435
FHW12251	60.875 	 3.457 	 18.435
FHW12251	61.000 	 3.457 	 18.435
FHW12251	61.125 	 3.457 	 18.435
FHW12251	61.250 	 3.457 	 18.435
FHW12251	61.375 	 3.457 	 18.435
FHW12251	61.500 	 3.457 	 18.435
FHW12251	61.625 	 3.457 	 18.435
FHW12251	61.750 	 3.457 	 18.435
FHW12251	61.875 	 3.457 	 18.435
FHW12251	62.000 	 3.457 	 18.435
FHW12251	62.125 	 3.457 	 18.435
FHW12251	62.250 	 3.457 	 18.435
FHW12251	62.375 	 3.457 	 18.435
FHW12251	62.500 	 5.877 	 17.510
FHW12251	62.625 	 6.482 	 17.387
FHW12251	62.750 	 6.482 	 17.387
FHW12251	62.875 	 6.482 	 17.387
FHW12251	63.000 	 6.482 	 17.387
FHW12251	63.125 	 6.482 	 17.387
FHW12251	63.250 	 6.482 	 17.387
FHW12251	63.375 	 6.482 	 17.387
FHW12251	63.500 	 6.482 	 17.387
FHW12251	63.625 	 6.482 	 17.387
FHW12251	63.750 	 6.482 	 17.387
FHW12251	63.875 	 6.482 	 17.387
FHW12251	64.000 	 6.482 	 17.387
FHW12251	64.125 	 6.483 	 17.387
FHW12251	64.250 	 6.482 	 17.387
FHW12251	64.375 	 6.482 	 17.387
FHW12251	64.500 	 6.482 	 17.387
FHW12251	64.625 	 6.482 	 17.387
FHW12251	64.750 	 6.482 	 17.387
FHW12251	64.875 	 6.482 	 17.387
FHW12251	65.000 	 6.482 	 17.387
FHW12251	65.125 	 6.482 	 17.387
FHW12251	65.250 	 6.482 	 17.387
FHW12251	65.375 	 6.482 	 17.387
FHW12251	65.500 	 6.482 	 17.387
FHW12251	65.625 	 6.482 	 17.387
FHW12251	65.750 	 6.482 	 17.387
FHW12251	65.875 	 6.482 	 17.387
FHW12251	66.000 	 6.482 	 17.387
FHW12251	66.125 	 6.482 	 17.387
FHW12251	66.250 	 6.482 	 17.387
FHW12251	66.375 	 6.482 	 17.387
FHW12251	66.500 	 6.482 	 17.387
FHW12251	66.625 	 6.482 	 17.387
FHW12251	66.750 	 6.482 	 17.387
FHW12251	66.875 	 6.482 	 17.387
FHW12251	67.000 	 6.482 	 17.387
FHW12251	67.125 	 6.482 	 17.387
FHW12251	67.250 	 6.483 	 17.387
FHW12251	67.375 	 6.482 	 17.387
FHW12251	67.500 	 6.482 	 17.387
FHW12251	67.625 	 6.482 	 17.387
FHW12251	67.750 	 6.482 	 17.387
FHW12251	67.875 	 6.482 	 17.387
FHW12251	68.000 	 6.482 	 17.387
FHW12251	68.125 	 6.482 	 17.387
FHW12251	68.250 	 6.483 	 17.387
FHW12251	68.375 	 6.482 	 17.387
FHW12251	68.500 	 6.482 	 17.387
FHW12251	68.625 	 6.482 	 17.387
FHW12251	68.750 	 6.482 	 17.387
FHW12251	68.875 	 6.483 	 17.387
FHW12251	69.000 	 6.482 	 17.387
FHW12251	69.125 	 6.482 	 17.387
FHW12251	69.250 	 6.482 	 17.387
FHW12251	69.375 	 6.482 	 17.387
FHW12251	69.500 	 6.482 	 17.387
FHW12251	69.625 	 6.482 	 17.387
FHW12251	69.750 	 6.482 	 17.387
FHW12251	69.875 	 6.483 	 17.387
FHW12251	70.000 	 6.482 	 17.387
FHW12251	70.125 	 6.482 	 17.387
FHW12251	70.250 	 6.482 	 17.387
FHW12251	70.375 	 6.482 	 17.387
FHW12251	70.500 	 6.482 	 17.387
FHW12251	70.625 	 6.482 	 17.387
FHW12251	70.750 	 6.482 	 17.387
FHW12251	70.875 	 6.483 	 17.387
FHW12251	71.000 	 6.482 	 17.387
FHW12251	71.125 	 6.482 	 17.387
FHW12251	71.250 	 6.482 	 17.387
FHW12251	71.375 	 6.482 	 17.387
FHW12251	71.500 	 6.482 	 17.387
FHW12251	71.625 	 7.487 	 17.192
FHW12251	71.750 	 10.071 	 16.869
FHW12251	71.875 	 10.071 	 16.869
FHW12251	72.000 	 10.071 	 16.869
FHW12251	72.125 	 10.070 	 16.869
FHW12251	72.250 	 10.071 	 16.869
FHW12251	72.375 	 10.071 	 16.869
FHW12251	72.500 	 10.070 	 16.868
FHW12251	72.625 	 10.071 	 16.869
FHW12251	72.750 	 10.071 	 16.869
FHW12251	72.875 	 10.071 	 16.869
FHW12251	73.000 	 10.070 	 16.869
FHW12251	73.125 	 10.071 	 16.869
FHW12251	73.250 	 10.071 	 16.869
FHW12251	73.375 	 10.070 	 16.869
FHW12251	73.500 	 10.071 	 16.869
FHW12251	73.625 	 10.071 	 16.869
FHW12251	73.750 	 10.071 	 16.868
FHW12251	73.875 	 10.070 	 16.869
FHW12251	74.000 	 10.071 	 16.869
FHW12251	74.125 	 10.071 	 16.869
FHW12251	74.250 	 10.070 	 16.869
FHW12251	74.375 	 10.071 	 16.869
FHW12251	74.500 	 10.071 	 16.869
FHW12251	74.625 	 10.071 	 16.869
FHW12251	74.750 	 10.070 	 16.869
FHW12251	74.875 	 10.071 	 16.869
FHW12251	75.000 	 10.071 	 16.869
FHW12251	75.125 	 10.070 	 16.869
FHW12251	75.250 	 10.071 	 16.869
FHW12251	75.375 	 10.071 	 16.869
FHW12251	75.500 	 10.071 	 16.869
FHW12251	75.625 	 10.070 	 16.869
FHW12251	75.750 	 10.071 	 16.869
FHW12251	75.875 	 10.071 	 16.869
FHW12251	76.000 	 10.070 	 16.869
FHW12251	76.125 	 10.071 	 16.869
FHW12251	76.250 	 10.071 	 16.869
FHW12251	76.375 	 10.071 	 16.869
FHW12251	76.500 	 10.070 	 16.868
FHW12251	76.625 	 10.071 	 16.869
FHW12251	76.750 	 10.071 	 16.869
FHW12251	76.875 	 10.071 	 16.869
FHW12251	77.000 	 10.070 	 16.869
FHW12251	77.125 	 10.071 	 16.868
FHW12251	77.250 	 10.071 	 16.869
FHW12251	77.375 	 10.070 	 16.869
FHW12251	77.500 	 10.071 	 16.869
FHW12251	77.625 	 10.071 	 16.868
FHW12251	77.750 	 10.071 	 16.869
FHW12251	77.875 	 10.070 	 16.868
FHW12251	78.000 	 10.071 	 16.869
FHW12251	78.125 	 10.071 	 16.869
FHW12251	78.250 	 10.071 	 16.868
FHW12251	78.375 	 10.070 	 16.869
FHW12251	78.500 	 10.071 	 16.868
FHW12251	78.625 	 10.071 	 16.869
FHW12251	78.750 	 10.070 	 16.869
FHW12251	78.875 	 10.071 	 16.869
FHW12251	79.000 	 10.071 	 16.869
FHW12251	79.125 	 10.071 	 16.869
FHW12251	79.250 	 10.070 	 16.869
FHW12251	79.375 	 10.071 	 16.869
FHW12251	79.500 	 10.071 	 16.868
FHW12251	79.625 	 10.070 	 16.869
FHW12251	79.750 	 10.071 	 16.869
FHW12251	79.875 	 10.071 	 16.869
FHW12251	80.000 	 10.071 	 16.869
FHW12251	80.125 	 10.070 	 16.868
FHW12251	80.250 	 10.071 	 16.869
FHW12251	80.375 	 10.071 	 16.869
FHW12251	80.500 	 10.070 	 16.869
FHW12251	80.625 	 10.071 	 16.869
FHW12251	80.750 	 10.071 	 16.869
FHW12251	80.875 	 10.862 	 16.477
FHW12251	81.000 	 14.033 	 15.345
FHW12251	81.125 	 14.033 	 15.345
FHW12251	81.250 	 14.033 	 15.345
FHW12251	81.375 	 14.033 	 15.345
FHW12251	81.500 	 14.033 	 15.345
FHW12251	81.625 	 14.033 	 15.345
FHW12251	81.750 	 14.033 	 15.345
FHW12251	81.875 	 14.033 	 15.345
FHW12251	82.000 	 14.033 	 15.345
FHW12251	82.125 	 14.033 	 15.345
FHW12251	82.250 	 14.033 	 15.345
FHW12251	82.375 	 14.033 	 15.345
FHW12251	82.500 	 14.033 	 15.345
FHW12251	82.625 	 14.033 	 15.345
FHW12251	82.750 	 14.033 	 15.345
FHW12251	82.875 	 14.033 	 15.345
FHW12251	83.000 	 14.033 	 15.345
FHW12251	83.125 	 14.033 	 15.345
FHW12251	83.250 	 14.033 	 15.345
FHW12251	83.375 	 14.033 	 15.345
FHW12251	83.500 	 14.033 	 15.345
FHW12251	83.625 	 14.033 	 15.345
FHW12251	83.750 	 14.033 	 15.345
FHW12251	83.875 	 14.033 	 15.345
FHW12251	84.000 	 14.033 	 15.345
FHW12251	84.125 	 14.033 	 15.345
FHW12251	84.250 	 14.033 	 15.345
FHW12251	84.375 	 14.033 	 15.345
FHW12251	84.500 	 14.033 	 15.345
FHW12251	84.625 	 14.033 	 15.345
FHW12251	84.750 	 14.033 	 15.345
FHW12251	84.875 	 14.033 	 15.345
FHW12251	85.000 	 14.033 	 15.345
FHW12251	85.125 	 14.033 	 15.345
FHW12251	85.250 	 14.032 	 15.346
FHW12251	85.375 	 14.033 	 15.345
FHW12251	85.500 	 14.033 	 15.345
FHW12251	85.625 	 14.033 	 15.345
FHW12251	85.750 	 14.033 	 15.345
FHW12251	85.875 	 14.033 	 15.345
FHW12251	86.000 	 14.033 	 15.345
FHW12251	86.125 	 14.033 	 15.345
FHW12251	86.250 	 14.033 	 15.345
FHW12251	86.375 	 14.033 	 15.345
FHW12251	86.500 	 14.033 	 15.345
FHW12251	86.625 	 14.033 	 15.345
FHW12251	86.750 	 14.033 	 15.345
FHW12251	86.875 	 14.033 	 15.345
FHW12251	87.000 	 14.033 	 15.345
FHW12251	87.125 	 14.033 	 15.345
FHW12251	87.250 	 14.033 	 15.345
FHW12251	87.375 	 14.033 	 15.346
FHW12251	87.500 	 14.033 	 15.345
FHW12251	87.625 	 14.033 	 15.345
FHW12251	87.750 	 14.033 	 15.345
FHW12251	87.875 	 14.033 	 15.345
FHW12251	88.000 	 14.033 	 15.345
FHW12251	88.125 	 14.033 	 15.345
FHW12251	88.250 	 14.033 	 15.345
FHW12251	88.375 	 14.033 	 15.345
FHW12251	88.500 	 14.033 	 15.345
FHW12251	88.625 	 14.033 	 15.345
FHW12251	88.750 	 14.033 	 15.345
FHW12251	88.875 	 14.033 	 15.345
FHW12251	89.000 	 14.033 	 15.345
FHW12251	89.125 	 14.033 	 15.345
FHW12251	89.250 	 14.033 	 15.345
FHW12251	89.375 	 14.032 	 15.345
FHW12251	89.500 	 14.033 	 15.345
FHW12251	89.625 	 14.033 	 15.345
FHW12251	89.750 	 14.033 	 15.345
FHW12251	89.875 	 14.033 	 15.345
FHW12251	90.000 	 14.033 	 15.345
FHW12251	90.125 	 16.432 	 14.897
FHW12251	90.250 	 18.030 	 14.663
FHW12251	90.375 	 18.029 	 14.662
FHW12251	90.500 	 18.030 	 14.663
FHW12251	90.625 	 18.031 	 14.663
FHW12251	90.750 	 18.029 	 14.663
FHW12251	90.875 	 18.030 	 14.663
FHW12251	91.000 	 18.031 	 14.663
FHW12251	91.125 	 18.029 	 14.663
FHW12251	91.250 	 18.031 	 14.663
FHW12251	91.375 	 18.030 	 14.663
FHW12251	91.500 	 18.029 	 14.663
FHW12251	91.625 	 18.030 	 14.663
FHW12251	91.750 	 18.031 	 14.663
FHW12251	91.875 	 18.029 	 14.663
FHW12251	92.000 	 18.030 	 14.663
FHW12251	92.125 	 18.031 	 14.663
FHW12251	92.250 	 18.029 	 14.663
FHW12251	92.375 	 18.030 	 14.663
FHW12251	92.500 	 18.030 	 14.663
FHW12251	92.625 	 18.029 	 14.662
FHW12251	92.750 	 18.030 	 14.663
FHW12251	92.875 	 18.029 	 14.663
FHW12251	93.000 	 18.030 	 14.663
FHW12251	93.125 	 18.031 	 14.663
FHW12251	93.250 	 18.029 	 14.663
FHW12251	93.375 	 18.031 	 14.663
FHW12251	93.500 	 18.030 	 14.663
FHW12251	93.625 	 18.029 	 14.663
FHW12251	93.750 	 18.031 	 14.663
FHW12251	93.875 	 18.031 	 14.663
FHW12251	94.000 	 18.029 	 14.663
FHW12251	94.125 	 18.030 	 14.663
FHW12251	94.250 	 18.030 	 14.663
FHW12251	94.375 	 18.029 	 14.663
FHW12251	94.500 	 18.031 	 14.663
FHW12251	94.625 	 18.030 	 14.663
FHW12251	94.750 	 18.029 	 14.663
FHW12251	94.875 	 18.031 	 14.663
FHW12251	95.000 	 18.029 	 14.663
FHW12251	95.125 	 18.030 	 14.663
FHW12251	95.250 	 18.030 	 14.663
FHW12251	95.375 	 18.029 	 14.663
FHW12251	95.500 	 18.030 	 14.663
FHW12251	95.625 	 18.030 	 14.662
FHW12251	95.750 	 18.029 	 14.663
FHW12251	95.875 	 18.031 	 14.663
FHW12251	96.000 	 18.030 	 14.663
FHW12251	96.125 	 18.029 	 14.663
FHW12251	96.250 	 18.031 	 14.663
FHW12251	96.375 	 18.030 	 14.663
FHW12251	96.500 	 18.029 	 14.663
FHW12251	96.625 	 18.030 	 14.662
FHW12251	96.750 	 18.030 	 14.663
FHW12251	96.875 	 18.029 	 14.663
FHW12251	97.000 	 18.031 	 14.663
FHW12251	97.125 	 18.030 	 14.663
FHW12251	97.250 	 18.029 	 14.663
FHW12251	97.375 	 18.030 	 14.663
FHW12251	97.500 	 18.030 	 14.663
FHW12251	97.625 	 18.029 	 14.662
FHW12251	97.750 	 18.031 	 14.663
FHW12251	97.875 	 18.030 	 14.663
FHW12251	98.000 	 18.029 	 14.663
FHW12251	98.125 	 18.031 	 14.663
FHW12251	98.250 	 18.029 	 14.663
FHW12251	98.375 	 18.030 	 14.662
FHW12251	98.500 	 18.030 	 14.663
FHW12251	98.625 	 18.029 	 14.663
FHW12251	98.750 	 18.030 	 14.662
FHW12251	98.875 	 18.031 	 14.663
FHW12251	99.000 	 18.029 	 14.663
FHW12251	99.125 	 18.030 	 14.663
FHW12251	99.250 	 18.030 	 14.663
FHW12251	99.375 	 18.197 	 14.634
FHW12251	99.500 	 22.236 	 14.075
FHW12251	99.625 	 22.235 	 14.075
FHW12251	99.750 	 22.236 	 14.076
FHW12251	99.875 	 22.235 	 14.075
FHW12251	100.000 	 22.234 	 14.076
FHW12251	100.125 	 22.236 	 14.075
FHW12251	100.250 	 22.234 	 14.076
FHW12251	100.375 	 22.235 	 14.075
FHW12251	100.500 	 22.236 	 14.075
FHW12251	100.625 	 22.234 	 14.076
FHW12251	100.750 	 22.236 	 14.075
FHW12251	100.875 	 22.234 	 14.076
FHW12251	101.000 	 22.235 	 14.075
FHW12251	101.125 	 22.236 	 14.075
FHW12251	101.250 	 22.234 	 14.076
FHW12251	101.375 	 22.236 	 14.075
FHW12251	101.500 	 22.234 	 14.076
FHW12251	101.625 	 22.235 	 14.075
FHW12251	101.750 	 22.236 	 14.076
FHW12251	101.875 	 22.235 	 14.075
FHW12251	102.000 	 22.235 	 14.075
FHW12251	102.125 	 22.236 	 14.076
FHW12251	102.250 	 22.235 	 14.075
FHW12251	102.375 	 22.236 	 14.076
FHW12251	102.500 	 22.235 	 14.075
FHW12251	102.625 	 22.235 	 14.075
FHW12251	102.750 	 22.236 	 14.076
FHW12251	102.875 	 22.235 	 14.075
FHW12251	103.000 	 22.236 	 14.076
FHW12251	103.125 	 22.235 	 14.075
FHW12251	103.250 	 22.235 	 14.075
FHW12251	103.375 	 22.236 	 14.076
FHW12251	103.500 	 22.235 	 14.075
FHW12251	103.625 	 22.236 	 14.076
FHW12251	103.750 	 22.235 	 14.075
FHW12251	103.875 	 22.235 	 14.075
FHW12251	104.000 	 22.236 	 14.076
FHW12251	104.125 	 22.235 	 14.075
FHW12251	104.250 	 22.234 	 14.076
FHW12251	104.375 	 22.236 	 14.075
FHW12251	104.500 	 22.234 	 14.076
FHW12251	104.625 	 22.236 	 14.075
FHW12251	104.750 	 22.235 	 14.075
FHW12251	104.875 	 22.234 	 14.076
FHW12251	105.000 	 22.236 	 14.075
FHW12251	105.125 	 22.234 	 14.076
FHW12251	105.250 	 22.236 	 14.075
FHW12251	105.375 	 22.234 	 14.076
FHW12251	105.500 	 22.235 	 14.075
FHW12251	105.625 	 22.236 	 14.075
FHW12251	105.750 	 22.234 	 14.076
FHW12251	105.875 	 22.235 	 14.075
FHW12251	106.000 	 22.236 	 14.075
FHW12251	106.125 	 22.234 	 14.076
FHW12251	106.250 	 22.236 	 14.075
FHW12251	106.375 	 22.235 	 14.076
FHW12251	106.500 	 22.235 	 14.075
FHW12251	106.625 	 22.236 	 14.076
FHW12251	106.750 	 22.235 	 14.075
FHW12251	106.875 	 22.236 	 14.075
FHW12251	107.000 	 22.234 	 14.076
FHW12251	107.125 	 22.235 	 14.075
FHW12251	107.250 	 22.236 	 14.075
FHW12251	107.375 	 22.234 	 14.076
FHW12251	107.500 	 22.234 	 14.076
FHW12251	107.625 	 22.236 	 14.075
FHW12251	107.750 	 22.235 	 14.075
FHW12251	107.875 	 22.236 	 14.076
FHW12251	108.000 	 22.235 	 14.075
FHW12251	108.125 	 22.235 	 14.075
FHW12251	108.250 	 22.236 	 14.076
FHW12251	108.375 	 22.235 	 14.075
FHW12251	108.500 	 22.236 	 14.076
FHW12251	108.625 	 22.235 	 14.075
FHW12251	108.750 	 23.550 	 13.930
FHW12251	108.875 	 26.350 	 13.664
FHW12251	109.000 	 26.351 	 13.664
FHW12251	109.125 	 26.350 	 13.664
FHW12251	109.250 	 26.350 	 13.664
FHW12251	109.375 	 26.350 	 13.664
FHW12251	109.500 	 26.351 	 13.664
FHW12251	109.625 	 26.350 	 13.664
FHW12251	109.750 	 26.350 	 13.664
FHW12251	109.875 	 26.350 	 13.664
FHW12251	110.000 	 26.351 	 13.664
FHW12251	110.125 	 26.350 	 13.664
FHW12251	110.250 	 26.350 	 13.664
FHW12251	110.375 	 26.351 	 13.664
FHW12251	110.500 	 26.350 	 13.664
FHW12251	110.625 	 26.350 	 13.664
FHW12251	110.750 	 26.350 	 13.664
FHW12251	110.875 	 26.351 	 13.664
FHW12251	111.000 	 26.350 	 13.664
FHW12251	111.125 	 26.350 	 13.664
FHW12251	111.250 	 26.350 	 13.664
FHW12251	111.375 	 26.351 	 13.664
FHW12251	111.500 	 26.350 	 13.664
FHW12251	111.625 	 26.350 	 13.664
FHW12251	111.750 	 26.350 	 13.664
FHW12251	111.875 	 26.351 	 13.664
FHW12251	112.000 	 26.350 	 13.664
FHW12251	112.125 	 26.350 	 13.664
FHW12251	112.250 	 26.350 	 13.664
FHW12251	112.375 	 26.351 	 13.664
FHW12251	112.500 	 26.350 	 13.664
FHW12251	112.625 	 26.350 	 13.664
FHW12251	112.750 	 26.350 	 13.664
FHW12251	112.875 	 26.351 	 13.664
FHW12251	113.000 	 26.350 	 13.664
FHW12251	113.125 	 26.350 	 13.664
FHW12251	113.250 	 26.350 	 13.664
FHW12251	113.375 	 26.351 	 13.664
FHW12251	113.500 	 26.350 	 13.664
FHW12251	113.625 	 26.350 	 13.664
FHW12251	113.750 	 26.350 	 13.664
FHW12251	113.875 	 26.351 	 13.664
FHW12251	114.000 	 26.350 	 13.664
FHW12251	114.125 	 26.350 	 13.664
FHW12251	114.250 	 26.350 	 13.664
FHW12251	114.375 	 26.351 	 13.664
FHW12251	114.500 	 26.350 	 13.664
FHW12251	114.625 	 26.350 	 13.664
FHW12251	114.750 	 26.350 	 13.664
FHW12251	114.875 	 26.351 	 13.664
FHW12251	115.000 	 26.350 	 13.664
FHW12251	115.125 	 26.349 	 13.664
FHW12251	115.250 	 26.350 	 13.664
FHW12251	115.375 	 26.351 	 13.664
FHW12251	115.500 	 26.350 	 13.664
FHW12251	115.625 	 26.349 	 13.664
FHW12251	115.750 	 26.350 	 13.664
FHW12251	115.875 	 26.351 	 13.664
FHW12251	116.000 	 26.350 	 13.664
FHW12251	116.125 	 26.349 	 13.664
FHW12251	116.250 	 26.350 	 13.664
FHW12251	116.375 	 26.351 	 13.664
FHW12251	116.500 	 26.350 	 13.664
FHW12251	116.625 	 26.350 	 13.664
FHW12251	116.750 	 26.350 	 13.664
FHW12251	116.875 	 26.351 	 13.664
FHW12251	117.000 	 26.350 	 13.664
FHW12251	117.125 	 26.350 	 13.664
FHW12251	117.250 	 26.350 	 13.664
FHW12251	117.375 	 26.351 	 13.664
FHW12251	117.500 	 26.350 	 13.664
FHW12251	117.625 	 26.350 	 13.664
FHW12251	117.750 	 26.350 	 13.664
FHW12251	117.875 	 26.351 	 13.664
FHW12251	118.000 	 27.381 	 13.958
FHW12251	118.125 	 30.652 	 14.768
FHW12251	118.250 	 30.652 	 14.768
FHW12251	118.375 	 30.650 	 14.768
FHW12251	118.500 	 30.652 	 14.768
FHW12251	118.625 	 30.652 	 14.768
FHW12251	118.750 	 30.652 	 14.768
FHW12251	118.875 	 30.650 	 14.769
FHW12251	119.000 	 30.652 	 14.768
FHW12251	119.125 	 30.651 	 14.768
FHW12251	119.250 	 30.652 	 14.768
FHW12251	119.375 	 30.652 	 14.769
FHW12251	119.500 	 30.650 	 14.768
FHW12251	119.625 	 30.651 	 14.768
FHW12251	119.750 	 30.652 	 14.768
FHW12251	119.875 	 30.652 	 14.769
FHW12251	120.000 	 30.650 	 14.768
FHW12251	120.125 	 30.652 	 14.768
FHW12251	120.250 	 30.652 	 14.769
FHW12251	120.375 	 30.652 	 14.768
FHW12251	120.500 	 30.650 	 14.768
FHW12251	120.625 	 30.652 	 14.768
FHW12251	120.750 	 30.651 	 14.768
FHW12251	120.875 	 30.652 	 14.768
FHW12251	121.000 	 30.650 	 14.768
FHW12251	121.125 	 30.652 	 14.768
FHW12251	121.250 	 30.651 	 14.768
FHW12251	121.375 	 30.652 	 14.768
FHW12251	121.500 	 30.651 	 14.768
FHW12251	121.625 	 30.650 	 14.769
FHW12251	121.750 	 30.652 	 14.768
FHW12251	121.875 	 30.651 	 14.768
FHW12251	122.000 	 30.652 	 14.768
FHW12251	122.125 	 30.650 	 14.769
FHW12251	122.250 	 30.652 	 14.768
FHW12251	122.375 	 30.652 	 14.769
FHW12251	122.500 	 30.652 	 14.768
FHW12251	122.625 	 30.651 	 14.768
FHW12251	122.750 	 30.650 	 14.768
FHW12251	122.875 	 30.652 	 14.768
FHW12251	123.000 	 30.652 	 14.769
FHW12251	123.125 	 30.652 	 14.768
FHW12251	123.250 	 30.650 	 14.768
FHW12251	123.375 	 30.652 	 14.768
FHW12251	123.500 	 30.651 	 14.768
FHW12251	123.625 	 30.652 	 14.768
FHW12251	123.750 	 30.650 	 14.769
FHW12251	123.875 	 30.652 	 14.768
FHW12251	124.000 	 30.651 	 14.768
FHW12251	124.125 	 30.652 	 14.768
FHW12251	124.250 	 30.650 	 14.769
FHW12251	124.375 	 30.651 	 14.768
FHW12251	124.500 	 30.652 	 14.768
FHW12251	124.625 	 30.651 	 14.768
FHW12251	124.750 	 30.652 	 14.768
FHW12251	124.875 	 30.650 	 14.768
FHW12251	125.000 	 30.652 	 14.768
FHW12251	125.125 	 30.652 	 14.769
FHW12251	125.250 	 30.652 	 14.768
FHW12251	125.375 	 30.650 	 14.768
FHW12251	125.500 	 30.651 	 14.768
FHW12251	125.625 	 30.652 	 14.768
FHW12251	125.750 	 30.651 	 14.768
FHW12251	125.875 	 30.652 	 14.768
FHW12251	126.000 	 30.650 	 14.768
FHW12251	126.125 	 30.652 	 14.768
FHW12251	126.250 	 30.651 	 14.768
FHW12251	126.375 	 30.652 	 14.768
FHW12251	126.500 	 30.650 	 14.769
FHW12251	126.625 	 30.651 	 14.768
FHW12251	126.750 	 30.652 	 14.768
FHW12251	126.875 	 30.652 	 14.768
FHW12251	127.000 	 30.650 	 14.768
FHW12251	127.125 	 30.651 	 14.768
FHW12251	127.250 	 30.652 	 14.768
FHW12251	127.375 	 33.019 	 17.989
FHW12251	127.500 	 33.783 	 18.921
FHW12251	127.625 	 33.783 	 18.922
FHW12251	127.750 	 33.785 	 18.922
FHW12251	127.875 	 33.783 	 18.921
FHW12251	128.000 	 33.782 	 18.922
FHW12251	128.125 	 33.783 	 18.921
FHW12251	128.250 	 33.785 	 18.922
FHW12251	128.375 	 33.783 	 18.922
FHW12251	128.500 	 33.783 	 18.921
FHW12251	128.625 	 33.783 	 18.922
FHW12251	128.750 	 33.784 	 18.922
FHW12251	128.875 	 33.783 	 18.922
FHW12251	129.000 	 33.783 	 18.922
FHW12251	129.125 	 33.783 	 18.921
FHW12251	129.250 	 33.785 	 18.922
FHW12251	129.375 	 33.782 	 18.922
FHW12251	129.500 	 33.783 	 18.922
FHW12251	129.625 	 33.785 	 18.922
FHW12251	129.750 	 33.783 	 18.921
FHW12251	129.875 	 33.783 	 18.922
FHW12251	130.000 	 33.782 	 18.922
FHW12251	130.125 	 33.785 	 18.921
FHW12251	130.250 	 33.783 	 18.922
FHW12251	130.375 	 33.783 	 18.921
FHW12251	130.500 	 33.783 	 18.922
FHW12251	130.625 	 33.784 	 18.922
FHW12251	130.750 	 33.783 	 18.921
FHW12251	130.875 	 33.783 	 18.922
FHW12251	131.000 	 33.783 	 18.921
FHW12251	131.125 	 33.785 	 18.922
FHW12251	131.250 	 33.782 	 18.922
FHW12251	131.375 	 33.783 	 18.921
FHW12251	131.500 	 33.783 	 18.922
FHW12251	131.625 	 33.785 	 18.922
FHW12251	131.750 	 33.783 	 18.921
FHW12251	131.875 	 33.783 	 18.922
FHW12251	132.000 	 33.784 	 18.922
FHW12251	132.125 	 33.783 	 18.922
FHW12251	132.250 	 33.783 	 18.922
FHW12251	132.375 	 33.783 	 18.921
FHW12251	132.500 	 33.785 	 18.922
FHW12251	132.625 	 33.783 	 18.921
FHW12251	132.750 	 33.782 	 18.922
FHW12251	132.875 	 33.783 	 18.922
FHW12251	133.000 	 33.785 	 18.921
FHW12251	133.125 	 33.781 	 18.922
FHW12251	133.250 	 33.785 	 18.922
FHW12251	133.375 	 33.784 	 18.922
FHW12251	133.500 	 33.781 	 18.922
FHW12251	133.625 	 33.785 	 18.921
FHW12251	133.750 	 33.785 	 18.922
FHW12251	133.875 	 33.781 	 18.921
FHW12251	134.000 	 33.784 	 18.922
FHW12251	134.125 	 33.781 	 18.922
FHW12251	134.250 	 33.785 	 18.921
FHW12251	134.375 	 33.785 	 18.922
FHW12251	134.500 	 33.781 	 18.922
FHW12251	134.625 	 33.784 	 18.922
FHW12251	134.750 	 33.785 	 18.922
FHW12251	134.875 	 33.781 	 18.922
FHW12251	135.000 	 33.785 	 18.921
FHW12251	135.125 	 33.785 	 18.922
FHW12251	135.250 	 33.780 	 18.922
FHW12251	135.375 	 33.785 	 18.921
FHW12251	135.500 	 33.781 	 18.921
FHW12251	135.625 	 33.785 	 18.922
FHW12251	135.750 	 33.785 	 18.922
FHW12251	135.875 	 33.780 	 18.922
FHW12251	136.000 	 33.785 	 18.921
FHW12251	136.125 	 33.784 	 18.922
FHW12251	136.250 	 33.781 	 18.921
FHW12251	136.375 	 33.785 	 18.922
FHW12251	136.500 	 33.780 	 18.922
FHW12251	136.625 	 33.785 	 18.921
FHW12251	136.750 	 35.366 	 22.435
FHW12251	136.875 	 36.003 	 23.724
FHW12251	137.000 	 36.007 	 23.725
FHW12251	137.125 	 36.003 	 23.725
FHW12251	137.250 	 36.007 	 23.725
FHW12251	137.375 	 36.002 	 23.725
FHW12251	137.500 	 36.007 	 23.725
FHW12251	137.625 	 36.003 	 23.725
FHW12251	137.750 	 36.007 	 23.725
FHW12251	137.875 	 36.003 	 23.725
FHW12251	138.000 	 36.007 	 23.725
FHW12251	138.125 	 36.003 	 23.725
FHW12251	138.250 	 36.007 	 23.725
FHW12251	138.375 	 36.003 	 23.725
FHW12251	138.500 	 36.007 	 23.725
FHW12251	138.625 	 36.003 	 23.725
FHW12251	138.750 	 36.007 	 23.725
FHW12251	138.875 	 36.003 	 23.725
FHW12251	139.000 	 36.007 	 23.725
FHW12251	139.125 	 36.002 	 23.725
FHW12251	139.250 	 36.007 	 23.725
FHW12251	139.375 	 36.003 	 23.725
FHW12251	139.500 	 36.007 	 23.725
FHW12251	139.625 	 36.003 	 23.725
FHW12251	139.750 	 36.007 	 23.725
FHW12251	139.875 	 36.003 	 23.725
FHW12251	140.000 	 36.007 	 23.725
FHW12251	140.125 	 36.002 	 23.725
FHW12251	140.250 	 36.007 	 23.725
FHW12251	140.375 	 36.003 	 23.725
FHW12251	140.500 	 36.007 	 23.725
FHW12251	140.625 	 36.002 	 23.725
FHW12251	140.750 	 36.007 	 23.725
FHW12251	140.875 	 36.003 	 23.725
FHW12251	141.000 	 36.007 	 23.725
FHW12251	141.125 	 36.003 	 23.725
FHW12251	141.250 	 36.006 	 23.726
FHW12251	141.375 	 36.003 	 23.725
FHW12251	141.500 	 36.007 	 23.724
FHW12251	141.625 	 36.003 	 23.725
FHW12251	141.750 	 36.007 	 23.725
FHW12251	141.875 	 36.003 	 23.725
FHW12251	142.000 	 36.007 	 23.725
FHW12251	142.125 	 36.003 	 23.725
FHW12251	142.250 	 36.007 	 23.725
FHW12251	142.375 	 36.003 	 23.725
FHW12251	142.500 	 36.007 	 23.724
FHW12251	142.625 	 36.003 	 23.725
FHW12251	142.750 	 36.007 	 23.725
FHW12251	142.875 	 36.003 	 23.725
FHW12251	143.000 	 36.007 	 23.725
FHW12251	143.125 	 36.003 	 23.725
FHW12251	143.250 	 36.007 	 23.725
FHW12251	143.375 	 36.003 	 23.725
FHW12251	143.500 	 36.007 	 23.725
FHW12251	143.625 	 36.003 	 23.725
FHW12251	143.750 	 36.007 	 23.724
FHW12251	143.875 	 36.003 	 23.725
FHW12251	144.000 	 36.007 	 23.725
FHW12251	144.125 	 36.003 	 23.725
FHW12251	144.250 	 36.006 	 23.726
FHW12251	144.375 	 36.003 	 23.725
FHW12251	144.500 	 36.007 	 23.725
FHW12251	144.625 	 36.003 	 23.725
FHW12251	144.750 	 36.007 	 23.724
FHW12251	144.875 	 36.003 	 23.725
FHW12251	145.000 	 36.007 	 23.725
FHW12251	145.125 	 36.003 	 23.725
FHW12251	145.250 	 36.007 	 23.725
FHW12251	145.375 	 36.003 	 23.725
FHW12251	145.500 	 37.753 	 26.532
FHW12251	145.625 	 38.454 	 27.564
FHW12251	145.750 	 38.449 	 27.564
FHW12251	145.875 	 38.450 	 27.564
FHW12251	146.000 	 38.449 	 27.564
FHW12251	146.125 	 38.449 	 27.564
FHW12251	146.250 	 38.454 	 27.564
FHW12251	146.375 	 38.449 	 27.564
FHW12251	146.500 	 38.449 	 27.564
FHW12251	146.625 	 38.450 	 27.563
FHW12251	146.750 	 38.454 	 27.564
FHW12251	146.875 	 38.449 	 27.564
FHW12251	147.000 	 38.450 	 27.563
FHW12251	147.125 	 38.449 	 27.564
FHW12251	147.250 	 38.449 	 27.564
FHW12251	147.375 	 38.454 	 27.563
FHW12251	147.500 	 38.449 	 27.564
FHW12251	147.625 	 38.450 	 27.564
FHW12251	147.750 	 38.449 	 27.564
FHW12251	147.875 	 38.454 	 27.564
FHW12251	148.000 	 38.450 	 27.564
FHW12251	148.125 	 38.449 	 27.564
FHW12251	148.250 	 38.449 	 27.564
FHW12251	148.375 	 38.454 	 27.564
FHW12251	148.500 	 38.449 	 27.564
FHW12251	148.625 	 38.449 	 27.564
FHW12251	148.750 	 38.450 	 27.564
FHW12251	148.875 	 38.449 	 27.564
FHW12251	149.000 	 38.454 	 27.564
FHW12251	149.125 	 38.450 	 27.564
FHW12251	149.250 	 38.449 	 27.564
FHW12251	149.375 	 38.449 	 27.564
FHW12251	149.500 	 38.454 	 27.564
FHW12251	149.625 	 38.450 	 27.564
FHW12251	149.750 	 38.449 	 27.564
FHW12251	149.875 	 38.450 	 27.564
FHW12251	150.000 	 38.454 	 27.564
FHW12251	150.125 	 38.449 	 27.564
FHW12251	150.250 	 38.450 	 27.564
FHW12251	150.375 	 38.450 	 27.564
FHW12251	150.500 	 38.449 	 27.565
FHW12251	150.625 	 38.454 	 27.563
FHW12251	150.750 	 38.450 	 27.564
FHW12251	150.875 	 38.449 	 27.565
FHW12251	151.000 	 38.450 	 27.563
FHW12251	151.125 	 38.454 	 27.564
FHW12251	151.250 	 38.449 	 27.565
FHW12251	151.375 	 38.450 	 27.563
FHW12251	151.500 	 38.450 	 27.564
FHW12251	151.625 	 38.449 	 27.565
FHW12251	151.750 	 38.454 	 27.563
FHW12251	151.875 	 38.450 	 27.564
FHW12251	152.000 	 38.450 	 27.564
FHW12251	152.125 	 38.449 	 27.565
FHW12251	152.250 	 38.454 	 27.563
FHW12251	152.375 	 38.450 	 27.564
FHW12251	152.500 	 38.449 	 27.565
FHW12251	152.625 	 38.450 	 27.563
FHW12251	152.750 	 38.454 	 27.564
FHW12251	152.875 	 38.449 	 27.565
FHW12251	153.000 	 38.450 	 27.563
FHW12251	153.125 	 38.450 	 27.564
FHW12251	153.250 	 38.449 	 27.565
FHW12251	153.375 	 38.454 	 27.563
FHW12251	153.500 	 38.450 	 27.564
FHW12251	153.625 	 38.449 	 27.565
FHW12251	153.750 	 38.450 	 27.564
FHW12251	153.875 	 38.454 	 27.563
FHW12251	154.000 	 38.449 	 27.565
FHW12251	154.125 	 38.450 	 27.564
FHW12251	154.250 	 38.450 	 27.563
FHW12251	154.375 	 38.453 	 27.565
FHW12251	154.500 	 38.450 	 27.564
FHW12251	154.625 	 38.450 	 27.563
FHW12251	154.750 	 38.450 	 27.564
FHW12251	154.875 	 38.449 	 27.565
FHW12251	155.000 	 41.016 	 30.077
FHW12251	155.125 	 41.659 	 30.666
FHW12251	155.250 	 41.660 	 30.664
FHW12251	155.375 	 41.655 	 30.666
FHW12251	155.500 	 41.660 	 30.664
FHW12251	155.625 	 41.659 	 30.666
FHW12251	155.750 	 41.660 	 30.664
FHW12251	155.875 	 41.659 	 30.666
FHW12251	156.000 	 41.660 	 30.664
FHW12251	156.125 	 41.659 	 30.666
FHW12251	156.250 	 41.660 	 30.664
FHW12251	156.375 	 41.659 	 30.666
FHW12251	156.500 	 41.660 	 30.664
FHW12251	156.625 	 41.659 	 30.666
FHW12251	156.750 	 41.660 	 30.664
FHW12251	156.875 	 41.659 	 30.666
FHW12251	157.000 	 41.660 	 30.664
FHW12251	157.125 	 41.659 	 30.666
FHW12251	157.250 	 41.660 	 30.664
FHW12251	157.375 	 41.659 	 30.666
FHW12251	157.500 	 41.660 	 30.664
FHW12251	157.625 	 41.655 	 30.666
FHW12251	157.750 	 41.661 	 30.665
FHW12251	157.875 	 41.659 	 30.666
FHW12251	158.000 	 41.661 	 30.665
FHW12251	158.125 	 41.659 	 30.666
FHW12251	158.250 	 41.661 	 30.665
FHW12251	158.375 	 41.659 	 30.666
FHW12251	158.500 	 41.661 	 30.665
FHW12251	158.625 	 41.659 	 30.666
FHW12251	158.750 	 41.661 	 30.665
FHW12251	158.875 	 41.659 	 30.666
FHW12251	159.000 	 41.661 	 30.665
FHW12251	159.125 	 41.659 	 30.666
FHW12251	159.250 	 41.661 	 30.665
FHW12251	159.375 	 41.659 	 30.666
FHW12251	159.500 	 41.661 	 30.665
FHW12251	159.625 	 41.659 	 30.666
FHW12251	159.750 	 41.661 	 30.665
FHW12251	159.875 	 41.655 	 30.666
FHW12251	160.000 	 41.661 	 30.665
FHW12251	160.125 	 41.659 	 30.666
FHW12251	160.250 	 41.661 	 30.665
FHW12251	160.375 	 41.659 	 30.666
FHW12251	160.500 	 41.661 	 30.665
FHW12251	160.625 	 41.659 	 30.666
FHW12251	160.750 	 41.660 	 30.664
FHW12251	160.875 	 41.659 	 30.666
FHW12251	161.000 	 41.660 	 30.664
FHW12251	161.125 	 41.659 	 30.666
FHW12251	161.250 	 41.660 	 30.664
FHW12251	161.375 	 41.659 	 30.666
FHW12251	161.500 	 41.660 	 30.664
FHW12251	161.625 	 41.659 	 30.666
FHW12251	161.750 	 41.661 	 30.665
FHW12251	161.875 	 41.659 	 30.666
FHW12251	162.000 	 41.656 	 30.664
FHW12251	162.125 	 41.659 	 30.666
FHW12251	162.250 	 41.661 	 30.665
FHW12251	162.375 	 41.659 	 30.666
FHW12251	162.500 	 41.660 	 30.664
FHW12251	162.625 	 41.659 	 30.666
FHW12251	162.750 	 41.661 	 30.665
FHW12251	162.875 	 41.659 	 30.666
FHW12251	163.000 	 41.660 	 30.664
FHW12251	163.125 	 41.659 	 30.666
FHW12251	163.250 	 41.661 	 30.665
FHW12251	163.375 	 41.659 	 30.666
FHW12251	163.500 	 41.661 	 30.665
FHW12251	163.625 	 41.659 	 30.666
FHW12251	163.750 	 41.661 	 30.665
FHW12251	163.875 	 41.659 	 30.666
FHW12251	164.000 	 41.661 	 30.665
FHW12251	164.125 	 41.659 	 30.666
FHW12251	164.250 	 41.661 	 30.665
FHW12251	164.375 	 43.790 	 32.063
FHW12251	164.500 	 45.775 	 33.259
FHW12251	164.625 	 45.774 	 33.260
FHW12251	164.750 	 45.775 	 33.258
FHW12251	164.875 	 45.774 	 33.260
FHW12251	165.000 	 45.780 	 33.259
FHW12251	165.125 	 45.774 	 33.260
FHW12251	165.250 	 45.775 	 33.259
FHW12251	165.375 	 45.774 	 33.260
FHW12251	165.500 	 45.775 	 33.259
FHW12251	165.625 	 45.775 	 33.258
FHW12251	165.750 	 45.774 	 33.260
FHW12251	165.875 	 45.775 	 33.259
FHW12251	166.000 	 45.774 	 33.260
FHW12251	166.125 	 45.775 	 33.259
FHW12251	166.250 	 45.774 	 33.260
FHW12251	166.375 	 45.775 	 33.259
FHW12251	166.500 	 45.774 	 33.259
FHW12251	166.625 	 45.780 	 33.259
FHW12251	166.750 	 45.775 	 33.259
FHW12251	166.875 	 45.774 	 33.259
FHW12251	167.000 	 45.775 	 33.259
FHW12251	167.125 	 45.774 	 33.259
FHW12251	167.250 	 45.775 	 33.259
FHW12251	167.375 	 45.774 	 33.259
FHW12251	167.500 	 45.775 	 33.259
FHW12251	167.625 	 45.774 	 33.259
FHW12251	167.750 	 45.775 	 33.258
FHW12251	167.875 	 45.775 	 33.259
FHW12251	168.000 	 45.774 	 33.259
FHW12251	168.125 	 45.775 	 33.259
FHW12251	168.250 	 45.774 	 33.259
FHW12251	168.375 	 45.780 	 33.259
FHW12251	168.500 	 45.774 	 33.259
FHW12251	168.625 	 45.775 	 33.258
FHW12251	168.750 	 45.774 	 33.260
FHW12251	168.875 	 45.775 	 33.258
FHW12251	169.000 	 45.775 	 33.259
FHW12251	169.125 	 45.774 	 33.259
FHW12251	169.250 	 45.775 	 33.259
FHW12251	169.375 	 45.774 	 33.259
FHW12251	169.500 	 45.775 	 33.258
FHW12251	169.625 	 45.774 	 33.260
FHW12251	169.750 	 45.775 	 33.258
FHW12251	169.875 	 45.775 	 33.259
FHW12251	170.000 	 45.779 	 33.259
FHW12251	170.125 	 45.775 	 33.259
FHW12251	170.250 	 45.774 	 33.259
FHW12251	170.375 	 45.775 	 33.258
FHW12251	170.500 	 45.774 	 33.260
FHW12251	170.625 	 45.775 	 33.258
FHW12251	170.750 	 45.774 	 33.260
FHW12251	170.875 	 45.775 	 33.258
FHW12251	171.000 	 45.774 	 33.260
FHW12251	171.125 	 45.775 	 33.258
FHW12251	171.250 	 45.775 	 33.258
FHW12251	171.375 	 45.774 	 33.260
FHW12251	171.500 	 45.775 	 33.258
FHW12251	171.625 	 45.779 	 33.260
FHW12251	171.750 	 45.775 	 33.258
FHW12251	171.875 	 45.774 	 33.260
FHW12251	172.000 	 45.775 	 33.258
FHW12251	172.125 	 45.775 	 33.258
FHW12251	172.250 	 45.774 	 33.260
FHW12251	172.375 	 45.775 	 33.258
FHW12251	172.500 	 45.774 	 33.260
FHW12251	172.625 	 45.775 	 33.258
FHW12251	172.750 	 45.774 	 33.260
FHW12251	172.875 	 45.775 	 33.258
FHW12251	173.000 	 45.775 	 33.258
FHW12251	173.125 	 45.774 	 33.260
FHW12251	173.250 	 45.780 	 33.258
FHW12251	173.375 	 45.774 	 33.260
FHW12251	173.500 	 45.775 	 33.258
FHW12251	173.625 	 47.381 	 34.257
FHW12251	173.750 	 49.441 	 35.451
FHW12251	173.875 	 49.447 	 35.452
FHW12251	174.000 	 49.440 	 35.453
FHW12251	174.125 	 49.441 	 35.451
FHW12251	174.250 	 49.446 	 35.454
FHW12251	174.375 	 49.441 	 35.451
FHW12251	174.500 	 49.440 	 35.454
FHW12251	174.625 	 49.441 	 35.451
FHW12251	174.750 	 49.446 	 35.454
FHW12251	174.875 	 49.441 	 35.451
FHW12251	175.000 	 49.440 	 35.454
FHW12251	175.125 	 49.446 	 35.451
FHW12251	175.250 	 49.440 	 35.454
FHW12251	175.375 	 49.441 	 35.451
FHW12251	175.500 	 49.447 	 35.452
FHW12251	175.625 	 49.440 	 35.453
FHW12251	175.750 	 49.441 	 35.452
FHW12251	175.875 	 49.445 	 35.453
FHW12251	176.000 	 49.441 	 35.452
FHW12251	176.125 	 49.440 	 35.453
FHW12251	176.250 	 49.441 	 35.452
FHW12251	176.375 	 49.445 	 35.453
FHW12251	176.500 	 49.441 	 35.452
FHW12251	176.625 	 49.440 	 35.453
FHW12251	176.750 	 49.447 	 35.452
FHW12251	176.875 	 49.440 	 35.453
FHW12251	177.000 	 49.441 	 35.452
FHW12251	177.125 	 49.445 	 35.453
FHW12251	177.250 	 49.441 	 35.452
FHW12251	177.375 	 49.441 	 35.451
FHW12251	177.500 	 49.446 	 35.454
FHW12251	177.625 	 49.441 	 35.451
FHW12251	177.750 	 49.440 	 35.454
FHW12251	177.875 	 49.446 	 35.451
FHW12251	178.000 	 49.440 	 35.454
FHW12251	178.125 	 49.441 	 35.451
FHW12251	178.250 	 49.440 	 35.454
FHW12251	178.375 	 49.446 	 35.451
FHW12251	178.500 	 49.440 	 35.454
FHW12251	178.625 	 49.441 	 35.451
FHW12251	178.750 	 49.447 	 35.452
FHW12251	178.875 	 49.440 	 35.453
FHW12251	179.000 	 49.441 	 35.452
FHW12251	179.125 	 49.445 	 35.453
FHW12251	179.250 	 49.441 	 35.452
FHW12251	179.375 	 49.440 	 35.453
FHW12251	179.500 	 49.447 	 35.452
FHW12251	179.625 	 49.440 	 35.453
FHW12251	179.750 	 49.441 	 35.451
FHW12251	179.875 	 49.440 	 35.454
FHW12251	180.000 	 49.447 	 35.452
FHW12251	180.125 	 49.440 	 35.453
FHW12251	180.250 	 49.441 	 35.451
FHW12251	180.375 	 49.446 	 35.454
FHW12251	180.500 	 49.441 	 35.451
FHW12251	180.625 	 49.441 	 35.452
FHW12251	180.750 	 49.445 	 35.453
FHW12251	180.875 	 49.441 	 35.452
FHW12251	181.000 	 49.440 	 35.453
FHW12251	181.125 	 49.447 	 35.452
FHW12251	181.250 	 49.440 	 35.453
FHW12251	181.375 	 49.441 	 35.452
FHW12251	181.500 	 49.440 	 35.453
FHW12251	181.625 	 49.447 	 35.452
FHW12251	181.750 	 49.440 	 35.453
FHW12251	181.875 	 49.441 	 35.452
FHW12251	182.000 	 49.446 	 35.451
FHW12251	182.125 	 49.440 	 35.454
FHW12251	182.250 	 49.440 	 35.453
FHW12251	182.375 	 49.447 	 35.452
FHW12251	182.500 	 49.441 	 35.451
FHW12251	182.625 	 49.440 	 35.454
FHW12251	182.750 	 49.446 	 35.451
FHW12251	182.875 	 50.688 	 36.259
FHW12251	183.000 	 52.918 	 37.625
FHW12251	183.125 	 52.924 	 37.625
FHW12251	183.250 	 52.919 	 37.624
FHW12251	183.375 	 52.924 	 37.625
FHW12251	183.500 	 52.918 	 37.625
FHW12251	183.625 	 52.924 	 37.624
FHW12251	183.750 	 52.918 	 37.625
FHW12251	183.875 	 52.924 	 37.625
FHW12251	184.000 	 52.919 	 37.624
FHW12251	184.125 	 52.924 	 37.625
FHW12251	184.250 	 52.918 	 37.625
FHW12251	184.375 	 52.924 	 37.624
FHW12251	184.500 	 52.918 	 37.625
FHW12251	184.625 	 52.918 	 37.625
FHW12251	184.750 	 52.924 	 37.624
FHW12251	184.875 	 52.918 	 37.625
FHW12251	185.000 	 52.924 	 37.625
FHW12251	185.125 	 52.919 	 37.624
FHW12251	185.250 	 52.924 	 37.625
FHW12251	185.375 	 52.918 	 37.625
FHW12251	185.500 	 52.924 	 37.624
FHW12251	185.625 	 52.918 	 37.625
FHW12251	185.750 	 52.924 	 37.625
FHW12251	185.875 	 52.919 	 37.624
FHW12251	186.000 	 52.924 	 37.625
FHW12251	186.125 	 52.918 	 37.625
FHW12251	186.250 	 52.924 	 37.624
FHW12251	186.375 	 52.918 	 37.625
FHW12251	186.500 	 52.924 	 37.625
FHW12251	186.625 	 52.919 	 37.624
FHW12251	186.750 	 52.924 	 37.625
FHW12251	186.875 	 52.918 	 37.625
FHW12251	187.000 	 52.924 	 37.624
FHW12251	187.125 	 52.918 	 37.625
FHW12251	187.250 	 52.924 	 37.625
FHW12251	187.375 	 52.919 	 37.624
FHW12251	187.500 	 52.923 	 37.625
FHW12251	187.625 	 52.918 	 37.625
FHW12251	187.750 	 52.924 	 37.624
FHW12251	187.875 	 52.918 	 37.625
FHW12251	188.000 	 52.924 	 37.625
FHW12251	188.125 	 52.919 	 37.624
FHW12251	188.250 	 52.924 	 37.625
FHW12251	188.375 	 52.918 	 37.625
FHW12251	188.500 	 52.924 	 37.624
FHW12251	188.625 	 52.918 	 37.625
FHW12251	188.750 	 52.924 	 37.625
FHW12251	188.875 	 52.919 	 37.624
FHW12251	189.000 	 52.924 	 37.625
FHW12251	189.125 	 52.918 	 37.625
FHW12251	189.250 	 52.924 	 37.624
FHW12251	189.375 	 52.918 	 37.625
FHW12251	189.500 	 52.924 	 37.625
FHW12251	189.625 	 52.919 	 37.624
FHW12251	189.750 	 52.924 	 37.625
FHW12251	189.875 	 52.918 	 37.625
FHW12251	190.000 	 52.924 	 37.624
FHW12251	190.125 	 52.918 	 37.625
FHW12251	190.250 	 52.918 	 37.625
FHW12251	190.375 	 52.924 	 37.624
FHW12251	190.500 	 52.918 	 37.625
FHW12251	190.625 	 52.924 	 37.625
FHW12251	190.750 	 52.919 	 37.624
FHW12251	190.875 	 52.924 	 37.625
FHW12251	191.000 	 52.918 	 37.625
FHW12251	191.125 	 52.924 	 37.624
FHW12251	191.250 	 52.918 	 37.625
FHW12251	191.375 	 52.924 	 37.625
FHW12251	191.500 	 52.919 	 37.624
FHW12251	191.625 	 52.924 	 37.625
FHW12251	191.750 	 52.918 	 37.625
FHW12251	191.875 	 52.924 	 37.625
FHW12251	192.000 	 52.919 	 37.624
FHW12251	192.125 	 52.924 	 37.625
FHW12251	192.250 	 54.731 	 38.602
FHW12251	192.375 	 55.432 	 38.971
FHW12251	192.500 	 55.432 	 38.971
FHW12251	192.625 	 55.438 	 38.970
FHW12251	192.750 	 55.432 	 38.971
FHW12251	192.875 	 55.432 	 38.971
FHW12251	193.000 	 55.438 	 38.971
FHW12251	193.125 	 55.432 	 38.970
FHW12251	193.250 	 55.432 	 38.971
FHW12251	193.375 	 55.432 	 38.971
FHW12251	193.500 	 55.438 	 38.970
FHW12251	193.625 	 55.432 	 38.971
FHW12251	193.750 	 55.432 	 38.971
FHW12251	193.875 	 55.438 	 38.971
FHW12251	194.000 	 55.432 	 38.970
FHW12251	194.125 	 55.432 	 38.971
FHW12251	194.250 	 55.438 	 38.971
FHW12251	194.375 	 55.432 	 38.971
FHW12251	194.500 	 55.432 	 38.970
FHW12251	194.625 	 55.438 	 38.971
FHW12251	194.750 	 55.432 	 38.971
FHW12251	194.875 	 55.432 	 38.970
FHW12251	195.000 	 55.438 	 38.971
FHW12251	195.125 	 55.432 	 38.971
FHW12251	195.250 	 55.432 	 38.971
FHW12251	195.375 	 55.432 	 38.970
FHW12251	195.500 	 55.438 	 38.971
FHW12251	195.625 	 55.432 	 38.971
FHW12251	195.750 	 55.432 	 38.970
FHW12251	195.875 	 55.438 	 38.971
FHW12251	196.000 	 55.432 	 38.971
FHW12251	196.125 	 57.159 	 40.199
FHW12251	196.250 	 57.158 	 40.199
FHW12251	196.375 	 57.165 	 40.199
FHW12251	196.500 	 57.159 	 40.198
FHW12251	196.625 	 57.159 	 40.200
FHW12251	196.750 	 57.159 	 40.198
FHW12251	196.875 	 57.159 	 40.200
FHW12251	197.000 	 57.159 	 40.198
FHW12251	197.125 	 57.165 	 40.199
FHW12251	197.250 	 57.158 	 40.199
FHW12251	197.375 	 57.159 	 40.199
FHW12251	197.500 	 57.159 	 40.198
FHW12251	197.625 	 57.159 	 40.200
FHW12251	197.750 	 57.165 	 40.198
FHW12251	197.875 	 57.159 	 40.200
FHW12251	198.000 	 57.159 	 40.198
FHW12251	198.125 	 57.159 	 40.199
FHW12251	198.250 	 57.158 	 40.199
FHW12251	198.375 	 57.165 	 40.199
FHW12251	198.500 	 57.159 	 40.198
FHW12251	198.625 	 57.159 	 40.200
FHW12251	198.750 	 57.159 	 40.198
FHW12251	198.875 	 57.159 	 40.200
FHW12251	199.000 	 57.159 	 40.198
FHW12251	199.125 	 57.165 	 40.199
FHW12251	199.250 	 57.158 	 40.199
FHW12251	199.375 	 57.159 	 40.199
FHW12251	199.500 	 57.159 	 40.198
FHW12251	199.625 	 57.159 	 40.200
FHW12251	199.750 	 57.165 	 40.198
FHW12251	199.875 	 57.159 	 40.200
FHW12251	200.000 	 57.159 	 40.198
FHW12251	200.125 	 57.159 	 40.199
FHW12251	200.250 	 57.158 	 40.199
FHW12251	200.375 	 57.165 	 40.199
FHW12251	200.500 	 57.159 	 40.198
FHW12251	200.625 	 57.159 	 40.200
FHW12251	200.750 	 57.159 	 40.198
FHW12251	200.875 	 57.159 	 40.200
FHW12251	201.000 	 57.159 	 40.198
FHW12251	201.125 	 57.165 	 40.198
FHW12251	201.250 	 57.159 	 40.201
FHW12251	201.375 	 58.058 	 41.058
FHW12251	201.500 	 59.678 	 42.551
FHW12251	201.625 	 59.677 	 42.549
FHW12251	201.750 	 59.678 	 42.548
FHW12251	201.875 	 59.672 	 42.551
FHW12251	202.000 	 59.677 	 42.549
FHW12251	202.125 	 59.678 	 42.548
FHW12251	202.250 	 59.678 	 42.551
FHW12251	202.375 	 59.672 	 42.548
FHW12251	202.500 	 59.677 	 42.552
FHW12251	202.625 	 59.678 	 42.548
FHW12251	202.750 	 59.672 	 42.548
FHW12251	202.875 	 59.677 	 42.552
FHW12251	203.000 	 59.678 	 42.548
FHW12251	203.125 	 59.678 	 42.550
FHW12251	203.250 	 59.671 	 42.551
FHW12251	203.375 	 59.678 	 42.548
FHW12251	203.500 	 59.678 	 42.550
FHW12251	203.625 	 59.677 	 42.551
FHW12251	203.750 	 59.672 	 42.550
FHW12251	203.875 	 59.678 	 42.548
FHW12251	204.000 	 59.677 	 42.551
FHW12251	204.125 	 59.678 	 42.550
FHW12251	204.250 	 59.672 	 42.548
FHW12251	204.375 	 59.677 	 42.552
FHW12251	204.500 	 59.678 	 42.548
FHW12251	204.625 	 59.678 	 42.548
FHW12251	204.750 	 59.671 	 42.552
FHW12251	204.875 	 59.678 	 42.548
FHW12251	205.000 	 59.677 	 42.551
FHW12251	205.125 	 59.672 	 42.550
FHW12251	205.250 	 59.678 	 42.548
FHW12251	205.375 	 59.677 	 42.552
FHW12251	205.500 	 59.678 	 42.548
FHW12251	205.625 	 59.672 	 42.548
FHW12251	205.750 	 59.677 	 42.552
FHW12251	205.875 	 59.678 	 42.548
FHW12251	206.000 	 59.678 	 42.550
FHW12251	206.125 	 59.671 	 42.551
FHW12251	206.250 	 59.678 	 42.548
FHW12251	206.375 	 59.678 	 42.550
FHW12251	206.500 	 59.677 	 42.551
FHW12251	206.625 	 59.672 	 42.550
FHW12251	206.750 	 59.678 	 42.548
FHW12251	206.875 	 59.677 	 42.551
FHW12251	207.000 	 59.672 	 42.550
FHW12251	207.125 	 59.678 	 42.548
FHW12251	207.250 	 59.677 	 42.551
FHW12251	207.375 	 59.678 	 42.550
FHW12251	207.500 	 59.672 	 42.548
FHW12251	207.625 	 59.677 	 42.552
FHW12251	207.750 	 59.678 	 42.548
FHW12251	207.875 	 59.678 	 42.548
FHW12251	208.000 	 59.671 	 42.552
FHW12251	208.125 	 59.678 	 42.548
FHW12251	208.250 	 59.678 	 42.550
FHW12251	208.375 	 59.677 	 42.551
FHW12251	208.500 	 59.672 	 42.548
FHW12251	208.625 	 59.678 	 42.550
FHW12251	208.750 	 59.677 	 42.551
FHW12251	208.875 	 59.678 	 42.550
FHW12251	209.000 	 59.672 	 42.548
FHW12251	209.125 	 59.677 	 42.551
FHW12251	209.250 	 59.678 	 42.550
FHW12251	209.375 	 59.678 	 42.548
FHW12251	209.500 	 59.671 	 42.551
FHW12251	209.625 	 59.678 	 42.550
FHW12251	209.750 	 59.678 	 42.548
FHW12251	209.875 	 59.671 	 42.552
FHW12251	210.000 	 59.678 	 42.548
FHW12251	210.125 	 59.678 	 42.550
FHW12251	210.250 	 59.677 	 42.551
FHW12251	210.375 	 59.672 	 42.548
FHW12251	210.500 	 59.678 	 42.550
FHW12251	210.625 	 59.677 	 42.551
FHW12251	210.750 	 60.359 	 43.406
FHW12251	210.875 	 62.549 	 46.046
FHW12251	211.000 	 62.555 	 46.045
FHW12251	211.125 	 62.555 	 46.045
FHW12251	211.250 	 62.549 	 46.045
FHW12251	211.375 	 62.555 	 46.045
FHW12251	211.500 	 62.555 	 46.045
FHW12251	211.625 	 62.549 	 46.045
FHW12251	211.750 	 62.555 	 46.045
FHW12251	211.875 	 62.555 	 46.045
FHW12251	212.000 	 62.549 	 46.045
FHW12251	212.125 	 62.555 	 46.045
FHW12251	212.250 	 62.555 	 46.045
FHW12251	212.375 	 62.549 	 46.045
FHW12251	212.500 	 62.554 	 46.048
FHW12251	212.625 	 62.555 	 46.045
FHW12251	212.750 	 62.549 	 46.045
FHW12251	212.875 	 62.555 	 46.045
FHW12251	213.000 	 62.555 	 46.045
FHW12251	213.125 	 62.555 	 46.045
FHW12251	213.250 	 62.549 	 46.046
FHW12251	213.375 	 62.555 	 46.045
FHW12251	213.500 	 62.555 	 46.045
FHW12251	213.625 	 62.549 	 46.045
FHW12251	213.750 	 62.555 	 46.045
FHW12251	213.875 	 62.555 	 46.045
FHW12251	214.000 	 62.549 	 46.045
FHW12251	214.125 	 62.555 	 46.045
FHW12251	214.250 	 62.555 	 46.045
FHW12251	214.375 	 62.549 	 46.045
FHW12251	214.500 	 62.555 	 46.045
FHW12251	214.625 	 62.555 	 46.045
FHW12251	214.750 	 62.549 	 46.045
FHW12251	214.875 	 62.555 	 46.045
FHW12251	215.000 	 62.554 	 46.048
FHW12251	215.125 	 62.549 	 46.045
FHW12251	215.250 	 62.555 	 46.045
FHW12251	215.375 	 62.555 	 46.045
FHW12251	215.500 	 62.549 	 46.046
FHW12251	215.625 	 62.555 	 46.045
FHW12251	215.750 	 62.555 	 46.045
FHW12251	215.875 	 62.549 	 46.045
FHW12251	216.000 	 62.555 	 46.045
FHW12251	216.125 	 62.555 	 46.045
FHW12251	216.250 	 62.549 	 46.045
FHW12251	216.375 	 62.555 	 46.045
FHW12251	216.500 	 62.555 	 46.045
FHW12251	216.625 	 62.549 	 46.045
FHW12251	216.750 	 62.555 	 46.045
FHW12251	216.875 	 62.555 	 46.045
FHW12251	217.000 	 62.549 	 46.045
FHW12251	217.125 	 62.555 	 46.045
FHW12251	217.250 	 62.555 	 46.045
FHW12251	217.375 	 62.549 	 46.045
FHW12251	217.500 	 62.554 	 46.048
FHW12251	217.625 	 62.555 	 46.045
FHW12251	217.750 	 62.549 	 46.045
FHW12251	217.875 	 62.555 	 46.045
FHW12251	218.000 	 62.555 	 46.046
FHW12251	218.125 	 62.549 	 46.045
FHW12251	218.250 	 62.555 	 46.045
FHW12251	218.375 	 62.555 	 46.045
FHW12251	218.500 	 62.549 	 46.045
FHW12251	218.625 	 62.555 	 46.045
FHW12251	218.750 	 62.555 	 46.045
FHW12251	218.875 	 62.549 	 46.045
FHW12251	219.000 	 62.555 	 46.045
FHW12251	219.125 	 62.555 	 46.045
FHW12251	219.250 	 62.555 	 46.045
FHW12251	219.375 	 62.549 	 46.045
FHW12251	219.500 	 62.555 	 46.045
FHW12251	219.625 	 62.555 	 46.045
FHW12251	219.750 	 62.549 	 46.045
FHW12251	219.875 	 62.554 	 46.049
FHW12251	220.000 	 62.555 	 46.045
FHW12251	220.125 	 62.549 	 46.045
FHW12251	220.250 	 62.555 	 46.045
FHW12251	220.375 	 63.557 	 47.436
FHW12251	220.500 	 65.385 	 49.857
FHW12251	220.625 	 65.380 	 49.855
FHW12251	220.750 	 65.385 	 49.857
FHW12251	220.875 	 65.379 	 49.858
FHW12251	221.000 	 65.386 	 49.854
FHW12251	221.125 	 65.379 	 49.857
FHW12251	221.250 	 65.386 	 49.858
FHW12251	221.375 	 65.380 	 49.854
FHW12251	221.500 	 65.385 	 49.857
FHW12251	221.625 	 65.386 	 49.858
FHW12251	221.750 	 65.380 	 49.854
FHW12251	221.875 	 65.385 	 49.857
FHW12251	222.000 	 65.379 	 49.858
FHW12251	222.125 	 65.386 	 49.854
FHW12251	222.250 	 65.379 	 49.858
FHW12251	222.375 	 65.385 	 49.857
FHW12251	222.500 	 65.380 	 49.854
FHW12251	222.625 	 65.386 	 49.858
FHW12251	222.750 	 65.379 	 49.857
FHW12251	222.875 	 65.386 	 49.854
FHW12251	223.000 	 65.379 	 49.858
FHW12251	223.125 	 65.385 	 49.857
FHW12251	223.250 	 65.380 	 49.855
FHW12251	223.375 	 65.385 	 49.857
FHW12251	223.500 	 65.379 	 49.857
FHW12251	223.625 	 65.387 	 49.855
FHW12251	223.750 	 65.379 	 49.857
FHW12251	223.875 	 65.385 	 49.857
FHW12251	224.000 	 65.387 	 49.855
FHW12251	224.125 	 65.379 	 49.857
FHW12251	224.250 	 65.385 	 49.857
FHW12251	224.375 	 65.380 	 49.855
FHW12251	224.500 	 65.385 	 49.857
FHW12251	224.625 	 65.379 	 49.858
FHW12251	224.750 	 65.386 	 49.854
FHW12251	224.875 	 65.379 	 49.857
FHW12251	225.000 	 65.386 	 49.858
FHW12251	225.125 	 65.380 	 49.854
FHW12251	225.250 	 65.385 	 49.857
FHW12251	225.375 	 65.379 	 49.858
FHW12251	225.500 	 65.386 	 49.854
FHW12251	225.625 	 65.379 	 49.858
FHW12251	225.750 	 65.385 	 49.857
FHW12251	225.875 	 65.380 	 49.854
FHW12251	226.000 	 65.386 	 49.858
FHW12251	226.125 	 65.379 	 49.857
FHW12251	226.250 	 65.386 	 49.854
FHW12251	226.375 	 65.386 	 49.858
FHW12251	226.500 	 65.379 	 49.857
FHW12251	226.625 	 65.386 	 49.854
FHW12251	226.750 	 65.379 	 49.858
FHW12251	226.875 	 65.385 	 49.857
FHW12251	227.000 	 65.380 	 49.854
FHW12251	227.125 	 65.386 	 49.858
FHW12251	227.250 	 65.379 	 49.857
FHW12251	227.375 	 65.387 	 49.855
FHW12251	227.500 	 65.379 	 49.857
FHW12251	227.625 	 65.385 	 49.857
FHW12251	227.750 	 65.380 	 49.855
FHW12251	227.875 	 65.385 	 49.857
FHW12251	228.000 	 65.379 	 49.858
FHW12251	228.125 	 65.386 	 49.854
FHW12251	228.250 	 65.379 	 49.857
FHW12251	228.375 	 65.386 	 49.858
FHW12251	228.500 	 65.380 	 49.854
FHW12251	228.625 	 65.385 	 49.857
FHW12251	228.750 	 65.386 	 49.858
FHW12251	228.875 	 65.380 	 49.854
FHW12251	229.000 	 65.385 	 49.857
FHW12251	229.125 	 65.379 	 49.858
FHW12251	229.250 	 65.386 	 49.854
FHW12251	229.375 	 65.379 	 49.857
FHW12251	229.500 	 65.386 	 49.858
FHW12251	229.625 	 65.380 	 49.854
FHW12251	229.750 	 65.386 	 49.858
FHW12251	229.875 	 65.379 	 49.857
FHW12251	230.000 	 68.161 	 52.519
FHW12251	230.125 	 68.538 	 52.876
FHW12251	230.250 	 68.545 	 52.876
FHW12251	230.375 	 68.539 	 52.873
FHW12251	230.500 	 68.538 	 52.876
FHW12251	230.625 	 68.545 	 52.876
FHW12251	230.750 	 68.538 	 52.876
FHW12251	230.875 	 68.538 	 52.875
FHW12251	231.000 	 68.546 	 52.873
FHW12251	231.125 	 68.538 	 52.876
FHW12251	231.250 	 68.538 	 52.876
FHW12251	231.375 	 68.545 	 52.876
FHW12251	231.500 	 68.538 	 52.876
FHW12251	231.625 	 68.539 	 52.873
FHW12251	231.750 	 68.544 	 52.875
FHW12251	231.875 	 68.538 	 52.876
FHW12251	232.000 	 68.538 	 52.876
FHW12251	232.125 	 68.546 	 52.873
FHW12251	232.250 	 68.538 	 52.876
FHW12251	232.375 	 68.538 	 52.876
FHW12251	232.500 	 68.545 	 52.876
FHW12251	232.625 	 68.538 	 52.875
FHW12251	232.750 	 68.539 	 52.873
FHW12251	232.875 	 68.545 	 52.876
FHW12251	233.000 	 68.538 	 52.876
FHW12251	233.125 	 68.538 	 52.876
FHW12251	233.250 	 68.545 	 52.876
FHW12251	233.375 	 68.539 	 52.872
FHW12251	233.500 	 68.538 	 52.876
FHW12251	233.625 	 68.545 	 52.876
FHW12251	233.750 	 68.538 	 52.876
FHW12251	233.875 	 68.538 	 52.876
FHW12251	234.000 	 68.546 	 52.873
FHW12251	234.125 	 68.538 	 52.876
FHW12251	234.250 	 68.538 	 52.875
FHW12251	234.375 	 68.545 	 52.876
FHW12251	234.500 	 68.538 	 52.876
FHW12251	234.625 	 68.546 	 52.873
FHW12251	234.750 	 68.538 	 52.876
FHW12251	234.875 	 68.538 	 52.876
FHW12251	235.000 	 68.545 	 52.876
FHW12251	235.125 	 68.539 	 52.872
FHW12251	235.250 	 68.538 	 52.876
FHW12251	235.375 	 68.545 	 52.876
FHW12251	235.500 	 68.538 	 52.876
FHW12251	235.625 	 68.538 	 52.876
FHW12251	235.750 	 68.546 	 52.873
FHW12251	235.875 	 68.538 	 52.875
FHW12251	236.000 	 68.538 	 52.876
FHW12251	236.125 	 68.545 	 52.876
FHW12251	236.250 	 68.538 	 52.876
FHW12251	236.375 	 68.539 	 52.873
FHW12251	236.500 	 68.545 	 52.876
FHW12251	236.625 	 68.538 	 52.876
FHW12251	236.750 	 68.538 	 52.875
FHW12251	236.875 	 68.545 	 52.876
FHW12251	237.000 	 68.539 	 52.873
FHW12251	237.125 	 68.538 	 52.876
FHW12251	237.250 	 68.545 	 52.876
FHW12251	237.375 	 68.538 	 52.876
FHW12251	237.500 	 68.538 	 52.876
FHW12251	237.625 	 68.545 	 52.872
FHW12251	237.750 	 68.538 	 52.876
FHW12251	237.875 	 68.538 	 52.876
FHW12251	238.000 	 68.545 	 52.876
FHW12251	238.125 	 68.538 	 52.876
FHW12251	238.250 	 68.539 	 52.873
FHW12251	238.375 	 68.545 	 52.876
FHW12251	238.500 	 68.538 	 52.875
FHW12251	238.625 	 68.538 	 52.876
FHW12251	238.750 	 68.546 	 52.873
FHW12251	238.875 	 68.538 	 52.876
FHW12251	239.000 	 68.538 	 52.876
FHW12251	239.125 	 68.545 	 52.876
FHW12251	239.250 	 68.538 	 52.876
FHW12251	239.375 	 68.539 	 52.872
FHW12251	239.500 	 68.545 	 52.876
FHW12251	239.625 	 71.277 	 54.291
FHW12251	239.750 	 72.575 	 54.943
FHW12251	239.875 	 72.569 	 54.940
FHW12251	240.000 	 72.575 	 54.943
FHW12251	240.125 	 72.569 	 54.943
FHW12251	240.250 	 72.576 	 54.939
FHW12251	240.375 	 72.569 	 54.943
FHW12251	240.500 	 72.576 	 54.940
FHW12251	240.625 	 72.569 	 54.943
FHW12251	240.750 	 72.576 	 54.940
FHW12251	240.875 	 72.569 	 54.943
FHW12251	241.000 	 72.575 	 54.942
FHW12251	241.125 	 72.569 	 54.940
FHW12251	241.250 	 72.575 	 54.943
FHW12251	241.375 	 72.569 	 54.940
FHW12251	241.500 	 72.575 	 54.943
FHW12251	241.625 	 72.568 	 54.942
FHW12251	241.750 	 72.576 	 54.940
FHW12251	241.875 	 72.569 	 54.943
FHW12251	242.000 	 72.576 	 54.940
FHW12251	242.125 	 72.569 	 54.943
FHW12251	242.250 	 72.576 	 54.940
FHW12251	242.375 	 72.568 	 54.942
FHW12251	242.500 	 72.575 	 54.943
FHW12251	242.625 	 72.569 	 54.940
FHW12251	242.750 	 72.575 	 54.943
FHW12251	242.875 	 72.569 	 54.940
FHW12251	243.000 	 72.575 	 54.942
FHW12251	243.125 	 72.569 	 54.943
FHW12251	243.250 	 72.576 	 54.940
FHW12251	243.375 	 72.569 	 54.943
FHW12251	243.500 	 72.576 	 54.940
FHW12251	243.625 	 72.569 	 54.943
FHW12251	243.750 	 72.576 	 54.939
FHW12251	243.875 	 72.569 	 54.943
FHW12251	244.000 	 72.575 	 54.943
FHW12251	244.125 	 72.569 	 54.940
FHW12251	244.250 	 72.575 	 54.943
FHW12251	244.375 	 72.569 	 54.939
FHW12251	244.500 	 72.575 	 54.943
FHW12251	244.625 	 72.569 	 54.940
FHW12251	244.750 	 72.575 	 54.943
FHW12251	244.875 	 72.575 	 54.943
FHW12251	245.000 	 72.569 	 54.940
FHW12251	245.125 	 72.575 	 54.942
FHW12251	245.250 	 72.569 	 54.940
FHW12251	245.375 	 72.575 	 54.943
FHW12251	245.500 	 72.569 	 54.943
FHW12251	245.625 	 72.576 	 54.940
FHW12251	245.750 	 72.568 	 54.942
FHW12251	245.875 	 72.576 	 54.940
FHW12251	246.000 	 72.569 	 54.943
FHW12251	246.125 	 72.576 	 54.940
FHW12251	246.250 	 72.569 	 54.943
FHW12251	246.375 	 72.575 	 54.942
FHW12251	246.500 	 72.569 	 54.940
FHW12251	246.625 	 72.575 	 54.943
FHW12251	246.750 	 72.569 	 54.940
FHW12251	246.875 	 72.575 	 54.943
FHW12251	247.000 	 72.569 	 54.943
FHW12251	247.125 	 72.576 	 54.940
FHW12251	247.250 	 72.568 	 54.942
FHW12251	247.375 	 72.576 	 54.940
FHW12251	247.500 	 72.569 	 54.943
FHW12251	247.625 	 72.576 	 54.940
FHW12251	247.750 	 72.569 	 54.943
FHW12251	247.875 	 72.575 	 54.942
FHW12251	248.000 	 72.570 	 54.941
FHW12251	248.125 	 72.575 	 54.942
FHW12251	248.250 	 72.569 	 54.939
FHW12251	248.375 	 72.576 	 54.944
FHW12251	248.500 	 72.569 	 54.939
FHW12251	248.625 	 72.576 	 54.944
FHW12251	248.750 	 72.568 	 54.942
FHW12251	248.875 	 72.576 	 54.941
FHW12251	249.000 	 72.568 	 54.942
FHW12251	249.125 	 72.576 	 54.939
FHW12251	249.250 	 75.457 	 56.939
FHW12251	249.375 	 76.591 	 57.697
FHW12251	249.500 	 76.586 	 57.695
FHW12251	249.625 	 76.592 	 57.698
FHW12251	249.750 	 76.585 	 57.698
FHW12251	249.875 	 76.585 	 57.698
FHW12251	250.000 	 76.592 	 57.693
FHW12251	250.125 	 76.585 	 57.698
FHW12251	250.250 	 76.592 	 57.698
FHW12251	250.375 	 76.585 	 57.698
FHW12251	250.500 	 76.585 	 57.693
FHW12251	250.625 	 76.592 	 57.698
FHW12251	250.750 	 76.585 	 57.698
FHW12251	250.875 	 76.592 	 57.698
FHW12251	251.000 	 76.585 	 57.693
FHW12251	251.125 	 76.585 	 57.698
FHW12251	251.250 	 76.592 	 57.698
FHW12251	251.375 	 76.585 	 57.698
FHW12251	251.500 	 76.592 	 57.693
FHW12251	251.625 	 76.585 	 57.698
FHW12251	251.750 	 76.585 	 57.698
FHW12251	251.875 	 76.592 	 57.698
FHW12251	252.000 	 76.586 	 57.695
FHW12251	252.125 	 76.591 	 57.697
FHW12251	252.250 	 76.585 	 57.698
FHW12251	252.375 	 76.585 	 57.698
FHW12251	252.500 	 76.593 	 57.695
FHW12251	252.625 	 76.585 	 57.697
FHW12251	252.750 	 76.592 	 57.698
FHW12251	252.875 	 76.585 	 57.698
FHW12251	253.000 	 76.586 	 57.695
FHW12251	253.125 	 76.591 	 57.697
FHW12251	253.250 	 76.585 	 57.698
FHW12251	253.375 	 76.592 	 57.698
FHW12251	253.500 	 76.586 	 57.695
FHW12251	253.625 	 76.585 	 57.697
FHW12251	253.750 	 76.592 	 57.698
FHW12251	253.875 	 76.586 	 57.695
FHW12251	254.000 	 76.592 	 57.698
FHW12251	254.125 	 76.585 	 57.698
FHW12251	254.250 	 76.585 	 57.697
FHW12251	254.375 	 76.593 	 57.695
FHW12251	254.500 	 76.585 	 57.698
FHW12251	254.625 	 76.592 	 57.698
FHW12251	254.750 	 76.585 	 57.697
FHW12251	254.875 	 76.586 	 57.695
FHW12251	255.000 	 76.592 	 57.698
FHW12251	255.125 	 76.585 	 57.698
FHW12251	255.250 	 76.591 	 57.697
FHW12251	255.375 	 76.586 	 57.695
FHW12251	255.500 	 76.585 	 57.698
FHW12251	255.625 	 76.592 	 57.698
FHW12251	255.750 	 76.585 	 57.698
FHW12251	255.875 	 76.592 	 57.693
FHW12251	256.000 	 76.585 	 57.698
FHW12251	256.125 	 76.585 	 57.698
FHW12251	256.250 	 76.591 	 57.697
FHW12251	256.375 	 76.586 	 57.695
FHW12251	256.500 	 76.592 	 57.698
FHW12251	256.625 	 76.585 	 57.698
FHW12251	256.750 	 76.585 	 57.698
FHW12251	256.875 	 76.592 	 57.693
FHW12251	257.000 	 76.585 	 57.698
FHW12251	257.125 	 76.592 	 57.698
FHW12251	257.250 	 76.585 	 57.698
FHW12251	257.375 	 76.585 	 57.693
FHW12251	257.500 	 76.592 	 57.698
FHW12251	257.625 	 76.585 	 57.698
FHW12251	257.750 	 76.592 	 57.698
FHW12251	257.875 	 76.585 	 57.693
FHW12251	258.000 	 76.585 	 57.698
FHW12251	258.125 	 76.592 	 57.698
FHW12251	258.250 	 76.585 	 57.698
FHW12251	258.375 	 76.593 	 57.695
FHW12251	258.500 	 76.585 	 57.697
FHW12251	258.625 	 76.585 	 57.698
FHW12251	258.750 	 76.593 	 57.695
FHW12251	258.875 	 77.936 	 58.591
FHW12251	259.000 	 79.655 	 59.711
FHW12251	259.125 	 79.655 	 59.709
FHW12251	259.250 	 79.662 	 59.714
FHW12251	259.375 	 79.655 	 59.711
FHW12251	259.500 	 79.655 	 59.711
FHW12251	259.625 	 79.655 	 59.711
FHW12251	259.750 	 79.662 	 59.714
FHW12251	259.875 	 79.655 	 59.711
FHW12251	260.000 	 79.655 	 59.711
FHW12251	260.125 	 79.655 	 59.711
FHW12251	260.250 	 79.662 	 59.714
FHW12251	260.375 	 79.655 	 59.711
FHW12251	260.500 	 79.655 	 59.709
FHW12251	260.625 	 79.655 	 59.711
FHW12251	260.750 	 79.662 	 59.714
FHW12251	260.875 	 79.655 	 59.711
FHW12251	261.000 	 79.655 	 59.711
FHW12251	261.125 	 79.655 	 59.711
FHW12251	261.250 	 79.662 	 59.714
FHW12251	261.375 	 79.655 	 59.711
FHW12251	261.500 	 79.655 	 59.711
FHW12251	261.625 	 79.655 	 59.711
FHW12251	261.750 	 79.662 	 59.714
FHW12251	261.875 	 79.655 	 59.709
FHW12251	262.000 	 79.655 	 59.711
FHW12251	262.125 	 79.655 	 59.711
FHW12251	262.250 	 79.662 	 59.714
FHW12251	262.375 	 79.655 	 59.711
FHW12251	262.500 	 79.655 	 59.711
FHW12251	262.625 	 79.655 	 59.711
FHW12251	262.750 	 79.662 	 59.714
FHW12251	262.875 	 79.655 	 59.711
FHW12251	263.000 	 79.655 	 59.711
FHW12251	263.125 	 79.655 	 59.711
FHW12251	263.250 	 79.662 	 59.714
FHW12251	263.375 	 79.655 	 59.709
FHW12251	263.500 	 79.655 	 59.711
FHW12251	263.625 	 79.655 	 59.711
FHW12251	263.750 	 79.662 	 59.711
FHW12251	263.875 	 79.655 	 59.714
FHW12251	264.000 	 79.655 	 59.711
FHW12251	264.125 	 81.866 	 61.111
FHW12251	264.250 	 81.866 	 61.109
FHW12251	264.375 	 81.873 	 61.108
FHW12251	264.500 	 81.866 	 61.111
FHW12251	264.625 	 81.866 	 61.111
FHW12251	264.750 	 81.866 	 61.109
FHW12251	264.875 	 81.873 	 61.111
FHW12251	265.000 	 81.866 	 61.108
FHW12251	265.125 	 81.866 	 61.109
FHW12251	265.250 	 81.866 	 61.111
FHW12251	265.375 	 81.873 	 61.111
FHW12251	265.500 	 81.866 	 61.109
FHW12251	265.625 	 81.866 	 61.108
FHW12251	265.750 	 81.866 	 61.111
FHW12251	265.875 	 81.866 	 61.111
FHW12251	266.000 	 81.872 	 61.109
FHW12251	266.125 	 81.866 	 61.111
FHW12251	266.250 	 81.866 	 61.108
FHW12251	266.375 	 81.866 	 61.109
FHW12251	266.500 	 81.873 	 61.111
FHW12251	266.625 	 81.866 	 61.111
FHW12251	266.750 	 81.866 	 61.109
FHW12251	266.875 	 81.866 	 61.108
FHW12251	267.000 	 81.866 	 61.111
FHW12251	267.125 	 81.873 	 61.111
FHW12251	267.250 	 81.866 	 61.109
FHW12251	267.375 	 81.866 	 61.111
FHW12251	267.500 	 81.866 	 61.108
FHW12251	267.625 	 81.872 	 61.109
FHW12251	267.750 	 81.866 	 61.111
FHW12251	267.875 	 81.866 	 61.111
FHW12251	268.000 	 81.866 	 61.109
FHW12251	268.125 	 81.873 	 61.108
FHW12251	268.250 	 81.866 	 61.111
FHW12251	268.375 	 81.866 	 61.111
FHW12251	268.500 	 82.488 	 61.611
FHW12251	268.625 	 83.434 	 62.360
FHW12251	268.750 	 83.427 	 62.362
FHW12251	268.875 	 83.427 	 62.360
FHW12251	269.000 	 83.434 	 62.365
FHW12251	269.125 	 83.427 	 62.360
FHW12251	269.250 	 83.427 	 62.360
FHW12251	269.375 	 83.427 	 62.362
FHW12251	269.500 	 83.434 	 62.360
FHW12251	269.625 	 83.427 	 62.360
FHW12251	269.750 	 83.427 	 62.365
FHW12251	269.875 	 83.427 	 62.360
FHW12251	270.000 	 83.434 	 62.362
FHW12251	270.125 	 83.427 	 62.360
FHW12251	270.250 	 83.427 	 62.360
FHW12251	270.375 	 83.434 	 62.365
FHW12251	270.500 	 83.427 	 62.360
FHW12251	270.625 	 83.427 	 62.362
FHW12251	270.750 	 83.427 	 62.360
FHW12251	270.875 	 83.434 	 62.360
FHW12251	271.000 	 83.427 	 62.362
FHW12251	271.125 	 83.427 	 62.364
FHW12251	271.250 	 83.434 	 62.360
FHW12251	271.375 	 83.427 	 62.362
FHW12251	271.500 	 83.427 	 62.360
FHW12251	271.625 	 83.427 	 62.362
FHW12251	271.750 	 83.434 	 62.364
FHW12251	271.875 	 83.427 	 62.360
FHW12251	272.000 	 83.427 	 62.362
FHW12251	272.125 	 83.427 	 62.360
FHW12251	272.250 	 83.434 	 62.362
FHW12251	272.375 	 83.427 	 62.360
FHW12251	272.500 	 83.427 	 62.364
FHW12251	272.625 	 83.434 	 62.362
FHW12251	272.750 	 83.427 	 62.360
FHW12251	272.875 	 83.427 	 62.362
FHW12251	273.000 	 83.427 	 62.360
FHW12251	273.125 	 83.434 	 62.360
FHW12251	273.250 	 83.427 	 62.365
FHW12251	273.375 	 83.427 	 62.360
FHW12251	273.500 	 83.434 	 62.362
FHW12251	273.625 	 83.427 	 62.360
FHW12251	273.750 	 83.427 	 62.360
FHW12251	273.875 	 83.427 	 62.365
FHW12251	274.000 	 83.434 	 62.360
FHW12251	274.125 	 83.427 	 62.360
FHW12251	274.250 	 83.427 	 62.362
FHW12251	274.375 	 83.434 	 62.360
FHW12251	274.500 	 83.427 	 62.362
FHW12251	274.625 	 83.427 	 62.364
FHW12251	274.750 	 83.427 	 62.360
FHW12251	274.875 	 83.434 	 62.362
FHW12251	275.000 	 83.427 	 62.360
FHW12251	275.125 	 83.427 	 62.360
FHW12251	275.250 	 83.427 	 62.365
FHW12251	275.375 	 83.434 	 62.360
FHW12251	275.500 	 83.427 	 62.362
FHW12251	275.625 	 83.427 	 62.360
FHW12251	275.750 	 83.434 	 62.360
FHW12251	275.875 	 83.427 	 62.362
FHW12251	276.000 	 83.427 	 62.364
FHW12251	276.125 	 83.427 	 62.362
FHW12251	276.250 	 83.434 	 62.360
FHW12251	276.375 	 83.427 	 62.360
FHW12251	276.500 	 83.427 	 62.362
FHW12251	276.625 	 83.434 	 62.364
FHW12251	276.750 	 83.427 	 62.362
FHW12251	276.875 	 83.427 	 62.360
FHW12251	277.000 	 83.427 	 62.360
FHW12251	277.125 	 83.434 	 62.362
FHW12251	277.250 	 83.427 	 62.360
FHW12251	277.375 	 83.427 	 62.365
FHW12251	277.500 	 83.434 	 62.360
FHW12251	277.625 	 83.427 	 62.360
FHW12251	277.750 	 83.427 	 62.362
FHW12251	277.875 	 83.427 	 62.360
FHW12251	278.000 	 83.434 	 62.362
FHW12251	278.125 	 84.343 	 62.932
FHW12251	278.250 	 85.512 	 63.655
FHW12251	278.375 	 85.512 	 63.655
FHW12251	278.500 	 85.512 	 63.655
FHW12251	278.625 	 85.512 	 63.655
FHW12251	278.750 	 85.519 	 63.655
FHW12251	278.875 	 85.512 	 63.655
FHW12251	279.000 	 85.512 	 63.653
FHW12251	279.125 	 85.512 	 63.655
FHW12251	279.250 	 85.512 	 63.655
FHW12251	279.375 	 85.512 	 63.655
FHW12251	279.500 	 85.512 	 63.655
FHW12251	279.625 	 85.512 	 63.655
FHW12251	279.750 	 85.512 	 63.655
FHW12251	279.875 	 85.512 	 63.655
FHW12251	280.000 	 85.519 	 63.655
FHW12251	280.125 	 85.512 	 63.651
FHW12251	280.250 	 85.512 	 63.655
FHW12251	280.375 	 85.512 	 63.655
FHW12251	280.500 	 85.512 	 63.656
FHW12251	280.625 	 85.512 	 63.655
FHW12251	280.750 	 85.512 	 63.655
FHW12251	280.875 	 85.512 	 63.655
FHW12251	281.000 	 85.512 	 63.655
FHW12251	281.125 	 85.519 	 63.651
FHW12251	281.250 	 85.512 	 63.655
FHW12251	281.375 	 85.512 	 63.655
FHW12251	281.500 	 85.512 	 63.655
FHW12251	281.625 	 85.512 	 63.655
FHW12251	281.750 	 85.512 	 63.655
FHW12251	281.875 	 85.512 	 63.655
FHW12251	282.000 	 85.512 	 63.655
FHW12251	282.125 	 85.512 	 63.656
FHW12251	282.250 	 85.512 	 63.651
FHW12251	282.375 	 85.519 	 63.655
FHW12251	282.500 	 85.512 	 63.655
FHW12251	282.625 	 85.512 	 63.655
FHW12251	282.750 	 85.512 	 63.655
FHW12251	282.875 	 85.512 	 63.655
FHW12251	283.000 	 85.512 	 63.655
FHW12251	283.125 	 85.512 	 63.655
FHW12251	283.250 	 85.512 	 63.651
FHW12251	283.375 	 85.512 	 63.655
FHW12251	283.500 	 85.519 	 63.655
FHW12251	283.625 	 85.512 	 63.656
FHW12251	283.750 	 85.512 	 63.655
FHW12251	283.875 	 85.512 	 63.655
FHW12251	284.000 	 85.512 	 63.655
FHW12251	284.125 	 85.512 	 63.655
FHW12251	284.250 	 85.512 	 63.655
FHW12251	284.375 	 85.512 	 63.651
FHW12251	284.500 	 85.512 	 63.655
FHW12251	284.625 	 85.512 	 63.655
FHW12251	284.750 	 85.519 	 63.655
FHW12251	284.875 	 85.512 	 63.655
FHW12251	285.000 	 85.512 	 63.655
FHW12251	285.125 	 86.149 	 63.683
FHW12251	285.250 	 88.692 	 63.792
FHW12251	285.375 	 88.692 	 63.790
FHW12251	285.500 	 88.692 	 63.792
FHW12251	285.625 	 88.692 	 63.790
FHW12251	285.750 	 88.692 	 63.792
FHW12251	285.875 	 88.692 	 63.792
FHW12251	286.000 	 88.692 	 63.790
FHW12251	286.125 	 88.692 	 63.792
FHW12251	286.250 	 88.692 	 63.790
FHW12251	286.375 	 88.692 	 63.792
FHW12251	286.500 	 88.692 	 63.792
FHW12251	286.625 	 88.692 	 63.787
FHW12251	286.750 	 88.699 	 63.792
FHW12251	286.875 	 88.692 	 63.790
FHW12251	287.000 	 88.692 	 63.792
FHW12251	287.125 	 88.692 	 63.792
FHW12251	287.250 	 88.692 	 63.790
FHW12251	287.375 	 88.692 	 63.792
FHW12251	287.500 	 88.692 	 63.790
FHW12251	287.625 	 88.692 	 63.792
FHW12251	287.750 	 88.692 	 63.792
FHW12251	287.875 	 88.692 	 63.790
FHW12251	288.000 	 88.692 	 63.792
FHW12251	288.125 	 88.692 	 63.790
FHW12251	288.250 	 88.692 	 63.792
FHW12251	288.375 	 88.692 	 63.792
FHW12251	288.500 	 88.699 	 63.790
FHW12251	288.625 	 88.692 	 63.792
FHW12251	288.750 	 88.692 	 63.790
FHW12251	288.875 	 88.692 	 63.792
FHW12251	289.000 	 88.692 	 63.792
FHW12251	289.125 	 88.692 	 63.790
FHW12251	289.250 	 88.692 	 63.792
FHW12251	289.375 	 88.692 	 63.790
FHW12251	289.500 	 88.692 	 63.792
FHW12251	289.625 	 88.692 	 63.790
FHW12251	289.750 	 88.692 	 63.792
FHW12251	289.875 	 88.692 	 63.792
FHW12251	290.000 	 88.692 	 63.790
FHW12251	290.125 	 88.692 	 63.792
FHW12251	290.250 	 88.699 	 63.790
FHW12251	290.375 	 88.692 	 63.792
FHW12251	290.500 	 88.692 	 63.792
FHW12251	290.625 	 88.692 	 63.790
FHW12251	290.750 	 88.692 	 63.792
FHW12251	290.875 	 88.692 	 63.790
FHW12251	291.000 	 88.692 	 63.792
FHW12251	291.125 	 88.692 	 63.792
FHW12251	291.250 	 88.692 	 63.790
FHW12251	291.375 	 88.692 	 63.792
FHW12251	291.500 	 88.692 	 63.790
FHW12251	291.625 	 88.692 	 63.792
FHW12251	291.750 	 88.692 	 63.792
FHW12251	291.875 	 88.692 	 63.790
FHW12251	292.000 	 88.692 	 63.792
FHW12251	292.125 	 88.699 	 63.790
FHW12251	292.250 	 88.692 	 63.792
FHW12251	292.375 	 88.692 	 63.792
FHW12251	292.500 	 88.692 	 63.790
FHW12251	292.625 	 88.692 	 63.792
FHW12251	292.750 	 88.692 	 63.787
FHW12251	292.875 	 88.692 	 63.795
FHW12251	293.000 	 88.692 	 63.789
FHW12251	293.125 	 88.692 	 63.790
FHW12251	293.250 	 88.692 	 63.792
FHW12251	293.375 	 88.692 	 63.790
FHW12251	293.500 	 88.692 	 63.792
FHW12251	293.625 	 88.692 	 63.792
FHW12251	293.750 	 88.692 	 63.790
FHW12251	293.875 	 88.699 	 63.792
FHW12251	294.000 	 88.692 	 63.790
FHW12251	294.125 	 88.692 	 63.792
FHW12251	294.250 	 88.692 	 63.790
FHW12251	294.375 	 88.692 	 63.792
FHW12251	294.500 	 88.692 	 63.792
FHW12251	294.625 	 88.692 	 63.790
FHW12251	294.750 	 88.692 	 63.792
FHW12251	294.875 	 88.692 	 63.790
FHW12251	295.000 	 88.692 	 63.792
FHW12251	295.125 	 88.692 	 63.792
FHW12251	295.250 	 89.658 	 63.896
FHW12251	295.375 	 90.405 	 63.980
FHW12251	295.500 	 90.405 	 63.980
FHW12251	295.625 	 90.405 	 63.976
FHW12251	295.750 	 90.405 	 63.981
FHW12251	295.875 	 90.405 	 63.980
FHW12251	296.000 	 90.405 	 63.976
FHW12251	296.125 	 90.405 	 63.980
FHW12251	296.250 	 90.405 	 63.980
FHW12251	296.375 	 90.412 	 63.978
FHW12251	296.500 	 90.405 	 63.980
FHW12251	296.625 	 90.405 	 63.980
FHW12251	296.750 	 90.405 	 63.976
FHW12251	296.875 	 90.405 	 63.980
FHW12251	297.000 	 90.405 	 63.981
FHW12251	297.125 	 90.405 	 63.976
FHW12251	297.250 	 90.405 	 63.980
FHW12251	297.375 	 90.405 	 63.980
FHW12251	297.500 	 90.412 	 63.976
FHW12251	297.625 	 90.405 	 63.980
FHW12251	297.750 	 90.405 	 63.981
FHW12251	297.875 	 90.405 	 63.976
FHW12251	298.000 	 90.405 	 63.980
FHW12251	298.125 	 90.455 	 65.851
FHW12251	298.250 	 90.462 	 65.853
FHW12251	298.375 	 90.455 	 65.851
FHW12251	298.500 	 90.462 	 65.850
FHW12251	298.625 	 90.455 	 65.851
FHW12251	298.750 	 90.462 	 65.853
FHW12251	298.875 	 90.455 	 65.851
FHW12251	299.000 	 90.455 	 65.853
FHW12251	299.125 	 90.462 	 65.851
FHW12251	299.250 	 90.455 	 65.853
FHW12251	299.375 	 90.462 	 65.848
FHW12251	299.500 	 90.455 	 65.853
FHW12251	299.625 	 90.462 	 65.851
FHW12251	299.750 	 90.455 	 65.853
FHW12251	299.875 	 90.462 	 65.851
FHW12251	300.000 	 90.455 	 65.853
FHW12251	300.125 	 90.455 	 65.848
FHW12251	300.250 	 90.462 	 65.853
FHW12251	300.375 	 90.455 	 65.851
FHW12251	300.500 	 90.462 	 65.853
FHW12251	300.625 	 90.455 	 65.851
FHW12251	300.750 	 90.462 	 65.853
FHW12251	300.875 	 90.455 	 65.851
FHW12251	301.000 	 90.455 	 65.850
FHW12251	301.125 	 90.462 	 65.851
FHW12251	301.250 	 90.455 	 65.853
FHW12251	301.375 	 90.462 	 65.851
FHW12251	301.500 	 90.455 	 65.853
FHW12251	301.625 	 90.462 	 65.851
FHW12251	301.750 	 90.455 	 65.853
FHW12251	301.875 	 90.455 	 65.848
FHW12251	302.000 	 90.462 	 65.853
FHW12251	302.125 	 90.455 	 65.851
FHW12251	302.250 	 90.462 	 65.853
FHW12251	302.375 	 90.455 	 65.851
FHW12251	302.500 	 90.462 	 65.851
FHW12251	302.625 	 90.455 	 65.850
FHW12251	302.750 	 90.462 	 65.851
FHW12251	302.875 	 90.455 	 65.853
FHW12251	303.000 	 90.455 	 65.851
FHW12251	303.125 	 90.462 	 65.853
FHW12251	303.250 	 90.455 	 65.851
FHW12251	303.375 	 90.462 	 65.853
FHW12251	303.500 	 90.455 	 65.848
FHW12251	303.625 	 90.462 	 65.853
FHW12251	303.750 	 90.455 	 65.851
FHW12251	303.875 	 90.455 	 65.853
FHW12251	304.000 	 90.462 	 65.851
FHW12251	304.125 	 90.455 	 65.853
FHW12251	304.250 	 90.462 	 65.851
FHW12251	304.375 	 90.378 	 67.349
FHW12251	304.500 	 90.378 	 67.482
FHW12251	304.625 	 90.371 	 67.479
FHW12251	304.750 	 90.378 	 67.482
FHW12251	304.875 	 90.371 	 67.479
FHW12251	305.000 	 90.378 	 67.482
FHW12251	305.125 	 90.371 	 67.479
FHW12251	305.250 	 90.378 	 67.482
FHW12251	305.375 	 90.371 	 67.479
FHW12251	305.500 	 90.378 	 67.482
FHW12251	305.625 	 90.371 	 67.479
FHW12251	305.750 	 90.378 	 67.482
FHW12251	305.875 	 90.371 	 67.479
FHW12251	306.000 	 90.371 	 67.482
FHW12251	306.125 	 90.378 	 67.480
FHW12251	306.250 	 90.371 	 67.482
FHW12251	306.375 	 90.378 	 67.479
FHW12251	306.500 	 90.371 	 67.482
FHW12251	306.625 	 90.378 	 67.482
FHW12251	306.750 	 90.371 	 67.479
FHW12251	306.875 	 90.378 	 67.482
FHW12251	307.000 	 90.371 	 67.479
FHW12251	307.125 	 90.378 	 67.482
FHW12251	307.250 	 90.371 	 67.479
FHW12251	307.375 	 90.378 	 67.482
FHW12251	307.500 	 90.371 	 67.479
FHW12251	307.625 	 90.378 	 67.482
FHW12251	307.750 	 90.371 	 67.479
FHW12251	307.875 	 90.378 	 67.482
FHW12251	308.000 	 90.371 	 67.479
FHW12251	308.125 	 90.378 	 67.482
FHW12251	308.250 	 90.371 	 67.479
FHW12251	308.375 	 90.378 	 67.482
FHW12251	308.500 	 90.371 	 67.479
FHW12251	308.625 	 90.378 	 67.482
FHW12251	308.750 	 90.371 	 67.479
FHW12251	308.875 	 90.378 	 67.482
FHW12251	309.000 	 90.371 	 67.484
FHW12251	309.125 	 90.378 	 67.479
FHW12251	309.250 	 90.371 	 67.482
FHW12251	309.375 	 90.371 	 67.479
FHW12251	309.500 	 90.378 	 67.482
FHW12251	309.625 	 90.371 	 67.479
FHW12251	309.750 	 90.378 	 67.482
FHW12251	309.875 	 90.371 	 67.479
FHW12251	310.000 	 90.378 	 67.482
FHW12251	310.125 	 90.371 	 67.479
FHW12251	310.250 	 90.378 	 67.482
FHW12251	310.375 	 90.371 	 67.479
FHW12251	310.500 	 90.378 	 67.482
FHW12251	310.625 	 90.371 	 67.479
FHW12251	310.750 	 90.378 	 67.482
FHW12251	310.875 	 90.371 	 67.479
FHW12251	311.000 	 90.378 	 67.482
FHW12251	311.125 	 90.371 	 67.479
FHW12251	311.250 	 90.378 	 67.482
FHW12251	311.375 	 90.371 	 67.479
FHW12251	311.500 	 90.378 	 67.482
FHW12251	311.625 	 90.371 	 67.482
FHW12251	311.750 	 90.378 	 67.479
FHW12251	311.875 	 90.371 	 67.482
FHW12251	312.000 	 90.378 	 67.479
FHW12251	312.125 	 90.371 	 67.482
FHW12251	312.250 	 90.378 	 67.480
FHW12251	312.375 	 90.371 	 67.482
FHW12251	312.500 	 90.378 	 67.479
FHW12251	312.625 	 90.371 	 67.482
FHW12251	312.750 	 90.371 	 67.479
FHW12251	312.875 	 90.378 	 67.482
FHW12251	313.000 	 90.371 	 67.479
FHW12251	313.125 	 90.378 	 67.482
FHW12251	313.250 	 90.371 	 67.479
FHW12251	313.375 	 90.378 	 67.482
FHW12251	313.500 	 90.252 	 67.178
FHW12251	313.625 	 90.056 	 66.732
FHW12251	313.750 	 90.063 	 66.729
FHW12251	313.875 	 90.063 	 66.727
FHW12251	314.000 	 90.063 	 66.729
FHW12251	314.125 	 90.056 	 66.729
FHW12251	314.250 	 90.063 	 66.729
FHW12251	314.375 	 90.063 	 66.729
FHW12251	314.500 	 90.063 	 66.729
FHW12251	314.625 	 90.056 	 66.727
FHW12251	314.750 	 90.063 	 66.729
FHW12251	314.875 	 90.063 	 66.729
FHW12251	315.000 	 90.063 	 66.729
FHW12251	315.125 	 90.056 	 66.732
FHW12251	315.250 	 90.063 	 66.729
FHW12251	315.375 	 90.063 	 66.727
FHW12251	315.500 	 90.063 	 66.729
FHW12251	315.625 	 90.063 	 66.729
FHW12251	315.750 	 90.056 	 66.729
FHW12251	315.875 	 90.063 	 66.729
FHW12251	316.000 	 90.063 	 66.729
FHW12251	316.125 	 90.063 	 66.727
FHW12251	316.250 	 90.056 	 66.729
FHW12251	316.375 	 90.063 	 66.729
FHW12251	316.500 	 90.063 	 66.732
FHW12251	316.625 	 90.063 	 66.729
FHW12251	316.750 	 90.056 	 66.729
FHW12251	316.875 	 90.063 	 66.727
FHW12251	317.000 	 90.063 	 66.729
FHW12251	317.125 	 90.063 	 66.729
FHW12251	317.250 	 90.056 	 66.729
FHW12251	317.375 	 90.063 	 66.729
FHW12251	317.500 	 90.063 	 66.729
FHW12251	317.625 	 90.063 	 66.727
FHW12251	317.750 	 90.063 	 66.729
FHW12251	317.875 	 90.056 	 66.729
FHW12251	318.000 	 90.063 	 66.732
FHW12251	318.125 	 90.063 	 66.729
FHW12251	318.250 	 90.063 	 66.729
FHW12251	318.375 	 90.056 	 66.727
FHW12251	318.500 	 90.063 	 66.729
FHW12251	318.625 	 90.063 	 66.729
FHW12251	318.750 	 90.063 	 66.729
FHW12251	318.875 	 90.056 	 66.729
FHW12251	319.000 	 90.063 	 66.729
FHW12251	319.125 	 90.063 	 66.727
FHW12251	319.250 	 90.063 	 66.729
FHW12251	319.375 	 90.063 	 66.729
FHW12251	319.500 	 90.056 	 66.732
FHW12251	319.625 	 90.063 	 66.729
FHW12251	319.750 	 90.063 	 66.729
FHW12251	319.875 	 90.063 	 66.729
FHW12251	320.000 	 90.056 	 66.727
FHW12251	320.125 	 90.063 	 66.729
FHW12251	320.250 	 90.063 	 66.729
FHW12251	320.375 	 90.063 	 66.727
FHW12251	320.500 	 90.056 	 66.730
FHW12251	320.625 	 90.063 	 66.727
FHW12251	320.750 	 90.063 	 66.730
FHW12251	320.875 	 90.063 	 66.731
FHW12251	321.000 	 90.056 	 66.730
FHW12251	321.125 	 90.063 	 66.727
FHW12251	321.250 	 90.063 	 66.727
FHW12251	321.375 	 90.063 	 66.730
FHW12251	321.500 	 90.063 	 66.727
FHW12251	321.625 	 90.056 	 66.730
FHW12251	321.750 	 90.063 	 66.727
FHW12251	321.875 	 90.063 	 66.727
FHW12251	322.000 	 90.063 	 66.730
FHW12251	322.125 	 90.056 	 66.727
FHW12251	322.250 	 90.063 	 66.730
FHW12251	322.375 	 90.063 	 66.731
FHW12251	322.500 	 90.063 	 66.727
FHW12251	322.625 	 90.056 	 66.730
FHW12251	322.750 	 90.063 	 66.727
FHW12251	322.875 	 89.888 	 65.780
FHW12251	323.000 	 89.811 	 65.332
FHW12251	323.125 	 89.804 	 65.335
FHW12251	323.250 	 89.811 	 65.332
FHW12251	323.375 	 89.804 	 65.332
FHW12251	323.500 	 89.811 	 65.332
FHW12251	323.625 	 89.804 	 65.332
FHW12251	323.750 	 89.804 	 65.332
FHW12251	323.875 	 89.811 	 65.332
FHW12251	324.000 	 89.804 	 65.332
FHW12251	324.125 	 89.811 	 65.332
FHW12251	324.250 	 89.804 	 65.332
FHW12251	324.375 	 89.811 	 65.332
FHW12251	324.500 	 89.804 	 65.335
FHW12251	324.625 	 89.811 	 65.332
FHW12251	324.750 	 89.804 	 65.332
FHW12251	324.875 	 89.804 	 65.332
FHW12251	325.000 	 89.811 	 65.332
FHW12251	325.125 	 89.804 	 65.335
FHW12251	325.250 	 89.811 	 65.332
FHW12251	325.375 	 89.804 	 65.332
FHW12251	325.500 	 89.811 	 65.329
FHW12251	325.625 	 89.804 	 65.332
FHW12251	325.750 	 89.811 	 65.335
FHW12251	325.875 	 89.804 	 65.332
FHW12251	326.000 	 89.811 	 65.332
FHW12251	326.125 	 89.804 	 65.332
FHW12251	326.250 	 89.804 	 65.332
FHW12251	326.375 	 89.811 	 65.335
FHW12251	326.500 	 89.804 	 65.332
FHW12251	326.625 	 89.811 	 65.332
FHW12251	326.750 	 89.804 	 65.332
FHW12251	326.875 	 89.811 	 65.332
FHW12251	327.000 	 89.804 	 65.335
FHW12251	327.125 	 89.811 	 65.332
FHW12251	327.250 	 89.804 	 65.329
FHW12251	327.375 	 89.804 	 65.332
FHW12251	327.500 	 89.811 	 65.332
FHW12251	327.625 	 89.804 	 65.335
FHW12251	327.750 	 89.811 	 65.332
FHW12251	327.875 	 89.804 	 65.332
FHW12251	328.000 	 89.811 	 65.332
FHW12251	328.125 	 89.804 	 65.332
FHW12251	328.250 	 89.811 	 65.335
FHW12251	328.375 	 89.804 	 65.332
FHW12251	328.500 	 89.804 	 65.332
FHW12251	328.625 	 89.811 	 65.332
FHW12251	328.750 	 89.804 	 65.332
FHW12251	328.875 	 89.811 	 65.335
FHW12251	329.000 	 89.804 	 65.332
FHW12251	329.125 	 89.811 	 65.329
FHW12251	329.250 	 89.804 	 65.332
FHW12251	329.375 	 89.811 	 65.332
FHW12251	329.500 	 89.804 	 65.335
FHW12251	329.625 	 89.811 	 65.332
FHW12251	329.750 	 89.804 	 65.332
FHW12251	329.875 	 89.804 	 65.332
FHW12251	330.000 	 89.811 	 65.332
FHW12251	330.125 	 89.804 	 65.335
FHW12251	330.250 	 89.811 	 65.332
FHW12251	330.375 	 89.804 	 65.332
FHW12251	330.500 	 89.811 	 65.332
FHW12251	330.625 	 89.804 	 65.332
FHW12251	330.750 	 89.811 	 65.332
FHW12251	330.875 	 89.804 	 65.332
FHW12251	331.000 	 89.804 	 65.332
FHW12251	331.125 	 89.811 	 65.332
FHW12251	331.250 	 89.804 	 65.332
FHW12251	331.375 	 89.811 	 65.332
FHW12251	331.500 	 89.804 	 65.332
FHW12251	331.625 	 89.811 	 65.335
FHW12251	331.750 	 89.790 	 65.169
FHW12251	331.875 	 89.748 	 64.830
FHW12251	332.000 	 89.748 	 64.833
FHW12251	332.125 	 89.755 	 64.823
FHW12251	332.250 	 89.748 	 64.833
FHW12251	332.375 	 89.748 	 64.823
FHW12251	332.500 	 89.755 	 64.833
FHW12251	332.625 	 89.748 	 64.830
FHW12251	332.750 	 89.748 	 64.826
FHW12251	332.875 	 89.755 	 64.830
FHW12251	333.000 	 89.748 	 64.833
FHW12251	333.125 	 89.748 	 64.823
FHW12251	333.250 	 89.755 	 64.833
FHW12251	333.375 	 89.748 	 64.823
FHW12251	333.500 	 89.748 	 64.833
FHW12251	333.625 	 89.755 	 64.830
FHW12251	333.750 	 89.748 	 64.826
FHW12251	333.875 	 89.755 	 64.830
FHW12251	334.000 	 89.748 	 64.823
FHW12251	334.125 	 89.748 	 64.833
FHW12251	334.250 	 89.755 	 64.830
FHW12251	334.375 	 89.748 	 64.826
FHW12251	334.500 	 89.748 	 64.830
FHW12251	334.625 	 89.755 	 64.826
FHW12251	334.750 	 89.748 	 64.830
FHW12251	334.875 	 89.748 	 64.833
FHW12251	335.000 	 89.755 	 64.823
FHW12251	335.125 	 89.748 	 64.833
FHW12251	335.250 	 89.748 	 64.823
FHW12251	335.375 	 89.755 	 64.833
FHW12251	335.500 	 89.748 	 64.830
FHW12251	335.625 	 89.748 	 64.826
FHW12251	335.750 	 89.755 	 64.830
FHW12251	335.875 	 89.748 	 64.833
FHW12251	336.000 	 89.748 	 64.823
FHW12251	336.125 	 89.755 	 64.833
FHW12251	336.250 	 89.748 	 64.823
FHW12251	336.375 	 89.755 	 64.833
FHW12251	336.500 	 89.748 	 64.830
FHW12251	336.625 	 89.748 	 64.826
FHW12251	336.750 	 89.755 	 64.830
FHW12251	336.875 	 89.748 	 64.826
FHW12251	337.000 	 89.748 	 64.830
FHW12251	337.125 	 89.755 	 64.833
FHW12251	337.250 	 89.748 	 64.823
FHW12251	337.375 	 89.748 	 64.833
FHW12251	337.500 	 89.755 	 64.823
FHW12251	337.625 	 89.748 	 64.833
FHW12251	337.750 	 89.748 	 64.830
FHW12251	337.875 	 89.755 	 64.823
FHW12251	338.000 	 89.748 	 64.833
FHW12251	338.125 	 89.748 	 64.823
FHW12251	338.250 	 89.755 	 64.833
FHW12251	338.375 	 89.748 	 64.830
FHW12251	338.500 	 89.748 	 64.826
FHW12251	338.625 	 89.755 	 64.830
FHW12251	338.750 	 89.748 	 64.833
FHW12251	338.875 	 89.755 	 64.823
FHW12251	339.000 	 89.748 	 64.833
FHW12251	339.125 	 89.748 	 64.823
FHW12251	339.250 	 89.755 	 64.833
FHW12251	339.375 	 89.748 	 64.830
FHW12251	339.500 	 89.748 	 64.826
FHW12251	339.625 	 89.755 	 64.830
FHW12251	339.750 	 89.748 	 64.826
FHW12251	339.875 	 89.748 	 64.830
FHW12251	340.000 	 89.755 	 64.833
FHW12251	340.125 	 89.748 	 64.823
FHW12251	340.250 	 89.748 	 64.833
FHW12251	340.375 	 89.755 	 64.823
FHW12251	340.500 	 89.748 	 64.833
FHW12251	340.625 	 89.748 	 64.830
FHW12251	340.750 	 89.755 	 64.826
FHW12251	340.875 	 89.748 	 64.830
FHW12251	341.000 	 89.853 	 64.817
FHW12251	341.125 	 89.874 	 64.824
FHW12251	341.250 	 89.874 	 64.815
FHW12251	341.375 	 89.881 	 64.824
FHW12251	341.500 	 89.874 	 64.815
FHW12251	341.625 	 89.874 	 64.817
FHW12251	341.750 	 89.881 	 64.821
FHW12251	341.875 	 89.874 	 64.817
FHW12251	342.000 	 89.874 	 64.821
FHW12251	342.125 	 89.881 	 64.817
FHW12251	342.250 	 89.874 	 64.821
FHW12251	342.375 	 89.874 	 64.817
FHW12251	342.500 	 89.874 	 64.815
FHW12251	342.625 	 89.881 	 64.824
FHW12251	342.750 	 89.874 	 64.815
FHW12251	342.875 	 89.874 	 64.824
FHW12251	343.000 	 89.881 	 64.815
FHW12251	343.125 	 89.874 	 64.824
FHW12251	343.250 	 89.874 	 64.815
FHW12251	343.375 	 89.881 	 64.815
FHW12251	343.500 	 89.874 	 64.824
FHW12251	343.625 	 89.874 	 64.815
FHW12251	343.750 	 89.881 	 64.824
FHW12251	343.875 	 89.874 	 64.815
FHW12251	344.000 	 89.874 	 64.817
FHW12251	344.125 	 89.874 	 64.821
FHW12251	344.250 	 89.881 	 64.817
FHW12251	344.375 	 89.874 	 64.821
FHW12251	344.500 	 89.874 	 64.817
FHW12251	344.625 	 89.881 	 64.821
FHW12251	344.750 	 89.874 	 64.817
FHW12251	344.875 	 89.874 	 64.815
FHW12251	345.000 	 89.881 	 64.824
FHW12251	345.125 	 89.874 	 64.815
FHW12251	345.250 	 89.874 	 64.824
FHW12251	345.375 	 89.874 	 64.815
FHW12251	345.500 	 89.881 	 64.824
FHW12251	345.625 	 89.874 	 64.815
FHW12251	345.750 	 89.874 	 64.817
FHW12251	345.875 	 89.881 	 64.821
FHW12251	346.000 	 89.874 	 64.817
FHW12251	346.125 	 89.874 	 64.821
FHW12251	346.250 	 89.881 	 64.817
FHW12251	346.375 	 89.874 	 64.815
FHW12251	346.500 	 89.874 	 64.824
FHW12251	346.625 	 89.874 	 64.815
FHW12251	346.750 	 89.881 	 64.824
FHW12251	346.875 	 89.874 	 64.815
FHW12251	347.000 	 89.874 	 64.824
FHW12251	347.125 	 89.881 	 64.815
FHW12251	347.250 	 89.874 	 64.817
FHW12251	347.375 	 89.874 	 64.821
FHW12251	347.500 	 89.881 	 64.817
FHW12251	347.625 	 89.874 	 64.821
FHW12251	347.750 	 89.874 	 64.817
FHW12251	347.875 	 89.881 	 64.815
FHW12251	348.000 	 89.874 	 64.824
FHW12251	348.125 	 89.874 	 64.815
FHW12251	348.250 	 89.874 	 64.824
FHW12251	348.375 	 89.881 	 64.815
FHW12251	348.500 	 89.874 	 64.824
FHW12251	348.625 	 89.874 	 64.815
FHW12251	348.750 	 89.881 	 64.817
FHW12251	348.875 	 89.874 	 64.821
FHW12251	349.000 	 89.874 	 64.817
FHW12251	349.125 	 89.881 	 64.821
FHW12251	349.250 	 89.874 	 64.817
FHW12251	349.375 	 89.874 	 64.821
FHW12251	349.500 	 89.874 	 64.817
FHW12251	349.625 	 89.881 	 64.815
FHW12251	349.750 	 89.874 	 64.821
FHW12251	349.875 	 89.874 	 64.817
FHW12251	350.000 	 89.881 	 64.824
FHW12251	350.125 	 89.874 	 64.815
FHW12251	350.250 	 89.965 	 64.749
FHW12251	350.375 	 90.000 	 64.711
FHW12251	350.500 	 90.000 	 64.720
FHW12251	350.625 	 90.000 	 64.711
FHW12251	350.750 	 90.000 	 64.720
FHW12251	350.875 	 90.000 	 64.711
FHW12251	351.000 	 90.000 	 64.717
FHW12251	351.125 	 90.000 	 64.720
FHW12251	351.250 	 90.000 	 64.711
FHW12251	351.375 	 90.000 	 64.720
FHW12251	351.500 	 90.000 	 64.711
FHW12251	351.625 	 90.000 	 64.720
FHW12251	351.750 	 90.000 	 64.717
FHW12251	351.875 	 90.000 	 64.711
FHW12251	352.000 	 90.000 	 64.720
FHW12251	352.125 	 90.000 	 64.711
FHW12251	352.250 	 90.000 	 64.720
FHW12251	352.375 	 90.000 	 64.717
FHW12251	352.500 	 90.000 	 64.711
FHW12251	352.625 	 90.000 	 64.720
FHW12251	352.750 	 90.000 	 64.711
FHW12251	352.875 	 90.000 	 64.720
FHW12251	353.000 	 90.000 	 64.717
FHW12251	353.125 	 90.000 	 64.714
FHW12251	353.250 	 90.000 	 64.717
FHW12251	353.375 	 90.000 	 64.711
FHW12251	353.500 	 90.000 	 64.720
FHW12251	353.625 	 90.000 	 64.711
FHW12251	353.750 	 90.000 	 64.720
FHW12251	353.875 	 90.000 	 64.717
FHW12251	354.000 	 90.000 	 64.714
FHW12251	354.125 	 90.000 	 64.717
FHW12251	354.250 	 90.000 	 64.711
FHW12251	354.375 	 90.000 	 64.720
FHW12251	354.500 	 90.000 	 64.717
FHW12251	354.625 	 90.000 	 64.714
FHW12251	354.750 	 90.000 	 64.717
FHW12251	354.875 	 90.000 	 64.714
FHW12251	355.000 	 90.000 	 64.717
FHW12251	355.125 	 90.000 	 64.717
FHW12251	355.250 	 90.000 	 64.714
FHW12251	355.375 	 90.000 	 64.717
FHW12251	355.500 	 90.000 	 64.714
FHW12251	355.625 	 90.000 	 64.717
FHW12251	355.750 	 90.000 	 64.720
FHW12251	355.875 	 90.000 	 64.711
FHW12251	356.000 	 90.000 	 64.717
FHW12251	356.125 	 90.000 	 64.714
FHW12251	356.250 	 90.000 	 64.717
FHW12251	356.375 	 90.000 	 64.714
FHW12251	356.500 	 90.000 	 64.717
FHW12251	356.625 	 90.000 	 64.720
FHW12251	356.750 	 90.000 	 64.711
FHW12251	356.875 	 90.000 	 64.717
FHW12251	357.000 	 90.000 	 64.714
FHW12251	357.125 	 90.000 	 64.717
FHW12251	357.250 	 90.000 	 64.720
FHW12251	357.375 	 90.000 	 64.711
FHW12251	357.500 	 90.000 	 64.720
FHW12251	357.625 	 90.000 	 64.711
FHW12251	357.750 	 90.000 	 64.717
FHW12251	357.875 	 90.000 	 64.720
FHW12251	358.000 	 90.000 	 64.711
FHW12251	358.125 	 90.000 	 64.720
FHW12251	358.250 	 90.000 	 64.711
FHW12251	358.375 	 90.000 	 64.717
FHW12251	358.500 	 90.000 	 64.720
FHW12251	358.625 	 90.000 	 64.711
FHW12251	358.750 	 90.000 	 64.720
FHW12251	358.875 	 90.000 	 64.711
FHW12251	359.000 	 90.000 	 64.720
FHW12251	359.125 	 90.000 	 64.711
FHW12251	359.250 	 90.000 	 64.717
FHW12251	359.375 	 90.014 	 64.717
FHW12251	359.500 	 90.126 	 64.703
FHW12251	359.625 	 90.119 	 64.696
FHW12251	359.750 	 90.126 	 64.703
FHW12251	359.875 	 90.119 	 64.703
FHW12251	360.000 	 90.126 	 64.696
FHW12251	360.125 	 90.126 	 64.700
FHW12251	360.250 	 90.119 	 64.703
FHW12251	360.375 	 90.126 	 64.696
FHW12251	360.500 	 90.119 	 64.703
FHW12251	360.625 	 90.126 	 64.703
FHW12251	360.750 	 90.126 	 64.703
FHW12251	360.875 	 90.119 	 64.696
FHW12251	361.000 	 90.126 	 64.703
FHW12251	361.125 	 90.119 	 64.703
FHW12251	361.250 	 90.126 	 64.696
FHW12251	361.375 	 90.119 	 64.703
FHW12251	361.500 	 90.126 	 64.703
FHW12251	361.625 	 90.126 	 64.703
FHW12251	361.750 	 90.119 	 64.693
FHW12251	361.875 	 90.126 	 64.703
FHW12251	362.000 	 90.119 	 64.703
FHW12251	362.125 	 90.126 	 64.696
FHW12251	362.250 	 90.126 	 64.703
FHW12251	362.375 	 90.119 	 64.703
FHW12251	362.500 	 90.126 	 64.696
FHW12251	362.625 	 90.119 	 64.703
FHW12251	362.750 	 90.126 	 64.703
FHW12251	362.875 	 90.119 	 64.703
FHW12251	363.000 	 90.126 	 64.696
FHW12251	363.125 	 90.126 	 64.703
FHW12251	363.250 	 90.119 	 64.700
FHW12251	363.375 	 90.126 	 64.696
FHW12251	363.500 	 90.119 	 64.703
FHW12251	363.625 	 90.126 	 64.703
FHW12251	363.750 	 90.126 	 64.703
FHW12251	363.875 	 90.119 	 64.696
FHW12251	364.000 	 90.126 	 64.703
FHW12251	364.125 	 90.119 	 64.703
FHW12251	364.250 	 90.126 	 64.696
FHW12251	364.375 	 90.119 	 64.703
FHW12251	364.500 	 90.126 	 64.703
FHW12251	364.625 	 90.126 	 64.696
FHW12251	364.750 	 90.119 	 64.703
FHW12251	364.875 	 90.126 	 64.700
FHW12251	365.000 	 90.119 	 64.703
FHW12251	365.125 	 90.126 	 64.696
FHW12251	365.250 	 90.126 	 64.703
FHW12251	365.375 	 90.119 	 64.703
FHW12251	365.500 	 90.126 	 64.696
FHW12251	365.625 	 90.119 	 64.703
FHW12251	365.750 	 90.126 	 64.703
FHW12251	365.875 	 90.119 	 64.703
FHW12251	366.000 	 90.126 	 64.696
FHW12251	366.125 	 90.126 	 64.703
FHW12251	366.250 	 90.119 	 64.703
FHW12251	366.375 	 90.126 	 64.693
FHW12251	366.500 	 90.119 	 64.703
FHW12251	366.625 	 90.126 	 64.703
FHW12251	366.750 	 90.126 	 64.696
FHW12251	366.875 	 90.119 	 64.703
FHW12251	367.000 	 90.126 	 64.703
FHW12251	367.125 	 90.119 	 64.703
FHW12251	367.250 	 90.126 	 64.696
FHW12251	367.375 	 90.119 	 64.703
FHW12251	367.500 	 90.126 	 64.703
FHW12251	367.625 	 90.126 	 64.696
FHW12251	367.750 	 90.119 	 64.703
FHW12251	367.875 	 90.126 	 64.703
FHW12251	368.000 	 90.119 	 64.700
FHW12251	368.125 	 90.126 	 64.696
FHW12251	368.250 	 90.126 	 64.703
FHW12251	368.375 	 90.119 	 64.703
FHW12251	368.500 	 90.126 	 64.696
FHW12251	368.625 	 90.119 	 64.703
FHW12251	368.750 	 90.231 	 64.558
FHW12251	368.875 	 90.301 	 64.454
FHW12251	369.000 	 90.308 	 64.448
FHW12251	369.125 	 90.308 	 64.448
FHW12251	369.250 	 90.308 	 64.451
FHW12251	369.375 	 90.308 	 64.448
FHW12251	369.500 	 90.308 	 64.448
FHW12251	369.625 	 90.308 	 64.454
FHW12251	369.750 	 90.301 	 64.448
FHW12251	369.875 	 90.308 	 64.448
FHW12251	370.000 	 90.308 	 64.454
FHW12251	370.125 	 90.308 	 64.445
FHW12251	370.250 	 90.308 	 64.448
FHW12251	370.375 	 90.308 	 64.454
FHW12251	370.500 	 90.308 	 64.448
FHW12251	370.625 	 90.301 	 64.448
FHW12251	370.750 	 90.308 	 64.454
FHW12251	370.875 	 90.308 	 64.448
FHW12251	371.000 	 90.308 	 64.445
FHW12251	371.125 	 90.308 	 64.454
FHW12251	371.250 	 90.308 	 64.448
FHW12251	371.375 	 90.308 	 64.448
FHW12251	371.500 	 90.301 	 64.454
FHW12251	371.625 	 90.308 	 64.448
FHW12251	371.750 	 90.308 	 64.448
FHW12251	371.875 	 90.308 	 64.451
FHW12251	372.000 	 90.308 	 64.448
FHW12251	372.125 	 90.308 	 64.448
FHW12251	372.250 	 90.308 	 64.454
FHW12251	372.375 	 90.301 	 64.448
FHW12251	372.500 	 90.308 	 64.448
FHW12251	372.625 	 90.308 	 64.454
FHW12251	372.750 	 90.308 	 64.448
FHW12251	372.875 	 90.308 	 64.445
FHW12251	373.000 	 90.308 	 64.454
FHW12251	373.125 	 90.308 	 64.448
FHW12251	373.250 	 90.301 	 64.448
FHW12251	373.375 	 90.308 	 64.454
FHW12251	373.500 	 90.308 	 64.448
FHW12251	373.625 	 90.308 	 64.448
FHW12251	373.750 	 90.308 	 64.451
FHW12251	373.875 	 90.308 	 64.448
FHW12251	374.000 	 90.308 	 64.448
FHW12251	374.125 	 90.301 	 64.454
FHW12251	374.250 	 90.308 	 64.448
FHW12251	374.375 	 90.308 	 64.448
FHW12251	374.500 	 90.308 	 64.454
FHW12251	374.625 	 90.308 	 64.445
FHW12251	374.750 	 90.308 	 64.448
FHW12251	374.875 	 90.308 	 64.454
FHW12251	375.000 	 90.301 	 64.448
FHW12251	375.125 	 90.308 	 64.454
FHW12251	375.250 	 90.308 	 64.448
FHW12251	375.375 	 90.308 	 64.448
FHW12251	375.500 	 90.308 	 64.451
FHW12251	375.625 	 90.308 	 64.448
FHW12251	375.750 	 90.308 	 64.448
FHW12251	375.875 	 90.301 	 64.454
FHW12251	376.000 	 90.308 	 64.448
FHW12251	376.125 	 90.308 	 64.448
FHW12251	376.250 	 90.308 	 64.454
FHW12251	376.375 	 90.308 	 64.445
FHW12251	376.500 	 90.308 	 64.448
FHW12251	376.625 	 90.308 	 64.454
FHW12251	376.750 	 90.301 	 64.448
FHW12251	376.875 	 90.308 	 64.448
FHW12251	377.000 	 90.308 	 64.454
FHW12251	377.125 	 90.308 	 64.448
FHW12251	377.250 	 90.308 	 64.445
FHW12251	377.375 	 90.308 	 64.454
FHW12251	377.500 	 90.308 	 64.448
FHW12251	377.625 	 90.301 	 64.448
FHW12251	377.750 	 90.308 	 64.454
FHW12251	377.875 	 90.308 	 64.448
FHW12251	378.000 	 90.308 	 64.448
FHW12251	378.125 	 90.308 	 63.898
FHW12251	378.250 	 90.308 	 63.798
FHW12251	378.375 	 90.315 	 63.795
FHW12251	378.500 	 90.308 	 63.791
FHW12251	378.625 	 90.308 	 63.795
FHW12251	378.750 	 90.308 	 63.798
FHW12251	378.875 	 90.315 	 63.795
FHW12251	379.000 	 90.308 	 63.791
FHW12251	379.125 	 90.308 	 63.795
FHW12251	379.250 	 90.308 	 63.798
FHW12251	379.375 	 90.315 	 63.791
FHW12251	379.500 	 90.308 	 63.795
FHW12251	379.625 	 90.308 	 63.798
FHW12251	379.750 	 90.308 	 63.795
FHW12251	379.875 	 90.308 	 63.791
FHW12251	380.000 	 90.315 	 63.795
FHW12251	380.125 	 90.308 	 63.798
FHW12251	380.250 	 90.308 	 63.788
FHW12251	380.375 	 90.308 	 63.798
FHW12251	380.500 	 90.315 	 63.798
FHW12251	380.625 	 90.308 	 63.795
FHW12251	380.750 	 90.308 	 63.791
FHW12251	380.875 	 90.308 	 63.795
FHW12251	381.000 	 90.315 	 63.798
FHW12251	381.125 	 90.308 	 63.788
FHW12251	381.250 	 90.308 	 63.798
FHW12251	381.375 	 90.308 	 63.795
FHW12251	381.500 	 90.315 	 63.798
FHW12251	381.625 	 90.308 	 63.791
FHW12251	381.750 	 90.308 	 63.795
FHW12251	381.875 	 90.308 	 63.798
FHW12251	382.000 	 90.308 	 63.788
FHW12251	382.125 	 90.315 	 63.798
FHW12251	382.250 	 90.308 	 63.795
FHW12251	382.375 	 90.308 	 63.798
FHW12251	382.500 	 90.308 	 63.788
FHW12251	382.625 	 90.315 	 63.798
FHW12251	382.750 	 90.308 	 63.798
FHW12251	382.875 	 90.308 	 63.788
FHW12251	383.000 	 90.308 	 63.798
FHW12251	383.125 	 90.315 	 63.795
FHW12251	383.250 	 90.308 	 63.798
FHW12251	383.375 	 90.308 	 63.788
FHW12251	383.500 	 90.308 	 63.798
FHW12251	383.625 	 90.315 	 63.798
FHW12251	383.750 	 90.308 	 63.788
FHW12251	383.875 	 90.308 	 63.798
FHW12251	384.000 	 90.308 	 63.795
FHW12251	384.125 	 90.308 	 63.798
FHW12251	384.250 	 90.315 	 63.788
FHW12251	384.375 	 90.308 	 63.798
FHW12251	384.500 	 90.308 	 63.795
FHW12251	384.625 	 90.308 	 63.791
FHW12251	384.750 	 90.315 	 63.798
FHW12251	384.875 	 90.308 	 63.795
FHW12251	385.000 	 90.308 	 63.798
FHW12251	385.125 	 90.308 	 63.788
FHW12251	385.250 	 90.315 	 63.798
FHW12251	385.375 	 90.308 	 63.795
FHW12251	385.500 	 90.308 	 63.791
FHW12251	385.625 	 90.308 	 63.795
FHW12251	385.750 	 90.315 	 63.798
FHW12251	385.875 	 90.308 	 63.798
FHW12251	386.000 	 90.308 	 63.788
FHW12251	386.125 	 90.308 	 63.798
FHW12251	386.250 	 90.308 	 63.795
FHW12251	386.375 	 90.315 	 63.791
FHW12251	386.500 	 90.308 	 63.795
FHW12251	386.625 	 90.308 	 63.798
FHW12251	386.750 	 90.308 	 63.788
FHW12251	386.875 	 90.315 	 63.798
FHW12251	387.000 	 90.308 	 63.798
FHW12251	387.125 	 90.308 	 63.795
FHW12251	387.250 	 90.308 	 63.791
FHW12251	387.375 	 90.126 	 63.607
FHW12251	387.500 	 90.056 	 63.544
FHW12251	387.625 	 90.063 	 63.541
FHW12251	387.750 	 90.063 	 63.551
FHW12251	387.875 	 90.063 	 63.541
FHW12251	388.000 	 90.063 	 63.551
FHW12251	388.125 	 90.056 	 63.541
FHW12251	388.250 	 90.063 	 63.544
FHW12251	388.375 	 90.063 	 63.547
FHW12251	388.500 	 90.063 	 63.544
FHW12251	388.625 	 90.063 	 63.541
FHW12251	388.750 	 90.056 	 63.551
FHW12251	388.875 	 90.063 	 63.541
FHW12251	389.000 	 90.063 	 63.544
FHW12251	389.125 	 90.063 	 63.547
FHW12251	389.250 	 90.063 	 63.544
FHW12251	389.375 	 90.056 	 63.541
FHW12251	389.500 	 90.063 	 63.551
FHW12251	389.625 	 90.063 	 63.541
FHW12251	389.750 	 90.063 	 63.547
FHW12251	389.875 	 90.063 	 63.544
FHW12251	390.000 	 90.056 	 63.541
FHW12251	390.125 	 90.063 	 63.551
FHW12251	390.250 	 90.063 	 63.541
FHW12251	390.375 	 90.063 	 63.544
FHW12251	390.500 	 90.063 	 63.547
FHW12251	390.625 	 90.056 	 63.544
FHW12251	390.750 	 90.063 	 63.541
FHW12251	390.875 	 90.063 	 63.551
FHW12251	391.000 	 90.063 	 63.541
FHW12251	391.125 	 90.063 	 63.551
FHW12251	391.250 	 90.056 	 63.541
FHW12251	391.375 	 90.063 	 63.544
FHW12251	391.500 	 90.063 	 63.547
FHW12251	391.625 	 90.063 	 63.544
FHW12251	391.750 	 90.056 	 63.541
FHW12251	391.875 	 90.063 	 63.551
FHW12251	392.000 	 90.063 	 63.541
FHW12251	392.125 	 90.063 	 63.544
FHW12251	392.250 	 90.063 	 63.547
FHW12251	392.375 	 90.056 	 63.544
FHW12251	392.500 	 90.063 	 63.547
FHW12251	392.625 	 90.063 	 63.544
FHW12251	392.750 	 90.063 	 63.541
FHW12251	392.875 	 90.063 	 63.551
FHW12251	393.000 	 90.056 	 63.541
FHW12251	393.125 	 90.063 	 63.544
FHW12251	393.250 	 90.063 	 63.547
FHW12251	393.375 	 90.063 	 63.541
FHW12251	393.500 	 90.063 	 63.544
FHW12251	393.625 	 90.056 	 63.547
FHW12251	393.750 	 90.063 	 63.544
FHW12251	393.875 	 90.063 	 63.541
FHW12251	394.000 	 90.063 	 63.551
FHW12251	394.125 	 90.063 	 63.541
FHW12251	394.250 	 90.056 	 63.551
FHW12251	394.375 	 90.063 	 63.541
FHW12251	394.500 	 90.063 	 63.544
FHW12251	394.625 	 90.063 	 63.547
FHW12251	394.750 	 90.063 	 63.544
FHW12251	394.875 	 90.056 	 63.541
FHW12251	395.000 	 90.063 	 63.551
FHW12251	395.125 	 90.063 	 63.541
FHW12251	395.250 	 90.063 	 63.544
FHW12251	395.375 	 90.063 	 63.547
FHW12251	395.500 	 90.056 	 63.544
FHW12251	395.625 	 90.063 	 63.547
FHW12251	395.750 	 90.063 	 63.544
FHW12251	395.875 	 90.063 	 63.541
FHW12251	396.000 	 90.056 	 63.551
FHW12251	396.125 	 90.063 	 63.541
FHW12251	396.250 	 90.063 	 63.544
FHW12251	396.375 	 90.063 	 63.547
FHW12251	396.500 	 90.063 	 63.541
FHW12251	396.625 	 89.993 	 63.560
FHW12251	396.750 	 89.811 	 63.598
FHW12251	396.875 	 89.818 	 63.601
FHW12251	397.000 	 89.818 	 63.604
FHW12251	397.125 	 89.818 	 63.598
FHW12251	397.250 	 89.818 	 63.598
FHW12251	397.375 	 89.811 	 63.598
FHW12251	397.500 	 89.818 	 63.598
FHW12251	397.625 	 89.818 	 63.598
FHW12251	397.750 	 89.818 	 63.598
FHW12251	397.875 	 89.818 	 63.604
FHW12251	398.000 	 89.811 	 63.601
FHW12251	398.125 	 89.818 	 63.598
FHW12251	398.250 	 89.818 	 63.598
FHW12251	398.375 	 89.818 	 63.598
FHW12251	398.500 	 89.818 	 63.598
FHW12251	398.625 	 89.811 	 63.598
FHW12251	398.750 	 89.818 	 63.604
FHW12251	398.875 	 89.818 	 63.598
FHW12251	399.000 	 89.818 	 63.598
FHW12251	399.125 	 89.818 	 63.601
FHW12251	399.250 	 89.811 	 63.598
FHW12251	399.375 	 89.818 	 63.598
FHW12251	399.500 	 89.818 	 63.598
FHW12251	399.625 	 89.818 	 63.604
FHW12251	399.750 	 89.818 	 63.598
FHW12251	399.875 	 89.811 	 63.598
FHW12251	400.000 	 89.818 	 63.598
FHW12251	400.125 	 89.818 	 63.598
FHW12251	400.250 	 89.818 	 63.601
FHW12251	400.375 	 89.818 	 63.604
FHW12251	400.500 	 89.811 	 63.598
FHW12251	400.625 	 89.818 	 63.598
FHW12251	400.750 	 89.818 	 63.598
FHW12251	400.875 	 89.818 	 63.598
FHW12251	401.000 	 89.818 	 63.598
FHW12251	401.125 	 89.811 	 63.598
FHW12251	401.250 	 89.818 	 63.604
FHW12251	401.375 	 89.818 	 63.601
FHW12251	401.500 	 89.818 	 63.598
FHW12251	401.625 	 89.818 	 63.598
FHW12251	401.750 	 89.811 	 63.598
FHW12251	401.875 	 89.818 	 63.598
FHW12251	402.000 	 89.818 	 63.598
FHW12251	402.125 	 89.818 	 63.604
FHW12251	402.250 	 89.818 	 63.598
FHW12251	402.375 	 89.811 	 63.598
FHW12251	402.500 	 89.818 	 63.601
FHW12251	402.625 	 89.818 	 63.598
FHW12251	402.750 	 89.818 	 63.598
FHW12251	402.875 	 89.818 	 63.598
FHW12251	403.000 	 89.811 	 63.604
FHW12251	403.125 	 89.818 	 63.598
FHW12251	403.250 	 89.818 	 63.598
FHW12251	403.375 	 89.818 	 63.598
FHW12251	403.500 	 89.818 	 63.598
FHW12251	403.625 	 89.811 	 63.598
FHW12251	403.750 	 89.818 	 63.601
FHW12251	403.875 	 89.818 	 63.604
FHW12251	404.000 	 89.818 	 63.598
FHW12251	404.125 	 89.818 	 63.598
FHW12251	404.250 	 89.818 	 63.598
FHW12251	404.375 	 89.811 	 63.598
FHW12251	404.500 	 89.818 	 63.598
FHW12251	404.625 	 89.818 	 63.598
FHW12251	404.750 	 89.818 	 63.607
FHW12251	404.875 	 89.818 	 63.598
FHW12251	405.000 	 89.811 	 63.598
FHW12251	405.125 	 89.818 	 63.598
FHW12251	405.250 	 89.818 	 63.598
FHW12251	405.375 	 89.818 	 63.598
FHW12251	405.500 	 89.818 	 63.598
FHW12251	405.625 	 89.811 	 63.604
FHW12251	405.750 	 89.818 	 63.598
FHW12251	405.875 	 89.818 	 63.598
FHW12251	406.000 	 89.811 	 63.629
FHW12251	406.125 	 89.804 	 63.729
FHW12251	406.250 	 89.804 	 63.729
FHW12251	406.375 	 89.804 	 63.729
FHW12251	406.500 	 89.804 	 63.729
FHW12251	406.625 	 89.804 	 63.723
FHW12251	406.750 	 89.804 	 63.729
FHW12251	406.875 	 89.804 	 63.729
FHW12251	407.000 	 89.804 	 63.729
FHW12251	407.125 	 89.797 	 63.729
FHW12251	407.250 	 89.804 	 63.723
FHW12251	407.375 	 89.804 	 63.729
FHW12251	407.500 	 89.804 	 63.729
FHW12251	407.625 	 89.804 	 63.729
FHW12251	407.750 	 89.804 	 63.729
FHW12251	407.875 	 89.804 	 63.723
FHW12251	408.000 	 89.804 	 63.729
FHW12251	408.125 	 89.804 	 63.729
FHW12251	408.250 	 89.804 	 63.729
FHW12251	408.375 	 89.804 	 63.729
FHW12251	408.500 	 89.804 	 63.723
FHW12251	408.625 	 89.797 	 63.729
FHW12251	408.750 	 89.804 	 63.729
FHW12251	408.875 	 89.804 	 63.732
FHW12251	409.000 	 89.804 	 63.729
FHW12251	409.125 	 89.804 	 63.723
FHW12251	409.250 	 89.804 	 63.729
FHW12251	409.375 	 89.804 	 63.729
FHW12251	409.500 	 89.804 	 63.729
FHW12251	409.625 	 89.804 	 63.729
FHW12251	409.750 	 89.804 	 63.723
FHW12251	409.875 	 89.804 	 63.729
FHW12251	410.000 	 89.804 	 63.729
FHW12251	410.125 	 89.797 	 63.729
FHW12251	410.250 	 89.804 	 63.729
FHW12251	410.375 	 89.804 	 63.723
FHW12251	410.500 	 89.804 	 63.729
FHW12251	410.625 	 89.804 	 63.729
FHW12251	410.750 	 89.804 	 63.729
FHW12251	410.875 	 89.804 	 63.729
FHW12251	411.000 	 89.804 	 63.723
FHW12251	411.125 	 89.804 	 63.729
FHW12251	411.250 	 89.804 	 63.729
FHW12251	411.375 	 89.804 	 63.729
FHW12251	411.500 	 89.797 	 63.729
FHW12251	411.625 	 89.804 	 63.723
FHW12251	411.750 	 89.804 	 63.732
FHW12251	411.875 	 89.804 	 63.729
FHW12251	412.000 	 89.804 	 63.729
FHW12251	412.125 	 89.804 	 63.729
FHW12251	412.250 	 89.804 	 63.723
FHW12251	412.375 	 89.804 	 63.729
FHW12251	412.500 	 89.804 	 63.729
FHW12251	412.625 	 89.804 	 63.729
FHW12251	412.750 	 89.804 	 63.729
FHW12251	412.875 	 89.804 	 63.723
FHW12251	413.000 	 89.797 	 63.729
FHW12251	413.125 	 89.804 	 63.729
FHW12251	413.250 	 89.804 	 63.729
FHW12251	413.375 	 89.804 	 63.729
FHW12251	413.500 	 89.804 	 63.723
FHW12251	413.625 	 89.804 	 63.729
FHW12251	413.750 	 89.804 	 63.729
FHW12251	413.875 	 89.804 	 63.729
FHW12251	414.000 	 89.804 	 63.729
FHW12251	414.125 	 89.804 	 63.723
FHW12251	414.250 	 89.804 	 63.729
FHW12251	414.375 	 89.804 	 63.729
FHW12251	414.500 	 89.797 	 63.729
FHW12251	414.625 	 89.804 	 63.729
FHW12251	414.750 	 89.811 	 63.717
FHW12251	414.875 	 89.818 	 63.679
FHW12251	415.000 	 89.818 	 63.673
FHW12251	415.125 	 89.818 	 63.679
FHW12251	415.250 	 89.818 	 63.679
FHW12251	415.375 	 89.818 	 63.679
FHW12251	415.500 	 89.818 	 63.679
FHW12251	415.625 	 89.825 	 63.679
FHW12251	415.750 	 89.818 	 63.673
FHW12251	415.875 	 89.818 	 63.679
FHW12251	416.000 	 89.818 	 63.679
FHW12251	416.125 	 89.818 	 63.679
FHW12251	416.250 	 89.818 	 63.679
FHW12251	416.375 	 89.818 	 63.676
FHW12251	416.500 	 89.818 	 63.679
FHW12251	416.625 	 89.818 	 63.679
FHW12251	416.750 	 89.818 	 63.679
FHW12251	416.875 	 89.825 	 63.679
FHW12251	417.000 	 89.818 	 63.679
FHW12251	417.125 	 89.818 	 63.673
FHW12251	417.250 	 89.818 	 63.679
FHW12251	417.375 	 89.818 	 63.679
FHW12251	417.500 	 89.818 	 63.679
FHW12251	417.625 	 89.818 	 63.679
FHW12251	417.750 	 89.818 	 63.673
FHW12251	417.875 	 89.818 	 63.679
FHW12251	418.000 	 89.818 	 63.679
FHW12251	418.125 	 89.825 	 63.679
FHW12251	418.250 	 89.818 	 63.679
FHW12251	418.375 	 89.818 	 63.673
FHW12251	418.500 	 89.818 	 63.679
FHW12251	418.625 	 89.818 	 63.679
FHW12251	418.750 	 89.818 	 63.679
FHW12251	418.875 	 89.818 	 63.679
FHW12251	419.000 	 89.818 	 63.679
FHW12251	419.125 	 89.818 	 63.673
FHW12251	419.250 	 89.825 	 63.682
FHW12251	419.375 	 89.818 	 63.679
FHW12251	419.500 	 89.818 	 63.679
FHW12251	419.625 	 89.818 	 63.679
FHW12251	419.750 	 89.818 	 63.673
FHW12251	419.875 	 89.818 	 63.679
FHW12251	420.000 	 89.818 	 63.679
FHW12251	420.125 	 89.818 	 63.679
FHW12251	420.250 	 89.818 	 63.679
FHW12251	420.375 	 89.818 	 63.679
FHW12251	420.500 	 89.825 	 63.673
FHW12251	420.625 	 89.818 	 63.679
FHW12251	420.750 	 89.818 	 63.679
FHW12251	420.875 	 89.818 	 63.679
FHW12251	421.000 	 89.818 	 63.679
FHW12251	421.125 	 89.818 	 63.673
FHW12251	421.250 	 89.818 	 63.679
FHW12251	421.375 	 89.818 	 63.679
FHW12251	421.500 	 89.818 	 63.679
FHW12251	421.625 	 89.825 	 63.679
FHW12251	421.750 	 89.818 	 63.679
FHW12251	421.875 	 89.818 	 63.673
FHW12251	422.000 	 89.818 	 63.679
FHW12251	422.125 	 89.818 	 63.679
FHW12251	422.250 	 89.818 	 63.682
FHW12251	422.375 	 89.818 	 63.679
FHW12251	422.500 	 89.818 	 63.673
FHW12251	422.625 	 89.818 	 63.679
FHW12251	422.750 	 89.818 	 63.679
FHW12251	422.875 	 89.825 	 63.679
FHW12251	423.000 	 89.818 	 63.679
FHW12251	423.125 	 89.818 	 63.673
FHW12251	423.250 	 89.818 	 63.679
FHW12251	423.375 	 89.818 	 63.679
FHW12251	423.500 	 89.818 	 63.679
FHW12251	423.625 	 89.818 	 63.679
FHW12251	423.750 	 89.818 	 63.679
FHW12251	423.875 	 89.818 	 63.673
FHW12251	424.000 	 89.825 	 63.679
FHW12251	424.125 	 89.818 	 63.679
FHW12251	424.250 	 89.832 	 63.726
FHW12251	424.375 	 89.881 	 63.814
FHW12251	424.500 	 89.881 	 63.817
FHW12251	424.625 	 89.874 	 63.814
FHW12251	424.750 	 89.881 	 63.817
FHW12251	424.875 	 89.874 	 63.814
FHW12251	425.000 	 89.881 	 63.823
FHW12251	425.125 	 89.881 	 63.817
FHW12251	425.250 	 89.874 	 63.814
FHW12251	425.375 	 89.881 	 63.817
FHW12251	425.500 	 89.874 	 63.814
FHW12251	425.625 	 89.881 	 63.823
FHW12251	425.750 	 89.874 	 63.814
FHW12251	425.875 	 89.881 	 63.817
FHW12251	426.000 	 89.881 	 63.814
FHW12251	426.125 	 89.874 	 63.817
FHW12251	426.250 	 89.881 	 63.817
FHW12251	426.375 	 89.874 	 63.820
FHW12251	426.500 	 89.881 	 63.817
FHW12251	426.625 	 89.881 	 63.814
FHW12251	426.750 	 89.874 	 63.817
FHW12251	426.875 	 89.881 	 63.814
FHW12251	427.000 	 89.874 	 63.817
FHW12251	427.125 	 89.881 	 63.820
FHW12251	427.250 	 89.874 	 63.817
FHW12251	427.375 	 89.881 	 63.817
FHW12251	427.500 	 89.881 	 63.814
FHW12251	427.625 	 89.874 	 63.817
FHW12251	427.750 	 89.881 	 63.814
FHW12251	427.875 	 89.874 	 63.823
FHW12251	428.000 	 89.881 	 63.814
FHW12251	428.125 	 89.881 	 63.817
FHW12251	428.250 	 89.874 	 63.814
FHW12251	428.375 	 89.881 	 63.817
FHW12251	428.500 	 89.874 	 63.817
FHW12251	428.625 	 89.881 	 63.820
FHW12251	428.750 	 89.874 	 63.817
FHW12251	428.875 	 89.881 	 63.814
FHW12251	429.000 	 89.881 	 63.817
FHW12251	429.125 	 89.874 	 63.814
FHW12251	429.250 	 89.881 	 63.817
FHW12251	429.375 	 89.874 	 63.820
FHW12251	429.500 	 89.881 	 63.817
FHW12251	429.625 	 89.881 	 63.814
FHW12251	429.750 	 89.874 	 63.817
FHW12251	429.875 	 89.881 	 63.817
FHW12251	430.000 	 89.874 	 63.814
FHW12251	430.125 	 89.881 	 63.823
FHW12251	430.250 	 89.881 	 63.814
FHW12251	430.375 	 89.874 	 63.817
FHW12251	430.500 	 89.881 	 63.814
FHW12251	430.625 	 89.874 	 63.817
FHW12251	430.750 	 89.881 	 63.814
FHW12251	430.875 	 89.874 	 63.823
FHW12251	431.000 	 89.881 	 63.817
FHW12251	431.125 	 89.881 	 63.814
FHW12251	431.250 	 89.874 	 63.817
FHW12251	431.375 	 89.881 	 63.814
FHW12251	431.500 	 89.874 	 63.817
FHW12251	431.625 	 89.881 	 63.820
FHW12251	431.750 	 89.881 	 63.817
FHW12251	431.875 	 89.874 	 63.814
FHW12251	432.000 	 89.881 	 63.817
FHW12251	432.125 	 89.874 	 63.817
FHW12251	432.250 	 89.881 	 63.814
FHW12251	432.375 	 89.874 	 63.823
FHW12251	432.500 	 89.881 	 63.814
FHW12251	432.625 	 89.881 	 63.817
FHW12251	432.750 	 89.874 	 63.814
FHW12251	432.875 	 89.881 	 63.817
FHW12251	433.000 	 89.874 	 63.814
FHW12251	433.125 	 89.881 	 63.823
FHW12251	433.250 	 89.881 	 63.817
FHW12251	433.375 	 89.874 	 63.814
FHW12251	433.500 	 89.881 	 63.817
FHW12251	433.625 	 89.888 	 63.845
FHW12251	433.750 	 90.189 	 64.486
FHW12251	433.875 	 90.182 	 64.486
FHW12251	434.000 	 90.189 	 64.486
FHW12251	434.125 	 90.182 	 64.483
FHW12251	434.250 	 90.189 	 64.492
FHW12251	434.375 	 90.182 	 64.486
FHW12251	434.500 	 90.189 	 64.486
FHW12251	434.625 	 90.182 	 64.483
FHW12251	434.750 	 90.189 	 64.486
FHW12251	434.875 	 90.182 	 64.492
FHW12251	435.000 	 90.189 	 64.486
FHW12251	435.125 	 90.189 	 64.486
FHW12251	435.250 	 90.182 	 64.483
FHW12251	435.375 	 90.189 	 64.486
FHW12251	435.500 	 90.182 	 64.486
FHW12251	435.625 	 90.189 	 64.492
FHW12251	435.750 	 90.182 	 64.486
FHW12251	435.875 	 90.189 	 64.483
FHW12251	436.000 	 90.182 	 64.486
FHW12251	436.125 	 90.189 	 64.486
FHW12251	436.250 	 90.182 	 64.492
FHW12251	436.375 	 90.189 	 64.486
FHW12251	436.500 	 90.182 	 64.483
FHW12251	436.625 	 90.189 	 64.486
FHW12251	436.750 	 90.189 	 64.486
FHW12251	436.875 	 90.182 	 64.486
FHW12251	437.000 	 90.189 	 64.492
FHW12251	437.125 	 90.182 	 64.483
FHW12251	437.250 	 90.189 	 64.486
FHW12251	437.375 	 90.182 	 64.486
FHW12251	437.500 	 90.189 	 64.486
FHW12251	437.625 	 90.182 	 64.492
FHW12251	437.750 	 90.189 	 64.483
FHW12251	437.875 	 90.182 	 64.486
FHW12251	438.000 	 90.189 	 64.486
FHW12251	438.125 	 90.182 	 64.486
FHW12251	438.250 	 90.189 	 64.483
FHW12251	438.375 	 90.189 	 64.492
FHW12251	438.500 	 90.182 	 64.486
FHW12251	438.625 	 90.189 	 64.486
FHW12251	438.750 	 90.182 	 64.486
FHW12251	438.875 	 90.189 	 64.483
FHW12251	439.000 	 90.182 	 64.492
FHW12251	439.125 	 90.189 	 64.486
FHW12251	439.250 	 90.182 	 64.486
FHW12251	439.375 	 90.189 	 64.486
FHW12251	439.500 	 90.182 	 64.483
FHW12251	439.625 	 90.189 	 64.492
FHW12251	439.750 	 90.182 	 64.486
FHW12251	439.875 	 90.189 	 64.486
FHW12251	440.000 	 90.189 	 64.486
FHW12251	440.125 	 90.182 	 64.483
FHW12251	440.250 	 90.189 	 64.486
FHW12251	440.375 	 90.182 	 64.492
FHW12251	440.500 	 90.189 	 64.486
FHW12251	440.625 	 90.182 	 64.486
FHW12251	440.750 	 90.189 	 64.483
FHW12251	440.875 	 90.182 	 64.486
FHW12251	441.000 	 90.189 	 64.492
FHW12251	441.125 	 90.182 	 64.486
FHW12251	441.250 	 90.189 	 64.486
FHW12251	441.375 	 90.182 	 64.483
FHW12251	441.500 	 90.189 	 64.486
FHW12251	441.625 	 90.189 	 64.486
FHW12251	441.750 	 90.182 	 64.492
FHW12251	441.875 	 90.189 	 64.486
FHW12251	442.000 	 90.182 	 64.483
FHW12251	442.125 	 90.189 	 64.486
FHW12251	442.250 	 90.182 	 64.486
FHW12251	442.375 	 90.189 	 64.492
FHW12251	442.500 	 90.182 	 64.486
FHW12251	442.625 	 90.189 	 64.483
FHW12251	442.750 	 90.182 	 64.486
FHW12251	442.875 	 90.189 	 64.486
FHW12251	443.000 	 90.538 	 65.074
FHW12251	443.125 	 90.559 	 65.096
FHW12251	443.250 	 90.559 	 65.096
FHW12251	443.375 	 90.552 	 65.090
FHW12251	443.500 	 90.559 	 65.096
FHW12251	443.625 	 90.559 	 65.099
FHW12251	443.750 	 90.552 	 65.096
FHW12251	443.875 	 90.559 	 65.096
FHW12251	444.000 	 90.552 	 65.090
FHW12251	444.125 	 90.559 	 65.096
FHW12251	444.250 	 90.559 	 65.096
FHW12251	444.375 	 90.552 	 65.099
FHW12251	444.500 	 90.559 	 65.096
FHW12251	444.625 	 90.552 	 65.096
FHW12251	444.750 	 90.559 	 65.090
FHW12251	444.875 	 90.559 	 65.096
FHW12251	445.000 	 90.552 	 65.096
FHW12251	445.125 	 90.559 	 65.099
FHW12251	445.250 	 90.559 	 65.096
FHW12251	445.375 	 90.552 	 65.090
FHW12251	445.500 	 90.559 	 65.096
FHW12251	445.625 	 90.552 	 65.096
FHW12251	445.750 	 90.559 	 65.096
FHW12251	445.875 	 90.559 	 65.099
FHW12251	446.000 	 90.552 	 65.096
FHW12251	446.125 	 90.559 	 65.090
FHW12251	446.250 	 90.552 	 65.096
FHW12251	446.375 	 90.559 	 65.096
FHW12251	446.500 	 90.559 	 65.099
FHW12251	446.625 	 90.552 	 65.096
FHW12251	446.750 	 90.559 	 65.090
FHW12251	446.875 	 90.559 	 65.096
FHW12251	447.000 	 90.552 	 65.096
FHW12251	447.125 	 90.559 	 65.096
FHW12251	447.250 	 90.552 	 65.099
FHW12251	447.375 	 90.559 	 65.090
FHW12251	447.500 	 90.559 	 65.096
FHW12251	447.625 	 90.552 	 65.096
FHW12251	447.750 	 90.559 	 65.096
FHW12251	447.875 	 90.552 	 65.096
FHW12251	448.000 	 90.559 	 65.099
FHW12251	448.125 	 90.559 	 65.090
FHW12251	448.250 	 90.552 	 65.096
FHW12251	448.375 	 90.559 	 65.096
FHW12251	448.500 	 90.559 	 65.096
FHW12251	448.625 	 90.552 	 65.099
FHW12251	448.750 	 90.559 	 65.090
FHW12251	448.875 	 90.552 	 65.096
FHW12251	449.000 	 90.559 	 65.096
FHW12251	449.125 	 90.559 	 65.096
FHW12251	449.250 	 90.552 	 65.096
FHW12251	449.375 	 90.559 	 65.099
FHW12251	449.500 	 90.552 	 65.090
FHW12251	449.625 	 90.559 	 65.096
FHW12251	449.750 	 90.559 	 65.096
FHW12251	449.875 	 90.552 	 65.096
FHW12251	450.000 	 90.559 	 65.096
FHW12251	450.125 	 90.559 	 65.093
FHW12251	450.250 	 90.552 	 65.096
FHW12251	450.375 	 90.559 	 65.096
FHW12251	450.500 	 90.552 	 65.096
FHW12251	450.625 	 90.559 	 65.096
FHW12251	450.750 	 90.559 	 65.090
FHW12251	450.875 	 90.552 	 65.099
FHW12251	451.000 	 90.559 	 65.096
FHW12251	451.125 	 90.559 	 65.096
FHW12251	451.250 	 90.552 	 65.096
FHW12251	451.375 	 90.559 	 65.096
FHW12251	451.500 	 90.552 	 65.090
FHW12251	451.625 	 90.559 	 65.099
FHW12251	451.750 	 90.559 	 65.096
FHW12251	451.875 	 90.552 	 65.096
FHW12251	452.000 	 90.559 	 65.096
FHW12251	452.125 	 90.552 	 65.090
FHW12251	452.250 	 90.448 	 65.209
FHW12251	452.375 	 90.434 	 65.221
FHW12251	452.500 	 90.427 	 65.219
FHW12251	452.625 	 90.427 	 65.221
FHW12251	452.750 	 90.434 	 65.221
FHW12251	452.875 	 90.427 	 65.221
FHW12251	453.000 	 90.434 	 65.221
FHW12251	453.125 	 90.427 	 65.221
FHW12251	453.250 	 90.434 	 65.215
FHW12251	453.375 	 90.427 	 65.221
FHW12251	453.500 	 90.434 	 65.221
FHW12251	453.625 	 90.427 	 65.221
FHW12251	453.750 	 90.434 	 65.221
FHW12251	453.875 	 90.427 	 65.219
FHW12251	454.000 	 90.434 	 65.221
FHW12251	454.125 	 90.427 	 65.221
FHW12251	454.250 	 90.434 	 65.221
FHW12251	454.375 	 90.427 	 65.221
FHW12251	454.500 	 90.434 	 65.221
FHW12251	454.625 	 90.427 	 65.215
FHW12251	454.750 	 90.427 	 65.221
FHW12251	454.875 	 90.434 	 65.221
FHW12251	455.000 	 90.427 	 65.221
FHW12251	455.125 	 90.434 	 65.219
FHW12251	455.250 	 90.427 	 65.221
FHW12251	455.375 	 90.434 	 65.221
FHW12251	455.500 	 90.427 	 65.221
FHW12251	455.625 	 90.434 	 65.221
FHW12251	455.750 	 90.427 	 65.221
FHW12251	455.875 	 90.434 	 65.215
FHW12251	456.000 	 90.427 	 65.221
FHW12251	456.125 	 90.434 	 65.221
FHW12251	456.250 	 90.427 	 65.221
FHW12251	456.375 	 90.434 	 65.221
FHW12251	456.500 	 90.427 	 65.219
FHW12251	456.625 	 90.427 	 65.221
FHW12251	456.750 	 90.434 	 65.221
FHW12251	456.875 	 90.427 	 65.221
FHW12251	457.000 	 90.434 	 65.221
FHW12251	457.125 	 90.427 	 65.215
FHW12251	457.250 	 90.434 	 65.221
FHW12251	457.375 	 90.427 	 65.221
FHW12251	457.500 	 90.434 	 65.221
FHW12251	457.625 	 90.427 	 65.221
FHW12251	457.750 	 90.434 	 65.221
FHW12251	457.875 	 90.427 	 65.219
FHW12251	458.000 	 90.434 	 65.221
FHW12251	458.125 	 90.427 	 65.221
FHW12251	458.250 	 90.434 	 65.221
FHW12251	458.375 	 90.427 	 65.221
FHW12251	458.500 	 90.434 	 65.215
FHW12251	458.625 	 90.427 	 65.221
FHW12251	458.750 	 90.427 	 65.221
FHW12251	458.875 	 90.434 	 65.221
FHW12251	459.000 	 90.427 	 65.221
FHW12251	459.125 	 90.434 	 65.221
FHW12251	459.250 	 90.427 	 65.219
FHW12251	459.375 	 90.434 	 65.221
FHW12251	459.500 	 90.427 	 65.221
FHW12251	459.625 	 90.434 	 65.221
FHW12251	459.750 	 90.427 	 65.215
FHW12251	459.875 	 90.434 	 65.221
FHW12251	460.000 	 90.427 	 65.221
FHW12251	460.125 	 90.434 	 65.221
FHW12251	460.250 	 90.427 	 65.221
FHW12251	460.375 	 90.434 	 65.221
FHW12251	460.500 	 90.427 	 65.219
FHW12251	460.625 	 90.427 	 65.221
FHW12251	460.750 	 90.434 	 65.221
FHW12251	460.875 	 90.427 	 65.221
FHW12251	461.000 	 90.434 	 65.215
FHW12251	461.125 	 90.427 	 65.221
FHW12251	461.250 	 90.434 	 65.221
FHW12251	461.375 	 90.427 	 65.221
FHW12251	461.500 	 90.406 	 65.162
FHW12251	461.625 	 90.308 	 64.971
FHW12251	461.750 	 90.315 	 64.974
FHW12251	461.875 	 90.315 	 64.974
FHW12251	462.000 	 90.308 	 64.967
FHW12251	462.125 	 90.315 	 64.974
FHW12251	462.250 	 90.315 	 64.968
FHW12251	462.375 	 90.308 	 64.974
FHW12251	462.500 	 90.315 	 64.974
FHW12251	462.625 	 90.315 	 64.967
FHW12251	462.750 	 90.308 	 64.974
FHW12251	462.875 	 90.315 	 64.974
FHW12251	463.000 	 90.315 	 64.974
FHW12251	463.125 	 90.308 	 64.968
FHW12251	463.250 	 90.315 	 64.974
FHW12251	463.375 	 90.315 	 64.967
FHW12251	463.500 	 90.308 	 64.974
FHW12251	463.625 	 90.315 	 64.974
FHW12251	463.750 	 90.315 	 64.974
FHW12251	463.875 	 90.308 	 64.974
FHW12251	464.000 	 90.315 	 64.967
FHW12251	464.125 	 90.315 	 64.968
FHW12251	464.250 	 90.308 	 64.974
FHW12251	464.375 	 90.315 	 64.974
FHW12251	464.500 	 90.315 	 64.974
FHW12251	464.625 	 90.308 	 64.967
FHW12251	464.750 	 90.315 	 64.974
FHW12251	464.875 	 90.315 	 64.974
FHW12251	465.000 	 90.308 	 64.968
FHW12251	465.125 	 90.315 	 64.974
FHW12251	465.250 	 90.315 	 64.967
FHW12251	465.375 	 90.308 	 64.974
FHW12251	465.500 	 90.315 	 64.974
FHW12251	465.625 	 90.315 	 64.974
FHW12251	465.750 	 90.315 	 64.974
FHW12251	465.875 	 90.308 	 64.968
FHW12251	466.000 	 90.315 	 64.967
FHW12251	466.125 	 90.315 	 64.974
FHW12251	466.250 	 90.308 	 64.974
FHW12251	466.375 	 90.315 	 64.974
FHW12251	466.500 	 90.315 	 64.974
FHW12251	466.625 	 90.308 	 64.967
FHW12251	466.750 	 90.315 	 64.968
FHW12251	466.875 	 90.315 	 64.974
FHW12251	467.000 	 90.308 	 64.974
FHW12251	467.125 	 90.315 	 64.974
FHW12251	467.250 	 90.315 	 64.967
FHW12251	467.375 	 90.308 	 64.974
FHW12251	467.500 	 90.315 	 64.974
FHW12251	467.625 	 90.315 	 64.968
FHW12251	467.750 	 90.308 	 64.974
FHW12251	467.875 	 90.315 	 64.967
FHW12251	468.000 	 90.315 	 64.974
FHW12251	468.125 	 90.308 	 64.974
FHW12251	468.250 	 90.315 	 64.974
FHW12251	468.375 	 90.315 	 64.974
FHW12251	468.500 	 90.308 	 64.968
FHW12251	468.625 	 90.315 	 64.967
FHW12251	468.750 	 90.315 	 64.974
FHW12251	468.875 	 90.308 	 64.974
FHW12251	469.000 	 90.315 	 64.974
FHW12251	469.125 	 90.315 	 64.974
FHW12251	469.250 	 90.308 	 64.967
FHW12251	469.375 	 90.315 	 64.974
FHW12251	469.500 	 90.315 	 64.968
FHW12251	469.625 	 90.308 	 64.974
FHW12251	469.750 	 90.315 	 64.974
FHW12251	469.875 	 90.315 	 64.967
FHW12251	470.000 	 90.308 	 64.974
FHW12251	470.125 	 90.315 	 64.974
FHW12251	470.250 	 90.315 	 64.974
FHW12251	470.375 	 90.308 	 64.968
FHW12251	470.500 	 90.315 	 64.974
FHW12251	470.625 	 90.315 	 64.967
FHW12251	470.750 	 90.196 	 64.799
FHW12251	470.875 	 90.182 	 64.775
FHW12251	471.000 	 90.182 	 64.768
FHW12251	471.125 	 90.189 	 64.774
FHW12251	471.250 	 90.182 	 64.775
FHW12251	471.375 	 90.182 	 64.774
FHW12251	471.500 	 90.182 	 64.768
FHW12251	471.625 	 90.182 	 64.775
FHW12251	471.750 	 90.182 	 64.774
FHW12251	471.875 	 90.189 	 64.768
FHW12251	472.000 	 90.182 	 64.781
FHW12251	472.125 	 90.182 	 64.768
FHW12251	472.250 	 90.182 	 64.774
FHW12251	472.375 	 90.182 	 64.775
FHW12251	472.500 	 90.182 	 64.768
FHW12251	472.625 	 90.189 	 64.774
FHW12251	472.750 	 90.182 	 64.775
FHW12251	472.875 	 90.182 	 64.774
FHW12251	473.000 	 90.182 	 64.768
FHW12251	473.125 	 90.182 	 64.775
FHW12251	473.250 	 90.182 	 64.774
FHW12251	473.375 	 90.189 	 64.768
FHW12251	473.500 	 90.182 	 64.781
FHW12251	473.625 	 90.182 	 64.768
FHW12251	473.750 	 90.182 	 64.774
FHW12251	473.875 	 90.182 	 64.775
FHW12251	474.000 	 90.182 	 64.768
FHW12251	474.125 	 90.189 	 64.774
FHW12251	474.250 	 90.182 	 64.775
FHW12251	474.375 	 90.182 	 64.774
FHW12251	474.500 	 90.182 	 64.768
FHW12251	474.625 	 90.182 	 64.775
FHW12251	474.750 	 90.189 	 64.774
FHW12251	474.875 	 90.182 	 64.768
FHW12251	475.000 	 90.182 	 64.781
FHW12251	475.125 	 90.182 	 64.768
FHW12251	475.250 	 90.182 	 64.768
FHW12251	475.375 	 90.182 	 64.774
FHW12251	475.500 	 90.189 	 64.775
FHW12251	475.625 	 90.182 	 64.774
FHW12251	475.750 	 90.182 	 64.768
FHW12251	475.875 	 90.182 	 64.781
FHW12251	476.000 	 90.182 	 64.768
FHW12251	476.125 	 90.182 	 64.768
FHW12251	476.250 	 90.189 	 64.781
FHW12251	476.375 	 90.182 	 64.768
FHW12251	476.500 	 90.182 	 64.774
FHW12251	476.625 	 90.182 	 64.775
FHW12251	476.750 	 90.182 	 64.768
FHW12251	476.875 	 90.182 	 64.774
FHW12251	477.000 	 90.189 	 64.775
FHW12251	477.125 	 90.182 	 64.774
FHW12251	477.250 	 90.182 	 64.768
FHW12251	477.375 	 90.182 	 64.781
FHW12251	477.500 	 90.182 	 64.768
FHW12251	477.625 	 90.182 	 64.768
FHW12251	477.750 	 90.189 	 64.781
FHW12251	477.875 	 90.182 	 64.768
FHW12251	478.000 	 90.182 	 64.774
FHW12251	478.125 	 90.182 	 64.775
FHW12251	478.250 	 90.182 	 64.768
FHW12251	478.375 	 90.182 	 64.774
FHW12251	478.500 	 90.189 	 64.775
FHW12251	478.625 	 90.182 	 64.774
FHW12251	478.750 	 90.182 	 64.768
FHW12251	478.875 	 90.182 	 64.775
FHW12251	479.000 	 90.182 	 64.774
FHW12251	479.125 	 90.189 	 64.768
FHW12251	479.250 	 90.182 	 64.781
FHW12251	479.375 	 90.182 	 64.768
FHW12251	479.500 	 90.182 	 64.774
FHW12251	479.625 	 90.182 	 64.775
FHW12251	479.750 	 90.182 	 64.768
FHW12251	479.875 	 90.189 	 64.774
FHW12251	480.000 	 90.182 	 64.768
FHW12251	480.125 	 89.909 	 64.574
FHW12251	480.250 	 89.818 	 64.499
FHW12251	480.375 	 89.818 	 64.499
FHW12251	480.500 	 89.825 	 64.499
FHW12251	480.625 	 89.818 	 64.505
FHW12251	480.750 	 89.825 	 64.499
FHW12251	480.875 	 89.818 	 64.499
FHW12251	481.000 	 89.825 	 64.499
FHW12251	481.125 	 89.818 	 64.505
FHW12251	481.250 	 89.825 	 64.505
FHW12251	481.375 	 89.818 	 64.493
FHW12251	481.500 	 89.825 	 64.505
FHW12251	481.625 	 89.818 	 64.499
FHW12251	481.750 	 89.818 	 64.505
FHW12251	481.875 	 89.825 	 64.499
FHW12251	482.000 	 89.818 	 64.499
FHW12251	482.125 	 89.825 	 64.499
FHW12251	482.250 	 89.818 	 64.505
FHW12251	482.375 	 89.825 	 64.499
FHW12251	482.500 	 89.818 	 64.499
FHW12251	482.625 	 89.825 	 64.499
FHW12251	482.750 	 89.818 	 64.505
FHW12251	482.875 	 89.825 	 64.505
FHW12251	483.000 	 89.818 	 64.493
FHW12251	483.125 	 89.818 	 64.505
FHW12251	483.250 	 89.825 	 64.499
FHW12251	483.375 	 89.818 	 64.505
FHW12251	483.500 	 89.825 	 64.493
FHW12251	483.625 	 89.818 	 64.505
FHW12251	483.750 	 89.825 	 64.499
FHW12251	483.875 	 89.818 	 64.505
FHW12251	484.000 	 89.825 	 64.499
FHW12251	484.125 	 89.818 	 64.499
FHW12251	484.250 	 89.825 	 64.505
FHW12251	484.375 	 89.818 	 64.499
FHW12251	484.500 	 89.818 	 64.505
FHW12251	484.625 	 89.825 	 64.493
FHW12251	484.750 	 89.818 	 64.505
FHW12251	484.875 	 89.825 	 64.499
FHW12251	485.000 	 89.818 	 64.505
FHW12251	485.125 	 89.825 	 64.493
FHW12251	485.250 	 89.818 	 64.505
FHW12251	485.375 	 89.825 	 64.499
FHW12251	485.500 	 89.818 	 64.505
FHW12251	485.625 	 89.825 	 64.505
FHW12251	485.750 	 89.818 	 64.493
FHW12251	485.875 	 89.818 	 64.505
FHW12251	486.000 	 89.825 	 64.499
FHW12251	486.125 	 89.818 	 64.505
FHW12251	486.250 	 89.825 	 64.493
FHW12251	486.375 	 89.818 	 64.505
FHW12251	486.500 	 89.825 	 64.499
FHW12251	486.625 	 89.818 	 64.505
FHW12251	486.750 	 89.825 	 64.493
FHW12251	486.875 	 89.818 	 64.505
FHW12251	487.000 	 89.825 	 64.499
FHW12251	487.125 	 89.818 	 64.505
FHW12251	487.250 	 89.818 	 64.499
FHW12251	487.375 	 89.825 	 64.499
FHW12251	487.500 	 89.818 	 64.505
FHW12251	487.625 	 89.825 	 64.499
FHW12251	487.750 	 89.818 	 64.505
FHW12251	487.875 	 89.825 	 64.493
FHW12251	488.000 	 89.818 	 64.505
FHW12251	488.125 	 89.825 	 64.499
FHW12251	488.250 	 89.818 	 64.505
FHW12251	488.375 	 89.825 	 64.493
FHW12251	488.500 	 89.818 	 64.505
FHW12251	488.625 	 89.818 	 64.505
FHW12251	488.750 	 89.825 	 64.499
FHW12251	488.875 	 89.818 	 64.499
FHW12251	489.000 	 89.825 	 64.499
FHW12251	489.125 	 89.818 	 64.505
FHW12251	489.250 	 89.825 	 64.499
FHW12251	489.375 	 89.818 	 64.505
FHW12251	489.500 	 89.825 	 64.493
FHW12251	489.625 	 89.818 	 64.505
FHW12251	489.750 	 89.580 	 64.498
FHW12251	489.875 	 89.525 	 64.510
FHW12251	490.000 	 89.525 	 64.504
FHW12251	490.125 	 89.518 	 64.504
FHW12251	490.250 	 89.525 	 64.498
FHW12251	490.375 	 89.525 	 64.504
FHW12251	490.500 	 89.518 	 64.504
FHW12251	490.625 	 89.525 	 64.504
FHW12251	490.750 	 89.525 	 64.504
FHW12251	490.875 	 89.518 	 64.498
FHW12251	491.000 	 89.525 	 64.504
FHW12251	491.125 	 89.525 	 64.504
FHW12251	491.250 	 89.518 	 64.504
FHW12251	491.375 	 89.525 	 64.498
FHW12251	491.500 	 89.525 	 64.504
FHW12251	491.625 	 89.518 	 64.504
FHW12251	491.750 	 89.525 	 64.504
FHW12251	491.875 	 89.525 	 64.504
FHW12251	492.000 	 89.518 	 64.498
FHW12251	492.125 	 89.525 	 64.504
FHW12251	492.250 	 89.525 	 64.510
FHW12251	492.375 	 89.518 	 64.504
FHW12251	492.500 	 89.525 	 64.504
FHW12251	492.625 	 89.525 	 64.498
FHW12251	492.750 	 89.518 	 64.504
FHW12251	492.875 	 89.525 	 64.504
FHW12251	493.000 	 89.518 	 64.504
FHW12251	493.125 	 89.525 	 64.504
FHW12251	493.250 	 89.525 	 64.498
FHW12251	493.375 	 89.518 	 64.504
FHW12251	493.500 	 89.525 	 64.504
FHW12251	493.625 	 89.525 	 64.504
FHW12251	493.750 	 89.518 	 64.498
FHW12251	493.875 	 89.525 	 64.504
FHW12251	494.000 	 89.525 	 64.504
FHW12251	494.125 	 89.518 	 64.504
FHW12251	494.250 	 89.525 	 64.504
FHW12251	494.375 	 89.525 	 64.498
FHW12251	494.500 	 89.518 	 64.504
FHW12251	494.625 	 89.525 	 64.510
FHW12251	494.750 	 89.525 	 64.504
FHW12251	494.875 	 89.518 	 64.504
FHW12251	495.000 	 89.525 	 64.498
FHW12251	495.125 	 89.525 	 64.504
FHW12251	495.250 	 89.518 	 64.504
FHW12251	495.375 	 89.525 	 64.504
FHW12251	495.500 	 89.525 	 64.504
FHW12251	495.625 	 89.518 	 64.498
FHW12251	495.750 	 89.525 	 64.504
FHW12251	495.875 	 89.525 	 64.504
FHW12251	496.000 	 89.518 	 64.504
FHW12251	496.125 	 89.525 	 64.498
FHW12251	496.250 	 89.525 	 64.504
FHW12251	496.375 	 89.518 	 64.504
FHW12251	496.500 	 89.525 	 64.504
FHW12251	496.625 	 89.525 	 64.504
FHW12251	496.750 	 89.518 	 64.498
FHW12251	496.875 	 89.525 	 64.504
FHW12251	497.000 	 89.525 	 64.510
FHW12251	497.125 	 89.518 	 64.504
FHW12251	497.250 	 89.525 	 64.504
FHW12251	497.375 	 89.525 	 64.498
FHW12251	497.500 	 89.518 	 64.504
FHW12251	497.625 	 89.525 	 64.504
FHW12251	497.750 	 89.525 	 64.504
FHW12251	497.875 	 89.518 	 64.498
FHW12251	498.000 	 89.525 	 64.504
FHW12251	498.125 	 89.525 	 64.504
FHW12251	498.250 	 89.518 	 64.504
FHW12251	498.375 	 89.525 	 64.504
FHW12251	498.500 	 89.525 	 64.498
FHW12251	498.625 	 89.518 	 64.504
FHW12251	498.750 	 89.525 	 64.504
FHW12251	498.875 	 89.525 	 64.504
FHW12251	499.000 	 89.518 	 64.504
FHW12251	499.125 	 89.525 	 64.498
FHW12251	499.250 	 89.518 	 64.510
FHW12251	499.375 	 89.454 	 64.505
FHW12251	499.500 	 89.461 	 64.517
FHW12251	499.625 	 89.461 	 64.511
FHW12251	499.750 	 89.454 	 64.505
FHW12251	499.875 	 89.461 	 64.511
FHW12251	500.000 	 89.461 	 64.517
FHW12251	500.125 	 89.454 	 64.505
FHW12251	500.250 	 89.461 	 64.511
FHW12251	500.375 	 89.454 	 64.517
FHW12251	500.500 	 89.461 	 64.505
FHW12251	500.625 	 89.461 	 64.511
FHW12251	500.750 	 89.454 	 64.505
FHW12251	500.875 	 89.461 	 64.517
FHW12251	501.000 	 89.461 	 64.511
FHW12251	501.125 	 89.454 	 64.505
FHW12251	501.250 	 89.461 	 64.517
FHW12251	501.375 	 89.454 	 64.511
FHW12251	501.500 	 89.461 	 64.505
FHW12251	501.625 	 89.461 	 64.511
FHW12251	501.750 	 89.454 	 64.517
FHW12251	501.875 	 89.461 	 64.505
FHW12251	502.000 	 89.461 	 64.511
FHW12251	502.125 	 89.454 	 64.517
FHW12251	502.250 	 89.461 	 64.505
FHW12251	502.375 	 89.454 	 64.511
FHW12251	502.500 	 89.461 	 64.505
FHW12251	502.625 	 89.461 	 64.517
FHW12251	502.750 	 89.454 	 64.511
FHW12251	502.875 	 89.461 	 64.505
FHW12251	503.000 	 89.461 	 64.517
FHW12251	503.125 	 89.454 	 64.511
FHW12251	503.250 	 89.461 	 64.505
FHW12251	503.375 	 89.454 	 64.517
FHW12251	503.500 	 89.461 	 64.511
FHW12251	503.625 	 89.461 	 64.505
FHW12251	503.750 	 89.454 	 64.511
FHW12251	503.875 	 89.461 	 64.517
FHW12251	504.000 	 89.461 	 64.505
FHW12251	504.125 	 89.454 	 64.511
FHW12251	504.250 	 89.461 	 64.511
FHW12251	504.375 	 89.454 	 64.511
FHW12251	504.500 	 89.461 	 64.511
FHW12251	504.625 	 89.461 	 64.505
FHW12251	504.750 	 89.454 	 64.517
FHW12251	504.875 	 89.461 	 64.511
FHW12251	505.000 	 89.461 	 64.505
FHW12251	505.125 	 89.454 	 64.517
FHW12251	505.250 	 89.461 	 64.511
FHW12251	505.375 	 89.454 	 64.505
FHW12251	505.500 	 89.461 	 64.511
FHW12251	505.625 	 89.461 	 64.517
FHW12251	505.750 	 89.454 	 64.505
FHW12251	505.875 	 89.461 	 64.511
FHW12251	506.000 	 89.461 	 64.511
FHW12251	506.125 	 89.454 	 64.511
FHW12251	506.250 	 89.461 	 64.511
FHW12251	506.375 	 89.454 	 64.505
FHW12251	506.500 	 89.461 	 64.517
FHW12251	506.625 	 89.461 	 64.511
FHW12251	506.750 	 89.454 	 64.505
FHW12251	506.875 	 89.461 	 64.517
FHW12251	507.000 	 89.461 	 64.511
FHW12251	507.125 	 89.454 	 64.505
FHW12251	507.250 	 89.461 	 64.511
FHW12251	507.375 	 89.454 	 64.517
FHW12251	507.500 	 89.461 	 64.505
FHW12251	507.625 	 89.461 	 64.511
FHW12251	507.750 	 89.454 	 64.511
FHW12251	507.875 	 89.461 	 64.511
FHW12251	508.000 	 89.461 	 64.511
FHW12251	508.125 	 89.454 	 64.505
FHW12251	508.250 	 89.461 	 64.517
FHW12251	508.375 	 89.454 	 64.511
FHW12251	508.500 	 89.461 	 64.505
FHW12251	508.625 	 89.461 	 64.517
FHW12251	508.750 	 89.454 	 64.511
FHW12251	508.875 	 89.566 	 64.711
FHW12251	509.000 	 89.594 	 64.755
FHW12251	509.125 	 89.587 	 64.749
FHW12251	509.250 	 89.587 	 64.755
FHW12251	509.375 	 89.587 	 64.749
FHW12251	509.500 	 89.587 	 64.755
FHW12251	509.625 	 89.587 	 64.749
FHW12251	509.750 	 89.587 	 64.755
FHW12251	509.875 	 89.587 	 64.749
FHW12251	510.000 	 89.587 	 64.755
FHW12251	510.125 	 89.587 	 64.743
FHW12251	510.250 	 89.587 	 64.755
FHW12251	510.375 	 89.587 	 64.749
FHW12251	510.500 	 89.587 	 64.749
FHW12251	510.625 	 89.587 	 64.755
FHW12251	510.750 	 89.594 	 64.749
FHW12251	510.875 	 89.587 	 64.755
FHW12251	511.000 	 89.587 	 64.749
FHW12251	511.125 	 89.587 	 64.755
FHW12251	511.250 	 89.587 	 64.749
FHW12251	511.375 	 89.587 	 64.755
FHW12251	511.500 	 89.587 	 64.749
FHW12251	511.625 	 89.587 	 64.755
FHW12251	511.750 	 89.587 	 64.749
FHW12251	511.875 	 89.587 	 64.755
FHW12251	512.000 	 89.587 	 64.749
FHW12251	512.125 	 89.587 	 64.755
FHW12251	512.250 	 89.587 	 64.749
FHW12251	512.375 	 89.587 	 64.755
FHW12251	512.500 	 89.594 	 64.749
FHW12251	512.625 	 89.587 	 64.755
FHW12251	512.750 	 89.587 	 64.749
FHW12251	512.875 	 89.587 	 64.755
FHW12251	513.000 	 89.587 	 64.749
FHW12251	513.125 	 89.587 	 64.755
FHW12251	513.250 	 89.587 	 64.749
FHW12251	513.375 	 89.587 	 64.755
FHW12251	513.500 	 89.587 	 64.749
FHW12251	513.625 	 89.587 	 64.755
FHW12251	513.750 	 89.587 	 64.749
FHW12251	513.875 	 89.587 	 64.755
FHW12251	514.000 	 89.587 	 64.749
FHW12251	514.125 	 89.587 	 64.755
FHW12251	514.250 	 89.594 	 64.749
FHW12251	514.375 	 89.587 	 64.755
FHW12251	514.500 	 89.587 	 64.749
FHW12251	514.625 	 89.587 	 64.755
FHW12251	514.750 	 89.587 	 64.749
FHW12251	514.875 	 89.587 	 64.755
FHW12251	515.000 	 89.587 	 64.749
FHW12251	515.125 	 89.587 	 64.755
FHW12251	515.250 	 89.587 	 64.749
FHW12251	515.375 	 89.587 	 64.755
FHW12251	515.500 	 89.587 	 64.749
FHW12251	515.625 	 89.587 	 64.755
FHW12251	515.750 	 89.587 	 64.749
FHW12251	515.875 	 89.587 	 64.749
FHW12251	516.000 	 89.594 	 64.749
FHW12251	516.125 	 89.587 	 64.755
FHW12251	516.250 	 89.587 	 64.749
FHW12251	516.375 	 89.587 	 64.755
FHW12251	516.500 	 89.587 	 64.749
FHW12251	516.625 	 89.587 	 64.755
FHW12251	516.750 	 89.587 	 64.749
FHW12251	516.875 	 89.587 	 64.755
FHW12251	517.000 	 89.587 	 64.749
FHW12251	517.125 	 89.587 	 64.755
FHW12251	517.250 	 89.587 	 64.749
FHW12251	517.375 	 89.587 	 64.755
FHW12251	517.500 	 89.587 	 64.749
FHW12251	517.625 	 89.587 	 64.755
FHW12251	517.750 	 89.594 	 64.749
FHW12251	517.875 	 89.587 	 64.755
FHW12251	518.000 	 89.587 	 64.749
FHW12251	518.125 	 89.587 	 64.755
FHW12251	518.250 	 89.587 	 64.749
FHW12251	518.375 	 89.587 	 64.755
FHW12251	518.500 	 89.587 	 64.749
FHW12251	518.625 	 89.825 	 64.711
FHW12251	518.750 	 89.818 	 64.711
FHW12251	518.875 	 89.825 	 64.711
FHW12251	519.000 	 89.818 	 64.704
FHW12251	519.125 	 89.825 	 64.711
FHW12251	519.250 	 89.818 	 64.717
FHW12251	519.375 	 89.825 	 64.711
FHW12251	519.500 	 89.818 	 64.711
FHW12251	519.625 	 89.825 	 64.711
FHW12251	519.750 	 89.818 	 64.711
FHW12251	519.875 	 89.825 	 64.711
FHW12251	520.000 	 89.818 	 64.704
FHW12251	520.125 	 89.825 	 64.711
FHW12251	520.250 	 89.818 	 64.711
FHW12251	520.375 	 89.825 	 64.711
FHW12251	520.500 	 89.818 	 64.711
FHW12251	520.625 	 89.825 	 64.717
FHW12251	520.750 	 89.818 	 64.711
FHW12251	520.875 	 89.825 	 64.704
FHW12251	521.000 	 89.818 	 64.711
FHW12251	521.125 	 89.825 	 64.711
FHW12251	521.250 	 89.818 	 64.711
FHW12251	521.375 	 89.825 	 64.711
FHW12251	521.500 	 89.818 	 64.711
FHW12251	521.625 	 89.825 	 64.711
FHW12251	521.750 	 89.818 	 64.704
FHW12251	521.875 	 89.825 	 64.711
FHW12251	522.000 	 89.818 	 64.717
FHW12251	522.125 	 89.825 	 64.711
FHW12251	522.250 	 89.818 	 64.711
FHW12251	522.375 	 89.825 	 64.711
FHW12251	522.500 	 89.818 	 64.711
FHW12251	522.625 	 89.825 	 64.711
FHW12251	522.750 	 89.818 	 64.704
FHW12251	522.875 	 89.825 	 64.711
FHW12251	523.000 	 89.818 	 64.711
FHW12251	523.125 	 89.825 	 64.711
FHW12251	523.250 	 89.818 	 64.711
FHW12251	523.375 	 89.825 	 64.717
FHW12251	523.500 	 89.818 	 64.711
FHW12251	523.625 	 89.825 	 64.704
FHW12251	523.750 	 89.818 	 64.711
FHW12251	523.875 	 89.825 	 64.711
FHW12251	524.000 	 89.818 	 64.711
FHW12251	524.125 	 89.825 	 64.711
FHW12251	524.250 	 89.818 	 64.711
FHW12251	524.375 	 89.825 	 64.711
FHW12251	524.500 	 89.818 	 64.704
FHW12251	524.625 	 89.825 	 64.711
FHW12251	524.750 	 89.818 	 64.717
FHW12251	524.875 	 89.825 	 64.711
FHW12251	525.000 	 89.818 	 64.711
FHW12251	525.125 	 89.825 	 64.711
FHW12251	525.250 	 89.818 	 64.711
FHW12251	525.375 	 89.825 	 64.711
FHW12251	525.500 	 89.818 	 64.704
FHW12251	525.625 	 89.825 	 64.711
FHW12251	525.750 	 89.818 	 64.711
FHW12251	525.875 	 89.825 	 64.711
FHW12251	526.000 	 89.818 	 64.711
FHW12251	526.125 	 89.825 	 64.717
FHW12251	526.250 	 89.818 	 64.711
FHW12251	526.375 	 89.825 	 64.704
FHW12251	526.500 	 89.818 	 64.711
FHW12251	526.625 	 89.825 	 64.711
FHW12251	526.750 	 89.818 	 64.711
FHW12251	526.875 	 89.825 	 64.711
FHW12251	527.000 	 89.818 	 64.711
FHW12251	527.125 	 89.825 	 64.711
FHW12251	527.250 	 89.825 	 64.711
FHW12251	527.375 	 89.818 	 64.704
FHW12251	527.500 	 89.825 	 64.711
FHW12251	527.625 	 89.818 	 64.717
FHW12251	527.750 	 89.825 	 64.711
FHW12251	527.875 	 89.818 	 64.711
FHW12251	528.000 	 89.825 	 64.711
FHW12251	528.125 	 89.818 	 64.711
FHW12251	528.250 	 90.084 	 64.667
FHW12251	528.375 	 90.119 	 64.661
FHW12251	528.500 	 90.119 	 64.667
FHW12251	528.625 	 90.119 	 64.654
FHW12251	528.750 	 90.119 	 64.667
FHW12251	528.875 	 90.119 	 64.661
FHW12251	529.000 	 90.119 	 64.667
FHW12251	529.125 	 90.126 	 64.661
FHW12251	529.250 	 90.119 	 64.660
FHW12251	529.375 	 90.119 	 64.661
FHW12251	529.500 	 90.119 	 64.661
FHW12251	529.625 	 90.119 	 64.667
FHW12251	529.750 	 90.119 	 64.661
FHW12251	529.875 	 90.119 	 64.660
FHW12251	530.000 	 90.119 	 64.661
FHW12251	530.125 	 90.119 	 64.667
FHW12251	530.250 	 90.119 	 64.661
FHW12251	530.375 	 90.119 	 64.667
FHW12251	530.500 	 90.119 	 64.654
FHW12251	530.625 	 90.119 	 64.667
FHW12251	530.750 	 90.119 	 64.661
FHW12251	530.875 	 90.119 	 64.667
FHW12251	531.000 	 90.126 	 64.654
FHW12251	531.125 	 90.119 	 64.667
FHW12251	531.250 	 90.119 	 64.661
FHW12251	531.375 	 90.119 	 64.667
FHW12251	531.500 	 90.119 	 64.661
FHW12251	531.625 	 90.119 	 64.660
FHW12251	531.750 	 90.119 	 64.661
FHW12251	531.875 	 90.119 	 64.667
FHW12251	532.000 	 90.119 	 64.661
FHW12251	532.125 	 90.119 	 64.667
FHW12251	532.250 	 90.119 	 64.654
FHW12251	532.375 	 90.119 	 64.667
FHW12251	532.500 	 90.119 	 64.661
FHW12251	532.625 	 90.119 	 64.667
FHW12251	532.750 	 90.126 	 64.661
FHW12251	532.875 	 90.119 	 64.660
FHW12251	533.000 	 90.119 	 64.661
FHW12251	533.125 	 90.119 	 64.667
FHW12251	533.250 	 90.119 	 64.661
FHW12251	533.375 	 90.119 	 64.660
FHW12251	533.500 	 90.119 	 64.661
FHW12251	533.625 	 90.119 	 64.667
FHW12251	533.750 	 90.119 	 64.661
FHW12251	533.875 	 90.119 	 64.661
FHW12251	534.000 	 90.119 	 64.660
FHW12251	534.125 	 90.119 	 64.661
FHW12251	534.250 	 90.119 	 64.667
FHW12251	534.375 	 90.119 	 64.661
FHW12251	534.500 	 90.126 	 64.667
FHW12251	534.625 	 90.119 	 64.654
FHW12251	534.750 	 90.119 	 64.667
FHW12251	534.875 	 90.119 	 64.661
FHW12251	535.000 	 90.119 	 64.667
FHW12251	535.125 	 90.119 	 64.661
FHW12251	535.250 	 90.119 	 64.660
FHW12251	535.375 	 90.119 	 64.661
FHW12251	535.500 	 90.119 	 64.667
FHW12251	535.625 	 90.119 	 64.661
FHW12251	535.750 	 90.119 	 64.660
FHW12251	535.875 	 90.119 	 64.661
FHW12251	536.000 	 90.119 	 64.667
FHW12251	536.125 	 90.119 	 64.661
FHW12251	536.250 	 90.126 	 64.667
FHW12251	536.375 	 90.119 	 64.654
FHW12251	536.500 	 90.119 	 64.667
FHW12251	536.625 	 90.119 	 64.661
FHW12251	536.750 	 90.119 	 64.667
FHW12251	536.875 	 90.119 	 64.661
FHW12251	537.000 	 90.119 	 64.660
FHW12251	537.125 	 90.119 	 64.661
FHW12251	537.250 	 90.119 	 64.667
FHW12251	537.375 	 90.119 	 64.661
FHW12251	537.500 	 90.119 	 64.667
FHW12251	537.625 	 90.119 	 64.654
FHW12251	537.750 	 90.126 	 64.679
FHW12251	537.875 	 90.182 	 64.819
FHW12251	538.000 	 90.175 	 64.819
FHW12251	538.125 	 90.182 	 64.819
FHW12251	538.250 	 90.175 	 64.831
FHW12251	538.375 	 90.182 	 64.819
FHW12251	538.500 	 90.175 	 64.819
FHW12251	538.625 	 90.182 	 64.825
FHW12251	538.750 	 90.175 	 64.819
FHW12251	538.875 	 90.182 	 64.819
FHW12251	539.000 	 90.182 	 64.819
FHW12251	539.125 	 90.175 	 64.825
FHW12251	539.250 	 90.182 	 64.825
FHW12251	539.375 	 90.175 	 64.819
FHW12251	539.500 	 90.182 	 64.825
FHW12251	539.625 	 90.175 	 64.819
FHW12251	539.750 	 90.182 	 64.819
FHW12251	539.875 	 90.175 	 64.819
FHW12251	540.000 	 90.182 	 64.825
FHW12251	540.125 	 90.175 	 64.819
FHW12251	540.250 	 90.182 	 64.825
FHW12251	540.375 	 90.182 	 64.819
FHW12251	540.500 	 90.175 	 64.825
FHW12251	540.625 	 90.182 	 64.819
FHW12251	540.750 	 90.175 	 64.819
FHW12251	540.875 	 90.182 	 64.825
FHW12251	541.000 	 90.175 	 64.819
FHW12251	541.125 	 90.182 	 64.819
FHW12251	541.250 	 90.175 	 64.825
FHW12251	541.375 	 90.182 	 64.825
FHW12251	541.500 	 90.175 	 64.819
FHW12251	541.625 	 90.182 	 64.819
FHW12251	541.750 	 90.182 	 64.819
FHW12251	541.875 	 90.175 	 64.825
FHW12251	542.000 	 90.182 	 64.819
FHW12251	542.125 	 90.175 	 64.819
FHW12251	542.250 	 90.182 	 64.831
FHW12251	542.375 	 90.175 	 64.819
FHW12251	542.500 	 90.182 	 64.819
FHW12251	542.625 	 90.175 	 64.819
FHW12251	542.750 	 90.182 	 64.825
FHW12251	542.875 	 90.175 	 64.819
FHW12251	543.000 	 90.182 	 64.819
FHW12251	543.125 	 90.182 	 64.825
FHW12251	543.250 	 90.175 	 64.825
FHW12251	543.375 	 90.182 	 64.819
FHW12251	543.500 	 90.175 	 64.819
FHW12251	543.625 	 90.182 	 64.825
FHW12251	543.750 	 90.175 	 64.819
FHW12251	543.875 	 90.182 	 64.819
FHW12251	544.000 	 90.175 	 64.819
FHW12251	544.125 	 90.182 	 64.825
FHW12251	544.250 	 90.175 	 64.825
FHW12251	544.375 	 90.182 	 64.819
FHW12251	544.500 	 90.182 	 64.825
FHW12251	544.625 	 90.175 	 64.819
FHW12251	544.750 	 90.182 	 64.819
FHW12251	544.875 	 90.175 	 64.819
FHW12251	545.000 	 90.182 	 64.825
FHW12251	545.125 	 90.175 	 64.819
FHW12251	545.250 	 90.182 	 64.825
FHW12251	545.375 	 90.175 	 64.825
FHW12251	545.500 	 90.182 	 64.819
FHW12251	545.625 	 90.175 	 64.819
FHW12251	545.750 	 90.182 	 64.819
FHW12251	545.875 	 90.182 	 64.825
FHW12251	546.000 	 90.175 	 64.819
FHW12251	546.125 	 90.182 	 64.819
FHW12251	546.250 	 90.175 	 64.825
FHW12251	546.375 	 90.182 	 64.825
FHW12251	546.500 	 90.175 	 64.819
FHW12251	546.625 	 90.182 	 64.819
FHW12251	546.750 	 90.175 	 64.825
FHW12251	546.875 	 90.182 	 64.819
FHW12251	547.000 	 90.175 	 64.819
FHW12251	547.125 	 90.182 	 64.819
FHW12251	547.250 	 90.182 	 64.831
FHW12251	547.375 	 90.133 	 64.837
FHW12251	547.500 	 89.818 	 64.980
FHW12251	547.625 	 89.825 	 64.986
FHW12251	547.750 	 89.818 	 64.980
FHW12251	547.875 	 89.825 	 64.986
FHW12251	548.000 	 89.818 	 64.980
FHW12251	548.125 	 89.818 	 64.986
FHW12251	548.250 	 89.825 	 64.980
FHW12251	548.375 	 89.818 	 64.986
FHW12251	548.500 	 89.825 	 64.980
FHW12251	548.625 	 89.818 	 64.986
FHW12251	548.750 	 89.818 	 64.980
FHW12251	548.875 	 89.825 	 64.986
FHW12251	549.000 	 89.818 	 64.980
FHW12251	549.125 	 89.825 	 64.986
FHW12251	549.250 	 89.818 	 64.980
FHW12251	549.375 	 89.818 	 64.986
FHW12251	549.500 	 89.825 	 64.980
FHW12251	549.625 	 89.818 	 64.986
FHW12251	549.750 	 89.825 	 64.980
FHW12251	549.875 	 89.818 	 64.980
FHW12251	550.000 	 89.818 	 64.986
FHW12251	550.125 	 89.825 	 64.980
FHW12251	550.250 	 89.818 	 64.986
FHW12251	550.375 	 89.825 	 64.980
FHW12251	550.500 	 89.818 	 64.986
FHW12251	550.625 	 89.818 	 64.980
FHW12251	550.750 	 89.825 	 64.986
FHW12251	550.875 	 89.818 	 64.980
FHW12251	551.000 	 89.825 	 64.986
FHW12251	551.125 	 89.818 	 64.980
FHW12251	551.250 	 89.818 	 64.986
FHW12251	551.375 	 89.825 	 64.980
FHW12251	551.500 	 89.818 	 64.986
FHW12251	551.625 	 89.825 	 64.980
FHW12251	551.750 	 89.818 	 64.986
FHW12251	551.875 	 89.818 	 64.980
FHW12251	552.000 	 89.825 	 64.986
FHW12251	552.125 	 89.818 	 64.980
FHW12251	552.250 	 89.825 	 64.986
FHW12251	552.375 	 89.818 	 64.980
FHW12251	552.500 	 89.818 	 64.981
FHW12251	552.625 	 89.825 	 64.980
FHW12251	552.750 	 89.818 	 64.986
FHW12251	552.875 	 89.825 	 64.980
FHW12251	553.000 	 89.818 	 64.986
FHW12251	553.125 	 89.818 	 64.980
FHW12251	553.250 	 89.825 	 64.986
FHW12251	553.375 	 89.818 	 64.980
FHW12251	553.500 	 89.825 	 64.980
FHW12251	553.625 	 89.818 	 64.986
FHW12251	553.750 	 89.818 	 64.980
FHW12251	553.875 	 89.825 	 64.986
FHW12251	554.000 	 89.818 	 64.980
FHW12251	554.125 	 89.825 	 64.986
FHW12251	554.250 	 89.818 	 64.980
FHW12251	554.375 	 89.818 	 64.986
FHW12251	554.500 	 89.825 	 64.980
FHW12251	554.625 	 89.818 	 64.986
FHW12251	554.750 	 89.825 	 64.980
FHW12251	554.875 	 89.818 	 64.986
FHW12251	555.000 	 89.818 	 64.980
FHW12251	555.125 	 89.825 	 64.986
FHW12251	555.250 	 89.818 	 64.980
FHW12251	555.375 	 89.825 	 64.986
FHW12251	555.500 	 89.818 	 64.980
FHW12251	555.625 	 89.818 	 64.986
FHW12251	555.750 	 89.825 	 64.980
FHW12251	555.875 	 89.818 	 64.986
FHW12251	556.000 	 89.825 	 64.980
FHW12251	556.125 	 89.818 	 64.986
FHW12251	556.250 	 89.818 	 64.980
FHW12251	556.375 	 89.825 	 64.986
FHW12251	556.500 	 89.818 	 64.980
FHW12251	556.625 	 89.825 	 64.986
FHW12251	556.750 	 89.818 	 64.980
FHW12251	556.875 	 89.818 	 64.980
FHW12251	557.000 	 89.804 	 65.024
FHW12251	557.125 	 89.762 	 65.080
FHW12251	557.250 	 89.762 	 65.092
FHW12251	557.375 	 89.762 	 65.092
FHW12251	557.500 	 89.762 	 65.080
FHW12251	557.625 	 89.762 	 65.092
FHW12251	557.750 	 89.755 	 65.086
FHW12251	557.875 	 89.762 	 65.086
FHW12251	558.000 	 89.762 	 65.092
FHW12251	558.125 	 89.762 	 65.086
FHW12251	558.250 	 89.762 	 65.086
FHW12251	558.375 	 89.762 	 65.086
FHW12251	558.500 	 89.762 	 65.092
FHW12251	558.625 	 89.762 	 65.080
FHW12251	558.750 	 89.762 	 65.092
FHW12251	558.875 	 89.762 	 65.092
FHW12251	559.000 	 89.755 	 65.080
FHW12251	559.125 	 89.762 	 65.092
FHW12251	559.250 	 89.762 	 65.086
FHW12251	559.375 	 89.762 	 65.086
FHW12251	559.500 	 89.762 	 65.092
FHW12251	559.625 	 89.762 	 65.086
FHW12251	559.750 	 89.762 	 65.086
FHW12251	559.875 	 89.762 	 65.086
FHW12251	560.000 	 89.762 	 65.092
FHW12251	560.125 	 89.755 	 65.086
FHW12251	560.250 	 89.762 	 65.086
FHW12251	560.375 	 89.762 	 65.092
FHW12251	560.500 	 89.762 	 65.080
FHW12251	560.625 	 89.762 	 65.092
FHW12251	560.750 	 89.762 	 65.086
FHW12251	560.875 	 89.762 	 65.086
FHW12251	561.000 	 89.762 	 65.092
FHW12251	561.125 	 89.762 	 65.086
FHW12251	561.250 	 89.762 	 65.086
FHW12251	561.375 	 89.755 	 65.086
FHW12251	561.500 	 89.762 	 65.092
FHW12251	561.625 	 89.762 	 65.086
FHW12251	561.750 	 89.762 	 65.086
FHW12251	561.875 	 89.762 	 65.092
FHW12251	562.000 	 89.762 	 65.080
FHW12251	562.125 	 89.762 	 65.092
FHW12251	562.250 	 89.762 	 65.092
FHW12251	562.375 	 89.762 	 65.080
FHW12251	562.500 	 89.755 	 65.092
FHW12251	562.625 	 89.762 	 65.086
FHW12251	562.750 	 89.762 	 65.086
FHW12251	562.875 	 89.762 	 65.086
FHW12251	563.000 	 89.762 	 65.092
FHW12251	563.125 	 89.762 	 65.086
FHW12251	563.250 	 89.762 	 65.086
FHW12251	563.375 	 89.762 	 65.092
FHW12251	563.500 	 89.762 	 65.080
FHW12251	563.625 	 89.762 	 65.092
FHW12251	563.750 	 89.755 	 65.092
FHW12251	563.875 	 89.762 	 65.080
FHW12251	564.000 	 89.762 	 65.092
FHW12251	564.125 	 89.762 	 65.086
FHW12251	564.250 	 89.762 	 65.086
FHW12251	564.375 	 89.762 	 65.092
FHW12251	564.500 	 89.762 	 65.086
FHW12251	564.625 	 89.762 	 65.086
FHW12251	564.750 	 89.762 	 65.086
FHW12251	564.875 	 89.755 	 65.092
FHW12251	565.000 	 89.762 	 65.086
FHW12251	565.125 	 89.762 	 65.086
FHW12251	565.250 	 89.762 	 65.092
FHW12251	565.375 	 89.762 	 65.080
FHW12251	565.500 	 89.762 	 65.092
FHW12251	565.625 	 89.762 	 65.086
FHW12251	565.750 	 89.762 	 65.086
FHW12251	565.875 	 89.762 	 65.092
FHW12251	566.000 	 89.762 	 65.086
FHW12251	566.125 	 89.755 	 65.086
FHW12251	566.250 	 89.762 	 65.086
FHW12251	566.375 	 89.762 	 65.092
FHW12251	566.500 	 89.762 	 65.086
FHW12251	566.625 	 89.839 	 65.055
FHW12251	566.750 	 89.937 	 65.007
FHW12251	566.875 	 89.944 	 65.019
FHW12251	567.000 	 89.937 	 65.007
FHW12251	567.125 	 89.937 	 65.019
FHW12251	567.250 	 89.944 	 65.007
FHW12251	567.375 	 89.937 	 65.013
FHW12251	567.500 	 89.937 	 65.013
FHW12251	567.625 	 89.944 	 65.013
FHW12251	567.750 	 89.937 	 65.013
FHW12251	567.875 	 89.937 	 65.013
FHW12251	568.000 	 89.944 	 65.007
FHW12251	568.125 	 89.937 	 65.019
FHW12251	568.250 	 89.937 	 65.013
FHW12251	568.375 	 89.944 	 65.013
FHW12251	568.500 	 89.937 	 65.013
FHW12251	568.625 	 89.937 	 65.013
FHW12251	568.750 	 89.944 	 65.013
FHW12251	568.875 	 89.937 	 65.007
FHW12251	569.000 	 89.937 	 65.019
FHW12251	569.125 	 89.944 	 65.007
FHW12251	569.250 	 89.937 	 65.019
FHW12251	569.375 	 89.937 	 65.007
FHW12251	569.500 	 89.937 	 65.013
FHW12251	569.625 	 89.944 	 65.013
FHW12251	569.750 	 89.937 	 65.013
FHW12251	569.875 	 89.937 	 65.013
FHW12251	570.000 	 89.944 	 65.013
FHW12251	570.125 	 89.937 	 65.013
FHW12251	570.250 	 89.937 	 65.013
FHW12251	570.375 	 89.944 	 65.007
FHW12251	570.500 	 89.937 	 65.019
FHW12251	570.625 	 89.937 	 65.007
FHW12251	570.750 	 89.944 	 65.019
FHW12251	570.875 	 89.937 	 65.007
FHW12251	571.000 	 89.937 	 65.013
FHW12251	571.125 	 89.944 	 65.013
FHW12251	571.250 	 89.937 	 65.013
FHW12251	571.375 	 89.937 	 65.013
FHW12251	571.500 	 89.944 	 65.013
FHW12251	571.625 	 89.937 	 65.007
FHW12251	571.750 	 89.937 	 65.019
FHW12251	571.875 	 89.944 	 65.007
FHW12251	572.000 	 89.937 	 65.019
FHW12251	572.125 	 89.937 	 65.007
FHW12251	572.250 	 89.937 	 65.019
FHW12251	572.375 	 89.944 	 65.007
FHW12251	572.500 	 89.937 	 65.013
FHW12251	572.625 	 89.937 	 65.013
FHW12251	572.750 	 89.944 	 65.013
FHW12251	572.875 	 89.937 	 65.013
FHW12251	573.000 	 89.937 	 65.013
FHW12251	573.125 	 89.944 	 65.007
FHW12251	573.250 	 89.937 	 65.019
FHW12251	573.375 	 89.937 	 65.007
FHW12251	573.500 	 89.944 	 65.019
FHW12251	573.625 	 89.937 	 65.007
FHW12251	573.750 	 89.937 	 65.019
FHW12251	573.875 	 89.944 	 65.007
FHW12251	574.000 	 89.937 	 65.013
FHW12251	574.125 	 89.937 	 65.013
FHW12251	574.250 	 89.944 	 65.013
FHW12251	574.375 	 89.937 	 65.013
FHW12251	574.500 	 89.937 	 65.013
FHW12251	574.625 	 89.944 	 65.007
FHW12251	574.750 	 89.937 	 65.019
FHW12251	574.875 	 89.937 	 65.007
FHW12251	575.000 	 89.937 	 65.019
FHW12251	575.125 	 89.944 	 65.007
FHW12251	575.250 	 89.937 	 65.019
FHW12251	575.375 	 89.937 	 65.007
FHW12251	575.500 	 89.944 	 65.013
FHW12251	575.625 	 89.937 	 65.013
FHW12251	575.750 	 89.937 	 65.013
FHW12251	575.875 	 89.944 	 65.019
FHW12251	576.000 	 89.937 	 65.007
