#WellName	 Depth.M	 INCL	 AZIM 
WellName	 Depth.M	 INCL	 AZIM 
FHW13014	0.000 	 0.000 	 0.000
FHW13014	0.125 	 0.000 	 90.000
FHW13014	0.250 	 0.000 	 90.000
FHW13014	0.375 	 0.000 	 90.000
FHW13014	0.500 	 0.000 	 90.000
FHW13014	0.625 	 0.000 	 90.000
FHW13014	0.750 	 0.000 	 90.000
FHW13014	0.875 	 0.000 	 90.000
FHW13014	1.000 	 0.000 	 90.000
FHW13014	1.125 	 0.000 	 90.000
FHW13014	1.250 	 0.000 	 90.000
FHW13014	1.375 	 0.000 	 90.000
FHW13014	1.500 	 0.000 	 90.000
FHW13014	1.625 	 0.000 	 90.000
FHW13014	1.750 	 0.000 	 90.000
FHW13014	1.875 	 0.000 	 90.000
FHW13014	2.000 	 0.000 	 90.000
FHW13014	2.125 	 0.000 	 90.000
FHW13014	2.250 	 0.000 	 90.000
FHW13014	2.375 	 0.000 	 90.000
FHW13014	2.500 	 0.000 	 90.000
FHW13014	2.625 	 0.000 	 90.000
FHW13014	2.750 	 0.000 	 90.000
FHW13014	2.875 	 0.000 	 90.000
FHW13014	3.000 	 0.000 	 90.000
FHW13014	3.125 	 0.000 	 90.000
FHW13014	3.250 	 0.000 	 90.000
FHW13014	3.375 	 0.000 	 90.000
FHW13014	3.500 	 0.000 	 90.000
FHW13014	3.625 	 0.000 	 90.000
FHW13014	3.750 	 0.000 	 90.000
FHW13014	3.875 	 0.000 	 90.000
FHW13014	4.000 	 0.000 	 90.000
FHW13014	4.125 	 0.000 	 90.000
FHW13014	4.250 	 0.000 	 90.000
FHW13014	4.375 	 0.000 	 90.000
FHW13014	4.500 	 0.000 	 90.000
FHW13014	4.625 	 0.000 	 90.000
FHW13014	4.750 	 0.000 	 90.000
FHW13014	4.875 	 0.000 	 90.000
FHW13014	5.000 	 0.000 	 90.000
FHW13014	5.125 	 0.000 	 90.000
FHW13014	5.250 	 0.000 	 90.000
FHW13014	5.375 	 0.000 	 90.000
FHW13014	5.500 	 0.000 	 90.000
FHW13014	5.625 	 0.000 	 90.000
FHW13014	5.750 	 0.000 	 90.000
FHW13014	5.875 	 0.000 	 90.000
FHW13014	6.000 	 0.000 	 90.000
FHW13014	6.125 	 0.000 	 90.000
FHW13014	6.250 	 0.000 	 90.000
FHW13014	6.375 	 0.000 	 90.000
FHW13014	6.500 	 0.000 	 90.000
FHW13014	6.625 	 0.000 	 90.000
FHW13014	6.750 	 0.000 	 90.000
FHW13014	6.875 	 0.000 	 90.000
FHW13014	7.000 	 0.000 	 90.000
FHW13014	7.125 	 0.000 	 90.000
FHW13014	7.250 	 0.000 	 90.000
FHW13014	7.375 	 0.000 	 90.000
FHW13014	7.500 	 0.000 	 90.000
FHW13014	7.625 	 0.000 	 90.000
FHW13014	7.750 	 0.000 	 90.000
FHW13014	7.875 	 0.000 	 90.000
FHW13014	8.000 	 0.000 	 90.000
FHW13014	8.125 	 0.000 	 90.000
FHW13014	8.250 	 0.000 	 90.000
FHW13014	8.375 	 0.000 	 90.000
FHW13014	8.500 	 0.000 	 90.000
FHW13014	8.625 	 0.000 	 90.000
FHW13014	8.750 	 0.000 	 90.000
FHW13014	8.875 	 0.000 	 90.000
FHW13014	9.000 	 0.000 	 90.000
FHW13014	9.125 	 0.000 	 90.000
FHW13014	9.250 	 0.000 	 90.000
FHW13014	9.375 	 0.000 	 90.000
FHW13014	9.500 	 0.000 	 90.000
FHW13014	9.625 	 0.000 	 90.000
FHW13014	9.750 	 0.000 	 90.000
FHW13014	9.875 	 0.000 	 90.000
FHW13014	10.000 	 0.000 	 90.000
FHW13014	10.125 	 0.000 	 90.000
FHW13014	10.250 	 0.000 	 90.000
FHW13014	10.375 	 0.000 	 90.000
FHW13014	10.500 	 0.000 	 90.000
FHW13014	10.625 	 0.000 	 90.000
FHW13014	10.750 	 0.000 	 90.000
FHW13014	10.875 	 0.000 	 90.000
FHW13014	11.000 	 0.000 	 90.000
FHW13014	11.125 	 0.000 	 90.000
FHW13014	11.250 	 0.000 	 90.000
FHW13014	11.375 	 0.000 	 90.000
FHW13014	11.500 	 0.000 	 90.000
FHW13014	11.625 	 0.000 	 90.000
FHW13014	11.750 	 0.000 	 90.000
FHW13014	11.875 	 0.000 	 90.000
FHW13014	12.000 	 0.000 	 90.000
FHW13014	12.125 	 0.000 	 90.000
FHW13014	12.250 	 0.000 	 90.000
FHW13014	12.375 	 0.000 	 90.000
FHW13014	12.500 	 0.000 	 90.000
FHW13014	12.625 	 0.000 	 90.000
FHW13014	12.750 	 0.000 	 90.000
FHW13014	12.875 	 0.000 	 90.000
FHW13014	13.000 	 0.000 	 90.000
FHW13014	13.125 	 0.000 	 90.000
FHW13014	13.250 	 0.000 	 90.000
FHW13014	13.375 	 0.000 	 90.000
FHW13014	13.500 	 0.000 	 90.000
FHW13014	13.625 	 0.000 	 90.000
FHW13014	13.750 	 0.000 	 90.000
FHW13014	13.875 	 0.000 	 90.000
FHW13014	14.000 	 0.000 	 90.000
FHW13014	14.125 	 0.000 	 90.000
FHW13014	14.250 	 0.000 	 90.000
FHW13014	14.375 	 0.000 	 90.000
FHW13014	14.500 	 0.000 	 90.000
FHW13014	14.625 	 0.000 	 90.000
FHW13014	14.750 	 0.000 	 90.000
FHW13014	14.875 	 0.000 	 90.000
FHW13014	15.000 	 0.000 	 90.000
FHW13014	15.125 	 0.000 	 90.000
FHW13014	15.250 	 0.000 	 90.000
FHW13014	15.375 	 0.000 	 90.000
FHW13014	15.500 	 0.000 	 90.000
FHW13014	15.625 	 0.000 	 90.000
FHW13014	15.750 	 0.000 	 90.000
FHW13014	15.875 	 0.000 	 90.000
FHW13014	16.000 	 0.000 	 90.000
FHW13014	16.125 	 0.000 	 90.000
FHW13014	16.250 	 0.000 	 90.000
FHW13014	16.375 	 0.000 	 90.000
FHW13014	16.500 	 0.000 	 90.000
FHW13014	16.625 	 0.000 	 90.000
FHW13014	16.750 	 0.000 	 90.000
FHW13014	16.875 	 0.000 	 90.000
FHW13014	17.000 	 0.000 	 90.000
FHW13014	17.125 	 0.000 	 90.000
FHW13014	17.250 	 0.000 	 90.000
FHW13014	17.375 	 0.000 	 90.000
FHW13014	17.500 	 0.000 	 90.000
FHW13014	17.625 	 0.000 	 90.000
FHW13014	17.750 	 0.000 	 90.000
FHW13014	17.875 	 0.000 	 90.000
FHW13014	18.000 	 0.000 	 90.000
FHW13014	18.125 	 0.000 	 90.000
FHW13014	18.250 	 0.000 	 90.000
FHW13014	18.375 	 0.000 	 90.000
FHW13014	18.500 	 0.000 	 90.000
FHW13014	18.625 	 0.000 	 90.000
FHW13014	18.750 	 0.000 	 90.000
FHW13014	18.875 	 0.000 	 90.000
FHW13014	19.000 	 0.000 	 90.000
FHW13014	19.125 	 0.000 	 90.000
FHW13014	19.250 	 0.000 	 90.000
FHW13014	19.375 	 0.000 	 90.000
FHW13014	19.500 	 0.000 	 90.000
FHW13014	19.625 	 0.000 	 90.000
FHW13014	19.750 	 0.000 	 90.000
FHW13014	19.875 	 0.000 	 90.000
FHW13014	20.000 	 0.000 	 90.000
FHW13014	20.125 	 0.000 	 90.000
FHW13014	20.250 	 0.000 	 90.000
FHW13014	20.375 	 0.000 	 90.000
FHW13014	20.500 	 0.000 	 90.000
FHW13014	20.625 	 0.000 	 90.000
FHW13014	20.750 	 0.000 	 90.000
FHW13014	20.875 	 0.000 	 90.000
FHW13014	21.000 	 0.000 	 90.000
FHW13014	21.125 	 0.000 	 90.000
FHW13014	21.250 	 0.000 	 90.000
FHW13014	21.375 	 0.000 	 90.000
FHW13014	21.500 	 0.000 	 90.000
FHW13014	21.625 	 0.000 	 90.000
FHW13014	21.750 	 0.000 	 90.000
FHW13014	21.875 	 0.000 	 90.000
FHW13014	22.000 	 0.000 	 90.000
FHW13014	22.125 	 0.000 	 90.000
FHW13014	22.250 	 0.000 	 90.000
FHW13014	22.375 	 0.000 	 90.000
FHW13014	22.500 	 0.000 	 90.000
FHW13014	22.625 	 0.000 	 90.000
FHW13014	22.750 	 0.000 	 90.000
FHW13014	22.875 	 0.000 	 90.000
FHW13014	23.000 	 0.000 	 90.000
FHW13014	23.125 	 0.000 	 90.000
FHW13014	23.250 	 0.000 	 90.000
FHW13014	23.375 	 0.000 	 90.000
FHW13014	23.500 	 0.000 	 90.000
FHW13014	23.625 	 0.000 	 90.000
FHW13014	23.750 	 0.000 	 90.000
FHW13014	23.875 	 0.000 	 90.000
FHW13014	24.000 	 0.000 	 90.000
FHW13014	24.125 	 0.000 	 90.000
FHW13014	24.250 	 0.000 	 90.000
FHW13014	24.375 	 0.000 	 90.000
FHW13014	24.500 	 0.000 	 90.000
FHW13014	24.625 	 0.000 	 90.000
FHW13014	24.750 	 0.000 	 90.000
FHW13014	24.875 	 0.000 	 90.000
FHW13014	25.000 	 0.000 	 90.000
FHW13014	25.125 	 0.000 	 90.000
FHW13014	25.250 	 0.000 	 90.000
FHW13014	25.375 	 0.000 	 90.000
FHW13014	25.500 	 0.000 	 90.000
FHW13014	25.625 	 0.000 	 90.000
FHW13014	25.750 	 0.000 	 90.000
FHW13014	25.875 	 0.000 	 90.000
FHW13014	26.000 	 0.000 	 90.000
FHW13014	26.125 	 0.000 	 90.000
FHW13014	26.250 	 0.000 	 90.000
FHW13014	26.375 	 0.000 	 90.000
FHW13014	26.500 	 0.000 	 90.000
FHW13014	26.625 	 0.000 	 90.000
FHW13014	26.750 	 0.000 	 90.000
FHW13014	26.875 	 0.000 	 90.000
FHW13014	27.000 	 0.000 	 90.000
FHW13014	27.125 	 0.000 	 90.000
FHW13014	27.250 	 0.000 	 90.000
FHW13014	27.375 	 0.000 	 90.000
FHW13014	27.500 	 0.000 	 90.000
FHW13014	27.625 	 0.000 	 90.000
FHW13014	27.750 	 0.000 	 90.000
FHW13014	27.875 	 0.000 	 90.000
FHW13014	28.000 	 0.000 	 90.000
FHW13014	28.125 	 0.000 	 90.000
FHW13014	28.250 	 0.000 	 90.000
FHW13014	28.375 	 0.000 	 90.000
FHW13014	28.500 	 0.000 	 90.000
FHW13014	28.625 	 0.000 	 90.000
FHW13014	28.750 	 0.000 	 90.000
FHW13014	28.875 	 0.000 	 90.000
FHW13014	29.000 	 0.000 	 90.000
FHW13014	29.125 	 0.000 	 90.000
FHW13014	29.250 	 0.000 	 90.000
FHW13014	29.375 	 0.000 	 90.000
FHW13014	29.500 	 0.000 	 90.000
FHW13014	29.625 	 0.000 	 90.000
FHW13014	29.750 	 0.000 	 90.000
FHW13014	29.875 	 0.000 	 90.000
FHW13014	30.000 	 0.000 	 90.000
FHW13014	30.125 	 0.000 	 90.000
FHW13014	30.250 	 0.000 	 90.000
FHW13014	30.375 	 0.000 	 90.000
FHW13014	30.500 	 0.000 	 90.000
FHW13014	30.625 	 0.000 	 90.000
FHW13014	30.750 	 0.000 	 90.000
FHW13014	30.875 	 0.000 	 90.000
FHW13014	31.000 	 0.000 	 90.000
FHW13014	31.125 	 0.000 	 90.000
FHW13014	31.250 	 0.000 	 90.000
FHW13014	31.375 	 0.000 	 90.000
FHW13014	31.500 	 0.000 	 90.000
FHW13014	31.625 	 0.000 	 90.000
FHW13014	31.750 	 0.000 	 90.000
FHW13014	31.875 	 0.000 	 90.000
FHW13014	32.000 	 0.000 	 90.000
FHW13014	32.125 	 0.000 	 90.000
FHW13014	32.250 	 0.000 	 90.000
FHW13014	32.375 	 0.000 	 90.000
FHW13014	32.500 	 0.000 	 90.000
FHW13014	32.625 	 0.000 	 90.000
FHW13014	32.750 	 0.000 	 90.000
FHW13014	32.875 	 0.000 	 90.000
FHW13014	33.000 	 0.000 	 90.000
FHW13014	33.125 	 0.000 	 90.000
FHW13014	33.250 	 0.000 	 90.000
FHW13014	33.375 	 0.000 	 90.000
FHW13014	33.500 	 0.000 	 90.000
FHW13014	33.625 	 0.000 	 90.000
FHW13014	33.750 	 0.000 	 90.000
FHW13014	33.875 	 0.000 	 90.000
FHW13014	34.000 	 0.000 	 90.000
FHW13014	34.125 	 0.000 	 90.000
FHW13014	34.250 	 0.000 	 90.000
FHW13014	34.375 	 0.000 	 90.000
FHW13014	34.500 	 0.000 	 90.000
FHW13014	34.625 	 0.000 	 90.000
FHW13014	34.750 	 0.000 	 90.000
FHW13014	34.875 	 0.000 	 90.000
FHW13014	35.000 	 0.000 	 90.000
FHW13014	35.125 	 0.000 	 90.000
FHW13014	35.250 	 0.000 	 90.000
FHW13014	35.375 	 0.000 	 90.000
FHW13014	35.500 	 0.000 	 90.000
FHW13014	35.625 	 0.000 	 90.000
FHW13014	35.750 	 0.000 	 90.000
FHW13014	35.875 	 0.000 	 90.000
FHW13014	36.000 	 0.000 	 90.000
FHW13014	36.125 	 0.000 	 90.000
FHW13014	36.250 	 0.000 	 90.000
FHW13014	36.375 	 0.000 	 90.000
FHW13014	36.500 	 0.000 	 90.000
FHW13014	36.625 	 0.000 	 90.000
FHW13014	36.750 	 0.000 	 90.000
FHW13014	36.875 	 0.000 	 90.000
FHW13014	37.000 	 0.000 	 90.000
FHW13014	37.125 	 0.000 	 90.000
FHW13014	37.250 	 0.000 	 90.000
FHW13014	37.375 	 0.000 	 90.000
FHW13014	37.500 	 0.000 	 90.000
FHW13014	37.625 	 0.000 	 90.000
FHW13014	37.750 	 0.000 	 90.000
FHW13014	37.875 	 0.000 	 90.000
FHW13014	38.000 	 0.000 	 90.000
FHW13014	38.125 	 0.000 	 90.000
FHW13014	38.250 	 0.000 	 90.000
FHW13014	38.375 	 0.000 	 90.000
FHW13014	38.500 	 0.000 	 90.000
FHW13014	38.625 	 0.000 	 90.000
FHW13014	38.750 	 0.000 	 90.000
FHW13014	38.875 	 0.000 	 90.000
FHW13014	39.000 	 0.000 	 90.000
FHW13014	39.125 	 0.000 	 90.000
FHW13014	39.250 	 0.000 	 90.000
FHW13014	39.375 	 0.000 	 90.000
FHW13014	39.500 	 0.000 	 90.000
FHW13014	39.625 	 0.000 	 90.000
FHW13014	39.750 	 0.000 	 90.000
FHW13014	39.875 	 0.000 	 90.000
FHW13014	40.000 	 0.000 	 90.000
FHW13014	40.125 	 1.889 	 284.036
FHW13014	40.250 	 1.833 	 270.000
FHW13014	40.375 	 1.449 	 288.435
FHW13014	40.500 	 1.833 	 270.000
FHW13014	40.625 	 1.889 	 284.036
FHW13014	40.750 	 1.889 	 284.036
FHW13014	40.875 	 1.375 	 270.000
FHW13014	41.000 	 1.889 	 284.036
FHW13014	41.125 	 1.848 	 270.000
FHW13014	41.250 	 1.889 	 284.036
FHW13014	41.375 	 1.449 	 288.435
FHW13014	41.500 	 1.833 	 270.000
FHW13014	41.625 	 1.889 	 284.036
FHW13014	41.750 	 1.833 	 270.000
FHW13014	41.875 	 1.449 	 288.435
FHW13014	42.000 	 1.889 	 284.036
FHW13014	42.125 	 1.833 	 270.000
FHW13014	42.250 	 1.889 	 284.036
FHW13014	42.375 	 1.375 	 270.000
FHW13014	42.500 	 2.786 	 279.462
FHW13014	42.625 	 2.748 	 270.000
FHW13014	42.750 	 2.770 	 270.000
FHW13014	42.875 	 2.748 	 270.000
FHW13014	43.000 	 2.748 	 270.000
FHW13014	43.125 	 3.205 	 270.000
FHW13014	43.250 	 2.748 	 270.000
FHW13014	43.375 	 2.748 	 270.000
FHW13014	43.500 	 2.770 	 270.000
FHW13014	43.625 	 2.748 	 270.000
FHW13014	43.750 	 3.205 	 270.000
FHW13014	43.875 	 2.748 	 270.000
FHW13014	44.000 	 2.748 	 270.000
FHW13014	44.125 	 2.748 	 270.000
FHW13014	44.250 	 2.748 	 270.000
FHW13014	44.375 	 3.231 	 270.000
FHW13014	44.500 	 2.748 	 270.000
FHW13014	44.625 	 2.748 	 270.000
FHW13014	44.750 	 2.748 	 270.000
FHW13014	44.875 	 2.748 	 270.000
FHW13014	45.000 	 3.205 	 270.000
FHW13014	45.125 	 2.770 	 270.000
FHW13014	45.250 	 2.748 	 270.000
FHW13014	45.375 	 2.748 	 270.000
FHW13014	45.500 	 2.748 	 270.000
FHW13014	45.625 	 3.205 	 270.000
FHW13014	45.750 	 2.748 	 270.000
FHW13014	45.875 	 2.770 	 270.000
FHW13014	46.000 	 2.748 	 270.000
FHW13014	46.125 	 2.748 	 270.000
FHW13014	46.250 	 3.205 	 270.000
FHW13014	46.375 	 2.748 	 270.000
FHW13014	46.500 	 2.748 	 270.000
FHW13014	46.625 	 2.770 	 270.000
FHW13014	46.750 	 2.748 	 270.000
FHW13014	46.875 	 3.205 	 270.000
FHW13014	47.000 	 2.748 	 270.000
FHW13014	47.125 	 2.748 	 270.000
FHW13014	47.250 	 2.748 	 270.000
FHW13014	47.375 	 2.748 	 270.000
FHW13014	47.500 	 3.231 	 270.000
FHW13014	47.625 	 2.786 	 279.462
FHW13014	47.750 	 2.748 	 270.000
FHW13014	47.875 	 2.748 	 270.000
FHW13014	48.000 	 2.748 	 270.000
FHW13014	48.125 	 3.205 	 270.000
FHW13014	48.250 	 2.770 	 270.000
FHW13014	48.375 	 2.748 	 270.000
FHW13014	48.500 	 2.748 	 270.000
FHW13014	48.625 	 2.748 	 270.000
FHW13014	48.750 	 3.205 	 270.000
FHW13014	48.875 	 2.748 	 270.000
FHW13014	49.000 	 2.770 	 270.000
FHW13014	49.125 	 2.748 	 270.000
FHW13014	49.250 	 2.748 	 270.000
FHW13014	49.375 	 3.205 	 270.000
FHW13014	49.500 	 2.748 	 270.000
FHW13014	49.625 	 2.748 	 270.000
FHW13014	49.750 	 2.770 	 270.000
FHW13014	49.875 	 3.205 	 270.000
FHW13014	50.000 	 2.748 	 270.000
FHW13014	50.125 	 2.748 	 270.000
FHW13014	50.250 	 2.748 	 270.000
FHW13014	50.375 	 2.748 	 270.000
FHW13014	50.500 	 3.205 	 270.000
FHW13014	50.625 	 2.770 	 270.000
FHW13014	50.750 	 2.748 	 270.000
FHW13014	50.875 	 2.748 	 270.000
FHW13014	51.000 	 2.748 	 270.000
FHW13014	51.125 	 3.205 	 270.000
FHW13014	51.250 	 2.748 	 270.000
FHW13014	51.375 	 2.770 	 270.000
FHW13014	51.500 	 3.690 	 262.875
FHW13014	51.625 	 5.050 	 264.806
FHW13014	51.750 	 4.702 	 258.690
FHW13014	51.875 	 4.664 	 258.690
FHW13014	52.000 	 4.634 	 264.289
FHW13014	52.125 	 5.111 	 259.695
FHW13014	52.250 	 4.702 	 258.690
FHW13014	52.375 	 4.597 	 264.289
FHW13014	52.500 	 4.664 	 258.690
FHW13014	52.625 	 5.152 	 259.695
FHW13014	52.750 	 4.597 	 264.289
FHW13014	52.875 	 4.702 	 258.690
FHW13014	53.000 	 4.664 	 258.690
FHW13014	53.125 	 5.090 	 264.806
FHW13014	53.250 	 4.664 	 258.690
FHW13014	53.375 	 4.664 	 258.690
FHW13014	53.500 	 4.634 	 264.289
FHW13014	53.625 	 5.111 	 259.695
FHW13014	53.750 	 4.702 	 258.690
FHW13014	53.875 	 4.597 	 264.289
FHW13014	54.000 	 4.702 	 258.690
FHW13014	54.125 	 5.111 	 259.695
FHW13014	54.250 	 4.634 	 264.289
FHW13014	54.375 	 4.664 	 258.690
FHW13014	54.500 	 4.664 	 258.690
FHW13014	54.625 	 5.090 	 264.806
FHW13014	54.750 	 4.664 	 258.690
FHW13014	54.875 	 4.702 	 258.690
FHW13014	55.000 	 4.597 	 264.289
FHW13014	55.125 	 4.702 	 258.690
FHW13014	55.250 	 5.111 	 259.695
FHW13014	55.375 	 4.597 	 264.289
FHW13014	55.500 	 4.702 	 258.690
FHW13014	55.625 	 4.664 	 258.690
FHW13014	55.750 	 5.090 	 264.806
FHW13014	55.875 	 4.664 	 258.690
FHW13014	56.000 	 4.702 	 258.690
FHW13014	56.125 	 4.597 	 264.289
FHW13014	56.250 	 5.152 	 259.695
FHW13014	56.375 	 4.664 	 258.690
FHW13014	56.500 	 4.597 	 264.289
FHW13014	56.625 	 4.702 	 258.690
FHW13014	56.750 	 5.111 	 259.695
FHW13014	56.875 	 4.634 	 264.289
FHW13014	57.000 	 4.664 	 258.690
FHW13014	57.125 	 4.702 	 258.690
FHW13014	57.250 	 5.050 	 264.806
FHW13014	57.375 	 4.702 	 258.690
FHW13014	57.500 	 4.597 	 264.289
FHW13014	57.625 	 4.664 	 258.690
FHW13014	57.750 	 5.152 	 259.695
FHW13014	57.875 	 4.597 	 264.289
FHW13014	58.000 	 4.702 	 258.690
FHW13014	58.125 	 4.664 	 258.690
FHW13014	58.250 	 5.090 	 264.806
FHW13014	58.375 	 4.664 	 258.690
FHW13014	58.500 	 4.664 	 258.690
FHW13014	58.625 	 4.634 	 264.289
FHW13014	58.750 	 5.111 	 259.695
FHW13014	58.875 	 4.702 	 258.690
FHW13014	59.000 	 4.597 	 264.289
FHW13014	59.125 	 4.702 	 258.690
FHW13014	59.250 	 5.111 	 259.695
FHW13014	59.375 	 4.634 	 264.289
FHW13014	59.500 	 4.664 	 258.690
FHW13014	59.625 	 4.664 	 258.690
FHW13014	59.750 	 4.634 	 264.289
FHW13014	59.875 	 5.111 	 259.695
FHW13014	60.000 	 4.702 	 258.690
FHW13014	60.125 	 4.597 	 264.289
FHW13014	60.250 	 6.587 	 257.905
FHW13014	60.375 	 6.697 	 254.055
FHW13014	60.500 	 6.587 	 257.905
FHW13014	60.625 	 7.136 	 255.069
FHW13014	60.750 	 6.534 	 257.905
FHW13014	60.875 	 7.136 	 255.069
FHW13014	61.000 	 6.587 	 257.905
FHW13014	61.125 	 6.587 	 257.905
FHW13014	61.250 	 7.136 	 255.069
FHW13014	61.375 	 6.587 	 257.905
FHW13014	61.500 	 6.697 	 254.055
FHW13014	61.625 	 7.033 	 258.690
FHW13014	61.750 	 6.697 	 254.055
FHW13014	61.875 	 6.534 	 257.905
FHW13014	62.000 	 7.136 	 255.069
FHW13014	62.125 	 6.587 	 257.905
FHW13014	62.250 	 7.033 	 258.690
FHW13014	62.375 	 6.697 	 254.055
FHW13014	62.500 	 6.587 	 257.905
FHW13014	62.625 	 7.136 	 255.069
FHW13014	62.750 	 6.587 	 257.905
FHW13014	62.875 	 6.644 	 254.055
FHW13014	63.000 	 7.033 	 258.690
FHW13014	63.125 	 6.587 	 257.905
FHW13014	63.250 	 6.697 	 254.055
FHW13014	63.375 	 7.033 	 258.690
FHW13014	63.500 	 6.697 	 254.055
FHW13014	63.625 	 7.033 	 258.690
FHW13014	63.750 	 6.697 	 254.055
FHW13014	63.875 	 6.587 	 257.905
FHW13014	64.000 	 7.080 	 255.069
FHW13014	64.125 	 6.587 	 257.905
FHW13014	64.250 	 6.587 	 257.905
FHW13014	64.375 	 7.136 	 255.069
FHW13014	64.500 	 6.587 	 257.905
FHW13014	64.625 	 6.697 	 254.055
FHW13014	64.750 	 7.033 	 258.690
FHW13014	64.875 	 6.697 	 254.055
FHW13014	65.000 	 6.534 	 257.905
FHW13014	65.125 	 7.033 	 258.690
FHW13014	65.250 	 6.697 	 254.055
FHW13014	65.375 	 7.033 	 258.690
FHW13014	65.500 	 6.697 	 254.055
FHW13014	65.625 	 6.587 	 257.905
FHW13014	65.750 	 7.136 	 255.069
FHW13014	65.875 	 6.587 	 257.905
FHW13014	66.000 	 6.587 	 257.905
FHW13014	66.125 	 7.079 	 255.069
FHW13014	66.250 	 6.587 	 257.905
FHW13014	66.375 	 6.697 	 254.055
FHW13014	66.500 	 7.033 	 258.690
FHW13014	66.625 	 6.697 	 254.055
FHW13014	66.750 	 7.033 	 258.690
FHW13014	66.875 	 6.697 	 254.055
FHW13014	67.000 	 6.587 	 257.905
FHW13014	67.125 	 6.977 	 258.690
FHW13014	67.250 	 6.697 	 254.055
FHW13014	67.375 	 6.587 	 257.905
FHW13014	67.500 	 7.136 	 255.069
FHW13014	67.625 	 6.587 	 257.905
FHW13014	67.750 	 6.697 	 254.055
FHW13014	67.875 	 7.033 	 258.690
FHW13014	68.000 	 6.587 	 257.905
FHW13014	68.125 	 7.136 	 255.069
FHW13014	68.250 	 6.534 	 257.905
FHW13014	68.375 	 6.697 	 254.055
FHW13014	68.500 	 7.033 	 258.690
FHW13014	68.625 	 6.697 	 254.055
FHW13014	68.750 	 6.587 	 257.905
FHW13014	68.875 	 7.136 	 255.069
FHW13014	69.000 	 6.587 	 257.905
FHW13014	69.125 	 6.587 	 257.905
FHW13014	69.250 	 7.136 	 255.069
FHW13014	69.375 	 9.003 	 255.256
FHW13014	69.500 	 8.970 	 258.111
FHW13014	69.625 	 9.439 	 255.964
FHW13014	69.750 	 9.075 	 255.256
FHW13014	69.875 	 9.003 	 255.256
FHW13014	70.000 	 8.970 	 258.111
FHW13014	70.125 	 9.076 	 255.256
FHW13014	70.250 	 9.003 	 255.256
FHW13014	70.375 	 9.075 	 255.256
FHW13014	70.500 	 9.341 	 258.690
FHW13014	70.625 	 9.075 	 255.256
FHW13014	70.750 	 9.003 	 255.256
FHW13014	70.875 	 9.075 	 255.256
FHW13014	71.000 	 8.970 	 258.111
FHW13014	71.125 	 9.003 	 255.256
FHW13014	71.250 	 9.076 	 255.256
FHW13014	71.375 	 9.439 	 255.964
FHW13014	71.500 	 8.970 	 258.111
FHW13014	71.625 	 9.003 	 255.256
FHW13014	71.750 	 9.075 	 255.256
FHW13014	71.875 	 9.075 	 255.256
FHW13014	72.000 	 8.899 	 258.111
FHW13014	72.125 	 9.075 	 255.256
FHW13014	72.250 	 9.439 	 255.964
FHW13014	72.375 	 9.076 	 255.256
FHW13014	72.500 	 8.899 	 258.111
FHW13014	72.625 	 9.075 	 255.256
FHW13014	72.750 	 9.075 	 255.256
FHW13014	72.875 	 9.003 	 255.256
FHW13014	73.000 	 8.970 	 258.111
FHW13014	73.125 	 9.439 	 255.964
FHW13014	73.250 	 9.075 	 255.256
FHW13014	73.375 	 9.076 	 255.256
FHW13014	73.500 	 8.899 	 258.111
FHW13014	73.625 	 9.075 	 255.256
FHW13014	73.750 	 9.003 	 255.256
FHW13014	73.875 	 9.075 	 255.256
FHW13014	74.000 	 9.341 	 258.690
FHW13014	74.125 	 9.075 	 255.256
FHW13014	74.250 	 9.075 	 255.256
FHW13014	74.375 	 9.003 	 255.256
FHW13014	74.500 	 8.971 	 258.111
FHW13014	74.625 	 9.003 	 255.256
FHW13014	74.750 	 9.515 	 255.964
FHW13014	74.875 	 9.003 	 255.256
FHW13014	75.000 	 8.970 	 258.111
FHW13014	75.125 	 9.075 	 255.256
FHW13014	75.250 	 9.003 	 255.256
FHW13014	75.375 	 9.075 	 255.256
FHW13014	75.500 	 8.899 	 258.112
FHW13014	75.625 	 9.515 	 255.964
FHW13014	75.750 	 9.003 	 255.256
FHW13014	75.875 	 9.075 	 255.256
FHW13014	76.000 	 8.970 	 258.111
FHW13014	76.125 	 9.003 	 255.256
FHW13014	76.250 	 9.075 	 255.256
FHW13014	76.375 	 9.003 	 255.256
FHW13014	76.500 	 9.415 	 258.690
FHW13014	76.625 	 9.075 	 255.256
FHW13014	76.750 	 9.004 	 255.256
FHW13014	76.875 	 9.075 	 255.256
FHW13014	77.000 	 8.899 	 258.111
FHW13014	77.125 	 9.075 	 255.256
FHW13014	77.250 	 9.003 	 255.256
FHW13014	77.375 	 9.515 	 255.964
FHW13014	77.500 	 8.970 	 258.111
FHW13014	77.625 	 9.003 	 255.256
FHW13014	77.750 	 9.075 	 255.256
FHW13014	77.875 	 9.004 	 255.256
FHW13014	78.000 	 8.970 	 258.111
FHW13014	78.125 	 9.003 	 255.256
FHW13014	78.250 	 10.503 	 254.745
FHW13014	78.375 	 11.803 	 258.690
FHW13014	78.500 	 11.900 	 256.504
FHW13014	78.625 	 11.372 	 255.964
FHW13014	78.750 	 11.901 	 256.504
FHW13014	78.875 	 11.900 	 256.504
FHW13014	79.000 	 11.372 	 255.964
FHW13014	79.125 	 11.900 	 256.504
FHW13014	79.250 	 11.806 	 256.504
FHW13014	79.375 	 11.901 	 256.504
FHW13014	79.500 	 11.463 	 255.964
FHW13014	79.625 	 11.806 	 256.504
FHW13014	79.750 	 11.900 	 256.504
FHW13014	79.875 	 11.463 	 255.964
FHW13014	80.000 	 11.807 	 256.504
FHW13014	80.125 	 11.900 	 256.504
FHW13014	80.250 	 11.372 	 255.964
FHW13014	80.375 	 11.900 	 256.504
FHW13014	80.500 	 11.900 	 256.504
FHW13014	80.625 	 11.373 	 255.964
FHW13014	80.750 	 11.900 	 256.504
FHW13014	80.875 	 11.900 	 256.504
FHW13014	81.000 	 11.806 	 256.504
FHW13014	81.125 	 11.463 	 255.964
FHW13014	81.250 	 11.806 	 256.504
FHW13014	81.375 	 11.901 	 256.504
FHW13014	81.500 	 11.463 	 255.964
FHW13014	81.625 	 11.806 	 256.504
FHW13014	81.750 	 11.900 	 256.504
FHW13014	81.875 	 11.462 	 255.963
FHW13014	82.000 	 11.807 	 256.504
FHW13014	82.125 	 11.900 	 256.504
FHW13014	82.250 	 11.806 	 256.504
FHW13014	82.375 	 11.462 	 255.964
FHW13014	82.500 	 11.900 	 256.504
FHW13014	82.625 	 11.807 	 256.504
FHW13014	82.750 	 11.463 	 255.964
FHW13014	82.875 	 11.900 	 256.504
FHW13014	83.000 	 11.710 	 258.690
FHW13014	83.125 	 11.463 	 255.964
FHW13014	83.250 	 11.806 	 256.504
FHW13014	83.375 	 11.901 	 256.504
FHW13014	83.500 	 11.900 	 256.504
FHW13014	83.625 	 11.372 	 255.964
FHW13014	83.750 	 11.900 	 256.504
FHW13014	83.875 	 11.900 	 256.504
FHW13014	84.000 	 11.373 	 255.964
FHW13014	84.125 	 11.900 	 256.504
FHW13014	84.250 	 11.806 	 256.504
FHW13014	84.375 	 11.462 	 255.964
FHW13014	84.500 	 11.900 	 256.504
FHW13014	84.625 	 11.807 	 256.504
FHW13014	84.750 	 11.900 	 256.504
FHW13014	84.875 	 11.372 	 255.964
FHW13014	85.000 	 11.900 	 256.504
FHW13014	85.125 	 11.900 	 256.504
FHW13014	85.250 	 11.372 	 255.964
FHW13014	85.375 	 11.901 	 256.504
FHW13014	85.500 	 11.900 	 256.504
FHW13014	85.625 	 11.372 	 255.964
FHW13014	85.750 	 11.900 	 256.504
FHW13014	85.875 	 11.806 	 256.504
FHW13014	86.000 	 11.463 	 255.963
FHW13014	86.125 	 11.900 	 256.504
FHW13014	86.250 	 11.806 	 256.504
FHW13014	86.375 	 11.900 	 256.504
FHW13014	86.500 	 11.462 	 255.963
FHW13014	86.625 	 11.807 	 256.504
FHW13014	86.750 	 11.900 	 256.504
FHW13014	86.875 	 11.372 	 255.963
FHW13014	87.000 	 14.716 	 257.276
FHW13014	87.125 	 14.939 	 255.530
FHW13014	87.250 	 14.283 	 256.866
FHW13014	87.375 	 14.820 	 255.530
FHW13014	87.500 	 14.820 	 255.530
FHW13014	87.625 	 14.284 	 256.866
FHW13014	87.750 	 14.820 	 255.530
FHW13014	87.875 	 14.820 	 255.530
FHW13014	88.000 	 14.717 	 257.276
FHW13014	88.125 	 14.391 	 255.068
FHW13014	88.250 	 14.820 	 255.530
FHW13014	88.375 	 14.716 	 257.276
FHW13014	88.500 	 14.507 	 255.068
FHW13014	88.625 	 14.716 	 257.276
FHW13014	88.750 	 14.820 	 255.530
FHW13014	88.875 	 14.392 	 255.068
FHW13014	89.000 	 14.716 	 257.276
FHW13014	89.125 	 14.820 	 255.530
FHW13014	89.250 	 14.821 	 255.530
FHW13014	89.375 	 14.284 	 256.866
FHW13014	89.500 	 14.820 	 255.530
FHW13014	89.625 	 14.820 	 255.530
FHW13014	89.750 	 14.284 	 256.866
FHW13014	89.875 	 14.820 	 255.530
FHW13014	90.000 	 14.833 	 257.276
FHW13014	90.125 	 14.821 	 255.530
FHW13014	90.250 	 14.391 	 255.068
FHW13014	90.375 	 14.716 	 257.276
FHW13014	90.500 	 14.821 	 255.530
FHW13014	90.625 	 14.391 	 255.068
FHW13014	90.750 	 14.716 	 257.276
FHW13014	90.875 	 14.820 	 255.530
FHW13014	91.000 	 14.284 	 256.866
FHW13014	91.125 	 14.820 	 255.530
FHW13014	91.250 	 14.820 	 255.530
FHW13014	91.375 	 14.834 	 257.276
FHW13014	91.500 	 14.391 	 255.068
FHW13014	91.625 	 14.820 	 255.530
FHW13014	91.750 	 14.716 	 257.276
FHW13014	91.875 	 14.392 	 255.068
FHW13014	92.000 	 14.820 	 255.530
FHW13014	92.125 	 14.716 	 257.276
FHW13014	92.250 	 14.821 	 255.530
FHW13014	92.375 	 14.284 	 256.866
FHW13014	92.500 	 14.820 	 255.530
FHW13014	92.625 	 14.820 	 255.530
FHW13014	92.750 	 14.284 	 256.866
FHW13014	92.875 	 14.938 	 255.530
FHW13014	93.000 	 14.820 	 255.530
FHW13014	93.125 	 14.717 	 257.276
FHW13014	93.250 	 14.391 	 255.069
FHW13014	93.375 	 14.820 	 255.530
FHW13014	93.500 	 14.717 	 257.276
FHW13014	93.625 	 14.391 	 255.068
FHW13014	93.750 	 14.716 	 257.276
FHW13014	93.875 	 14.820 	 255.530
FHW13014	94.000 	 14.392 	 255.068
FHW13014	94.125 	 14.716 	 257.276
FHW13014	94.250 	 14.938 	 255.530
FHW13014	94.375 	 14.821 	 255.530
FHW13014	94.500 	 14.283 	 256.866
FHW13014	94.625 	 14.820 	 255.530
FHW13014	94.750 	 14.717 	 257.276
FHW13014	94.875 	 14.391 	 255.069
FHW13014	95.000 	 14.820 	 255.530
FHW13014	95.125 	 14.716 	 257.276
FHW13014	95.250 	 14.821 	 255.530
FHW13014	95.375 	 14.391 	 255.069
FHW13014	95.500 	 14.716 	 257.276
FHW13014	95.625 	 17.009 	 254.054
FHW13014	95.750 	 17.744 	 256.329
FHW13014	95.875 	 17.432 	 254.476
FHW13014	96.000 	 17.852 	 254.876
FHW13014	96.125 	 17.852 	 254.876
FHW13014	96.250 	 17.853 	 254.876
FHW13014	96.375 	 17.852 	 254.876
FHW13014	96.500 	 17.853 	 254.876
FHW13014	96.625 	 17.852 	 254.876
FHW13014	96.750 	 17.432 	 254.476
FHW13014	96.875 	 17.852 	 254.876
FHW13014	97.000 	 17.852 	 254.876
FHW13014	97.125 	 17.853 	 254.876
FHW13014	97.250 	 17.852 	 254.876
FHW13014	97.375 	 17.853 	 254.876
FHW13014	97.500 	 17.431 	 254.476
FHW13014	97.625 	 17.853 	 254.876
FHW13014	97.750 	 17.853 	 254.876
FHW13014	97.875 	 17.713 	 254.876
FHW13014	98.000 	 17.853 	 254.876
FHW13014	98.125 	 17.852 	 254.876
FHW13014	98.250 	 17.432 	 254.476
FHW13014	98.375 	 17.853 	 254.876
FHW13014	98.500 	 17.853 	 254.876
FHW13014	98.625 	 17.852 	 254.876
FHW13014	98.750 	 17.852 	 254.876
FHW13014	98.875 	 17.854 	 254.876
FHW13014	99.000 	 17.430 	 254.476
FHW13014	99.125 	 17.854 	 254.876
FHW13014	99.250 	 17.852 	 254.876
FHW13014	99.375 	 17.853 	 254.876
FHW13014	99.500 	 17.853 	 254.876
FHW13014	99.625 	 17.852 	 254.876
FHW13014	99.750 	 17.432 	 254.476
FHW13014	99.875 	 17.852 	 254.876
FHW13014	100.000 	 17.853 	 254.876
FHW13014	100.125 	 17.853 	 254.876
FHW13014	100.250 	 17.853 	 254.876
FHW13014	100.375 	 17.852 	 254.876
FHW13014	100.500 	 17.431 	 254.476
FHW13014	100.625 	 17.853 	 254.876
FHW13014	100.750 	 17.853 	 254.876
FHW13014	100.875 	 17.853 	 254.876
FHW13014	101.000 	 17.852 	 254.876
FHW13014	101.125 	 17.854 	 254.876
FHW13014	101.250 	 17.430 	 254.476
FHW13014	101.375 	 17.853 	 254.876
FHW13014	101.500 	 17.853 	 254.876
FHW13014	101.625 	 17.852 	 254.876
FHW13014	101.750 	 17.854 	 254.876
FHW13014	101.875 	 17.852 	 254.876
FHW13014	102.000 	 17.432 	 254.476
FHW13014	102.125 	 17.852 	 254.876
FHW13014	102.250 	 17.853 	 254.876
FHW13014	102.375 	 17.853 	 254.876
FHW13014	102.500 	 17.852 	 254.876
FHW13014	102.625 	 17.853 	 254.876
FHW13014	102.750 	 17.431 	 254.476
FHW13014	102.875 	 17.853 	 254.876
FHW13014	103.000 	 17.853 	 254.876
FHW13014	103.125 	 17.853 	 254.876
FHW13014	103.250 	 17.852 	 254.876
FHW13014	103.375 	 17.744 	 256.329
FHW13014	103.500 	 17.431 	 254.476
FHW13014	103.625 	 17.853 	 254.876
FHW13014	103.750 	 17.853 	 254.876
FHW13014	103.875 	 17.852 	 254.876
FHW13014	104.000 	 17.854 	 254.876
FHW13014	104.125 	 17.852 	 254.876
FHW13014	104.250 	 17.431 	 254.476
FHW13014	104.375 	 17.853 	 254.876
FHW13014	104.500 	 19.489 	 253.301
FHW13014	104.625 	 20.727 	 251.565
FHW13014	104.750 	 20.596 	 252.801
FHW13014	104.875 	 21.131 	 251.966
FHW13014	105.000 	 20.727 	 251.565
FHW13014	105.125 	 20.757 	 252.801
FHW13014	105.250 	 20.727 	 251.565
FHW13014	105.375 	 21.131 	 251.965
FHW13014	105.500 	 20.596 	 252.802
FHW13014	105.625 	 20.727 	 251.565
FHW13014	105.750 	 20.889 	 251.565
FHW13014	105.875 	 21.005 	 253.179
FHW13014	106.000 	 20.725 	 251.565
FHW13014	106.125 	 20.596 	 252.801
FHW13014	106.250 	 20.727 	 251.565
FHW13014	106.375 	 21.131 	 251.966
FHW13014	106.500 	 20.758 	 252.801
FHW13014	106.625 	 20.725 	 251.565
FHW13014	106.750 	 21.133 	 251.966
FHW13014	106.875 	 20.596 	 252.801
FHW13014	107.000 	 20.726 	 251.565
FHW13014	107.125 	 20.727 	 251.565
FHW13014	107.250 	 21.169 	 253.179
FHW13014	107.375 	 20.727 	 251.565
FHW13014	107.500 	 20.725 	 251.565
FHW13014	107.625 	 20.596 	 252.801
FHW13014	107.750 	 21.133 	 251.966
FHW13014	107.875 	 20.889 	 251.565
FHW13014	108.000 	 20.596 	 252.801
FHW13014	108.125 	 21.131 	 251.966
FHW13014	108.250 	 20.596 	 252.801
FHW13014	108.375 	 20.727 	 251.565
FHW13014	108.500 	 20.726 	 251.565
FHW13014	108.625 	 21.170 	 253.178
FHW13014	108.750 	 20.726 	 251.565
FHW13014	108.875 	 20.727 	 251.565
FHW13014	109.000 	 20.596 	 252.801
FHW13014	109.125 	 21.131 	 251.966
FHW13014	109.250 	 20.727 	 251.565
FHW13014	109.375 	 20.757 	 252.801
FHW13014	109.500 	 20.727 	 251.565
FHW13014	109.625 	 21.131 	 251.966
FHW13014	109.750 	 20.596 	 252.801
FHW13014	109.875 	 20.727 	 251.565
FHW13014	110.000 	 21.003 	 253.178
FHW13014	110.125 	 20.890 	 251.565
FHW13014	110.250 	 20.726 	 251.565
FHW13014	110.375 	 20.595 	 252.802
FHW13014	110.500 	 21.133 	 251.966
FHW13014	110.625 	 20.725 	 251.565
FHW13014	110.750 	 20.758 	 252.801
FHW13014	110.875 	 20.725 	 251.565
FHW13014	111.000 	 21.133 	 251.966
FHW13014	111.125 	 20.596 	 252.801
FHW13014	111.250 	 20.725 	 251.565
FHW13014	111.375 	 21.133 	 251.966
FHW13014	111.500 	 20.757 	 252.801
FHW13014	111.625 	 20.727 	 251.565
FHW13014	111.750 	 20.595 	 252.802
FHW13014	111.875 	 21.132 	 251.965
FHW13014	112.000 	 20.727 	 251.565
FHW13014	112.125 	 20.594 	 252.801
FHW13014	112.250 	 20.890 	 251.565
FHW13014	112.375 	 21.131 	 251.966
FHW13014	112.500 	 20.596 	 252.801
FHW13014	112.625 	 20.727 	 251.565
FHW13014	112.750 	 20.725 	 251.565
FHW13014	112.875 	 21.170 	 253.179
FHW13014	113.000 	 20.725 	 251.565
FHW13014	113.125 	 20.727 	 251.565
FHW13014	113.250 	 21.005 	 253.178
FHW13014	113.375 	 22.698 	 249.305
FHW13014	113.500 	 23.637 	 249.044
FHW13014	113.625 	 23.975 	 247.989
FHW13014	113.750 	 23.821 	 249.044
FHW13014	113.875 	 23.636 	 249.045
FHW13014	114.000 	 23.821 	 249.044
FHW13014	114.125 	 23.975 	 247.989
FHW13014	114.250 	 23.245 	 248.629
FHW13014	114.375 	 23.819 	 249.044
FHW13014	114.500 	 23.637 	 249.044
FHW13014	114.625 	 23.975 	 247.989
FHW13014	114.750 	 23.821 	 249.044
FHW13014	114.875 	 23.636 	 249.044
FHW13014	115.000 	 23.821 	 249.044
FHW13014	115.125 	 23.790 	 247.989
FHW13014	115.250 	 23.821 	 249.044
FHW13014	115.375 	 23.819 	 249.044
FHW13014	115.500 	 23.637 	 249.044
FHW13014	115.625 	 23.975 	 247.989
FHW13014	115.750 	 23.637 	 249.044
FHW13014	115.875 	 23.821 	 249.044
FHW13014	116.000 	 23.426 	 248.629
FHW13014	116.125 	 23.790 	 247.989
FHW13014	116.250 	 23.821 	 249.044
FHW13014	116.375 	 23.637 	 249.044
FHW13014	116.500 	 23.819 	 249.044
FHW13014	116.625 	 23.975 	 247.989
FHW13014	116.750 	 23.637 	 249.044
FHW13014	116.875 	 23.821 	 249.044
FHW13014	117.000 	 23.635 	 249.044
FHW13014	117.125 	 23.975 	 247.989
FHW13014	117.250 	 23.821 	 249.044
FHW13014	117.375 	 23.637 	 249.044
FHW13014	117.500 	 23.819 	 249.044
FHW13014	117.625 	 23.585 	 247.557
FHW13014	117.750 	 23.637 	 249.044
FHW13014	117.875 	 23.821 	 249.044
FHW13014	118.000 	 23.788 	 247.989
FHW13014	118.125 	 23.821 	 249.044
FHW13014	118.250 	 23.821 	 249.044
FHW13014	118.375 	 23.637 	 249.044
FHW13014	118.500 	 23.975 	 247.989
FHW13014	118.625 	 23.636 	 249.044
FHW13014	118.750 	 23.821 	 249.044
FHW13014	118.875 	 23.821 	 249.044
FHW13014	119.000 	 23.790 	 247.989
FHW13014	119.125 	 23.819 	 249.044
FHW13014	119.250 	 23.245 	 248.629
FHW13014	119.375 	 23.821 	 249.044
FHW13014	119.500 	 23.975 	 247.989
FHW13014	119.625 	 23.636 	 249.045
FHW13014	119.750 	 23.821 	 249.044
FHW13014	119.875 	 23.637 	 249.044
FHW13014	120.000 	 23.975 	 247.989
FHW13014	120.125 	 23.821 	 249.045
FHW13014	120.250 	 23.635 	 249.044
FHW13014	120.375 	 23.821 	 249.044
FHW13014	120.500 	 23.790 	 247.989
FHW13014	120.625 	 23.821 	 249.044
FHW13014	120.750 	 23.819 	 249.045
FHW13014	120.875 	 23.246 	 248.629
FHW13014	121.000 	 23.975 	 247.989
FHW13014	121.125 	 23.820 	 249.044
FHW13014	121.250 	 23.636 	 249.045
FHW13014	121.375 	 23.820 	 249.044
FHW13014	121.500 	 23.790 	 247.989
FHW13014	121.625 	 23.821 	 249.044
FHW13014	121.750 	 23.819 	 249.044
FHW13014	121.875 	 23.790 	 247.989
FHW13014	122.000 	 23.820 	 249.044
FHW13014	122.125 	 26.218 	 247.620
FHW13014	122.250 	 26.916 	 246.140
FHW13014	122.375 	 26.961 	 247.068
FHW13014	122.500 	 26.961 	 247.068
FHW13014	122.625 	 26.916 	 246.140
FHW13014	122.750 	 26.961 	 247.068
FHW13014	122.875 	 26.754 	 247.068
FHW13014	123.000 	 27.124 	 246.140
FHW13014	123.125 	 26.961 	 247.068
FHW13014	123.250 	 26.754 	 247.068
FHW13014	123.375 	 26.961 	 247.068
FHW13014	123.500 	 27.287 	 246.541
FHW13014	123.625 	 26.961 	 247.068
FHW13014	123.750 	 26.754 	 247.068
FHW13014	123.875 	 27.124 	 246.140
FHW13014	124.000 	 26.961 	 247.068
FHW13014	124.125 	 26.754 	 247.068
FHW13014	124.250 	 27.124 	 246.140
FHW13014	124.375 	 26.752 	 247.068
FHW13014	124.500 	 26.961 	 247.068
FHW13014	124.625 	 26.961 	 247.068
FHW13014	124.750 	 26.916 	 246.140
FHW13014	124.875 	 26.961 	 247.068
FHW13014	125.000 	 26.754 	 247.068
FHW13014	125.125 	 27.124 	 246.140
FHW13014	125.250 	 26.754 	 247.068
FHW13014	125.375 	 26.961 	 247.068
FHW13014	125.500 	 27.123 	 246.139
FHW13014	125.625 	 26.754 	 247.068
FHW13014	125.750 	 26.961 	 247.068
FHW13014	125.875 	 26.754 	 247.068
FHW13014	126.000 	 27.124 	 246.140
FHW13014	126.125 	 27.130 	 247.457
FHW13014	126.250 	 26.961 	 247.068
FHW13014	126.375 	 27.124 	 246.140
FHW13014	126.500 	 26.754 	 247.068
FHW13014	126.625 	 26.961 	 247.068
FHW13014	126.750 	 26.916 	 246.140
FHW13014	126.875 	 26.961 	 247.068
FHW13014	127.000 	 26.960 	 247.067
FHW13014	127.125 	 26.754 	 247.068
FHW13014	127.250 	 27.124 	 246.140
FHW13014	127.375 	 26.754 	 247.068
FHW13014	127.500 	 26.961 	 247.068
FHW13014	127.625 	 26.916 	 246.140
FHW13014	127.750 	 26.961 	 247.068
FHW13014	127.875 	 26.961 	 247.068
FHW13014	128.000 	 26.916 	 246.140
FHW13014	128.125 	 26.961 	 247.068
FHW13014	128.250 	 26.754 	 247.068
FHW13014	128.375 	 27.124 	 246.140
FHW13014	128.500 	 26.961 	 247.068
FHW13014	128.625 	 26.754 	 247.068
FHW13014	128.750 	 27.338 	 247.457
FHW13014	128.875 	 26.916 	 246.140
FHW13014	129.000 	 26.961 	 247.068
FHW13014	129.125 	 26.754 	 247.068
FHW13014	129.250 	 27.124 	 246.140
FHW13014	129.375 	 26.961 	 247.068
FHW13014	129.500 	 26.754 	 247.068
FHW13014	129.625 	 27.124 	 246.140
FHW13014	129.750 	 26.754 	 247.068
FHW13014	129.875 	 26.961 	 247.068
FHW13014	130.000 	 26.961 	 247.068
FHW13014	130.125 	 26.914 	 246.140
FHW13014	130.250 	 26.961 	 247.068
FHW13014	130.375 	 26.754 	 247.068
FHW13014	130.500 	 27.124 	 246.140
FHW13014	130.625 	 26.754 	 247.068
FHW13014	130.750 	 26.961 	 247.068
FHW13014	130.875 	 29.365 	 245.942
FHW13014	131.000 	 30.319 	 246.682
FHW13014	131.125 	 30.319 	 246.682
FHW13014	131.250 	 29.955 	 246.318
FHW13014	131.375 	 30.319 	 246.682
FHW13014	131.500 	 29.956 	 246.318
FHW13014	131.625 	 30.319 	 246.682
FHW13014	131.750 	 30.117 	 245.480
FHW13014	131.875 	 30.319 	 246.682
FHW13014	132.000 	 29.728 	 246.318
FHW13014	132.125 	 30.319 	 246.682
FHW13014	132.250 	 29.955 	 246.318
FHW13014	132.375 	 30.319 	 246.682
FHW13014	132.500 	 29.955 	 246.318
FHW13014	132.625 	 30.318 	 246.682
FHW13014	132.750 	 30.478 	 245.855
FHW13014	132.875 	 29.958 	 246.318
FHW13014	133.000 	 30.319 	 246.682
FHW13014	133.125 	 29.955 	 246.318
FHW13014	133.250 	 30.318 	 246.682
FHW13014	133.375 	 29.955 	 246.318
FHW13014	133.500 	 30.318 	 246.682
FHW13014	133.625 	 29.955 	 246.318
FHW13014	133.750 	 30.249 	 245.854
FHW13014	133.875 	 29.955 	 246.318
FHW13014	134.000 	 30.319 	 246.683
FHW13014	134.125 	 29.955 	 246.318
FHW13014	134.250 	 30.319 	 246.682
FHW13014	134.375 	 30.318 	 246.682
FHW13014	134.500 	 29.955 	 246.318
FHW13014	134.625 	 30.322 	 246.683
FHW13014	134.750 	 30.117 	 245.480
FHW13014	134.875 	 30.319 	 246.682
FHW13014	135.000 	 29.955 	 246.318
FHW13014	135.125 	 30.319 	 246.682
FHW13014	135.250 	 29.955 	 246.318
FHW13014	135.375 	 30.319 	 246.683
FHW13014	135.500 	 29.729 	 246.318
FHW13014	135.625 	 30.319 	 246.682
FHW13014	135.750 	 30.117 	 245.480
FHW13014	135.875 	 30.319 	 246.682
FHW13014	136.000 	 30.319 	 246.682
FHW13014	136.125 	 29.955 	 246.318
FHW13014	136.250 	 30.319 	 246.682
FHW13014	136.375 	 29.958 	 246.318
FHW13014	136.500 	 30.319 	 246.682
FHW13014	136.625 	 29.955 	 246.318
FHW13014	136.750 	 30.477 	 245.854
FHW13014	136.875 	 29.955 	 246.319
FHW13014	137.000 	 30.318 	 246.682
FHW13014	137.125 	 32.183 	 246.125
FHW13014	137.250 	 32.186 	 246.124
FHW13014	137.375 	 32.629 	 247.249
FHW13014	137.500 	 32.183 	 246.125
FHW13014	137.625 	 32.429 	 246.124
FHW13014	137.750 	 32.183 	 246.125
FHW13014	137.875 	 32.536 	 246.468
FHW13014	138.000 	 32.429 	 246.124
FHW13014	138.125 	 32.028 	 246.915
FHW13014	138.250 	 32.430 	 246.125
FHW13014	138.375 	 32.535 	 246.467
FHW13014	138.500 	 32.183 	 246.125
FHW13014	138.625 	 32.430 	 246.125
FHW13014	138.750 	 32.535 	 246.467
FHW13014	138.875 	 32.275 	 246.915
FHW13014	139.000 	 32.183 	 246.125
FHW13014	139.125 	 32.182 	 246.124
FHW13014	139.250 	 32.784 	 246.467
FHW13014	139.375 	 32.183 	 246.125
FHW13014	139.500 	 32.429 	 246.124
FHW13014	139.625 	 32.183 	 246.125
FHW13014	139.750 	 32.384 	 247.249
FHW13014	139.875 	 34.301 	 245.623
FHW13014	140.000 	 36.011 	 245.879
FHW13014	140.125 	 35.250 	 246.279
FHW13014	140.250 	 35.407 	 245.556
FHW13014	140.375 	 35.250 	 246.279
FHW13014	140.500 	 35.671 	 245.556
FHW13014	140.625 	 35.592 	 246.596
FHW13014	140.750 	 35.407 	 245.556
FHW13014	140.875 	 35.250 	 246.279
FHW13014	141.000 	 35.671 	 245.556
FHW13014	141.125 	 35.592 	 246.595
FHW13014	141.250 	 35.403 	 245.556
FHW13014	141.375 	 35.254 	 246.279
FHW13014	141.500 	 35.403 	 245.556
FHW13014	141.625 	 35.861 	 246.595
FHW13014	141.750 	 35.403 	 245.556
FHW13014	141.875 	 35.254 	 246.279
FHW13014	142.000 	 35.403 	 245.556
FHW13014	142.125 	 35.518 	 246.279
FHW13014	142.250 	 35.742 	 245.880
FHW13014	142.375 	 35.254 	 246.279
FHW13014	142.500 	 35.403 	 245.556
FHW13014	142.625 	 35.518 	 246.279
FHW13014	142.750 	 35.741 	 245.879
FHW13014	142.875 	 35.250 	 246.279
FHW13014	143.000 	 35.407 	 245.556
FHW13014	143.125 	 35.250 	 246.279
FHW13014	143.250 	 36.011 	 245.879
FHW13014	143.375 	 35.403 	 245.556
FHW13014	143.500 	 35.254 	 246.279
FHW13014	143.625 	 35.403 	 245.556
FHW13014	143.750 	 35.518 	 246.279
FHW13014	143.875 	 35.742 	 245.880
FHW13014	144.000 	 35.250 	 246.279
FHW13014	144.125 	 35.407 	 245.556
FHW13014	144.250 	 35.250 	 246.279
FHW13014	144.375 	 36.011 	 245.879
FHW13014	144.500 	 35.250 	 246.279
FHW13014	144.625 	 35.407 	 245.556
FHW13014	144.750 	 35.250 	 246.279
FHW13014	144.875 	 36.011 	 245.879
FHW13014	145.000 	 35.250 	 246.279
FHW13014	145.125 	 35.403 	 245.556
FHW13014	145.250 	 35.254 	 246.279
FHW13014	145.375 	 36.012 	 245.880
FHW13014	145.500 	 35.250 	 246.279
FHW13014	145.625 	 35.403 	 245.556
FHW13014	145.750 	 35.254 	 246.279
FHW13014	145.875 	 35.403 	 245.556
FHW13014	146.000 	 35.861 	 246.595
FHW13014	146.125 	 35.403 	 245.556
FHW13014	146.250 	 35.250 	 246.279
FHW13014	146.375 	 35.407 	 245.556
FHW13014	146.500 	 35.861 	 246.595
FHW13014	146.625 	 35.403 	 245.556
FHW13014	146.750 	 35.250 	 246.279
FHW13014	146.875 	 35.407 	 245.556
FHW13014	147.000 	 35.857 	 246.595
FHW13014	147.125 	 35.407 	 245.556
FHW13014	147.250 	 35.403 	 245.556
FHW13014	147.375 	 35.251 	 246.280
FHW13014	147.500 	 35.407 	 245.556
FHW13014	147.625 	 35.861 	 246.595
FHW13014	147.750 	 35.403 	 245.556
FHW13014	147.875 	 35.250 	 246.279
FHW13014	148.000 	 35.407 	 245.556
FHW13014	148.125 	 35.857 	 246.595
FHW13014	148.250 	 35.407 	 245.556
FHW13014	148.375 	 35.250 	 246.279
FHW13014	148.500 	 35.403 	 245.556
FHW13014	148.625 	 35.596 	 246.595
FHW13014	148.750 	 35.671 	 245.556
FHW13014	148.875 	 35.250 	 246.279
FHW13014	149.000 	 38.472 	 245.739
FHW13014	149.125 	 40.465 	 245.966
FHW13014	149.250 	 40.287 	 245.026
FHW13014	149.375 	 40.163 	 245.966
FHW13014	149.500 	 40.460 	 245.966
FHW13014	149.625 	 40.287 	 245.026
FHW13014	149.750 	 40.460 	 245.966
FHW13014	149.875 	 40.167 	 245.966
FHW13014	150.000 	 40.460 	 245.966
FHW13014	150.125 	 40.287 	 245.026
FHW13014	150.250 	 40.460 	 245.966
FHW13014	150.375 	 40.166 	 245.966
FHW13014	150.500 	 40.288 	 245.026
FHW13014	150.625 	 40.460 	 245.966
FHW13014	150.750 	 40.162 	 245.966
FHW13014	150.875 	 40.145 	 245.674
FHW13014	151.000 	 40.604 	 245.323
FHW13014	151.125 	 40.461 	 245.966
FHW13014	151.250 	 39.843 	 245.674
FHW13014	151.375 	 40.604 	 245.323
FHW13014	151.500 	 40.460 	 245.966
FHW13014	151.625 	 40.461 	 245.966
FHW13014	151.750 	 39.847 	 245.674
FHW13014	151.875 	 40.604 	 245.323
FHW13014	152.000 	 40.460 	 245.966
FHW13014	152.125 	 39.847 	 245.674
FHW13014	152.250 	 40.604 	 245.324
FHW13014	152.375 	 40.460 	 245.966
FHW13014	152.500 	 40.140 	 245.674
FHW13014	152.625 	 40.162 	 245.966
FHW13014	152.750 	 40.609 	 245.323
FHW13014	152.875 	 40.140 	 245.674
FHW13014	153.000 	 40.162 	 245.966
FHW13014	153.125 	 40.604 	 245.323
FHW13014	153.250 	 40.140 	 245.674
FHW13014	153.375 	 40.461 	 245.966
FHW13014	153.500 	 40.166 	 245.966
FHW13014	153.625 	 40.604 	 245.323
FHW13014	153.750 	 40.140 	 245.674
FHW13014	153.875 	 40.460 	 245.966
FHW13014	154.000 	 40.311 	 245.323
FHW13014	154.125 	 40.140 	 245.674
FHW13014	154.250 	 40.461 	 245.966
FHW13014	154.375 	 40.306 	 245.324
FHW13014	154.500 	 40.144 	 245.674
FHW13014	154.625 	 40.461 	 245.966
FHW13014	154.750 	 40.461 	 245.966
FHW13014	154.875 	 39.989 	 245.025
FHW13014	155.000 	 40.461 	 245.966
FHW13014	155.125 	 40.459 	 245.965
FHW13014	155.250 	 39.994 	 245.026
FHW13014	155.375 	 40.461 	 245.966
FHW13014	155.500 	 40.459 	 245.965
FHW13014	155.625 	 40.461 	 245.966
FHW13014	155.750 	 39.993 	 245.026
FHW13014	155.875 	 40.461 	 245.966
FHW13014	156.000 	 40.461 	 245.966
FHW13014	156.125 	 40.286 	 245.025
FHW13014	156.250 	 40.167 	 245.966
FHW13014	156.375 	 40.461 	 245.966
FHW13014	156.500 	 40.140 	 245.674
FHW13014	156.625 	 40.306 	 245.324
FHW13014	156.750 	 40.459 	 245.965
FHW13014	156.875 	 40.141 	 245.675
FHW13014	157.000 	 40.604 	 245.323
FHW13014	157.125 	 40.166 	 245.965
FHW13014	157.250 	 40.141 	 245.675
FHW13014	157.375 	 40.459 	 245.965
FHW13014	157.500 	 40.311 	 245.323
FHW13014	157.625 	 40.461 	 245.966
FHW13014	157.750 	 40.140 	 245.674
FHW13014	157.875 	 41.836 	 245.898
FHW13014	158.000 	 45.015 	 245.450
FHW13014	158.125 	 44.911 	 245.772
FHW13014	158.250 	 45.341 	 245.450
FHW13014	158.375 	 45.209 	 246.038
FHW13014	158.500 	 45.047 	 245.179
FHW13014	158.625 	 45.204 	 246.038
FHW13014	158.750 	 45.341 	 245.450
FHW13014	158.875 	 44.886 	 246.037
FHW13014	159.000 	 44.907 	 245.773
FHW13014	159.125 	 45.340 	 245.449
FHW13014	159.250 	 45.209 	 246.038
FHW13014	159.375 	 45.048 	 245.180
FHW13014	159.500 	 45.208 	 246.037
FHW13014	159.625 	 45.015 	 245.450
FHW13014	159.750 	 45.209 	 246.038
FHW13014	159.875 	 45.047 	 245.179
FHW13014	160.000 	 45.209 	 246.038
FHW13014	160.125 	 45.203 	 246.037
FHW13014	160.250 	 45.341 	 245.450
FHW13014	160.375 	 44.591 	 245.773
FHW13014	160.500 	 45.335 	 245.449
FHW13014	160.625 	 45.209 	 246.038
FHW13014	160.750 	 45.046 	 245.179
FHW13014	160.875 	 45.209 	 246.038
FHW13014	161.000 	 45.341 	 245.450
FHW13014	161.125 	 44.882 	 246.037
FHW13014	161.250 	 44.912 	 245.773
FHW13014	161.375 	 45.341 	 245.450
FHW13014	161.500 	 45.203 	 246.037
FHW13014	161.625 	 45.048 	 245.180
FHW13014	161.750 	 45.208 	 246.037
FHW13014	161.875 	 45.015 	 245.450
FHW13014	162.000 	 45.209 	 246.038
FHW13014	162.125 	 45.046 	 245.179
FHW13014	162.250 	 45.209 	 246.038
FHW13014	162.375 	 45.209 	 246.038
FHW13014	162.500 	 45.046 	 245.179
FHW13014	162.625 	 44.883 	 246.038
FHW13014	162.750 	 45.340 	 245.449
FHW13014	162.875 	 45.209 	 246.038
FHW13014	163.000 	 45.043 	 245.180
FHW13014	163.125 	 45.208 	 246.037
FHW13014	163.250 	 45.341 	 245.450
FHW13014	163.375 	 44.911 	 245.772
FHW13014	163.500 	 44.883 	 246.038
FHW13014	163.625 	 45.341 	 245.450
FHW13014	163.750 	 45.208 	 246.037
FHW13014	163.875 	 45.048 	 245.180
FHW13014	164.000 	 45.209 	 246.038
FHW13014	164.125 	 45.335 	 245.449
FHW13014	164.250 	 44.591 	 245.773
FHW13014	164.375 	 45.336 	 245.450
FHW13014	164.500 	 45.208 	 246.037
FHW13014	164.625 	 45.209 	 246.038
FHW13014	164.750 	 45.046 	 245.179
FHW13014	164.875 	 45.209 	 246.038
FHW13014	165.000 	 45.015 	 245.450
FHW13014	165.125 	 44.911 	 245.772
FHW13014	165.250 	 45.341 	 245.450
FHW13014	165.375 	 45.209 	 246.038
FHW13014	165.500 	 45.335 	 245.449
FHW13014	165.625 	 44.912 	 245.773
FHW13014	165.750 	 44.887 	 246.037
FHW13014	165.875 	 45.336 	 245.450
FHW13014	166.000 	 44.912 	 245.773
FHW13014	166.125 	 45.340 	 245.449
FHW13014	166.250 	 45.209 	 246.038
FHW13014	166.375 	 45.341 	 245.450
FHW13014	166.500 	 47.040 	 245.400
FHW13014	166.625 	 50.268 	 246.098
FHW13014	166.750 	 50.122 	 245.309
FHW13014	166.875 	 50.127 	 245.307
FHW13014	167.000 	 49.647 	 245.855
FHW13014	167.125 	 50.121 	 245.308
FHW13014	167.250 	 50.269 	 246.098
FHW13014	167.375 	 49.775 	 245.308
FHW13014	167.500 	 50.121 	 245.308
FHW13014	167.625 	 50.000 	 245.855
FHW13014	167.750 	 50.121 	 245.308
FHW13014	167.875 	 50.041 	 245.556
FHW13014	168.000 	 49.999 	 245.854
FHW13014	168.125 	 50.122 	 245.309
FHW13014	168.250 	 50.121 	 245.308
FHW13014	168.375 	 49.652 	 245.855
FHW13014	168.500 	 50.388 	 245.556
FHW13014	168.625 	 49.999 	 245.854
FHW13014	168.750 	 50.122 	 245.309
FHW13014	168.875 	 49.773 	 245.308
FHW13014	169.000 	 50.000 	 245.855
FHW13014	169.125 	 50.387 	 245.555
FHW13014	169.250 	 50.122 	 245.309
FHW13014	169.375 	 49.651 	 245.854
FHW13014	169.500 	 50.122 	 245.309
FHW13014	169.625 	 50.121 	 245.308
FHW13014	169.750 	 50.269 	 246.097
FHW13014	169.875 	 49.774 	 245.309
FHW13014	170.000 	 49.999 	 245.854
FHW13014	170.125 	 50.122 	 245.308
FHW13014	170.250 	 50.121 	 245.308
FHW13014	170.375 	 49.652 	 245.854
FHW13014	170.500 	 50.387 	 245.556
FHW13014	170.625 	 50.122 	 245.308
FHW13014	170.750 	 49.999 	 245.854
FHW13014	170.875 	 49.774 	 245.309
FHW13014	171.000 	 50.122 	 245.308
FHW13014	171.125 	 50.268 	 246.098
FHW13014	171.250 	 50.122 	 245.308
FHW13014	171.375 	 49.646 	 245.854
FHW13014	171.500 	 50.127 	 245.309
FHW13014	171.625 	 50.121 	 245.307
FHW13014	171.750 	 50.269 	 246.098
FHW13014	171.875 	 49.769 	 245.308
FHW13014	172.000 	 50.126 	 245.308
FHW13014	172.125 	 50.000 	 245.855
FHW13014	172.250 	 49.768 	 245.307
FHW13014	172.375 	 50.388 	 245.556
FHW13014	172.500 	 49.999 	 245.854
FHW13014	172.625 	 50.127 	 245.309
FHW13014	172.750 	 49.646 	 245.853
FHW13014	172.875 	 50.122 	 245.309
FHW13014	173.000 	 50.388 	 245.556
FHW13014	173.125 	 50.004 	 245.854
FHW13014	173.250 	 49.769 	 245.309
FHW13014	173.375 	 50.121 	 245.307
FHW13014	173.500 	 50.000 	 245.855
FHW13014	173.625 	 50.387 	 245.555
FHW13014	173.750 	 49.774 	 245.309
FHW13014	173.875 	 49.999 	 245.854
FHW13014	174.000 	 50.122 	 245.308
FHW13014	174.125 	 49.999 	 245.854
FHW13014	174.250 	 50.041 	 245.556
FHW13014	174.375 	 50.122 	 245.309
FHW13014	174.500 	 49.999 	 245.854
FHW13014	174.625 	 50.122 	 245.308
FHW13014	174.750 	 49.773 	 245.308
FHW13014	174.875 	 50.269 	 246.097
FHW13014	175.000 	 50.121 	 245.308
FHW13014	175.125 	 50.122 	 245.308
FHW13014	175.250 	 49.651 	 245.854
FHW13014	175.375 	 53.559 	 245.226
FHW13014	175.500 	 54.797 	 245.695
FHW13014	175.625 	 54.421 	 245.695
FHW13014	175.750 	 54.792 	 245.696
FHW13014	175.875 	 54.901 	 245.185
FHW13014	176.000 	 54.798 	 245.696
FHW13014	176.125 	 54.791 	 245.695
FHW13014	176.250 	 54.907 	 245.186
FHW13014	176.375 	 54.550 	 245.463
FHW13014	176.500 	 54.791 	 245.695
FHW13014	176.625 	 54.907 	 245.185
FHW13014	176.750 	 54.792 	 245.696
FHW13014	176.875 	 54.797 	 245.695
FHW13014	177.000 	 54.417 	 245.696
FHW13014	177.125 	 54.907 	 245.186
FHW13014	177.250 	 54.792 	 245.694
FHW13014	177.375 	 54.798 	 245.696
FHW13014	177.500 	 54.901 	 245.186
FHW13014	177.625 	 54.798 	 245.696
FHW13014	177.750 	 54.549 	 245.462
FHW13014	177.875 	 54.791 	 245.695
FHW13014	178.000 	 54.908 	 245.186
FHW13014	178.125 	 54.791 	 245.695
FHW13014	178.250 	 54.797 	 245.695
FHW13014	178.375 	 54.527 	 245.187
FHW13014	178.500 	 54.797 	 245.695
FHW13014	178.625 	 54.792 	 245.695
FHW13014	178.750 	 54.797 	 245.695
FHW13014	178.875 	 54.901 	 245.186
FHW13014	179.000 	 54.550 	 245.463
FHW13014	179.125 	 54.797 	 245.695
FHW13014	179.250 	 54.901 	 245.185
FHW13014	179.375 	 54.798 	 245.696
FHW13014	179.500 	 54.791 	 245.695
FHW13014	179.625 	 54.907 	 245.186
FHW13014	179.750 	 54.792 	 245.696
FHW13014	179.875 	 54.421 	 245.695
FHW13014	180.000 	 54.792 	 245.696
FHW13014	180.125 	 54.907 	 245.185
FHW13014	180.250 	 54.791 	 245.695
FHW13014	180.375 	 54.550 	 245.463
FHW13014	180.500 	 54.907 	 245.186
FHW13014	180.625 	 54.791 	 245.695
FHW13014	180.750 	 54.798 	 245.695
FHW13014	180.875 	 54.791 	 245.695
FHW13014	181.000 	 54.902 	 245.187
FHW13014	181.125 	 54.797 	 245.695
FHW13014	181.250 	 54.421 	 245.695
FHW13014	181.375 	 54.902 	 245.186
FHW13014	181.500 	 54.797 	 245.695
FHW13014	181.625 	 54.792 	 245.696
FHW13014	181.750 	 54.549 	 245.462
FHW13014	181.875 	 54.907 	 245.186
FHW13014	182.000 	 54.792 	 245.696
FHW13014	182.125 	 54.797 	 245.694
FHW13014	182.250 	 54.901 	 245.186
FHW13014	182.375 	 54.792 	 245.696
FHW13014	182.500 	 54.797 	 245.695
FHW13014	182.625 	 54.532 	 245.187
FHW13014	182.750 	 54.792 	 245.694
FHW13014	182.875 	 54.797 	 245.695
FHW13014	183.000 	 54.792 	 245.696
FHW13014	183.125 	 54.661 	 244.949
FHW13014	183.250 	 54.797 	 245.695
FHW13014	183.375 	 54.792 	 245.696
FHW13014	183.500 	 54.907 	 245.185
FHW13014	183.625 	 54.792 	 245.696
FHW13014	183.750 	 54.791 	 245.695
FHW13014	183.875 	 54.797 	 245.695
FHW13014	184.000 	 54.532 	 245.187
FHW13014	184.125 	 54.791 	 245.695
FHW13014	184.250 	 54.792 	 245.695
FHW13014	184.375 	 55.662 	 245.186
FHW13014	184.500 	 59.313 	 245.336
FHW13014	184.625 	 58.605 	 245.600
FHW13014	184.750 	 59.307 	 245.336
FHW13014	184.875 	 59.100 	 245.113
FHW13014	185.000 	 59.313 	 245.337
FHW13014	185.125 	 58.605 	 245.600
FHW13014	185.250 	 59.100 	 245.113
FHW13014	185.375 	 59.307 	 245.336
FHW13014	185.500 	 59.002 	 245.600
FHW13014	185.625 	 58.919 	 245.336
FHW13014	185.750 	 59.100 	 245.113
FHW13014	185.875 	 59.216 	 245.821
FHW13014	186.000 	 59.094 	 245.113
FHW13014	186.125 	 58.711 	 245.113
FHW13014	186.250 	 59.307 	 245.336
FHW13014	186.375 	 59.002 	 245.600
FHW13014	186.500 	 59.314 	 245.337
FHW13014	186.625 	 59.094 	 245.113
FHW13014	186.750 	 58.822 	 245.821
FHW13014	186.875 	 59.100 	 245.113
FHW13014	187.000 	 59.313 	 245.336
FHW13014	187.125 	 59.100 	 245.113
FHW13014	187.250 	 58.605 	 245.600
FHW13014	187.375 	 59.307 	 245.336
FHW13014	187.500 	 59.100 	 245.113
FHW13014	187.625 	 59.217 	 245.820
FHW13014	187.750 	 58.705 	 245.113
FHW13014	187.875 	 59.313 	 245.336
FHW13014	188.000 	 58.995 	 245.601
FHW13014	188.125 	 59.100 	 245.113
FHW13014	188.250 	 59.313 	 245.336
FHW13014	188.375 	 58.705 	 245.113
FHW13014	188.500 	 59.217 	 245.820
FHW13014	188.625 	 59.094 	 245.113
FHW13014	188.750 	 59.313 	 245.336
FHW13014	188.875 	 58.605 	 245.601
FHW13014	189.000 	 59.313 	 245.336
FHW13014	189.125 	 59.100 	 245.113
FHW13014	189.250 	 58.996 	 245.600
FHW13014	189.375 	 58.919 	 245.336
FHW13014	189.500 	 59.100 	 245.113
FHW13014	189.625 	 59.313 	 245.336
FHW13014	189.750 	 59.002 	 245.601
FHW13014	189.875 	 58.919 	 245.336
FHW13014	190.000 	 59.094 	 245.113
FHW13014	190.125 	 59.002 	 245.600
FHW13014	190.250 	 59.313 	 245.336
FHW13014	190.375 	 59.094 	 245.113
FHW13014	190.500 	 58.829 	 245.821
FHW13014	190.625 	 59.094 	 245.113
FHW13014	190.750 	 59.313 	 245.336
FHW13014	190.875 	 59.100 	 245.113
FHW13014	191.000 	 58.605 	 245.601
FHW13014	191.125 	 59.313 	 245.336
FHW13014	191.250 	 59.094 	 245.113
FHW13014	191.375 	 59.217 	 245.820
FHW13014	191.500 	 58.705 	 245.113
FHW13014	191.625 	 59.313 	 245.336
FHW13014	191.750 	 58.995 	 245.601
FHW13014	191.875 	 59.313 	 245.336
FHW13014	192.000 	 58.705 	 245.113
FHW13014	192.125 	 59.100 	 245.113
FHW13014	192.250 	 59.217 	 245.820
FHW13014	192.375 	 59.094 	 245.113
FHW13014	192.500 	 59.313 	 245.336
FHW13014	192.625 	 58.605 	 245.600
FHW13014	192.750 	 59.313 	 245.336
FHW13014	192.875 	 59.100 	 245.113
FHW13014	193.000 	 59.094 	 245.113
FHW13014	193.125 	 62.409 	 245.513
FHW13014	193.250 	 63.311 	 245.045
FHW13014	193.375 	 63.498 	 245.260
FHW13014	193.500 	 63.399 	 244.580
FHW13014	193.625 	 63.727 	 245.046
FHW13014	193.750 	 63.498 	 245.260
FHW13014	193.875 	 63.311 	 245.045
FHW13014	194.000 	 63.498 	 245.260
FHW13014	194.125 	 63.720 	 245.045
FHW13014	194.250 	 63.400 	 244.581
FHW13014	194.375 	 63.498 	 245.260
FHW13014	194.500 	 63.311 	 245.045
FHW13014	194.625 	 63.498 	 245.260
FHW13014	194.750 	 63.726 	 245.045
FHW13014	194.875 	 63.312 	 245.045
FHW13014	195.000 	 63.584 	 244.799
FHW13014	195.125 	 63.311 	 245.045
FHW13014	195.250 	 63.905 	 245.260
FHW13014	195.375 	 63.311 	 245.045
FHW13014	195.500 	 63.312 	 245.045
FHW13014	195.625 	 63.584 	 244.799
FHW13014	195.750 	 63.311 	 245.045
FHW13014	195.875 	 63.727 	 245.045
FHW13014	196.000 	 63.497 	 245.260
FHW13014	196.125 	 63.312 	 245.045
FHW13014	196.250 	 63.498 	 245.261
FHW13014	196.375 	 63.807 	 244.580
FHW13014	196.500 	 63.312 	 245.045
FHW13014	196.625 	 63.497 	 245.260
FHW13014	196.750 	 63.312 	 245.045
FHW13014	196.875 	 63.498 	 245.261
FHW13014	197.000 	 63.726 	 245.044
FHW13014	197.125 	 63.400 	 244.581
FHW13014	197.250 	 63.497 	 245.260
FHW13014	197.375 	 63.312 	 245.045
FHW13014	197.500 	 63.905 	 245.261
FHW13014	197.625 	 63.311 	 245.044
FHW13014	197.750 	 63.312 	 245.046
FHW13014	197.875 	 63.583 	 244.798
FHW13014	198.000 	 63.312 	 245.045
FHW13014	198.125 	 63.721 	 245.046
FHW13014	198.250 	 63.497 	 245.260
FHW13014	198.375 	 63.312 	 245.046
FHW13014	198.500 	 63.498 	 245.260
FHW13014	198.625 	 63.813 	 244.580
FHW13014	198.750 	 63.311 	 245.045
FHW13014	198.875 	 63.499 	 245.261
FHW13014	199.000 	 63.311 	 245.045
FHW13014	199.125 	 63.497 	 245.260
FHW13014	199.250 	 63.721 	 245.047
FHW13014	199.375 	 63.399 	 244.580
FHW13014	199.500 	 63.497 	 245.260
FHW13014	199.625 	 63.311 	 245.045
FHW13014	199.750 	 63.499 	 245.261
FHW13014	199.875 	 63.726 	 245.045
FHW13014	200.000 	 63.399 	 244.580
FHW13014	200.125 	 63.499 	 245.261
FHW13014	200.250 	 63.311 	 245.045
FHW13014	200.375 	 63.904 	 245.260
FHW13014	200.500 	 63.313 	 245.047
FHW13014	200.625 	 63.311 	 245.044
FHW13014	200.750 	 63.583 	 244.798
FHW13014	200.875 	 63.311 	 245.045
FHW13014	201.000 	 63.728 	 245.046
FHW13014	201.125 	 63.497 	 245.260
FHW13014	201.250 	 63.311 	 245.044
FHW13014	201.375 	 63.499 	 245.262
FHW13014	201.500 	 63.807 	 244.580
FHW13014	201.625 	 63.311 	 245.044
FHW13014	201.750 	 63.499 	 245.262
FHW13014	201.875 	 63.311 	 245.044
FHW13014	202.000 	 64.997 	 245.014
FHW13014	202.125 	 67.338 	 244.772
FHW13014	202.250 	 67.336 	 244.772
FHW13014	202.375 	 67.079 	 244.984
FHW13014	202.500 	 67.261 	 245.224
FHW13014	202.625 	 67.079 	 244.984
FHW13014	202.750 	 67.336 	 244.772
FHW13014	202.875 	 67.344 	 244.773
FHW13014	203.000 	 67.072 	 244.982
FHW13014	203.125 	 67.344 	 244.773
FHW13014	203.250 	 66.910 	 244.772
FHW13014	203.375 	 67.430 	 245.433
FHW13014	203.500 	 67.336 	 244.772
FHW13014	203.625 	 66.918 	 244.773
FHW13014	203.750 	 67.496 	 244.982
FHW13014	203.875 	 66.918 	 244.772
FHW13014	204.000 	 67.496 	 244.982
FHW13014	204.125 	 67.337 	 244.773
FHW13014	204.250 	 66.840 	 245.224
FHW13014	204.375 	 67.497 	 244.984
FHW13014	204.500 	 66.917 	 244.772
FHW13014	204.625 	 67.337 	 244.773
FHW13014	204.750 	 67.503 	 244.984
FHW13014	204.875 	 66.910 	 244.772
FHW13014	205.000 	 67.343 	 244.772
FHW13014	205.125 	 67.073 	 244.984
FHW13014	205.250 	 67.269 	 245.226
FHW13014	205.375 	 67.496 	 244.982
FHW13014	205.500 	 66.918 	 244.773
FHW13014	205.625 	 67.336 	 244.771
FHW13014	205.750 	 67.079 	 244.984
FHW13014	205.875 	 67.336 	 244.772
FHW13014	206.000 	 66.918 	 244.773
FHW13014	206.125 	 67.422 	 245.432
FHW13014	206.250 	 67.337 	 244.773
FHW13014	206.375 	 66.917 	 244.772
FHW13014	206.500 	 67.497 	 244.984
FHW13014	206.625 	 66.917 	 244.772
FHW13014	206.750 	 67.337 	 244.773
FHW13014	206.875 	 67.496 	 244.982
FHW13014	207.000 	 66.842 	 245.226
FHW13014	207.125 	 67.496 	 244.982
FHW13014	207.250 	 66.918 	 244.773
FHW13014	207.375 	 67.336 	 244.771
FHW13014	207.500 	 67.503 	 244.984
FHW13014	207.625 	 66.910 	 244.772
FHW13014	207.750 	 67.344 	 244.773
FHW13014	207.875 	 67.072 	 244.982
FHW13014	208.000 	 67.269 	 245.226
FHW13014	208.125 	 67.336 	 244.772
FHW13014	208.250 	 67.079 	 244.984
FHW13014	208.375 	 67.336 	 244.772
FHW13014	208.500 	 67.079 	 244.984
FHW13014	208.625 	 67.336 	 244.772
FHW13014	208.750 	 67.338 	 244.772
FHW13014	208.875 	 67.003 	 245.433
FHW13014	209.000 	 67.337 	 244.773
FHW13014	209.125 	 66.917 	 244.771
FHW13014	209.250 	 67.497 	 244.984
FHW13014	209.375 	 67.344 	 244.773
FHW13014	209.500 	 66.910 	 244.772
FHW13014	209.625 	 67.503 	 244.984
FHW13014	209.750 	 66.910 	 244.772
FHW13014	209.875 	 67.430 	 245.433
FHW13014	210.000 	 67.336 	 244.772
FHW13014	210.125 	 66.918 	 244.773
FHW13014	210.250 	 67.496 	 244.982
FHW13014	210.375 	 66.918 	 244.773
FHW13014	210.500 	 67.336 	 244.771
FHW13014	210.625 	 67.497 	 244.984
FHW13014	210.750 	 66.840 	 245.225
FHW13014	210.875 	 68.997 	 244.747
FHW13014	211.000 	 69.708 	 244.536
FHW13014	211.125 	 69.921 	 244.307
FHW13014	211.250 	 69.420 	 244.748
FHW13014	211.375 	 69.852 	 244.745
FHW13014	211.500 	 69.420 	 244.748
FHW13014	211.625 	 69.853 	 244.747
FHW13014	211.750 	 69.495 	 244.306
FHW13014	211.875 	 69.853 	 244.747
FHW13014	212.000 	 69.419 	 244.746
FHW13014	212.125 	 69.853 	 244.748
FHW13014	212.250 	 69.853 	 244.747
FHW13014	212.375 	 69.343 	 244.092
FHW13014	212.500 	 69.853 	 244.748
FHW13014	212.625 	 69.427 	 244.748
FHW13014	212.750 	 69.852 	 244.745
FHW13014	212.875 	 69.420 	 244.748
FHW13014	213.000 	 69.920 	 244.305
FHW13014	213.125 	 69.427 	 244.748
FHW13014	213.250 	 69.853 	 244.747
FHW13014	213.375 	 69.845 	 244.746
FHW13014	213.500 	 69.427 	 244.748
FHW13014	213.625 	 69.777 	 244.092
FHW13014	213.750 	 69.420 	 244.747
FHW13014	213.875 	 69.853 	 244.748
FHW13014	214.000 	 69.426 	 244.746
FHW13014	214.125 	 69.853 	 244.748
FHW13014	214.250 	 69.489 	 244.306
FHW13014	214.375 	 69.852 	 244.746
FHW13014	214.500 	 69.853 	 244.748
FHW13014	214.625 	 69.420 	 244.748
FHW13014	214.750 	 69.852 	 244.746
FHW13014	214.875 	 69.496 	 244.306
FHW13014	215.000 	 69.708 	 244.536
FHW13014	215.125 	 69.420 	 244.748
FHW13014	215.250 	 69.853 	 244.748
FHW13014	215.375 	 69.419 	 244.744
FHW13014	215.500 	 69.921 	 244.307
FHW13014	215.625 	 69.853 	 244.748
FHW13014	215.750 	 69.426 	 244.746
FHW13014	215.875 	 69.853 	 244.746
FHW13014	216.000 	 69.419 	 244.746
FHW13014	216.125 	 69.921 	 244.307
FHW13014	216.250 	 69.274 	 244.538
FHW13014	216.375 	 69.852 	 244.744
FHW13014	216.500 	 69.427 	 244.748
FHW13014	216.625 	 69.853 	 244.748
FHW13014	216.750 	 69.920 	 244.306
FHW13014	216.875 	 69.420 	 244.748
FHW13014	217.000 	 69.852 	 244.744
FHW13014	217.125 	 69.427 	 244.748
FHW13014	217.250 	 69.846 	 244.748
FHW13014	217.375 	 69.495 	 244.306
FHW13014	217.500 	 69.853 	 244.746
FHW13014	217.625 	 69.273 	 244.536
FHW13014	217.750 	 69.853 	 244.748
FHW13014	217.875 	 69.427 	 244.748
FHW13014	218.000 	 69.920 	 244.304
FHW13014	218.125 	 69.853 	 244.748
FHW13014	218.250 	 69.420 	 244.748
FHW13014	218.375 	 69.852 	 244.746
FHW13014	218.500 	 69.420 	 244.748
FHW13014	218.625 	 69.853 	 244.746
FHW13014	218.750 	 69.495 	 244.306
FHW13014	218.875 	 69.709 	 244.538
FHW13014	219.000 	 69.419 	 244.746
FHW13014	219.125 	 69.853 	 244.748
FHW13014	219.250 	 69.853 	 244.746
FHW13014	219.375 	 69.488 	 244.306
FHW13014	219.500 	 69.853 	 244.748
FHW13014	219.625 	 69.427 	 244.748
FHW13014	219.750 	 70.347 	 244.304
FHW13014	219.875 	 71.787 	 244.517
FHW13014	220.000 	 72.228 	 244.517
FHW13014	220.125 	 71.848 	 244.079
FHW13014	220.250 	 71.916 	 244.723
FHW13014	220.375 	 71.849 	 244.081
FHW13014	220.500 	 71.786 	 244.515
FHW13014	220.625 	 71.787 	 244.517
FHW13014	220.750 	 71.856 	 244.081
FHW13014	220.875 	 71.787 	 244.517
FHW13014	221.000 	 72.281 	 244.079
FHW13014	221.125 	 71.787 	 244.517
FHW13014	221.250 	 71.787 	 244.517
FHW13014	221.375 	 71.855 	 244.079
FHW13014	221.500 	 71.916 	 244.723
FHW13014	221.625 	 71.849 	 244.081
FHW13014	221.750 	 71.787 	 244.517
FHW13014	221.875 	 71.848 	 244.079
FHW13014	222.000 	 72.228 	 244.517
FHW13014	222.125 	 71.787 	 244.517
FHW13014	222.250 	 71.848 	 244.079
FHW13014	222.375 	 71.787 	 244.517
FHW13014	222.500 	 71.849 	 244.081
FHW13014	222.625 	 71.787 	 244.517
FHW13014	222.750 	 71.786 	 244.515
FHW13014	222.875 	 71.977 	 244.290
FHW13014	223.000 	 72.228 	 244.517
FHW13014	223.125 	 71.848 	 244.079
FHW13014	223.250 	 71.787 	 244.517
FHW13014	223.375 	 71.787 	 244.517
FHW13014	223.500 	 71.849 	 244.081
FHW13014	223.625 	 71.786 	 244.515
FHW13014	223.750 	 71.849 	 244.081
FHW13014	223.875 	 71.794 	 244.517
FHW13014	224.000 	 72.220 	 244.515
FHW13014	224.125 	 71.977 	 244.290
FHW13014	224.250 	 71.787 	 244.517
FHW13014	224.375 	 71.849 	 244.081
FHW13014	224.500 	 71.793 	 244.515
FHW13014	224.625 	 71.787 	 244.517
FHW13014	224.750 	 71.849 	 244.081
FHW13014	224.875 	 71.786 	 244.515
FHW13014	225.000 	 72.282 	 244.081
FHW13014	225.125 	 71.794 	 244.517
FHW13014	225.250 	 71.786 	 244.515
FHW13014	225.375 	 71.849 	 244.081
FHW13014	225.500 	 71.916 	 244.723
FHW13014	225.625 	 71.849 	 244.081
FHW13014	225.750 	 71.786 	 244.515
FHW13014	225.875 	 71.787 	 244.517
FHW13014	226.000 	 72.288 	 244.081
FHW13014	226.125 	 71.786 	 244.515
FHW13014	226.250 	 71.849 	 244.081
FHW13014	226.375 	 71.787 	 244.517
FHW13014	226.500 	 71.787 	 244.517
FHW13014	226.625 	 71.848 	 244.079
FHW13014	226.750 	 71.916 	 244.723
FHW13014	226.875 	 71.849 	 244.081
FHW13014	227.000 	 72.227 	 244.515
FHW13014	227.125 	 71.787 	 244.517
FHW13014	227.250 	 71.849 	 244.081
FHW13014	227.375 	 71.787 	 244.517
FHW13014	227.500 	 71.848 	 244.079
FHW13014	227.625 	 71.794 	 244.517
FHW13014	227.750 	 71.787 	 244.517
FHW13014	227.875 	 71.848 	 244.079
FHW13014	228.000 	 72.221 	 244.517
FHW13014	228.125 	 71.977 	 244.290
FHW13014	228.250 	 71.794 	 244.517
FHW13014	228.375 	 71.786 	 244.515
FHW13014	228.500 	 71.849 	 244.081
FHW13014	228.625 	 71.787 	 244.517
FHW13014	228.750 	 73.285 	 244.288
FHW13014	228.875 	 74.659 	 243.862
FHW13014	229.000 	 74.278 	 244.495
FHW13014	229.125 	 74.659 	 243.862
FHW13014	229.250 	 74.606 	 244.290
FHW13014	229.375 	 74.331 	 244.067
FHW13014	229.500 	 74.605 	 244.291
FHW13014	229.625 	 74.221 	 243.861
FHW13014	229.750 	 74.715 	 244.497
FHW13014	229.875 	 74.221 	 243.861
FHW13014	230.000 	 74.721 	 244.495
FHW13014	230.125 	 74.214 	 243.861
FHW13014	230.250 	 74.612 	 244.291
FHW13014	230.375 	 74.325 	 244.069
FHW13014	230.500 	 74.612 	 244.290
FHW13014	230.625 	 74.767 	 244.070
FHW13014	230.750 	 74.165 	 244.288
FHW13014	230.875 	 74.659 	 243.862
FHW13014	231.000 	 74.278 	 244.495
FHW13014	231.125 	 74.659 	 243.862
FHW13014	231.250 	 74.165 	 244.288
FHW13014	231.375 	 74.767 	 244.069
FHW13014	231.500 	 74.166 	 244.291
FHW13014	231.625 	 74.767 	 244.069
FHW13014	231.750 	 74.612 	 244.291
FHW13014	231.875 	 74.213 	 243.859
FHW13014	232.000 	 74.722 	 244.497
FHW13014	232.125 	 74.221 	 243.861
FHW13014	232.250 	 74.605 	 244.291
FHW13014	232.375 	 74.332 	 244.069
FHW13014	232.500 	 74.606 	 244.290
FHW13014	232.625 	 74.331 	 244.069
FHW13014	232.750 	 74.606 	 244.290
FHW13014	232.875 	 74.220 	 243.862
FHW13014	233.000 	 74.715 	 244.495
FHW13014	233.125 	 74.659 	 243.862
FHW13014	233.250 	 74.277 	 244.494
FHW13014	233.375 	 74.666 	 243.861
FHW13014	233.500 	 74.159 	 244.291
FHW13014	233.625 	 74.774 	 244.069
FHW13014	233.750 	 74.159 	 244.291
FHW13014	233.875 	 74.665 	 243.859
FHW13014	234.000 	 74.271 	 244.497
FHW13014	234.125 	 74.666 	 243.861
FHW13014	234.250 	 74.278 	 244.497
FHW13014	234.375 	 74.659 	 243.861
FHW13014	234.500 	 74.605 	 244.290
FHW13014	234.625 	 74.332 	 244.069
FHW13014	234.750 	 74.606 	 244.290
FHW13014	234.875 	 74.220 	 243.862
FHW13014	235.000 	 74.715 	 244.495
FHW13014	235.125 	 74.219 	 243.861
FHW13014	235.250 	 74.715 	 244.495
FHW13014	235.375 	 74.220 	 243.862
FHW13014	235.500 	 74.612 	 244.290
FHW13014	235.625 	 74.325 	 244.069
FHW13014	235.750 	 74.611 	 244.290
FHW13014	235.875 	 74.767 	 244.069
FHW13014	236.000 	 74.166 	 244.291
FHW13014	236.125 	 74.659 	 243.861
FHW13014	236.250 	 74.278 	 244.497
FHW13014	236.375 	 74.658 	 243.859
FHW13014	236.500 	 74.166 	 244.291
FHW13014	236.625 	 74.767 	 244.069
FHW13014	236.750 	 74.166 	 244.290
FHW13014	236.875 	 74.767 	 244.070
FHW13014	237.000 	 74.165 	 244.288
FHW13014	237.125 	 76.098 	 244.070
FHW13014	237.250 	 76.098 	 244.069
FHW13014	237.375 	 76.147 	 243.645
FHW13014	237.500 	 76.098 	 244.070
FHW13014	237.625 	 75.651 	 244.069
FHW13014	237.750 	 77.534 	 244.274
FHW13014	237.875 	 77.084 	 244.276
FHW13014	238.000 	 76.991 	 244.067
FHW13014	238.125 	 77.085 	 244.274
FHW13014	238.250 	 77.084 	 244.276
FHW13014	238.375 	 77.085 	 244.274
FHW13014	238.500 	 76.947 	 244.497
FHW13014	238.625 	 77.085 	 244.274
FHW13014	238.750 	 77.528 	 244.274
FHW13014	238.875 	 77.084 	 244.276
FHW13014	239.000 	 76.992 	 244.069
FHW13014	239.125 	 77.084 	 244.276
FHW13014	239.250 	 77.084 	 244.272
FHW13014	239.375 	 77.085 	 244.274
FHW13014	239.500 	 76.992 	 244.070
FHW13014	239.625 	 77.534 	 244.274
FHW13014	239.750 	 77.085 	 244.274
FHW13014	239.875 	 76.992 	 244.070
FHW13014	240.000 	 77.085 	 244.274
FHW13014	240.125 	 77.084 	 244.276
FHW13014	240.250 	 77.085 	 244.274
FHW13014	240.375 	 76.991 	 244.067
FHW13014	240.500 	 77.527 	 244.276
FHW13014	240.625 	 77.085 	 244.274
FHW13014	240.750 	 77.085 	 244.274
FHW13014	240.875 	 76.992 	 244.070
FHW13014	241.000 	 77.085 	 244.274
FHW13014	241.125 	 77.085 	 244.274
FHW13014	241.250 	 77.084 	 244.276
FHW13014	241.375 	 77.401 	 244.495
FHW13014	241.500 	 77.084 	 244.276
FHW13014	241.625 	 77.085 	 244.274
FHW13014	241.750 	 77.084 	 244.272
FHW13014	241.875 	 76.992 	 244.070
FHW13014	242.000 	 77.085 	 244.274
FHW13014	242.125 	 77.084 	 244.276
FHW13014	242.250 	 77.085 	 244.274
FHW13014	242.375 	 77.438 	 244.069
FHW13014	242.500 	 77.084 	 244.276
FHW13014	242.625 	 77.085 	 244.274
FHW13014	242.750 	 76.992 	 244.069
FHW13014	242.875 	 77.084 	 244.276
FHW13014	243.000 	 77.084 	 244.272
FHW13014	243.125 	 77.085 	 244.274
FHW13014	243.250 	 77.445 	 244.070
FHW13014	243.375 	 77.085 	 244.274
FHW13014	243.500 	 77.084 	 244.276
FHW13014	243.625 	 77.085 	 244.274
FHW13014	243.750 	 76.992 	 244.069
FHW13014	243.875 	 77.084 	 244.276
FHW13014	244.000 	 77.078 	 244.274
FHW13014	244.125 	 77.492 	 244.700
FHW13014	244.250 	 76.991 	 244.067
FHW13014	244.375 	 77.085 	 244.274
FHW13014	244.500 	 77.084 	 244.276
FHW13014	244.625 	 77.085 	 244.274
FHW13014	244.750 	 76.992 	 244.069
FHW13014	244.875 	 77.084 	 244.276
FHW13014	245.000 	 77.085 	 244.274
FHW13014	245.125 	 77.527 	 244.276
FHW13014	245.250 	 76.992 	 244.069
FHW13014	245.375 	 77.085 	 244.274
FHW13014	245.500 	 77.084 	 244.274
FHW13014	245.625 	 76.992 	 244.069
FHW13014	245.750 	 77.085 	 244.274
FHW13014	245.875 	 77.084 	 244.276
FHW13014	246.000 	 77.534 	 244.274
FHW13014	246.125 	 76.992 	 244.069
FHW13014	246.250 	 77.084 	 244.276
FHW13014	246.375 	 77.085 	 244.274
FHW13014	246.500 	 77.527 	 244.276
FHW13014	246.625 	 79.375 	 244.898
FHW13014	246.750 	 79.411 	 244.476
FHW13014	246.875 	 78.879 	 244.276
FHW13014	247.000 	 79.411 	 244.476
FHW13014	247.125 	 79.404 	 244.478
FHW13014	247.250 	 79.411 	 244.476
FHW13014	247.375 	 79.411 	 244.476
FHW13014	247.500 	 79.368 	 244.899
FHW13014	247.625 	 78.959 	 244.476
FHW13014	247.750 	 79.411 	 244.478
FHW13014	247.875 	 79.334 	 244.272
FHW13014	248.000 	 79.404 	 244.476
FHW13014	248.125 	 79.411 	 244.478
FHW13014	248.250 	 78.959 	 244.476
FHW13014	248.375 	 79.375 	 244.899
FHW13014	248.500 	 79.411 	 244.476
FHW13014	248.625 	 79.404 	 244.476
FHW13014	248.750 	 79.411 	 244.478
FHW13014	248.875 	 79.335 	 244.274
FHW13014	249.000 	 78.959 	 244.476
FHW13014	249.125 	 79.368 	 244.899
FHW13014	249.250 	 79.411 	 244.476
FHW13014	249.375 	 79.411 	 244.478
FHW13014	249.500 	 79.404 	 244.476
FHW13014	249.625 	 79.411 	 244.476
FHW13014	249.750 	 78.958 	 244.478
FHW13014	249.875 	 79.335 	 244.274
FHW13014	250.000 	 79.375 	 244.899
FHW13014	250.125 	 79.404 	 244.476
FHW13014	250.250 	 79.411 	 244.476
FHW13014	250.375 	 78.958 	 244.478
FHW13014	250.500 	 79.411 	 244.476
FHW13014	250.625 	 79.404 	 244.476
FHW13014	250.750 	 79.375 	 244.899
FHW13014	250.875 	 79.335 	 244.274
FHW13014	251.000 	 79.404 	 244.478
FHW13014	251.125 	 78.965 	 244.476
FHW13014	251.250 	 79.404 	 244.476
FHW13014	251.375 	 79.411 	 244.478
FHW13014	251.500 	 79.411 	 244.476
FHW13014	251.625 	 79.368 	 244.899
FHW13014	251.750 	 79.335 	 244.274
FHW13014	251.875 	 78.959 	 244.476
FHW13014	252.000 	 79.411 	 244.478
FHW13014	252.125 	 79.404 	 244.476
FHW13014	252.250 	 79.411 	 244.478
FHW13014	252.375 	 79.375 	 244.898
FHW13014	252.500 	 79.404 	 244.476
FHW13014	252.625 	 78.965 	 244.478
FHW13014	252.750 	 79.328 	 244.274
FHW13014	252.875 	 79.411 	 244.476
FHW13014	253.000 	 79.411 	 244.478
FHW13014	253.125 	 79.404 	 244.476
FHW13014	253.250 	 78.921 	 244.899
FHW13014	253.375 	 79.411 	 244.476
FHW13014	253.500 	 79.411 	 244.476
FHW13014	253.625 	 79.404 	 244.478
FHW13014	253.750 	 79.335 	 244.274
FHW13014	253.875 	 79.411 	 244.478
FHW13014	254.000 	 78.959 	 244.476
FHW13014	254.125 	 79.375 	 244.898
FHW13014	254.250 	 79.404 	 244.478
FHW13014	254.375 	 79.411 	 244.476
FHW13014	254.500 	 79.411 	 244.478
FHW13014	254.625 	 79.404 	 244.476
FHW13014	254.750 	 78.879 	 244.274
FHW13014	254.875 	 79.375 	 244.899
FHW13014	255.000 	 79.411 	 244.476
FHW13014	255.125 	 79.404 	 244.478
FHW13014	255.250 	 79.411 	 244.476
FHW13014	255.375 	 79.411 	 244.474
FHW13014	255.500 	 81.220 	 244.478
FHW13014	255.625 	 82.692 	 244.873
FHW13014	255.750 	 82.614 	 245.096
FHW13014	255.875 	 82.646 	 244.675
FHW13014	256.000 	 82.639 	 244.675
FHW13014	256.125 	 82.646 	 244.677
FHW13014	256.250 	 83.098 	 244.675
FHW13014	256.375 	 82.639 	 244.675
FHW13014	256.500 	 82.646 	 244.677
FHW13014	256.625 	 82.639 	 244.675
FHW13014	256.750 	 82.692 	 244.871
FHW13014	256.875 	 82.621 	 245.096
FHW13014	257.000 	 82.639 	 244.675
FHW13014	257.125 	 82.646 	 244.677
FHW13014	257.250 	 82.640 	 244.677
FHW13014	257.375 	 82.639 	 244.675
FHW13014	257.500 	 83.098 	 244.677
FHW13014	257.625 	 82.646 	 244.675
FHW13014	257.750 	 82.639 	 244.677
FHW13014	257.875 	 82.646 	 244.675
FHW13014	258.000 	 82.668 	 245.288
FHW13014	258.125 	 82.646 	 244.677
FHW13014	258.250 	 82.639 	 244.675
FHW13014	258.375 	 82.639 	 244.677
FHW13014	258.500 	 82.646 	 244.675
FHW13014	258.625 	 82.639 	 244.675
FHW13014	258.750 	 83.098 	 244.677
FHW13014	258.875 	 82.646 	 244.675
FHW13014	259.000 	 82.614 	 245.096
FHW13014	259.125 	 82.692 	 244.873
FHW13014	259.250 	 82.646 	 244.675
FHW13014	259.375 	 82.639 	 244.677
FHW13014	259.500 	 82.646 	 244.675
FHW13014	259.625 	 82.639 	 244.675
FHW13014	259.750 	 82.646 	 244.677
FHW13014	259.875 	 82.639 	 244.675
FHW13014	260.000 	 83.098 	 244.675
FHW13014	260.125 	 82.614 	 245.096
FHW13014	260.250 	 82.699 	 244.871
FHW13014	260.375 	 82.639 	 244.677
FHW13014	260.500 	 82.646 	 244.675
FHW13014	260.625 	 82.639 	 244.675
FHW13014	260.750 	 82.646 	 244.678
FHW13014	260.875 	 82.639 	 244.675
FHW13014	261.000 	 82.639 	 244.677
FHW13014	261.125 	 82.646 	 244.675
FHW13014	261.250 	 83.074 	 245.094
FHW13014	261.375 	 82.639 	 244.677
FHW13014	261.500 	 82.699 	 244.871
FHW13014	261.625 	 82.639 	 244.677
FHW13014	261.750 	 82.639 	 244.675
FHW13014	261.875 	 82.646 	 244.675
FHW13014	262.000 	 82.639 	 244.677
FHW13014	262.125 	 82.646 	 244.675
FHW13014	262.250 	 82.614 	 245.096
FHW13014	262.375 	 82.646 	 244.675
FHW13014	262.500 	 83.098 	 244.677
FHW13014	262.625 	 82.692 	 244.873
FHW13014	262.750 	 82.639 	 244.675
FHW13014	262.875 	 82.646 	 244.675
FHW13014	263.000 	 82.639 	 244.677
FHW13014	263.125 	 82.646 	 244.675
FHW13014	263.250 	 82.639 	 244.675
FHW13014	263.375 	 82.621 	 245.096
FHW13014	263.500 	 82.639 	 244.675
FHW13014	263.625 	 82.639 	 244.677
FHW13014	263.750 	 83.098 	 244.675
FHW13014	263.875 	 82.699 	 244.871
FHW13014	264.000 	 82.639 	 244.677
FHW13014	264.125 	 82.646 	 244.675
FHW13014	264.250 	 82.640 	 244.678
FHW13014	264.375 	 82.639 	 244.675
FHW13014	264.500 	 87.240 	 245.288
FHW13014	264.625 	 87.249 	 244.873
FHW13014	264.750 	 87.704 	 244.871
FHW13014	264.875 	 87.249 	 244.873
FHW13014	265.000 	 87.249 	 244.871
FHW13014	265.125 	 87.704 	 244.871
FHW13014	265.250 	 87.249 	 244.874
FHW13014	265.375 	 87.269 	 245.065
FHW13014	265.500 	 87.696 	 245.290
FHW13014	265.625 	 87.249 	 244.871
FHW13014	265.750 	 87.249 	 244.871
FHW13014	265.875 	 87.704 	 244.873
FHW13014	266.000 	 87.249 	 244.871
FHW13014	266.125 	 87.249 	 244.873
FHW13014	266.250 	 87.704 	 244.873
FHW13014	266.375 	 87.249 	 244.871
FHW13014	266.500 	 87.242 	 244.871
FHW13014	266.625 	 87.703 	 245.290
FHW13014	266.750 	 87.249 	 244.871
FHW13014	266.875 	 87.242 	 244.873
FHW13014	267.000 	 87.727 	 245.066
FHW13014	267.125 	 87.242 	 244.871
FHW13014	267.250 	 87.249 	 244.873
FHW13014	267.375 	 87.711 	 244.871
FHW13014	267.500 	 87.242 	 244.873
FHW13014	267.625 	 87.249 	 244.871
FHW13014	267.750 	 87.696 	 245.288
FHW13014	267.875 	 87.249 	 244.874
FHW13014	268.000 	 87.249 	 244.871
FHW13014	268.125 	 87.704 	 244.873
FHW13014	268.250 	 87.249 	 244.871
FHW13014	268.375 	 87.249 	 244.871
FHW13014	268.500 	 87.704 	 244.873
FHW13014	268.625 	 87.269 	 245.065
FHW13014	268.750 	 87.240 	 245.291
FHW13014	268.875 	 87.704 	 244.871
FHW13014	269.000 	 87.249 	 244.871
FHW13014	269.125 	 87.249 	 244.873
FHW13014	269.250 	 87.704 	 244.871
FHW13014	269.375 	 87.249 	 244.871
FHW13014	269.500 	 87.249 	 244.873
FHW13014	269.625 	 87.704 	 244.873
FHW13014	269.750 	 87.249 	 244.871
FHW13014	269.875 	 87.233 	 245.290
FHW13014	270.000 	 87.711 	 244.871
FHW13014	270.125 	 87.249 	 244.873
FHW13014	270.250 	 87.242 	 244.871
FHW13014	270.375 	 87.727 	 245.065
FHW13014	270.500 	 87.242 	 244.874
FHW13014	270.625 	 87.249 	 244.871
FHW13014	270.750 	 87.711 	 244.873
FHW13014	270.875 	 87.233 	 245.288
FHW13014	271.000 	 87.249 	 244.871
FHW13014	271.125 	 87.704 	 244.873
FHW13014	271.250 	 87.249 	 244.871
FHW13014	271.375 	 87.249 	 244.874
FHW13014	271.500 	 87.704 	 244.871
FHW13014	271.625 	 87.249 	 244.871
FHW13014	271.750 	 87.249 	 244.873
FHW13014	271.875 	 87.249 	 244.871
FHW13014	272.000 	 87.713 	 245.481
FHW13014	272.125 	 87.249 	 244.871
FHW13014	272.250 	 87.249 	 244.873
FHW13014	272.375 	 87.704 	 244.871
FHW13014	272.500 	 87.249 	 244.873
FHW13014	272.625 	 87.242 	 244.870
FHW13014	272.750 	 87.711 	 244.874
FHW13014	272.875 	 87.249 	 244.873
FHW13014	273.000 	 87.242 	 244.870
FHW13014	273.125 	 87.703 	 245.291
FHW13014	273.250 	 87.242 	 244.870
FHW13014	273.375 	 87.249 	 244.874
FHW13014	273.500 	 87.711 	 244.870
FHW13014	273.625 	 87.262 	 245.068
FHW13014	273.750 	 87.249 	 244.871
FHW13014	273.875 	 87.704 	 244.873
FHW13014	274.000 	 87.249 	 244.871
FHW13014	274.125 	 87.240 	 245.290
FHW13014	274.250 	 87.704 	 244.870
FHW13014	274.375 	 87.249 	 244.874
FHW13014	274.500 	 87.249 	 244.873
FHW13014	274.625 	 87.704 	 244.871
FHW13014	274.750 	 87.249 	 244.873
FHW13014	274.875 	 87.249 	 244.870
FHW13014	275.000 	 87.704 	 244.874
FHW13014	275.125 	 87.249 	 244.870
FHW13014	275.250 	 87.240 	 245.291
FHW13014	275.375 	 87.720 	 245.065
FHW13014	275.500 	 87.249 	 244.873
FHW13014	275.625 	 87.249 	 244.871
FHW13014	275.750 	 87.704 	 244.873
FHW13014	275.875 	 87.249 	 244.870
FHW13014	276.000 	 87.242 	 244.874
FHW13014	276.125 	 87.711 	 244.870
FHW13014	276.250 	 87.249 	 244.873
FHW13014	276.375 	 87.233 	 245.291
FHW13014	276.500 	 87.711 	 244.870
FHW13014	276.625 	 87.242 	 244.874
FHW13014	276.750 	 87.249 	 244.870
FHW13014	276.875 	 87.711 	 244.873
FHW13014	277.000 	 87.262 	 245.066
FHW13014	277.125 	 87.249 	 244.873
FHW13014	277.250 	 87.704 	 244.871
FHW13014	277.375 	 87.240 	 245.290
FHW13014	277.500 	 87.249 	 244.870
FHW13014	277.625 	 87.704 	 244.874
FHW13014	277.750 	 87.249 	 244.870
FHW13014	277.875 	 87.249 	 244.874
FHW13014	278.000 	 87.704 	 244.873
FHW13014	278.125 	 87.249 	 244.870
FHW13014	278.250 	 87.249 	 244.874
FHW13014	278.375 	 87.704 	 244.870
FHW13014	278.500 	 87.240 	 245.291
FHW13014	278.625 	 87.269 	 245.065
FHW13014	278.750 	 87.704 	 244.870
FHW13014	278.875 	 87.249 	 244.874
FHW13014	279.000 	 87.249 	 244.873
FHW13014	279.125 	 90.455 	 244.870
FHW13014	279.250 	 90.000 	 244.874
FHW13014	279.375 	 90.462 	 244.870
FHW13014	279.500 	 90.000 	 245.065
FHW13014	279.625 	 90.455 	 244.874
FHW13014	279.750 	 90.000 	 244.873
FHW13014	279.875 	 90.464 	 245.288
FHW13014	280.000 	 90.000 	 245.065
FHW13014	280.125 	 90.455 	 244.873
FHW13014	280.250 	 90.462 	 244.871
FHW13014	280.375 	 90.000 	 244.873
FHW13014	280.500 	 90.452 	 245.066
FHW13014	280.625 	 90.000 	 244.873
FHW13014	280.750 	 90.462 	 244.870
FHW13014	280.875 	 90.000 	 244.874
FHW13014	281.000 	 90.452 	 245.065
FHW13014	281.125 	 90.000 	 244.870
FHW13014	281.250 	 90.462 	 244.874
FHW13014	281.375 	 90.000 	 244.873
FHW13014	281.500 	 90.454 	 245.481
FHW13014	281.625 	 90.000 	 244.870
FHW13014	281.750 	 90.462 	 244.873
FHW13014	281.875 	 90.000 	 244.871
FHW13014	282.000 	 90.000 	 245.479
FHW13014	282.125 	 90.453 	 245.484
FHW13014	282.250 	 90.000 	 245.896
FHW13014	282.375 	 90.000 	 245.288
FHW13014	282.500 	 90.461 	 245.479
FHW13014	282.625 	 90.000 	 245.481
FHW13014	282.750 	 90.000 	 245.901
FHW13014	282.875 	 90.461 	 245.479
FHW13014	283.000 	 90.000 	 245.288
FHW13014	283.125 	 90.000 	 245.479
FHW13014	283.250 	 90.455 	 245.898
FHW13014	283.375 	 90.000 	 245.482
FHW13014	283.500 	 90.000 	 245.288
FHW13014	283.625 	 90.461 	 245.479
FHW13014	283.750 	 90.000 	 245.898
FHW13014	283.875 	 90.000 	 245.481
FHW13014	284.000 	 90.454 	 245.479
FHW13014	284.125 	 89.077 	 246.743
FHW13014	284.250 	 89.547 	 246.500
FHW13014	284.375 	 89.077 	 246.923
FHW13014	284.500 	 89.547 	 246.503
FHW13014	284.625 	 89.538 	 246.919
FHW13014	284.750 	 89.077 	 246.741
FHW13014	284.875 	 89.547 	 246.503
FHW13014	285.000 	 89.538 	 246.923
FHW13014	285.125 	 89.087 	 246.500
FHW13014	285.250 	 89.545 	 246.923
FHW13014	285.375 	 89.538 	 246.920
FHW13014	285.500 	 89.080 	 246.321
FHW13014	285.625 	 89.545 	 246.920
FHW13014	285.750 	 89.080 	 246.501
FHW13014	285.875 	 89.545 	 246.920
FHW13014	286.000 	 89.538 	 246.923
FHW13014	286.125 	 89.080 	 246.318
FHW13014	286.250 	 89.082 	 248.368
FHW13014	286.375 	 88.637 	 248.539
FHW13014	286.500 	 88.620 	 248.368
FHW13014	286.625 	 89.082 	 248.370
FHW13014	286.750 	 88.620 	 248.371
FHW13014	286.875 	 88.631 	 247.943
FHW13014	287.000 	 88.620 	 248.370
FHW13014	287.125 	 89.089 	 248.537
FHW13014	287.250 	 88.620 	 248.368
FHW13014	287.375 	 88.627 	 248.370
FHW13014	287.500 	 88.620 	 248.368
FHW13014	287.625 	 89.082 	 248.368
FHW13014	287.750 	 88.627 	 248.372
FHW13014	287.875 	 88.620 	 248.368
FHW13014	288.000 	 88.630 	 248.536
FHW13014	288.125 	 89.082 	 248.371
FHW13014	288.250 	 88.627 	 248.368
FHW13014	288.375 	 88.620 	 248.370
FHW13014	288.500 	 88.624 	 247.943
FHW13014	288.625 	 89.082 	 248.368
FHW13014	288.750 	 88.637 	 248.539
FHW13014	288.875 	 88.620 	 248.368
FHW13014	289.000 	 88.627 	 248.368
FHW13014	289.125 	 89.075 	 248.372
FHW13014	289.250 	 88.627 	 248.368
FHW13014	289.375 	 88.620 	 248.370
FHW13014	289.500 	 88.637 	 248.537
FHW13014	289.625 	 89.082 	 248.368
FHW13014	289.750 	 88.620 	 248.370
FHW13014	289.875 	 88.620 	 248.368
FHW13014	290.000 	 88.627 	 248.368
FHW13014	290.125 	 89.082 	 248.372
FHW13014	290.250 	 88.624 	 247.943
FHW13014	290.375 	 88.630 	 248.535
FHW13014	290.500 	 88.627 	 248.372
FHW13014	290.625 	 89.082 	 248.368
FHW13014	290.750 	 88.620 	 248.370
FHW13014	290.875 	 88.627 	 248.366
FHW13014	291.000 	 88.620 	 248.370
FHW13014	291.125 	 89.089 	 248.539
FHW13014	291.250 	 88.620 	 248.370
FHW13014	291.375 	 88.627 	 248.366
FHW13014	291.500 	 88.620 	 248.372
FHW13014	291.625 	 89.082 	 248.370
FHW13014	291.750 	 88.620 	 248.366
FHW13014	291.875 	 88.637 	 248.539
FHW13014	292.000 	 88.624 	 247.944
FHW13014	292.125 	 89.082 	 248.366
FHW13014	292.250 	 88.620 	 248.370
FHW13014	292.375 	 88.627 	 248.370
FHW13014	292.500 	 88.620 	 248.366
FHW13014	292.625 	 89.082 	 248.372
FHW13014	292.750 	 88.637 	 248.536
FHW13014	292.875 	 88.620 	 248.369
FHW13014	293.000 	 88.620 	 248.370
FHW13014	293.125 	 89.082 	 248.370
FHW13014	293.250 	 88.627 	 248.366
FHW13014	293.375 	 88.620 	 248.370
FHW13014	293.500 	 88.630 	 248.539
FHW13014	293.625 	 89.082 	 248.370
FHW13014	293.750 	 88.631 	 247.941
FHW13014	293.875 	 88.620 	 248.370
FHW13014	294.000 	 88.627 	 248.372
FHW13014	294.125 	 89.082 	 248.366
FHW13014	294.250 	 88.630 	 248.539
FHW13014	294.375 	 88.620 	 248.370
FHW13014	294.500 	 88.627 	 248.366
FHW13014	294.625 	 89.082 	 248.370
FHW13014	294.750 	 88.620 	 248.370
FHW13014	294.875 	 88.620 	 248.366
FHW13014	295.000 	 88.637 	 248.539
FHW13014	295.125 	 89.082 	 248.370
FHW13014	295.250 	 88.620 	 248.369
FHW13014	295.375 	 88.631 	 247.944
FHW13014	295.500 	 88.620 	 248.370
FHW13014	295.625 	 89.082 	 248.366
FHW13014	295.750 	 89.086 	 248.964
FHW13014	295.875 	 89.536 	 248.798
FHW13014	296.000 	 89.086 	 248.964
FHW13014	296.125 	 89.547 	 248.958
FHW13014	296.250 	 89.536 	 248.800
FHW13014	296.375 	 89.086 	 248.961
FHW13014	296.500 	 89.536 	 248.798
FHW13014	296.625 	 89.086 	 248.961
FHW13014	296.750 	 89.543 	 248.798
FHW13014	296.875 	 89.540 	 248.964
FHW13014	297.000 	 89.086 	 248.964
FHW13014	297.125 	 89.543 	 248.798
FHW13014	297.250 	 89.086 	 248.961
FHW13014	297.375 	 89.538 	 248.370
FHW13014	297.500 	 89.547 	 248.961
FHW13014	297.625 	 89.080 	 248.961
FHW13014	297.750 	 89.543 	 248.798
FHW13014	297.875 	 89.540 	 248.964
FHW13014	298.000 	 89.080 	 248.798
FHW13014	298.125 	 89.547 	 248.964
FHW13014	298.250 	 89.080 	 248.794
FHW13014	298.375 	 89.540 	 248.964
FHW13014	298.500 	 89.547 	 248.964
FHW13014	298.625 	 89.080 	 248.798
FHW13014	298.750 	 89.540 	 248.958
FHW13014	298.875 	 89.080 	 248.800
FHW13014	299.000 	 89.540 	 248.961
FHW13014	299.125 	 89.547 	 248.964
FHW13014	299.250 	 89.080 	 248.794
FHW13014	299.375 	 89.540 	 248.964
FHW13014	299.500 	 89.543 	 248.798
FHW13014	299.625 	 89.089 	 248.539
FHW13014	299.750 	 89.536 	 248.794
FHW13014	299.875 	 89.086 	 248.964
FHW13014	300.000 	 89.547 	 248.961
FHW13014	300.125 	 89.536 	 248.800
FHW13014	300.250 	 89.086 	 248.958
FHW13014	300.375 	 89.536 	 248.800
FHW13014	300.500 	 89.086 	 248.961
FHW13014	300.625 	 89.547 	 248.964
FHW13014	300.750 	 89.536 	 248.794
FHW13014	300.875 	 89.086 	 248.964
FHW13014	301.000 	 89.543 	 248.798
FHW13014	301.125 	 89.540 	 248.964
FHW13014	301.250 	 89.080 	 248.794
FHW13014	301.375 	 89.547 	 248.964
FHW13014	301.500 	 89.079 	 248.961
FHW13014	301.625 	 89.543 	 248.798
FHW13014	301.750 	 89.540 	 248.961
FHW13014	301.875 	 89.082 	 248.370
FHW13014	302.000 	 89.547 	 248.964
FHW13014	302.125 	 89.086 	 248.964
FHW13014	302.250 	 89.536 	 248.794
FHW13014	302.375 	 89.547 	 248.964
FHW13014	302.500 	 89.080 	 248.798
FHW13014	302.625 	 89.540 	 248.964
FHW13014	302.750 	 89.536 	 248.794
FHW13014	302.875 	 89.086 	 248.961
FHW13014	303.000 	 89.547 	 248.964
FHW13014	303.125 	 89.080 	 248.798
FHW13014	303.250 	 89.540 	 248.964
FHW13014	303.375 	 89.543 	 248.794
FHW13014	303.500 	 89.086 	 248.964
FHW13014	303.625 	 89.540 	 248.964
FHW13014	303.750 	 89.080 	 248.798
FHW13014	303.875 	 89.547 	 248.961
FHW13014	304.000 	 89.536 	 248.798
FHW13014	304.125 	 89.089 	 248.536
FHW13014	304.250 	 89.536 	 248.800
FHW13014	304.375 	 89.086 	 248.958
FHW13014	304.500 	 90.000 	 248.800
FHW13014	304.625 	 90.461 	 247.944
FHW13014	304.750 	 90.915 	 247.941
FHW13014	304.875 	 90.454 	 247.944
FHW13014	305.000 	 90.925 	 248.370
FHW13014	305.125 	 90.454 	 247.941
FHW13014	305.250 	 90.915 	 247.947
FHW13014	305.375 	 90.461 	 247.941
FHW13014	305.500 	 90.918 	 248.370
FHW13014	305.625 	 90.454 	 247.944
FHW13014	305.750 	 90.922 	 247.769
FHW13014	305.875 	 90.461 	 247.944
FHW13014	306.000 	 90.915 	 247.944
FHW13014	306.125 	 90.455 	 248.366
FHW13014	306.250 	 90.922 	 247.944
FHW13014	306.375 	 90.454 	 247.947
FHW13014	306.500 	 90.915 	 247.941
FHW13014	306.625 	 90.461 	 247.944
FHW13014	306.750 	 90.918 	 248.366
FHW13014	306.875 	 90.454 	 247.944
FHW13014	307.000 	 90.922 	 247.773
FHW13014	307.125 	 90.461 	 247.941
FHW13014	307.250 	 90.915 	 247.944
FHW13014	307.375 	 90.462 	 248.370
FHW13014	307.500 	 90.915 	 247.944
FHW13014	307.625 	 90.454 	 247.944
FHW13014	307.750 	 90.915 	 247.941
FHW13014	307.875 	 90.462 	 248.370
FHW13014	308.000 	 90.915 	 247.944
FHW13014	308.125 	 90.454 	 247.944
FHW13014	308.250 	 90.922 	 247.770
FHW13014	308.375 	 90.461 	 247.944
FHW13014	308.500 	 90.918 	 248.369
FHW13014	308.625 	 90.461 	 247.944
FHW13014	308.750 	 90.915 	 247.944
FHW13014	308.875 	 90.454 	 247.941
FHW13014	309.000 	 90.915 	 247.944
FHW13014	309.125 	 90.462 	 248.366
FHW13014	309.250 	 90.915 	 247.947
FHW13014	309.375 	 90.454 	 247.944
FHW13014	309.500 	 90.922 	 247.767
FHW13014	309.625 	 90.461 	 247.947
FHW13014	309.750 	 90.918 	 248.370
FHW13014	309.875 	 90.461 	 247.941
FHW13014	310.000 	 90.915 	 247.944
FHW13014	310.125 	 90.454 	 247.941
FHW13014	310.250 	 90.915 	 247.944
FHW13014	310.375 	 90.462 	 248.372
FHW13014	310.500 	 90.915 	 247.941
FHW13014	310.625 	 90.454 	 247.944
FHW13014	310.750 	 90.922 	 247.773
FHW13014	310.875 	 90.462 	 248.366
FHW13014	311.000 	 90.915 	 247.944
FHW13014	311.125 	 90.461 	 247.944
FHW13014	311.250 	 90.915 	 247.941
FHW13014	311.375 	 90.454 	 247.947
FHW13014	311.500 	 90.462 	 248.366
FHW13014	311.625 	 90.915 	 247.944
FHW13014	311.750 	 90.454 	 247.944
FHW13014	311.875 	 90.915 	 247.941
FHW13014	312.000 	 90.464 	 247.773
FHW13014	312.125 	 90.918 	 248.370
FHW13014	312.250 	 90.461 	 247.941
FHW13014	312.375 	 90.915 	 247.944
FHW13014	312.500 	 90.454 	 247.944
FHW13014	312.625 	 90.915 	 247.944
FHW13014	312.750 	 90.462 	 248.370
FHW13014	312.875 	 90.915 	 247.941
FHW13014	313.000 	 90.454 	 247.944
FHW13014	313.125 	 90.922 	 247.944
FHW13014	313.250 	 90.457 	 247.769
FHW13014	313.375 	 90.918 	 248.370
FHW13014	313.500 	 90.461 	 247.941
FHW13014	313.625 	 90.915 	 247.947
FHW13014	313.750 	 90.919 	 247.345
FHW13014	313.875 	 91.361 	 247.098
FHW13014	314.000 	 90.919 	 247.347
FHW13014	314.125 	 91.382 	 247.344
FHW13014	314.250 	 90.912 	 247.522
FHW13014	314.375 	 90.919 	 247.344
FHW13014	314.500 	 91.378 	 246.922
FHW13014	314.625 	 90.912 	 247.518
FHW13014	314.750 	 90.919 	 247.347
FHW13014	314.875 	 91.382 	 247.344
FHW13014	315.000 	 90.919 	 247.345
FHW13014	315.125 	 90.912 	 247.518
FHW13014	315.250 	 91.371 	 246.924
FHW13014	315.375 	 90.919 	 247.347
FHW13014	315.500 	 91.372 	 247.518
FHW13014	315.625 	 90.919 	 247.347
FHW13014	315.750 	 90.919 	 247.341
FHW13014	315.875 	 91.368 	 247.101
FHW13014	316.000 	 90.919 	 247.344
FHW13014	316.125 	 90.919 	 247.347
FHW13014	316.250 	 91.372 	 247.518
FHW13014	316.375 	 90.919 	 247.345
FHW13014	316.500 	 90.916 	 246.921
FHW13014	316.625 	 91.365 	 247.522
FHW13014	316.750 	 90.919 	 247.344
FHW13014	316.875 	 91.382 	 247.347
FHW13014	317.000 	 90.919 	 247.341
FHW13014	317.125 	 90.912 	 247.522
FHW13014	317.250 	 91.377 	 246.921
FHW13014	317.375 	 90.919 	 247.347
FHW13014	317.500 	 90.912 	 247.522
FHW13014	317.625 	 91.375 	 247.341
FHW13014	317.750 	 90.926 	 247.347
FHW13014	317.875 	 91.361 	 247.098
FHW13014	318.000 	 90.919 	 247.347
FHW13014	318.125 	 90.919 	 247.344
FHW13014	318.250 	 91.372 	 247.522
FHW13014	318.375 	 90.919 	 247.341
FHW13014	318.500 	 90.916 	 246.924
FHW13014	318.625 	 91.372 	 247.518
FHW13014	318.750 	 90.919 	 247.347
FHW13014	318.875 	 90.919 	 247.341
FHW13014	319.000 	 91.375 	 247.347
FHW13014	319.125 	 90.912 	 247.518
FHW13014	319.250 	 91.377 	 246.924
FHW13014	319.375 	 90.919 	 247.344
FHW13014	319.500 	 90.912 	 247.522
FHW13014	319.625 	 91.382 	 247.345
FHW13014	319.750 	 90.919 	 247.344
FHW13014	319.875 	 90.909 	 247.101
FHW13014	320.000 	 91.382 	 247.344
FHW13014	320.125 	 90.919 	 247.345
FHW13014	320.250 	 90.912 	 247.521
FHW13014	320.375 	 91.375 	 247.345
FHW13014	320.500 	 90.916 	 246.921
FHW13014	320.625 	 91.372 	 247.522
FHW13014	320.750 	 90.919 	 247.344
FHW13014	320.875 	 90.919 	 247.345
FHW13014	321.000 	 91.382 	 247.344
FHW13014	321.125 	 90.909 	 247.101
FHW13014	321.250 	 90.919 	 247.344
FHW13014	321.375 	 91.382 	 247.345
FHW13014	321.500 	 90.912 	 247.524
FHW13014	321.625 	 90.919 	 247.341
FHW13014	321.750 	 91.375 	 247.347
FHW13014	321.875 	 90.909 	 247.098
FHW13014	322.000 	 91.382 	 247.347
FHW13014	322.125 	 90.919 	 247.341
FHW13014	322.250 	 90.912 	 247.524
FHW13014	322.375 	 91.382 	 247.341
FHW13014	322.500 	 90.916 	 246.924
FHW13014	322.625 	 90.916 	 246.919
FHW13014	322.750 	 90.917 	 245.902
FHW13014	322.875 	 90.455 	 245.896
FHW13014	323.000 	 90.924 	 245.896
FHW13014	323.125 	 90.452 	 246.084
FHW13014	323.250 	 90.917 	 245.899
FHW13014	323.375 	 90.920 	 246.316
FHW13014	323.500 	 90.462 	 245.900
FHW13014	323.625 	 90.917 	 245.896
FHW13014	323.750 	 90.455 	 245.896
FHW13014	323.875 	 90.910 	 246.087
FHW13014	324.000 	 90.917 	 245.896
FHW13014	324.125 	 90.462 	 245.896
FHW13014	324.250 	 90.917 	 245.900
FHW13014	324.375 	 90.464 	 246.316
FHW13014	324.500 	 90.917 	 245.896
FHW13014	324.625 	 90.910 	 246.087
FHW13014	324.750 	 90.455 	 245.896
FHW13014	324.875 	 90.917 	 245.896
FHW13014	325.000 	 90.917 	 245.900
FHW13014	325.125 	 90.462 	 245.896
FHW13014	325.250 	 90.917 	 245.896
FHW13014	325.375 	 90.464 	 246.320
FHW13014	325.500 	 90.910 	 246.084
FHW13014	325.625 	 90.917 	 245.896
FHW13014	325.750 	 90.455 	 245.900
FHW13014	325.875 	 90.917 	 245.896
FHW13014	326.000 	 90.462 	 245.896
FHW13014	326.125 	 90.917 	 245.902
FHW13014	326.250 	 90.910 	 246.081
FHW13014	326.375 	 90.464 	 246.316
FHW13014	326.500 	 90.917 	 245.900
FHW13014	326.625 	 90.455 	 245.896
FHW13014	326.750 	 90.917 	 245.899
FHW13014	326.875 	 90.917 	 245.900
FHW13014	327.000 	 90.459 	 246.081
FHW13014	327.125 	 90.917 	 245.896
FHW13014	327.250 	 90.455 	 245.902
FHW13014	327.375 	 90.927 	 246.316
FHW13014	327.500 	 90.917 	 245.896
FHW13014	327.625 	 90.455 	 245.900
FHW13014	327.750 	 90.910 	 246.081
FHW13014	327.875 	 90.462 	 245.899
FHW13014	328.000 	 90.917 	 245.900
FHW13014	328.125 	 90.917 	 245.896
FHW13014	328.250 	 90.455 	 245.896
FHW13014	328.375 	 90.927 	 246.320
FHW13014	328.500 	 90.455 	 245.896
FHW13014	328.625 	 90.910 	 246.084
FHW13014	328.750 	 90.917 	 245.900
FHW13014	328.875 	 90.462 	 245.896
FHW13014	329.000 	 90.917 	 245.896
FHW13014	329.125 	 90.455 	 245.900
FHW13014	329.250 	 90.917 	 245.896
FHW13014	329.375 	 90.913 	 246.501
FHW13014	329.500 	 90.462 	 245.900
FHW13014	329.625 	 90.917 	 245.896
FHW13014	329.750 	 90.462 	 245.896
FHW13014	329.875 	 90.917 	 245.900
FHW13014	330.000 	 90.917 	 245.896
FHW13014	330.125 	 90.452 	 246.084
FHW13014	330.250 	 90.917 	 245.900
FHW13014	330.375 	 90.464 	 246.316
FHW13014	330.500 	 90.917 	 245.896
FHW13014	330.625 	 90.917 	 245.900
FHW13014	330.750 	 90.462 	 245.899
FHW13014	330.875 	 90.910 	 246.081
FHW13014	331.000 	 90.455 	 245.900
FHW13014	331.125 	 90.917 	 245.896
FHW13014	331.250 	 90.917 	 245.899
FHW13014	331.375 	 90.464 	 246.320
FHW13014	331.500 	 90.917 	 245.896
FHW13014	331.625 	 90.452 	 245.065
FHW13014	331.750 	 90.464 	 245.290
FHW13014	331.875 	 90.460 	 245.482
FHW13014	332.000 	 90.455 	 244.870
FHW13014	332.125 	 90.000 	 245.479
FHW13014	332.250 	 90.462 	 244.873
FHW13014	332.375 	 90.454 	 245.482
FHW13014	332.500 	 90.464 	 245.287
FHW13014	332.625 	 90.452 	 245.068
FHW13014	332.750 	 90.464 	 245.287
FHW13014	332.875 	 90.452 	 245.068
FHW13014	333.000 	 90.464 	 245.290
FHW13014	333.125 	 90.454 	 245.479
FHW13014	333.250 	 90.462 	 244.870
FHW13014	333.375 	 90.000 	 245.485
FHW13014	333.500 	 90.457 	 245.287
FHW13014	333.625 	 90.459 	 245.065
FHW13014	333.750 	 90.464 	 245.290
FHW13014	333.875 	 90.452 	 245.065
FHW13014	334.000 	 90.464 	 245.290
FHW13014	334.125 	 90.453 	 245.482
FHW13014	334.250 	 90.462 	 244.870
FHW13014	334.375 	 90.454 	 245.479
FHW13014	334.500 	 90.464 	 245.293
FHW13014	334.625 	 90.452 	 245.065
FHW13014	334.750 	 90.000 	 245.287
FHW13014	334.875 	 90.459 	 245.068
FHW13014	335.000 	 90.457 	 245.290
FHW13014	335.125 	 90.461 	 245.479
FHW13014	335.250 	 90.455 	 244.873
FHW13014	335.375 	 90.461 	 245.479
FHW13014	335.500 	 90.455 	 244.873
FHW13014	335.625 	 90.461 	 245.482
FHW13014	335.750 	 90.464 	 245.287
FHW13014	335.875 	 90.452 	 245.065
FHW13014	336.000 	 90.464 	 245.290
FHW13014	336.125 	 90.000 	 245.482
FHW13014	336.250 	 90.455 	 244.873
FHW13014	336.375 	 90.461 	 245.479
FHW13014	336.500 	 90.455 	 244.870
FHW13014	336.625 	 90.464 	 245.290
FHW13014	336.750 	 90.454 	 245.482
FHW13014	336.875 	 90.462 	 244.870
FHW13014	337.000 	 90.453 	 245.482
FHW13014	337.125 	 90.464 	 245.287
FHW13014	337.250 	 90.452 	 245.068
FHW13014	337.375 	 90.464 	 245.290
FHW13014	337.500 	 90.000 	 245.065
FHW13014	337.625 	 90.464 	 245.287
FHW13014	337.750 	 90.453 	 245.485
FHW13014	337.875 	 90.462 	 244.870
FHW13014	338.000 	 90.454 	 245.479
FHW13014	338.125 	 90.464 	 245.290
FHW13014	338.250 	 90.452 	 245.065
FHW13014	338.375 	 90.464 	 245.290
FHW13014	338.500 	 90.452 	 245.068
FHW13014	338.625 	 90.464 	 245.287
FHW13014	338.750 	 90.000 	 245.479
FHW13014	338.875 	 90.455 	 244.876
FHW13014	339.000 	 90.461 	 245.479
FHW13014	339.125 	 90.455 	 244.870
FHW13014	339.250 	 90.460 	 245.482
FHW13014	339.375 	 90.457 	 245.290
FHW13014	339.500 	 90.459 	 245.065
FHW13014	339.625 	 90.464 	 245.290
FHW13014	339.750 	 90.454 	 245.479
FHW13014	339.875 	 90.462 	 244.870
FHW13014	340.000 	 90.453 	 245.485
FHW13014	340.125 	 90.000 	 244.870
FHW13014	340.250 	 90.461 	 245.479
FHW13014	340.375 	 90.457 	 245.290
FHW13014	340.500 	 90.914 	 245.482
FHW13014	340.625 	 90.461 	 245.479
FHW13014	340.750 	 90.457 	 245.290
FHW13014	340.875 	 90.914 	 245.479
FHW13014	341.000 	 90.461 	 245.482
FHW13014	341.125 	 90.464 	 245.287
FHW13014	341.250 	 90.452 	 245.065
FHW13014	341.375 	 90.921 	 245.290
FHW13014	341.500 	 90.461 	 245.482
FHW13014	341.625 	 90.454 	 245.479
FHW13014	341.750 	 90.464 	 245.290
FHW13014	341.875 	 90.914 	 245.479
FHW13014	342.000 	 90.454 	 245.482
FHW13014	342.125 	 90.464 	 245.290
FHW13014	342.250 	 90.914 	 245.479
FHW13014	342.375 	 90.461 	 245.479
FHW13014	342.500 	 90.457 	 245.290
FHW13014	342.625 	 90.461 	 245.479
FHW13014	342.750 	 90.914 	 245.482
FHW13014	342.875 	 90.457 	 245.287
FHW13014	343.000 	 90.461 	 245.482
FHW13014	343.125 	 90.457 	 245.290
FHW13014	343.250 	 90.914 	 245.479
FHW13014	343.375 	 90.461 	 245.479
FHW13014	343.500 	 90.457 	 245.293
FHW13014	343.625 	 90.914 	 245.479
FHW13014	343.750 	 90.461 	 245.479
FHW13014	343.875 	 90.464 	 245.287
FHW13014	344.000 	 90.454 	 245.482
FHW13014	344.125 	 90.914 	 245.482
FHW13014	344.250 	 90.462 	 244.870
FHW13014	344.375 	 90.454 	 245.479
FHW13014	344.500 	 90.914 	 245.482
FHW13014	344.625 	 90.464 	 245.290
FHW13014	344.750 	 90.454 	 245.479
FHW13014	344.875 	 90.464 	 245.290
FHW13014	345.000 	 90.914 	 245.482
FHW13014	345.125 	 90.461 	 245.479
FHW13014	345.250 	 90.457 	 245.287
FHW13014	345.375 	 90.461 	 245.479
FHW13014	345.500 	 90.914 	 245.485
FHW13014	345.625 	 90.457 	 245.287
FHW13014	345.750 	 90.461 	 245.479
FHW13014	345.875 	 90.914 	 245.479
FHW13014	346.000 	 90.457 	 245.293
FHW13014	346.125 	 90.461 	 245.479
FHW13014	346.250 	 90.454 	 245.479
FHW13014	346.375 	 90.921 	 245.293
FHW13014	346.500 	 90.461 	 245.479
FHW13014	346.625 	 90.464 	 245.287
FHW13014	346.750 	 90.914 	 245.479
FHW13014	346.875 	 90.453 	 245.485
FHW13014	347.000 	 90.464 	 245.287
FHW13014	347.125 	 90.454 	 245.479
FHW13014	347.250 	 90.911 	 245.065
FHW13014	347.375 	 90.464 	 245.290
FHW13014	347.500 	 90.454 	 245.482
FHW13014	347.625 	 90.461 	 245.479
FHW13014	347.750 	 90.921 	 245.290
FHW13014	347.875 	 90.461 	 245.482
FHW13014	348.000 	 90.454 	 245.479
FHW13014	348.125 	 90.921 	 245.287
FHW13014	348.250 	 90.460 	 245.482
FHW13014	348.375 	 90.454 	 245.482
FHW13014	348.500 	 90.464 	 245.287
FHW13014	348.625 	 90.914 	 245.479
FHW13014	348.750 	 90.457 	 245.290
FHW13014	348.875 	 90.461 	 245.482
FHW13014	349.000 	 90.454 	 245.479
FHW13014	349.125 	 90.921 	 245.290
FHW13014	349.250 	 90.461 	 245.479
FHW13014	349.375 	 90.462 	 244.873
FHW13014	349.500 	 90.914 	 245.479
FHW13014	349.625 	 90.455 	 244.873
FHW13014	349.750 	 90.461 	 245.479
FHW13014	349.875 	 90.455 	 244.873
FHW13014	350.000 	 90.461 	 245.482
FHW13014	350.125 	 90.918 	 244.870
FHW13014	350.250 	 90.453 	 245.482
FHW13014	350.375 	 90.464 	 245.287
FHW13014	350.500 	 90.455 	 244.876
FHW13014	350.625 	 90.921 	 245.479
FHW13014	350.750 	 90.455 	 244.870
FHW13014	350.875 	 90.461 	 245.479
FHW13014	351.000 	 90.455 	 244.873
FHW13014	351.125 	 90.914 	 245.482
FHW13014	351.250 	 90.462 	 244.873
FHW13014	351.375 	 90.454 	 245.479
FHW13014	351.500 	 90.462 	 244.870
FHW13014	351.625 	 90.457 	 245.293
FHW13014	351.750 	 90.911 	 245.065
FHW13014	351.875 	 90.464 	 245.290
FHW13014	352.000 	 90.452 	 245.065
FHW13014	352.125 	 90.464 	 245.287
FHW13014	352.250 	 90.911 	 245.068
FHW13014	352.375 	 90.464 	 245.290
FHW13014	352.500 	 90.452 	 245.065
FHW13014	352.625 	 90.464 	 245.290
FHW13014	352.750 	 90.918 	 244.870
FHW13014	352.875 	 90.454 	 245.482
FHW13014	353.000 	 90.462 	 244.873
FHW13014	353.125 	 90.454 	 245.479
FHW13014	353.250 	 90.464 	 245.290
FHW13014	353.375 	 90.911 	 245.068
FHW13014	353.500 	 90.464 	 245.287
FHW13014	353.625 	 90.452 	 245.065
FHW13014	353.750 	 90.464 	 245.290
FHW13014	353.875 	 90.918 	 244.873
FHW13014	354.000 	 90.453 	 245.482
FHW13014	354.125 	 90.462 	 244.870
FHW13014	354.250 	 90.454 	 245.479
FHW13014	354.375 	 90.917 	 244.873
FHW13014	354.500 	 90.461 	 245.482
FHW13014	354.625 	 90.455 	 244.870
FHW13014	354.750 	 90.460 	 245.482
FHW13014	354.875 	 90.462 	 244.870
FHW13014	355.000 	 90.921 	 245.293
FHW13014	355.125 	 90.452 	 245.065
FHW13014	355.250 	 90.464 	 245.287
FHW13014	355.375 	 90.452 	 245.065
FHW13014	355.500 	 90.921 	 245.290
FHW13014	355.625 	 90.459 	 245.068
FHW13014	355.750 	 90.457 	 245.290
FHW13014	355.875 	 90.459 	 245.065
FHW13014	356.000 	 90.921 	 245.287
FHW13014	356.125 	 90.457 	 245.293
FHW13014	356.250 	 90.459 	 245.065
FHW13014	356.375 	 90.464 	 245.290
FHW13014	356.500 	 90.911 	 245.065
FHW13014	356.625 	 90.457 	 245.287
FHW13014	356.750 	 90.459 	 245.068
FHW13014	356.875 	 90.457 	 245.290
FHW13014	357.000 	 90.459 	 245.065
FHW13014	357.125 	 90.921 	 245.290
FHW13014	357.250 	 90.455 	 244.870
FHW13014	357.375 	 90.461 	 245.482
FHW13014	357.500 	 90.455 	 244.873
FHW13014	357.625 	 90.921 	 245.479
FHW13014	357.750 	 90.455 	 244.873
FHW13014	357.875 	 90.461 	 245.482
FHW13014	358.000 	 90.455 	 244.870
FHW13014	358.125 	 90.914 	 245.479
FHW13014	358.250 	 90.000 	 244.873
FHW13014	358.375 	 90.000 	 244.870
FHW13014	358.500 	 90.000 	 244.876
FHW13014	358.625 	 90.000 	 244.873
FHW13014	358.750 	 90.000 	 245.065
FHW13014	358.875 	 89.545 	 244.870
FHW13014	359.000 	 90.000 	 244.873
FHW13014	359.125 	 90.000 	 244.873
FHW13014	359.250 	 90.000 	 244.873
FHW13014	359.375 	 90.000 	 244.459
FHW13014	359.500 	 90.000 	 245.065
FHW13014	359.625 	 90.000 	 244.870
FHW13014	359.750 	 90.000 	 244.873
FHW13014	359.875 	 90.000 	 244.873
FHW13014	360.000 	 90.000 	 244.873
FHW13014	360.125 	 89.538 	 244.870
FHW13014	360.250 	 90.000 	 245.068
FHW13014	360.375 	 90.000 	 244.870
FHW13014	360.500 	 90.000 	 244.873
FHW13014	360.625 	 90.000 	 244.873
FHW13014	360.750 	 90.000 	 244.873
FHW13014	360.875 	 90.000 	 245.065
FHW13014	361.000 	 90.000 	 244.873
FHW13014	361.125 	 90.000 	 244.870
FHW13014	361.250 	 89.545 	 244.876
FHW13014	361.375 	 90.000 	 244.456
FHW13014	361.500 	 90.000 	 244.873
FHW13014	361.625 	 90.000 	 245.065
FHW13014	361.750 	 90.000 	 244.870
FHW13014	361.875 	 90.000 	 244.873
FHW13014	362.000 	 90.000 	 244.876
FHW13014	362.125 	 90.000 	 244.870
FHW13014	362.250 	 90.000 	 244.873
FHW13014	362.375 	 89.541 	 245.065
FHW13014	362.500 	 90.000 	 244.870
FHW13014	362.625 	 90.000 	 244.876
FHW13014	362.750 	 90.000 	 244.873
FHW13014	362.875 	 90.000 	 244.870
FHW13014	363.000 	 90.000 	 245.065
FHW13014	363.125 	 90.000 	 244.873
FHW13014	363.250 	 90.000 	 244.870
FHW13014	363.375 	 90.000 	 244.462
FHW13014	363.500 	 89.545 	 244.870
FHW13014	363.625 	 90.000 	 244.873
FHW13014	363.750 	 90.000 	 245.065
FHW13014	363.875 	 90.000 	 244.873
FHW13014	364.000 	 90.000 	 244.870
FHW13014	364.125 	 90.000 	 244.876
FHW13014	364.250 	 90.000 	 244.870
FHW13014	364.375 	 90.000 	 244.873
FHW13014	364.500 	 90.000 	 245.065
FHW13014	364.625 	 89.538 	 244.873
FHW13014	364.750 	 90.000 	 244.873
FHW13014	364.875 	 90.000 	 244.873
FHW13014	365.000 	 90.000 	 244.870
FHW13014	365.125 	 90.000 	 245.065
FHW13014	365.250 	 90.000 	 244.459
FHW13014	365.375 	 90.000 	 244.873
FHW13014	365.500 	 90.000 	 244.873
FHW13014	365.625 	 90.000 	 244.873
FHW13014	365.750 	 89.538 	 244.870
FHW13014	365.875 	 90.000 	 245.065
FHW13014	366.000 	 90.000 	 244.873
FHW13014	366.125 	 90.000 	 244.876
FHW13014	366.250 	 90.000 	 244.870
FHW13014	366.375 	 90.000 	 244.873
FHW13014	366.500 	 90.000 	 244.870
FHW13014	366.625 	 90.000 	 245.065
FHW13014	366.750 	 90.000 	 244.873
FHW13014	366.875 	 90.000 	 244.873
FHW13014	367.000 	 89.545 	 244.873
FHW13014	367.125 	 89.538 	 244.873
FHW13014	367.250 	 89.550 	 244.653
FHW13014	367.375 	 89.538 	 244.870
FHW13014	367.500 	 89.545 	 244.873
FHW13014	367.625 	 89.538 	 244.873
FHW13014	367.750 	 89.545 	 244.873
FHW13014	367.875 	 89.538 	 244.873
FHW13014	368.000 	 89.548 	 245.065
FHW13014	368.125 	 89.538 	 244.870
FHW13014	368.250 	 89.082 	 244.876
FHW13014	368.375 	 89.538 	 244.870
FHW13014	368.500 	 89.545 	 244.873
FHW13014	368.625 	 89.538 	 244.873
FHW13014	368.750 	 89.548 	 245.065
FHW13014	368.875 	 89.538 	 244.873
FHW13014	369.000 	 89.545 	 244.873
FHW13014	369.125 	 89.538 	 244.870
FHW13014	369.250 	 89.545 	 244.873
FHW13014	369.375 	 89.541 	 245.065
FHW13014	369.500 	 89.545 	 244.873
FHW13014	369.625 	 89.539 	 244.459
FHW13014	369.750 	 89.545 	 244.873
FHW13014	369.875 	 89.538 	 244.870
FHW13014	370.000 	 89.545 	 244.873
FHW13014	370.125 	 89.541 	 245.065
FHW13014	370.250 	 89.538 	 244.873
FHW13014	370.375 	 89.545 	 244.873
FHW13014	370.500 	 89.538 	 244.873
FHW13014	370.625 	 89.545 	 244.870
FHW13014	370.750 	 89.541 	 245.065
FHW13014	370.875 	 89.545 	 244.873
FHW13014	371.000 	 89.082 	 244.873
FHW13014	371.125 	 89.538 	 244.873
FHW13014	371.250 	 89.545 	 244.873
FHW13014	371.375 	 89.538 	 244.870
FHW13014	371.500 	 89.548 	 245.065
FHW13014	371.625 	 89.538 	 244.873
FHW13014	371.750 	 89.538 	 244.873
FHW13014	371.875 	 89.545 	 244.873
FHW13014	372.000 	 89.539 	 244.459
FHW13014	372.125 	 89.545 	 244.870
FHW13014	372.250 	 89.541 	 245.065
FHW13014	372.375 	 89.545 	 244.876
FHW13014	372.500 	 89.538 	 244.870
FHW13014	372.625 	 89.545 	 244.873
FHW13014	372.750 	 89.538 	 244.870
FHW13014	372.875 	 89.548 	 245.068
FHW13014	373.000 	 89.538 	 244.870
FHW13014	373.125 	 89.545 	 244.876
FHW13014	373.250 	 89.538 	 244.870
FHW13014	373.375 	 89.538 	 244.873
FHW13014	373.500 	 89.545 	 244.870
FHW13014	373.625 	 89.089 	 245.068
FHW13014	373.750 	 89.538 	 244.873
FHW13014	373.875 	 89.545 	 244.873
FHW13014	374.000 	 89.538 	 244.870
FHW13014	374.125 	 89.545 	 244.873
FHW13014	374.250 	 89.538 	 244.870
FHW13014	374.375 	 89.550 	 244.653
FHW13014	374.500 	 89.538 	 244.876
FHW13014	374.625 	 89.545 	 244.873
FHW13014	374.750 	 89.538 	 244.870
FHW13014	374.875 	 89.545 	 244.873
FHW13014	375.000 	 89.541 	 245.065
FHW13014	375.125 	 89.538 	 244.873
FHW13014	375.250 	 89.545 	 244.873
FHW13014	375.375 	 89.538 	 244.873
FHW13014	375.500 	 89.545 	 244.870
FHW13014	375.625 	 89.538 	 244.873
FHW13014	375.750 	 89.548 	 245.065
FHW13014	375.875 	 89.538 	 244.873
FHW13014	376.000 	 89.545 	 244.873
FHW13014	376.125 	 90.000 	 245.479
FHW13014	376.250 	 89.538 	 244.873
FHW13014	376.375 	 89.545 	 244.870
FHW13014	376.500 	 90.000 	 245.482
FHW13014	376.625 	 89.538 	 244.873
FHW13014	376.750 	 90.000 	 244.870
FHW13014	376.875 	 89.548 	 245.068
FHW13014	377.000 	 90.000 	 245.287
FHW13014	377.125 	 89.538 	 244.876
FHW13014	377.250 	 90.000 	 245.065
FHW13014	377.375 	 89.536 	 245.287
FHW13014	377.500 	 89.545 	 244.873
FHW13014	377.625 	 90.000 	 245.065
FHW13014	377.750 	 89.536 	 245.293
FHW13014	377.875 	 90.000 	 244.870
FHW13014	378.000 	 89.548 	 245.065
FHW13014	378.125 	 90.000 	 245.290
FHW13014	378.250 	 89.541 	 245.068
FHW13014	378.375 	 89.545 	 244.870
FHW13014	378.500 	 90.000 	 244.873
FHW13014	378.625 	 89.539 	 245.479
FHW13014	378.750 	 90.000 	 244.873
FHW13014	378.875 	 89.545 	 244.873
FHW13014	379.000 	 90.000 	 245.479
FHW13014	379.125 	 89.538 	 244.873
FHW13014	379.250 	 89.545 	 244.873
FHW13014	379.375 	 90.000 	 245.479
FHW13014	379.500 	 89.538 	 244.873
FHW13014	379.625 	 90.000 	 244.873
FHW13014	379.750 	 89.546 	 245.479
FHW13014	379.875 	 90.000 	 244.870
FHW13014	380.000 	 89.538 	 244.873
FHW13014	380.125 	 89.546 	 245.482
FHW13014	380.250 	 90.000 	 244.873
FHW13014	380.375 	 89.541 	 245.065
FHW13014	380.500 	 90.000 	 244.870
FHW13014	380.625 	 89.536 	 245.290
FHW13014	380.750 	 90.000 	 245.068
FHW13014	380.875 	 89.545 	 244.873
FHW13014	381.000 	 89.536 	 245.287
FHW13014	381.125 	 90.000 	 245.065
FHW13014	381.250 	 89.545 	 244.873
FHW13014	381.375 	 90.000 	 245.290
FHW13014	381.500 	 89.541 	 245.065
FHW13014	381.625 	 90.000 	 244.873
FHW13014	381.750 	 89.543 	 245.290
FHW13014	381.875 	 90.000 	 245.068
FHW13014	382.000 	 89.538 	 244.870
FHW13014	382.125 	 89.543 	 245.290
FHW13014	382.250 	 90.000 	 245.065
FHW13014	382.375 	 89.538 	 244.873
FHW13014	382.500 	 90.000 	 244.873
FHW13014	382.625 	 89.546 	 245.479
FHW13014	382.750 	 90.000 	 244.873
FHW13014	382.875 	 89.541 	 245.065
FHW13014	383.000 	 89.543 	 245.287
FHW13014	383.125 	 90.000 	 244.876
FHW13014	383.250 	 89.541 	 245.065
FHW13014	383.375 	 90.000 	 245.290
FHW13014	383.500 	 89.538 	 244.870
FHW13014	383.625 	 90.000 	 245.065
FHW13014	383.750 	 89.543 	 245.293
FHW13014	383.875 	 89.538 	 244.873
FHW13014	384.000 	 90.000 	 245.065
FHW13014	384.125 	 89.543 	 245.287
FHW13014	384.250 	 90.000 	 244.873
FHW13014	384.375 	 89.541 	 245.068
FHW13014	384.500 	 90.000 	 244.870
FHW13014	384.625 	 90.000 	 245.482
FHW13014	384.750 	 90.464 	 245.287
FHW13014	384.875 	 90.000 	 245.068
FHW13014	385.000 	 90.457 	 245.290
FHW13014	385.125 	 90.000 	 245.065
FHW13014	385.250 	 90.464 	 245.287
FHW13014	385.375 	 90.000 	 245.482
FHW13014	385.500 	 90.455 	 244.873
FHW13014	385.625 	 90.000 	 245.290
FHW13014	385.750 	 90.459 	 245.065
FHW13014	385.875 	 90.000 	 245.287
FHW13014	386.000 	 90.461 	 245.482
FHW13014	386.125 	 90.000 	 244.873
FHW13014	386.250 	 90.454 	 245.479
FHW13014	386.375 	 90.462 	 244.873
FHW13014	386.500 	 90.000 	 245.479
FHW13014	386.625 	 90.457 	 245.290
FHW13014	386.750 	 90.000 	 245.065
FHW13014	386.875 	 90.464 	 245.290
FHW13014	387.000 	 90.000 	 245.065
FHW13014	387.125 	 90.457 	 245.293
FHW13014	387.250 	 90.000 	 245.479
FHW13014	387.375 	 90.462 	 244.870
FHW13014	387.500 	 90.000 	 245.479
FHW13014	387.625 	 90.455 	 244.873
FHW13014	387.750 	 90.000 	 245.482
FHW13014	387.875 	 90.464 	 245.290
FHW13014	388.000 	 90.000 	 245.065
FHW13014	388.125 	 90.457 	 245.287
FHW13014	388.250 	 90.459 	 245.068
FHW13014	388.375 	 90.000 	 245.290
FHW13014	388.500 	 90.454 	 245.479
FHW13014	388.625 	 90.000 	 244.873
FHW13014	388.750 	 90.461 	 245.482
FHW13014	388.875 	 90.000 	 244.870
FHW13014	389.000 	 90.460 	 245.482
FHW13014	389.125 	 90.000 	 245.287
FHW13014	389.250 	 90.452 	 245.065
FHW13014	389.375 	 90.000 	 245.293
FHW13014	389.500 	 90.462 	 244.870
FHW13014	389.625 	 90.000 	 245.479
FHW13014	389.750 	 90.457 	 245.290
FHW13014	389.875 	 90.459 	 245.068
FHW13014	390.000 	 90.000 	 245.290
FHW13014	390.125 	 90.452 	 245.065
FHW13014	390.250 	 90.000 	 245.287
FHW13014	390.375 	 90.461 	 245.482
FHW13014	390.500 	 90.000 	 244.873
FHW13014	390.625 	 90.454 	 245.479
FHW13014	390.750 	 90.000 	 244.873
FHW13014	390.875 	 90.461 	 245.479
FHW13014	391.000 	 90.000 	 245.290
FHW13014	391.125 	 90.452 	 245.065
FHW13014	391.250 	 90.000 	 245.290
FHW13014	391.375 	 90.459 	 245.065
FHW13014	391.500 	 90.000 	 245.293
FHW13014	391.625 	 90.454 	 245.479
FHW13014	391.750 	 90.462 	 244.870
FHW13014	391.875 	 90.000 	 245.479
FHW13014	392.000 	 90.455 	 244.873
FHW13014	392.125 	 90.000 	 245.482
FHW13014	392.250 	 90.464 	 245.290
FHW13014	392.375 	 90.000 	 245.065
FHW13014	392.500 	 90.464 	 245.287
FHW13014	392.625 	 90.000 	 245.068
FHW13014	392.750 	 90.457 	 245.290
FHW13014	392.875 	 90.000 	 245.479
FHW13014	393.000 	 90.462 	 244.873
FHW13014	393.125 	 90.000 	 245.482
FHW13014	393.250 	 90.455 	 244.870
FHW13014	393.375 	 90.000 	 245.290
FHW13014	393.500 	 90.461 	 245.479
FHW13014	393.625 	 90.917 	 244.873
FHW13014	393.750 	 90.914 	 245.482
FHW13014	393.875 	 90.914 	 245.479
FHW13014	394.000 	 90.455 	 244.870
FHW13014	394.125 	 90.921 	 245.482
FHW13014	394.250 	 90.921 	 245.290
FHW13014	394.375 	 90.914 	 245.479
FHW13014	394.500 	 90.917 	 244.873
FHW13014	394.625 	 90.914 	 245.479
FHW13014	394.750 	 90.921 	 245.290
FHW13014	394.875 	 90.914 	 245.482
FHW13014	395.000 	 90.455 	 244.870
FHW13014	395.125 	 90.921 	 245.479
FHW13014	395.250 	 90.921 	 245.293
FHW13014	395.375 	 90.911 	 245.065
FHW13014	395.500 	 90.921 	 245.287
FHW13014	395.625 	 90.914 	 245.482
FHW13014	395.750 	 90.921 	 245.287
FHW13014	395.875 	 90.911 	 245.068
FHW13014	396.000 	 90.461 	 245.479
FHW13014	396.125 	 90.921 	 245.290
FHW13014	396.250 	 90.911 	 245.065
FHW13014	396.375 	 90.921 	 245.293
FHW13014	396.500 	 90.914 	 245.479
FHW13014	396.625 	 90.921 	 245.287
FHW13014	396.750 	 90.911 	 245.065
FHW13014	396.875 	 90.921 	 245.293
FHW13014	397.000 	 90.461 	 245.479
FHW13014	397.125 	 90.921 	 245.290
FHW13014	397.250 	 90.911 	 245.065
FHW13014	397.375 	 90.921 	 245.290
FHW13014	397.500 	 90.914 	 245.479
FHW13014	397.625 	 90.917 	 244.873
FHW13014	397.750 	 90.914 	 245.479
FHW13014	397.875 	 90.921 	 245.290
FHW13014	398.000 	 90.461 	 245.482
FHW13014	398.125 	 90.918 	 244.870
FHW13014	398.250 	 90.914 	 245.479
FHW13014	398.375 	 90.914 	 245.479
FHW13014	398.500 	 90.918 	 244.876
FHW13014	398.625 	 90.914 	 245.479
FHW13014	398.750 	 90.921 	 245.290
FHW13014	398.875 	 90.914 	 245.479
FHW13014	399.000 	 90.462 	 244.873
FHW13014	399.125 	 90.914 	 245.479
FHW13014	399.250 	 90.921 	 245.290
FHW13014	399.375 	 90.914 	 245.479
FHW13014	399.500 	 90.918 	 244.876
FHW13014	399.625 	 90.914 	 245.479
FHW13014	399.750 	 90.921 	 245.287
FHW13014	399.875 	 90.911 	 245.068
FHW13014	400.000 	 90.464 	 245.287
FHW13014	400.125 	 90.914 	 245.482
FHW13014	400.250 	 90.921 	 245.290
FHW13014	400.375 	 90.911 	 245.065
FHW13014	400.500 	 90.921 	 245.287
FHW13014	400.625 	 90.914 	 245.485
FHW13014	400.750 	 90.911 	 245.065
FHW13014	400.875 	 90.921 	 245.287
FHW13014	401.000 	 90.461 	 245.479
FHW13014	401.125 	 90.921 	 245.293
FHW13014	401.250 	 90.911 	 245.065
FHW13014	401.375 	 90.921 	 245.290
FHW13014	401.500 	 90.914 	 245.479
FHW13014	401.625 	 90.921 	 245.290
FHW13014	401.750 	 90.911 	 245.065
FHW13014	401.875 	 90.921 	 245.290
FHW13014	402.000 	 90.461 	 245.479
FHW13014	402.125 	 90.917 	 244.873
FHW13014	402.250 	 90.914 	 245.482
FHW13014	402.375 	 90.921 	 245.287
FHW13014	402.500 	 90.914 	 245.479
FHW13014	402.625 	 90.914 	 245.479
FHW13014	402.750 	 90.921 	 245.293
FHW13014	402.875 	 91.374 	 245.479
FHW13014	403.000 	 90.914 	 245.479
FHW13014	403.125 	 90.914 	 245.482
FHW13014	403.250 	 90.924 	 245.709
FHW13014	403.375 	 90.914 	 245.479
FHW13014	403.500 	 90.914 	 245.479
FHW13014	403.625 	 91.384 	 245.293
FHW13014	403.750 	 90.914 	 245.479
FHW13014	403.875 	 90.914 	 245.479
FHW13014	404.000 	 90.914 	 245.479
FHW13014	404.125 	 90.921 	 245.293
FHW13014	404.250 	 90.917 	 245.896
FHW13014	404.375 	 91.374 	 245.479
FHW13014	404.500 	 90.921 	 245.287
FHW13014	404.625 	 90.914 	 245.482
FHW13014	404.750 	 90.914 	 245.482
FHW13014	404.875 	 90.921 	 245.287
FHW13014	405.000 	 90.914 	 245.479
FHW13014	405.125 	 91.379 	 245.900
FHW13014	405.250 	 90.914 	 245.479
FHW13014	405.375 	 90.921 	 245.290
FHW13014	405.500 	 90.914 	 245.482
FHW13014	405.625 	 90.914 	 245.479
FHW13014	405.750 	 91.384 	 245.290
FHW13014	405.875 	 90.914 	 245.479
FHW13014	406.000 	 90.914 	 245.482
FHW13014	406.125 	 90.917 	 245.896
FHW13014	406.250 	 90.921 	 245.290
FHW13014	406.375 	 90.914 	 245.479
FHW13014	406.500 	 91.374 	 245.482
FHW13014	406.625 	 90.921 	 245.287
FHW13014	406.750 	 90.914 	 245.482
FHW13014	406.875 	 90.914 	 245.479
FHW13014	407.000 	 90.914 	 245.482
FHW13014	407.125 	 90.924 	 245.706
FHW13014	407.250 	 91.374 	 245.479
FHW13014	407.375 	 90.914 	 245.482
FHW13014	407.500 	 90.921 	 245.290
FHW13014	407.625 	 90.914 	 245.479
FHW13014	407.750 	 90.914 	 245.479
FHW13014	407.875 	 90.914 	 245.482
FHW13014	408.000 	 91.389 	 245.709
FHW13014	408.125 	 90.914 	 245.479
FHW13014	408.250 	 90.914 	 245.479
FHW13014	408.375 	 90.921 	 245.293
FHW13014	408.500 	 90.914 	 245.479
FHW13014	408.625 	 90.914 	 245.479
FHW13014	408.750 	 91.377 	 245.287
FHW13014	408.875 	 90.921 	 245.485
FHW13014	409.000 	 90.917 	 245.896
FHW13014	409.125 	 90.914 	 245.479
FHW13014	409.250 	 90.921 	 245.290
FHW13014	409.375 	 90.914 	 245.479
FHW13014	409.500 	 91.367 	 245.482
FHW13014	409.625 	 90.928 	 245.287
FHW13014	409.750 	 90.914 	 245.482
FHW13014	409.875 	 90.917 	 245.896
FHW13014	410.000 	 90.914 	 245.479
FHW13014	410.125 	 90.921 	 245.290
FHW13014	410.250 	 91.367 	 245.482
FHW13014	410.375 	 90.914 	 245.479
FHW13014	410.500 	 90.928 	 245.290
FHW13014	410.625 	 90.914 	 245.479
FHW13014	410.750 	 90.914 	 245.482
FHW13014	410.875 	 91.372 	 245.896
FHW13014	411.000 	 90.921 	 245.290
FHW13014	411.125 	 90.914 	 245.482
FHW13014	411.250 	 90.921 	 245.479
FHW13014	411.375 	 90.457 	 245.287
FHW13014	411.500 	 90.462 	 245.899
FHW13014	411.625 	 90.454 	 245.482
FHW13014	411.750 	 90.000 	 245.479
FHW13014	411.875 	 90.461 	 245.479
FHW13014	412.000 	 90.000 	 245.706
FHW13014	412.125 	 90.453 	 245.485
FHW13014	412.250 	 90.000 	 245.479
FHW13014	412.375 	 90.462 	 245.896
FHW13014	412.500 	 90.454 	 245.480
FHW13014	412.625 	 90.000 	 245.482
FHW13014	412.750 	 90.465 	 245.709
FHW13014	412.875 	 90.000 	 245.476
FHW13014	413.000 	 90.453 	 245.485
FHW13014	413.125 	 90.000 	 245.894
FHW13014	413.250 	 90.460 	 245.482
FHW13014	413.375 	 90.457 	 245.293
FHW13014	413.500 	 90.000 	 245.894
FHW13014	413.625 	 90.460 	 245.482
FHW13014	413.750 	 90.000 	 245.476
FHW13014	413.875 	 90.462 	 245.902
FHW13014	414.000 	 90.000 	 245.482
FHW13014	414.125 	 90.457 	 245.284
FHW13014	414.250 	 90.462 	 245.902
FHW13014	414.375 	 90.000 	 245.476
FHW13014	414.500 	 90.453 	 245.482
FHW13014	414.625 	 90.000 	 245.899
FHW13014	414.750 	 90.464 	 245.287
FHW13014	414.875 	 90.000 	 245.482
FHW13014	415.000 	 90.455 	 245.894
FHW13014	415.125 	 90.460 	 245.482
FHW13014	415.250 	 90.000 	 245.485
FHW13014	415.375 	 90.458 	 245.703
FHW13014	415.500 	 90.000 	 245.482
FHW13014	415.625 	 90.461 	 245.480
FHW13014	415.750 	 90.000 	 245.899
FHW13014	415.875 	 90.454 	 245.476
FHW13014	416.000 	 90.000 	 245.482
FHW13014	416.125 	 90.464 	 245.293
FHW13014	416.250 	 90.455 	 245.894
FHW13014	416.375 	 90.000 	 245.482
FHW13014	416.500 	 90.461 	 245.476
FHW13014	416.625 	 90.000 	 245.902
FHW13014	416.750 	 90.457 	 245.290
FHW13014	416.875 	 90.000 	 245.476
FHW13014	417.000 	 90.462 	 245.902
FHW13014	417.125 	 90.461 	 245.476
FHW13014	417.250 	 90.000 	 245.482
FHW13014	417.375 	 90.458 	 245.709
FHW13014	417.500 	 90.000 	 245.480
FHW13014	417.625 	 90.460 	 245.482
FHW13014	417.750 	 90.000 	 245.894
FHW13014	417.875 	 90.453 	 245.485
FHW13014	418.000 	 90.460 	 245.482
FHW13014	418.125 	 90.000 	 245.703
FHW13014	418.250 	 90.453 	 245.482
FHW13014	418.375 	 90.000 	 245.480
FHW13014	418.500 	 90.462 	 245.899
FHW13014	418.625 	 90.000 	 245.482
FHW13014	418.750 	 90.457 	 245.287
FHW13014	418.875 	 90.462 	 245.899
FHW13014	419.000 	 90.000 	 245.476
FHW13014	419.125 	 90.453 	 245.482
FHW13014	419.250 	 90.000 	 245.902
FHW13014	419.375 	 90.461 	 245.476
FHW13014	419.500 	 90.000 	 245.290
FHW13014	419.625 	 90.455 	 245.897
FHW13014	419.750 	 90.000 	 245.482
FHW13014	419.875 	 90.460 	 245.482
FHW13014	420.000 	 90.462 	 245.894
FHW13014	420.125 	 90.000 	 245.293
FHW13014	420.250 	 90.454 	 245.476
FHW13014	420.375 	 89.086 	 245.482
FHW13014	420.500 	 89.086 	 245.482
FHW13014	420.625 	 89.079 	 245.287
FHW13014	420.750 	 89.086 	 245.482
FHW13014	420.875 	 89.086 	 245.476
FHW13014	421.000 	 89.079 	 245.290
FHW13014	421.125 	 89.086 	 245.485
FHW13014	421.250 	 89.079 	 245.476
FHW13014	421.375 	 89.079 	 245.290
FHW13014	421.500 	 89.086 	 245.482
FHW13014	421.625 	 89.086 	 245.480
FHW13014	421.750 	 89.079 	 245.290
FHW13014	421.875 	 89.086 	 245.482
FHW13014	422.000 	 89.079 	 245.284
FHW13014	422.125 	 89.086 	 245.485
FHW13014	422.250 	 89.083 	 245.894
FHW13014	422.375 	 89.079 	 245.290
FHW13014	422.500 	 89.086 	 245.485
FHW13014	422.625 	 89.086 	 245.476
FHW13014	422.750 	 89.079 	 245.290
FHW13014	422.875 	 89.086 	 245.482
FHW13014	423.000 	 89.079 	 245.480
FHW13014	423.125 	 89.079 	 245.290
FHW13014	423.250 	 89.086 	 245.482
FHW13014	423.375 	 89.086 	 245.476
FHW13014	423.500 	 89.079 	 245.293
FHW13014	423.625 	 89.086 	 245.476
FHW13014	423.750 	 89.086 	 245.482
FHW13014	423.875 	 89.079 	 245.290
FHW13014	424.000 	 89.086 	 245.480
FHW13014	424.125 	 89.086 	 245.482
FHW13014	424.250 	 89.079 	 245.290
FHW13014	424.375 	 89.086 	 245.476
FHW13014	424.500 	 89.086 	 245.485
FHW13014	424.625 	 89.079 	 245.290
FHW13014	424.750 	 89.079 	 245.476
FHW13014	424.875 	 89.086 	 245.482
FHW13014	425.000 	 89.079 	 245.287
FHW13014	425.125 	 89.086 	 245.482
FHW13014	425.250 	 89.086 	 245.482
FHW13014	425.375 	 89.079 	 245.284
FHW13014	425.500 	 89.086 	 245.485
FHW13014	425.625 	 89.086 	 245.476
FHW13014	425.750 	 89.079 	 245.290
FHW13014	425.875 	 89.086 	 245.482
FHW13014	426.000 	 89.086 	 245.480
FHW13014	426.125 	 89.079 	 245.290
FHW13014	426.250 	 89.086 	 245.482
FHW13014	426.375 	 89.086 	 245.476
FHW13014	426.500 	 89.536 	 245.293
FHW13014	426.625 	 89.086 	 245.482
FHW13014	426.750 	 89.086 	 245.476
FHW13014	426.875 	 89.079 	 245.293
FHW13014	427.000 	 89.086 	 245.476
FHW13014	427.125 	 89.086 	 245.482
FHW13014	427.250 	 89.079 	 245.290
FHW13014	427.375 	 89.079 	 245.480
FHW13014	427.500 	 89.086 	 245.482
FHW13014	427.625 	 89.079 	 245.290
FHW13014	427.750 	 89.086 	 245.476
FHW13014	427.875 	 89.086 	 245.485
FHW13014	428.000 	 89.076 	 245.709
FHW13014	428.125 	 89.086 	 245.476
FHW13014	428.250 	 89.079 	 245.290
FHW13014	428.375 	 89.086 	 245.480
FHW13014	428.500 	 89.086 	 245.482
FHW13014	428.625 	 89.079 	 245.290
FHW13014	428.750 	 89.086 	 245.476
FHW13014	428.875 	 89.086 	 245.485
FHW13014	429.000 	 89.079 	 245.290
FHW13014	429.125 	 89.079 	 245.476
FHW13014	429.250 	 88.633 	 245.482
FHW13014	429.375 	 87.704 	 244.876
FHW13014	429.500 	 87.719 	 245.476
FHW13014	429.625 	 88.152 	 245.290
FHW13014	429.750 	 87.711 	 244.873
FHW13014	429.875 	 87.712 	 245.480
FHW13014	430.000 	 87.704 	 244.873
FHW13014	430.125 	 87.703 	 245.290
FHW13014	430.250 	 87.712 	 245.476
FHW13014	430.375 	 87.704 	 244.873
FHW13014	430.500 	 88.173 	 245.485
FHW13014	430.625 	 87.703 	 244.867
FHW13014	430.750 	 87.703 	 245.290
FHW13014	430.875 	 87.713 	 245.482
FHW13014	431.000 	 87.704 	 244.876
FHW13014	431.125 	 87.719 	 245.476
FHW13014	431.250 	 87.696 	 245.290
FHW13014	431.375 	 87.704 	 244.873
FHW13014	431.500 	 88.172 	 245.480
FHW13014	431.625 	 87.711 	 244.873
FHW13014	431.750 	 87.696 	 245.290
FHW13014	431.875 	 87.712 	 245.476
FHW13014	432.000 	 87.711 	 244.873
FHW13014	432.125 	 87.713 	 245.485
FHW13014	432.250 	 87.696 	 245.284
FHW13014	432.375 	 88.166 	 244.873
FHW13014	432.500 	 87.713 	 245.482
FHW13014	432.625 	 87.711 	 244.876
FHW13014	432.750 	 87.712 	 245.476
FHW13014	432.875 	 87.696 	 245.290
FHW13014	433.000 	 87.711 	 244.873
FHW13014	433.125 	 87.712 	 245.480
FHW13014	433.250 	 88.166 	 244.873
FHW13014	433.375 	 87.713 	 245.482
FHW13014	433.500 	 87.696 	 245.284
FHW13014	433.625 	 87.711 	 244.873
FHW13014	433.750 	 87.713 	 245.485
FHW13014	433.875 	 87.696 	 245.290
FHW13014	434.000 	 87.710 	 244.867
FHW13014	434.125 	 87.713 	 245.482
FHW13014	434.250 	 88.165 	 244.876
FHW13014	434.375 	 87.712 	 245.476
FHW13014	434.500 	 87.703 	 245.290
FHW13014	434.625 	 87.704 	 244.873
FHW13014	434.750 	 87.712 	 245.476
FHW13014	434.875 	 87.696 	 245.293
FHW13014	435.000 	 87.727 	 245.068
FHW13014	435.125 	 88.159 	 245.284
FHW13014	435.250 	 87.704 	 244.873
FHW13014	435.375 	 87.713 	 245.485
FHW13014	435.500 	 87.703 	 245.290
FHW13014	435.625 	 87.720 	 245.062
FHW13014	435.750 	 87.696 	 245.290
FHW13014	435.875 	 87.711 	 244.876
FHW13014	436.000 	 88.165 	 245.476
FHW13014	436.125 	 87.703 	 245.290
FHW13014	436.250 	 87.704 	 244.873
FHW13014	436.375 	 87.712 	 245.476
FHW13014	436.500 	 87.703 	 245.293
FHW13014	436.625 	 87.720 	 245.068
FHW13014	436.750 	 87.696 	 245.284
FHW13014	436.875 	 87.711 	 244.873
FHW13014	437.000 	 88.173 	 245.485
FHW13014	437.125 	 87.696 	 245.290
FHW13014	437.250 	 87.720 	 245.062
FHW13014	437.375 	 87.696 	 245.290
FHW13014	437.500 	 87.703 	 245.293
FHW13014	437.625 	 87.720 	 245.062
FHW13014	437.750 	 87.696 	 245.290
FHW13014	437.875 	 88.166 	 244.873
FHW13014	438.000 	 87.719 	 245.476
FHW13014	438.125 	 87.696 	 245.293
FHW13014	438.250 	 87.720 	 245.068
FHW13014	438.375 	 87.240 	 245.284
FHW13014	438.500 	 86.788 	 244.873
FHW13014	438.625 	 87.249 	 244.873
FHW13014	438.750 	 87.249 	 244.876
FHW13014	438.875 	 86.778 	 245.290
FHW13014	439.000 	 87.269 	 245.062
FHW13014	439.125 	 86.788 	 244.873
FHW13014	439.250 	 87.249 	 244.873
FHW13014	439.375 	 86.777 	 245.293
FHW13014	439.500 	 87.249 	 244.867
FHW13014	439.625 	 87.249 	 244.873
FHW13014	439.750 	 86.788 	 244.873
FHW13014	439.875 	 87.260 	 245.480
FHW13014	440.000 	 86.788 	 244.873
FHW13014	440.125 	 87.249 	 244.873
FHW13014	440.250 	 86.788 	 244.873
FHW13014	440.375 	 87.240 	 245.290
FHW13014	440.500 	 87.249 	 244.870
FHW13014	440.625 	 86.788 	 244.873
FHW13014	440.750 	 87.269 	 245.068
FHW13014	440.875 	 86.777 	 245.284
FHW13014	441.000 	 87.249 	 244.873
FHW13014	441.125 	 86.788 	 244.876
FHW13014	441.250 	 87.249 	 244.873
FHW13014	441.375 	 87.240 	 245.290
FHW13014	441.500 	 86.788 	 244.867
FHW13014	441.625 	 87.269 	 245.068
FHW13014	441.750 	 86.788 	 244.876
FHW13014	441.875 	 87.240 	 245.290
FHW13014	442.000 	 86.788 	 244.867
FHW13014	442.125 	 87.249 	 244.873
FHW13014	442.250 	 87.242 	 244.873
FHW13014	442.375 	 86.784 	 245.293
FHW13014	442.500 	 87.262 	 245.062
FHW13014	442.625 	 86.795 	 244.873
FHW13014	442.750 	 87.242 	 244.873
FHW13014	442.875 	 86.785 	 245.290
FHW13014	443.000 	 87.242 	 244.870
FHW13014	443.125 	 86.795 	 244.873
FHW13014	443.250 	 87.249 	 244.873
FHW13014	443.375 	 87.253 	 245.476
FHW13014	443.500 	 86.795 	 244.873
FHW13014	443.625 	 87.242 	 244.876
FHW13014	443.750 	 86.795 	 244.873
FHW13014	443.875 	 87.233 	 245.290
FHW13014	444.000 	 86.795 	 244.867
FHW13014	444.125 	 87.242 	 244.873
FHW13014	444.250 	 87.269 	 245.071
FHW13014	444.375 	 86.777 	 245.284
FHW13014	444.500 	 87.249 	 244.873
FHW13014	444.625 	 86.788 	 244.873
FHW13014	444.750 	 87.249 	 244.873
FHW13014	444.875 	 86.777 	 245.293
FHW13014	445.000 	 87.249 	 244.867
FHW13014	445.125 	 87.269 	 245.068
FHW13014	445.250 	 86.788 	 244.873
FHW13014	445.375 	 87.240 	 245.290
FHW13014	445.500 	 86.788 	 244.870
FHW13014	445.625 	 87.249 	 244.873
FHW13014	445.750 	 86.788 	 244.873
FHW13014	445.875 	 87.240 	 245.290
FHW13014	446.000 	 87.269 	 245.062
FHW13014	446.125 	 86.788 	 244.876
FHW13014	446.250 	 87.240 	 245.290
FHW13014	446.375 	 86.788 	 244.873
FHW13014	446.500 	 87.249 	 244.867
FHW13014	446.625 	 86.788 	 244.873
FHW13014	446.750 	 87.240 	 245.293
FHW13014	446.875 	 87.269 	 245.062
FHW13014	447.000 	 86.788 	 244.873
FHW13014	447.125 	 87.249 	 244.873
FHW13014	447.250 	 86.777 	 245.293
FHW13014	447.375 	 87.250 	 244.870
FHW13014	447.500 	 86.788 	 244.870
FHW13014	447.625 	 87.249 	 244.876
FHW13014	447.750 	 87.260 	 245.482
FHW13014	447.875 	 86.788 	 244.870
FHW13014	448.000 	 87.249 	 244.870
FHW13014	448.125 	 86.788 	 244.870
FHW13014	448.250 	 87.240 	 245.296
FHW13014	448.375 	 86.788 	 244.870
FHW13014	448.500 	 87.249 	 244.870
FHW13014	448.625 	 86.812 	 245.065
FHW13014	448.750 	 87.240 	 245.290
FHW13014	448.875 	 87.249 	 244.876
FHW13014	449.000 	 86.788 	 244.870
FHW13014	449.125 	 87.250 	 244.870
FHW13014	449.250 	 86.778 	 245.290
FHW13014	449.375 	 87.269 	 245.065
FHW13014	449.500 	 86.788 	 244.876
FHW13014	449.625 	 87.240 	 245.290
FHW13014	449.750 	 87.243 	 244.870
FHW13014	449.875 	 86.795 	 244.876
FHW13014	450.000 	 87.249 	 244.864
FHW13014	450.125 	 86.777 	 245.296
FHW13014	450.250 	 87.269 	 245.065
FHW13014	450.375 	 86.788 	 244.876
FHW13014	450.500 	 87.249 	 244.864
FHW13014	450.625 	 87.233 	 245.290
FHW13014	450.750 	 86.795 	 244.876
FHW13014	450.875 	 87.242 	 244.876
FHW13014	451.000 	 86.795 	 244.864
FHW13014	451.125 	 87.253 	 245.482
FHW13014	451.250 	 86.795 	 244.876
FHW13014	451.375 	 87.242 	 244.876
FHW13014	451.500 	 87.249 	 244.864
FHW13014	451.625 	 86.778 	 245.290
FHW13014	451.750 	 87.249 	 244.876
FHW13014	451.875 	 86.795 	 244.870
FHW13014	452.000 	 87.253 	 245.483
FHW13014	452.125 	 86.795 	 244.870
FHW13014	452.250 	 87.242 	 244.876
FHW13014	452.375 	 87.250 	 244.870
FHW13014	452.500 	 86.777 	 245.290
FHW13014	452.625 	 87.250 	 244.870
FHW13014	452.750 	 86.788 	 244.876
FHW13014	452.875 	 87.269 	 245.059
FHW13014	453.000 	 86.778 	 245.290
FHW13014	453.125 	 87.249 	 244.876
FHW13014	453.250 	 86.788 	 244.876
FHW13014	453.375 	 87.250 	 244.870
FHW13014	453.500 	 87.240 	 245.284
FHW13014	453.625 	 86.812 	 245.071
FHW13014	453.750 	 87.250 	 244.870
FHW13014	453.875 	 86.788 	 244.876
FHW13014	454.000 	 87.240 	 245.284
FHW13014	454.125 	 86.788 	 244.876
FHW13014	454.250 	 87.250 	 244.870
FHW13014	454.375 	 87.240 	 245.296
FHW13014	454.500 	 86.811 	 245.059
FHW13014	454.625 	 87.249 	 244.876
FHW13014	454.750 	 86.788 	 244.870
FHW13014	454.875 	 87.240 	 245.290
FHW13014	455.000 	 86.788 	 244.870
FHW13014	455.125 	 87.249 	 244.876
FHW13014	455.250 	 87.250 	 244.870
FHW13014	455.375 	 86.800 	 245.476
FHW13014	455.500 	 87.249 	 244.876
FHW13014	455.625 	 86.788 	 244.876
FHW13014	455.750 	 87.250 	 244.870
FHW13014	455.875 	 86.778 	 245.290
FHW13014	456.000 	 87.249 	 244.870
FHW13014	456.125 	 87.260 	 245.482
FHW13014	456.250 	 86.788 	 244.876
FHW13014	456.375 	 87.240 	 245.290
FHW13014	456.500 	 86.788 	 244.864
FHW13014	456.625 	 87.269 	 245.071
FHW13014	456.750 	 87.240 	 245.290
FHW13014	456.875 	 86.788 	 244.870
FHW13014	457.000 	 87.240 	 245.290
FHW13014	457.125 	 87.262 	 245.065
FHW13014	457.250 	 86.785 	 245.290
FHW13014	457.375 	 87.242 	 244.870
FHW13014	457.500 	 86.785 	 245.290
FHW13014	457.625 	 87.262 	 245.071
FHW13014	457.750 	 87.240 	 245.284
FHW13014	457.875 	 86.788 	 244.870
FHW13014	458.000 	 87.240 	 245.296
FHW13014	458.125 	 87.269 	 245.065
FHW13014	458.250 	 86.777 	 245.284
FHW13014	458.375 	 87.249 	 244.876
FHW13014	458.500 	 86.788 	 244.870
FHW13014	458.625 	 87.260 	 245.483
FHW13014	458.750 	 87.250 	 244.870
FHW13014	458.875 	 86.778 	 245.290
FHW13014	459.000 	 87.249 	 244.876
FHW13014	459.125 	 86.800 	 245.476
FHW13014	459.250 	 87.249 	 244.876
FHW13014	459.375 	 87.240 	 245.290
FHW13014	459.500 	 86.788 	 244.870
FHW13014	459.625 	 87.260 	 245.483
FHW13014	459.750 	 87.250 	 244.870
FHW13014	459.875 	 86.778 	 245.290
FHW13014	460.000 	 87.249 	 244.876
FHW13014	460.125 	 86.800 	 245.476
FHW13014	460.250 	 87.249 	 244.876
FHW13014	460.375 	 87.233 	 245.290
FHW13014	460.500 	 86.795 	 244.870
FHW13014	460.625 	 87.262 	 245.065
FHW13014	460.750 	 86.785 	 245.290
FHW13014	460.875 	 87.242 	 244.876
FHW13014	461.000 	 87.240 	 245.284
FHW13014	461.125 	 86.812 	 245.065
FHW13014	461.250 	 87.240 	 245.290
FHW13014	461.375 	 87.249 	 244.876
FHW13014	461.500 	 86.777 	 245.284
FHW13014	461.625 	 87.249 	 244.876
FHW13014	461.750 	 86.801 	 245.482
FHW13014	461.875 	 87.249 	 244.864
FHW13014	462.000 	 87.240 	 245.296
FHW13014	462.125 	 86.788 	 244.870
FHW13014	462.250 	 87.260 	 245.482
FHW13014	462.375 	 87.249 	 244.870
FHW13014	462.500 	 86.788 	 244.870
FHW13014	462.625 	 87.240 	 245.296
FHW13014	462.750 	 86.811 	 245.059
FHW13014	462.875 	 87.240 	 245.290
FHW13014	463.000 	 87.249 	 244.876
FHW13014	463.125 	 86.778 	 245.290
FHW13014	463.250 	 87.269 	 245.065
FHW13014	463.375 	 86.778 	 245.290
FHW13014	463.500 	 87.250 	 244.870
FHW13014	463.625 	 87.233 	 245.290
FHW13014	463.750 	 86.818 	 245.065
FHW13014	463.875 	 87.233 	 245.290
FHW13014	464.000 	 87.249 	 244.876
FHW13014	464.125 	 86.778 	 245.290
FHW13014	464.250 	 87.269 	 245.065
FHW13014	464.375 	 86.778 	 245.290
FHW13014	464.500 	 87.250 	 244.870
FHW13014	464.625 	 87.249 	 244.876
FHW13014	464.750 	 86.800 	 245.476
FHW13014	464.875 	 87.249 	 244.876
FHW13014	465.000 	 86.778 	 245.290
FHW13014	465.125 	 87.260 	 245.476
FHW13014	465.250 	 87.240 	 245.290
FHW13014	465.375 	 86.788 	 244.876
FHW13014	465.500 	 87.260 	 245.476
FHW13014	465.625 	 86.778 	 245.290
FHW13014	465.750 	 87.240 	 245.290
FHW13014	465.875 	 86.811 	 245.065
FHW13014	466.000 	 87.240 	 245.290
FHW13014	466.125 	 87.260 	 245.482
FHW13014	466.250 	 86.778 	 245.290
FHW13014	466.375 	 87.249 	 244.864
FHW13014	466.500 	 86.801 	 245.488
FHW13014	466.625 	 87.240 	 245.290
FHW13014	466.750 	 86.800 	 245.476
FHW13014	466.875 	 87.250 	 244.870
FHW13014	467.000 	 87.240 	 245.296
FHW13014	467.125 	 86.800 	 245.476
FHW13014	467.250 	 87.240 	 245.290
FHW13014	467.375 	 86.778 	 245.290
FHW13014	467.500 	 87.269 	 245.065
FHW13014	467.625 	 86.778 	 245.290
FHW13014	467.750 	 87.260 	 245.482
FHW13014	467.875 	 86.778 	 245.290
FHW13014	468.000 	 87.249 	 244.870
FHW13014	468.125 	 87.260 	 245.482
FHW13014	468.250 	 86.778 	 245.290
FHW13014	468.375 	 87.240 	 245.290
FHW13014	468.500 	 86.811 	 245.065
FHW13014	468.625 	 87.240 	 245.290
FHW13014	468.750 	 86.800 	 245.476
FHW13014	468.875 	 87.240 	 245.290
FHW13014	469.000 	 87.233 	 245.290
FHW13014	469.125 	 86.819 	 245.071
FHW13014	469.250 	 87.233 	 245.284
FHW13014	469.375 	 86.808 	 245.482
FHW13014	469.500 	 87.240 	 245.290
FHW13014	469.625 	 86.788 	 244.870
FHW13014	469.750 	 87.260 	 245.482
FHW13014	469.875 	 87.233 	 245.290
FHW13014	470.000 	 86.785 	 245.290
FHW13014	470.125 	 87.262 	 245.065
FHW13014	470.250 	 86.785 	 245.290
FHW13014	470.375 	 87.253 	 245.476
FHW13014	470.500 	 86.785 	 245.290
FHW13014	470.625 	 87.242 	 244.876
FHW13014	470.750 	 86.808 	 245.482
FHW13014	470.875 	 87.233 	 245.284
FHW13014	471.000 	 87.240 	 245.290
FHW13014	471.125 	 86.801 	 245.482
FHW13014	471.250 	 87.249 	 244.870
FHW13014	471.375 	 86.808 	 245.482
FHW13014	471.500 	 87.233 	 245.290
FHW13014	471.625 	 86.785 	 245.290
FHW13014	471.750 	 87.262 	 245.065
FHW13014	471.875 	 87.240 	 245.290
FHW13014	472.000 	 86.800 	 245.476
FHW13014	472.125 	 87.240 	 245.290
FHW13014	472.250 	 86.788 	 244.876
FHW13014	472.375 	 87.260 	 245.482
FHW13014	472.500 	 86.777 	 245.284
FHW13014	472.625 	 87.240 	 245.290
FHW13014	472.750 	 86.812 	 245.071
FHW13014	472.875 	 87.240 	 245.284
FHW13014	473.000 	 87.260 	 245.482
FHW13014	473.125 	 86.778 	 245.290
FHW13014	473.250 	 87.240 	 245.290
FHW13014	473.375 	 86.811 	 245.065
FHW13014	473.500 	 87.240 	 245.290
FHW13014	473.625 	 86.800 	 245.476
FHW13014	473.750 	 87.240 	 245.290
FHW13014	473.875 	 86.801 	 245.482
FHW13014	474.000 	 87.240 	 245.290
FHW13014	474.125 	 87.260 	 245.476
FHW13014	474.250 	 86.777 	 245.296
FHW13014	474.375 	 87.260 	 245.482
FHW13014	474.500 	 86.777 	 245.284
FHW13014	474.625 	 87.251 	 245.896
FHW13014	474.750 	 86.777 	 245.296
FHW13014	474.875 	 87.260 	 245.476
FHW13014	475.000 	 86.778 	 245.290
FHW13014	475.125 	 87.260 	 245.482
FHW13014	475.250 	 86.777 	 245.284
FHW13014	475.375 	 87.260 	 245.482
FHW13014	475.500 	 87.240 	 245.290
FHW13014	475.625 	 86.800 	 245.483
FHW13014	475.750 	 87.240 	 245.290
FHW13014	475.875 	 86.801 	 245.482
FHW13014	476.000 	 87.240 	 245.284
FHW13014	476.125 	 86.801 	 245.482
FHW13014	476.250 	 87.240 	 245.290
FHW13014	476.375 	 86.800 	 245.476
FHW13014	476.500 	 87.240 	 245.290
FHW13014	476.625 	 86.790 	 245.902
FHW13014	476.750 	 87.260 	 245.476
FHW13014	476.875 	 86.778 	 245.290
FHW13014	477.000 	 87.260 	 245.476
FHW13014	477.125 	 87.240 	 245.296
FHW13014	477.250 	 86.801 	 245.482
FHW13014	477.375 	 87.240 	 245.290
FHW13014	477.500 	 86.800 	 245.476
FHW13014	477.625 	 87.240 	 245.290
FHW13014	477.750 	 86.800 	 245.476
FHW13014	477.875 	 87.240 	 245.290
FHW13014	478.000 	 86.801 	 245.482
FHW13014	478.125 	 87.240 	 245.296
FHW13014	478.250 	 86.800 	 245.476
FHW13014	478.375 	 87.240 	 245.290
FHW13014	478.500 	 86.790 	 245.897
FHW13014	478.625 	 87.240 	 245.290
FHW13014	478.750 	 87.260 	 245.482
FHW13014	478.875 	 86.778 	 245.290
FHW13014	479.000 	 87.260 	 245.476
FHW13014	479.125 	 86.778 	 245.290
FHW13014	479.250 	 87.260 	 245.476
FHW13014	479.375 	 86.778 	 245.290
FHW13014	479.500 	 87.260 	 245.488
FHW13014	479.625 	 86.778 	 245.290
FHW13014	479.750 	 87.260 	 245.476
FHW13014	479.875 	 86.778 	 245.290
FHW13014	480.000 	 87.260 	 245.476
FHW13014	480.125 	 87.240 	 245.290
FHW13014	480.250 	 86.801 	 245.482
FHW13014	480.375 	 87.260 	 245.476
FHW13014	480.500 	 86.767 	 245.712
FHW13014	480.625 	 87.260 	 245.482
FHW13014	480.750 	 86.777 	 245.284
FHW13014	480.875 	 87.260 	 245.488
FHW13014	481.000 	 86.778 	 245.290
FHW13014	481.125 	 87.260 	 245.476
FHW13014	481.250 	 86.778 	 245.290
FHW13014	481.375 	 87.260 	 245.482
FHW13014	481.500 	 86.777 	 245.284
FHW13014	481.625 	 87.260 	 245.482
FHW13014	481.750 	 87.240 	 245.290
FHW13014	481.875 	 86.800 	 245.483
FHW13014	482.000 	 87.240 	 245.290
