#WellName	 Depth.M	 INCL	 AZIM 
WellName	 Depth.M	 INCL	 AZIM 
FHW11235	0.000 	 0.000 	 0.000
FHW11235	0.125 	 0.551 	 26.025
FHW11235	0.250 	 0.551 	 26.025
FHW11235	0.375 	 0.551 	 26.025
FHW11235	0.500 	 0.551 	 26.025
FHW11235	0.625 	 0.551 	 26.025
FHW11235	0.750 	 0.551 	 26.025
FHW11235	0.875 	 0.551 	 26.025
FHW11235	1.000 	 0.551 	 26.025
FHW11235	1.125 	 0.551 	 26.025
FHW11235	1.250 	 0.551 	 26.025
FHW11235	1.375 	 0.551 	 26.025
FHW11235	1.500 	 0.551 	 26.025
FHW11235	1.625 	 0.551 	 26.025
FHW11235	1.750 	 0.551 	 26.025
FHW11235	1.875 	 0.551 	 26.025
FHW11235	2.000 	 0.551 	 26.025
FHW11235	2.125 	 0.551 	 26.025
FHW11235	2.250 	 0.551 	 26.025
FHW11235	2.375 	 0.551 	 26.025
FHW11235	2.500 	 0.551 	 26.025
FHW11235	2.625 	 0.551 	 26.025
FHW11235	2.750 	 0.551 	 26.025
FHW11235	2.875 	 0.551 	 26.025
FHW11235	3.000 	 0.551 	 26.025
FHW11235	3.125 	 0.551 	 26.025
FHW11235	3.250 	 0.551 	 26.025
FHW11235	3.375 	 0.551 	 26.025
FHW11235	3.500 	 0.551 	 26.025
FHW11235	3.625 	 0.551 	 26.025
FHW11235	3.750 	 0.551 	 26.025
FHW11235	3.875 	 0.551 	 26.025
FHW11235	4.000 	 0.551 	 26.025
FHW11235	4.125 	 0.551 	 26.025
FHW11235	4.250 	 0.551 	 26.025
FHW11235	4.375 	 0.551 	 26.025
FHW11235	4.500 	 0.551 	 26.025
FHW11235	4.625 	 0.551 	 26.025
FHW11235	4.750 	 0.551 	 26.025
FHW11235	4.875 	 0.551 	 26.025
FHW11235	5.000 	 0.551 	 26.025
FHW11235	5.125 	 0.551 	 26.025
FHW11235	5.250 	 0.551 	 26.025
FHW11235	5.375 	 0.551 	 26.025
FHW11235	5.500 	 0.551 	 26.025
FHW11235	5.625 	 0.551 	 26.025
FHW11235	5.750 	 0.551 	 26.025
FHW11235	5.875 	 0.551 	 26.025
FHW11235	6.000 	 0.551 	 26.025
FHW11235	6.125 	 0.551 	 26.025
FHW11235	6.250 	 0.551 	 26.025
FHW11235	6.375 	 0.551 	 26.025
FHW11235	6.500 	 0.551 	 26.025
FHW11235	6.625 	 0.551 	 26.025
FHW11235	6.750 	 0.551 	 26.025
FHW11235	6.875 	 0.551 	 26.025
FHW11235	7.000 	 0.551 	 26.025
FHW11235	7.125 	 0.551 	 26.025
FHW11235	7.250 	 0.551 	 26.025
FHW11235	7.375 	 0.551 	 26.025
FHW11235	7.500 	 0.551 	 26.025
FHW11235	7.625 	 0.551 	 26.025
FHW11235	7.750 	 0.551 	 26.025
FHW11235	7.875 	 0.551 	 26.025
FHW11235	8.000 	 0.551 	 26.025
FHW11235	8.125 	 0.551 	 26.025
FHW11235	8.250 	 0.551 	 26.025
FHW11235	8.375 	 0.551 	 26.025
FHW11235	8.500 	 0.551 	 26.025
FHW11235	8.625 	 0.551 	 26.025
FHW11235	8.750 	 0.551 	 26.025
FHW11235	8.875 	 0.551 	 26.025
FHW11235	9.000 	 0.551 	 26.025
FHW11235	9.125 	 0.551 	 26.025
FHW11235	9.250 	 0.551 	 26.025
FHW11235	9.375 	 0.551 	 26.025
FHW11235	9.500 	 0.551 	 26.025
FHW11235	9.625 	 0.551 	 26.025
FHW11235	9.750 	 0.551 	 26.025
FHW11235	9.875 	 0.551 	 26.025
FHW11235	10.000 	 0.551 	 26.025
FHW11235	10.125 	 0.551 	 26.025
FHW11235	10.250 	 0.551 	 26.025
FHW11235	10.375 	 0.551 	 26.025
FHW11235	10.500 	 0.551 	 26.025
FHW11235	10.625 	 0.551 	 26.025
FHW11235	10.750 	 0.551 	 26.025
FHW11235	10.875 	 0.551 	 26.025
FHW11235	11.000 	 0.551 	 26.025
FHW11235	11.125 	 0.551 	 26.025
FHW11235	11.250 	 0.551 	 26.025
FHW11235	11.375 	 0.551 	 26.025
FHW11235	11.500 	 0.551 	 26.025
FHW11235	11.625 	 0.551 	 26.025
FHW11235	11.750 	 0.551 	 26.025
FHW11235	11.875 	 0.551 	 26.025
FHW11235	12.000 	 0.551 	 26.025
FHW11235	12.125 	 0.551 	 26.025
FHW11235	12.250 	 0.551 	 26.025
FHW11235	12.375 	 0.551 	 26.025
FHW11235	12.500 	 0.551 	 26.025
FHW11235	12.625 	 0.551 	 26.025
FHW11235	12.750 	 0.551 	 26.025
FHW11235	12.875 	 0.551 	 26.025
FHW11235	13.000 	 0.551 	 26.025
FHW11235	13.125 	 0.551 	 26.025
FHW11235	13.250 	 0.551 	 26.025
FHW11235	13.375 	 0.551 	 26.025
FHW11235	13.500 	 0.551 	 26.025
FHW11235	13.625 	 0.551 	 26.025
FHW11235	13.750 	 0.551 	 26.025
FHW11235	13.875 	 0.551 	 26.025
FHW11235	14.000 	 0.551 	 26.025
FHW11235	14.125 	 0.551 	 26.025
FHW11235	14.250 	 0.551 	 26.025
FHW11235	14.375 	 0.551 	 26.025
FHW11235	14.500 	 0.551 	 26.025
FHW11235	14.625 	 0.551 	 26.025
FHW11235	14.750 	 0.551 	 26.025
FHW11235	14.875 	 0.551 	 26.025
FHW11235	15.000 	 0.551 	 26.025
FHW11235	15.125 	 0.551 	 26.025
FHW11235	15.250 	 0.551 	 26.025
FHW11235	15.375 	 0.551 	 26.025
FHW11235	15.500 	 0.551 	 26.025
FHW11235	15.625 	 0.551 	 26.025
FHW11235	15.750 	 0.551 	 26.025
FHW11235	15.875 	 0.551 	 26.025
FHW11235	16.000 	 0.551 	 26.025
FHW11235	16.125 	 0.551 	 26.025
FHW11235	16.250 	 0.551 	 26.025
FHW11235	16.375 	 0.551 	 26.025
FHW11235	16.500 	 0.551 	 26.025
FHW11235	16.625 	 0.551 	 26.025
FHW11235	16.750 	 0.551 	 26.025
FHW11235	16.875 	 0.551 	 26.025
FHW11235	17.000 	 0.551 	 26.025
FHW11235	17.125 	 0.551 	 26.025
FHW11235	17.250 	 0.551 	 26.025
FHW11235	17.375 	 0.551 	 26.025
FHW11235	17.500 	 0.551 	 26.025
FHW11235	17.625 	 0.551 	 26.025
FHW11235	17.750 	 0.551 	 26.025
FHW11235	17.875 	 0.551 	 26.025
FHW11235	18.000 	 0.551 	 26.025
FHW11235	18.125 	 0.551 	 26.025
FHW11235	18.250 	 0.551 	 26.025
FHW11235	18.375 	 0.551 	 26.025
FHW11235	18.500 	 0.551 	 26.025
FHW11235	18.625 	 0.551 	 26.025
FHW11235	18.750 	 0.551 	 26.025
FHW11235	18.875 	 0.551 	 26.025
FHW11235	19.000 	 0.551 	 26.025
FHW11235	19.125 	 0.551 	 26.025
FHW11235	19.250 	 0.551 	 26.025
FHW11235	19.375 	 0.551 	 26.025
FHW11235	19.500 	 0.551 	 26.025
FHW11235	19.625 	 0.551 	 26.025
FHW11235	19.750 	 0.551 	 26.025
FHW11235	19.875 	 0.551 	 26.025
FHW11235	20.000 	 0.551 	 26.025
FHW11235	20.125 	 0.551 	 26.025
FHW11235	20.250 	 0.551 	 26.025
FHW11235	20.375 	 0.551 	 26.025
FHW11235	20.500 	 0.551 	 26.025
FHW11235	20.625 	 0.551 	 26.025
FHW11235	20.750 	 0.551 	 26.025
FHW11235	20.875 	 0.551 	 26.025
FHW11235	21.000 	 0.551 	 26.025
FHW11235	21.125 	 0.551 	 26.025
FHW11235	21.250 	 0.551 	 26.025
FHW11235	21.375 	 0.551 	 26.025
FHW11235	21.500 	 0.551 	 26.025
FHW11235	21.625 	 0.551 	 26.025
FHW11235	21.750 	 0.551 	 26.025
FHW11235	21.875 	 0.551 	 26.025
FHW11235	22.000 	 0.551 	 26.025
FHW11235	22.125 	 0.551 	 26.025
FHW11235	22.250 	 0.551 	 26.025
FHW11235	22.375 	 0.551 	 26.025
FHW11235	22.500 	 0.551 	 26.025
FHW11235	22.625 	 0.551 	 26.025
FHW11235	22.750 	 0.551 	 26.025
FHW11235	22.875 	 0.551 	 26.025
FHW11235	23.000 	 0.551 	 26.025
FHW11235	23.125 	 0.551 	 26.025
FHW11235	23.250 	 0.551 	 26.025
FHW11235	23.375 	 0.551 	 26.025
FHW11235	23.500 	 0.551 	 26.025
FHW11235	23.625 	 0.551 	 26.025
FHW11235	23.750 	 0.551 	 26.025
FHW11235	23.875 	 0.551 	 26.025
FHW11235	24.000 	 0.551 	 26.025
FHW11235	24.125 	 0.551 	 26.025
FHW11235	24.250 	 0.551 	 26.025
FHW11235	24.375 	 0.551 	 26.025
FHW11235	24.500 	 0.551 	 26.025
FHW11235	24.625 	 0.551 	 26.025
FHW11235	24.750 	 0.551 	 26.025
FHW11235	24.875 	 0.551 	 26.025
FHW11235	25.000 	 0.551 	 26.025
FHW11235	25.125 	 0.551 	 26.025
FHW11235	25.250 	 0.551 	 26.025
FHW11235	25.375 	 0.551 	 26.025
FHW11235	25.500 	 0.551 	 26.025
FHW11235	25.625 	 0.551 	 26.025
FHW11235	25.750 	 0.551 	 26.025
FHW11235	25.875 	 0.551 	 26.025
FHW11235	26.000 	 0.551 	 26.025
FHW11235	26.125 	 0.551 	 26.025
FHW11235	26.250 	 0.551 	 26.025
FHW11235	26.375 	 0.551 	 26.025
FHW11235	26.500 	 0.551 	 26.025
FHW11235	26.625 	 1.465 	 52.637
FHW11235	26.750 	 1.550 	 53.430
FHW11235	26.875 	 1.550 	 53.430
FHW11235	27.000 	 1.550 	 53.430
FHW11235	27.125 	 1.550 	 53.430
FHW11235	27.250 	 1.550 	 53.430
FHW11235	27.375 	 1.550 	 53.430
FHW11235	27.500 	 1.550 	 53.430
FHW11235	27.625 	 1.550 	 53.430
FHW11235	27.750 	 1.550 	 53.430
FHW11235	27.875 	 1.550 	 53.430
FHW11235	28.000 	 1.550 	 53.430
FHW11235	28.125 	 1.550 	 53.430
FHW11235	28.250 	 1.550 	 53.430
FHW11235	28.375 	 1.550 	 53.430
FHW11235	28.500 	 1.550 	 53.430
FHW11235	28.625 	 1.550 	 53.430
FHW11235	28.750 	 1.550 	 53.430
FHW11235	28.875 	 1.550 	 53.430
FHW11235	29.000 	 1.550 	 53.430
FHW11235	29.125 	 3.065 	 55.830
FHW11235	29.250 	 3.065 	 55.830
FHW11235	29.375 	 3.065 	 55.830
FHW11235	29.500 	 3.065 	 55.830
FHW11235	29.625 	 3.065 	 55.830
FHW11235	29.750 	 3.065 	 55.830
FHW11235	29.875 	 3.065 	 55.830
FHW11235	30.000 	 3.065 	 55.830
FHW11235	30.125 	 3.065 	 55.830
FHW11235	30.250 	 3.065 	 55.830
FHW11235	30.375 	 3.065 	 55.830
FHW11235	30.500 	 3.065 	 55.830
FHW11235	30.625 	 3.065 	 55.830
FHW11235	30.750 	 3.065 	 55.830
FHW11235	30.875 	 3.065 	 55.830
FHW11235	31.000 	 3.065 	 55.830
FHW11235	31.125 	 3.065 	 55.830
FHW11235	31.250 	 3.065 	 55.830
FHW11235	31.375 	 3.065 	 55.830
FHW11235	31.500 	 3.065 	 55.830
FHW11235	31.625 	 3.065 	 55.830
FHW11235	31.750 	 3.065 	 55.830
FHW11235	31.875 	 3.065 	 55.830
FHW11235	32.000 	 3.065 	 55.830
FHW11235	32.125 	 3.065 	 55.830
FHW11235	32.250 	 3.065 	 55.830
FHW11235	32.375 	 3.065 	 55.830
FHW11235	32.500 	 3.065 	 55.830
FHW11235	32.625 	 3.065 	 55.830
FHW11235	32.750 	 3.065 	 55.830
FHW11235	32.875 	 3.065 	 55.830
FHW11235	33.000 	 3.065 	 55.830
FHW11235	33.125 	 3.065 	 55.830
FHW11235	33.250 	 3.065 	 55.830
FHW11235	33.375 	 3.065 	 55.830
FHW11235	33.500 	 3.065 	 55.830
FHW11235	33.625 	 3.065 	 55.830
FHW11235	33.750 	 3.065 	 55.830
FHW11235	33.875 	 3.065 	 55.830
FHW11235	34.000 	 3.065 	 55.830
FHW11235	34.125 	 3.065 	 55.830
FHW11235	34.250 	 3.065 	 55.830
FHW11235	34.375 	 3.065 	 55.830
FHW11235	34.500 	 3.065 	 55.830
FHW11235	34.625 	 3.065 	 55.830
FHW11235	34.750 	 3.065 	 55.830
FHW11235	34.875 	 3.065 	 55.830
FHW11235	35.000 	 3.065 	 55.830
FHW11235	35.125 	 3.065 	 55.830
FHW11235	35.250 	 3.065 	 55.830
FHW11235	35.375 	 3.065 	 55.830
FHW11235	35.500 	 3.065 	 55.830
FHW11235	35.625 	 3.065 	 55.830
FHW11235	35.750 	 3.981 	 56.363
FHW11235	35.875 	 5.930 	 56.950
FHW11235	36.000 	 5.930 	 56.950
FHW11235	36.125 	 5.930 	 56.950
FHW11235	36.250 	 5.930 	 56.950
FHW11235	36.375 	 5.930 	 56.950
FHW11235	36.500 	 5.930 	 56.950
FHW11235	36.625 	 5.930 	 56.950
FHW11235	36.750 	 5.930 	 56.950
FHW11235	36.875 	 5.930 	 56.950
FHW11235	37.000 	 5.930 	 56.950
FHW11235	37.125 	 5.930 	 56.950
FHW11235	37.250 	 5.930 	 56.950
FHW11235	37.375 	 5.930 	 56.950
FHW11235	37.500 	 5.930 	 56.950
FHW11235	37.625 	 5.930 	 56.950
FHW11235	37.750 	 5.930 	 56.950
FHW11235	37.875 	 5.930 	 56.950
FHW11235	38.000 	 5.930 	 56.950
FHW11235	38.125 	 5.930 	 56.950
FHW11235	38.250 	 5.930 	 56.950
FHW11235	38.375 	 5.930 	 56.950
FHW11235	38.500 	 5.930 	 56.950
FHW11235	38.625 	 5.930 	 56.950
FHW11235	38.750 	 5.930 	 56.950
FHW11235	38.875 	 5.930 	 56.950
FHW11235	39.000 	 5.930 	 56.950
FHW11235	39.125 	 5.930 	 56.950
FHW11235	39.250 	 5.930 	 56.950
FHW11235	39.375 	 5.930 	 56.950
FHW11235	39.500 	 5.930 	 56.950
FHW11235	39.625 	 5.930 	 56.950
FHW11235	39.750 	 5.930 	 56.950
FHW11235	39.875 	 5.930 	 56.950
FHW11235	40.000 	 5.930 	 56.950
FHW11235	40.125 	 5.930 	 56.950
FHW11235	40.250 	 5.930 	 56.950
FHW11235	40.375 	 5.930 	 56.950
FHW11235	40.500 	 5.930 	 56.950
FHW11235	40.625 	 5.930 	 56.950
FHW11235	40.750 	 5.930 	 56.950
FHW11235	40.875 	 5.930 	 56.950
FHW11235	41.000 	 5.930 	 56.950
FHW11235	41.125 	 5.930 	 56.950
FHW11235	41.250 	 5.930 	 56.950
FHW11235	41.375 	 5.930 	 56.950
FHW11235	41.500 	 5.930 	 56.950
FHW11235	41.625 	 5.930 	 56.950
FHW11235	41.750 	 5.930 	 56.950
FHW11235	41.875 	 5.930 	 56.950
FHW11235	42.000 	 5.930 	 56.950
FHW11235	42.125 	 5.930 	 56.950
FHW11235	42.250 	 5.930 	 56.950
FHW11235	42.375 	 5.930 	 56.950
FHW11235	42.500 	 5.930 	 56.950
FHW11235	42.625 	 5.930 	 56.950
FHW11235	42.750 	 5.930 	 56.950
FHW11235	42.875 	 5.930 	 56.950
FHW11235	43.000 	 5.930 	 56.950
FHW11235	43.125 	 5.930 	 56.950
FHW11235	43.250 	 5.930 	 56.950
FHW11235	43.375 	 5.930 	 56.950
FHW11235	43.500 	 5.930 	 56.950
FHW11235	43.625 	 5.930 	 56.950
FHW11235	43.750 	 5.930 	 56.950
FHW11235	43.875 	 5.930 	 56.950
FHW11235	44.000 	 5.930 	 56.950
FHW11235	44.125 	 5.930 	 56.950
FHW11235	44.250 	 5.930 	 56.950
FHW11235	44.375 	 5.930 	 56.950
FHW11235	44.500 	 5.930 	 56.950
FHW11235	44.625 	 8.871 	 57.495
FHW11235	44.750 	 9.800 	 57.600
FHW11235	44.875 	 9.800 	 57.600
FHW11235	45.000 	 9.800 	 57.600
FHW11235	45.125 	 9.800 	 57.600
FHW11235	45.250 	 9.800 	 57.600
FHW11235	45.375 	 9.800 	 57.600
FHW11235	45.500 	 9.800 	 57.600
FHW11235	45.625 	 9.800 	 57.600
FHW11235	45.750 	 9.800 	 57.600
FHW11235	45.875 	 9.800 	 57.600
FHW11235	46.000 	 9.800 	 57.600
FHW11235	46.125 	 9.800 	 57.600
FHW11235	46.250 	 9.800 	 57.600
FHW11235	46.375 	 9.800 	 57.600
FHW11235	46.500 	 9.800 	 57.600
FHW11235	46.625 	 9.800 	 57.600
FHW11235	46.750 	 9.800 	 57.600
FHW11235	46.875 	 9.800 	 57.600
FHW11235	47.000 	 9.800 	 57.600
FHW11235	47.125 	 9.800 	 57.600
FHW11235	47.250 	 9.800 	 57.600
FHW11235	47.375 	 9.800 	 57.600
FHW11235	47.500 	 9.800 	 57.600
FHW11235	47.625 	 9.800 	 57.600
FHW11235	47.750 	 9.800 	 57.600
FHW11235	47.875 	 9.800 	 57.600
FHW11235	48.000 	 9.800 	 57.600
FHW11235	48.125 	 9.800 	 57.600
FHW11235	48.250 	 9.800 	 57.600
FHW11235	48.375 	 9.800 	 57.600
FHW11235	48.500 	 9.800 	 57.600
FHW11235	48.625 	 9.800 	 57.600
FHW11235	48.750 	 9.800 	 57.600
FHW11235	48.875 	 9.800 	 57.600
FHW11235	49.000 	 9.800 	 57.600
FHW11235	49.125 	 9.800 	 57.600
FHW11235	49.250 	 9.800 	 57.600
FHW11235	49.375 	 9.800 	 57.600
FHW11235	49.500 	 9.800 	 57.600
FHW11235	49.625 	 9.800 	 57.600
FHW11235	49.750 	 9.800 	 57.600
FHW11235	49.875 	 9.800 	 57.600
FHW11235	50.000 	 9.800 	 57.600
FHW11235	50.125 	 9.800 	 57.600
FHW11235	50.250 	 9.800 	 57.600
FHW11235	50.375 	 9.800 	 57.600
FHW11235	50.500 	 9.800 	 57.600
FHW11235	50.625 	 9.800 	 57.600
FHW11235	50.750 	 9.800 	 57.600
FHW11235	50.875 	 9.800 	 57.600
FHW11235	51.000 	 9.800 	 57.600
FHW11235	51.125 	 9.800 	 57.600
FHW11235	51.250 	 9.800 	 57.600
FHW11235	51.375 	 9.800 	 57.600
FHW11235	51.500 	 9.800 	 57.600
FHW11235	51.625 	 9.800 	 57.600
FHW11235	51.750 	 9.800 	 57.600
FHW11235	51.875 	 9.800 	 57.600
FHW11235	52.000 	 9.800 	 57.600
FHW11235	52.125 	 9.800 	 57.600
FHW11235	52.250 	 9.800 	 57.600
FHW11235	52.375 	 9.800 	 57.600
FHW11235	52.500 	 9.800 	 57.600
FHW11235	52.625 	 9.800 	 57.600
FHW11235	52.750 	 9.800 	 57.600
FHW11235	52.875 	 9.800 	 57.600
FHW11235	53.000 	 9.800 	 57.600
FHW11235	53.125 	 9.800 	 57.600
FHW11235	53.250 	 9.800 	 57.600
FHW11235	53.375 	 9.800 	 57.600
FHW11235	53.500 	 9.800 	 57.600
FHW11235	53.625 	 9.800 	 57.600
FHW11235	53.750 	 9.800 	 57.600
FHW11235	53.875 	 9.800 	 57.600
FHW11235	54.000 	 12.224 	 58.408
FHW11235	54.125 	 14.130 	 58.850
FHW11235	54.250 	 14.129 	 58.850
FHW11235	54.375 	 14.130 	 58.850
FHW11235	54.500 	 14.129 	 58.850
FHW11235	54.625 	 14.130 	 58.850
FHW11235	54.750 	 14.130 	 58.850
FHW11235	54.875 	 14.130 	 58.850
FHW11235	55.000 	 14.130 	 58.850
FHW11235	55.125 	 14.129 	 58.850
FHW11235	55.250 	 14.129 	 58.850
FHW11235	55.375 	 14.130 	 58.850
FHW11235	55.500 	 14.129 	 58.850
FHW11235	55.625 	 14.130 	 58.850
FHW11235	55.750 	 14.130 	 58.850
FHW11235	55.875 	 14.129 	 58.850
FHW11235	56.000 	 14.130 	 58.850
FHW11235	56.125 	 14.130 	 58.850
FHW11235	56.250 	 14.129 	 58.850
FHW11235	56.375 	 14.130 	 58.850
FHW11235	56.500 	 14.130 	 58.850
FHW11235	56.625 	 14.129 	 58.850
FHW11235	56.750 	 14.130 	 58.850
FHW11235	56.875 	 14.129 	 58.850
FHW11235	57.000 	 14.130 	 58.850
FHW11235	57.125 	 14.130 	 58.850
FHW11235	57.250 	 14.130 	 58.850
FHW11235	57.375 	 14.129 	 58.850
FHW11235	57.500 	 14.130 	 58.850
FHW11235	57.625 	 14.129 	 58.850
FHW11235	57.750 	 14.130 	 58.850
FHW11235	57.875 	 14.129 	 58.850
FHW11235	58.000 	 14.130 	 58.850
FHW11235	58.125 	 14.130 	 58.850
FHW11235	58.250 	 14.129 	 58.850
FHW11235	58.375 	 14.130 	 58.850
FHW11235	58.500 	 14.130 	 58.850
FHW11235	58.625 	 14.129 	 58.850
FHW11235	58.750 	 14.130 	 58.850
FHW11235	58.875 	 14.129 	 58.850
FHW11235	59.000 	 14.129 	 58.850
FHW11235	59.125 	 14.130 	 58.850
FHW11235	59.250 	 14.129 	 58.850
FHW11235	59.375 	 14.130 	 58.850
FHW11235	59.500 	 14.130 	 58.850
FHW11235	59.625 	 14.129 	 58.850
FHW11235	59.750 	 14.129 	 58.850
FHW11235	59.875 	 14.130 	 58.850
FHW11235	60.000 	 14.129 	 58.850
FHW11235	60.125 	 14.130 	 58.850
FHW11235	60.250 	 14.130 	 58.850
FHW11235	60.375 	 14.130 	 58.850
FHW11235	60.500 	 14.130 	 58.850
FHW11235	60.625 	 14.129 	 58.850
FHW11235	60.750 	 14.129 	 58.850
FHW11235	60.875 	 14.130 	 58.850
FHW11235	61.000 	 14.130 	 58.851
FHW11235	61.125 	 14.130 	 58.849
FHW11235	61.250 	 14.130 	 58.850
FHW11235	61.375 	 14.129 	 58.850
FHW11235	61.500 	 14.130 	 58.850
FHW11235	61.625 	 14.129 	 58.850
FHW11235	61.750 	 14.129 	 58.850
FHW11235	61.875 	 14.130 	 58.851
FHW11235	62.000 	 14.129 	 58.850
FHW11235	62.125 	 14.129 	 58.850
FHW11235	62.250 	 14.130 	 58.850
FHW11235	62.375 	 14.129 	 58.850
FHW11235	62.500 	 14.130 	 58.851
FHW11235	62.625 	 14.130 	 58.849
FHW11235	62.750 	 14.130 	 58.851
FHW11235	62.875 	 17.401 	 59.895
FHW11235	63.000 	 18.435 	 60.150
FHW11235	63.125 	 18.434 	 60.150
FHW11235	63.250 	 18.434 	 60.150
FHW11235	63.375 	 18.435 	 60.150
FHW11235	63.500 	 18.434 	 60.150
FHW11235	63.625 	 18.435 	 60.150
FHW11235	63.750 	 18.434 	 60.150
FHW11235	63.875 	 18.434 	 60.150
FHW11235	64.000 	 18.435 	 60.150
FHW11235	64.125 	 18.434 	 60.150
FHW11235	64.250 	 18.435 	 60.150
FHW11235	64.375 	 18.435 	 60.150
FHW11235	64.500 	 18.435 	 60.150
FHW11235	64.625 	 18.434 	 60.150
FHW11235	64.750 	 18.435 	 60.150
FHW11235	64.875 	 18.434 	 60.150
FHW11235	65.000 	 18.436 	 60.150
FHW11235	65.125 	 18.434 	 60.150
FHW11235	65.250 	 18.434 	 60.150
FHW11235	65.375 	 18.435 	 60.150
FHW11235	65.500 	 18.434 	 60.150
FHW11235	65.625 	 18.435 	 60.150
FHW11235	65.750 	 18.435 	 60.150
FHW11235	65.875 	 18.434 	 60.150
FHW11235	66.000 	 18.434 	 60.150
FHW11235	66.125 	 18.435 	 60.150
FHW11235	66.250 	 18.436 	 60.150
FHW11235	66.375 	 18.435 	 60.150
FHW11235	66.500 	 18.434 	 60.150
FHW11235	66.625 	 18.434 	 60.150
FHW11235	66.750 	 18.435 	 60.150
FHW11235	66.875 	 18.436 	 60.150
FHW11235	67.000 	 18.435 	 60.150
FHW11235	67.125 	 18.434 	 60.150
FHW11235	67.250 	 18.434 	 60.150
FHW11235	67.375 	 18.434 	 60.150
FHW11235	67.500 	 18.436 	 60.150
FHW11235	67.625 	 18.434 	 60.150
FHW11235	67.750 	 18.435 	 60.150
FHW11235	67.875 	 18.434 	 60.150
FHW11235	68.000 	 18.435 	 60.150
FHW11235	68.125 	 18.435 	 60.150
FHW11235	68.250 	 18.434 	 60.150
FHW11235	68.375 	 18.435 	 60.150
FHW11235	68.500 	 18.434 	 60.150
FHW11235	68.625 	 18.434 	 60.150
FHW11235	68.750 	 18.435 	 60.150
FHW11235	68.875 	 18.435 	 60.150
FHW11235	69.000 	 18.434 	 60.150
FHW11235	69.125 	 18.435 	 60.150
FHW11235	69.250 	 18.435 	 60.150
FHW11235	69.375 	 18.434 	 60.150
FHW11235	69.500 	 18.435 	 60.150
FHW11235	69.625 	 18.434 	 60.150
FHW11235	69.750 	 18.435 	 60.149
FHW11235	69.875 	 18.435 	 60.150
FHW11235	70.000 	 18.434 	 60.150
FHW11235	70.125 	 18.434 	 60.150
FHW11235	70.250 	 18.434 	 60.151
FHW11235	70.375 	 18.435 	 60.150
FHW11235	70.500 	 18.436 	 60.150
FHW11235	70.625 	 18.434 	 60.150
FHW11235	70.750 	 18.435 	 60.149
FHW11235	70.875 	 18.434 	 60.151
FHW11235	71.000 	 18.434 	 60.150
FHW11235	71.125 	 18.436 	 60.150
FHW11235	71.250 	 18.434 	 60.150
FHW11235	71.375 	 18.434 	 60.150
FHW11235	71.500 	 18.434 	 60.150
FHW11235	71.625 	 18.435 	 60.150
FHW11235	71.750 	 18.436 	 60.150
FHW11235	71.875 	 18.434 	 60.151
FHW11235	72.000 	 18.434 	 60.150
FHW11235	72.125 	 22.738 	 62.000
FHW11235	72.250 	 22.739 	 62.000
FHW11235	72.375 	 22.738 	 62.000
FHW11235	72.500 	 22.738 	 62.000
FHW11235	72.625 	 22.739 	 62.000
FHW11235	72.750 	 22.738 	 62.000
FHW11235	72.875 	 22.738 	 62.000
FHW11235	73.000 	 22.739 	 62.000
FHW11235	73.125 	 22.738 	 62.000
FHW11235	73.250 	 22.738 	 62.000
FHW11235	73.375 	 22.739 	 62.000
FHW11235	73.500 	 22.738 	 62.000
FHW11235	73.625 	 22.738 	 62.000
FHW11235	73.750 	 22.739 	 62.000
FHW11235	73.875 	 22.738 	 62.000
FHW11235	74.000 	 22.738 	 62.000
FHW11235	74.125 	 22.739 	 62.000
FHW11235	74.250 	 22.738 	 62.000
FHW11235	74.375 	 22.739 	 62.000
FHW11235	74.500 	 22.738 	 62.000
FHW11235	74.625 	 22.738 	 62.000
FHW11235	74.750 	 22.739 	 62.000
FHW11235	74.875 	 22.738 	 62.000
FHW11235	75.000 	 22.738 	 62.000
FHW11235	75.125 	 22.739 	 62.000
FHW11235	75.250 	 22.738 	 62.000
FHW11235	75.375 	 22.738 	 62.001
FHW11235	75.500 	 22.739 	 62.000
FHW11235	75.625 	 22.738 	 62.000
FHW11235	75.750 	 22.738 	 62.001
FHW11235	75.875 	 22.739 	 62.000
FHW11235	76.000 	 22.738 	 62.000
FHW11235	76.125 	 22.738 	 62.000
FHW11235	76.250 	 22.739 	 62.000
FHW11235	76.375 	 22.738 	 62.000
FHW11235	76.500 	 22.738 	 62.001
FHW11235	76.625 	 22.739 	 62.000
FHW11235	76.750 	 22.738 	 62.000
FHW11235	76.875 	 22.738 	 62.000
FHW11235	77.000 	 22.739 	 62.000
FHW11235	77.125 	 22.738 	 62.000
FHW11235	77.250 	 22.738 	 62.000
FHW11235	77.375 	 22.739 	 62.000
FHW11235	77.500 	 22.738 	 62.000
FHW11235	77.625 	 22.738 	 62.000
FHW11235	77.750 	 22.739 	 62.000
FHW11235	77.875 	 22.738 	 62.001
FHW11235	78.000 	 22.738 	 62.000
FHW11235	78.125 	 22.739 	 62.000
FHW11235	78.250 	 22.738 	 62.001
FHW11235	78.375 	 22.738 	 62.000
FHW11235	78.500 	 22.739 	 62.000
FHW11235	78.625 	 22.738 	 62.001
FHW11235	78.750 	 22.738 	 62.000
FHW11235	78.875 	 22.739 	 62.000
FHW11235	79.000 	 22.738 	 62.000
FHW11235	79.125 	 22.738 	 62.000
FHW11235	79.250 	 22.739 	 62.000
FHW11235	79.375 	 22.738 	 62.000
FHW11235	79.500 	 22.738 	 62.000
FHW11235	79.625 	 22.739 	 62.001
FHW11235	79.750 	 22.738 	 62.000
FHW11235	79.875 	 22.738 	 62.000
FHW11235	80.000 	 22.739 	 62.000
FHW11235	80.125 	 22.738 	 62.000
FHW11235	80.250 	 22.738 	 62.000
FHW11235	80.375 	 22.739 	 62.001
FHW11235	80.500 	 22.738 	 62.000
FHW11235	80.625 	 22.739 	 62.000
FHW11235	80.750 	 22.738 	 62.001
FHW11235	80.875 	 22.738 	 62.000
FHW11235	81.000 	 22.739 	 62.000
FHW11235	81.125 	 22.738 	 62.000
FHW11235	81.250 	 22.738 	 62.000
FHW11235	81.375 	 22.739 	 62.001
FHW11235	81.500 	 24.392 	 63.293
FHW11235	81.625 	 26.892 	 64.950
FHW11235	81.750 	 26.892 	 64.950
FHW11235	81.875 	 26.892 	 64.950
FHW11235	82.000 	 26.892 	 64.950
FHW11235	82.125 	 26.892 	 64.950
FHW11235	82.250 	 26.890 	 64.950
FHW11235	82.375 	 26.892 	 64.950
FHW11235	82.500 	 26.892 	 64.950
FHW11235	82.625 	 26.892 	 64.950
FHW11235	82.750 	 26.892 	 64.949
FHW11235	82.875 	 26.892 	 64.950
FHW11235	83.000 	 26.892 	 64.950
FHW11235	83.125 	 26.892 	 64.950
FHW11235	83.250 	 26.892 	 64.950
FHW11235	83.375 	 26.892 	 64.950
FHW11235	83.500 	 26.892 	 64.950
FHW11235	83.625 	 26.892 	 64.950
FHW11235	83.750 	 26.890 	 64.950
FHW11235	83.875 	 26.892 	 64.950
FHW11235	84.000 	 26.892 	 64.950
FHW11235	84.125 	 26.892 	 64.950
FHW11235	84.250 	 26.892 	 64.950
FHW11235	84.375 	 26.892 	 64.950
FHW11235	84.500 	 26.892 	 64.950
FHW11235	84.625 	 26.892 	 64.950
FHW11235	84.750 	 26.892 	 64.950
FHW11235	84.875 	 26.892 	 64.950
FHW11235	85.000 	 26.892 	 64.950
FHW11235	85.125 	 26.892 	 64.950
FHW11235	85.250 	 26.890 	 64.950
FHW11235	85.375 	 26.892 	 64.950
FHW11235	85.500 	 26.892 	 64.949
FHW11235	85.625 	 26.892 	 64.950
FHW11235	85.750 	 26.892 	 64.950
FHW11235	85.875 	 26.892 	 64.950
FHW11235	86.000 	 26.892 	 64.950
FHW11235	86.125 	 26.892 	 64.950
FHW11235	86.250 	 26.892 	 64.950
FHW11235	86.375 	 26.892 	 64.950
FHW11235	86.500 	 26.892 	 64.950
FHW11235	86.625 	 26.890 	 64.950
FHW11235	86.750 	 26.892 	 64.950
FHW11235	86.875 	 26.892 	 64.950
FHW11235	87.000 	 26.892 	 64.950
FHW11235	87.125 	 26.892 	 64.950
FHW11235	87.250 	 26.892 	 64.950
FHW11235	87.375 	 26.892 	 64.950
FHW11235	87.500 	 26.892 	 64.950
FHW11235	87.625 	 26.892 	 64.949
FHW11235	87.750 	 26.892 	 64.951
FHW11235	87.875 	 26.892 	 64.949
FHW11235	88.000 	 26.892 	 64.950
FHW11235	88.125 	 26.890 	 64.950
FHW11235	88.250 	 26.892 	 64.950
FHW11235	88.375 	 26.892 	 64.950
FHW11235	88.500 	 26.892 	 64.950
FHW11235	88.625 	 26.892 	 64.950
FHW11235	88.750 	 26.892 	 64.950
FHW11235	88.875 	 26.892 	 64.950
FHW11235	89.000 	 26.892 	 64.950
FHW11235	89.125 	 26.892 	 64.950
FHW11235	89.250 	 26.892 	 64.950
FHW11235	89.375 	 26.892 	 64.950
FHW11235	89.500 	 26.890 	 64.950
FHW11235	89.625 	 26.892 	 64.950
FHW11235	89.750 	 26.892 	 64.950
FHW11235	89.875 	 26.892 	 64.950
FHW11235	90.000 	 26.892 	 64.950
FHW11235	90.125 	 26.892 	 64.950
FHW11235	90.250 	 29.126 	 66.693
FHW11235	90.375 	 30.892 	 67.900
FHW11235	90.500 	 30.893 	 67.900
FHW11235	90.625 	 30.893 	 67.900
FHW11235	90.750 	 30.893 	 67.900
FHW11235	90.875 	 30.892 	 67.900
FHW11235	91.000 	 30.893 	 67.900
FHW11235	91.125 	 30.893 	 67.900
FHW11235	91.250 	 30.893 	 67.900
FHW11235	91.375 	 30.893 	 67.900
FHW11235	91.500 	 30.892 	 67.900
FHW11235	91.625 	 30.893 	 67.901
FHW11235	91.750 	 30.893 	 67.900
FHW11235	91.875 	 30.893 	 67.900
FHW11235	92.000 	 30.892 	 67.900
FHW11235	92.125 	 30.893 	 67.900
FHW11235	92.250 	 30.893 	 67.901
FHW11235	92.375 	 30.893 	 67.900
FHW11235	92.500 	 30.891 	 67.900
FHW11235	92.625 	 30.893 	 67.900
FHW11235	92.750 	 30.893 	 67.900
FHW11235	92.875 	 30.893 	 67.901
FHW11235	93.000 	 30.893 	 67.900
FHW11235	93.125 	 30.892 	 67.900
FHW11235	93.250 	 30.893 	 67.900
FHW11235	93.375 	 30.893 	 67.900
FHW11235	93.500 	 30.893 	 67.901
FHW11235	93.625 	 30.892 	 67.900
FHW11235	93.750 	 30.893 	 67.900
FHW11235	93.875 	 30.893 	 67.900
FHW11235	94.000 	 30.893 	 67.900
FHW11235	94.125 	 30.893 	 67.900
FHW11235	94.250 	 30.892 	 67.900
FHW11235	94.375 	 30.893 	 67.900
FHW11235	94.500 	 30.893 	 67.900
FHW11235	94.625 	 30.893 	 67.900
FHW11235	94.750 	 30.892 	 67.901
FHW11235	94.875 	 30.893 	 67.900
FHW11235	95.000 	 30.893 	 67.900
FHW11235	95.125 	 30.893 	 67.900
FHW11235	95.250 	 30.893 	 67.900
FHW11235	95.375 	 30.892 	 67.901
FHW11235	95.500 	 30.893 	 67.900
FHW11235	95.625 	 30.893 	 67.900
FHW11235	95.750 	 30.893 	 67.900
FHW11235	95.875 	 30.892 	 67.900
FHW11235	96.000 	 30.893 	 67.901
FHW11235	96.125 	 30.893 	 67.900
FHW11235	96.250 	 30.893 	 67.900
FHW11235	96.375 	 30.892 	 67.900
FHW11235	96.500 	 30.893 	 67.900
FHW11235	96.625 	 30.893 	 67.901
FHW11235	96.750 	 30.893 	 67.900
FHW11235	96.875 	 30.893 	 67.900
FHW11235	97.000 	 30.892 	 67.900
FHW11235	97.125 	 30.893 	 67.900
FHW11235	97.250 	 30.893 	 67.901
FHW11235	97.375 	 30.893 	 67.900
FHW11235	97.500 	 30.892 	 67.900
FHW11235	97.625 	 30.893 	 67.899
FHW11235	97.750 	 30.894 	 67.901
FHW11235	97.875 	 30.893 	 67.900
FHW11235	98.000 	 30.892 	 67.900
FHW11235	98.125 	 30.893 	 67.900
FHW11235	98.250 	 30.893 	 67.900
FHW11235	98.375 	 30.893 	 67.900
FHW11235	98.500 	 30.893 	 67.901
FHW11235	98.625 	 30.892 	 67.900
FHW11235	98.750 	 30.893 	 67.900
FHW11235	98.875 	 30.893 	 67.900
FHW11235	99.000 	 30.893 	 67.900
FHW11235	99.125 	 34.673 	 69.848
FHW11235	99.250 	 35.005 	 70.001
FHW11235	99.375 	 35.005 	 70.000
FHW11235	99.500 	 35.002 	 70.000
FHW11235	99.625 	 35.005 	 70.000
FHW11235	99.750 	 35.004 	 70.000
FHW11235	99.875 	 35.003 	 70.001
FHW11235	100.000 	 35.004 	 70.000
FHW11235	100.125 	 35.005 	 70.000
FHW11235	100.250 	 35.005 	 70.000
FHW11235	100.375 	 35.002 	 70.000
FHW11235	100.500 	 35.005 	 70.000
FHW11235	100.625 	 35.004 	 70.000
FHW11235	100.750 	 35.003 	 70.000
FHW11235	100.875 	 35.004 	 70.000
FHW11235	101.000 	 35.005 	 70.000
FHW11235	101.125 	 35.003 	 70.000
FHW11235	101.250 	 35.004 	 70.000
FHW11235	101.375 	 35.005 	 70.000
FHW11235	101.500 	 35.002 	 70.000
FHW11235	101.625 	 35.005 	 70.000
FHW11235	101.750 	 35.004 	 70.000
FHW11235	101.875 	 35.005 	 70.001
FHW11235	102.000 	 35.003 	 70.000
FHW11235	102.125 	 35.004 	 70.000
FHW11235	102.250 	 35.005 	 70.000
FHW11235	102.375 	 35.002 	 70.000
FHW11235	102.500 	 35.005 	 70.001
FHW11235	102.625 	 35.004 	 70.000
FHW11235	102.750 	 35.003 	 70.000
FHW11235	102.875 	 35.004 	 70.000
FHW11235	103.000 	 35.005 	 70.000
FHW11235	103.125 	 35.003 	 70.000
FHW11235	103.250 	 35.004 	 70.000
FHW11235	103.375 	 35.005 	 70.000
FHW11235	103.500 	 35.004 	 70.000
FHW11235	103.625 	 35.003 	 70.000
FHW11235	103.750 	 35.004 	 70.000
FHW11235	103.875 	 35.005 	 70.001
FHW11235	104.000 	 35.003 	 70.000
FHW11235	104.125 	 35.004 	 70.000
FHW11235	104.250 	 35.005 	 70.000
FHW11235	104.375 	 35.002 	 70.000
FHW11235	104.500 	 35.005 	 70.000
FHW11235	104.625 	 35.004 	 70.000
FHW11235	104.750 	 35.003 	 70.000
FHW11235	104.875 	 35.005 	 70.000
FHW11235	105.000 	 35.004 	 70.000
FHW11235	105.125 	 35.005 	 70.000
FHW11235	105.250 	 35.002 	 70.000
FHW11235	105.375 	 35.005 	 70.000
FHW11235	105.500 	 35.004 	 70.000
FHW11235	105.625 	 35.003 	 70.000
FHW11235	105.750 	 35.005 	 70.000
FHW11235	105.875 	 35.004 	 70.000
FHW11235	106.000 	 35.003 	 70.001
FHW11235	106.125 	 35.004 	 70.000
FHW11235	106.250 	 35.005 	 70.000
FHW11235	106.375 	 35.002 	 70.000
FHW11235	106.500 	 35.005 	 70.000
FHW11235	106.625 	 35.005 	 70.001
FHW11235	106.750 	 35.002 	 70.000
FHW11235	106.875 	 35.005 	 70.000
FHW11235	107.000 	 35.004 	 70.000
FHW11235	107.125 	 35.005 	 70.000
FHW11235	107.250 	 35.002 	 70.000
FHW11235	107.375 	 35.005 	 70.001
FHW11235	107.500 	 35.005 	 70.000
FHW11235	107.625 	 35.002 	 70.000
FHW11235	107.750 	 35.005 	 70.000
FHW11235	107.875 	 36.091 	 70.881
FHW11235	108.000 	 38.919 	 72.950
FHW11235	108.125 	 38.919 	 72.951
FHW11235	108.250 	 38.919 	 72.950
FHW11235	108.375 	 38.919 	 72.950
FHW11235	108.500 	 38.919 	 72.951
FHW11235	108.625 	 38.919 	 72.950
FHW11235	108.750 	 38.918 	 72.950
FHW11235	108.875 	 38.919 	 72.950
FHW11235	109.000 	 38.919 	 72.950
FHW11235	109.125 	 38.921 	 72.951
FHW11235	109.250 	 38.919 	 72.950
FHW11235	109.375 	 38.919 	 72.950
FHW11235	109.500 	 38.919 	 72.951
FHW11235	109.625 	 38.919 	 72.950
FHW11235	109.750 	 38.918 	 72.949
FHW11235	109.875 	 38.919 	 72.951
FHW11235	110.000 	 38.919 	 72.950
FHW11235	110.125 	 38.919 	 72.950
FHW11235	110.250 	 38.919 	 72.951
FHW11235	110.375 	 38.919 	 72.950
FHW11235	110.500 	 38.919 	 72.950
FHW11235	110.625 	 38.919 	 72.951
FHW11235	110.750 	 38.918 	 72.949
FHW11235	110.875 	 38.919 	 72.951
FHW11235	111.000 	 38.919 	 72.950
FHW11235	111.125 	 38.919 	 72.950
FHW11235	111.250 	 38.919 	 72.951
FHW11235	111.375 	 38.919 	 72.950
FHW11235	111.500 	 38.919 	 72.950
FHW11235	111.625 	 38.918 	 72.950
FHW11235	111.750 	 38.919 	 72.950
FHW11235	111.875 	 38.919 	 72.950
FHW11235	112.000 	 38.919 	 72.951
FHW11235	112.125 	 38.919 	 72.950
FHW11235	112.250 	 38.919 	 72.950
FHW11235	112.375 	 38.919 	 72.951
FHW11235	112.500 	 38.918 	 72.949
FHW11235	112.625 	 38.919 	 72.951
FHW11235	112.750 	 38.919 	 72.950
FHW11235	112.875 	 38.919 	 72.950
FHW11235	113.000 	 38.919 	 72.951
FHW11235	113.125 	 38.919 	 72.950
FHW11235	113.250 	 38.919 	 72.950
FHW11235	113.375 	 38.919 	 72.951
FHW11235	113.500 	 38.919 	 72.950
FHW11235	113.625 	 38.918 	 72.949
FHW11235	113.750 	 38.919 	 72.951
FHW11235	113.875 	 38.919 	 72.950
FHW11235	114.000 	 38.919 	 72.950
FHW11235	114.125 	 38.919 	 72.951
FHW11235	114.250 	 38.919 	 72.950
FHW11235	114.375 	 38.919 	 72.950
FHW11235	114.500 	 38.918 	 72.950
FHW11235	114.625 	 38.919 	 72.950
FHW11235	114.750 	 38.919 	 72.950
FHW11235	114.875 	 38.919 	 72.951
FHW11235	115.000 	 38.919 	 72.950
FHW11235	115.125 	 38.919 	 72.951
FHW11235	115.250 	 38.919 	 72.950
FHW11235	115.375 	 38.918 	 72.949
FHW11235	115.500 	 38.919 	 72.951
FHW11235	115.625 	 38.918 	 72.949
FHW11235	115.750 	 38.919 	 72.950
FHW11235	115.875 	 38.921 	 72.951
FHW11235	116.000 	 38.919 	 72.950
FHW11235	116.125 	 38.919 	 72.951
FHW11235	116.250 	 38.918 	 72.949
FHW11235	116.375 	 38.919 	 72.950
FHW11235	116.500 	 38.918 	 72.950
FHW11235	116.625 	 38.919 	 72.950
FHW11235	116.750 	 41.044 	 75.441
FHW11235	116.875 	 42.259 	 76.750
FHW11235	117.000 	 42.262 	 76.750
FHW11235	117.125 	 42.260 	 76.751
FHW11235	117.250 	 42.262 	 76.750
FHW11235	117.375 	 42.260 	 76.750
FHW11235	117.500 	 42.262 	 76.750
FHW11235	117.625 	 42.260 	 76.750
FHW11235	117.750 	 42.262 	 76.750
FHW11235	117.875 	 42.259 	 76.750
FHW11235	118.000 	 42.262 	 76.751
FHW11235	118.125 	 42.260 	 76.750
FHW11235	118.250 	 42.262 	 76.750
FHW11235	118.375 	 42.260 	 76.750
FHW11235	118.500 	 42.259 	 76.750
FHW11235	118.625 	 42.262 	 76.750
FHW11235	118.750 	 42.260 	 76.750
FHW11235	118.875 	 42.262 	 76.750
FHW11235	119.000 	 42.260 	 76.751
FHW11235	119.125 	 42.262 	 76.750
FHW11235	119.250 	 42.260 	 76.750
FHW11235	119.375 	 42.262 	 76.751
FHW11235	119.500 	 42.259 	 76.750
FHW11235	119.625 	 42.262 	 76.750
FHW11235	119.750 	 42.259 	 76.750
FHW11235	119.875 	 42.262 	 76.751
FHW11235	120.000 	 42.259 	 76.750
FHW11235	120.125 	 42.262 	 76.750
FHW11235	120.250 	 42.260 	 76.750
FHW11235	120.375 	 42.262 	 76.750
FHW11235	120.500 	 42.260 	 76.750
FHW11235	120.625 	 42.262 	 76.750
FHW11235	120.750 	 42.259 	 76.750
FHW11235	120.875 	 42.262 	 76.751
FHW11235	121.000 	 42.259 	 76.750
FHW11235	121.125 	 42.262 	 76.750
FHW11235	121.250 	 42.260 	 76.751
FHW11235	121.375 	 42.262 	 76.750
FHW11235	121.500 	 42.260 	 76.750
FHW11235	121.625 	 42.262 	 76.750
FHW11235	121.750 	 42.260 	 76.751
FHW11235	121.875 	 42.262 	 76.750
FHW11235	122.000 	 42.259 	 76.750
FHW11235	122.125 	 42.260 	 76.751
FHW11235	122.250 	 42.262 	 76.750
FHW11235	122.375 	 42.260 	 76.750
FHW11235	122.500 	 42.262 	 76.750
FHW11235	122.625 	 42.260 	 76.751
FHW11235	122.750 	 42.262 	 76.750
FHW11235	122.875 	 42.259 	 76.750
FHW11235	123.000 	 42.262 	 76.750
FHW11235	123.125 	 42.261 	 76.751
FHW11235	123.250 	 42.262 	 76.750
FHW11235	123.375 	 42.259 	 76.750
FHW11235	123.500 	 42.263 	 76.750
FHW11235	123.625 	 42.259 	 76.750
FHW11235	123.750 	 42.262 	 76.750
FHW11235	123.875 	 42.261 	 76.750
FHW11235	124.000 	 42.262 	 76.750
FHW11235	124.125 	 42.259 	 76.750
FHW11235	124.250 	 42.263 	 76.750
FHW11235	124.375 	 42.259 	 76.750
FHW11235	124.500 	 42.262 	 76.750
FHW11235	124.625 	 42.259 	 76.750
FHW11235	124.750 	 42.261 	 76.750
FHW11235	124.875 	 42.262 	 76.750
FHW11235	125.000 	 42.262 	 76.750
FHW11235	125.125 	 42.261 	 76.750
FHW11235	125.250 	 43.093 	 77.392
FHW11235	125.375 	 45.749 	 79.300
FHW11235	125.500 	 45.747 	 79.300
FHW11235	125.625 	 45.749 	 79.300
FHW11235	125.750 	 45.749 	 79.300
FHW11235	125.875 	 45.749 	 79.300
FHW11235	126.000 	 45.747 	 79.300
FHW11235	126.125 	 45.749 	 79.300
FHW11235	126.250 	 45.749 	 79.300
FHW11235	126.375 	 45.749 	 79.300
FHW11235	126.500 	 45.749 	 79.300
FHW11235	126.625 	 45.747 	 79.300
FHW11235	126.750 	 45.749 	 79.300
FHW11235	126.875 	 45.749 	 79.300
FHW11235	127.000 	 45.749 	 79.300
FHW11235	127.125 	 45.747 	 79.300
FHW11235	127.250 	 45.749 	 79.300
FHW11235	127.375 	 45.749 	 79.300
FHW11235	127.500 	 45.751 	 79.300
FHW11235	127.625 	 45.747 	 79.300
FHW11235	127.750 	 45.749 	 79.300
FHW11235	127.875 	 45.749 	 79.300
FHW11235	128.000 	 45.749 	 79.300
FHW11235	128.125 	 45.747 	 79.300
FHW11235	128.250 	 45.749 	 79.300
FHW11235	128.375 	 45.749 	 79.300
FHW11235	128.500 	 45.749 	 79.300
FHW11235	128.625 	 45.749 	 79.300
FHW11235	128.750 	 45.747 	 79.300
FHW11235	128.875 	 45.749 	 79.300
FHW11235	129.000 	 45.749 	 79.300
FHW11235	129.125 	 45.749 	 79.300
FHW11235	129.250 	 45.747 	 79.300
FHW11235	129.375 	 45.749 	 79.300
FHW11235	129.500 	 45.749 	 79.300
FHW11235	129.625 	 45.749 	 79.300
FHW11235	129.750 	 45.747 	 79.300
FHW11235	129.875 	 45.749 	 79.300
FHW11235	130.000 	 45.749 	 79.300
FHW11235	130.125 	 45.749 	 79.300
FHW11235	130.250 	 45.748 	 79.300
FHW11235	130.375 	 45.749 	 79.300
FHW11235	130.500 	 45.749 	 79.300
FHW11235	130.625 	 45.749 	 79.300
FHW11235	130.750 	 45.747 	 79.300
FHW11235	130.875 	 45.749 	 79.300
FHW11235	131.000 	 45.749 	 79.300
FHW11235	131.125 	 45.749 	 79.300
FHW11235	131.250 	 45.749 	 79.300
FHW11235	131.375 	 45.747 	 79.300
FHW11235	131.500 	 45.749 	 79.300
FHW11235	131.625 	 45.749 	 79.300
FHW11235	131.750 	 45.749 	 79.300
FHW11235	131.875 	 45.747 	 79.300
FHW11235	132.000 	 45.749 	 79.300
FHW11235	132.125 	 45.749 	 79.300
FHW11235	132.250 	 45.749 	 79.300
FHW11235	132.375 	 45.747 	 79.300
FHW11235	132.500 	 45.749 	 79.300
FHW11235	132.625 	 45.749 	 79.300
FHW11235	132.750 	 45.749 	 79.300
FHW11235	132.875 	 45.747 	 79.300
FHW11235	133.000 	 45.751 	 79.301
FHW11235	133.125 	 45.749 	 79.300
FHW11235	133.250 	 45.749 	 79.300
FHW11235	133.375 	 45.749 	 79.300
FHW11235	133.500 	 45.747 	 79.300
FHW11235	133.625 	 45.749 	 79.300
FHW11235	133.750 	 45.749 	 79.300
FHW11235	133.875 	 45.749 	 79.300
FHW11235	134.000 	 49.851 	 80.695
FHW11235	134.125 	 50.026 	 80.750
FHW11235	134.250 	 50.026 	 80.750
FHW11235	134.375 	 50.022 	 80.750
FHW11235	134.500 	 50.026 	 80.750
FHW11235	134.625 	 50.025 	 80.750
FHW11235	134.750 	 50.026 	 80.750
FHW11235	134.875 	 50.022 	 80.750
FHW11235	135.000 	 50.026 	 80.750
FHW11235	135.125 	 50.025 	 80.750
FHW11235	135.250 	 50.026 	 80.750
FHW11235	135.375 	 50.023 	 80.750
FHW11235	135.500 	 50.025 	 80.750
FHW11235	135.625 	 50.026 	 80.750
FHW11235	135.750 	 50.025 	 80.750
FHW11235	135.875 	 50.023 	 80.750
FHW11235	136.000 	 50.025 	 80.750
FHW11235	136.125 	 50.026 	 80.750
FHW11235	136.250 	 50.025 	 80.750
FHW11235	136.375 	 50.023 	 80.750
FHW11235	136.500 	 50.025 	 80.750
FHW11235	136.625 	 50.026 	 80.750
FHW11235	136.750 	 50.025 	 80.750
FHW11235	136.875 	 50.023 	 80.750
FHW11235	137.000 	 50.026 	 80.750
FHW11235	137.125 	 50.025 	 80.750
FHW11235	137.250 	 50.026 	 80.750
FHW11235	137.375 	 50.025 	 80.750
FHW11235	137.500 	 50.023 	 80.750
FHW11235	137.625 	 50.025 	 80.750
FHW11235	137.750 	 50.026 	 80.750
FHW11235	137.875 	 50.025 	 80.750
FHW11235	138.000 	 50.023 	 80.750
FHW11235	138.125 	 50.026 	 80.750
FHW11235	138.250 	 50.025 	 80.750
FHW11235	138.375 	 50.026 	 80.750
FHW11235	138.500 	 50.022 	 80.750
FHW11235	138.625 	 50.026 	 80.750
FHW11235	138.750 	 50.025 	 80.750
FHW11235	138.875 	 50.026 	 80.750
FHW11235	139.000 	 50.022 	 80.750
FHW11235	139.125 	 50.026 	 80.750
FHW11235	139.250 	 50.025 	 80.750
FHW11235	139.375 	 50.026 	 80.750
FHW11235	139.500 	 50.022 	 80.750
FHW11235	139.625 	 50.026 	 80.750
FHW11235	139.750 	 50.026 	 80.750
FHW11235	139.875 	 50.024 	 80.750
FHW11235	140.000 	 50.023 	 80.750
FHW11235	140.125 	 50.024 	 80.750
FHW11235	140.250 	 50.026 	 80.750
FHW11235	140.375 	 50.024 	 80.750
FHW11235	140.500 	 50.023 	 80.750
FHW11235	140.625 	 50.024 	 80.750
FHW11235	140.750 	 50.026 	 80.750
FHW11235	140.875 	 50.026 	 80.750
FHW11235	141.000 	 50.022 	 80.750
FHW11235	141.125 	 50.026 	 80.750
FHW11235	141.250 	 50.024 	 80.750
FHW11235	141.375 	 50.026 	 80.750
FHW11235	141.500 	 50.022 	 80.750
FHW11235	141.625 	 50.026 	 80.750
FHW11235	141.750 	 50.025 	 80.749
FHW11235	141.875 	 50.026 	 80.751
FHW11235	142.000 	 50.026 	 80.750
FHW11235	142.125 	 50.022 	 80.750
FHW11235	142.250 	 50.026 	 80.750
FHW11235	142.375 	 50.024 	 80.750
FHW11235	142.500 	 50.023 	 80.750
FHW11235	142.625 	 50.571 	 80.864
FHW11235	142.750 	 54.581 	 81.650
FHW11235	142.875 	 54.580 	 81.650
FHW11235	143.000 	 54.580 	 81.651
FHW11235	143.125 	 54.580 	 81.650
FHW11235	143.250 	 54.580 	 81.650
FHW11235	143.375 	 54.581 	 81.651
FHW11235	143.500 	 54.580 	 81.650
FHW11235	143.625 	 54.580 	 81.651
FHW11235	143.750 	 54.580 	 81.650
FHW11235	143.875 	 54.580 	 81.650
FHW11235	144.000 	 54.581 	 81.651
FHW11235	144.125 	 54.577 	 81.650
FHW11235	144.250 	 54.583 	 81.651
FHW11235	144.375 	 54.577 	 81.650
FHW11235	144.500 	 54.583 	 81.650
FHW11235	144.625 	 54.577 	 81.651
FHW11235	144.750 	 54.584 	 81.650
FHW11235	144.875 	 54.577 	 81.650
FHW11235	145.000 	 54.583 	 81.651
FHW11235	145.125 	 54.577 	 81.650
FHW11235	145.250 	 54.583 	 81.651
FHW11235	145.375 	 54.578 	 81.650
FHW11235	145.500 	 54.583 	 81.650
FHW11235	145.625 	 54.577 	 81.651
FHW11235	145.750 	 54.577 	 81.650
FHW11235	145.875 	 54.583 	 81.650
FHW11235	146.000 	 54.578 	 81.651
FHW11235	146.125 	 54.583 	 81.650
FHW11235	146.250 	 54.577 	 81.651
FHW11235	146.375 	 54.583 	 81.650
FHW11235	146.500 	 54.577 	 81.650
FHW11235	146.625 	 54.584 	 81.651
FHW11235	146.750 	 54.577 	 81.650
FHW11235	146.875 	 54.583 	 81.651
FHW11235	147.000 	 54.577 	 81.650
FHW11235	147.125 	 54.583 	 81.650
FHW11235	147.250 	 54.578 	 81.651
FHW11235	147.375 	 54.583 	 81.650
FHW11235	147.500 	 54.577 	 81.650
FHW11235	147.625 	 54.583 	 81.651
FHW11235	147.750 	 54.577 	 81.650
FHW11235	147.875 	 54.584 	 81.650
FHW11235	148.000 	 54.577 	 81.651
FHW11235	148.125 	 54.583 	 81.650
FHW11235	148.250 	 54.577 	 81.651
FHW11235	148.375 	 54.583 	 81.650
FHW11235	148.500 	 54.577 	 81.650
FHW11235	148.625 	 54.584 	 81.651
FHW11235	148.750 	 54.577 	 81.650
FHW11235	148.875 	 54.583 	 81.651
FHW11235	149.000 	 54.577 	 81.650
FHW11235	149.125 	 54.583 	 81.650
FHW11235	149.250 	 54.577 	 81.651
FHW11235	149.375 	 54.578 	 81.650
FHW11235	149.500 	 54.583 	 81.650
FHW11235	149.625 	 54.577 	 81.651
FHW11235	149.750 	 54.583 	 81.650
FHW11235	149.875 	 54.577 	 81.651
FHW11235	150.000 	 54.584 	 81.650
FHW11235	150.125 	 54.577 	 81.650
FHW11235	150.250 	 54.583 	 81.651
FHW11235	150.375 	 54.577 	 81.650
FHW11235	150.500 	 54.583 	 81.650
FHW11235	150.625 	 54.578 	 81.651
FHW11235	150.750 	 54.583 	 81.650
FHW11235	150.875 	 54.577 	 81.651
FHW11235	151.000 	 54.583 	 81.650
FHW11235	151.125 	 54.577 	 81.650
FHW11235	151.250 	 54.584 	 81.651
FHW11235	151.375 	 54.577 	 81.650
FHW11235	151.500 	 57.229 	 81.851
FHW11235	151.625 	 59.302 	 81.999
FHW11235	151.750 	 59.308 	 82.000
FHW11235	151.875 	 59.301 	 82.000
FHW11235	152.000 	 59.308 	 82.000
FHW11235	152.125 	 59.301 	 82.000
FHW11235	152.250 	 59.308 	 82.000
FHW11235	152.375 	 59.302 	 82.000
FHW11235	152.500 	 59.308 	 82.000
FHW11235	152.625 	 59.302 	 82.000
FHW11235	152.750 	 59.308 	 81.999
FHW11235	152.875 	 59.302 	 82.001
FHW11235	153.000 	 59.308 	 81.999
FHW11235	153.125 	 59.302 	 82.000
FHW11235	153.250 	 59.308 	 82.000
FHW11235	153.375 	 59.302 	 82.000
FHW11235	153.500 	 59.308 	 82.000
FHW11235	153.625 	 59.301 	 82.000
FHW11235	153.750 	 59.308 	 82.000
FHW11235	153.875 	 59.301 	 82.000
FHW11235	154.000 	 59.308 	 82.000
FHW11235	154.125 	 59.302 	 81.999
FHW11235	154.250 	 59.308 	 82.001
FHW11235	154.375 	 59.302 	 81.999
FHW11235	154.500 	 59.308 	 82.000
FHW11235	154.625 	 59.302 	 82.001
FHW11235	154.750 	 59.308 	 81.999
FHW11235	154.875 	 59.302 	 82.000
FHW11235	155.000 	 59.308 	 82.000
FHW11235	155.125 	 59.302 	 82.000
FHW11235	155.250 	 59.308 	 81.999
FHW11235	155.375 	 59.302 	 82.001
FHW11235	155.500 	 59.308 	 82.000
FHW11235	155.625 	 59.301 	 82.000
FHW11235	155.750 	 59.308 	 82.000
FHW11235	155.875 	 59.302 	 81.999
FHW11235	156.000 	 59.308 	 82.001
FHW11235	156.125 	 59.302 	 81.999
FHW11235	156.250 	 59.308 	 82.000
FHW11235	156.375 	 59.301 	 82.000
FHW11235	156.500 	 59.308 	 82.000
FHW11235	156.625 	 59.302 	 81.999
FHW11235	156.750 	 59.308 	 82.001
FHW11235	156.875 	 59.302 	 82.000
FHW11235	157.000 	 59.308 	 81.999
FHW11235	157.125 	 59.302 	 82.001
FHW11235	157.250 	 59.308 	 81.999
FHW11235	157.375 	 59.302 	 82.000
FHW11235	157.500 	 59.301 	 82.000
FHW11235	157.625 	 59.308 	 82.000
FHW11235	157.750 	 59.302 	 82.001
FHW11235	157.875 	 59.308 	 81.999
FHW11235	158.000 	 59.302 	 82.000
FHW11235	158.125 	 59.308 	 82.000
FHW11235	158.250 	 59.302 	 82.000
FHW11235	158.375 	 59.308 	 81.999
FHW11235	158.500 	 59.302 	 82.001
FHW11235	158.625 	 59.308 	 82.000
FHW11235	158.750 	 59.302 	 81.999
FHW11235	158.875 	 59.308 	 82.001
FHW11235	159.000 	 59.302 	 81.999
FHW11235	159.125 	 59.308 	 82.000
FHW11235	159.250 	 59.301 	 82.000
FHW11235	159.375 	 59.308 	 82.000
FHW11235	159.500 	 59.302 	 82.001
FHW11235	159.625 	 59.308 	 81.999
FHW11235	159.750 	 59.302 	 81.999
FHW11235	159.875 	 59.308 	 82.001
FHW11235	160.000 	 59.302 	 82.000
FHW11235	160.125 	 59.308 	 81.999
FHW11235	160.250 	 59.302 	 82.001
FHW11235	160.375 	 59.308 	 81.999
FHW11235	160.500 	 59.302 	 82.000
FHW11235	160.625 	 59.308 	 82.000
FHW11235	160.750 	 63.111 	 81.839
FHW11235	160.875 	 64.070 	 81.800
FHW11235	161.000 	 64.063 	 81.799
FHW11235	161.125 	 64.064 	 81.801
FHW11235	161.250 	 64.063 	 81.799
FHW11235	161.375 	 64.064 	 81.801
FHW11235	161.500 	 64.070 	 81.799
FHW11235	161.625 	 64.064 	 81.800
FHW11235	161.750 	 64.063 	 81.800
FHW11235	161.875 	 64.064 	 81.800
FHW11235	162.000 	 64.063 	 81.799
FHW11235	162.125 	 64.070 	 81.801
FHW11235	162.250 	 64.063 	 81.799
FHW11235	162.375 	 64.064 	 81.801
FHW11235	162.500 	 64.063 	 81.799
FHW11235	162.625 	 64.064 	 81.800
FHW11235	162.750 	 64.069 	 81.800
FHW11235	162.875 	 64.064 	 81.800
FHW11235	163.000 	 64.063 	 81.799
FHW11235	163.125 	 64.064 	 81.801
FHW11235	163.250 	 64.063 	 81.799
FHW11235	163.375 	 64.070 	 81.801
FHW11235	163.500 	 64.063 	 81.799
FHW11235	163.625 	 64.064 	 81.800
FHW11235	163.750 	 64.063 	 81.800
FHW11235	163.875 	 64.063 	 81.799
FHW11235	164.000 	 64.071 	 81.800
FHW11235	164.125 	 64.063 	 81.800
FHW11235	164.250 	 64.063 	 81.799
FHW11235	164.375 	 64.063 	 81.800
FHW11235	164.500 	 64.065 	 81.800
FHW11235	164.625 	 64.070 	 81.799
FHW11235	164.750 	 64.063 	 81.800
FHW11235	164.875 	 64.063 	 81.799
FHW11235	165.000 	 64.065 	 81.800
FHW11235	165.125 	 64.063 	 81.800
FHW11235	165.250 	 64.070 	 81.799
FHW11235	165.375 	 64.063 	 81.800
FHW11235	165.500 	 64.065 	 81.800
FHW11235	165.625 	 64.063 	 81.799
FHW11235	165.750 	 64.063 	 81.800
FHW11235	165.875 	 64.063 	 81.799
FHW11235	166.000 	 64.071 	 81.800
FHW11235	166.125 	 64.063 	 81.800
FHW11235	166.250 	 64.063 	 81.799
FHW11235	166.375 	 64.063 	 81.800
FHW11235	166.500 	 64.065 	 81.800
FHW11235	166.625 	 64.070 	 81.799
FHW11235	166.750 	 64.063 	 81.800
FHW11235	166.875 	 64.065 	 81.800
FHW11235	167.000 	 64.063 	 81.800
FHW11235	167.125 	 64.063 	 81.799
FHW11235	167.250 	 64.070 	 81.799
FHW11235	167.375 	 64.063 	 81.800
FHW11235	167.500 	 64.065 	 81.800
FHW11235	167.625 	 64.063 	 81.799
FHW11235	167.750 	 64.063 	 81.800
FHW11235	167.875 	 64.071 	 81.800
FHW11235	168.000 	 64.063 	 81.799
FHW11235	168.125 	 64.063 	 81.800
FHW11235	168.250 	 64.063 	 81.799
FHW11235	168.375 	 64.063 	 81.800
FHW11235	168.500 	 64.071 	 81.800
FHW11235	168.625 	 64.063 	 81.799
FHW11235	168.750 	 64.063 	 81.800
FHW11235	168.875 	 64.065 	 81.800
FHW11235	169.000 	 64.063 	 81.800
FHW11235	169.125 	 64.070 	 81.799
FHW11235	169.250 	 64.063 	 81.799
FHW11235	169.375 	 64.063 	 81.800
FHW11235	169.500 	 64.065 	 81.800
FHW11235	169.625 	 64.063 	 81.799
FHW11235	169.750 	 64.069 	 81.800
FHW11235	169.875 	 64.065 	 81.800
FHW11235	170.000 	 64.063 	 81.799
FHW11235	170.125 	 65.900 	 81.442
FHW11235	170.250 	 68.250 	 81.000
FHW11235	170.375 	 68.243 	 80.999
FHW11235	170.500 	 68.243 	 81.000
FHW11235	170.625 	 68.250 	 81.000
FHW11235	170.750 	 68.243 	 81.000
FHW11235	170.875 	 68.242 	 81.000
FHW11235	171.000 	 68.243 	 81.000
FHW11235	171.125 	 68.250 	 81.000
FHW11235	171.250 	 68.243 	 81.000
FHW11235	171.375 	 68.243 	 81.000
FHW11235	171.500 	 68.243 	 80.999
FHW11235	171.625 	 68.250 	 81.000
FHW11235	171.750 	 68.243 	 81.000
FHW11235	171.875 	 68.243 	 81.000
FHW11235	172.000 	 68.243 	 81.000
FHW11235	172.125 	 68.250 	 81.000
FHW11235	172.250 	 68.242 	 81.000
FHW11235	172.375 	 68.243 	 81.000
FHW11235	172.500 	 68.250 	 81.000
FHW11235	172.625 	 68.243 	 80.999
FHW11235	172.750 	 68.243 	 81.000
FHW11235	172.875 	 68.243 	 81.000
FHW11235	173.000 	 68.250 	 81.000
FHW11235	173.125 	 68.243 	 81.000
FHW11235	173.250 	 68.243 	 81.000
FHW11235	173.375 	 68.243 	 81.000
FHW11235	173.500 	 68.250 	 81.000
FHW11235	173.625 	 68.242 	 81.000
FHW11235	173.750 	 68.243 	 80.999
FHW11235	173.875 	 68.243 	 81.000
FHW11235	174.000 	 68.250 	 81.000
FHW11235	174.125 	 68.243 	 81.000
FHW11235	174.250 	 68.243 	 81.000
FHW11235	174.375 	 68.250 	 81.000
FHW11235	174.500 	 68.243 	 81.000
FHW11235	174.625 	 68.243 	 81.000
FHW11235	174.750 	 68.243 	 81.000
FHW11235	174.875 	 68.250 	 80.999
FHW11235	175.000 	 68.242 	 81.000
FHW11235	175.125 	 68.243 	 81.000
FHW11235	175.250 	 68.243 	 81.000
FHW11235	175.375 	 68.250 	 81.000
FHW11235	175.500 	 68.243 	 81.000
FHW11235	175.625 	 68.243 	 81.000
FHW11235	175.750 	 68.243 	 81.000
FHW11235	175.875 	 68.250 	 81.000
FHW11235	176.000 	 68.243 	 80.999
FHW11235	176.125 	 68.243 	 81.000
FHW11235	176.250 	 68.250 	 81.000
FHW11235	176.375 	 68.243 	 81.000
FHW11235	176.500 	 68.242 	 81.000
FHW11235	176.625 	 68.243 	 81.000
FHW11235	176.750 	 68.250 	 81.000
FHW11235	176.875 	 68.243 	 81.000
FHW11235	177.000 	 68.243 	 81.000
FHW11235	177.125 	 68.243 	 80.999
FHW11235	177.250 	 68.250 	 81.000
FHW11235	177.375 	 68.243 	 81.000
FHW11235	177.500 	 68.243 	 81.000
FHW11235	177.625 	 68.243 	 81.000
FHW11235	177.750 	 68.250 	 81.000
FHW11235	177.875 	 68.243 	 81.000
FHW11235	178.000 	 68.242 	 81.000
FHW11235	178.125 	 68.250 	 80.999
FHW11235	178.250 	 68.243 	 81.000
FHW11235	178.375 	 68.243 	 81.000
FHW11235	178.500 	 68.243 	 81.000
FHW11235	178.625 	 68.250 	 81.000
FHW11235	178.750 	 68.243 	 81.000
FHW11235	178.875 	 68.243 	 81.000
FHW11235	179.000 	 68.243 	 81.000
FHW11235	179.125 	 68.250 	 81.000
FHW11235	179.250 	 68.243 	 81.000
FHW11235	179.375 	 68.242 	 80.999
FHW11235	179.500 	 68.982 	 80.732
FHW11235	179.625 	 71.316 	 79.900
FHW11235	179.750 	 71.317 	 79.900
FHW11235	179.875 	 71.316 	 79.900
FHW11235	180.000 	 71.310 	 79.900
FHW11235	180.125 	 71.317 	 79.900
FHW11235	180.250 	 71.316 	 79.900
FHW11235	180.375 	 71.317 	 79.900
FHW11235	180.500 	 71.309 	 79.900
FHW11235	180.625 	 71.317 	 79.899
FHW11235	180.750 	 71.316 	 79.900
FHW11235	180.875 	 71.317 	 79.900
FHW11235	181.000 	 71.309 	 79.900
FHW11235	181.125 	 71.317 	 79.900
FHW11235	181.250 	 71.317 	 79.900
FHW11235	181.375 	 71.316 	 79.900
FHW11235	181.500 	 71.310 	 79.900
FHW11235	181.625 	 71.316 	 79.900
FHW11235	181.750 	 71.317 	 79.900
FHW11235	181.875 	 71.316 	 79.899
FHW11235	182.000 	 71.317 	 79.900
FHW11235	182.125 	 71.310 	 79.900
FHW11235	182.250 	 71.316 	 79.900
FHW11235	182.375 	 71.317 	 79.900
FHW11235	182.500 	 71.316 	 79.900
FHW11235	182.625 	 71.310 	 79.900
FHW11235	182.750 	 71.316 	 79.900
FHW11235	182.875 	 71.317 	 79.900
FHW11235	183.000 	 71.316 	 79.900
FHW11235	183.125 	 71.310 	 79.899
FHW11235	183.250 	 71.317 	 79.900
FHW11235	183.375 	 71.316 	 79.900
FHW11235	183.500 	 71.317 	 79.900
FHW11235	183.625 	 71.309 	 79.900
FHW11235	183.750 	 71.317 	 79.900
FHW11235	183.875 	 71.316 	 79.900
FHW11235	184.000 	 71.317 	 79.900
FHW11235	184.125 	 71.316 	 79.900
FHW11235	184.250 	 71.310 	 79.899
FHW11235	184.375 	 71.317 	 79.900
FHW11235	184.500 	 71.316 	 79.900
FHW11235	184.625 	 71.317 	 79.900
FHW11235	184.750 	 71.309 	 79.900
FHW11235	184.875 	 71.317 	 79.900
FHW11235	185.000 	 71.316 	 79.900
FHW11235	185.125 	 71.317 	 79.900
FHW11235	185.250 	 71.310 	 79.900
FHW11235	185.375 	 71.316 	 79.900
FHW11235	185.500 	 71.317 	 79.899
FHW11235	185.625 	 71.316 	 79.900
FHW11235	185.750 	 71.310 	 79.900
FHW11235	185.875 	 71.316 	 79.900
FHW11235	186.000 	 71.317 	 79.900
FHW11235	186.125 	 73.073 	 79.099
FHW11235	186.250 	 73.074 	 79.101
FHW11235	186.375 	 73.080 	 79.099
FHW11235	186.500 	 73.073 	 79.100
FHW11235	186.625 	 73.073 	 79.099
FHW11235	186.750 	 73.074 	 79.100
FHW11235	186.875 	 73.073 	 79.100
FHW11235	187.000 	 73.073 	 79.099
FHW11235	187.125 	 73.074 	 79.101
FHW11235	187.250 	 73.080 	 79.099
FHW11235	187.375 	 73.073 	 79.099
FHW11235	187.500 	 73.074 	 79.101
FHW11235	187.625 	 73.073 	 79.099
FHW11235	187.750 	 73.073 	 79.100
FHW11235	187.875 	 73.073 	 79.099
FHW11235	188.000 	 73.081 	 79.101
FHW11235	188.125 	 73.073 	 79.099
FHW11235	188.250 	 73.073 	 79.099
FHW11235	188.375 	 73.074 	 79.101
FHW11235	188.500 	 73.073 	 79.099
FHW11235	188.625 	 73.073 	 79.100
FHW11235	188.750 	 73.081 	 79.100
FHW11235	188.875 	 73.291 	 78.943
FHW11235	189.000 	 74.905 	 77.799
FHW11235	189.125 	 74.906 	 77.800
FHW11235	189.250 	 74.898 	 77.800
FHW11235	189.375 	 74.905 	 77.799
FHW11235	189.500 	 74.905 	 77.800
FHW11235	189.625 	 74.905 	 77.799
FHW11235	189.750 	 74.906 	 77.800
FHW11235	189.875 	 74.905 	 77.800
FHW11235	190.000 	 74.898 	 77.799
FHW11235	190.125 	 74.905 	 77.799
FHW11235	190.250 	 74.906 	 77.801
FHW11235	190.375 	 74.905 	 77.799
FHW11235	190.500 	 74.905 	 77.800
FHW11235	190.625 	 74.898 	 77.799
FHW11235	190.750 	 74.906 	 77.800
FHW11235	190.875 	 74.905 	 77.800
FHW11235	191.000 	 74.905 	 77.799
FHW11235	191.125 	 74.905 	 77.799
FHW11235	191.250 	 74.898 	 77.800
FHW11235	191.375 	 74.906 	 77.800
FHW11235	191.500 	 74.905 	 77.799
FHW11235	191.625 	 74.905 	 77.800
FHW11235	191.750 	 74.905 	 77.799
FHW11235	191.875 	 74.906 	 77.801
FHW11235	192.000 	 74.898 	 77.799
FHW11235	192.125 	 74.905 	 77.799
FHW11235	192.250 	 74.905 	 77.800
FHW11235	192.375 	 74.906 	 77.800
FHW11235	192.500 	 74.905 	 77.799
FHW11235	192.625 	 74.898 	 77.800
FHW11235	192.750 	 74.905 	 77.799
FHW11235	192.875 	 74.906 	 77.801
FHW11235	193.000 	 74.905 	 77.799
FHW11235	193.125 	 74.905 	 77.799
FHW11235	193.250 	 74.905 	 77.800
FHW11235	193.375 	 74.899 	 77.800
FHW11235	193.500 	 74.905 	 77.799
FHW11235	193.625 	 74.905 	 77.800
FHW11235	193.750 	 74.905 	 77.799
FHW11235	193.875 	 74.905 	 77.799
FHW11235	194.000 	 74.899 	 77.801
FHW11235	194.125 	 74.905 	 77.799
FHW11235	194.250 	 74.905 	 77.800
FHW11235	194.375 	 74.905 	 77.799
FHW11235	194.500 	 74.906 	 77.800
FHW11235	194.625 	 74.898 	 77.800
FHW11235	194.750 	 74.905 	 77.799
FHW11235	194.875 	 74.905 	 77.800
FHW11235	195.000 	 74.906 	 77.800
FHW11235	195.125 	 74.905 	 77.799
FHW11235	195.250 	 74.905 	 77.800
FHW11235	195.375 	 74.898 	 77.799
FHW11235	195.500 	 74.905 	 77.799
FHW11235	195.625 	 74.906 	 77.801
FHW11235	195.750 	 74.905 	 77.799
FHW11235	195.875 	 74.905 	 77.799
FHW11235	196.000 	 74.898 	 77.800
FHW11235	196.125 	 74.906 	 77.800
FHW11235	196.250 	 74.905 	 77.800
FHW11235	196.375 	 74.905 	 77.799
FHW11235	196.500 	 74.905 	 77.799
FHW11235	196.625 	 74.906 	 77.801
FHW11235	196.750 	 74.898 	 77.799
FHW11235	196.875 	 74.905 	 77.799
FHW11235	197.000 	 74.905 	 77.800
FHW11235	197.125 	 74.906 	 77.800
FHW11235	197.250 	 74.905 	 77.800
FHW11235	197.375 	 74.898 	 77.799
FHW11235	197.500 	 74.905 	 77.799
FHW11235	197.625 	 74.906 	 77.801
FHW11235	197.750 	 74.905 	 77.799
FHW11235	197.875 	 74.905 	 77.799
FHW11235	198.000 	 74.898 	 77.800
FHW11235	198.125 	 74.905 	 77.799
FHW11235	198.250 	 74.906 	 77.801
FHW11235	198.375 	 74.905 	 77.799
FHW11235	198.500 	 77.018 	 76.738
FHW11235	198.625 	 78.207 	 76.151
FHW11235	198.750 	 78.213 	 76.149
FHW11235	198.875 	 78.207 	 76.150
FHW11235	199.000 	 78.213 	 76.150
FHW11235	199.125 	 78.207 	 76.150
FHW11235	199.250 	 78.213 	 76.150
FHW11235	199.375 	 78.213 	 76.150
FHW11235	199.500 	 78.207 	 76.150
FHW11235	199.625 	 78.213 	 76.150
FHW11235	199.750 	 78.207 	 76.150
FHW11235	199.875 	 78.213 	 76.149
FHW11235	200.000 	 78.207 	 76.151
FHW11235	200.125 	 78.213 	 76.150
FHW11235	200.250 	 78.206 	 76.149
FHW11235	200.375 	 78.213 	 76.151
FHW11235	200.500 	 78.206 	 76.149
FHW11235	200.625 	 78.213 	 76.150
FHW11235	200.750 	 78.206 	 76.150
FHW11235	200.875 	 78.213 	 76.150
FHW11235	201.000 	 78.207 	 76.150
FHW11235	201.125 	 78.213 	 76.150
FHW11235	201.250 	 78.207 	 76.150
FHW11235	201.375 	 78.213 	 76.149
FHW11235	201.500 	 78.207 	 76.151
FHW11235	201.625 	 78.213 	 76.149
FHW11235	201.750 	 78.207 	 76.150
FHW11235	201.875 	 78.213 	 76.151
FHW11235	202.000 	 78.206 	 76.149
FHW11235	202.125 	 78.213 	 76.150
FHW11235	202.250 	 78.206 	 76.150
FHW11235	202.375 	 78.213 	 76.150
FHW11235	202.500 	 78.206 	 76.149
FHW11235	202.625 	 78.213 	 76.151
FHW11235	202.750 	 78.207 	 76.150
FHW11235	202.875 	 78.213 	 76.149
FHW11235	203.000 	 78.207 	 76.151
FHW11235	203.125 	 78.213 	 76.149
FHW11235	203.250 	 78.207 	 76.151
FHW11235	203.375 	 78.213 	 76.149
FHW11235	203.500 	 78.207 	 76.150
FHW11235	203.625 	 78.213 	 76.151
FHW11235	203.750 	 78.206 	 76.149
FHW11235	203.875 	 78.213 	 76.150
FHW11235	204.000 	 78.206 	 76.150
FHW11235	204.125 	 78.213 	 76.150
FHW11235	204.250 	 78.206 	 76.149
FHW11235	204.375 	 78.213 	 76.151
FHW11235	204.500 	 78.207 	 76.150
FHW11235	204.625 	 78.213 	 76.149
FHW11235	204.750 	 78.207 	 76.151
FHW11235	204.875 	 78.213 	 76.149
FHW11235	205.000 	 78.207 	 76.150
FHW11235	205.125 	 78.213 	 76.150
FHW11235	205.250 	 78.213 	 76.150
FHW11235	205.375 	 78.207 	 76.150
FHW11235	205.500 	 78.213 	 76.150
FHW11235	205.625 	 78.207 	 76.150
FHW11235	205.750 	 78.213 	 76.149
FHW11235	205.875 	 78.207 	 76.151
FHW11235	206.000 	 78.213 	 76.149
FHW11235	206.125 	 78.207 	 76.150
FHW11235	206.250 	 78.213 	 76.151
FHW11235	206.375 	 78.206 	 76.149
FHW11235	206.500 	 78.213 	 76.150
FHW11235	206.625 	 78.206 	 76.150
FHW11235	206.750 	 78.213 	 76.150
FHW11235	206.875 	 78.206 	 76.149
FHW11235	207.000 	 78.213 	 76.151
FHW11235	207.125 	 78.207 	 76.150
FHW11235	207.250 	 78.213 	 76.149
FHW11235	207.375 	 78.207 	 76.151
FHW11235	207.500 	 78.213 	 76.149
FHW11235	207.625 	 78.207 	 76.151
FHW11235	207.750 	 78.213 	 76.149
FHW11235	207.875 	 78.207 	 76.150
FHW11235	208.000 	 80.277 	 75.377
FHW11235	208.125 	 82.520 	 74.550
FHW11235	208.250 	 82.521 	 74.550
FHW11235	208.375 	 82.521 	 74.551
FHW11235	208.500 	 82.520 	 74.549
FHW11235	208.625 	 82.521 	 74.551
FHW11235	208.750 	 82.513 	 74.549
FHW11235	208.875 	 82.521 	 74.551
FHW11235	209.000 	 82.520 	 74.549
FHW11235	209.125 	 82.521 	 74.550
FHW11235	209.250 	 82.520 	 74.550
FHW11235	209.375 	 82.521 	 74.550
FHW11235	209.500 	 82.520 	 74.550
FHW11235	209.625 	 82.521 	 74.550
FHW11235	209.750 	 82.514 	 74.551
FHW11235	209.875 	 82.520 	 74.549
FHW11235	210.000 	 82.521 	 74.551
FHW11235	210.125 	 82.520 	 74.549
FHW11235	210.250 	 82.521 	 74.551
FHW11235	210.375 	 82.520 	 74.549
FHW11235	210.500 	 82.521 	 74.551
FHW11235	210.625 	 82.513 	 74.549
FHW11235	210.750 	 82.521 	 74.551
FHW11235	210.875 	 82.520 	 74.549
FHW11235	211.000 	 82.521 	 74.551
FHW11235	211.125 	 82.521 	 74.550
FHW11235	211.250 	 82.520 	 74.550
FHW11235	211.375 	 82.521 	 74.550
FHW11235	211.500 	 82.513 	 74.550
FHW11235	211.625 	 82.521 	 74.550
FHW11235	211.750 	 82.520 	 74.549
FHW11235	211.875 	 82.521 	 74.551
FHW11235	212.000 	 82.520 	 74.549
FHW11235	212.125 	 82.521 	 74.551
FHW11235	212.250 	 82.520 	 74.549
FHW11235	212.375 	 82.514 	 74.551
FHW11235	212.500 	 82.521 	 74.550
FHW11235	212.625 	 82.520 	 74.550
FHW11235	212.750 	 82.521 	 74.550
FHW11235	212.875 	 82.520 	 74.550
FHW11235	213.000 	 82.521 	 74.550
FHW11235	213.125 	 82.520 	 74.550
FHW11235	213.250 	 82.521 	 74.550
FHW11235	213.375 	 82.513 	 74.550
FHW11235	213.500 	 82.521 	 74.550
FHW11235	213.625 	 82.520 	 74.550
FHW11235	213.750 	 82.521 	 74.550
FHW11235	213.875 	 82.521 	 74.551
FHW11235	214.000 	 82.520 	 74.549
FHW11235	214.125 	 82.521 	 74.551
FHW11235	214.250 	 82.513 	 74.549
FHW11235	214.375 	 82.521 	 74.551
FHW11235	214.500 	 82.520 	 74.549
FHW11235	214.625 	 82.521 	 74.550
FHW11235	214.750 	 82.520 	 74.550
FHW11235	214.875 	 82.521 	 74.550
FHW11235	215.000 	 82.520 	 74.550
FHW11235	215.125 	 82.514 	 74.550
FHW11235	215.250 	 82.521 	 74.551
FHW11235	215.375 	 82.520 	 74.549
FHW11235	215.500 	 82.521 	 74.551
FHW11235	215.625 	 82.520 	 74.549
FHW11235	215.750 	 82.521 	 74.551
FHW11235	215.875 	 82.520 	 74.549
FHW11235	216.000 	 82.521 	 74.551
FHW11235	216.125 	 82.513 	 74.549
FHW11235	216.250 	 82.521 	 74.551
FHW11235	216.375 	 82.520 	 74.549
FHW11235	216.500 	 82.521 	 74.551
FHW11235	216.625 	 82.521 	 74.550
FHW11235	216.750 	 82.520 	 74.550
FHW11235	216.875 	 82.521 	 74.550
FHW11235	217.000 	 82.513 	 74.549
FHW11235	217.125 	 82.521 	 74.551
FHW11235	217.250 	 82.520 	 74.550
FHW11235	217.375 	 82.521 	 74.550
FHW11235	217.500 	 85.134 	 73.425
FHW11235	217.625 	 87.193 	 72.550
FHW11235	217.750 	 87.186 	 72.550
FHW11235	217.875 	 87.193 	 72.550
FHW11235	218.000 	 87.186 	 72.549
FHW11235	218.125 	 87.193 	 72.550
FHW11235	218.250 	 87.186 	 72.550
FHW11235	218.375 	 87.193 	 72.549
FHW11235	218.500 	 87.186 	 72.550
FHW11235	218.625 	 87.193 	 72.550
FHW11235	218.750 	 87.186 	 72.550
FHW11235	218.875 	 87.193 	 72.549
FHW11235	219.000 	 87.186 	 72.550
FHW11235	219.125 	 87.193 	 72.550
FHW11235	219.250 	 87.186 	 72.549
FHW11235	219.375 	 87.193 	 72.550
FHW11235	219.500 	 87.186 	 72.550
FHW11235	219.625 	 87.193 	 72.549
FHW11235	219.750 	 87.186 	 72.549
FHW11235	219.875 	 87.193 	 72.550
FHW11235	220.000 	 87.186 	 72.550
FHW11235	220.125 	 87.193 	 72.549
FHW11235	220.250 	 87.186 	 72.550
FHW11235	220.375 	 87.193 	 72.550
FHW11235	220.500 	 87.186 	 72.549
FHW11235	220.625 	 87.193 	 72.550
FHW11235	220.750 	 87.186 	 72.550
FHW11235	220.875 	 87.193 	 72.550
FHW11235	221.000 	 87.186 	 72.549
FHW11235	221.125 	 87.193 	 72.550
FHW11235	221.250 	 87.186 	 72.550
FHW11235	221.375 	 87.193 	 72.550
FHW11235	221.500 	 87.186 	 72.549
FHW11235	221.625 	 87.193 	 72.550
FHW11235	221.750 	 87.186 	 72.550
FHW11235	221.875 	 87.193 	 72.549
FHW11235	222.000 	 87.186 	 72.550
FHW11235	222.125 	 87.193 	 72.550
FHW11235	222.250 	 87.186 	 72.549
FHW11235	222.375 	 87.193 	 72.550
FHW11235	222.500 	 87.186 	 72.550
FHW11235	222.625 	 87.193 	 72.550
FHW11235	222.750 	 87.186 	 72.548
FHW11235	222.875 	 87.193 	 72.550
FHW11235	223.000 	 87.186 	 72.550
FHW11235	223.125 	 87.193 	 72.549
FHW11235	223.250 	 87.186 	 72.550
FHW11235	223.375 	 87.193 	 72.550
FHW11235	223.500 	 87.186 	 72.550
FHW11235	223.625 	 87.193 	 72.549
FHW11235	223.750 	 87.186 	 72.550
FHW11235	223.875 	 87.193 	 72.550
FHW11235	224.000 	 87.186 	 72.550
FHW11235	224.125 	 87.193 	 72.549
FHW11235	224.250 	 87.186 	 72.550
FHW11235	224.375 	 87.193 	 72.550
FHW11235	224.500 	 87.186 	 72.549
FHW11235	224.625 	 87.193 	 72.550
FHW11235	224.750 	 87.186 	 72.550
FHW11235	224.875 	 87.193 	 72.549
FHW11235	225.000 	 87.186 	 72.550
FHW11235	225.125 	 87.186 	 72.550
FHW11235	225.250 	 87.193 	 72.549
FHW11235	225.375 	 87.186 	 72.549
FHW11235	225.500 	 87.193 	 72.550
FHW11235	225.625 	 87.186 	 72.550
FHW11235	225.750 	 87.193 	 72.549
FHW11235	225.875 	 87.186 	 72.550
FHW11235	226.000 	 87.193 	 72.550
FHW11235	226.125 	 87.186 	 72.549
FHW11235	226.250 	 87.193 	 72.550
FHW11235	226.375 	 87.186 	 72.550
FHW11235	226.500 	 87.193 	 72.550
FHW11235	226.625 	 87.186 	 72.550
FHW11235	226.750 	 87.193 	 72.550
FHW11235	226.875 	 87.186 	 72.549
FHW11235	227.000 	 87.193 	 72.550
FHW11235	227.125 	 88.355 	 71.577
FHW11235	227.250 	 90.420 	 69.851
FHW11235	227.375 	 90.420 	 69.849
FHW11235	227.500 	 90.420 	 69.851
FHW11235	227.625 	 90.420 	 69.849
FHW11235	227.750 	 90.420 	 69.851
FHW11235	227.875 	 90.420 	 69.849
FHW11235	228.000 	 90.420 	 69.850
FHW11235	228.125 	 90.420 	 69.849
FHW11235	228.250 	 90.420 	 69.851
FHW11235	228.375 	 90.420 	 69.849
FHW11235	228.500 	 90.420 	 69.851
FHW11235	228.625 	 90.420 	 69.849
FHW11235	228.750 	 90.420 	 69.851
FHW11235	228.875 	 90.420 	 69.849
FHW11235	229.000 	 90.420 	 69.851
FHW11235	229.125 	 90.427 	 69.849
FHW11235	229.250 	 90.420 	 69.851
FHW11235	229.375 	 90.420 	 69.849
FHW11235	229.500 	 90.420 	 69.851
FHW11235	229.625 	 90.420 	 69.849
FHW11235	229.750 	 90.420 	 69.851
FHW11235	229.875 	 90.420 	 69.849
FHW11235	230.000 	 90.420 	 69.851
FHW11235	230.125 	 90.420 	 69.849
FHW11235	230.250 	 90.420 	 69.851
FHW11235	230.375 	 90.420 	 69.849
FHW11235	230.500 	 90.420 	 69.850
FHW11235	230.625 	 90.420 	 69.849
FHW11235	230.750 	 90.420 	 69.851
FHW11235	230.875 	 90.420 	 69.849
FHW11235	231.000 	 90.420 	 69.851
FHW11235	231.125 	 90.420 	 69.849
FHW11235	231.250 	 90.420 	 69.851
FHW11235	231.375 	 90.427 	 69.849
FHW11235	231.500 	 90.420 	 69.851
FHW11235	231.625 	 90.420 	 69.849
FHW11235	231.750 	 90.420 	 69.851
FHW11235	231.875 	 90.420 	 69.849
FHW11235	232.000 	 90.420 	 69.851
FHW11235	232.125 	 90.420 	 69.849
FHW11235	232.250 	 90.420 	 69.851
FHW11235	232.375 	 90.420 	 69.849
FHW11235	232.500 	 90.420 	 69.851
FHW11235	232.625 	 90.420 	 69.849
FHW11235	232.750 	 90.420 	 69.851
FHW11235	232.875 	 90.420 	 69.849
FHW11235	233.000 	 90.420 	 69.851
FHW11235	233.125 	 90.420 	 69.849
FHW11235	233.250 	 90.420 	 69.851
FHW11235	233.375 	 90.420 	 69.849
FHW11235	233.500 	 90.427 	 69.851
FHW11235	233.625 	 90.420 	 69.849
FHW11235	233.750 	 90.420 	 69.851
FHW11235	233.875 	 90.420 	 69.849
FHW11235	234.000 	 90.420 	 69.851
FHW11235	234.125 	 90.420 	 69.849
FHW11235	234.250 	 90.420 	 69.848
FHW11235	234.375 	 90.420 	 69.849
FHW11235	234.500 	 90.420 	 69.851
FHW11235	234.625 	 90.420 	 69.849
FHW11235	234.750 	 90.420 	 69.851
FHW11235	234.875 	 90.420 	 69.849
FHW11235	235.000 	 90.420 	 69.851
FHW11235	235.125 	 90.420 	 69.849
FHW11235	235.250 	 90.420 	 69.851
FHW11235	235.375 	 90.420 	 69.851
FHW11235	235.500 	 90.420 	 69.849
FHW11235	235.625 	 90.420 	 69.849
FHW11235	235.750 	 90.427 	 69.851
FHW11235	235.875 	 90.420 	 69.851
FHW11235	236.000 	 90.420 	 69.849
FHW11235	236.125 	 90.420 	 69.849
FHW11235	236.250 	 90.420 	 69.851
FHW11235	236.375 	 90.420 	 69.851
FHW11235	236.500 	 90.420 	 69.849
FHW11235	236.625 	 90.420 	 69.849
FHW11235	236.750 	 90.420 	 69.851
FHW11235	236.875 	 91.035 	 66.949
FHW11235	237.000 	 91.035 	 66.951
FHW11235	237.125 	 91.035 	 66.952
FHW11235	237.250 	 91.035 	 66.949
FHW11235	237.375 	 91.035 	 66.949
FHW11235	237.500 	 91.035 	 66.951
FHW11235	237.625 	 91.035 	 66.949
FHW11235	237.750 	 91.035 	 66.949
FHW11235	237.875 	 91.035 	 66.952
FHW11235	238.000 	 91.035 	 66.951
FHW11235	238.125 	 91.035 	 66.949
FHW11235	238.250 	 91.035 	 66.949
FHW11235	238.375 	 91.035 	 66.951
FHW11235	238.500 	 91.035 	 66.949
FHW11235	238.625 	 91.035 	 66.952
FHW11235	238.750 	 91.035 	 66.949
FHW11235	238.875 	 91.035 	 66.951
FHW11235	239.000 	 91.028 	 66.949
FHW11235	239.125 	 91.035 	 66.949
FHW11235	239.250 	 91.035 	 66.952
FHW11235	239.375 	 91.035 	 66.951
FHW11235	239.500 	 91.035 	 66.949
FHW11235	239.625 	 91.035 	 66.949
FHW11235	239.750 	 91.035 	 66.949
FHW11235	239.875 	 91.035 	 66.951
FHW11235	240.000 	 91.035 	 66.952
FHW11235	240.125 	 91.035 	 66.949
FHW11235	240.250 	 91.035 	 66.951
FHW11235	240.375 	 91.035 	 66.949
FHW11235	240.500 	 91.035 	 66.949
FHW11235	240.625 	 91.035 	 66.949
FHW11235	240.750 	 91.035 	 66.953
FHW11235	240.875 	 91.035 	 66.949
FHW11235	241.000 	 91.035 	 66.949
FHW11235	241.125 	 91.035 	 66.949
FHW11235	241.250 	 91.035 	 66.951
FHW11235	241.375 	 91.035 	 66.952
FHW11235	241.500 	 91.035 	 66.949
FHW11235	241.625 	 91.035 	 66.951
FHW11235	241.750 	 91.035 	 66.949
FHW11235	241.875 	 91.035 	 66.949
FHW11235	242.000 	 91.035 	 66.949
FHW11235	242.125 	 91.035 	 66.953
FHW11235	242.250 	 91.035 	 66.949
FHW11235	242.375 	 91.035 	 66.949
FHW11235	242.500 	 91.035 	 66.949
FHW11235	242.625 	 91.035 	 66.951
FHW11235	242.750 	 91.035 	 66.949
FHW11235	242.875 	 91.035 	 66.952
FHW11235	243.000 	 91.035 	 66.951
FHW11235	243.125 	 91.035 	 66.949
FHW11235	243.250 	 91.028 	 66.949
FHW11235	243.375 	 91.035 	 66.949
FHW11235	243.500 	 91.035 	 66.953
FHW11235	243.625 	 91.035 	 66.949
FHW11235	243.750 	 91.035 	 66.949
FHW11235	243.875 	 91.035 	 66.949
FHW11235	244.000 	 91.035 	 66.951
FHW11235	244.125 	 91.035 	 66.949
FHW11235	244.250 	 91.035 	 66.952
FHW11235	244.375 	 91.035 	 66.949
FHW11235	244.500 	 91.035 	 66.951
FHW11235	244.625 	 91.035 	 66.949
FHW11235	244.750 	 91.035 	 66.949
FHW11235	244.875 	 91.035 	 66.951
FHW11235	245.000 	 91.035 	 66.952
FHW11235	245.125 	 91.035 	 66.949
FHW11235	245.250 	 91.035 	 66.949
FHW11235	245.375 	 91.035 	 66.951
FHW11235	245.500 	 91.035 	 66.949
FHW11235	245.625 	 91.035 	 66.949
FHW11235	245.750 	 91.035 	 66.952
FHW11235	245.875 	 91.035 	 66.951
FHW11235	246.000 	 91.035 	 66.949
FHW11235	246.125 	 91.035 	 66.949
FHW11235	246.250 	 91.035 	 66.951
FHW11235	246.375 	 91.035 	 66.952
FHW11235	246.500 	 91.035 	 66.949
FHW11235	246.625 	 91.035 	 66.949
FHW11235	246.750 	 91.035 	 66.951
FHW11235	246.875 	 91.035 	 66.949
FHW11235	247.000 	 91.035 	 66.949
FHW11235	247.125 	 91.035 	 66.952
FHW11235	247.250 	 91.035 	 66.951
FHW11235	247.375 	 91.035 	 66.949
FHW11235	247.500 	 91.028 	 66.949
FHW11235	247.625 	 91.035 	 66.951
FHW11235	247.750 	 91.035 	 66.952
FHW11235	247.875 	 91.035 	 66.949
FHW11235	248.000 	 91.035 	 66.949
FHW11235	248.125 	 91.035 	 66.951
FHW11235	248.250 	 91.035 	 66.949
FHW11235	248.375 	 91.035 	 66.949
FHW11235	248.500 	 91.035 	 66.952
FHW11235	248.625 	 91.035 	 66.951
FHW11235	248.750 	 91.035 	 66.949
FHW11235	248.875 	 91.035 	 66.949
FHW11235	249.000 	 91.035 	 66.951
FHW11235	249.125 	 91.035 	 66.952
FHW11235	249.250 	 91.035 	 66.949
FHW11235	249.375 	 91.035 	 66.949
FHW11235	249.500 	 91.035 	 66.951
FHW11235	249.625 	 91.035 	 66.949
FHW11235	249.750 	 91.035 	 66.949
FHW11235	249.875 	 91.035 	 66.952
FHW11235	250.000 	 91.035 	 66.951
FHW11235	250.125 	 91.035 	 66.949
FHW11235	250.250 	 91.035 	 66.949
FHW11235	250.375 	 91.035 	 66.951
FHW11235	250.500 	 91.035 	 66.949
FHW11235	250.625 	 91.035 	 66.952
FHW11235	250.750 	 91.035 	 66.949
FHW11235	250.875 	 91.035 	 66.949
FHW11235	251.000 	 91.035 	 66.951
FHW11235	251.125 	 91.035 	 66.949
FHW11235	251.250 	 91.035 	 66.949
FHW11235	251.375 	 91.035 	 66.953
FHW11235	251.500 	 91.035 	 66.949
FHW11235	251.625 	 91.035 	 66.949
FHW11235	251.750 	 91.028 	 66.951
FHW11235	251.875 	 91.035 	 66.949
FHW11235	252.000 	 91.035 	 66.952
FHW11235	252.125 	 91.035 	 66.949
FHW11235	252.250 	 91.035 	 66.951
FHW11235	252.375 	 91.035 	 66.949
FHW11235	252.500 	 91.035 	 66.949
FHW11235	252.625 	 91.035 	 66.949
FHW11235	252.750 	 91.035 	 66.953
FHW11235	252.875 	 91.035 	 66.949
FHW11235	253.000 	 91.035 	 66.949
FHW11235	253.125 	 91.035 	 66.951
FHW11235	253.250 	 91.035 	 66.949
FHW11235	253.375 	 90.839 	 66.377
FHW11235	253.500 	 90.602 	 65.652
FHW11235	253.625 	 90.594 	 65.650
FHW11235	253.750 	 90.594 	 65.650
FHW11235	253.875 	 90.594 	 65.650
FHW11235	254.000 	 90.595 	 65.649
FHW11235	254.125 	 90.594 	 65.650
FHW11235	254.250 	 90.594 	 65.650
FHW11235	254.375 	 90.594 	 65.650
FHW11235	254.500 	 90.594 	 65.650
FHW11235	254.625 	 90.595 	 65.652
FHW11235	254.750 	 90.594 	 65.650
FHW11235	254.875 	 90.595 	 65.647
FHW11235	255.000 	 90.594 	 65.650
FHW11235	255.125 	 90.594 	 65.650
FHW11235	255.250 	 90.602 	 65.652
FHW11235	255.375 	 90.594 	 65.650
FHW11235	255.500 	 90.594 	 65.650
FHW11235	255.625 	 90.595 	 65.647
FHW11235	255.750 	 90.595 	 65.652
FHW11235	255.875 	 90.594 	 65.650
FHW11235	256.000 	 90.594 	 65.650
FHW11235	256.125 	 89.951 	 65.300
FHW11235	256.250 	 89.951 	 65.301
FHW11235	256.375 	 89.951 	 65.300
FHW11235	256.500 	 89.944 	 65.301
FHW11235	256.625 	 89.951 	 65.300
FHW11235	256.750 	 89.951 	 65.298
FHW11235	256.875 	 89.951 	 65.303
FHW11235	257.000 	 89.951 	 65.298
FHW11235	257.125 	 89.951 	 65.303
FHW11235	257.250 	 89.944 	 65.298
FHW11235	257.375 	 89.951 	 65.300
FHW11235	257.500 	 89.951 	 65.301
FHW11235	257.625 	 89.951 	 65.300
FHW11235	257.750 	 89.951 	 65.301
FHW11235	257.875 	 89.951 	 65.300
FHW11235	258.000 	 89.951 	 65.301
FHW11235	258.125 	 89.944 	 65.300
FHW11235	258.250 	 89.951 	 65.298
FHW11235	258.375 	 89.951 	 65.303
FHW11235	258.500 	 89.951 	 65.300
FHW11235	258.625 	 89.951 	 65.301
FHW11235	258.750 	 89.951 	 65.300
FHW11235	258.875 	 89.951 	 65.298
FHW11235	259.000 	 89.944 	 65.303
FHW11235	259.125 	 89.951 	 65.298
FHW11235	259.250 	 89.951 	 65.303
FHW11235	259.375 	 89.951 	 65.298
FHW11235	259.500 	 89.951 	 65.300
FHW11235	259.625 	 89.951 	 65.301
FHW11235	259.750 	 89.944 	 65.300
FHW11235	259.875 	 89.951 	 65.301
FHW11235	260.000 	 89.951 	 65.300
FHW11235	260.125 	 89.951 	 65.298
FHW11235	260.250 	 89.951 	 65.303
FHW11235	260.375 	 89.951 	 65.298
FHW11235	260.500 	 89.951 	 65.303
FHW11235	260.625 	 89.944 	 65.298
FHW11235	260.750 	 89.951 	 65.300
FHW11235	260.875 	 89.951 	 65.303
FHW11235	261.000 	 89.951 	 65.298
FHW11235	261.125 	 89.951 	 65.303
FHW11235	261.250 	 89.951 	 65.298
FHW11235	261.375 	 89.944 	 65.300
FHW11235	261.500 	 89.951 	 65.301
FHW11235	261.625 	 89.951 	 65.300
FHW11235	261.750 	 89.951 	 65.301
FHW11235	261.875 	 89.951 	 65.300
FHW11235	262.000 	 89.951 	 65.301
FHW11235	262.125 	 89.951 	 65.300
FHW11235	262.250 	 89.776 	 65.012
FHW11235	262.375 	 89.685 	 64.849
FHW11235	262.500 	 89.685 	 64.849
FHW11235	262.625 	 89.685 	 64.854
FHW11235	262.750 	 89.685 	 64.849
FHW11235	262.875 	 89.685 	 64.849
FHW11235	263.000 	 89.685 	 64.849
FHW11235	263.125 	 89.685 	 64.852
FHW11235	263.250 	 89.685 	 64.851
FHW11235	263.375 	 89.685 	 64.849
FHW11235	263.500 	 89.685 	 64.849
FHW11235	263.625 	 89.685 	 64.852
FHW11235	263.750 	 89.685 	 64.849
FHW11235	263.875 	 89.685 	 64.851
FHW11235	264.000 	 89.685 	 64.849
FHW11235	264.125 	 89.685 	 64.852
FHW11235	264.250 	 89.685 	 64.849
FHW11235	264.375 	 89.685 	 64.849
FHW11235	264.500 	 89.678 	 64.851
FHW11235	264.625 	 89.685 	 64.852
FHW11235	264.750 	 89.685 	 64.849
FHW11235	264.875 	 89.685 	 64.849
FHW11235	265.000 	 89.685 	 64.851
FHW11235	265.125 	 89.685 	 64.849
FHW11235	265.250 	 89.685 	 64.852
FHW11235	265.375 	 89.685 	 64.849
FHW11235	265.500 	 89.685 	 64.849
FHW11235	265.625 	 89.685 	 64.851
FHW11235	265.750 	 89.685 	 64.852
FHW11235	265.875 	 89.685 	 64.849
FHW11235	266.000 	 89.685 	 64.849
FHW11235	266.125 	 89.685 	 64.849
FHW11235	266.250 	 89.685 	 64.854
FHW11235	266.375 	 89.685 	 64.849
FHW11235	266.500 	 89.685 	 64.849
FHW11235	266.625 	 89.685 	 64.849
FHW11235	266.750 	 89.685 	 64.852
FHW11235	266.875 	 89.685 	 64.851
FHW11235	267.000 	 89.685 	 64.849
FHW11235	267.125 	 89.685 	 64.849
FHW11235	267.250 	 89.685 	 64.852
FHW11235	267.375 	 89.685 	 64.849
FHW11235	267.500 	 89.685 	 64.851
FHW11235	267.625 	 89.678 	 64.849
FHW11235	267.750 	 89.685 	 64.849
FHW11235	267.875 	 89.685 	 64.852
FHW11235	268.000 	 89.685 	 64.849
FHW11235	268.125 	 89.685 	 64.851
FHW11235	268.250 	 89.685 	 64.849
FHW11235	268.375 	 89.685 	 64.852
FHW11235	268.500 	 89.685 	 64.849
FHW11235	268.625 	 89.685 	 64.851
FHW11235	268.750 	 89.685 	 64.849
FHW11235	268.875 	 89.685 	 64.852
FHW11235	269.000 	 89.685 	 64.849
FHW11235	269.125 	 89.685 	 64.849
FHW11235	269.250 	 89.685 	 64.849
FHW11235	269.375 	 89.685 	 64.854
FHW11235	269.500 	 89.685 	 64.849
FHW11235	269.625 	 89.685 	 64.849
FHW11235	269.750 	 89.685 	 64.849
FHW11235	269.875 	 89.685 	 64.854
FHW11235	270.000 	 89.685 	 64.849
FHW11235	270.125 	 89.685 	 64.849
FHW11235	270.250 	 89.685 	 64.849
FHW11235	270.375 	 89.685 	 64.849
FHW11235	270.500 	 89.685 	 64.854
FHW11235	270.625 	 89.685 	 64.849
FHW11235	270.750 	 89.678 	 64.849
FHW11235	270.875 	 89.685 	 64.849
FHW11235	271.000 	 89.685 	 64.852
FHW11235	271.125 	 89.685 	 64.851
FHW11235	271.250 	 89.685 	 64.849
FHW11235	271.375 	 89.685 	 64.849
FHW11235	271.500 	 89.685 	 64.852
FHW11235	271.625 	 89.699 	 64.833
FHW11235	271.750 	 90.049 	 64.450
FHW11235	271.875 	 90.042 	 64.452
FHW11235	272.000 	 90.049 	 64.450
FHW11235	272.125 	 90.042 	 64.447
FHW11235	272.250 	 90.042 	 64.450
FHW11235	272.375 	 90.049 	 64.452
FHW11235	272.500 	 90.042 	 64.450
FHW11235	272.625 	 90.049 	 64.450
FHW11235	272.750 	 90.042 	 64.452
FHW11235	272.875 	 90.049 	 64.450
FHW11235	273.000 	 90.042 	 64.447
FHW11235	273.125 	 90.049 	 64.450
FHW11235	273.250 	 90.042 	 64.452
FHW11235	273.375 	 90.042 	 64.450
FHW11235	273.500 	 90.049 	 64.450
FHW11235	273.625 	 90.042 	 64.450
FHW11235	273.750 	 90.049 	 64.452
FHW11235	273.875 	 90.042 	 64.450
FHW11235	274.000 	 90.049 	 64.447
FHW11235	274.125 	 90.042 	 64.452
FHW11235	274.250 	 90.049 	 64.450
FHW11235	274.375 	 90.042 	 64.450
FHW11235	274.500 	 90.042 	 64.450
FHW11235	274.625 	 90.049 	 64.452
FHW11235	274.750 	 90.042 	 64.450
FHW11235	274.875 	 90.049 	 64.450
FHW11235	275.000 	 90.042 	 64.447
FHW11235	275.125 	 90.049 	 64.452
FHW11235	275.250 	 90.042 	 64.450
FHW11235	275.375 	 90.042 	 64.450
FHW11235	275.500 	 90.049 	 64.452
FHW11235	275.625 	 90.042 	 64.450
FHW11235	275.750 	 90.049 	 64.450
FHW11235	275.875 	 90.042 	 64.447
FHW11235	276.000 	 90.049 	 64.452
FHW11235	276.125 	 90.042 	 64.450
FHW11235	276.250 	 90.049 	 64.450
FHW11235	276.375 	 90.042 	 64.450
FHW11235	276.500 	 90.042 	 64.452
FHW11235	276.625 	 90.049 	 64.450
FHW11235	276.750 	 90.042 	 64.450
FHW11235	276.875 	 90.049 	 64.447
FHW11235	277.000 	 90.042 	 64.452
FHW11235	277.125 	 90.049 	 64.450
FHW11235	277.250 	 90.042 	 64.450
FHW11235	277.375 	 90.049 	 64.452
FHW11235	277.500 	 90.042 	 64.450
FHW11235	277.625 	 90.042 	 64.450
FHW11235	277.750 	 90.049 	 64.450
FHW11235	277.875 	 90.042 	 64.449
FHW11235	278.000 	 90.049 	 64.450
FHW11235	278.125 	 90.042 	 64.450
FHW11235	278.250 	 90.049 	 64.450
FHW11235	278.375 	 90.042 	 64.452
FHW11235	278.500 	 90.049 	 64.450
FHW11235	278.625 	 90.042 	 64.450
FHW11235	278.750 	 90.042 	 64.449
FHW11235	278.875 	 90.049 	 64.450
FHW11235	279.000 	 90.042 	 64.450
FHW11235	279.125 	 90.049 	 64.450
FHW11235	279.250 	 90.042 	 64.452
FHW11235	279.375 	 90.049 	 64.450
FHW11235	279.500 	 90.042 	 64.450
FHW11235	279.625 	 90.042 	 64.450
FHW11235	279.750 	 90.049 	 64.449
FHW11235	279.875 	 90.042 	 64.450
FHW11235	280.000 	 90.049 	 64.450
FHW11235	280.125 	 90.042 	 64.450
FHW11235	280.250 	 90.049 	 64.452
FHW11235	280.375 	 90.042 	 64.450
FHW11235	280.500 	 89.888 	 64.330
FHW11235	280.625 	 89.650 	 64.150
FHW11235	280.750 	 89.650 	 64.150
FHW11235	280.875 	 89.650 	 64.150
FHW11235	281.000 	 89.650 	 64.150
FHW11235	281.125 	 89.650 	 64.150
FHW11235	281.250 	 89.650 	 64.150
FHW11235	281.375 	 89.650 	 64.150
FHW11235	281.500 	 89.650 	 64.151
FHW11235	281.625 	 89.650 	 64.150
FHW11235	281.750 	 89.650 	 64.150
FHW11235	281.875 	 89.650 	 64.153
FHW11235	282.000 	 89.650 	 64.150
FHW11235	282.125 	 89.643 	 64.150
FHW11235	282.250 	 89.650 	 64.150
FHW11235	282.375 	 89.650 	 64.150
FHW11235	282.500 	 89.650 	 64.150
FHW11235	282.625 	 89.650 	 64.151
FHW11235	282.750 	 89.650 	 64.150
FHW11235	282.875 	 89.650 	 64.150
FHW11235	283.000 	 89.650 	 64.150
FHW11235	283.125 	 89.650 	 64.150
FHW11235	283.250 	 89.650 	 64.150
FHW11235	283.375 	 89.650 	 64.150
FHW11235	283.500 	 89.650 	 64.150
FHW11235	283.625 	 89.650 	 64.151
FHW11235	283.750 	 89.650 	 64.150
FHW11235	283.875 	 89.650 	 64.150
FHW11235	284.000 	 89.650 	 64.150
FHW11235	284.125 	 89.650 	 64.150
FHW11235	284.250 	 89.650 	 64.150
FHW11235	284.375 	 89.650 	 64.150
FHW11235	284.500 	 89.650 	 64.150
FHW11235	284.625 	 89.650 	 64.150
FHW11235	284.750 	 89.650 	 64.151
FHW11235	284.875 	 89.650 	 64.150
FHW11235	285.000 	 89.650 	 64.153
FHW11235	285.125 	 89.650 	 64.150
FHW11235	285.250 	 89.643 	 64.150
FHW11235	285.375 	 89.650 	 64.150
FHW11235	285.500 	 89.650 	 64.150
FHW11235	285.625 	 89.650 	 64.150
FHW11235	285.750 	 89.650 	 64.151
FHW11235	285.875 	 89.650 	 64.150
FHW11235	286.000 	 89.650 	 64.150
FHW11235	286.125 	 89.650 	 64.150
FHW11235	286.250 	 89.650 	 64.150
FHW11235	286.375 	 89.650 	 64.150
FHW11235	286.500 	 89.650 	 64.150
FHW11235	286.625 	 89.650 	 64.150
FHW11235	286.750 	 89.650 	 64.150
FHW11235	286.875 	 89.650 	 64.151
FHW11235	287.000 	 89.650 	 64.150
FHW11235	287.125 	 89.650 	 64.150
FHW11235	287.250 	 89.650 	 64.150
FHW11235	287.375 	 89.650 	 64.150
FHW11235	287.500 	 89.650 	 64.150
FHW11235	287.625 	 89.650 	 64.150
FHW11235	287.750 	 89.650 	 64.150
FHW11235	287.875 	 89.650 	 64.150
FHW11235	288.000 	 89.650 	 64.151
FHW11235	288.125 	 89.650 	 64.150
FHW11235	288.250 	 89.650 	 64.153
FHW11235	288.375 	 89.643 	 64.150
FHW11235	288.500 	 89.650 	 64.150
FHW11235	288.625 	 89.650 	 64.150
FHW11235	288.750 	 89.650 	 64.150
FHW11235	288.875 	 89.650 	 64.150
FHW11235	289.000 	 89.650 	 64.151
FHW11235	289.125 	 89.650 	 64.150
FHW11235	289.250 	 89.650 	 64.150
FHW11235	289.375 	 89.650 	 64.150
FHW11235	289.500 	 89.650 	 64.150
FHW11235	289.625 	 89.650 	 64.150
FHW11235	289.750 	 89.650 	 64.150
FHW11235	289.875 	 89.566 	 64.109
FHW11235	290.000 	 89.224 	 63.953
FHW11235	290.125 	 89.224 	 63.950
FHW11235	290.250 	 89.224 	 63.950
FHW11235	290.375 	 89.231 	 63.950
FHW11235	290.500 	 89.224 	 63.950
FHW11235	290.625 	 89.224 	 63.951
FHW11235	290.750 	 89.224 	 63.950
FHW11235	290.875 	 89.224 	 63.950
FHW11235	291.000 	 89.231 	 63.950
FHW11235	291.125 	 89.224 	 63.950
FHW11235	291.250 	 89.224 	 63.953
FHW11235	291.375 	 89.224 	 63.950
FHW11235	291.500 	 89.224 	 63.950
FHW11235	291.625 	 89.231 	 63.950
FHW11235	291.750 	 89.224 	 63.950
FHW11235	291.875 	 89.224 	 63.951
FHW11235	292.000 	 89.224 	 63.950
FHW11235	292.125 	 89.224 	 63.950
FHW11235	292.250 	 89.231 	 63.950
FHW11235	292.375 	 89.224 	 63.950
FHW11235	292.500 	 89.224 	 63.953
FHW11235	292.625 	 89.224 	 63.950
FHW11235	292.750 	 89.224 	 63.950
FHW11235	292.875 	 89.231 	 63.950
FHW11235	293.000 	 89.224 	 63.950
FHW11235	293.125 	 89.224 	 63.950
FHW11235	293.250 	 89.224 	 63.951
FHW11235	293.375 	 89.224 	 63.950
FHW11235	293.500 	 89.231 	 63.950
FHW11235	293.625 	 89.224 	 63.950
FHW11235	293.750 	 89.224 	 63.953
FHW11235	293.875 	 89.224 	 63.950
FHW11235	294.000 	 89.224 	 63.950
FHW11235	294.125 	 89.231 	 63.950
FHW11235	294.250 	 89.224 	 63.950
FHW11235	294.375 	 89.224 	 63.950
FHW11235	294.500 	 89.224 	 63.951
FHW11235	294.625 	 89.224 	 63.950
FHW11235	294.750 	 89.224 	 63.950
FHW11235	294.875 	 89.231 	 63.950
FHW11235	295.000 	 89.224 	 63.953
FHW11235	295.125 	 89.224 	 63.950
FHW11235	295.250 	 89.224 	 63.950
FHW11235	295.375 	 89.224 	 63.950
FHW11235	295.500 	 89.231 	 63.950
FHW11235	295.625 	 89.224 	 63.950
FHW11235	295.750 	 89.224 	 63.951
FHW11235	295.875 	 89.224 	 63.950
FHW11235	296.000 	 89.224 	 63.950
FHW11235	296.125 	 89.231 	 63.950
FHW11235	296.250 	 89.224 	 63.950
FHW11235	296.375 	 89.224 	 63.953
FHW11235	296.500 	 89.224 	 63.950
FHW11235	296.625 	 89.224 	 63.950
FHW11235	296.750 	 89.231 	 63.950
FHW11235	296.875 	 89.224 	 63.950
FHW11235	297.000 	 89.224 	 63.951
FHW11235	297.125 	 89.224 	 63.950
FHW11235	297.250 	 89.224 	 63.950
FHW11235	297.375 	 89.231 	 63.950
FHW11235	297.500 	 89.224 	 63.953
FHW11235	297.625 	 89.224 	 63.950
FHW11235	297.750 	 89.224 	 63.950
FHW11235	297.875 	 89.224 	 63.950
FHW11235	298.000 	 89.231 	 63.950
FHW11235	298.125 	 89.224 	 63.950
FHW11235	298.250 	 89.224 	 63.951
FHW11235	298.375 	 89.224 	 63.950
FHW11235	298.500 	 89.224 	 63.950
FHW11235	298.625 	 89.231 	 63.950
FHW11235	298.750 	 89.224 	 63.950
FHW11235	298.875 	 89.224 	 63.953
FHW11235	299.000 	 89.224 	 63.950
FHW11235	299.125 	 89.224 	 63.950
FHW11235	299.250 	 89.231 	 63.950
FHW11235	299.375 	 89.224 	 63.950
FHW11235	299.500 	 89.224 	 63.950
FHW11235	299.625 	 89.224 	 63.951
FHW11235	299.750 	 89.224 	 63.950
FHW11235	299.875 	 89.231 	 63.950
FHW11235	300.000 	 89.224 	 63.953
FHW11235	300.125 	 89.224 	 63.950
FHW11235	300.250 	 89.224 	 63.950
FHW11235	300.375 	 89.224 	 63.950
FHW11235	300.500 	 89.231 	 63.950
FHW11235	300.625 	 89.224 	 63.950
FHW11235	300.750 	 89.224 	 63.951
FHW11235	300.875 	 89.224 	 63.948
FHW11235	301.000 	 89.224 	 63.951
FHW11235	301.125 	 89.231 	 63.950
FHW11235	301.250 	 89.224 	 63.950
FHW11235	301.375 	 89.224 	 63.953
FHW11235	301.500 	 89.224 	 63.950
FHW11235	301.625 	 89.224 	 63.950
FHW11235	301.750 	 89.224 	 63.950
FHW11235	301.875 	 89.231 	 63.950
FHW11235	302.000 	 89.224 	 63.950
FHW11235	302.125 	 89.224 	 63.951
FHW11235	302.250 	 89.224 	 63.950
FHW11235	302.375 	 89.224 	 63.950
FHW11235	302.500 	 89.231 	 63.953
FHW11235	302.625 	 89.224 	 63.950
FHW11235	302.750 	 89.224 	 63.950
FHW11235	302.875 	 89.224 	 63.950
FHW11235	303.000 	 89.224 	 63.950
FHW11235	303.125 	 89.231 	 63.950
FHW11235	303.250 	 89.224 	 63.951
FHW11235	303.375 	 89.224 	 63.950
FHW11235	303.500 	 89.224 	 63.950
FHW11235	303.625 	 89.224 	 63.950
FHW11235	303.750 	 89.231 	 63.950
FHW11235	303.875 	 89.224 	 63.953
FHW11235	304.000 	 89.224 	 63.950
FHW11235	304.125 	 89.224 	 63.950
FHW11235	304.250 	 89.224 	 63.950
FHW11235	304.375 	 89.231 	 63.951
FHW11235	304.500 	 89.224 	 63.948
FHW11235	304.625 	 89.224 	 63.951
FHW11235	304.750 	 89.224 	 63.948
FHW11235	304.875 	 89.224 	 63.951
FHW11235	305.000 	 89.231 	 63.948
FHW11235	305.125 	 89.224 	 63.954
FHW11235	305.250 	 89.224 	 63.951
FHW11235	305.375 	 89.224 	 63.948
FHW11235	305.500 	 89.224 	 63.951
FHW11235	305.625 	 89.231 	 63.948
FHW11235	305.750 	 89.224 	 63.951
FHW11235	305.875 	 89.224 	 63.948
FHW11235	306.000 	 89.224 	 63.951
FHW11235	306.125 	 89.224 	 63.948
FHW11235	306.250 	 89.231 	 63.951
FHW11235	306.375 	 89.224 	 63.954
FHW11235	306.500 	 89.224 	 63.948
FHW11235	306.625 	 89.224 	 63.951
FHW11235	306.750 	 89.224 	 63.948
FHW11235	306.875 	 89.231 	 63.951
FHW11235	307.000 	 89.224 	 63.948
FHW11235	307.125 	 89.224 	 63.951
FHW11235	307.250 	 89.224 	 63.948
FHW11235	307.375 	 89.224 	 63.951
FHW11235	307.500 	 89.231 	 63.948
FHW11235	307.625 	 89.224 	 63.954
FHW11235	307.750 	 89.224 	 63.948
FHW11235	307.875 	 89.224 	 63.951
FHW11235	308.000 	 89.224 	 63.951
FHW11235	308.125 	 89.224 	 63.948
FHW11235	308.250 	 89.231 	 63.951
FHW11235	308.375 	 89.224 	 63.948
FHW11235	308.500 	 89.224 	 63.951
FHW11235	308.625 	 89.224 	 63.948
FHW11235	308.750 	 89.224 	 63.951
FHW11235	308.875 	 89.231 	 63.951
FHW11235	309.000 	 89.224 	 63.951
FHW11235	309.125 	 89.224 	 63.951
FHW11235	309.250 	 89.224 	 63.948
FHW11235	309.375 	 89.224 	 63.951
FHW11235	309.500 	 89.231 	 63.948
FHW11235	309.625 	 89.224 	 63.951
FHW11235	309.750 	 89.224 	 63.948
FHW11235	309.875 	 89.224 	 63.951
FHW11235	310.000 	 89.224 	 63.948
FHW11235	310.125 	 89.231 	 63.951
FHW11235	310.250 	 89.224 	 63.954
FHW11235	310.375 	 89.224 	 63.948
FHW11235	310.500 	 89.224 	 63.951
FHW11235	310.625 	 89.224 	 63.948
FHW11235	310.750 	 89.231 	 63.951
FHW11235	310.875 	 89.224 	 63.948
FHW11235	311.000 	 89.224 	 63.951
FHW11235	311.125 	 89.224 	 63.948
FHW11235	311.250 	 89.224 	 63.951
FHW11235	311.375 	 89.231 	 63.954
FHW11235	311.500 	 89.224 	 63.948
FHW11235	311.625 	 89.224 	 63.951
FHW11235	311.750 	 89.224 	 63.948
FHW11235	311.875 	 89.224 	 63.951
FHW11235	312.000 	 89.231 	 63.948
FHW11235	312.125 	 89.224 	 63.951
FHW11235	312.250 	 89.224 	 63.948
FHW11235	312.375 	 89.224 	 63.951
FHW11235	312.500 	 89.224 	 63.951
FHW11235	312.625 	 89.231 	 63.948
FHW11235	312.750 	 89.224 	 63.951
FHW11235	312.875 	 89.224 	 63.951
FHW11235	313.000 	 89.224 	 63.951
FHW11235	313.125 	 89.224 	 63.948
FHW11235	313.250 	 89.231 	 63.951
FHW11235	313.375 	 89.224 	 63.948
FHW11235	313.500 	 89.224 	 63.951
FHW11235	313.625 	 89.224 	 63.948
FHW11235	313.750 	 89.224 	 63.951
FHW11235	313.875 	 89.231 	 63.951
FHW11235	314.000 	 89.224 	 63.951
FHW11235	314.125 	 89.224 	 63.951
FHW11235	314.250 	 89.224 	 63.948
FHW11235	314.375 	 89.224 	 63.948
FHW11235	314.500 	 89.224 	 63.951
FHW11235	314.625 	 89.231 	 63.951
FHW11235	314.750 	 89.224 	 63.948
FHW11235	314.875 	 89.224 	 63.951
FHW11235	315.000 	 89.224 	 63.948
FHW11235	315.125 	 89.224 	 63.951
FHW11235	315.250 	 89.231 	 63.951
FHW11235	315.375 	 89.224 	 63.951
FHW11235	315.500 	 89.224 	 63.948
FHW11235	315.625 	 89.224 	 63.951
FHW11235	315.750 	 89.224 	 63.951
FHW11235	315.875 	 89.231 	 63.948
FHW11235	316.000 	 89.224 	 63.951
FHW11235	316.125 	 89.224 	 63.948
FHW11235	316.250 	 89.224 	 63.951
FHW11235	316.375 	 89.224 	 63.951
FHW11235	316.500 	 89.231 	 63.951
FHW11235	316.625 	 89.224 	 63.948
FHW11235	316.750 	 89.224 	 63.951
FHW11235	316.875 	 89.224 	 63.951
FHW11235	317.000 	 89.224 	 63.948
FHW11235	317.125 	 89.231 	 63.951
FHW11235	317.250 	 89.224 	 63.948
FHW11235	317.375 	 89.224 	 63.951
FHW11235	317.500 	 89.224 	 63.948
FHW11235	317.625 	 89.224 	 63.951
FHW11235	317.750 	 89.231 	 63.951
FHW11235	317.875 	 89.224 	 63.951
FHW11235	318.000 	 89.224 	 63.951
FHW11235	318.125 	 89.224 	 63.948
FHW11235	318.250 	 89.224 	 63.951
FHW11235	318.375 	 89.231 	 63.948
FHW11235	318.500 	 89.224 	 63.951
FHW11235	318.625 	 89.224 	 63.948
FHW11235	318.750 	 89.224 	 63.951
FHW11235	318.875 	 89.224 	 63.951
FHW11235	319.000 	 89.231 	 63.951
FHW11235	319.125 	 89.224 	 63.951
FHW11235	319.250 	 89.224 	 63.948
FHW11235	319.375 	 89.224 	 63.951
FHW11235	319.500 	 89.224 	 63.948
FHW11235	319.625 	 89.231 	 63.951
FHW11235	319.750 	 89.224 	 63.948
FHW11235	319.875 	 89.224 	 63.951
FHW11235	320.000 	 89.224 	 63.948
FHW11235	320.125 	 89.224 	 63.951
FHW11235	320.250 	 89.231 	 63.951
FHW11235	320.375 	 89.224 	 63.951
FHW11235	320.500 	 89.224 	 63.948
FHW11235	320.625 	 89.224 	 63.951
FHW11235	320.750 	 89.224 	 63.951
FHW11235	320.875 	 89.231 	 63.948
FHW11235	321.000 	 89.224 	 63.951
FHW11235	321.125 	 89.224 	 63.948
FHW11235	321.250 	 89.224 	 63.951
FHW11235	321.375 	 89.224 	 63.951
FHW11235	321.500 	 89.224 	 63.951
FHW11235	321.625 	 89.231 	 63.948
FHW11235	321.750 	 89.224 	 63.951
FHW11235	321.875 	 89.224 	 63.951
FHW11235	322.000 	 89.224 	 63.948
FHW11235	322.125 	 89.224 	 63.951
FHW11235	322.250 	 89.231 	 63.948
FHW11235	322.375 	 89.224 	 63.951
FHW11235	322.500 	 89.224 	 63.948
FHW11235	322.625 	 89.224 	 63.951
FHW11235	322.750 	 89.224 	 63.951
FHW11235	322.875 	 89.231 	 63.951
FHW11235	323.000 	 89.224 	 63.951
FHW11235	323.125 	 89.224 	 63.948
FHW11235	323.250 	 89.224 	 63.951
FHW11235	323.375 	 89.224 	 63.948
FHW11235	323.500 	 89.231 	 63.951
FHW11235	323.625 	 89.224 	 63.948
FHW11235	323.750 	 89.224 	 63.951
FHW11235	323.875 	 89.224 	 63.948
FHW11235	324.000 	 89.224 	 63.954
FHW11235	324.125 	 89.231 	 63.951
FHW11235	324.250 	 89.224 	 63.948
FHW11235	324.375 	 89.224 	 63.951
FHW11235	324.500 	 89.224 	 63.948
FHW11235	324.625 	 89.224 	 63.951
FHW11235	324.750 	 89.231 	 63.948
FHW11235	324.875 	 89.224 	 63.951
FHW11235	325.000 	 89.224 	 63.948
FHW11235	325.125 	 89.224 	 63.951
FHW11235	325.250 	 89.224 	 63.951
FHW11235	325.375 	 89.238 	 63.951
FHW11235	325.500 	 89.510 	 63.948
FHW11235	325.625 	 89.510 	 63.951
FHW11235	325.750 	 89.510 	 63.948
FHW11235	325.875 	 89.510 	 63.954
FHW11235	326.000 	 89.510 	 63.948
FHW11235	326.125 	 89.510 	 63.951
FHW11235	326.250 	 89.510 	 63.948
FHW11235	326.375 	 89.510 	 63.951
FHW11235	326.500 	 89.510 	 63.948
FHW11235	326.625 	 89.510 	 63.951
FHW11235	326.750 	 89.510 	 63.951
FHW11235	326.875 	 89.503 	 63.951
FHW11235	327.000 	 89.510 	 63.948
FHW11235	327.125 	 89.510 	 63.951
FHW11235	327.250 	 89.510 	 63.948
FHW11235	327.375 	 89.510 	 63.951
FHW11235	327.500 	 89.510 	 63.951
FHW11235	327.625 	 89.510 	 63.951
FHW11235	327.750 	 89.510 	 63.948
FHW11235	327.875 	 89.510 	 63.951
FHW11235	328.000 	 89.510 	 63.948
FHW11235	328.125 	 89.510 	 63.951
FHW11235	328.250 	 89.510 	 63.948
FHW11235	328.375 	 89.510 	 63.954
FHW11235	328.500 	 89.510 	 63.948
FHW11235	328.625 	 89.510 	 63.951
FHW11235	328.750 	 89.510 	 63.948
FHW11235	328.875 	 89.510 	 63.951
FHW11235	329.000 	 89.503 	 63.948
FHW11235	329.125 	 89.510 	 63.954
FHW11235	329.250 	 89.510 	 63.948
FHW11235	329.375 	 89.510 	 63.951
FHW11235	329.500 	 89.510 	 63.948
FHW11235	329.625 	 89.510 	 63.951
FHW11235	329.750 	 89.510 	 63.948
FHW11235	329.875 	 89.510 	 63.951
FHW11235	330.000 	 89.510 	 63.951
FHW11235	330.125 	 89.510 	 63.951
FHW11235	330.250 	 89.510 	 63.948
FHW11235	330.375 	 89.510 	 63.951
FHW11235	330.500 	 89.510 	 63.948
FHW11235	330.625 	 89.510 	 63.951
FHW11235	330.750 	 89.510 	 63.951
FHW11235	330.875 	 89.510 	 63.951
FHW11235	331.000 	 89.510 	 63.948
FHW11235	331.125 	 89.503 	 63.951
FHW11235	331.250 	 89.510 	 63.948
FHW11235	331.375 	 89.510 	 63.951
FHW11235	331.500 	 89.510 	 63.948
FHW11235	331.625 	 89.510 	 63.954
FHW11235	331.750 	 89.510 	 63.948
FHW11235	331.875 	 89.510 	 63.951
FHW11235	332.000 	 89.510 	 63.948
FHW11235	332.125 	 89.510 	 63.951
FHW11235	332.250 	 89.510 	 63.948
FHW11235	332.375 	 89.510 	 63.954
FHW11235	332.500 	 89.510 	 63.948
FHW11235	332.625 	 89.510 	 63.951
FHW11235	332.750 	 89.510 	 63.948
FHW11235	332.875 	 89.510 	 63.951
FHW11235	333.000 	 89.510 	 63.948
FHW11235	333.125 	 89.510 	 63.951
FHW11235	333.250 	 89.503 	 63.951
FHW11235	333.375 	 89.510 	 63.951
FHW11235	333.500 	 89.510 	 63.948
FHW11235	333.625 	 89.510 	 63.951
FHW11235	333.750 	 89.510 	 63.948
FHW11235	333.875 	 89.510 	 63.951
FHW11235	334.000 	 89.510 	 63.951
FHW11235	334.125 	 89.510 	 63.951
FHW11235	334.250 	 89.510 	 63.948
FHW11235	334.375 	 89.510 	 63.951
FHW11235	334.500 	 89.510 	 63.948
FHW11235	334.625 	 89.510 	 63.951
FHW11235	334.750 	 89.510 	 63.948
FHW11235	334.875 	 89.510 	 63.954
FHW11235	335.000 	 89.510 	 63.948
FHW11235	335.125 	 89.510 	 63.951
FHW11235	335.250 	 89.510 	 63.948
FHW11235	335.375 	 89.503 	 63.951
FHW11235	335.500 	 89.510 	 63.948
FHW11235	335.625 	 89.510 	 63.954
FHW11235	335.750 	 89.510 	 63.948
FHW11235	335.875 	 89.510 	 63.951
FHW11235	336.000 	 89.510 	 63.948
FHW11235	336.125 	 89.510 	 63.951
FHW11235	336.250 	 89.510 	 63.948
FHW11235	336.375 	 89.510 	 63.951
FHW11235	336.500 	 89.510 	 63.951
FHW11235	336.625 	 89.510 	 63.951
FHW11235	336.750 	 89.510 	 63.948
FHW11235	336.875 	 89.510 	 63.951
FHW11235	337.000 	 89.510 	 63.948
FHW11235	337.125 	 89.510 	 63.951
FHW11235	337.250 	 89.510 	 63.951
FHW11235	337.375 	 89.510 	 63.951
FHW11235	337.500 	 89.503 	 63.948
FHW11235	337.625 	 89.510 	 63.951
FHW11235	337.750 	 89.510 	 63.948
FHW11235	337.875 	 89.510 	 63.951
FHW11235	338.000 	 89.510 	 63.948
FHW11235	338.125 	 89.510 	 63.954
FHW11235	338.250 	 89.510 	 63.948
FHW11235	338.375 	 89.510 	 63.951
FHW11235	338.500 	 89.510 	 63.948
FHW11235	338.625 	 89.510 	 63.951
FHW11235	338.750 	 89.510 	 63.948
FHW11235	338.875 	 89.510 	 63.954
FHW11235	339.000 	 89.510 	 63.948
FHW11235	339.125 	 89.510 	 63.951
FHW11235	339.250 	 89.510 	 63.948
FHW11235	339.375 	 89.510 	 63.951
FHW11235	339.500 	 89.510 	 63.948
FHW11235	339.625 	 89.503 	 63.951
FHW11235	339.750 	 89.510 	 63.951
FHW11235	339.875 	 89.510 	 63.951
FHW11235	340.000 	 89.510 	 63.948
FHW11235	340.125 	 89.510 	 63.951
FHW11235	340.250 	 89.510 	 63.948
FHW11235	340.375 	 89.510 	 63.951
FHW11235	340.500 	 89.510 	 63.951
FHW11235	340.625 	 89.510 	 63.951
FHW11235	340.750 	 89.510 	 63.948
FHW11235	340.875 	 89.510 	 63.951
FHW11235	341.000 	 89.510 	 63.948
FHW11235	341.125 	 89.510 	 63.951
FHW11235	341.250 	 89.510 	 63.951
FHW11235	341.375 	 89.510 	 63.951
FHW11235	341.500 	 89.510 	 63.948
FHW11235	341.625 	 89.510 	 63.951
FHW11235	341.750 	 89.503 	 63.948
FHW11235	341.875 	 89.510 	 63.951
FHW11235	342.000 	 89.510 	 63.948
FHW11235	342.125 	 89.510 	 63.954
FHW11235	342.250 	 89.510 	 63.948
FHW11235	342.375 	 89.510 	 63.951
FHW11235	342.500 	 89.510 	 63.948
FHW11235	342.625 	 89.510 	 63.951
FHW11235	342.750 	 89.510 	 63.948
FHW11235	342.875 	 89.510 	 63.951
FHW11235	343.000 	 89.510 	 63.951
FHW11235	343.125 	 89.510 	 63.951
FHW11235	343.250 	 89.510 	 63.948
FHW11235	343.375 	 89.510 	 63.951
FHW11235	343.500 	 89.510 	 63.948
FHW11235	343.625 	 89.510 	 63.951
FHW11235	343.750 	 89.510 	 63.948
FHW11235	343.875 	 89.503 	 63.954
FHW11235	344.000 	 89.552 	 63.973
FHW11235	344.125 	 89.979 	 64.248
FHW11235	344.250 	 89.979 	 64.251
FHW11235	344.375 	 89.979 	 64.248
FHW11235	344.500 	 89.979 	 64.251
FHW11235	344.625 	 89.979 	 64.251
FHW11235	344.750 	 89.986 	 64.251
FHW11235	344.875 	 89.979 	 64.248
FHW11235	345.000 	 89.979 	 64.251
FHW11235	345.125 	 89.979 	 64.248
FHW11235	345.250 	 89.979 	 64.251
FHW11235	345.375 	 89.979 	 64.248
FHW11235	345.500 	 89.979 	 64.248
FHW11235	345.625 	 89.986 	 64.251
FHW11235	345.750 	 89.979 	 64.248
FHW11235	345.875 	 89.979 	 64.254
FHW11235	346.000 	 89.979 	 64.248
FHW11235	346.125 	 89.979 	 64.251
FHW11235	346.250 	 89.979 	 64.248
FHW11235	346.375 	 89.979 	 64.251
FHW11235	346.500 	 89.986 	 64.248
FHW11235	346.625 	 89.979 	 64.251
FHW11235	346.750 	 89.979 	 64.248
FHW11235	346.875 	 89.979 	 64.251
FHW11235	347.000 	 89.979 	 64.248
FHW11235	347.125 	 89.979 	 64.254
FHW11235	347.250 	 89.979 	 64.248
FHW11235	347.375 	 89.986 	 64.248
FHW11235	347.500 	 89.979 	 64.251
FHW11235	347.625 	 89.979 	 64.248
FHW11235	347.750 	 89.979 	 64.251
FHW11235	347.875 	 89.979 	 64.248
FHW11235	348.000 	 89.979 	 64.251
FHW11235	348.125 	 89.979 	 64.248
FHW11235	348.250 	 89.986 	 64.251
FHW11235	348.375 	 89.979 	 64.251
FHW11235	348.500 	 89.979 	 64.251
FHW11235	348.625 	 89.979 	 64.248
FHW11235	348.750 	 89.979 	 64.251
FHW11235	348.875 	 89.979 	 64.248
FHW11235	349.000 	 89.979 	 64.248
FHW11235	349.125 	 89.986 	 64.251
FHW11235	349.250 	 89.979 	 64.248
FHW11235	349.375 	 89.979 	 64.251
FHW11235	349.500 	 89.979 	 64.248
FHW11235	349.625 	 89.979 	 64.254
FHW11235	349.750 	 89.979 	 64.248
FHW11235	349.875 	 89.979 	 64.251
FHW11235	350.000 	 89.986 	 64.248
FHW11235	350.125 	 89.979 	 64.251
FHW11235	350.250 	 89.979 	 64.248
FHW11235	350.375 	 89.979 	 64.251
FHW11235	350.500 	 89.979 	 64.248
FHW11235	350.625 	 89.979 	 64.251
FHW11235	350.750 	 89.979 	 64.248
FHW11235	350.875 	 89.986 	 64.254
FHW11235	351.000 	 89.979 	 64.248
FHW11235	351.125 	 89.979 	 64.248
FHW11235	351.250 	 89.979 	 64.251
FHW11235	351.375 	 89.979 	 64.248
FHW11235	351.500 	 89.979 	 64.251
FHW11235	351.625 	 89.979 	 64.248
FHW11235	351.750 	 89.986 	 64.251
FHW11235	351.875 	 89.979 	 64.248
FHW11235	352.000 	 89.979 	 64.254
FHW11235	352.125 	 89.979 	 64.248
FHW11235	352.250 	 89.979 	 64.251
FHW11235	352.375 	 89.979 	 64.248
FHW11235	352.500 	 89.979 	 64.251
FHW11235	352.625 	 89.986 	 64.248
FHW11235	352.750 	 89.979 	 64.248
FHW11235	352.875 	 89.979 	 64.251
FHW11235	353.000 	 89.979 	 64.248
FHW11235	353.125 	 89.979 	 64.251
FHW11235	353.250 	 89.979 	 64.248
FHW11235	353.375 	 89.979 	 64.254
FHW11235	353.500 	 89.986 	 64.248
FHW11235	353.625 	 89.979 	 64.251
FHW11235	353.750 	 89.979 	 64.248
FHW11235	353.875 	 89.979 	 64.251
FHW11235	354.000 	 89.979 	 64.248
FHW11235	354.125 	 89.979 	 64.251
FHW11235	354.250 	 89.979 	 64.248
FHW11235	354.375 	 89.986 	 64.251
FHW11235	354.500 	 89.979 	 64.251
FHW11235	354.625 	 89.979 	 64.248
FHW11235	354.750 	 89.979 	 64.251
FHW11235	354.875 	 89.979 	 64.248
FHW11235	355.000 	 89.979 	 64.251
FHW11235	355.125 	 89.979 	 64.248
FHW11235	355.250 	 89.986 	 64.251
FHW11235	355.375 	 89.979 	 64.248
FHW11235	355.500 	 89.979 	 64.251
FHW11235	355.625 	 89.979 	 64.248
FHW11235	355.750 	 89.979 	 64.251
FHW11235	355.875 	 89.979 	 64.251
FHW11235	356.000 	 89.979 	 64.251
FHW11235	356.125 	 89.986 	 64.248
FHW11235	356.250 	 89.979 	 64.251
FHW11235	356.375 	 89.979 	 64.248
FHW11235	356.500 	 89.979 	 64.248
FHW11235	356.625 	 89.979 	 64.251
FHW11235	356.750 	 89.979 	 64.248
FHW11235	356.875 	 89.979 	 64.251
FHW11235	357.000 	 89.986 	 64.251
FHW11235	357.125 	 89.979 	 64.251
FHW11235	357.250 	 89.979 	 64.248
FHW11235	357.375 	 89.979 	 64.251
FHW11235	357.500 	 89.979 	 64.248
FHW11235	357.625 	 89.979 	 64.251
FHW11235	357.750 	 89.979 	 64.248
FHW11235	357.875 	 89.986 	 64.251
FHW11235	358.000 	 89.979 	 64.248
FHW11235	358.125 	 89.979 	 64.251
FHW11235	358.250 	 89.979 	 64.251
FHW11235	358.375 	 89.979 	 64.248
FHW11235	358.500 	 89.979 	 64.251
FHW11235	358.625 	 89.979 	 64.248
FHW11235	358.750 	 89.986 	 64.251
FHW11235	358.875 	 89.979 	 64.248
FHW11235	359.000 	 89.979 	 64.251
FHW11235	359.125 	 89.979 	 64.248
FHW11235	359.250 	 89.979 	 64.251
FHW11235	359.375 	 89.979 	 64.248
FHW11235	359.500 	 89.979 	 64.254
FHW11235	359.625 	 89.986 	 64.248
FHW11235	359.750 	 89.979 	 64.251
FHW11235	359.875 	 89.979 	 64.248
FHW11235	360.000 	 89.979 	 64.251
FHW11235	360.125 	 89.979 	 64.248
FHW11235	360.250 	 89.979 	 64.248
FHW11235	360.375 	 89.979 	 64.251
FHW11235	360.500 	 89.986 	 64.248
FHW11235	360.625 	 89.979 	 64.251
FHW11235	360.750 	 89.979 	 64.251
FHW11235	360.875 	 89.979 	 64.251
FHW11235	361.000 	 89.979 	 64.248
FHW11235	361.125 	 89.979 	 64.251
FHW11235	361.250 	 89.979 	 64.248
FHW11235	361.375 	 89.986 	 64.251
FHW11235	361.500 	 89.979 	 64.248
FHW11235	361.625 	 89.979 	 64.251
FHW11235	361.750 	 89.979 	 64.248
FHW11235	361.875 	 89.979 	 64.248
FHW11235	362.000 	 89.979 	 64.254
FHW11235	362.125 	 89.979 	 64.251
FHW11235	362.250 	 90.077 	 64.295
FHW11235	362.375 	 90.574 	 64.549
FHW11235	362.500 	 90.567 	 64.552
FHW11235	362.625 	 90.574 	 64.552
FHW11235	362.750 	 90.567 	 64.546
FHW11235	362.875 	 90.567 	 64.552
FHW11235	363.000 	 90.574 	 64.552
FHW11235	363.125 	 90.567 	 64.549
FHW11235	363.250 	 90.574 	 64.552
FHW11235	363.375 	 90.567 	 64.549
FHW11235	363.500 	 90.574 	 64.549
FHW11235	363.625 	 90.567 	 64.552
FHW11235	363.750 	 90.574 	 64.552
FHW11235	363.875 	 90.567 	 64.546
FHW11235	364.000 	 90.574 	 64.552
FHW11235	364.125 	 90.567 	 64.552
FHW11235	364.250 	 90.574 	 64.549
FHW11235	364.375 	 90.567 	 64.552
FHW11235	364.500 	 90.573 	 64.549
FHW11235	364.625 	 90.567 	 64.549
FHW11235	364.750 	 90.574 	 64.552
FHW11235	364.875 	 90.567 	 64.552
FHW11235	365.000 	 90.574 	 64.549
FHW11235	365.125 	 90.567 	 64.549
FHW11235	365.250 	 90.574 	 64.552
FHW11235	365.375 	 90.567 	 64.549
FHW11235	365.500 	 90.574 	 64.552
FHW11235	365.625 	 90.567 	 64.549
FHW11235	365.750 	 90.573 	 64.549
FHW11235	365.875 	 90.567 	 64.552
FHW11235	366.000 	 90.574 	 64.549
FHW11235	366.125 	 90.567 	 64.552
FHW11235	366.250 	 90.574 	 64.552
FHW11235	366.375 	 90.567 	 64.546
FHW11235	366.500 	 90.574 	 64.552
FHW11235	366.625 	 90.567 	 64.552
FHW11235	366.750 	 90.574 	 64.549
FHW11235	366.875 	 90.567 	 64.549
FHW11235	367.000 	 90.574 	 64.552
FHW11235	367.125 	 90.567 	 64.549
FHW11235	367.250 	 90.574 	 64.552
FHW11235	367.375 	 90.567 	 64.552
FHW11235	367.500 	 90.574 	 64.546
FHW11235	367.625 	 90.567 	 64.552
FHW11235	367.750 	 90.574 	 64.552
FHW11235	367.875 	 90.567 	 64.549
FHW11235	368.000 	 90.574 	 64.552
FHW11235	368.125 	 90.567 	 64.549
FHW11235	368.250 	 90.574 	 64.549
FHW11235	368.375 	 90.567 	 64.552
FHW11235	368.500 	 90.574 	 64.552
FHW11235	368.625 	 90.567 	 64.549
FHW11235	368.750 	 90.573 	 64.549
FHW11235	368.875 	 90.567 	 64.552
FHW11235	369.000 	 90.574 	 64.549
FHW11235	369.125 	 90.567 	 64.552
FHW11235	369.250 	 90.574 	 64.549
FHW11235	369.375 	 90.567 	 64.549
FHW11235	369.500 	 90.574 	 64.552
FHW11235	369.625 	 90.567 	 64.549
FHW11235	369.750 	 90.574 	 64.552
FHW11235	369.875 	 90.567 	 64.552
FHW11235	370.000 	 90.574 	 64.546
FHW11235	370.125 	 90.567 	 64.552
FHW11235	370.250 	 90.574 	 64.552
FHW11235	370.375 	 90.567 	 64.549
FHW11235	370.500 	 90.573 	 64.549
FHW11235	370.625 	 90.567 	 64.552
FHW11235	370.750 	 90.567 	 64.549
FHW11235	370.875 	 90.574 	 64.552
FHW11235	371.000 	 90.567 	 64.552
FHW11235	371.125 	 90.574 	 64.546
FHW11235	371.250 	 90.567 	 64.552
FHW11235	371.375 	 90.574 	 64.552
FHW11235	371.500 	 90.567 	 64.549
FHW11235	371.625 	 90.574 	 64.552
FHW11235	371.750 	 90.567 	 64.549
FHW11235	371.875 	 90.574 	 64.549
FHW11235	372.000 	 90.567 	 64.552
FHW11235	372.125 	 90.574 	 64.549
FHW11235	372.250 	 90.567 	 64.552
FHW11235	372.375 	 90.573 	 64.549
FHW11235	372.500 	 90.567 	 64.549
FHW11235	372.625 	 90.574 	 64.552
FHW11235	372.750 	 90.567 	 64.552
FHW11235	372.875 	 90.574 	 64.546
FHW11235	373.000 	 90.567 	 64.552
FHW11235	373.125 	 90.574 	 64.552
FHW11235	373.250 	 90.567 	 64.549
FHW11235	373.375 	 90.574 	 64.552
FHW11235	373.500 	 90.567 	 64.552
FHW11235	373.625 	 90.574 	 64.546
FHW11235	373.750 	 90.566 	 64.555
FHW11235	373.875 	 90.574 	 64.549
FHW11235	374.000 	 90.567 	 64.549
FHW11235	374.125 	 90.574 	 64.546
FHW11235	374.250 	 90.566 	 64.555
FHW11235	374.375 	 90.574 	 64.549
FHW11235	374.500 	 90.567 	 64.549
FHW11235	374.625 	 90.573 	 64.555
FHW11235	374.750 	 90.567 	 64.546
FHW11235	374.875 	 90.574 	 64.549
FHW11235	375.000 	 90.566 	 64.555
FHW11235	375.125 	 90.574 	 64.549
FHW11235	375.250 	 90.567 	 64.549
FHW11235	375.375 	 90.573 	 64.552
FHW11235	375.500 	 90.567 	 64.549
FHW11235	375.625 	 90.574 	 64.549
FHW11235	375.750 	 90.566 	 64.555
FHW11235	375.875 	 90.574 	 64.549
FHW11235	376.000 	 90.567 	 64.546
FHW11235	376.125 	 90.573 	 64.555
FHW11235	376.250 	 90.567 	 64.549
FHW11235	376.375 	 90.574 	 64.549
FHW11235	376.500 	 90.566 	 64.552
FHW11235	376.625 	 90.574 	 64.549
FHW11235	376.750 	 90.567 	 64.549
FHW11235	376.875 	 90.573 	 64.555
FHW11235	377.000 	 90.567 	 64.549
FHW11235	377.125 	 90.574 	 64.546
FHW11235	377.250 	 90.566 	 64.555
FHW11235	377.375 	 90.574 	 64.549
FHW11235	377.500 	 90.567 	 64.549
FHW11235	377.625 	 90.573 	 64.555
FHW11235	377.750 	 90.567 	 64.546
FHW11235	377.875 	 90.574 	 64.549
FHW11235	378.000 	 90.566 	 64.555
FHW11235	378.125 	 90.574 	 64.549
FHW11235	378.250 	 90.567 	 64.549
FHW11235	378.375 	 90.573 	 64.552
FHW11235	378.500 	 90.567 	 64.549
FHW11235	378.625 	 90.574 	 64.549
FHW11235	378.750 	 90.566 	 64.555
FHW11235	378.875 	 90.567 	 64.546
FHW11235	379.000 	 90.574 	 64.549
FHW11235	379.125 	 90.566 	 64.555
FHW11235	379.250 	 90.574 	 64.549
FHW11235	379.375 	 90.567 	 64.549
FHW11235	379.500 	 90.573 	 64.555
FHW11235	379.625 	 90.567 	 64.546
FHW11235	379.750 	 90.574 	 64.549
FHW11235	379.875 	 90.566 	 64.555
FHW11235	380.000 	 90.574 	 64.549
FHW11235	380.125 	 90.567 	 64.546
FHW11235	380.250 	 90.574 	 64.549
FHW11235	380.375 	 90.566 	 64.555
FHW11235	380.500 	 90.574 	 64.549
FHW11235	380.625 	 90.566 	 64.555
FHW11235	380.750 	 90.574 	 64.546
FHW11235	380.875 	 90.567 	 64.549
FHW11235	381.000 	 90.574 	 64.549
FHW11235	381.125 	 90.476 	 64.589
FHW11235	381.250 	 90.301 	 64.646
FHW11235	381.375 	 90.308 	 64.655
FHW11235	381.500 	 90.308 	 64.646
FHW11235	381.625 	 90.301 	 64.655
FHW11235	381.750 	 90.308 	 64.646
FHW11235	381.875 	 90.301 	 64.655
FHW11235	382.000 	 90.308 	 64.646
FHW11235	382.125 	 90.308 	 64.655
FHW11235	382.250 	 90.301 	 64.646
FHW11235	382.375 	 90.308 	 64.652
FHW11235	382.500 	 90.301 	 64.649
FHW11235	382.625 	 90.308 	 64.652
FHW11235	382.750 	 90.308 	 64.649
FHW11235	382.875 	 90.301 	 64.652
FHW11235	383.000 	 90.308 	 64.649
FHW11235	383.125 	 90.301 	 64.652
FHW11235	383.250 	 90.308 	 64.646
FHW11235	383.375 	 90.308 	 64.655
FHW11235	383.500 	 90.301 	 64.646
FHW11235	383.625 	 90.308 	 64.655
FHW11235	383.750 	 90.308 	 64.646
FHW11235	383.875 	 90.301 	 64.655
FHW11235	384.000 	 90.308 	 64.646
FHW11235	384.125 	 90.301 	 64.655
FHW11235	384.250 	 90.308 	 64.646
FHW11235	384.375 	 90.308 	 64.652
FHW11235	384.500 	 90.301 	 64.649
FHW11235	384.625 	 90.308 	 64.652
FHW11235	384.750 	 90.301 	 64.649
FHW11235	384.875 	 90.308 	 64.652
FHW11235	385.000 	 90.308 	 64.649
FHW11235	385.125 	 90.301 	 64.652
FHW11235	385.250 	 90.308 	 64.646
FHW11235	385.375 	 90.301 	 64.655
FHW11235	385.500 	 90.308 	 64.646
FHW11235	385.625 	 90.308 	 64.655
FHW11235	385.750 	 90.301 	 64.646
FHW11235	385.875 	 90.308 	 64.655
FHW11235	386.000 	 90.308 	 64.646
FHW11235	386.125 	 90.301 	 64.655
FHW11235	386.250 	 90.308 	 64.646
FHW11235	386.375 	 90.301 	 64.646
FHW11235	386.500 	 90.308 	 64.655
FHW11235	386.625 	 90.308 	 64.646
FHW11235	386.750 	 90.301 	 64.655
FHW11235	386.875 	 90.308 	 64.646
FHW11235	387.000 	 90.301 	 64.655
FHW11235	387.125 	 90.308 	 64.646
FHW11235	387.250 	 90.308 	 64.652
FHW11235	387.375 	 90.301 	 64.649
FHW11235	387.500 	 90.308 	 64.652
FHW11235	387.625 	 90.301 	 64.649
FHW11235	387.750 	 90.308 	 64.652
FHW11235	387.875 	 90.308 	 64.649
FHW11235	388.000 	 90.301 	 64.652
FHW11235	388.125 	 90.308 	 64.649
FHW11235	388.250 	 90.308 	 64.652
FHW11235	388.375 	 90.301 	 64.646
FHW11235	388.500 	 90.308 	 64.655
FHW11235	388.625 	 90.301 	 64.646
FHW11235	388.750 	 90.308 	 64.655
FHW11235	388.875 	 90.308 	 64.646
FHW11235	389.000 	 90.301 	 64.655
FHW11235	389.125 	 90.308 	 64.646
FHW11235	389.250 	 90.301 	 64.655
FHW11235	389.375 	 90.308 	 64.646
FHW11235	389.500 	 90.308 	 64.652
FHW11235	389.625 	 90.301 	 64.649
FHW11235	389.750 	 90.308 	 64.652
FHW11235	389.875 	 90.301 	 64.649
FHW11235	390.000 	 90.308 	 64.652
FHW11235	390.125 	 90.308 	 64.649
FHW11235	390.250 	 90.301 	 64.652
FHW11235	390.375 	 90.308 	 64.646
FHW11235	390.500 	 90.308 	 64.655
FHW11235	390.625 	 90.301 	 64.646
FHW11235	390.750 	 90.308 	 64.655
FHW11235	390.875 	 90.301 	 64.646
FHW11235	391.000 	 90.308 	 64.655
FHW11235	391.125 	 90.308 	 64.646
FHW11235	391.250 	 90.301 	 64.655
FHW11235	391.375 	 90.308 	 64.646
FHW11235	391.500 	 90.301 	 64.652
FHW11235	391.625 	 90.308 	 64.649
FHW11235	391.750 	 90.308 	 64.652
FHW11235	391.875 	 90.301 	 64.649
FHW11235	392.000 	 90.308 	 64.652
FHW11235	392.125 	 90.301 	 64.649
FHW11235	392.250 	 90.308 	 64.652
FHW11235	392.375 	 90.308 	 64.649
FHW11235	392.500 	 90.301 	 64.652
FHW11235	392.625 	 90.308 	 64.646
FHW11235	392.750 	 90.308 	 64.649
FHW11235	392.875 	 90.301 	 64.652
FHW11235	393.000 	 90.308 	 64.649
FHW11235	393.125 	 90.301 	 64.652
FHW11235	393.250 	 90.308 	 64.649
FHW11235	393.375 	 90.308 	 64.652
FHW11235	393.500 	 90.301 	 64.646
FHW11235	393.625 	 90.308 	 64.655
FHW11235	393.750 	 90.301 	 64.646
FHW11235	393.875 	 90.308 	 64.655
FHW11235	394.000 	 90.308 	 64.646
FHW11235	394.125 	 90.301 	 64.655
FHW11235	394.250 	 90.308 	 64.646
FHW11235	394.375 	 90.301 	 64.652
FHW11235	394.500 	 90.308 	 64.649
FHW11235	394.625 	 90.308 	 64.652
FHW11235	394.750 	 90.301 	 64.649
FHW11235	394.875 	 90.308 	 64.652
FHW11235	395.000 	 90.301 	 64.649
FHW11235	395.125 	 90.308 	 64.652
FHW11235	395.250 	 90.308 	 64.649
FHW11235	395.375 	 90.301 	 64.652
FHW11235	395.500 	 90.308 	 64.649
FHW11235	395.625 	 90.308 	 64.652
FHW11235	395.750 	 90.301 	 64.646
FHW11235	395.875 	 90.308 	 64.655
FHW11235	396.000 	 90.301 	 64.646
FHW11235	396.125 	 90.308 	 64.655
FHW11235	396.250 	 90.308 	 64.646
FHW11235	396.375 	 90.301 	 64.655
FHW11235	396.500 	 90.308 	 64.646
FHW11235	396.625 	 90.301 	 64.652
FHW11235	396.750 	 90.308 	 64.649
FHW11235	396.875 	 90.308 	 64.652
FHW11235	397.000 	 90.301 	 64.649
FHW11235	397.125 	 90.308 	 64.652
FHW11235	397.250 	 90.301 	 64.649
FHW11235	397.375 	 90.308 	 64.652
FHW11235	397.500 	 90.308 	 64.646
FHW11235	397.625 	 90.301 	 64.655
FHW11235	397.750 	 90.308 	 64.646
FHW11235	397.875 	 90.308 	 64.655
FHW11235	398.000 	 90.301 	 64.646
FHW11235	398.125 	 90.308 	 64.655
FHW11235	398.250 	 90.301 	 64.646
FHW11235	398.375 	 90.308 	 64.655
FHW11235	398.500 	 90.308 	 64.646
FHW11235	398.625 	 90.301 	 64.652
FHW11235	398.750 	 90.308 	 64.649
FHW11235	398.875 	 90.301 	 64.652
FHW11235	399.000 	 90.308 	 64.649
FHW11235	399.125 	 90.308 	 64.646
FHW11235	399.250 	 90.301 	 64.655
FHW11235	399.375 	 90.308 	 64.646
FHW11235	399.500 	 90.301 	 64.655
FHW11235	399.625 	 90.308 	 64.646
FHW11235	399.750 	 90.308 	 64.652
FHW11235	399.875 	 90.301 	 64.649
FHW11235	400.000 	 90.308 	 64.652
FHW11235	400.125 	 90.308 	 64.649
FHW11235	400.250 	 90.301 	 64.652
FHW11235	400.375 	 90.308 	 64.649
FHW11235	400.500 	 89.783 	 64.476
FHW11235	400.625 	 89.713 	 64.449
FHW11235	400.750 	 89.720 	 64.449
FHW11235	400.875 	 89.713 	 64.455
FHW11235	401.000 	 89.713 	 64.445
FHW11235	401.125 	 89.713 	 64.455
FHW11235	401.250 	 89.720 	 64.449
FHW11235	401.375 	 89.713 	 64.445
FHW11235	401.500 	 89.713 	 64.455
FHW11235	401.625 	 89.713 	 64.449
FHW11235	401.750 	 89.720 	 64.449
FHW11235	401.875 	 89.713 	 64.451
FHW11235	402.000 	 89.713 	 64.449
FHW11235	402.125 	 89.713 	 64.455
FHW11235	402.250 	 89.720 	 64.445
FHW11235	402.375 	 89.713 	 64.449
FHW11235	402.500 	 89.713 	 64.455
FHW11235	402.625 	 89.713 	 64.449
FHW11235	402.750 	 89.720 	 64.451
FHW11235	402.875 	 89.713 	 64.449
FHW11235	403.000 	 89.713 	 64.449
FHW11235	403.125 	 89.713 	 64.451
FHW11235	403.250 	 89.720 	 64.449
FHW11235	403.375 	 89.713 	 64.455
FHW11235	403.500 	 89.713 	 64.449
FHW11235	403.625 	 89.713 	 64.445
FHW11235	403.750 	 89.720 	 64.455
FHW11235	403.875 	 89.713 	 64.449
FHW11235	404.000 	 89.713 	 64.451
FHW11235	404.125 	 89.713 	 64.449
FHW11235	404.250 	 89.720 	 64.449
FHW11235	404.375 	 89.713 	 64.455
FHW11235	404.500 	 89.713 	 64.445
FHW11235	404.625 	 89.713 	 64.455
FHW11235	404.750 	 89.720 	 64.449
FHW11235	404.875 	 89.713 	 64.445
FHW11235	405.000 	 89.713 	 64.455
FHW11235	405.125 	 89.713 	 64.449
FHW11235	405.250 	 89.720 	 64.455
FHW11235	405.375 	 89.713 	 64.445
FHW11235	405.500 	 89.713 	 64.449
FHW11235	405.625 	 89.713 	 64.455
FHW11235	405.750 	 89.720 	 64.445
FHW11235	405.875 	 89.713 	 64.455
FHW11235	406.000 	 89.713 	 64.449
FHW11235	406.125 	 89.713 	 64.449
FHW11235	406.250 	 89.720 	 64.451
FHW11235	406.375 	 89.713 	 64.449
FHW11235	406.500 	 89.713 	 64.455
FHW11235	406.625 	 89.713 	 64.445
FHW11235	406.750 	 89.720 	 64.449
FHW11235	406.875 	 89.713 	 64.455
FHW11235	407.000 	 89.713 	 64.449
FHW11235	407.125 	 89.713 	 64.451
FHW11235	407.250 	 89.720 	 64.449
FHW11235	407.375 	 89.713 	 64.449
FHW11235	407.500 	 89.713 	 64.451
FHW11235	407.625 	 89.713 	 64.449
FHW11235	407.750 	 89.720 	 64.455
FHW11235	407.875 	 89.713 	 64.445
FHW11235	408.000 	 89.713 	 64.449
FHW11235	408.125 	 89.713 	 64.455
FHW11235	408.250 	 89.720 	 64.449
FHW11235	408.375 	 89.713 	 64.451
FHW11235	408.500 	 89.713 	 64.449
FHW11235	408.625 	 89.713 	 64.449
FHW11235	408.750 	 89.720 	 64.451
FHW11235	408.875 	 89.713 	 64.449
FHW11235	409.000 	 89.713 	 64.455
FHW11235	409.125 	 89.713 	 64.449
FHW11235	409.250 	 89.720 	 64.445
FHW11235	409.375 	 89.713 	 64.455
FHW11235	409.500 	 89.713 	 64.449
FHW11235	409.625 	 89.713 	 64.451
FHW11235	409.750 	 89.720 	 64.449
FHW11235	409.875 	 89.713 	 64.449
FHW11235	410.000 	 89.713 	 64.455
FHW11235	410.125 	 89.713 	 64.445
FHW11235	410.250 	 89.720 	 64.455
FHW11235	410.375 	 89.713 	 64.449
FHW11235	410.500 	 89.713 	 64.445
FHW11235	410.625 	 89.713 	 64.455
FHW11235	410.750 	 89.720 	 64.449
FHW11235	410.875 	 89.713 	 64.455
FHW11235	411.000 	 89.713 	 64.445
FHW11235	411.125 	 89.713 	 64.449
FHW11235	411.250 	 89.720 	 64.455
FHW11235	411.375 	 89.713 	 64.445
FHW11235	411.500 	 89.713 	 64.455
FHW11235	411.625 	 89.713 	 64.449
FHW11235	411.750 	 89.720 	 64.449
FHW11235	411.875 	 89.713 	 64.451
FHW11235	412.000 	 89.713 	 64.449
FHW11235	412.125 	 89.713 	 64.455
FHW11235	412.250 	 89.720 	 64.445
FHW11235	412.375 	 89.713 	 64.449
FHW11235	412.500 	 89.713 	 64.455
FHW11235	412.625 	 89.713 	 64.449
FHW11235	412.750 	 89.720 	 64.445
FHW11235	412.875 	 89.713 	 64.455
FHW11235	413.000 	 89.713 	 64.449
FHW11235	413.125 	 89.713 	 64.451
FHW11235	413.250 	 89.720 	 64.449
FHW11235	413.375 	 89.713 	 64.455
FHW11235	413.500 	 89.713 	 64.449
FHW11235	413.625 	 89.713 	 64.445
FHW11235	413.750 	 89.720 	 64.455
FHW11235	413.875 	 89.713 	 64.449
FHW11235	414.000 	 89.713 	 64.445
FHW11235	414.125 	 89.713 	 64.455
FHW11235	414.250 	 89.720 	 64.449
FHW11235	414.375 	 89.713 	 64.455
FHW11235	414.500 	 89.713 	 64.445
FHW11235	414.625 	 89.713 	 64.449
FHW11235	414.750 	 89.720 	 64.455
FHW11235	414.875 	 89.713 	 64.445
FHW11235	415.000 	 89.713 	 64.455
FHW11235	415.125 	 89.713 	 64.449
FHW11235	415.250 	 89.720 	 64.449
FHW11235	415.375 	 89.713 	 64.451
FHW11235	415.500 	 89.713 	 64.449
FHW11235	415.625 	 89.713 	 64.455
FHW11235	415.750 	 89.720 	 64.445
FHW11235	415.875 	 89.713 	 64.449
FHW11235	416.000 	 89.713 	 64.455
FHW11235	416.125 	 89.713 	 64.449
FHW11235	416.250 	 89.720 	 64.451
FHW11235	416.375 	 89.713 	 64.449
FHW11235	416.500 	 89.713 	 64.449
FHW11235	416.625 	 89.713 	 64.451
FHW11235	416.750 	 89.720 	 64.449
FHW11235	416.875 	 89.713 	 64.455
FHW11235	417.000 	 89.713 	 64.449
FHW11235	417.125 	 89.713 	 64.445
FHW11235	417.250 	 89.720 	 64.455
FHW11235	417.375 	 89.713 	 64.449
FHW11235	417.500 	 89.713 	 64.451
FHW11235	417.625 	 89.713 	 64.449
FHW11235	417.750 	 89.720 	 64.449
FHW11235	417.875 	 89.713 	 64.455
FHW11235	418.000 	 89.713 	 64.445
FHW11235	418.125 	 89.713 	 64.455
FHW11235	418.250 	 89.720 	 64.449
FHW11235	418.375 	 89.713 	 64.445
FHW11235	418.500 	 89.713 	 64.455
FHW11235	418.625 	 89.713 	 64.449
FHW11235	418.750 	 89.720 	 64.455
FHW11235	418.875 	 89.713 	 64.445
FHW11235	419.000 	 89.713 	 64.449
FHW11235	419.125 	 89.713 	 64.455
FHW11235	419.250 	 89.720 	 64.445
FHW11235	419.375 	 89.713 	 64.455
FHW11235	419.500 	 89.713 	 64.449
FHW11235	419.625 	 89.713 	 64.449
FHW11235	419.750 	 89.699 	 64.270
FHW11235	419.875 	 89.671 	 64.004
FHW11235	420.000 	 89.671 	 63.998
FHW11235	420.125 	 89.671 	 63.995
FHW11235	420.250 	 89.664 	 64.004
FHW11235	420.375 	 89.671 	 63.998
FHW11235	420.500 	 89.671 	 63.998
FHW11235	420.625 	 89.671 	 64.004
FHW11235	420.750 	 89.671 	 63.998
FHW11235	420.875 	 89.671 	 64.004
FHW11235	421.000 	 89.664 	 63.998
FHW11235	421.125 	 89.671 	 63.995
FHW11235	421.250 	 89.671 	 64.004
FHW11235	421.375 	 89.671 	 63.998
FHW11235	421.500 	 89.671 	 64.004
FHW11235	421.625 	 89.664 	 63.998
FHW11235	421.750 	 89.671 	 63.998
FHW11235	421.875 	 89.671 	 64.004
FHW11235	422.000 	 89.671 	 63.995
FHW11235	422.125 	 89.671 	 63.998
FHW11235	422.250 	 89.671 	 64.004
FHW11235	422.375 	 89.664 	 63.998
FHW11235	422.500 	 89.671 	 64.004
FHW11235	422.625 	 89.671 	 63.998
FHW11235	422.750 	 89.671 	 63.998
FHW11235	422.875 	 89.671 	 64.001
FHW11235	423.000 	 89.664 	 63.998
FHW11235	423.125 	 89.671 	 64.004
FHW11235	423.250 	 89.671 	 63.998
FHW11235	423.375 	 89.671 	 63.998
FHW11235	423.500 	 89.671 	 64.004
FHW11235	423.625 	 89.671 	 63.998
FHW11235	423.750 	 89.664 	 63.998
FHW11235	423.875 	 89.671 	 64.001
FHW11235	424.000 	 89.671 	 63.998
FHW11235	424.125 	 89.671 	 64.004
FHW11235	424.250 	 89.671 	 63.998
FHW11235	424.375 	 89.664 	 63.998
FHW11235	424.500 	 89.671 	 64.004
FHW11235	424.625 	 89.671 	 63.998
FHW11235	424.750 	 89.671 	 64.001
FHW11235	424.875 	 89.671 	 63.998
FHW11235	425.000 	 89.671 	 63.998
FHW11235	425.125 	 89.664 	 64.004
FHW11235	425.250 	 89.671 	 63.998
FHW11235	425.375 	 89.671 	 63.998
FHW11235	425.500 	 89.671 	 64.004
FHW11235	425.625 	 89.671 	 63.998
FHW11235	425.750 	 89.664 	 64.001
FHW11235	425.875 	 89.671 	 63.998
FHW11235	426.000 	 89.671 	 63.998
FHW11235	426.125 	 89.671 	 64.004
FHW11235	426.250 	 89.671 	 63.998
FHW11235	426.375 	 89.671 	 64.004
FHW11235	426.500 	 89.664 	 63.998
FHW11235	426.625 	 89.671 	 63.995
FHW11235	426.750 	 89.671 	 64.004
FHW11235	426.875 	 89.671 	 63.998
FHW11235	427.000 	 89.671 	 63.998
FHW11235	427.125 	 89.664 	 64.004
FHW11235	427.250 	 89.671 	 63.998
FHW11235	427.375 	 89.671 	 64.004
FHW11235	427.500 	 89.671 	 63.995
FHW11235	427.625 	 89.671 	 63.998
FHW11235	427.750 	 89.671 	 64.004
FHW11235	427.875 	 89.664 	 63.998
FHW11235	428.000 	 89.671 	 63.998
FHW11235	428.125 	 89.671 	 64.004
FHW11235	428.250 	 89.671 	 63.998
FHW11235	428.375 	 89.671 	 64.004
FHW11235	428.500 	 89.664 	 63.995
FHW11235	428.625 	 89.671 	 63.998
FHW11235	428.750 	 89.671 	 64.004
FHW11235	428.875 	 89.671 	 63.998
FHW11235	429.000 	 89.671 	 64.004
FHW11235	429.125 	 89.671 	 63.998
FHW11235	429.250 	 89.664 	 63.998
FHW11235	429.375 	 89.671 	 64.001
FHW11235	429.500 	 89.671 	 63.998
FHW11235	429.625 	 89.671 	 63.998
FHW11235	429.750 	 89.671 	 64.004
FHW11235	429.875 	 89.671 	 63.998
FHW11235	430.000 	 89.664 	 64.004
FHW11235	430.125 	 89.671 	 63.998
FHW11235	430.250 	 89.671 	 63.998
FHW11235	430.375 	 89.671 	 64.001
FHW11235	430.500 	 89.671 	 63.998
FHW11235	430.625 	 89.664 	 64.004
FHW11235	430.750 	 89.671 	 63.998
FHW11235	430.875 	 89.671 	 63.998
FHW11235	431.000 	 89.671 	 64.004
FHW11235	431.125 	 89.671 	 63.998
FHW11235	431.250 	 89.671 	 63.995
FHW11235	431.375 	 89.664 	 64.004
FHW11235	431.500 	 89.671 	 63.998
FHW11235	431.625 	 89.671 	 64.004
FHW11235	431.750 	 89.671 	 63.998
FHW11235	431.875 	 89.671 	 63.998
FHW11235	432.000 	 89.664 	 64.004
FHW11235	432.125 	 89.671 	 63.998
FHW11235	432.250 	 89.671 	 64.001
FHW11235	432.375 	 89.671 	 63.998
FHW11235	432.500 	 89.671 	 63.998
FHW11235	432.625 	 89.671 	 64.004
FHW11235	432.750 	 89.664 	 63.998
FHW11235	432.875 	 89.671 	 63.998
FHW11235	433.000 	 89.671 	 64.004
FHW11235	433.125 	 89.671 	 63.995
FHW11235	433.250 	 89.671 	 64.004
FHW11235	433.375 	 89.664 	 63.998
FHW11235	433.500 	 89.671 	 63.998
FHW11235	433.625 	 89.671 	 64.004
FHW11235	433.750 	 89.671 	 63.998
FHW11235	433.875 	 89.671 	 64.004
FHW11235	434.000 	 89.671 	 63.998
FHW11235	434.125 	 89.664 	 63.995
FHW11235	434.250 	 89.671 	 64.004
FHW11235	434.375 	 89.671 	 63.998
FHW11235	434.500 	 89.671 	 63.998
FHW11235	434.625 	 89.671 	 64.004
FHW11235	434.750 	 89.664 	 63.998
FHW11235	434.875 	 89.671 	 64.004
FHW11235	435.000 	 89.671 	 63.995
FHW11235	435.125 	 89.671 	 63.998
FHW11235	435.250 	 89.671 	 64.004
FHW11235	435.375 	 89.671 	 63.998
FHW11235	435.500 	 89.664 	 64.004
FHW11235	435.625 	 89.671 	 63.998
FHW11235	435.750 	 89.671 	 63.998
FHW11235	435.875 	 89.671 	 64.001
FHW11235	436.000 	 89.671 	 63.998
FHW11235	436.125 	 89.664 	 63.998
FHW11235	436.250 	 89.671 	 64.004
FHW11235	436.375 	 89.671 	 63.998
FHW11235	436.500 	 89.671 	 64.004
FHW11235	436.625 	 89.671 	 63.998
FHW11235	436.750 	 89.671 	 63.995
FHW11235	436.875 	 89.664 	 64.004
FHW11235	437.000 	 89.671 	 63.998
FHW11235	437.125 	 89.671 	 64.004
FHW11235	437.250 	 89.671 	 63.998
FHW11235	437.375 	 89.671 	 63.998
FHW11235	437.500 	 89.664 	 64.004
FHW11235	437.625 	 89.671 	 63.998
FHW11235	437.750 	 89.671 	 63.995
FHW11235	437.875 	 89.671 	 64.004
FHW11235	438.000 	 89.671 	 63.998
FHW11235	438.125 	 89.671 	 64.004
FHW11235	438.250 	 89.664 	 63.998
FHW11235	438.375 	 89.671 	 63.998
FHW11235	438.500 	 89.671 	 64.004
FHW11235	438.625 	 89.671 	 63.995
FHW11235	438.750 	 89.741 	 64.120
FHW11235	438.875 	 89.972 	 64.502
FHW11235	439.000 	 89.965 	 64.502
FHW11235	439.125 	 89.972 	 64.498
FHW11235	439.250 	 89.972 	 64.502
FHW11235	439.375 	 89.972 	 64.502
FHW11235	439.500 	 89.965 	 64.496
FHW11235	439.625 	 89.972 	 64.498
FHW11235	439.750 	 89.972 	 64.502
FHW11235	439.875 	 89.965 	 64.502
FHW11235	440.000 	 89.972 	 64.502
FHW11235	440.125 	 89.972 	 64.498
FHW11235	440.250 	 89.965 	 64.502
FHW11235	440.375 	 89.972 	 64.496
FHW11235	440.500 	 89.972 	 64.502
FHW11235	440.625 	 89.972 	 64.498
FHW11235	440.750 	 89.965 	 64.502
FHW11235	440.875 	 89.972 	 64.502
FHW11235	441.000 	 89.972 	 64.498
FHW11235	441.125 	 89.965 	 64.502
FHW11235	441.250 	 89.972 	 64.502
FHW11235	441.375 	 89.972 	 64.496
FHW11235	441.500 	 89.972 	 64.498
FHW11235	441.625 	 89.965 	 64.502
FHW11235	441.750 	 89.972 	 64.502
FHW11235	441.875 	 89.972 	 64.502
FHW11235	442.000 	 89.965 	 64.498
FHW11235	442.125 	 89.972 	 64.502
FHW11235	442.250 	 89.972 	 64.502
FHW11235	442.375 	 89.972 	 64.492
FHW11235	442.500 	 89.965 	 64.502
FHW11235	442.625 	 89.972 	 64.502
FHW11235	442.750 	 89.972 	 64.502
FHW11235	442.875 	 89.965 	 64.498
FHW11235	443.000 	 89.972 	 64.502
FHW11235	443.125 	 89.972 	 64.502
FHW11235	443.250 	 89.972 	 64.496
FHW11235	443.375 	 89.965 	 64.498
FHW11235	443.500 	 89.972 	 64.502
FHW11235	443.625 	 89.972 	 64.502
FHW11235	443.750 	 89.965 	 64.502
FHW11235	443.875 	 89.972 	 64.498
FHW11235	444.000 	 89.972 	 64.502
FHW11235	444.125 	 89.965 	 64.502
FHW11235	444.250 	 89.972 	 64.492
FHW11235	444.375 	 89.972 	 64.502
FHW11235	444.500 	 89.972 	 64.502
FHW11235	444.625 	 89.965 	 64.502
FHW11235	444.750 	 89.972 	 64.498
FHW11235	444.875 	 89.972 	 64.502
FHW11235	445.000 	 89.965 	 64.502
FHW11235	445.125 	 89.972 	 64.496
FHW11235	445.250 	 89.972 	 64.498
FHW11235	445.375 	 89.972 	 64.502
FHW11235	445.500 	 89.965 	 64.502
FHW11235	445.625 	 89.972 	 64.502
FHW11235	445.750 	 89.972 	 64.498
FHW11235	445.875 	 89.965 	 64.502
FHW11235	446.000 	 89.972 	 64.502
FHW11235	446.125 	 89.972 	 64.492
FHW11235	446.250 	 89.972 	 64.502
FHW11235	446.375 	 89.965 	 64.502
FHW11235	446.500 	 89.972 	 64.502
FHW11235	446.625 	 89.972 	 64.498
FHW11235	446.750 	 89.965 	 64.502
FHW11235	446.875 	 89.972 	 64.502
FHW11235	447.000 	 89.972 	 64.496
FHW11235	447.125 	 89.972 	 64.498
FHW11235	447.250 	 89.965 	 64.502
FHW11235	447.375 	 89.972 	 64.502
FHW11235	447.500 	 89.972 	 64.498
FHW11235	447.625 	 89.965 	 64.502
FHW11235	447.750 	 89.972 	 64.502
FHW11235	447.875 	 89.972 	 64.502
FHW11235	448.000 	 89.965 	 64.492
FHW11235	448.125 	 89.972 	 64.502
FHW11235	448.250 	 89.972 	 64.502
FHW11235	448.375 	 89.972 	 64.502
FHW11235	448.500 	 89.965 	 64.498
FHW11235	448.625 	 89.972 	 64.502
FHW11235	448.750 	 89.972 	 64.502
FHW11235	448.875 	 89.965 	 64.498
FHW11235	449.000 	 89.972 	 64.496
FHW11235	449.125 	 89.972 	 64.502
FHW11235	449.250 	 89.972 	 64.502
FHW11235	449.375 	 89.965 	 64.498
FHW11235	449.500 	 89.972 	 64.502
FHW11235	449.625 	 89.972 	 64.502
FHW11235	449.750 	 89.965 	 64.502
FHW11235	449.875 	 89.972 	 64.492
FHW11235	450.000 	 89.972 	 64.502
FHW11235	450.125 	 89.972 	 64.502
FHW11235	450.250 	 89.965 	 64.502
FHW11235	450.375 	 89.972 	 64.498
FHW11235	450.500 	 89.972 	 64.502
FHW11235	450.625 	 89.965 	 64.502
FHW11235	450.750 	 89.972 	 64.496
FHW11235	450.875 	 89.972 	 64.498
FHW11235	451.000 	 89.965 	 64.502
FHW11235	451.125 	 89.972 	 64.502
FHW11235	451.250 	 89.972 	 64.498
FHW11235	451.375 	 89.972 	 64.502
FHW11235	451.500 	 89.965 	 64.502
FHW11235	451.625 	 89.972 	 64.502
FHW11235	451.750 	 89.972 	 64.496
FHW11235	451.875 	 89.965 	 64.498
FHW11235	452.000 	 89.972 	 64.498
FHW11235	452.125 	 89.972 	 64.505
FHW11235	452.250 	 89.972 	 64.498
FHW11235	452.375 	 89.965 	 64.505
FHW11235	452.500 	 89.972 	 64.498
FHW11235	452.625 	 89.972 	 64.498
FHW11235	452.750 	 89.965 	 64.499
FHW11235	452.875 	 89.972 	 64.498
FHW11235	453.000 	 89.972 	 64.498
FHW11235	453.125 	 89.972 	 64.505
FHW11235	453.250 	 89.965 	 64.498
FHW11235	453.375 	 89.972 	 64.498
FHW11235	453.500 	 89.972 	 64.505
FHW11235	453.625 	 89.965 	 64.492
FHW11235	453.750 	 89.972 	 64.505
FHW11235	453.875 	 89.972 	 64.498
FHW11235	454.000 	 89.972 	 64.498
FHW11235	454.125 	 89.965 	 64.505
FHW11235	454.250 	 89.972 	 64.498
FHW11235	454.375 	 89.972 	 64.498
FHW11235	454.500 	 89.965 	 64.499
FHW11235	454.625 	 89.972 	 64.498
FHW11235	454.750 	 89.972 	 64.498
FHW11235	454.875 	 89.965 	 64.505
FHW11235	455.000 	 89.972 	 64.498
FHW11235	455.125 	 89.972 	 64.505
FHW11235	455.250 	 89.972 	 64.498
FHW11235	455.375 	 89.965 	 64.498
FHW11235	455.500 	 89.972 	 64.499
FHW11235	455.625 	 89.972 	 64.498
FHW11235	455.750 	 89.965 	 64.498
FHW11235	455.875 	 89.972 	 64.505
FHW11235	456.000 	 89.972 	 64.498
FHW11235	456.125 	 89.972 	 64.498
FHW11235	456.250 	 89.965 	 64.505
FHW11235	456.375 	 89.972 	 64.498
FHW11235	456.500 	 89.972 	 64.499
FHW11235	456.625 	 89.965 	 64.498
FHW11235	456.750 	 89.972 	 64.498
FHW11235	456.875 	 89.972 	 64.505
FHW11235	457.000 	 89.972 	 64.498
FHW11235	457.125 	 89.965 	 64.498
FHW11235	457.250 	 89.972 	 64.505
FHW11235	457.375 	 89.972 	 64.492
FHW11235	457.500 	 89.965 	 64.505
FHW11235	457.625 	 89.972 	 64.498
FHW11235	457.750 	 89.972 	 64.498
FHW11235	457.875 	 89.972 	 64.505
FHW11235	458.000 	 90.091 	 64.893
FHW11235	458.125 	 90.119 	 64.955
FHW11235	458.250 	 90.112 	 64.943
FHW11235	458.375 	 90.119 	 64.949
FHW11235	458.500 	 90.112 	 64.955
FHW11235	458.625 	 90.119 	 64.943
FHW11235	458.750 	 90.112 	 64.955
FHW11235	458.875 	 90.119 	 64.949
FHW11235	459.000 	 90.112 	 64.955
FHW11235	459.125 	 90.112 	 64.943
FHW11235	459.250 	 90.119 	 64.955
FHW11235	459.375 	 90.112 	 64.949
FHW11235	459.500 	 90.119 	 64.949
FHW11235	459.625 	 90.112 	 64.949
FHW11235	459.750 	 90.119 	 64.955
FHW11235	459.875 	 90.112 	 64.943
FHW11235	460.000 	 90.119 	 64.949
FHW11235	460.125 	 90.112 	 64.955
FHW11235	460.250 	 90.112 	 64.949
FHW11235	460.375 	 90.119 	 64.949
FHW11235	460.500 	 90.112 	 64.949
FHW11235	460.625 	 90.119 	 64.955
FHW11235	460.750 	 90.112 	 64.943
FHW11235	460.875 	 90.119 	 64.955
FHW11235	461.000 	 90.112 	 64.949
FHW11235	461.125 	 90.112 	 64.949
FHW11235	461.250 	 90.119 	 64.949
FHW11235	461.375 	 90.112 	 64.955
FHW11235	461.500 	 90.119 	 64.949
FHW11235	461.625 	 90.112 	 64.943
FHW11235	461.750 	 90.119 	 64.955
FHW11235	461.875 	 90.112 	 64.949
FHW11235	462.000 	 90.119 	 64.949
FHW11235	462.125 	 90.112 	 64.949
FHW11235	462.250 	 90.112 	 64.955
FHW11235	462.375 	 90.119 	 64.943
FHW11235	462.500 	 90.112 	 64.955
FHW11235	462.625 	 90.119 	 64.949
FHW11235	462.750 	 90.112 	 64.955
FHW11235	462.875 	 90.119 	 64.943
FHW11235	463.000 	 90.112 	 64.955
FHW11235	463.125 	 90.119 	 64.949
FHW11235	463.250 	 90.112 	 64.943
FHW11235	463.375 	 90.112 	 64.955
FHW11235	463.500 	 90.119 	 64.949
FHW11235	463.625 	 90.112 	 64.949
FHW11235	463.750 	 90.119 	 64.949
FHW11235	463.875 	 90.112 	 64.955
FHW11235	464.000 	 90.119 	 64.943
FHW11235	464.125 	 90.112 	 64.955
FHW11235	464.250 	 90.112 	 64.949
FHW11235	464.375 	 90.119 	 64.955
FHW11235	464.500 	 90.112 	 64.943
FHW11235	464.625 	 90.119 	 64.955
FHW11235	464.750 	 90.112 	 64.949
FHW11235	464.875 	 90.119 	 64.943
FHW11235	465.000 	 90.112 	 64.955
FHW11235	465.125 	 90.119 	 64.949
FHW11235	465.250 	 90.112 	 64.949
FHW11235	465.375 	 90.112 	 64.949
FHW11235	465.500 	 90.119 	 64.955
FHW11235	465.625 	 90.112 	 64.949
FHW11235	465.750 	 90.119 	 64.949
FHW11235	465.875 	 90.112 	 64.949
FHW11235	466.000 	 90.119 	 64.955
FHW11235	466.125 	 90.112 	 64.943
FHW11235	466.250 	 90.119 	 64.949
FHW11235	466.375 	 90.112 	 64.955
FHW11235	466.500 	 90.112 	 64.943
FHW11235	466.625 	 90.119 	 64.955
FHW11235	466.750 	 90.112 	 64.949
FHW11235	466.875 	 90.119 	 64.955
FHW11235	467.000 	 90.112 	 64.943
FHW11235	467.125 	 90.119 	 64.955
FHW11235	467.250 	 90.112 	 64.949
FHW11235	467.375 	 90.119 	 64.949
FHW11235	467.500 	 90.112 	 64.949
FHW11235	467.625 	 90.112 	 64.955
FHW11235	467.750 	 90.119 	 64.943
FHW11235	467.875 	 90.112 	 64.949
FHW11235	468.000 	 90.119 	 64.955
FHW11235	468.125 	 90.112 	 64.949
FHW11235	468.250 	 90.119 	 64.949
FHW11235	468.375 	 90.112 	 64.949
FHW11235	468.500 	 90.112 	 64.955
FHW11235	468.625 	 90.119 	 64.943
FHW11235	468.750 	 90.112 	 64.955
FHW11235	468.875 	 90.119 	 64.949
FHW11235	469.000 	 90.112 	 64.949
FHW11235	469.125 	 90.119 	 64.949
FHW11235	469.250 	 90.112 	 64.955
FHW11235	469.375 	 90.119 	 64.943
FHW11235	469.500 	 90.112 	 64.949
FHW11235	469.625 	 90.112 	 64.955
FHW11235	469.750 	 90.119 	 64.949
FHW11235	469.875 	 90.112 	 64.949
FHW11235	470.000 	 90.119 	 64.949
FHW11235	470.125 	 90.112 	 64.955
FHW11235	470.250 	 90.119 	 64.943
FHW11235	470.375 	 90.112 	 64.955
FHW11235	470.500 	 90.119 	 64.949
FHW11235	470.625 	 90.112 	 64.949
FHW11235	470.750 	 90.112 	 64.949
FHW11235	470.875 	 90.119 	 64.955
FHW11235	471.000 	 90.112 	 64.949
FHW11235	471.125 	 90.119 	 64.943
FHW11235	471.250 	 90.112 	 64.955
FHW11235	471.375 	 90.119 	 64.949
FHW11235	471.500 	 90.112 	 64.949
FHW11235	471.625 	 90.112 	 64.949
FHW11235	471.750 	 90.119 	 64.955
FHW11235	471.875 	 90.112 	 64.943
FHW11235	472.000 	 90.119 	 64.955
FHW11235	472.125 	 90.112 	 64.949
FHW11235	472.250 	 90.119 	 64.955
FHW11235	472.375 	 90.112 	 64.943
FHW11235	472.500 	 90.119 	 64.955
FHW11235	472.625 	 90.112 	 64.949
FHW11235	472.750 	 90.112 	 64.943
FHW11235	472.875 	 90.119 	 64.955
FHW11235	473.000 	 90.112 	 64.949
FHW11235	473.125 	 90.119 	 64.949
FHW11235	473.250 	 90.112 	 64.949
FHW11235	473.375 	 90.119 	 64.955
FHW11235	473.500 	 90.112 	 64.949
FHW11235	473.625 	 90.119 	 64.949
FHW11235	473.750 	 90.112 	 64.949
FHW11235	473.875 	 90.112 	 64.955
FHW11235	474.000 	 90.119 	 64.943
FHW11235	474.125 	 90.112 	 64.949
FHW11235	474.250 	 90.119 	 64.955
FHW11235	474.375 	 90.112 	 64.943
FHW11235	474.500 	 90.119 	 64.955
FHW11235	474.625 	 90.112 	 64.949
FHW11235	474.750 	 90.112 	 64.949
FHW11235	474.875 	 90.119 	 64.949
FHW11235	475.000 	 90.112 	 64.955
FHW11235	475.125 	 90.119 	 64.949
FHW11235	475.250 	 90.112 	 64.949
FHW11235	475.375 	 90.119 	 64.949
FHW11235	475.500 	 90.112 	 64.955
FHW11235	475.625 	 90.119 	 64.943
FHW11235	475.750 	 90.112 	 64.949
FHW11235	475.875 	 90.112 	 64.955
FHW11235	476.000 	 90.119 	 64.949
FHW11235	476.125 	 90.112 	 64.949
FHW11235	476.250 	 90.119 	 64.949
FHW11235	476.375 	 90.112 	 64.955
FHW11235	476.500 	 90.119 	 64.943
FHW11235	476.625 	 90.112 	 64.955
FHW11235	476.750 	 90.119 	 64.949
FHW11235	476.875 	 90.112 	 64.949
FHW11235	477.000 	 90.112 	 64.949
FHW11235	477.125 	 90.126 	 64.880
FHW11235	477.250 	 90.126 	 64.818
FHW11235	477.375 	 90.126 	 64.824
FHW11235	477.500 	 90.119 	 64.830
FHW11235	477.625 	 90.126 	 64.824
FHW11235	477.750 	 90.126 	 64.824
FHW11235	477.875 	 90.126 	 64.824
FHW11235	478.000 	 90.126 	 64.830
FHW11235	478.125 	 90.126 	 64.824
FHW11235	478.250 	 90.126 	 64.824
FHW11235	478.375 	 90.126 	 64.824
FHW11235	478.500 	 90.119 	 64.830
FHW11235	478.625 	 90.126 	 64.818
FHW11235	478.750 	 90.126 	 64.824
FHW11235	478.875 	 90.126 	 64.830
FHW11235	479.000 	 90.126 	 64.824
FHW11235	479.125 	 90.126 	 64.824
FHW11235	479.250 	 90.126 	 64.824
FHW11235	479.375 	 90.126 	 64.830
FHW11235	479.500 	 90.126 	 64.824
FHW11235	479.625 	 90.119 	 64.824
FHW11235	479.750 	 90.126 	 64.824
FHW11235	479.875 	 90.126 	 64.830
FHW11235	480.000 	 90.126 	 64.824
FHW11235	480.125 	 90.126 	 64.818
FHW11235	480.250 	 90.126 	 64.830
FHW11235	480.375 	 90.126 	 64.824
FHW11235	480.500 	 90.126 	 64.824
FHW11235	480.625 	 90.126 	 64.824
FHW11235	480.750 	 90.119 	 64.830
FHW11235	480.875 	 90.126 	 64.824
FHW11235	481.000 	 90.126 	 64.824
FHW11235	481.125 	 90.126 	 64.824
FHW11235	481.250 	 90.126 	 64.830
FHW11235	481.375 	 90.126 	 64.824
FHW11235	481.500 	 90.126 	 64.824
FHW11235	481.625 	 90.126 	 64.818
FHW11235	481.750 	 90.119 	 64.830
FHW11235	481.875 	 90.126 	 64.824
FHW11235	482.000 	 90.126 	 64.824
FHW11235	482.125 	 90.126 	 64.830
FHW11235	482.250 	 90.126 	 64.824
FHW11235	482.375 	 90.126 	 64.824
FHW11235	482.500 	 90.126 	 64.824
FHW11235	482.625 	 90.126 	 64.830
FHW11235	482.750 	 90.126 	 64.824
FHW11235	482.875 	 90.119 	 64.824
FHW11235	483.000 	 90.126 	 64.818
FHW11235	483.125 	 90.126 	 64.830
FHW11235	483.250 	 90.126 	 64.824
FHW11235	483.375 	 90.126 	 64.824
FHW11235	483.500 	 90.126 	 64.824
FHW11235	483.625 	 90.126 	 64.830
FHW11235	483.750 	 90.126 	 64.824
FHW11235	483.875 	 90.126 	 64.824
FHW11235	484.000 	 90.119 	 64.830
FHW11235	484.125 	 90.126 	 64.824
FHW11235	484.250 	 90.126 	 64.824
FHW11235	484.375 	 90.126 	 64.824
FHW11235	484.500 	 90.126 	 64.824
FHW11235	484.625 	 90.126 	 64.824
FHW11235	484.750 	 90.126 	 64.824
FHW11235	484.875 	 90.126 	 64.824
FHW11235	485.000 	 90.126 	 64.830
FHW11235	485.125 	 90.119 	 64.824
FHW11235	485.250 	 90.126 	 64.824
FHW11235	485.375 	 90.126 	 64.830
FHW11235	485.500 	 90.126 	 64.824
FHW11235	485.625 	 90.126 	 64.824
FHW11235	485.750 	 90.126 	 64.824
FHW11235	485.875 	 90.126 	 64.830
FHW11235	486.000 	 90.126 	 64.818
FHW11235	486.125 	 90.119 	 64.824
FHW11235	486.250 	 90.126 	 64.824
FHW11235	486.375 	 90.126 	 64.830
FHW11235	486.500 	 90.126 	 64.824
FHW11235	486.625 	 90.154 	 64.730
FHW11235	486.750 	 90.217 	 64.474
FHW11235	486.875 	 90.224 	 64.474
FHW11235	487.000 	 90.217 	 64.474
FHW11235	487.125 	 90.224 	 64.480
FHW11235	487.250 	 90.217 	 64.474
FHW11235	487.375 	 90.224 	 64.474
FHW11235	487.500 	 90.217 	 64.474
FHW11235	487.625 	 90.217 	 64.474
FHW11235	487.750 	 90.224 	 64.474
FHW11235	487.875 	 90.217 	 64.480
FHW11235	488.000 	 90.224 	 64.480
FHW11235	488.125 	 90.217 	 64.474
FHW11235	488.250 	 90.224 	 64.474
FHW11235	488.375 	 90.217 	 64.474
FHW11235	488.500 	 90.224 	 64.474
FHW11235	488.625 	 90.217 	 64.474
FHW11235	488.750 	 90.224 	 64.474
FHW11235	488.875 	 90.217 	 64.480
FHW11235	489.000 	 90.217 	 64.480
FHW11235	489.125 	 90.224 	 64.474
FHW11235	489.250 	 90.217 	 64.474
FHW11235	489.375 	 90.224 	 64.474
FHW11235	489.500 	 90.217 	 64.474
FHW11235	489.625 	 90.224 	 64.474
FHW11235	489.750 	 90.217 	 64.480
FHW11235	489.875 	 90.224 	 64.474
FHW11235	490.000 	 90.217 	 64.474
FHW11235	490.125 	 90.224 	 64.474
FHW11235	490.250 	 90.217 	 64.480
FHW11235	490.375 	 90.217 	 64.474
FHW11235	490.500 	 90.224 	 64.474
FHW11235	490.625 	 90.217 	 64.480
FHW11235	490.750 	 90.224 	 64.474
FHW11235	490.875 	 90.217 	 64.474
FHW11235	491.000 	 90.224 	 64.474
FHW11235	491.125 	 90.217 	 64.474
FHW11235	491.250 	 90.224 	 64.474
FHW11235	491.375 	 90.217 	 64.474
FHW11235	491.500 	 90.224 	 64.486
FHW11235	491.625 	 90.217 	 64.474
FHW11235	491.750 	 90.217 	 64.474
FHW11235	491.875 	 90.224 	 64.474
FHW11235	492.000 	 90.217 	 64.474
FHW11235	492.125 	 90.224 	 64.474
FHW11235	492.250 	 90.217 	 64.474
FHW11235	492.375 	 90.224 	 64.480
FHW11235	492.500 	 90.217 	 64.474
FHW11235	492.625 	 90.224 	 64.480
FHW11235	492.750 	 90.217 	 64.474
FHW11235	492.875 	 90.224 	 64.474
FHW11235	493.000 	 90.217 	 64.474
FHW11235	493.125 	 90.217 	 64.480
FHW11235	493.250 	 90.224 	 64.474
FHW11235	493.375 	 90.217 	 64.474
FHW11235	493.500 	 90.224 	 64.474
FHW11235	493.625 	 90.217 	 64.474
FHW11235	493.750 	 90.224 	 64.474
FHW11235	493.875 	 90.217 	 64.480
FHW11235	494.000 	 90.224 	 64.474
FHW11235	494.125 	 90.217 	 64.480
FHW11235	494.250 	 90.224 	 64.474
FHW11235	494.375 	 90.217 	 64.474
FHW11235	494.500 	 90.217 	 64.474
FHW11235	494.625 	 90.224 	 64.474
FHW11235	494.750 	 90.217 	 64.474
FHW11235	494.875 	 90.224 	 64.480
FHW11235	495.000 	 90.217 	 64.474
FHW11235	495.125 	 90.224 	 64.480
FHW11235	495.250 	 90.217 	 64.474
FHW11235	495.375 	 90.224 	 64.474
FHW11235	495.500 	 90.217 	 64.474
FHW11235	495.625 	 90.224 	 64.474
FHW11235	495.750 	 90.217 	 64.474
FHW11235	495.875 	 90.217 	 64.480
FHW11235	496.000 	 90.224 	 64.474
FHW11235	496.125 	 90.217 	 64.474
FHW11235	496.250 	 90.224 	 64.480
FHW11235	496.375 	 90.217 	 64.474
FHW11235	496.500 	 90.224 	 64.474
FHW11235	496.625 	 90.217 	 64.480
FHW11235	496.750 	 90.224 	 64.474
FHW11235	496.875 	 90.217 	 64.474
FHW11235	497.000 	 90.224 	 64.474
FHW11235	497.125 	 90.217 	 64.474
FHW11235	497.250 	 90.217 	 64.474
FHW11235	497.375 	 90.224 	 64.474
FHW11235	497.500 	 90.217 	 64.486
FHW11235	497.625 	 90.224 	 64.474
FHW11235	497.750 	 90.217 	 64.474
FHW11235	497.875 	 90.224 	 64.474
FHW11235	498.000 	 90.217 	 64.474
FHW11235	498.125 	 90.224 	 64.474
FHW11235	498.250 	 90.217 	 64.474
FHW11235	498.375 	 90.224 	 64.480
FHW11235	498.500 	 90.217 	 64.474
FHW11235	498.625 	 90.217 	 64.480
FHW11235	498.750 	 90.224 	 64.474
FHW11235	498.875 	 90.217 	 64.474
FHW11235	499.000 	 90.224 	 64.474
FHW11235	499.125 	 90.217 	 64.474
FHW11235	499.250 	 90.224 	 64.480
FHW11235	499.375 	 90.217 	 64.474
FHW11235	499.500 	 90.224 	 64.474
FHW11235	499.625 	 90.217 	 64.474
FHW11235	499.750 	 90.224 	 64.474
FHW11235	499.875 	 90.217 	 64.480
FHW11235	500.000 	 90.217 	 64.474
FHW11235	500.125 	 90.224 	 64.480
FHW11235	500.250 	 90.217 	 64.474
FHW11235	500.375 	 90.224 	 64.474
FHW11235	500.500 	 90.217 	 64.474
FHW11235	500.625 	 90.224 	 64.474
FHW11235	500.750 	 90.217 	 64.474
FHW11235	500.875 	 90.224 	 64.474
FHW11235	501.000 	 90.217 	 64.486
FHW11235	501.125 	 90.224 	 64.474
FHW11235	501.250 	 90.217 	 64.474
FHW11235	501.375 	 90.217 	 64.474
FHW11235	501.500 	 90.224 	 64.474
FHW11235	501.625 	 90.217 	 64.474
FHW11235	501.750 	 90.224 	 64.474
FHW11235	501.875 	 90.217 	 64.480
FHW11235	502.000 	 90.224 	 64.474
FHW11235	502.125 	 90.217 	 64.474
FHW11235	502.250 	 90.224 	 64.480
FHW11235	502.375 	 90.217 	 64.474
FHW11235	502.500 	 90.224 	 64.474
FHW11235	502.625 	 90.217 	 64.474
FHW11235	502.750 	 90.217 	 64.480
FHW11235	502.875 	 90.224 	 64.474
FHW11235	503.000 	 90.217 	 64.474
FHW11235	503.125 	 90.224 	 64.474
FHW11235	503.250 	 90.217 	 64.474
FHW11235	503.375 	 90.224 	 64.480
FHW11235	503.500 	 90.217 	 64.474
FHW11235	503.625 	 90.224 	 64.480
FHW11235	503.750 	 90.217 	 64.474
FHW11235	503.875 	 90.224 	 64.474
FHW11235	504.000 	 90.217 	 64.474
FHW11235	504.125 	 90.182 	 63.979
FHW11235	504.250 	 90.189 	 63.967
FHW11235	504.375 	 90.182 	 63.979
FHW11235	504.500 	 90.189 	 63.979
FHW11235	504.625 	 90.182 	 63.967
FHW11235	504.750 	 90.189 	 63.979
FHW11235	504.875 	 90.182 	 63.979
FHW11235	505.000 	 90.189 	 63.967
FHW11235	505.125 	 90.182 	 63.979
FHW11235	505.250 	 90.182 	 63.979
FHW11235	505.375 	 90.189 	 63.967
FHW11235	505.500 	 90.182 	 63.979
FHW11235	505.625 	 90.189 	 63.973
FHW11235	505.750 	 90.182 	 63.973
FHW11235	505.875 	 90.189 	 63.979
FHW11235	506.000 	 90.182 	 63.973
FHW11235	506.125 	 90.189 	 63.973
FHW11235	506.250 	 90.182 	 63.979
FHW11235	506.375 	 90.182 	 63.973
FHW11235	506.500 	 90.189 	 63.973
FHW11235	506.625 	 90.182 	 63.979
FHW11235	506.750 	 90.189 	 63.973
FHW11235	506.875 	 90.182 	 63.973
FHW11235	507.000 	 90.189 	 63.979
FHW11235	507.125 	 90.182 	 63.973
FHW11235	507.250 	 90.182 	 63.979
FHW11235	507.375 	 90.189 	 63.973
FHW11235	507.500 	 90.182 	 63.973
FHW11235	507.625 	 90.189 	 63.979
FHW11235	507.750 	 90.182 	 63.973
FHW11235	507.875 	 90.189 	 63.973
FHW11235	508.000 	 90.182 	 63.979
FHW11235	508.125 	 90.189 	 63.973
FHW11235	508.250 	 90.182 	 63.973
FHW11235	508.375 	 90.182 	 63.979
FHW11235	508.500 	 90.189 	 63.973
FHW11235	508.625 	 90.182 	 63.973
FHW11235	508.750 	 90.189 	 63.979
FHW11235	508.875 	 90.182 	 63.973
FHW11235	509.000 	 90.189 	 63.973
FHW11235	509.125 	 90.182 	 63.979
FHW11235	509.250 	 90.189 	 63.967
FHW11235	509.375 	 90.182 	 63.979
FHW11235	509.500 	 90.182 	 63.979
FHW11235	509.625 	 90.189 	 63.967
FHW11235	509.750 	 90.182 	 63.979
FHW11235	509.875 	 90.189 	 63.979
FHW11235	510.000 	 90.182 	 63.967
FHW11235	510.125 	 90.189 	 63.979
FHW11235	510.250 	 90.182 	 63.979
FHW11235	510.375 	 90.189 	 63.967
FHW11235	510.500 	 90.182 	 63.979
FHW11235	510.625 	 90.182 	 63.979
FHW11235	510.750 	 90.189 	 63.967
FHW11235	510.875 	 90.182 	 63.979
FHW11235	511.000 	 90.189 	 63.979
FHW11235	511.125 	 90.182 	 63.967
FHW11235	511.250 	 90.189 	 63.979
FHW11235	511.375 	 90.182 	 63.979
FHW11235	511.500 	 90.189 	 63.967
FHW11235	511.625 	 90.182 	 63.979
FHW11235	511.750 	 90.182 	 63.979
FHW11235	511.875 	 90.189 	 63.967
FHW11235	512.000 	 90.182 	 63.979
FHW11235	512.125 	 90.189 	 63.973
FHW11235	512.250 	 90.182 	 63.973
FHW11235	512.375 	 90.189 	 63.979
FHW11235	512.500 	 90.182 	 63.973
FHW11235	512.625 	 90.189 	 63.973
FHW11235	512.750 	 90.182 	 63.979
FHW11235	512.875 	 90.182 	 63.973
FHW11235	513.000 	 90.189 	 63.973
FHW11235	513.125 	 90.182 	 63.979
FHW11235	513.250 	 90.189 	 63.973
FHW11235	513.375 	 90.182 	 63.973
FHW11235	513.500 	 90.189 	 63.979
FHW11235	513.625 	 90.182 	 63.973
FHW11235	513.750 	 90.189 	 63.973
FHW11235	513.875 	 90.182 	 63.979
FHW11235	514.000 	 90.182 	 63.973
FHW11235	514.125 	 90.189 	 63.979
FHW11235	514.250 	 90.182 	 63.973
FHW11235	514.375 	 90.189 	 63.973
FHW11235	514.500 	 90.182 	 63.979
FHW11235	514.625 	 90.189 	 63.973
FHW11235	514.750 	 90.182 	 63.973
FHW11235	514.875 	 90.182 	 63.979
FHW11235	515.000 	 90.189 	 63.973
FHW11235	515.125 	 90.182 	 63.973
FHW11235	515.250 	 90.189 	 63.979
FHW11235	515.375 	 90.182 	 63.973
FHW11235	515.500 	 90.189 	 63.973
FHW11235	515.625 	 90.182 	 63.979
FHW11235	515.750 	 90.189 	 63.967
FHW11235	515.875 	 90.182 	 63.979
FHW11235	516.000 	 90.182 	 63.979
FHW11235	516.125 	 90.189 	 63.967
FHW11235	516.250 	 90.182 	 63.979
FHW11235	516.375 	 90.189 	 63.979
FHW11235	516.500 	 90.182 	 63.967
FHW11235	516.625 	 90.189 	 63.979
FHW11235	516.750 	 90.182 	 63.979
FHW11235	516.875 	 90.189 	 63.967
FHW11235	517.000 	 90.182 	 63.979
