#WellName	 Depth.M	 INCL	 AZIM 
WellName	 Depth.M	 INCL	 AZIM 
FHW13038	0.000 	 0.000 	 0.000
FHW13038	0.125 	 0.458 	 90.000
FHW13038	0.250 	 0.000 	 90.000
FHW13038	0.375 	 0.458 	 90.000
FHW13038	0.500 	 0.000 	 90.000
FHW13038	0.625 	 0.458 	 90.000
FHW13038	0.750 	 0.000 	 90.000
FHW13038	0.875 	 0.648 	 45.000
FHW13038	1.000 	 0.000 	 90.000
FHW13038	1.125 	 0.458 	 90.000
FHW13038	1.250 	 0.000 	 90.000
FHW13038	1.375 	 0.458 	 90.000
FHW13038	1.500 	 0.000 	 90.000
FHW13038	1.625 	 0.458 	 90.000
FHW13038	1.750 	 0.000 	 90.000
FHW13038	1.875 	 0.458 	 90.000
FHW13038	2.000 	 0.000 	 90.000
FHW13038	2.125 	 0.458 	 90.000
FHW13038	2.250 	 0.000 	 90.000
FHW13038	2.375 	 0.458 	 90.000
FHW13038	2.500 	 0.458 	 0.000
FHW13038	2.625 	 0.458 	 90.000
FHW13038	2.750 	 0.000 	 90.000
FHW13038	2.875 	 0.458 	 90.000
FHW13038	3.000 	 0.000 	 90.000
FHW13038	3.125 	 0.458 	 90.000
FHW13038	3.250 	 0.000 	 90.000
FHW13038	3.375 	 0.458 	 90.000
FHW13038	3.500 	 0.000 	 90.000
FHW13038	3.625 	 0.458 	 90.000
FHW13038	3.750 	 0.000 	 90.000
FHW13038	3.875 	 0.458 	 90.000
FHW13038	4.000 	 0.000 	 90.000
FHW13038	4.125 	 0.458 	 90.000
FHW13038	4.250 	 0.458 	 0.000
FHW13038	4.375 	 0.458 	 90.000
FHW13038	4.500 	 0.000 	 90.000
FHW13038	4.625 	 0.458 	 90.000
FHW13038	4.750 	 0.000 	 90.000
FHW13038	4.875 	 0.458 	 90.000
FHW13038	5.000 	 0.000 	 90.000
FHW13038	5.125 	 0.458 	 90.000
FHW13038	5.250 	 0.000 	 90.000
FHW13038	5.375 	 0.458 	 90.000
FHW13038	5.500 	 0.000 	 90.000
FHW13038	5.625 	 0.458 	 90.000
FHW13038	5.750 	 0.000 	 90.000
FHW13038	5.875 	 0.648 	 45.000
FHW13038	6.000 	 0.000 	 90.000
FHW13038	6.125 	 0.458 	 90.000
FHW13038	6.250 	 0.000 	 90.000
FHW13038	6.375 	 0.458 	 90.000
FHW13038	6.500 	 0.000 	 90.000
FHW13038	6.625 	 0.458 	 90.000
FHW13038	6.750 	 0.000 	 90.000
FHW13038	6.875 	 0.458 	 90.000
FHW13038	7.000 	 0.000 	 90.000
FHW13038	7.125 	 0.458 	 90.000
FHW13038	7.250 	 0.000 	 90.000
FHW13038	7.375 	 0.458 	 90.000
FHW13038	7.500 	 0.458 	 0.000
FHW13038	7.625 	 0.458 	 90.000
FHW13038	7.750 	 0.000 	 90.000
FHW13038	7.875 	 0.458 	 90.000
FHW13038	8.000 	 0.000 	 90.000
FHW13038	8.125 	 0.458 	 90.000
FHW13038	8.250 	 0.000 	 90.000
FHW13038	8.375 	 0.458 	 90.000
FHW13038	8.500 	 0.000 	 90.000
FHW13038	8.625 	 0.458 	 90.000
FHW13038	8.750 	 0.000 	 90.000
FHW13038	8.875 	 0.458 	 90.000
FHW13038	9.000 	 0.000 	 90.000
FHW13038	9.125 	 0.458 	 90.000
FHW13038	9.250 	 0.458 	 0.000
FHW13038	9.375 	 0.458 	 90.000
FHW13038	9.500 	 0.000 	 90.000
FHW13038	9.625 	 0.458 	 90.000
FHW13038	9.750 	 0.000 	 90.000
FHW13038	9.875 	 0.458 	 90.000
FHW13038	10.000 	 0.000 	 90.000
FHW13038	10.125 	 0.458 	 90.000
FHW13038	10.250 	 0.000 	 90.000
FHW13038	10.375 	 0.458 	 90.000
FHW13038	10.500 	 0.000 	 90.000
FHW13038	10.625 	 0.458 	 90.000
FHW13038	10.750 	 0.000 	 90.000
FHW13038	10.875 	 0.648 	 45.000
FHW13038	11.000 	 0.000 	 90.000
FHW13038	11.125 	 0.458 	 90.000
FHW13038	11.250 	 0.000 	 90.000
FHW13038	11.375 	 0.458 	 90.000
FHW13038	11.500 	 0.000 	 90.000
FHW13038	11.625 	 0.458 	 90.000
FHW13038	11.750 	 0.000 	 90.000
FHW13038	11.875 	 0.458 	 90.000
FHW13038	12.000 	 0.000 	 90.000
FHW13038	12.125 	 0.458 	 90.000
FHW13038	12.250 	 0.000 	 90.000
FHW13038	12.375 	 0.458 	 90.000
FHW13038	12.500 	 0.458 	 0.000
FHW13038	12.625 	 0.458 	 90.000
FHW13038	12.750 	 0.000 	 90.000
FHW13038	12.875 	 0.458 	 90.000
FHW13038	13.000 	 0.000 	 90.000
FHW13038	13.125 	 0.458 	 90.000
FHW13038	13.250 	 0.000 	 90.000
FHW13038	13.375 	 0.458 	 90.000
FHW13038	13.500 	 0.000 	 90.000
FHW13038	13.625 	 0.458 	 90.000
FHW13038	13.750 	 0.000 	 90.000
FHW13038	13.875 	 0.458 	 90.000
FHW13038	14.000 	 0.000 	 90.000
FHW13038	14.125 	 0.648 	 45.000
FHW13038	14.250 	 0.000 	 90.000
FHW13038	14.375 	 0.458 	 90.000
FHW13038	14.500 	 0.000 	 90.000
FHW13038	14.625 	 0.458 	 90.000
FHW13038	14.750 	 0.000 	 90.000
FHW13038	14.875 	 0.458 	 90.000
FHW13038	15.000 	 0.000 	 90.000
FHW13038	15.125 	 0.458 	 90.000
FHW13038	15.250 	 0.000 	 90.000
FHW13038	15.375 	 0.458 	 90.000
FHW13038	15.500 	 0.000 	 90.000
FHW13038	15.625 	 0.458 	 90.000
FHW13038	15.750 	 0.000 	 90.000
FHW13038	15.875 	 0.648 	 45.000
FHW13038	16.000 	 0.000 	 90.000
FHW13038	16.125 	 0.458 	 90.000
FHW13038	16.250 	 0.000 	 90.000
FHW13038	16.375 	 0.458 	 90.000
FHW13038	16.500 	 0.000 	 90.000
FHW13038	16.625 	 0.458 	 90.000
FHW13038	16.750 	 0.000 	 90.000
FHW13038	16.875 	 0.458 	 90.000
FHW13038	17.000 	 0.000 	 90.000
FHW13038	17.125 	 0.458 	 90.000
FHW13038	17.250 	 0.000 	 90.000
FHW13038	17.375 	 0.458 	 90.000
FHW13038	17.500 	 0.458 	 0.000
FHW13038	17.625 	 0.458 	 90.000
FHW13038	17.750 	 0.000 	 90.000
FHW13038	17.875 	 0.458 	 90.000
FHW13038	18.000 	 0.000 	 90.000
FHW13038	18.125 	 0.458 	 90.000
FHW13038	18.250 	 0.000 	 90.000
FHW13038	18.375 	 0.458 	 90.000
FHW13038	18.500 	 0.000 	 90.000
FHW13038	18.625 	 0.458 	 90.000
FHW13038	18.750 	 0.000 	 90.000
FHW13038	18.875 	 0.458 	 90.000
FHW13038	19.000 	 0.000 	 90.000
FHW13038	19.125 	 0.648 	 45.000
FHW13038	19.250 	 0.000 	 90.000
FHW13038	19.375 	 0.458 	 90.000
FHW13038	19.500 	 0.000 	 90.000
FHW13038	19.625 	 0.458 	 90.000
FHW13038	19.750 	 0.000 	 90.000
FHW13038	19.875 	 0.458 	 90.000
FHW13038	20.000 	 0.000 	 90.000
FHW13038	20.125 	 0.458 	 90.000
FHW13038	20.250 	 0.458 	 90.000
FHW13038	20.375 	 0.000 	 90.000
FHW13038	20.500 	 0.458 	 90.000
FHW13038	20.625 	 0.000 	 90.000
FHW13038	20.750 	 0.648 	 45.000
FHW13038	20.875 	 0.000 	 90.000
FHW13038	21.000 	 0.458 	 90.000
FHW13038	21.125 	 0.000 	 90.000
FHW13038	21.250 	 0.458 	 90.000
FHW13038	21.375 	 0.000 	 90.000
FHW13038	21.500 	 0.458 	 90.000
FHW13038	21.625 	 0.000 	 90.000
FHW13038	21.750 	 0.458 	 90.000
FHW13038	21.875 	 0.000 	 90.000
FHW13038	22.000 	 0.458 	 90.000
FHW13038	22.125 	 0.000 	 90.000
FHW13038	22.250 	 0.458 	 90.000
FHW13038	22.375 	 0.000 	 90.000
FHW13038	22.500 	 0.648 	 45.000
FHW13038	22.625 	 0.000 	 90.000
FHW13038	22.750 	 0.458 	 90.000
FHW13038	22.875 	 0.000 	 90.000
FHW13038	23.000 	 0.458 	 90.000
FHW13038	23.125 	 0.000 	 90.000
FHW13038	23.250 	 0.458 	 90.000
FHW13038	23.375 	 0.000 	 90.000
FHW13038	23.500 	 0.458 	 90.000
FHW13038	23.625 	 0.000 	 90.000
FHW13038	23.750 	 0.458 	 90.000
FHW13038	23.875 	 0.000 	 90.000
FHW13038	24.000 	 0.458 	 90.000
FHW13038	24.125 	 0.458 	 0.000
FHW13038	24.250 	 0.458 	 90.000
FHW13038	24.375 	 0.000 	 90.000
FHW13038	24.500 	 0.458 	 90.000
FHW13038	24.625 	 0.000 	 90.000
FHW13038	24.750 	 0.458 	 90.000
FHW13038	24.875 	 0.000 	 90.000
FHW13038	25.000 	 0.458 	 90.000
FHW13038	25.125 	 0.000 	 90.000
FHW13038	25.250 	 0.458 	 90.000
FHW13038	25.375 	 0.000 	 90.000
FHW13038	25.500 	 0.458 	 90.000
FHW13038	25.625 	 0.000 	 90.000
FHW13038	25.750 	 0.648 	 45.000
FHW13038	25.875 	 0.000 	 90.000
FHW13038	26.000 	 0.458 	 90.000
FHW13038	26.125 	 0.000 	 90.000
FHW13038	26.250 	 0.458 	 90.000
FHW13038	26.375 	 0.000 	 90.000
FHW13038	26.500 	 0.458 	 90.000
FHW13038	26.625 	 0.000 	 90.000
FHW13038	26.750 	 0.458 	 90.000
FHW13038	26.875 	 0.000 	 90.000
FHW13038	27.000 	 0.458 	 90.000
FHW13038	27.125 	 0.000 	 90.000
FHW13038	27.250 	 0.458 	 90.000
FHW13038	27.375 	 0.000 	 90.000
FHW13038	27.500 	 0.648 	 45.000
FHW13038	27.625 	 0.000 	 90.000
FHW13038	27.750 	 0.458 	 90.000
FHW13038	27.875 	 0.000 	 90.000
FHW13038	28.000 	 0.458 	 90.000
FHW13038	28.125 	 0.000 	 90.000
FHW13038	28.250 	 0.458 	 90.000
FHW13038	28.375 	 0.000 	 90.000
FHW13038	28.500 	 0.458 	 90.000
FHW13038	28.625 	 0.000 	 90.000
FHW13038	28.750 	 0.458 	 90.000
FHW13038	28.875 	 0.000 	 90.000
FHW13038	29.000 	 0.458 	 90.000
FHW13038	29.125 	 0.458 	 0.000
FHW13038	29.250 	 0.458 	 90.000
FHW13038	29.375 	 0.000 	 90.000
FHW13038	29.500 	 0.458 	 90.000
FHW13038	29.625 	 0.000 	 90.000
FHW13038	29.750 	 0.458 	 90.000
FHW13038	29.875 	 0.000 	 90.000
FHW13038	30.000 	 0.458 	 90.000
FHW13038	30.125 	 0.000 	 90.000
FHW13038	30.250 	 0.458 	 90.000
FHW13038	30.375 	 0.000 	 90.000
FHW13038	30.500 	 0.458 	 90.000
FHW13038	30.625 	 0.000 	 90.000
FHW13038	30.750 	 0.648 	 45.000
FHW13038	30.875 	 0.000 	 90.000
FHW13038	31.000 	 0.458 	 90.000
FHW13038	31.125 	 0.000 	 90.000
FHW13038	31.250 	 0.458 	 90.000
FHW13038	31.375 	 0.000 	 90.000
FHW13038	31.500 	 0.458 	 90.000
FHW13038	31.625 	 0.000 	 90.000
FHW13038	31.750 	 0.458 	 90.000
FHW13038	31.875 	 0.000 	 90.000
FHW13038	32.000 	 0.458 	 90.000
FHW13038	32.125 	 0.000 	 90.000
FHW13038	32.250 	 0.458 	 90.000
FHW13038	32.375 	 0.458 	 0.000
FHW13038	32.500 	 0.458 	 90.000
FHW13038	32.625 	 0.000 	 90.000
FHW13038	32.750 	 0.458 	 90.000
FHW13038	32.875 	 0.000 	 90.000
FHW13038	33.000 	 0.458 	 90.000
FHW13038	33.125 	 0.000 	 90.000
FHW13038	33.250 	 0.458 	 90.000
FHW13038	33.375 	 0.000 	 90.000
FHW13038	33.500 	 0.458 	 90.000
FHW13038	33.625 	 0.000 	 90.000
FHW13038	33.750 	 0.458 	 90.000
FHW13038	33.875 	 0.000 	 90.000
FHW13038	34.000 	 0.458 	 90.000
FHW13038	34.125 	 0.458 	 0.000
FHW13038	34.250 	 0.458 	 90.000
FHW13038	34.375 	 0.000 	 90.000
FHW13038	34.500 	 0.458 	 90.000
FHW13038	34.625 	 0.000 	 90.000
FHW13038	34.750 	 0.458 	 90.000
FHW13038	34.875 	 0.000 	 90.000
FHW13038	35.000 	 0.458 	 90.000
FHW13038	35.125 	 0.000 	 90.000
FHW13038	35.250 	 0.458 	 90.000
FHW13038	35.375 	 0.000 	 90.000
FHW13038	35.500 	 0.458 	 90.000
FHW13038	35.625 	 0.000 	 90.000
FHW13038	35.750 	 0.648 	 45.000
FHW13038	35.875 	 0.000 	 90.000
FHW13038	36.000 	 0.458 	 90.000
FHW13038	36.125 	 0.000 	 90.000
FHW13038	36.250 	 0.458 	 90.000
FHW13038	36.375 	 0.000 	 90.000
FHW13038	36.500 	 0.458 	 90.000
FHW13038	36.625 	 0.000 	 90.000
FHW13038	36.750 	 0.458 	 90.000
FHW13038	36.875 	 0.000 	 90.000
FHW13038	37.000 	 0.458 	 90.000
FHW13038	37.125 	 0.000 	 90.000
FHW13038	37.250 	 0.458 	 90.000
FHW13038	37.375 	 0.458 	 0.000
FHW13038	37.500 	 0.458 	 90.000
FHW13038	37.625 	 0.000 	 90.000
FHW13038	37.750 	 0.458 	 90.000
FHW13038	37.875 	 0.000 	 90.000
FHW13038	38.000 	 0.458 	 90.000
FHW13038	38.125 	 0.000 	 90.000
FHW13038	38.250 	 0.458 	 90.000
FHW13038	38.375 	 0.000 	 90.000
FHW13038	38.500 	 0.458 	 90.000
FHW13038	38.625 	 0.000 	 90.000
FHW13038	38.750 	 0.458 	 90.000
FHW13038	38.875 	 0.000 	 90.000
FHW13038	39.000 	 0.648 	 45.000
FHW13038	39.125 	 0.000 	 90.000
FHW13038	39.250 	 0.458 	 90.000
FHW13038	39.375 	 0.000 	 90.000
FHW13038	39.500 	 0.458 	 90.000
FHW13038	39.625 	 0.000 	 90.000
FHW13038	39.750 	 0.458 	 90.000
FHW13038	39.875 	 0.000 	 90.000
FHW13038	40.000 	 0.458 	 90.000
FHW13038	40.125 	 0.458 	 90.000
FHW13038	40.250 	 0.000 	 90.000
FHW13038	40.375 	 0.458 	 90.000
FHW13038	40.500 	 0.000 	 90.000
FHW13038	40.625 	 0.458 	 90.000
FHW13038	40.750 	 0.458 	 0.000
FHW13038	40.875 	 0.458 	 90.000
FHW13038	41.000 	 0.000 	 90.000
FHW13038	41.125 	 0.458 	 90.000
FHW13038	41.250 	 0.000 	 90.000
FHW13038	41.375 	 0.458 	 90.000
FHW13038	41.500 	 0.000 	 90.000
FHW13038	41.625 	 0.458 	 90.000
FHW13038	41.750 	 0.000 	 90.000
FHW13038	41.875 	 0.458 	 90.000
FHW13038	42.000 	 0.000 	 90.000
FHW13038	42.125 	 0.458 	 90.000
FHW13038	42.250 	 0.000 	 90.000
FHW13038	42.375 	 0.648 	 45.000
FHW13038	42.500 	 0.000 	 90.000
FHW13038	42.625 	 0.458 	 90.000
FHW13038	42.750 	 0.000 	 90.000
FHW13038	42.875 	 0.458 	 90.000
FHW13038	43.000 	 0.000 	 90.000
FHW13038	43.125 	 0.458 	 90.000
FHW13038	43.250 	 0.000 	 90.000
FHW13038	43.375 	 0.458 	 90.000
FHW13038	43.500 	 0.000 	 90.000
FHW13038	43.625 	 0.458 	 90.000
FHW13038	43.750 	 0.000 	 90.000
FHW13038	43.875 	 0.458 	 90.000
FHW13038	44.000 	 0.458 	 0.000
FHW13038	44.125 	 0.458 	 90.000
FHW13038	44.250 	 0.000 	 90.000
FHW13038	44.375 	 0.458 	 90.000
FHW13038	44.500 	 0.000 	 90.000
FHW13038	44.625 	 0.458 	 90.000
FHW13038	44.750 	 0.000 	 90.000
FHW13038	44.875 	 0.458 	 90.000
FHW13038	45.000 	 0.000 	 90.000
FHW13038	45.125 	 0.458 	 90.000
FHW13038	45.250 	 0.000 	 90.000
FHW13038	45.375 	 0.458 	 90.000
FHW13038	45.500 	 0.000 	 90.000
FHW13038	45.625 	 0.458 	 90.000
FHW13038	45.750 	 0.458 	 0.000
FHW13038	45.875 	 0.458 	 90.000
FHW13038	46.000 	 0.000 	 90.000
FHW13038	46.125 	 0.458 	 90.000
FHW13038	46.250 	 0.000 	 90.000
FHW13038	46.375 	 0.458 	 90.000
FHW13038	46.500 	 0.000 	 90.000
FHW13038	46.625 	 0.458 	 90.000
FHW13038	46.750 	 0.000 	 90.000
FHW13038	46.875 	 0.458 	 90.000
FHW13038	47.000 	 0.000 	 90.000
FHW13038	47.125 	 0.458 	 90.000
FHW13038	47.250 	 0.000 	 90.000
FHW13038	47.375 	 0.648 	 45.000
FHW13038	47.500 	 0.000 	 90.000
FHW13038	47.625 	 0.458 	 90.000
FHW13038	47.750 	 0.000 	 90.000
FHW13038	47.875 	 0.458 	 90.000
FHW13038	48.000 	 0.000 	 90.000
FHW13038	48.125 	 0.458 	 90.000
FHW13038	48.250 	 0.000 	 90.000
FHW13038	48.375 	 0.458 	 90.000
FHW13038	48.500 	 0.000 	 90.000
FHW13038	48.625 	 0.458 	 90.000
FHW13038	48.750 	 0.000 	 90.000
FHW13038	48.875 	 0.458 	 90.000
FHW13038	49.000 	 0.458 	 0.000
FHW13038	49.125 	 0.458 	 90.000
FHW13038	49.250 	 0.000 	 90.000
FHW13038	49.375 	 0.458 	 90.000
FHW13038	49.500 	 0.000 	 90.000
FHW13038	49.625 	 0.458 	 90.000
FHW13038	49.750 	 0.000 	 90.000
FHW13038	49.875 	 0.458 	 90.000
FHW13038	50.000 	 0.000 	 90.000
FHW13038	50.125 	 0.458 	 90.000
FHW13038	50.250 	 0.000 	 90.000
FHW13038	50.375 	 0.458 	 90.000
FHW13038	50.500 	 0.000 	 90.000
FHW13038	50.625 	 0.648 	 45.000
FHW13038	50.750 	 0.000 	 90.000
FHW13038	50.875 	 0.458 	 90.000
FHW13038	51.000 	 0.000 	 90.000
FHW13038	51.125 	 0.458 	 90.000
FHW13038	51.250 	 0.000 	 90.000
FHW13038	51.375 	 0.458 	 90.000
FHW13038	51.500 	 0.000 	 90.000
FHW13038	51.625 	 0.458 	 90.000
FHW13038	51.750 	 0.000 	 90.000
FHW13038	51.875 	 0.458 	 90.000
FHW13038	52.000 	 0.000 	 90.000
FHW13038	52.125 	 0.458 	 90.000
FHW13038	52.250 	 0.000 	 90.000
FHW13038	52.375 	 0.648 	 45.000
FHW13038	52.500 	 0.000 	 90.000
FHW13038	52.625 	 0.458 	 90.000
FHW13038	52.750 	 0.000 	 90.000
FHW13038	52.875 	 0.458 	 90.000
FHW13038	53.000 	 0.000 	 90.000
FHW13038	53.125 	 0.458 	 90.000
FHW13038	53.250 	 0.000 	 90.000
FHW13038	53.375 	 0.458 	 90.000
FHW13038	53.500 	 0.000 	 90.000
FHW13038	53.625 	 0.458 	 90.000
FHW13038	53.750 	 0.000 	 90.000
FHW13038	53.875 	 0.458 	 90.000
FHW13038	54.000 	 0.458 	 0.000
FHW13038	54.125 	 0.458 	 90.000
FHW13038	54.250 	 0.000 	 90.000
FHW13038	54.375 	 0.458 	 90.000
FHW13038	54.500 	 0.000 	 90.000
FHW13038	54.625 	 0.458 	 90.000
FHW13038	54.750 	 0.000 	 90.000
FHW13038	54.875 	 0.458 	 90.000
FHW13038	55.000 	 0.000 	 90.000
FHW13038	55.125 	 0.458 	 90.000
FHW13038	55.250 	 0.000 	 90.000
FHW13038	55.375 	 0.458 	 90.000
FHW13038	55.500 	 0.000 	 90.000
FHW13038	55.625 	 0.648 	 45.000
FHW13038	55.750 	 0.000 	 90.000
FHW13038	55.875 	 0.458 	 90.000
FHW13038	56.000 	 0.000 	 90.000
FHW13038	56.125 	 0.458 	 90.000
FHW13038	56.250 	 0.000 	 90.000
FHW13038	56.375 	 0.458 	 90.000
FHW13038	56.500 	 0.000 	 90.000
FHW13038	56.625 	 0.458 	 90.000
FHW13038	56.750 	 0.000 	 90.000
FHW13038	56.875 	 0.458 	 90.000
FHW13038	57.000 	 0.000 	 90.000
FHW13038	57.125 	 0.458 	 90.000
FHW13038	57.250 	 0.000 	 90.000
FHW13038	57.375 	 0.648 	 45.000
FHW13038	57.500 	 0.000 	 90.000
FHW13038	57.625 	 0.458 	 90.000
FHW13038	57.750 	 0.000 	 90.000
FHW13038	57.875 	 0.458 	 90.000
FHW13038	58.000 	 0.000 	 90.000
FHW13038	58.125 	 0.458 	 90.000
FHW13038	58.250 	 0.000 	 90.000
FHW13038	58.375 	 0.458 	 90.000
FHW13038	58.500 	 0.000 	 90.000
FHW13038	58.625 	 0.458 	 90.000
FHW13038	58.750 	 0.000 	 90.000
FHW13038	58.875 	 0.458 	 90.000
FHW13038	59.000 	 0.458 	 0.000
FHW13038	59.125 	 0.458 	 90.000
FHW13038	59.250 	 0.000 	 90.000
FHW13038	59.375 	 0.458 	 90.000
FHW13038	59.500 	 0.000 	 90.000
FHW13038	59.625 	 0.458 	 90.000
FHW13038	59.750 	 0.000 	 90.000
FHW13038	59.875 	 0.458 	 90.000
FHW13038	60.000 	 0.000 	 90.000
FHW13038	60.125 	 0.458 	 90.000
FHW13038	60.250 	 0.458 	 90.000
FHW13038	60.375 	 0.000 	 90.000
FHW13038	60.500 	 0.458 	 90.000
FHW13038	60.625 	 0.458 	 0.000
FHW13038	60.750 	 0.458 	 90.000
FHW13038	60.875 	 0.000 	 90.000
FHW13038	61.000 	 0.458 	 90.000
FHW13038	61.125 	 0.000 	 90.000
FHW13038	61.250 	 0.458 	 90.000
FHW13038	61.375 	 0.000 	 90.000
FHW13038	61.500 	 0.458 	 90.000
FHW13038	61.625 	 0.000 	 90.000
FHW13038	61.750 	 0.458 	 90.000
FHW13038	61.875 	 0.000 	 90.000
FHW13038	62.000 	 0.458 	 90.000
FHW13038	62.125 	 0.000 	 90.000
FHW13038	62.250 	 0.648 	 45.000
FHW13038	62.375 	 0.000 	 90.000
FHW13038	62.500 	 0.458 	 90.000
FHW13038	62.625 	 0.000 	 90.000
FHW13038	62.750 	 0.458 	 90.000
FHW13038	62.875 	 0.000 	 90.000
FHW13038	63.000 	 0.458 	 90.000
FHW13038	63.125 	 0.000 	 90.000
FHW13038	63.250 	 0.458 	 90.000
FHW13038	63.375 	 0.000 	 90.000
FHW13038	63.500 	 0.458 	 90.000
FHW13038	63.625 	 0.458 	 90.000
FHW13038	63.750 	 0.917 	 90.000
FHW13038	63.875 	 0.917 	 90.000
FHW13038	64.000 	 0.917 	 90.000
FHW13038	64.125 	 0.917 	 90.000
FHW13038	64.250 	 0.917 	 90.000
FHW13038	64.375 	 0.917 	 90.000
FHW13038	64.500 	 0.917 	 90.000
FHW13038	64.625 	 1.025 	 116.565
FHW13038	64.750 	 1.375 	 90.000
FHW13038	64.875 	 0.917 	 90.000
FHW13038	65.000 	 0.917 	 90.000
FHW13038	65.125 	 0.917 	 90.000
FHW13038	65.250 	 0.917 	 90.000
FHW13038	65.375 	 0.917 	 90.000
FHW13038	65.500 	 0.917 	 90.000
FHW13038	65.625 	 0.917 	 90.000
FHW13038	65.750 	 1.025 	 116.565
FHW13038	65.875 	 1.375 	 90.000
FHW13038	66.000 	 0.917 	 90.000
FHW13038	66.125 	 0.917 	 90.000
FHW13038	66.250 	 0.917 	 90.000
FHW13038	66.375 	 0.917 	 90.000
FHW13038	66.500 	 0.917 	 90.000
FHW13038	66.625 	 0.917 	 90.000
FHW13038	66.750 	 0.917 	 90.000
FHW13038	66.875 	 0.917 	 90.000
FHW13038	67.000 	 1.449 	 108.435
FHW13038	67.125 	 0.917 	 90.000
FHW13038	67.250 	 0.917 	 90.000
FHW13038	67.375 	 0.917 	 90.000
FHW13038	67.500 	 0.917 	 90.000
FHW13038	67.625 	 0.917 	 90.000
FHW13038	67.750 	 0.917 	 90.000
FHW13038	67.875 	 0.917 	 90.000
FHW13038	68.000 	 1.375 	 90.000
FHW13038	68.125 	 1.025 	 116.565
FHW13038	68.250 	 0.917 	 90.000
FHW13038	68.375 	 0.917 	 90.000
FHW13038	68.500 	 0.917 	 90.000
FHW13038	68.625 	 0.917 	 90.000
FHW13038	68.750 	 0.924 	 90.000
FHW13038	68.875 	 0.917 	 90.000
FHW13038	69.000 	 0.917 	 90.000
FHW13038	69.125 	 1.375 	 90.000
FHW13038	69.250 	 0.917 	 90.000
FHW13038	69.375 	 1.025 	 116.565
FHW13038	69.500 	 0.917 	 90.000
FHW13038	69.625 	 0.917 	 90.000
FHW13038	69.750 	 0.917 	 90.000
FHW13038	69.875 	 0.917 	 90.000
FHW13038	70.000 	 0.917 	 90.000
FHW13038	70.125 	 0.917 	 90.000
FHW13038	70.250 	 1.375 	 90.000
FHW13038	70.375 	 0.917 	 90.000
FHW13038	70.500 	 1.025 	 116.565
FHW13038	70.625 	 0.917 	 90.000
FHW13038	70.750 	 0.917 	 90.000
FHW13038	70.875 	 0.917 	 90.000
FHW13038	71.000 	 0.917 	 90.000
FHW13038	71.125 	 0.917 	 90.000
FHW13038	71.250 	 0.917 	 90.000
FHW13038	71.375 	 1.375 	 90.000
FHW13038	71.500 	 0.917 	 90.000
FHW13038	71.625 	 0.917 	 90.000
FHW13038	71.750 	 1.025 	 116.565
FHW13038	71.875 	 0.917 	 90.000
FHW13038	72.000 	 0.917 	 90.000
FHW13038	72.125 	 0.917 	 90.000
FHW13038	72.250 	 0.917 	 90.000
FHW13038	72.375 	 0.917 	 90.000
FHW13038	72.500 	 1.375 	 90.000
FHW13038	72.625 	 0.917 	 90.000
FHW13038	72.750 	 0.917 	 90.000
FHW13038	72.875 	 1.375 	 90.000
FHW13038	73.000 	 1.889 	 104.036
FHW13038	73.125 	 1.375 	 90.000
FHW13038	73.250 	 1.833 	 90.000
FHW13038	73.375 	 1.833 	 90.000
FHW13038	73.500 	 1.375 	 90.000
FHW13038	73.625 	 1.833 	 90.000
FHW13038	73.750 	 1.386 	 90.000
FHW13038	73.875 	 1.833 	 90.000
FHW13038	74.000 	 1.833 	 90.000
FHW13038	74.125 	 2.748 	 90.000
FHW13038	74.250 	 3.238 	 81.870
FHW13038	74.375 	 3.205 	 90.000
FHW13038	74.500 	 3.205 	 90.000
FHW13038	74.625 	 3.264 	 81.870
FHW13038	74.750 	 2.748 	 90.000
FHW13038	74.875 	 3.205 	 90.000
FHW13038	75.000 	 3.238 	 81.870
FHW13038	75.125 	 3.205 	 90.000
FHW13038	75.250 	 3.264 	 81.870
FHW13038	75.375 	 2.748 	 90.000
FHW13038	75.500 	 3.205 	 90.000
FHW13038	75.625 	 3.238 	 81.870
FHW13038	75.750 	 3.205 	 90.000
FHW13038	75.875 	 3.231 	 90.000
FHW13038	76.000 	 3.238 	 81.870
FHW13038	76.125 	 2.748 	 90.000
FHW13038	76.250 	 3.205 	 90.000
FHW13038	76.375 	 3.238 	 81.870
FHW13038	76.500 	 3.231 	 90.000
FHW13038	76.625 	 3.205 	 90.000
FHW13038	76.750 	 2.786 	 80.538
FHW13038	76.875 	 3.205 	 90.000
FHW13038	77.000 	 3.205 	 90.000
FHW13038	77.125 	 3.264 	 81.870
FHW13038	77.250 	 3.205 	 90.000
FHW13038	77.375 	 2.748 	 90.000
FHW13038	77.500 	 3.238 	 81.870
FHW13038	77.625 	 3.205 	 90.000
FHW13038	77.750 	 3.231 	 90.000
FHW13038	77.875 	 3.238 	 81.870
FHW13038	78.000 	 2.748 	 90.000
FHW13038	78.125 	 3.205 	 90.000
FHW13038	78.250 	 3.238 	 81.870
FHW13038	78.375 	 3.231 	 90.000
FHW13038	78.500 	 3.205 	 90.000
FHW13038	78.625 	 2.786 	 80.538
FHW13038	78.750 	 3.205 	 90.000
FHW13038	78.875 	 3.205 	 90.000
FHW13038	79.000 	 3.264 	 81.870
FHW13038	79.125 	 3.205 	 90.000
FHW13038	79.250 	 2.748 	 90.000
FHW13038	79.375 	 3.238 	 81.870
FHW13038	79.500 	 3.205 	 90.000
FHW13038	79.625 	 3.205 	 90.000
FHW13038	79.750 	 3.264 	 81.870
FHW13038	79.875 	 2.748 	 90.000
FHW13038	80.000 	 3.205 	 90.000
FHW13038	80.125 	 3.238 	 81.870
FHW13038	80.250 	 3.205 	 90.000
FHW13038	80.375 	 3.231 	 90.000
FHW13038	80.500 	 2.786 	 80.538
FHW13038	80.625 	 3.205 	 90.000
FHW13038	80.750 	 3.205 	 90.000
FHW13038	80.875 	 3.238 	 81.870
FHW13038	81.000 	 3.231 	 90.000
FHW13038	81.125 	 2.748 	 90.000
FHW13038	81.250 	 3.238 	 81.870
FHW13038	81.375 	 3.205 	 90.000
FHW13038	81.500 	 3.205 	 90.000
FHW13038	81.625 	 3.264 	 81.870
FHW13038	81.750 	 2.748 	 90.000
FHW13038	81.875 	 3.205 	 90.000
FHW13038	82.000 	 3.690 	 82.875
FHW13038	82.125 	 6.506 	 81.870
FHW13038	82.250 	 6.506 	 81.870
FHW13038	82.375 	 6.506 	 81.870
FHW13038	82.500 	 6.506 	 81.870
FHW13038	82.625 	 6.455 	 81.870
FHW13038	82.750 	 6.506 	 81.870
FHW13038	82.875 	 6.507 	 81.870
FHW13038	83.000 	 6.958 	 82.405
FHW13038	83.125 	 6.506 	 81.870
FHW13038	83.250 	 6.506 	 81.870
FHW13038	83.375 	 6.458 	 85.914
FHW13038	83.500 	 6.455 	 81.870
FHW13038	83.625 	 6.506 	 81.870
FHW13038	83.750 	 6.506 	 81.870
FHW13038	83.875 	 6.506 	 81.870
FHW13038	84.000 	 6.506 	 81.870
FHW13038	84.125 	 6.958 	 82.405
FHW13038	84.250 	 6.455 	 81.870
FHW13038	84.375 	 6.506 	 81.870
FHW13038	84.500 	 6.506 	 81.870
FHW13038	84.625 	 6.506 	 81.870
FHW13038	84.750 	 6.506 	 81.870
FHW13038	84.875 	 6.507 	 81.870
FHW13038	85.000 	 6.506 	 81.870
FHW13038	85.125 	 6.903 	 82.405
FHW13038	85.250 	 6.506 	 81.870
FHW13038	85.375 	 6.506 	 81.870
FHW13038	85.500 	 6.506 	 81.870
FHW13038	85.625 	 6.506 	 81.870
FHW13038	85.750 	 6.506 	 81.870
FHW13038	85.875 	 6.455 	 81.870
FHW13038	86.000 	 6.506 	 81.870
FHW13038	86.125 	 6.506 	 81.870
FHW13038	86.250 	 6.958 	 82.405
FHW13038	86.375 	 6.506 	 81.870
FHW13038	86.500 	 6.458 	 85.914
FHW13038	86.625 	 6.506 	 81.870
FHW13038	86.750 	 6.455 	 81.870
FHW13038	86.875 	 6.506 	 81.870
FHW13038	87.000 	 6.507 	 81.870
FHW13038	87.125 	 6.506 	 81.870
FHW13038	87.250 	 6.506 	 81.870
FHW13038	87.375 	 6.958 	 82.405
FHW13038	87.500 	 6.455 	 81.870
FHW13038	87.625 	 6.506 	 81.870
FHW13038	87.750 	 6.506 	 81.870
FHW13038	87.875 	 6.506 	 81.870
FHW13038	88.000 	 6.506 	 81.870
FHW13038	88.125 	 6.506 	 81.870
FHW13038	88.250 	 6.506 	 81.870
FHW13038	88.375 	 6.903 	 82.405
FHW13038	88.500 	 6.506 	 81.870
FHW13038	88.625 	 6.506 	 81.870
FHW13038	88.750 	 6.506 	 81.870
FHW13038	88.875 	 6.506 	 81.870
FHW13038	89.000 	 6.507 	 81.870
FHW13038	89.125 	 6.455 	 81.870
FHW13038	89.250 	 6.506 	 81.870
FHW13038	89.375 	 6.506 	 81.870
FHW13038	89.500 	 6.913 	 86.186
FHW13038	89.625 	 6.506 	 81.870
FHW13038	89.750 	 6.506 	 81.870
FHW13038	89.875 	 6.506 	 81.870
FHW13038	90.000 	 6.455 	 81.870
FHW13038	90.125 	 6.506 	 81.870
FHW13038	90.250 	 6.506 	 81.870
FHW13038	90.375 	 6.506 	 81.870
FHW13038	90.500 	 6.506 	 81.870
FHW13038	90.625 	 6.958 	 82.405
FHW13038	90.750 	 6.455 	 81.870
FHW13038	90.875 	 6.506 	 81.870
FHW13038	91.000 	 6.506 	 81.870
FHW13038	91.125 	 6.958 	 82.405
FHW13038	91.250 	 10.833 	 77.735
FHW13038	91.375 	 11.362 	 78.232
FHW13038	91.500 	 10.937 	 75.379
FHW13038	91.625 	 10.833 	 77.735
FHW13038	91.750 	 11.362 	 78.232
FHW13038	91.875 	 10.834 	 77.735
FHW13038	92.000 	 10.833 	 77.735
FHW13038	92.125 	 10.920 	 77.735
FHW13038	92.250 	 11.272 	 78.232
FHW13038	92.375 	 10.833 	 77.735
FHW13038	92.500 	 10.920 	 77.735
FHW13038	92.625 	 11.273 	 78.232
FHW13038	92.750 	 10.833 	 77.735
FHW13038	92.875 	 10.920 	 77.735
FHW13038	93.000 	 10.833 	 77.735
FHW13038	93.125 	 11.272 	 78.232
FHW13038	93.250 	 10.920 	 77.735
FHW13038	93.375 	 10.938 	 75.379
FHW13038	93.500 	 11.272 	 78.232
FHW13038	93.625 	 10.920 	 77.735
FHW13038	93.750 	 10.833 	 77.735
FHW13038	93.875 	 10.833 	 77.735
FHW13038	94.000 	 11.362 	 78.232
FHW13038	94.125 	 10.834 	 77.735
FHW13038	94.250 	 10.833 	 77.735
FHW13038	94.375 	 11.362 	 78.232
FHW13038	94.500 	 10.833 	 77.735
FHW13038	94.625 	 10.833 	 77.735
FHW13038	94.750 	 10.920 	 77.735
FHW13038	94.875 	 11.273 	 78.232
FHW13038	95.000 	 10.833 	 77.735
FHW13038	95.125 	 10.920 	 77.735
FHW13038	95.250 	 11.272 	 78.232
FHW13038	95.375 	 10.937 	 75.379
FHW13038	95.500 	 10.920 	 77.735
FHW13038	95.625 	 10.834 	 77.735
FHW13038	95.750 	 11.272 	 78.232
FHW13038	95.875 	 10.920 	 77.735
FHW13038	96.000 	 10.833 	 77.735
FHW13038	96.125 	 11.272 	 78.232
FHW13038	96.250 	 10.920 	 77.735
FHW13038	96.375 	 10.834 	 77.735
FHW13038	96.500 	 10.833 	 77.735
FHW13038	96.625 	 11.362 	 78.232
FHW13038	96.750 	 10.833 	 77.735
FHW13038	96.875 	 10.833 	 77.735
FHW13038	97.000 	 11.362 	 78.232
FHW13038	97.125 	 10.834 	 77.735
FHW13038	97.250 	 10.937 	 75.379
FHW13038	97.375 	 10.833 	 77.735
FHW13038	97.500 	 11.362 	 78.232
FHW13038	97.625 	 10.833 	 77.735
FHW13038	97.750 	 10.833 	 77.735
FHW13038	97.875 	 11.363 	 78.232
FHW13038	98.000 	 10.833 	 77.735
FHW13038	98.125 	 10.833 	 77.735
FHW13038	98.250 	 10.920 	 77.735
FHW13038	98.375 	 11.272 	 78.232
FHW13038	98.500 	 10.833 	 77.735
FHW13038	98.625 	 10.920 	 77.735
FHW13038	98.750 	 11.272 	 78.232
FHW13038	98.875 	 10.833 	 77.735
FHW13038	99.000 	 10.920 	 77.735
FHW13038	99.125 	 10.937 	 75.379
FHW13038	99.250 	 11.272 	 78.232
FHW13038	99.375 	 10.920 	 77.735
FHW13038	99.500 	 10.833 	 77.735
FHW13038	99.625 	 11.272 	 78.232
FHW13038	99.750 	 10.920 	 77.735
FHW13038	99.875 	 10.833 	 77.735
FHW13038	100.000 	 10.833 	 77.735
FHW13038	100.125 	 11.363 	 78.232
FHW13038	100.250 	 10.833 	 77.735
FHW13038	100.375 	 12.878 	 75.465
FHW13038	100.500 	 14.938 	 75.530
FHW13038	100.625 	 15.249 	 75.964
FHW13038	100.750 	 14.820 	 75.530
FHW13038	100.875 	 15.369 	 75.964
FHW13038	101.000 	 14.938 	 73.811
FHW13038	101.125 	 15.248 	 75.964
FHW13038	101.250 	 14.938 	 75.530
FHW13038	101.375 	 15.249 	 75.964
FHW13038	101.500 	 14.820 	 75.530
FHW13038	101.625 	 15.483 	 74.291
FHW13038	101.750 	 14.820 	 75.530
FHW13038	101.875 	 15.249 	 75.964
FHW13038	102.000 	 14.820 	 75.530
FHW13038	102.125 	 15.369 	 75.964
FHW13038	102.250 	 14.821 	 75.530
FHW13038	102.375 	 15.361 	 74.291
FHW13038	102.500 	 14.938 	 75.530
FHW13038	102.625 	 14.821 	 75.530
FHW13038	102.750 	 15.248 	 75.964
FHW13038	102.875 	 14.938 	 75.530
FHW13038	103.000 	 15.362 	 74.291
FHW13038	103.125 	 14.820 	 75.530
FHW13038	103.250 	 15.369 	 75.964
FHW13038	103.375 	 14.820 	 75.530
FHW13038	103.500 	 15.249 	 75.964
FHW13038	103.625 	 15.056 	 73.811
FHW13038	103.750 	 15.248 	 75.964
FHW13038	103.875 	 14.821 	 75.530
FHW13038	104.000 	 15.369 	 75.964
FHW13038	104.125 	 14.820 	 75.530
FHW13038	104.250 	 15.362 	 74.291
FHW13038	104.375 	 14.938 	 75.530
FHW13038	104.500 	 15.248 	 75.964
FHW13038	104.625 	 14.821 	 75.530
FHW13038	104.750 	 15.369 	 75.964
FHW13038	104.875 	 14.937 	 73.811
FHW13038	105.000 	 15.249 	 75.964
FHW13038	105.125 	 14.938 	 75.530
FHW13038	105.250 	 14.820 	 75.530
FHW13038	105.375 	 15.248 	 75.964
FHW13038	105.500 	 15.057 	 73.811
FHW13038	105.625 	 15.248 	 75.964
FHW13038	105.750 	 14.820 	 75.530
FHW13038	105.875 	 15.370 	 75.964
FHW13038	106.000 	 14.820 	 75.530
FHW13038	106.125 	 15.248 	 75.964
FHW13038	106.250 	 15.057 	 73.811
FHW13038	106.375 	 15.248 	 75.964
FHW13038	106.500 	 14.820 	 75.530
FHW13038	106.625 	 15.370 	 75.964
FHW13038	106.750 	 14.820 	 75.530
FHW13038	106.875 	 15.361 	 74.291
FHW13038	107.000 	 14.939 	 75.530
FHW13038	107.125 	 15.248 	 75.964
FHW13038	107.250 	 14.820 	 75.530
FHW13038	107.375 	 15.369 	 75.964
FHW13038	107.500 	 14.938 	 73.811
FHW13038	107.625 	 15.248 	 75.964
FHW13038	107.750 	 14.938 	 75.530
FHW13038	107.875 	 15.249 	 75.964
FHW13038	108.000 	 14.820 	 75.530
FHW13038	108.125 	 15.056 	 73.811
FHW13038	108.250 	 15.249 	 75.964
FHW13038	108.375 	 14.820 	 75.530
FHW13038	108.500 	 15.369 	 75.964
FHW13038	108.625 	 14.821 	 75.530
FHW13038	108.750 	 15.361 	 74.291
FHW13038	108.875 	 14.820 	 75.530
FHW13038	109.000 	 15.370 	 75.964
FHW13038	109.125 	 14.820 	 75.530
FHW13038	109.250 	 15.248 	 75.964
FHW13038	109.375 	 15.056 	 73.811
FHW13038	109.500 	 15.249 	 75.964
FHW13038	109.625 	 16.892 	 75.579
FHW13038	109.750 	 17.295 	 74.476
FHW13038	109.875 	 17.430 	 74.476
FHW13038	110.000 	 17.430 	 74.476
FHW13038	110.125 	 17.432 	 74.476
FHW13038	110.250 	 17.183 	 75.964
FHW13038	110.375 	 17.853 	 74.876
FHW13038	110.500 	 17.431 	 74.476
FHW13038	110.625 	 17.294 	 74.476
FHW13038	110.750 	 17.432 	 74.476
FHW13038	110.875 	 17.431 	 74.476
FHW13038	111.000 	 17.320 	 75.964
FHW13038	111.125 	 17.294 	 74.476
FHW13038	111.250 	 17.432 	 74.476
FHW13038	111.375 	 17.431 	 74.476
FHW13038	111.500 	 17.430 	 74.476
FHW13038	111.625 	 17.295 	 74.476
FHW13038	111.750 	 17.319 	 75.964
FHW13038	111.875 	 17.853 	 74.876
FHW13038	112.000 	 17.294 	 74.476
FHW13038	112.125 	 17.431 	 74.476
FHW13038	112.250 	 17.432 	 74.476
FHW13038	112.375 	 17.431 	 74.476
FHW13038	112.500 	 17.184 	 75.964
FHW13038	112.625 	 17.431 	 74.476
FHW13038	112.750 	 17.430 	 74.476
FHW13038	112.875 	 17.432 	 74.476
FHW13038	113.000 	 17.294 	 74.476
FHW13038	113.125 	 18.953 	 74.249
FHW13038	113.250 	 18.952 	 74.249
FHW13038	113.375 	 18.693 	 75.619
FHW13038	113.500 	 18.952 	 74.249
FHW13038	113.625 	 18.535 	 73.856
FHW13038	113.750 	 18.804 	 74.249
FHW13038	113.875 	 18.953 	 74.249
FHW13038	114.000 	 18.952 	 74.249
FHW13038	114.125 	 18.805 	 74.249
FHW13038	114.250 	 18.839 	 75.619
FHW13038	114.375 	 18.535 	 73.856
FHW13038	114.500 	 18.804 	 74.249
FHW13038	114.625 	 18.953 	 74.249
FHW13038	114.750 	 18.952 	 74.249
FHW13038	114.875 	 18.953 	 74.249
FHW13038	115.000 	 18.388 	 73.856
FHW13038	115.125 	 18.839 	 75.619
FHW13038	115.250 	 18.953 	 74.249
FHW13038	115.375 	 18.804 	 74.249
FHW13038	115.500 	 18.953 	 74.249
FHW13038	115.625 	 18.952 	 74.249
FHW13038	115.750 	 18.389 	 73.856
FHW13038	115.875 	 18.952 	 74.249
FHW13038	116.000 	 18.840 	 75.619
FHW13038	116.125 	 18.804 	 74.249
FHW13038	116.250 	 18.953 	 74.249
FHW13038	116.375 	 18.952 	 74.249
FHW13038	116.500 	 18.389 	 73.856
FHW13038	116.625 	 18.952 	 74.249
FHW13038	116.750 	 18.953 	 74.249
FHW13038	116.875 	 18.692 	 75.619
FHW13038	117.000 	 18.953 	 74.249
FHW13038	117.125 	 18.533 	 73.856
FHW13038	117.250 	 18.953 	 74.249
FHW13038	117.375 	 18.804 	 74.249
FHW13038	117.500 	 18.953 	 74.249
FHW13038	117.625 	 18.952 	 74.249
FHW13038	117.750 	 18.805 	 74.249
FHW13038	117.875 	 18.417 	 75.257
FHW13038	118.000 	 18.953 	 74.249
FHW13038	118.125 	 18.804 	 74.249
FHW13038	118.250 	 18.953 	 74.249
FHW13038	118.375 	 18.952 	 74.249
FHW13038	118.500 	 18.388 	 73.856
FHW13038	118.625 	 18.953 	 74.249
FHW13038	118.750 	 19.786 	 74.982
FHW13038	118.875 	 21.580 	 73.540
FHW13038	119.000 	 21.580 	 73.540
FHW13038	119.125 	 21.579 	 73.540
FHW13038	119.250 	 21.412 	 73.540
FHW13038	119.375 	 21.050 	 74.407
FHW13038	119.500 	 21.579 	 73.540
FHW13038	119.625 	 21.413 	 73.540
FHW13038	119.750 	 21.579 	 73.540
FHW13038	119.875 	 21.580 	 73.540
FHW13038	120.000 	 21.413 	 73.540
FHW13038	120.125 	 21.579 	 73.540
FHW13038	120.250 	 21.463 	 74.745
FHW13038	120.375 	 21.580 	 73.540
FHW13038	120.500 	 21.411 	 73.540
FHW13038	120.625 	 21.580 	 73.540
FHW13038	120.750 	 21.580 	 73.540
FHW13038	120.875 	 21.411 	 73.540
FHW13038	121.000 	 21.580 	 73.540
FHW13038	121.125 	 21.462 	 74.745
FHW13038	121.250 	 21.580 	 73.540
FHW13038	121.375 	 21.413 	 73.540
FHW13038	121.500 	 21.168 	 73.178
FHW13038	121.625 	 21.580 	 73.540
FHW13038	121.750 	 21.411 	 73.540
FHW13038	121.875 	 21.580 	 73.540
FHW13038	122.000 	 21.464 	 74.745
FHW13038	122.125 	 21.579 	 73.540
FHW13038	122.250 	 21.412 	 73.540
FHW13038	122.375 	 21.580 	 73.540
FHW13038	122.500 	 21.579 	 73.540
FHW13038	122.625 	 21.412 	 73.540
FHW13038	122.750 	 21.580 	 73.540
FHW13038	122.875 	 21.462 	 74.745
FHW13038	123.000 	 21.412 	 73.540
FHW13038	123.125 	 21.579 	 73.540
FHW13038	123.250 	 21.580 	 73.540
FHW13038	123.375 	 21.580 	 73.540
FHW13038	123.500 	 21.411 	 73.540
FHW13038	123.625 	 21.170 	 73.179
FHW13038	123.750 	 21.580 	 73.540
FHW13038	123.875 	 21.295 	 74.745
FHW13038	124.000 	 21.580 	 73.540
FHW13038	124.125 	 21.579 	 73.540
FHW13038	124.250 	 21.580 	 73.540
FHW13038	124.375 	 21.413 	 73.540
FHW13038	124.500 	 21.579 	 73.540
FHW13038	124.625 	 21.580 	 73.540
FHW13038	124.750 	 21.297 	 74.745
FHW13038	124.875 	 21.579 	 73.540
FHW13038	125.000 	 21.580 	 73.540
FHW13038	125.125 	 21.579 	 73.540
FHW13038	125.250 	 21.412 	 73.540
FHW13038	125.375 	 21.580 	 73.540
FHW13038	125.500 	 21.579 	 73.540
FHW13038	125.625 	 21.296 	 74.745
FHW13038	125.750 	 21.170 	 73.179
FHW13038	125.875 	 21.579 	 73.540
FHW13038	126.000 	 21.580 	 73.540
FHW13038	126.125 	 21.411 	 73.540
FHW13038	126.250 	 21.580 	 73.540
FHW13038	126.375 	 21.580 	 73.540
FHW13038	126.500 	 21.295 	 74.745
FHW13038	126.625 	 21.580 	 73.540
FHW13038	126.750 	 21.580 	 73.540
FHW13038	126.875 	 21.411 	 73.540
FHW13038	127.000 	 21.580 	 73.540
FHW13038	127.125 	 21.579 	 73.540
FHW13038	127.250 	 21.580 	 73.540
FHW13038	127.375 	 21.412 	 73.540
FHW13038	127.500 	 21.462 	 74.745
FHW13038	127.625 	 21.580 	 73.540
FHW13038	127.750 	 21.005 	 73.179
FHW13038	127.875 	 21.579 	 73.540
FHW13038	128.000 	 24.205 	 72.980
FHW13038	128.125 	 25.195 	 73.611
FHW13038	128.250 	 24.919 	 72.255
FHW13038	128.375 	 25.194 	 73.610
FHW13038	128.500 	 25.119 	 72.582
FHW13038	128.625 	 25.195 	 73.611
FHW13038	128.750 	 25.315 	 72.582
FHW13038	128.875 	 25.315 	 72.582
FHW13038	129.000 	 24.795 	 73.301
FHW13038	129.125 	 25.315 	 72.582
FHW13038	129.250 	 25.194 	 73.610
FHW13038	129.375 	 25.314 	 72.582
FHW13038	129.500 	 25.315 	 72.582
FHW13038	129.625 	 25.194 	 73.610
FHW13038	129.750 	 25.121 	 72.582
FHW13038	129.875 	 24.793 	 73.301
FHW13038	130.000 	 25.317 	 72.582
FHW13038	130.125 	 25.314 	 72.582
FHW13038	130.250 	 25.196 	 73.610
FHW13038	130.375 	 25.314 	 72.582
FHW13038	130.500 	 25.196 	 73.610
FHW13038	130.625 	 24.917 	 72.255
FHW13038	130.750 	 25.193 	 73.610
FHW13038	130.875 	 25.317 	 72.582
FHW13038	131.000 	 25.121 	 72.582
FHW13038	131.125 	 25.193 	 73.610
FHW13038	131.250 	 25.317 	 72.582
FHW13038	131.375 	 24.794 	 73.301
FHW13038	131.500 	 25.317 	 72.582
FHW13038	131.625 	 25.314 	 72.582
FHW13038	131.750 	 25.193 	 73.611
FHW13038	131.875 	 25.317 	 72.582
FHW13038	132.000 	 25.193 	 73.611
FHW13038	132.125 	 24.920 	 72.255
FHW13038	132.250 	 25.001 	 73.611
FHW13038	132.375 	 25.314 	 72.582
FHW13038	132.500 	 25.314 	 72.582
FHW13038	132.625 	 25.196 	 73.611
FHW13038	132.750 	 25.314 	 72.582
FHW13038	132.875 	 24.797 	 73.301
FHW13038	133.000 	 25.314 	 72.582
FHW13038	133.125 	 25.317 	 72.582
FHW13038	133.250 	 25.193 	 73.610
FHW13038	133.375 	 25.314 	 72.582
FHW13038	133.500 	 25.001 	 73.610
FHW13038	133.625 	 24.920 	 72.256
FHW13038	133.750 	 25.314 	 72.582
FHW13038	133.875 	 25.196 	 73.610
FHW13038	134.000 	 25.314 	 72.582
FHW13038	134.125 	 25.196 	 73.610
FHW13038	134.250 	 25.314 	 72.582
FHW13038	134.375 	 24.794 	 73.300
FHW13038	134.500 	 25.317 	 72.582
FHW13038	134.625 	 25.313 	 72.582
FHW13038	134.750 	 25.001 	 73.611
FHW13038	134.875 	 25.317 	 72.582
FHW13038	135.000 	 25.193 	 73.610
FHW13038	135.125 	 25.314 	 72.582
FHW13038	135.250 	 24.920 	 72.255
FHW13038	135.375 	 25.193 	 73.611
FHW13038	135.500 	 25.317 	 72.582
FHW13038	135.625 	 25.193 	 73.611
FHW13038	135.750 	 25.317 	 72.582
FHW13038	135.875 	 25.193 	 73.610
FHW13038	136.000 	 24.727 	 72.256
FHW13038	136.125 	 25.314 	 72.582
FHW13038	136.250 	 25.196 	 73.611
FHW13038	136.375 	 25.314 	 72.582
FHW13038	136.500 	 25.196 	 73.611
FHW13038	136.625 	 25.314 	 72.582
FHW13038	136.750 	 24.920 	 72.255
FHW13038	136.875 	 25.193 	 73.610
FHW13038	137.000 	 25.314 	 72.582
FHW13038	137.125 	 25.196 	 73.610
FHW13038	137.250 	 28.644 	 71.565
FHW13038	137.375 	 28.644 	 71.565
FHW13038	137.500 	 28.262 	 71.259
FHW13038	137.625 	 28.863 	 71.565
FHW13038	137.750 	 28.647 	 71.565
FHW13038	137.875 	 28.262 	 71.258
FHW13038	138.000 	 28.644 	 71.565
FHW13038	138.125 	 28.862 	 71.565
FHW13038	138.250 	 28.644 	 71.566
FHW13038	138.375 	 28.135 	 72.181
FHW13038	138.500 	 28.643 	 71.565
FHW13038	138.625 	 28.644 	 71.565
FHW13038	138.750 	 28.482 	 71.259
FHW13038	138.875 	 28.643 	 71.565
FHW13038	139.000 	 28.644 	 71.565
FHW13038	139.125 	 28.643 	 71.565
FHW13038	139.250 	 28.482 	 71.259
FHW13038	139.375 	 28.644 	 71.565
FHW13038	139.500 	 28.519 	 72.474
FHW13038	139.625 	 28.262 	 71.259
FHW13038	139.750 	 28.862 	 71.565
FHW13038	139.875 	 28.644 	 71.565
FHW13038	140.000 	 28.643 	 71.565
FHW13038	140.125 	 28.262 	 71.259
FHW13038	140.250 	 28.866 	 71.565
FHW13038	140.375 	 28.643 	 71.565
FHW13038	140.500 	 28.262 	 71.259
FHW13038	140.625 	 28.644 	 71.565
FHW13038	140.750 	 28.741 	 72.474
FHW13038	140.875 	 28.644 	 71.565
FHW13038	141.000 	 28.262 	 71.259
FHW13038	141.125 	 28.643 	 71.565
FHW13038	141.250 	 28.863 	 71.565
FHW13038	141.375 	 28.262 	 71.259
FHW13038	141.500 	 28.643 	 71.565
FHW13038	141.625 	 28.648 	 71.565
FHW13038	141.750 	 28.643 	 71.565
FHW13038	141.875 	 28.351 	 72.181
FHW13038	142.000 	 28.644 	 71.566
FHW13038	142.125 	 28.643 	 71.565
FHW13038	142.250 	 28.262 	 71.259
FHW13038	142.375 	 28.866 	 71.565
FHW13038	142.500 	 28.644 	 71.565
FHW13038	142.625 	 28.643 	 71.565
FHW13038	142.750 	 28.262 	 71.259
FHW13038	142.875 	 28.866 	 71.565
FHW13038	143.000 	 28.519 	 72.475
FHW13038	143.125 	 28.262 	 71.259
FHW13038	143.250 	 28.644 	 71.565
FHW13038	143.375 	 28.862 	 71.565
FHW13038	143.500 	 28.644 	 71.565
FHW13038	143.625 	 28.262 	 71.259
FHW13038	143.750 	 28.643 	 71.565
FHW13038	143.875 	 28.866 	 71.565
FHW13038	144.000 	 28.262 	 71.259
FHW13038	144.125 	 28.643 	 71.565
FHW13038	144.250 	 28.520 	 72.475
FHW13038	144.375 	 28.643 	 71.565
FHW13038	144.500 	 28.482 	 71.259
FHW13038	144.625 	 28.644 	 71.565
FHW13038	144.750 	 28.643 	 71.565
FHW13038	144.875 	 28.262 	 71.259
FHW13038	145.000 	 28.862 	 71.565
FHW13038	145.125 	 28.644 	 71.566
FHW13038	145.250 	 28.643 	 71.565
FHW13038	145.375 	 28.135 	 72.181
FHW13038	145.500 	 28.866 	 71.565
FHW13038	145.625 	 28.643 	 71.565
FHW13038	145.750 	 28.262 	 71.259
FHW13038	145.875 	 28.644 	 71.565
FHW13038	146.000 	 28.866 	 71.565
FHW13038	146.125 	 28.644 	 71.565
FHW13038	146.250 	 28.262 	 71.259
FHW13038	146.375 	 30.108 	 70.408
FHW13038	146.500 	 32.704 	 69.145
FHW13038	146.625 	 32.095 	 68.839
FHW13038	146.750 	 32.704 	 69.146
FHW13038	146.875 	 32.456 	 69.145
FHW13038	147.000 	 32.338 	 68.839
FHW13038	147.125 	 32.844 	 68.356
FHW13038	147.250 	 32.456 	 69.145
FHW13038	147.375 	 32.342 	 68.839
FHW13038	147.500 	 32.704 	 69.146
FHW13038	147.625 	 32.456 	 69.145
FHW13038	147.750 	 32.485 	 68.039
FHW13038	147.875 	 32.456 	 69.145
FHW13038	148.000 	 32.704 	 69.146
FHW13038	148.125 	 32.338 	 68.839
FHW13038	148.250 	 32.460 	 69.146
FHW13038	148.375 	 32.841 	 68.356
FHW13038	148.500 	 32.341 	 68.838
FHW13038	148.625 	 32.457 	 69.146
FHW13038	148.750 	 32.341 	 68.838
FHW13038	148.875 	 32.457 	 69.146
FHW13038	149.000 	 32.844 	 68.355
FHW13038	149.125 	 32.338 	 68.839
FHW13038	149.250 	 32.460 	 69.145
FHW13038	149.375 	 32.700 	 69.145
FHW13038	149.500 	 32.342 	 68.839
FHW13038	149.625 	 32.595 	 68.355
FHW13038	149.750 	 32.704 	 69.145
FHW13038	149.875 	 32.095 	 68.839
FHW13038	150.000 	 32.704 	 69.145
FHW13038	150.125 	 32.704 	 69.145
FHW13038	150.250 	 32.238 	 68.040
FHW13038	150.375 	 32.704 	 69.145
FHW13038	150.500 	 32.700 	 69.145
FHW13038	150.625 	 32.095 	 68.839
FHW13038	150.750 	 32.704 	 69.145
FHW13038	150.875 	 32.596 	 68.356
FHW13038	151.000 	 32.341 	 68.838
FHW13038	151.125 	 32.705 	 69.146
FHW13038	151.250 	 32.456 	 69.145
FHW13038	151.375 	 32.342 	 68.839
FHW13038	151.500 	 32.700 	 69.145
FHW13038	151.625 	 32.241 	 68.039
FHW13038	151.750 	 32.700 	 69.145
FHW13038	151.875 	 32.460 	 69.146
FHW13038	152.000 	 32.338 	 68.839
FHW13038	152.125 	 32.704 	 69.146
FHW13038	152.250 	 32.595 	 68.355
FHW13038	152.375 	 32.342 	 68.839
FHW13038	152.500 	 32.704 	 69.145
FHW13038	152.625 	 32.456 	 69.146
FHW13038	152.750 	 32.338 	 68.839
FHW13038	152.875 	 32.599 	 68.355
FHW13038	153.000 	 32.700 	 69.146
FHW13038	153.125 	 32.342 	 68.839
FHW13038	153.250 	 32.456 	 69.145
FHW13038	153.375 	 32.704 	 69.146
FHW13038	153.500 	 32.485 	 68.039
FHW13038	153.625 	 32.456 	 69.145
FHW13038	153.750 	 32.705 	 69.146
FHW13038	153.875 	 32.095 	 68.838
FHW13038	154.000 	 32.705 	 69.146
FHW13038	154.125 	 32.840 	 68.356
FHW13038	154.250 	 32.095 	 68.839
FHW13038	154.375 	 32.704 	 69.145
FHW13038	154.500 	 32.342 	 68.839
FHW13038	154.625 	 32.456 	 69.145
FHW13038	154.750 	 32.844 	 68.355
FHW13038	154.875 	 32.095 	 68.839
FHW13038	155.000 	 32.704 	 69.145
FHW13038	155.125 	 32.700 	 69.145
FHW13038	155.250 	 32.099 	 68.839
FHW13038	155.375 	 32.840 	 68.355
FHW13038	155.500 	 32.704 	 69.145
FHW13038	155.625 	 35.304 	 68.051
FHW13038	155.750 	 36.265 	 68.629
FHW13038	155.875 	 36.676 	 67.913
FHW13038	156.000 	 36.397 	 67.913
FHW13038	156.125 	 36.333 	 67.620
FHW13038	156.250 	 36.400 	 67.912
FHW13038	156.375 	 36.401 	 67.913
FHW13038	156.500 	 36.535 	 68.629
FHW13038	156.625 	 36.401 	 67.913
FHW13038	156.750 	 36.329 	 67.620
FHW13038	156.875 	 36.401 	 67.913
FHW13038	157.000 	 36.675 	 67.912
FHW13038	157.125 	 36.261 	 68.629
FHW13038	157.250 	 36.676 	 67.913
FHW13038	157.375 	 36.401 	 67.913
FHW13038	157.500 	 36.060 	 67.620
FHW13038	157.625 	 36.671 	 67.912
FHW13038	157.750 	 36.265 	 68.629
FHW13038	157.875 	 36.672 	 67.913
FHW13038	158.000 	 36.401 	 67.913
FHW13038	158.125 	 36.329 	 67.620
FHW13038	158.250 	 36.401 	 67.913
FHW13038	158.375 	 36.675 	 67.912
FHW13038	158.500 	 36.265 	 68.629
FHW13038	158.625 	 36.397 	 67.913
FHW13038	158.750 	 36.676 	 67.913
FHW13038	158.875 	 36.060 	 67.620
FHW13038	159.000 	 36.671 	 67.912
FHW13038	159.125 	 36.265 	 68.629
FHW13038	159.250 	 36.672 	 67.913
FHW13038	159.375 	 36.401 	 67.913
FHW13038	159.500 	 36.333 	 67.620
FHW13038	159.625 	 36.401 	 67.913
FHW13038	159.750 	 36.260 	 68.629
FHW13038	159.875 	 36.676 	 67.913
FHW13038	160.000 	 36.401 	 67.913
FHW13038	160.125 	 36.672 	 67.913
FHW13038	160.250 	 36.060 	 67.620
FHW13038	160.375 	 36.672 	 67.913
FHW13038	160.500 	 36.264 	 68.629
FHW13038	160.625 	 36.676 	 67.913
FHW13038	160.750 	 36.397 	 67.913
FHW13038	160.875 	 36.401 	 67.913
FHW13038	161.000 	 36.333 	 67.620
FHW13038	161.125 	 36.264 	 68.629
FHW13038	161.250 	 36.672 	 67.913
FHW13038	161.375 	 36.401 	 67.913
FHW13038	161.500 	 36.672 	 67.913
FHW13038	161.625 	 36.060 	 67.620
FHW13038	161.750 	 36.535 	 68.629
FHW13038	161.875 	 36.400 	 67.912
FHW13038	162.000 	 36.676 	 67.913
FHW13038	162.125 	 36.401 	 67.913
FHW13038	162.250 	 36.397 	 67.912
FHW13038	162.375 	 36.333 	 67.620
FHW13038	162.500 	 36.264 	 68.629
FHW13038	162.625 	 36.672 	 67.913
FHW13038	162.750 	 36.401 	 67.913
FHW13038	162.875 	 36.672 	 67.912
FHW13038	163.000 	 36.060 	 67.620
FHW13038	163.125 	 36.539 	 68.630
FHW13038	163.250 	 36.400 	 67.912
FHW13038	163.375 	 36.397 	 67.912
FHW13038	163.500 	 36.676 	 67.913
FHW13038	163.625 	 36.401 	 67.913
FHW13038	163.750 	 36.189 	 68.345
FHW13038	163.875 	 36.400 	 67.912
FHW13038	164.000 	 36.672 	 67.912
FHW13038	164.125 	 36.401 	 67.913
FHW13038	164.250 	 36.676 	 67.913
FHW13038	164.375 	 36.397 	 67.913
FHW13038	164.500 	 35.920 	 68.344
FHW13038	164.625 	 36.675 	 67.912
FHW13038	164.750 	 36.401 	 67.913
FHW13038	164.875 	 36.672 	 67.913
FHW13038	165.000 	 36.401 	 67.913
FHW13038	165.125 	 36.189 	 68.344
FHW13038	165.250 	 36.400 	 67.912
FHW13038	165.375 	 39.331 	 68.601
FHW13038	165.500 	 39.624 	 68.600
FHW13038	165.625 	 39.203 	 69.274
FHW13038	165.750 	 39.620 	 68.600
FHW13038	165.875 	 39.330 	 68.600
FHW13038	166.000 	 39.330 	 68.600
FHW13038	166.125 	 39.624 	 68.600
FHW13038	166.250 	 39.203 	 69.274
FHW13038	166.375 	 39.619 	 68.600
FHW13038	166.500 	 39.331 	 68.600
FHW13038	166.625 	 39.293 	 68.334
FHW13038	166.750 	 39.203 	 69.274
FHW13038	166.875 	 39.619 	 68.600
FHW13038	167.000 	 39.331 	 68.600
FHW13038	167.125 	 39.330 	 68.600
FHW13038	167.250 	 39.624 	 68.600
FHW13038	167.375 	 39.204 	 69.275
FHW13038	167.500 	 39.624 	 68.600
FHW13038	167.625 	 39.330 	 68.600
FHW13038	167.750 	 39.619 	 68.600
FHW13038	167.875 	 39.204 	 69.274
FHW13038	168.000 	 39.624 	 68.600
FHW13038	168.125 	 39.330 	 68.600
FHW13038	168.250 	 39.331 	 68.600
FHW13038	168.375 	 39.619 	 68.600
FHW13038	168.500 	 39.203 	 69.274
FHW13038	168.625 	 39.624 	 68.601
FHW13038	168.750 	 39.330 	 68.600
FHW13038	168.875 	 39.619 	 68.600
FHW13038	169.000 	 39.204 	 69.275
FHW13038	169.125 	 39.623 	 68.600
FHW13038	169.250 	 39.331 	 68.600
FHW13038	169.375 	 39.620 	 68.600
FHW13038	169.500 	 39.330 	 68.599
FHW13038	169.625 	 39.204 	 69.275
FHW13038	169.750 	 39.624 	 68.601
FHW13038	169.875 	 39.330 	 68.599
FHW13038	170.000 	 39.624 	 68.600
FHW13038	170.125 	 38.871 	 69.016
FHW13038	170.250 	 39.619 	 68.599
FHW13038	170.375 	 39.331 	 68.601
FHW13038	170.500 	 39.624 	 68.600
FHW13038	170.625 	 39.330 	 68.599
FHW13038	170.750 	 39.204 	 69.275
FHW13038	170.875 	 39.619 	 68.599
FHW13038	171.000 	 39.331 	 68.601
FHW13038	171.125 	 39.624 	 68.600
FHW13038	171.250 	 39.202 	 69.274
FHW13038	171.375 	 39.620 	 68.600
FHW13038	171.500 	 39.331 	 68.600
FHW13038	171.625 	 39.623 	 68.600
FHW13038	171.750 	 39.331 	 68.600
FHW13038	171.875 	 39.204 	 69.275
FHW13038	172.000 	 39.619 	 68.599
FHW13038	172.125 	 39.331 	 68.600
FHW13038	172.250 	 39.624 	 68.601
FHW13038	172.375 	 39.202 	 69.274
FHW13038	172.500 	 39.624 	 68.600
FHW13038	172.625 	 39.331 	 68.600
FHW13038	172.750 	 39.618 	 68.600
FHW13038	172.875 	 39.331 	 68.600
FHW13038	173.000 	 39.204 	 69.275
FHW13038	173.125 	 39.623 	 68.599
FHW13038	173.250 	 39.331 	 68.600
FHW13038	173.375 	 39.620 	 68.601
FHW13038	173.500 	 39.202 	 69.273
FHW13038	173.625 	 39.293 	 68.335
FHW13038	173.750 	 39.330 	 68.599
FHW13038	173.875 	 39.620 	 68.600
FHW13038	174.000 	 39.331 	 68.601
FHW13038	174.125 	 39.202 	 69.274
FHW13038	174.250 	 39.624 	 68.600
FHW13038	174.375 	 39.620 	 68.600
FHW13038	174.500 	 43.003 	 68.818
FHW13038	174.625 	 42.570 	 69.207
FHW13038	174.750 	 43.312 	 68.818
FHW13038	174.875 	 42.691 	 68.574
FHW13038	175.000 	 42.880 	 69.207
FHW13038	175.125 	 43.003 	 68.818
FHW13038	175.250 	 42.880 	 69.207
FHW13038	175.375 	 42.686 	 68.574
FHW13038	175.500 	 43.318 	 68.819
FHW13038	175.625 	 42.565 	 69.206
FHW13038	175.750 	 43.318 	 68.819
FHW13038	175.875 	 42.686 	 68.574
FHW13038	176.000 	 42.569 	 69.206
FHW13038	176.125 	 43.314 	 68.819
FHW13038	176.250 	 42.569 	 69.206
FHW13038	176.375 	 43.002 	 68.575
FHW13038	176.500 	 43.003 	 68.818
FHW13038	176.625 	 42.879 	 69.206
FHW13038	176.750 	 43.004 	 68.819
FHW13038	176.875 	 43.000 	 68.574
FHW13038	177.000 	 42.570 	 69.207
FHW13038	177.125 	 42.998 	 68.818
FHW13038	177.250 	 42.885 	 69.207
FHW13038	177.375 	 42.686 	 68.574
FHW13038	177.500 	 43.314 	 68.819
FHW13038	177.625 	 42.569 	 69.206
FHW13038	177.750 	 43.000 	 68.574
FHW13038	177.875 	 43.004 	 68.819
FHW13038	178.000 	 42.879 	 69.206
FHW13038	178.125 	 43.004 	 68.819
FHW13038	178.250 	 42.879 	 69.206
FHW13038	178.375 	 42.691 	 68.574
FHW13038	178.500 	 43.004 	 68.819
FHW13038	178.625 	 42.879 	 69.206
FHW13038	178.750 	 42.692 	 68.575
FHW13038	178.875 	 43.312 	 68.818
FHW13038	179.000 	 42.566 	 69.207
FHW13038	179.125 	 43.317 	 68.818
FHW13038	179.250 	 42.566 	 69.206
FHW13038	179.375 	 43.005 	 68.575
FHW13038	179.500 	 42.998 	 68.818
FHW13038	179.625 	 42.880 	 69.206
FHW13038	179.750 	 42.691 	 68.575
FHW13038	179.875 	 43.004 	 68.819
FHW13038	180.000 	 42.879 	 69.205
FHW13038	180.125 	 42.691 	 68.575
FHW13038	180.250 	 43.195 	 69.444
FHW13038	180.375 	 42.691 	 68.574
FHW13038	180.500 	 43.313 	 68.820
FHW13038	180.625 	 42.569 	 69.205
FHW13038	180.750 	 43.002 	 68.575
FHW13038	180.875 	 42.998 	 68.819
FHW13038	181.000 	 42.571 	 69.206
FHW13038	181.125 	 43.000 	 68.574
FHW13038	181.250 	 42.884 	 69.444
FHW13038	181.375 	 43.002 	 68.575
FHW13038	181.500 	 43.003 	 68.818
FHW13038	181.625 	 42.880 	 69.207
FHW13038	181.750 	 42.691 	 68.574
FHW13038	181.875 	 43.314 	 68.819
FHW13038	182.000 	 42.569 	 69.206
FHW13038	182.125 	 43.000 	 68.574
FHW13038	182.250 	 42.885 	 69.445
FHW13038	182.375 	 42.686 	 68.574
FHW13038	182.500 	 43.006 	 68.575
FHW13038	182.625 	 42.879 	 69.444
FHW13038	182.750 	 43.005 	 68.574
FHW13038	182.875 	 42.999 	 68.819
FHW13038	183.000 	 42.879 	 69.206
FHW13038	183.125 	 42.692 	 68.575
FHW13038	183.250 	 43.193 	 69.444
FHW13038	183.375 	 42.692 	 68.575
FHW13038	183.500 	 44.681 	 68.682
FHW13038	183.625 	 47.194 	 69.590
FHW13038	183.750 	 47.007 	 68.782
FHW13038	183.875 	 47.303 	 69.007
FHW13038	184.000 	 46.896 	 69.371
FHW13038	184.125 	 47.303 	 69.007
FHW13038	184.250 	 47.297 	 69.007
FHW13038	184.375 	 47.236 	 69.370
FHW13038	184.500 	 47.297 	 69.007
FHW13038	184.625 	 47.303 	 69.007
FHW13038	184.750 	 47.008 	 68.783
FHW13038	184.875 	 47.193 	 69.590
FHW13038	185.000 	 47.007 	 68.782
FHW13038	185.125 	 47.304 	 69.008
FHW13038	185.250 	 47.188 	 69.589
FHW13038	185.375 	 47.012 	 68.782
FHW13038	185.500 	 47.299 	 69.008
FHW13038	185.625 	 47.297 	 69.007
FHW13038	185.750 	 46.900 	 69.370
FHW13038	185.875 	 47.299 	 69.008
FHW13038	186.000 	 47.303 	 69.007
FHW13038	186.125 	 46.895 	 69.370
FHW13038	186.250 	 47.304 	 69.008
FHW13038	186.375 	 47.347 	 68.782
FHW13038	186.500 	 47.297 	 69.007
FHW13038	186.625 	 47.189 	 69.591
FHW13038	186.750 	 47.012 	 68.782
FHW13038	186.875 	 47.297 	 69.007
FHW13038	187.000 	 47.194 	 69.591
FHW13038	187.125 	 47.007 	 68.782
FHW13038	187.250 	 47.303 	 69.007
FHW13038	187.375 	 46.896 	 69.370
FHW13038	187.500 	 47.303 	 69.007
FHW13038	187.625 	 47.297 	 69.007
FHW13038	187.750 	 47.008 	 68.783
FHW13038	187.875 	 47.193 	 69.590
FHW13038	188.000 	 47.297 	 69.007
FHW13038	188.125 	 47.013 	 68.783
FHW13038	188.250 	 47.188 	 69.589
FHW13038	188.375 	 47.012 	 68.782
FHW13038	188.500 	 47.639 	 69.008
FHW13038	188.625 	 47.297 	 69.007
FHW13038	188.750 	 46.895 	 69.370
FHW13038	188.875 	 47.304 	 69.008
FHW13038	189.000 	 47.297 	 69.007
FHW13038	189.125 	 46.900 	 69.370
FHW13038	189.250 	 47.299 	 69.008
FHW13038	189.375 	 47.012 	 68.782
FHW13038	189.500 	 47.188 	 69.590
FHW13038	189.625 	 47.304 	 69.008
FHW13038	189.750 	 47.007 	 68.782
FHW13038	189.875 	 47.297 	 69.007
FHW13038	190.000 	 47.194 	 69.590
FHW13038	190.125 	 47.007 	 68.782
FHW13038	190.250 	 47.303 	 69.007
FHW13038	190.375 	 47.189 	 69.591
FHW13038	190.500 	 47.347 	 68.782
FHW13038	190.625 	 47.303 	 69.007
FHW13038	190.750 	 47.008 	 68.783
FHW13038	190.875 	 47.188 	 69.590
FHW13038	191.000 	 47.303 	 69.007
FHW13038	191.125 	 47.008 	 68.782
FHW13038	191.250 	 47.193 	 69.590
FHW13038	191.375 	 47.297 	 69.007
FHW13038	191.500 	 47.013 	 68.783
FHW13038	191.625 	 47.188 	 69.590
FHW13038	191.750 	 47.012 	 68.782
FHW13038	191.875 	 47.299 	 69.008
FHW13038	192.000 	 47.297 	 69.007
FHW13038	192.125 	 46.900 	 69.370
FHW13038	192.250 	 47.299 	 69.008
FHW13038	192.375 	 47.303 	 69.007
FHW13038	192.500 	 49.702 	 68.875
FHW13038	192.625 	 51.505 	 69.717
FHW13038	192.750 	 51.339 	 68.962
FHW13038	192.875 	 51.605 	 69.171
FHW13038	193.000 	 51.344 	 68.962
FHW13038	193.125 	 51.962 	 69.172
FHW13038	193.250 	 51.344 	 68.962
FHW13038	193.375 	 51.237 	 69.513
FHW13038	193.500 	 51.605 	 69.171
FHW13038	193.625 	 51.701 	 68.962
FHW13038	193.750 	 51.605 	 69.171
FHW13038	193.875 	 51.340 	 68.963
FHW13038	194.000 	 51.605 	 69.171
FHW13038	194.125 	 51.600 	 69.513
FHW13038	194.250 	 51.339 	 68.962
FHW13038	194.375 	 51.605 	 69.171
FHW13038	194.500 	 51.344 	 68.962
FHW13038	194.625 	 51.962 	 69.172
FHW13038	194.750 	 51.237 	 69.513
FHW13038	194.875 	 51.610 	 69.171
FHW13038	195.000 	 51.339 	 68.962
FHW13038	195.125 	 51.967 	 69.171
FHW13038	195.250 	 51.339 	 68.962
FHW13038	195.375 	 51.339 	 68.962
FHW13038	195.500 	 51.506 	 69.718
FHW13038	195.625 	 51.701 	 68.962
FHW13038	195.750 	 51.605 	 69.171
FHW13038	195.875 	 51.339 	 68.962
FHW13038	196.000 	 51.605 	 69.170
FHW13038	196.125 	 51.601 	 69.515
FHW13038	196.250 	 51.339 	 68.962
FHW13038	196.375 	 51.610 	 69.171
FHW13038	196.500 	 51.339 	 68.961
FHW13038	196.625 	 51.961 	 69.171
FHW13038	196.750 	 51.344 	 68.962
FHW13038	196.875 	 51.506 	 69.718
FHW13038	197.000 	 51.339 	 68.962
FHW13038	197.125 	 51.701 	 68.962
FHW13038	197.250 	 51.605 	 69.171
FHW13038	197.375 	 51.339 	 68.962
FHW13038	197.500 	 51.605 	 69.171
FHW13038	197.625 	 51.601 	 69.513
FHW13038	197.750 	 51.605 	 69.171
FHW13038	197.875 	 51.339 	 68.962
FHW13038	198.000 	 51.344 	 68.962
FHW13038	198.125 	 51.961 	 69.171
FHW13038	198.250 	 51.242 	 69.513
FHW13038	198.375 	 51.606 	 69.172
FHW13038	198.500 	 51.339 	 68.962
FHW13038	198.625 	 51.967 	 69.171
FHW13038	198.750 	 51.339 	 68.962
FHW13038	198.875 	 51.339 	 68.962
FHW13038	199.000 	 51.505 	 69.717
FHW13038	199.125 	 51.339 	 68.962
FHW13038	199.250 	 51.968 	 69.172
FHW13038	199.375 	 51.339 	 68.962
FHW13038	199.500 	 51.610 	 69.171
FHW13038	199.625 	 51.339 	 68.962
FHW13038	199.750 	 51.600 	 69.513
FHW13038	199.875 	 51.606 	 69.172
FHW13038	200.000 	 51.339 	 68.962
FHW13038	200.125 	 51.605 	 69.171
FHW13038	200.250 	 51.702 	 68.961
FHW13038	200.375 	 51.505 	 69.718
FHW13038	200.500 	 51.339 	 68.962
FHW13038	200.625 	 51.606 	 69.172
FHW13038	200.750 	 51.702 	 68.961
FHW13038	200.875 	 51.339 	 68.962
FHW13038	201.000 	 51.610 	 69.171
FHW13038	201.125 	 51.237 	 69.514
FHW13038	201.250 	 52.688 	 68.839
FHW13038	201.375 	 54.671 	 69.246
FHW13038	201.500 	 54.925 	 69.443
FHW13038	201.625 	 54.672 	 69.247
FHW13038	201.750 	 55.018 	 68.922
FHW13038	201.875 	 54.671 	 69.246
FHW13038	202.000 	 54.919 	 69.444
FHW13038	202.125 	 54.678 	 69.246
FHW13038	202.250 	 55.013 	 68.923
FHW13038	202.375 	 54.677 	 69.245
FHW13038	202.500 	 54.919 	 69.444
FHW13038	202.625 	 54.767 	 68.720
FHW13038	202.750 	 54.925 	 69.444
FHW13038	202.875 	 54.671 	 69.245
FHW13038	203.000 	 54.925 	 69.444
FHW13038	203.125 	 54.767 	 68.720
FHW13038	203.250 	 54.919 	 69.444
FHW13038	203.375 	 54.924 	 69.444
FHW13038	203.500 	 54.672 	 69.246
FHW13038	203.625 	 55.018 	 68.923
FHW13038	203.750 	 54.672 	 69.246
FHW13038	203.875 	 54.924 	 69.444
FHW13038	204.000 	 54.672 	 69.247
FHW13038	204.125 	 55.013 	 68.922
FHW13038	204.250 	 54.678 	 69.247
FHW13038	204.375 	 54.919 	 69.443
FHW13038	204.500 	 54.678 	 69.247
FHW13038	204.625 	 55.013 	 68.922
FHW13038	204.750 	 54.672 	 69.247
FHW13038	204.875 	 54.924 	 69.443
FHW13038	205.000 	 54.767 	 68.721
FHW13038	205.125 	 54.925 	 69.443
FHW13038	205.250 	 54.672 	 69.247
FHW13038	205.375 	 54.919 	 69.444
FHW13038	205.500 	 54.773 	 68.720
FHW13038	205.625 	 54.919 	 69.444
FHW13038	205.750 	 54.678 	 69.246
FHW13038	205.875 	 54.919 	 69.444
FHW13038	206.000 	 54.767 	 68.720
FHW13038	206.125 	 54.925 	 69.444
FHW13038	206.250 	 54.672 	 69.247
FHW13038	206.375 	 54.924 	 69.443
FHW13038	206.500 	 55.013 	 68.923
FHW13038	206.625 	 54.678 	 69.246
FHW13038	206.750 	 54.919 	 69.444
FHW13038	206.875 	 54.767 	 68.720
FHW13038	207.000 	 54.925 	 69.444
FHW13038	207.125 	 54.672 	 69.246
FHW13038	207.250 	 54.925 	 69.444
FHW13038	207.375 	 54.767 	 68.720
FHW13038	207.500 	 54.919 	 69.444
FHW13038	207.625 	 54.678 	 69.247
FHW13038	207.750 	 54.920 	 69.443
FHW13038	207.875 	 54.772 	 68.721
FHW13038	208.000 	 54.920 	 69.443
FHW13038	208.125 	 54.672 	 69.247
FHW13038	208.250 	 54.925 	 69.443
FHW13038	208.375 	 54.766 	 68.721
FHW13038	208.500 	 54.925 	 69.443
FHW13038	208.625 	 54.672 	 69.247
FHW13038	208.750 	 55.013 	 68.922
FHW13038	208.875 	 54.677 	 69.246
FHW13038	209.000 	 54.919 	 69.444
FHW13038	209.125 	 54.678 	 69.246
FHW13038	209.250 	 55.013 	 68.923
FHW13038	209.375 	 54.672 	 69.246
FHW13038	209.500 	 54.924 	 69.444
FHW13038	209.625 	 54.672 	 69.247
FHW13038	209.750 	 55.018 	 68.922
FHW13038	209.875 	 54.919 	 69.444
FHW13038	210.000 	 54.677 	 69.245
FHW13038	210.125 	 57.485 	 68.806
FHW13038	210.250 	 58.099 	 69.002
FHW13038	210.375 	 57.627 	 69.508
FHW13038	210.500 	 57.714 	 69.001
FHW13038	210.625 	 57.485 	 68.806
FHW13038	210.750 	 58.105 	 69.002
FHW13038	210.875 	 57.714 	 69.001
FHW13038	211.000 	 57.396 	 69.315
FHW13038	211.125 	 57.714 	 69.001
FHW13038	211.250 	 58.104 	 69.001
FHW13038	211.375 	 57.486 	 68.807
FHW13038	211.500 	 57.627 	 69.508
FHW13038	211.625 	 57.714 	 69.001
FHW13038	211.750 	 57.877 	 68.806
FHW13038	211.875 	 57.714 	 69.001
FHW13038	212.000 	 57.715 	 69.002
FHW13038	212.125 	 58.018 	 69.507
FHW13038	212.250 	 57.485 	 68.806
FHW13038	212.375 	 57.714 	 69.001
FHW13038	212.500 	 57.715 	 69.002
FHW13038	212.625 	 57.877 	 68.807
FHW13038	212.750 	 57.627 	 69.507
FHW13038	212.875 	 57.714 	 69.001
FHW13038	213.000 	 57.485 	 68.806
FHW13038	213.125 	 58.099 	 69.002
FHW13038	213.250 	 57.633 	 69.507
FHW13038	213.375 	 57.485 	 68.806
FHW13038	213.500 	 58.098 	 69.001
FHW13038	213.625 	 57.713 	 69.002
FHW13038	213.750 	 57.715 	 69.002
FHW13038	213.875 	 57.402 	 69.315
FHW13038	214.000 	 58.098 	 69.001
FHW13038	214.125 	 57.714 	 69.001
FHW13038	214.250 	 57.485 	 68.806
FHW13038	214.375 	 57.715 	 69.002
FHW13038	214.500 	 58.018 	 69.508
FHW13038	214.625 	 57.485 	 68.806
FHW13038	214.750 	 57.714 	 69.001
FHW13038	214.875 	 58.104 	 69.001
FHW13038	215.000 	 57.396 	 69.315
FHW13038	215.125 	 57.714 	 69.001
FHW13038	215.250 	 57.715 	 69.003
FHW13038	215.375 	 58.104 	 69.001
FHW13038	215.500 	 57.485 	 68.806
FHW13038	215.625 	 57.627 	 69.508
FHW13038	215.750 	 57.714 	 69.001
FHW13038	215.875 	 57.877 	 68.806
FHW13038	216.000 	 57.714 	 69.001
FHW13038	216.125 	 57.714 	 69.001
FHW13038	216.250 	 57.783 	 69.315
FHW13038	216.375 	 57.721 	 69.003
FHW13038	216.500 	 57.714 	 69.001
FHW13038	216.625 	 57.485 	 68.806
FHW13038	216.750 	 58.012 	 69.508
FHW13038	216.875 	 57.714 	 69.001
FHW13038	217.000 	 57.714 	 69.001
FHW13038	217.125 	 57.491 	 68.806
FHW13038	217.250 	 58.098 	 69.001
FHW13038	217.375 	 57.627 	 69.507
FHW13038	217.500 	 57.485 	 68.806
FHW13038	217.625 	 57.715 	 69.003
FHW13038	217.750 	 58.104 	 69.001
FHW13038	217.875 	 57.485 	 68.806
FHW13038	218.000 	 57.627 	 69.508
FHW13038	218.125 	 58.104 	 69.001
FHW13038	218.250 	 57.485 	 68.806
FHW13038	218.375 	 57.714 	 69.001
FHW13038	218.500 	 57.627 	 69.507
FHW13038	218.625 	 58.104 	 69.001
FHW13038	218.750 	 57.486 	 68.807
FHW13038	218.875 	 57.714 	 69.001
FHW13038	219.000 	 57.713 	 69.002
FHW13038	219.125 	 57.789 	 69.315
FHW13038	219.250 	 57.714 	 69.001
FHW13038	219.375 	 57.714 	 69.001
FHW13038	219.500 	 57.871 	 68.806
FHW13038	219.625 	 57.720 	 69.001
FHW13038	219.750 	 57.627 	 69.507
FHW13038	219.875 	 57.485 	 68.807
FHW13038	220.000 	 58.100 	 69.003
FHW13038	220.125 	 57.714 	 69.001
FHW13038	220.250 	 57.633 	 69.507
FHW13038	220.375 	 57.485 	 68.806
FHW13038	220.500 	 58.098 	 69.001
FHW13038	220.625 	 57.714 	 69.001
FHW13038	220.750 	 57.485 	 68.806
FHW13038	220.875 	 59.811 	 68.888
FHW13038	221.000 	 61.288 	 68.586
FHW13038	221.125 	 61.701 	 68.587
FHW13038	221.250 	 61.377 	 68.103
FHW13038	221.375 	 61.294 	 68.587
FHW13038	221.500 	 61.288 	 68.586
FHW13038	221.625 	 61.702 	 68.588
FHW13038	221.750 	 61.375 	 68.101
FHW13038	221.875 	 61.492 	 68.775
FHW13038	222.000 	 61.295 	 68.588
FHW13038	222.125 	 61.781 	 68.101
FHW13038	222.250 	 61.288 	 68.586
FHW13038	222.375 	 61.295 	 68.588
FHW13038	222.500 	 61.375 	 68.101
FHW13038	222.625 	 61.701 	 68.587
FHW13038	222.750 	 61.289 	 68.588
FHW13038	222.875 	 61.294 	 68.586
FHW13038	223.000 	 61.375 	 68.102
FHW13038	223.125 	 61.696 	 68.588
FHW13038	223.250 	 61.498 	 68.776
FHW13038	223.375 	 61.377 	 68.103
FHW13038	223.500 	 61.294 	 68.586
FHW13038	223.625 	 61.294 	 68.587
FHW13038	223.750 	 61.776 	 68.103
FHW13038	223.875 	 61.294 	 68.586
FHW13038	224.000 	 61.294 	 68.587
FHW13038	224.125 	 61.296 	 68.588
FHW13038	224.250 	 61.775 	 68.102
FHW13038	224.375 	 61.294 	 68.586
FHW13038	224.500 	 61.499 	 68.778
FHW13038	224.625 	 61.375 	 68.101
FHW13038	224.750 	 61.695 	 68.586
FHW13038	224.875 	 61.295 	 68.588
FHW13038	225.000 	 61.375 	 68.101
FHW13038	225.125 	 61.288 	 68.586
FHW13038	225.250 	 61.702 	 68.588
FHW13038	225.375 	 61.294 	 68.586
FHW13038	225.500 	 61.375 	 68.102
FHW13038	225.625 	 61.289 	 68.588
FHW13038	225.750 	 61.701 	 68.587
FHW13038	225.875 	 61.579 	 68.295
FHW13038	226.000 	 61.288 	 68.586
FHW13038	226.125 	 61.294 	 68.587
FHW13038	226.250 	 61.783 	 68.103
FHW13038	226.375 	 61.294 	 68.586
FHW13038	226.500 	 61.288 	 68.587
FHW13038	226.625 	 61.296 	 68.588
FHW13038	226.750 	 61.781 	 68.101
FHW13038	226.875 	 61.288 	 68.587
FHW13038	227.000 	 61.296 	 68.588
FHW13038	227.125 	 61.375 	 68.102
FHW13038	227.250 	 61.897 	 68.775
FHW13038	227.375 	 61.295 	 68.588
FHW13038	227.500 	 61.375 	 68.101
FHW13038	227.625 	 61.294 	 68.586
FHW13038	227.750 	 61.696 	 68.588
FHW13038	227.875 	 61.294 	 68.586
FHW13038	228.000 	 61.375 	 68.101
FHW13038	228.125 	 61.295 	 68.588
FHW13038	228.250 	 61.294 	 68.586
FHW13038	228.375 	 61.776 	 68.104
FHW13038	228.500 	 61.498 	 68.775
FHW13038	228.625 	 61.294 	 68.587
FHW13038	228.750 	 61.377 	 68.103
FHW13038	228.875 	 61.695 	 68.586
FHW13038	229.000 	 61.294 	 68.587
FHW13038	229.125 	 61.296 	 68.588
FHW13038	229.250 	 61.375 	 68.101
FHW13038	229.375 	 61.694 	 68.587
FHW13038	229.500 	 61.296 	 68.588
FHW13038	229.625 	 61.375 	 68.102
FHW13038	229.750 	 61.288 	 68.586
FHW13038	229.875 	 61.904 	 68.777
FHW13038	230.000 	 63.874 	 68.008
FHW13038	230.125 	 65.973 	 67.920
FHW13038	230.250 	 65.798 	 67.729
FHW13038	230.375 	 65.967 	 67.920
FHW13038	230.500 	 65.973 	 67.920
FHW13038	230.625 	 65.798 	 67.728
FHW13038	230.750 	 65.967 	 67.920
FHW13038	230.875 	 65.973 	 67.920
FHW13038	231.000 	 65.727 	 68.198
FHW13038	231.125 	 65.967 	 67.920
FHW13038	231.250 	 65.972 	 67.919
FHW13038	231.375 	 65.800 	 67.730
FHW13038	231.500 	 65.967 	 67.920
FHW13038	231.625 	 65.972 	 67.919
FHW13038	231.750 	 65.800 	 67.730
FHW13038	231.875 	 65.552 	 67.919
FHW13038	232.000 	 65.967 	 67.920
FHW13038	232.125 	 65.800 	 67.730
FHW13038	232.250 	 65.972 	 67.919
FHW13038	232.375 	 65.897 	 68.386
FHW13038	232.500 	 65.798 	 67.728
FHW13038	232.625 	 65.973 	 67.920
FHW13038	232.750 	 65.967 	 67.920
FHW13038	232.875 	 65.798 	 67.728
FHW13038	233.000 	 65.973 	 67.920
FHW13038	233.125 	 65.966 	 67.918
FHW13038	233.250 	 65.800 	 67.731
FHW13038	233.375 	 65.973 	 67.920
FHW13038	233.500 	 65.966 	 67.918
FHW13038	233.625 	 65.800 	 67.731
FHW13038	233.750 	 65.483 	 68.386
FHW13038	233.875 	 65.972 	 67.918
FHW13038	234.000 	 65.967 	 67.920
FHW13038	234.125 	 65.798 	 67.729
FHW13038	234.250 	 65.973 	 67.920
FHW13038	234.375 	 65.967 	 67.920
FHW13038	234.500 	 65.798 	 67.728
FHW13038	234.625 	 65.973 	 67.920
FHW13038	234.750 	 65.965 	 67.919
FHW13038	234.875 	 65.800 	 67.730
FHW13038	235.000 	 65.973 	 67.920
FHW13038	235.125 	 65.896 	 68.384
FHW13038	235.250 	 65.800 	 67.730
FHW13038	235.375 	 65.972 	 67.919
FHW13038	235.500 	 65.967 	 67.920
FHW13038	235.625 	 65.384 	 67.730
FHW13038	235.750 	 65.965 	 67.919
FHW13038	235.875 	 65.973 	 67.920
FHW13038	236.000 	 65.798 	 67.729
FHW13038	236.125 	 65.967 	 67.920
FHW13038	236.250 	 65.973 	 67.920
FHW13038	236.375 	 65.798 	 67.729
FHW13038	236.500 	 65.897 	 68.386
FHW13038	236.625 	 65.973 	 67.920
FHW13038	236.750 	 65.798 	 67.729
FHW13038	236.875 	 65.967 	 67.920
FHW13038	237.000 	 65.972 	 67.918
FHW13038	237.125 	 65.800 	 67.731
FHW13038	237.250 	 65.967 	 67.920
FHW13038	237.375 	 65.972 	 67.918
FHW13038	237.500 	 65.378 	 67.731
FHW13038	237.625 	 65.972 	 67.918
FHW13038	237.750 	 65.967 	 67.920
FHW13038	237.875 	 65.729 	 68.199
FHW13038	238.000 	 65.972 	 67.919
FHW13038	238.125 	 65.967 	 67.920
FHW13038	238.250 	 65.798 	 67.729
FHW13038	238.375 	 65.973 	 67.920
FHW13038	238.500 	 65.967 	 67.920
FHW13038	238.625 	 65.798 	 67.729
FHW13038	238.750 	 65.973 	 67.920
FHW13038	238.875 	 65.965 	 67.919
FHW13038	239.000 	 65.800 	 67.730
FHW13038	239.125 	 69.907 	 68.018
FHW13038	239.250 	 69.966 	 67.567
FHW13038	239.375 	 69.821 	 67.380
FHW13038	239.500 	 70.392 	 67.566
FHW13038	239.625 	 69.821 	 67.380
FHW13038	239.750 	 69.907 	 68.017
FHW13038	239.875 	 69.821 	 67.380
FHW13038	240.000 	 70.400 	 67.567
FHW13038	240.125 	 69.820 	 67.379
FHW13038	240.250 	 69.966 	 67.567
FHW13038	240.375 	 69.907 	 68.018
FHW13038	240.500 	 69.815 	 67.380
FHW13038	240.625 	 70.400 	 67.567
FHW13038	240.750 	 69.820 	 67.379
FHW13038	240.875 	 69.966 	 67.567
FHW13038	241.000 	 69.761 	 67.834
FHW13038	241.125 	 70.393 	 67.567
FHW13038	241.250 	 69.821 	 67.380
FHW13038	241.375 	 69.966 	 67.567
FHW13038	241.500 	 69.965 	 67.566
FHW13038	241.625 	 70.197 	 67.835
FHW13038	241.750 	 69.966 	 67.567
FHW13038	241.875 	 69.821 	 67.380
FHW13038	242.000 	 69.960 	 67.567
FHW13038	242.125 	 70.256 	 67.379
FHW13038	242.250 	 69.907 	 68.017
FHW13038	242.375 	 69.821 	 67.380
FHW13038	242.500 	 69.966 	 67.567
FHW13038	242.625 	 69.966 	 67.567
FHW13038	242.750 	 70.250 	 67.380
FHW13038	242.875 	 69.906 	 68.017
FHW13038	243.000 	 69.821 	 67.380
FHW13038	243.125 	 69.966 	 67.567
FHW13038	243.250 	 70.257 	 67.380
FHW13038	243.375 	 69.966 	 67.567
FHW13038	243.500 	 69.759 	 67.832
FHW13038	243.625 	 69.960 	 67.567
FHW13038	243.750 	 70.399 	 67.568
FHW13038	243.875 	 69.821 	 67.380
FHW13038	244.000 	 69.966 	 67.568
FHW13038	244.125 	 69.761 	 67.833
FHW13038	244.250 	 69.965 	 67.567
FHW13038	244.375 	 70.250 	 67.380
FHW13038	244.500 	 69.966 	 67.568
FHW13038	244.625 	 69.821 	 67.380
FHW13038	244.750 	 69.907 	 68.018
FHW13038	244.875 	 70.398 	 67.567
FHW13038	245.000 	 69.821 	 67.380
FHW13038	245.125 	 69.966 	 67.568
FHW13038	245.250 	 69.815 	 67.380
FHW13038	245.375 	 70.341 	 68.018
FHW13038	245.500 	 69.820 	 67.378
FHW13038	245.625 	 69.966 	 67.568
FHW13038	245.750 	 69.821 	 67.380
FHW13038	245.875 	 70.393 	 67.568
FHW13038	246.000 	 69.907 	 68.018
FHW13038	246.125 	 69.821 	 67.380
FHW13038	246.250 	 69.965 	 67.567
FHW13038	246.375 	 69.821 	 67.380
FHW13038	246.500 	 70.399 	 67.568
FHW13038	246.625 	 69.761 	 67.833
FHW13038	246.750 	 69.960 	 67.568
FHW13038	246.875 	 69.820 	 67.378
FHW13038	247.000 	 70.399 	 67.568
FHW13038	247.125 	 71.832 	 67.750
FHW13038	247.250 	 71.887 	 67.307
FHW13038	247.375 	 71.755 	 67.119
FHW13038	247.500 	 72.272 	 67.752
FHW13038	247.625 	 71.887 	 67.306
FHW13038	247.750 	 71.699 	 67.568
FHW13038	247.875 	 71.887 	 67.306
FHW13038	248.000 	 72.325 	 67.306
FHW13038	248.125 	 74.201 	 67.491
FHW13038	248.250 	 74.194 	 67.488
FHW13038	248.375 	 74.250 	 67.051
FHW13038	248.500 	 73.758 	 67.491
FHW13038	248.625 	 74.250 	 67.051
FHW13038	248.750 	 74.086 	 67.306
FHW13038	248.875 	 74.250 	 67.052
FHW13038	249.000 	 74.195 	 67.490
FHW13038	249.125 	 74.250 	 67.051
FHW13038	249.250 	 73.758 	 67.491
FHW13038	249.375 	 74.202 	 67.490
FHW13038	249.500 	 74.250 	 67.051
FHW13038	249.625 	 74.202 	 67.490
FHW13038	249.750 	 74.135 	 66.866
FHW13038	249.875 	 73.758 	 67.490
FHW13038	250.000 	 74.250 	 67.051
FHW13038	250.125 	 74.195 	 67.491
FHW13038	250.250 	 74.202 	 67.490
FHW13038	250.375 	 74.250 	 67.051
FHW13038	250.500 	 73.758 	 67.491
FHW13038	250.625 	 74.250 	 67.051
FHW13038	250.750 	 74.086 	 67.306
FHW13038	250.875 	 74.243 	 67.052
FHW13038	251.000 	 74.202 	 67.490
FHW13038	251.125 	 74.250 	 67.051
FHW13038	251.250 	 73.758 	 67.491
FHW13038	251.375 	 74.202 	 67.490
FHW13038	251.500 	 74.250 	 67.051
FHW13038	251.625 	 74.202 	 67.490
FHW13038	251.750 	 74.128 	 66.866
FHW13038	251.875 	 73.765 	 67.490
FHW13038	252.000 	 74.243 	 67.051
FHW13038	252.125 	 74.201 	 67.491
FHW13038	252.250 	 74.202 	 67.490
FHW13038	252.375 	 74.250 	 67.051
FHW13038	252.500 	 74.195 	 67.491
FHW13038	252.625 	 73.814 	 67.051
FHW13038	252.750 	 74.086 	 67.306
FHW13038	252.875 	 74.243 	 67.052
FHW13038	253.000 	 74.202 	 67.490
FHW13038	253.125 	 74.250 	 67.051
FHW13038	253.250 	 73.758 	 67.491
FHW13038	253.375 	 74.202 	 67.490
FHW13038	253.500 	 74.250 	 67.051
FHW13038	253.625 	 74.195 	 67.491
FHW13038	253.750 	 74.135 	 66.864
FHW13038	253.875 	 73.758 	 67.490
FHW13038	254.000 	 74.250 	 67.051
FHW13038	254.125 	 74.201 	 67.491
FHW13038	254.250 	 74.202 	 67.490
FHW13038	254.375 	 74.250 	 67.051
FHW13038	254.500 	 74.195 	 67.491
FHW13038	254.625 	 73.814 	 67.051
FHW13038	254.750 	 74.079 	 67.306
FHW13038	254.875 	 74.250 	 67.052
FHW13038	255.000 	 74.202 	 67.490
FHW13038	255.125 	 74.250 	 67.051
FHW13038	255.250 	 73.758 	 67.491
FHW13038	255.375 	 74.202 	 67.490
FHW13038	255.500 	 74.243 	 67.051
FHW13038	255.625 	 74.201 	 67.491
FHW13038	255.750 	 74.250 	 67.051
FHW13038	255.875 	 73.638 	 67.304
FHW13038	256.000 	 74.250 	 67.051
FHW13038	256.125 	 74.201 	 67.491
FHW13038	256.250 	 74.202 	 67.490
FHW13038	256.375 	 74.243 	 67.051
FHW13038	256.500 	 74.201 	 67.491
FHW13038	256.625 	 73.807 	 67.051
FHW13038	256.750 	 74.202 	 67.490
FHW13038	256.875 	 74.135 	 66.866
FHW13038	257.000 	 74.202 	 67.490
FHW13038	257.125 	 74.243 	 67.051
FHW13038	257.250 	 73.765 	 67.491
FHW13038	257.375 	 74.195 	 67.490
FHW13038	257.500 	 74.250 	 67.051
FHW13038	257.625 	 74.201 	 67.491
FHW13038	257.750 	 74.250 	 67.051
FHW13038	257.875 	 74.086 	 67.306
FHW13038	258.000 	 73.807 	 67.051
FHW13038	258.125 	 74.201 	 67.491
FHW13038	258.250 	 74.195 	 67.490
FHW13038	258.375 	 74.250 	 67.051
FHW13038	258.500 	 74.201 	 67.491
FHW13038	258.625 	 73.807 	 67.051
FHW13038	258.750 	 76.575 	 67.235
FHW13038	258.875 	 77.917 	 67.235
FHW13038	259.000 	 78.005 	 67.417
FHW13038	259.125 	 77.556 	 67.417
FHW13038	259.250 	 78.006 	 67.416
FHW13038	259.375 	 77.471 	 67.235
FHW13038	259.500 	 78.042 	 66.985
FHW13038	259.625 	 78.005 	 67.417
FHW13038	259.750 	 77.471 	 67.235
FHW13038	259.875 	 78.006 	 67.416
FHW13038	260.000 	 78.006 	 67.416
FHW13038	260.125 	 77.464 	 67.236
FHW13038	260.250 	 78.043 	 66.986
FHW13038	260.375 	 78.006 	 67.416
FHW13038	260.500 	 77.471 	 67.235
FHW13038	260.625 	 78.006 	 67.416
FHW13038	260.750 	 77.555 	 67.417
FHW13038	260.875 	 78.006 	 67.416
FHW13038	261.000 	 77.962 	 66.801
FHW13038	261.125 	 77.555 	 67.416
FHW13038	261.250 	 78.006 	 67.416
FHW13038	261.375 	 77.918 	 67.238
FHW13038	261.500 	 77.562 	 67.416
FHW13038	261.625 	 78.006 	 67.416
FHW13038	261.750 	 77.955 	 66.801
FHW13038	261.875 	 77.555 	 67.416
FHW13038	262.000 	 78.005 	 67.417
FHW13038	262.125 	 78.012 	 67.416
FHW13038	262.250 	 77.464 	 67.235
FHW13038	262.375 	 78.006 	 67.416
FHW13038	262.500 	 77.601 	 66.986
FHW13038	262.625 	 77.917 	 67.236
FHW13038	262.750 	 78.006 	 67.416
FHW13038	262.875 	 77.555 	 67.416
FHW13038	263.000 	 77.917 	 67.235
FHW13038	263.125 	 78.005 	 67.417
FHW13038	263.250 	 77.600 	 66.985
FHW13038	263.375 	 78.006 	 67.416
FHW13038	263.500 	 77.917 	 67.235
FHW13038	263.625 	 77.563 	 67.417
FHW13038	263.750 	 78.005 	 67.417
FHW13038	263.875 	 77.917 	 67.235
FHW13038	264.000 	 77.593 	 66.985
FHW13038	264.125 	 78.006 	 67.416
FHW13038	264.250 	 77.471 	 67.235
FHW13038	264.375 	 78.005 	 67.417
FHW13038	264.500 	 78.006 	 67.416
FHW13038	264.625 	 77.563 	 67.417
FHW13038	264.750 	 77.955 	 66.801
FHW13038	264.875 	 78.006 	 67.416
FHW13038	265.000 	 77.555 	 67.417
FHW13038	265.125 	 77.917 	 67.235
FHW13038	265.250 	 78.006 	 67.416
FHW13038	265.375 	 77.562 	 67.416
FHW13038	265.500 	 77.955 	 66.801
FHW13038	265.625 	 78.005 	 67.417
FHW13038	265.750 	 77.556 	 67.417
FHW13038	265.875 	 78.012 	 67.416
FHW13038	266.000 	 77.464 	 67.235
FHW13038	266.125 	 78.005 	 67.417
FHW13038	266.250 	 78.042 	 66.985
FHW13038	266.375 	 77.471 	 67.235
FHW13038	266.500 	 78.006 	 67.416
FHW13038	266.625 	 78.006 	 67.416
FHW13038	266.750 	 77.464 	 67.236
FHW13038	266.875 	 78.006 	 67.417
FHW13038	267.000 	 78.049 	 66.985
FHW13038	267.125 	 77.464 	 67.235
FHW13038	267.250 	 78.006 	 67.416
FHW13038	267.375 	 78.005 	 67.417
FHW13038	267.500 	 77.562 	 67.416
FHW13038	267.625 	 77.917 	 67.235
FHW13038	267.750 	 79.913 	 67.166
FHW13038	267.875 	 80.786 	 67.595
FHW13038	268.000 	 81.242 	 67.596
FHW13038	268.125 	 80.785 	 67.594
FHW13038	268.250 	 81.242 	 67.594
FHW13038	268.375 	 80.785 	 67.594
FHW13038	268.500 	 80.792 	 67.597
FHW13038	268.625 	 81.332 	 67.344
FHW13038	268.750 	 80.785 	 67.594
FHW13038	268.875 	 81.242 	 67.594
FHW13038	269.000 	 80.786 	 67.595
FHW13038	269.125 	 81.242 	 67.596
FHW13038	269.250 	 80.785 	 67.594
FHW13038	269.375 	 80.785 	 67.594
FHW13038	269.500 	 81.268 	 67.166
FHW13038	269.625 	 80.786 	 67.595
FHW13038	269.750 	 81.242 	 67.596
FHW13038	269.875 	 80.785 	 67.594
FHW13038	270.000 	 81.306 	 67.770
FHW13038	270.125 	 80.793 	 67.595
FHW13038	270.250 	 81.235 	 67.596
FHW13038	270.375 	 80.820 	 67.166
FHW13038	270.500 	 80.785 	 67.594
FHW13038	270.625 	 81.242 	 67.594
FHW13038	270.750 	 80.786 	 67.595
FHW13038	270.875 	 81.242 	 67.596
FHW13038	271.000 	 80.785 	 67.594
FHW13038	271.125 	 81.242 	 67.594
FHW13038	271.250 	 80.813 	 67.166
FHW13038	271.375 	 80.860 	 67.771
FHW13038	271.500 	 81.235 	 67.596
FHW13038	271.625 	 80.792 	 67.594
FHW13038	271.750 	 81.235 	 67.594
FHW13038	271.875 	 80.793 	 67.595
FHW13038	272.000 	 81.242 	 67.594
FHW13038	272.125 	 80.813 	 67.168
FHW13038	272.250 	 81.242 	 67.594
FHW13038	272.375 	 80.785 	 67.594
FHW13038	272.500 	 80.786 	 67.595
FHW13038	272.625 	 81.242 	 67.594
FHW13038	272.750 	 80.785 	 67.596
FHW13038	272.875 	 81.306 	 67.770
FHW13038	273.000 	 80.813 	 67.166
FHW13038	273.125 	 81.242 	 67.595
FHW13038	273.250 	 80.785 	 67.596
FHW13038	273.375 	 80.792 	 67.594
FHW13038	273.500 	 81.242 	 67.594
FHW13038	273.625 	 80.786 	 67.595
FHW13038	273.750 	 81.242 	 67.594
FHW13038	273.875 	 80.813 	 67.168
FHW13038	274.000 	 81.242 	 67.594
FHW13038	274.125 	 80.785 	 67.594
FHW13038	274.250 	 81.306 	 67.771
FHW13038	274.375 	 80.785 	 67.594
FHW13038	274.500 	 80.785 	 67.596
FHW13038	274.625 	 81.242 	 67.594
FHW13038	274.750 	 80.792 	 67.594
FHW13038	274.875 	 81.262 	 67.167
FHW13038	275.000 	 80.792 	 67.594
FHW13038	275.125 	 81.235 	 67.596
FHW13038	275.250 	 80.792 	 67.594
FHW13038	275.375 	 80.786 	 67.595
FHW13038	275.500 	 81.242 	 67.594
FHW13038	275.625 	 80.852 	 67.771
FHW13038	275.750 	 81.268 	 67.166
FHW13038	275.875 	 80.785 	 67.594
FHW13038	276.000 	 81.242 	 67.595
FHW13038	276.125 	 80.785 	 67.594
FHW13038	276.250 	 81.242 	 67.596
FHW13038	276.375 	 80.785 	 67.594
FHW13038	276.500 	 80.792 	 67.594
FHW13038	276.625 	 81.262 	 67.167
FHW13038	276.750 	 83.116 	 67.770
FHW13038	276.875 	 84.026 	 67.771
FHW13038	277.000 	 84.026 	 67.770
FHW13038	277.125 	 83.594 	 67.346
FHW13038	277.250 	 84.026 	 67.770
FHW13038	277.375 	 84.026 	 67.770
FHW13038	277.500 	 84.044 	 67.347
FHW13038	277.625 	 83.574 	 67.770
FHW13038	277.750 	 83.981 	 67.594
FHW13038	277.875 	 84.044 	 67.344
FHW13038	278.000 	 83.567 	 67.771
FHW13038	278.125 	 84.026 	 67.771
FHW13038	278.250 	 84.044 	 67.344
FHW13038	278.375 	 83.574 	 67.771
FHW13038	278.500 	 84.026 	 67.770
FHW13038	278.625 	 84.044 	 67.344
FHW13038	278.750 	 84.026 	 67.770
FHW13038	278.875 	 83.567 	 67.773
FHW13038	279.000 	 84.026 	 67.770
FHW13038	279.125 	 84.044 	 67.344
FHW13038	279.250 	 83.526 	 67.594
FHW13038	279.375 	 84.026 	 67.771
FHW13038	279.500 	 84.044 	 67.346
FHW13038	279.625 	 84.026 	 67.770
FHW13038	279.750 	 83.567 	 67.771
FHW13038	279.875 	 84.044 	 67.344
FHW13038	280.000 	 84.026 	 67.770
FHW13038	280.125 	 83.574 	 67.771
FHW13038	280.250 	 84.044 	 67.346
FHW13038	280.375 	 84.026 	 67.770
FHW13038	280.500 	 83.574 	 67.770
FHW13038	280.625 	 84.026 	 67.770
FHW13038	280.750 	 84.044 	 67.346
FHW13038	280.875 	 83.981 	 67.596
FHW13038	281.000 	 83.567 	 67.770
FHW13038	281.125 	 84.044 	 67.346
FHW13038	281.250 	 84.026 	 67.770
FHW13038	281.375 	 83.574 	 67.770
FHW13038	281.500 	 84.044 	 67.346
FHW13038	281.625 	 84.026 	 67.771
FHW13038	281.750 	 84.026 	 67.770
FHW13038	281.875 	 83.586 	 67.344
FHW13038	282.000 	 84.026 	 67.770
FHW13038	282.125 	 84.026 	 67.773
FHW13038	282.250 	 83.574 	 67.770
FHW13038	282.375 	 84.044 	 67.344
FHW13038	282.500 	 83.982 	 67.595
FHW13038	282.625 	 84.026 	 67.770
FHW13038	282.750 	 83.586 	 67.344
FHW13038	282.875 	 84.026 	 67.771
FHW13038	283.000 	 84.033 	 67.771
FHW13038	283.125 	 83.586 	 67.344
FHW13038	283.250 	 84.026 	 67.770
FHW13038	283.375 	 84.026 	 67.770
FHW13038	283.500 	 83.594 	 67.347
FHW13038	283.625 	 84.026 	 67.770
FHW13038	283.750 	 84.026 	 67.770
FHW13038	283.875 	 84.026 	 67.771
FHW13038	284.000 	 83.539 	 67.166
FHW13038	284.125 	 84.026 	 67.771
FHW13038	284.250 	 84.026 	 67.770
FHW13038	284.375 	 83.594 	 67.346
FHW13038	284.500 	 84.026 	 67.770
FHW13038	284.625 	 84.026 	 67.770
FHW13038	284.750 	 84.044 	 67.344
FHW13038	284.875 	 83.567 	 67.773
FHW13038	285.000 	 84.026 	 67.770
FHW13038	285.125 	 84.044 	 67.344
FHW13038	285.250 	 83.574 	 67.771
FHW13038	285.375 	 84.026 	 67.770
FHW13038	285.500 	 84.026 	 67.771
FHW13038	285.625 	 84.000 	 67.166
FHW13038	285.750 	 84.527 	 67.944
FHW13038	285.875 	 86.322 	 67.344
FHW13038	286.000 	 85.855 	 67.770
FHW13038	286.125 	 85.893 	 67.946
FHW13038	286.250 	 85.868 	 67.344
FHW13038	286.375 	 85.855 	 67.770
FHW13038	286.500 	 85.868 	 67.344
FHW13038	286.625 	 85.886 	 67.944
FHW13038	286.750 	 86.329 	 67.344
FHW13038	286.875 	 85.855 	 67.770
FHW13038	287.000 	 85.886 	 67.946
FHW13038	287.125 	 85.875 	 67.344
FHW13038	287.250 	 85.855 	 67.770
FHW13038	287.375 	 85.898 	 67.521
FHW13038	287.500 	 86.318 	 67.770
FHW13038	287.625 	 85.868 	 67.344
FHW13038	287.750 	 85.886 	 67.946
FHW13038	287.875 	 85.868 	 67.344
FHW13038	288.000 	 85.855 	 67.770
FHW13038	288.125 	 85.855 	 67.770
FHW13038	288.250 	 86.356 	 67.520
FHW13038	288.375 	 85.855 	 67.773
FHW13038	288.500 	 85.875 	 67.346
FHW13038	288.625 	 85.886 	 67.943
FHW13038	288.750 	 85.868 	 67.343
FHW13038	288.875 	 85.855 	 67.771
FHW13038	289.000 	 86.345 	 67.943
FHW13038	289.125 	 85.868 	 67.346
FHW13038	289.250 	 85.855 	 67.773
FHW13038	289.375 	 85.898 	 67.520
FHW13038	289.500 	 85.855 	 67.768
FHW13038	289.625 	 87.245 	 67.346
FHW13038	289.750 	 87.714 	 66.923
FHW13038	289.875 	 87.238 	 67.343
FHW13038	290.000 	 87.265 	 67.520
FHW13038	290.125 	 87.245 	 67.346
FHW13038	290.250 	 87.254 	 66.923
FHW13038	290.375 	 87.245 	 67.343
FHW13038	290.500 	 87.700 	 67.346
FHW13038	290.625 	 87.245 	 67.347
FHW13038	290.750 	 87.246 	 66.919
FHW13038	290.875 	 87.265 	 67.524
FHW13038	291.000 	 87.245 	 67.343
FHW13038	291.125 	 87.700 	 67.346
FHW13038	291.250 	 87.253 	 66.920
FHW13038	291.375 	 87.245 	 67.346
FHW13038	291.500 	 87.245 	 67.346
FHW13038	291.625 	 87.258 	 67.520
FHW13038	291.750 	 87.714 	 66.923
FHW13038	291.875 	 87.245 	 67.343
FHW13038	292.000 	 87.238 	 67.346
FHW13038	292.125 	 87.245 	 67.343
FHW13038	292.250 	 87.254 	 66.923
FHW13038	292.375 	 87.717 	 67.520
FHW13038	292.500 	 87.245 	 67.346
FHW13038	292.625 	 87.245 	 67.346
FHW13038	292.750 	 87.253 	 66.920
FHW13038	292.875 	 87.238 	 67.346
FHW13038	293.000 	 87.245 	 67.345
FHW13038	293.125 	 87.717 	 67.523
FHW13038	293.250 	 87.245 	 67.343
FHW13038	293.375 	 87.254 	 66.923
FHW13038	293.500 	 87.245 	 67.346
FHW13038	293.625 	 87.245 	 67.343
FHW13038	293.750 	 87.700 	 67.346
FHW13038	293.875 	 87.273 	 67.100
FHW13038	294.000 	 87.238 	 67.346
FHW13038	294.125 	 87.245 	 67.343
FHW13038	294.250 	 87.245 	 67.346
FHW13038	294.375 	 87.707 	 66.923
FHW13038	294.500 	 87.245 	 67.343
FHW13038	294.625 	 87.265 	 67.520
FHW13038	294.750 	 87.245 	 67.346
FHW13038	294.875 	 87.247 	 66.923
FHW13038	295.000 	 87.245 	 67.343
FHW13038	295.125 	 88.168 	 66.923
FHW13038	295.250 	 87.707 	 66.923
FHW13038	295.375 	 87.714 	 66.920
FHW13038	295.500 	 87.690 	 66.741
FHW13038	295.625 	 87.707 	 66.923
FHW13038	295.750 	 87.714 	 66.923
FHW13038	295.875 	 88.168 	 66.920
FHW13038	296.000 	 87.707 	 66.923
FHW13038	296.125 	 87.707 	 66.923
FHW13038	296.250 	 87.721 	 66.500
FHW13038	296.375 	 87.707 	 66.923
FHW13038	296.500 	 87.690 	 66.741
FHW13038	296.625 	 88.168 	 66.921
FHW13038	296.750 	 87.707 	 66.920
FHW13038	296.875 	 87.714 	 66.923
FHW13038	297.000 	 87.707 	 66.920
FHW13038	297.125 	 87.707 	 66.923
FHW13038	297.250 	 87.714 	 66.923
FHW13038	297.375 	 88.155 	 66.741
FHW13038	297.500 	 87.707 	 66.920
FHW13038	297.625 	 87.707 	 66.923
FHW13038	297.750 	 87.707 	 66.923
FHW13038	297.875 	 87.714 	 66.920
FHW13038	298.000 	 88.168 	 66.923
FHW13038	298.125 	 87.715 	 66.503
FHW13038	298.250 	 87.707 	 66.920
FHW13038	298.375 	 87.697 	 66.741
FHW13038	298.500 	 87.707 	 66.921
FHW13038	298.625 	 87.707 	 66.923
FHW13038	298.750 	 88.168 	 66.920
FHW13038	298.875 	 87.707 	 66.923
FHW13038	299.000 	 87.714 	 66.923
FHW13038	299.125 	 87.707 	 66.920
FHW13038	299.250 	 87.690 	 66.741
FHW13038	299.375 	 87.714 	 66.923
FHW13038	299.500 	 88.168 	 66.923
FHW13038	299.625 	 87.707 	 66.920
FHW13038	299.750 	 87.707 	 66.923
FHW13038	299.875 	 87.714 	 66.923
FHW13038	300.000 	 87.714 	 66.500
FHW13038	300.125 	 87.690 	 66.741
FHW13038	300.250 	 88.168 	 66.923
FHW13038	300.375 	 87.707 	 66.921
FHW13038	300.500 	 87.714 	 66.920
FHW13038	300.625 	 87.707 	 66.923
FHW13038	300.750 	 87.707 	 66.923
FHW13038	300.875 	 87.714 	 66.920
FHW13038	301.000 	 88.161 	 66.923
FHW13038	301.125 	 87.242 	 66.318
FHW13038	301.250 	 87.714 	 66.923
FHW13038	301.375 	 87.235 	 66.318
FHW13038	301.500 	 87.714 	 66.920
FHW13038	301.625 	 87.715 	 66.503
FHW13038	301.750 	 87.233 	 66.739
FHW13038	301.875 	 87.715 	 66.503
FHW13038	302.000 	 87.253 	 66.920
FHW13038	302.125 	 87.698 	 66.318
FHW13038	302.250 	 87.721 	 66.503
FHW13038	302.375 	 87.247 	 66.923
FHW13038	302.500 	 87.705 	 66.318
FHW13038	302.625 	 87.707 	 66.919
FHW13038	302.750 	 87.242 	 66.321
FHW13038	302.875 	 87.707 	 66.920
FHW13038	303.000 	 87.262 	 66.503
FHW13038	303.125 	 87.690 	 66.741
FHW13038	303.250 	 87.715 	 66.503
FHW13038	303.375 	 87.253 	 66.920
FHW13038	303.500 	 87.705 	 66.318
FHW13038	303.625 	 87.255 	 66.501
FHW13038	303.750 	 87.714 	 66.923
FHW13038	303.875 	 87.698 	 66.318
FHW13038	304.000 	 87.253 	 66.920
FHW13038	304.125 	 87.698 	 66.318
FHW13038	304.250 	 87.707 	 66.923
FHW13038	304.375 	 87.262 	 66.503
FHW13038	304.500 	 87.697 	 66.739
FHW13038	304.625 	 87.255 	 66.500
FHW13038	304.750 	 87.714 	 66.923
FHW13038	304.875 	 87.698 	 66.318
FHW13038	305.000 	 87.262 	 66.503
FHW13038	305.125 	 87.690 	 66.741
FHW13038	305.250 	 87.262 	 66.503
FHW13038	305.375 	 87.707 	 66.920
FHW13038	305.500 	 87.698 	 66.316
FHW13038	305.625 	 87.254 	 66.923
FHW13038	305.750 	 87.721 	 66.503
FHW13038	305.875 	 87.226 	 66.741
FHW13038	306.000 	 87.721 	 66.500
FHW13038	306.125 	 87.707 	 66.923
FHW13038	306.250 	 87.242 	 66.318
FHW13038	306.375 	 87.715 	 66.501
FHW13038	306.500 	 87.690 	 66.741
FHW13038	306.625 	 87.721 	 66.500
FHW13038	306.750 	 87.715 	 66.503
FHW13038	306.875 	 87.690 	 66.741
FHW13038	307.000 	 87.721 	 66.503
FHW13038	307.125 	 87.698 	 66.316
FHW13038	307.250 	 87.707 	 66.923
FHW13038	307.375 	 87.721 	 66.500
FHW13038	307.500 	 87.698 	 66.318
FHW13038	307.625 	 87.707 	 66.923
FHW13038	307.750 	 87.705 	 66.318
FHW13038	307.875 	 87.715 	 66.503
FHW13038	308.000 	 87.707 	 66.919
FHW13038	308.125 	 87.705 	 66.318
FHW13038	308.250 	 87.715 	 66.503
FHW13038	308.375 	 87.690 	 66.741
FHW13038	308.500 	 87.721 	 66.503
FHW13038	308.625 	 87.715 	 66.503
FHW13038	308.750 	 87.690 	 66.741
FHW13038	308.875 	 87.721 	 66.498
FHW13038	309.000 	 87.698 	 66.318
FHW13038	309.125 	 87.707 	 66.923
FHW13038	309.250 	 87.715 	 66.503
FHW13038	309.375 	 87.705 	 66.318
FHW13038	309.500 	 87.707 	 66.920
FHW13038	309.625 	 87.698 	 66.316
FHW13038	309.750 	 87.714 	 66.923
FHW13038	309.875 	 87.715 	 66.503
FHW13038	310.000 	 87.698 	 66.318
FHW13038	310.125 	 87.714 	 66.923
FHW13038	310.250 	 87.698 	 66.318
FHW13038	310.375 	 87.714 	 66.500
FHW13038	310.500 	 87.714 	 66.921
FHW13038	310.625 	 87.698 	 66.318
FHW13038	310.750 	 87.715 	 66.503
FHW13038	310.875 	 87.697 	 66.741
FHW13038	311.000 	 87.714 	 66.500
FHW13038	311.125 	 87.715 	 66.503
FHW13038	311.250 	 87.697 	 66.741
FHW13038	311.375 	 87.715 	 66.501
FHW13038	311.500 	 87.698 	 66.318
FHW13038	311.625 	 87.714 	 66.923
FHW13038	311.750 	 87.714 	 66.500
FHW13038	311.875 	 87.698 	 66.318
FHW13038	312.000 	 87.714 	 66.923
FHW13038	312.125 	 87.698 	 66.316
FHW13038	312.250 	 87.715 	 66.503
FHW13038	312.375 	 87.707 	 66.920
FHW13038	312.500 	 87.705 	 66.318
FHW13038	312.625 	 87.715 	 66.503
FHW13038	312.750 	 87.690 	 66.741
FHW13038	312.875 	 87.721 	 66.503
FHW13038	313.000 	 87.714 	 66.498
FHW13038	313.125 	 87.690 	 66.743
FHW13038	313.250 	 87.721 	 66.500
FHW13038	313.375 	 87.698 	 66.318
FHW13038	313.500 	 87.707 	 66.923
FHW13038	313.625 	 87.721 	 66.503
FHW13038	313.750 	 87.698 	 66.316
FHW13038	313.875 	 87.707 	 66.920
FHW13038	314.000 	 87.705 	 66.318
FHW13038	314.125 	 87.715 	 66.503
FHW13038	314.250 	 87.707 	 66.923
FHW13038	314.375 	 87.705 	 66.318
FHW13038	314.500 	 87.714 	 66.500
FHW13038	314.625 	 87.707 	 66.921
FHW13038	314.750 	 87.705 	 66.318
FHW13038	314.875 	 87.715 	 66.503
FHW13038	315.000 	 87.690 	 66.741
FHW13038	315.125 	 87.721 	 66.503
FHW13038	315.250 	 87.714 	 66.500
FHW13038	315.375 	 87.690 	 66.741
FHW13038	315.500 	 87.715 	 66.501
FHW13038	315.625 	 87.705 	 66.318
FHW13038	315.750 	 87.707 	 66.923
FHW13038	315.875 	 88.174 	 66.500
FHW13038	316.000 	 88.168 	 66.923
FHW13038	316.125 	 87.690 	 66.741
FHW13038	316.250 	 88.168 	 66.923
FHW13038	316.375 	 88.168 	 66.920
FHW13038	316.500 	 88.168 	 66.923
FHW13038	316.625 	 88.168 	 66.923
FHW13038	316.750 	 88.161 	 66.920
FHW13038	316.875 	 88.168 	 66.921
FHW13038	317.000 	 88.168 	 66.923
FHW13038	317.125 	 87.714 	 66.500
FHW13038	317.250 	 88.155 	 66.741
FHW13038	317.375 	 88.168 	 66.923
FHW13038	317.500 	 88.168 	 66.923
FHW13038	317.625 	 88.168 	 66.920
FHW13038	317.750 	 88.168 	 66.923
FHW13038	317.875 	 88.168 	 66.920
FHW13038	318.000 	 88.161 	 66.923
FHW13038	318.125 	 88.168 	 66.923
FHW13038	318.250 	 87.714 	 66.920
FHW13038	318.375 	 88.148 	 66.743
FHW13038	318.500 	 88.168 	 66.920
FHW13038	318.625 	 88.168 	 66.923
FHW13038	318.750 	 88.168 	 66.919
FHW13038	318.875 	 88.174 	 66.503
FHW13038	319.000 	 88.168 	 66.923
FHW13038	319.125 	 88.168 	 66.920
FHW13038	319.250 	 87.707 	 66.923
FHW13038	319.375 	 88.168 	 66.923
FHW13038	319.500 	 88.155 	 66.741
FHW13038	319.625 	 88.168 	 66.920
FHW13038	319.750 	 88.161 	 66.923
FHW13038	319.875 	 88.168 	 66.923
FHW13038	320.000 	 88.168 	 66.920
FHW13038	320.125 	 88.168 	 66.923
FHW13038	320.250 	 87.707 	 66.923
FHW13038	320.375 	 88.168 	 66.920
FHW13038	320.500 	 88.174 	 66.501
FHW13038	320.625 	 88.155 	 66.741
FHW13038	320.750 	 88.168 	 66.923
FHW13038	320.875 	 88.168 	 66.920
FHW13038	321.000 	 88.161 	 66.923
FHW13038	321.125 	 88.168 	 66.923
FHW13038	321.250 	 87.714 	 66.920
FHW13038	321.375 	 88.161 	 66.923
FHW13038	321.500 	 88.168 	 66.920
FHW13038	321.625 	 88.168 	 66.923
FHW13038	321.750 	 88.155 	 66.741
FHW13038	321.875 	 88.168 	 66.923
FHW13038	322.000 	 88.168 	 66.920
FHW13038	322.125 	 88.174 	 66.503
FHW13038	322.250 	 87.707 	 66.921
FHW13038	322.375 	 88.168 	 66.920
FHW13038	322.500 	 88.168 	 66.923
FHW13038	322.625 	 88.161 	 66.923
FHW13038	322.750 	 88.168 	 66.920
FHW13038	322.875 	 88.155 	 66.741
FHW13038	323.000 	 88.168 	 66.923
FHW13038	323.125 	 88.168 	 66.923
FHW13038	323.250 	 87.707 	 66.920
FHW13038	323.375 	 88.168 	 66.923
FHW13038	323.500 	 88.168 	 66.923
FHW13038	323.625 	 88.168 	 66.920
FHW13038	323.750 	 88.174 	 66.503
FHW13038	323.875 	 88.161 	 66.923
FHW13038	324.000 	 88.155 	 66.741
FHW13038	324.125 	 88.168 	 66.919
FHW13038	324.250 	 88.168 	 66.923
FHW13038	324.375 	 87.707 	 66.923
FHW13038	324.500 	 88.168 	 66.920
FHW13038	324.625 	 88.168 	 66.923
FHW13038	324.750 	 88.168 	 66.920
FHW13038	324.875 	 88.168 	 66.923
FHW13038	325.000 	 88.168 	 66.923
FHW13038	325.125 	 88.148 	 66.741
FHW13038	325.250 	 88.168 	 66.920
FHW13038	325.375 	 88.168 	 66.923
FHW13038	325.500 	 88.176 	 67.520
FHW13038	325.625 	 88.618 	 67.346
FHW13038	325.750 	 88.176 	 67.520
FHW13038	325.875 	 88.625 	 67.346
FHW13038	326.000 	 88.162 	 67.343
FHW13038	326.125 	 88.628 	 67.523
FHW13038	326.250 	 88.157 	 67.770
FHW13038	326.375 	 88.628 	 67.520
FHW13038	326.500 	 88.163 	 67.346
FHW13038	326.625 	 88.163 	 67.346
FHW13038	326.750 	 88.628 	 67.520
FHW13038	326.875 	 88.162 	 67.343
FHW13038	327.000 	 88.635 	 67.523
FHW13038	327.125 	 88.155 	 67.343
FHW13038	327.250 	 88.625 	 67.346
FHW13038	327.375 	 88.176 	 67.522
FHW13038	327.500 	 88.618 	 67.344
FHW13038	327.625 	 88.176 	 67.522
FHW13038	327.750 	 88.614 	 67.769
FHW13038	327.875 	 88.162 	 67.345
FHW13038	328.000 	 88.635 	 67.522
FHW13038	328.125 	 88.156 	 67.344
FHW13038	328.250 	 88.625 	 67.347
FHW13038	328.375 	 88.176 	 67.518
FHW13038	328.500 	 88.618 	 67.345
FHW13038	328.625 	 88.176 	 67.521
FHW13038	328.750 	 88.618 	 67.345
FHW13038	328.875 	 88.163 	 67.344
FHW13038	329.000 	 88.635 	 67.522
FHW13038	329.125 	 88.156 	 67.344
FHW13038	329.250 	 88.631 	 67.944
FHW13038	329.375 	 88.163 	 67.347
FHW13038	329.500 	 88.618 	 67.341
FHW13038	329.625 	 88.176 	 67.522
FHW13038	329.750 	 88.618 	 67.344
FHW13038	329.875 	 88.176 	 67.522
FHW13038	330.000 	 88.625 	 67.344
FHW13038	330.125 	 88.155 	 67.345
FHW13038	330.250 	 88.635 	 67.521
FHW13038	330.375 	 88.162 	 67.345
FHW13038	330.500 	 88.628 	 67.518
FHW13038	330.625 	 88.163 	 67.347
FHW13038	330.750 	 88.157 	 67.773
FHW13038	330.875 	 88.628 	 67.518
FHW13038	331.000 	 88.163 	 67.347
FHW13038	331.125 	 88.628 	 67.518
FHW13038	331.250 	 88.162 	 67.345
FHW13038	331.375 	 88.625 	 67.344
FHW13038	331.500 	 88.169 	 67.522
FHW13038	331.625 	 88.625 	 67.344
FHW13038	331.750 	 88.176 	 67.522
FHW13038	331.875 	 88.618 	 67.347
FHW13038	332.000 	 88.162 	 67.341
FHW13038	332.125 	 88.628 	 67.522
FHW13038	332.250 	 88.157 	 67.769
FHW13038	332.375 	 88.635 	 67.522
FHW13038	332.500 	 88.156 	 67.344
FHW13038	332.625 	 88.625 	 67.347
FHW13038	332.750 	 88.176 	 67.518
FHW13038	332.875 	 88.618 	 67.345
FHW13038	333.000 	 88.176 	 67.524
FHW13038	333.125 	 88.618 	 67.341
FHW13038	333.250 	 88.163 	 67.347
FHW13038	333.375 	 88.635 	 67.518
FHW13038	333.500 	 88.156 	 67.347
FHW13038	333.625 	 88.635 	 67.518
FHW13038	333.750 	 88.157 	 67.770
FHW13038	333.875 	 88.618 	 67.344
FHW13038	334.000 	 88.176 	 67.522
FHW13038	334.125 	 88.618 	 67.344
FHW13038	334.250 	 88.176 	 67.522
FHW13038	334.375 	 88.625 	 67.347
FHW13038	334.500 	 88.155 	 67.341
FHW13038	334.625 	 88.635 	 67.524
FHW13038	334.750 	 88.162 	 67.341
FHW13038	334.875 	 88.624 	 67.944
FHW13038	335.000 	 88.620 	 68.369
FHW13038	335.125 	 88.631 	 67.944
FHW13038	335.250 	 88.624 	 67.944
FHW13038	335.375 	 88.165 	 68.366
FHW13038	335.500 	 88.631 	 67.944
FHW13038	335.625 	 88.620 	 68.370
FHW13038	335.750 	 88.624 	 67.944
FHW13038	335.875 	 88.627 	 68.370
FHW13038	336.000 	 88.614 	 67.770
FHW13038	336.125 	 88.624 	 67.944
FHW13038	336.250 	 88.627 	 68.370
FHW13038	336.375 	 88.624 	 67.944
FHW13038	336.500 	 88.627 	 68.366
FHW13038	336.625 	 88.624 	 67.944
FHW13038	336.750 	 88.624 	 67.941
FHW13038	336.875 	 88.627 	 68.372
FHW13038	337.000 	 88.170 	 67.944
FHW13038	337.125 	 88.620 	 68.366
FHW13038	337.250 	 88.624 	 67.944
FHW13038	337.375 	 88.627 	 68.370
FHW13038	337.500 	 88.624 	 67.944
FHW13038	337.625 	 88.631 	 67.944
FHW13038	337.750 	 88.620 	 68.370
FHW13038	337.875 	 88.624 	 67.941
FHW13038	338.000 	 88.627 	 68.370
FHW13038	338.125 	 88.624 	 67.944
FHW13038	338.250 	 88.627 	 68.369
FHW13038	338.375 	 88.624 	 67.944
FHW13038	338.500 	 88.624 	 67.944
FHW13038	338.625 	 88.165 	 68.366
FHW13038	338.750 	 88.631 	 67.944
FHW13038	338.875 	 88.610 	 68.201
FHW13038	339.000 	 88.624 	 67.941
FHW13038	339.125 	 88.631 	 67.944
FHW13038	339.250 	 88.620 	 68.366
FHW13038	339.375 	 88.631 	 67.947
FHW13038	339.500 	 88.620 	 68.370
FHW13038	339.625 	 88.624 	 67.941
FHW13038	339.750 	 88.627 	 68.370
FHW13038	339.875 	 88.624 	 67.944
FHW13038	340.000 	 88.631 	 67.944
FHW13038	340.125 	 88.620 	 68.370
FHW13038	340.250 	 88.624 	 67.944
FHW13038	340.375 	 88.165 	 68.366
FHW13038	340.500 	 88.631 	 67.944
FHW13038	340.625 	 88.620 	 68.370
FHW13038	340.750 	 88.624 	 67.944
FHW13038	340.875 	 88.631 	 67.944
FHW13038	341.000 	 88.620 	 68.370
FHW13038	341.125 	 88.631 	 67.941
FHW13038	341.250 	 88.620 	 68.370
FHW13038	341.375 	 88.624 	 67.941
FHW13038	341.500 	 88.631 	 67.947
FHW13038	341.625 	 88.620 	 68.370
FHW13038	341.750 	 88.621 	 67.767
FHW13038	341.875 	 88.620 	 68.372
FHW13038	342.000 	 88.170 	 67.944
FHW13038	342.125 	 88.620 	 68.366
FHW13038	342.250 	 88.631 	 67.944
FHW13038	342.375 	 88.624 	 67.944
FHW13038	342.500 	 88.620 	 68.369
FHW13038	342.625 	 88.631 	 67.944
FHW13038	342.750 	 88.620 	 68.370
FHW13038	342.875 	 88.624 	 67.941
FHW13038	343.000 	 88.627 	 68.370
FHW13038	343.125 	 88.624 	 67.941
FHW13038	343.250 	 88.631 	 67.947
FHW13038	343.375 	 88.620 	 68.370
FHW13038	343.500 	 88.624 	 67.941
FHW13038	343.625 	 88.165 	 68.370
FHW13038	343.750 	 88.631 	 67.944
FHW13038	343.875 	 88.624 	 67.941
FHW13038	344.000 	 88.620 	 68.372
FHW13038	344.125 	 88.631 	 67.944
FHW13038	344.250 	 88.620 	 68.366
FHW13038	344.375 	 88.631 	 67.944
FHW13038	344.500 	 89.082 	 68.370
FHW13038	344.625 	 88.620 	 68.369
FHW13038	344.750 	 89.082 	 68.370
FHW13038	344.875 	 88.620 	 68.370
FHW13038	345.000 	 89.089 	 68.536
FHW13038	345.125 	 88.627 	 68.370
FHW13038	345.250 	 89.082 	 68.370
FHW13038	345.375 	 88.620 	 68.366
FHW13038	345.500 	 89.082 	 68.370
FHW13038	345.625 	 89.082 	 68.370
FHW13038	345.750 	 88.624 	 67.944
FHW13038	345.875 	 89.089 	 68.536
FHW13038	346.000 	 88.627 	 68.372
FHW13038	346.125 	 89.075 	 68.366
FHW13038	346.250 	 88.627 	 68.370
FHW13038	346.375 	 89.082 	 68.370
FHW13038	346.500 	 88.630 	 68.539
FHW13038	346.625 	 89.082 	 68.366
FHW13038	346.750 	 88.620 	 68.370
FHW13038	346.875 	 89.082 	 68.370
FHW13038	347.000 	 88.627 	 68.366
FHW13038	347.125 	 89.082 	 68.372
FHW13038	347.250 	 88.634 	 68.114
FHW13038	347.375 	 89.082 	 68.369
FHW13038	347.500 	 88.620 	 68.370
FHW13038	347.625 	 89.082 	 68.370
FHW13038	347.750 	 88.627 	 68.366
FHW13038	347.875 	 89.082 	 68.370
FHW13038	348.000 	 88.630 	 68.539
FHW13038	348.125 	 89.082 	 68.366
FHW13038	348.250 	 88.620 	 68.370
FHW13038	348.375 	 89.082 	 68.370
FHW13038	348.500 	 89.082 	 68.369
FHW13038	348.625 	 88.631 	 67.944
FHW13038	348.750 	 89.089 	 68.539
FHW13038	348.875 	 88.620 	 68.366
FHW13038	349.000 	 89.082 	 68.370
FHW13038	349.125 	 88.620 	 68.370
FHW13038	349.250 	 89.082 	 68.370
FHW13038	349.375 	 88.627 	 68.366
FHW13038	349.500 	 89.089 	 68.539
FHW13038	349.625 	 88.620 	 68.370
FHW13038	349.750 	 89.082 	 68.366
FHW13038	349.875 	 88.620 	 68.372
FHW13038	350.000 	 89.085 	 67.944
FHW13038	350.125 	 88.627 	 68.366
FHW13038	350.250 	 89.082 	 68.539
FHW13038	350.375 	 88.627 	 68.370
FHW13038	350.500 	 89.082 	 68.366
FHW13038	350.625 	 88.620 	 68.370
FHW13038	350.750 	 89.082 	 68.370
FHW13038	350.875 	 88.627 	 68.369
FHW13038	351.000 	 89.082 	 68.536
FHW13038	351.125 	 89.082 	 68.370
FHW13038	351.250 	 88.627 	 68.369
FHW13038	351.375 	 89.082 	 68.370
FHW13038	351.500 	 88.624 	 67.944
FHW13038	351.625 	 89.082 	 68.366
FHW13038	351.750 	 88.630 	 68.539
FHW13038	351.875 	 89.082 	 68.370
FHW13038	352.000 	 88.627 	 68.370
FHW13038	352.125 	 89.082 	 68.366
FHW13038	352.250 	 88.620 	 68.372
FHW13038	352.375 	 89.082 	 68.370
FHW13038	352.500 	 88.630 	 68.533
FHW13038	352.625 	 89.082 	 68.372
FHW13038	352.750 	 88.627 	 68.370
FHW13038	352.875 	 89.085 	 67.941
FHW13038	353.000 	 88.620 	 68.370
FHW13038	353.125 	 89.082 	 68.370
FHW13038	353.250 	 88.630 	 68.536
FHW13038	353.375 	 89.082 	 68.370
FHW13038	353.500 	 88.627 	 68.370
FHW13038	353.625 	 89.082 	 68.369
FHW13038	353.750 	 88.620 	 68.370
FHW13038	353.875 	 89.082 	 68.370
FHW13038	354.000 	 89.089 	 68.536
FHW13038	354.125 	 89.082 	 68.370
FHW13038	354.250 	 89.082 	 68.370
FHW13038	354.375 	 88.620 	 68.370
FHW13038	354.500 	 89.086 	 68.961
FHW13038	354.625 	 89.082 	 68.370
FHW13038	354.750 	 89.082 	 68.370
FHW13038	354.875 	 89.089 	 68.536
FHW13038	355.000 	 89.082 	 68.370
FHW13038	355.125 	 88.616 	 68.798
FHW13038	355.250 	 89.082 	 68.369
FHW13038	355.375 	 89.089 	 68.536
FHW13038	355.500 	 89.082 	 68.370
FHW13038	355.625 	 89.082 	 68.372
FHW13038	355.750 	 89.089 	 68.533
FHW13038	355.875 	 88.616 	 68.798
FHW13038	356.000 	 89.082 	 68.372
FHW13038	356.125 	 89.082 	 68.366
FHW13038	356.250 	 89.089 	 68.539
FHW13038	356.375 	 89.082 	 68.370
FHW13038	356.500 	 89.082 	 68.366
FHW13038	356.625 	 89.080 	 68.798
FHW13038	356.750 	 88.630 	 68.539
FHW13038	356.875 	 89.082 	 68.370
FHW13038	357.000 	 89.082 	 68.366
FHW13038	357.125 	 89.089 	 68.539
FHW13038	357.250 	 89.082 	 68.370
FHW13038	357.375 	 89.080 	 68.794
FHW13038	357.500 	 88.620 	 68.370
FHW13038	357.625 	 89.089 	 68.539
FHW13038	357.750 	 89.082 	 68.366
FHW13038	357.875 	 89.082 	 68.370
FHW13038	358.000 	 89.080 	 68.800
FHW13038	358.125 	 89.089 	 68.536
FHW13038	358.250 	 88.620 	 68.366
FHW13038	358.375 	 89.082 	 68.372
FHW13038	358.500 	 89.089 	 68.536
FHW13038	358.625 	 89.082 	 68.369
FHW13038	358.750 	 89.080 	 68.798
FHW13038	358.875 	 89.082 	 68.370
FHW13038	359.000 	 88.630 	 68.536
FHW13038	359.125 	 89.082 	 68.370
FHW13038	359.250 	 89.082 	 68.370
FHW13038	359.375 	 89.089 	 68.539
FHW13038	359.500 	 89.080 	 68.794
FHW13038	359.625 	 89.082 	 68.370
FHW13038	359.750 	 89.082 	 68.370
FHW13038	359.875 	 88.630 	 68.536
FHW13038	360.000 	 89.082 	 68.370
FHW13038	360.125 	 89.082 	 68.370
FHW13038	360.250 	 89.080 	 68.798
FHW13038	360.375 	 89.089 	 68.536
FHW13038	360.500 	 89.082 	 68.370
FHW13038	360.625 	 88.620 	 68.372
FHW13038	360.750 	 89.089 	 68.533
FHW13038	360.875 	 89.080 	 68.798
FHW13038	361.000 	 89.082 	 68.372
FHW13038	361.125 	 89.082 	 68.366
FHW13038	361.250 	 89.089 	 68.536
FHW13038	361.375 	 88.620 	 68.372
FHW13038	361.500 	 89.082 	 68.366
FHW13038	361.625 	 89.086 	 68.964
FHW13038	361.750 	 89.082 	 68.370
FHW13038	361.875 	 89.082 	 68.370
FHW13038	362.000 	 89.082 	 68.366
FHW13038	362.125 	 88.630 	 68.539
FHW13038	362.250 	 89.082 	 68.370
FHW13038	362.375 	 89.080 	 68.794
FHW13038	362.500 	 89.082 	 68.370
FHW13038	362.625 	 89.089 	 68.539
FHW13038	362.750 	 89.082 	 68.366
FHW13038	362.875 	 89.082 	 68.370
FHW13038	363.000 	 88.630 	 68.539
FHW13038	363.125 	 89.080 	 68.798
FHW13038	363.250 	 89.545 	 68.366
FHW13038	363.375 	 89.086 	 68.964
FHW13038	363.500 	 89.538 	 68.370
FHW13038	363.625 	 89.080 	 68.798
FHW13038	363.750 	 89.089 	 68.536
FHW13038	363.875 	 89.538 	 68.370
FHW13038	364.000 	 89.086 	 68.964
FHW13038	364.125 	 89.082 	 68.366
FHW13038	364.250 	 89.543 	 68.798
FHW13038	364.375 	 89.089 	 68.539
FHW13038	364.500 	 89.536 	 68.798
FHW13038	364.625 	 89.089 	 68.536
FHW13038	364.750 	 89.080 	 68.798
FHW13038	364.875 	 89.538 	 68.370
FHW13038	365.000 	 89.086 	 68.961
FHW13038	365.125 	 89.082 	 68.370
FHW13038	365.250 	 89.548 	 68.539
FHW13038	365.375 	 89.080 	 68.798
FHW13038	365.500 	 89.538 	 68.366
FHW13038	365.625 	 89.086 	 68.964
FHW13038	365.750 	 89.082 	 68.370
FHW13038	365.875 	 89.540 	 68.961
FHW13038	366.000 	 89.082 	 68.370
FHW13038	366.125 	 89.080 	 68.798
FHW13038	366.250 	 89.548 	 68.539
FHW13038	366.375 	 89.080 	 68.794
FHW13038	366.500 	 89.541 	 68.539
FHW13038	366.625 	 89.082 	 68.370
FHW13038	366.750 	 89.080 	 68.798
FHW13038	366.875 	 89.541 	 68.536
FHW13038	367.000 	 89.080 	 68.798
FHW13038	367.125 	 89.089 	 68.539
FHW13038	367.250 	 89.543 	 68.794
FHW13038	367.375 	 89.082 	 68.370
FHW13038	367.500 	 89.540 	 68.964
FHW13038	367.625 	 89.082 	 68.370
FHW13038	367.750 	 89.086 	 68.961
FHW13038	367.875 	 89.538 	 68.370
FHW13038	368.000 	 89.080 	 68.798
FHW13038	368.125 	 89.089 	 68.536
FHW13038	368.250 	 89.545 	 68.370
FHW13038	368.375 	 89.086 	 68.964
FHW13038	368.500 	 89.082 	 68.370
FHW13038	368.625 	 89.536 	 68.794
FHW13038	368.750 	 89.089 	 68.539
FHW13038	368.875 	 89.536 	 68.798
FHW13038	369.000 	 89.082 	 68.366
FHW13038	369.125 	 89.086 	 68.964
FHW13038	369.250 	 89.545 	 68.370
FHW13038	369.375 	 89.086 	 68.964
FHW13038	369.500 	 89.082 	 68.366
FHW13038	369.625 	 89.538 	 68.370
FHW13038	369.750 	 89.086 	 68.964
FHW13038	369.875 	 89.545 	 68.370
FHW13038	370.000 	 89.080 	 68.961
FHW13038	370.125 	 89.082 	 68.370
FHW13038	370.250 	 89.543 	 68.798
FHW13038	370.375 	 89.089 	 68.536
FHW13038	370.500 	 89.080 	 68.798
FHW13038	370.625 	 89.541 	 68.539
FHW13038	370.750 	 89.080 	 68.798
FHW13038	370.875 	 89.545 	 68.366
FHW13038	371.000 	 89.082 	 68.539
FHW13038	371.125 	 89.080 	 68.798
FHW13038	371.250 	 89.548 	 68.536
FHW13038	371.375 	 89.080 	 68.798
FHW13038	371.500 	 89.082 	 68.370
FHW13038	371.625 	 89.540 	 68.964
FHW13038	371.750 	 89.082 	 68.366
FHW13038	371.875 	 89.547 	 68.964
FHW13038	372.000 	 89.075 	 68.370
FHW13038	372.125 	 89.080 	 68.798
FHW13038	372.250 	 89.548 	 68.536
FHW13038	372.375 	 89.080 	 68.798
FHW13038	372.500 	 89.541 	 68.539
FHW13038	372.625 	 90.000 	 68.794
FHW13038	372.750 	 89.547 	 68.961
FHW13038	372.875 	 89.536 	 68.800
FHW13038	373.000 	 89.548 	 68.536
FHW13038	373.125 	 89.536 	 68.794
FHW13038	373.250 	 89.547 	 68.964
FHW13038	373.375 	 89.536 	 68.798
FHW13038	373.500 	 89.548 	 68.539
FHW13038	373.625 	 89.536 	 68.794
FHW13038	373.750 	 89.540 	 68.964
FHW13038	373.875 	 89.545 	 68.370
FHW13038	374.000 	 89.540 	 68.964
FHW13038	374.125 	 89.543 	 68.794
FHW13038	374.250 	 89.540 	 68.964
FHW13038	374.375 	 89.545 	 68.370
FHW13038	374.500 	 89.540 	 68.964
FHW13038	374.625 	 89.543 	 68.794
FHW13038	374.750 	 89.540 	 68.964
FHW13038	374.875 	 89.548 	 68.536
FHW13038	375.000 	 89.536 	 68.798
FHW13038	375.125 	 89.547 	 68.961
FHW13038	375.250 	 89.536 	 68.798
FHW13038	375.375 	 89.541 	 68.539
FHW13038	375.500 	 89.543 	 68.794
FHW13038	375.625 	 89.540 	 68.964
FHW13038	375.750 	 89.543 	 68.798
FHW13038	375.875 	 89.541 	 68.539
FHW13038	376.000 	 89.543 	 68.794
FHW13038	376.125 	 89.540 	 68.964
FHW13038	376.250 	 89.545 	 68.370
FHW13038	376.375 	 89.540 	 68.964
FHW13038	376.500 	 89.543 	 68.794
FHW13038	376.625 	 89.540 	 68.961
FHW13038	376.750 	 89.545 	 68.372
FHW13038	376.875 	 89.540 	 68.961
FHW13038	377.000 	 89.543 	 68.797
FHW13038	377.125 	 89.540 	 68.961
FHW13038	377.250 	 89.538 	 68.370
FHW13038	377.375 	 89.547 	 68.964
FHW13038	377.500 	 89.536 	 68.794
FHW13038	377.625 	 89.547 	 68.964
FHW13038	377.750 	 89.538 	 68.370
FHW13038	377.875 	 89.547 	 68.964
FHW13038	378.000 	 89.536 	 68.794
FHW13038	378.125 	 89.547 	 68.964
FHW13038	378.250 	 89.538 	 68.370
FHW13038	378.375 	 89.547 	 68.964
FHW13038	378.500 	 89.536 	 68.794
FHW13038	378.625 	 89.548 	 68.539
FHW13038	378.750 	 89.536 	 68.798
FHW13038	378.875 	 89.540 	 68.961
FHW13038	379.000 	 89.543 	 68.797
FHW13038	379.125 	 90.000 	 68.536
FHW13038	379.250 	 89.536 	 68.798
FHW13038	379.375 	 89.547 	 68.961
FHW13038	379.500 	 89.536 	 68.798
FHW13038	379.625 	 89.548 	 68.539
FHW13038	379.750 	 89.540 	 68.964
FHW13038	379.875 	 89.543 	 68.794
FHW13038	380.000 	 89.540 	 68.964
FHW13038	380.125 	 89.545 	 68.370
FHW13038	380.250 	 89.540 	 68.964
FHW13038	380.375 	 89.543 	 68.794
FHW13038	380.500 	 89.540 	 68.961
FHW13038	380.625 	 89.545 	 68.372
FHW13038	380.750 	 89.540 	 68.961
FHW13038	380.875 	 89.536 	 68.797
FHW13038	381.000 	 89.548 	 68.536
FHW13038	381.125 	 89.536 	 68.798
FHW13038	381.250 	 89.547 	 68.964
FHW13038	381.375 	 89.536 	 68.794
FHW13038	381.500 	 89.547 	 68.964
FHW13038	381.625 	 90.000 	 68.964
FHW13038	381.750 	 89.536 	 68.798
FHW13038	381.875 	 89.547 	 68.961
FHW13038	382.000 	 90.000 	 69.389
FHW13038	382.125 	 89.536 	 68.800
FHW13038	382.250 	 89.547 	 68.961
FHW13038	382.375 	 90.000 	 68.961
FHW13038	382.500 	 89.536 	 68.798
FHW13038	382.625 	 90.000 	 68.964
FHW13038	382.750 	 89.545 	 69.392
FHW13038	382.875 	 89.536 	 68.798
FHW13038	383.000 	 90.000 	 68.958
FHW13038	383.125 	 89.540 	 68.964
FHW13038	383.250 	 90.000 	 68.798
FHW13038	383.375 	 89.547 	 68.964
FHW13038	383.500 	 89.538 	 69.388
FHW13038	383.625 	 90.000 	 68.798
FHW13038	383.750 	 89.547 	 68.964
FHW13038	383.875 	 89.540 	 68.961
FHW13038	384.000 	 90.000 	 68.964
FHW13038	384.125 	 89.542 	 69.225
FHW13038	384.250 	 90.000 	 68.964
FHW13038	384.375 	 89.540 	 68.964
FHW13038	384.500 	 89.543 	 68.798
FHW13038	384.625 	 90.000 	 68.961
FHW13038	384.750 	 89.540 	 68.961
FHW13038	384.875 	 89.542 	 69.228
FHW13038	385.000 	 90.000 	 68.964
FHW13038	385.125 	 89.540 	 68.964
FHW13038	385.250 	 90.000 	 68.794
FHW13038	385.375 	 89.547 	 68.964
FHW13038	385.500 	 89.540 	 68.961
FHW13038	385.625 	 90.000 	 69.230
FHW13038	385.750 	 89.547 	 68.958
FHW13038	385.875 	 90.000 	 68.964
FHW13038	386.000 	 89.540 	 68.964
FHW13038	386.125 	 89.536 	 68.798
FHW13038	386.250 	 90.000 	 68.961
FHW13038	386.375 	 89.545 	 69.389
FHW13038	386.500 	 89.536 	 68.800
FHW13038	386.625 	 90.000 	 68.961
FHW13038	386.750 	 89.547 	 68.964
FHW13038	386.875 	 90.000 	 68.794
FHW13038	387.000 	 89.538 	 69.392
FHW13038	387.125 	 89.547 	 68.964
FHW13038	387.250 	 90.000 	 68.798
FHW13038	387.375 	 89.540 	 68.958
FHW13038	387.500 	 89.547 	 68.964
FHW13038	387.625 	 90.000 	 68.798
FHW13038	387.750 	 89.538 	 69.392
FHW13038	387.875 	 90.000 	 68.964
FHW13038	388.000 	 89.543 	 68.794
FHW13038	388.125 	 89.540 	 68.964
FHW13038	388.250 	 90.000 	 68.961
FHW13038	388.375 	 89.543 	 68.800
FHW13038	388.500 	 90.000 	 69.386
FHW13038	388.625 	 89.540 	 68.964
FHW13038	388.750 	 89.540 	 68.964
FHW13038	388.875 	 90.000 	 68.798
FHW13038	389.000 	 89.547 	 68.961
FHW13038	389.125 	 89.540 	 68.961
FHW13038	389.250 	 90.000 	 69.228
FHW13038	389.375 	 89.547 	 68.964
FHW13038	389.500 	 90.000 	 68.964
FHW13038	389.625 	 89.536 	 68.794
FHW13038	389.750 	 89.547 	 68.964
FHW13038	389.875 	 90.000 	 69.389
FHW13038	390.000 	 89.536 	 68.800
FHW13038	390.125 	 89.547 	 68.958
FHW13038	390.250 	 90.000 	 68.964
FHW13038	390.375 	 89.536 	 68.798
FHW13038	390.500 	 90.000 	 68.964
FHW13038	390.625 	 89.545 	 69.392
FHW13038	390.750 	 90.000 	 68.958
FHW13038	390.875 	 90.000 	 69.392
FHW13038	391.000 	 89.535 	 69.228
FHW13038	391.125 	 90.000 	 68.964
FHW13038	391.250 	 90.000 	 69.392
FHW13038	391.375 	 89.547 	 68.958
FHW13038	391.500 	 90.000 	 69.392
FHW13038	391.625 	 90.000 	 69.392
FHW13038	391.750 	 90.000 	 68.964
FHW13038	391.875 	 89.535 	 69.228
FHW13038	392.000 	 90.000 	 68.958
FHW13038	392.125 	 90.000 	 69.392
FHW13038	392.250 	 89.538 	 69.392
FHW13038	392.375 	 90.000 	 68.964
FHW13038	392.500 	 90.000 	 69.389
FHW13038	392.625 	 90.000 	 68.794
FHW13038	392.750 	 89.545 	 69.392
FHW13038	392.875 	 90.000 	 69.392
FHW13038	393.000 	 90.000 	 68.964
FHW13038	393.125 	 89.538 	 69.389
FHW13038	393.250 	 90.000 	 68.961
FHW13038	393.375 	 90.000 	 69.392
FHW13038	393.500 	 90.000 	 69.228
FHW13038	393.625 	 89.547 	 68.964
FHW13038	393.750 	 90.000 	 69.389
FHW13038	393.875 	 90.000 	 68.961
FHW13038	394.000 	 89.538 	 69.392
FHW13038	394.125 	 90.000 	 69.389
FHW13038	394.250 	 90.000 	 68.800
FHW13038	394.375 	 90.000 	 69.389
FHW13038	394.500 	 89.547 	 68.961
FHW13038	394.625 	 90.000 	 69.392
FHW13038	394.750 	 90.000 	 69.389
FHW13038	394.875 	 89.540 	 68.964
FHW13038	395.000 	 90.000 	 69.392
FHW13038	395.125 	 90.000 	 68.794
FHW13038	395.250 	 90.000 	 69.392
FHW13038	395.375 	 89.545 	 69.392
FHW13038	395.500 	 90.000 	 68.961
FHW13038	395.625 	 90.000 	 69.392
FHW13038	395.750 	 89.540 	 68.961
FHW13038	395.875 	 90.000 	 69.389
FHW13038	396.000 	 90.000 	 69.230
FHW13038	396.125 	 90.000 	 68.961
FHW13038	396.250 	 89.545 	 69.392
FHW13038	396.375 	 90.000 	 68.961
FHW13038	396.500 	 90.000 	 69.389
FHW13038	396.625 	 90.000 	 69.392
FHW13038	396.750 	 89.536 	 68.798
FHW13038	396.875 	 90.000 	 69.392
FHW13038	397.000 	 90.000 	 68.961
FHW13038	397.125 	 89.545 	 69.389
FHW13038	397.250 	 90.000 	 69.392
FHW13038	397.375 	 90.000 	 68.964
FHW13038	397.500 	 90.000 	 69.392
FHW13038	397.625 	 89.536 	 68.794
FHW13038	397.750 	 90.000 	 69.389
FHW13038	397.875 	 90.000 	 69.392
FHW13038	398.000 	 89.547 	 68.964
FHW13038	398.125 	 90.000 	 69.392
FHW13038	398.250 	 90.000 	 68.958
FHW13038	398.375 	 90.000 	 69.392
FHW13038	398.500 	 89.535 	 69.228
FHW13038	398.625 	 90.000 	 68.964
FHW13038	398.750 	 90.000 	 69.392
FHW13038	398.875 	 89.540 	 68.958
FHW13038	399.000 	 90.000 	 69.392
FHW13038	399.125 	 90.000 	 69.392
FHW13038	399.250 	 90.000 	 68.798
FHW13038	399.375 	 89.545 	 69.392
FHW13038	399.500 	 90.000 	 68.961
FHW13038	399.625 	 90.000 	 69.388
FHW13038	399.750 	 90.000 	 69.392
FHW13038	399.875 	 90.000 	 69.389
FHW13038	400.000 	 90.455 	 69.392
FHW13038	400.125 	 90.000 	 68.964
FHW13038	400.250 	 90.462 	 69.388
FHW13038	400.375 	 90.000 	 69.389
FHW13038	400.500 	 90.000 	 69.392
FHW13038	400.625 	 90.462 	 69.392
FHW13038	400.750 	 90.000 	 69.389
FHW13038	400.875 	 90.458 	 69.230
FHW13038	401.000 	 90.000 	 68.958
FHW13038	401.125 	 90.462 	 69.392
FHW13038	401.250 	 90.000 	 69.392
FHW13038	401.375 	 90.000 	 69.389
FHW13038	401.500 	 90.455 	 69.392
FHW13038	401.625 	 90.000 	 69.392
FHW13038	401.750 	 90.462 	 69.388
FHW13038	401.875 	 90.000 	 69.389
FHW13038	402.000 	 90.453 	 68.964
FHW13038	402.125 	 90.000 	 69.392
FHW13038	402.250 	 90.000 	 69.389
FHW13038	402.375 	 90.462 	 69.388
FHW13038	402.500 	 90.000 	 69.392
FHW13038	402.625 	 90.455 	 69.392
FHW13038	402.750 	 90.000 	 69.389
FHW13038	402.875 	 90.460 	 68.964
FHW13038	403.000 	 90.000 	 69.392
FHW13038	403.125 	 90.000 	 69.386
FHW13038	403.250 	 90.458 	 69.230
FHW13038	403.375 	 90.000 	 69.389
FHW13038	403.500 	 90.462 	 69.392
FHW13038	403.625 	 90.000 	 69.392
FHW13038	403.750 	 90.455 	 69.389
FHW13038	403.875 	 90.000 	 68.961
FHW13038	404.000 	 90.000 	 69.392
FHW13038	404.125 	 90.462 	 69.392
FHW13038	404.250 	 90.000 	 69.389
FHW13038	404.375 	 90.455 	 69.392
FHW13038	404.500 	 90.000 	 69.388
FHW13038	404.625 	 90.462 	 69.389
FHW13038	404.750 	 90.000 	 69.392
FHW13038	404.875 	 90.000 	 68.964
FHW13038	405.000 	 90.462 	 69.392
FHW13038	405.125 	 90.000 	 69.389
FHW13038	405.250 	 90.455 	 69.388
FHW13038	405.375 	 90.000 	 69.392
FHW13038	405.500 	 90.462 	 69.389
FHW13038	405.625 	 90.000 	 69.392
FHW13038	405.750 	 90.000 	 68.798
FHW13038	405.875 	 90.455 	 69.388
FHW13038	406.000 	 90.000 	 69.392
FHW13038	406.125 	 90.462 	 69.389
FHW13038	406.250 	 90.000 	 69.392
FHW13038	406.375 	 90.000 	 69.392
FHW13038	406.500 	 90.455 	 69.392
FHW13038	406.625 	 90.000 	 69.386
FHW13038	406.750 	 90.460 	 68.964
FHW13038	406.875 	 90.000 	 69.392
FHW13038	407.000 	 90.455 	 69.389
FHW13038	407.125 	 90.000 	 69.392
FHW13038	407.250 	 90.000 	 69.392
FHW13038	407.375 	 90.462 	 69.388
FHW13038	407.500 	 90.000 	 69.389
FHW13038	407.625 	 90.453 	 68.964
FHW13038	407.750 	 90.000 	 69.392
FHW13038	407.875 	 90.462 	 69.389
FHW13038	408.000 	 90.000 	 69.388
FHW13038	408.125 	 90.000 	 69.228
FHW13038	408.250 	 90.455 	 69.392
FHW13038	408.375 	 90.000 	 69.392
FHW13038	408.500 	 90.462 	 69.389
FHW13038	408.625 	 90.000 	 68.964
FHW13038	408.750 	 90.462 	 69.388
FHW13038	408.875 	 90.000 	 69.392
FHW13038	409.000 	 90.455 	 69.389
FHW13038	409.125 	 90.462 	 69.392
FHW13038	409.250 	 90.456 	 69.822
FHW13038	409.375 	 90.000 	 69.389
FHW13038	409.500 	 90.462 	 69.388
FHW13038	409.625 	 90.451 	 69.550
FHW13038	409.750 	 90.462 	 69.392
FHW13038	409.875 	 90.455 	 69.392
FHW13038	410.000 	 90.462 	 69.392
FHW13038	410.125 	 90.000 	 69.819
FHW13038	410.250 	 90.455 	 69.388
FHW13038	410.375 	 90.462 	 69.392
FHW13038	410.500 	 90.455 	 69.389
FHW13038	410.625 	 90.462 	 69.392
FHW13038	410.750 	 90.462 	 69.392
FHW13038	410.875 	 90.000 	 69.392
FHW13038	411.000 	 90.456 	 69.819
FHW13038	411.125 	 90.462 	 69.388
FHW13038	411.250 	 90.455 	 69.392
FHW13038	411.375 	 90.462 	 69.389
FHW13038	411.500 	 90.455 	 69.392
FHW13038	411.625 	 90.462 	 69.392
FHW13038	411.750 	 90.000 	 69.389
FHW13038	411.875 	 90.456 	 69.818
FHW13038	412.000 	 90.462 	 69.392
FHW13038	412.125 	 90.451 	 69.550
FHW13038	412.250 	 90.462 	 69.392
FHW13038	412.375 	 90.455 	 69.392
FHW13038	412.500 	 90.000 	 69.389
FHW13038	412.625 	 90.462 	 69.388
FHW13038	412.750 	 90.456 	 69.822
FHW13038	412.875 	 90.462 	 69.389
FHW13038	413.000 	 90.462 	 69.392
FHW13038	413.125 	 90.455 	 69.392
FHW13038	413.250 	 90.000 	 69.392
FHW13038	413.375 	 90.462 	 69.386
FHW13038	413.500 	 90.455 	 69.392
FHW13038	413.625 	 90.463 	 69.822
FHW13038	413.750 	 90.455 	 69.389
FHW13038	413.875 	 90.462 	 69.392
FHW13038	414.000 	 90.000 	 69.392
FHW13038	414.125 	 90.455 	 69.392
FHW13038	414.250 	 90.462 	 69.386
FHW13038	414.375 	 90.455 	 69.392
FHW13038	414.500 	 90.463 	 69.822
FHW13038	414.625 	 90.451 	 69.550
FHW13038	414.750 	 90.000 	 69.392
FHW13038	414.875 	 90.462 	 69.389
FHW13038	415.000 	 90.462 	 69.388
FHW13038	415.125 	 90.455 	 69.392
FHW13038	415.250 	 90.462 	 69.392
FHW13038	415.375 	 90.456 	 69.819
FHW13038	415.500 	 90.462 	 69.392
FHW13038	415.625 	 90.000 	 69.392
FHW13038	415.750 	 90.455 	 69.389
FHW13038	415.875 	 90.462 	 69.388
FHW13038	416.000 	 90.455 	 69.392
FHW13038	416.125 	 90.462 	 69.389
FHW13038	416.250 	 90.456 	 69.822
FHW13038	416.375 	 90.000 	 69.392
FHW13038	416.500 	 90.462 	 69.392
FHW13038	416.625 	 90.455 	 69.386
FHW13038	416.750 	 90.462 	 69.392
FHW13038	416.875 	 90.455 	 69.392
FHW13038	417.000 	 90.462 	 69.389
FHW13038	417.125 	 90.000 	 69.980
FHW13038	417.250 	 90.462 	 69.389
FHW13038	417.375 	 90.455 	 69.388
FHW13038	417.500 	 90.462 	 69.392
FHW13038	417.625 	 90.455 	 69.392
FHW13038	417.750 	 90.462 	 69.389
FHW13038	417.875 	 90.000 	 69.392
FHW13038	418.000 	 90.456 	 69.822
FHW13038	418.125 	 90.462 	 69.389
FHW13038	418.250 	 89.537 	 69.818
FHW13038	418.375 	 90.000 	 69.978
FHW13038	418.500 	 90.000 	 69.822
FHW13038	418.625 	 89.544 	 69.822
FHW13038	418.750 	 90.000 	 69.550
FHW13038	418.875 	 90.000 	 69.822
FHW13038	419.000 	 89.537 	 69.819
FHW13038	419.125 	 90.000 	 69.980
FHW13038	419.250 	 90.000 	 69.819
FHW13038	419.375 	 90.000 	 69.822
FHW13038	419.500 	 89.548 	 69.974
FHW13038	419.625 	 90.000 	 69.392
FHW13038	419.750 	 90.000 	 69.822
FHW13038	419.875 	 89.537 	 69.822
FHW13038	420.000 	 90.000 	 69.978
FHW13038	420.125 	 90.000 	 69.819
FHW13038	420.250 	 89.544 	 69.822
FHW13038	420.375 	 90.000 	 69.978
FHW13038	420.500 	 90.000 	 69.392
FHW13038	420.625 	 90.000 	 69.818
FHW13038	420.750 	 89.541 	 69.978
FHW13038	420.875 	 90.000 	 69.822
FHW13038	421.000 	 90.000 	 69.822
FHW13038	421.125 	 89.541 	 69.978
FHW13038	421.250 	 90.000 	 69.822
FHW13038	421.375 	 90.000 	 69.389
FHW13038	421.500 	 89.548 	 69.978
FHW13038	421.625 	 90.000 	 69.822
FHW13038	421.750 	 90.000 	 69.818
FHW13038	421.875 	 89.541 	 69.978
FHW13038	422.000 	 90.000 	 69.822
FHW13038	422.125 	 90.000 	 69.822
FHW13038	422.250 	 90.000 	 69.550
FHW13038	422.375 	 89.544 	 69.822
FHW13038	422.500 	 90.000 	 69.819
FHW13038	422.625 	 90.000 	 69.822
FHW13038	422.750 	 89.541 	 69.978
FHW13038	422.875 	 90.000 	 69.822
FHW13038	423.000 	 90.000 	 69.818
FHW13038	423.125 	 89.549 	 69.550
FHW13038	423.250 	 90.000 	 69.822
FHW13038	423.375 	 90.000 	 69.819
FHW13038	423.500 	 89.541 	 69.980
FHW13038	423.625 	 90.000 	 69.819
FHW13038	423.750 	 90.000 	 69.822
FHW13038	423.875 	 90.000 	 69.978
FHW13038	424.000 	 89.545 	 69.392
FHW13038	424.125 	 90.000 	 69.818
FHW13038	424.250 	 90.000 	 69.978
FHW13038	424.375 	 89.537 	 69.822
FHW13038	424.500 	 90.000 	 69.819
FHW13038	424.625 	 90.000 	 69.980
FHW13038	424.750 	 89.544 	 69.819
FHW13038	424.875 	 90.000 	 69.392
FHW13038	425.000 	 90.000 	 69.822
FHW13038	425.125 	 90.000 	 69.978
FHW13038	425.250 	 89.537 	 69.818
FHW13038	425.375 	 90.000 	 69.819
FHW13038	425.500 	 90.000 	 69.980
FHW13038	425.625 	 89.544 	 69.819
FHW13038	425.750 	 90.000 	 69.392
FHW13038	425.875 	 90.000 	 69.978
FHW13038	426.000 	 89.537 	 69.819
FHW13038	426.125 	 90.000 	 69.822
FHW13038	426.250 	 90.000 	 69.980
FHW13038	426.375 	 89.544 	 69.822
FHW13038	426.500 	 90.000 	 69.818
FHW13038	426.625 	 90.000 	 69.548
FHW13038	426.750 	 90.000 	 69.822
FHW13038	426.875 	 89.537 	 69.822
FHW13038	427.000 	 90.000 	 69.980
FHW13038	427.125 	 90.000 	 69.822
FHW13038	427.250 	 89.537 	 69.817
FHW13038	427.375 	 90.000 	 69.980
FHW13038	427.500 	 89.543 	 70.254
FHW13038	427.625 	 89.541 	 69.975
FHW13038	427.750 	 90.000 	 70.254
FHW13038	427.875 	 89.548 	 69.977
FHW13038	428.000 	 89.536 	 70.254
FHW13038	428.125 	 90.000 	 69.975
FHW13038	428.250 	 89.546 	 70.410
FHW13038	428.375 	 90.000 	 69.822
FHW13038	428.500 	 89.539 	 70.410
FHW13038	428.625 	 89.544 	 69.817
FHW13038	428.750 	 90.000 	 70.410
FHW13038	428.875 	 89.537 	 69.822
FHW13038	429.000 	 89.546 	 70.405
FHW13038	429.125 	 90.000 	 69.822
FHW13038	429.250 	 89.539 	 70.410
FHW13038	429.375 	 89.544 	 69.822
FHW13038	429.500 	 90.000 	 69.975
FHW13038	429.625 	 89.539 	 70.410
FHW13038	429.750 	 90.000 	 69.822
FHW13038	429.875 	 89.539 	 70.410
FHW13038	430.000 	 89.544 	 69.813
FHW13038	430.125 	 90.000 	 70.410
FHW13038	430.250 	 89.537 	 69.822
FHW13038	430.375 	 89.546 	 70.410
FHW13038	430.500 	 90.000 	 69.817
FHW13038	430.625 	 89.539 	 70.410
FHW13038	430.750 	 90.000 	 69.822
FHW13038	430.875 	 89.546 	 70.405
FHW13038	431.000 	 89.537 	 69.822
FHW13038	431.125 	 90.000 	 70.410
FHW13038	431.250 	 89.548 	 69.980
FHW13038	431.375 	 89.536 	 70.249
FHW13038	431.500 	 90.000 	 69.980
FHW13038	431.625 	 89.543 	 70.254
FHW13038	431.750 	 89.541 	 69.980
FHW13038	431.875 	 90.000 	 69.813
FHW13038	432.000 	 89.546 	 70.410
FHW13038	432.125 	 90.000 	 69.822
FHW13038	432.250 	 89.539 	 70.405
FHW13038	432.375 	 89.544 	 69.822
FHW13038	432.500 	 90.000 	 70.410
FHW13038	432.625 	 89.541 	 69.980
FHW13038	432.750 	 89.536 	 70.249
FHW13038	432.875 	 90.000 	 69.980
FHW13038	433.000 	 89.543 	 70.254
FHW13038	433.125 	 90.000 	 69.980
FHW13038	433.250 	 89.536 	 70.249
FHW13038	433.375 	 89.548 	 69.980
FHW13038	433.500 	 90.000 	 70.254
FHW13038	433.625 	 89.541 	 69.980
FHW13038	433.750 	 89.543 	 70.249
FHW13038	433.875 	 90.000 	 69.980
FHW13038	434.000 	 89.536 	 70.254
FHW13038	434.125 	 89.547 	 69.972
FHW13038	434.250 	 90.000 	 69.980
FHW13038	434.375 	 89.536 	 70.254
FHW13038	434.500 	 90.000 	 69.980
FHW13038	434.625 	 89.543 	 70.249
FHW13038	434.750 	 89.541 	 69.980
FHW13038	434.875 	 90.000 	 70.254
FHW13038	435.000 	 89.548 	 69.980
FHW13038	435.125 	 89.536 	 70.249
FHW13038	435.250 	 90.000 	 69.980
FHW13038	435.375 	 89.536 	 70.254
FHW13038	435.500 	 89.548 	 69.980
FHW13038	435.625 	 90.000 	 70.405
FHW13038	435.750 	 89.537 	 69.822
FHW13038	435.875 	 90.000 	 70.410
FHW13038	436.000 	 89.544 	 69.813
FHW13038	436.125 	 89.539 	 70.410
FHW13038	436.250 	 90.000 	 69.822
FHW13038	436.375 	 89.546 	 70.410
FHW13038	436.500 	 90.000 	 69.817
FHW13038	436.625 	 90.456 	 69.822
FHW13038	436.750 	 90.458 	 69.553
FHW13038	436.875 	 90.456 	 69.822
FHW13038	437.000 	 90.000 	 69.822
FHW13038	437.125 	 90.459 	 69.975
FHW13038	437.250 	 90.456 	 69.822
FHW13038	437.375 	 90.463 	 69.818
FHW13038	437.500 	 90.000 	 69.980
FHW13038	437.625 	 90.462 	 69.387
FHW13038	437.750 	 90.456 	 69.822
FHW13038	437.875 	 90.459 	 69.980
FHW13038	438.000 	 90.000 	 69.822
FHW13038	438.125 	 90.456 	 69.822
FHW13038	438.250 	 90.459 	 69.975
FHW13038	438.375 	 90.456 	 69.822
FHW13038	438.500 	 90.462 	 69.388
FHW13038	438.625 	 90.000 	 69.980
FHW13038	438.750 	 90.456 	 69.817
FHW13038	438.875 	 90.463 	 69.822
FHW13038	439.000 	 90.456 	 69.822
FHW13038	439.125 	 90.000 	 69.980
FHW13038	439.250 	 90.463 	 69.822
FHW13038	439.375 	 90.455 	 69.387
FHW13038	439.500 	 90.459 	 69.980
FHW13038	439.625 	 90.463 	 69.822
FHW13038	439.750 	 90.000 	 69.818
FHW13038	439.875 	 90.453 	 69.975
FHW13038	440.000 	 90.463 	 69.822
FHW13038	440.125 	 90.456 	 69.822
FHW13038	440.250 	 90.000 	 69.553
FHW13038	440.375 	 90.463 	 69.822
FHW13038	440.500 	 90.456 	 69.817
FHW13038	440.625 	 90.459 	 69.980
FHW13038	440.750 	 90.456 	 69.822
FHW13038	440.875 	 90.000 	 69.822
FHW13038	441.000 	 90.459 	 69.972
FHW13038	441.125 	 90.455 	 69.392
FHW13038	441.250 	 90.463 	 69.822
FHW13038	441.375 	 90.000 	 69.822
FHW13038	441.500 	 90.452 	 69.980
FHW13038	441.625 	 90.463 	 69.822
FHW13038	441.750 	 90.456 	 69.817
FHW13038	441.875 	 90.459 	 69.980
FHW13038	442.000 	 90.000 	 69.392
FHW13038	442.125 	 90.463 	 69.818
FHW13038	442.250 	 90.453 	 69.975
FHW13038	442.375 	 90.463 	 69.822
FHW13038	442.500 	 90.000 	 69.822
FHW13038	442.625 	 90.452 	 69.980
FHW13038	442.750 	 90.463 	 69.822
FHW13038	442.875 	 90.455 	 69.387
FHW13038	443.000 	 90.000 	 69.980
FHW13038	443.125 	 90.463 	 69.822
FHW13038	443.250 	 90.456 	 69.818
FHW13038	443.375 	 90.459 	 69.975
FHW13038	443.500 	 90.456 	 69.822
FHW13038	443.625 	 90.000 	 69.822
FHW13038	443.750 	 90.463 	 69.822
FHW13038	443.875 	 90.451 	 69.553
FHW13038	444.000 	 90.463 	 69.817
FHW13038	444.125 	 90.000 	 69.822
FHW13038	444.250 	 90.459 	 69.980
FHW13038	444.375 	 90.456 	 69.822
FHW13038	444.500 	 90.463 	 69.818
FHW13038	444.625 	 90.453 	 69.975
FHW13038	444.750 	 90.000 	 69.392
FHW13038	444.875 	 90.463 	 69.822
FHW13038	445.000 	 90.452 	 69.980
FHW13038	445.125 	 90.463 	 69.817
FHW13038	445.250 	 90.000 	 69.822
FHW13038	445.375 	 90.452 	 69.980
FHW13038	445.500 	 90.463 	 69.822
FHW13038	445.625 	 90.455 	 69.388
FHW13038	445.750 	 90.916 	 69.387
FHW13038	445.875 	 90.462 	 69.392
FHW13038	446.000 	 90.916 	 69.392
FHW13038	446.125 	 90.916 	 69.392
FHW13038	446.250 	 90.916 	 69.392
FHW13038	446.375 	 90.916 	 69.388
FHW13038	446.500 	 90.916 	 69.392
FHW13038	446.625 	 90.916 	 69.387
FHW13038	446.750 	 90.462 	 69.392
FHW13038	446.875 	 90.916 	 69.392
FHW13038	447.000 	 90.916 	 69.392
FHW13038	447.125 	 90.916 	 69.388
FHW13038	447.250 	 90.916 	 69.392
FHW13038	447.375 	 90.916 	 69.392
FHW13038	447.500 	 90.462 	 69.387
FHW13038	447.625 	 90.916 	 69.392
FHW13038	447.750 	 90.916 	 69.392
FHW13038	447.875 	 90.916 	 69.388
FHW13038	448.000 	 90.916 	 69.392
FHW13038	448.125 	 90.916 	 69.392
FHW13038	448.250 	 90.462 	 69.392
FHW13038	448.375 	 90.916 	 69.387
FHW13038	448.500 	 90.916 	 69.392
FHW13038	448.625 	 90.916 	 69.388
FHW13038	448.750 	 90.916 	 69.392
FHW13038	448.875 	 90.916 	 69.392
FHW13038	449.000 	 90.916 	 69.392
FHW13038	449.125 	 90.462 	 69.392
FHW13038	449.250 	 90.923 	 69.228
FHW13038	449.375 	 90.916 	 69.383
FHW13038	449.500 	 90.916 	 69.392
FHW13038	449.625 	 90.916 	 69.392
FHW13038	449.750 	 90.914 	 68.964
FHW13038	449.875 	 90.462 	 69.392
FHW13038	450.000 	 90.916 	 69.388
FHW13038	450.125 	 90.916 	 69.392
FHW13038	450.250 	 90.916 	 69.387
FHW13038	450.375 	 90.916 	 69.392
FHW13038	450.500 	 90.916 	 69.392
FHW13038	450.625 	 90.916 	 69.392
FHW13038	450.750 	 90.462 	 69.388
FHW13038	450.875 	 90.916 	 69.392
FHW13038	451.000 	 90.916 	 69.392
FHW13038	451.125 	 90.916 	 69.387
FHW13038	451.250 	 90.916 	 69.392
FHW13038	451.375 	 90.916 	 69.392
FHW13038	451.500 	 90.455 	 69.388
FHW13038	451.625 	 90.923 	 69.392
FHW13038	451.750 	 90.916 	 69.392
FHW13038	451.875 	 90.916 	 69.392
FHW13038	452.000 	 90.916 	 69.387
FHW13038	452.125 	 90.916 	 69.392
FHW13038	452.250 	 90.455 	 69.388
FHW13038	452.375 	 90.916 	 69.392
FHW13038	452.500 	 90.916 	 69.392
FHW13038	452.625 	 90.923 	 69.392
FHW13038	452.750 	 90.916 	 69.392
FHW13038	452.875 	 90.916 	 69.387
FHW13038	453.000 	 90.916 	 69.388
FHW13038	453.125 	 90.455 	 69.392
FHW13038	453.250 	 90.916 	 69.392
FHW13038	453.375 	 90.916 	 69.392
FHW13038	453.500 	 90.923 	 69.392
FHW13038	453.625 	 90.916 	 69.392
FHW13038	453.750 	 90.916 	 69.383
FHW13038	453.875 	 90.455 	 69.392
FHW13038	454.000 	 90.916 	 69.392
FHW13038	454.125 	 90.916 	 69.392
FHW13038	454.250 	 90.923 	 69.228
FHW13038	454.375 	 90.916 	 69.392
FHW13038	454.500 	 90.920 	 68.961
FHW13038	454.625 	 90.916 	 69.392
FHW13038	454.750 	 90.455 	 69.392
FHW13038	454.875 	 90.916 	 69.387
FHW13038	455.000 	 90.916 	 69.392
FHW13038	455.125 	 90.916 	 69.392
FHW13038	455.250 	 90.916 	 69.388
FHW13038	455.375 	 90.923 	 69.392
FHW13038	455.500 	 90.455 	 69.392
FHW13038	455.625 	 90.916 	 69.392
FHW13038	455.750 	 90.914 	 68.959
FHW13038	455.875 	 90.916 	 69.388
FHW13038	456.000 	 90.916 	 69.392
FHW13038	456.125 	 90.916 	 69.392
FHW13038	456.250 	 90.462 	 69.392
FHW13038	456.375 	 90.916 	 69.392
FHW13038	456.500 	 90.916 	 69.392
FHW13038	456.625 	 90.923 	 69.225
FHW13038	456.750 	 90.914 	 68.959
FHW13038	456.875 	 90.916 	 69.392
FHW13038	457.000 	 90.462 	 69.392
FHW13038	457.125 	 90.916 	 69.392
FHW13038	457.250 	 90.916 	 69.392
FHW13038	457.375 	 90.916 	 69.388
FHW13038	457.500 	 90.916 	 69.392
FHW13038	457.625 	 90.916 	 69.387
FHW13038	457.750 	 90.460 	 68.964
FHW13038	457.875 	 90.916 	 69.392
FHW13038	458.000 	 90.916 	 69.388
FHW13038	458.125 	 90.916 	 69.392
FHW13038	458.250 	 90.916 	 69.392
FHW13038	458.375 	 90.462 	 69.392
FHW13038	458.500 	 90.916 	 69.387
FHW13038	458.625 	 90.923 	 69.233
FHW13038	458.750 	 90.914 	 68.956
FHW13038	458.875 	 90.916 	 69.392
FHW13038	459.000 	 90.916 	 69.392
FHW13038	459.125 	 90.455 	 69.392
FHW13038	459.250 	 90.923 	 69.392
FHW13038	459.375 	 90.916 	 69.392
FHW13038	459.500 	 90.916 	 69.388
FHW13038	459.625 	 90.914 	 68.959
FHW13038	459.750 	 90.916 	 69.392
FHW13038	459.875 	 90.455 	 69.392
FHW13038	460.000 	 90.916 	 69.392
FHW13038	460.125 	 90.923 	 69.388
FHW13038	460.250 	 90.916 	 69.392
FHW13038	460.375 	 90.916 	 69.392
FHW13038	460.500 	 90.916 	 69.387
FHW13038	460.625 	 90.457 	 68.798
FHW13038	460.750 	 90.916 	 69.392
FHW13038	460.875 	 90.916 	 69.388
FHW13038	461.000 	 90.916 	 69.392
FHW13038	461.125 	 90.923 	 69.392
FHW13038	461.250 	 90.916 	 69.392
FHW13038	461.375 	 90.455 	 69.392
FHW13038	461.500 	 90.916 	 69.387
FHW13038	461.625 	 90.914 	 68.961
FHW13038	461.750 	 90.916 	 69.392
FHW13038	461.875 	 90.916 	 69.392
FHW13038	462.000 	 90.923 	 69.392
FHW13038	462.125 	 90.455 	 69.392
FHW13038	462.250 	 90.916 	 69.388
FHW13038	462.375 	 90.916 	 69.387
FHW13038	462.500 	 90.916 	 69.392
FHW13038	462.625 	 90.920 	 68.798
FHW13038	462.750 	 90.916 	 69.392
FHW13038	462.875 	 90.462 	 69.392
FHW13038	463.000 	 90.916 	 69.388
FHW13038	463.125 	 90.916 	 69.392
FHW13038	463.250 	 90.916 	 69.392
FHW13038	463.375 	 90.916 	 69.392
FHW13038	463.500 	 90.916 	 69.387
FHW13038	463.625 	 90.460 	 68.961
FHW13038	463.750 	 90.916 	 69.392
FHW13038	463.875 	 90.916 	 69.392
FHW13038	464.000 	 90.462 	 69.392
FHW13038	464.125 	 90.455 	 69.392
FHW13038	464.250 	 90.462 	 69.392
FHW13038	464.375 	 90.000 	 69.383
FHW13038	464.500 	 90.455 	 69.392
FHW13038	464.625 	 90.000 	 68.964
FHW13038	464.750 	 90.465 	 69.228
FHW13038	464.875 	 90.000 	 69.392
FHW13038	465.000 	 90.455 	 69.392
FHW13038	465.125 	 90.000 	 69.388
FHW13038	465.250 	 90.462 	 69.392
FHW13038	465.375 	 90.000 	 69.387
FHW13038	465.500 	 90.455 	 69.392
FHW13038	465.625 	 90.000 	 68.964
FHW13038	465.750 	 90.462 	 69.388
FHW13038	465.875 	 90.000 	 69.392
FHW13038	466.000 	 90.455 	 69.392
FHW13038	466.125 	 90.462 	 69.392
FHW13038	466.250 	 90.000 	 69.387
FHW13038	466.375 	 90.455 	 69.392
FHW13038	466.500 	 90.000 	 69.388
FHW13038	466.625 	 90.460 	 68.964
FHW13038	466.750 	 90.000 	 69.392
FHW13038	466.875 	 90.455 	 69.392
FHW13038	467.000 	 90.000 	 69.392
FHW13038	467.125 	 90.462 	 69.387
FHW13038	467.250 	 90.000 	 69.388
FHW13038	467.375 	 90.465 	 69.228
FHW13038	467.500 	 90.000 	 69.392
FHW13038	467.625 	 90.453 	 68.964
FHW13038	467.750 	 90.000 	 69.392
FHW13038	467.875 	 90.462 	 69.388
FHW13038	468.000 	 90.455 	 69.392
FHW13038	468.125 	 90.000 	 69.392
FHW13038	468.250 	 90.462 	 69.387
FHW13038	468.375 	 90.000 	 69.392
FHW13038	468.500 	 90.455 	 69.392
FHW13038	468.625 	 90.000 	 68.961
FHW13038	468.750 	 90.462 	 69.392
FHW13038	468.875 	 90.000 	 69.392
FHW13038	469.000 	 90.455 	 69.392
FHW13038	469.125 	 90.000 	 69.387
FHW13038	469.250 	 90.462 	 69.392
FHW13038	469.375 	 90.000 	 69.388
FHW13038	469.500 	 90.455 	 69.392
FHW13038	469.625 	 90.460 	 68.964
FHW13038	469.750 	 90.000 	 69.392
FHW13038	469.875 	 90.458 	 69.228
FHW13038	470.000 	 90.000 	 69.388
FHW13038	470.125 	 90.462 	 69.387
FHW13038	470.250 	 90.000 	 69.392
FHW13038	470.375 	 90.462 	 69.392
FHW13038	470.500 	 90.000 	 69.392
FHW13038	470.625 	 90.455 	 69.392
FHW13038	470.750 	 90.000 	 68.961
FHW13038	470.875 	 90.462 	 69.392
FHW13038	471.000 	 90.000 	 69.387
FHW13038	471.125 	 90.455 	 69.392
FHW13038	471.250 	 90.000 	 69.392
FHW13038	471.375 	 90.462 	 69.392
FHW13038	471.500 	 90.455 	 69.388
FHW13038	471.625 	 90.000 	 69.392
FHW13038	471.750 	 90.460 	 68.964
FHW13038	471.875 	 90.000 	 69.387
FHW13038	472.000 	 90.455 	 69.392
FHW13038	472.125 	 90.000 	 69.388
FHW13038	472.250 	 90.462 	 69.392
FHW13038	472.375 	 90.000 	 69.392
FHW13038	472.500 	 90.458 	 69.228
FHW13038	472.625 	 90.000 	 69.392
FHW13038	472.750 	 90.460 	 68.964
FHW13038	472.875 	 90.000 	 69.388
FHW13038	473.000 	 90.455 	 69.387
FHW13038	473.125 	 90.000 	 69.392
FHW13038	473.250 	 90.462 	 69.392
FHW13038	473.375 	 89.538 	 69.392
FHW13038	473.500 	 90.000 	 68.961
FHW13038	473.625 	 89.545 	 69.392
FHW13038	473.750 	 89.538 	 69.387
FHW13038	473.875 	 89.547 	 68.964
FHW13038	474.000 	 90.000 	 69.228
FHW13038	474.125 	 89.538 	 69.392
FHW13038	474.250 	 89.547 	 68.961
FHW13038	474.375 	 90.000 	 69.392
FHW13038	474.500 	 89.540 	 68.964
FHW13038	474.625 	 89.545 	 69.392
FHW13038	474.750 	 90.000 	 69.392
FHW13038	474.875 	 89.536 	 68.794
FHW13038	475.000 	 89.545 	 69.392
FHW13038	475.125 	 89.538 	 69.387
FHW13038	475.250 	 90.000 	 68.964
FHW13038	475.375 	 89.545 	 69.392
FHW13038	475.500 	 89.538 	 69.388
FHW13038	475.625 	 90.000 	 68.964
FHW13038	475.750 	 89.538 	 69.392
FHW13038	475.875 	 89.542 	 69.228
FHW13038	476.000 	 89.540 	 68.964
FHW13038	476.125 	 90.000 	 69.383
FHW13038	476.250 	 89.545 	 69.392
FHW13038	476.375 	 89.540 	 68.964
FHW13038	476.500 	 90.000 	 69.392
FHW13038	476.625 	 89.545 	 69.392
FHW13038	476.750 	 89.536 	 68.794
FHW13038	476.875 	 89.545 	 69.392
FHW13038	477.000 	 90.000 	 69.392
FHW13038	477.125 	 89.540 	 68.964
FHW13038	477.250 	 89.545 	 69.387
FHW13038	477.375 	 90.000 	 69.392
FHW13038	477.500 	 89.540 	 68.961
FHW13038	477.625 	 89.545 	 69.392
FHW13038	477.750 	 89.536 	 68.798
FHW13038	477.875 	 90.000 	 69.392
FHW13038	478.000 	 89.538 	 69.392
FHW13038	478.125 	 89.547 	 68.961
FHW13038	478.250 	 90.000 	 69.387
FHW13038	478.375 	 89.538 	 69.392
FHW13038	478.500 	 89.547 	 68.964
FHW13038	478.625 	 90.000 	 69.228
FHW13038	478.750 	 89.538 	 69.388
FHW13038	478.875 	 89.547 	 68.964
FHW13038	479.000 	 89.538 	 69.392
FHW13038	479.125 	 90.000 	 69.392
FHW13038	479.250 	 89.547 	 68.964
FHW13038	479.375 	 89.538 	 69.383
FHW13038	479.500 	 90.000 	 69.392
FHW13038	479.625 	 89.543 	 68.798
FHW13038	479.750 	 89.538 	 69.392
FHW13038	479.875 	 89.545 	 69.392
FHW13038	480.000 	 90.000 	 68.961
FHW13038	480.125 	 89.538 	 69.392
FHW13038	480.250 	 89.545 	 69.392
FHW13038	480.375 	 90.000 	 68.959
FHW13038	480.500 	 89.535 	 69.233
FHW13038	480.625 	 89.540 	 68.956
FHW13038	480.750 	 89.545 	 69.392
FHW13038	480.875 	 90.000 	 69.392
FHW13038	481.000 	 89.540 	 68.964
FHW13038	481.125 	 89.545 	 69.392
FHW13038	481.250 	 90.000 	 69.392
FHW13038	481.375 	 89.536 	 68.794
FHW13038	481.500 	 89.545 	 69.392
FHW13038	481.625 	 90.000 	 69.392
FHW13038	481.750 	 89.540 	 68.959
FHW13038	481.875 	 89.545 	 69.392
FHW13038	482.000 	 89.538 	 69.388
FHW13038	482.125 	 90.000 	 68.964
FHW13038	482.250 	 89.545 	 69.392
FHW13038	482.375 	 89.535 	 69.228
FHW13038	482.500 	 89.547 	 68.964
FHW13038	482.625 	 89.077 	 69.388
FHW13038	482.750 	 89.545 	 69.387
FHW13038	482.875 	 89.540 	 68.964
FHW13038	483.000 	 89.545 	 69.392
FHW13038	483.125 	 89.084 	 69.392
FHW13038	483.250 	 89.536 	 68.794
FHW13038	483.375 	 89.545 	 69.392
FHW13038	483.500 	 89.084 	 69.392
FHW13038	483.625 	 89.540 	 68.964
FHW13038	483.750 	 89.545 	 69.392
FHW13038	483.875 	 89.086 	 68.956
FHW13038	484.000 	 89.538 	 69.392
FHW13038	484.125 	 89.538 	 69.392
FHW13038	484.250 	 89.080 	 68.798
FHW13038	484.375 	 89.545 	 69.392
FHW13038	484.500 	 89.538 	 69.392
FHW13038	484.625 	 89.547 	 68.961
FHW13038	484.750 	 89.084 	 69.392
FHW13038	484.875 	 89.538 	 69.387
FHW13038	485.000 	 89.547 	 68.964
FHW13038	485.125 	 89.077 	 69.228
FHW13038	485.250 	 89.538 	 69.388
FHW13038	485.375 	 89.540 	 68.964
FHW13038	485.500 	 89.084 	 69.392
FHW13038	485.625 	 89.545 	 69.392
FHW13038	485.750 	 89.540 	 68.964
FHW13038	485.875 	 89.084 	 69.388
FHW13038	486.000 	 89.542 	 69.228
FHW13038	486.125 	 89.540 	 68.959
FHW13038	486.250 	 89.084 	 69.392
FHW13038	486.375 	 89.545 	 69.392
FHW13038	486.500 	 89.540 	 68.961
FHW13038	486.625 	 89.545 	 69.392
FHW13038	486.750 	 89.077 	 69.392
FHW13038	486.875 	 89.543 	 68.798
FHW13038	487.000 	 89.538 	 69.392
FHW13038	487.125 	 89.084 	 69.388
FHW13038	487.250 	 89.547 	 68.959
FHW13038	487.375 	 89.538 	 69.392
FHW13038	487.500 	 89.086 	 68.964
FHW13038	487.625 	 89.545 	 69.392
FHW13038	487.750 	 89.538 	 69.388
FHW13038	487.875 	 89.080 	 68.798
FHW13038	488.000 	 89.538 	 69.392
FHW13038	488.125 	 89.545 	 69.392
FHW13038	488.250 	 89.540 	 68.964
FHW13038	488.375 	 89.084 	 69.387
FHW13038	488.500 	 89.545 	 69.388
FHW13038	488.625 	 89.540 	 68.964
FHW13038	488.750 	 89.077 	 69.228
FHW13038	488.875 	 89.545 	 69.392
FHW13038	489.000 	 89.540 	 68.964
FHW13038	489.125 	 89.084 	 69.388
FHW13038	489.250 	 89.538 	 69.392
FHW13038	489.375 	 89.547 	 68.959
FHW13038	489.500 	 89.084 	 69.392
FHW13038	489.625 	 89.535 	 69.228
FHW13038	489.750 	 89.547 	 68.961
FHW13038	489.875 	 89.084 	 69.392
FHW13038	490.000 	 89.538 	 69.392
FHW13038	490.125 	 89.547 	 68.964
FHW13038	490.250 	 89.538 	 69.392
FHW13038	490.375 	 89.084 	 69.388
FHW13038	490.500 	 89.543 	 68.798
FHW13038	490.625 	 89.538 	 69.387
FHW13038	490.750 	 89.084 	 69.392
FHW13038	490.875 	 89.540 	 68.964
FHW13038	491.000 	 89.545 	 69.388
FHW13038	491.125 	 89.086 	 68.964
FHW13038	491.250 	 89.538 	 69.392
FHW13038	491.375 	 89.545 	 69.392
FHW13038	491.500 	 89.080 	 68.798
FHW13038	491.625 	 89.538 	 69.388
FHW13038	491.750 	 89.084 	 69.387
FHW13038	491.875 	 89.538 	 69.392
FHW13038	492.000 	 89.084 	 69.392
FHW13038	492.125 	 89.545 	 69.392
FHW13038	492.250 	 89.084 	 69.392
FHW13038	492.375 	 89.086 	 68.961
FHW13038	492.500 	 89.538 	 69.392
FHW13038	492.625 	 89.084 	 69.387
FHW13038	492.750 	 89.545 	 69.392
FHW13038	492.875 	 89.084 	 69.392
FHW13038	493.000 	 89.077 	 69.392
FHW13038	493.125 	 89.545 	 69.388
FHW13038	493.250 	 89.077 	 69.228
FHW13038	493.375 	 89.540 	 68.964
FHW13038	493.500 	 89.084 	 69.392
FHW13038	493.625 	 89.084 	 69.387
FHW13038	493.750 	 89.545 	 69.388
FHW13038	493.875 	 89.084 	 69.392
FHW13038	494.000 	 89.538 	 69.392
FHW13038	494.125 	 89.084 	 69.392
FHW13038	494.250 	 89.086 	 68.964
FHW13038	494.375 	 89.538 	 69.392
FHW13038	494.500 	 89.084 	 69.383
FHW13038	494.625 	 89.084 	 69.392
FHW13038	494.750 	 89.545 	 69.392
FHW13038	494.875 	 89.084 	 69.392
FHW13038	495.000 	 89.538 	 69.392
FHW13038	495.125 	 89.084 	 69.392
FHW13038	495.250 	 89.086 	 68.961
FHW13038	495.375 	 89.535 	 69.228
FHW13038	495.500 	 89.084 	 69.392
FHW13038	495.625 	 89.545 	 69.387
FHW13038	495.750 	 89.084 	 69.392
FHW13038	495.875 	 89.084 	 69.388
FHW13038	496.000 	 89.538 	 69.392
FHW13038	496.125 	 89.084 	 69.392
FHW13038	496.250 	 89.540 	 68.964
FHW13038	496.375 	 89.084 	 69.392
FHW13038	496.500 	 89.084 	 69.387
FHW13038	496.625 	 89.545 	 69.388
FHW13038	496.750 	 89.084 	 69.392
FHW13038	496.875 	 89.538 	 69.392
FHW13038	497.000 	 89.084 	 69.392
FHW13038	497.125 	 89.086 	 68.964
FHW13038	497.250 	 89.545 	 69.392
FHW13038	497.375 	 89.077 	 69.383
FHW13038	497.500 	 89.542 	 69.228
FHW13038	497.625 	 89.084 	 69.392
FHW13038	497.750 	 89.084 	 69.392
FHW13038	497.875 	 89.538 	 69.392
FHW13038	498.000 	 89.084 	 69.388
FHW13038	498.125 	 89.547 	 68.964
FHW13038	498.250 	 89.084 	 69.392
FHW13038	498.375 	 89.077 	 69.387
FHW13038	498.500 	 89.545 	 69.392
FHW13038	498.625 	 89.084 	 69.392
FHW13038	498.750 	 89.538 	 69.388
FHW13038	498.875 	 89.084 	 69.392
FHW13038	499.000 	 89.084 	 69.392
FHW13038	499.125 	 89.547 	 68.964
FHW13038	499.250 	 89.084 	 69.387
FHW13038	499.375 	 89.538 	 69.392
FHW13038	499.500 	 89.084 	 69.388
FHW13038	499.625 	 89.077 	 69.228
FHW13038	499.750 	 89.538 	 69.392
FHW13038	499.875 	 89.084 	 69.392
FHW13038	500.000 	 89.545 	 69.392
FHW13038	500.125 	 89.086 	 68.961
FHW13038	500.250 	 89.084 	 69.392
FHW13038	500.375 	 89.538 	 69.387
FHW13038	500.500 	 89.084 	 69.392
FHW13038	500.625 	 89.084 	 69.392
FHW13038	500.750 	 89.538 	 69.392
FHW13038	500.875 	 89.084 	 69.388
FHW13038	501.000 	 89.084 	 69.392
FHW13038	501.125 	 89.084 	 69.392
FHW13038	501.250 	 89.544 	 69.817
FHW13038	501.375 	 89.084 	 69.392
FHW13038	501.500 	 89.077 	 69.392
FHW13038	501.625 	 89.084 	 69.388
FHW13038	501.750 	 89.084 	 69.392
FHW13038	501.875 	 89.545 	 69.392
FHW13038	502.000 	 89.081 	 69.822
FHW13038	502.125 	 89.091 	 69.548
FHW13038	502.250 	 89.084 	 69.392
FHW13038	502.375 	 89.084 	 69.392
FHW13038	502.500 	 89.538 	 69.388
FHW13038	502.625 	 89.084 	 69.392
FHW13038	502.750 	 89.081 	 69.817
FHW13038	502.875 	 89.084 	 69.392
FHW13038	503.000 	 89.538 	 69.392
FHW13038	503.125 	 89.084 	 69.392
FHW13038	503.250 	 89.084 	 69.388
FHW13038	503.375 	 89.084 	 69.392
FHW13038	503.500 	 89.081 	 69.822
FHW13038	503.625 	 89.538 	 69.387
FHW13038	503.750 	 89.084 	 69.392
FHW13038	503.875 	 89.084 	 69.392
FHW13038	504.000 	 89.084 	 69.392
FHW13038	504.125 	 89.084 	 69.388
FHW13038	504.250 	 89.544 	 69.822
FHW13038	504.375 	 89.084 	 69.392
FHW13038	504.500 	 89.077 	 69.387
FHW13038	504.625 	 89.091 	 69.553
FHW13038	504.750 	 89.545 	 69.392
FHW13038	504.875 	 89.084 	 69.388
FHW13038	505.000 	 89.081 	 69.822
FHW13038	505.125 	 89.084 	 69.387
FHW13038	505.250 	 89.084 	 69.392
FHW13038	505.375 	 89.074 	 69.822
FHW13038	505.500 	 89.545 	 69.392
FHW13038	505.625 	 89.081 	 69.822
FHW13038	505.750 	 89.084 	 69.388
FHW13038	505.875 	 89.091 	 69.548
FHW13038	506.000 	 89.081 	 69.822
FHW13038	506.125 	 89.084 	 69.392
FHW13038	506.250 	 89.084 	 69.392
FHW13038	506.375 	 89.537 	 69.822
FHW13038	506.500 	 89.084 	 69.392
FHW13038	506.625 	 89.084 	 69.387
FHW13038	506.750 	 89.081 	 69.822
FHW13038	506.875 	 89.091 	 69.550
FHW13038	507.000 	 89.081 	 69.822
FHW13038	507.125 	 89.084 	 69.388
FHW13038	507.250 	 89.538 	 69.395
FHW13038	507.375 	 89.081 	 69.817
FHW13038	507.500 	 89.084 	 69.388
FHW13038	507.625 	 89.084 	 69.395
FHW13038	507.750 	 89.081 	 69.822
FHW13038	507.875 	 89.091 	 69.550
FHW13038	508.000 	 89.081 	 69.817
FHW13038	508.125 	 89.538 	 69.388
FHW13038	508.250 	 89.084 	 69.395
FHW13038	508.375 	 89.081 	 69.822
FHW13038	508.500 	 89.084 	 69.388
FHW13038	508.625 	 89.084 	 69.395
FHW13038	508.750 	 89.081 	 69.822
FHW13038	508.875 	 89.091 	 69.545
FHW13038	509.000 	 89.537 	 69.822
FHW13038	509.125 	 89.084 	 69.388
FHW13038	509.250 	 89.084 	 69.395
FHW13038	509.375 	 89.081 	 69.822
FHW13038	509.500 	 89.084 	 69.383
FHW13038	509.625 	 89.084 	 69.395
FHW13038	509.750 	 89.081 	 69.815
FHW13038	509.875 	 89.542 	 69.556
FHW13038	510.000 	 89.081 	 69.822
FHW13038	510.125 	 89.084 	 69.388
FHW13038	510.250 	 89.084 	 69.390
FHW13038	510.375 	 89.081 	 69.822
FHW13038	510.500 	 89.084 	 69.388
FHW13038	510.625 	 89.538 	 69.388
FHW13038	510.750 	 89.081 	 69.822
FHW13038	510.875 	 89.084 	 69.395
FHW13038	511.000 	 89.088 	 69.975
