#WellName	 Depth.M	 INCL	 AZIM 
WellName	 Depth.M	 INCL	 AZIM 
FHW12122	0.000 	 0.000 	 0.000
FHW12122	0.125 	 0.088 	 50.150
FHW12122	0.250 	 0.088 	 50.150
FHW12122	0.375 	 0.088 	 50.150
FHW12122	0.500 	 0.088 	 50.150
FHW12122	0.625 	 0.088 	 50.150
FHW12122	0.750 	 0.088 	 50.150
FHW12122	0.875 	 0.088 	 50.150
FHW12122	1.000 	 0.088 	 50.150
FHW12122	1.125 	 0.088 	 50.150
FHW12122	1.250 	 0.088 	 50.150
FHW12122	1.375 	 0.088 	 50.150
FHW12122	1.500 	 0.088 	 50.150
FHW12122	1.625 	 0.088 	 50.150
FHW12122	1.750 	 0.088 	 50.150
FHW12122	1.875 	 0.088 	 50.150
FHW12122	2.000 	 0.088 	 50.150
FHW12122	2.125 	 0.088 	 50.150
FHW12122	2.250 	 0.088 	 50.150
FHW12122	2.375 	 0.088 	 50.150
FHW12122	2.500 	 0.088 	 50.150
FHW12122	2.625 	 0.088 	 50.150
FHW12122	2.750 	 0.088 	 50.150
FHW12122	2.875 	 0.088 	 50.150
FHW12122	3.000 	 0.088 	 50.150
FHW12122	3.125 	 0.088 	 50.150
FHW12122	3.250 	 0.088 	 50.150
FHW12122	3.375 	 0.088 	 50.150
FHW12122	3.500 	 0.088 	 50.150
FHW12122	3.625 	 0.088 	 50.150
FHW12122	3.750 	 0.088 	 50.150
FHW12122	3.875 	 0.088 	 50.150
FHW12122	4.000 	 0.088 	 50.150
FHW12122	4.125 	 0.088 	 50.150
FHW12122	4.250 	 0.088 	 50.150
FHW12122	4.375 	 0.088 	 50.150
FHW12122	4.500 	 0.088 	 50.150
FHW12122	4.625 	 0.088 	 50.150
FHW12122	4.750 	 0.088 	 50.150
FHW12122	4.875 	 0.088 	 50.150
FHW12122	5.000 	 0.088 	 50.150
FHW12122	5.125 	 0.088 	 50.150
FHW12122	5.250 	 0.088 	 50.150
FHW12122	5.375 	 0.088 	 50.150
FHW12122	5.500 	 0.088 	 50.150
FHW12122	5.625 	 0.088 	 50.150
FHW12122	5.750 	 0.088 	 50.150
FHW12122	5.875 	 0.088 	 50.150
FHW12122	6.000 	 0.088 	 50.150
FHW12122	6.125 	 0.088 	 50.150
FHW12122	6.250 	 0.088 	 50.150
FHW12122	6.375 	 0.088 	 50.150
FHW12122	6.500 	 0.088 	 50.150
FHW12122	6.625 	 0.088 	 50.150
FHW12122	6.750 	 0.088 	 50.150
FHW12122	6.875 	 0.088 	 50.150
FHW12122	7.000 	 0.088 	 50.150
FHW12122	7.125 	 0.088 	 50.150
FHW12122	7.250 	 0.088 	 50.150
FHW12122	7.375 	 0.088 	 50.150
FHW12122	7.500 	 0.088 	 50.150
FHW12122	7.625 	 0.088 	 50.150
FHW12122	7.750 	 0.088 	 50.150
FHW12122	7.875 	 0.088 	 50.150
FHW12122	8.000 	 0.088 	 50.150
FHW12122	8.125 	 0.088 	 50.150
FHW12122	8.250 	 0.088 	 50.150
FHW12122	8.375 	 0.088 	 50.150
FHW12122	8.500 	 0.088 	 50.150
FHW12122	8.625 	 0.088 	 50.150
FHW12122	8.750 	 0.088 	 50.150
FHW12122	8.875 	 0.088 	 50.150
FHW12122	9.000 	 0.088 	 50.150
FHW12122	9.125 	 0.088 	 50.150
FHW12122	9.250 	 0.088 	 50.150
FHW12122	9.375 	 0.088 	 50.150
FHW12122	9.500 	 0.088 	 50.150
FHW12122	9.625 	 0.088 	 50.150
FHW12122	9.750 	 0.088 	 50.150
FHW12122	9.875 	 0.088 	 50.150
FHW12122	10.000 	 0.088 	 50.150
FHW12122	10.125 	 0.088 	 50.150
FHW12122	10.250 	 0.088 	 50.150
FHW12122	10.375 	 0.088 	 50.150
FHW12122	10.500 	 0.088 	 50.150
FHW12122	10.625 	 0.088 	 50.150
FHW12122	10.750 	 0.088 	 50.150
FHW12122	10.875 	 0.088 	 50.150
FHW12122	11.000 	 0.088 	 50.150
FHW12122	11.125 	 0.088 	 50.150
FHW12122	11.250 	 0.088 	 50.150
FHW12122	11.375 	 0.088 	 50.150
FHW12122	11.500 	 0.088 	 50.150
FHW12122	11.625 	 0.088 	 50.150
FHW12122	11.750 	 0.088 	 50.150
FHW12122	11.875 	 0.088 	 50.150
FHW12122	12.000 	 0.088 	 50.150
FHW12122	12.125 	 0.088 	 50.150
FHW12122	12.250 	 0.088 	 50.150
FHW12122	12.375 	 0.088 	 50.150
FHW12122	12.500 	 0.088 	 50.150
FHW12122	12.625 	 0.088 	 50.150
FHW12122	12.750 	 0.088 	 50.150
FHW12122	12.875 	 0.088 	 50.150
FHW12122	13.000 	 0.088 	 50.150
FHW12122	13.125 	 0.088 	 50.150
FHW12122	13.250 	 0.088 	 50.150
FHW12122	13.375 	 0.088 	 50.150
FHW12122	13.500 	 0.088 	 50.150
FHW12122	13.625 	 0.088 	 50.150
FHW12122	13.750 	 0.088 	 50.150
FHW12122	13.875 	 0.088 	 50.150
FHW12122	14.000 	 0.088 	 50.150
FHW12122	14.125 	 0.088 	 50.150
FHW12122	14.250 	 0.088 	 50.150
FHW12122	14.375 	 0.088 	 50.150
FHW12122	14.500 	 0.088 	 50.150
FHW12122	14.625 	 0.088 	 50.150
FHW12122	14.750 	 0.088 	 50.150
FHW12122	14.875 	 0.088 	 50.150
FHW12122	15.000 	 0.088 	 50.150
FHW12122	15.125 	 0.088 	 50.150
FHW12122	15.250 	 0.088 	 50.150
FHW12122	15.375 	 0.088 	 50.150
FHW12122	15.500 	 0.088 	 50.150
FHW12122	15.625 	 0.088 	 50.150
FHW12122	15.750 	 0.088 	 50.150
FHW12122	15.875 	 0.088 	 50.150
FHW12122	16.000 	 0.088 	 50.150
FHW12122	16.125 	 0.088 	 50.150
FHW12122	16.250 	 0.088 	 50.150
FHW12122	16.375 	 0.088 	 50.150
FHW12122	16.500 	 0.088 	 50.150
FHW12122	16.625 	 0.088 	 50.150
FHW12122	16.750 	 0.088 	 50.150
FHW12122	16.875 	 0.088 	 50.150
FHW12122	17.000 	 0.088 	 50.150
FHW12122	17.125 	 0.088 	 50.150
FHW12122	17.250 	 0.088 	 50.150
FHW12122	17.375 	 0.088 	 50.150
FHW12122	17.500 	 0.088 	 50.150
FHW12122	17.625 	 0.088 	 50.150
FHW12122	17.750 	 0.088 	 50.150
FHW12122	17.875 	 0.088 	 50.150
FHW12122	18.000 	 0.088 	 50.151
FHW12122	18.125 	 0.088 	 50.150
FHW12122	18.250 	 0.088 	 50.150
FHW12122	18.375 	 0.088 	 50.150
FHW12122	18.500 	 0.088 	 50.150
FHW12122	18.625 	 0.088 	 50.150
FHW12122	18.750 	 0.088 	 50.150
FHW12122	18.875 	 0.088 	 50.150
FHW12122	19.000 	 0.088 	 50.150
FHW12122	19.125 	 0.088 	 50.150
FHW12122	19.250 	 0.088 	 50.150
FHW12122	19.375 	 0.088 	 50.150
FHW12122	19.500 	 0.088 	 50.150
FHW12122	19.625 	 0.088 	 50.151
FHW12122	19.750 	 0.088 	 50.150
FHW12122	19.875 	 0.088 	 50.150
FHW12122	20.000 	 0.088 	 50.150
FHW12122	20.125 	 0.088 	 50.150
FHW12122	20.250 	 0.088 	 50.150
FHW12122	20.375 	 0.088 	 50.150
FHW12122	20.500 	 0.088 	 50.150
FHW12122	20.625 	 0.088 	 50.150
FHW12122	20.750 	 0.088 	 50.150
FHW12122	20.875 	 0.088 	 50.150
FHW12122	21.000 	 0.088 	 50.150
FHW12122	21.125 	 0.088 	 50.150
FHW12122	21.250 	 0.088 	 50.151
FHW12122	21.375 	 0.088 	 50.150
FHW12122	21.500 	 0.088 	 50.150
FHW12122	21.625 	 0.088 	 50.150
FHW12122	21.750 	 0.088 	 50.150
FHW12122	21.875 	 0.088 	 50.150
FHW12122	22.000 	 0.088 	 50.150
FHW12122	22.125 	 0.088 	 50.150
FHW12122	22.250 	 0.088 	 50.150
FHW12122	22.375 	 0.088 	 50.150
FHW12122	22.500 	 0.088 	 50.150
FHW12122	22.625 	 0.088 	 50.150
FHW12122	22.750 	 0.088 	 50.150
FHW12122	22.875 	 0.088 	 50.150
FHW12122	23.000 	 0.088 	 50.150
FHW12122	23.125 	 0.088 	 50.150
FHW12122	23.250 	 0.088 	 50.150
FHW12122	23.375 	 0.088 	 50.150
FHW12122	23.500 	 0.088 	 50.150
FHW12122	23.625 	 0.088 	 50.150
FHW12122	23.750 	 0.088 	 50.150
FHW12122	23.875 	 0.088 	 50.150
FHW12122	24.000 	 0.088 	 50.150
FHW12122	24.125 	 0.088 	 50.150
FHW12122	24.250 	 0.088 	 50.150
FHW12122	24.375 	 0.088 	 50.150
FHW12122	24.500 	 0.088 	 50.150
FHW12122	24.625 	 0.088 	 50.150
FHW12122	24.750 	 0.088 	 50.150
FHW12122	24.875 	 0.088 	 50.150
FHW12122	25.000 	 0.088 	 50.150
FHW12122	25.125 	 0.088 	 50.150
FHW12122	25.250 	 0.088 	 50.150
FHW12122	25.375 	 0.088 	 50.150
FHW12122	25.500 	 0.088 	 50.151
FHW12122	25.625 	 0.088 	 50.150
FHW12122	25.750 	 0.088 	 50.150
FHW12122	25.875 	 0.088 	 50.150
FHW12122	26.000 	 0.088 	 50.150
FHW12122	26.125 	 0.088 	 50.150
FHW12122	26.250 	 0.088 	 50.150
FHW12122	26.375 	 0.480 	 126.881
FHW12122	26.500 	 0.520 	 127.700
FHW12122	26.625 	 0.520 	 127.700
FHW12122	26.750 	 0.520 	 127.700
FHW12122	26.875 	 0.520 	 127.700
FHW12122	27.000 	 0.520 	 127.700
FHW12122	27.125 	 0.520 	 127.700
FHW12122	27.250 	 0.520 	 127.700
FHW12122	27.375 	 0.520 	 127.700
FHW12122	27.500 	 0.520 	 127.700
FHW12122	27.625 	 0.520 	 127.700
FHW12122	27.750 	 0.520 	 127.700
FHW12122	27.875 	 0.520 	 127.700
FHW12122	28.000 	 0.520 	 127.700
FHW12122	28.125 	 0.520 	 127.700
FHW12122	28.250 	 0.520 	 127.700
FHW12122	28.375 	 0.520 	 127.700
FHW12122	28.500 	 0.520 	 127.700
FHW12122	28.625 	 0.520 	 127.700
FHW12122	28.750 	 0.520 	 127.700
FHW12122	28.875 	 0.520 	 127.700
FHW12122	29.000 	 0.520 	 127.700
FHW12122	29.125 	 0.520 	 127.700
FHW12122	29.250 	 0.520 	 127.700
FHW12122	29.375 	 0.520 	 127.700
FHW12122	29.500 	 0.520 	 127.700
FHW12122	29.625 	 0.520 	 127.700
FHW12122	29.750 	 0.520 	 127.700
FHW12122	29.875 	 0.520 	 127.700
FHW12122	30.000 	 0.520 	 127.700
FHW12122	30.125 	 0.520 	 127.700
FHW12122	30.250 	 0.520 	 127.700
FHW12122	30.375 	 0.520 	 127.700
FHW12122	30.500 	 0.520 	 127.700
FHW12122	30.625 	 0.520 	 127.700
FHW12122	30.750 	 0.520 	 127.700
FHW12122	30.875 	 0.520 	 127.700
FHW12122	31.000 	 0.520 	 127.700
FHW12122	31.125 	 0.520 	 127.700
FHW12122	31.250 	 0.520 	 127.700
FHW12122	31.375 	 0.520 	 127.700
FHW12122	31.500 	 0.520 	 127.700
FHW12122	31.625 	 0.520 	 127.700
FHW12122	31.750 	 0.520 	 127.700
FHW12122	31.875 	 0.520 	 127.700
FHW12122	32.000 	 0.520 	 127.700
FHW12122	32.125 	 0.520 	 127.700
FHW12122	32.250 	 0.520 	 127.700
FHW12122	32.375 	 0.520 	 127.700
FHW12122	32.500 	 0.520 	 127.700
FHW12122	32.625 	 0.520 	 127.700
FHW12122	32.750 	 0.520 	 127.700
FHW12122	32.875 	 0.520 	 127.700
FHW12122	33.000 	 0.520 	 127.700
FHW12122	33.125 	 0.520 	 127.700
FHW12122	33.250 	 0.520 	 127.700
FHW12122	33.375 	 0.520 	 127.700
FHW12122	33.500 	 0.520 	 127.700
FHW12122	33.625 	 0.520 	 127.700
FHW12122	33.750 	 0.520 	 127.700
FHW12122	33.875 	 0.520 	 127.700
FHW12122	34.000 	 0.520 	 127.700
FHW12122	34.125 	 0.520 	 127.700
FHW12122	34.250 	 0.520 	 127.700
FHW12122	34.375 	 0.520 	 127.700
FHW12122	34.500 	 0.520 	 127.700
FHW12122	34.625 	 0.520 	 127.700
FHW12122	34.750 	 0.520 	 127.700
FHW12122	34.875 	 0.520 	 127.700
FHW12122	35.000 	 0.520 	 127.700
FHW12122	35.125 	 0.520 	 127.700
FHW12122	35.250 	 0.520 	 127.700
FHW12122	35.375 	 0.520 	 127.700
FHW12122	35.500 	 0.520 	 127.700
FHW12122	35.625 	 0.520 	 127.700
FHW12122	35.750 	 0.520 	 127.700
FHW12122	35.875 	 0.520 	 127.700
FHW12122	36.000 	 0.520 	 127.700
FHW12122	36.125 	 0.520 	 127.700
FHW12122	36.250 	 0.520 	 127.700
FHW12122	36.375 	 0.520 	 127.700
FHW12122	36.500 	 0.520 	 127.700
FHW12122	36.625 	 0.520 	 127.700
FHW12122	36.750 	 0.520 	 127.700
FHW12122	36.875 	 0.520 	 127.700
FHW12122	37.000 	 0.520 	 127.700
FHW12122	37.125 	 0.520 	 127.700
FHW12122	37.250 	 0.520 	 127.700
FHW12122	37.375 	 0.520 	 127.700
FHW12122	37.500 	 0.520 	 127.700
FHW12122	37.625 	 0.520 	 127.700
FHW12122	37.750 	 0.520 	 127.700
FHW12122	37.875 	 0.520 	 127.700
FHW12122	38.000 	 0.520 	 127.700
FHW12122	38.125 	 0.520 	 127.700
FHW12122	38.250 	 0.520 	 127.700
FHW12122	38.375 	 0.520 	 127.700
FHW12122	38.500 	 0.520 	 127.700
FHW12122	38.625 	 0.520 	 127.700
FHW12122	38.750 	 0.520 	 127.700
FHW12122	38.875 	 0.520 	 127.700
FHW12122	39.000 	 0.520 	 127.700
FHW12122	39.125 	 0.520 	 127.700
FHW12122	39.250 	 0.520 	 127.700
FHW12122	39.375 	 0.520 	 127.700
FHW12122	39.500 	 0.520 	 127.700
FHW12122	39.625 	 0.520 	 127.700
FHW12122	39.750 	 0.520 	 127.700
FHW12122	39.875 	 0.520 	 127.700
FHW12122	40.000 	 0.520 	 127.700
FHW12122	40.125 	 0.520 	 127.700
FHW12122	40.250 	 0.520 	 127.700
FHW12122	40.375 	 0.520 	 127.700
FHW12122	40.500 	 0.520 	 127.700
FHW12122	40.625 	 0.520 	 127.700
FHW12122	40.750 	 0.520 	 127.700
FHW12122	40.875 	 0.520 	 127.700
FHW12122	41.000 	 0.520 	 127.700
FHW12122	41.125 	 0.520 	 127.700
FHW12122	41.250 	 0.520 	 127.700
FHW12122	41.375 	 0.520 	 127.700
FHW12122	41.500 	 0.520 	 127.700
FHW12122	41.625 	 0.520 	 127.700
FHW12122	41.750 	 0.520 	 127.700
FHW12122	41.875 	 0.520 	 127.700
FHW12122	42.000 	 0.520 	 127.700
FHW12122	42.125 	 0.520 	 127.700
FHW12122	42.250 	 0.520 	 127.700
FHW12122	42.375 	 0.520 	 127.700
FHW12122	42.500 	 0.520 	 127.700
FHW12122	42.625 	 0.520 	 127.700
FHW12122	42.750 	 0.520 	 127.700
FHW12122	42.875 	 0.520 	 127.700
FHW12122	43.000 	 0.520 	 127.700
FHW12122	43.125 	 0.520 	 127.700
FHW12122	43.250 	 0.520 	 127.700
FHW12122	43.375 	 0.520 	 127.700
FHW12122	43.500 	 0.520 	 127.700
FHW12122	43.625 	 0.520 	 127.700
FHW12122	43.750 	 0.520 	 127.700
FHW12122	43.875 	 0.520 	 127.700
FHW12122	44.000 	 0.520 	 127.700
FHW12122	44.125 	 0.520 	 127.700
FHW12122	44.250 	 0.520 	 127.700
FHW12122	44.375 	 0.520 	 127.700
FHW12122	44.500 	 0.520 	 127.700
FHW12122	44.625 	 0.520 	 127.700
FHW12122	44.750 	 0.520 	 127.700
FHW12122	44.875 	 0.520 	 127.700
FHW12122	45.000 	 0.520 	 127.699
FHW12122	45.125 	 0.520 	 127.700
FHW12122	45.250 	 0.520 	 127.700
FHW12122	45.375 	 0.520 	 127.700
FHW12122	45.500 	 0.520 	 127.700
FHW12122	45.625 	 0.520 	 127.700
FHW12122	45.750 	 0.520 	 127.700
FHW12122	45.875 	 0.520 	 127.700
FHW12122	46.000 	 0.520 	 127.700
FHW12122	46.125 	 0.520 	 127.700
FHW12122	46.250 	 0.520 	 127.700
FHW12122	46.375 	 0.520 	 127.700
FHW12122	46.500 	 0.520 	 127.700
FHW12122	46.625 	 0.520 	 127.700
FHW12122	46.750 	 0.520 	 127.700
FHW12122	46.875 	 0.520 	 127.700
FHW12122	47.000 	 0.520 	 127.700
FHW12122	47.125 	 0.520 	 127.700
FHW12122	47.250 	 0.520 	 127.700
FHW12122	47.375 	 0.520 	 127.700
FHW12122	47.500 	 0.520 	 127.700
FHW12122	47.625 	 0.520 	 127.700
FHW12122	47.750 	 0.520 	 127.700
FHW12122	47.875 	 0.520 	 127.700
FHW12122	48.000 	 0.520 	 127.700
FHW12122	48.125 	 0.520 	 127.700
FHW12122	48.250 	 0.520 	 127.700
FHW12122	48.375 	 0.520 	 127.700
FHW12122	48.500 	 0.520 	 127.700
FHW12122	48.625 	 0.520 	 127.700
FHW12122	48.750 	 0.520 	 127.700
FHW12122	48.875 	 0.520 	 127.700
FHW12122	49.000 	 0.520 	 127.700
FHW12122	49.125 	 0.520 	 127.700
FHW12122	49.250 	 0.520 	 127.700
FHW12122	49.375 	 0.520 	 127.700
FHW12122	49.500 	 0.520 	 127.700
FHW12122	49.625 	 0.520 	 127.700
FHW12122	49.750 	 0.520 	 127.700
FHW12122	49.875 	 0.520 	 127.700
FHW12122	50.000 	 0.520 	 127.700
FHW12122	50.125 	 0.520 	 127.700
FHW12122	50.250 	 0.520 	 127.699
FHW12122	50.375 	 0.520 	 127.700
FHW12122	50.500 	 0.520 	 127.700
FHW12122	50.625 	 0.520 	 127.700
FHW12122	50.750 	 0.520 	 127.700
FHW12122	50.875 	 0.520 	 127.700
FHW12122	51.000 	 0.520 	 127.700
FHW12122	51.125 	 0.520 	 127.700
FHW12122	51.250 	 0.520 	 127.700
FHW12122	51.375 	 0.520 	 127.700
FHW12122	51.500 	 0.520 	 127.700
FHW12122	51.625 	 0.520 	 127.700
FHW12122	51.750 	 0.520 	 127.700
FHW12122	51.875 	 0.520 	 127.700
FHW12122	52.000 	 0.520 	 127.700
FHW12122	52.125 	 0.520 	 127.700
FHW12122	52.250 	 0.520 	 127.700
FHW12122	52.375 	 0.520 	 127.700
FHW12122	52.500 	 0.520 	 127.700
FHW12122	52.625 	 0.520 	 127.700
FHW12122	52.750 	 0.520 	 127.700
FHW12122	52.875 	 0.520 	 127.700
FHW12122	53.000 	 0.520 	 127.700
FHW12122	53.125 	 0.520 	 127.700
FHW12122	53.250 	 0.520 	 127.700
FHW12122	53.375 	 0.923 	 133.562
FHW12122	53.500 	 1.052 	 134.475
FHW12122	53.625 	 1.052 	 134.475
FHW12122	53.750 	 1.052 	 134.475
FHW12122	53.875 	 1.052 	 134.475
FHW12122	54.000 	 1.052 	 134.475
FHW12122	54.125 	 1.052 	 134.475
FHW12122	54.250 	 1.052 	 134.475
FHW12122	54.375 	 1.052 	 134.475
FHW12122	54.500 	 1.052 	 134.475
FHW12122	54.625 	 1.052 	 134.475
FHW12122	54.750 	 1.052 	 134.475
FHW12122	54.875 	 1.052 	 134.475
FHW12122	55.000 	 1.052 	 134.475
FHW12122	55.125 	 1.052 	 134.475
FHW12122	55.250 	 1.052 	 134.475
FHW12122	55.375 	 1.052 	 134.475
FHW12122	55.500 	 1.052 	 134.475
FHW12122	55.625 	 1.052 	 134.475
FHW12122	55.750 	 1.052 	 134.475
FHW12122	55.875 	 1.052 	 134.475
FHW12122	56.000 	 1.052 	 134.475
FHW12122	56.125 	 1.052 	 134.475
FHW12122	56.250 	 1.052 	 134.475
FHW12122	56.375 	 1.052 	 134.475
FHW12122	56.500 	 1.052 	 134.476
FHW12122	56.625 	 1.052 	 134.475
FHW12122	56.750 	 1.052 	 134.475
FHW12122	56.875 	 1.052 	 134.475
FHW12122	57.000 	 1.052 	 134.475
FHW12122	57.125 	 1.052 	 134.475
FHW12122	57.250 	 1.052 	 134.475
FHW12122	57.375 	 1.052 	 134.475
FHW12122	57.500 	 1.052 	 134.475
FHW12122	57.625 	 1.052 	 134.475
FHW12122	57.750 	 1.052 	 134.475
FHW12122	57.875 	 1.052 	 134.475
FHW12122	58.000 	 1.052 	 134.475
FHW12122	58.125 	 1.052 	 134.475
FHW12122	58.250 	 1.052 	 134.475
FHW12122	58.375 	 1.052 	 134.475
FHW12122	58.500 	 1.052 	 134.475
FHW12122	58.625 	 1.052 	 134.475
FHW12122	58.750 	 1.052 	 134.475
FHW12122	58.875 	 1.052 	 134.475
FHW12122	59.000 	 1.052 	 134.475
FHW12122	59.125 	 1.052 	 134.475
FHW12122	59.250 	 1.052 	 134.475
FHW12122	59.375 	 1.052 	 134.475
FHW12122	59.500 	 1.052 	 134.475
FHW12122	59.625 	 1.052 	 134.475
FHW12122	59.750 	 1.052 	 134.475
FHW12122	59.875 	 1.052 	 134.475
FHW12122	60.000 	 1.052 	 134.475
FHW12122	60.125 	 1.052 	 134.475
FHW12122	60.250 	 1.052 	 134.475
FHW12122	60.375 	 1.052 	 134.475
FHW12122	60.500 	 1.052 	 134.475
FHW12122	60.625 	 1.052 	 134.475
FHW12122	60.750 	 1.052 	 134.475
FHW12122	60.875 	 1.052 	 134.475
FHW12122	61.000 	 1.052 	 134.475
FHW12122	61.125 	 1.052 	 134.475
FHW12122	61.250 	 1.052 	 134.475
FHW12122	61.375 	 1.052 	 134.475
FHW12122	61.500 	 1.052 	 134.475
FHW12122	61.625 	 1.052 	 134.475
FHW12122	61.750 	 1.052 	 134.475
FHW12122	61.875 	 1.052 	 134.475
FHW12122	62.000 	 1.052 	 134.475
FHW12122	62.125 	 1.052 	 134.475
FHW12122	62.250 	 1.052 	 134.475
FHW12122	62.375 	 1.052 	 134.475
FHW12122	62.500 	 1.052 	 134.475
FHW12122	62.625 	 1.052 	 134.475
FHW12122	62.750 	 1.052 	 134.475
FHW12122	62.875 	 1.052 	 134.475
FHW12122	63.000 	 1.052 	 134.475
FHW12122	63.125 	 1.052 	 134.475
FHW12122	63.250 	 1.052 	 134.475
FHW12122	63.375 	 1.052 	 134.475
FHW12122	63.500 	 1.052 	 134.475
FHW12122	63.625 	 1.052 	 134.475
FHW12122	63.750 	 1.052 	 134.475
FHW12122	63.875 	 1.052 	 134.475
FHW12122	64.000 	 1.052 	 134.475
FHW12122	64.125 	 1.052 	 134.475
FHW12122	64.250 	 1.052 	 134.475
FHW12122	64.375 	 1.052 	 134.475
FHW12122	64.500 	 1.052 	 134.475
FHW12122	64.625 	 1.052 	 134.475
FHW12122	64.750 	 1.052 	 134.475
FHW12122	64.875 	 1.052 	 134.475
FHW12122	65.000 	 1.052 	 134.475
FHW12122	65.125 	 1.052 	 134.475
FHW12122	65.250 	 1.052 	 134.475
FHW12122	65.375 	 1.052 	 134.475
FHW12122	65.500 	 1.052 	 134.475
FHW12122	65.625 	 1.052 	 134.476
FHW12122	65.750 	 1.052 	 134.475
FHW12122	65.875 	 1.052 	 134.475
FHW12122	66.000 	 1.052 	 134.475
FHW12122	66.125 	 1.052 	 134.475
FHW12122	66.250 	 1.052 	 134.475
FHW12122	66.375 	 1.052 	 134.475
FHW12122	66.500 	 1.052 	 134.475
FHW12122	66.625 	 1.052 	 134.475
FHW12122	66.750 	 1.052 	 134.475
FHW12122	66.875 	 1.052 	 134.475
FHW12122	67.000 	 1.052 	 134.475
FHW12122	67.125 	 1.052 	 134.475
FHW12122	67.250 	 1.052 	 134.475
FHW12122	67.375 	 1.052 	 134.475
FHW12122	67.500 	 1.052 	 134.475
FHW12122	67.625 	 1.052 	 134.475
FHW12122	67.750 	 1.052 	 134.475
FHW12122	67.875 	 1.052 	 134.475
FHW12122	68.000 	 1.052 	 134.475
FHW12122	68.125 	 1.052 	 134.475
FHW12122	68.250 	 1.052 	 134.475
FHW12122	68.375 	 1.052 	 134.475
FHW12122	68.500 	 1.052 	 134.475
FHW12122	68.625 	 1.052 	 134.475
FHW12122	68.750 	 1.052 	 134.475
FHW12122	68.875 	 1.052 	 134.475
FHW12122	69.000 	 1.052 	 134.475
FHW12122	69.125 	 1.052 	 134.475
FHW12122	69.250 	 1.052 	 134.475
FHW12122	69.375 	 1.052 	 134.475
FHW12122	69.500 	 1.052 	 134.475
FHW12122	69.625 	 1.052 	 134.475
FHW12122	69.750 	 1.052 	 134.475
FHW12122	69.875 	 1.052 	 134.475
FHW12122	70.000 	 1.052 	 134.475
FHW12122	70.125 	 1.052 	 134.475
FHW12122	70.250 	 1.052 	 134.475
FHW12122	70.375 	 1.052 	 134.475
FHW12122	70.500 	 1.052 	 134.475
FHW12122	70.625 	 1.052 	 134.475
FHW12122	70.750 	 1.052 	 134.475
FHW12122	70.875 	 1.052 	 134.475
FHW12122	71.000 	 1.052 	 134.475
FHW12122	71.125 	 1.052 	 134.475
FHW12122	71.250 	 1.052 	 134.475
FHW12122	71.375 	 1.052 	 134.475
FHW12122	71.500 	 1.052 	 134.475
FHW12122	71.625 	 1.052 	 134.475
FHW12122	71.750 	 1.052 	 134.475
FHW12122	71.875 	 1.052 	 134.475
FHW12122	72.000 	 1.052 	 134.475
FHW12122	72.125 	 1.052 	 134.475
FHW12122	72.250 	 1.052 	 134.475
FHW12122	72.375 	 1.052 	 134.475
FHW12122	72.500 	 1.052 	 134.475
FHW12122	72.625 	 1.052 	 134.475
FHW12122	72.750 	 1.052 	 134.475
FHW12122	72.875 	 1.052 	 134.475
FHW12122	73.000 	 1.052 	 134.475
FHW12122	73.125 	 1.052 	 134.475
FHW12122	73.250 	 1.052 	 134.475
FHW12122	73.375 	 1.052 	 134.475
FHW12122	73.500 	 1.052 	 134.475
FHW12122	73.625 	 1.052 	 134.475
FHW12122	73.750 	 1.052 	 134.475
FHW12122	73.875 	 1.052 	 134.475
FHW12122	74.000 	 1.052 	 134.475
FHW12122	74.125 	 1.052 	 134.475
FHW12122	74.250 	 1.052 	 134.475
FHW12122	74.375 	 1.052 	 134.475
FHW12122	74.500 	 1.052 	 134.476
FHW12122	74.625 	 1.052 	 134.474
FHW12122	74.750 	 1.052 	 134.475
FHW12122	74.875 	 1.052 	 134.474
FHW12122	75.000 	 1.052 	 134.475
FHW12122	75.125 	 1.052 	 134.474
FHW12122	75.250 	 1.052 	 134.475
FHW12122	75.375 	 1.052 	 134.475
FHW12122	75.500 	 1.052 	 134.474
FHW12122	75.625 	 1.052 	 134.475
FHW12122	75.750 	 1.052 	 134.475
FHW12122	75.875 	 1.052 	 134.475
FHW12122	76.000 	 1.052 	 134.474
FHW12122	76.125 	 1.052 	 134.475
FHW12122	76.250 	 1.052 	 134.474
FHW12122	76.375 	 1.052 	 134.475
FHW12122	76.500 	 1.052 	 134.475
FHW12122	76.625 	 1.052 	 134.474
FHW12122	76.750 	 1.052 	 134.475
FHW12122	76.875 	 1.052 	 134.474
FHW12122	77.000 	 1.052 	 134.476
FHW12122	77.125 	 1.052 	 134.474
FHW12122	77.250 	 1.052 	 134.475
FHW12122	77.375 	 1.052 	 134.474
FHW12122	77.500 	 1.052 	 134.475
FHW12122	77.625 	 1.052 	 134.475
FHW12122	77.750 	 1.052 	 134.474
FHW12122	77.875 	 1.052 	 134.475
FHW12122	78.000 	 1.052 	 134.474
FHW12122	78.125 	 1.052 	 134.475
FHW12122	78.250 	 1.052 	 134.475
FHW12122	78.375 	 1.052 	 134.475
FHW12122	78.500 	 1.052 	 134.474
FHW12122	78.625 	 1.052 	 134.475
FHW12122	78.750 	 1.052 	 134.475
FHW12122	78.875 	 1.052 	 134.474
FHW12122	79.000 	 1.052 	 134.475
FHW12122	79.125 	 1.052 	 134.474
FHW12122	79.250 	 1.052 	 134.475
FHW12122	79.375 	 1.052 	 134.474
FHW12122	79.500 	 1.052 	 134.476
FHW12122	79.625 	 1.052 	 134.474
FHW12122	79.750 	 1.052 	 134.475
FHW12122	79.875 	 1.052 	 134.474
FHW12122	80.000 	 1.052 	 134.475
FHW12122	80.125 	 1.052 	 134.475
FHW12122	80.250 	 1.052 	 134.474
FHW12122	80.375 	 1.052 	 134.475
FHW12122	80.500 	 1.052 	 134.474
FHW12122	80.625 	 1.601 	 101.854
FHW12122	80.750 	 1.664 	 100.155
FHW12122	80.875 	 1.664 	 100.155
FHW12122	81.000 	 1.664 	 100.155
FHW12122	81.125 	 1.664 	 100.155
FHW12122	81.250 	 1.664 	 100.155
FHW12122	81.375 	 1.664 	 100.155
FHW12122	81.500 	 1.664 	 100.155
FHW12122	81.625 	 1.664 	 100.155
FHW12122	81.750 	 1.664 	 100.155
FHW12122	81.875 	 1.664 	 100.155
FHW12122	82.000 	 1.664 	 100.155
FHW12122	82.125 	 1.664 	 100.155
FHW12122	82.250 	 1.664 	 100.155
FHW12122	82.375 	 1.664 	 100.155
FHW12122	82.500 	 1.664 	 100.155
FHW12122	82.625 	 1.664 	 100.155
FHW12122	82.750 	 1.664 	 100.155
FHW12122	82.875 	 1.664 	 100.155
FHW12122	83.000 	 1.664 	 100.155
FHW12122	83.125 	 1.664 	 100.155
FHW12122	83.250 	 1.664 	 100.155
FHW12122	83.375 	 1.664 	 100.155
FHW12122	83.500 	 1.664 	 100.155
FHW12122	83.625 	 1.664 	 100.155
FHW12122	83.750 	 1.664 	 100.155
FHW12122	83.875 	 1.664 	 100.155
FHW12122	84.000 	 1.664 	 100.155
FHW12122	84.125 	 1.664 	 100.155
FHW12122	84.250 	 1.664 	 100.155
FHW12122	84.375 	 1.664 	 100.155
FHW12122	84.500 	 1.664 	 100.155
FHW12122	84.625 	 1.664 	 100.155
FHW12122	84.750 	 1.664 	 100.155
FHW12122	84.875 	 1.664 	 100.155
FHW12122	85.000 	 1.664 	 100.155
FHW12122	85.125 	 1.664 	 100.155
FHW12122	85.250 	 1.664 	 100.155
FHW12122	85.375 	 1.664 	 100.155
FHW12122	85.500 	 1.664 	 100.155
FHW12122	85.625 	 1.664 	 100.155
FHW12122	85.750 	 1.664 	 100.155
FHW12122	85.875 	 1.664 	 100.155
FHW12122	86.000 	 1.664 	 100.155
FHW12122	86.125 	 3.653 	 74.405
FHW12122	86.250 	 3.653 	 74.405
FHW12122	86.375 	 3.653 	 74.405
FHW12122	86.500 	 3.653 	 74.405
FHW12122	86.625 	 3.653 	 74.405
FHW12122	86.750 	 3.653 	 74.405
FHW12122	86.875 	 3.653 	 74.405
FHW12122	87.000 	 3.653 	 74.405
FHW12122	87.125 	 3.653 	 74.405
FHW12122	87.250 	 3.653 	 74.405
FHW12122	87.375 	 3.653 	 74.405
FHW12122	87.500 	 3.653 	 74.405
FHW12122	87.625 	 3.653 	 74.405
FHW12122	87.750 	 3.653 	 74.405
FHW12122	87.875 	 3.653 	 74.405
FHW12122	88.000 	 3.653 	 74.405
FHW12122	88.125 	 3.653 	 74.405
FHW12122	88.250 	 3.653 	 74.405
FHW12122	88.375 	 3.653 	 74.405
FHW12122	88.500 	 3.653 	 74.405
FHW12122	88.625 	 3.653 	 74.405
FHW12122	88.750 	 3.653 	 74.405
FHW12122	88.875 	 3.653 	 74.405
FHW12122	89.000 	 3.653 	 74.405
FHW12122	89.125 	 3.653 	 74.405
FHW12122	89.250 	 3.653 	 74.405
FHW12122	89.375 	 3.653 	 74.405
FHW12122	89.500 	 3.653 	 74.405
FHW12122	89.625 	 3.653 	 74.405
FHW12122	89.750 	 3.653 	 74.405
FHW12122	89.875 	 3.653 	 74.405
FHW12122	90.000 	 3.653 	 74.405
FHW12122	90.125 	 3.653 	 74.405
FHW12122	90.250 	 3.653 	 74.405
FHW12122	90.375 	 3.653 	 74.405
FHW12122	90.500 	 3.653 	 74.405
FHW12122	90.625 	 3.653 	 74.405
FHW12122	90.750 	 3.653 	 74.405
FHW12122	90.875 	 3.653 	 74.405
FHW12122	91.000 	 3.653 	 74.405
FHW12122	91.125 	 3.653 	 74.405
FHW12122	91.250 	 3.653 	 74.405
FHW12122	91.375 	 3.653 	 74.405
FHW12122	91.500 	 3.653 	 74.405
FHW12122	91.625 	 3.653 	 74.405
FHW12122	91.750 	 3.653 	 74.405
FHW12122	91.875 	 3.653 	 74.405
FHW12122	92.000 	 3.653 	 74.405
FHW12122	92.125 	 3.653 	 74.405
FHW12122	92.250 	 3.653 	 74.405
FHW12122	92.375 	 3.653 	 74.405
FHW12122	92.500 	 3.653 	 74.405
FHW12122	92.625 	 3.653 	 74.405
FHW12122	92.750 	 3.653 	 74.405
FHW12122	92.875 	 3.653 	 74.405
FHW12122	93.000 	 3.653 	 74.405
FHW12122	93.125 	 3.653 	 74.405
FHW12122	93.250 	 3.653 	 74.405
FHW12122	93.375 	 3.653 	 74.405
FHW12122	93.500 	 3.653 	 74.405
FHW12122	93.625 	 3.653 	 74.405
FHW12122	93.750 	 3.653 	 74.405
FHW12122	93.875 	 3.653 	 74.405
FHW12122	94.000 	 3.653 	 74.405
FHW12122	94.125 	 3.653 	 74.405
FHW12122	94.250 	 3.653 	 74.405
FHW12122	94.375 	 3.653 	 74.405
FHW12122	94.500 	 3.653 	 74.405
FHW12122	94.625 	 3.653 	 74.405
FHW12122	94.750 	 3.653 	 74.405
FHW12122	94.875 	 3.653 	 74.405
FHW12122	95.000 	 3.653 	 74.405
FHW12122	95.125 	 3.653 	 74.405
FHW12122	95.250 	 3.653 	 74.405
FHW12122	95.375 	 3.653 	 74.405
FHW12122	95.500 	 3.653 	 74.405
FHW12122	95.625 	 3.653 	 74.405
FHW12122	95.750 	 3.653 	 74.405
FHW12122	95.875 	 3.653 	 74.405
FHW12122	96.000 	 3.653 	 74.405
FHW12122	96.125 	 3.653 	 74.405
FHW12122	96.250 	 3.653 	 74.405
FHW12122	96.375 	 3.653 	 74.405
FHW12122	96.500 	 3.653 	 74.405
FHW12122	96.625 	 3.653 	 74.405
FHW12122	96.750 	 3.653 	 74.405
FHW12122	96.875 	 3.653 	 74.405
FHW12122	97.000 	 3.653 	 74.405
FHW12122	97.125 	 3.653 	 74.405
FHW12122	97.250 	 3.653 	 74.405
FHW12122	97.375 	 3.653 	 74.405
FHW12122	97.500 	 3.653 	 74.405
FHW12122	97.625 	 3.653 	 74.405
FHW12122	97.750 	 3.653 	 74.405
FHW12122	97.875 	 3.653 	 74.405
FHW12122	98.000 	 3.653 	 74.405
FHW12122	98.125 	 3.653 	 74.405
FHW12122	98.250 	 3.653 	 74.405
FHW12122	98.375 	 3.653 	 74.405
FHW12122	98.500 	 3.653 	 74.405
FHW12122	98.625 	 6.463 	 60.215
FHW12122	98.750 	 6.717 	 59.550
FHW12122	98.875 	 6.718 	 59.550
FHW12122	99.000 	 6.717 	 59.550
FHW12122	99.125 	 6.717 	 59.550
FHW12122	99.250 	 6.718 	 59.550
FHW12122	99.375 	 6.717 	 59.550
FHW12122	99.500 	 6.717 	 59.550
FHW12122	99.625 	 6.718 	 59.550
FHW12122	99.750 	 6.717 	 59.550
FHW12122	99.875 	 6.717 	 59.550
FHW12122	100.000 	 6.717 	 59.550
FHW12122	100.125 	 6.718 	 59.550
FHW12122	100.250 	 6.717 	 59.550
FHW12122	100.375 	 6.717 	 59.550
FHW12122	100.500 	 6.718 	 59.550
FHW12122	100.625 	 6.717 	 59.550
FHW12122	100.750 	 6.717 	 59.550
FHW12122	100.875 	 6.718 	 59.550
FHW12122	101.000 	 6.717 	 59.550
FHW12122	101.125 	 6.717 	 59.550
FHW12122	101.250 	 6.717 	 59.550
FHW12122	101.375 	 6.718 	 59.550
FHW12122	101.500 	 6.717 	 59.550
FHW12122	101.625 	 6.717 	 59.550
FHW12122	101.750 	 6.718 	 59.550
FHW12122	101.875 	 6.717 	 59.550
FHW12122	102.000 	 6.717 	 59.550
FHW12122	102.125 	 6.717 	 59.550
FHW12122	102.250 	 6.718 	 59.550
FHW12122	102.375 	 6.717 	 59.550
FHW12122	102.500 	 6.717 	 59.550
FHW12122	102.625 	 6.718 	 59.550
FHW12122	102.750 	 6.717 	 59.550
FHW12122	102.875 	 6.717 	 59.550
FHW12122	103.000 	 6.718 	 59.550
FHW12122	103.125 	 6.717 	 59.550
FHW12122	103.250 	 6.717 	 59.550
FHW12122	103.375 	 6.717 	 59.550
FHW12122	103.500 	 6.718 	 59.550
FHW12122	103.625 	 6.717 	 59.550
FHW12122	103.750 	 6.717 	 59.550
FHW12122	103.875 	 6.718 	 59.550
FHW12122	104.000 	 6.717 	 59.550
FHW12122	104.125 	 6.717 	 59.550
FHW12122	104.250 	 6.718 	 59.550
FHW12122	104.375 	 6.717 	 59.550
FHW12122	104.500 	 6.717 	 59.550
FHW12122	104.625 	 6.717 	 59.550
FHW12122	104.750 	 6.718 	 59.550
FHW12122	104.875 	 6.717 	 59.550
FHW12122	105.000 	 6.717 	 59.550
FHW12122	105.125 	 6.718 	 59.550
FHW12122	105.250 	 6.717 	 59.550
FHW12122	105.375 	 6.717 	 59.550
FHW12122	105.500 	 6.718 	 59.550
FHW12122	105.625 	 6.717 	 59.550
FHW12122	105.750 	 6.717 	 59.550
FHW12122	105.875 	 6.717 	 59.550
FHW12122	106.000 	 6.718 	 59.550
FHW12122	106.125 	 6.717 	 59.550
FHW12122	106.250 	 6.717 	 59.550
FHW12122	106.375 	 6.718 	 59.550
FHW12122	106.500 	 6.717 	 59.550
FHW12122	106.625 	 6.717 	 59.550
FHW12122	106.750 	 6.717 	 59.550
FHW12122	106.875 	 6.718 	 59.550
FHW12122	107.000 	 6.717 	 59.550
FHW12122	107.125 	 6.717 	 59.550
FHW12122	107.250 	 6.718 	 59.550
FHW12122	107.375 	 6.717 	 59.550
FHW12122	107.500 	 6.717 	 59.550
FHW12122	107.625 	 6.718 	 59.550
FHW12122	107.750 	 6.717 	 59.550
FHW12122	107.875 	 9.551 	 55.492
FHW12122	108.000 	 9.799 	 55.250
FHW12122	108.125 	 9.799 	 55.250
FHW12122	108.250 	 9.799 	 55.250
FHW12122	108.375 	 9.799 	 55.250
FHW12122	108.500 	 9.799 	 55.250
FHW12122	108.625 	 9.799 	 55.250
FHW12122	108.750 	 9.799 	 55.250
FHW12122	108.875 	 9.799 	 55.250
FHW12122	109.000 	 9.799 	 55.250
FHW12122	109.125 	 9.799 	 55.250
FHW12122	109.250 	 9.799 	 55.250
FHW12122	109.375 	 9.799 	 55.250
FHW12122	109.500 	 9.799 	 55.250
FHW12122	109.625 	 9.799 	 55.250
FHW12122	109.750 	 9.799 	 55.250
FHW12122	109.875 	 9.799 	 55.250
FHW12122	110.000 	 9.799 	 55.250
FHW12122	110.125 	 9.799 	 55.250
FHW12122	110.250 	 9.799 	 55.250
FHW12122	110.375 	 9.799 	 55.250
FHW12122	110.500 	 9.799 	 55.250
FHW12122	110.625 	 9.799 	 55.250
FHW12122	110.750 	 9.799 	 55.250
FHW12122	110.875 	 9.799 	 55.250
FHW12122	111.000 	 9.799 	 55.250
FHW12122	111.125 	 9.799 	 55.250
FHW12122	111.250 	 9.799 	 55.250
FHW12122	111.375 	 9.799 	 55.250
FHW12122	111.500 	 9.799 	 55.250
FHW12122	111.625 	 9.799 	 55.250
FHW12122	111.750 	 9.799 	 55.250
FHW12122	111.875 	 9.799 	 55.250
FHW12122	112.000 	 9.799 	 55.250
FHW12122	112.125 	 9.799 	 55.250
FHW12122	112.250 	 9.799 	 55.250
FHW12122	112.375 	 9.799 	 55.250
FHW12122	112.500 	 9.799 	 55.250
FHW12122	112.625 	 9.799 	 55.250
FHW12122	112.750 	 9.799 	 55.250
FHW12122	112.875 	 9.799 	 55.250
FHW12122	113.000 	 9.799 	 55.250
FHW12122	113.125 	 9.799 	 55.250
FHW12122	113.250 	 9.799 	 55.250
FHW12122	113.375 	 9.799 	 55.250
FHW12122	113.500 	 9.799 	 55.250
FHW12122	113.625 	 9.799 	 55.250
FHW12122	113.750 	 9.799 	 55.250
FHW12122	113.875 	 9.799 	 55.250
FHW12122	114.000 	 9.799 	 55.250
FHW12122	114.125 	 9.799 	 55.250
FHW12122	114.250 	 9.799 	 55.250
FHW12122	114.375 	 9.799 	 55.250
FHW12122	114.500 	 9.799 	 55.250
FHW12122	114.625 	 9.799 	 55.250
FHW12122	114.750 	 9.799 	 55.250
FHW12122	114.875 	 9.799 	 55.250
FHW12122	115.000 	 9.799 	 55.250
FHW12122	115.125 	 9.799 	 55.250
FHW12122	115.250 	 9.799 	 55.250
FHW12122	115.375 	 9.799 	 55.250
FHW12122	115.500 	 9.799 	 55.250
FHW12122	115.625 	 9.799 	 55.250
FHW12122	115.750 	 9.799 	 55.250
FHW12122	115.875 	 9.799 	 55.250
FHW12122	116.000 	 9.799 	 55.250
FHW12122	116.125 	 9.799 	 55.250
FHW12122	116.250 	 9.799 	 55.250
FHW12122	116.375 	 9.799 	 55.250
FHW12122	116.500 	 9.799 	 55.250
FHW12122	116.625 	 10.961 	 54.609
FHW12122	116.750 	 13.030 	 53.750
FHW12122	116.875 	 13.029 	 53.750
FHW12122	117.000 	 13.030 	 53.750
FHW12122	117.125 	 13.030 	 53.750
FHW12122	117.250 	 13.030 	 53.750
FHW12122	117.375 	 13.030 	 53.750
FHW12122	117.500 	 13.030 	 53.750
FHW12122	117.625 	 13.030 	 53.750
FHW12122	117.750 	 13.030 	 53.750
FHW12122	117.875 	 13.030 	 53.750
FHW12122	118.000 	 13.030 	 53.750
FHW12122	118.125 	 13.030 	 53.750
FHW12122	118.250 	 13.030 	 53.750
FHW12122	118.375 	 13.030 	 53.750
FHW12122	118.500 	 13.030 	 53.750
FHW12122	118.625 	 13.030 	 53.750
FHW12122	118.750 	 13.030 	 53.750
FHW12122	118.875 	 13.030 	 53.750
FHW12122	119.000 	 13.029 	 53.750
FHW12122	119.125 	 13.030 	 53.750
FHW12122	119.250 	 13.030 	 53.750
FHW12122	119.375 	 13.030 	 53.750
FHW12122	119.500 	 13.030 	 53.750
FHW12122	119.625 	 13.030 	 53.750
FHW12122	119.750 	 13.030 	 53.750
FHW12122	119.875 	 13.030 	 53.750
FHW12122	120.000 	 13.030 	 53.750
FHW12122	120.125 	 13.030 	 53.750
FHW12122	120.250 	 13.030 	 53.750
FHW12122	120.375 	 13.030 	 53.750
FHW12122	120.500 	 13.030 	 53.750
FHW12122	120.625 	 13.030 	 53.750
FHW12122	120.750 	 13.030 	 53.750
FHW12122	120.875 	 13.030 	 53.750
FHW12122	121.000 	 13.030 	 53.750
FHW12122	121.125 	 13.029 	 53.750
FHW12122	121.250 	 13.030 	 53.750
FHW12122	121.375 	 13.030 	 53.750
FHW12122	121.500 	 13.030 	 53.750
FHW12122	121.625 	 13.030 	 53.750
FHW12122	121.750 	 13.030 	 53.750
FHW12122	121.875 	 13.030 	 53.750
FHW12122	122.000 	 13.030 	 53.750
FHW12122	122.125 	 13.030 	 53.750
FHW12122	122.250 	 13.030 	 53.750
FHW12122	122.375 	 13.030 	 53.750
FHW12122	122.500 	 13.030 	 53.750
FHW12122	122.625 	 13.030 	 53.750
FHW12122	122.750 	 13.030 	 53.750
FHW12122	122.875 	 13.030 	 53.750
FHW12122	123.000 	 13.030 	 53.750
FHW12122	123.125 	 13.029 	 53.750
FHW12122	123.250 	 13.030 	 53.750
FHW12122	123.375 	 13.030 	 53.750
FHW12122	123.500 	 13.030 	 53.750
FHW12122	123.625 	 13.030 	 53.750
FHW12122	123.750 	 13.030 	 53.750
FHW12122	123.875 	 13.030 	 53.751
FHW12122	124.000 	 13.030 	 53.750
FHW12122	124.125 	 13.030 	 53.750
FHW12122	124.250 	 13.030 	 53.751
FHW12122	124.375 	 13.030 	 53.750
FHW12122	124.500 	 13.030 	 53.750
FHW12122	124.625 	 13.030 	 53.751
FHW12122	124.750 	 13.030 	 53.750
FHW12122	124.875 	 13.030 	 53.751
FHW12122	125.000 	 13.030 	 53.750
FHW12122	125.125 	 13.030 	 53.750
FHW12122	125.250 	 13.029 	 53.751
FHW12122	125.375 	 13.030 	 53.750
FHW12122	125.500 	 13.030 	 53.750
FHW12122	125.625 	 15.448 	 54.151
FHW12122	125.750 	 16.584 	 54.300
FHW12122	125.875 	 16.585 	 54.300
FHW12122	126.000 	 16.585 	 54.300
FHW12122	126.125 	 16.584 	 54.300
FHW12122	126.250 	 16.585 	 54.300
FHW12122	126.375 	 16.585 	 54.300
FHW12122	126.500 	 16.584 	 54.300
FHW12122	126.625 	 16.585 	 54.300
FHW12122	126.750 	 16.585 	 54.300
FHW12122	126.875 	 16.584 	 54.300
FHW12122	127.000 	 16.585 	 54.300
FHW12122	127.125 	 16.585 	 54.300
FHW12122	127.250 	 16.584 	 54.300
FHW12122	127.375 	 16.585 	 54.300
FHW12122	127.500 	 16.585 	 54.300
FHW12122	127.625 	 16.584 	 54.300
FHW12122	127.750 	 16.585 	 54.300
FHW12122	127.875 	 16.584 	 54.300
FHW12122	128.000 	 16.585 	 54.300
FHW12122	128.125 	 16.585 	 54.300
FHW12122	128.250 	 16.584 	 54.300
FHW12122	128.375 	 16.585 	 54.300
FHW12122	128.500 	 16.585 	 54.300
FHW12122	128.625 	 16.584 	 54.300
FHW12122	128.750 	 16.586 	 54.300
FHW12122	128.875 	 16.584 	 54.300
FHW12122	129.000 	 16.584 	 54.300
FHW12122	129.125 	 16.586 	 54.300
FHW12122	129.250 	 16.584 	 54.300
FHW12122	129.375 	 16.584 	 54.300
FHW12122	129.500 	 16.586 	 54.300
FHW12122	129.625 	 16.584 	 54.300
FHW12122	129.750 	 16.584 	 54.300
FHW12122	129.875 	 16.586 	 54.300
FHW12122	130.000 	 16.584 	 54.300
FHW12122	130.125 	 16.584 	 54.300
FHW12122	130.250 	 16.586 	 54.300
FHW12122	130.375 	 16.584 	 54.300
FHW12122	130.500 	 16.584 	 54.300
FHW12122	130.625 	 16.586 	 54.300
FHW12122	130.750 	 16.584 	 54.300
FHW12122	130.875 	 16.584 	 54.300
FHW12122	131.000 	 16.586 	 54.300
FHW12122	131.125 	 16.584 	 54.300
FHW12122	131.250 	 16.584 	 54.300
FHW12122	131.375 	 16.586 	 54.300
FHW12122	131.500 	 16.584 	 54.300
FHW12122	131.625 	 16.584 	 54.300
FHW12122	131.750 	 16.586 	 54.300
FHW12122	131.875 	 16.584 	 54.300
FHW12122	132.000 	 16.584 	 54.300
FHW12122	132.125 	 16.586 	 54.300
FHW12122	132.250 	 16.584 	 54.300
FHW12122	132.375 	 16.584 	 54.300
FHW12122	132.500 	 16.586 	 54.300
FHW12122	132.625 	 16.584 	 54.300
FHW12122	132.750 	 16.584 	 54.301
FHW12122	132.875 	 16.584 	 54.300
FHW12122	133.000 	 16.586 	 54.300
FHW12122	133.125 	 16.584 	 54.300
FHW12122	133.250 	 16.584 	 54.300
FHW12122	133.375 	 16.586 	 54.300
FHW12122	133.500 	 16.584 	 54.300
FHW12122	133.625 	 16.584 	 54.300
FHW12122	133.750 	 16.586 	 54.300
FHW12122	133.875 	 16.584 	 54.300
FHW12122	134.000 	 16.584 	 54.300
FHW12122	134.125 	 16.586 	 54.300
FHW12122	134.250 	 16.584 	 54.300
FHW12122	134.375 	 16.584 	 54.300
FHW12122	134.500 	 16.586 	 54.300
FHW12122	134.625 	 16.584 	 54.300
FHW12122	134.750 	 19.339 	 54.717
FHW12122	134.875 	 20.411 	 54.850
FHW12122	135.000 	 20.411 	 54.850
FHW12122	135.125 	 20.408 	 54.850
FHW12122	135.250 	 20.411 	 54.850
FHW12122	135.375 	 20.408 	 54.850
FHW12122	135.500 	 20.411 	 54.850
FHW12122	135.625 	 20.411 	 54.850
FHW12122	135.750 	 20.408 	 54.850
FHW12122	135.875 	 20.411 	 54.850
FHW12122	136.000 	 20.411 	 54.850
FHW12122	136.125 	 20.408 	 54.850
FHW12122	136.250 	 20.411 	 54.850
FHW12122	136.375 	 20.411 	 54.850
FHW12122	136.500 	 20.408 	 54.850
FHW12122	136.625 	 20.411 	 54.850
FHW12122	136.750 	 20.411 	 54.849
FHW12122	136.875 	 20.409 	 54.850
FHW12122	137.000 	 20.411 	 54.850
FHW12122	137.125 	 20.411 	 54.849
FHW12122	137.250 	 20.409 	 54.850
FHW12122	137.375 	 20.411 	 54.850
FHW12122	137.500 	 20.411 	 54.850
FHW12122	137.625 	 20.409 	 54.850
FHW12122	137.750 	 20.411 	 54.850
FHW12122	137.875 	 20.409 	 54.850
FHW12122	138.000 	 20.411 	 54.850
FHW12122	138.125 	 20.411 	 54.850
FHW12122	138.250 	 20.409 	 54.850
FHW12122	138.375 	 20.411 	 54.850
FHW12122	138.500 	 20.411 	 54.850
FHW12122	138.625 	 20.409 	 54.850
FHW12122	138.750 	 20.411 	 54.850
FHW12122	138.875 	 20.411 	 54.850
FHW12122	139.000 	 20.409 	 54.850
FHW12122	139.125 	 20.411 	 54.850
FHW12122	139.250 	 20.411 	 54.850
FHW12122	139.375 	 20.408 	 54.850
FHW12122	139.500 	 20.411 	 54.850
FHW12122	139.625 	 20.411 	 54.850
FHW12122	139.750 	 20.408 	 54.849
FHW12122	139.875 	 20.411 	 54.850
FHW12122	140.000 	 20.411 	 54.850
FHW12122	140.125 	 20.409 	 54.850
FHW12122	140.250 	 20.411 	 54.850
FHW12122	140.375 	 20.408 	 54.850
FHW12122	140.500 	 20.411 	 54.850
FHW12122	140.625 	 20.411 	 54.850
FHW12122	140.750 	 20.408 	 54.850
FHW12122	140.875 	 20.411 	 54.850
FHW12122	141.000 	 20.411 	 54.849
FHW12122	141.125 	 20.409 	 54.850
FHW12122	141.250 	 20.411 	 54.850
FHW12122	141.375 	 20.411 	 54.850
FHW12122	141.500 	 20.409 	 54.850
FHW12122	141.625 	 20.411 	 54.850
FHW12122	141.750 	 20.411 	 54.850
FHW12122	141.875 	 20.409 	 54.850
FHW12122	142.000 	 20.411 	 54.850
FHW12122	142.125 	 20.411 	 54.850
FHW12122	142.250 	 20.409 	 54.850
FHW12122	142.375 	 20.411 	 54.850
FHW12122	142.500 	 20.411 	 54.850
FHW12122	142.625 	 20.408 	 54.850
FHW12122	142.750 	 20.411 	 54.850
FHW12122	142.875 	 20.409 	 54.850
FHW12122	143.000 	 20.411 	 54.850
FHW12122	143.125 	 20.411 	 54.850
FHW12122	143.250 	 20.409 	 54.850
FHW12122	143.375 	 20.411 	 54.850
FHW12122	143.500 	 20.411 	 54.850
FHW12122	143.625 	 20.408 	 54.849
FHW12122	143.750 	 20.411 	 54.850
FHW12122	143.875 	 23.994 	 55.850
FHW12122	144.000 	 23.994 	 55.850
FHW12122	144.125 	 23.994 	 55.849
FHW12122	144.250 	 23.994 	 55.850
FHW12122	144.375 	 23.994 	 55.850
FHW12122	144.500 	 23.994 	 55.850
FHW12122	144.625 	 23.994 	 55.850
FHW12122	144.750 	 23.993 	 55.850
FHW12122	144.875 	 23.997 	 55.850
FHW12122	145.000 	 23.994 	 55.850
FHW12122	145.125 	 23.994 	 55.850
FHW12122	145.250 	 23.994 	 55.850
FHW12122	145.375 	 23.993 	 55.850
FHW12122	145.500 	 23.994 	 55.850
FHW12122	145.625 	 23.994 	 55.850
FHW12122	145.750 	 23.994 	 55.850
FHW12122	145.875 	 23.994 	 55.850
FHW12122	146.000 	 23.994 	 55.849
FHW12122	146.125 	 23.994 	 55.850
FHW12122	146.250 	 23.994 	 55.850
FHW12122	146.375 	 23.994 	 55.850
FHW12122	146.500 	 23.993 	 55.850
FHW12122	146.625 	 23.994 	 55.850
FHW12122	146.750 	 23.994 	 55.850
FHW12122	146.875 	 23.994 	 55.850
FHW12122	147.000 	 23.997 	 55.850
FHW12122	147.125 	 23.994 	 55.849
FHW12122	147.250 	 23.994 	 55.850
FHW12122	147.375 	 23.994 	 55.850
FHW12122	147.500 	 23.994 	 55.850
FHW12122	147.625 	 23.994 	 55.850
FHW12122	147.750 	 23.994 	 55.849
FHW12122	147.875 	 23.994 	 55.850
FHW12122	148.000 	 23.994 	 55.850
FHW12122	148.125 	 23.994 	 55.850
FHW12122	148.250 	 23.994 	 55.850
FHW12122	148.375 	 23.994 	 55.849
FHW12122	148.500 	 23.994 	 55.850
FHW12122	148.625 	 23.994 	 55.850
FHW12122	148.750 	 23.994 	 55.850
FHW12122	148.875 	 23.994 	 55.850
FHW12122	149.000 	 23.993 	 55.850
FHW12122	149.125 	 23.997 	 55.850
FHW12122	149.250 	 23.994 	 55.850
FHW12122	149.375 	 23.994 	 55.850
FHW12122	149.500 	 23.994 	 55.850
FHW12122	149.625 	 23.994 	 55.849
FHW12122	149.750 	 23.994 	 55.850
FHW12122	149.875 	 23.994 	 55.850
FHW12122	150.000 	 23.994 	 55.850
FHW12122	150.125 	 23.994 	 55.850
FHW12122	150.250 	 23.994 	 55.849
FHW12122	150.375 	 23.994 	 55.850
FHW12122	150.500 	 23.994 	 55.850
FHW12122	150.625 	 23.994 	 55.850
FHW12122	150.750 	 23.993 	 55.850
FHW12122	150.875 	 23.994 	 55.850
FHW12122	151.000 	 23.994 	 55.850
FHW12122	151.125 	 23.994 	 55.850
FHW12122	151.250 	 23.994 	 55.850
FHW12122	151.375 	 23.996 	 55.849
FHW12122	151.500 	 23.994 	 55.850
FHW12122	151.625 	 23.994 	 55.850
FHW12122	151.750 	 23.994 	 55.850
FHW12122	151.875 	 23.994 	 55.850
FHW12122	152.000 	 23.994 	 55.849
FHW12122	152.125 	 23.994 	 55.850
FHW12122	152.250 	 23.994 	 55.850
FHW12122	152.375 	 23.994 	 55.850
FHW12122	152.500 	 23.994 	 55.850
FHW12122	152.625 	 23.993 	 55.850
FHW12122	152.750 	 23.994 	 55.850
FHW12122	152.875 	 23.994 	 55.850
FHW12122	153.000 	 23.994 	 55.850
FHW12122	153.125 	 27.311 	 57.801
FHW12122	153.250 	 27.597 	 57.950
FHW12122	153.375 	 27.600 	 57.950
FHW12122	153.500 	 27.600 	 57.950
FHW12122	153.625 	 27.597 	 57.949
FHW12122	153.750 	 27.600 	 57.950
FHW12122	153.875 	 27.597 	 57.950
FHW12122	154.000 	 27.600 	 57.950
FHW12122	154.125 	 27.597 	 57.950
FHW12122	154.250 	 27.600 	 57.949
FHW12122	154.375 	 27.597 	 57.950
FHW12122	154.500 	 27.600 	 57.950
FHW12122	154.625 	 27.597 	 57.949
FHW12122	154.750 	 27.600 	 57.950
FHW12122	154.875 	 27.597 	 57.949
FHW12122	155.000 	 27.600 	 57.951
FHW12122	155.125 	 27.600 	 57.949
FHW12122	155.250 	 27.597 	 57.950
FHW12122	155.375 	 27.600 	 57.949
FHW12122	155.500 	 27.597 	 57.951
FHW12122	155.625 	 27.600 	 57.949
FHW12122	155.750 	 27.597 	 57.950
FHW12122	155.875 	 27.600 	 57.949
FHW12122	156.000 	 27.597 	 57.951
FHW12122	156.125 	 27.600 	 57.949
FHW12122	156.250 	 27.597 	 57.950
FHW12122	156.375 	 27.600 	 57.949
FHW12122	156.500 	 27.597 	 57.950
FHW12122	156.625 	 27.600 	 57.950
FHW12122	156.750 	 27.600 	 57.949
FHW12122	156.875 	 27.597 	 57.950
FHW12122	157.000 	 27.600 	 57.950
FHW12122	157.125 	 27.597 	 57.950
FHW12122	157.250 	 27.600 	 57.949
FHW12122	157.375 	 27.597 	 57.950
FHW12122	157.500 	 27.600 	 57.950
FHW12122	157.625 	 27.597 	 57.950
FHW12122	157.750 	 27.600 	 57.949
FHW12122	157.875 	 27.597 	 57.950
FHW12122	158.000 	 27.600 	 57.950
FHW12122	158.125 	 27.597 	 57.950
FHW12122	158.250 	 27.600 	 57.949
FHW12122	158.375 	 27.600 	 57.949
FHW12122	158.500 	 27.597 	 57.951
FHW12122	158.625 	 27.600 	 57.949
FHW12122	158.750 	 27.597 	 57.950
FHW12122	158.875 	 27.600 	 57.949
FHW12122	159.000 	 27.597 	 57.951
FHW12122	159.125 	 27.600 	 57.949
FHW12122	159.250 	 27.597 	 57.950
FHW12122	159.375 	 27.600 	 57.949
FHW12122	159.500 	 27.597 	 57.951
FHW12122	159.625 	 27.600 	 57.949
FHW12122	159.750 	 27.597 	 57.950
FHW12122	159.875 	 27.600 	 57.949
FHW12122	160.000 	 27.600 	 57.951
FHW12122	160.125 	 27.597 	 57.949
FHW12122	160.250 	 27.600 	 57.950
FHW12122	160.375 	 27.597 	 57.950
FHW12122	160.500 	 27.600 	 57.949
FHW12122	160.625 	 27.597 	 57.951
FHW12122	160.750 	 27.600 	 57.950
FHW12122	160.875 	 27.596 	 57.950
FHW12122	161.000 	 27.600 	 57.950
FHW12122	161.125 	 27.596 	 57.950
FHW12122	161.250 	 27.600 	 57.950
FHW12122	161.375 	 27.597 	 57.951
FHW12122	161.500 	 27.600 	 57.949
FHW12122	161.625 	 27.600 	 57.951
FHW12122	161.750 	 27.597 	 57.950
FHW12122	161.875 	 27.600 	 57.950
FHW12122	162.000 	 30.321 	 58.618
FHW12122	162.125 	 31.378 	 58.850
FHW12122	162.250 	 31.381 	 58.850
FHW12122	162.375 	 31.379 	 58.850
FHW12122	162.500 	 31.382 	 58.850
FHW12122	162.625 	 31.378 	 58.850
FHW12122	162.750 	 31.378 	 58.850
FHW12122	162.875 	 31.382 	 58.850
FHW12122	163.000 	 31.378 	 58.850
FHW12122	163.125 	 31.382 	 58.850
FHW12122	163.250 	 31.379 	 58.850
FHW12122	163.375 	 31.381 	 58.850
FHW12122	163.500 	 31.378 	 58.850
FHW12122	163.625 	 31.382 	 58.850
FHW12122	163.750 	 31.378 	 58.849
FHW12122	163.875 	 31.382 	 58.850
FHW12122	164.000 	 31.378 	 58.850
FHW12122	164.125 	 31.381 	 58.850
FHW12122	164.250 	 31.379 	 58.850
FHW12122	164.375 	 31.382 	 58.850
FHW12122	164.500 	 31.378 	 58.850
FHW12122	164.625 	 31.382 	 58.850
FHW12122	164.750 	 31.378 	 58.850
FHW12122	164.875 	 31.381 	 58.850
FHW12122	165.000 	 31.378 	 58.850
FHW12122	165.125 	 31.382 	 58.850
FHW12122	165.250 	 31.378 	 58.850
FHW12122	165.375 	 31.382 	 58.850
FHW12122	165.500 	 31.379 	 58.850
FHW12122	165.625 	 31.381 	 58.850
FHW12122	165.750 	 31.378 	 58.850
FHW12122	165.875 	 31.382 	 58.850
FHW12122	166.000 	 31.379 	 58.850
FHW12122	166.125 	 31.381 	 58.850
FHW12122	166.250 	 31.378 	 58.850
FHW12122	166.375 	 31.382 	 58.850
FHW12122	166.500 	 31.378 	 58.850
FHW12122	166.625 	 31.378 	 58.850
FHW12122	166.750 	 31.382 	 58.850
FHW12122	166.875 	 31.378 	 58.849
FHW12122	167.000 	 31.382 	 58.850
FHW12122	167.125 	 31.378 	 58.850
FHW12122	167.250 	 31.381 	 58.850
FHW12122	167.375 	 31.379 	 58.850
FHW12122	167.500 	 31.382 	 58.850
FHW12122	167.625 	 31.378 	 58.850
FHW12122	167.750 	 31.382 	 58.850
FHW12122	167.875 	 31.378 	 58.850
FHW12122	168.000 	 31.381 	 58.850
FHW12122	168.125 	 31.378 	 58.850
FHW12122	168.250 	 31.382 	 58.850
FHW12122	168.375 	 31.378 	 58.850
FHW12122	168.500 	 31.382 	 58.850
FHW12122	168.625 	 31.379 	 58.850
FHW12122	168.750 	 31.381 	 58.850
FHW12122	168.875 	 31.378 	 58.850
FHW12122	169.000 	 31.382 	 58.850
FHW12122	169.125 	 31.378 	 58.849
FHW12122	169.250 	 31.382 	 58.850
FHW12122	169.375 	 31.378 	 58.850
FHW12122	169.500 	 31.382 	 58.849
FHW12122	169.625 	 31.378 	 58.850
FHW12122	169.750 	 31.382 	 58.850
FHW12122	169.875 	 31.378 	 58.850
FHW12122	170.000 	 31.382 	 58.850
FHW12122	170.125 	 31.378 	 58.850
FHW12122	170.250 	 31.381 	 58.850
FHW12122	170.375 	 31.379 	 58.850
FHW12122	170.500 	 31.378 	 58.850
FHW12122	170.625 	 31.381 	 58.850
FHW12122	170.750 	 31.378 	 58.850
FHW12122	170.875 	 31.818 	 58.771
FHW12122	171.000 	 35.027 	 58.250
FHW12122	171.125 	 35.022 	 58.250
FHW12122	171.250 	 35.026 	 58.250
FHW12122	171.375 	 35.027 	 58.251
FHW12122	171.500 	 35.022 	 58.250
FHW12122	171.625 	 35.026 	 58.250
FHW12122	171.750 	 35.023 	 58.250
FHW12122	171.875 	 35.026 	 58.250
FHW12122	172.000 	 35.026 	 58.250
FHW12122	172.125 	 35.022 	 58.250
FHW12122	172.250 	 35.027 	 58.250
FHW12122	172.375 	 35.022 	 58.250
FHW12122	172.500 	 35.026 	 58.250
FHW12122	172.625 	 35.027 	 58.251
FHW12122	172.750 	 35.022 	 58.250
FHW12122	172.875 	 35.026 	 58.250
FHW12122	173.000 	 35.027 	 58.250
FHW12122	173.125 	 35.022 	 58.250
FHW12122	173.250 	 35.026 	 58.250
FHW12122	173.375 	 35.023 	 58.250
FHW12122	173.500 	 35.026 	 58.250
FHW12122	173.625 	 35.026 	 58.250
FHW12122	173.750 	 35.023 	 58.250
FHW12122	173.875 	 35.026 	 58.250
FHW12122	174.000 	 35.022 	 58.250
FHW12122	174.125 	 35.026 	 58.250
FHW12122	174.250 	 35.027 	 58.250
FHW12122	174.375 	 35.022 	 58.250
FHW12122	174.500 	 35.026 	 58.250
FHW12122	174.625 	 35.027 	 58.250
FHW12122	174.750 	 35.022 	 58.250
FHW12122	174.875 	 35.026 	 58.250
FHW12122	175.000 	 35.023 	 58.250
FHW12122	175.125 	 35.026 	 58.250
FHW12122	175.250 	 35.026 	 58.250
FHW12122	175.375 	 35.023 	 58.250
FHW12122	175.500 	 35.026 	 58.250
FHW12122	175.625 	 35.022 	 58.250
FHW12122	175.750 	 35.026 	 58.250
FHW12122	175.875 	 35.027 	 58.250
FHW12122	176.000 	 35.022 	 58.250
FHW12122	176.125 	 35.026 	 58.250
FHW12122	176.250 	 35.023 	 58.250
FHW12122	176.375 	 35.026 	 58.250
FHW12122	176.500 	 35.026 	 58.250
FHW12122	176.625 	 35.023 	 58.250
FHW12122	176.750 	 35.026 	 58.250
FHW12122	176.875 	 35.026 	 58.250
FHW12122	177.000 	 35.023 	 58.251
FHW12122	177.125 	 35.026 	 58.250
FHW12122	177.250 	 35.022 	 58.250
FHW12122	177.375 	 35.027 	 58.250
FHW12122	177.500 	 35.026 	 58.250
FHW12122	177.625 	 35.022 	 58.250
FHW12122	177.750 	 35.026 	 58.250
FHW12122	177.875 	 35.023 	 58.250
FHW12122	178.000 	 35.026 	 58.250
FHW12122	178.125 	 35.026 	 58.250
FHW12122	178.250 	 35.023 	 58.251
FHW12122	178.375 	 35.026 	 58.250
FHW12122	178.500 	 35.022 	 58.250
FHW12122	178.625 	 35.027 	 58.250
FHW12122	178.750 	 35.026 	 58.250
FHW12122	178.875 	 35.022 	 58.250
FHW12122	179.000 	 35.027 	 58.250
FHW12122	179.125 	 35.026 	 58.250
FHW12122	179.250 	 35.022 	 58.250
FHW12122	179.375 	 35.027 	 58.250
FHW12122	179.500 	 35.022 	 58.250
FHW12122	179.625 	 35.026 	 58.250
FHW12122	179.750 	 36.819 	 57.849
FHW12122	179.875 	 38.758 	 57.450
FHW12122	180.000 	 38.758 	 57.449
FHW12122	180.125 	 38.763 	 57.451
FHW12122	180.250 	 38.758 	 57.449
FHW12122	180.375 	 38.758 	 57.451
FHW12122	180.500 	 38.762 	 57.449
FHW12122	180.625 	 38.758 	 57.451
FHW12122	180.750 	 38.758 	 57.449
FHW12122	180.875 	 38.763 	 57.451
FHW12122	181.000 	 38.758 	 57.450
FHW12122	181.125 	 38.759 	 57.450
FHW12122	181.250 	 38.762 	 57.450
FHW12122	181.375 	 38.759 	 57.450
FHW12122	181.500 	 38.762 	 57.450
FHW12122	181.625 	 38.758 	 57.449
FHW12122	181.750 	 38.758 	 57.451
FHW12122	181.875 	 38.762 	 57.450
FHW12122	182.000 	 38.759 	 57.450
FHW12122	182.125 	 38.758 	 57.450
FHW12122	182.250 	 38.763 	 57.450
FHW12122	182.375 	 38.758 	 57.450
FHW12122	182.500 	 38.759 	 57.450
FHW12122	182.625 	 38.762 	 57.449
FHW12122	182.750 	 38.758 	 57.451
FHW12122	182.875 	 38.758 	 57.449
FHW12122	183.000 	 38.763 	 57.450
FHW12122	183.125 	 38.758 	 57.451
FHW12122	183.250 	 38.758 	 57.449
FHW12122	183.375 	 38.763 	 57.450
FHW12122	183.500 	 38.758 	 57.449
FHW12122	183.625 	 38.763 	 57.451
FHW12122	183.750 	 38.758 	 57.449
FHW12122	183.875 	 38.759 	 57.450
FHW12122	184.000 	 38.762 	 57.451
FHW12122	184.125 	 38.759 	 57.450
FHW12122	184.250 	 38.758 	 57.449
FHW12122	184.375 	 38.763 	 57.450
FHW12122	184.500 	 38.758 	 57.451
FHW12122	184.625 	 38.759 	 57.450
FHW12122	184.750 	 38.762 	 57.449
FHW12122	184.875 	 38.758 	 57.449
FHW12122	185.000 	 38.758 	 57.451
FHW12122	185.125 	 38.762 	 57.449
FHW12122	185.250 	 38.759 	 57.450
FHW12122	185.375 	 38.762 	 57.451
FHW12122	185.500 	 38.759 	 57.450
FHW12122	185.625 	 38.758 	 57.449
FHW12122	185.750 	 38.763 	 57.450
FHW12122	185.875 	 38.758 	 57.451
FHW12122	186.000 	 38.759 	 57.450
FHW12122	186.125 	 38.762 	 57.449
FHW12122	186.250 	 38.758 	 57.451
FHW12122	186.375 	 38.758 	 57.449
FHW12122	186.500 	 38.763 	 57.450
FHW12122	186.625 	 38.758 	 57.449
FHW12122	186.750 	 38.758 	 57.451
FHW12122	186.875 	 38.763 	 57.450
FHW12122	187.000 	 38.758 	 57.449
FHW12122	187.125 	 38.758 	 57.451
FHW12122	187.250 	 38.762 	 57.449
FHW12122	187.375 	 38.759 	 57.450
FHW12122	187.500 	 38.762 	 57.449
FHW12122	187.625 	 38.758 	 57.451
FHW12122	187.750 	 38.758 	 57.449
FHW12122	187.875 	 38.763 	 57.450
FHW12122	188.000 	 38.758 	 57.449
FHW12122	188.125 	 38.758 	 57.451
FHW12122	188.250 	 38.762 	 57.449
FHW12122	188.375 	 38.758 	 57.449
FHW12122	188.500 	 38.758 	 57.451
FHW12122	188.625 	 38.762 	 57.449
FHW12122	188.750 	 38.759 	 57.450
FHW12122	188.875 	 38.758 	 57.449
FHW12122	189.000 	 41.800 	 57.008
FHW12122	189.125 	 42.983 	 56.850
FHW12122	189.250 	 42.979 	 56.850
FHW12122	189.375 	 42.978 	 56.850
FHW12122	189.500 	 42.978 	 56.849
FHW12122	189.625 	 42.983 	 56.850
FHW12122	189.750 	 42.979 	 56.850
FHW12122	189.875 	 42.978 	 56.850
FHW12122	190.000 	 42.983 	 56.849
FHW12122	190.125 	 42.978 	 56.850
FHW12122	190.250 	 42.979 	 56.850
FHW12122	190.375 	 42.983 	 56.850
FHW12122	190.500 	 42.978 	 56.849
FHW12122	190.625 	 42.979 	 56.851
FHW12122	190.750 	 42.983 	 56.849
FHW12122	190.875 	 42.978 	 56.850
FHW12122	191.000 	 42.978 	 56.849
FHW12122	191.125 	 42.983 	 56.851
FHW12122	191.250 	 42.978 	 56.849
FHW12122	191.375 	 42.978 	 56.850
FHW12122	191.500 	 42.984 	 56.850
FHW12122	191.625 	 42.978 	 56.850
FHW12122	191.750 	 42.978 	 56.849
FHW12122	191.875 	 42.983 	 56.850
FHW12122	192.000 	 42.979 	 56.850
FHW12122	192.125 	 42.978 	 56.850
FHW12122	192.250 	 42.983 	 56.849
FHW12122	192.375 	 42.979 	 56.851
FHW12122	192.500 	 42.978 	 56.849
FHW12122	192.625 	 42.983 	 56.850
FHW12122	192.750 	 42.978 	 56.849
FHW12122	192.875 	 42.978 	 56.850
FHW12122	193.000 	 42.984 	 56.850
FHW12122	193.125 	 42.979 	 56.851
FHW12122	193.250 	 42.978 	 56.849
FHW12122	193.375 	 42.983 	 56.851
FHW12122	193.500 	 42.979 	 56.850
FHW12122	193.625 	 42.978 	 56.850
FHW12122	193.750 	 42.984 	 56.850
FHW12122	193.875 	 42.978 	 56.850
FHW12122	194.000 	 42.979 	 56.850
FHW12122	194.125 	 42.983 	 56.851
FHW12122	194.250 	 42.978 	 56.849
FHW12122	194.375 	 42.979 	 56.851
FHW12122	194.500 	 42.984 	 56.850
FHW12122	194.625 	 42.978 	 56.850
FHW12122	194.750 	 42.979 	 56.850
FHW12122	194.875 	 42.983 	 56.851
FHW12122	195.000 	 42.978 	 56.849
FHW12122	195.125 	 42.979 	 56.851
FHW12122	195.250 	 42.983 	 56.849
FHW12122	195.375 	 42.979 	 56.851
FHW12122	195.500 	 42.979 	 56.850
FHW12122	195.625 	 42.982 	 56.850
FHW12122	195.750 	 42.979 	 56.850
FHW12122	195.875 	 42.979 	 56.851
FHW12122	196.000 	 42.983 	 56.849
FHW12122	196.125 	 42.979 	 56.851
FHW12122	196.250 	 42.979 	 56.850
FHW12122	196.375 	 42.982 	 56.850
FHW12122	196.500 	 42.979 	 56.850
FHW12122	196.625 	 42.979 	 56.851
FHW12122	196.750 	 42.983 	 56.849
FHW12122	196.875 	 42.979 	 56.851
FHW12122	197.000 	 42.978 	 56.849
FHW12122	197.125 	 42.983 	 56.851
FHW12122	197.250 	 42.979 	 56.850
FHW12122	197.375 	 42.978 	 56.850
FHW12122	197.500 	 42.984 	 56.850
FHW12122	197.625 	 42.979 	 56.851
FHW12122	197.750 	 42.978 	 56.849
FHW12122	197.875 	 42.983 	 56.851
FHW12122	198.000 	 44.322 	 56.765
FHW12122	198.125 	 47.172 	 56.600
FHW12122	198.250 	 47.178 	 56.599
FHW12122	198.375 	 47.173 	 56.602
FHW12122	198.500 	 47.178 	 56.599
FHW12122	198.625 	 47.172 	 56.600
FHW12122	198.750 	 47.178 	 56.599
FHW12122	198.875 	 47.172 	 56.600
FHW12122	199.000 	 47.172 	 56.600
FHW12122	199.125 	 47.178 	 56.599
FHW12122	199.250 	 47.172 	 56.600
FHW12122	199.375 	 47.179 	 56.601
FHW12122	199.500 	 47.172 	 56.600
FHW12122	199.625 	 47.178 	 56.599
FHW12122	199.750 	 47.172 	 56.600
FHW12122	199.875 	 47.177 	 56.600
FHW12122	200.000 	 47.173 	 56.599
FHW12122	200.125 	 47.177 	 56.600
FHW12122	200.250 	 47.173 	 56.599
FHW12122	200.375 	 47.178 	 56.602
FHW12122	200.500 	 47.173 	 56.599
FHW12122	200.625 	 47.177 	 56.600
FHW12122	200.750 	 47.172 	 56.600
FHW12122	200.875 	 47.178 	 56.599
FHW12122	201.000 	 47.172 	 56.600
FHW12122	201.125 	 47.178 	 56.599
FHW12122	201.250 	 47.172 	 56.600
FHW12122	201.375 	 47.179 	 56.601
FHW12122	201.500 	 47.172 	 56.600
FHW12122	201.625 	 47.172 	 56.600
FHW12122	201.750 	 47.178 	 56.599
FHW12122	201.875 	 47.172 	 56.600
FHW12122	202.000 	 47.178 	 56.599
FHW12122	202.125 	 47.172 	 56.600
FHW12122	202.250 	 47.178 	 56.599
FHW12122	202.375 	 47.173 	 56.602
FHW12122	202.500 	 47.177 	 56.600
FHW12122	202.625 	 47.173 	 56.599
FHW12122	202.750 	 47.177 	 56.600
FHW12122	202.875 	 47.173 	 56.599
FHW12122	203.000 	 47.177 	 56.600
FHW12122	203.125 	 47.173 	 56.599
FHW12122	203.250 	 47.177 	 56.600
FHW12122	203.375 	 47.173 	 56.602
FHW12122	203.500 	 47.178 	 56.599
FHW12122	203.625 	 47.172 	 56.600
FHW12122	203.750 	 47.178 	 56.599
FHW12122	203.875 	 47.172 	 56.600
FHW12122	204.000 	 47.178 	 56.599
FHW12122	204.125 	 47.172 	 56.600
FHW12122	204.250 	 47.172 	 56.600
FHW12122	204.375 	 47.179 	 56.601
FHW12122	204.500 	 47.172 	 56.600
FHW12122	204.625 	 47.178 	 56.599
FHW12122	204.750 	 47.172 	 56.600
FHW12122	204.875 	 47.178 	 56.599
FHW12122	205.000 	 47.172 	 56.600
FHW12122	205.125 	 47.177 	 56.600
FHW12122	205.250 	 47.173 	 56.599
FHW12122	205.375 	 47.178 	 56.602
FHW12122	205.500 	 47.173 	 56.599
FHW12122	205.625 	 47.177 	 56.600
FHW12122	205.750 	 47.173 	 56.599
FHW12122	205.875 	 47.177 	 56.600
FHW12122	206.000 	 47.172 	 56.600
FHW12122	206.125 	 47.178 	 56.599
FHW12122	206.250 	 47.172 	 56.600
FHW12122	206.375 	 47.179 	 56.601
FHW12122	206.500 	 47.172 	 56.600
FHW12122	206.625 	 47.178 	 56.599
FHW12122	206.750 	 47.172 	 56.600
FHW12122	206.875 	 51.067 	 56.650
FHW12122	207.000 	 51.066 	 56.649
FHW12122	207.125 	 51.061 	 56.651
FHW12122	207.250 	 51.066 	 56.649
FHW12122	207.375 	 51.067 	 56.650
FHW12122	207.500 	 51.066 	 56.649
FHW12122	207.625 	 51.067 	 56.650
FHW12122	207.750 	 51.060 	 56.650
FHW12122	207.875 	 51.067 	 56.650
FHW12122	208.000 	 51.066 	 56.649
FHW12122	208.125 	 51.067 	 56.650
FHW12122	208.250 	 51.066 	 56.649
FHW12122	208.375 	 51.066 	 56.651
FHW12122	208.500 	 51.060 	 56.649
FHW12122	208.625 	 51.067 	 56.650
FHW12122	208.750 	 51.067 	 56.650
FHW12122	208.875 	 51.066 	 56.649
FHW12122	209.000 	 51.066 	 56.651
FHW12122	209.125 	 51.060 	 56.649
FHW12122	209.250 	 51.067 	 56.650
FHW12122	209.375 	 51.066 	 56.649
FHW12122	209.500 	 51.067 	 56.650
FHW12122	209.625 	 51.065 	 56.650
FHW12122	209.750 	 51.061 	 56.650
FHW12122	209.875 	 51.066 	 56.649
FHW12122	210.000 	 51.067 	 56.650
FHW12122	210.125 	 51.066 	 56.649
FHW12122	210.250 	 51.066 	 56.651
FHW12122	210.375 	 51.060 	 56.649
FHW12122	210.500 	 51.067 	 56.650
FHW12122	210.625 	 51.067 	 56.650
FHW12122	210.750 	 51.066 	 56.649
FHW12122	210.875 	 51.066 	 56.651
FHW12122	211.000 	 51.060 	 56.649
FHW12122	211.125 	 51.067 	 56.650
FHW12122	211.250 	 51.066 	 56.649
FHW12122	211.375 	 51.067 	 56.650
FHW12122	211.500 	 51.065 	 56.650
FHW12122	211.625 	 51.067 	 56.650
FHW12122	211.750 	 51.060 	 56.649
FHW12122	211.875 	 51.067 	 56.650
FHW12122	212.000 	 51.066 	 56.649
FHW12122	212.125 	 51.066 	 56.651
FHW12122	212.250 	 51.067 	 56.650
FHW12122	212.375 	 51.060 	 56.649
FHW12122	212.500 	 51.067 	 56.650
FHW12122	212.625 	 51.066 	 56.649
FHW12122	212.750 	 51.066 	 56.651
FHW12122	212.875 	 51.066 	 56.649
FHW12122	213.000 	 51.061 	 56.650
FHW12122	213.125 	 51.066 	 56.649
FHW12122	213.250 	 51.067 	 56.650
FHW12122	213.375 	 51.065 	 56.650
FHW12122	213.500 	 51.067 	 56.650
FHW12122	213.625 	 51.060 	 56.649
FHW12122	213.750 	 51.067 	 56.650
FHW12122	213.875 	 51.066 	 56.649
FHW12122	214.000 	 51.066 	 56.651
FHW12122	214.125 	 51.067 	 56.650
FHW12122	214.250 	 51.060 	 56.649
FHW12122	214.375 	 51.067 	 56.650
FHW12122	214.500 	 51.066 	 56.649
FHW12122	214.625 	 51.066 	 56.651
FHW12122	214.750 	 51.066 	 56.649
FHW12122	214.875 	 51.067 	 56.650
FHW12122	215.000 	 51.060 	 56.649
FHW12122	215.125 	 51.067 	 56.650
FHW12122	215.250 	 51.065 	 56.650
FHW12122	215.375 	 51.067 	 56.650
FHW12122	215.500 	 51.066 	 56.649
FHW12122	215.625 	 53.142 	 57.104
FHW12122	215.750 	 55.065 	 57.500
FHW12122	215.875 	 55.064 	 57.499
FHW12122	216.000 	 55.065 	 57.500
FHW12122	216.125 	 55.065 	 57.500
FHW12122	216.250 	 55.064 	 57.499
FHW12122	216.375 	 55.059 	 57.500
FHW12122	216.500 	 55.065 	 57.500
FHW12122	216.625 	 55.064 	 57.499
FHW12122	216.750 	 55.065 	 57.500
FHW12122	216.875 	 55.065 	 57.500
FHW12122	217.000 	 55.065 	 57.500
FHW12122	217.125 	 55.064 	 57.499
FHW12122	217.250 	 55.065 	 57.500
FHW12122	217.375 	 55.065 	 57.500
FHW12122	217.500 	 55.064 	 57.499
FHW12122	217.625 	 55.059 	 57.500
FHW12122	217.750 	 55.065 	 57.500
FHW12122	217.875 	 55.064 	 57.499
FHW12122	218.000 	 55.065 	 57.500
FHW12122	218.125 	 55.065 	 57.500
FHW12122	218.250 	 55.065 	 57.500
FHW12122	218.375 	 55.064 	 57.499
FHW12122	218.500 	 55.065 	 57.500
FHW12122	218.625 	 55.065 	 57.500
FHW12122	218.750 	 55.064 	 57.498
FHW12122	218.875 	 55.059 	 57.500
FHW12122	219.000 	 55.065 	 57.500
FHW12122	219.125 	 55.064 	 57.499
FHW12122	219.250 	 55.065 	 57.500
FHW12122	219.375 	 55.065 	 57.500
FHW12122	219.500 	 55.065 	 57.500
FHW12122	219.625 	 55.064 	 57.499
FHW12122	219.750 	 55.065 	 57.500
FHW12122	219.875 	 55.065 	 57.500
FHW12122	220.000 	 55.064 	 57.498
FHW12122	220.125 	 55.059 	 57.500
FHW12122	220.250 	 55.065 	 57.500
FHW12122	220.375 	 55.064 	 57.499
FHW12122	220.500 	 55.065 	 57.500
FHW12122	220.625 	 55.065 	 57.500
FHW12122	220.750 	 55.065 	 57.500
FHW12122	220.875 	 55.064 	 57.499
FHW12122	221.000 	 55.065 	 57.500
FHW12122	221.125 	 55.065 	 57.500
FHW12122	221.250 	 55.064 	 57.499
FHW12122	221.375 	 55.060 	 57.500
FHW12122	221.500 	 55.065 	 57.500
FHW12122	221.625 	 55.064 	 57.499
FHW12122	221.750 	 55.065 	 57.500
FHW12122	221.875 	 55.065 	 57.500
FHW12122	222.000 	 55.065 	 57.500
FHW12122	222.125 	 55.064 	 57.499
FHW12122	222.250 	 55.065 	 57.500
FHW12122	222.375 	 55.065 	 57.500
FHW12122	222.500 	 55.058 	 57.499
FHW12122	222.625 	 55.065 	 57.500
FHW12122	222.750 	 55.065 	 57.500
FHW12122	222.875 	 55.065 	 57.501
FHW12122	223.000 	 55.065 	 57.498
FHW12122	223.125 	 55.065 	 57.500
FHW12122	223.250 	 55.065 	 57.500
FHW12122	223.375 	 55.064 	 57.499
FHW12122	223.500 	 55.065 	 57.500
FHW12122	223.625 	 55.065 	 57.500
FHW12122	223.750 	 55.058 	 57.499
FHW12122	223.875 	 55.065 	 57.500
FHW12122	224.000 	 55.065 	 57.500
FHW12122	224.125 	 55.065 	 57.500
FHW12122	224.250 	 55.064 	 57.499
FHW12122	224.375 	 55.066 	 57.499
FHW12122	224.500 	 55.065 	 57.500
FHW12122	224.625 	 55.064 	 57.499
FHW12122	224.750 	 55.065 	 57.500
FHW12122	224.875 	 55.065 	 57.500
FHW12122	225.000 	 55.058 	 57.499
FHW12122	225.125 	 55.065 	 57.500
FHW12122	225.250 	 58.289 	 58.631
FHW12122	225.375 	 59.544 	 59.051
FHW12122	225.500 	 59.544 	 59.051
FHW12122	225.625 	 59.544 	 59.049
FHW12122	225.750 	 59.544 	 59.051
FHW12122	225.875 	 59.544 	 59.051
FHW12122	226.000 	 59.550 	 59.049
FHW12122	226.125 	 59.544 	 59.051
FHW12122	226.250 	 59.544 	 59.051
FHW12122	226.375 	 59.544 	 59.049
FHW12122	226.500 	 59.544 	 59.051
FHW12122	226.625 	 59.544 	 59.051
FHW12122	226.750 	 59.544 	 59.049
FHW12122	226.875 	 59.544 	 59.051
FHW12122	227.000 	 59.545 	 59.052
FHW12122	227.125 	 59.544 	 59.049
FHW12122	227.250 	 59.544 	 59.051
FHW12122	227.375 	 59.544 	 59.051
FHW12122	227.500 	 59.544 	 59.049
FHW12122	227.625 	 59.544 	 59.051
FHW12122	227.750 	 59.544 	 59.051
FHW12122	227.875 	 59.544 	 59.049
FHW12122	228.000 	 59.544 	 59.051
FHW12122	228.125 	 59.544 	 59.051
FHW12122	228.250 	 59.544 	 59.051
FHW12122	228.375 	 59.544 	 59.049
FHW12122	228.500 	 59.544 	 59.051
FHW12122	228.625 	 59.544 	 59.051
FHW12122	228.750 	 59.544 	 59.049
FHW12122	228.875 	 59.545 	 59.052
FHW12122	229.000 	 59.544 	 59.051
FHW12122	229.125 	 59.544 	 59.049
FHW12122	229.250 	 59.544 	 59.051
FHW12122	229.375 	 59.544 	 59.051
FHW12122	229.500 	 59.544 	 59.049
FHW12122	229.625 	 59.544 	 59.051
FHW12122	229.750 	 59.544 	 59.051
FHW12122	229.875 	 59.544 	 59.049
FHW12122	230.000 	 59.544 	 59.051
FHW12122	230.125 	 59.544 	 59.051
FHW12122	230.250 	 59.544 	 59.049
FHW12122	230.375 	 59.544 	 59.051
FHW12122	230.500 	 59.544 	 59.051
FHW12122	230.625 	 59.544 	 59.049
FHW12122	230.750 	 59.545 	 59.052
FHW12122	230.875 	 59.544 	 59.051
FHW12122	231.000 	 59.544 	 59.049
FHW12122	231.125 	 59.544 	 59.051
FHW12122	231.250 	 59.544 	 59.051
FHW12122	231.375 	 59.544 	 59.049
FHW12122	231.500 	 59.544 	 59.051
FHW12122	231.625 	 59.544 	 59.051
FHW12122	231.750 	 59.544 	 59.049
FHW12122	231.875 	 59.544 	 59.051
FHW12122	232.000 	 59.544 	 59.051
FHW12122	232.125 	 59.544 	 59.049
FHW12122	232.250 	 59.544 	 59.051
FHW12122	232.375 	 59.544 	 59.051
FHW12122	232.500 	 59.545 	 59.050
FHW12122	232.625 	 59.544 	 59.051
FHW12122	232.750 	 59.544 	 59.051
FHW12122	232.875 	 59.544 	 59.049
FHW12122	233.000 	 59.544 	 59.051
FHW12122	233.125 	 59.544 	 59.051
FHW12122	233.250 	 59.544 	 59.049
FHW12122	233.375 	 59.550 	 59.051
FHW12122	233.500 	 59.544 	 59.051
FHW12122	233.625 	 59.544 	 59.049
FHW12122	233.750 	 59.544 	 59.051
FHW12122	233.875 	 59.544 	 59.051
FHW12122	234.000 	 59.544 	 59.049
FHW12122	234.125 	 59.544 	 59.051
FHW12122	234.250 	 59.544 	 59.051
FHW12122	234.375 	 59.545 	 59.050
FHW12122	234.500 	 59.544 	 59.051
FHW12122	234.625 	 59.544 	 59.051
FHW12122	234.750 	 59.544 	 59.051
FHW12122	234.875 	 61.164 	 59.419
FHW12122	235.000 	 64.050 	 60.049
FHW12122	235.125 	 64.049 	 60.051
FHW12122	235.250 	 64.050 	 60.049
FHW12122	235.375 	 64.049 	 60.051
FHW12122	235.500 	 64.050 	 60.049
FHW12122	235.625 	 64.049 	 60.051
FHW12122	235.750 	 64.049 	 60.048
FHW12122	235.875 	 64.056 	 60.051
FHW12122	236.000 	 64.050 	 60.049
FHW12122	236.125 	 64.050 	 60.049
FHW12122	236.250 	 64.049 	 60.051
FHW12122	236.375 	 64.050 	 60.049
FHW12122	236.500 	 64.049 	 60.051
FHW12122	236.625 	 64.050 	 60.049
FHW12122	236.750 	 64.049 	 60.050
FHW12122	236.875 	 64.050 	 60.049
FHW12122	237.000 	 64.049 	 60.051
FHW12122	237.125 	 64.050 	 60.049
FHW12122	237.250 	 64.049 	 60.051
FHW12122	237.375 	 64.056 	 60.049
FHW12122	237.500 	 64.049 	 60.051
FHW12122	237.625 	 64.050 	 60.049
FHW12122	237.750 	 64.049 	 60.051
FHW12122	237.875 	 64.049 	 60.048
FHW12122	238.000 	 64.050 	 60.049
FHW12122	238.125 	 64.049 	 60.051
FHW12122	238.250 	 64.050 	 60.049
FHW12122	238.375 	 64.049 	 60.051
FHW12122	238.500 	 64.050 	 60.049
FHW12122	238.625 	 64.049 	 60.051
FHW12122	238.750 	 64.056 	 60.049
FHW12122	238.875 	 64.049 	 60.051
FHW12122	239.000 	 64.049 	 60.048
FHW12122	239.125 	 64.049 	 60.051
FHW12122	239.250 	 64.050 	 60.049
FHW12122	239.375 	 64.049 	 60.051
FHW12122	239.500 	 64.050 	 60.049
FHW12122	239.625 	 64.050 	 60.049
FHW12122	239.750 	 64.049 	 60.051
FHW12122	239.875 	 64.050 	 60.049
FHW12122	240.000 	 64.049 	 60.050
FHW12122	240.125 	 64.056 	 60.049
FHW12122	240.250 	 64.050 	 60.052
FHW12122	240.375 	 64.050 	 60.049
FHW12122	240.500 	 64.049 	 60.051
FHW12122	240.625 	 64.048 	 60.047
FHW12122	240.750 	 64.049 	 60.051
FHW12122	240.875 	 64.050 	 60.049
FHW12122	241.000 	 64.049 	 60.051
FHW12122	241.125 	 64.050 	 60.049
FHW12122	241.250 	 64.050 	 60.049
FHW12122	241.375 	 64.049 	 60.051
FHW12122	241.500 	 64.050 	 60.049
FHW12122	241.625 	 64.056 	 60.051
FHW12122	241.750 	 64.050 	 60.049
FHW12122	241.875 	 64.049 	 60.051
FHW12122	242.000 	 64.050 	 60.049
FHW12122	242.125 	 64.049 	 60.051
FHW12122	242.250 	 64.050 	 60.049
FHW12122	242.375 	 64.049 	 60.051
FHW12122	242.500 	 64.050 	 60.049
FHW12122	242.625 	 64.049 	 60.051
FHW12122	242.750 	 64.048 	 60.047
FHW12122	242.875 	 64.049 	 60.051
FHW12122	243.000 	 64.056 	 60.049
FHW12122	243.125 	 64.050 	 60.049
FHW12122	243.250 	 64.049 	 60.051
FHW12122	243.375 	 64.050 	 60.049
FHW12122	243.500 	 64.049 	 60.051
FHW12122	243.625 	 64.050 	 60.049
FHW12122	243.750 	 64.049 	 60.051
FHW12122	243.875 	 64.050 	 60.049
FHW12122	244.000 	 64.049 	 60.051
FHW12122	244.125 	 64.050 	 60.049
FHW12122	244.250 	 64.049 	 60.051
FHW12122	244.375 	 64.050 	 60.049
FHW12122	244.500 	 64.056 	 60.051
FHW12122	244.625 	 67.315 	 60.133
FHW12122	244.750 	 67.940 	 60.149
FHW12122	244.875 	 67.942 	 60.151
FHW12122	245.000 	 67.935 	 60.151
FHW12122	245.125 	 67.942 	 60.151
FHW12122	245.250 	 67.942 	 60.151
FHW12122	245.375 	 67.942 	 60.151
FHW12122	245.500 	 67.935 	 60.149
FHW12122	245.625 	 67.940 	 60.149
FHW12122	245.750 	 67.942 	 60.151
FHW12122	245.875 	 67.942 	 60.151
FHW12122	246.000 	 67.942 	 60.151
FHW12122	246.125 	 67.935 	 60.151
FHW12122	246.250 	 67.942 	 60.151
FHW12122	246.375 	 67.942 	 60.149
FHW12122	246.500 	 67.940 	 60.149
FHW12122	246.625 	 67.935 	 60.151
FHW12122	246.750 	 67.942 	 60.151
FHW12122	246.875 	 67.942 	 60.151
FHW12122	247.000 	 67.942 	 60.151
FHW12122	247.125 	 67.935 	 60.151
FHW12122	247.250 	 67.942 	 60.149
FHW12122	247.375 	 67.940 	 60.149
FHW12122	247.500 	 67.942 	 60.151
FHW12122	247.625 	 67.942 	 60.151
FHW12122	247.750 	 67.935 	 60.151
FHW12122	247.875 	 67.942 	 60.151
FHW12122	248.000 	 67.942 	 60.151
FHW12122	248.125 	 67.942 	 60.149
FHW12122	248.250 	 67.934 	 60.149
FHW12122	248.375 	 67.942 	 60.151
FHW12122	248.500 	 67.942 	 60.151
FHW12122	248.625 	 67.942 	 60.151
FHW12122	248.750 	 67.942 	 60.151
FHW12122	248.875 	 67.935 	 60.151
FHW12122	249.000 	 67.942 	 60.149
FHW12122	249.125 	 67.940 	 60.149
FHW12122	249.250 	 67.942 	 60.151
FHW12122	249.375 	 67.935 	 60.151
FHW12122	249.500 	 67.942 	 60.151
FHW12122	249.625 	 67.942 	 60.151
FHW12122	249.750 	 67.942 	 60.151
FHW12122	249.875 	 67.935 	 60.149
FHW12122	250.000 	 67.940 	 60.149
FHW12122	250.125 	 67.942 	 60.151
FHW12122	250.250 	 67.942 	 60.151
FHW12122	250.375 	 67.942 	 60.151
FHW12122	250.500 	 67.935 	 60.151
FHW12122	250.625 	 67.942 	 60.151
FHW12122	250.750 	 67.941 	 60.147
FHW12122	250.875 	 67.942 	 60.151
FHW12122	251.000 	 67.935 	 60.151
FHW12122	251.125 	 67.942 	 60.151
FHW12122	251.250 	 67.942 	 60.151
FHW12122	251.375 	 67.942 	 60.151
FHW12122	251.500 	 67.935 	 60.151
FHW12122	251.625 	 67.941 	 60.147
FHW12122	251.750 	 67.942 	 60.151
FHW12122	251.875 	 67.942 	 60.151
FHW12122	252.000 	 67.942 	 60.151
FHW12122	252.125 	 67.935 	 60.151
FHW12122	252.250 	 67.942 	 60.151
FHW12122	252.375 	 67.942 	 60.151
FHW12122	252.500 	 67.941 	 60.147
FHW12122	252.625 	 67.935 	 60.151
FHW12122	252.750 	 67.942 	 60.151
FHW12122	252.875 	 67.942 	 60.151
FHW12122	253.000 	 67.942 	 60.151
FHW12122	253.125 	 67.935 	 60.151
FHW12122	253.250 	 67.942 	 60.151
FHW12122	253.375 	 67.941 	 60.147
FHW12122	253.500 	 67.942 	 60.151
FHW12122	253.625 	 67.942 	 60.151
FHW12122	253.750 	 67.935 	 60.151
FHW12122	253.875 	 67.942 	 60.151
FHW12122	254.000 	 67.942 	 60.151
FHW12122	254.125 	 67.942 	 60.151
FHW12122	254.250 	 69.336 	 60.046
FHW12122	254.375 	 71.434 	 59.900
FHW12122	254.500 	 71.434 	 59.900
FHW12122	254.625 	 71.434 	 59.902
FHW12122	254.750 	 71.440 	 59.900
FHW12122	254.875 	 71.434 	 59.900
FHW12122	255.000 	 71.434 	 59.900
FHW12122	255.125 	 71.434 	 59.900
FHW12122	255.250 	 71.440 	 59.900
FHW12122	255.375 	 71.434 	 59.900
FHW12122	255.500 	 71.434 	 59.900
FHW12122	255.625 	 71.434 	 59.898
FHW12122	255.750 	 71.434 	 59.900
FHW12122	255.875 	 71.440 	 59.900
FHW12122	256.000 	 71.434 	 59.900
FHW12122	256.125 	 71.434 	 59.900
FHW12122	256.250 	 71.434 	 59.900
FHW12122	256.375 	 71.434 	 59.900
FHW12122	256.500 	 71.440 	 59.900
FHW12122	256.625 	 71.434 	 59.902
FHW12122	256.750 	 71.434 	 59.900
FHW12122	256.875 	 71.434 	 59.900
FHW12122	257.000 	 71.440 	 59.900
FHW12122	257.125 	 71.434 	 59.900
FHW12122	257.250 	 71.434 	 59.900
FHW12122	257.375 	 71.434 	 59.898
FHW12122	257.500 	 71.434 	 59.900
FHW12122	257.625 	 71.440 	 59.900
FHW12122	257.750 	 71.434 	 59.900
FHW12122	257.875 	 71.434 	 59.900
FHW12122	258.000 	 71.434 	 59.900
FHW12122	258.125 	 71.434 	 59.900
FHW12122	258.250 	 71.440 	 59.900
FHW12122	258.375 	 71.434 	 59.900
FHW12122	258.500 	 71.434 	 59.902
FHW12122	258.625 	 71.434 	 59.900
FHW12122	258.750 	 71.434 	 59.900
FHW12122	258.875 	 71.440 	 59.900
FHW12122	259.000 	 71.434 	 59.900
FHW12122	259.125 	 71.434 	 59.900
FHW12122	259.250 	 71.434 	 59.898
FHW12122	259.375 	 71.440 	 59.900
FHW12122	259.500 	 71.434 	 59.900
FHW12122	259.625 	 71.434 	 59.900
FHW12122	259.750 	 71.434 	 59.900
FHW12122	259.875 	 71.434 	 59.900
FHW12122	260.000 	 71.440 	 59.900
FHW12122	260.125 	 71.434 	 59.900
FHW12122	260.250 	 71.434 	 59.900
FHW12122	260.375 	 71.434 	 59.900
FHW12122	260.500 	 71.434 	 59.902
FHW12122	260.625 	 71.440 	 59.900
FHW12122	260.750 	 71.434 	 59.900
FHW12122	260.875 	 71.434 	 59.900
FHW12122	261.000 	 71.434 	 59.900
FHW12122	261.125 	 71.440 	 59.898
FHW12122	261.250 	 71.434 	 59.900
FHW12122	261.375 	 71.434 	 59.900
FHW12122	261.500 	 71.434 	 59.900
FHW12122	261.625 	 71.434 	 59.900
FHW12122	261.750 	 71.440 	 59.900
FHW12122	261.875 	 71.434 	 59.900
FHW12122	262.000 	 71.434 	 59.900
FHW12122	262.125 	 71.434 	 59.900
FHW12122	262.250 	 71.434 	 59.900
FHW12122	262.375 	 71.440 	 59.900
FHW12122	262.500 	 71.434 	 59.902
FHW12122	262.625 	 71.434 	 59.900
FHW12122	262.750 	 71.434 	 59.900
FHW12122	262.875 	 71.440 	 59.898
FHW12122	263.000 	 71.434 	 59.900
FHW12122	263.125 	 71.434 	 59.900
FHW12122	263.250 	 71.434 	 59.900
FHW12122	263.375 	 71.434 	 59.900
FHW12122	263.500 	 71.440 	 59.900
FHW12122	263.625 	 71.434 	 59.900
FHW12122	263.750 	 71.434 	 59.900
FHW12122	263.875 	 71.434 	 59.900
FHW12122	264.000 	 74.453 	 59.945
FHW12122	264.125 	 74.868 	 59.949
FHW12122	264.250 	 74.862 	 59.951
FHW12122	264.375 	 74.869 	 59.951
FHW12122	264.500 	 74.862 	 59.951
FHW12122	264.625 	 74.868 	 59.947
FHW12122	264.750 	 74.862 	 59.951
FHW12122	264.875 	 74.862 	 59.951
FHW12122	265.000 	 74.869 	 59.951
FHW12122	265.125 	 74.862 	 59.951
FHW12122	265.250 	 74.868 	 59.949
FHW12122	265.375 	 74.862 	 59.951
FHW12122	265.500 	 74.869 	 59.949
FHW12122	265.625 	 74.862 	 59.951
FHW12122	265.750 	 74.868 	 59.949
FHW12122	265.875 	 74.862 	 59.951
FHW12122	266.000 	 74.862 	 59.951
FHW12122	266.125 	 74.869 	 59.951
FHW12122	266.250 	 74.862 	 59.951
FHW12122	266.375 	 74.868 	 59.947
FHW12122	266.500 	 74.862 	 59.951
FHW12122	266.625 	 74.869 	 59.951
FHW12122	266.750 	 74.862 	 59.951
FHW12122	266.875 	 74.868 	 59.949
FHW12122	267.000 	 74.862 	 59.951
FHW12122	267.125 	 74.862 	 59.951
FHW12122	267.250 	 74.869 	 59.949
FHW12122	267.375 	 74.861 	 59.949
FHW12122	267.500 	 74.869 	 59.951
FHW12122	267.625 	 74.862 	 59.951
FHW12122	267.750 	 74.869 	 59.951
FHW12122	267.875 	 74.862 	 59.951
FHW12122	268.000 	 74.868 	 59.949
FHW12122	268.125 	 74.862 	 59.949
FHW12122	268.250 	 74.862 	 59.951
FHW12122	268.375 	 74.869 	 59.951
FHW12122	268.500 	 74.861 	 59.949
FHW12122	268.625 	 74.869 	 59.951
FHW12122	268.750 	 74.862 	 59.951
FHW12122	268.875 	 74.869 	 59.951
FHW12122	269.000 	 74.862 	 59.947
FHW12122	269.125 	 74.869 	 59.951
FHW12122	269.250 	 74.862 	 59.951
FHW12122	269.375 	 74.862 	 59.951
FHW12122	269.500 	 74.869 	 59.951
FHW12122	269.625 	 74.861 	 59.949
FHW12122	269.750 	 74.869 	 59.951
FHW12122	269.875 	 74.862 	 59.949
FHW12122	270.000 	 74.869 	 59.951
FHW12122	270.125 	 74.861 	 59.949
FHW12122	270.250 	 74.869 	 59.951
FHW12122	270.375 	 74.862 	 59.951
FHW12122	270.500 	 74.869 	 59.951
FHW12122	270.625 	 74.861 	 59.949
FHW12122	270.750 	 74.862 	 59.949
FHW12122	270.875 	 74.869 	 59.951
FHW12122	271.000 	 74.862 	 59.951
FHW12122	271.125 	 74.869 	 59.951
FHW12122	271.250 	 74.861 	 59.949
FHW12122	271.375 	 74.869 	 59.951
FHW12122	271.500 	 74.862 	 59.951
FHW12122	271.625 	 74.869 	 59.949
FHW12122	271.750 	 74.861 	 59.949
FHW12122	271.875 	 74.862 	 59.951
FHW12122	272.000 	 74.869 	 59.951
FHW12122	272.125 	 74.862 	 59.951
FHW12122	272.250 	 74.869 	 59.951
FHW12122	272.375 	 74.861 	 59.949
FHW12122	272.500 	 74.869 	 59.949
FHW12122	272.625 	 74.862 	 59.951
FHW12122	272.750 	 74.869 	 59.951
FHW12122	272.875 	 74.861 	 59.949
FHW12122	273.000 	 74.862 	 59.951
FHW12122	273.125 	 74.869 	 59.951
FHW12122	273.250 	 74.862 	 59.951
FHW12122	273.375 	 74.868 	 59.947
FHW12122	273.500 	 74.862 	 59.951
FHW12122	273.625 	 76.919 	 60.161
FHW12122	273.750 	 78.293 	 60.303
FHW12122	273.875 	 78.292 	 60.299
FHW12122	274.000 	 78.286 	 60.301
FHW12122	274.125 	 78.292 	 60.299
FHW12122	274.250 	 78.286 	 60.301
FHW12122	274.375 	 78.292 	 60.299
FHW12122	274.500 	 78.292 	 60.299
FHW12122	274.625 	 78.286 	 60.301
FHW12122	274.750 	 78.292 	 60.299
FHW12122	274.875 	 78.286 	 60.301
FHW12122	275.000 	 78.292 	 60.299
FHW12122	275.125 	 78.293 	 60.301
FHW12122	275.250 	 78.286 	 60.299
FHW12122	275.375 	 78.292 	 60.299
FHW12122	275.500 	 78.293 	 60.301
FHW12122	275.625 	 78.286 	 60.299
FHW12122	275.750 	 78.293 	 60.301
FHW12122	275.875 	 78.286 	 60.299
FHW12122	276.000 	 78.292 	 60.299
FHW12122	276.125 	 78.293 	 60.301
FHW12122	276.250 	 78.286 	 60.299
FHW12122	276.375 	 78.293 	 60.301
FHW12122	276.500 	 78.286 	 60.299
FHW12122	276.625 	 78.293 	 60.301
FHW12122	276.750 	 78.292 	 60.299
FHW12122	276.875 	 78.286 	 60.299
FHW12122	277.000 	 78.293 	 60.301
FHW12122	277.125 	 78.286 	 60.299
FHW12122	277.250 	 78.293 	 60.301
FHW12122	277.375 	 78.292 	 60.301
FHW12122	277.500 	 78.286 	 60.301
FHW12122	277.625 	 78.292 	 60.299
FHW12122	277.750 	 78.286 	 60.299
FHW12122	277.875 	 78.293 	 60.301
FHW12122	278.000 	 78.292 	 60.299
FHW12122	278.125 	 78.286 	 60.301
FHW12122	278.250 	 78.292 	 60.299
FHW12122	278.375 	 78.286 	 60.301
FHW12122	278.500 	 78.292 	 60.299
FHW12122	278.625 	 78.292 	 60.299
FHW12122	278.750 	 78.286 	 60.301
FHW12122	278.875 	 78.292 	 60.299
FHW12122	279.000 	 78.293 	 60.301
FHW12122	279.125 	 78.286 	 60.299
FHW12122	279.250 	 78.293 	 60.301
FHW12122	279.375 	 78.286 	 60.299
FHW12122	279.500 	 78.292 	 60.299
FHW12122	279.625 	 78.293 	 60.301
FHW12122	279.750 	 78.286 	 60.299
FHW12122	279.875 	 78.293 	 60.301
FHW12122	280.000 	 78.286 	 60.299
FHW12122	280.125 	 78.293 	 60.301
FHW12122	280.250 	 78.292 	 60.299
FHW12122	280.375 	 78.286 	 60.299
FHW12122	280.500 	 78.293 	 60.301
FHW12122	280.625 	 78.286 	 60.299
FHW12122	280.750 	 78.293 	 60.301
FHW12122	280.875 	 78.292 	 60.301
FHW12122	281.000 	 78.286 	 60.299
FHW12122	281.125 	 78.293 	 60.301
FHW12122	281.250 	 78.286 	 60.299
FHW12122	281.375 	 78.293 	 60.301
FHW12122	281.500 	 78.292 	 60.299
FHW12122	281.625 	 78.286 	 60.301
FHW12122	281.750 	 78.292 	 60.299
FHW12122	281.875 	 78.286 	 60.299
FHW12122	282.000 	 78.293 	 60.301
FHW12122	282.125 	 78.292 	 60.299
FHW12122	282.250 	 78.286 	 60.301
FHW12122	282.375 	 78.292 	 60.299
FHW12122	282.500 	 78.293 	 60.301
FHW12122	282.625 	 78.286 	 60.299
FHW12122	282.750 	 78.292 	 60.299
FHW12122	282.875 	 78.286 	 60.301
FHW12122	283.000 	 78.292 	 60.299
FHW12122	283.125 	 78.293 	 60.301
FHW12122	283.250 	 78.684 	 60.332
FHW12122	283.375 	 80.770 	 60.501
FHW12122	283.500 	 80.769 	 60.499
FHW12122	283.625 	 80.770 	 60.499
FHW12122	283.750 	 80.770 	 60.501
FHW12122	283.875 	 80.770 	 60.501
FHW12122	284.000 	 80.770 	 60.499
FHW12122	284.125 	 80.770 	 60.501
FHW12122	284.250 	 80.769 	 60.499
FHW12122	284.375 	 80.770 	 60.499
FHW12122	284.500 	 80.770 	 60.501
FHW12122	284.625 	 80.777 	 60.501
FHW12122	284.750 	 80.770 	 60.499
FHW12122	284.875 	 80.769 	 60.499
FHW12122	285.000 	 80.770 	 60.501
FHW12122	285.125 	 80.770 	 60.499
FHW12122	285.250 	 80.770 	 60.501
FHW12122	285.375 	 80.770 	 60.501
FHW12122	285.500 	 80.770 	 60.499
FHW12122	285.625 	 80.769 	 60.499
FHW12122	285.750 	 80.770 	 60.501
FHW12122	285.875 	 80.770 	 60.499
FHW12122	286.000 	 80.770 	 60.501
FHW12122	286.125 	 80.770 	 60.501
FHW12122	286.250 	 80.770 	 60.501
FHW12122	286.375 	 80.769 	 60.497
FHW12122	286.500 	 80.770 	 60.501
FHW12122	286.625 	 80.777 	 60.501
FHW12122	286.750 	 80.770 	 60.499
FHW12122	286.875 	 80.770 	 60.501
FHW12122	287.000 	 80.769 	 60.499
FHW12122	287.125 	 80.770 	 60.499
FHW12122	287.250 	 80.770 	 60.501
FHW12122	287.375 	 80.770 	 60.501
FHW12122	287.500 	 80.770 	 60.499
FHW12122	287.625 	 80.770 	 60.501
FHW12122	287.750 	 80.769 	 60.499
FHW12122	287.875 	 80.770 	 60.499
FHW12122	288.000 	 80.770 	 60.501
FHW12122	288.125 	 80.770 	 60.501
FHW12122	288.250 	 80.770 	 60.499
FHW12122	288.375 	 80.770 	 60.501
FHW12122	288.500 	 80.769 	 60.499
FHW12122	288.625 	 80.770 	 60.499
FHW12122	288.750 	 80.777 	 60.501
FHW12122	288.875 	 80.770 	 60.501
FHW12122	289.000 	 80.770 	 60.501
FHW12122	289.125 	 80.770 	 60.499
FHW12122	289.250 	 80.769 	 60.499
FHW12122	289.375 	 80.770 	 60.501
FHW12122	289.500 	 80.770 	 60.499
FHW12122	289.625 	 80.770 	 60.501
FHW12122	289.750 	 80.770 	 60.501
FHW12122	289.875 	 80.769 	 60.497
FHW12122	290.000 	 80.770 	 60.501
FHW12122	290.125 	 80.770 	 60.501
FHW12122	290.250 	 80.770 	 60.499
FHW12122	290.375 	 80.770 	 60.501
FHW12122	290.500 	 80.770 	 60.501
FHW12122	290.625 	 80.769 	 60.497
FHW12122	290.750 	 80.770 	 60.501
FHW12122	290.875 	 80.777 	 60.501
FHW12122	291.000 	 80.770 	 60.499
FHW12122	291.125 	 80.770 	 60.501
FHW12122	291.250 	 80.770 	 60.499
FHW12122	291.375 	 80.769 	 60.499
FHW12122	291.500 	 80.770 	 60.501
FHW12122	291.625 	 80.770 	 60.501
FHW12122	291.750 	 80.770 	 60.501
FHW12122	291.875 	 80.770 	 60.501
FHW12122	292.000 	 80.769 	 60.496
FHW12122	292.125 	 80.770 	 60.501
FHW12122	292.250 	 80.770 	 60.501
FHW12122	292.375 	 80.770 	 60.501
FHW12122	292.500 	 80.770 	 60.501
FHW12122	292.625 	 80.770 	 60.501
FHW12122	292.750 	 80.769 	 60.496
FHW12122	292.875 	 82.604 	 60.682
FHW12122	293.000 	 83.824 	 60.802
FHW12122	293.125 	 83.825 	 60.798
FHW12122	293.250 	 83.831 	 60.802
FHW12122	293.375 	 83.825 	 60.798
FHW12122	293.500 	 83.825 	 60.800
FHW12122	293.625 	 83.824 	 60.802
FHW12122	293.750 	 83.825 	 60.798
FHW12122	293.875 	 83.825 	 60.798
FHW12122	294.000 	 83.825 	 60.803
FHW12122	294.125 	 83.825 	 60.798
FHW12122	294.250 	 83.824 	 60.802
FHW12122	294.375 	 83.825 	 60.798
FHW12122	294.500 	 83.825 	 60.800
FHW12122	294.625 	 83.824 	 60.802
FHW12122	294.750 	 83.825 	 60.798
FHW12122	294.875 	 83.824 	 60.802
FHW12122	295.000 	 83.825 	 60.798
FHW12122	295.125 	 83.825 	 60.800
FHW12122	295.250 	 83.824 	 60.802
FHW12122	295.375 	 83.825 	 60.798
FHW12122	295.500 	 83.825 	 60.798
FHW12122	295.625 	 83.832 	 60.803
FHW12122	295.750 	 83.825 	 60.798
FHW12122	295.875 	 83.824 	 60.802
FHW12122	296.000 	 83.825 	 60.798
FHW12122	296.125 	 83.825 	 60.800
FHW12122	296.250 	 83.824 	 60.802
FHW12122	296.375 	 83.825 	 60.798
FHW12122	296.500 	 83.825 	 60.798
FHW12122	296.625 	 83.825 	 60.803
FHW12122	296.750 	 83.825 	 60.798
FHW12122	296.875 	 83.824 	 60.802
FHW12122	297.000 	 83.825 	 60.798
FHW12122	297.125 	 83.825 	 60.798
FHW12122	297.250 	 83.825 	 60.803
FHW12122	297.375 	 83.825 	 60.798
FHW12122	297.500 	 83.825 	 60.798
FHW12122	297.625 	 83.824 	 60.802
FHW12122	297.750 	 83.825 	 60.800
FHW12122	297.875 	 83.824 	 60.802
FHW12122	298.000 	 83.832 	 60.798
FHW12122	298.125 	 83.825 	 60.798
FHW12122	298.250 	 83.825 	 60.803
FHW12122	298.375 	 83.825 	 60.798
FHW12122	298.500 	 83.824 	 60.802
FHW12122	298.625 	 83.825 	 60.798
FHW12122	298.750 	 83.825 	 60.798
FHW12122	298.875 	 83.825 	 60.803
FHW12122	299.000 	 83.825 	 60.798
FHW12122	299.125 	 83.825 	 60.798
FHW12122	299.250 	 83.824 	 60.802
FHW12122	299.375 	 83.825 	 60.800
FHW12122	299.500 	 83.824 	 60.802
FHW12122	299.625 	 83.825 	 60.798
FHW12122	299.750 	 83.825 	 60.798
FHW12122	299.875 	 83.825 	 60.803
FHW12122	300.000 	 83.825 	 60.798
FHW12122	300.125 	 83.825 	 60.798
FHW12122	300.250 	 83.824 	 60.802
FHW12122	300.375 	 83.832 	 60.800
FHW12122	300.500 	 83.824 	 60.802
FHW12122	300.625 	 83.825 	 60.798
FHW12122	300.750 	 83.825 	 60.798
FHW12122	300.875 	 83.824 	 60.802
FHW12122	301.000 	 83.825 	 60.800
FHW12122	301.125 	 83.825 	 60.798
FHW12122	301.250 	 83.824 	 60.802
FHW12122	301.375 	 83.825 	 60.798
FHW12122	301.500 	 83.825 	 60.803
FHW12122	301.625 	 83.825 	 60.798
FHW12122	301.750 	 83.825 	 60.798
FHW12122	301.875 	 83.824 	 60.802
FHW12122	302.000 	 83.825 	 60.800
FHW12122	302.125 	 83.825 	 60.798
FHW12122	302.250 	 83.824 	 60.802
FHW12122	302.375 	 83.825 	 60.798
FHW12122	302.500 	 83.824 	 60.802
FHW12122	302.625 	 86.744 	 61.024
FHW12122	302.750 	 87.670 	 61.096
FHW12122	302.875 	 87.663 	 61.094
FHW12122	303.000 	 87.663 	 61.097
FHW12122	303.125 	 87.663 	 61.094
FHW12122	303.250 	 87.670 	 61.094
FHW12122	303.375 	 87.663 	 61.096
FHW12122	303.500 	 87.663 	 61.097
FHW12122	303.625 	 87.670 	 61.094
FHW12122	303.750 	 87.663 	 61.094
FHW12122	303.875 	 87.663 	 61.094
FHW12122	304.000 	 87.663 	 61.096
FHW12122	304.125 	 87.670 	 61.097
FHW12122	304.250 	 87.663 	 61.094
FHW12122	304.375 	 87.663 	 61.094
FHW12122	304.500 	 87.670 	 61.094
FHW12122	304.625 	 87.663 	 61.099
FHW12122	304.750 	 87.663 	 61.094
FHW12122	304.875 	 87.663 	 61.094
FHW12122	305.000 	 87.670 	 61.094
FHW12122	305.125 	 87.663 	 61.097
FHW12122	305.250 	 87.663 	 61.096
FHW12122	305.375 	 87.670 	 61.094
FHW12122	305.500 	 87.663 	 61.094
FHW12122	305.625 	 87.663 	 61.094
FHW12122	305.750 	 87.663 	 61.097
FHW12122	305.875 	 87.670 	 61.096
FHW12122	306.000 	 87.663 	 61.094
FHW12122	306.125 	 87.663 	 61.094
FHW12122	306.250 	 87.670 	 61.097
FHW12122	306.375 	 87.663 	 61.094
FHW12122	306.500 	 87.663 	 61.096
FHW12122	306.625 	 87.663 	 61.094
FHW12122	306.750 	 87.670 	 61.094
FHW12122	306.875 	 87.663 	 61.097
FHW12122	307.000 	 87.663 	 61.094
FHW12122	307.125 	 87.670 	 61.096
FHW12122	307.250 	 87.663 	 61.094
FHW12122	307.375 	 87.663 	 61.097
FHW12122	307.500 	 87.663 	 61.094
FHW12122	307.625 	 87.670 	 61.094
FHW12122	307.750 	 87.663 	 61.096
FHW12122	307.875 	 87.663 	 61.097
FHW12122	308.000 	 87.663 	 61.094
FHW12122	308.125 	 87.670 	 61.094
FHW12122	308.250 	 87.663 	 61.094
FHW12122	308.375 	 87.663 	 61.096
FHW12122	308.500 	 87.670 	 61.097
FHW12122	308.625 	 87.663 	 61.094
FHW12122	308.750 	 87.663 	 61.094
FHW12122	308.875 	 87.663 	 61.094
FHW12122	309.000 	 87.670 	 61.099
FHW12122	309.125 	 87.663 	 61.094
FHW12122	309.250 	 87.663 	 61.094
FHW12122	309.375 	 87.670 	 61.094
FHW12122	309.500 	 87.663 	 61.097
FHW12122	309.625 	 87.663 	 61.096
FHW12122	309.750 	 87.663 	 61.094
FHW12122	309.875 	 87.670 	 61.094
FHW12122	310.000 	 87.663 	 61.094
FHW12122	310.125 	 87.663 	 61.097
FHW12122	310.250 	 87.670 	 61.096
FHW12122	310.375 	 87.663 	 61.094
FHW12122	310.500 	 87.663 	 61.094
FHW12122	310.625 	 87.663 	 61.097
FHW12122	310.750 	 87.670 	 61.094
FHW12122	310.875 	 87.663 	 61.096
FHW12122	311.000 	 87.663 	 61.094
FHW12122	311.125 	 87.670 	 61.094
FHW12122	311.250 	 87.663 	 61.097
FHW12122	311.375 	 87.663 	 61.094
FHW12122	311.500 	 87.663 	 61.096
FHW12122	311.625 	 87.670 	 61.094
FHW12122	311.750 	 87.663 	 61.097
FHW12122	311.875 	 87.663 	 61.094
FHW12122	312.000 	 87.663 	 61.094
FHW12122	312.125 	 87.670 	 61.096
FHW12122	312.250 	 87.663 	 61.097
FHW12122	312.375 	 87.663 	 61.094
FHW12122	312.500 	 87.670 	 61.094
FHW12122	312.625 	 87.663 	 61.094
FHW12122	312.750 	 87.663 	 61.096
FHW12122	312.875 	 87.663 	 61.097
FHW12122	313.000 	 87.670 	 61.094
FHW12122	313.125 	 87.663 	 61.094
FHW12122	313.250 	 87.663 	 61.094
FHW12122	313.375 	 87.670 	 61.099
FHW12122	313.500 	 87.663 	 61.094
FHW12122	313.625 	 87.663 	 61.094
FHW12122	313.750 	 87.663 	 61.094
FHW12122	313.875 	 87.670 	 61.094
FHW12122	314.000 	 87.663 	 61.099
FHW12122	314.125 	 87.663 	 61.094
FHW12122	314.250 	 87.670 	 61.094
FHW12122	314.375 	 87.663 	 61.094
FHW12122	314.500 	 87.663 	 61.097
FHW12122	314.625 	 87.663 	 61.096
FHW12122	314.750 	 87.670 	 61.094
FHW12122	314.875 	 87.663 	 61.094
FHW12122	315.000 	 87.663 	 61.097
FHW12122	315.125 	 87.670 	 61.094
FHW12122	315.250 	 87.663 	 61.096
FHW12122	315.375 	 87.663 	 61.094
FHW12122	315.500 	 87.663 	 61.094
FHW12122	315.625 	 87.670 	 61.097
FHW12122	315.750 	 87.663 	 61.094
FHW12122	315.875 	 87.663 	 61.096
FHW12122	316.000 	 87.663 	 61.094
FHW12122	316.125 	 87.670 	 61.097
FHW12122	316.250 	 87.663 	 61.096
FHW12122	316.375 	 87.663 	 61.092
FHW12122	316.500 	 87.670 	 61.096
FHW12122	316.625 	 87.663 	 61.092
FHW12122	316.750 	 87.663 	 61.099
FHW12122	316.875 	 87.663 	 61.096
FHW12122	317.000 	 87.670 	 61.092
FHW12122	317.125 	 87.663 	 61.096
FHW12122	317.250 	 87.663 	 61.095
FHW12122	317.375 	 87.670 	 61.096
FHW12122	317.500 	 87.663 	 61.096
FHW12122	317.625 	 87.663 	 61.092
FHW12122	317.750 	 87.663 	 61.099
FHW12122	317.875 	 87.670 	 61.092
FHW12122	318.000 	 87.663 	 61.096
FHW12122	318.125 	 89.839 	 61.545
FHW12122	318.250 	 89.839 	 61.545
FHW12122	318.375 	 89.839 	 61.542
FHW12122	318.500 	 89.839 	 61.545
FHW12122	318.625 	 89.846 	 61.549
FHW12122	318.750 	 89.839 	 61.545
FHW12122	318.875 	 89.839 	 61.542
FHW12122	319.000 	 89.839 	 61.545
FHW12122	319.125 	 89.839 	 61.545
FHW12122	319.250 	 89.839 	 61.545
FHW12122	319.375 	 89.839 	 61.545
FHW12122	319.500 	 89.839 	 61.542
FHW12122	319.625 	 89.846 	 61.549
FHW12122	319.750 	 89.839 	 61.545
FHW12122	319.875 	 89.839 	 61.545
FHW12122	320.000 	 89.839 	 61.542
FHW12122	320.125 	 89.839 	 61.545
FHW12122	320.250 	 89.839 	 61.545
FHW12122	320.375 	 89.839 	 61.545
FHW12122	320.500 	 89.839 	 61.542
FHW12122	320.625 	 89.839 	 61.549
FHW12122	320.750 	 89.846 	 61.545
FHW12122	320.875 	 89.839 	 61.545
FHW12122	321.000 	 89.839 	 61.545
FHW12122	321.125 	 89.839 	 61.542
FHW12122	321.250 	 89.839 	 61.545
FHW12122	321.375 	 89.839 	 61.545
FHW12122	321.500 	 89.839 	 61.545
FHW12122	321.625 	 89.839 	 61.546
FHW12122	321.750 	 89.846 	 61.545
FHW12122	321.875 	 89.839 	 61.545
FHW12122	322.000 	 89.839 	 61.545
FHW12122	322.125 	 89.839 	 61.545
FHW12122	322.250 	 89.839 	 61.542
FHW12122	322.375 	 89.839 	 61.545
FHW12122	322.500 	 89.839 	 61.545
FHW12122	322.625 	 89.839 	 61.549
FHW12122	322.750 	 89.839 	 61.542
FHW12122	322.875 	 89.846 	 61.545
FHW12122	323.000 	 89.839 	 61.545
FHW12122	323.125 	 89.839 	 61.545
FHW12122	323.250 	 89.839 	 61.542
FHW12122	323.375 	 89.839 	 61.545
FHW12122	323.500 	 89.839 	 61.545
FHW12122	323.625 	 89.839 	 61.549
FHW12122	323.750 	 89.839 	 61.545
FHW12122	323.875 	 89.839 	 61.542
FHW12122	324.000 	 89.846 	 61.545
FHW12122	324.125 	 89.839 	 61.545
FHW12122	324.250 	 89.839 	 61.545
FHW12122	324.375 	 89.839 	 61.542
FHW12122	324.500 	 89.839 	 61.545
FHW12122	324.625 	 89.839 	 61.549
FHW12122	324.750 	 89.839 	 61.545
FHW12122	324.875 	 89.839 	 61.545
FHW12122	325.000 	 89.846 	 61.542
FHW12122	325.125 	 89.839 	 61.545
FHW12122	325.250 	 89.839 	 61.545
FHW12122	325.375 	 89.839 	 61.545
FHW12122	325.500 	 89.839 	 61.542
FHW12122	325.625 	 89.839 	 61.549
FHW12122	325.750 	 89.839 	 61.545
FHW12122	325.875 	 89.839 	 61.545
FHW12122	326.000 	 89.839 	 61.542
FHW12122	326.125 	 89.846 	 61.545
FHW12122	326.250 	 89.839 	 61.545
FHW12122	326.375 	 89.839 	 61.545
FHW12122	326.500 	 89.839 	 61.545
FHW12122	326.625 	 89.839 	 61.546
FHW12122	326.750 	 89.839 	 61.545
FHW12122	326.875 	 89.839 	 61.545
FHW12122	327.000 	 89.839 	 61.545
FHW12122	327.125 	 89.846 	 61.542
FHW12122	327.250 	 89.839 	 61.545
FHW12122	327.375 	 89.839 	 61.545
FHW12122	327.500 	 89.839 	 61.545
FHW12122	327.625 	 89.839 	 61.549
FHW12122	327.750 	 89.839 	 61.542
FHW12122	327.875 	 89.839 	 61.545
FHW12122	328.000 	 89.839 	 61.545
FHW12122	328.125 	 89.839 	 61.545
FHW12122	328.250 	 89.846 	 61.542
FHW12122	328.375 	 89.839 	 61.545
FHW12122	328.500 	 89.839 	 61.545
FHW12122	328.625 	 90.497 	 61.658
FHW12122	328.750 	 91.343 	 61.802
FHW12122	328.875 	 91.336 	 61.798
FHW12122	329.000 	 91.343 	 61.798
FHW12122	329.125 	 91.343 	 61.805
FHW12122	329.250 	 91.336 	 61.798
FHW12122	329.375 	 91.343 	 61.798
FHW12122	329.500 	 91.336 	 61.802
FHW12122	329.625 	 91.343 	 61.798
FHW12122	329.750 	 91.336 	 61.801
FHW12122	329.875 	 91.343 	 61.802
FHW12122	330.000 	 91.343 	 61.798
FHW12122	330.125 	 91.336 	 61.798
FHW12122	330.250 	 91.343 	 61.802
FHW12122	330.375 	 91.336 	 61.798
FHW12122	330.500 	 91.343 	 61.801
FHW12122	330.625 	 91.336 	 61.802
FHW12122	330.750 	 91.343 	 61.798
FHW12122	330.875 	 91.343 	 61.798
FHW12122	331.000 	 91.336 	 61.802
FHW12122	331.125 	 91.343 	 61.798
FHW12122	331.250 	 91.336 	 61.805
FHW12122	331.375 	 91.343 	 61.798
FHW12122	331.500 	 91.336 	 61.798
FHW12122	331.625 	 91.343 	 61.802
FHW12122	331.750 	 91.343 	 61.798
FHW12122	331.875 	 91.336 	 61.801
FHW12122	332.000 	 91.343 	 61.802
FHW12122	332.125 	 91.336 	 61.798
FHW12122	332.250 	 91.343 	 61.798
FHW12122	332.375 	 91.336 	 61.802
FHW12122	332.500 	 91.343 	 61.798
FHW12122	332.625 	 91.343 	 61.801
FHW12122	332.750 	 91.336 	 61.802
FHW12122	332.875 	 91.343 	 61.798
FHW12122	333.000 	 91.336 	 61.798
FHW12122	333.125 	 91.343 	 61.802
FHW12122	333.250 	 91.343 	 61.798
FHW12122	333.375 	 91.336 	 61.801
FHW12122	333.500 	 91.343 	 61.802
FHW12122	333.625 	 91.336 	 61.798
FHW12122	333.750 	 91.343 	 61.798
FHW12122	333.875 	 91.336 	 61.802
FHW12122	334.000 	 91.343 	 61.801
FHW12122	334.125 	 91.343 	 61.802
FHW12122	334.250 	 91.336 	 61.798
FHW12122	334.375 	 91.343 	 61.798
FHW12122	334.500 	 91.336 	 61.802
FHW12122	334.625 	 91.343 	 61.798
FHW12122	334.750 	 91.336 	 61.801
FHW12122	334.875 	 91.343 	 61.802
FHW12122	335.000 	 91.343 	 61.798
FHW12122	335.125 	 91.336 	 61.798
FHW12122	335.250 	 91.343 	 61.802
FHW12122	335.375 	 91.336 	 61.798
FHW12122	335.500 	 91.343 	 61.801
FHW12122	335.625 	 91.336 	 61.802
FHW12122	335.750 	 91.343 	 61.798
FHW12122	335.875 	 91.343 	 61.798
FHW12122	336.000 	 91.336 	 61.802
FHW12122	336.125 	 91.343 	 61.801
FHW12122	336.250 	 91.336 	 61.798
FHW12122	336.375 	 91.343 	 61.802
FHW12122	336.500 	 91.336 	 61.798
FHW12122	336.625 	 91.343 	 61.798
FHW12122	336.750 	 91.343 	 61.802
FHW12122	336.875 	 91.336 	 61.801
FHW12122	337.000 	 91.343 	 61.802
FHW12122	337.125 	 91.336 	 61.798
FHW12122	337.250 	 91.343 	 61.798
FHW12122	337.375 	 91.336 	 61.802
FHW12122	337.500 	 91.343 	 61.798
FHW12122	337.625 	 92.204 	 61.992
FHW12122	337.750 	 92.484 	 62.048
FHW12122	337.875 	 92.477 	 62.051
FHW12122	338.000 	 92.484 	 62.051
FHW12122	338.125 	 92.477 	 62.051
FHW12122	338.250 	 92.484 	 62.051
FHW12122	338.375 	 92.477 	 62.048
FHW12122	338.500 	 92.484 	 62.051
FHW12122	338.625 	 92.477 	 62.048
FHW12122	338.750 	 92.484 	 62.051
FHW12122	338.875 	 92.477 	 62.051
FHW12122	339.000 	 92.484 	 62.048
FHW12122	339.125 	 92.477 	 62.051
FHW12122	339.250 	 92.477 	 62.048
FHW12122	339.375 	 92.484 	 62.051
FHW12122	339.500 	 92.477 	 62.051
FHW12122	339.625 	 92.484 	 62.051
FHW12122	339.750 	 92.477 	 62.051
FHW12122	339.875 	 92.484 	 62.051
FHW12122	340.000 	 92.477 	 62.048
FHW12122	340.125 	 92.484 	 62.051
FHW12122	340.250 	 92.477 	 62.048
FHW12122	340.375 	 92.484 	 62.051
FHW12122	340.500 	 92.477 	 62.051
FHW12122	340.625 	 92.484 	 62.048
FHW12122	340.750 	 92.477 	 62.051
FHW12122	340.875 	 92.484 	 62.048
FHW12122	341.000 	 92.477 	 62.051
FHW12122	341.125 	 92.484 	 62.051
FHW12122	341.250 	 92.477 	 62.051
FHW12122	341.375 	 92.477 	 62.051
FHW12122	341.500 	 92.484 	 62.048
FHW12122	341.625 	 92.477 	 62.051
FHW12122	341.750 	 92.484 	 62.051
FHW12122	341.875 	 92.477 	 62.048
FHW12122	342.000 	 92.484 	 62.051
FHW12122	342.125 	 92.477 	 62.051
FHW12122	342.250 	 92.484 	 62.048
FHW12122	342.375 	 92.477 	 62.051
FHW12122	342.500 	 92.484 	 62.048
FHW12122	342.625 	 92.477 	 62.051
FHW12122	342.750 	 92.484 	 62.054
FHW12122	342.875 	 92.477 	 62.048
FHW12122	343.000 	 92.484 	 62.051
FHW12122	343.125 	 92.477 	 62.048
FHW12122	343.250 	 92.477 	 62.051
FHW12122	343.375 	 92.484 	 62.051
FHW12122	343.500 	 92.477 	 62.048
FHW12122	343.625 	 92.484 	 62.051
FHW12122	343.750 	 92.477 	 62.048
FHW12122	343.875 	 92.484 	 62.051
FHW12122	344.000 	 92.477 	 62.051
FHW12122	344.125 	 92.484 	 62.048
FHW12122	344.250 	 92.477 	 62.051
FHW12122	344.375 	 92.484 	 62.051
FHW12122	344.500 	 92.477 	 62.051
FHW12122	344.625 	 92.484 	 62.051
FHW12122	344.750 	 92.477 	 62.048
FHW12122	344.875 	 92.484 	 62.051
FHW12122	345.000 	 92.477 	 62.051
FHW12122	345.125 	 92.484 	 62.048
FHW12122	345.250 	 92.477 	 62.051
FHW12122	345.375 	 92.477 	 62.048
FHW12122	345.500 	 92.484 	 62.051
FHW12122	345.625 	 92.477 	 62.051
FHW12122	345.750 	 92.484 	 62.048
FHW12122	345.875 	 92.477 	 62.054
FHW12122	346.000 	 92.484 	 62.048
FHW12122	346.125 	 92.477 	 62.051
FHW12122	346.250 	 92.484 	 62.051
FHW12122	346.375 	 92.477 	 62.048
FHW12122	346.500 	 92.484 	 62.051
FHW12122	346.625 	 92.477 	 62.048
FHW12122	346.750 	 92.820 	 62.129
FHW12122	346.875 	 92.897 	 62.151
FHW12122	347.000 	 92.897 	 62.151
FHW12122	347.125 	 92.904 	 62.151
FHW12122	347.250 	 92.897 	 62.151
FHW12122	347.375 	 92.904 	 62.151
FHW12122	347.500 	 92.897 	 62.148
FHW12122	347.625 	 92.904 	 62.151
FHW12122	347.750 	 92.897 	 62.151
FHW12122	347.875 	 92.904 	 62.151
FHW12122	348.000 	 92.897 	 62.151
FHW12122	348.125 	 92.904 	 62.151
FHW12122	348.250 	 92.897 	 62.144
FHW12122	348.375 	 92.897 	 62.151
FHW12122	348.500 	 92.904 	 62.151
FHW12122	348.625 	 92.897 	 62.151
FHW12122	348.750 	 92.904 	 62.151
FHW12122	348.875 	 92.897 	 62.151
FHW12122	349.000 	 92.904 	 62.148
FHW12122	349.125 	 92.897 	 62.151
FHW12122	349.250 	 92.904 	 62.151
FHW12122	349.375 	 92.897 	 62.151
FHW12122	349.500 	 92.904 	 62.151
FHW12122	349.625 	 92.897 	 62.151
FHW12122	349.750 	 92.897 	 62.148
FHW12122	349.875 	 92.904 	 62.148
FHW12122	350.000 	 92.897 	 62.151
FHW12122	350.125 	 92.904 	 62.151
FHW12122	350.250 	 92.897 	 62.151
FHW12122	350.375 	 92.904 	 62.151
FHW12122	350.500 	 92.897 	 62.148
FHW12122	350.625 	 92.904 	 62.151
FHW12122	350.750 	 92.897 	 62.151
FHW12122	350.875 	 92.904 	 62.151
FHW12122	351.000 	 92.897 	 62.151
FHW12122	351.125 	 92.897 	 62.151
FHW12122	351.250 	 92.904 	 62.148
FHW12122	351.375 	 92.897 	 62.151
FHW12122	351.500 	 92.904 	 62.148
FHW12122	351.625 	 92.897 	 62.151
FHW12122	351.750 	 92.904 	 62.151
FHW12122	351.875 	 92.897 	 62.151
FHW12122	352.000 	 92.904 	 62.148
FHW12122	352.125 	 92.897 	 62.151
FHW12122	352.250 	 92.904 	 62.151
FHW12122	352.375 	 92.897 	 62.151
FHW12122	352.500 	 92.897 	 62.151
FHW12122	352.625 	 92.904 	 62.148
FHW12122	352.750 	 92.897 	 62.151
FHW12122	352.875 	 92.904 	 62.151
FHW12122	353.000 	 92.897 	 62.151
FHW12122	353.125 	 92.904 	 62.148
FHW12122	353.250 	 92.897 	 62.151
FHW12122	353.375 	 92.904 	 62.148
FHW12122	353.500 	 92.897 	 62.151
FHW12122	353.625 	 92.897 	 62.151
FHW12122	353.750 	 92.904 	 62.151
FHW12122	353.875 	 92.897 	 62.151
FHW12122	354.000 	 92.904 	 62.151
FHW12122	354.125 	 92.897 	 62.148
FHW12122	354.250 	 92.904 	 62.151
FHW12122	354.375 	 92.897 	 62.151
FHW12122	354.500 	 92.904 	 62.151
FHW12122	354.625 	 92.897 	 62.151
FHW12122	354.750 	 92.904 	 62.148
FHW12122	354.875 	 92.897 	 62.148
FHW12122	355.000 	 92.897 	 62.151
FHW12122	355.125 	 92.904 	 62.151
FHW12122	355.250 	 92.897 	 62.151
FHW12122	355.375 	 92.904 	 62.151
FHW12122	355.500 	 92.897 	 62.151
FHW12122	355.625 	 92.904 	 62.148
FHW12122	355.750 	 92.876 	 62.157
FHW12122	355.875 	 92.645 	 62.198
FHW12122	356.000 	 92.638 	 62.201
FHW12122	356.125 	 92.638 	 62.201
FHW12122	356.250 	 92.645 	 62.198
FHW12122	356.375 	 92.638 	 62.201
FHW12122	356.500 	 92.638 	 62.201
FHW12122	356.625 	 92.638 	 62.195
FHW12122	356.750 	 92.645 	 62.201
FHW12122	356.875 	 92.638 	 62.201
FHW12122	357.000 	 92.638 	 62.198
FHW12122	357.125 	 92.645 	 62.201
FHW12122	357.250 	 92.638 	 62.201
FHW12122	357.375 	 92.638 	 62.201
FHW12122	357.500 	 92.645 	 62.198
FHW12122	357.625 	 92.638 	 62.201
FHW12122	357.750 	 92.638 	 62.201
FHW12122	357.875 	 92.645 	 62.198
FHW12122	358.000 	 92.638 	 62.201
FHW12122	358.125 	 92.638 	 62.201
FHW12122	358.250 	 92.645 	 62.198
FHW12122	358.375 	 92.638 	 62.201
FHW12122	358.500 	 92.638 	 62.201
FHW12122	358.625 	 92.645 	 62.198
FHW12122	358.750 	 92.638 	 62.201
FHW12122	358.875 	 92.638 	 62.201
FHW12122	359.000 	 92.645 	 62.198
FHW12122	359.125 	 92.638 	 62.201
FHW12122	359.250 	 92.638 	 62.201
FHW12122	359.375 	 92.645 	 62.198
FHW12122	359.500 	 92.638 	 62.201
FHW12122	359.625 	 92.638 	 62.201
FHW12122	359.750 	 92.645 	 62.198
FHW12122	359.875 	 92.638 	 62.201
FHW12122	360.000 	 92.638 	 62.198
FHW12122	360.125 	 92.638 	 62.198
FHW12122	360.250 	 92.645 	 62.201
FHW12122	360.375 	 92.638 	 62.201
FHW12122	360.500 	 92.638 	 62.201
FHW12122	360.625 	 92.645 	 62.198
FHW12122	360.750 	 92.638 	 62.201
FHW12122	360.875 	 92.638 	 62.201
FHW12122	361.000 	 92.645 	 62.198
FHW12122	361.125 	 92.638 	 62.201
FHW12122	361.250 	 92.638 	 62.201
FHW12122	361.375 	 92.645 	 62.198
FHW12122	361.500 	 92.638 	 62.201
FHW12122	361.625 	 92.638 	 62.201
FHW12122	361.750 	 92.645 	 62.198
FHW12122	361.875 	 92.638 	 62.201
FHW12122	362.000 	 92.638 	 62.201
FHW12122	362.125 	 92.645 	 62.198
FHW12122	362.250 	 92.638 	 62.201
FHW12122	362.375 	 92.638 	 62.201
FHW12122	362.500 	 92.645 	 62.198
FHW12122	362.625 	 92.638 	 62.201
FHW12122	362.750 	 92.638 	 62.201
FHW12122	362.875 	 92.645 	 62.198
FHW12122	363.000 	 92.638 	 62.201
FHW12122	363.125 	 92.638 	 62.201
FHW12122	363.250 	 92.645 	 62.198
FHW12122	363.375 	 92.638 	 62.198
FHW12122	363.500 	 92.638 	 62.201
FHW12122	363.625 	 92.638 	 62.201
FHW12122	363.750 	 92.645 	 62.198
FHW12122	363.875 	 92.638 	 62.201
FHW12122	364.000 	 92.638 	 62.201
FHW12122	364.125 	 92.645 	 62.198
FHW12122	364.250 	 92.638 	 62.201
FHW12122	364.375 	 92.638 	 62.201
FHW12122	364.500 	 92.645 	 62.198
FHW12122	364.625 	 92.638 	 62.201
FHW12122	364.750 	 92.638 	 62.201
FHW12122	364.875 	 92.645 	 62.198
FHW12122	365.000 	 92.638 	 62.201
FHW12122	365.125 	 92.267 	 62.502
FHW12122	365.250 	 92.267 	 62.496
FHW12122	365.375 	 92.260 	 62.502
FHW12122	365.500 	 92.267 	 62.502
FHW12122	365.625 	 92.267 	 62.499
FHW12122	365.750 	 92.267 	 62.499
FHW12122	365.875 	 92.260 	 62.499
FHW12122	366.000 	 92.267 	 62.502
FHW12122	366.125 	 92.267 	 62.499
FHW12122	366.250 	 92.267 	 62.499
FHW12122	366.375 	 92.260 	 62.502
FHW12122	366.500 	 92.267 	 62.499
FHW12122	366.625 	 92.267 	 62.499
FHW12122	366.750 	 92.267 	 62.502
FHW12122	366.875 	 92.260 	 62.499
FHW12122	367.000 	 92.267 	 62.499
FHW12122	367.125 	 92.267 	 62.502
FHW12122	367.250 	 92.267 	 62.499
FHW12122	367.375 	 92.267 	 62.499
FHW12122	367.500 	 92.260 	 62.502
FHW12122	367.625 	 92.267 	 62.499
FHW12122	367.750 	 92.267 	 62.502
FHW12122	367.875 	 92.267 	 62.496
FHW12122	368.000 	 92.260 	 62.502
FHW12122	368.125 	 92.267 	 62.502
FHW12122	368.250 	 92.267 	 62.496
FHW12122	368.375 	 92.267 	 62.502
FHW12122	368.500 	 92.260 	 62.502
FHW12122	368.625 	 92.267 	 62.499
FHW12122	368.750 	 92.267 	 62.499
FHW12122	368.875 	 92.267 	 62.499
FHW12122	369.000 	 92.260 	 62.502
FHW12122	369.125 	 92.267 	 62.499
FHW12122	369.250 	 92.267 	 62.499
FHW12122	369.375 	 92.267 	 62.502
FHW12122	369.500 	 92.267 	 62.499
FHW12122	369.625 	 92.260 	 62.499
FHW12122	369.750 	 92.267 	 62.502
FHW12122	369.875 	 92.267 	 62.499
FHW12122	370.000 	 92.267 	 62.499
FHW12122	370.125 	 92.260 	 62.502
FHW12122	370.250 	 92.267 	 62.499
FHW12122	370.375 	 92.267 	 62.499
FHW12122	370.500 	 92.267 	 62.502
FHW12122	370.625 	 92.260 	 62.499
FHW12122	370.750 	 92.267 	 62.502
FHW12122	370.875 	 92.267 	 62.496
FHW12122	371.000 	 92.267 	 62.502
FHW12122	371.125 	 92.260 	 62.502
FHW12122	371.250 	 92.267 	 62.496
FHW12122	371.375 	 92.267 	 62.502
FHW12122	371.500 	 92.267 	 62.502
FHW12122	371.625 	 92.267 	 62.496
FHW12122	371.750 	 92.260 	 62.502
FHW12122	371.875 	 92.267 	 62.499
FHW12122	372.000 	 92.267 	 62.502
FHW12122	372.125 	 92.267 	 62.499
FHW12122	372.250 	 92.260 	 62.499
FHW12122	372.375 	 92.267 	 62.502
FHW12122	372.500 	 92.267 	 62.499
FHW12122	372.625 	 92.267 	 62.499
FHW12122	372.750 	 92.260 	 62.502
FHW12122	372.875 	 92.267 	 62.499
FHW12122	373.000 	 92.267 	 62.499
FHW12122	373.125 	 92.267 	 62.502
FHW12122	373.250 	 92.260 	 62.499
FHW12122	373.375 	 92.267 	 62.499
FHW12122	373.500 	 92.267 	 62.502
FHW12122	373.625 	 92.267 	 62.499
FHW12122	373.750 	 92.260 	 62.502
FHW12122	373.875 	 92.267 	 62.499
FHW12122	374.000 	 92.421 	 62.258
FHW12122	374.125 	 92.463 	 62.201
FHW12122	374.250 	 92.463 	 62.201
FHW12122	374.375 	 92.456 	 62.201
FHW12122	374.500 	 92.463 	 62.195
FHW12122	374.625 	 92.456 	 62.201
FHW12122	374.750 	 92.463 	 62.201
FHW12122	374.875 	 92.463 	 62.201
FHW12122	375.000 	 92.456 	 62.198
FHW12122	375.125 	 92.463 	 62.198
FHW12122	375.250 	 92.463 	 62.201
FHW12122	375.375 	 92.456 	 62.201
FHW12122	375.500 	 92.463 	 62.201
FHW12122	375.625 	 92.456 	 62.198
FHW12122	375.750 	 92.463 	 62.198
FHW12122	375.875 	 92.463 	 62.201
FHW12122	376.000 	 92.456 	 62.201
FHW12122	376.125 	 92.463 	 62.198
FHW12122	376.250 	 92.456 	 62.201
FHW12122	376.375 	 92.463 	 62.198
FHW12122	376.500 	 92.463 	 62.201
FHW12122	376.625 	 92.456 	 62.201
FHW12122	376.750 	 92.463 	 62.198
FHW12122	376.875 	 92.463 	 62.198
FHW12122	377.000 	 92.456 	 62.201
FHW12122	377.125 	 92.463 	 62.201
FHW12122	377.250 	 92.456 	 62.198
FHW12122	377.375 	 92.463 	 62.201
FHW12122	377.500 	 92.463 	 62.198
FHW12122	377.625 	 92.456 	 62.201
FHW12122	377.750 	 92.463 	 62.201
FHW12122	377.875 	 92.463 	 62.198
FHW12122	378.000 	 92.456 	 62.201
FHW12122	378.125 	 92.463 	 62.198
FHW12122	378.250 	 92.456 	 62.201
FHW12122	378.375 	 92.463 	 62.198
FHW12122	378.500 	 92.463 	 62.201
FHW12122	378.625 	 92.456 	 62.201
FHW12122	378.750 	 92.463 	 62.198
FHW12122	378.875 	 92.456 	 62.201
FHW12122	379.000 	 92.463 	 62.198
FHW12122	379.125 	 92.463 	 62.201
FHW12122	379.250 	 92.456 	 62.201
FHW12122	379.375 	 92.463 	 62.198
FHW12122	379.500 	 92.463 	 62.201
FHW12122	379.625 	 92.456 	 62.198
FHW12122	379.750 	 92.463 	 62.201
FHW12122	379.875 	 92.456 	 62.201
FHW12122	380.000 	 92.463 	 62.198
FHW12122	380.125 	 92.463 	 62.198
FHW12122	380.250 	 92.456 	 62.201
FHW12122	380.375 	 92.463 	 62.201
FHW12122	380.500 	 92.463 	 62.198
FHW12122	380.625 	 92.456 	 62.201
FHW12122	380.750 	 92.463 	 62.198
FHW12122	380.875 	 92.456 	 62.201
FHW12122	381.000 	 92.463 	 62.201
FHW12122	381.125 	 92.463 	 62.198
FHW12122	381.250 	 92.456 	 62.198
FHW12122	381.375 	 92.463 	 62.201
FHW12122	381.500 	 92.456 	 62.201
FHW12122	381.625 	 92.463 	 62.201
FHW12122	381.750 	 92.463 	 62.198
FHW12122	381.875 	 92.456 	 62.198
FHW12122	382.000 	 92.463 	 62.201
FHW12122	382.125 	 92.463 	 62.201
FHW12122	382.250 	 92.456 	 62.201
FHW12122	382.375 	 92.463 	 62.195
FHW12122	382.500 	 92.456 	 62.201
FHW12122	382.625 	 92.463 	 62.201
FHW12122	382.750 	 92.463 	 62.201
FHW12122	382.875 	 92.281 	 62.289
FHW12122	383.000 	 91.581 	 62.649
FHW12122	383.125 	 91.581 	 62.649
FHW12122	383.250 	 91.581 	 62.649
FHW12122	383.375 	 91.581 	 62.649
FHW12122	383.500 	 91.574 	 62.653
FHW12122	383.625 	 91.581 	 62.649
FHW12122	383.750 	 91.581 	 62.649
FHW12122	383.875 	 91.581 	 62.649
FHW12122	384.000 	 91.581 	 62.653
FHW12122	384.125 	 91.581 	 62.649
FHW12122	384.250 	 91.581 	 62.649
FHW12122	384.375 	 91.581 	 62.649
FHW12122	384.500 	 91.574 	 62.649
FHW12122	384.625 	 91.581 	 62.649
FHW12122	384.750 	 91.581 	 62.649
FHW12122	384.875 	 91.581 	 62.649
FHW12122	385.000 	 91.581 	 62.649
FHW12122	385.125 	 91.581 	 62.653
FHW12122	385.250 	 91.581 	 62.649
FHW12122	385.375 	 91.574 	 62.649
FHW12122	385.500 	 91.581 	 62.649
FHW12122	385.625 	 91.581 	 62.649
FHW12122	385.750 	 91.581 	 62.653
FHW12122	385.875 	 91.581 	 62.649
FHW12122	386.000 	 91.581 	 62.649
FHW12122	386.125 	 91.581 	 62.649
FHW12122	386.250 	 91.574 	 62.653
FHW12122	386.375 	 91.581 	 62.649
FHW12122	386.500 	 91.581 	 62.649
FHW12122	386.625 	 91.581 	 62.649
FHW12122	386.750 	 91.581 	 62.649
FHW12122	386.875 	 91.581 	 62.649
FHW12122	387.000 	 91.581 	 62.649
FHW12122	387.125 	 91.581 	 62.649
FHW12122	387.250 	 91.574 	 62.649
FHW12122	387.375 	 91.581 	 62.653
FHW12122	387.500 	 91.581 	 62.649
FHW12122	387.625 	 91.581 	 62.649
FHW12122	387.750 	 91.581 	 62.649
FHW12122	387.875 	 91.581 	 62.649
FHW12122	388.000 	 91.581 	 62.653
FHW12122	388.125 	 91.574 	 62.649
FHW12122	388.250 	 91.581 	 62.649
FHW12122	388.375 	 91.581 	 62.649
FHW12122	388.500 	 91.581 	 62.653
FHW12122	388.625 	 91.581 	 62.649
FHW12122	388.750 	 91.581 	 62.649
FHW12122	388.875 	 91.581 	 62.649
FHW12122	389.000 	 91.574 	 62.649
FHW12122	389.125 	 91.581 	 62.649
FHW12122	389.250 	 91.581 	 62.649
FHW12122	389.375 	 91.581 	 62.649
FHW12122	389.500 	 91.581 	 62.649
FHW12122	389.625 	 91.581 	 62.649
FHW12122	389.750 	 91.581 	 62.653
FHW12122	389.875 	 91.581 	 62.649
FHW12122	390.000 	 91.574 	 62.649
FHW12122	390.125 	 91.581 	 62.649
FHW12122	390.250 	 91.581 	 62.653
FHW12122	390.375 	 91.581 	 62.649
FHW12122	390.500 	 91.581 	 62.649
FHW12122	390.625 	 91.581 	 62.649
FHW12122	390.750 	 91.581 	 62.649
FHW12122	390.875 	 91.574 	 62.653
FHW12122	391.000 	 91.581 	 62.649
FHW12122	391.125 	 91.581 	 62.649
FHW12122	391.250 	 91.581 	 62.646
FHW12122	391.375 	 91.581 	 62.653
FHW12122	391.500 	 91.581 	 62.649
FHW12122	391.625 	 91.581 	 62.649
FHW12122	391.750 	 90.762 	 63.410
FHW12122	391.875 	 90.133 	 63.998
FHW12122	392.000 	 90.133 	 64.001
FHW12122	392.125 	 90.126 	 64.001
FHW12122	392.250 	 90.133 	 63.995
FHW12122	392.375 	 90.126 	 64.001
FHW12122	392.500 	 90.133 	 64.001
FHW12122	392.625 	 90.133 	 63.998
FHW12122	392.750 	 90.126 	 64.001
FHW12122	392.875 	 90.133 	 64.001
FHW12122	393.000 	 90.126 	 63.998
FHW12122	393.125 	 90.133 	 64.001
FHW12122	393.250 	 90.126 	 64.001
FHW12122	393.375 	 90.133 	 63.998
FHW12122	393.500 	 90.133 	 64.001
FHW12122	393.625 	 90.126 	 64.001
FHW12122	393.750 	 90.133 	 63.998
FHW12122	393.875 	 90.126 	 64.001
FHW12122	394.000 	 90.133 	 64.001
FHW12122	394.125 	 90.133 	 63.998
FHW12122	394.250 	 90.126 	 64.001
FHW12122	394.375 	 90.133 	 64.001
FHW12122	394.500 	 90.126 	 63.998
FHW12122	394.625 	 90.133 	 64.001
FHW12122	394.750 	 90.133 	 64.001
FHW12122	394.875 	 90.126 	 63.998
FHW12122	395.000 	 90.133 	 64.001
FHW12122	395.125 	 90.126 	 64.001
FHW12122	395.250 	 90.133 	 63.998
FHW12122	395.375 	 90.126 	 64.001
FHW12122	395.500 	 90.133 	 64.001
FHW12122	395.625 	 90.133 	 63.998
FHW12122	395.750 	 90.126 	 64.001
FHW12122	395.875 	 90.133 	 63.998
FHW12122	396.000 	 90.126 	 63.998
FHW12122	396.125 	 90.133 	 64.001
FHW12122	396.250 	 90.133 	 64.001
FHW12122	396.375 	 90.126 	 64.001
FHW12122	396.500 	 90.133 	 63.998
FHW12122	396.625 	 90.126 	 64.001
FHW12122	396.750 	 90.133 	 64.001
FHW12122	396.875 	 90.126 	 63.998
FHW12122	397.000 	 90.133 	 64.001
FHW12122	397.125 	 90.133 	 64.001
FHW12122	397.250 	 90.126 	 63.998
FHW12122	397.375 	 90.133 	 64.001
FHW12122	397.500 	 90.126 	 64.001
FHW12122	397.625 	 90.133 	 63.998
FHW12122	397.750 	 90.133 	 64.001
FHW12122	397.875 	 90.126 	 64.001
FHW12122	398.000 	 90.133 	 63.998
FHW12122	398.125 	 90.126 	 64.001
FHW12122	398.250 	 90.133 	 64.001
FHW12122	398.375 	 90.133 	 63.998
FHW12122	398.500 	 90.126 	 64.001
FHW12122	398.625 	 90.133 	 64.001
FHW12122	398.750 	 90.126 	 63.998
FHW12122	398.875 	 90.133 	 64.001
FHW12122	399.000 	 90.126 	 64.001
FHW12122	399.125 	 90.133 	 63.998
FHW12122	399.250 	 90.133 	 64.001
FHW12122	399.375 	 90.126 	 63.998
FHW12122	399.500 	 90.133 	 63.998
FHW12122	399.625 	 90.126 	 64.001
FHW12122	399.750 	 90.133 	 64.001
FHW12122	399.875 	 90.133 	 63.998
FHW12122	400.000 	 90.126 	 64.001
FHW12122	400.125 	 90.133 	 64.001
FHW12122	400.250 	 90.126 	 63.998
FHW12122	400.375 	 90.133 	 64.001
FHW12122	400.500 	 90.133 	 64.001
FHW12122	400.625 	 90.126 	 63.998
FHW12122	400.750 	 90.133 	 64.001
FHW12122	400.875 	 90.126 	 64.001
FHW12122	401.000 	 90.168 	 64.398
FHW12122	401.125 	 90.175 	 64.502
FHW12122	401.250 	 90.175 	 64.498
FHW12122	401.375 	 90.175 	 64.502
FHW12122	401.500 	 90.175 	 64.498
FHW12122	401.625 	 90.175 	 64.502
FHW12122	401.750 	 90.175 	 64.502
FHW12122	401.875 	 90.175 	 64.495
FHW12122	402.000 	 90.175 	 64.502
FHW12122	402.125 	 90.175 	 64.502
FHW12122	402.250 	 90.175 	 64.498
FHW12122	402.375 	 90.175 	 64.502
FHW12122	402.500 	 90.175 	 64.502
FHW12122	402.625 	 90.175 	 64.498
FHW12122	402.750 	 90.175 	 64.499
FHW12122	402.875 	 90.175 	 64.498
FHW12122	403.000 	 90.175 	 64.502
FHW12122	403.125 	 90.175 	 64.502
FHW12122	403.250 	 90.175 	 64.498
FHW12122	403.375 	 90.175 	 64.502
FHW12122	403.500 	 90.175 	 64.499
FHW12122	403.625 	 90.175 	 64.498
FHW12122	403.750 	 90.175 	 64.502
FHW12122	403.875 	 90.175 	 64.498
FHW12122	404.000 	 90.175 	 64.502
FHW12122	404.125 	 90.175 	 64.502
FHW12122	404.250 	 90.175 	 64.498
FHW12122	404.375 	 90.175 	 64.499
FHW12122	404.500 	 90.175 	 64.502
FHW12122	404.625 	 90.175 	 64.498
FHW12122	404.750 	 90.175 	 64.502
FHW12122	404.875 	 90.175 	 64.498
FHW12122	405.000 	 90.175 	 64.502
FHW12122	405.125 	 90.175 	 64.502
FHW12122	405.250 	 90.175 	 64.495
FHW12122	405.375 	 90.175 	 64.502
FHW12122	405.500 	 90.182 	 64.502
FHW12122	405.625 	 90.175 	 64.498
FHW12122	405.750 	 90.175 	 64.502
FHW12122	405.875 	 90.175 	 64.502
FHW12122	406.000 	 90.175 	 64.498
FHW12122	406.125 	 90.175 	 64.499
FHW12122	406.250 	 90.175 	 64.498
FHW12122	406.375 	 90.175 	 64.502
FHW12122	406.500 	 90.175 	 64.502
FHW12122	406.625 	 90.175 	 64.498
FHW12122	406.750 	 90.175 	 64.502
FHW12122	406.875 	 90.175 	 64.502
FHW12122	407.000 	 90.175 	 64.495
FHW12122	407.125 	 90.175 	 64.502
FHW12122	407.250 	 90.175 	 64.498
FHW12122	407.375 	 90.175 	 64.502
FHW12122	407.500 	 90.175 	 64.502
FHW12122	407.625 	 90.175 	 64.498
FHW12122	407.750 	 90.175 	 64.499
FHW12122	407.875 	 90.175 	 64.502
FHW12122	408.000 	 90.175 	 64.498
FHW12122	408.125 	 90.175 	 64.502
FHW12122	408.250 	 90.175 	 64.502
FHW12122	408.375 	 90.175 	 64.498
FHW12122	408.500 	 90.175 	 64.502
FHW12122	408.625 	 90.175 	 64.495
FHW12122	408.750 	 90.175 	 64.502
FHW12122	408.875 	 90.175 	 64.502
FHW12122	409.000 	 90.175 	 64.498
FHW12122	409.125 	 90.175 	 64.502
FHW12122	409.250 	 90.175 	 64.502
FHW12122	409.375 	 90.175 	 64.498
FHW12122	409.500 	 90.175 	 64.499
FHW12122	409.625 	 90.175 	 64.498
FHW12122	409.750 	 90.175 	 64.502
FHW12122	409.875 	 90.175 	 64.502
FHW12122	410.000 	 90.350 	 64.358
FHW12122	410.125 	 90.615 	 64.151
FHW12122	410.250 	 90.615 	 64.151
FHW12122	410.375 	 90.615 	 64.151
FHW12122	410.500 	 90.616 	 64.145
FHW12122	410.625 	 90.615 	 64.151
FHW12122	410.750 	 90.615 	 64.151
FHW12122	410.875 	 90.615 	 64.151
FHW12122	411.000 	 90.615 	 64.148
FHW12122	411.125 	 90.615 	 64.151
FHW12122	411.250 	 90.616 	 64.148
FHW12122	411.375 	 90.615 	 64.148
FHW12122	411.500 	 90.608 	 64.151
FHW12122	411.625 	 90.615 	 64.151
FHW12122	411.750 	 90.615 	 64.151
FHW12122	411.875 	 90.615 	 64.148
FHW12122	412.000 	 90.615 	 64.151
FHW12122	412.125 	 90.616 	 64.148
FHW12122	412.250 	 90.615 	 64.151
FHW12122	412.375 	 90.615 	 64.148
FHW12122	412.500 	 90.615 	 64.151
FHW12122	412.625 	 90.615 	 64.151
FHW12122	412.750 	 90.615 	 64.151
FHW12122	412.875 	 90.615 	 64.148
FHW12122	413.000 	 90.616 	 64.148
FHW12122	413.125 	 90.615 	 64.151
FHW12122	413.250 	 90.615 	 64.151
FHW12122	413.375 	 90.615 	 64.148
FHW12122	413.500 	 90.615 	 64.151
FHW12122	413.625 	 90.608 	 64.151
FHW12122	413.750 	 90.616 	 64.148
FHW12122	413.875 	 90.615 	 64.148
FHW12122	414.000 	 90.615 	 64.151
FHW12122	414.125 	 90.615 	 64.151
FHW12122	414.250 	 90.615 	 64.148
FHW12122	414.375 	 90.615 	 64.151
FHW12122	414.500 	 90.615 	 64.151
FHW12122	414.625 	 90.616 	 64.148
FHW12122	414.750 	 90.615 	 64.148
FHW12122	414.875 	 90.615 	 64.151
FHW12122	415.000 	 90.615 	 64.151
FHW12122	415.125 	 90.615 	 64.151
FHW12122	415.250 	 90.615 	 64.148
FHW12122	415.375 	 90.616 	 64.148
FHW12122	415.500 	 90.615 	 64.151
FHW12122	415.625 	 90.615 	 64.151
FHW12122	415.750 	 90.608 	 64.148
FHW12122	415.875 	 90.615 	 64.151
FHW12122	416.000 	 90.615 	 64.151
FHW12122	416.125 	 90.615 	 64.151
FHW12122	416.250 	 90.616 	 64.145
FHW12122	416.375 	 90.615 	 64.151
FHW12122	416.500 	 90.615 	 64.151
FHW12122	416.625 	 90.615 	 64.148
FHW12122	416.750 	 90.615 	 64.151
FHW12122	416.875 	 90.615 	 64.151
FHW12122	417.000 	 90.616 	 64.148
FHW12122	417.125 	 90.615 	 64.148
FHW12122	417.250 	 90.615 	 64.151
FHW12122	417.375 	 90.615 	 64.151
FHW12122	417.500 	 90.615 	 64.151
FHW12122	417.625 	 90.615 	 64.148
FHW12122	417.750 	 90.615 	 64.151
FHW12122	417.875 	 90.609 	 64.148
FHW12122	418.000 	 90.615 	 64.151
FHW12122	418.125 	 90.615 	 64.148
FHW12122	418.250 	 90.615 	 64.151
FHW12122	418.375 	 90.615 	 64.151
FHW12122	418.500 	 90.615 	 64.151
FHW12122	418.625 	 90.616 	 64.145
FHW12122	418.750 	 90.574 	 64.167
FHW12122	418.875 	 90.112 	 64.351
FHW12122	419.000 	 90.112 	 64.351
FHW12122	419.125 	 90.105 	 64.348
FHW12122	419.250 	 90.112 	 64.351
FHW12122	419.375 	 90.112 	 64.348
FHW12122	419.500 	 90.112 	 64.351
FHW12122	419.625 	 90.105 	 64.348
FHW12122	419.750 	 90.112 	 64.351
FHW12122	419.875 	 90.112 	 64.351
FHW12122	420.000 	 90.105 	 64.348
FHW12122	420.125 	 90.112 	 64.351
FHW12122	420.250 	 90.112 	 64.348
FHW12122	420.375 	 90.112 	 64.351
FHW12122	420.500 	 90.105 	 64.345
FHW12122	420.625 	 90.112 	 64.351
FHW12122	420.750 	 90.112 	 64.351
FHW12122	420.875 	 90.112 	 64.348
FHW12122	421.000 	 90.105 	 64.351
FHW12122	421.125 	 90.112 	 64.348
FHW12122	421.250 	 90.112 	 64.351
FHW12122	421.375 	 90.105 	 64.351
FHW12122	421.500 	 90.112 	 64.348
FHW12122	421.625 	 90.112 	 64.351
FHW12122	421.750 	 90.112 	 64.348
FHW12122	421.875 	 90.105 	 64.351
FHW12122	422.000 	 90.112 	 64.348
FHW12122	422.125 	 90.112 	 64.351
FHW12122	422.250 	 90.105 	 64.351
FHW12122	422.375 	 90.112 	 64.348
FHW12122	422.500 	 90.112 	 64.351
FHW12122	422.625 	 90.112 	 64.348
FHW12122	422.750 	 90.105 	 64.351
FHW12122	422.875 	 90.112 	 64.348
FHW12122	423.000 	 90.112 	 64.351
FHW12122	423.125 	 90.105 	 64.351
FHW12122	423.250 	 90.112 	 64.348
FHW12122	423.375 	 90.112 	 64.351
FHW12122	423.500 	 90.112 	 64.345
FHW12122	423.625 	 90.105 	 64.351
FHW12122	423.750 	 90.112 	 64.351
FHW12122	423.875 	 90.112 	 64.348
FHW12122	424.000 	 90.112 	 64.351
FHW12122	424.125 	 90.105 	 64.348
FHW12122	424.250 	 90.112 	 64.351
FHW12122	424.375 	 90.112 	 64.348
FHW12122	424.500 	 90.105 	 64.351
FHW12122	424.625 	 90.112 	 64.351
FHW12122	424.750 	 90.112 	 64.348
FHW12122	424.875 	 90.112 	 64.351
FHW12122	425.000 	 90.105 	 64.348
FHW12122	425.125 	 90.112 	 64.351
FHW12122	425.250 	 90.112 	 64.348
FHW12122	425.375 	 90.105 	 64.351
FHW12122	425.500 	 90.112 	 64.351
FHW12122	425.625 	 90.112 	 64.348
FHW12122	425.750 	 90.112 	 64.351
FHW12122	425.875 	 90.105 	 64.348
FHW12122	426.000 	 90.112 	 64.351
FHW12122	426.125 	 90.112 	 64.351
FHW12122	426.250 	 90.112 	 64.348
FHW12122	426.375 	 90.105 	 64.351
FHW12122	426.500 	 90.112 	 64.345
FHW12122	426.625 	 90.112 	 64.351
FHW12122	426.750 	 90.105 	 64.348
FHW12122	426.875 	 90.112 	 64.351
FHW12122	427.000 	 90.112 	 64.351
FHW12122	427.125 	 90.112 	 64.348
FHW12122	427.250 	 90.105 	 64.351
FHW12122	427.375 	 90.112 	 64.348
FHW12122	427.500 	 90.112 	 64.351
FHW12122	427.625 	 89.993 	 64.439
FHW12122	427.750 	 89.916 	 64.502
FHW12122	427.875 	 89.909 	 64.498
FHW12122	428.000 	 89.916 	 64.502
FHW12122	428.125 	 89.916 	 64.498
FHW12122	428.250 	 89.916 	 64.502
FHW12122	428.375 	 89.916 	 64.502
FHW12122	428.500 	 89.916 	 64.495
FHW12122	428.625 	 89.916 	 64.502
FHW12122	428.750 	 89.909 	 64.498
FHW12122	428.875 	 89.916 	 64.502
FHW12122	429.000 	 89.916 	 64.498
FHW12122	429.125 	 89.916 	 64.502
FHW12122	429.250 	 89.916 	 64.502
FHW12122	429.375 	 89.916 	 64.498
FHW12122	429.500 	 89.916 	 64.502
FHW12122	429.625 	 89.909 	 64.498
FHW12122	429.750 	 89.916 	 64.502
FHW12122	429.875 	 89.916 	 64.495
FHW12122	430.000 	 89.916 	 64.502
FHW12122	430.125 	 89.916 	 64.498
FHW12122	430.250 	 89.916 	 64.498
FHW12122	430.375 	 89.909 	 64.505
FHW12122	430.500 	 89.916 	 64.498
FHW12122	430.625 	 89.916 	 64.498
FHW12122	430.750 	 89.916 	 64.505
FHW12122	430.875 	 89.916 	 64.498
FHW12122	431.000 	 89.916 	 64.498
FHW12122	431.125 	 89.916 	 64.498
FHW12122	431.250 	 89.909 	 64.505
FHW12122	431.375 	 89.916 	 64.495
FHW12122	431.500 	 89.916 	 64.498
FHW12122	431.625 	 89.916 	 64.505
FHW12122	431.750 	 89.916 	 64.498
FHW12122	431.875 	 89.916 	 64.498
FHW12122	432.000 	 89.916 	 64.498
FHW12122	432.125 	 89.909 	 64.505
FHW12122	432.250 	 89.916 	 64.498
FHW12122	432.375 	 89.916 	 64.498
FHW12122	432.500 	 89.916 	 64.505
FHW12122	432.625 	 89.916 	 64.498
FHW12122	432.750 	 89.916 	 64.495
FHW12122	432.875 	 89.916 	 64.498
FHW12122	433.000 	 89.909 	 64.505
FHW12122	433.125 	 89.916 	 64.498
FHW12122	433.250 	 89.916 	 64.498
FHW12122	433.375 	 89.916 	 64.498
FHW12122	433.500 	 89.916 	 64.505
FHW12122	433.625 	 89.916 	 64.498
FHW12122	433.750 	 89.916 	 64.498
FHW12122	433.875 	 89.909 	 64.505
FHW12122	434.000 	 89.916 	 64.498
FHW12122	434.125 	 89.916 	 64.498
FHW12122	434.250 	 89.916 	 64.495
FHW12122	434.375 	 89.916 	 64.505
FHW12122	434.500 	 89.916 	 64.498
FHW12122	434.625 	 89.916 	 64.498
FHW12122	434.750 	 89.909 	 64.505
FHW12122	434.875 	 89.916 	 64.498
FHW12122	435.000 	 89.916 	 64.498
FHW12122	435.125 	 89.916 	 64.498
FHW12122	435.250 	 89.916 	 64.505
FHW12122	435.375 	 89.916 	 64.498
FHW12122	435.500 	 89.909 	 64.498
FHW12122	435.625 	 89.916 	 64.495
FHW12122	435.750 	 89.916 	 64.505
FHW12122	435.875 	 89.916 	 64.498
FHW12122	436.000 	 89.916 	 64.498
FHW12122	436.125 	 89.916 	 64.505
FHW12122	436.250 	 89.916 	 64.498
FHW12122	436.375 	 89.909 	 64.498
FHW12122	436.500 	 89.916 	 64.498
FHW12122	436.625 	 89.916 	 64.505
FHW12122	436.750 	 89.916 	 64.498
FHW12122	436.875 	 89.916 	 64.498
FHW12122	437.000 	 89.916 	 64.505
FHW12122	437.125 	 89.986 	 64.427
FHW12122	437.250 	 90.294 	 64.148
FHW12122	437.375 	 90.287 	 64.148
FHW12122	437.500 	 90.294 	 64.151
FHW12122	437.625 	 90.287 	 64.154
FHW12122	437.750 	 90.294 	 64.148
FHW12122	437.875 	 90.287 	 64.148
FHW12122	438.000 	 90.287 	 64.148
FHW12122	438.125 	 90.294 	 64.151
FHW12122	438.250 	 90.287 	 64.154
FHW12122	438.375 	 90.294 	 64.148
FHW12122	438.500 	 90.287 	 64.148
FHW12122	438.625 	 90.294 	 64.148
FHW12122	438.750 	 90.287 	 64.151
FHW12122	438.875 	 90.294 	 64.154
FHW12122	439.000 	 90.287 	 64.148
FHW12122	439.125 	 90.294 	 64.148
FHW12122	439.250 	 90.287 	 64.151
FHW12122	439.375 	 90.294 	 64.148
FHW12122	439.500 	 90.287 	 64.154
FHW12122	439.625 	 90.287 	 64.148
FHW12122	439.750 	 90.294 	 64.148
FHW12122	439.875 	 90.287 	 64.151
FHW12122	440.000 	 90.294 	 64.154
FHW12122	440.125 	 90.287 	 64.148
FHW12122	440.250 	 90.294 	 64.148
FHW12122	440.375 	 90.287 	 64.148
FHW12122	440.500 	 90.294 	 64.151
FHW12122	440.625 	 90.287 	 64.154
FHW12122	440.750 	 90.294 	 64.148
FHW12122	440.875 	 90.287 	 64.148
FHW12122	441.000 	 90.287 	 64.148
FHW12122	441.125 	 90.294 	 64.151
FHW12122	441.250 	 90.287 	 64.154
FHW12122	441.375 	 90.294 	 64.148
FHW12122	441.500 	 90.287 	 64.148
FHW12122	441.625 	 90.294 	 64.148
FHW12122	441.750 	 90.287 	 64.151
FHW12122	441.875 	 90.294 	 64.154
FHW12122	442.000 	 90.287 	 64.148
FHW12122	442.125 	 90.294 	 64.148
FHW12122	442.250 	 90.287 	 64.148
FHW12122	442.375 	 90.287 	 64.151
FHW12122	442.500 	 90.294 	 64.154
FHW12122	442.625 	 90.287 	 64.148
FHW12122	442.750 	 90.294 	 64.148
FHW12122	442.875 	 90.287 	 64.148
FHW12122	443.000 	 90.294 	 64.151
FHW12122	443.125 	 90.287 	 64.154
FHW12122	443.250 	 90.294 	 64.148
FHW12122	443.375 	 90.287 	 64.148
FHW12122	443.500 	 90.294 	 64.148
FHW12122	443.625 	 90.287 	 64.151
FHW12122	443.750 	 90.294 	 64.154
FHW12122	443.875 	 90.287 	 64.148
FHW12122	444.000 	 90.287 	 64.148
FHW12122	444.125 	 90.294 	 64.148
FHW12122	444.250 	 90.287 	 64.151
FHW12122	444.375 	 90.294 	 64.154
FHW12122	444.500 	 90.287 	 64.148
FHW12122	444.625 	 90.294 	 64.148
FHW12122	444.750 	 90.287 	 64.148
FHW12122	444.875 	 90.294 	 64.151
FHW12122	445.000 	 90.287 	 64.154
FHW12122	445.125 	 90.294 	 64.148
FHW12122	445.250 	 90.287 	 64.148
FHW12122	445.375 	 90.287 	 64.148
FHW12122	445.500 	 90.294 	 64.157
FHW12122	445.625 	 90.287 	 64.148
FHW12122	445.750 	 90.294 	 64.148
FHW12122	445.875 	 90.287 	 64.148
FHW12122	446.000 	 90.294 	 64.148
FHW12122	446.125 	 90.287 	 64.157
FHW12122	446.250 	 90.294 	 64.148
FHW12122	446.375 	 90.287 	 64.148
FHW12122	446.500 	 90.294 	 64.148
FHW12122	446.625 	 90.287 	 64.148
FHW12122	446.750 	 90.287 	 64.157
FHW12122	446.875 	 90.448 	 64.148
FHW12122	447.000 	 90.727 	 64.145
FHW12122	447.125 	 90.727 	 64.154
FHW12122	447.250 	 90.720 	 64.148
FHW12122	447.375 	 90.727 	 64.151
FHW12122	447.500 	 90.727 	 64.148
FHW12122	447.625 	 90.720 	 64.154
FHW12122	447.750 	 90.727 	 64.145
FHW12122	447.875 	 90.727 	 64.154
FHW12122	448.000 	 90.720 	 64.145
FHW12122	448.125 	 90.727 	 64.148
FHW12122	448.250 	 90.727 	 64.154
FHW12122	448.375 	 90.720 	 64.145
FHW12122	448.500 	 90.727 	 64.154
FHW12122	448.625 	 90.727 	 64.148
FHW12122	448.750 	 90.720 	 64.151
FHW12122	448.875 	 90.727 	 64.148
FHW12122	449.000 	 90.727 	 64.154
FHW12122	449.125 	 90.720 	 64.145
FHW12122	449.250 	 90.727 	 64.154
FHW12122	449.375 	 90.720 	 64.148
FHW12122	449.500 	 90.727 	 64.145
FHW12122	449.625 	 90.727 	 64.154
FHW12122	449.750 	 90.720 	 64.148
FHW12122	449.875 	 90.727 	 64.151
FHW12122	450.000 	 90.727 	 64.148
FHW12122	450.125 	 90.720 	 64.154
FHW12122	450.250 	 90.727 	 64.145
FHW12122	450.375 	 90.727 	 64.154
FHW12122	450.500 	 90.720 	 64.148
FHW12122	450.625 	 90.727 	 64.151
FHW12122	450.750 	 90.727 	 64.148
FHW12122	450.875 	 90.720 	 64.148
FHW12122	451.000 	 90.727 	 64.151
FHW12122	451.125 	 90.727 	 64.148
FHW12122	451.250 	 90.720 	 64.154
FHW12122	451.375 	 90.727 	 64.145
FHW12122	451.500 	 90.727 	 64.154
FHW12122	451.625 	 90.720 	 64.145
FHW12122	451.750 	 90.727 	 64.154
FHW12122	451.875 	 90.727 	 64.148
FHW12122	452.000 	 90.720 	 64.151
FHW12122	452.125 	 90.727 	 64.148
FHW12122	452.250 	 90.727 	 64.148
FHW12122	452.375 	 90.720 	 64.151
FHW12122	452.500 	 90.727 	 64.148
FHW12122	452.625 	 90.727 	 64.154
FHW12122	452.750 	 90.720 	 64.145
FHW12122	452.875 	 90.727 	 64.154
FHW12122	453.000 	 90.727 	 64.148
FHW12122	453.125 	 90.720 	 64.151
FHW12122	453.250 	 90.727 	 64.148
FHW12122	453.375 	 90.727 	 64.154
FHW12122	453.500 	 90.720 	 64.145
FHW12122	453.625 	 90.727 	 64.154
FHW12122	453.750 	 90.727 	 64.148
FHW12122	453.875 	 90.720 	 64.145
FHW12122	454.000 	 90.727 	 64.154
FHW12122	454.125 	 90.720 	 64.148
FHW12122	454.250 	 90.727 	 64.151
FHW12122	454.375 	 90.727 	 64.148
FHW12122	454.500 	 90.720 	 64.154
FHW12122	454.625 	 90.727 	 64.145
FHW12122	454.750 	 90.727 	 64.154
FHW12122	454.875 	 90.720 	 64.145
FHW12122	455.000 	 90.727 	 64.154
FHW12122	455.125 	 90.727 	 64.148
FHW12122	455.250 	 90.720 	 64.145
FHW12122	455.375 	 90.727 	 64.154
FHW12122	455.500 	 90.727 	 64.148
FHW12122	455.625 	 90.720 	 64.151
FHW12122	455.750 	 90.727 	 64.148
FHW12122	455.875 	 90.727 	 64.154
FHW12122	456.000 	 90.720 	 64.145
FHW12122	456.125 	 90.727 	 64.154
FHW12122	456.250 	 90.727 	 64.148
FHW12122	456.375 	 90.720 	 64.151
FHW12122	456.500 	 90.727 	 64.148
FHW12122	456.625 	 91.357 	 63.948
FHW12122	456.750 	 91.364 	 63.951
FHW12122	456.875 	 91.357 	 63.948
FHW12122	457.000 	 91.364 	 63.954
FHW12122	457.125 	 91.357 	 63.945
FHW12122	457.250 	 91.364 	 63.954
FHW12122	457.375 	 91.357 	 63.948
FHW12122	457.500 	 91.357 	 63.951
FHW12122	457.625 	 91.364 	 63.948
FHW12122	457.750 	 91.357 	 63.954
FHW12122	457.875 	 91.364 	 63.945
FHW12122	458.000 	 91.357 	 63.954
FHW12122	458.125 	 91.364 	 63.948
FHW12122	458.250 	 91.357 	 63.951
FHW12122	458.375 	 91.357 	 63.948
FHW12122	458.500 	 91.364 	 63.954
FHW12122	458.625 	 91.357 	 63.945
FHW12122	458.750 	 91.364 	 63.954
FHW12122	458.875 	 91.357 	 63.948
FHW12122	459.000 	 91.364 	 63.951
FHW12122	459.125 	 91.357 	 63.948
FHW12122	459.250 	 91.364 	 63.951
FHW12122	459.375 	 91.357 	 63.948
FHW12122	459.500 	 91.357 	 63.954
FHW12122	459.625 	 91.364 	 63.945
FHW12122	459.750 	 91.357 	 63.954
FHW12122	459.875 	 91.364 	 63.948
FHW12122	460.000 	 91.357 	 63.954
FHW12122	460.125 	 91.364 	 63.948
FHW12122	460.250 	 91.357 	 63.948
FHW12122	460.375 	 91.357 	 63.948
FHW12122	460.500 	 91.364 	 63.954
FHW12122	460.625 	 91.357 	 63.948
FHW12122	460.750 	 91.364 	 63.954
FHW12122	460.875 	 91.357 	 63.948
FHW12122	461.000 	 91.364 	 63.948
FHW12122	461.125 	 91.357 	 63.948
FHW12122	461.250 	 91.357 	 63.954
FHW12122	461.375 	 91.364 	 63.948
FHW12122	461.500 	 91.357 	 63.954
FHW12122	461.625 	 91.364 	 63.942
FHW12122	461.750 	 91.357 	 63.954
FHW12122	461.875 	 91.364 	 63.948
FHW12122	462.000 	 91.357 	 63.954
FHW12122	462.125 	 91.357 	 63.948
FHW12122	462.250 	 91.364 	 63.954
FHW12122	462.375 	 91.357 	 63.942
FHW12122	462.500 	 91.364 	 63.954
FHW12122	462.625 	 91.357 	 63.948
FHW12122	462.750 	 91.364 	 63.954
FHW12122	462.875 	 91.357 	 63.948
FHW12122	463.000 	 91.364 	 63.954
FHW12122	463.125 	 91.357 	 63.942
FHW12122	463.250 	 91.357 	 63.954
FHW12122	463.375 	 91.364 	 63.948
FHW12122	463.500 	 91.357 	 63.954
FHW12122	463.625 	 91.364 	 63.948
FHW12122	463.750 	 91.357 	 63.954
FHW12122	463.875 	 91.364 	 63.942
FHW12122	464.000 	 91.357 	 63.954
FHW12122	464.125 	 91.357 	 63.948
FHW12122	464.250 	 91.364 	 63.954
FHW12122	464.375 	 91.357 	 63.948
FHW12122	464.500 	 91.364 	 63.954
FHW12122	464.625 	 91.357 	 63.942
FHW12122	464.750 	 91.364 	 63.954
FHW12122	464.875 	 91.357 	 63.948
FHW12122	465.000 	 91.357 	 63.954
FHW12122	465.125 	 91.364 	 63.948
FHW12122	465.250 	 91.357 	 63.954
FHW12122	465.375 	 91.364 	 63.942
FHW12122	465.500 	 91.357 	 63.954
FHW12122	465.625 	 91.364 	 63.948
FHW12122	465.750 	 91.357 	 63.954
FHW12122	465.875 	 91.357 	 63.948
FHW12122	466.000 	 91.364 	 63.954
FHW12122	466.125 	 91.357 	 63.942
FHW12122	466.250 	 91.581 	 64.054
FHW12122	466.375 	 91.910 	 64.199
FHW12122	466.500 	 91.910 	 64.199
FHW12122	466.625 	 91.910 	 64.205
FHW12122	466.750 	 91.910 	 64.192
FHW12122	466.875 	 91.910 	 64.205
FHW12122	467.000 	 91.910 	 64.199
FHW12122	467.125 	 91.910 	 64.199
FHW12122	467.250 	 91.917 	 64.205
FHW12122	467.375 	 91.910 	 64.199
FHW12122	467.500 	 91.910 	 64.199
FHW12122	467.625 	 91.910 	 64.199
FHW12122	467.750 	 91.910 	 64.199
FHW12122	467.875 	 91.910 	 64.205
FHW12122	468.000 	 91.910 	 64.199
FHW12122	468.125 	 91.910 	 64.199
FHW12122	468.250 	 91.910 	 64.199
FHW12122	468.375 	 91.910 	 64.205
FHW12122	468.500 	 91.910 	 64.192
FHW12122	468.625 	 91.910 	 64.205
FHW12122	468.750 	 91.910 	 64.199
FHW12122	468.875 	 91.910 	 64.199
FHW12122	469.000 	 91.910 	 64.205
FHW12122	469.125 	 91.910 	 64.192
FHW12122	469.250 	 91.910 	 64.205
FHW12122	469.375 	 91.910 	 64.205
FHW12122	469.500 	 91.910 	 64.192
FHW12122	469.625 	 91.910 	 64.205
FHW12122	469.750 	 91.910 	 64.192
FHW12122	469.875 	 91.910 	 64.205
FHW12122	470.000 	 91.910 	 64.205
FHW12122	470.125 	 91.910 	 64.192
FHW12122	470.250 	 91.910 	 64.205
FHW12122	470.375 	 91.910 	 64.199
FHW12122	470.500 	 91.917 	 64.199
FHW12122	470.625 	 91.910 	 64.205
FHW12122	470.750 	 91.910 	 64.192
FHW12122	470.875 	 91.910 	 64.205
FHW12122	471.000 	 91.910 	 64.199
FHW12122	471.125 	 91.910 	 64.199
FHW12122	471.250 	 91.910 	 64.199
FHW12122	471.375 	 91.910 	 64.205
FHW12122	471.500 	 91.910 	 64.199
FHW12122	471.625 	 91.910 	 64.199
FHW12122	471.750 	 91.910 	 64.199
FHW12122	471.875 	 91.910 	 64.199
FHW12122	472.000 	 91.910 	 64.205
FHW12122	472.125 	 91.910 	 64.199
FHW12122	472.250 	 91.910 	 64.199
FHW12122	472.375 	 91.910 	 64.205
FHW12122	472.500 	 91.910 	 64.192
FHW12122	472.625 	 91.910 	 64.205
FHW12122	472.750 	 91.910 	 64.199
FHW12122	472.875 	 91.910 	 64.199
FHW12122	473.000 	 91.910 	 64.205
FHW12122	473.125 	 91.910 	 64.192
FHW12122	473.250 	 91.910 	 64.205
FHW12122	473.375 	 91.910 	 64.199
FHW12122	473.500 	 91.910 	 64.199
FHW12122	473.625 	 91.910 	 64.205
FHW12122	473.750 	 91.917 	 64.192
FHW12122	473.875 	 91.910 	 64.205
FHW12122	474.000 	 91.910 	 64.199
FHW12122	474.125 	 91.910 	 64.199
FHW12122	474.250 	 91.910 	 64.205
FHW12122	474.375 	 91.910 	 64.199
FHW12122	474.500 	 91.910 	 64.199
FHW12122	474.625 	 91.910 	 64.199
FHW12122	474.750 	 91.910 	 64.199
FHW12122	474.875 	 91.910 	 64.205
FHW12122	475.000 	 91.910 	 64.199
FHW12122	475.125 	 91.910 	 64.199
FHW12122	475.250 	 91.910 	 64.199
FHW12122	475.375 	 91.910 	 64.205
FHW12122	475.500 	 91.910 	 64.199
FHW12122	475.625 	 91.910 	 64.199
FHW12122	475.750 	 91.910 	 64.199
FHW12122	475.875 	 91.910 	 64.199
FHW12122	476.000 	 92.546 	 64.380
FHW12122	476.125 	 92.638 	 64.399
FHW12122	476.250 	 92.638 	 64.399
FHW12122	476.375 	 92.631 	 64.393
FHW12122	476.500 	 92.638 	 64.406
FHW12122	476.625 	 92.631 	 64.399
FHW12122	476.750 	 92.638 	 64.399
FHW12122	476.875 	 92.638 	 64.399
FHW12122	477.000 	 92.631 	 64.399
FHW12122	477.125 	 92.638 	 64.399
FHW12122	477.250 	 92.631 	 64.399
FHW12122	477.375 	 92.638 	 64.406
FHW12122	477.500 	 92.638 	 64.399
FHW12122	477.625 	 92.631 	 64.399
FHW12122	477.750 	 92.638 	 64.399
FHW12122	477.875 	 92.631 	 64.399
FHW12122	478.000 	 92.638 	 64.399
FHW12122	478.125 	 92.638 	 64.400
FHW12122	478.250 	 92.631 	 64.399
FHW12122	478.375 	 92.638 	 64.399
FHW12122	478.500 	 92.631 	 64.399
FHW12122	478.625 	 92.638 	 64.399
FHW12122	478.750 	 92.638 	 64.399
FHW12122	478.875 	 92.631 	 64.406
FHW12122	479.000 	 92.638 	 64.399
FHW12122	479.125 	 92.631 	 64.399
FHW12122	479.250 	 92.638 	 64.399
FHW12122	479.375 	 92.638 	 64.399
FHW12122	479.500 	 92.631 	 64.399
FHW12122	479.625 	 92.638 	 64.406
FHW12122	479.750 	 92.631 	 64.393
FHW12122	479.875 	 92.638 	 64.399
FHW12122	480.000 	 92.638 	 64.399
FHW12122	480.125 	 92.631 	 64.399
FHW12122	480.250 	 92.638 	 64.399
FHW12122	480.375 	 92.631 	 64.399
FHW12122	480.500 	 92.638 	 64.406
FHW12122	480.625 	 92.638 	 64.399
FHW12122	480.750 	 92.631 	 64.399
FHW12122	480.875 	 92.638 	 64.399
FHW12122	481.000 	 92.631 	 64.399
FHW12122	481.125 	 92.638 	 64.399
FHW12122	481.250 	 92.638 	 64.406
FHW12122	481.375 	 92.631 	 64.393
FHW12122	481.500 	 92.638 	 64.399
FHW12122	481.625 	 92.631 	 64.399
FHW12122	481.750 	 92.638 	 64.399
FHW12122	481.875 	 92.638 	 64.399
FHW12122	482.000 	 92.631 	 64.406
FHW12122	482.125 	 92.638 	 64.399
FHW12122	482.250 	 92.631 	 64.399
FHW12122	482.375 	 92.638 	 64.399
FHW12122	482.500 	 92.638 	 64.399
FHW12122	482.625 	 92.631 	 64.399
FHW12122	482.750 	 92.638 	 64.399
FHW12122	482.875 	 92.631 	 64.406
FHW12122	483.000 	 92.638 	 64.399
FHW12122	483.125 	 92.638 	 64.393
FHW12122	483.250 	 92.631 	 64.399
FHW12122	483.375 	 92.638 	 64.399
FHW12122	483.500 	 92.631 	 64.399
FHW12122	483.625 	 92.638 	 64.406
FHW12122	483.750 	 92.638 	 64.399
FHW12122	483.875 	 92.631 	 64.399
FHW12122	484.000 	 92.638 	 64.399
FHW12122	484.125 	 92.631 	 64.399
FHW12122	484.250 	 92.638 	 64.399
FHW12122	484.375 	 92.638 	 64.406
FHW12122	484.500 	 92.631 	 64.399
FHW12122	484.625 	 92.638 	 64.399
FHW12122	484.750 	 92.631 	 64.393
FHW12122	484.875 	 92.638 	 64.399
FHW12122	485.000 	 92.638 	 64.399
FHW12122	485.125 	 92.631 	 64.406
FHW12122	485.250 	 92.638 	 64.399
FHW12122	485.375 	 92.631 	 64.399
FHW12122	485.500 	 92.638 	 64.399
FHW12122	485.625 	 93.058 	 64.149
FHW12122	485.750 	 93.065 	 64.155
FHW12122	485.875 	 93.058 	 64.149
FHW12122	486.000 	 93.058 	 64.149
FHW12122	486.125 	 93.065 	 64.143
FHW12122	486.250 	 93.058 	 64.149
FHW12122	486.375 	 93.058 	 64.155
FHW12122	486.500 	 93.058 	 64.149
FHW12122	486.625 	 93.065 	 64.149
FHW12122	486.750 	 93.058 	 64.155
FHW12122	486.875 	 93.058 	 64.149
FHW12122	487.000 	 93.065 	 64.149
FHW12122	487.125 	 93.058 	 64.149
FHW12122	487.250 	 93.058 	 64.143
FHW12122	487.375 	 93.065 	 64.155
FHW12122	487.500 	 93.058 	 64.149
FHW12122	487.625 	 93.058 	 64.149
FHW12122	487.750 	 93.065 	 64.155
FHW12122	487.875 	 93.058 	 64.149
FHW12122	488.000 	 93.058 	 64.149
FHW12122	488.125 	 93.065 	 64.149
FHW12122	488.250 	 93.058 	 64.149
FHW12122	488.375 	 93.059 	 64.149
FHW12122	488.500 	 93.058 	 64.149
FHW12122	488.625 	 93.065 	 64.149
FHW12122	488.750 	 93.058 	 64.155
FHW12122	488.875 	 93.058 	 64.149
FHW12122	489.000 	 93.065 	 64.149
FHW12122	489.125 	 93.058 	 64.149
FHW12122	489.250 	 93.058 	 64.149
FHW12122	489.375 	 93.065 	 64.155
FHW12122	489.500 	 93.058 	 64.143
FHW12122	489.625 	 93.058 	 64.149
FHW12122	489.750 	 93.065 	 64.155
FHW12122	489.875 	 93.058 	 64.149
FHW12122	490.000 	 93.058 	 64.149
FHW12122	490.125 	 93.058 	 64.149
FHW12122	490.250 	 93.065 	 64.149
FHW12122	490.375 	 93.058 	 64.155
FHW12122	490.500 	 93.058 	 64.149
FHW12122	490.625 	 93.065 	 64.143
FHW12122	490.750 	 93.058 	 64.155
FHW12122	490.875 	 93.058 	 64.149
FHW12122	491.000 	 93.065 	 64.149
FHW12122	491.125 	 93.058 	 64.149
FHW12122	491.250 	 93.058 	 64.149
FHW12122	491.375 	 93.065 	 64.155
FHW12122	491.500 	 93.058 	 64.149
FHW12122	491.625 	 93.058 	 64.149
FHW12122	491.750 	 93.059 	 64.149
FHW12122	491.875 	 93.065 	 64.149
FHW12122	492.000 	 93.058 	 64.149
FHW12122	492.125 	 93.058 	 64.149
FHW12122	492.250 	 93.065 	 64.149
FHW12122	492.375 	 93.058 	 64.155
FHW12122	492.500 	 93.058 	 64.149
FHW12122	492.625 	 93.065 	 64.149
FHW12122	492.750 	 93.058 	 64.155
FHW12122	492.875 	 93.058 	 64.149
FHW12122	493.000 	 93.065 	 64.143
FHW12122	493.125 	 93.058 	 64.149
FHW12122	493.250 	 93.058 	 64.149
FHW12122	493.375 	 93.065 	 64.155
FHW12122	493.500 	 93.058 	 64.149
FHW12122	493.625 	 93.058 	 64.149
FHW12122	493.750 	 93.058 	 64.155
FHW12122	493.875 	 93.065 	 64.149
FHW12122	494.000 	 93.058 	 64.149
FHW12122	494.125 	 93.058 	 64.143
FHW12122	494.250 	 93.065 	 64.149
FHW12122	494.375 	 93.058 	 64.155
FHW12122	494.500 	 93.058 	 64.149
FHW12122	494.625 	 93.065 	 64.149
FHW12122	494.750 	 93.058 	 64.155
FHW12122	494.875 	 93.058 	 64.149
FHW12122	495.000 	 93.065 	 64.149
FHW12122	495.125 	 93.058 	 64.149
FHW12122	495.250 	 93.058 	 64.143
FHW12122	495.375 	 93.058 	 64.155
FHW12122	495.500 	 93.065 	 64.149
FHW12122	495.625 	 93.058 	 64.149
FHW12122	495.750 	 93.058 	 64.155
FHW12122	495.875 	 93.065 	 64.149
FHW12122	496.000 	 93.058 	 64.149
FHW12122	496.125 	 93.058 	 64.149
FHW12122	496.250 	 93.065 	 64.149
FHW12122	496.375 	 93.059 	 64.149
FHW12122	496.500 	 93.058 	 64.149
FHW12122	496.625 	 93.065 	 64.149
FHW12122	496.750 	 93.058 	 64.155
FHW12122	496.875 	 93.058 	 64.149
FHW12122	497.000 	 93.065 	 64.149
FHW12122	497.125 	 93.058 	 64.149
FHW12122	497.250 	 93.058 	 64.149
FHW12122	497.375 	 93.058 	 64.155
FHW12122	497.500 	 93.065 	 64.143
FHW12122	497.625 	 93.058 	 64.149
FHW12122	497.750 	 93.058 	 64.155
FHW12122	497.875 	 93.065 	 64.149
FHW12122	498.000 	 93.058 	 64.149
