#WellName	 Depth.M	 INCL	 AZIM 
WellName	 Depth.M	 INCL	 AZIM 
FHW11013	0.000 	 0.000 	 0.000
FHW11013	0.125 	 1.025 	 63.435
FHW11013	0.250 	 0.648 	 45.000
FHW11013	0.375 	 0.917 	 90.000
FHW11013	0.500 	 0.648 	 45.000
FHW11013	0.625 	 1.025 	 63.435
FHW11013	0.750 	 0.648 	 45.000
FHW11013	0.875 	 1.025 	 63.435
FHW11013	1.000 	 0.458 	 90.000
FHW11013	1.125 	 1.025 	 63.435
FHW11013	1.250 	 0.648 	 45.000
FHW11013	1.375 	 1.025 	 63.435
FHW11013	1.500 	 1.025 	 63.435
FHW11013	1.625 	 0.648 	 45.000
FHW11013	1.750 	 0.917 	 90.000
FHW11013	1.875 	 0.648 	 45.000
FHW11013	2.000 	 1.025 	 63.435
FHW11013	2.125 	 0.648 	 45.000
FHW11013	2.250 	 1.025 	 63.435
FHW11013	2.375 	 0.458 	 90.000
FHW11013	2.500 	 1.025 	 63.435
FHW11013	2.625 	 1.033 	 63.435
FHW11013	2.750 	 0.648 	 45.000
FHW11013	2.875 	 1.025 	 63.435
FHW11013	3.000 	 0.458 	 90.000
FHW11013	3.125 	 1.025 	 63.435
FHW11013	3.250 	 0.648 	 45.000
FHW11013	3.375 	 1.025 	 63.435
FHW11013	3.500 	 0.648 	 45.000
FHW11013	3.625 	 1.025 	 63.435
FHW11013	3.750 	 0.458 	 90.000
FHW11013	3.875 	 1.025 	 63.435
FHW11013	4.000 	 1.025 	 63.435
FHW11013	4.125 	 0.648 	 45.000
FHW11013	4.250 	 1.025 	 63.435
FHW11013	4.375 	 0.458 	 90.000
FHW11013	4.500 	 1.025 	 63.435
FHW11013	4.625 	 0.648 	 45.000
FHW11013	4.750 	 1.025 	 63.435
FHW11013	4.875 	 0.648 	 45.000
FHW11013	5.000 	 0.917 	 90.000
FHW11013	5.125 	 1.025 	 63.435
FHW11013	5.250 	 0.648 	 45.000
FHW11013	5.375 	 1.025 	 63.435
FHW11013	5.500 	 0.648 	 45.000
FHW11013	5.625 	 0.917 	 90.000
FHW11013	5.750 	 0.648 	 45.000
FHW11013	5.875 	 1.025 	 63.435
FHW11013	6.000 	 0.648 	 45.000
FHW11013	6.125 	 1.025 	 63.435
FHW11013	6.250 	 0.648 	 45.000
FHW11013	6.375 	 0.917 	 90.000
FHW11013	6.500 	 1.025 	 63.435
FHW11013	6.625 	 0.648 	 45.000
FHW11013	6.750 	 1.025 	 63.435
FHW11013	6.875 	 0.648 	 45.000
FHW11013	7.000 	 0.917 	 90.000
FHW11013	7.125 	 0.648 	 45.000
FHW11013	7.250 	 1.025 	 63.435
FHW11013	7.375 	 0.648 	 45.000
FHW11013	7.500 	 1.025 	 63.435
FHW11013	7.625 	 0.924 	 90.000
FHW11013	7.750 	 0.648 	 45.000
FHW11013	7.875 	 1.025 	 63.435
FHW11013	8.000 	 0.648 	 45.000
FHW11013	8.125 	 1.025 	 63.435
FHW11013	8.250 	 0.458 	 90.000
FHW11013	8.375 	 1.025 	 63.435
FHW11013	8.500 	 0.648 	 45.000
FHW11013	8.625 	 1.025 	 63.435
FHW11013	8.750 	 0.648 	 45.000
FHW11013	8.875 	 1.025 	 63.435
FHW11013	9.000 	 0.917 	 90.000
FHW11013	9.125 	 0.648 	 45.000
FHW11013	9.250 	 1.025 	 63.435
FHW11013	9.375 	 0.648 	 45.000
FHW11013	9.500 	 1.025 	 63.435
FHW11013	9.625 	 0.458 	 90.000
FHW11013	9.750 	 1.025 	 63.435
FHW11013	9.875 	 0.648 	 45.000
FHW11013	10.000 	 1.025 	 63.435
FHW11013	10.125 	 1.025 	 63.435
FHW11013	10.250 	 0.458 	 90.000
FHW11013	10.375 	 1.025 	 63.435
FHW11013	10.500 	 0.648 	 45.000
FHW11013	10.625 	 1.025 	 63.435
FHW11013	10.750 	 0.648 	 45.000
FHW11013	10.875 	 1.025 	 63.435
FHW11013	11.000 	 0.458 	 90.000
FHW11013	11.125 	 1.025 	 63.435
FHW11013	11.250 	 0.648 	 45.000
FHW11013	11.375 	 1.025 	 63.435
FHW11013	11.500 	 1.025 	 63.435
FHW11013	11.625 	 0.458 	 90.000
FHW11013	11.750 	 1.025 	 63.435
FHW11013	11.875 	 0.648 	 45.000
FHW11013	12.000 	 1.025 	 63.435
FHW11013	12.125 	 0.648 	 45.000
FHW11013	12.250 	 0.917 	 90.000
FHW11013	12.375 	 0.648 	 45.000
FHW11013	12.500 	 1.025 	 63.435
FHW11013	12.625 	 0.648 	 45.000
FHW11013	12.750 	 1.033 	 63.435
FHW11013	12.875 	 0.917 	 90.000
FHW11013	13.000 	 0.648 	 45.000
FHW11013	13.125 	 1.025 	 63.435
FHW11013	13.250 	 0.648 	 45.000
FHW11013	13.375 	 1.025 	 63.435
FHW11013	13.500 	 0.648 	 45.000
FHW11013	13.625 	 0.917 	 90.000
FHW11013	13.750 	 0.648 	 45.000
FHW11013	13.875 	 1.025 	 63.435
FHW11013	14.000 	 1.025 	 63.435
FHW11013	14.125 	 0.648 	 45.000
FHW11013	14.250 	 0.917 	 90.000
FHW11013	14.375 	 0.648 	 45.000
FHW11013	14.500 	 1.025 	 63.435
FHW11013	14.625 	 0.648 	 45.000
FHW11013	14.750 	 1.025 	 63.435
FHW11013	14.875 	 0.458 	 90.000
FHW11013	15.000 	 1.025 	 63.435
FHW11013	15.125 	 0.648 	 45.000
FHW11013	15.250 	 1.025 	 63.435
FHW11013	15.375 	 1.025 	 63.435
FHW11013	15.500 	 0.458 	 90.000
FHW11013	15.625 	 1.025 	 63.435
FHW11013	15.750 	 0.648 	 45.000
FHW11013	15.875 	 1.025 	 63.435
FHW11013	16.000 	 0.648 	 45.000
FHW11013	16.125 	 1.025 	 63.435
FHW11013	16.250 	 0.458 	 90.000
FHW11013	16.375 	 1.025 	 63.435
FHW11013	16.500 	 1.025 	 63.435
FHW11013	16.625 	 0.648 	 45.000
FHW11013	16.750 	 1.025 	 63.435
FHW11013	16.875 	 0.458 	 90.000
FHW11013	17.000 	 1.025 	 63.435
FHW11013	17.125 	 0.648 	 45.000
FHW11013	17.250 	 1.025 	 63.435
FHW11013	17.375 	 0.648 	 45.000
FHW11013	17.500 	 0.917 	 90.000
FHW11013	17.625 	 0.648 	 45.000
FHW11013	17.750 	 1.025 	 63.435
FHW11013	17.875 	 1.033 	 63.435
FHW11013	18.000 	 0.648 	 45.000
FHW11013	18.125 	 1.025 	 63.435
FHW11013	18.250 	 0.458 	 90.000
FHW11013	18.375 	 1.025 	 63.435
FHW11013	18.500 	 0.648 	 45.000
FHW11013	18.625 	 1.025 	 63.435
FHW11013	18.750 	 0.648 	 45.000
FHW11013	18.875 	 0.917 	 90.000
FHW11013	19.000 	 1.025 	 63.435
FHW11013	19.125 	 0.648 	 45.000
FHW11013	19.250 	 1.025 	 63.435
FHW11013	19.375 	 0.648 	 45.000
FHW11013	19.500 	 0.917 	 90.000
FHW11013	19.625 	 0.648 	 45.000
FHW11013	19.750 	 1.025 	 63.435
FHW11013	19.875 	 0.648 	 45.000
FHW11013	20.000 	 1.025 	 63.435
FHW11013	20.125 	 0.458 	 90.000
FHW11013	20.250 	 1.025 	 63.435
FHW11013	20.375 	 1.025 	 63.435
FHW11013	20.500 	 0.648 	 45.000
FHW11013	20.625 	 1.025 	 63.435
FHW11013	20.750 	 0.648 	 45.000
FHW11013	20.875 	 0.917 	 90.000
FHW11013	21.000 	 0.648 	 45.000
FHW11013	21.125 	 1.025 	 63.435
FHW11013	21.250 	 0.648 	 45.000
FHW11013	21.375 	 1.025 	 63.435
FHW11013	21.500 	 0.917 	 90.000
FHW11013	21.625 	 0.648 	 45.000
FHW11013	21.750 	 1.025 	 63.435
FHW11013	21.875 	 0.648 	 45.000
FHW11013	22.000 	 1.025 	 63.435
FHW11013	22.125 	 0.458 	 90.000
FHW11013	22.250 	 1.025 	 63.435
FHW11013	22.375 	 0.648 	 45.000
FHW11013	22.500 	 1.025 	 63.435
FHW11013	22.625 	 0.648 	 45.000
FHW11013	22.750 	 0.917 	 90.000
FHW11013	22.875 	 1.033 	 63.435
FHW11013	23.000 	 0.648 	 45.000
FHW11013	23.125 	 1.025 	 63.435
FHW11013	23.250 	 0.648 	 45.000
FHW11013	23.375 	 1.025 	 63.435
FHW11013	23.500 	 0.458 	 90.000
FHW11013	23.625 	 1.025 	 63.435
FHW11013	23.750 	 0.648 	 45.000
FHW11013	23.875 	 1.025 	 63.435
FHW11013	24.000 	 0.648 	 45.000
FHW11013	24.125 	 0.917 	 90.000
FHW11013	24.250 	 1.025 	 63.435
FHW11013	24.375 	 0.648 	 45.000
FHW11013	24.500 	 1.025 	 63.435
FHW11013	24.625 	 0.648 	 45.000
FHW11013	24.750 	 0.917 	 90.000
FHW11013	24.875 	 0.648 	 45.000
FHW11013	25.000 	 1.025 	 63.435
FHW11013	25.125 	 0.648 	 45.000
FHW11013	25.250 	 1.025 	 63.435
FHW11013	25.375 	 1.025 	 63.435
FHW11013	25.500 	 0.458 	 90.000
FHW11013	25.625 	 1.025 	 63.435
FHW11013	25.750 	 0.648 	 45.000
FHW11013	25.875 	 1.025 	 63.435
FHW11013	26.000 	 0.648 	 45.000
FHW11013	26.125 	 0.917 	 90.000
FHW11013	26.250 	 0.648 	 45.000
FHW11013	26.375 	 1.025 	 63.435
FHW11013	26.500 	 0.648 	 45.000
FHW11013	26.625 	 1.025 	 63.435
FHW11013	26.750 	 0.917 	 90.000
FHW11013	26.875 	 0.648 	 45.000
FHW11013	27.000 	 1.025 	 63.435
FHW11013	27.125 	 0.648 	 45.000
FHW11013	27.250 	 1.025 	 63.435
FHW11013	27.375 	 0.458 	 90.000
FHW11013	27.500 	 1.025 	 63.435
FHW11013	27.625 	 0.648 	 45.000
FHW11013	27.750 	 1.025 	 63.435
FHW11013	27.875 	 1.025 	 63.435
FHW11013	28.000 	 0.653 	 45.000
FHW11013	28.125 	 0.917 	 90.000
FHW11013	28.250 	 0.648 	 45.000
FHW11013	28.375 	 1.025 	 63.435
FHW11013	28.500 	 0.648 	 45.000
FHW11013	28.625 	 1.025 	 63.435
FHW11013	28.750 	 0.458 	 90.000
FHW11013	28.875 	 1.025 	 63.435
FHW11013	29.000 	 0.648 	 45.000
FHW11013	29.125 	 1.025 	 63.435
FHW11013	29.250 	 1.025 	 63.435
FHW11013	29.375 	 0.458 	 90.000
FHW11013	29.500 	 1.025 	 63.435
FHW11013	29.625 	 0.648 	 45.000
FHW11013	29.750 	 1.025 	 63.435
FHW11013	29.875 	 0.648 	 45.000
FHW11013	30.000 	 0.917 	 90.000
FHW11013	30.125 	 0.648 	 45.000
FHW11013	30.250 	 1.025 	 63.435
FHW11013	30.375 	 1.025 	 63.435
FHW11013	30.500 	 0.648 	 45.000
FHW11013	30.625 	 1.025 	 63.435
FHW11013	30.750 	 0.458 	 90.000
FHW11013	30.875 	 1.025 	 63.435
FHW11013	31.000 	 0.648 	 45.000
FHW11013	31.125 	 1.025 	 63.435
FHW11013	31.250 	 0.648 	 45.000
FHW11013	31.375 	 0.917 	 90.000
FHW11013	31.500 	 0.648 	 45.000
FHW11013	31.625 	 1.025 	 63.435
FHW11013	31.750 	 1.025 	 63.435
FHW11013	31.875 	 0.648 	 45.000
FHW11013	32.000 	 0.917 	 90.000
FHW11013	32.125 	 0.648 	 45.000
FHW11013	32.250 	 1.025 	 63.435
FHW11013	32.375 	 0.648 	 45.000
FHW11013	32.500 	 1.025 	 63.435
FHW11013	32.625 	 0.648 	 45.000
FHW11013	32.750 	 0.917 	 90.000
FHW11013	32.875 	 1.025 	 63.435
FHW11013	33.000 	 0.653 	 45.000
FHW11013	33.125 	 1.025 	 63.435
FHW11013	33.250 	 0.648 	 45.000
FHW11013	33.375 	 0.917 	 90.000
FHW11013	33.500 	 0.648 	 45.000
FHW11013	33.625 	 1.025 	 63.435
FHW11013	33.750 	 0.648 	 45.000
FHW11013	33.875 	 1.025 	 63.435
FHW11013	34.000 	 0.458 	 90.000
FHW11013	34.125 	 1.025 	 63.435
FHW11013	34.250 	 1.025 	 63.435
FHW11013	34.375 	 0.648 	 45.000
FHW11013	34.500 	 1.025 	 63.435
FHW11013	34.625 	 0.458 	 90.000
FHW11013	34.750 	 1.025 	 63.435
FHW11013	34.875 	 0.648 	 45.000
FHW11013	35.000 	 1.025 	 63.435
FHW11013	35.125 	 0.648 	 45.000
FHW11013	35.250 	 1.025 	 63.435
FHW11013	35.375 	 0.458 	 90.000
FHW11013	35.500 	 1.025 	 63.435
FHW11013	35.625 	 1.025 	 63.435
FHW11013	35.750 	 0.648 	 45.000
FHW11013	35.875 	 1.025 	 63.435
FHW11013	36.000 	 0.458 	 90.000
FHW11013	36.125 	 1.025 	 63.435
FHW11013	36.250 	 0.648 	 45.000
FHW11013	36.375 	 1.025 	 63.435
FHW11013	36.500 	 0.648 	 45.000
FHW11013	36.625 	 0.917 	 90.000
FHW11013	36.750 	 1.025 	 63.435
FHW11013	36.875 	 0.648 	 45.000
FHW11013	37.000 	 1.025 	 63.435
FHW11013	37.125 	 0.648 	 45.000
FHW11013	37.250 	 0.917 	 90.000
FHW11013	37.375 	 0.648 	 45.000
FHW11013	37.500 	 1.025 	 63.435
FHW11013	37.625 	 0.648 	 45.000
FHW11013	37.750 	 1.025 	 63.435
FHW11013	37.875 	 0.648 	 45.000
FHW11013	38.000 	 0.917 	 90.000
FHW11013	38.125 	 1.033 	 63.435
FHW11013	38.250 	 0.648 	 45.000
FHW11013	38.375 	 1.025 	 63.435
FHW11013	38.500 	 0.648 	 45.000
FHW11013	38.625 	 0.917 	 90.000
FHW11013	38.750 	 0.648 	 45.000
FHW11013	38.875 	 1.025 	 63.435
FHW11013	39.000 	 0.648 	 45.001
FHW11013	39.125 	 1.025 	 63.435
FHW11013	39.250 	 0.917 	 90.000
FHW11013	39.375 	 0.648 	 45.001
FHW11013	39.500 	 1.025 	 63.435
FHW11013	39.625 	 0.648 	 45.000
FHW11013	39.750 	 1.025 	 63.435
FHW11013	39.875 	 0.648 	 44.999
FHW11013	40.000 	 0.917 	 90.000
FHW11013	40.125 	 0.648 	 45.001
FHW11013	40.250 	 1.025 	 63.435
FHW11013	40.375 	 0.648 	 45.000
FHW11013	40.500 	 1.025 	 63.434
FHW11013	40.625 	 0.917 	 90.000
FHW11013	40.750 	 0.648 	 45.000
FHW11013	40.875 	 1.025 	 63.436
FHW11013	41.000 	 0.648 	 44.999
FHW11013	41.125 	 1.025 	 63.435
FHW11013	41.250 	 0.458 	 90.000
FHW11013	41.375 	 1.025 	 63.435
FHW11013	41.500 	 0.648 	 45.000
FHW11013	41.625 	 1.025 	 63.434
FHW11013	41.750 	 1.025 	 63.436
FHW11013	41.875 	 0.458 	 90.000
FHW11013	42.000 	 6.002 	 94.399
FHW11013	42.125 	 6.055 	 98.746
FHW11013	42.250 	 6.055 	 98.746
FHW11013	42.375 	 6.002 	 94.399
FHW11013	42.500 	 6.055 	 98.746
FHW11013	42.625 	 6.007 	 98.746
FHW11013	42.750 	 6.055 	 98.746
FHW11013	42.875 	 6.055 	 98.746
FHW11013	43.000 	 6.002 	 94.399
FHW11013	43.125 	 6.055 	 98.746
FHW11013	43.250 	 6.055 	 98.746
FHW11013	43.375 	 6.055 	 98.746
FHW11013	43.500 	 6.002 	 94.399
FHW11013	43.625 	 6.007 	 98.746
FHW11013	43.750 	 6.055 	 98.746
FHW11013	43.875 	 6.055 	 98.746
FHW11013	44.000 	 6.002 	 94.399
FHW11013	44.125 	 6.055 	 98.746
FHW11013	44.250 	 6.507 	 98.130
FHW11013	44.375 	 6.055 	 98.746
FHW11013	44.500 	 5.955 	 94.399
FHW11013	44.625 	 6.055 	 98.746
FHW11013	44.750 	 6.055 	 98.746
FHW11013	44.875 	 6.055 	 98.746
FHW11013	45.000 	 6.055 	 98.746
FHW11013	45.125 	 6.002 	 94.399
FHW11013	45.250 	 6.055 	 98.746
FHW11013	45.375 	 6.055 	 98.746
FHW11013	45.500 	 6.007 	 98.746
FHW11013	45.625 	 6.002 	 94.399
FHW11013	45.750 	 6.055 	 98.746
FHW11013	45.875 	 6.055 	 98.746
FHW11013	46.000 	 6.055 	 98.746
FHW11013	46.125 	 6.002 	 94.399
FHW11013	46.250 	 6.055 	 98.746
FHW11013	46.375 	 6.007 	 98.746
FHW11013	46.500 	 6.055 	 98.746
FHW11013	46.625 	 6.055 	 98.746
FHW11013	46.750 	 6.458 	 94.086
FHW11013	46.875 	 6.055 	 98.746
FHW11013	47.000 	 6.055 	 98.746
FHW11013	47.125 	 6.055 	 98.746
FHW11013	47.250 	 6.003 	 94.399
FHW11013	47.375 	 6.007 	 98.746
FHW11013	47.500 	 6.055 	 98.746
FHW11013	47.625 	 6.055 	 98.746
FHW11013	47.750 	 6.002 	 94.399
FHW11013	47.875 	 6.055 	 98.746
FHW11013	48.000 	 6.055 	 98.746
FHW11013	48.125 	 6.055 	 98.746
FHW11013	48.250 	 6.003 	 94.399
FHW11013	48.375 	 6.007 	 98.746
FHW11013	48.500 	 6.055 	 98.746
FHW11013	48.625 	 6.055 	 98.746
FHW11013	48.750 	 6.055 	 98.746
FHW11013	48.875 	 6.002 	 94.399
FHW11013	49.000 	 6.055 	 98.746
FHW11013	49.125 	 6.055 	 98.746
FHW11013	49.250 	 6.455 	 98.130
FHW11013	49.375 	 6.003 	 94.399
FHW11013	49.500 	 6.055 	 98.746
FHW11013	49.625 	 6.055 	 98.746
FHW11013	49.750 	 6.055 	 98.746
FHW11013	49.875 	 6.002 	 94.399
FHW11013	50.000 	 6.055 	 98.746
FHW11013	50.125 	 6.055 	 98.746
FHW11013	50.250 	 6.007 	 98.746
FHW11013	50.375 	 6.002 	 94.399
FHW11013	50.500 	 6.055 	 98.746
FHW11013	50.625 	 6.055 	 98.746
FHW11013	50.750 	 6.055 	 98.746
FHW11013	50.875 	 6.055 	 98.746
FHW11013	51.000 	 6.002 	 94.399
FHW11013	51.125 	 6.055 	 98.746
FHW11013	51.250 	 6.007 	 98.746
FHW11013	51.375 	 6.055 	 98.746
FHW11013	51.500 	 6.002 	 94.399
FHW11013	51.625 	 6.055 	 98.746
FHW11013	51.750 	 6.055 	 98.746
FHW11013	51.875 	 6.506 	 98.130
FHW11013	52.000 	 6.002 	 94.399
FHW11013	52.125 	 6.007 	 98.746
FHW11013	52.250 	 6.055 	 98.746
FHW11013	52.375 	 6.055 	 98.746
FHW11013	52.500 	 6.002 	 94.399
FHW11013	52.625 	 6.055 	 98.746
FHW11013	52.750 	 6.055 	 98.746
FHW11013	52.875 	 6.055 	 98.746
FHW11013	53.000 	 6.055 	 98.746
FHW11013	53.125 	 5.955 	 94.399
FHW11013	53.250 	 6.055 	 98.746
FHW11013	53.375 	 6.055 	 98.746
FHW11013	53.500 	 6.055 	 98.746
FHW11013	53.625 	 6.002 	 94.399
FHW11013	53.750 	 6.055 	 98.746
FHW11013	53.875 	 6.055 	 98.746
FHW11013	54.000 	 6.007 	 98.746
FHW11013	54.125 	 6.002 	 94.399
FHW11013	54.250 	 6.055 	 98.746
FHW11013	54.375 	 6.506 	 98.130
FHW11013	54.500 	 6.055 	 98.746
FHW11013	54.625 	 6.055 	 98.746
FHW11013	54.750 	 6.002 	 94.399
FHW11013	54.875 	 6.055 	 98.746
FHW11013	55.000 	 6.007 	 98.746
FHW11013	55.125 	 6.055 	 98.746
FHW11013	55.250 	 6.003 	 94.399
FHW11013	55.375 	 6.055 	 98.746
FHW11013	55.500 	 6.055 	 98.746
FHW11013	55.625 	 6.055 	 98.746
FHW11013	55.750 	 6.002 	 94.399
FHW11013	55.875 	 6.055 	 98.746
FHW11013	56.000 	 6.007 	 98.746
FHW11013	56.125 	 6.055 	 98.746
FHW11013	56.250 	 6.003 	 94.399
FHW11013	56.375 	 6.055 	 98.746
FHW11013	56.500 	 6.055 	 98.746
FHW11013	56.625 	 6.055 	 98.746
FHW11013	56.750 	 6.055 	 98.746
FHW11013	56.875 	 6.407 	 94.086
FHW11013	57.000 	 6.055 	 98.746
FHW11013	57.125 	 6.055 	 98.746
FHW11013	57.250 	 6.055 	 98.746
FHW11013	57.375 	 6.002 	 94.399
FHW11013	57.500 	 6.055 	 98.746
FHW11013	57.625 	 6.055 	 98.746
FHW11013	57.750 	 6.055 	 98.746
FHW11013	57.875 	 5.955 	 94.399
FHW11013	58.000 	 6.055 	 98.746
FHW11013	58.125 	 6.055 	 98.746
FHW11013	58.250 	 6.055 	 98.746
FHW11013	58.375 	 6.002 	 94.399
FHW11013	58.500 	 6.055 	 98.746
FHW11013	58.625 	 6.055 	 98.746
FHW11013	58.750 	 6.007 	 98.746
FHW11013	58.875 	 6.055 	 98.746
FHW11013	59.000 	 6.002 	 94.399
FHW11013	59.125 	 6.055 	 98.746
FHW11013	59.250 	 6.055 	 98.746
FHW11013	59.375 	 6.506 	 98.130
FHW11013	59.500 	 6.002 	 94.399
FHW11013	59.625 	 6.055 	 98.746
FHW11013	59.750 	 6.007 	 98.746
FHW11013	59.875 	 6.055 	 98.746
FHW11013	60.000 	 6.002 	 94.399
FHW11013	60.125 	 6.055 	 98.746
FHW11013	60.250 	 6.055 	 98.746
FHW11013	60.375 	 6.055 	 98.746
FHW11013	60.500 	 6.002 	 94.399
FHW11013	60.625 	 10.394 	 77.196
FHW11013	60.750 	 15.649 	 67.249
FHW11013	60.875 	 15.241 	 66.571
FHW11013	61.000 	 15.526 	 67.249
FHW11013	61.125 	 15.649 	 67.249
FHW11013	61.250 	 15.241 	 66.571
FHW11013	61.375 	 15.526 	 67.249
FHW11013	61.500 	 15.070 	 68.199
FHW11013	61.625 	 15.649 	 67.249
FHW11013	61.750 	 15.526 	 67.249
FHW11013	61.875 	 15.241 	 66.571
FHW11013	62.000 	 15.649 	 67.249
FHW11013	62.125 	 15.121 	 66.571
FHW11013	62.250 	 15.649 	 67.249
FHW11013	62.375 	 15.649 	 67.249
FHW11013	62.500 	 15.121 	 66.571
FHW11013	62.625 	 15.484 	 68.839
FHW11013	62.750 	 15.241 	 66.571
FHW11013	62.875 	 15.526 	 67.249
FHW11013	63.000 	 15.649 	 67.249
FHW11013	63.125 	 15.121 	 66.571
FHW11013	63.250 	 15.649 	 67.249
FHW11013	63.375 	 15.241 	 66.571
FHW11013	63.500 	 15.526 	 67.249
FHW11013	63.625 	 15.483 	 68.839
FHW11013	63.750 	 15.241 	 66.571
FHW11013	63.875 	 15.526 	 67.249
FHW11013	64.000 	 15.241 	 66.571
FHW11013	64.125 	 15.649 	 67.249
FHW11013	64.250 	 15.526 	 67.249
FHW11013	64.375 	 15.241 	 66.571
FHW11013	64.500 	 15.650 	 67.249
FHW11013	64.625 	 14.951 	 68.199
FHW11013	64.750 	 15.649 	 67.249
FHW11013	64.875 	 15.650 	 67.249
FHW11013	65.000 	 15.121 	 66.571
FHW11013	65.125 	 15.649 	 67.249
FHW11013	65.250 	 15.121 	 66.571
FHW11013	65.375 	 15.650 	 67.249
FHW11013	65.500 	 15.649 	 67.249
FHW11013	65.625 	 14.951 	 68.199
FHW11013	65.750 	 15.650 	 67.249
FHW11013	65.875 	 15.241 	 66.571
FHW11013	66.000 	 15.526 	 67.249
FHW11013	66.125 	 15.650 	 67.249
FHW11013	66.250 	 15.241 	 66.571
FHW11013	66.375 	 15.526 	 67.249
FHW11013	66.500 	 15.242 	 66.571
FHW11013	66.625 	 15.483 	 68.839
FHW11013	66.750 	 15.526 	 67.249
FHW11013	66.875 	 15.242 	 66.571
FHW11013	67.000 	 15.649 	 67.249
FHW11013	67.125 	 15.122 	 66.571
FHW11013	67.250 	 15.649 	 67.249
FHW11013	67.375 	 15.526 	 67.249
FHW11013	67.500 	 15.242 	 66.571
FHW11013	67.625 	 15.483 	 68.839
FHW11013	67.750 	 15.121 	 66.571
FHW11013	67.875 	 15.650 	 67.249
FHW11013	68.000 	 15.649 	 67.249
FHW11013	68.125 	 15.121 	 66.571
FHW11013	68.250 	 15.650 	 67.249
FHW11013	68.375 	 15.241 	 66.571
FHW11013	68.500 	 15.526 	 67.249
FHW11013	68.625 	 15.484 	 68.839
FHW11013	68.750 	 15.241 	 66.571
FHW11013	68.875 	 15.526 	 67.249
FHW11013	69.000 	 15.242 	 66.571
FHW11013	69.125 	 15.649 	 67.249
FHW11013	69.250 	 15.526 	 67.249
FHW11013	69.375 	 15.242 	 66.571
FHW11013	69.500 	 15.649 	 67.249
FHW11013	69.625 	 14.951 	 68.199
FHW11013	69.750 	 15.650 	 67.249
FHW11013	69.875 	 15.121 	 66.571
FHW11013	70.000 	 15.649 	 67.249
FHW11013	70.125 	 15.650 	 67.249
FHW11013	70.250 	 15.121 	 66.571
FHW11013	70.375 	 15.649 	 67.249
FHW11013	70.500 	 15.241 	 66.571
FHW11013	70.625 	 15.361 	 68.839
FHW11013	70.750 	 15.649 	 67.249
FHW11013	70.875 	 15.242 	 66.571
FHW11013	71.000 	 15.526 	 67.249
FHW11013	71.125 	 15.241 	 66.571
FHW11013	71.250 	 15.650 	 67.249
FHW11013	71.375 	 15.526 	 67.249
FHW11013	71.500 	 15.241 	 66.571
FHW11013	71.625 	 15.484 	 68.839
FHW11013	71.750 	 15.121 	 66.571
FHW11013	71.875 	 15.649 	 67.249
FHW11013	72.000 	 15.527 	 67.249
FHW11013	72.125 	 15.241 	 66.571
FHW11013	72.250 	 15.649 	 67.249
FHW11013	72.375 	 15.122 	 66.571
FHW11013	72.500 	 15.649 	 67.249
FHW11013	72.625 	 15.483 	 68.839
FHW11013	72.750 	 15.122 	 66.571
FHW11013	72.875 	 15.649 	 67.249
FHW11013	73.000 	 15.241 	 66.571
FHW11013	73.125 	 15.527 	 67.249
FHW11013	73.250 	 15.649 	 67.249
FHW11013	73.375 	 15.241 	 66.571
FHW11013	73.500 	 15.527 	 67.249
FHW11013	73.625 	 15.070 	 68.198
FHW11013	73.750 	 15.649 	 67.249
FHW11013	73.875 	 15.527 	 67.249
FHW11013	74.000 	 15.241 	 66.571
FHW11013	74.125 	 15.526 	 67.249
FHW11013	74.250 	 15.242 	 66.571
FHW11013	74.375 	 15.649 	 67.249
FHW11013	74.500 	 15.526 	 67.249
FHW11013	74.625 	 15.071 	 68.199
FHW11013	74.750 	 15.649 	 67.249
FHW11013	74.875 	 15.121 	 66.571
FHW11013	75.000 	 15.650 	 67.249
FHW11013	75.125 	 15.649 	 67.249
FHW11013	75.250 	 15.121 	 66.571
FHW11013	75.375 	 15.650 	 67.249
FHW11013	75.500 	 15.241 	 66.571
FHW11013	75.625 	 15.361 	 68.839
FHW11013	75.750 	 15.650 	 67.249
FHW11013	75.875 	 15.241 	 66.571
FHW11013	76.000 	 15.526 	 67.249
FHW11013	76.125 	 15.241 	 66.571
FHW11013	76.250 	 15.649 	 67.249
FHW11013	76.375 	 15.526 	 67.249
FHW11013	76.500 	 15.242 	 66.571
FHW11013	76.625 	 15.361 	 68.839
FHW11013	76.750 	 15.241 	 66.571
FHW11013	76.875 	 15.650 	 67.249
FHW11013	77.000 	 15.526 	 67.249
FHW11013	77.125 	 15.241 	 66.571
FHW11013	77.250 	 15.650 	 67.249
FHW11013	77.375 	 15.121 	 66.571
FHW11013	77.500 	 15.649 	 67.249
FHW11013	77.625 	 15.484 	 68.839
FHW11013	77.750 	 15.121 	 66.571
FHW11013	77.875 	 15.649 	 67.249
FHW11013	78.000 	 15.242 	 66.571
FHW11013	78.125 	 15.526 	 67.249
FHW11013	78.250 	 15.649 	 67.249
FHW11013	78.375 	 15.242 	 66.571
FHW11013	78.500 	 15.526 	 67.249
FHW11013	78.625 	 15.070 	 68.198
FHW11013	78.750 	 15.527 	 67.249
FHW11013	78.875 	 15.649 	 67.249
FHW11013	79.000 	 15.241 	 66.571
FHW11013	79.125 	 15.527 	 67.249
FHW11013	79.250 	 15.241 	 66.571
FHW11013	79.375 	 24.282 	 63.435
FHW11013	79.500 	 24.663 	 62.447
FHW11013	79.625 	 24.470 	 62.447
FHW11013	79.750 	 25.034 	 62.949
FHW11013	79.875 	 24.663 	 62.447
FHW11013	80.000 	 24.841 	 62.949
FHW11013	80.125 	 24.663 	 62.447
FHW11013	80.250 	 25.032 	 61.991
FHW11013	80.375 	 24.661 	 62.447
FHW11013	80.500 	 25.034 	 62.949
FHW11013	80.625 	 24.472 	 62.447
FHW11013	80.750 	 24.663 	 62.447
FHW11013	80.875 	 24.841 	 62.949
FHW11013	81.000 	 24.663 	 62.447
FHW11013	81.125 	 25.034 	 62.949
FHW11013	81.250 	 24.470 	 62.447
FHW11013	81.375 	 25.034 	 62.949
FHW11013	81.500 	 24.663 	 62.447
FHW11013	81.625 	 24.472 	 62.447
FHW11013	81.750 	 25.226 	 61.991
FHW11013	81.875 	 24.470 	 62.447
FHW11013	82.000 	 25.034 	 62.949
FHW11013	82.125 	 24.663 	 62.447
FHW11013	82.250 	 24.841 	 62.949
FHW11013	82.375 	 24.663 	 62.448
FHW11013	82.500 	 24.472 	 62.447
FHW11013	82.625 	 25.034 	 62.949
FHW11013	82.750 	 24.661 	 62.448
FHW11013	82.875 	 24.841 	 62.949
FHW11013	83.000 	 24.662 	 62.447
FHW11013	83.125 	 24.841 	 62.949
FHW11013	83.250 	 24.859 	 61.477
FHW11013	83.375 	 24.662 	 62.447
FHW11013	83.500 	 24.839 	 62.949
FHW11013	83.625 	 24.663 	 62.447
FHW11013	83.750 	 25.034 	 62.949
FHW11013	83.875 	 24.472 	 62.447
FHW11013	84.000 	 25.034 	 62.949
FHW11013	84.125 	 24.472 	 62.447
FHW11013	84.250 	 24.661 	 62.447
FHW11013	84.375 	 25.034 	 62.949
FHW11013	84.500 	 24.472 	 62.447
FHW11013	84.625 	 25.034 	 62.949
FHW11013	84.750 	 24.667 	 61.477
FHW11013	84.875 	 25.034 	 62.949
FHW11013	85.000 	 24.661 	 62.447
FHW11013	85.125 	 24.472 	 62.448
FHW11013	85.250 	 25.034 	 62.949
FHW11013	85.375 	 24.662 	 62.447
FHW11013	85.500 	 24.841 	 62.949
FHW11013	85.625 	 24.663 	 62.447
FHW11013	85.750 	 24.839 	 62.949
FHW11013	85.875 	 24.662 	 62.447
FHW11013	86.000 	 24.663 	 62.447
FHW11013	86.125 	 24.841 	 62.949
FHW11013	86.250 	 24.859 	 61.477
FHW11013	86.375 	 24.841 	 62.949
FHW11013	86.500 	 24.661 	 62.448
FHW11013	86.625 	 25.034 	 62.949
FHW11013	86.750 	 24.472 	 62.447
FHW11013	86.875 	 24.662 	 62.447
FHW11013	87.000 	 24.841 	 62.949
FHW11013	87.125 	 24.663 	 62.448
FHW11013	87.250 	 25.032 	 62.949
FHW11013	87.375 	 24.472 	 62.447
FHW11013	87.500 	 25.034 	 62.949
FHW11013	87.625 	 24.663 	 62.447
FHW11013	87.750 	 24.667 	 61.477
FHW11013	87.875 	 25.034 	 62.949
FHW11013	88.000 	 24.471 	 62.448
FHW11013	88.125 	 25.034 	 62.949
FHW11013	88.250 	 24.662 	 62.447
FHW11013	88.375 	 24.841 	 62.949
FHW11013	88.500 	 24.663 	 62.448
FHW11013	88.625 	 24.841 	 62.949
FHW11013	88.750 	 24.661 	 62.447
FHW11013	88.875 	 24.663 	 62.448
FHW11013	89.000 	 24.841 	 62.949
FHW11013	89.125 	 24.663 	 62.447
FHW11013	89.250 	 25.226 	 61.991
FHW11013	89.375 	 24.472 	 62.447
FHW11013	89.500 	 25.034 	 62.949
FHW11013	89.625 	 24.471 	 62.448
FHW11013	89.750 	 24.662 	 62.447
FHW11013	89.875 	 25.034 	 62.949
FHW11013	90.000 	 24.472 	 62.448
FHW11013	90.125 	 25.034 	 62.949
FHW11013	90.250 	 24.470 	 62.447
FHW11013	90.375 	 25.034 	 62.950
FHW11013	90.500 	 24.663 	 62.447
FHW11013	90.625 	 24.472 	 62.447
FHW11013	90.750 	 25.226 	 61.991
FHW11013	90.875 	 24.472 	 62.447
FHW11013	91.000 	 25.034 	 62.949
FHW11013	91.125 	 24.661 	 62.448
FHW11013	91.250 	 24.841 	 62.949
FHW11013	91.375 	 24.663 	 62.447
FHW11013	91.500 	 24.663 	 62.448
FHW11013	91.625 	 24.841 	 62.949
FHW11013	91.750 	 24.663 	 62.447
FHW11013	91.875 	 24.839 	 62.950
FHW11013	92.000 	 24.663 	 62.447
FHW11013	92.125 	 25.034 	 62.949
FHW11013	92.250 	 24.667 	 61.477
FHW11013	92.375 	 24.663 	 62.447
FHW11013	92.500 	 24.841 	 62.949
FHW11013	92.625 	 24.661 	 62.447
FHW11013	92.750 	 25.034 	 62.949
FHW11013	92.875 	 24.472 	 62.447
FHW11013	93.000 	 25.034 	 62.950
FHW11013	93.125 	 24.663 	 62.447
FHW11013	93.250 	 24.472 	 62.447
FHW11013	93.375 	 25.032 	 62.950
FHW11013	93.500 	 24.472 	 62.447
FHW11013	93.625 	 25.034 	 62.949
FHW11013	93.750 	 24.859 	 61.477
FHW11013	93.875 	 24.841 	 62.949
FHW11013	94.000 	 24.663 	 62.447
FHW11013	94.125 	 24.470 	 62.447
FHW11013	94.250 	 25.034 	 62.949
FHW11013	94.375 	 24.663 	 62.447
FHW11013	94.500 	 24.841 	 62.950
FHW11013	94.625 	 24.663 	 62.447
FHW11013	94.750 	 24.841 	 62.949
FHW11013	94.875 	 24.661 	 62.448
FHW11013	95.000 	 24.663 	 62.447
FHW11013	95.125 	 24.841 	 62.950
FHW11013	95.250 	 24.859 	 61.477
FHW11013	95.375 	 25.034 	 62.949
FHW11013	95.500 	 24.472 	 62.447
FHW11013	95.625 	 25.032 	 62.950
FHW11013	95.750 	 24.472 	 62.447
FHW11013	95.875 	 24.663 	 62.447
FHW11013	96.000 	 25.034 	 62.950
FHW11013	96.125 	 24.472 	 62.447
FHW11013	96.250 	 25.034 	 62.950
FHW11013	96.375 	 24.471 	 62.447
FHW11013	96.500 	 25.034 	 62.949
FHW11013	96.625 	 24.662 	 62.447
FHW11013	96.750 	 25.032 	 61.991
FHW11013	96.875 	 24.663 	 62.447
FHW11013	97.000 	 24.663 	 62.447
FHW11013	97.125 	 24.839 	 62.950
FHW11013	97.250 	 24.663 	 62.447
FHW11013	97.375 	 24.841 	 62.950
FHW11013	97.500 	 24.663 	 62.447
FHW11013	97.625 	 25.034 	 62.950
FHW11013	97.750 	 24.472 	 62.447
FHW11013	97.875 	 24.663 	 62.447
FHW11013	98.000 	 24.839 	 62.949
FHW11013	98.125 	 32.920 	 63.812
FHW11013	98.250 	 32.822 	 63.435
FHW11013	98.375 	 32.920 	 63.812
FHW11013	98.500 	 32.919 	 63.812
FHW11013	98.625 	 32.920 	 63.812
FHW11013	98.750 	 32.573 	 63.435
FHW11013	98.875 	 32.919 	 63.812
FHW11013	99.000 	 32.921 	 63.812
FHW11013	99.125 	 32.919 	 63.812
FHW11013	99.250 	 32.920 	 63.812
FHW11013	99.375 	 32.573 	 63.435
FHW11013	99.500 	 32.921 	 63.812
FHW11013	99.625 	 32.919 	 63.812
FHW11013	99.750 	 33.171 	 63.812
FHW11013	99.875 	 32.572 	 63.435
FHW11013	100.000 	 32.920 	 63.812
FHW11013	100.125 	 32.919 	 63.812
FHW11013	100.250 	 32.919 	 63.812
FHW11013	100.375 	 32.920 	 63.812
FHW11013	100.500 	 32.573 	 63.435
FHW11013	100.625 	 32.921 	 63.812
FHW11013	100.750 	 32.919 	 63.812
FHW11013	100.875 	 32.920 	 63.812
FHW11013	101.000 	 32.572 	 63.435
FHW11013	101.125 	 32.919 	 63.812
FHW11013	101.250 	 33.171 	 63.812
FHW11013	101.375 	 32.919 	 63.812
FHW11013	101.500 	 32.920 	 63.812
FHW11013	101.625 	 32.573 	 63.435
FHW11013	101.750 	 32.920 	 63.812
FHW11013	101.875 	 32.919 	 63.812
FHW11013	102.000 	 32.920 	 63.812
FHW11013	102.125 	 32.573 	 63.435
FHW11013	102.250 	 32.920 	 63.811
FHW11013	102.375 	 32.919 	 63.812
FHW11013	102.500 	 33.090 	 63.060
FHW11013	102.625 	 32.921 	 63.812
FHW11013	102.750 	 32.822 	 63.435
FHW11013	102.875 	 32.921 	 63.812
FHW11013	103.000 	 32.918 	 63.812
FHW11013	103.125 	 32.921 	 63.812
FHW11013	103.250 	 32.572 	 63.435
FHW11013	103.375 	 32.921 	 63.812
FHW11013	103.500 	 32.918 	 63.812
FHW11013	103.625 	 32.919 	 63.812
FHW11013	103.750 	 32.921 	 63.812
FHW11013	103.875 	 32.572 	 63.435
FHW11013	104.000 	 32.920 	 63.811
FHW11013	104.125 	 32.919 	 63.812
FHW11013	104.250 	 32.921 	 63.812
FHW11013	104.375 	 32.822 	 63.435
FHW11013	104.500 	 32.920 	 63.811
FHW11013	104.625 	 32.919 	 63.812
FHW11013	104.750 	 32.919 	 63.812
FHW11013	104.875 	 32.920 	 63.811
FHW11013	105.000 	 32.572 	 63.435
FHW11013	105.125 	 32.921 	 63.812
FHW11013	105.250 	 32.919 	 63.812
FHW11013	105.375 	 32.920 	 63.811
FHW11013	105.500 	 32.572 	 63.435
FHW11013	105.625 	 32.921 	 63.812
FHW11013	105.750 	 32.918 	 63.811
FHW11013	105.875 	 33.169 	 63.812
FHW11013	106.000 	 32.574 	 63.435
FHW11013	106.125 	 32.919 	 63.812
FHW11013	106.250 	 32.920 	 63.811
FHW11013	106.375 	 32.919 	 63.812
FHW11013	106.500 	 32.921 	 63.812
FHW11013	106.625 	 32.572 	 63.435
FHW11013	106.750 	 32.920 	 63.811
FHW11013	106.875 	 32.919 	 63.812
FHW11013	107.000 	 32.919 	 63.812
FHW11013	107.125 	 32.574 	 63.435
FHW11013	107.250 	 32.918 	 63.812
FHW11013	107.375 	 32.921 	 63.812
FHW11013	107.500 	 33.169 	 63.812
FHW11013	107.625 	 32.920 	 63.811
FHW11013	107.750 	 32.573 	 63.435
FHW11013	107.875 	 32.921 	 63.812
FHW11013	108.000 	 32.919 	 63.812
FHW11013	108.125 	 32.918 	 63.812
FHW11013	108.250 	 32.574 	 63.435
FHW11013	108.375 	 32.919 	 63.812
FHW11013	108.500 	 32.921 	 63.812
FHW11013	108.625 	 32.918 	 63.811
FHW11013	108.750 	 32.921 	 63.812
FHW11013	108.875 	 32.572 	 63.435
FHW11013	109.000 	 33.171 	 63.812
FHW11013	109.125 	 32.918 	 63.812
FHW11013	109.250 	 32.921 	 63.812
FHW11013	109.375 	 32.572 	 63.435
FHW11013	109.500 	 32.919 	 63.812
FHW11013	109.625 	 32.920 	 63.812
FHW11013	109.750 	 32.919 	 63.812
FHW11013	109.875 	 32.920 	 63.811
FHW11013	110.000 	 32.572 	 63.435
FHW11013	110.125 	 32.921 	 63.812
FHW11013	110.250 	 32.919 	 63.812
FHW11013	110.375 	 32.918 	 63.811
FHW11013	110.500 	 32.824 	 63.435
FHW11013	110.625 	 32.919 	 63.812
FHW11013	110.750 	 32.921 	 63.812
FHW11013	110.875 	 32.918 	 63.811
FHW11013	111.000 	 32.921 	 63.812
FHW11013	111.125 	 32.572 	 63.435
FHW11013	111.250 	 32.921 	 63.812
FHW11013	111.375 	 32.918 	 63.812
FHW11013	111.500 	 32.919 	 63.812
FHW11013	111.625 	 32.574 	 63.435
FHW11013	111.750 	 32.919 	 63.812
FHW11013	111.875 	 32.920 	 63.812
FHW11013	112.000 	 33.169 	 63.812
FHW11013	112.125 	 32.920 	 63.811
FHW11013	112.250 	 32.573 	 63.436
FHW11013	112.375 	 32.920 	 63.812
FHW11013	112.500 	 32.919 	 63.812
FHW11013	112.625 	 32.920 	 63.811
FHW11013	112.750 	 32.573 	 63.436
FHW11013	112.875 	 32.918 	 63.812
FHW11013	113.000 	 32.921 	 63.812
FHW11013	113.125 	 32.918 	 63.812
FHW11013	113.250 	 32.921 	 63.812
FHW11013	113.375 	 32.572 	 63.435
FHW11013	113.500 	 32.921 	 63.812
FHW11013	113.625 	 33.169 	 63.812
FHW11013	113.750 	 32.921 	 63.812
FHW11013	113.875 	 32.572 	 63.435
FHW11013	114.000 	 32.919 	 63.812
FHW11013	114.125 	 32.920 	 63.812
FHW11013	114.250 	 32.919 	 63.812
FHW11013	114.375 	 32.920 	 63.811
FHW11013	114.500 	 32.573 	 63.436
FHW11013	114.625 	 32.920 	 63.812
FHW11013	114.750 	 32.919 	 63.812
FHW11013	114.875 	 32.920 	 63.811
FHW11013	115.000 	 32.573 	 63.436
FHW11013	115.125 	 33.169 	 63.812
FHW11013	115.250 	 32.921 	 63.812
FHW11013	115.375 	 32.918 	 63.812
FHW11013	115.500 	 32.575 	 63.436
FHW11013	115.625 	 32.918 	 63.812
FHW11013	115.750 	 32.921 	 63.812
FHW11013	115.875 	 32.918 	 63.812
FHW11013	116.000 	 32.921 	 63.812
FHW11013	116.125 	 32.573 	 63.434
FHW11013	116.250 	 32.919 	 63.812
FHW11013	116.375 	 32.920 	 63.812
FHW11013	116.500 	 32.919 	 63.812
FHW11013	116.625 	 39.997 	 66.329
FHW11013	116.750 	 40.166 	 65.966
FHW11013	116.875 	 40.320 	 66.615
FHW11013	117.000 	 40.460 	 65.966
FHW11013	117.125 	 40.319 	 66.614
FHW11013	117.250 	 40.460 	 65.966
FHW11013	117.375 	 40.320 	 66.615
FHW11013	117.500 	 40.780 	 66.250
FHW11013	117.625 	 40.024 	 66.615
FHW11013	117.750 	 40.460 	 65.966
FHW11013	117.875 	 40.319 	 66.615
FHW11013	118.000 	 40.461 	 65.966
FHW11013	118.125 	 40.319 	 66.615
FHW11013	118.250 	 40.460 	 65.966
FHW11013	118.375 	 40.322 	 66.615
FHW11013	118.500 	 40.164 	 65.966
FHW11013	118.625 	 40.640 	 66.894
FHW11013	118.750 	 40.461 	 65.966
FHW11013	118.875 	 40.319 	 66.614
FHW11013	119.000 	 40.460 	 65.966
FHW11013	119.125 	 40.320 	 66.615
FHW11013	119.250 	 40.462 	 65.966
FHW11013	119.375 	 40.024 	 66.614
FHW11013	119.500 	 40.461 	 65.966
FHW11013	119.625 	 40.640 	 66.894
FHW11013	119.750 	 40.461 	 65.966
FHW11013	119.875 	 40.319 	 66.614
FHW11013	120.000 	 40.462 	 65.966
FHW11013	120.125 	 40.319 	 66.615
FHW11013	120.250 	 40.165 	 65.966
FHW11013	120.375 	 40.319 	 66.615
FHW11013	120.500 	 40.460 	 65.966
FHW11013	120.625 	 40.320 	 66.615
FHW11013	120.750 	 40.778 	 66.250
FHW11013	120.875 	 40.322 	 66.615
FHW11013	121.000 	 40.460 	 65.966
FHW11013	121.125 	 40.024 	 66.614
FHW11013	121.250 	 40.461 	 65.966
FHW11013	121.375 	 40.319 	 66.615
FHW11013	121.500 	 40.460 	 65.966
FHW11013	121.625 	 40.320 	 66.615
FHW11013	121.750 	 40.462 	 65.966
FHW11013	121.875 	 40.640 	 66.894
FHW11013	122.000 	 40.461 	 65.966
FHW11013	122.125 	 40.024 	 66.615
FHW11013	122.250 	 40.460 	 65.966
FHW11013	122.375 	 40.320 	 66.615
FHW11013	122.500 	 40.460 	 65.966
FHW11013	122.625 	 40.322 	 66.615
FHW11013	122.750 	 40.461 	 65.966
FHW11013	122.875 	 40.640 	 66.893
FHW11013	123.000 	 40.165 	 65.966
FHW11013	123.125 	 40.319 	 66.615
FHW11013	123.250 	 40.460 	 65.966
FHW11013	123.375 	 40.322 	 66.614
FHW11013	123.500 	 40.461 	 65.966
FHW11013	123.625 	 40.319 	 66.615
FHW11013	123.750 	 40.460 	 65.966
FHW11013	123.875 	 40.024 	 66.615
FHW11013	124.000 	 40.778 	 66.250
FHW11013	124.125 	 40.320 	 66.615
FHW11013	124.250 	 40.462 	 65.966
FHW11013	124.375 	 40.319 	 66.615
FHW11013	124.500 	 40.461 	 65.966
FHW11013	124.625 	 40.319 	 66.614
FHW11013	124.750 	 40.164 	 65.966
FHW11013	124.875 	 40.319 	 66.615
FHW11013	125.000 	 40.461 	 65.966
FHW11013	125.125 	 40.642 	 66.893
FHW11013	125.250 	 40.461 	 65.966
FHW11013	125.375 	 40.319 	 66.615
FHW11013	125.500 	 40.460 	 65.966
FHW11013	125.625 	 40.024 	 66.615
FHW11013	125.750 	 40.460 	 65.966
FHW11013	125.875 	 40.322 	 66.615
FHW11013	126.000 	 40.320 	 66.615
FHW11013	126.125 	 40.778 	 66.250
FHW11013	126.250 	 40.320 	 66.615
FHW11013	126.375 	 40.460 	 65.966
FHW11013	126.500 	 40.024 	 66.615
FHW11013	126.625 	 40.460 	 65.966
FHW11013	126.750 	 40.322 	 66.615
FHW11013	126.875 	 40.460 	 65.966
FHW11013	127.000 	 40.319 	 66.615
FHW11013	127.125 	 40.461 	 65.966
FHW11013	127.250 	 40.640 	 66.893
FHW11013	127.375 	 40.461 	 65.966
FHW11013	127.500 	 40.024 	 66.615
FHW11013	127.625 	 40.462 	 65.966
FHW11013	127.750 	 40.320 	 66.615
FHW11013	127.875 	 40.460 	 65.966
FHW11013	128.000 	 40.319 	 66.615
FHW11013	128.125 	 40.460 	 65.966
FHW11013	128.250 	 40.640 	 66.894
FHW11013	128.375 	 40.166 	 65.966
FHW11013	128.500 	 40.320 	 66.615
FHW11013	128.625 	 40.460 	 65.966
FHW11013	128.750 	 40.319 	 66.615
FHW11013	128.875 	 40.461 	 65.966
FHW11013	129.000 	 40.319 	 66.614
FHW11013	129.125 	 40.460 	 65.966
FHW11013	129.250 	 40.027 	 66.615
FHW11013	129.375 	 40.778 	 66.250
FHW11013	129.500 	 40.319 	 66.614
FHW11013	129.625 	 40.461 	 65.966
FHW11013	129.750 	 40.319 	 66.615
FHW11013	129.875 	 40.460 	 65.966
FHW11013	130.000 	 40.322 	 66.615
FHW11013	130.125 	 40.164 	 65.966
FHW11013	130.250 	 40.319 	 66.615
FHW11013	130.375 	 40.461 	 65.966
FHW11013	130.500 	 40.640 	 66.894
FHW11013	130.625 	 40.461 	 65.966
FHW11013	130.750 	 40.319 	 66.614
FHW11013	130.875 	 40.462 	 65.966
FHW11013	131.000 	 40.024 	 66.615
FHW11013	131.125 	 40.460 	 65.966
FHW11013	131.250 	 40.319 	 66.614
FHW11013	131.375 	 40.460 	 65.966
FHW11013	131.500 	 40.640 	 66.894
FHW11013	131.625 	 40.460 	 65.966
FHW11013	131.750 	 40.322 	 66.614
FHW11013	131.875 	 40.165 	 65.966
FHW11013	132.000 	 40.320 	 66.615
FHW11013	132.125 	 40.459 	 65.965
FHW11013	132.250 	 40.320 	 66.615
FHW11013	132.375 	 40.461 	 65.966
FHW11013	132.500 	 40.319 	 66.614
FHW11013	132.625 	 40.780 	 66.251
FHW11013	132.750 	 40.320 	 66.615
FHW11013	132.875 	 40.164 	 65.965
FHW11013	133.000 	 40.320 	 66.615
FHW11013	133.125 	 40.461 	 65.966
FHW11013	133.250 	 40.319 	 66.614
FHW11013	133.375 	 40.463 	 65.966
FHW11013	133.500 	 40.320 	 66.615
FHW11013	133.625 	 40.459 	 65.965
FHW11013	133.750 	 40.344 	 66.894
FHW11013	133.875 	 40.461 	 65.966
FHW11013	134.000 	 40.319 	 66.614
FHW11013	134.125 	 40.461 	 65.966
FHW11013	134.250 	 40.322 	 66.615
FHW11013	134.375 	 40.459 	 65.965
FHW11013	134.500 	 40.320 	 66.615
FHW11013	134.625 	 40.165 	 65.966
FHW11013	134.750 	 40.640 	 66.894
FHW11013	134.875 	 40.459 	 65.965
FHW11013	135.000 	 40.320 	 66.615
FHW11013	135.125 	 40.462 	 65.965
FHW11013	135.250 	 42.321 	 66.802
FHW11013	135.375 	 47.944 	 65.912
FHW11013	135.500 	 48.161 	 66.476
FHW11013	135.625 	 47.944 	 65.913
FHW11013	135.750 	 48.162 	 66.477
FHW11013	135.875 	 47.944 	 65.912
FHW11013	136.000 	 48.161 	 66.477
FHW11013	136.125 	 47.944 	 65.912
FHW11013	136.250 	 48.161 	 66.477
FHW11013	136.375 	 47.945 	 65.913
FHW11013	136.500 	 48.161 	 66.477
FHW11013	136.625 	 47.944 	 65.912
FHW11013	136.750 	 48.161 	 66.476
FHW11013	136.875 	 48.285 	 65.914
FHW11013	137.000 	 47.820 	 66.476
FHW11013	137.125 	 48.285 	 65.912
FHW11013	137.250 	 47.820 	 66.477
FHW11013	137.375 	 48.286 	 65.913
FHW11013	137.500 	 47.820 	 66.477
FHW11013	137.625 	 48.285 	 65.912
FHW11013	137.750 	 47.820 	 66.477
FHW11013	137.875 	 48.286 	 65.913
FHW11013	138.000 	 47.820 	 66.476
FHW11013	138.125 	 48.284 	 65.913
FHW11013	138.250 	 48.441 	 66.720
FHW11013	138.375 	 47.945 	 65.913
FHW11013	138.500 	 48.161 	 66.477
FHW11013	138.625 	 47.944 	 65.912
FHW11013	138.750 	 48.161 	 66.477
FHW11013	138.875 	 47.945 	 65.913
FHW11013	139.000 	 48.161 	 66.477
FHW11013	139.125 	 47.944 	 65.912
FHW11013	139.250 	 48.161 	 66.477
FHW11013	139.375 	 47.945 	 65.913
FHW11013	139.500 	 48.161 	 66.476
FHW11013	139.625 	 47.820 	 66.476
FHW11013	139.750 	 48.282 	 65.913
FHW11013	139.875 	 48.165 	 66.477
FHW11013	140.000 	 47.944 	 65.912
FHW11013	140.125 	 48.158 	 66.476
FHW11013	140.250 	 47.944 	 65.912
FHW11013	140.375 	 48.164 	 66.478
FHW11013	140.500 	 47.944 	 65.912
FHW11013	140.625 	 48.158 	 66.476
FHW11013	140.750 	 47.944 	 65.912
FHW11013	140.875 	 48.165 	 66.477
FHW11013	141.000 	 47.943 	 65.913
FHW11013	141.125 	 48.158 	 66.476
FHW11013	141.250 	 47.944 	 65.912
FHW11013	141.375 	 48.164 	 66.476
FHW11013	141.500 	 48.283 	 65.913
FHW11013	141.625 	 48.100 	 66.721
FHW11013	141.750 	 48.287 	 65.912
FHW11013	141.875 	 47.821 	 66.477
FHW11013	142.000 	 48.282 	 65.912
FHW11013	142.125 	 47.820 	 66.476
FHW11013	142.250 	 48.287 	 65.913
FHW11013	142.375 	 47.821 	 66.477
FHW11013	142.500 	 48.282 	 65.912
FHW11013	142.625 	 47.820 	 66.476
FHW11013	142.750 	 48.287 	 65.912
FHW11013	142.875 	 48.158 	 66.477
FHW11013	143.000 	 47.945 	 65.913
FHW11013	143.125 	 48.164 	 66.476
FHW11013	143.250 	 47.944 	 65.912
FHW11013	143.375 	 48.158 	 66.476
FHW11013	143.500 	 47.944 	 65.914
FHW11013	143.625 	 48.164 	 66.476
FHW11013	143.750 	 47.944 	 65.912
FHW11013	143.875 	 48.158 	 66.476
FHW11013	144.000 	 47.945 	 65.913
FHW11013	144.125 	 48.163 	 66.477
FHW11013	144.250 	 47.944 	 65.912
FHW11013	144.375 	 48.158 	 66.476
FHW11013	144.500 	 48.288 	 65.913
FHW11013	144.625 	 47.820 	 66.476
FHW11013	144.750 	 48.282 	 65.913
FHW11013	144.875 	 48.100 	 66.720
FHW11013	145.000 	 48.165 	 66.477
FHW11013	145.125 	 47.944 	 65.912
FHW11013	145.250 	 48.158 	 66.477
FHW11013	145.375 	 47.944 	 65.912
FHW11013	145.500 	 48.165 	 66.477
FHW11013	145.625 	 47.944 	 65.912
FHW11013	145.750 	 48.158 	 66.476
FHW11013	145.875 	 47.944 	 65.912
FHW11013	146.000 	 48.164 	 66.478
FHW11013	146.125 	 48.282 	 65.912
FHW11013	146.250 	 47.820 	 66.476
FHW11013	146.375 	 48.287 	 65.912
FHW11013	146.500 	 47.821 	 66.478
FHW11013	146.625 	 48.282 	 65.912
FHW11013	146.750 	 47.820 	 66.476
FHW11013	146.875 	 48.287 	 65.912
FHW11013	147.000 	 47.821 	 66.477
FHW11013	147.125 	 48.282 	 65.912
FHW11013	147.250 	 47.820 	 66.477
FHW11013	147.375 	 48.287 	 65.912
FHW11013	147.500 	 48.159 	 66.477
FHW11013	147.625 	 47.944 	 65.912
FHW11013	147.750 	 48.163 	 66.477
FHW11013	147.875 	 47.944 	 65.912
FHW11013	148.000 	 48.158 	 66.476
FHW11013	148.125 	 47.945 	 65.913
FHW11013	148.250 	 48.444 	 66.720
FHW11013	148.375 	 47.944 	 65.912
FHW11013	148.500 	 48.159 	 66.478
FHW11013	148.625 	 47.944 	 65.912
FHW11013	148.750 	 48.164 	 66.476
FHW11013	148.875 	 47.938 	 65.912
FHW11013	149.000 	 48.164 	 66.478
FHW11013	149.125 	 48.287 	 65.912
FHW11013	149.250 	 47.815 	 66.476
FHW11013	149.375 	 48.287 	 65.912
FHW11013	149.500 	 47.821 	 66.477
FHW11013	149.625 	 48.282 	 65.912
FHW11013	149.750 	 47.820 	 66.477
FHW11013	149.875 	 48.287 	 65.912
FHW11013	150.000 	 47.820 	 66.476
FHW11013	150.125 	 48.283 	 65.913
FHW11013	150.250 	 47.820 	 66.477
FHW11013	150.375 	 48.164 	 66.476
FHW11013	150.500 	 47.944 	 65.912
FHW11013	150.625 	 48.159 	 66.477
FHW11013	150.750 	 48.287 	 65.912
FHW11013	150.875 	 47.820 	 66.477
FHW11013	151.000 	 48.282 	 65.912
FHW11013	151.125 	 47.821 	 66.477
FHW11013	151.250 	 48.287 	 65.912
FHW11013	151.375 	 47.820 	 66.477
FHW11013	151.500 	 48.560 	 66.161
FHW11013	151.625 	 47.821 	 66.477
FHW11013	151.750 	 48.287 	 65.912
FHW11013	151.875 	 47.820 	 66.476
FHW11013	152.000 	 48.282 	 65.912
FHW11013	152.125 	 48.164 	 66.478
FHW11013	152.250 	 47.944 	 65.912
FHW11013	152.375 	 48.158 	 66.476
FHW11013	152.500 	 47.944 	 65.912
FHW11013	152.625 	 48.164 	 66.478
FHW11013	152.750 	 47.944 	 65.912
FHW11013	152.875 	 48.158 	 66.476
FHW11013	153.000 	 47.944 	 65.912
FHW11013	153.125 	 48.165 	 66.477
FHW11013	153.250 	 47.944 	 65.912
FHW11013	153.375 	 48.158 	 66.477
FHW11013	153.500 	 47.944 	 65.912
FHW11013	153.625 	 48.165 	 66.477
FHW11013	153.750 	 48.282 	 65.912
FHW11013	153.875 	 51.512 	 66.572
FHW11013	154.000 	 55.816 	 67.165
FHW11013	154.125 	 56.302 	 66.657
FHW11013	154.250 	 55.924 	 66.656
FHW11013	154.375 	 55.917 	 66.655
FHW11013	154.500 	 56.153 	 66.873
FHW11013	154.625 	 55.823 	 67.167
FHW11013	154.750 	 56.302 	 66.656
FHW11013	154.875 	 55.917 	 66.655
FHW11013	155.000 	 55.924 	 66.656
FHW11013	155.125 	 56.153 	 66.873
FHW11013	155.250 	 56.202 	 67.167
FHW11013	155.375 	 55.923 	 66.655
FHW11013	155.500 	 55.918 	 66.656
FHW11013	155.625 	 55.924 	 66.657
FHW11013	155.750 	 56.152 	 66.873
FHW11013	155.875 	 56.202 	 67.166
FHW11013	156.000 	 55.924 	 66.656
FHW11013	156.125 	 55.917 	 66.656
FHW11013	156.250 	 55.924 	 66.656
FHW11013	156.375 	 56.153 	 66.873
FHW11013	156.500 	 56.202 	 67.166
FHW11013	156.625 	 55.923 	 66.656
FHW11013	156.750 	 55.918 	 66.656
FHW11013	156.875 	 55.924 	 66.656
FHW11013	157.000 	 56.535 	 66.873
FHW11013	157.125 	 55.817 	 67.167
FHW11013	157.250 	 55.924 	 66.656
FHW11013	157.375 	 55.918 	 66.656
FHW11013	157.500 	 55.923 	 66.655
FHW11013	157.625 	 56.536 	 66.873
FHW11013	157.750 	 55.817 	 67.167
FHW11013	157.875 	 55.923 	 66.655
FHW11013	158.000 	 55.918 	 66.656
FHW11013	158.125 	 55.924 	 66.657
FHW11013	158.250 	 56.302 	 66.655
FHW11013	158.375 	 56.054 	 67.380
FHW11013	158.500 	 55.924 	 66.656
FHW11013	158.625 	 55.918 	 66.657
FHW11013	158.750 	 56.302 	 66.655
FHW11013	158.875 	 55.924 	 66.656
FHW11013	159.000 	 56.054 	 67.380
FHW11013	159.125 	 55.923 	 66.656
FHW11013	159.250 	 55.918 	 66.656
FHW11013	159.375 	 56.302 	 66.656
FHW11013	159.500 	 55.918 	 66.656
FHW11013	159.625 	 56.059 	 67.380
FHW11013	159.750 	 55.918 	 66.656
FHW11013	159.875 	 56.302 	 66.656
FHW11013	160.000 	 55.923 	 66.655
FHW11013	160.125 	 55.918 	 66.656
FHW11013	160.250 	 56.059 	 67.381
FHW11013	160.375 	 55.918 	 66.656
FHW11013	160.500 	 56.302 	 66.655
FHW11013	160.625 	 55.924 	 66.657
FHW11013	160.750 	 55.918 	 66.656
FHW11013	160.875 	 56.059 	 67.379
FHW11013	161.000 	 55.918 	 66.656
FHW11013	161.125 	 56.302 	 66.657
FHW11013	161.250 	 55.923 	 66.655
FHW11013	161.375 	 55.918 	 66.656
FHW11013	161.500 	 56.060 	 67.380
FHW11013	161.625 	 56.302 	 66.657
FHW11013	161.750 	 55.917 	 66.655
FHW11013	161.875 	 55.924 	 66.656
FHW11013	162.000 	 55.918 	 66.656
FHW11013	162.125 	 55.822 	 67.166
FHW11013	162.250 	 56.536 	 66.873
FHW11013	162.375 	 55.918 	 66.656
FHW11013	162.500 	 55.924 	 66.656
FHW11013	162.625 	 55.917 	 66.655
FHW11013	162.750 	 56.202 	 67.167
FHW11013	162.875 	 56.159 	 66.873
FHW11013	163.000 	 55.917 	 66.655
FHW11013	163.125 	 55.924 	 66.657
FHW11013	163.250 	 55.918 	 66.656
FHW11013	163.375 	 56.201 	 67.165
FHW11013	163.500 	 56.159 	 66.873
FHW11013	163.625 	 55.918 	 66.657
FHW11013	163.750 	 55.924 	 66.656
FHW11013	163.875 	 55.917 	 66.655
FHW11013	164.000 	 56.202 	 67.166
FHW11013	164.125 	 56.158 	 66.874
FHW11013	164.250 	 55.918 	 66.656
FHW11013	164.375 	 55.917 	 66.655
FHW11013	164.500 	 56.308 	 66.656
FHW11013	164.625 	 55.817 	 67.167
FHW11013	164.750 	 56.152 	 66.873
FHW11013	164.875 	 55.924 	 66.656
FHW11013	165.000 	 55.918 	 66.656
FHW11013	165.125 	 56.302 	 66.655
FHW11013	165.250 	 55.823 	 67.167
FHW11013	165.375 	 56.153 	 66.873
FHW11013	165.500 	 55.924 	 66.656
FHW11013	165.625 	 56.302 	 66.655
FHW11013	165.750 	 55.918 	 66.657
FHW11013	165.875 	 55.823 	 67.166
FHW11013	166.000 	 55.917 	 66.655
FHW11013	166.125 	 56.158 	 66.874
FHW11013	166.250 	 56.302 	 66.656
FHW11013	166.375 	 55.918 	 66.656
FHW11013	166.500 	 55.822 	 67.165
FHW11013	166.625 	 55.918 	 66.657
FHW11013	166.750 	 56.159 	 66.873
FHW11013	166.875 	 56.302 	 66.655
FHW11013	167.000 	 55.918 	 66.656
FHW11013	167.125 	 55.823 	 67.167
FHW11013	167.250 	 55.917 	 66.655
FHW11013	167.375 	 56.536 	 66.873
FHW11013	167.500 	 55.924 	 66.656
FHW11013	167.625 	 55.918 	 66.656
FHW11013	167.750 	 55.822 	 67.166
FHW11013	167.875 	 55.918 	 66.656
FHW11013	168.000 	 56.536 	 66.873
FHW11013	168.125 	 55.923 	 66.655
FHW11013	168.250 	 55.918 	 66.657
FHW11013	168.375 	 55.823 	 67.166
FHW11013	168.500 	 56.302 	 66.655
FHW11013	168.625 	 56.153 	 66.874
FHW11013	168.750 	 55.924 	 66.656
FHW11013	168.875 	 55.918 	 66.656
FHW11013	169.000 	 55.822 	 67.165
FHW11013	169.125 	 56.302 	 66.657
FHW11013	169.250 	 56.153 	 66.873
FHW11013	169.375 	 55.924 	 66.656
FHW11013	169.500 	 55.917 	 66.655
FHW11013	169.625 	 55.817 	 67.167
FHW11013	169.750 	 56.302 	 66.656
FHW11013	169.875 	 55.923 	 66.655
FHW11013	170.000 	 56.153 	 66.873
FHW11013	170.125 	 55.924 	 66.656
FHW11013	170.250 	 56.201 	 67.166
FHW11013	170.375 	 55.918 	 66.656
FHW11013	170.500 	 55.924 	 66.656
FHW11013	170.625 	 56.153 	 66.873
FHW11013	170.750 	 55.923 	 66.656
FHW11013	170.875 	 56.202 	 67.166
FHW11013	171.000 	 55.918 	 66.656
FHW11013	171.125 	 55.923 	 66.656
FHW11013	171.250 	 56.153 	 66.873
FHW11013	171.375 	 56.302 	 66.656
FHW11013	171.500 	 55.823 	 67.166
FHW11013	171.625 	 55.917 	 66.656
FHW11013	171.750 	 55.924 	 66.656
FHW11013	171.875 	 56.153 	 66.873
FHW11013	172.000 	 56.302 	 66.655
FHW11013	172.125 	 55.823 	 67.167
FHW11013	172.250 	 55.918 	 66.656
FHW11013	172.375 	 56.536 	 66.873
FHW11013	172.500 	 64.785 	 67.537
FHW11013	172.625 	 65.032 	 67.264
FHW11013	172.750 	 64.785 	 67.537
FHW11013	172.875 	 64.965 	 67.729
FHW11013	173.000 	 64.778 	 67.537
FHW11013	173.125 	 64.860 	 67.068
FHW11013	173.250 	 64.958 	 67.730
FHW11013	173.375 	 64.785 	 67.536
FHW11013	173.500 	 64.965 	 67.730
FHW11013	173.625 	 64.778 	 67.537
FHW11013	173.750 	 65.039 	 67.264
FHW11013	173.875 	 64.366 	 67.537
FHW11013	174.000 	 64.959 	 67.729
FHW11013	174.125 	 64.785 	 67.537
FHW11013	174.250 	 64.860 	 67.068
FHW11013	174.375 	 64.958 	 67.730
FHW11013	174.500 	 64.785 	 67.536
FHW11013	174.625 	 64.958 	 67.730
FHW11013	174.750 	 64.860 	 67.068
FHW11013	174.875 	 64.965 	 67.730
FHW11013	175.000 	 64.778 	 67.537
FHW11013	175.125 	 64.965 	 67.729
FHW11013	175.250 	 64.778 	 67.537
FHW11013	175.375 	 64.860 	 67.068
FHW11013	175.500 	 64.965 	 67.731
FHW11013	175.625 	 64.778 	 67.536
FHW11013	175.750 	 64.965 	 67.730
FHW11013	175.875 	 64.854 	 67.068
FHW11013	176.000 	 64.965 	 67.730
FHW11013	176.125 	 64.778 	 67.536
FHW11013	176.250 	 64.965 	 67.731
FHW11013	176.375 	 64.859 	 67.067
FHW11013	176.500 	 64.779 	 67.538
FHW11013	176.625 	 64.964 	 67.729
FHW11013	176.750 	 64.779 	 67.537
FHW11013	176.875 	 64.965 	 67.731
FHW11013	177.000 	 64.859 	 67.067
FHW11013	177.125 	 64.959 	 67.731
FHW11013	177.250 	 64.784 	 67.536
FHW11013	177.375 	 64.549 	 67.731
FHW11013	177.500 	 64.853 	 67.067
FHW11013	177.625 	 64.785 	 67.538
FHW11013	177.750 	 64.964 	 67.729
FHW11013	177.875 	 64.779 	 67.537
FHW11013	178.000 	 65.038 	 67.264
FHW11013	178.125 	 64.779 	 67.537
FHW11013	178.250 	 64.964 	 67.729
FHW11013	178.375 	 64.785 	 67.537
FHW11013	178.500 	 64.958 	 67.729
FHW11013	178.625 	 64.861 	 67.068
FHW11013	178.750 	 64.777 	 67.536
FHW11013	178.875 	 64.965 	 67.731
FHW11013	179.000 	 64.784 	 67.536
FHW11013	179.125 	 65.033 	 67.265
FHW11013	179.250 	 64.784 	 67.536
FHW11013	179.375 	 64.959 	 67.731
FHW11013	179.500 	 64.784 	 67.536
FHW11013	179.625 	 65.039 	 67.265
FHW11013	179.750 	 64.778 	 67.536
FHW11013	179.875 	 64.785 	 67.538
FHW11013	180.000 	 64.959 	 67.731
FHW11013	180.125 	 64.784 	 67.536
FHW11013	180.250 	 65.033 	 67.265
FHW11013	180.375 	 64.784 	 67.536
FHW11013	180.500 	 64.965 	 67.731
FHW11013	180.625 	 64.778 	 67.536
FHW11013	180.750 	 65.039 	 67.265
FHW11013	180.875 	 64.366 	 67.536
FHW11013	181.000 	 64.779 	 67.538
FHW11013	181.125 	 64.964 	 67.729
FHW11013	181.250 	 64.861 	 67.068
FHW11013	181.375 	 64.958 	 67.728
FHW11013	181.500 	 64.785 	 67.538
FHW11013	181.625 	 64.958 	 67.729
FHW11013	181.750 	 64.785 	 67.537
FHW11013	181.875 	 65.038 	 67.264
FHW11013	182.000 	 64.779 	 67.537
FHW11013	182.125 	 64.784 	 67.536
FHW11013	182.250 	 64.959 	 67.731
FHW11013	182.375 	 64.859 	 67.067
FHW11013	182.500 	 64.966 	 67.730
FHW11013	182.625 	 64.777 	 67.536
FHW11013	182.750 	 64.965 	 67.731
FHW11013	182.875 	 64.853 	 67.067
FHW11013	183.000 	 64.965 	 67.731
FHW11013	183.125 	 64.784 	 67.536
FHW11013	183.250 	 64.959 	 67.731
FHW11013	183.375 	 64.785 	 67.537
FHW11013	183.500 	 64.853 	 67.068
FHW11013	183.625 	 64.966 	 67.730
FHW11013	183.750 	 64.784 	 67.536
FHW11013	183.875 	 64.959 	 67.731
FHW11013	184.000 	 64.859 	 67.067
FHW11013	184.125 	 64.959 	 67.731
FHW11013	184.250 	 64.784 	 67.536
FHW11013	184.375 	 64.549 	 67.731
FHW11013	184.500 	 64.859 	 67.067
FHW11013	184.625 	 64.779 	 67.538
FHW11013	184.750 	 64.964 	 67.728
FHW11013	184.875 	 64.779 	 67.538
FHW11013	185.000 	 64.964 	 67.729
FHW11013	185.125 	 64.854 	 67.068
FHW11013	185.250 	 64.964 	 67.729
FHW11013	185.375 	 64.785 	 67.537
FHW11013	185.500 	 64.958 	 67.729
FHW11013	185.625 	 64.861 	 67.068
FHW11013	185.750 	 64.777 	 67.536
FHW11013	185.875 	 64.966 	 67.730
FHW11013	186.000 	 64.784 	 67.536
FHW11013	186.125 	 65.033 	 67.264
FHW11013	186.250 	 64.784 	 67.536
FHW11013	186.375 	 64.959 	 67.731
FHW11013	186.500 	 64.785 	 67.537
FHW11013	186.625 	 64.964 	 67.729
FHW11013	186.750 	 64.854 	 67.068
FHW11013	186.875 	 64.784 	 67.536
FHW11013	187.000 	 64.959 	 67.730
FHW11013	187.125 	 64.784 	 67.536
FHW11013	187.250 	 65.039 	 67.264
FHW11013	187.375 	 64.777 	 67.536
FHW11013	187.500 	 64.965 	 67.731
FHW11013	187.625 	 64.778 	 67.536
FHW11013	187.750 	 65.039 	 67.264
FHW11013	187.875 	 64.366 	 67.536
FHW11013	188.000 	 64.785 	 67.538
FHW11013	188.125 	 64.958 	 67.728
FHW11013	188.250 	 64.785 	 67.538
FHW11013	188.375 	 65.032 	 67.263
FHW11013	188.500 	 64.785 	 67.538
FHW11013	188.625 	 64.964 	 67.729
FHW11013	188.750 	 64.779 	 67.538
FHW11013	188.875 	 65.038 	 67.262
FHW11013	189.000 	 64.779 	 67.538
FHW11013	189.125 	 64.784 	 67.536
FHW11013	189.250 	 64.959 	 67.731
FHW11013	189.375 	 64.860 	 67.066
FHW11013	189.500 	 64.965 	 67.731
FHW11013	189.625 	 64.779 	 67.538
FHW11013	189.750 	 64.964 	 67.729
FHW11013	189.875 	 64.779 	 67.538
FHW11013	190.000 	 65.038 	 67.262
FHW11013	190.125 	 64.785 	 67.538
FHW11013	190.250 	 64.777 	 67.536
FHW11013	190.375 	 64.965 	 67.731
FHW11013	190.500 	 64.853 	 67.066
FHW11013	190.625 	 64.965 	 67.731
FHW11013	190.750 	 64.784 	 67.536
FHW11013	190.875 	 64.959 	 67.731
FHW11013	191.000 	 66.288 	 67.262
FHW11013	191.125 	 73.799 	 65.989
FHW11013	191.250 	 74.178 	 66.425
FHW11013	191.375 	 73.629 	 66.233
FHW11013	191.500 	 74.228 	 65.989
FHW11013	191.625 	 73.747 	 66.427
FHW11013	191.750 	 74.228 	 65.988
FHW11013	191.875 	 73.747 	 66.427
FHW11013	192.000 	 74.178 	 66.425
FHW11013	192.125 	 74.235 	 65.989
FHW11013	192.250 	 73.621 	 66.232
FHW11013	192.375 	 74.235 	 65.989
FHW11013	192.500 	 73.740 	 66.425
FHW11013	192.625 	 74.184 	 66.425
FHW11013	192.750 	 73.799 	 65.989
FHW11013	192.875 	 74.178 	 66.425
FHW11013	193.000 	 74.121 	 65.794
FHW11013	193.125 	 73.740 	 66.425
FHW11013	193.250 	 74.184 	 66.425
FHW11013	193.375 	 73.792 	 65.989
FHW11013	193.500 	 74.184 	 66.425
FHW11013	193.625 	 73.740 	 66.424
FHW11013	193.750 	 74.121 	 65.794
FHW11013	193.875 	 73.740 	 66.425
FHW11013	194.000 	 74.235 	 65.989
FHW11013	194.125 	 74.184 	 66.425
FHW11013	194.250 	 73.740 	 66.425
FHW11013	194.375 	 74.235 	 65.989
FHW11013	194.500 	 73.622 	 66.233
FHW11013	194.625 	 74.235 	 65.989
FHW11013	194.750 	 73.740 	 66.425
FHW11013	194.875 	 74.184 	 66.424
FHW11013	195.000 	 73.792 	 65.989
FHW11013	195.125 	 74.184 	 66.425
FHW11013	195.250 	 74.121 	 65.794
FHW11013	195.375 	 73.740 	 66.425
FHW11013	195.500 	 74.184 	 66.427
FHW11013	195.625 	 73.792 	 65.988
FHW11013	195.750 	 74.184 	 66.427
FHW11013	195.875 	 73.740 	 66.425
FHW11013	196.000 	 74.235 	 65.989
FHW11013	196.125 	 74.069 	 66.233
FHW11013	196.250 	 73.791 	 65.988
FHW11013	196.375 	 74.184 	 66.425
FHW11013	196.500 	 73.740 	 66.425
FHW11013	196.625 	 74.235 	 65.989
FHW11013	196.750 	 73.740 	 66.425
FHW11013	196.875 	 74.121 	 65.794
FHW11013	197.000 	 73.740 	 66.425
FHW11013	197.125 	 74.184 	 66.425
FHW11013	197.250 	 74.228 	 65.989
FHW11013	197.375 	 73.747 	 66.425
FHW11013	197.500 	 74.178 	 66.425
FHW11013	197.625 	 73.681 	 65.793
FHW11013	197.750 	 74.178 	 66.425
FHW11013	197.875 	 73.799 	 65.989
FHW11013	198.000 	 74.178 	 66.425
FHW11013	198.125 	 73.747 	 66.425
FHW11013	198.250 	 74.228 	 65.989
FHW11013	198.375 	 74.069 	 66.233
FHW11013	198.500 	 73.792 	 65.989
FHW11013	198.625 	 74.184 	 66.425
FHW11013	198.750 	 73.740 	 66.425
FHW11013	198.875 	 74.235 	 65.989
FHW11013	199.000 	 73.746 	 66.424
FHW11013	199.125 	 74.114 	 65.794
FHW11013	199.250 	 73.747 	 66.425
FHW11013	199.375 	 74.178 	 66.427
FHW11013	199.500 	 74.235 	 65.988
FHW11013	199.625 	 73.740 	 66.427
FHW11013	199.750 	 74.184 	 66.425
FHW11013	199.875 	 73.675 	 65.794
FHW11013	200.000 	 74.184 	 66.425
FHW11013	200.125 	 73.792 	 65.989
FHW11013	200.250 	 74.184 	 66.425
FHW11013	200.375 	 74.184 	 66.424
FHW11013	200.500 	 73.792 	 65.989
FHW11013	200.625 	 74.184 	 66.425
FHW11013	200.750 	 73.675 	 65.794
FHW11013	200.875 	 74.184 	 66.425
FHW11013	201.000 	 73.740 	 66.425
FHW11013	201.125 	 74.235 	 65.989
FHW11013	201.250 	 73.740 	 66.425
FHW11013	201.375 	 74.184 	 66.425
FHW11013	201.500 	 74.121 	 65.794
FHW11013	201.625 	 73.740 	 66.425
FHW11013	201.750 	 74.234 	 65.988
FHW11013	201.875 	 73.740 	 66.425
FHW11013	202.000 	 74.184 	 66.425
FHW11013	202.125 	 73.792 	 65.989
FHW11013	202.250 	 74.069 	 66.233
FHW11013	202.375 	 73.792 	 65.989
FHW11013	202.500 	 74.184 	 66.425
FHW11013	202.625 	 74.184 	 66.425
FHW11013	202.750 	 73.792 	 65.989
FHW11013	202.875 	 74.184 	 66.425
FHW11013	203.000 	 73.674 	 65.793
FHW11013	203.125 	 74.184 	 66.425
FHW11013	203.250 	 73.740 	 66.427
FHW11013	203.375 	 74.235 	 65.988
FHW11013	203.500 	 74.178 	 66.427
FHW11013	203.625 	 73.747 	 66.425
FHW11013	203.750 	 74.114 	 65.794
FHW11013	203.875 	 73.747 	 66.425
FHW11013	204.000 	 74.228 	 65.989
FHW11013	204.125 	 73.747 	 66.425
FHW11013	204.250 	 74.178 	 66.425
FHW11013	204.375 	 73.799 	 65.989
FHW11013	204.500 	 74.177 	 66.424
FHW11013	204.625 	 74.121 	 65.794
FHW11013	204.750 	 73.740 	 66.425
FHW11013	204.875 	 74.184 	 66.425
FHW11013	205.000 	 73.799 	 65.989
FHW11013	205.125 	 74.178 	 66.425
FHW11013	205.250 	 73.747 	 66.425
FHW11013	205.375 	 74.114 	 65.794
FHW11013	205.500 	 73.747 	 66.425
FHW11013	205.625 	 74.228 	 65.989
FHW11013	205.750 	 74.184 	 66.425
FHW11013	205.875 	 73.740 	 66.424
FHW11013	206.000 	 74.235 	 65.989
FHW11013	206.125 	 73.622 	 66.233
FHW11013	206.250 	 74.235 	 65.989
FHW11013	206.375 	 73.740 	 66.425
FHW11013	206.500 	 74.184 	 66.425
FHW11013	206.625 	 73.792 	 65.989
FHW11013	206.750 	 74.184 	 66.425
FHW11013	206.875 	 74.121 	 65.794
FHW11013	207.000 	 73.740 	 66.425
FHW11013	207.125 	 74.183 	 66.425
FHW11013	207.250 	 73.792 	 65.988
FHW11013	207.375 	 74.184 	 66.427
FHW11013	207.500 	 73.740 	 66.425
FHW11013	207.625 	 74.121 	 65.794
FHW11013	207.750 	 74.184 	 66.425
FHW11013	207.875 	 73.792 	 65.989
FHW11013	208.000 	 74.184 	 66.425
FHW11013	208.125 	 73.740 	 66.425
FHW11013	208.250 	 74.235 	 65.989
FHW11013	208.375 	 73.622 	 66.233
FHW11013	208.500 	 74.234 	 65.988
FHW11013	208.625 	 73.740 	 66.425
FHW11013	208.750 	 74.184 	 66.425
FHW11013	208.875 	 74.235 	 65.989
FHW11013	209.000 	 73.740 	 66.425
FHW11013	209.125 	 74.184 	 66.425
FHW11013	209.250 	 73.675 	 65.794
FHW11013	209.375 	 74.184 	 66.425
FHW11013	209.500 	 73.792 	 65.989
FHW11013	209.625 	 74.184 	 66.425
FHW11013	209.750 	 77.451 	 66.181
FHW11013	209.875 	 81.743 	 65.709
FHW11013	210.000 	 81.710 	 66.132
FHW11013	210.125 	 81.260 	 66.130
FHW11013	210.250 	 81.736 	 65.709
FHW11013	210.375 	 81.710 	 66.132
FHW11013	210.500 	 81.196 	 65.943
FHW11013	210.625 	 81.717 	 66.132
FHW11013	210.750 	 81.736 	 65.709
FHW11013	210.875 	 81.260 	 66.132
FHW11013	211.000 	 81.710 	 66.132
FHW11013	211.125 	 81.737 	 65.708
FHW11013	211.250 	 81.260 	 66.132
FHW11013	211.375 	 81.716 	 66.132
FHW11013	211.500 	 81.710 	 66.133
FHW11013	211.625 	 81.225 	 65.516
FHW11013	211.750 	 81.710 	 66.132
FHW11013	211.875 	 81.710 	 66.132
FHW11013	212.000 	 81.743 	 65.709
FHW11013	212.125 	 81.260 	 66.130
FHW11013	212.250 	 81.710 	 66.132
FHW11013	212.375 	 81.736 	 65.709
FHW11013	212.500 	 81.260 	 66.133
FHW11013	212.625 	 81.717 	 66.130
FHW11013	212.750 	 81.649 	 65.943
FHW11013	212.875 	 81.288 	 65.709
FHW11013	213.000 	 81.710 	 66.132
FHW11013	213.125 	 81.710 	 66.132
FHW11013	213.250 	 81.288 	 65.708
FHW11013	213.375 	 81.716 	 66.132
FHW11013	213.500 	 81.710 	 66.133
FHW11013	213.625 	 81.288 	 65.708
FHW11013	213.750 	 81.710 	 66.132
FHW11013	213.875 	 81.649 	 65.943
FHW11013	214.000 	 81.260 	 66.132
FHW11013	214.125 	 81.743 	 65.708
FHW11013	214.250 	 81.710 	 66.132
FHW11013	214.375 	 81.710 	 66.132
FHW11013	214.500 	 81.289 	 65.711
FHW11013	214.625 	 81.710 	 66.132
FHW11013	214.750 	 81.717 	 66.130
FHW11013	214.875 	 81.260 	 66.132
FHW11013	215.000 	 81.676 	 65.518
FHW11013	215.125 	 81.710 	 66.132
FHW11013	215.250 	 81.260 	 66.130
FHW11013	215.375 	 81.743 	 65.709
FHW11013	215.500 	 81.710 	 66.133
FHW11013	215.625 	 81.260 	 66.132
FHW11013	215.750 	 81.737 	 65.708
FHW11013	215.875 	 81.710 	 66.132
FHW11013	216.000 	 81.260 	 66.132
FHW11013	216.125 	 81.656 	 65.943
FHW11013	216.250 	 81.737 	 65.708
FHW11013	216.375 	 81.260 	 66.132
FHW11013	216.500 	 81.710 	 66.133
FHW11013	216.625 	 81.736 	 65.709
FHW11013	216.750 	 81.717 	 66.130
FHW11013	216.875 	 81.260 	 66.132
FHW11013	217.000 	 81.736 	 65.709
FHW11013	217.125 	 81.710 	 66.132
FHW11013	217.250 	 81.196 	 65.941
FHW11013	217.375 	 81.710 	 66.132
FHW11013	217.500 	 81.744 	 65.711
FHW11013	217.625 	 81.260 	 66.132
FHW11013	217.750 	 81.710 	 66.132
FHW11013	217.875 	 81.737 	 65.708
FHW11013	218.000 	 81.260 	 66.132
FHW11013	218.125 	 81.710 	 66.132
FHW11013	218.250 	 81.716 	 66.132
FHW11013	218.375 	 81.225 	 65.516
FHW11013	218.500 	 81.710 	 66.133
FHW11013	218.625 	 81.710 	 66.132
FHW11013	218.750 	 81.288 	 65.709
FHW11013	218.875 	 81.717 	 66.130
FHW11013	219.000 	 81.710 	 66.132
FHW11013	219.125 	 81.736 	 65.709
FHW11013	219.250 	 81.260 	 66.132
FHW11013	219.375 	 81.710 	 66.132
FHW11013	219.500 	 81.656 	 65.943
FHW11013	219.625 	 81.288 	 65.709
FHW11013	219.750 	 81.710 	 66.132
FHW11013	219.875 	 81.710 	 66.130
FHW11013	220.000 	 81.288 	 65.709
FHW11013	220.125 	 81.710 	 66.132
FHW11013	220.250 	 81.716 	 66.132
FHW11013	220.375 	 81.289 	 65.709
FHW11013	220.500 	 81.710 	 66.132
FHW11013	220.625 	 81.649 	 65.943
FHW11013	220.750 	 81.260 	 66.132
FHW11013	220.875 	 81.737 	 65.708
FHW11013	221.000 	 81.716 	 66.132
FHW11013	221.125 	 81.260 	 66.132
FHW11013	221.250 	 81.736 	 65.709
FHW11013	221.375 	 81.710 	 66.132
FHW11013	221.500 	 81.716 	 66.132
FHW11013	221.625 	 81.196 	 65.943
FHW11013	221.750 	 81.736 	 65.709
FHW11013	221.875 	 81.710 	 66.130
FHW11013	222.000 	 81.260 	 66.132
FHW11013	222.125 	 81.736 	 65.709
FHW11013	222.250 	 81.716 	 66.132
FHW11013	222.375 	 81.260 	 66.133
FHW11013	222.500 	 81.737 	 65.708
FHW11013	222.625 	 81.710 	 66.132
FHW11013	222.750 	 81.196 	 65.943
FHW11013	222.875 	 81.710 	 66.132
FHW11013	223.000 	 81.743 	 65.708
FHW11013	223.125 	 81.260 	 66.132
FHW11013	223.250 	 81.710 	 66.132
FHW11013	223.375 	 81.737 	 65.711
FHW11013	223.500 	 81.260 	 66.130
FHW11013	223.625 	 81.710 	 66.132
FHW11013	223.750 	 81.743 	 65.709
FHW11013	223.875 	 81.649 	 65.943
FHW11013	224.000 	 81.260 	 66.130
FHW11013	224.125 	 81.710 	 66.132
FHW11013	224.250 	 81.744 	 65.711
FHW11013	224.375 	 81.260 	 66.132
FHW11013	224.500 	 81.710 	 66.130
FHW11013	224.625 	 81.736 	 65.709
FHW11013	224.750 	 81.260 	 66.132
FHW11013	224.875 	 81.710 	 66.132
FHW11013	225.000 	 81.656 	 65.941
FHW11013	225.125 	 81.288 	 65.709
FHW11013	225.250 	 81.710 	 66.133
FHW11013	225.375 	 81.710 	 66.132
FHW11013	225.500 	 81.288 	 65.708
FHW11013	225.625 	 81.710 	 66.132
FHW11013	225.750 	 81.716 	 66.132
FHW11013	225.875 	 81.288 	 65.709
FHW11013	226.000 	 81.710 	 66.130
FHW11013	226.125 	 81.649 	 65.943
FHW11013	226.250 	 81.717 	 66.133
FHW11013	226.375 	 81.281 	 65.709
FHW11013	226.500 	 81.716 	 66.132
FHW11013	226.625 	 81.710 	 66.130
FHW11013	226.750 	 81.288 	 65.709
FHW11013	226.875 	 81.710 	 66.132
FHW11013	227.000 	 81.716 	 66.132
FHW11013	227.125 	 81.288 	 65.708
FHW11013	227.250 	 81.649 	 65.944
FHW11013	227.375 	 81.710 	 66.132
FHW11013	227.500 	 81.260 	 66.132
FHW11013	227.625 	 81.737 	 65.708
FHW11013	227.750 	 81.716 	 66.132
FHW11013	227.875 	 81.260 	 66.132
FHW11013	228.000 	 81.736 	 65.709
FHW11013	228.125 	 81.710 	 66.132
FHW11013	228.250 	 81.260 	 66.132
FHW11013	228.375 	 87.242 	 66.318
FHW11013	228.500 	 87.242 	 66.318
FHW11013	228.625 	 87.714 	 66.501
FHW11013	228.750 	 87.242 	 66.318
FHW11013	228.875 	 87.714 	 66.501
FHW11013	229.000 	 87.233 	 66.741
FHW11013	229.125 	 87.698 	 66.318
FHW11013	229.250 	 87.262 	 66.503
FHW11013	229.375 	 87.698 	 66.316
FHW11013	229.500 	 87.262 	 66.501
FHW11013	229.625 	 87.698 	 66.318
FHW11013	229.750 	 87.262 	 66.503
FHW11013	229.875 	 87.242 	 66.318
FHW11013	230.000 	 87.690 	 66.741
FHW11013	230.125 	 87.262 	 66.500
FHW11013	230.250 	 87.698 	 66.318
FHW11013	230.375 	 87.262 	 66.503
FHW11013	230.500 	 87.698 	 66.318
FHW11013	230.625 	 87.262 	 66.501
FHW11013	230.750 	 87.705 	 66.316
FHW11013	230.875 	 87.235 	 66.319
FHW11013	231.000 	 87.714 	 66.921
FHW11013	231.125 	 87.235 	 66.318
FHW11013	231.250 	 87.721 	 66.501
FHW11013	231.375 	 87.242 	 66.319
FHW11013	231.500 	 87.255 	 66.500
FHW11013	231.625 	 87.705 	 66.318
FHW11013	231.750 	 87.235 	 66.318
FHW11013	231.875 	 87.721 	 66.503
FHW11013	232.000 	 87.233 	 66.741
FHW11013	232.125 	 87.714 	 66.501
FHW11013	232.250 	 87.242 	 66.316
FHW11013	232.375 	 87.715 	 66.503
FHW11013	232.500 	 87.242 	 66.318
FHW11013	232.625 	 87.698 	 66.318
FHW11013	232.750 	 87.262 	 66.501
FHW11013	232.875 	 87.698 	 66.316
FHW11013	233.000 	 87.254 	 66.923
FHW11013	233.125 	 87.242 	 66.318
FHW11013	233.250 	 87.714 	 66.501
FHW11013	233.375 	 87.242 	 66.318
FHW11013	233.500 	 87.715 	 66.501
FHW11013	233.625 	 87.242 	 66.318
FHW11013	233.750 	 87.698 	 66.318
FHW11013	233.875 	 87.262 	 66.501
FHW11013	234.000 	 87.690 	 66.742
FHW11013	234.125 	 87.262 	 66.501
FHW11013	234.250 	 87.698 	 66.316
FHW11013	234.375 	 87.262 	 66.501
FHW11013	234.500 	 87.705 	 66.319
FHW11013	234.625 	 87.235 	 66.318
FHW11013	234.750 	 87.262 	 66.501
FHW11013	234.875 	 87.698 	 66.316
FHW11013	235.000 	 87.254 	 66.923
FHW11013	235.125 	 87.705 	 66.318
FHW11013	235.250 	 87.255 	 66.501
FHW11013	235.375 	 87.705 	 66.318
FHW11013	235.500 	 87.235 	 66.318
FHW11013	235.625 	 87.722 	 66.501
FHW11013	235.750 	 87.242 	 66.318
FHW11013	235.875 	 87.714 	 66.501
FHW11013	236.000 	 87.233 	 66.741
FHW11013	236.125 	 87.715 	 66.503
FHW11013	236.250 	 87.242 	 66.316
FHW11013	236.375 	 87.242 	 66.318
FHW11013	236.500 	 87.714 	 66.501
FHW11013	236.625 	 87.242 	 66.319
FHW11013	236.750 	 87.714 	 66.501
FHW11013	236.875 	 87.242 	 66.316
FHW11013	237.000 	 87.707 	 66.921
FHW11013	237.125 	 87.242 	 66.319
FHW11013	237.250 	 87.698 	 66.318
FHW11013	237.375 	 87.262 	 66.501
FHW11013	237.500 	 87.698 	 66.318
FHW11013	237.625 	 87.262 	 66.501
FHW11013	237.750 	 87.698 	 66.318
FHW11013	237.875 	 87.262 	 66.501
FHW11013	238.000 	 87.697 	 66.741
FHW11013	238.125 	 87.235 	 66.318
FHW11013	238.250 	 87.262 	 66.503
FHW11013	238.375 	 87.698 	 66.316
FHW11013	238.500 	 87.262 	 66.501
FHW11013	238.625 	 87.705 	 66.318
FHW11013	238.750 	 87.255 	 66.503
FHW11013	238.875 	 87.705 	 66.318
FHW11013	239.000 	 87.226 	 66.741
FHW11013	239.125 	 87.721 	 66.500
FHW11013	239.250 	 87.242 	 66.319
FHW11013	239.375 	 87.714 	 66.501
FHW11013	239.500 	 87.242 	 66.318
FHW11013	239.625 	 87.714 	 66.501
FHW11013	239.750 	 87.242 	 66.318
FHW11013	239.875 	 87.235 	 66.318
FHW11013	240.000 	 87.714 	 66.921
FHW11013	240.125 	 87.242 	 66.318
FHW11013	240.250 	 87.715 	 66.503
FHW11013	240.375 	 87.242 	 66.316
FHW11013	240.500 	 87.714 	 66.501
FHW11013	240.625 	 87.242 	 66.318
FHW11013	240.750 	 87.715 	 66.503
FHW11013	240.875 	 87.242 	 66.318
FHW11013	241.000 	 87.690 	 66.741
FHW11013	241.125 	 87.262 	 66.500
FHW11013	241.250 	 87.698 	 66.318
FHW11013	241.375 	 87.262 	 66.503
FHW11013	241.500 	 87.242 	 66.318
FHW11013	241.625 	 87.714 	 66.501
FHW11013	241.750 	 87.242 	 66.316
FHW11013	241.875 	 87.698 	 66.319
FHW11013	242.000 	 87.253 	 66.921
FHW11013	242.125 	 87.698 	 66.318
FHW11013	242.250 	 87.262 	 66.501
FHW11013	242.375 	 87.705 	 66.319
FHW11013	242.500 	 87.255 	 66.500
FHW11013	242.625 	 87.705 	 66.318
FHW11013	242.750 	 87.235 	 66.318
FHW11013	242.875 	 87.721 	 66.503
FHW11013	243.000 	 87.233 	 66.741
FHW11013	243.125 	 87.255 	 66.500
FHW11013	243.250 	 87.705 	 66.318
FHW11013	243.375 	 87.255 	 66.503
FHW11013	243.500 	 87.705 	 66.318
FHW11013	243.625 	 87.242 	 66.318
FHW11013	243.750 	 87.714 	 66.500
FHW11013	243.875 	 87.242 	 66.318
FHW11013	244.000 	 87.707 	 66.923
FHW11013	244.125 	 87.242 	 66.318
FHW11013	244.250 	 87.714 	 66.501
FHW11013	244.375 	 87.242 	 66.318
FHW11013	244.500 	 87.698 	 66.318
FHW11013	244.625 	 87.262 	 66.501
FHW11013	244.750 	 87.242 	 66.318
FHW11013	244.875 	 87.714 	 66.501
FHW11013	245.000 	 87.233 	 66.742
FHW11013	245.125 	 87.714 	 66.501
FHW11013	245.250 	 87.242 	 66.316
FHW11013	245.375 	 87.698 	 66.318
FHW11013	245.500 	 87.262 	 66.503
FHW11013	245.625 	 87.698 	 66.318
FHW11013	245.750 	 87.262 	 66.501
FHW11013	245.875 	 87.698 	 66.316
FHW11013	246.000 	 87.254 	 66.923
FHW11013	246.125 	 87.705 	 66.318
FHW11013	246.250 	 87.235 	 66.318
FHW11013	246.375 	 87.262 	 66.501
FHW11013	246.500 	 87.698 	 66.318
FHW11013	246.625 	 87.262 	 66.501
FHW11013	246.750 	 87.705 	 66.318
FHW11013	246.875 	 87.255 	 66.501
FHW11013	247.000 	 87.697 	 66.741
FHW11013	247.125 	 87.235 	 66.319
FHW11013	247.250 	 88.174 	 66.500
FHW11013	247.375 	 90.462 	 65.898
FHW11013	247.500 	 90.000 	 65.898
FHW11013	247.625 	 90.000 	 66.503
FHW11013	247.750 	 90.455 	 65.896
FHW11013	247.875 	 90.000 	 65.898
FHW11013	248.000 	 90.460 	 66.501
FHW11013	248.125 	 90.000 	 65.898
FHW11013	248.250 	 90.457 	 66.318
FHW11013	248.375 	 90.000 	 65.897
FHW11013	248.500 	 90.000 	 66.084
FHW11013	248.625 	 90.464 	 66.318
FHW11013	248.750 	 90.000 	 65.898
FHW11013	248.875 	 90.459 	 66.085
FHW11013	249.000 	 90.000 	 66.316
FHW11013	249.125 	 90.455 	 65.898
FHW11013	249.250 	 90.000 	 65.898
FHW11013	249.375 	 90.000 	 66.501
FHW11013	249.500 	 90.462 	 65.898
FHW11013	249.625 	 90.000 	 65.898
FHW11013	249.750 	 90.453 	 66.503
FHW11013	249.875 	 90.000 	 65.896
FHW11013	250.000 	 90.464 	 66.318
FHW11013	250.125 	 90.000 	 65.898
FHW11013	250.250 	 90.000 	 66.084
FHW11013	250.375 	 90.457 	 66.318
FHW11013	250.500 	 90.000 	 65.898
FHW11013	250.625 	 90.462 	 65.896
FHW11013	250.750 	 90.000 	 66.503
FHW11013	250.875 	 90.455 	 65.898
FHW11013	251.000 	 90.000 	 65.898
FHW11013	251.125 	 90.000 	 66.501
FHW11013	251.250 	 90.462 	 65.898
FHW11013	251.375 	 90.000 	 65.898
FHW11013	251.500 	 90.457 	 66.318
FHW11013	251.625 	 90.000 	 66.081
FHW11013	251.750 	 90.463 	 66.321
FHW11013	251.875 	 90.000 	 65.898
FHW11013	252.000 	 90.000 	 66.081
FHW11013	252.125 	 90.457 	 66.318
FHW11013	252.250 	 90.000 	 65.901
FHW11013	252.375 	 90.462 	 65.896
FHW11013	252.500 	 90.000 	 66.500
FHW11013	252.625 	 90.455 	 65.898
FHW11013	252.750 	 90.000 	 65.896
FHW11013	252.875 	 90.000 	 66.503
FHW11013	253.000 	 90.462 	 65.898
FHW11013	253.125 	 90.000 	 65.898
FHW11013	253.250 	 90.464 	 66.316
FHW11013	253.375 	 90.000 	 66.085
FHW11013	253.500 	 90.457 	 66.318
FHW11013	253.625 	 90.000 	 65.898
FHW11013	253.750 	 90.000 	 66.084
FHW11013	253.875 	 90.464 	 66.318
FHW11013	254.000 	 90.000 	 65.898
FHW11013	254.125 	 90.455 	 65.896
FHW11013	254.250 	 90.000 	 66.503
FHW11013	254.375 	 90.462 	 65.898
FHW11013	254.500 	 90.000 	 65.896
FHW11013	254.625 	 90.000 	 66.318
FHW11013	254.750 	 90.452 	 66.085
FHW11013	254.875 	 90.000 	 65.898
FHW11013	255.000 	 90.464 	 66.316
FHW11013	255.125 	 90.000 	 65.898
FHW11013	255.250 	 90.000 	 66.085
FHW11013	255.375 	 90.455 	 65.896
FHW11013	255.500 	 90.000 	 65.898
FHW11013	255.625 	 90.462 	 65.898
FHW11013	255.750 	 90.000 	 65.896
FHW11013	255.875 	 90.455 	 65.898
FHW11013	256.000 	 90.000 	 65.898
FHW11013	256.125 	 90.000 	 66.084
FHW11013	256.250 	 90.462 	 65.898
FHW11013	256.375 	 90.000 	 65.898
FHW11013	256.500 	 90.456 	 66.316
FHW11013	256.625 	 90.000 	 65.898
FHW11013	256.750 	 90.000 	 65.901
FHW11013	256.875 	 90.459 	 66.081
FHW11013	257.000 	 90.000 	 65.898
FHW11013	257.125 	 90.462 	 65.898
FHW11013	257.250 	 90.000 	 65.899
FHW11013	257.375 	 90.000 	 65.898
FHW11013	257.500 	 90.455 	 65.898
FHW11013	257.625 	 90.000 	 65.896
FHW11013	257.750 	 90.459 	 66.082
FHW11013	257.875 	 90.000 	 65.901
FHW11013	258.000 	 90.000 	 65.896
FHW11013	258.125 	 90.455 	 65.898
FHW11013	258.250 	 90.000 	 65.898
FHW11013	258.375 	 90.462 	 65.896
FHW11013	258.500 	 90.000 	 65.898
FHW11013	258.625 	 90.000 	 66.503
FHW11013	258.750 	 90.455 	 65.896
FHW11013	258.875 	 90.000 	 65.481
FHW11013	259.000 	 90.462 	 65.896
FHW11013	259.125 	 90.000 	 65.898
FHW11013	259.250 	 90.455 	 65.898
FHW11013	259.375 	 90.000 	 65.896
FHW11013	259.500 	 90.462 	 65.898
FHW11013	259.625 	 90.453 	 65.484
FHW11013	259.750 	 90.000 	 65.896
FHW11013	259.875 	 90.462 	 65.898
FHW11013	260.000 	 90.000 	 65.898
FHW11013	260.125 	 90.455 	 65.896
FHW11013	260.250 	 90.000 	 65.481
FHW11013	260.375 	 90.462 	 65.896
FHW11013	260.500 	 90.000 	 65.898
FHW11013	260.625 	 90.455 	 65.898
FHW11013	260.750 	 90.000 	 65.896
FHW11013	260.875 	 90.462 	 65.901
FHW11013	261.000 	 90.000 	 65.481
FHW11013	261.125 	 90.000 	 65.896
FHW11013	261.250 	 90.459 	 66.082
FHW11013	261.375 	 90.000 	 65.899
FHW11013	261.500 	 90.000 	 65.481
FHW11013	261.625 	 90.455 	 65.898
FHW11013	261.750 	 90.000 	 65.896
FHW11013	261.875 	 90.462 	 65.898
FHW11013	262.000 	 90.000 	 65.479
FHW11013	262.125 	 90.000 	 65.898
FHW11013	262.250 	 90.455 	 65.898
FHW11013	262.375 	 90.000 	 65.896
FHW11013	262.500 	 90.000 	 65.898
FHW11013	262.625 	 90.460 	 65.484
FHW11013	262.750 	 90.000 	 65.896
FHW11013	262.875 	 90.000 	 65.898
FHW11013	263.000 	 90.455 	 65.898
FHW11013	263.125 	 90.000 	 65.479
FHW11013	263.250 	 90.000 	 65.898
FHW11013	263.375 	 90.462 	 65.896
FHW11013	263.500 	 90.000 	 65.898
FHW11013	263.625 	 90.454 	 65.481
FHW11013	263.750 	 90.000 	 65.899
FHW11013	263.875 	 90.000 	 65.898
FHW11013	264.000 	 90.462 	 65.898
FHW11013	264.125 	 90.000 	 65.896
FHW11013	264.250 	 90.000 	 65.481
FHW11013	264.375 	 90.455 	 65.896
FHW11013	264.500 	 90.000 	 65.898
FHW11013	264.625 	 90.000 	 65.898
FHW11013	264.750 	 90.461 	 65.479
FHW11013	264.875 	 90.000 	 65.898
FHW11013	265.000 	 90.455 	 65.899
FHW11013	265.125 	 90.000 	 65.898
FHW11013	265.250 	 90.000 	 65.481
FHW11013	265.375 	 90.462 	 65.896
FHW11013	265.500 	 90.000 	 65.898
FHW11013	265.625 	 90.000 	 65.898
FHW11013	265.750 	 90.462 	 65.896
FHW11013	265.875 	 90.000 	 65.481
FHW11013	266.000 	 90.000 	 65.896
FHW11013	266.125 	 90.455 	 65.901
FHW11013	266.250 	 90.000 	 65.898
FHW11013	266.375 	 90.000 	 65.479
FHW11013	266.500 	 90.462 	 65.898
FHW11013	266.625 	 90.000 	 65.898
FHW11013	266.750 	 90.455 	 65.896
FHW11013	266.875 	 90.000 	 65.481
FHW11013	267.000 	 90.000 	 65.896
FHW11013	267.125 	 90.462 	 65.898
FHW11013	267.250 	 90.000 	 65.898
FHW11013	267.375 	 90.000 	 65.899
FHW11013	267.500 	 90.454 	 65.481
FHW11013	267.625 	 90.000 	 65.898
FHW11013	267.750 	 90.000 	 65.896
FHW11013	267.875 	 90.459 	 66.082
FHW11013	268.000 	 90.000 	 65.482
FHW11013	268.125 	 90.000 	 65.898
FHW11013	268.250 	 90.455 	 65.898
FHW11013	268.375 	 90.000 	 65.896
FHW11013	268.500 	 90.461 	 65.481
FHW11013	268.625 	 90.000 	 65.898
FHW11013	268.750 	 90.000 	 65.896
FHW11013	268.875 	 90.455 	 65.898
FHW11013	269.000 	 90.000 	 65.896
FHW11013	269.125 	 90.000 	 65.482
FHW11013	269.250 	 90.462 	 65.900
FHW11013	269.375 	 90.000 	 65.896
FHW11013	269.500 	 90.000 	 65.896
FHW11013	269.625 	 90.454 	 65.482
FHW11013	269.750 	 90.000 	 65.896
FHW11013	269.875 	 90.462 	 65.896
FHW11013	270.000 	 90.000 	 65.900
FHW11013	270.125 	 90.000 	 65.479
FHW11013	270.250 	 90.455 	 65.896
FHW11013	270.375 	 90.000 	 65.902
FHW11013	270.500 	 90.000 	 65.896
FHW11013	270.625 	 90.462 	 65.896
FHW11013	270.750 	 90.000 	 65.482
FHW11013	270.875 	 90.000 	 65.896
FHW11013	271.000 	 90.462 	 65.896
FHW11013	271.125 	 90.000 	 65.900
FHW11013	271.250 	 90.000 	 65.479
FHW11013	271.375 	 90.455 	 65.896
FHW11013	271.500 	 90.000 	 65.899
FHW11013	271.625 	 90.462 	 65.900
FHW11013	271.750 	 90.000 	 65.479
FHW11013	271.875 	 90.000 	 65.896
FHW11013	272.000 	 90.455 	 65.900
FHW11013	272.125 	 90.000 	 65.896
FHW11013	272.250 	 90.000 	 65.896
FHW11013	272.375 	 90.461 	 65.482
FHW11013	272.500 	 90.000 	 65.896
FHW11013	272.625 	 90.000 	 65.896
FHW11013	272.750 	 90.455 	 65.902
FHW11013	272.875 	 90.000 	 65.479
FHW11013	273.000 	 90.000 	 65.896
FHW11013	273.125 	 90.462 	 65.896
FHW11013	273.250 	 90.000 	 65.900
FHW11013	273.375 	 90.454 	 65.479
FHW11013	273.500 	 90.000 	 65.896
FHW11013	273.625 	 90.000 	 65.900
FHW11013	273.750 	 90.462 	 65.896
FHW11013	273.875 	 90.000 	 65.896
FHW11013	274.000 	 90.000 	 65.485
FHW11013	274.125 	 90.455 	 65.896
FHW11013	274.250 	 90.000 	 65.896
FHW11013	274.375 	 90.000 	 66.084
FHW11013	274.500 	 90.460 	 65.482
FHW11013	274.625 	 90.000 	 65.896
FHW11013	274.750 	 90.455 	 65.900
FHW11013	274.875 	 90.000 	 65.896
FHW11013	275.000 	 90.000 	 65.479
FHW11013	275.125 	 90.462 	 65.896
FHW11013	275.250 	 90.000 	 65.900
FHW11013	275.375 	 90.000 	 65.896
FHW11013	275.500 	 90.462 	 65.896
FHW11013	275.625 	 90.000 	 65.482
FHW11013	275.750 	 90.000 	 65.899
FHW11013	275.875 	 90.455 	 65.896
FHW11013	276.000 	 90.000 	 65.900
FHW11013	276.125 	 90.000 	 65.479
FHW11013	276.250 	 90.462 	 65.896
FHW11013	276.375 	 90.000 	 65.900
FHW11013	276.500 	 90.455 	 65.896
FHW11013	276.625 	 90.000 	 65.479
FHW11013	276.750 	 90.000 	 65.896
FHW11013	276.875 	 90.462 	 65.902
FHW11013	277.000 	 90.000 	 65.896
FHW11013	277.125 	 90.000 	 65.896
FHW11013	277.250 	 90.454 	 65.482
FHW11013	277.375 	 90.000 	 65.896
FHW11013	277.500 	 90.000 	 65.896
FHW11013	277.625 	 90.462 	 65.900
FHW11013	277.750 	 90.000 	 65.479
FHW11013	277.875 	 90.000 	 65.896
FHW11013	278.000 	 90.455 	 65.900
FHW11013	278.125 	 90.000 	 65.899
FHW11013	278.250 	 90.462 	 65.896
FHW11013	278.375 	 90.000 	 65.482
FHW11013	278.500 	 90.000 	 65.896
FHW11013	278.625 	 90.455 	 65.896
FHW11013	278.750 	 90.000 	 65.900
FHW11013	278.875 	 90.000 	 65.479
FHW11013	279.000 	 90.462 	 65.896
FHW11013	279.125 	 90.000 	 65.896
FHW11013	279.250 	 90.000 	 65.900
FHW11013	279.375 	 90.453 	 65.482
FHW11013	279.500 	 90.000 	 65.896
FHW11013	279.625 	 90.462 	 65.900
FHW11013	279.750 	 90.000 	 65.896
FHW11013	279.875 	 90.000 	 65.896
FHW11013	280.000 	 90.461 	 65.482
FHW11013	280.125 	 90.000 	 65.896
FHW11013	280.250 	 90.000 	 66.501
FHW11013	280.375 	 90.000 	 65.900
FHW11013	280.500 	 90.000 	 65.896
FHW11013	280.625 	 90.000 	 65.896
FHW11013	280.750 	 90.000 	 66.087
FHW11013	280.875 	 90.000 	 66.316
FHW11013	281.000 	 90.000 	 65.896
FHW11013	281.125 	 90.455 	 65.900
FHW11013	281.250 	 90.000 	 65.896
FHW11013	281.375 	 90.000 	 66.084
FHW11013	281.500 	 90.000 	 66.320
FHW11013	281.625 	 90.000 	 65.896
FHW11013	281.750 	 90.000 	 65.896
FHW11013	281.875 	 90.000 	 66.087
FHW11013	282.000 	 90.000 	 66.316
FHW11013	282.125 	 90.000 	 65.896
FHW11013	282.250 	 90.000 	 65.900
FHW11013	282.375 	 90.000 	 65.896
FHW11013	282.500 	 90.459 	 66.084
FHW11013	282.625 	 90.000 	 66.320
FHW11013	282.750 	 90.000 	 65.896
FHW11013	282.875 	 90.000 	 65.896
FHW11013	283.000 	 90.000 	 66.087
FHW11013	283.125 	 90.000 	 66.316
FHW11013	283.250 	 90.000 	 65.900
FHW11013	283.375 	 90.000 	 65.896
FHW11013	283.500 	 90.000 	 65.896
FHW11013	283.625 	 90.000 	 66.087
FHW11013	283.750 	 90.000 	 66.316
FHW11013	283.875 	 90.000 	 65.896
FHW11013	284.000 	 90.455 	 65.900
FHW11013	284.125 	 90.000 	 65.896
FHW11013	284.250 	 90.000 	 66.084
FHW11013	284.375 	 90.000 	 66.320
FHW11013	284.500 	 90.000 	 65.896
FHW11013	284.625 	 90.000 	 65.896
FHW11013	284.750 	 90.000 	 66.087
FHW11013	284.875 	 90.000 	 66.316
FHW11013	285.000 	 90.000 	 65.896
FHW11013	285.125 	 90.000 	 65.900
FHW11013	285.250 	 90.000 	 65.896
FHW11013	285.375 	 90.459 	 66.084
FHW11013	285.500 	 90.000 	 66.320
FHW11013	285.625 	 90.000 	 65.896
FHW11013	285.750 	 90.000 	 65.896
FHW11013	285.875 	 90.000 	 66.087
FHW11013	286.000 	 90.000 	 66.316
FHW11013	286.125 	 90.000 	 65.896
FHW11013	286.250 	 90.000 	 65.900
FHW11013	286.375 	 90.000 	 65.896
FHW11013	286.500 	 90.000 	 66.084
FHW11013	286.625 	 90.000 	 66.320
FHW11013	286.750 	 90.455 	 65.896
FHW11013	286.875 	 90.000 	 65.896
FHW11013	287.000 	 90.000 	 66.087
FHW11013	287.125 	 90.000 	 65.896
FHW11013	287.250 	 90.000 	 66.320
FHW11013	287.375 	 90.000 	 65.896
FHW11013	287.500 	 90.000 	 65.896
FHW11013	287.625 	 90.000 	 66.087
FHW11013	287.750 	 90.000 	 66.316
FHW11013	287.875 	 90.000 	 65.896
FHW11013	288.000 	 90.000 	 65.900
FHW11013	288.125 	 90.459 	 66.084
FHW11013	288.250 	 90.000 	 65.896
FHW11013	288.375 	 90.000 	 66.320
FHW11013	288.500 	 90.000 	 65.896
FHW11013	288.625 	 90.000 	 65.896
FHW11013	288.750 	 90.000 	 66.087
FHW11013	288.875 	 90.000 	 66.316
FHW11013	289.000 	 90.000 	 65.896
FHW11013	289.125 	 90.000 	 65.900
FHW11013	289.250 	 90.000 	 65.896
FHW11013	289.375 	 90.000 	 66.084
FHW11013	289.500 	 90.000 	 66.320
FHW11013	289.625 	 90.455 	 65.896
FHW11013	289.750 	 90.000 	 65.896
FHW11013	289.875 	 90.000 	 66.087
FHW11013	290.000 	 90.000 	 65.896
FHW11013	290.125 	 90.000 	 66.316
FHW11013	290.250 	 90.000 	 65.900
FHW11013	290.375 	 90.000 	 65.896
FHW11013	290.500 	 90.000 	 66.084
FHW11013	290.625 	 90.000 	 66.320
FHW11013	290.750 	 90.000 	 65.896
FHW11013	290.875 	 90.000 	 65.896
FHW11013	291.000 	 90.459 	 66.087
FHW11013	291.125 	 90.000 	 65.896
FHW11013	291.250 	 90.000 	 66.320
FHW11013	291.375 	 90.000 	 65.896
FHW11013	291.500 	 90.000 	 65.896
FHW11013	291.625 	 90.000 	 66.087
FHW11013	291.750 	 90.000 	 66.316
FHW11013	291.875 	 90.000 	 65.896
FHW11013	292.000 	 90.000 	 65.900
FHW11013	292.125 	 90.000 	 66.084
FHW11013	292.250 	 90.000 	 65.896
FHW11013	292.375 	 90.457 	 66.320
FHW11013	292.500 	 90.000 	 65.896
FHW11013	292.625 	 90.000 	 65.896
FHW11013	292.750 	 90.000 	 66.087
FHW11013	292.875 	 90.000 	 65.896
FHW11013	293.000 	 90.000 	 66.316
FHW11013	293.125 	 90.000 	 65.900
FHW11013	293.250 	 90.000 	 66.084
FHW11013	293.375 	 90.000 	 65.896
FHW11013	293.500 	 90.000 	 66.320
FHW11013	293.625 	 90.000 	 65.896
FHW11013	293.750 	 90.462 	 65.896
FHW11013	293.875 	 90.000 	 66.087
FHW11013	294.000 	 90.000 	 65.896
FHW11013	294.125 	 90.000 	 66.316
FHW11013	294.250 	 90.000 	 65.900
FHW11013	294.375 	 90.000 	 65.896
FHW11013	294.500 	 90.000 	 66.084
FHW11013	294.625 	 90.000 	 66.320
FHW11013	294.750 	 90.000 	 65.896
FHW11013	294.875 	 90.000 	 65.896
FHW11013	295.000 	 90.000 	 66.087
FHW11013	295.125 	 90.455 	 65.896
FHW11013	295.250 	 90.000 	 66.320
FHW11013	295.375 	 90.000 	 65.896
FHW11013	295.500 	 90.000 	 65.896
FHW11013	295.625 	 90.000 	 66.087
FHW11013	295.750 	 90.000 	 66.316
FHW11013	295.875 	 90.000 	 65.896
FHW11013	296.000 	 90.000 	 65.900
FHW11013	296.125 	 90.000 	 66.084
FHW11013	296.250 	 90.000 	 65.896
FHW11013	296.375 	 90.000 	 66.320
FHW11013	296.500 	 90.000 	 65.896
FHW11013	296.625 	 90.462 	 65.896
FHW11013	296.750 	 90.000 	 66.087
FHW11013	296.875 	 90.000 	 65.896
FHW11013	297.000 	 90.000 	 66.316
FHW11013	297.125 	 90.000 	 65.900
FHW11013	297.250 	 90.000 	 66.084
FHW11013	297.375 	 90.000 	 65.896
FHW11013	297.500 	 90.000 	 66.320
FHW11013	297.625 	 90.000 	 65.896
FHW11013	297.750 	 90.000 	 65.899
FHW11013	297.875 	 90.000 	 66.084
FHW11013	298.000 	 90.455 	 65.896
FHW11013	298.125 	 90.000 	 66.316
FHW11013	298.250 	 90.000 	 65.900
FHW11013	298.375 	 90.000 	 66.084
FHW11013	298.500 	 90.000 	 65.896
FHW11013	298.625 	 90.000 	 66.320
FHW11013	298.750 	 90.000 	 65.896
FHW11013	298.875 	 90.000 	 65.899
FHW11013	299.000 	 90.000 	 66.502
FHW11013	299.125 	 90.000 	 66.316
FHW11013	299.250 	 90.000 	 66.504
FHW11013	299.375 	 90.000 	 65.896
FHW11013	299.500 	 90.000 	 66.501
FHW11013	299.625 	 90.000 	 66.320
FHW11013	299.750 	 90.000 	 66.498
FHW11013	299.875 	 90.000 	 66.320
FHW11013	300.000 	 90.000 	 66.501
FHW11013	300.125 	 90.000 	 66.316
FHW11013	300.250 	 90.000 	 66.087
FHW11013	300.375 	 90.000 	 66.316
FHW11013	300.500 	 89.547 	 66.504
FHW11013	300.625 	 90.000 	 66.316
FHW11013	300.750 	 90.000 	 66.498
FHW11013	300.875 	 90.000 	 66.320
FHW11013	301.000 	 90.000 	 66.501
FHW11013	301.125 	 90.000 	 65.896
FHW11013	301.250 	 90.000 	 66.504
FHW11013	301.375 	 90.000 	 66.316
FHW11013	301.500 	 90.000 	 66.504
FHW11013	301.625 	 90.000 	 66.316
FHW11013	301.750 	 90.000 	 66.498
FHW11013	301.875 	 90.000 	 66.320
FHW11013	302.000 	 90.000 	 66.084
FHW11013	302.125 	 90.000 	 66.320
FHW11013	302.250 	 90.000 	 66.501
FHW11013	302.375 	 90.000 	 66.316
FHW11013	302.500 	 90.000 	 66.504
FHW11013	302.625 	 90.000 	 66.316
FHW11013	302.750 	 90.000 	 66.502
FHW11013	302.875 	 89.538 	 65.896
FHW11013	303.000 	 90.000 	 66.501
FHW11013	303.125 	 90.000 	 66.320
FHW11013	303.250 	 90.000 	 66.501
FHW11013	303.375 	 90.000 	 66.320
FHW11013	303.500 	 90.000 	 66.501
FHW11013	303.625 	 90.000 	 66.316
FHW11013	303.750 	 90.000 	 66.084
FHW11013	303.875 	 90.000 	 66.316
FHW11013	304.000 	 90.000 	 66.501
FHW11013	304.125 	 90.000 	 66.320
FHW11013	304.250 	 90.000 	 66.501
FHW11013	304.375 	 90.000 	 66.320
FHW11013	304.500 	 90.000 	 66.501
FHW11013	304.625 	 90.000 	 65.896
FHW11013	304.750 	 90.000 	 66.502
FHW11013	304.875 	 90.000 	 66.316
FHW11013	305.000 	 90.000 	 66.504
FHW11013	305.125 	 90.000 	 66.316
FHW11013	305.250 	 89.547 	 66.501
FHW11013	305.375 	 90.000 	 66.320
FHW11013	305.500 	 90.000 	 66.081
FHW11013	305.625 	 90.000 	 66.322
FHW11013	305.750 	 90.000 	 66.498
FHW11013	305.875 	 90.000 	 66.316
FHW11013	306.000 	 90.000 	 66.504
FHW11013	306.125 	 90.000 	 66.501
FHW11013	306.250 	 90.000 	 66.320
FHW11013	306.375 	 90.000 	 66.081
FHW11013	306.500 	 90.000 	 66.316
FHW11013	306.625 	 90.000 	 66.504
FHW11013	306.750 	 90.000 	 66.316
FHW11013	306.875 	 90.000 	 66.501
FHW11013	307.000 	 90.000 	 66.320
FHW11013	307.125 	 90.000 	 66.501
FHW11013	307.250 	 90.000 	 65.900
FHW11013	307.375 	 90.000 	 66.498
FHW11013	307.500 	 89.536 	 66.316
FHW11013	307.625 	 90.000 	 66.504
FHW11013	307.750 	 90.000 	 66.316
FHW11013	307.875 	 90.000 	 66.504
FHW11013	308.000 	 90.000 	 66.316
FHW11013	308.125 	 90.000 	 66.084
FHW11013	308.250 	 90.000 	 66.320
FHW11013	308.375 	 90.000 	 66.498
FHW11013	308.500 	 90.000 	 66.320
FHW11013	308.625 	 90.000 	 66.501
FHW11013	308.750 	 90.000 	 66.316
FHW11013	308.875 	 90.000 	 66.087
FHW11013	309.000 	 90.000 	 66.316
FHW11013	309.125 	 90.000 	 66.501
FHW11013	309.250 	 90.000 	 66.320
FHW11013	309.375 	 90.000 	 66.498
FHW11013	309.500 	 90.000 	 66.320
FHW11013	309.625 	 90.000 	 66.501
FHW11013	309.750 	 90.000 	 65.896
FHW11013	309.875 	 89.547 	 66.504
FHW11013	310.000 	 90.000 	 66.316
FHW11013	310.125 	 90.000 	 66.504
FHW11013	310.250 	 90.000 	 66.316
FHW11013	310.375 	 90.000 	 66.498
FHW11013	310.500 	 90.000 	 66.320
FHW11013	310.625 	 90.000 	 66.084
FHW11013	310.750 	 90.000 	 66.316
FHW11013	310.875 	 90.000 	 66.504
FHW11013	311.000 	 90.000 	 66.316
FHW11013	311.125 	 90.000 	 66.504
FHW11013	311.250 	 90.000 	 66.316
FHW11013	311.375 	 90.000 	 66.498
FHW11013	311.500 	 90.000 	 65.900
FHW11013	311.625 	 90.000 	 66.501
FHW11013	311.750 	 90.000 	 66.320
FHW11013	311.875 	 90.000 	 66.501
FHW11013	312.000 	 90.000 	 66.316
FHW11013	312.125 	 90.000 	 66.502
FHW11013	312.250 	 89.537 	 66.319
FHW11013	312.375 	 90.000 	 66.084
FHW11013	312.500 	 90.000 	 66.316
FHW11013	312.625 	 90.000 	 66.501
FHW11013	312.750 	 90.000 	 66.320
FHW11013	312.875 	 90.000 	 66.501
FHW11013	313.000 	 90.000 	 66.320
FHW11013	313.125 	 90.000 	 66.498
FHW11013	313.250 	 90.000 	 65.899
FHW11013	313.375 	 90.000 	 66.502
FHW11013	313.500 	 90.000 	 66.316
FHW11013	313.625 	 90.000 	 66.501
FHW11013	313.750 	 90.000 	 66.320
FHW11013	313.875 	 90.000 	 66.501
FHW11013	314.000 	 90.000 	 66.320
FHW11013	314.125 	 90.000 	 66.081
FHW11013	314.250 	 90.000 	 66.319
FHW11013	314.375 	 90.000 	 66.502
FHW11013	314.500 	 90.000 	 66.316
FHW11013	314.625 	 89.547 	 66.504
FHW11013	314.750 	 90.000 	 66.316
FHW11013	314.875 	 90.000 	 66.501
FHW11013	315.000 	 90.000 	 65.900
FHW11013	315.125 	 90.000 	 66.498
FHW11013	315.250 	 90.000 	 66.322
FHW11013	315.375 	 90.000 	 66.498
FHW11013	315.500 	 90.000 	 66.316
FHW11013	315.625 	 90.000 	 66.504
FHW11013	315.750 	 90.000 	 66.316
FHW11013	315.875 	 90.000 	 66.084
FHW11013	316.000 	 90.000 	 66.320
FHW11013	316.125 	 90.000 	 66.498
FHW11013	316.250 	 90.000 	 66.320
FHW11013	316.375 	 90.000 	 66.501
FHW11013	316.500 	 90.000 	 66.316
FHW11013	316.625 	 90.000 	 66.504
FHW11013	316.750 	 90.000 	 65.896
FHW11013	316.875 	 89.540 	 66.504
FHW11013	317.000 	 90.000 	 66.316
FHW11013	317.125 	 90.000 	 66.498
FHW11013	317.250 	 90.000 	 66.320
FHW11013	317.375 	 90.000 	 66.501
FHW11013	317.500 	 90.000 	 66.320
FHW11013	317.625 	 90.000 	 66.084
FHW11013	317.750 	 90.000 	 66.316
FHW11013	317.875 	 89.543 	 66.320
FHW11013	318.000 	 90.000 	 66.084
FHW11013	318.125 	 90.000 	 66.316
FHW11013	318.250 	 89.540 	 66.502
FHW11013	318.375 	 90.000 	 65.899
FHW11013	318.500 	 90.000 	 66.320
FHW11013	318.625 	 89.548 	 66.081
FHW11013	318.750 	 90.000 	 66.316
FHW11013	318.875 	 90.000 	 66.504
FHW11013	319.000 	 89.538 	 65.896
FHW11013	319.125 	 90.000 	 66.316
FHW11013	319.250 	 90.000 	 66.504
FHW11013	319.375 	 89.545 	 65.896
FHW11013	319.500 	 90.000 	 66.504
FHW11013	319.625 	 90.000 	 66.316
FHW11013	319.750 	 89.538 	 65.896
FHW11013	319.875 	 90.000 	 66.502
FHW11013	320.000 	 90.000 	 65.899
FHW11013	320.125 	 89.540 	 66.498
FHW11013	320.250 	 90.000 	 66.320
FHW11013	320.375 	 90.000 	 65.896
FHW11013	320.500 	 89.547 	 66.504
FHW11013	320.625 	 90.000 	 66.316
FHW11013	320.750 	 90.000 	 66.084
FHW11013	320.875 	 89.536 	 66.320
FHW11013	321.000 	 90.000 	 66.501
FHW11013	321.125 	 90.000 	 65.896
FHW11013	321.250 	 89.543 	 66.320
FHW11013	321.375 	 90.000 	 66.081
FHW11013	321.500 	 90.000 	 66.322
FHW11013	321.625 	 89.540 	 66.498
FHW11013	321.750 	 90.000 	 65.896
FHW11013	321.875 	 90.000 	 66.320
FHW11013	322.000 	 89.547 	 66.501
FHW11013	322.125 	 90.000 	 65.896
FHW11013	322.250 	 90.000 	 66.504
FHW11013	322.375 	 89.536 	 66.316
FHW11013	322.500 	 90.000 	 65.900
FHW11013	322.625 	 89.547 	 66.501
FHW11013	322.750 	 90.000 	 65.896
FHW11013	322.875 	 90.000 	 66.502
FHW11013	323.000 	 89.536 	 66.316
FHW11013	323.125 	 90.000 	 65.899
FHW11013	323.250 	 90.000 	 66.502
FHW11013	323.375 	 89.544 	 66.316
FHW11013	323.500 	 90.000 	 66.084
FHW11013	323.625 	 90.000 	 66.320
FHW11013	323.750 	 89.536 	 66.316
FHW11013	323.875 	 90.000 	 66.087
FHW11013	324.000 	 90.000 	 66.316
FHW11013	324.125 	 89.548 	 66.084
FHW11013	324.250 	 90.000 	 66.320
FHW11013	324.375 	 90.000 	 66.316
FHW11013	324.500 	 89.541 	 66.081
FHW11013	324.625 	 90.000 	 66.320
FHW11013	324.750 	 90.000 	 66.501
FHW11013	324.875 	 89.538 	 65.900
FHW11013	325.000 	 90.000 	 66.316
FHW11013	325.125 	 90.000 	 66.501
FHW11013	325.250 	 89.545 	 65.900
FHW11013	325.375 	 90.000 	 66.501
FHW11013	325.500 	 90.000 	 65.896
FHW11013	325.625 	 89.536 	 66.320
FHW11013	325.750 	 90.000 	 66.501
FHW11013	325.875 	 90.000 	 65.900
FHW11013	326.000 	 89.547 	 66.498
FHW11013	326.125 	 90.000 	 66.316
FHW11013	326.250 	 90.000 	 65.900
FHW11013	326.375 	 89.540 	 66.501
FHW11013	326.500 	 90.000 	 66.320
FHW11013	326.625 	 90.000 	 66.084
FHW11013	326.750 	 89.544 	 66.316
FHW11013	326.875 	 90.000 	 66.087
FHW11013	327.000 	 90.000 	 66.316
FHW11013	327.125 	 89.536 	 66.316
FHW11013	327.250 	 90.000 	 66.084
FHW11013	327.375 	 90.000 	 66.319
FHW11013	327.500 	 89.547 	 66.498
FHW11013	327.625 	 90.000 	 65.900
FHW11013	327.750 	 90.000 	 66.316
FHW11013	327.875 	 89.540 	 66.504
FHW11013	328.000 	 90.000 	 65.896
FHW11013	328.125 	 90.000 	 66.501
FHW11013	328.250 	 89.545 	 65.900
FHW11013	328.375 	 90.000 	 66.316
FHW11013	328.500 	 90.000 	 66.501
FHW11013	328.625 	 89.538 	 65.900
FHW11013	328.750 	 90.000 	 66.498
FHW11013	328.875 	 90.000 	 66.322
FHW11013	329.000 	 89.545 	 65.896
FHW11013	329.125 	 90.000 	 66.498
FHW11013	329.250 	 90.000 	 66.320
FHW11013	329.375 	 89.541 	 66.084
FHW11013	329.500 	 90.000 	 66.316
FHW11013	329.625 	 90.000 	 66.320
FHW11013	329.750 	 89.541 	 66.084
FHW11013	329.875 	 90.000 	 66.320
FHW11013	330.000 	 90.000 	 66.084
FHW11013	330.125 	 89.544 	 66.316
FHW11013	330.250 	 90.000 	 66.320
FHW11013	330.375 	 89.541 	 66.081
FHW11013	330.500 	 90.000 	 66.319
FHW11013	330.625 	 90.000 	 66.502
FHW11013	330.750 	 89.545 	 65.896
FHW11013	330.875 	 90.000 	 66.320
FHW11013	331.000 	 90.000 	 66.501
FHW11013	331.125 	 89.538 	 65.896
FHW11013	331.250 	 90.000 	 66.504
FHW11013	331.375 	 90.000 	 65.896
FHW11013	331.500 	 89.544 	 66.316
FHW11013	331.625 	 90.000 	 66.504
FHW11013	331.750 	 90.000 	 65.896
FHW11013	331.875 	 89.540 	 66.502
FHW11013	332.000 	 90.000 	 66.316
FHW11013	332.125 	 90.000 	 66.084
FHW11013	332.250 	 89.543 	 66.320
FHW11013	332.375 	 90.000 	 66.316
FHW11013	332.500 	 90.000 	 66.084
FHW11013	332.625 	 89.536 	 66.320
FHW11013	332.750 	 90.000 	 66.084
FHW11013	332.875 	 90.000 	 66.320
FHW11013	333.000 	 89.544 	 66.316
FHW11013	333.125 	 90.000 	 66.084
FHW11013	333.250 	 90.000 	 66.320
FHW11013	333.375 	 89.540 	 66.498
FHW11013	333.500 	 90.000 	 65.896
FHW11013	333.625 	 90.000 	 66.320
FHW11013	333.750 	 89.547 	 66.501
FHW11013	333.875 	 90.000 	 65.900
FHW11013	334.000 	 90.000 	 66.501
FHW11013	334.125 	 89.538 	 65.896
FHW11013	334.250 	 90.000 	 66.320
FHW11013	334.375 	 90.000 	 66.501
FHW11013	334.500 	 89.545 	 65.896
FHW11013	334.625 	 90.000 	 66.502
FHW11013	334.750 	 90.000 	 66.319
FHW11013	334.875 	 89.538 	 65.900
FHW11013	335.000 	 90.000 	 66.498
FHW11013	335.125 	 90.000 	 66.316
FHW11013	335.250 	 89.541 	 66.087
FHW11013	335.375 	 90.000 	 66.316
FHW11013	335.500 	 90.000 	 65.896
FHW11013	335.625 	 89.547 	 66.504
FHW11013	335.750 	 90.000 	 66.316
FHW11013	335.875 	 90.000 	 66.084
FHW11013	336.000 	 89.536 	 66.320
FHW11013	336.125 	 90.000 	 66.316
FHW11013	336.250 	 90.000 	 66.087
FHW11013	336.375 	 89.545 	 65.896
FHW11013	336.500 	 90.000 	 65.896
FHW11013	336.625 	 89.538 	 65.900
FHW11013	336.750 	 90.000 	 65.896
FHW11013	336.875 	 89.548 	 66.084
FHW11013	337.000 	 90.000 	 65.900
FHW11013	337.125 	 90.000 	 65.896
FHW11013	337.250 	 89.538 	 65.896
FHW11013	337.375 	 90.000 	 65.900
FHW11013	337.500 	 89.545 	 65.896
FHW11013	337.625 	 90.000 	 65.896
FHW11013	337.750 	 90.000 	 65.900
FHW11013	337.875 	 89.538 	 65.896
FHW11013	338.000 	 90.000 	 66.084
FHW11013	338.125 	 89.545 	 65.900
FHW11013	338.250 	 90.000 	 65.896
FHW11013	338.375 	 90.000 	 65.896
FHW11013	338.500 	 89.538 	 65.900
FHW11013	338.625 	 90.000 	 65.899
FHW11013	338.750 	 89.545 	 65.896
FHW11013	338.875 	 90.000 	 65.900
FHW11013	339.000 	 89.541 	 66.081
FHW11013	339.125 	 90.000 	 65.899
FHW11013	339.250 	 90.000 	 65.896
FHW11013	339.375 	 89.538 	 65.900
FHW11013	339.500 	 90.000 	 65.896
FHW11013	339.625 	 89.545 	 65.896
FHW11013	339.750 	 90.000 	 65.900
FHW11013	339.875 	 90.000 	 65.896
FHW11013	340.000 	 89.541 	 66.084
FHW11013	340.125 	 90.000 	 65.900
FHW11013	340.250 	 89.545 	 65.896
FHW11013	340.375 	 90.000 	 65.896
FHW11013	340.500 	 89.538 	 65.900
FHW11013	340.625 	 90.000 	 65.896
FHW11013	340.750 	 90.000 	 65.896
FHW11013	340.875 	 89.545 	 65.900
FHW11013	341.000 	 90.000 	 66.084
FHW11013	341.125 	 89.538 	 65.896
FHW11013	341.250 	 90.000 	 65.900
FHW11013	341.375 	 90.000 	 65.896
FHW11013	341.500 	 89.545 	 65.899
FHW11013	341.625 	 90.000 	 65.900
FHW11013	341.750 	 89.538 	 65.896
FHW11013	341.875 	 90.000 	 65.896
FHW11013	342.000 	 89.545 	 65.900
FHW11013	342.125 	 90.000 	 66.084
FHW11013	342.250 	 90.000 	 65.896
FHW11013	342.375 	 89.538 	 65.900
FHW11013	342.500 	 90.000 	 65.896
FHW11013	342.625 	 89.545 	 65.896
FHW11013	342.750 	 90.000 	 65.900
FHW11013	342.875 	 90.000 	 65.896
FHW11013	343.000 	 89.538 	 65.896
FHW11013	343.125 	 90.000 	 66.087
FHW11013	343.250 	 89.545 	 65.896
FHW11013	343.375 	 90.000 	 65.896
FHW11013	343.500 	 89.538 	 65.900
FHW11013	343.625 	 90.000 	 65.896
FHW11013	343.750 	 90.000 	 65.896
FHW11013	343.875 	 89.538 	 65.902
FHW11013	344.000 	 90.000 	 65.896
FHW11013	344.125 	 89.548 	 66.081
FHW11013	344.250 	 90.000 	 65.900
FHW11013	344.375 	 90.000 	 65.899
FHW11013	344.500 	 89.538 	 65.896
FHW11013	344.625 	 90.000 	 65.900
FHW11013	344.750 	 89.545 	 65.896
FHW11013	344.875 	 90.000 	 65.896
FHW11013	345.000 	 90.000 	 65.900
FHW11013	345.125 	 89.541 	 66.084
FHW11013	345.250 	 90.000 	 65.896
FHW11013	345.375 	 89.545 	 65.900
FHW11013	345.500 	 90.000 	 65.896
FHW11013	345.625 	 89.538 	 65.896
FHW11013	345.750 	 90.000 	 65.900
FHW11013	345.875 	 90.000 	 65.896
FHW11013	346.000 	 89.545 	 65.896
FHW11013	346.125 	 90.000 	 65.902
FHW11013	346.250 	 89.541 	 66.081
FHW11013	346.375 	 90.000 	 65.896
FHW11013	346.500 	 90.000 	 65.900
FHW11013	346.625 	 89.545 	 65.896
FHW11013	346.750 	 90.000 	 65.899
FHW11013	346.875 	 89.538 	 65.900
FHW11013	347.000 	 90.000 	 65.896
FHW11013	347.125 	 89.545 	 65.896
FHW11013	347.250 	 90.000 	 66.084
FHW11013	347.375 	 90.000 	 65.900
FHW11013	347.500 	 89.538 	 65.896
FHW11013	347.625 	 90.000 	 65.896
FHW11013	347.750 	 89.538 	 65.900
FHW11013	347.875 	 90.000 	 65.896
FHW11013	348.000 	 90.000 	 65.896
FHW11013	348.125 	 89.545 	 65.900
FHW11013	348.250 	 90.000 	 66.084
FHW11013	348.375 	 89.538 	 65.896
FHW11013	348.500 	 90.000 	 65.900
FHW11013	348.625 	 89.545 	 65.896
FHW11013	348.750 	 90.000 	 65.896
FHW11013	348.875 	 90.000 	 65.900
FHW11013	349.000 	 89.538 	 65.899
FHW11013	349.125 	 90.000 	 65.896
FHW11013	349.250 	 89.548 	 66.084
FHW11013	349.375 	 90.000 	 65.896
FHW11013	349.500 	 90.000 	 65.896
FHW11013	349.625 	 89.538 	 65.902
FHW11013	349.750 	 90.000 	 65.896
FHW11013	349.875 	 89.545 	 65.896
FHW11013	350.000 	 90.000 	 65.900
FHW11013	350.125 	 89.538 	 65.896
FHW11013	350.250 	 90.000 	 66.084
FHW11013	350.375 	 90.000 	 65.900
FHW11013	350.500 	 89.545 	 65.896
FHW11013	350.625 	 90.000 	 65.896
FHW11013	350.750 	 89.538 	 65.900
FHW11013	350.875 	 90.000 	 65.896
FHW11013	351.000 	 90.000 	 65.896
FHW11013	351.125 	 89.545 	 65.900
FHW11013	351.250 	 90.000 	 65.896
FHW11013	351.375 	 89.541 	 66.084
FHW11013	351.500 	 90.000 	 65.900
FHW11013	351.625 	 89.545 	 65.896
FHW11013	351.750 	 90.000 	 65.896
FHW11013	351.875 	 90.000 	 65.902
FHW11013	352.000 	 89.538 	 65.896
FHW11013	352.125 	 90.000 	 65.896
FHW11013	352.250 	 89.538 	 65.900
FHW11013	352.375 	 90.000 	 66.081
FHW11013	352.500 	 90.000 	 65.899
FHW11013	352.625 	 89.545 	 65.900
FHW11013	352.750 	 90.000 	 65.896
FHW11013	352.875 	 89.538 	 65.896
FHW11013	353.000 	 90.000 	 65.900
FHW11013	353.125 	 90.000 	 65.896
FHW11013	353.250 	 89.545 	 65.896
FHW11013	353.375 	 90.000 	 66.087
FHW11013	353.500 	 89.538 	 65.896
FHW11013	353.625 	 90.000 	 65.896
FHW11013	353.750 	 89.545 	 65.900
FHW11013	353.875 	 90.000 	 65.896
FHW11013	354.000 	 90.000 	 65.896
FHW11013	354.125 	 89.538 	 65.900
FHW11013	354.250 	 90.000 	 65.899
FHW11013	354.375 	 89.548 	 66.081
FHW11013	354.500 	 90.000 	 65.900
FHW11013	354.625 	 90.000 	 65.896
FHW11013	354.750 	 89.538 	 65.899
FHW11013	354.875 	 90.000 	 65.896
FHW11013	355.000 	 89.545 	 65.900
FHW11013	355.125 	 90.455 	 65.896
FHW11013	355.250 	 90.460 	 66.502
FHW11013	355.375 	 90.000 	 65.899
FHW11013	355.500 	 90.455 	 65.896
FHW11013	355.625 	 90.000 	 66.320
FHW11013	355.750 	 90.459 	 66.081
FHW11013	355.875 	 90.000 	 65.899
FHW11013	356.000 	 90.455 	 65.900
FHW11013	356.125 	 90.464 	 66.316
FHW11013	356.250 	 90.000 	 65.896
FHW11013	356.375 	 90.452 	 66.087
FHW11013	356.500 	 90.000 	 65.896
FHW11013	356.625 	 90.464 	 66.316
FHW11013	356.750 	 90.455 	 65.900
FHW11013	356.875 	 90.000 	 66.081
FHW11013	357.000 	 90.462 	 65.899
FHW11013	357.125 	 90.000 	 66.320
FHW11013	357.250 	 90.462 	 65.896
FHW11013	357.375 	 90.000 	 66.081
FHW11013	357.500 	 90.455 	 65.902
FHW11013	357.625 	 90.464 	 66.316
FHW11013	357.750 	 90.000 	 65.896
FHW11013	357.875 	 90.452 	 66.084
FHW11013	358.000 	 90.000 	 65.896
FHW11013	358.125 	 90.463 	 66.322
FHW11013	358.250 	 90.000 	 65.896
FHW11013	358.375 	 90.455 	 65.896
FHW11013	358.500 	 90.459 	 66.084
FHW11013	358.625 	 90.000 	 66.319
FHW11013	358.750 	 90.455 	 65.896
FHW11013	358.875 	 90.000 	 65.900
FHW11013	359.000 	 90.460 	 66.498
FHW11013	359.125 	 90.455 	 65.896
FHW11013	359.250 	 90.000 	 65.902
FHW11013	359.375 	 90.462 	 65.896
FHW11013	359.500 	 90.000 	 66.498
FHW11013	359.625 	 90.455 	 65.900
FHW11013	359.750 	 90.000 	 65.899
FHW11013	359.875 	 90.462 	 65.896
FHW11013	360.000 	 90.453 	 66.502
FHW11013	360.125 	 90.000 	 65.896
FHW11013	360.250 	 90.462 	 65.896
FHW11013	360.375 	 90.000 	 65.902
FHW11013	360.500 	 90.464 	 66.316
FHW11013	360.625 	 90.000 	 66.081
FHW11013	360.750 	 90.455 	 65.900
FHW11013	360.875 	 90.462 	 65.899
FHW11013	361.000 	 90.000 	 66.320
FHW11013	361.125 	 90.452 	 66.081
FHW11013	361.250 	 90.000 	 65.896
FHW11013	361.375 	 90.462 	 65.896
FHW11013	361.500 	 90.456 	 66.322
FHW11013	361.625 	 90.000 	 66.081
FHW11013	361.750 	 90.462 	 65.900
FHW11013	361.875 	 90.000 	 65.896
FHW11013	362.000 	 90.456 	 66.319
FHW11013	362.125 	 90.000 	 66.084
FHW11013	362.250 	 90.462 	 65.896
FHW11013	362.375 	 90.455 	 65.896
FHW11013	362.500 	 90.000 	 66.320
FHW11013	362.625 	 90.462 	 65.899
FHW11013	362.750 	 90.000 	 66.081
FHW11013	362.875 	 90.457 	 66.320
FHW11013	363.000 	 90.000 	 65.896
FHW11013	363.125 	 90.462 	 65.899
FHW11013	363.250 	 90.459 	 66.084
FHW11013	363.375 	 90.000 	 66.316
FHW11013	363.500 	 90.455 	 65.896
FHW11013	363.625 	 90.000 	 65.902
FHW11013	363.750 	 90.459 	 66.081
FHW11013	363.875 	 90.000 	 66.316
FHW11013	364.000 	 90.455 	 65.900
FHW11013	364.125 	 90.462 	 65.896
FHW11013	364.250 	 90.000 	 66.084
FHW11013	364.375 	 90.457 	 66.320
FHW11013	364.500 	 90.000 	 65.896
FHW11013	364.625 	 90.462 	 65.900
FHW11013	364.750 	 90.455 	 65.899
FHW11013	364.875 	 90.000 	 66.498
FHW11013	365.000 	 90.462 	 65.900
FHW11013	365.125 	 90.000 	 65.896
FHW11013	365.250 	 90.455 	 65.896
FHW11013	365.375 	 90.000 	 66.504
FHW11013	365.500 	 90.462 	 65.896
FHW11013	365.625 	 90.455 	 65.896
FHW11013	365.750 	 90.000 	 65.900
FHW11013	365.875 	 90.460 	 66.501
FHW11013	366.000 	 90.000 	 65.896
FHW11013	366.125 	 90.455 	 65.900
FHW11013	366.250 	 90.000 	 66.316
FHW11013	366.375 	 90.459 	 66.084
FHW11013	366.500 	 90.462 	 65.900
FHW11013	366.625 	 90.000 	 65.896
FHW11013	366.750 	 90.456 	 66.316
FHW11013	366.875 	 90.000 	 65.900
FHW11013	367.000 	 90.459 	 66.084
FHW11013	367.125 	 90.455 	 65.896
FHW11013	367.250 	 90.000 	 66.320
FHW11013	367.375 	 90.462 	 65.896
FHW11013	367.500 	 90.000 	 66.084
FHW11013	367.625 	 90.455 	 65.900
FHW11013	367.750 	 90.000 	 66.316
FHW11013	367.875 	 90.462 	 65.900
FHW11013	368.000 	 90.452 	 66.084
FHW11013	368.125 	 90.000 	 65.896
FHW11013	368.250 	 90.464 	 66.320
FHW11013	368.375 	 90.000 	 65.896
FHW11013	368.500 	 90.452 	 66.084
FHW11013	368.625 	 90.000 	 65.900
FHW11013	368.750 	 90.464 	 66.316
FHW11013	368.875 	 90.455 	 65.896
FHW11013	369.000 	 90.000 	 65.900
FHW11013	369.125 	 90.459 	 66.084
FHW11013	369.250 	 90.000 	 66.316
FHW11013	369.375 	 90.462 	 65.900
FHW11013	369.500 	 90.455 	 65.896
FHW11013	369.625 	 90.000 	 66.084
FHW11013	369.750 	 90.464 	 66.320
FHW11013	369.875 	 90.000 	 65.896
FHW11013	370.000 	 90.455 	 65.896
FHW11013	370.125 	 90.000 	 66.504
FHW11013	370.250 	 90.462 	 65.896
FHW11013	370.375 	 90.455 	 65.896
FHW11013	370.500 	 90.000 	 65.900
FHW11013	370.625 	 90.460 	 66.501
FHW11013	370.750 	 90.000 	 65.900
FHW11013	370.875 	 90.455 	 65.896
FHW11013	371.000 	 90.000 	 65.896
FHW11013	371.125 	 90.464 	 66.320
FHW11013	371.250 	 90.452 	 66.084
FHW11013	371.375 	 90.000 	 65.896
FHW11013	371.500 	 90.462 	 65.900
FHW11013	371.625 	 90.000 	 66.316
FHW11013	371.750 	 90.452 	 66.084
FHW11013	371.875 	 90.000 	 65.900
FHW11013	372.000 	 90.462 	 65.896
FHW11013	372.125 	 90.456 	 66.316
FHW11013	372.250 	 90.000 	 66.087
FHW11013	372.375 	 90.462 	 65.896
FHW11013	372.500 	 90.000 	 65.896
FHW11013	372.625 	 90.464 	 66.320
FHW11013	372.750 	 90.452 	 66.084
FHW11013	372.875 	 90.000 	 65.896
FHW11013	373.000 	 90.462 	 65.900
FHW11013	373.125 	 90.000 	 66.316
FHW11013	373.250 	 90.455 	 65.896
FHW11013	373.375 	 90.000 	 66.087
FHW11013	373.500 	 90.464 	 66.316
FHW11013	373.625 	 90.455 	 65.900
FHW11013	373.750 	 90.000 	 65.896
FHW11013	373.875 	 90.460 	 66.501
FHW11013	374.000 	 90.455 	 65.900
FHW11013	374.125 	 90.460 	 66.498
FHW11013	374.250 	 90.455 	 65.899
FHW11013	374.375 	 90.920 	 66.320
FHW11013	374.500 	 90.460 	 66.498
FHW11013	374.625 	 90.462 	 65.896
FHW11013	374.750 	 90.456 	 66.322
FHW11013	374.875 	 90.459 	 66.081
FHW11013	375.000 	 90.457 	 66.320
FHW11013	375.125 	 90.459 	 66.084
FHW11013	375.250 	 90.456 	 66.316
FHW11013	375.375 	 90.464 	 66.320
FHW11013	375.500 	 90.452 	 66.084
FHW11013	375.625 	 90.464 	 66.316
FHW11013	375.750 	 90.455 	 65.900
FHW11013	375.875 	 90.460 	 66.501
FHW11013	376.000 	 90.457 	 66.320
FHW11013	376.125 	 90.459 	 66.081
FHW11013	376.250 	 90.464 	 66.316
FHW11013	376.375 	 90.455 	 65.902
FHW11013	376.500 	 90.460 	 66.498
FHW11013	376.625 	 90.455 	 65.896
FHW11013	376.750 	 90.464 	 66.320
FHW11013	376.875 	 90.453 	 66.501
FHW11013	377.000 	 90.917 	 65.896
FHW11013	377.125 	 90.460 	 66.504
FHW11013	377.250 	 90.455 	 65.896
FHW11013	377.375 	 90.464 	 66.320
FHW11013	377.500 	 90.452 	 66.084
FHW11013	377.625 	 90.464 	 66.316
FHW11013	377.750 	 90.457 	 66.320
FHW11013	377.875 	 90.459 	 66.084
FHW11013	378.000 	 90.464 	 66.316
FHW11013	378.125 	 90.452 	 66.084
FHW11013	378.250 	 90.464 	 66.316
FHW11013	378.375 	 90.457 	 66.320
FHW11013	378.500 	 90.459 	 66.084
FHW11013	378.625 	 90.456 	 66.316
FHW11013	378.750 	 90.462 	 65.900
FHW11013	378.875 	 90.453 	 66.501
FHW11013	379.000 	 90.462 	 65.896
FHW11013	379.125 	 90.453 	 66.504
FHW11013	379.250 	 90.464 	 66.316
FHW11013	379.375 	 90.455 	 65.896
FHW11013	379.500 	 90.460 	 66.504
FHW11013	379.625 	 90.462 	 65.896
FHW11013	379.750 	 90.920 	 66.320
FHW11013	379.875 	 90.452 	 66.081
FHW11013	380.000 	 90.464 	 66.316
FHW11013	380.125 	 90.453 	 66.504
FHW11013	380.250 	 90.462 	 65.896
FHW11013	380.375 	 90.456 	 66.316
FHW11013	380.500 	 90.459 	 66.087
FHW11013	380.625 	 90.456 	 66.316
FHW11013	380.750 	 90.464 	 66.320
FHW11013	380.875 	 90.452 	 66.084
FHW11013	381.000 	 90.464 	 66.316
FHW11013	381.125 	 90.452 	 66.087
FHW11013	381.250 	 90.464 	 66.316
FHW11013	381.375 	 90.462 	 65.896
FHW11013	381.500 	 90.453 	 66.502
FHW11013	381.625 	 90.463 	 66.319
FHW11013	381.750 	 90.455 	 65.896
FHW11013	381.875 	 90.460 	 66.502
FHW11013	382.000 	 90.455 	 65.896
FHW11013	382.125 	 90.460 	 66.504
FHW11013	382.250 	 90.455 	 65.896
FHW11013	382.375 	 90.920 	 66.316
FHW11013	382.500 	 90.460 	 66.504
FHW11013	382.625 	 90.455 	 65.896
FHW11013	382.750 	 90.464 	 66.316
FHW11013	382.875 	 90.459 	 66.087
FHW11013	383.000 	 90.456 	 66.316
FHW11013	383.125 	 90.460 	 66.502
FHW11013	383.250 	 90.455 	 65.899
FHW11013	383.375 	 90.464 	 66.316
FHW11013	383.500 	 90.452 	 66.084
FHW11013	383.625 	 90.464 	 66.316
FHW11013	383.750 	 90.455 	 65.899
FHW11013	383.875 	 90.460 	 66.502
FHW11013	384.000 	 90.456 	 66.316
FHW11013	384.125 	 90.459 	 66.087
FHW11013	384.250 	 90.456 	 66.316
FHW11013	384.375 	 90.462 	 65.896
FHW11013	384.500 	 90.453 	 66.504
FHW11013	384.625 	 90.462 	 65.896
FHW11013	384.750 	 90.464 	 66.316
FHW11013	384.875 	 90.453 	 66.504
FHW11013	385.000 	 90.917 	 65.896
FHW11013	385.125 	 90.460 	 66.498
FHW11013	385.250 	 90.455 	 65.900
FHW11013	385.375 	 90.463 	 66.319
FHW11013	385.500 	 90.452 	 66.084
FHW11013	385.625 	 90.464 	 66.316
FHW11013	385.750 	 90.456 	 66.316
FHW11013	385.875 	 90.459 	 66.087
FHW11013	386.000 	 90.456 	 66.316
FHW11013	386.125 	 90.462 	 65.896
FHW11013	386.250 	 90.460 	 66.504
FHW11013	386.375 	 90.456 	 66.316
FHW11013	386.500 	 90.459 	 66.087
FHW11013	386.625 	 90.456 	 66.316
FHW11013	386.750 	 90.462 	 65.896
FHW11013	386.875 	 90.453 	 66.502
FHW11013	387.000 	 90.462 	 65.899
FHW11013	387.125 	 90.456 	 66.316
FHW11013	387.250 	 90.460 	 66.502
FHW11013	387.375 	 90.455 	 65.896
FHW11013	387.500 	 90.460 	 66.504
FHW11013	387.625 	 90.917 	 65.896
FHW11013	387.750 	 90.456 	 66.316
FHW11013	387.875 	 90.459 	 66.087
FHW11013	388.000 	 90.464 	 66.316
FHW11013	388.125 	 90.453 	 66.501
FHW11013	388.250 	 90.462 	 65.900
FHW11013	388.375 	 90.457 	 66.314
FHW11013	388.500 	 90.459 	 66.087
FHW11013	388.625 	 90.457 	 66.317
FHW11013	388.750 	 90.463 	 66.319
FHW11013	388.875 	 90.452 	 66.084
FHW11013	389.000 	 90.463 	 66.319
FHW11013	389.125 	 90.455 	 65.894
FHW11013	389.250 	 90.460 	 66.507
FHW11013	389.375 	 90.455 	 65.894
FHW11013	389.500 	 90.460 	 66.498
FHW11013	389.625 	 90.463 	 66.322
FHW11013	389.750 	 90.455 	 65.899
FHW11013	389.875 	 90.460 	 66.502
FHW11013	390.000 	 90.455 	 65.894
FHW11013	390.125 	 90.463 	 66.319
FHW11013	390.250 	 90.910 	 66.084
FHW11013	390.375 	 90.456 	 66.319
FHW11013	390.500 	 90.460 	 66.498
FHW11013	390.625 	 90.455 	 65.902
FHW11013	390.750 	 90.464 	 66.314
FHW11013	390.875 	 90.452 	 66.087
FHW11013	391.000 	 90.464 	 66.317
FHW11013	391.125 	 90.463 	 66.319
FHW11013	391.250 	 90.452 	 66.084
FHW11013	391.375 	 90.463 	 66.319
FHW11013	391.500 	 90.452 	 66.081
FHW11013	391.625 	 90.464 	 66.317
FHW11013	391.750 	 90.455 	 65.899
FHW11013	391.875 	 90.460 	 66.498
FHW11013	392.000 	 90.456 	 66.322
FHW11013	392.125 	 90.462 	 65.894
FHW11013	392.250 	 90.453 	 66.507
FHW11013	392.375 	 90.462 	 65.894
FHW11013	392.500 	 90.453 	 66.504
FHW11013	392.625 	 90.462 	 65.897
FHW11013	392.750 	 90.920 	 66.319
FHW11013	392.875 	 90.459 	 66.081
FHW11013	393.000 	 90.456 	 66.322
FHW11013	393.125 	 90.462 	 65.894
FHW11013	393.250 	 90.456 	 66.319
FHW11013	393.375 	 90.459 	 66.084
FHW11013	393.500 	 90.455 	 65.899
FHW11013	393.625 	 90.464 	 66.317
FHW11013	393.750 	 90.452 	 66.081
FHW11013	393.875 	 90.463 	 66.319
FHW11013	394.000 	 90.455 	 65.902
FHW11013	394.125 	 90.913 	 66.498
FHW11013	394.250 	 90.462 	 65.894
FHW11013	394.375 	 90.463 	 66.322
FHW11013	394.500 	 90.452 	 66.081
FHW11013	394.625 	 90.463 	 66.319
FHW11013	394.750 	 90.455 	 65.897
FHW11013	394.875 	 90.460 	 66.504
FHW11013	395.000 	 90.455 	 65.897
FHW11013	395.125 	 90.462 	 65.899
FHW11013	395.250 	 90.453 	 66.498
FHW11013	395.375 	 90.462 	 65.902
FHW11013	395.500 	 90.920 	 66.314
FHW11013	395.625 	 90.452 	 66.087
FHW11013	395.750 	 90.464 	 66.317
FHW11013	395.875 	 90.455 	 65.899
FHW11013	396.000 	 90.460 	 66.498
FHW11013	396.125 	 90.462 	 65.902
FHW11013	396.250 	 90.457 	 66.314
FHW11013	396.375 	 90.459 	 66.081
FHW11013	396.500 	 90.455 	 65.902
FHW11013	396.625 	 90.463 	 66.319
FHW11013	396.750 	 90.455 	 65.897
FHW11013	396.875 	 90.913 	 66.498
FHW11013	397.000 	 90.462 	 65.899
FHW11013	397.125 	 90.456 	 66.322
FHW11013	397.250 	 90.459 	 66.081
FHW11013	397.375 	 90.457 	 66.314
FHW11013	397.500 	 90.462 	 65.902
FHW11013	397.625 	 90.460 	 66.498
FHW11013	397.750 	 90.455 	 65.899
FHW11013	397.875 	 90.464 	 66.317
FHW11013	398.000 	 90.452 	 66.087
FHW11013	398.125 	 90.462 	 65.894
FHW11013	398.250 	 90.920 	 66.322
FHW11013	398.375 	 90.452 	 66.081
FHW11013	398.500 	 90.463 	 66.322
FHW11013	398.625 	 90.455 	 65.894
FHW11013	398.750 	 90.460 	 66.504
FHW11013	398.875 	 90.455 	 65.897
FHW11013	399.000 	 90.463 	 66.319
FHW11013	399.125 	 90.452 	 66.081
FHW11013	399.250 	 90.464 	 66.317
FHW11013	399.375 	 90.462 	 65.899
FHW11013	399.500 	 90.453 	 66.502
FHW11013	399.625 	 90.917 	 65.899
FHW11013	399.750 	 90.462 	 65.894
FHW11013	399.875 	 90.453 	 66.507
FHW11013	400.000 	 90.462 	 65.894
FHW11013	400.125 	 90.456 	 66.319
FHW11013	400.250 	 90.462 	 65.897
FHW11013	400.375 	 90.453 	 66.504
FHW11013	400.500 	 90.462 	 65.894
FHW11013	400.625 	 90.456 	 66.322
FHW11013	400.750 	 90.459 	 66.081
FHW11013	400.875 	 90.463 	 66.322
FHW11013	401.000 	 90.917 	 65.894
FHW11013	401.125 	 90.452 	 66.087
FHW11013	401.250 	 90.464 	 66.317
FHW11013	401.375 	 90.455 	 65.899
FHW11013	401.500 	 90.460 	 66.498
FHW11013	401.625 	 90.455 	 65.902
FHW11013	401.750 	 90.464 	 66.314
FHW11013	401.875 	 90.452 	 66.081
FHW11013	402.000 	 90.463 	 66.322
FHW11013	402.125 	 90.455 	 65.899
FHW11013	402.250 	 90.460 	 66.498
FHW11013	402.375 	 90.917 	 65.897
FHW11013	402.500 	 90.463 	 66.319
FHW11013	402.625 	 90.452 	 66.084
FHW11013	402.750 	 90.462 	 65.899
FHW11013	402.875 	 90.457 	 66.314
FHW11013	403.000 	 90.459 	 66.090
FHW11013	403.125 	 90.457 	 66.314
FHW11013	403.250 	 90.462 	 65.899
FHW11013	403.375 	 90.453 	 66.502
FHW11013	403.500 	 90.462 	 65.899
FHW11013	403.625 	 90.457 	 66.314
FHW11013	403.750 	 90.917 	 65.902
FHW11013	403.875 	 90.460 	 66.498
FHW11013	404.000 	 90.462 	 65.899
FHW11013	404.125 	 90.455 	 65.897
FHW11013	404.250 	 90.460 	 66.504
FHW11013	404.375 	 90.455 	 65.897
FHW11013	404.500 	 90.463 	 66.319
FHW11013	404.625 	 90.452 	 66.081
FHW11013	404.750 	 90.463 	 66.322
FHW11013	404.875 	 90.455 	 65.894
FHW11013	405.000 	 90.460 	 66.498
FHW11013	405.125 	 90.917 	 65.902
FHW11013	405.250 	 90.456 	 66.319
FHW11013	405.375 	 90.459 	 66.081
FHW11013	405.500 	 90.464 	 66.317
FHW11013	405.625 	 90.455 	 65.899
FHW11013	405.750 	 90.459 	 66.084
FHW11013	405.875 	 90.456 	 66.319
FHW11013	406.000 	 90.462 	 65.894
FHW11013	406.125 	 90.453 	 66.507
FHW11013	406.250 	 90.462 	 65.894
FHW11013	406.375 	 90.456 	 66.319
FHW11013	406.500 	 90.910 	 66.084
FHW11013	406.625 	 90.463 	 66.319
FHW11013	406.750 	 90.455 	 65.894
FHW11013	406.875 	 90.463 	 66.322
FHW11013	407.000 	 90.452 	 66.081
FHW11013	407.125 	 90.463 	 66.322
FHW11013	407.250 	 90.462 	 65.894
FHW11013	407.375 	 90.452 	 66.087
FHW11013	407.500 	 90.464 	 66.317
FHW11013	407.625 	 90.455 	 65.899
FHW11013	407.750 	 90.460 	 66.498
FHW11013	407.875 	 90.917 	 65.897
FHW11013	408.000 	 90.456 	 66.319
FHW11013	408.125 	 90.459 	 66.081
FHW11013	408.250 	 90.456 	 66.322
FHW11013	408.375 	 90.462 	 65.894
FHW11013	408.500 	 90.453 	 66.507
FHW11013	408.625 	 90.462 	 65.894
FHW11013	408.750 	 90.462 	 65.899
FHW11013	408.875 	 90.453 	 66.502
FHW11013	409.000 	 90.462 	 65.899
FHW11013	409.125 	 90.457 	 66.314
FHW11013	409.250 	 90.910 	 66.090
FHW11013	409.375 	 90.464 	 66.314
FHW11013	409.500 	 90.455 	 65.899
FHW11013	409.625 	 90.460 	 66.502
FHW11013	409.750 	 90.455 	 65.899
FHW11013	409.875 	 90.464 	 66.314
FHW11013	410.000 	 90.452 	 66.084
FHW11013	410.125 	 90.463 	 66.319
FHW11013	410.250 	 90.455 	 65.902
FHW11013	410.375 	 90.459 	 66.081
FHW11013	410.500 	 90.464 	 66.314
FHW11013	410.625 	 90.917 	 65.902
FHW11013	410.750 	 90.456 	 66.319
FHW11013	410.875 	 90.459 	 66.081
FHW11013	411.000 	 90.457 	 66.317
FHW11013	411.125 	 90.459 	 66.087
FHW11013	411.250 	 90.457 	 66.314
FHW11013	411.375 	 90.460 	 66.507
FHW11013	411.500 	 90.457 	 66.314
FHW11013	411.625 	 90.460 	 66.502
FHW11013	411.750 	 90.456 	 66.319
FHW11013	411.875 	 90.460 	 66.498
FHW11013	412.000 	 90.920 	 66.322
FHW11013	412.125 	 90.460 	 66.498
FHW11013	412.250 	 90.456 	 66.322
FHW11013	412.375 	 90.460 	 66.498
FHW11013	412.500 	 90.456 	 66.319
FHW11013	412.625 	 90.460 	 66.502
FHW11013	412.750 	 90.456 	 66.319
FHW11013	412.875 	 90.460 	 66.502
FHW11013	413.000 	 90.453 	 66.498
FHW11013	413.125 	 90.463 	 66.319
FHW11013	413.250 	 90.452 	 66.084
FHW11013	413.375 	 90.920 	 66.319
FHW11013	413.500 	 90.460 	 66.502
FHW11013	413.625 	 90.464 	 66.314
FHW11013	413.750 	 90.453 	 66.504
FHW11013	413.875 	 90.464 	 66.317
FHW11013	414.000 	 90.453 	 66.504
FHW11013	414.125 	 90.464 	 66.317
FHW11013	414.250 	 90.453 	 66.504
FHW11013	414.375 	 90.464 	 66.314
FHW11013	414.500 	 90.453 	 66.502
FHW11013	414.625 	 90.463 	 66.319
FHW11013	414.750 	 90.913 	 66.502
FHW11013	414.875 	 90.456 	 66.319
FHW11013	415.000 	 90.460 	 66.498
FHW11013	415.125 	 90.460 	 66.502
FHW11013	415.250 	 90.455 	 65.899
FHW11013	415.375 	 90.460 	 66.502
FHW11013	415.500 	 90.456 	 66.319
FHW11013	415.625 	 90.460 	 66.498
FHW11013	415.750 	 90.456 	 66.322
FHW11013	415.875 	 90.460 	 66.498
FHW11013	416.000 	 90.456 	 66.322
FHW11013	416.125 	 90.913 	 66.498
FHW11013	416.250 	 90.463 	 66.319
FHW11013	416.375 	 90.453 	 66.502
FHW11013	416.500 	 90.464 	 66.314
FHW11013	416.625 	 90.453 	 66.507
FHW11013	416.750 	 90.464 	 66.314
FHW11013	416.875 	 90.460 	 66.504
FHW11013	417.000 	 90.453 	 66.502
FHW11013	417.125 	 90.464 	 66.314
FHW11013	417.250 	 90.452 	 66.087
FHW11013	417.375 	 90.464 	 66.317
FHW11013	417.500 	 90.913 	 66.504
FHW11013	417.625 	 90.457 	 66.317
FHW11013	417.750 	 90.460 	 66.504
FHW11013	417.875 	 90.457 	 66.314
FHW11013	418.000 	 90.460 	 66.502
FHW11013	418.125 	 90.456 	 66.319
FHW11013	418.250 	 90.460 	 66.502
FHW11013	418.375 	 90.463 	 66.319
FHW11013	418.500 	 90.453 	 66.498
FHW11013	418.625 	 90.463 	 66.322
FHW11013	418.750 	 90.453 	 66.498
FHW11013	418.875 	 90.913 	 66.502
FHW11013	419.000 	 90.463 	 66.319
FHW11013	419.125 	 90.453 	 66.498
FHW11013	419.250 	 90.462 	 65.902
FHW11013	419.375 	 90.453 	 66.498
FHW11013	419.500 	 90.463 	 66.322
FHW11013	419.625 	 90.453 	 66.498
FHW11013	419.750 	 90.464 	 66.314
FHW11013	419.875 	 90.460 	 66.507
FHW11013	420.000 	 90.457 	 66.314
FHW11013	420.125 	 90.460 	 66.507
FHW11013	420.250 	 90.920 	 66.314
FHW11013	420.375 	 90.453 	 66.504
FHW11013	420.500 	 90.464 	 66.317
FHW11013	420.625 	 90.453 	 66.498
FHW11013	420.750 	 90.463 	 66.322
FHW11013	420.875 	 90.453 	 66.498
FHW11013	421.000 	 90.460 	 66.504
FHW11013	421.125 	 90.457 	 66.317
FHW11013	421.250 	 90.460 	 66.498
FHW11013	421.375 	 90.455 	 65.902
FHW11013	421.500 	 90.460 	 66.498
FHW11013	421.625 	 90.920 	 66.319
FHW11013	421.750 	 90.460 	 66.502
FHW11013	421.875 	 90.456 	 66.319
FHW11013	422.000 	 90.460 	 66.502
FHW11013	422.125 	 90.456 	 66.319
FHW11013	422.250 	 90.460 	 66.498
FHW11013	422.375 	 90.456 	 66.322
FHW11013	422.500 	 90.460 	 66.498
FHW11013	422.625 	 90.457 	 66.317
FHW11013	422.750 	 90.460 	 66.504
FHW11013	422.875 	 90.453 	 66.498
FHW11013	423.000 	 90.927 	 66.322
FHW11013	423.125 	 90.453 	 66.498
FHW11013	423.250 	 90.464 	 66.317
FHW11013	423.375 	 90.452 	 66.087
FHW11013	423.500 	 90.464 	 66.314
FHW11013	423.625 	 90.453 	 66.507
FHW11013	423.750 	 90.464 	 66.314
FHW11013	423.875 	 90.453 	 66.504
FHW11013	424.000 	 90.464 	 66.317
FHW11013	424.125 	 90.453 	 66.498
FHW11013	424.250 	 90.463 	 66.322
FHW11013	424.375 	 90.913 	 66.498
FHW11013	424.500 	 90.456 	 66.319
FHW11013	424.625 	 90.460 	 66.502
FHW11013	424.750 	 90.460 	 66.498
FHW11013	424.875 	 90.456 	 66.322
FHW11013	425.000 	 90.460 	 66.498
FHW11013	425.125 	 90.456 	 66.319
FHW11013	425.250 	 90.460 	 66.502
FHW11013	425.375 	 90.455 	 65.899
FHW11013	425.500 	 90.460 	 66.502
FHW11013	425.625 	 90.456 	 66.319
FHW11013	425.750 	 90.913 	 66.498
FHW11013	425.875 	 90.464 	 66.317
FHW11013	426.000 	 90.453 	 66.504
FHW11013	426.125 	 90.464 	 66.317
FHW11013	426.250 	 90.460 	 66.504
FHW11013	426.375 	 90.457 	 66.314
FHW11013	426.500 	 90.460 	 66.507
FHW11013	426.625 	 90.457 	 66.314
FHW11013	426.750 	 90.460 	 66.502
FHW11013	426.875 	 90.453 	 66.504
FHW11013	427.000 	 90.464 	 66.314
FHW11013	427.125 	 90.913 	 66.507
FHW11013	427.250 	 90.457 	 66.314
FHW11013	427.375 	 90.459 	 66.084
FHW11013	427.500 	 90.456 	 66.319
FHW11013	427.625 	 90.460 	 66.498
FHW11013	427.750 	 90.456 	 66.319
FHW11013	427.875 	 90.460 	 66.505
FHW11013	428.000 	 90.463 	 66.319
FHW11013	428.125 	 90.453 	 66.498
FHW11013	428.250 	 90.463 	 66.319
FHW11013	428.375 	 90.453 	 66.498
FHW11013	428.500 	 90.920 	 66.326
FHW11013	428.625 	 90.460 	 66.498
FHW11013	428.750 	 90.453 	 66.498
FHW11013	428.875 	 90.463 	 66.319
FHW11013	429.000 	 90.453 	 66.498
FHW11013	429.125 	 90.463 	 66.326
FHW11013	429.250 	 90.453 	 66.498
FHW11013	429.375 	 90.464 	 66.314
FHW11013	429.500 	 90.459 	 66.090
FHW11013	429.625 	 90.457 	 66.314
FHW11013	429.750 	 90.460 	 66.504
FHW11013	429.875 	 90.455 	 65.897
FHW11013	430.000 	 90.000 	 65.896
FHW11013	430.125 	 90.000 	 65.897
FHW11013	430.250 	 90.000 	 65.902
FHW11013	430.375 	 90.000 	 65.890
FHW11013	430.500 	 90.462 	 65.902
FHW11013	430.625 	 90.000 	 65.902
FHW11013	430.750 	 90.000 	 65.890
FHW11013	430.875 	 90.000 	 66.084
FHW11013	431.000 	 90.455 	 65.902
FHW11013	431.125 	 90.000 	 65.896
FHW11013	431.250 	 90.000 	 65.897
FHW11013	431.375 	 90.000 	 65.482
FHW11013	431.500 	 90.000 	 65.897
FHW11013	431.625 	 90.462 	 65.896
FHW11013	431.750 	 90.000 	 65.897
FHW11013	431.875 	 90.000 	 65.902
FHW11013	432.000 	 90.000 	 65.890
FHW11013	432.125 	 90.455 	 65.902
FHW11013	432.250 	 90.000 	 66.084
FHW11013	432.375 	 90.000 	 65.896
FHW11013	432.500 	 90.000 	 65.897
FHW11013	432.625 	 90.000 	 65.902
FHW11013	432.750 	 90.462 	 65.890
FHW11013	432.875 	 90.000 	 65.902
FHW11013	433.000 	 90.000 	 65.902
FHW11013	433.125 	 90.000 	 65.890
FHW11013	433.250 	 90.000 	 65.902
FHW11013	433.375 	 90.455 	 65.897
FHW11013	433.500 	 90.000 	 65.482
FHW11013	433.625 	 90.000 	 66.084
FHW11013	433.750 	 90.000 	 65.896
FHW11013	433.875 	 90.462 	 65.897
FHW11013	434.000 	 90.000 	 65.902
FHW11013	434.125 	 90.000 	 65.890
FHW11013	434.250 	 90.000 	 65.902
FHW11013	434.375 	 90.000 	 65.897
FHW11013	434.500 	 90.455 	 65.896
FHW11013	434.625 	 90.000 	 65.897
FHW11013	434.750 	 90.000 	 65.896
FHW11013	434.875 	 90.000 	 66.084
FHW11013	435.000 	 90.462 	 65.902
FHW11013	435.125 	 90.000 	 65.890
FHW11013	435.250 	 90.000 	 65.902
FHW11013	435.375 	 90.000 	 65.902
FHW11013	435.500 	 90.000 	 65.890
FHW11013	435.625 	 90.453 	 65.488
FHW11013	435.750 	 90.000 	 65.890
FHW11013	435.875 	 90.000 	 65.902
FHW11013	436.000 	 90.000 	 65.897
FHW11013	436.125 	 90.000 	 65.896
FHW11013	436.250 	 90.459 	 66.084
FHW11013	436.375 	 90.000 	 65.902
FHW11013	436.500 	 90.000 	 65.890
FHW11013	436.625 	 90.000 	 65.902
FHW11013	436.750 	 90.462 	 65.897
FHW11013	436.875 	 90.000 	 65.896
FHW11013	437.000 	 90.000 	 65.902
FHW11013	437.125 	 90.000 	 65.897
FHW11013	437.250 	 90.000 	 65.896
FHW11013	437.375 	 90.455 	 65.897
FHW11013	437.500 	 90.000 	 65.902
FHW11013	437.625 	 90.000 	 65.666
FHW11013	437.750 	 90.000 	 65.896
FHW11013	437.875 	 90.462 	 65.897
FHW11013	438.000 	 90.000 	 65.902
FHW11013	438.125 	 90.000 	 65.890
FHW11013	438.250 	 90.000 	 65.902
FHW11013	438.375 	 90.000 	 65.897
FHW11013	438.500 	 90.455 	 65.896
FHW11013	438.625 	 90.000 	 65.897
FHW11013	438.750 	 90.000 	 65.902
FHW11013	438.875 	 90.000 	 65.896
FHW11013	439.000 	 90.000 	 66.084
FHW11013	439.125 	 90.462 	 65.897
FHW11013	439.250 	 90.000 	 65.896
FHW11013	439.375 	 90.000 	 65.902
FHW11013	439.500 	 90.000 	 65.897
FHW11013	439.625 	 90.455 	 65.896
FHW11013	439.750 	 90.000 	 65.476
FHW11013	439.875 	 90.000 	 65.902
FHW11013	440.000 	 90.000 	 65.897
FHW11013	440.125 	 90.000 	 65.896
FHW11013	440.250 	 90.462 	 65.897
FHW11013	440.375 	 90.000 	 66.090
FHW11013	440.500 	 90.000 	 65.890
FHW11013	440.625 	 90.000 	 65.902
FHW11013	440.750 	 90.455 	 65.897
FHW11013	440.875 	 90.000 	 65.896
FHW11013	441.000 	 90.000 	 65.897
FHW11013	441.125 	 90.000 	 65.902
FHW11013	441.250 	 90.000 	 65.896
FHW11013	441.375 	 90.462 	 65.897
FHW11013	441.500 	 90.000 	 65.902
FHW11013	441.625 	 90.000 	 65.890
FHW11013	441.750 	 90.000 	 66.090
FHW11013	441.875 	 90.000 	 65.476
FHW11013	442.000 	 90.455 	 65.902
FHW11013	442.125 	 90.000 	 65.897
FHW11013	442.250 	 90.000 	 65.896
FHW11013	442.375 	 90.000 	 65.897
FHW11013	442.500 	 90.462 	 65.902
FHW11013	442.625 	 90.000 	 65.890
FHW11013	442.750 	 90.000 	 65.902
FHW11013	442.875 	 90.000 	 65.902
FHW11013	443.000 	 90.000 	 65.890
FHW11013	443.125 	 90.452 	 66.084
FHW11013	443.250 	 90.000 	 65.902
FHW11013	443.375 	 90.000 	 65.896
FHW11013	443.500 	 90.000 	 65.897
FHW11013	443.625 	 90.462 	 65.896
FHW11013	443.750 	 90.000 	 65.897
FHW11013	443.875 	 90.000 	 65.482
FHW11013	444.000 	 90.000 	 65.897
FHW11013	444.125 	 90.000 	 65.902
FHW11013	444.250 	 90.462 	 65.890
FHW11013	444.375 	 90.000 	 66.090
FHW11013	444.500 	 90.000 	 65.897
FHW11013	444.625 	 90.000 	 65.896
FHW11013	444.750 	 90.000 	 65.897
FHW11013	444.875 	 90.455 	 65.902
FHW11013	445.000 	 90.000 	 65.890
FHW11013	445.125 	 90.000 	 65.902
FHW11013	445.250 	 90.000 	 65.902
FHW11013	445.375 	 90.462 	 65.890
FHW11013	445.500 	 90.000 	 65.902
FHW11013	445.625 	 90.000 	 65.897
FHW11013	445.750 	 90.000 	 66.083
FHW11013	445.875 	 90.000 	 65.897
FHW11013	446.000 	 90.453 	 65.482
FHW11013	446.125 	 90.000 	 65.897
FHW11013	446.250 	 90.000 	 65.896
FHW11013	446.375 	 90.000 	 65.897
FHW11013	446.500 	 90.462 	 65.902
FHW11013	446.625 	 90.000 	 65.890
FHW11013	446.750 	 90.000 	 65.902
FHW11013	446.875 	 90.000 	 65.902
FHW11013	447.000 	 90.000 	 65.890
FHW11013	447.125 	 90.452 	 66.084
FHW11013	447.250 	 90.000 	 65.902
FHW11013	447.375 	 90.000 	 65.890
FHW11013	447.500 	 90.000 	 65.902
FHW11013	447.625 	 90.462 	 65.902
FHW11013	447.750 	 90.000 	 65.890
FHW11013	447.875 	 90.000 	 65.902
FHW11013	448.000 	 90.000 	 65.897
FHW11013	448.125 	 90.000 	 65.482
FHW11013	448.250 	 90.455 	 65.890
FHW11013	448.375 	 90.000 	 65.902
FHW11013	448.500 	 89.548 	 66.084
FHW11013	448.625 	 90.000 	 65.896
FHW11013	448.750 	 89.538 	 65.897
FHW11013	448.875 	 89.545 	 65.902
FHW11013	449.000 	 90.000 	 65.890
FHW11013	449.125 	 89.538 	 65.902
FHW11013	449.250 	 90.000 	 65.482
FHW11013	449.375 	 89.545 	 65.897
FHW11013	449.500 	 89.538 	 65.902
FHW11013	449.625 	 90.000 	 65.890
FHW11013	449.750 	 89.545 	 65.902
FHW11013	449.875 	 90.000 	 65.897
FHW11013	450.000 	 89.538 	 65.896
FHW11013	450.125 	 89.538 	 65.897
FHW11013	450.250 	 90.000 	 65.482
FHW11013	450.375 	 89.545 	 65.897
FHW11013	450.500 	 90.000 	 65.896
FHW11013	450.625 	 89.541 	 66.084
FHW11013	450.750 	 89.545 	 65.902
FHW11013	450.875 	 90.000 	 65.890
FHW11013	451.000 	 89.538 	 65.902
FHW11013	451.125 	 90.000 	 65.902
FHW11013	451.250 	 89.546 	 65.476
FHW11013	451.375 	 89.538 	 65.896
FHW11013	451.500 	 90.000 	 65.897
FHW11013	451.625 	 89.545 	 65.902
FHW11013	451.750 	 90.000 	 65.890
FHW11013	451.875 	 89.538 	 65.902
FHW11013	452.000 	 89.545 	 65.897
FHW11013	452.125 	 90.000 	 65.482
FHW11013	452.250 	 89.538 	 65.902
FHW11013	452.375 	 90.000 	 65.890
FHW11013	452.500 	 89.545 	 65.902
FHW11013	452.625 	 89.538 	 65.897
FHW11013	452.750 	 90.000 	 66.083
FHW11013	452.875 	 89.538 	 65.897
FHW11013	453.000 	 90.000 	 65.902
FHW11013	453.125 	 89.546 	 65.476
FHW11013	453.250 	 89.538 	 65.896
FHW11013	453.375 	 90.000 	 65.897
FHW11013	453.500 	 89.545 	 65.902
FHW11013	453.625 	 90.000 	 65.890
FHW11013	453.750 	 89.538 	 65.902
FHW11013	453.875 	 89.545 	 65.897
FHW11013	454.000 	 90.000 	 65.896
FHW11013	454.125 	 89.540 	 65.482
FHW11013	454.250 	 90.000 	 65.897
FHW11013	454.375 	 89.545 	 65.902
FHW11013	454.500 	 89.538 	 65.890
FHW11013	454.625 	 90.000 	 65.902
FHW11013	454.750 	 89.548 	 66.084
FHW11013	454.875 	 90.000 	 65.896
FHW11013	455.000 	 89.538 	 65.897
FHW11013	455.125 	 89.547 	 65.482
FHW11013	455.250 	 90.000 	 65.897
FHW11013	455.375 	 89.538 	 65.902
FHW11013	455.500 	 90.000 	 65.890
FHW11013	455.625 	 89.545 	 65.902
FHW11013	455.750 	 89.538 	 65.902
FHW11013	455.875 	 90.000 	 65.890
FHW11013	456.000 	 89.540 	 65.482
FHW11013	456.125 	 90.000 	 65.897
FHW11013	456.250 	 89.545 	 65.902
FHW11013	456.375 	 89.538 	 65.890
FHW11013	456.500 	 90.000 	 65.902
FHW11013	456.625 	 89.545 	 65.897
FHW11013	456.750 	 90.000 	 65.896
FHW11013	456.875 	 89.541 	 66.084
FHW11013	457.000 	 89.547 	 65.482
FHW11013	457.125 	 90.000 	 65.897
FHW11013	457.250 	 89.538 	 65.896
FHW11013	457.375 	 90.000 	 65.897
FHW11013	457.500 	 89.545 	 65.902
FHW11013	457.625 	 89.538 	 65.896
FHW11013	457.750 	 90.000 	 65.897
FHW11013	457.875 	 89.545 	 65.902
FHW11013	458.000 	 90.000 	 65.476
FHW11013	458.125 	 89.538 	 65.902
FHW11013	458.250 	 89.545 	 65.890
FHW11013	458.375 	 90.000 	 65.902
FHW11013	458.500 	 89.538 	 65.897
FHW11013	458.625 	 90.000 	 65.896
FHW11013	458.750 	 89.538 	 65.902
FHW11013	458.875 	 89.545 	 65.897
FHW11013	459.000 	 90.000 	 65.666
FHW11013	459.125 	 89.538 	 65.896
FHW11013	459.250 	 90.000 	 65.902
FHW11013	459.375 	 89.545 	 65.897
FHW11013	459.500 	 89.538 	 65.896
FHW11013	459.625 	 90.000 	 65.897
FHW11013	459.750 	 89.545 	 65.902
FHW11013	459.875 	 90.000 	 65.476
FHW11013	460.000 	 89.538 	 65.896
FHW11013	460.125 	 89.545 	 65.897
FHW11013	460.250 	 90.000 	 65.902
FHW11013	460.375 	 89.538 	 65.890
FHW11013	460.500 	 90.000 	 65.902
FHW11013	460.625 	 89.545 	 65.902
FHW11013	460.750 	 89.538 	 65.890
FHW11013	460.875 	 90.000 	 65.488
FHW11013	461.000 	 89.545 	 65.890
FHW11013	461.125 	 90.000 	 66.090
FHW11013	461.250 	 89.538 	 65.897
FHW11013	461.375 	 89.545 	 65.896
FHW11013	461.500 	 90.000 	 65.897
FHW11013	461.625 	 89.538 	 65.902
FHW11013	461.750 	 90.000 	 65.890
FHW11013	461.875 	 89.540 	 65.482
FHW11013	462.000 	 89.545 	 65.897
FHW11013	462.125 	 90.000 	 65.902
FHW11013	462.250 	 89.538 	 65.896
FHW11013	462.375 	 90.000 	 65.897
FHW11013	462.500 	 89.545 	 65.902
FHW11013	462.625 	 89.538 	 65.890
FHW11013	462.750 	 90.000 	 65.902
FHW11013	462.875 	 89.546 	 65.476
FHW11013	463.000 	 90.000 	 65.902
FHW11013	463.125 	 89.541 	 66.078
FHW11013	463.250 	 89.545 	 65.902
FHW11013	463.375 	 90.000 	 65.897
FHW11013	463.500 	 89.538 	 65.896
FHW11013	463.625 	 90.000 	 65.897
FHW11013	463.750 	 89.547 	 65.482
FHW11013	463.875 	 89.538 	 65.897
FHW11013	464.000 	 90.000 	 65.902
FHW11013	464.125 	 89.545 	 65.896
FHW11013	464.250 	 90.000 	 65.897
FHW11013	464.375 	 89.538 	 65.902
FHW11013	464.500 	 89.538 	 65.890
FHW11013	464.625 	 90.000 	 65.902
FHW11013	464.750 	 89.546 	 65.476
FHW11013	464.875 	 90.000 	 65.902
FHW11013	465.000 	 89.538 	 65.890
FHW11013	465.125 	 89.545 	 65.902
FHW11013	465.250 	 90.000 	 66.084
FHW11013	465.375 	 89.538 	 65.896
FHW11013	465.500 	 90.000 	 65.897
FHW11013	465.625 	 89.545 	 65.902
FHW11013	465.750 	 89.540 	 65.482
FHW11013	465.875 	 90.000 	 65.890
FHW11013	466.000 	 89.545 	 65.902
FHW11013	466.125 	 90.000 	 65.897
FHW11013	466.250 	 89.538 	 65.896
FHW11013	466.375 	 89.545 	 65.897
FHW11013	466.500 	 90.000 	 65.902
FHW11013	466.625 	 89.538 	 65.890
FHW11013	466.750 	 90.000 	 65.488
FHW11013	466.875 	 89.545 	 65.896
FHW11013	467.000 	 89.540 	 66.498
FHW11013	467.125 	 89.543 	 66.320
FHW11013	467.250 	 89.538 	 66.921
FHW11013	467.375 	 89.540 	 66.505
FHW11013	467.500 	 89.544 	 66.319
FHW11013	467.625 	 89.540 	 66.498
FHW11013	467.750 	 89.545 	 66.922
FHW11013	467.875 	 89.537 	 66.319
FHW11013	468.000 	 89.547 	 66.498
FHW11013	468.125 	 89.540 	 66.498
FHW11013	468.250 	 89.544 	 66.319
FHW11013	468.375 	 89.538 	 66.922
FHW11013	468.500 	 89.547 	 66.504
FHW11013	468.625 	 89.536 	 66.320
FHW11013	468.750 	 89.547 	 66.498
FHW11013	468.875 	 89.538 	 66.927
FHW11013	469.000 	 89.536 	 66.314
FHW11013	469.125 	 90.000 	 66.504
FHW11013	469.250 	 89.547 	 66.498
FHW11013	469.375 	 89.535 	 66.745
FHW11013	469.500 	 89.547 	 66.498
FHW11013	469.625 	 89.540 	 66.498
FHW11013	469.750 	 89.544 	 66.319
FHW11013	469.875 	 89.538 	 66.922
FHW11013	470.000 	 89.547 	 66.498
FHW11013	470.125 	 89.537 	 66.326
FHW11013	470.250 	 89.547 	 66.498
FHW11013	470.375 	 89.538 	 66.927
FHW11013	470.500 	 89.543 	 66.314
FHW11013	470.625 	 89.540 	 66.498
FHW11013	470.750 	 89.547 	 66.504
FHW11013	470.875 	 89.536 	 66.314
FHW11013	471.000 	 89.538 	 66.927
FHW11013	471.125 	 89.547 	 66.498
FHW11013	471.250 	 89.536 	 66.314
FHW11013	471.375 	 89.547 	 66.510
FHW11013	471.500 	 89.538 	 66.915
FHW11013	471.625 	 89.544 	 66.326
FHW11013	471.750 	 89.540 	 66.498
FHW11013	471.875 	 89.547 	 66.498
FHW11013	472.000 	 89.535 	 66.745
FHW11013	472.125 	 89.547 	 66.498
FHW11013	472.250 	 89.540 	 66.504
FHW11013	472.375 	 89.543 	 66.314
FHW11013	472.500 	 89.538 	 66.922
FHW11013	472.625 	 89.540 	 66.504
FHW11013	472.750 	 89.543 	 66.320
FHW11013	472.875 	 89.540 	 66.504
FHW11013	473.000 	 89.545 	 66.915
FHW11013	473.125 	 89.536 	 66.320
FHW11013	473.250 	 89.547 	 66.504
FHW11013	473.375 	 89.540 	 66.498
FHW11013	473.500 	 89.544 	 66.319
FHW11013	473.625 	 89.538 	 66.922
FHW11013	473.750 	 89.547 	 66.498
FHW11013	473.875 	 89.537 	 66.319
FHW11013	474.000 	 89.547 	 66.505
FHW11013	474.125 	 89.538 	 66.915
FHW11013	474.250 	 89.537 	 66.326
FHW11013	474.375 	 89.547 	 66.498
FHW11013	474.500 	 89.540 	 66.504
FHW11013	474.625 	 89.542 	 66.739
FHW11013	474.750 	 89.540 	 66.504
FHW11013	474.875 	 89.547 	 66.498
FHW11013	475.000 	 89.536 	 66.314
FHW11013	475.125 	 89.545 	 66.927
FHW11013	475.250 	 89.540 	 66.498
FHW11013	475.375 	 89.544 	 66.319
FHW11013	475.500 	 89.540 	 66.505
FHW11013	475.625 	 89.545 	 66.915
FHW11013	475.750 	 89.537 	 66.326
FHW11013	475.875 	 89.547 	 66.498
FHW11013	476.000 	 90.000 	 66.498
FHW11013	476.125 	 89.537 	 66.319
FHW11013	476.250 	 89.538 	 66.922
FHW11013	476.375 	 89.547 	 66.504
FHW11013	476.500 	 89.536 	 66.314
FHW11013	476.625 	 89.547 	 66.498
FHW11013	476.750 	 89.538 	 66.927
FHW11013	476.875 	 89.543 	 66.314
FHW11013	477.000 	 89.540 	 66.510
FHW11013	477.125 	 89.547 	 66.498
FHW11013	477.250 	 89.535 	 66.745
FHW11013	477.375 	 89.547 	 66.498
FHW11013	477.500 	 89.540 	 66.498
FHW11013	477.625 	 89.544 	 66.319
FHW11013	477.750 	 89.538 	 66.922
FHW11013	477.875 	 89.540 	 66.498
FHW11013	478.000 	 89.544 	 66.319
FHW11013	478.125 	 89.540 	 66.498
FHW11013	478.250 	 89.545 	 66.927
FHW11013	478.375 	 89.536 	 66.314
FHW11013	478.500 	 89.547 	 66.505
FHW11013	478.625 	 89.540 	 66.504
FHW11013	478.750 	 89.543 	 66.314
FHW11013	478.875 	 89.538 	 66.927
FHW11013	479.000 	 89.547 	 66.498
FHW11013	479.125 	 89.537 	 66.319
FHW11013	479.250 	 89.547 	 66.498
FHW11013	479.375 	 89.538 	 66.922
FHW11013	479.500 	 89.544 	 66.319
FHW11013	479.625 	 89.540 	 66.498
FHW11013	479.750 	 89.540 	 66.505
FHW11013	479.875 	 89.542 	 66.738
FHW11013	480.000 	 89.540 	 66.505
FHW11013	480.125 	 89.544 	 66.319
FHW11013	480.250 	 89.540 	 66.498
FHW11013	480.375 	 89.545 	 66.922
FHW11013	480.500 	 89.537 	 66.319
FHW11013	480.625 	 89.547 	 66.498
FHW11013	480.750 	 89.540 	 66.504
FHW11013	480.875 	 89.542 	 66.739
FHW11013	481.000 	 89.540 	 66.498
FHW11013	481.125 	 89.547 	 66.504
FHW11013	481.250 	 89.536 	 66.320
FHW11013	481.375 	 89.540 	 66.504
FHW11013	481.500 	 89.545 	 66.922
FHW11013	481.625 	 89.537 	 66.319
FHW11013	481.750 	 89.547 	 66.498
FHW11013	481.875 	 89.540 	 66.498
FHW11013	482.000 	 89.542 	 66.745
FHW11013	482.125 	 89.540 	 66.498
FHW11013	482.250 	 89.547 	 66.498
FHW11013	482.375 	 89.537 	 66.326
FHW11013	482.500 	 89.545 	 66.915
FHW11013	482.625 	 89.540 	 66.504
FHW11013	482.750 	 89.543 	 66.320
FHW11013	482.875 	 90.000 	 66.498
FHW11013	483.000 	 89.538 	 66.927
FHW11013	483.125 	 89.543 	 66.314
FHW11013	483.250 	 89.540 	 66.504
FHW11013	483.375 	 89.540 	 66.498
FHW11013	483.500 	 89.542 	 66.745
FHW11013	483.625 	 89.540 	 66.498
FHW11013	483.750 	 89.547 	 66.498
FHW11013	483.875 	 89.537 	 66.326
FHW11013	484.000 	 89.547 	 66.498
FHW11013	484.125 	 89.538 	 66.915
FHW11013	484.250 	 89.544 	 66.326
FHW11013	484.375 	 89.540 	 66.498
FHW11013	484.500 	 89.547 	 66.504
FHW11013	484.625 	 89.535 	 66.739
FHW11013	484.750 	 89.547 	 66.498
FHW11013	484.875 	 89.540 	 66.504
FHW11013	485.000 	 89.536 	 66.314
FHW11013	485.125 	 89.545 	 66.927
FHW11013	485.250 	 89.540 	 66.498
FHW11013	485.375 	 89.543 	 66.320
FHW11013	485.500 	 89.540 	 66.504
FHW11013	485.625 	 89.547 	 66.498
FHW11013	485.750 	 90.000 	 66.319
FHW11013	485.875 	 89.540 	 66.498
FHW11013	486.000 	 89.544 	 66.326
FHW11013	486.125 	 90.000 	 66.915
FHW11013	486.250 	 89.540 	 66.505
FHW11013	486.375 	 90.000 	 66.319
FHW11013	486.500 	 89.547 	 66.498
FHW11013	486.625 	 89.537 	 66.319
FHW11013	486.750 	 90.000 	 66.498
FHW11013	486.875 	 89.543 	 66.320
FHW11013	487.000 	 89.540 	 66.504
FHW11013	487.125 	 90.000 	 66.498
FHW11013	487.250 	 89.544 	 66.319
FHW11013	487.375 	 89.540 	 66.498
FHW11013	487.500 	 90.000 	 66.326
FHW11013	487.625 	 89.540 	 66.498
FHW11013	487.750 	 90.000 	 66.498
FHW11013	487.875 	 89.544 	 66.319
FHW11013	488.000 	 89.540 	 66.498
FHW11013	488.125 	 90.000 	 66.326
FHW11013	488.250 	 89.547 	 66.498
FHW11013	488.375 	 89.536 	 66.314
FHW11013	488.500 	 90.000 	 66.504
FHW11013	488.625 	 89.547 	 66.498
FHW11013	488.750 	 90.000 	 66.745
FHW11013	488.875 	 89.540 	 66.498
FHW11013	489.000 	 89.544 	 66.319
FHW11013	489.125 	 90.000 	 66.505
FHW11013	489.250 	 89.540 	 66.498
FHW11013	489.375 	 89.544 	 66.319
FHW11013	489.500 	 90.000 	 66.498
FHW11013	489.625 	 89.537 	 66.319
FHW11013	489.750 	 89.547 	 66.505
FHW11013	489.875 	 90.000 	 66.314
FHW11013	490.000 	 89.540 	 66.504
FHW11013	490.125 	 90.000 	 66.498
FHW11013	490.250 	 89.537 	 66.319
FHW11013	490.375 	 89.547 	 66.505
FHW11013	490.500 	 90.000 	 66.319
FHW11013	490.625 	 89.540 	 66.498
FHW11013	490.750 	 89.547 	 66.498
FHW11013	490.875 	 90.000 	 66.319
FHW11013	491.000 	 89.540 	 66.505
FHW11013	491.125 	 89.544 	 66.319
FHW11013	491.250 	 90.000 	 66.498
FHW11013	491.375 	 89.535 	 66.739
FHW11013	491.500 	 90.000 	 66.504
FHW11013	491.625 	 89.547 	 66.498
FHW11013	491.750 	 89.537 	 66.319
FHW11013	491.875 	 90.000 	 66.505
FHW11013	492.000 	 89.544 	 66.319
FHW11013	492.125 	 89.540 	 66.498
FHW11013	492.250 	 90.000 	 66.498
FHW11013	492.375 	 89.544 	 66.319
FHW11013	492.500 	 90.000 	 66.505
FHW11013	492.625 	 89.537 	 66.319
FHW11013	492.750 	 89.540 	 66.498
FHW11013	492.875 	 90.000 	 66.314
FHW11013	493.000 	 89.547 	 66.504
FHW11013	493.125 	 89.540 	 66.505
FHW11013	493.250 	 90.000 	 66.319
FHW11013	493.375 	 89.547 	 66.498
FHW11013	493.500 	 89.537 	 66.319
FHW11013	493.625 	 90.000 	 66.498
FHW11013	493.750 	 89.547 	 66.505
FHW11013	493.875 	 90.000 	 66.319
FHW11013	494.000 	 89.538 	 66.922
FHW11013	494.125 	 89.544 	 66.319
FHW11013	494.250 	 90.000 	 66.498
FHW11013	494.375 	 89.536 	 66.314
FHW11013	494.500 	 89.547 	 66.504
FHW11013	494.625 	 90.000 	 66.505
FHW11013	494.750 	 89.537 	 66.319
FHW11013	494.875 	 89.547 	 66.498
FHW11013	495.000 	 90.000 	 66.319
FHW11013	495.125 	 89.540 	 66.498
FHW11013	495.250 	 90.000 	 66.320
FHW11013	495.375 	 89.547 	 66.504
FHW11013	495.500 	 89.540 	 66.498
FHW11013	495.625 	 90.000 	 66.319
FHW11013	495.750 	 89.540 	 66.498
FHW11013	495.875 	 89.543 	 66.320
FHW11013	496.000 	 90.000 	 66.504
FHW11013	496.125 	 89.540 	 66.498
FHW11013	496.250 	 90.000 	 66.319
FHW11013	496.375 	 89.547 	 66.498
FHW11013	496.500 	 89.537 	 66.326
FHW11013	496.625 	 90.000 	 66.498
FHW11013	496.750 	 89.542 	 66.733
FHW11013	496.875 	 89.540 	 66.510
FHW11013	497.000 	 90.000 	 66.498
FHW11013	497.125 	 89.544 	 66.319
FHW11013	497.250 	 89.540 	 66.498
FHW11013	497.375 	 90.000 	 66.314
FHW11013	497.500 	 89.547 	 66.510
FHW11013	497.625 	 90.000 	 66.498
FHW11013	497.750 	 89.537 	 66.319
FHW11013	497.875 	 89.547 	 66.498
FHW11013	498.000 	 90.000 	 66.319
FHW11013	498.125 	 89.540 	 66.505
FHW11013	498.250 	 89.536 	 66.314
FHW11013	498.375 	 90.000 	 66.504
FHW11013	498.500 	 89.547 	 66.498
FHW11013	498.625 	 89.537 	 66.319
FHW11013	498.750 	 90.000 	 66.505
FHW11013	498.875 	 89.543 	 66.314
FHW11013	499.000 	 90.000 	 66.504
FHW11013	499.125 	 89.540 	 66.498
FHW11013	499.250 	 89.544 	 66.319
FHW11013	499.375 	 90.000 	 66.922
FHW11013	499.500 	 89.537 	 66.319
FHW11013	499.625 	 89.547 	 66.505
FHW11013	499.750 	 90.000 	 66.314
FHW11013	499.875 	 89.540 	 66.504
FHW11013	500.000 	 90.000 	 66.498
FHW11013	500.125 	 89.544 	 66.319
FHW11013	500.250 	 89.540 	 66.505
FHW11013	500.375 	 90.000 	 66.314
FHW11013	500.500 	 89.547 	 66.504
FHW11013	500.625 	 89.540 	 66.498
FHW11013	500.750 	 90.000 	 66.319
FHW11013	500.875 	 89.547 	 66.505
FHW11013	501.000 	 89.537 	 66.319
FHW11013	501.125 	 90.000 	 66.498
FHW11013	501.250 	 89.536 	 66.314
FHW11013	501.375 	 90.000 	 66.504
FHW11013	501.500 	 89.547 	 66.505
FHW11013	501.625 	 89.537 	 66.319
FHW11013	501.750 	 90.000 	 66.498
FHW11013	501.875 	 89.543 	 66.314
FHW11013	502.000 	 89.538 	 66.927
FHW11013	502.125 	 90.000 	 66.498
FHW11013	502.250 	 89.544 	 66.319
FHW11013	502.375 	 90.000 	 66.505
FHW11013	502.500 	 89.537 	 66.319
FHW11013	502.625 	 89.547 	 66.498
FHW11013	502.750 	 90.000 	 66.314
FHW11013	502.875 	 89.540 	 66.504
FHW11013	503.000 	 89.547 	 66.505
FHW11013	503.125 	 90.000 	 66.319
FHW11013	503.250 	 89.540 	 66.498
FHW11013	503.375 	 89.543 	 66.314
FHW11013	503.500 	 90.000 	 66.504
FHW11013	503.625 	 89.540 	 66.505
FHW11013	503.750 	 90.000 	 66.319
FHW11013	503.875 	 89.540 	 66.498
FHW11013	504.000 	 89.544 	 66.319
FHW11013	504.125 	 90.000 	 66.498
FHW11013	504.250 	 90.000 	 66.922
FHW11013	504.375 	 89.537 	 66.319
FHW11013	504.500 	 90.000 	 66.498
FHW11013	504.625 	 90.000 	 66.326
FHW11013	504.750 	 90.000 	 66.498
FHW11013	504.875 	 89.547 	 66.498
FHW11013	505.000 	 90.000 	 66.319
FHW11013	505.125 	 90.000 	 66.498
FHW11013	505.250 	 89.538 	 66.922
FHW11013	505.375 	 90.000 	 66.319
FHW11013	505.500 	 90.000 	 66.505
FHW11013	505.625 	 90.000 	 66.319
FHW11013	505.750 	 89.547 	 66.498
FHW11013	505.875 	 90.000 	 66.498
FHW11013	506.000 	 90.000 	 66.319
FHW11013	506.125 	 89.538 	 66.922
FHW11013	506.250 	 90.000 	 66.504
FHW11013	506.375 	 90.000 	 66.320
FHW11013	506.500 	 90.000 	 66.504
FHW11013	506.625 	 89.543 	 66.314
FHW11013	506.750 	 90.000 	 66.498
FHW11013	506.875 	 90.000 	 66.504
FHW11013	507.000 	 89.535 	 66.739
FHW11013	507.125 	 90.000 	 66.504
FHW11013	507.250 	 90.000 	 66.498
FHW11013	507.375 	 90.000 	 66.320
FHW11013	507.500 	 89.547 	 66.504
FHW11013	507.625 	 90.000 	 66.314
FHW11013	507.750 	 90.000 	 66.504
FHW11013	507.875 	 89.540 	 66.498
FHW11013	508.000 	 90.000 	 66.745
FHW11013	508.125 	 90.000 	 66.498
FHW11013	508.250 	 90.000 	 66.505
FHW11013	508.375 	 89.544 	 66.319
FHW11013	508.500 	 90.000 	 66.498
FHW11013	508.625 	 90.000 	 66.319
FHW11013	508.750 	 89.540 	 66.498
FHW11013	508.875 	 90.000 	 66.922
FHW11013	509.000 	 90.000 	 66.319
FHW11013	509.125 	 90.000 	 66.505
FHW11013	509.250 	 89.544 	 66.319
FHW11013	509.375 	 90.000 	 66.498
FHW11013	509.500 	 90.000 	 66.498
FHW11013	509.625 	 89.537 	 66.319
FHW11013	509.750 	 90.000 	 66.922
FHW11013	509.875 	 90.000 	 66.504
FHW11013	510.000 	 90.000 	 66.314
FHW11013	510.125 	 89.540 	 66.505
FHW11013	510.250 	 90.000 	 66.319
FHW11013	510.375 	 90.000 	 66.498
FHW11013	510.500 	 90.000 	 66.504
FHW11013	510.625 	 89.543 	 66.314
FHW11013	510.750 	 90.000 	 66.922
FHW11013	510.875 	 90.000 	 66.504
FHW11013	511.000 	 89.536 	 66.320
FHW11013	511.125 	 90.000 	 66.504
FHW11013	511.250 	 90.000 	 66.314
FHW11013	511.375 	 90.000 	 66.504
FHW11013	511.500 	 89.547 	 66.498
FHW11013	511.625 	 90.000 	 66.739
FHW11013	511.750 	 90.000 	 66.504
FHW11013	511.875 	 89.540 	 66.505
FHW11013	512.000 	 90.000 	 66.319
FHW11013	512.125 	 90.000 	 66.498
FHW11013	512.250 	 90.000 	 66.314
FHW11013	512.375 	 89.547 	 66.504
FHW11013	512.500 	 90.000 	 66.922
FHW11013	512.625 	 90.000 	 66.319
FHW11013	512.750 	 89.540 	 66.498
FHW11013	512.875 	 90.000 	 66.505
FHW11013	513.000 	 90.000 	 66.319
FHW11013	513.125 	 90.000 	 66.498
FHW11013	513.250 	 89.544 	 66.319
FHW11013	513.375 	 90.000 	 66.498
FHW11013	513.500 	 90.000 	 66.922
FHW11013	513.625 	 89.537 	 66.319
FHW11013	513.750 	 90.000 	 66.505
FHW11013	513.875 	 90.000 	 66.504
FHW11013	514.000 	 90.000 	 66.314
FHW11013	514.125 	 89.547 	 66.498
FHW11013	514.250 	 90.000 	 66.319
FHW11013	514.375 	 90.000 	 66.922
FHW11013	514.500 	 89.540 	 66.504
FHW11013	514.625 	 90.000 	 66.320
FHW11013	514.750 	 90.000 	 66.498
FHW11013	514.875 	 90.000 	 66.504
FHW11013	515.000 	 89.543 	 66.314
FHW11013	515.125 	 90.000 	 66.504
FHW11013	515.250 	 90.000 	 66.739
FHW11013	515.375 	 89.540 	 66.504
FHW11013	515.500 	 90.000 	 66.498
FHW11013	515.625 	 90.000 	 66.320
FHW11013	515.750 	 90.000 	 66.504
FHW11013	515.875 	 89.540 	 66.498
FHW11013	516.000 	 90.000 	 66.319
FHW11013	516.125 	 90.000 	 66.498
FHW11013	516.250 	 89.542 	 66.739
FHW11013	516.375 	 90.000 	 66.504
FHW11013	516.500 	 90.000 	 66.505
FHW11013	516.625 	 90.000 	 66.319
FHW11013	516.750 	 89.540 	 66.498
FHW11013	516.875 	 90.000 	 66.498
FHW11013	517.000 	 90.000 	 66.319
FHW11013	517.125 	 89.545 	 66.922
FHW11013	517.250 	 90.000 	 66.319
FHW11013	517.375 	 90.000 	 66.505
FHW11013	517.500 	 90.000 	 66.498
FHW11013	517.625 	 89.537 	 66.319
FHW11013	517.750 	 90.000 	 66.498
FHW11013	517.875 	 90.000 	 66.319
FHW11013	518.000 	 89.545 	 66.922
FHW11013	518.125 	 90.000 	 66.498
FHW11013	518.250 	 90.000 	 66.319
FHW11013	518.375 	 90.000 	 66.505
FHW11013	518.500 	 89.540 	 66.504
FHW11013	518.625 	 90.000 	 66.314
FHW11013	518.750 	 90.000 	 66.498
FHW11013	518.875 	 90.000 	 66.745
FHW11013	519.000 	 89.547 	 66.498
FHW11013	519.125 	 90.000 	 66.504
FHW11013	519.250 	 90.000 	 66.320
FHW11013	519.375 	 89.540 	 66.504
FHW11013	519.500 	 90.000 	 66.498
FHW11013	519.625 	 90.000 	 66.314
FHW11013	519.750 	 90.000 	 66.504
FHW11013	519.875 	 89.542 	 66.739
FHW11013	520.000 	 90.000 	 66.504
FHW11013	520.125 	 90.000 	 66.505
FHW11013	520.250 	 89.536 	 66.314
FHW11013	520.375 	 90.000 	 66.504
FHW11013	520.500 	 90.000 	 66.498
FHW11013	520.625 	 90.000 	 66.319
FHW11013	520.750 	 89.545 	 66.922
FHW11013	520.875 	 90.000 	 66.319
FHW11013	521.000 	 90.000 	 66.505
FHW11013	521.125 	 89.540 	 66.498
FHW11013	521.250 	 90.000 	 66.319
FHW11013	521.375 	 90.000 	 66.498
FHW11013	521.500 	 90.000 	 66.498
FHW11013	521.625 	 89.542 	 66.745
FHW11013	521.750 	 90.000 	 66.498
FHW11013	521.875 	 90.000 	 66.319
FHW11013	522.000 	 89.540 	 66.505
FHW11013	522.125 	 90.000 	 66.498
FHW11013	522.250 	 90.000 	 66.319
FHW11013	522.375 	 90.000 	 66.498
FHW11013	522.500 	 89.540 	 66.504
FHW11013	522.625 	 90.000 	 66.739
FHW11013	522.750 	 90.000 	 66.504
FHW11013	522.875 	 89.543 	 66.320
FHW11013	523.000 	 90.455 	 66.915
FHW11013	523.125 	 90.000 	 66.927
FHW11013	523.250 	 90.462 	 66.922
FHW11013	523.375 	 90.000 	 66.922
FHW11013	523.500 	 90.462 	 66.921
FHW11013	523.625 	 90.000 	 66.922
FHW11013	523.750 	 90.455 	 66.922
FHW11013	523.875 	 90.000 	 66.921
FHW11013	524.000 	 90.000 	 66.922
FHW11013	524.125 	 90.462 	 66.922
FHW11013	524.250 	 90.000 	 66.927
FHW11013	524.375 	 90.455 	 66.915
FHW11013	524.500 	 90.000 	 66.922
FHW11013	524.625 	 90.462 	 66.927
FHW11013	524.750 	 90.000 	 66.922
FHW11013	524.875 	 90.455 	 66.915
FHW11013	525.000 	 90.000 	 67.101
FHW11013	525.125 	 90.465 	 66.745
FHW11013	525.250 	 90.000 	 67.101
FHW11013	525.375 	 90.455 	 66.915
FHW11013	525.500 	 90.000 	 66.927
FHW11013	525.625 	 90.462 	 66.922
FHW11013	525.750 	 90.000 	 67.341
FHW11013	525.875 	 90.000 	 66.927
FHW11013	526.000 	 90.455 	 66.922
FHW11013	526.125 	 90.000 	 66.915
FHW11013	526.250 	 90.462 	 66.922
FHW11013	526.375 	 90.000 	 66.927
FHW11013	526.500 	 90.455 	 66.915
FHW11013	526.625 	 90.000 	 66.922
FHW11013	526.750 	 90.462 	 66.927
FHW11013	526.875 	 90.000 	 66.922
FHW11013	527.000 	 90.455 	 66.915
FHW11013	527.125 	 90.000 	 66.927
FHW11013	527.250 	 90.462 	 66.922
FHW11013	527.375 	 90.000 	 66.922
FHW11013	527.500 	 90.462 	 66.921
FHW11013	527.625 	 90.000 	 66.922
FHW11013	527.750 	 90.455 	 66.922
FHW11013	527.875 	 90.000 	 66.927
FHW11013	528.000 	 90.000 	 66.915
FHW11013	528.125 	 90.462 	 66.922
FHW11013	528.250 	 90.000 	 66.927
FHW11013	528.375 	 90.455 	 66.915
FHW11013	528.500 	 90.000 	 66.922
FHW11013	528.625 	 90.462 	 66.927
FHW11013	528.750 	 90.000 	 66.922
FHW11013	528.875 	 90.455 	 66.915
FHW11013	529.000 	 90.000 	 67.353
FHW11013	529.125 	 90.462 	 66.915
FHW11013	529.250 	 90.000 	 66.922
FHW11013	529.375 	 90.455 	 66.922
FHW11013	529.500 	 90.000 	 66.927
FHW11013	529.625 	 90.462 	 66.915
FHW11013	529.750 	 90.000 	 66.922
FHW11013	529.875 	 90.000 	 66.927
FHW11013	530.000 	 90.455 	 66.922
FHW11013	530.125 	 90.000 	 66.915
FHW11013	530.250 	 90.462 	 66.927
FHW11013	530.375 	 90.000 	 66.922
FHW11013	530.500 	 90.455 	 66.922
FHW11013	530.625 	 90.000 	 66.921
FHW11013	530.750 	 90.462 	 66.922
FHW11013	530.875 	 90.000 	 66.922
FHW11013	531.000 	 90.462 	 66.921
FHW11013	531.125 	 90.000 	 66.922
FHW11013	531.250 	 90.455 	 66.922
FHW11013	531.375 	 90.000 	 66.927
FHW11013	531.500 	 90.462 	 66.915
FHW11013	531.625 	 90.000 	 66.922
FHW11013	531.750 	 90.455 	 66.927
FHW11013	531.875 	 90.000 	 66.922
FHW11013	532.000 	 90.000 	 66.915
FHW11013	532.125 	 90.463 	 67.353
FHW11013	532.250 	 90.000 	 66.915
FHW11013	532.375 	 90.455 	 66.922
FHW11013	532.500 	 90.000 	 66.922
FHW11013	532.625 	 90.462 	 66.927
FHW11013	532.750 	 90.000 	 66.915
FHW11013	532.875 	 90.455 	 66.922
FHW11013	533.000 	 90.000 	 66.927
FHW11013	533.125 	 90.462 	 66.922
FHW11013	533.250 	 90.000 	 66.915
FHW11013	533.375 	 90.455 	 66.927
FHW11013	533.500 	 90.000 	 66.922
FHW11013	533.625 	 90.462 	 66.915
FHW11013	533.750 	 90.000 	 66.927
FHW11013	533.875 	 90.000 	 66.922
FHW11013	534.000 	 90.455 	 66.922
FHW11013	534.125 	 90.000 	 66.921
FHW11013	534.250 	 90.462 	 66.922
FHW11013	534.375 	 90.000 	 66.922
FHW11013	534.500 	 90.455 	 66.927
FHW11013	534.625 	 90.000 	 66.915
FHW11013	534.750 	 90.462 	 66.922
FHW11013	534.875 	 90.000 	 66.927
FHW11013	535.000 	 90.462 	 66.922
FHW11013	535.125 	 90.000 	 66.915
FHW11013	535.250 	 90.455 	 66.927
FHW11013	535.375 	 90.000 	 67.341
FHW11013	535.500 	 90.462 	 66.922
FHW11013	535.625 	 90.000 	 66.922
FHW11013	535.750 	 90.455 	 66.927
FHW11013	535.875 	 90.000 	 66.915
FHW11013	536.000 	 90.000 	 66.922
FHW11013	536.125 	 90.462 	 66.927
FHW11013	536.250 	 90.000 	 66.915
FHW11013	536.375 	 90.455 	 66.922
FHW11013	536.500 	 90.000 	 66.927
FHW11013	536.625 	 90.462 	 66.922
FHW11013	536.750 	 90.000 	 66.915
FHW11013	536.875 	 90.455 	 66.927
FHW11013	537.000 	 90.000 	 66.922
FHW11013	537.125 	 90.462 	 66.922
FHW11013	537.250 	 90.000 	 66.921
FHW11013	537.375 	 90.455 	 66.922
FHW11013	537.500 	 90.000 	 66.922
FHW11013	537.625 	 90.458 	 67.101
FHW11013	537.750 	 90.000 	 66.738
FHW11013	537.875 	 90.000 	 67.101
FHW11013	538.000 	 90.455 	 66.922
FHW11013	538.125 	 90.000 	 66.927
FHW11013	538.250 	 90.462 	 66.915
FHW11013	538.375 	 90.000 	 66.922
FHW11013	538.500 	 90.462 	 66.927
FHW11013	538.625 	 90.000 	 67.341
FHW11013	538.750 	 90.455 	 66.922
FHW11013	538.875 	 90.000 	 66.921
FHW11013	539.000 	 90.462 	 66.922
FHW11013	539.125 	 90.000 	 66.922
FHW11013	539.250 	 90.455 	 66.927
FHW11013	539.375 	 90.000 	 66.915
FHW11013	539.500 	 90.462 	 66.922
FHW11013	539.625 	 90.000 	 66.922
FHW11013	539.750 	 90.455 	 66.927
FHW11013	539.875 	 90.000 	 66.915
FHW11013	540.000 	 90.000 	 66.922
FHW11013	540.125 	 90.462 	 66.927
FHW11013	540.250 	 90.000 	 66.922
FHW11013	540.375 	 90.455 	 66.915
FHW11013	540.500 	 90.000 	 66.927
FHW11013	540.625 	 90.462 	 66.922
FHW11013	540.750 	 90.000 	 66.922
FHW11013	540.875 	 90.455 	 66.921
FHW11013	541.000 	 90.000 	 66.922
FHW11013	541.125 	 90.462 	 66.922
FHW11013	541.250 	 90.000 	 66.921
FHW11013	541.375 	 90.455 	 66.922
FHW11013	541.500 	 90.000 	 66.922
FHW11013	541.625 	 90.462 	 66.927
FHW11013	541.750 	 90.000 	 67.341
FHW11013	541.875 	 90.455 	 66.922
FHW11013	542.000 	 90.463 	 67.347
FHW11013	542.125 	 90.460 	 67.518
FHW11013	542.250 	 90.456 	 67.341
FHW11013	542.375 	 90.462 	 66.922
FHW11013	542.500 	 90.453 	 67.518
FHW11013	542.625 	 90.463 	 67.353
FHW11013	542.750 	 90.456 	 67.341
FHW11013	542.875 	 90.460 	 67.518
FHW11013	543.000 	 90.455 	 66.922
FHW11013	543.125 	 90.463 	 67.347
FHW11013	543.250 	 90.453 	 67.525
FHW11013	543.375 	 90.463 	 67.341
FHW11013	543.500 	 90.455 	 66.922
FHW11013	543.625 	 90.460 	 67.524
FHW11013	543.750 	 90.463 	 67.341
FHW11013	543.875 	 90.456 	 67.341
FHW11013	544.000 	 90.458 	 67.101
FHW11013	544.125 	 90.456 	 67.347
FHW11013	544.250 	 90.463 	 67.348
FHW11013	544.375 	 90.453 	 67.518
FHW11013	544.500 	 90.463 	 67.341
FHW11013	544.625 	 90.455 	 66.927
FHW11013	544.750 	 90.463 	 67.341
FHW11013	544.875 	 90.453 	 67.525
FHW11013	545.000 	 90.463 	 67.341
FHW11013	545.125 	 90.455 	 66.927
FHW11013	545.250 	 90.460 	 67.518
FHW11013	545.375 	 90.456 	 67.341
FHW11013	545.500 	 90.463 	 67.341
FHW11013	545.625 	 90.460 	 67.530
FHW11013	545.750 	 90.455 	 66.915
FHW11013	545.875 	 90.463 	 67.348
FHW11013	546.000 	 90.453 	 67.518
FHW11013	546.125 	 90.463 	 67.347
FHW11013	546.250 	 90.455 	 66.922
FHW11013	546.375 	 90.460 	 67.518
FHW11013	546.500 	 90.456 	 67.341
FHW11013	546.625 	 90.463 	 67.353
FHW11013	546.750 	 90.453 	 67.518
FHW11013	546.875 	 90.462 	 66.922
FHW11013	547.000 	 90.456 	 67.341
FHW11013	547.125 	 90.463 	 67.347
FHW11013	547.250 	 90.460 	 67.525
FHW11013	547.375 	 90.455 	 66.915
FHW11013	547.500 	 90.463 	 67.348
FHW11013	547.625 	 90.453 	 67.518
FHW11013	547.750 	 90.463 	 67.347
FHW11013	547.875 	 90.455 	 66.922
FHW11013	548.000 	 90.460 	 67.518
FHW11013	548.125 	 90.456 	 67.347
FHW11013	548.250 	 90.463 	 67.348
FHW11013	548.375 	 90.453 	 67.518
FHW11013	548.500 	 90.462 	 66.922
FHW11013	548.625 	 90.456 	 67.347
FHW11013	548.750 	 90.460 	 67.518
FHW11013	548.875 	 90.463 	 67.341
FHW11013	549.000 	 90.455 	 66.922
FHW11013	549.125 	 90.460 	 67.518
FHW11013	549.250 	 90.456 	 67.353
FHW11013	549.375 	 90.463 	 67.341
FHW11013	549.500 	 90.453 	 67.518
FHW11013	549.625 	 90.462 	 66.922
FHW11013	549.750 	 90.456 	 67.347
FHW11013	549.875 	 90.463 	 67.348
FHW11013	550.000 	 90.453 	 67.518
FHW11013	550.125 	 90.462 	 66.922
FHW11013	550.250 	 90.456 	 67.347
FHW11013	550.375 	 90.460 	 67.518
FHW11013	550.500 	 90.456 	 67.341
FHW11013	550.625 	 90.462 	 66.927
FHW11013	550.750 	 90.460 	 67.518
FHW11013	550.875 	 90.456 	 67.348
FHW11013	551.000 	 90.463 	 67.341
FHW11013	551.125 	 90.453 	 67.518
FHW11013	551.250 	 90.462 	 66.927
FHW11013	551.375 	 90.000 	 67.341
FHW11013	551.500 	 90.453 	 67.518
FHW11013	551.625 	 90.463 	 67.348
FHW11013	551.750 	 90.455 	 66.927
FHW11013	551.875 	 90.460 	 67.518
FHW11013	552.000 	 90.456 	 67.341
FHW11013	552.125 	 90.463 	 67.341
FHW11013	552.250 	 90.453 	 67.530
FHW11013	552.375 	 90.000 	 67.341
FHW11013	552.500 	 90.463 	 67.341
FHW11013	552.625 	 90.460 	 67.518
FHW11013	552.750 	 90.455 	 66.927
FHW11013	552.875 	 90.000 	 67.518
FHW11013	553.000 	 90.463 	 67.348
FHW11013	553.125 	 90.456 	 67.341
FHW11013	553.250 	 90.460 	 67.518
FHW11013	553.375 	 90.456 	 67.353
FHW11013	553.500 	 90.000 	 67.341
FHW11013	553.625 	 90.460 	 67.518
FHW11013	553.750 	 90.456 	 67.341
FHW11013	553.875 	 90.462 	 66.927
FHW11013	554.000 	 90.000 	 67.518
FHW11013	554.125 	 90.456 	 67.348
FHW11013	554.250 	 90.460 	 67.518
FHW11013	554.375 	 90.456 	 67.347
FHW11013	554.500 	 90.000 	 67.341
FHW11013	554.625 	 90.460 	 67.525
FHW11013	554.750 	 90.456 	 67.341
FHW11013	554.875 	 90.462 	 66.927
FHW11013	555.000 	 90.000 	 67.518
FHW11013	555.125 	 90.463 	 67.341
FHW11013	555.250 	 90.456 	 67.348
FHW11013	555.375 	 90.460 	 67.518
FHW11013	555.500 	 90.456 	 67.347
FHW11013	555.625 	 90.000 	 67.518
FHW11013	555.750 	 90.463 	 67.348
FHW11013	555.875 	 90.456 	 67.347
FHW11013	556.000 	 90.458 	 67.101
FHW11013	556.125 	 90.000 	 67.341
FHW11013	556.250 	 90.456 	 67.341
FHW11013	556.375 	 90.460 	 67.518
FHW11013	556.500 	 90.456 	 67.353
FHW11013	556.625 	 90.000 	 67.341
FHW11013	556.750 	 90.460 	 67.518
FHW11013	556.875 	 90.456 	 67.348
FHW11013	557.000 	 90.458 	 67.095
FHW11013	557.125 	 90.000 	 67.353
FHW11013	557.250 	 90.463 	 67.341
FHW11013	557.375 	 90.453 	 67.518
FHW11013	557.500 	 90.463 	 67.347
FHW11013	557.625 	 90.456 	 67.348
FHW11013	557.750 	 90.000 	 67.518
FHW11013	557.875 	 90.463 	 67.341
FHW11013	558.000 	 90.453 	 67.518
