#WellName	 Depth.M	 INCL	 AZIM 
WellName	 Depth.M	 INCL	 AZIM 
FHW12093	0.000 	 0.000 	 0.000
FHW12093	0.125 	 0.682 	 307.980
FHW12093	0.250 	 0.682 	 307.980
FHW12093	0.375 	 0.682 	 307.980
FHW12093	0.500 	 0.682 	 307.980
FHW12093	0.625 	 0.682 	 307.980
FHW12093	0.750 	 0.682 	 307.980
FHW12093	0.875 	 0.682 	 307.980
FHW12093	1.000 	 0.682 	 307.980
FHW12093	1.125 	 0.682 	 307.980
FHW12093	1.250 	 0.682 	 307.980
FHW12093	1.375 	 0.682 	 307.980
FHW12093	1.500 	 0.682 	 307.980
FHW12093	1.625 	 0.682 	 307.980
FHW12093	1.750 	 0.682 	 307.980
FHW12093	1.875 	 0.682 	 307.980
FHW12093	2.000 	 0.682 	 307.980
FHW12093	2.125 	 0.682 	 307.980
FHW12093	2.250 	 0.682 	 307.980
FHW12093	2.375 	 0.682 	 307.980
FHW12093	2.500 	 0.682 	 307.980
FHW12093	2.625 	 0.682 	 307.980
FHW12093	2.750 	 0.682 	 307.980
FHW12093	2.875 	 0.682 	 307.980
FHW12093	3.000 	 0.682 	 307.980
FHW12093	3.125 	 0.682 	 307.980
FHW12093	3.250 	 0.682 	 307.980
FHW12093	3.375 	 0.682 	 307.980
FHW12093	3.500 	 0.682 	 307.980
FHW12093	3.625 	 0.682 	 307.980
FHW12093	3.750 	 0.682 	 307.980
FHW12093	3.875 	 0.682 	 307.980
FHW12093	4.000 	 0.682 	 307.980
FHW12093	4.125 	 0.682 	 307.980
FHW12093	4.250 	 0.682 	 307.980
FHW12093	4.375 	 0.682 	 307.980
FHW12093	4.500 	 0.682 	 307.980
FHW12093	4.625 	 0.682 	 307.980
FHW12093	4.750 	 0.682 	 307.980
FHW12093	4.875 	 0.682 	 307.980
FHW12093	5.000 	 0.682 	 307.980
FHW12093	5.125 	 0.682 	 307.980
FHW12093	5.250 	 0.682 	 307.980
FHW12093	5.375 	 0.682 	 307.980
FHW12093	5.500 	 0.682 	 307.980
FHW12093	5.625 	 0.682 	 307.980
FHW12093	5.750 	 0.682 	 307.980
FHW12093	5.875 	 0.682 	 307.980
FHW12093	6.000 	 0.682 	 307.980
FHW12093	6.125 	 0.682 	 307.980
FHW12093	6.250 	 0.682 	 307.980
FHW12093	6.375 	 0.682 	 307.980
FHW12093	6.500 	 0.682 	 307.980
FHW12093	6.625 	 0.682 	 307.980
FHW12093	6.750 	 0.682 	 307.980
FHW12093	6.875 	 0.682 	 307.980
FHW12093	7.000 	 0.682 	 307.980
FHW12093	7.125 	 0.682 	 307.980
FHW12093	7.250 	 0.682 	 307.980
FHW12093	7.375 	 0.682 	 307.980
FHW12093	7.500 	 0.682 	 307.980
FHW12093	7.625 	 0.682 	 307.980
FHW12093	7.750 	 0.682 	 307.980
FHW12093	7.875 	 0.682 	 307.980
FHW12093	8.000 	 0.682 	 307.980
FHW12093	8.125 	 0.682 	 307.980
FHW12093	8.250 	 0.682 	 307.980
FHW12093	8.375 	 0.682 	 307.980
FHW12093	8.500 	 0.682 	 307.980
FHW12093	8.625 	 0.682 	 307.980
FHW12093	8.750 	 0.682 	 307.980
FHW12093	8.875 	 0.682 	 307.980
FHW12093	9.000 	 0.682 	 307.980
FHW12093	9.125 	 0.682 	 307.980
FHW12093	9.250 	 0.682 	 307.980
FHW12093	9.375 	 0.682 	 307.980
FHW12093	9.500 	 0.682 	 307.980
FHW12093	9.625 	 0.682 	 307.980
FHW12093	9.750 	 0.682 	 307.980
FHW12093	9.875 	 0.682 	 307.980
FHW12093	10.000 	 0.682 	 307.980
FHW12093	10.125 	 0.682 	 307.980
FHW12093	10.250 	 0.682 	 307.980
FHW12093	10.375 	 0.682 	 307.980
FHW12093	10.500 	 0.682 	 307.980
FHW12093	10.625 	 0.682 	 307.980
FHW12093	10.750 	 0.682 	 307.980
FHW12093	10.875 	 0.682 	 307.980
FHW12093	11.000 	 0.682 	 307.980
FHW12093	11.125 	 0.682 	 307.980
FHW12093	11.250 	 0.682 	 307.980
FHW12093	11.375 	 0.682 	 307.980
FHW12093	11.500 	 0.682 	 307.980
FHW12093	11.625 	 0.682 	 307.980
FHW12093	11.750 	 0.682 	 307.980
FHW12093	11.875 	 0.682 	 307.980
FHW12093	12.000 	 0.682 	 307.980
FHW12093	12.125 	 0.682 	 307.980
FHW12093	12.250 	 0.682 	 307.980
FHW12093	12.375 	 0.682 	 307.980
FHW12093	12.500 	 0.682 	 307.980
FHW12093	12.625 	 0.682 	 307.980
FHW12093	12.750 	 0.682 	 307.980
FHW12093	12.875 	 0.682 	 307.980
FHW12093	13.000 	 0.682 	 307.980
FHW12093	13.125 	 0.682 	 307.980
FHW12093	13.250 	 0.682 	 307.980
FHW12093	13.375 	 0.682 	 307.980
FHW12093	13.500 	 0.682 	 307.980
FHW12093	13.625 	 0.682 	 307.980
FHW12093	13.750 	 0.682 	 307.980
FHW12093	13.875 	 0.682 	 307.980
FHW12093	14.000 	 0.682 	 307.980
FHW12093	14.125 	 0.682 	 307.980
FHW12093	14.250 	 0.682 	 307.980
FHW12093	14.375 	 0.682 	 307.980
FHW12093	14.500 	 0.682 	 307.980
FHW12093	14.625 	 0.682 	 307.980
FHW12093	14.750 	 0.682 	 307.980
FHW12093	14.875 	 0.682 	 307.980
FHW12093	15.000 	 0.682 	 307.980
FHW12093	15.125 	 0.682 	 307.980
FHW12093	15.250 	 0.682 	 307.980
FHW12093	15.375 	 0.682 	 307.980
FHW12093	15.500 	 0.682 	 307.980
FHW12093	15.625 	 0.682 	 307.980
FHW12093	15.750 	 0.682 	 307.980
FHW12093	15.875 	 0.682 	 307.980
FHW12093	16.000 	 0.682 	 307.980
FHW12093	16.125 	 0.682 	 307.980
FHW12093	16.250 	 0.682 	 307.980
FHW12093	16.375 	 0.682 	 307.980
FHW12093	16.500 	 0.682 	 307.980
FHW12093	16.625 	 0.682 	 307.980
FHW12093	16.750 	 0.682 	 307.980
FHW12093	16.875 	 0.682 	 307.980
FHW12093	17.000 	 0.682 	 307.980
FHW12093	17.125 	 0.682 	 307.980
FHW12093	17.250 	 0.682 	 307.980
FHW12093	17.375 	 0.682 	 307.980
FHW12093	17.500 	 0.682 	 307.980
FHW12093	17.625 	 0.682 	 307.980
FHW12093	17.750 	 0.682 	 307.980
FHW12093	17.875 	 0.682 	 307.980
FHW12093	18.000 	 0.682 	 307.979
FHW12093	18.125 	 0.682 	 307.980
FHW12093	18.250 	 0.682 	 307.980
FHW12093	18.375 	 0.682 	 307.980
FHW12093	18.500 	 0.682 	 307.980
FHW12093	18.625 	 0.682 	 307.980
FHW12093	18.750 	 0.682 	 307.980
FHW12093	18.875 	 0.682 	 307.980
FHW12093	19.000 	 0.682 	 307.980
FHW12093	19.125 	 0.682 	 307.980
FHW12093	19.250 	 0.682 	 307.980
FHW12093	19.375 	 0.682 	 307.980
FHW12093	19.500 	 0.682 	 307.980
FHW12093	19.625 	 0.682 	 307.980
FHW12093	19.750 	 0.682 	 307.980
FHW12093	19.875 	 0.682 	 307.980
FHW12093	20.000 	 0.682 	 307.980
FHW12093	20.125 	 0.682 	 307.980
FHW12093	20.250 	 0.682 	 307.980
FHW12093	20.375 	 0.682 	 307.980
FHW12093	20.500 	 0.682 	 307.980
FHW12093	20.625 	 0.682 	 307.980
FHW12093	20.750 	 0.682 	 307.980
FHW12093	20.875 	 0.682 	 307.980
FHW12093	21.000 	 0.682 	 307.980
FHW12093	21.125 	 0.682 	 307.980
FHW12093	21.250 	 0.682 	 307.980
FHW12093	21.375 	 0.682 	 307.980
FHW12093	21.500 	 0.682 	 307.980
FHW12093	21.625 	 0.682 	 307.980
FHW12093	21.750 	 0.682 	 307.980
FHW12093	21.875 	 0.682 	 307.980
FHW12093	22.000 	 0.682 	 307.980
FHW12093	22.125 	 0.682 	 307.980
FHW12093	22.250 	 0.682 	 307.980
FHW12093	22.375 	 0.682 	 307.980
FHW12093	22.500 	 0.682 	 307.980
FHW12093	22.625 	 0.682 	 307.980
FHW12093	22.750 	 0.682 	 307.980
FHW12093	22.875 	 0.682 	 307.980
FHW12093	23.000 	 0.682 	 307.980
FHW12093	23.125 	 0.682 	 307.980
FHW12093	23.250 	 0.682 	 307.980
FHW12093	23.375 	 0.682 	 307.980
FHW12093	23.500 	 0.682 	 307.980
FHW12093	23.625 	 0.682 	 307.980
FHW12093	23.750 	 0.682 	 307.980
FHW12093	23.875 	 0.682 	 307.979
FHW12093	24.000 	 0.682 	 307.980
FHW12093	24.125 	 0.682 	 307.980
FHW12093	24.250 	 0.682 	 307.980
FHW12093	24.375 	 0.682 	 307.980
FHW12093	24.500 	 0.682 	 307.980
FHW12093	24.625 	 0.682 	 307.980
FHW12093	24.750 	 0.682 	 307.980
FHW12093	24.875 	 0.682 	 307.980
FHW12093	25.000 	 0.682 	 307.979
FHW12093	25.125 	 0.682 	 307.980
FHW12093	25.250 	 0.682 	 307.980
FHW12093	25.375 	 0.682 	 307.980
FHW12093	25.500 	 0.682 	 307.980
FHW12093	25.625 	 0.682 	 307.980
FHW12093	25.750 	 0.682 	 307.980
FHW12093	25.875 	 0.682 	 307.980
FHW12093	26.000 	 0.682 	 307.980
FHW12093	26.125 	 0.682 	 307.979
FHW12093	26.250 	 0.682 	 307.980
FHW12093	26.375 	 0.682 	 307.980
FHW12093	26.500 	 0.682 	 307.980
FHW12093	26.625 	 0.682 	 307.980
FHW12093	26.750 	 0.682 	 307.980
FHW12093	26.875 	 0.682 	 307.980
FHW12093	27.000 	 0.682 	 307.980
FHW12093	27.125 	 0.682 	 307.981
FHW12093	27.250 	 0.682 	 307.980
FHW12093	27.375 	 0.682 	 307.979
FHW12093	27.500 	 0.682 	 307.980
FHW12093	27.625 	 0.682 	 307.980
FHW12093	27.750 	 0.682 	 307.981
FHW12093	27.875 	 0.682 	 307.980
FHW12093	28.000 	 0.682 	 307.980
FHW12093	28.125 	 0.682 	 307.980
FHW12093	28.250 	 0.682 	 307.981
FHW12093	28.375 	 0.682 	 307.980
FHW12093	28.500 	 0.682 	 307.979
FHW12093	28.625 	 0.682 	 307.980
FHW12093	28.750 	 0.682 	 307.980
FHW12093	28.875 	 0.682 	 307.981
FHW12093	29.000 	 0.682 	 307.980
FHW12093	29.125 	 0.682 	 307.980
FHW12093	29.250 	 0.682 	 307.980
FHW12093	29.375 	 0.682 	 307.981
FHW12093	29.500 	 0.682 	 307.980
FHW12093	29.625 	 0.682 	 307.979
FHW12093	29.750 	 0.682 	 307.980
FHW12093	29.875 	 0.682 	 307.980
FHW12093	30.000 	 0.682 	 307.981
FHW12093	30.125 	 0.682 	 307.980
FHW12093	30.250 	 0.682 	 307.980
FHW12093	30.375 	 0.682 	 307.980
FHW12093	30.500 	 0.682 	 307.981
FHW12093	30.625 	 0.682 	 307.980
FHW12093	30.750 	 0.682 	 307.979
FHW12093	30.875 	 0.682 	 307.980
FHW12093	31.000 	 0.682 	 307.980
FHW12093	31.125 	 0.682 	 307.981
FHW12093	31.250 	 0.682 	 307.980
FHW12093	31.375 	 0.682 	 307.980
FHW12093	31.500 	 0.682 	 307.980
FHW12093	31.625 	 0.682 	 307.981
FHW12093	31.750 	 0.682 	 307.980
FHW12093	31.875 	 0.682 	 307.980
FHW12093	32.000 	 0.682 	 307.979
FHW12093	32.125 	 0.682 	 307.980
FHW12093	32.250 	 0.682 	 307.981
FHW12093	32.375 	 0.682 	 307.980
FHW12093	32.500 	 0.682 	 307.980
FHW12093	32.625 	 0.682 	 307.980
FHW12093	32.750 	 0.682 	 307.981
FHW12093	32.875 	 0.682 	 307.980
FHW12093	33.000 	 0.682 	 307.980
FHW12093	33.125 	 0.682 	 307.979
FHW12093	33.250 	 0.682 	 307.980
FHW12093	33.375 	 0.682 	 307.981
FHW12093	33.500 	 0.682 	 307.980
FHW12093	33.625 	 0.682 	 307.980
FHW12093	33.750 	 0.682 	 307.980
FHW12093	33.875 	 0.682 	 307.981
FHW12093	34.000 	 0.682 	 307.980
FHW12093	34.125 	 0.682 	 307.980
FHW12093	34.250 	 0.682 	 307.979
FHW12093	34.375 	 0.682 	 307.980
FHW12093	34.500 	 0.682 	 307.980
FHW12093	34.625 	 0.682 	 307.980
FHW12093	34.750 	 0.682 	 307.979
FHW12093	34.875 	 0.682 	 307.979
FHW12093	35.000 	 0.682 	 307.981
FHW12093	35.125 	 0.682 	 307.979
FHW12093	35.250 	 0.682 	 307.980
FHW12093	35.375 	 0.682 	 307.979
FHW12093	35.500 	 0.682 	 307.980
FHW12093	35.625 	 0.682 	 307.980
FHW12093	35.750 	 0.682 	 307.980
FHW12093	35.875 	 0.682 	 307.979
FHW12093	36.000 	 0.682 	 307.979
FHW12093	36.125 	 0.682 	 307.981
FHW12093	36.250 	 0.682 	 307.979
FHW12093	36.375 	 0.682 	 307.980
FHW12093	36.500 	 0.682 	 307.979
FHW12093	36.625 	 0.682 	 307.980
FHW12093	36.750 	 0.682 	 307.980
FHW12093	36.875 	 0.682 	 307.980
FHW12093	37.000 	 0.682 	 307.979
FHW12093	37.125 	 0.682 	 307.979
FHW12093	37.250 	 0.682 	 307.981
FHW12093	37.375 	 0.682 	 307.979
FHW12093	37.500 	 0.682 	 307.980
FHW12093	37.625 	 0.682 	 307.979
FHW12093	37.750 	 0.682 	 307.980
FHW12093	37.875 	 0.682 	 307.980
FHW12093	38.000 	 0.682 	 307.980
FHW12093	38.125 	 0.682 	 307.979
FHW12093	38.250 	 0.682 	 307.980
FHW12093	38.375 	 0.682 	 307.980
FHW12093	38.500 	 0.682 	 307.979
FHW12093	38.625 	 0.682 	 307.980
FHW12093	38.750 	 0.682 	 307.979
FHW12093	38.875 	 0.682 	 307.981
FHW12093	39.000 	 0.682 	 307.979
FHW12093	39.125 	 0.682 	 307.980
FHW12093	39.250 	 0.682 	 307.979
FHW12093	39.375 	 0.682 	 307.980
FHW12093	39.500 	 0.682 	 307.980
FHW12093	39.625 	 0.682 	 307.979
FHW12093	39.750 	 0.682 	 307.980
FHW12093	39.875 	 0.682 	 307.979
FHW12093	40.000 	 0.682 	 307.981
FHW12093	40.125 	 0.682 	 307.979
FHW12093	40.250 	 0.682 	 307.980
FHW12093	40.375 	 0.682 	 307.979
FHW12093	40.500 	 0.682 	 307.980
FHW12093	40.625 	 0.682 	 307.980
FHW12093	40.750 	 0.682 	 307.979
FHW12093	40.875 	 0.682 	 307.980
FHW12093	41.000 	 0.682 	 307.979
FHW12093	41.125 	 0.682 	 307.981
FHW12093	41.250 	 0.682 	 307.979
FHW12093	41.375 	 0.682 	 307.980
FHW12093	41.500 	 0.682 	 307.979
FHW12093	41.625 	 0.682 	 307.980
FHW12093	41.750 	 0.682 	 307.980
FHW12093	41.875 	 0.682 	 307.979
FHW12093	42.000 	 0.682 	 307.980
FHW12093	42.125 	 0.682 	 307.979
FHW12093	42.250 	 0.682 	 307.981
FHW12093	42.375 	 0.682 	 307.979
FHW12093	42.500 	 0.682 	 307.980
FHW12093	42.625 	 0.682 	 307.979
FHW12093	42.750 	 0.682 	 307.980
FHW12093	42.875 	 0.682 	 307.980
FHW12093	43.000 	 0.682 	 307.979
FHW12093	43.125 	 0.682 	 307.980
FHW12093	43.250 	 0.682 	 307.979
FHW12093	43.375 	 0.682 	 307.981
FHW12093	43.500 	 0.682 	 307.979
FHW12093	43.625 	 0.682 	 307.980
FHW12093	43.750 	 0.682 	 307.979
FHW12093	43.875 	 0.682 	 307.980
FHW12093	44.000 	 0.682 	 307.980
FHW12093	44.125 	 0.682 	 307.979
FHW12093	44.250 	 0.682 	 307.980
FHW12093	44.375 	 0.682 	 307.979
FHW12093	44.500 	 0.682 	 307.981
FHW12093	44.625 	 0.682 	 307.979
FHW12093	44.750 	 0.682 	 307.980
FHW12093	44.875 	 0.682 	 307.979
FHW12093	45.000 	 0.682 	 307.980
FHW12093	45.125 	 0.682 	 307.980
FHW12093	45.250 	 0.682 	 307.979
FHW12093	45.375 	 0.682 	 307.980
FHW12093	45.500 	 0.682 	 307.979
FHW12093	45.625 	 0.682 	 307.981
FHW12093	45.750 	 0.682 	 307.979
FHW12093	45.875 	 0.682 	 307.980
FHW12093	46.000 	 0.682 	 307.979
FHW12093	46.125 	 0.682 	 307.980
FHW12093	46.250 	 0.682 	 307.980
FHW12093	46.375 	 0.682 	 307.980
FHW12093	46.500 	 0.682 	 307.979
FHW12093	46.625 	 0.682 	 307.979
FHW12093	46.750 	 0.682 	 307.981
FHW12093	46.875 	 0.682 	 307.979
FHW12093	47.000 	 0.682 	 307.980
FHW12093	47.125 	 0.682 	 307.979
FHW12093	47.250 	 0.682 	 307.980
FHW12093	47.375 	 0.682 	 307.980
FHW12093	47.500 	 0.682 	 307.980
FHW12093	47.625 	 0.682 	 307.979
FHW12093	47.750 	 0.682 	 307.979
FHW12093	47.875 	 0.682 	 307.981
FHW12093	48.000 	 0.682 	 307.979
FHW12093	48.125 	 0.682 	 307.980
FHW12093	48.250 	 0.682 	 307.979
FHW12093	48.375 	 0.682 	 307.980
FHW12093	48.500 	 0.682 	 307.980
FHW12093	48.625 	 0.682 	 307.980
FHW12093	48.750 	 0.682 	 307.979
FHW12093	48.875 	 0.682 	 307.979
FHW12093	49.000 	 0.682 	 307.981
FHW12093	49.125 	 0.682 	 307.979
FHW12093	49.250 	 0.682 	 307.980
FHW12093	49.375 	 0.682 	 307.979
FHW12093	49.500 	 0.682 	 307.981
FHW12093	49.625 	 0.682 	 307.979
FHW12093	49.750 	 0.682 	 307.980
FHW12093	49.875 	 0.682 	 307.979
FHW12093	50.000 	 0.682 	 307.979
FHW12093	50.125 	 0.682 	 307.981
FHW12093	50.250 	 0.682 	 307.979
FHW12093	50.375 	 0.682 	 307.980
FHW12093	50.500 	 0.682 	 307.979
FHW12093	50.625 	 0.682 	 307.981
FHW12093	50.750 	 0.682 	 307.979
FHW12093	50.875 	 0.682 	 307.980
FHW12093	51.000 	 0.682 	 307.979
FHW12093	51.125 	 0.682 	 307.979
FHW12093	51.250 	 0.682 	 307.981
FHW12093	51.375 	 0.682 	 307.979
FHW12093	51.500 	 0.682 	 307.980
FHW12093	51.625 	 0.682 	 307.979
FHW12093	51.750 	 0.682 	 307.981
FHW12093	51.875 	 0.682 	 307.979
FHW12093	52.000 	 0.682 	 307.980
FHW12093	52.125 	 0.682 	 307.979
FHW12093	52.250 	 0.682 	 307.979
FHW12093	52.375 	 0.682 	 307.981
FHW12093	52.500 	 0.682 	 307.979
FHW12093	52.625 	 0.682 	 307.980
FHW12093	52.750 	 0.682 	 307.979
FHW12093	52.875 	 0.682 	 307.981
FHW12093	53.000 	 0.682 	 307.979
FHW12093	53.125 	 0.682 	 307.980
FHW12093	53.250 	 0.682 	 307.979
FHW12093	53.375 	 0.682 	 307.980
FHW12093	53.500 	 0.682 	 307.980
FHW12093	53.625 	 0.682 	 307.979
FHW12093	53.750 	 0.682 	 307.980
FHW12093	53.875 	 0.682 	 307.979
FHW12093	54.000 	 0.682 	 307.980
FHW12093	54.125 	 0.682 	 307.979
FHW12093	54.250 	 0.682 	 307.982
FHW12093	54.375 	 0.682 	 307.979
FHW12093	54.500 	 0.682 	 307.980
FHW12093	54.625 	 0.682 	 307.979
FHW12093	54.750 	 0.682 	 307.979
FHW12093	54.875 	 0.682 	 307.980
FHW12093	55.000 	 0.682 	 307.979
FHW12093	55.125 	 0.682 	 307.980
FHW12093	55.250 	 0.682 	 307.979
FHW12093	55.375 	 0.682 	 307.982
FHW12093	55.500 	 0.682 	 307.979
FHW12093	55.625 	 0.682 	 307.980
FHW12093	55.750 	 0.682 	 307.979
FHW12093	55.875 	 0.682 	 307.979
FHW12093	56.000 	 0.682 	 307.980
FHW12093	56.125 	 0.682 	 307.979
FHW12093	56.250 	 0.682 	 307.980
FHW12093	56.375 	 0.682 	 307.979
FHW12093	56.500 	 0.682 	 307.982
FHW12093	56.625 	 0.682 	 307.979
FHW12093	56.750 	 0.682 	 307.980
FHW12093	56.875 	 0.682 	 307.979
FHW12093	57.000 	 0.682 	 307.979
FHW12093	57.125 	 0.682 	 307.980
FHW12093	57.250 	 0.682 	 307.979
FHW12093	57.375 	 0.682 	 307.980
FHW12093	57.500 	 0.682 	 307.979
FHW12093	57.625 	 0.682 	 307.982
FHW12093	57.750 	 0.682 	 307.979
FHW12093	57.875 	 0.682 	 307.980
FHW12093	58.000 	 0.682 	 307.979
FHW12093	58.125 	 0.682 	 307.979
FHW12093	58.250 	 0.682 	 307.980
FHW12093	58.375 	 0.682 	 307.979
FHW12093	58.500 	 0.682 	 307.980
FHW12093	58.625 	 0.682 	 307.979
FHW12093	58.750 	 0.682 	 307.982
FHW12093	58.875 	 0.682 	 307.979
FHW12093	59.000 	 0.682 	 307.980
FHW12093	59.125 	 0.682 	 307.979
FHW12093	59.250 	 0.682 	 307.979
FHW12093	59.375 	 0.682 	 307.980
FHW12093	59.500 	 0.682 	 307.979
FHW12093	59.625 	 0.682 	 307.980
FHW12093	59.750 	 0.682 	 307.979
FHW12093	59.875 	 0.682 	 307.982
FHW12093	60.000 	 0.682 	 307.979
FHW12093	60.125 	 0.682 	 307.980
FHW12093	60.250 	 0.682 	 307.979
FHW12093	60.375 	 0.682 	 307.979
FHW12093	60.500 	 0.682 	 307.980
FHW12093	60.625 	 0.682 	 307.979
FHW12093	60.750 	 0.682 	 307.980
FHW12093	60.875 	 0.682 	 307.979
FHW12093	61.000 	 0.682 	 307.982
FHW12093	61.125 	 0.682 	 307.979
FHW12093	61.250 	 0.682 	 307.980
FHW12093	61.375 	 0.682 	 307.979
FHW12093	61.500 	 0.682 	 307.979
FHW12093	61.625 	 0.682 	 307.980
FHW12093	61.750 	 0.682 	 307.979
FHW12093	61.875 	 0.682 	 307.980
FHW12093	62.000 	 0.682 	 307.979
FHW12093	62.125 	 0.682 	 307.982
FHW12093	62.250 	 0.682 	 307.979
FHW12093	62.375 	 0.682 	 307.980
FHW12093	62.500 	 0.682 	 307.979
FHW12093	62.625 	 0.682 	 307.980
FHW12093	62.750 	 0.682 	 307.979
FHW12093	62.875 	 0.682 	 307.979
FHW12093	63.000 	 0.682 	 307.980
FHW12093	63.125 	 0.682 	 307.979
FHW12093	63.250 	 0.682 	 307.982
FHW12093	63.375 	 0.682 	 307.979
FHW12093	63.500 	 0.682 	 307.980
FHW12093	63.625 	 0.682 	 307.979
FHW12093	63.750 	 0.682 	 307.980
FHW12093	63.875 	 0.682 	 307.979
FHW12093	64.000 	 0.682 	 307.979
FHW12093	64.125 	 0.682 	 307.980
FHW12093	64.250 	 0.682 	 307.979
FHW12093	64.375 	 0.682 	 307.982
FHW12093	64.500 	 0.682 	 307.979
FHW12093	64.625 	 0.682 	 307.980
FHW12093	64.750 	 0.682 	 307.979
FHW12093	64.875 	 0.682 	 307.980
FHW12093	65.000 	 0.682 	 307.979
FHW12093	65.125 	 0.682 	 307.979
FHW12093	65.250 	 0.682 	 307.980
FHW12093	65.375 	 0.682 	 307.979
FHW12093	65.500 	 0.682 	 307.982
FHW12093	65.625 	 0.682 	 307.979
FHW12093	65.750 	 0.682 	 307.980
FHW12093	65.875 	 0.682 	 307.979
FHW12093	66.000 	 0.682 	 307.980
FHW12093	66.125 	 0.682 	 307.979
FHW12093	66.250 	 0.682 	 307.979
FHW12093	66.375 	 0.682 	 307.980
FHW12093	66.500 	 0.682 	 307.979
FHW12093	66.625 	 0.682 	 307.982
FHW12093	66.750 	 0.682 	 307.979
FHW12093	66.875 	 0.682 	 307.980
FHW12093	67.000 	 0.682 	 307.979
FHW12093	67.125 	 0.682 	 307.980
FHW12093	67.250 	 0.682 	 307.979
FHW12093	67.375 	 0.682 	 307.979
FHW12093	67.500 	 0.682 	 307.980
FHW12093	67.625 	 0.682 	 307.979
FHW12093	67.750 	 0.682 	 307.982
FHW12093	67.875 	 0.682 	 307.979
FHW12093	68.000 	 0.682 	 307.980
FHW12093	68.125 	 0.682 	 307.979
FHW12093	68.250 	 0.682 	 307.980
FHW12093	68.375 	 0.682 	 307.980
FHW12093	68.500 	 0.682 	 307.979
FHW12093	68.625 	 0.682 	 307.980
FHW12093	68.750 	 0.682 	 307.980
FHW12093	68.875 	 0.681 	 307.980
FHW12093	69.000 	 0.682 	 307.980
FHW12093	69.125 	 0.682 	 307.980
FHW12093	69.250 	 0.682 	 307.980
FHW12093	69.375 	 0.682 	 307.979
FHW12093	69.500 	 0.682 	 307.980
FHW12093	69.625 	 0.682 	 307.980
FHW12093	69.750 	 0.682 	 307.979
FHW12093	69.875 	 0.682 	 307.980
FHW12093	70.000 	 0.682 	 307.982
FHW12093	70.125 	 0.682 	 307.980
FHW12093	70.250 	 0.682 	 307.979
FHW12093	70.375 	 0.682 	 307.980
FHW12093	70.500 	 0.682 	 307.980
FHW12093	70.625 	 0.682 	 307.980
FHW12093	70.750 	 0.682 	 307.979
FHW12093	70.875 	 0.682 	 307.980
FHW12093	71.000 	 0.682 	 307.980
FHW12093	71.125 	 0.681 	 307.980
FHW12093	71.250 	 0.682 	 307.980
FHW12093	71.375 	 0.682 	 307.980
FHW12093	71.500 	 0.682 	 307.980
FHW12093	71.625 	 0.682 	 307.979
FHW12093	71.750 	 0.682 	 307.980
FHW12093	71.875 	 0.682 	 307.980
FHW12093	72.000 	 0.682 	 307.979
FHW12093	72.125 	 0.682 	 307.980
FHW12093	72.250 	 0.682 	 307.982
FHW12093	72.375 	 0.682 	 307.980
FHW12093	72.500 	 0.682 	 307.979
FHW12093	72.625 	 0.682 	 307.980
FHW12093	72.750 	 0.682 	 307.980
FHW12093	72.875 	 0.682 	 307.980
FHW12093	73.000 	 0.682 	 307.979
FHW12093	73.125 	 0.682 	 307.980
FHW12093	73.250 	 0.682 	 307.980
FHW12093	73.375 	 0.681 	 307.980
FHW12093	73.500 	 0.682 	 307.980
FHW12093	73.625 	 0.682 	 307.980
FHW12093	73.750 	 0.682 	 307.980
FHW12093	73.875 	 0.682 	 307.979
FHW12093	74.000 	 0.682 	 307.980
FHW12093	74.125 	 0.682 	 307.980
FHW12093	74.250 	 0.682 	 307.979
FHW12093	74.375 	 0.682 	 307.980
FHW12093	74.500 	 0.682 	 307.982
FHW12093	74.625 	 0.682 	 307.980
FHW12093	74.750 	 0.682 	 307.979
FHW12093	74.875 	 0.682 	 307.980
FHW12093	75.000 	 0.682 	 307.980
FHW12093	75.125 	 0.682 	 307.980
FHW12093	75.250 	 0.682 	 307.979
FHW12093	75.375 	 0.682 	 307.980
FHW12093	75.500 	 0.682 	 307.980
FHW12093	75.625 	 0.681 	 307.980
FHW12093	75.750 	 0.682 	 307.980
FHW12093	75.875 	 0.682 	 307.980
FHW12093	76.000 	 0.682 	 307.980
FHW12093	76.125 	 0.682 	 307.979
FHW12093	76.250 	 0.682 	 307.980
FHW12093	76.375 	 0.682 	 307.980
FHW12093	76.500 	 0.682 	 307.980
FHW12093	76.625 	 0.681 	 307.980
FHW12093	76.750 	 0.682 	 307.980
FHW12093	76.875 	 0.682 	 307.980
FHW12093	77.000 	 0.682 	 307.979
FHW12093	77.125 	 0.682 	 307.980
FHW12093	77.250 	 0.682 	 307.980
FHW12093	77.375 	 0.682 	 307.980
FHW12093	77.500 	 0.682 	 307.979
FHW12093	77.625 	 0.682 	 307.980
FHW12093	77.750 	 0.682 	 307.982
FHW12093	77.875 	 0.682 	 307.979
FHW12093	78.000 	 0.682 	 307.980
FHW12093	78.125 	 0.682 	 307.980
FHW12093	78.250 	 0.682 	 307.980
FHW12093	78.375 	 0.682 	 307.979
FHW12093	78.500 	 0.682 	 307.980
FHW12093	78.625 	 0.682 	 307.980
FHW12093	78.750 	 0.682 	 307.980
FHW12093	78.875 	 0.681 	 307.980
FHW12093	79.000 	 0.682 	 307.980
FHW12093	79.125 	 1.869 	 261.238
FHW12093	79.250 	 2.540 	 255.960
FHW12093	79.375 	 2.540 	 255.960
FHW12093	79.500 	 2.540 	 255.960
FHW12093	79.625 	 2.540 	 255.960
FHW12093	79.750 	 2.540 	 255.960
FHW12093	79.875 	 2.540 	 255.960
FHW12093	80.000 	 2.540 	 255.960
FHW12093	80.125 	 2.540 	 255.960
FHW12093	80.250 	 2.540 	 255.960
FHW12093	80.375 	 2.540 	 255.960
FHW12093	80.500 	 2.540 	 255.960
FHW12093	80.625 	 2.540 	 255.960
FHW12093	80.750 	 2.540 	 255.960
FHW12093	80.875 	 2.540 	 255.960
FHW12093	81.000 	 2.540 	 255.960
FHW12093	81.125 	 2.540 	 255.960
FHW12093	81.250 	 2.540 	 255.960
FHW12093	81.375 	 2.540 	 255.960
FHW12093	81.500 	 2.540 	 255.960
FHW12093	81.625 	 2.540 	 255.960
FHW12093	81.750 	 2.540 	 255.960
FHW12093	81.875 	 2.540 	 255.960
FHW12093	82.000 	 2.540 	 255.960
FHW12093	82.125 	 2.540 	 255.960
FHW12093	82.250 	 2.540 	 255.960
FHW12093	82.375 	 2.540 	 255.960
FHW12093	82.500 	 2.540 	 255.960
FHW12093	82.625 	 2.540 	 255.960
FHW12093	82.750 	 2.540 	 255.960
FHW12093	82.875 	 2.540 	 255.960
FHW12093	83.000 	 2.540 	 255.960
FHW12093	83.125 	 2.540 	 255.960
FHW12093	83.250 	 2.540 	 255.960
FHW12093	83.375 	 2.540 	 255.960
FHW12093	83.500 	 2.540 	 255.961
FHW12093	83.625 	 2.540 	 255.960
FHW12093	83.750 	 2.540 	 255.960
FHW12093	83.875 	 2.540 	 255.960
FHW12093	84.000 	 2.540 	 255.960
FHW12093	84.125 	 2.540 	 255.960
FHW12093	84.250 	 2.540 	 255.960
FHW12093	84.375 	 2.540 	 255.960
FHW12093	84.500 	 2.540 	 255.960
FHW12093	84.625 	 2.540 	 255.960
FHW12093	84.750 	 2.540 	 255.960
FHW12093	84.875 	 2.540 	 255.960
FHW12093	85.000 	 2.540 	 255.960
FHW12093	85.125 	 2.540 	 255.960
FHW12093	85.250 	 2.540 	 255.960
FHW12093	85.375 	 2.540 	 255.960
FHW12093	85.500 	 2.540 	 255.960
FHW12093	85.625 	 2.540 	 255.960
FHW12093	85.750 	 2.540 	 255.960
FHW12093	85.875 	 2.540 	 255.960
FHW12093	86.000 	 2.540 	 255.960
FHW12093	86.125 	 2.540 	 255.960
FHW12093	86.250 	 2.540 	 255.960
FHW12093	86.375 	 2.540 	 255.960
FHW12093	86.500 	 2.540 	 255.960
FHW12093	86.625 	 2.540 	 255.960
FHW12093	86.750 	 2.540 	 255.960
FHW12093	86.875 	 2.540 	 255.960
FHW12093	87.000 	 2.540 	 255.960
FHW12093	87.125 	 2.540 	 255.960
FHW12093	87.250 	 2.540 	 255.960
FHW12093	87.375 	 2.540 	 255.960
FHW12093	87.500 	 2.540 	 255.960
FHW12093	87.625 	 2.540 	 255.960
FHW12093	87.750 	 2.540 	 255.960
FHW12093	87.875 	 2.540 	 255.960
FHW12093	88.000 	 2.540 	 255.960
FHW12093	88.125 	 2.540 	 255.960
FHW12093	88.250 	 2.540 	 255.960
FHW12093	88.375 	 2.540 	 255.960
FHW12093	88.500 	 2.540 	 255.960
FHW12093	88.625 	 2.540 	 255.960
FHW12093	88.750 	 2.540 	 255.960
FHW12093	88.875 	 2.540 	 255.960
FHW12093	89.000 	 2.540 	 255.960
FHW12093	89.125 	 2.540 	 255.960
FHW12093	89.250 	 2.540 	 255.960
FHW12093	89.375 	 2.540 	 255.960
FHW12093	89.500 	 2.540 	 255.960
FHW12093	89.625 	 2.540 	 255.960
FHW12093	89.750 	 2.540 	 255.960
FHW12093	89.875 	 2.540 	 255.960
FHW12093	90.000 	 2.540 	 255.960
FHW12093	90.125 	 2.540 	 255.960
FHW12093	90.250 	 2.540 	 255.960
FHW12093	90.375 	 2.540 	 255.960
FHW12093	90.500 	 2.540 	 255.960
FHW12093	90.625 	 2.540 	 255.960
FHW12093	90.750 	 2.540 	 255.960
FHW12093	90.875 	 2.540 	 255.960
FHW12093	91.000 	 2.540 	 255.960
FHW12093	91.125 	 2.540 	 255.960
FHW12093	91.250 	 2.540 	 255.960
FHW12093	91.375 	 2.540 	 255.960
FHW12093	91.500 	 2.540 	 255.960
FHW12093	91.625 	 2.540 	 255.960
FHW12093	91.750 	 2.540 	 255.960
FHW12093	91.875 	 2.540 	 255.960
FHW12093	92.000 	 2.540 	 255.960
FHW12093	92.125 	 4.235 	 254.935
FHW12093	92.250 	 4.235 	 254.935
FHW12093	92.375 	 4.235 	 254.935
FHW12093	92.500 	 4.235 	 254.935
FHW12093	92.625 	 4.235 	 254.935
FHW12093	92.750 	 4.235 	 254.935
FHW12093	92.875 	 4.235 	 254.935
FHW12093	93.000 	 4.235 	 254.935
FHW12093	93.125 	 4.235 	 254.935
FHW12093	93.250 	 4.235 	 254.935
FHW12093	93.375 	 4.235 	 254.935
FHW12093	93.500 	 4.235 	 254.935
FHW12093	93.625 	 4.235 	 254.935
FHW12093	93.750 	 4.235 	 254.935
FHW12093	93.875 	 4.235 	 254.935
FHW12093	94.000 	 4.235 	 254.935
FHW12093	94.125 	 4.235 	 254.935
FHW12093	94.250 	 4.235 	 254.935
FHW12093	94.375 	 4.235 	 254.935
FHW12093	94.500 	 4.235 	 254.935
FHW12093	94.625 	 4.235 	 254.935
FHW12093	94.750 	 4.235 	 254.935
FHW12093	94.875 	 4.235 	 254.935
FHW12093	95.000 	 4.235 	 254.935
FHW12093	95.125 	 4.235 	 254.935
FHW12093	95.250 	 4.235 	 254.935
FHW12093	95.375 	 4.235 	 254.935
FHW12093	95.500 	 4.235 	 254.935
FHW12093	95.625 	 4.235 	 254.935
FHW12093	95.750 	 4.235 	 254.935
FHW12093	95.875 	 4.235 	 254.935
FHW12093	96.000 	 4.235 	 254.935
FHW12093	96.125 	 4.235 	 254.935
FHW12093	96.250 	 4.235 	 254.935
FHW12093	96.375 	 4.235 	 254.935
FHW12093	96.500 	 4.235 	 254.935
FHW12093	96.625 	 4.235 	 254.935
FHW12093	96.750 	 4.235 	 254.935
FHW12093	96.875 	 4.235 	 254.935
FHW12093	97.000 	 4.235 	 254.935
FHW12093	97.125 	 4.235 	 254.935
FHW12093	97.250 	 4.235 	 254.935
FHW12093	97.375 	 4.235 	 254.935
FHW12093	97.500 	 4.235 	 254.935
FHW12093	97.625 	 5.819 	 253.476
FHW12093	97.750 	 7.839 	 252.470
FHW12093	97.875 	 7.839 	 252.470
FHW12093	98.000 	 7.839 	 252.470
FHW12093	98.125 	 7.839 	 252.470
FHW12093	98.250 	 7.839 	 252.470
FHW12093	98.375 	 7.839 	 252.470
FHW12093	98.500 	 7.839 	 252.470
FHW12093	98.625 	 7.839 	 252.470
FHW12093	98.750 	 7.839 	 252.470
FHW12093	98.875 	 7.839 	 252.470
FHW12093	99.000 	 7.839 	 252.470
FHW12093	99.125 	 7.839 	 252.470
FHW12093	99.250 	 7.839 	 252.470
FHW12093	99.375 	 7.839 	 252.470
FHW12093	99.500 	 7.839 	 252.470
FHW12093	99.625 	 7.839 	 252.470
FHW12093	99.750 	 7.839 	 252.470
FHW12093	99.875 	 7.839 	 252.470
FHW12093	100.000 	 7.839 	 252.470
FHW12093	100.125 	 7.839 	 252.470
FHW12093	100.250 	 7.839 	 252.470
FHW12093	100.375 	 7.839 	 252.470
FHW12093	100.500 	 7.839 	 252.470
FHW12093	100.625 	 7.839 	 252.470
FHW12093	100.750 	 7.839 	 252.470
FHW12093	100.875 	 7.839 	 252.470
FHW12093	101.000 	 7.839 	 252.470
FHW12093	101.125 	 7.839 	 252.470
FHW12093	101.250 	 7.839 	 252.470
FHW12093	101.375 	 7.839 	 252.470
FHW12093	101.500 	 7.839 	 252.470
FHW12093	101.625 	 7.839 	 252.470
FHW12093	101.750 	 7.839 	 252.470
FHW12093	101.875 	 7.839 	 252.470
FHW12093	102.000 	 7.839 	 252.470
FHW12093	102.125 	 7.839 	 252.470
FHW12093	102.250 	 7.839 	 252.470
FHW12093	102.375 	 7.839 	 252.470
FHW12093	102.500 	 7.839 	 252.470
FHW12093	102.625 	 7.839 	 252.470
FHW12093	102.750 	 7.839 	 252.470
FHW12093	102.875 	 7.839 	 252.470
FHW12093	103.000 	 7.839 	 252.470
FHW12093	103.125 	 7.839 	 252.470
FHW12093	103.250 	 7.839 	 252.470
FHW12093	103.375 	 7.839 	 252.470
FHW12093	103.500 	 7.839 	 252.470
FHW12093	103.625 	 7.839 	 252.470
FHW12093	103.750 	 7.839 	 252.470
FHW12093	103.875 	 7.839 	 252.470
FHW12093	104.000 	 7.839 	 252.470
FHW12093	104.125 	 7.839 	 252.470
FHW12093	104.250 	 7.839 	 252.470
FHW12093	104.375 	 7.839 	 252.470
FHW12093	104.500 	 7.839 	 252.470
FHW12093	104.625 	 7.839 	 252.470
FHW12093	104.750 	 7.839 	 252.470
FHW12093	104.875 	 7.839 	 252.470
FHW12093	105.000 	 7.839 	 252.470
FHW12093	105.125 	 7.839 	 252.470
FHW12093	105.250 	 7.839 	 252.470
FHW12093	105.375 	 7.839 	 252.470
FHW12093	105.500 	 7.839 	 252.470
FHW12093	105.625 	 7.839 	 252.470
FHW12093	105.750 	 7.839 	 252.470
FHW12093	105.875 	 7.839 	 252.470
FHW12093	106.000 	 7.839 	 252.470
FHW12093	106.125 	 7.839 	 252.470
FHW12093	106.250 	 7.839 	 252.470
FHW12093	106.375 	 7.839 	 252.470
FHW12093	106.500 	 7.839 	 252.470
FHW12093	106.625 	 7.839 	 252.470
FHW12093	106.750 	 7.839 	 252.470
FHW12093	106.875 	 7.839 	 252.470
FHW12093	107.000 	 7.839 	 252.470
FHW12093	107.125 	 7.839 	 252.470
FHW12093	107.250 	 7.839 	 252.470
FHW12093	107.375 	 7.839 	 252.470
FHW12093	107.500 	 7.839 	 252.470
FHW12093	107.625 	 7.839 	 252.470
FHW12093	107.750 	 7.839 	 252.470
FHW12093	107.875 	 7.839 	 252.470
FHW12093	108.000 	 7.839 	 252.470
FHW12093	108.125 	 7.839 	 252.470
FHW12093	108.250 	 7.839 	 252.470
FHW12093	108.375 	 7.839 	 252.470
FHW12093	108.500 	 7.839 	 252.470
FHW12093	108.625 	 7.839 	 252.470
FHW12093	108.750 	 7.839 	 252.470
FHW12093	108.875 	 7.839 	 252.470
FHW12093	109.000 	 7.839 	 252.470
FHW12093	109.125 	 7.839 	 252.470
FHW12093	109.250 	 7.839 	 252.470
FHW12093	109.375 	 7.839 	 252.470
FHW12093	109.500 	 7.839 	 252.470
FHW12093	109.625 	 7.839 	 252.470
FHW12093	109.750 	 7.839 	 252.470
FHW12093	109.875 	 7.839 	 252.470
FHW12093	110.000 	 7.839 	 252.470
FHW12093	110.125 	 7.839 	 252.470
FHW12093	110.250 	 7.839 	 252.470
FHW12093	110.375 	 7.839 	 252.470
FHW12093	110.500 	 7.839 	 252.470
FHW12093	110.625 	 7.839 	 252.470
FHW12093	110.750 	 7.839 	 252.470
FHW12093	110.875 	 7.839 	 252.470
FHW12093	111.000 	 7.839 	 252.470
FHW12093	111.125 	 7.839 	 252.470
FHW12093	111.250 	 7.839 	 252.470
FHW12093	111.375 	 7.839 	 252.470
FHW12093	111.500 	 7.839 	 252.470
FHW12093	111.625 	 7.839 	 252.470
FHW12093	111.750 	 7.839 	 252.470
FHW12093	111.875 	 7.839 	 252.470
FHW12093	112.000 	 7.839 	 252.470
FHW12093	112.125 	 7.839 	 252.470
FHW12093	112.250 	 7.839 	 252.470
FHW12093	112.375 	 7.839 	 252.470
FHW12093	112.500 	 7.839 	 252.470
FHW12093	112.625 	 7.839 	 252.470
FHW12093	112.750 	 7.839 	 252.470
FHW12093	112.875 	 7.839 	 252.470
FHW12093	113.000 	 7.839 	 252.470
FHW12093	113.125 	 7.839 	 252.470
FHW12093	113.250 	 7.839 	 252.470
FHW12093	113.375 	 7.839 	 252.470
FHW12093	113.500 	 7.839 	 252.470
FHW12093	113.625 	 7.839 	 252.470
FHW12093	113.750 	 7.839 	 252.470
FHW12093	113.875 	 7.839 	 252.470
FHW12093	114.000 	 7.839 	 252.470
FHW12093	114.125 	 7.839 	 252.470
FHW12093	114.250 	 7.839 	 252.470
FHW12093	114.375 	 7.839 	 252.470
FHW12093	114.500 	 7.839 	 252.470
FHW12093	114.625 	 7.839 	 252.470
FHW12093	114.750 	 7.839 	 252.470
FHW12093	114.875 	 7.839 	 252.470
FHW12093	115.000 	 7.839 	 252.470
FHW12093	115.125 	 7.839 	 252.470
FHW12093	115.250 	 7.839 	 252.470
FHW12093	115.375 	 7.839 	 252.470
FHW12093	115.500 	 7.839 	 252.470
FHW12093	115.625 	 7.839 	 252.470
FHW12093	115.750 	 7.839 	 252.470
FHW12093	115.875 	 8.567 	 252.012
FHW12093	116.000 	 13.925 	 250.110
FHW12093	116.125 	 13.924 	 250.110
FHW12093	116.250 	 13.924 	 250.110
FHW12093	116.375 	 13.925 	 250.110
FHW12093	116.500 	 13.925 	 250.110
FHW12093	116.625 	 13.925 	 250.110
FHW12093	116.750 	 13.924 	 250.110
FHW12093	116.875 	 13.925 	 250.110
FHW12093	117.000 	 13.925 	 250.110
FHW12093	117.125 	 13.924 	 250.110
FHW12093	117.250 	 13.925 	 250.110
FHW12093	117.375 	 13.924 	 250.110
FHW12093	117.500 	 13.924 	 250.110
FHW12093	117.625 	 13.925 	 250.110
FHW12093	117.750 	 13.925 	 250.110
FHW12093	117.875 	 13.925 	 250.110
FHW12093	118.000 	 13.924 	 250.110
FHW12093	118.125 	 13.925 	 250.110
FHW12093	118.250 	 13.925 	 250.110
FHW12093	118.375 	 13.924 	 250.110
FHW12093	118.500 	 13.925 	 250.110
FHW12093	118.625 	 13.924 	 250.110
FHW12093	118.750 	 13.924 	 250.110
FHW12093	118.875 	 13.925 	 250.110
FHW12093	119.000 	 13.925 	 250.110
FHW12093	119.125 	 13.924 	 250.110
FHW12093	119.250 	 13.924 	 250.110
FHW12093	119.375 	 13.925 	 250.110
FHW12093	119.500 	 13.925 	 250.110
FHW12093	119.625 	 13.924 	 250.110
FHW12093	119.750 	 13.925 	 250.110
FHW12093	119.875 	 13.924 	 250.110
FHW12093	120.000 	 13.924 	 250.110
FHW12093	120.125 	 13.925 	 250.110
FHW12093	120.250 	 13.925 	 250.110
FHW12093	120.375 	 13.924 	 250.110
FHW12093	120.500 	 13.924 	 250.110
FHW12093	120.625 	 13.925 	 250.110
FHW12093	120.750 	 13.925 	 250.110
FHW12093	120.875 	 13.924 	 250.110
FHW12093	121.000 	 13.925 	 250.110
FHW12093	121.125 	 13.924 	 250.110
FHW12093	121.250 	 13.924 	 250.110
FHW12093	121.375 	 13.925 	 250.110
FHW12093	121.500 	 13.925 	 250.110
FHW12093	121.625 	 13.924 	 250.110
FHW12093	121.750 	 13.925 	 250.110
FHW12093	121.875 	 13.925 	 250.110
FHW12093	122.000 	 13.924 	 250.110
FHW12093	122.125 	 13.925 	 250.110
FHW12093	122.250 	 13.924 	 250.110
FHW12093	122.375 	 13.925 	 250.110
FHW12093	122.500 	 13.924 	 250.110
FHW12093	122.625 	 13.925 	 250.110
FHW12093	122.750 	 13.925 	 250.110
FHW12093	122.875 	 13.924 	 250.110
FHW12093	123.000 	 13.925 	 250.110
FHW12093	123.125 	 13.925 	 250.110
FHW12093	123.250 	 13.924 	 250.110
FHW12093	123.375 	 13.925 	 250.110
FHW12093	123.500 	 13.924 	 250.110
FHW12093	123.625 	 13.925 	 250.110
FHW12093	123.750 	 13.924 	 250.110
FHW12093	123.875 	 13.925 	 250.110
FHW12093	124.000 	 13.925 	 250.110
FHW12093	124.125 	 13.924 	 250.110
FHW12093	124.250 	 13.925 	 250.110
FHW12093	124.375 	 13.925 	 250.110
FHW12093	124.500 	 13.924 	 250.110
FHW12093	124.625 	 13.925 	 250.110
FHW12093	124.750 	 13.924 	 250.110
FHW12093	124.875 	 13.925 	 250.110
FHW12093	125.000 	 13.924 	 250.110
FHW12093	125.125 	 13.925 	 250.110
FHW12093	125.250 	 13.925 	 250.110
FHW12093	125.375 	 13.924 	 250.110
FHW12093	125.500 	 13.925 	 250.110
FHW12093	125.625 	 13.925 	 250.110
FHW12093	125.750 	 13.924 	 250.110
FHW12093	125.875 	 13.925 	 250.110
FHW12093	126.000 	 13.924 	 250.110
FHW12093	126.125 	 13.924 	 250.110
FHW12093	126.250 	 13.925 	 250.110
FHW12093	126.375 	 13.925 	 250.110
FHW12093	126.500 	 13.925 	 250.110
FHW12093	126.625 	 13.924 	 250.110
FHW12093	126.750 	 13.925 	 250.110
FHW12093	126.875 	 13.925 	 250.110
FHW12093	127.000 	 13.924 	 250.110
FHW12093	127.125 	 13.925 	 250.110
FHW12093	127.250 	 13.924 	 250.110
FHW12093	127.375 	 13.924 	 250.110
FHW12093	127.500 	 13.925 	 250.110
FHW12093	127.625 	 13.925 	 250.110
FHW12093	127.750 	 13.925 	 250.110
FHW12093	127.875 	 13.924 	 250.110
FHW12093	128.000 	 13.925 	 250.110
FHW12093	128.125 	 13.925 	 250.110
FHW12093	128.250 	 13.924 	 250.110
FHW12093	128.375 	 13.925 	 250.110
FHW12093	128.500 	 13.924 	 250.110
FHW12093	128.625 	 13.925 	 250.110
FHW12093	128.750 	 13.923 	 250.110
FHW12093	128.875 	 13.925 	 250.110
FHW12093	129.000 	 13.925 	 250.110
FHW12093	129.125 	 13.924 	 250.110
FHW12093	129.250 	 13.925 	 250.110
FHW12093	129.375 	 13.925 	 250.110
FHW12093	129.500 	 13.924 	 250.110
FHW12093	129.625 	 13.925 	 250.110
FHW12093	129.750 	 13.925 	 250.110
FHW12093	129.875 	 13.924 	 250.110
FHW12093	130.000 	 13.923 	 250.110
FHW12093	130.125 	 13.925 	 250.110
FHW12093	130.250 	 13.924 	 250.110
FHW12093	130.375 	 13.925 	 250.110
FHW12093	130.500 	 13.925 	 250.110
FHW12093	130.625 	 13.925 	 250.110
FHW12093	130.750 	 13.924 	 250.110
FHW12093	130.875 	 13.925 	 250.110
FHW12093	131.000 	 13.925 	 250.110
FHW12093	131.125 	 13.924 	 250.110
FHW12093	131.250 	 13.923 	 250.110
FHW12093	131.375 	 13.925 	 250.110
FHW12093	131.500 	 13.924 	 250.110
FHW12093	131.625 	 13.925 	 250.110
FHW12093	131.750 	 13.925 	 250.110
FHW12093	131.875 	 13.925 	 250.110
FHW12093	132.000 	 13.924 	 250.110
FHW12093	132.125 	 13.925 	 250.110
FHW12093	132.250 	 13.925 	 250.110
FHW12093	132.375 	 13.924 	 250.110
FHW12093	132.500 	 13.923 	 250.110
FHW12093	132.625 	 13.925 	 250.110
FHW12093	132.750 	 13.924 	 250.110
FHW12093	132.875 	 13.925 	 250.110
FHW12093	133.000 	 13.925 	 250.110
FHW12093	133.125 	 13.924 	 250.110
FHW12093	133.250 	 13.925 	 250.110
FHW12093	133.375 	 13.924 	 250.110
FHW12093	133.500 	 13.925 	 250.110
FHW12093	133.625 	 13.924 	 250.110
FHW12093	133.750 	 13.923 	 250.110
FHW12093	133.875 	 13.925 	 250.111
FHW12093	134.000 	 13.924 	 250.110
FHW12093	134.125 	 16.254 	 248.871
FHW12093	134.250 	 20.406 	 247.350
FHW12093	134.375 	 20.408 	 247.350
FHW12093	134.500 	 20.406 	 247.350
FHW12093	134.625 	 20.408 	 247.350
FHW12093	134.750 	 20.406 	 247.350
FHW12093	134.875 	 20.406 	 247.350
FHW12093	135.000 	 20.408 	 247.350
FHW12093	135.125 	 20.405 	 247.350
FHW12093	135.250 	 20.408 	 247.350
FHW12093	135.375 	 20.406 	 247.350
FHW12093	135.500 	 20.408 	 247.350
FHW12093	135.625 	 20.406 	 247.350
FHW12093	135.750 	 20.408 	 247.349
FHW12093	135.875 	 20.406 	 247.350
FHW12093	136.000 	 20.408 	 247.350
FHW12093	136.125 	 20.406 	 247.350
FHW12093	136.250 	 20.408 	 247.350
FHW12093	136.375 	 20.406 	 247.350
FHW12093	136.500 	 20.408 	 247.349
FHW12093	136.625 	 20.406 	 247.350
FHW12093	136.750 	 20.408 	 247.350
FHW12093	136.875 	 20.406 	 247.350
FHW12093	137.000 	 20.408 	 247.350
FHW12093	137.125 	 20.406 	 247.350
FHW12093	137.250 	 20.408 	 247.350
FHW12093	137.375 	 20.406 	 247.350
FHW12093	137.500 	 20.406 	 247.350
FHW12093	137.625 	 20.408 	 247.350
FHW12093	137.750 	 20.406 	 247.350
FHW12093	137.875 	 20.408 	 247.350
FHW12093	138.000 	 20.405 	 247.350
FHW12093	138.125 	 20.408 	 247.350
FHW12093	138.250 	 20.406 	 247.350
FHW12093	138.375 	 20.408 	 247.350
FHW12093	138.500 	 20.406 	 247.350
FHW12093	138.625 	 20.408 	 247.350
FHW12093	138.750 	 20.406 	 247.350
FHW12093	138.875 	 20.408 	 247.350
FHW12093	139.000 	 20.406 	 247.350
FHW12093	139.125 	 20.408 	 247.350
FHW12093	139.250 	 20.406 	 247.350
FHW12093	139.375 	 20.408 	 247.350
FHW12093	139.500 	 20.406 	 247.350
FHW12093	139.625 	 20.408 	 247.350
FHW12093	139.750 	 20.406 	 247.350
FHW12093	139.875 	 20.408 	 247.350
FHW12093	140.000 	 20.406 	 247.350
FHW12093	140.125 	 20.405 	 247.350
FHW12093	140.250 	 20.408 	 247.350
FHW12093	140.375 	 20.406 	 247.350
FHW12093	140.500 	 20.408 	 247.350
FHW12093	140.625 	 20.406 	 247.350
FHW12093	140.750 	 20.408 	 247.350
FHW12093	140.875 	 20.405 	 247.349
FHW12093	141.000 	 20.408 	 247.350
FHW12093	141.125 	 20.406 	 247.350
FHW12093	141.250 	 20.408 	 247.350
FHW12093	141.375 	 20.406 	 247.350
FHW12093	141.500 	 20.408 	 247.350
FHW12093	141.625 	 20.406 	 247.350
FHW12093	141.750 	 20.408 	 247.350
FHW12093	141.875 	 20.406 	 247.350
FHW12093	142.000 	 20.408 	 247.350
FHW12093	142.125 	 20.406 	 247.350
FHW12093	142.250 	 20.408 	 247.350
FHW12093	142.375 	 20.406 	 247.350
FHW12093	142.500 	 20.406 	 247.350
FHW12093	142.625 	 20.408 	 247.350
FHW12093	142.750 	 20.406 	 247.350
FHW12093	142.875 	 20.408 	 247.350
FHW12093	143.000 	 20.405 	 247.349
FHW12093	143.125 	 20.408 	 247.350
FHW12093	143.250 	 20.406 	 247.350
FHW12093	143.375 	 20.408 	 247.350
FHW12093	143.500 	 20.406 	 247.350
FHW12093	143.625 	 20.408 	 247.350
FHW12093	143.750 	 20.405 	 247.349
FHW12093	143.875 	 20.408 	 247.350
FHW12093	144.000 	 20.406 	 247.350
FHW12093	144.125 	 20.408 	 247.350
FHW12093	144.250 	 20.406 	 247.350
FHW12093	144.375 	 20.408 	 247.349
FHW12093	144.500 	 20.406 	 247.350
FHW12093	144.625 	 20.408 	 247.350
FHW12093	144.750 	 20.406 	 247.350
FHW12093	144.875 	 20.408 	 247.350
FHW12093	145.000 	 20.406 	 247.350
FHW12093	145.125 	 20.405 	 247.349
FHW12093	145.250 	 20.408 	 247.350
FHW12093	145.375 	 20.406 	 247.350
FHW12093	145.500 	 20.408 	 247.350
FHW12093	145.625 	 20.406 	 247.350
FHW12093	145.750 	 20.408 	 247.350
FHW12093	145.875 	 20.405 	 247.350
FHW12093	146.000 	 20.408 	 247.350
FHW12093	146.125 	 20.406 	 247.350
FHW12093	146.250 	 20.408 	 247.350
FHW12093	146.375 	 20.406 	 247.350
FHW12093	146.500 	 20.408 	 247.350
FHW12093	146.625 	 20.405 	 247.350
FHW12093	146.750 	 20.408 	 247.350
FHW12093	146.875 	 20.406 	 247.350
FHW12093	147.000 	 20.408 	 247.350
FHW12093	147.125 	 20.406 	 247.350
FHW12093	147.250 	 20.408 	 247.349
FHW12093	147.375 	 20.406 	 247.350
FHW12093	147.500 	 20.408 	 247.350
FHW12093	147.625 	 20.406 	 247.350
FHW12093	147.750 	 20.406 	 247.350
FHW12093	147.875 	 20.408 	 247.350
FHW12093	148.000 	 20.405 	 247.350
FHW12093	148.125 	 20.408 	 247.350
FHW12093	148.250 	 20.406 	 247.350
FHW12093	148.375 	 20.408 	 247.350
FHW12093	148.500 	 20.406 	 247.350
FHW12093	148.625 	 20.408 	 247.350
FHW12093	148.750 	 20.405 	 247.350
FHW12093	148.875 	 20.408 	 247.350
FHW12093	149.000 	 20.406 	 247.350
FHW12093	149.125 	 20.408 	 247.350
FHW12093	149.250 	 20.406 	 247.350
FHW12093	149.375 	 20.408 	 247.350
FHW12093	149.500 	 20.405 	 247.349
FHW12093	149.625 	 20.408 	 247.350
FHW12093	149.750 	 20.406 	 247.350
FHW12093	149.875 	 20.408 	 247.350
FHW12093	150.000 	 20.406 	 247.350
FHW12093	150.125 	 20.405 	 247.350
FHW12093	150.250 	 20.408 	 247.350
FHW12093	150.375 	 20.406 	 247.350
FHW12093	150.500 	 20.408 	 247.350
FHW12093	150.625 	 20.406 	 247.350
FHW12093	150.750 	 20.408 	 247.350
FHW12093	150.875 	 20.405 	 247.349
FHW12093	151.000 	 20.408 	 247.350
FHW12093	151.125 	 20.406 	 247.350
FHW12093	151.250 	 20.408 	 247.350
FHW12093	151.375 	 20.406 	 247.350
FHW12093	151.500 	 20.408 	 247.350
FHW12093	151.625 	 20.405 	 247.350
FHW12093	151.750 	 20.408 	 247.350
FHW12093	151.875 	 20.406 	 247.350
FHW12093	152.000 	 20.408 	 247.350
FHW12093	152.125 	 20.406 	 247.350
FHW12093	152.250 	 20.408 	 247.350
FHW12093	152.375 	 24.265 	 245.821
FHW12093	152.500 	 25.484 	 245.430
FHW12093	152.625 	 25.484 	 245.430
FHW12093	152.750 	 25.487 	 245.430
FHW12093	152.875 	 25.484 	 245.430
FHW12093	153.000 	 25.484 	 245.430
FHW12093	153.125 	 25.487 	 245.430
FHW12093	153.250 	 25.484 	 245.430
FHW12093	153.375 	 25.484 	 245.430
FHW12093	153.500 	 25.484 	 245.430
FHW12093	153.625 	 25.487 	 245.431
FHW12093	153.750 	 25.484 	 245.430
FHW12093	153.875 	 25.484 	 245.430
FHW12093	154.000 	 25.487 	 245.430
FHW12093	154.125 	 25.484 	 245.430
FHW12093	154.250 	 25.484 	 245.430
FHW12093	154.375 	 25.487 	 245.430
FHW12093	154.500 	 25.484 	 245.430
FHW12093	154.625 	 25.484 	 245.430
FHW12093	154.750 	 25.484 	 245.430
FHW12093	154.875 	 25.487 	 245.430
FHW12093	155.000 	 25.484 	 245.430
FHW12093	155.125 	 25.484 	 245.430
FHW12093	155.250 	 25.487 	 245.430
FHW12093	155.375 	 25.484 	 245.430
FHW12093	155.500 	 25.484 	 245.430
FHW12093	155.625 	 25.487 	 245.430
FHW12093	155.750 	 25.484 	 245.430
FHW12093	155.875 	 25.484 	 245.430
FHW12093	156.000 	 25.484 	 245.430
FHW12093	156.125 	 25.487 	 245.430
FHW12093	156.250 	 25.484 	 245.430
FHW12093	156.375 	 25.484 	 245.430
FHW12093	156.500 	 25.487 	 245.430
FHW12093	156.625 	 25.484 	 245.430
FHW12093	156.750 	 25.484 	 245.430
FHW12093	156.875 	 25.487 	 245.430
FHW12093	157.000 	 25.484 	 245.430
FHW12093	157.125 	 25.484 	 245.430
FHW12093	157.250 	 25.487 	 245.430
FHW12093	157.375 	 25.484 	 245.431
FHW12093	157.500 	 25.484 	 245.430
FHW12093	157.625 	 25.484 	 245.430
FHW12093	157.750 	 25.487 	 245.430
FHW12093	157.875 	 25.484 	 245.430
FHW12093	158.000 	 25.484 	 245.430
FHW12093	158.125 	 25.487 	 245.430
FHW12093	158.250 	 25.484 	 245.430
FHW12093	158.375 	 25.484 	 245.430
FHW12093	158.500 	 25.487 	 245.430
FHW12093	158.625 	 25.484 	 245.430
FHW12093	158.750 	 25.484 	 245.430
FHW12093	158.875 	 25.484 	 245.430
FHW12093	159.000 	 25.487 	 245.430
FHW12093	159.125 	 25.484 	 245.430
FHW12093	159.250 	 25.484 	 245.430
FHW12093	159.375 	 25.487 	 245.430
FHW12093	159.500 	 25.484 	 245.430
FHW12093	159.625 	 25.484 	 245.430
FHW12093	159.750 	 25.487 	 245.430
FHW12093	159.875 	 25.484 	 245.430
FHW12093	160.000 	 25.484 	 245.430
FHW12093	160.125 	 25.485 	 245.431
FHW12093	160.250 	 25.487 	 245.430
FHW12093	160.375 	 25.484 	 245.430
FHW12093	160.500 	 25.484 	 245.430
FHW12093	160.625 	 25.487 	 245.430
FHW12093	160.750 	 25.484 	 245.430
FHW12093	160.875 	 25.484 	 245.430
FHW12093	161.000 	 25.487 	 245.430
FHW12093	161.125 	 25.484 	 245.430
FHW12093	161.250 	 25.484 	 245.430
FHW12093	161.375 	 25.484 	 245.430
FHW12093	161.500 	 25.487 	 245.430
FHW12093	161.625 	 25.484 	 245.430
FHW12093	161.750 	 25.484 	 245.430
FHW12093	161.875 	 25.487 	 245.430
FHW12093	162.000 	 25.484 	 245.430
FHW12093	162.125 	 28.870 	 245.500
FHW12093	162.250 	 28.869 	 245.500
FHW12093	162.375 	 28.870 	 245.500
FHW12093	162.500 	 28.869 	 245.499
FHW12093	162.625 	 28.870 	 245.501
FHW12093	162.750 	 28.870 	 245.500
FHW12093	162.875 	 28.869 	 245.499
FHW12093	163.000 	 28.870 	 245.501
FHW12093	163.125 	 28.869 	 245.499
FHW12093	163.250 	 28.874 	 245.500
FHW12093	163.375 	 28.869 	 245.500
FHW12093	163.500 	 28.870 	 245.500
FHW12093	163.625 	 28.870 	 245.500
FHW12093	163.750 	 28.869 	 245.500
FHW12093	163.875 	 28.870 	 245.500
FHW12093	164.000 	 28.869 	 245.499
FHW12093	164.125 	 28.870 	 245.501
FHW12093	164.250 	 28.870 	 245.500
FHW12093	164.375 	 28.869 	 245.499
FHW12093	164.500 	 28.870 	 245.501
FHW12093	164.625 	 28.869 	 245.499
FHW12093	164.750 	 28.870 	 245.500
FHW12093	164.875 	 28.869 	 245.500
FHW12093	165.000 	 28.870 	 245.500
FHW12093	165.125 	 28.870 	 245.500
FHW12093	165.250 	 28.869 	 245.500
FHW12093	165.375 	 28.870 	 245.500
FHW12093	165.500 	 28.873 	 245.500
FHW12093	165.625 	 28.870 	 245.500
FHW12093	165.750 	 28.870 	 245.500
FHW12093	165.875 	 28.869 	 245.500
FHW12093	166.000 	 28.870 	 245.500
FHW12093	166.125 	 28.869 	 245.499
FHW12093	166.250 	 28.870 	 245.501
FHW12093	166.375 	 28.869 	 245.499
FHW12093	166.500 	 28.870 	 245.500
FHW12093	166.625 	 28.870 	 245.501
FHW12093	166.750 	 28.869 	 245.499
FHW12093	166.875 	 28.870 	 245.500
FHW12093	167.000 	 28.869 	 245.500
FHW12093	167.125 	 28.870 	 245.500
FHW12093	167.250 	 28.870 	 245.500
FHW12093	167.375 	 28.869 	 245.500
FHW12093	167.500 	 28.870 	 245.500
FHW12093	167.625 	 28.869 	 245.499
FHW12093	167.750 	 28.870 	 245.501
FHW12093	167.875 	 28.874 	 245.500
FHW12093	168.000 	 28.869 	 245.499
FHW12093	168.125 	 28.870 	 245.501
FHW12093	168.250 	 28.869 	 245.499
FHW12093	168.375 	 28.870 	 245.500
FHW12093	168.500 	 28.869 	 245.500
FHW12093	168.625 	 28.870 	 245.500
FHW12093	168.750 	 28.870 	 245.500
FHW12093	168.875 	 28.869 	 245.500
FHW12093	169.000 	 28.870 	 245.500
FHW12093	169.125 	 28.869 	 245.499
FHW12093	169.250 	 28.870 	 245.501
FHW12093	169.375 	 28.870 	 245.500
FHW12093	169.500 	 28.869 	 245.499
FHW12093	169.625 	 28.870 	 245.501
FHW12093	169.750 	 28.869 	 245.499
FHW12093	169.875 	 28.870 	 245.500
FHW12093	170.000 	 28.869 	 245.500
FHW12093	170.125 	 28.874 	 245.500
FHW12093	170.250 	 28.870 	 245.500
FHW12093	170.375 	 28.869 	 245.500
FHW12093	170.500 	 28.870 	 245.500
FHW12093	170.625 	 28.869 	 245.499
FHW12093	170.750 	 33.321 	 245.209
FHW12093	170.875 	 33.929 	 245.175
FHW12093	171.000 	 33.929 	 245.175
FHW12093	171.125 	 33.929 	 245.175
FHW12093	171.250 	 33.933 	 245.175
FHW12093	171.375 	 33.929 	 245.175
FHW12093	171.500 	 33.929 	 245.175
FHW12093	171.625 	 33.929 	 245.175
FHW12093	171.750 	 33.929 	 245.175
FHW12093	171.875 	 33.929 	 245.176
FHW12093	172.000 	 33.929 	 245.175
FHW12093	172.125 	 33.929 	 245.174
FHW12093	172.250 	 33.929 	 245.176
FHW12093	172.375 	 33.929 	 245.175
FHW12093	172.500 	 33.929 	 245.175
FHW12093	172.625 	 33.933 	 245.176
FHW12093	172.750 	 33.929 	 245.175
FHW12093	172.875 	 33.929 	 245.175
FHW12093	173.000 	 33.929 	 245.175
FHW12093	173.125 	 33.929 	 245.176
FHW12093	173.250 	 33.929 	 245.175
FHW12093	173.375 	 33.929 	 245.175
FHW12093	173.500 	 33.929 	 245.175
FHW12093	173.625 	 33.929 	 245.175
FHW12093	173.750 	 33.929 	 245.175
FHW12093	173.875 	 33.929 	 245.176
FHW12093	174.000 	 33.929 	 245.175
FHW12093	174.125 	 33.933 	 245.175
FHW12093	174.250 	 33.929 	 245.176
FHW12093	174.375 	 33.929 	 245.175
FHW12093	174.500 	 33.929 	 245.175
FHW12093	174.625 	 33.929 	 245.176
FHW12093	174.750 	 33.929 	 245.175
FHW12093	174.875 	 33.929 	 245.174
FHW12093	175.000 	 33.929 	 245.175
FHW12093	175.125 	 33.929 	 245.176
FHW12093	175.250 	 33.929 	 245.175
FHW12093	175.375 	 33.929 	 245.175
FHW12093	175.500 	 33.933 	 245.176
FHW12093	175.625 	 33.929 	 245.175
FHW12093	175.750 	 33.929 	 245.175
FHW12093	175.875 	 33.929 	 245.176
FHW12093	176.000 	 33.929 	 245.175
FHW12093	176.125 	 33.929 	 245.174
FHW12093	176.250 	 33.929 	 245.176
FHW12093	176.375 	 33.929 	 245.175
FHW12093	176.500 	 33.929 	 245.175
FHW12093	176.625 	 33.929 	 245.176
FHW12093	176.750 	 33.929 	 245.175
FHW12093	176.875 	 33.929 	 245.175
FHW12093	177.000 	 33.933 	 245.175
FHW12093	177.125 	 33.929 	 245.176
FHW12093	177.250 	 33.929 	 245.175
FHW12093	177.375 	 33.929 	 245.175
FHW12093	177.500 	 33.929 	 245.175
FHW12093	177.625 	 33.929 	 245.175
FHW12093	177.750 	 33.929 	 245.175
FHW12093	177.875 	 33.929 	 245.176
FHW12093	178.000 	 33.929 	 245.175
FHW12093	178.125 	 33.929 	 245.175
FHW12093	178.250 	 33.929 	 245.176
FHW12093	178.375 	 33.933 	 245.175
FHW12093	178.500 	 33.929 	 245.175
FHW12093	178.625 	 33.929 	 245.175
FHW12093	178.750 	 33.929 	 245.176
FHW12093	178.875 	 33.929 	 245.174
FHW12093	179.000 	 33.929 	 245.175
FHW12093	179.125 	 33.929 	 245.176
FHW12093	179.250 	 33.929 	 245.175
FHW12093	179.375 	 33.929 	 245.175
FHW12093	179.500 	 33.929 	 245.176
FHW12093	179.625 	 33.929 	 245.175
FHW12093	179.750 	 33.929 	 245.175
FHW12093	179.875 	 33.933 	 245.176
FHW12093	180.000 	 33.929 	 245.175
FHW12093	180.125 	 33.929 	 245.175
FHW12093	180.250 	 33.929 	 245.175
FHW12093	180.375 	 33.929 	 245.175
FHW12093	180.500 	 33.929 	 245.175
FHW12093	180.625 	 33.929 	 245.175
FHW12093	180.750 	 33.929 	 245.176
FHW12093	180.875 	 33.929 	 245.175
FHW12093	181.000 	 33.929 	 245.175
FHW12093	181.125 	 33.929 	 245.176
FHW12093	181.250 	 33.933 	 245.175
FHW12093	181.375 	 33.929 	 245.175
FHW12093	181.500 	 33.929 	 245.175
FHW12093	181.625 	 33.929 	 245.175
FHW12093	181.750 	 33.929 	 245.175
FHW12093	181.875 	 33.929 	 245.176
FHW12093	182.000 	 33.929 	 245.175
FHW12093	182.125 	 33.929 	 245.175
FHW12093	182.250 	 33.929 	 245.176
FHW12093	182.375 	 33.929 	 245.175
FHW12093	182.500 	 33.929 	 245.175
FHW12093	182.625 	 33.929 	 245.175
FHW12093	182.750 	 33.933 	 245.176
FHW12093	182.875 	 33.929 	 245.174
FHW12093	183.000 	 33.929 	 245.175
FHW12093	183.125 	 33.929 	 245.176
FHW12093	183.250 	 33.929 	 245.175
FHW12093	183.375 	 33.929 	 245.175
FHW12093	183.500 	 33.929 	 245.176
FHW12093	183.625 	 33.929 	 245.175
FHW12093	183.750 	 33.929 	 245.175
FHW12093	183.875 	 33.929 	 245.176
FHW12093	184.000 	 33.929 	 245.175
FHW12093	184.125 	 33.933 	 245.175
FHW12093	184.250 	 33.929 	 245.174
FHW12093	184.375 	 33.929 	 245.176
FHW12093	184.500 	 33.929 	 245.175
FHW12093	184.625 	 33.929 	 245.175
FHW12093	184.750 	 33.929 	 245.176
FHW12093	184.875 	 33.929 	 245.175
FHW12093	185.000 	 33.929 	 245.175
FHW12093	185.125 	 33.929 	 245.176
FHW12093	185.250 	 33.929 	 245.175
FHW12093	185.375 	 33.929 	 245.175
FHW12093	185.500 	 33.929 	 245.176
FHW12093	185.625 	 33.933 	 245.174
FHW12093	185.750 	 33.929 	 245.175
FHW12093	185.875 	 33.929 	 245.176
FHW12093	186.000 	 33.929 	 245.175
FHW12093	186.125 	 33.929 	 245.175
FHW12093	186.250 	 33.929 	 245.175
FHW12093	186.375 	 33.929 	 245.176
FHW12093	186.500 	 33.929 	 245.175
FHW12093	186.625 	 33.929 	 245.175
FHW12093	186.750 	 33.929 	 245.176
FHW12093	186.875 	 33.929 	 245.174
FHW12093	187.000 	 33.933 	 245.175
FHW12093	187.125 	 33.929 	 245.176
FHW12093	187.250 	 33.929 	 245.175
FHW12093	187.375 	 33.929 	 245.175
FHW12093	187.500 	 33.929 	 245.176
FHW12093	187.625 	 33.929 	 245.175
FHW12093	187.750 	 33.929 	 245.175
FHW12093	187.875 	 33.929 	 245.176
FHW12093	188.000 	 33.929 	 245.175
FHW12093	188.125 	 33.929 	 245.175
FHW12093	188.250 	 33.929 	 245.174
FHW12093	188.375 	 33.929 	 245.176
FHW12093	188.500 	 33.933 	 245.175
FHW12093	188.625 	 33.929 	 245.175
FHW12093	188.750 	 33.929 	 245.176
FHW12093	188.875 	 33.929 	 245.175
FHW12093	189.000 	 35.034 	 244.982
FHW12093	189.125 	 40.849 	 244.120
FHW12093	189.250 	 40.849 	 244.120
FHW12093	189.375 	 40.849 	 244.120
FHW12093	189.500 	 40.849 	 244.120
FHW12093	189.625 	 40.849 	 244.120
FHW12093	189.750 	 40.853 	 244.120
FHW12093	189.875 	 40.849 	 244.120
FHW12093	190.000 	 40.849 	 244.120
FHW12093	190.125 	 40.849 	 244.120
FHW12093	190.250 	 40.849 	 244.120
FHW12093	190.375 	 40.849 	 244.120
FHW12093	190.500 	 40.849 	 244.120
FHW12093	190.625 	 40.849 	 244.120
FHW12093	190.750 	 40.849 	 244.120
FHW12093	190.875 	 40.853 	 244.119
FHW12093	191.000 	 40.850 	 244.121
FHW12093	191.125 	 40.849 	 244.119
FHW12093	191.250 	 40.850 	 244.121
FHW12093	191.375 	 40.849 	 244.119
FHW12093	191.500 	 40.849 	 244.119
FHW12093	191.625 	 40.850 	 244.121
FHW12093	191.750 	 40.849 	 244.119
FHW12093	191.875 	 40.850 	 244.121
FHW12093	192.000 	 40.853 	 244.119
FHW12093	192.125 	 40.850 	 244.121
FHW12093	192.250 	 40.849 	 244.119
FHW12093	192.375 	 40.850 	 244.120
FHW12093	192.500 	 40.848 	 244.120
FHW12093	192.625 	 40.849 	 244.119
FHW12093	192.750 	 40.850 	 244.121
FHW12093	192.875 	 40.849 	 244.119
FHW12093	193.000 	 40.850 	 244.120
FHW12093	193.125 	 40.853 	 244.120
FHW12093	193.250 	 40.850 	 244.120
FHW12093	193.375 	 40.848 	 244.120
FHW12093	193.500 	 40.849 	 244.119
FHW12093	193.625 	 40.850 	 244.121
FHW12093	193.750 	 40.849 	 244.119
FHW12093	193.875 	 40.850 	 244.120
FHW12093	194.000 	 40.848 	 244.120
FHW12093	194.125 	 40.850 	 244.120
FHW12093	194.250 	 40.848 	 244.120
FHW12093	194.375 	 40.854 	 244.120
FHW12093	194.500 	 40.849 	 244.119
FHW12093	194.625 	 40.848 	 244.120
FHW12093	194.750 	 40.850 	 244.120
FHW12093	194.875 	 40.848 	 244.120
FHW12093	195.000 	 40.850 	 244.120
FHW12093	195.125 	 40.848 	 244.120
FHW12093	195.250 	 40.850 	 244.120
FHW12093	195.375 	 40.849 	 244.119
FHW12093	195.500 	 40.854 	 244.121
FHW12093	195.625 	 40.849 	 244.119
FHW12093	195.750 	 40.848 	 244.120
FHW12093	195.875 	 40.850 	 244.120
FHW12093	196.000 	 40.849 	 244.119
FHW12093	196.125 	 40.850 	 244.121
FHW12093	196.250 	 40.849 	 244.119
FHW12093	196.375 	 40.850 	 244.121
FHW12093	196.500 	 40.849 	 244.119
FHW12093	196.625 	 40.854 	 244.121
FHW12093	196.750 	 40.849 	 244.119
FHW12093	196.875 	 40.849 	 244.119
FHW12093	197.000 	 40.850 	 244.121
FHW12093	197.125 	 40.849 	 244.119
FHW12093	197.250 	 40.850 	 244.121
FHW12093	197.375 	 40.849 	 244.119
FHW12093	197.500 	 40.850 	 244.120
FHW12093	197.625 	 40.848 	 244.120
FHW12093	197.750 	 40.853 	 244.119
FHW12093	197.875 	 40.850 	 244.121
FHW12093	198.000 	 40.849 	 244.119
FHW12093	198.125 	 40.850 	 244.121
FHW12093	198.250 	 40.849 	 244.119
FHW12093	198.375 	 40.850 	 244.120
FHW12093	198.500 	 40.848 	 244.120
FHW12093	198.625 	 40.850 	 244.120
FHW12093	198.750 	 40.848 	 244.120
FHW12093	198.875 	 40.853 	 244.119
FHW12093	199.000 	 40.850 	 244.121
FHW12093	199.125 	 40.849 	 244.119
FHW12093	199.250 	 40.850 	 244.120
FHW12093	199.375 	 40.848 	 244.120
FHW12093	199.500 	 40.850 	 244.120
FHW12093	199.625 	 40.848 	 244.120
FHW12093	199.750 	 40.850 	 244.120
FHW12093	199.875 	 40.849 	 244.119
FHW12093	200.000 	 40.848 	 244.120
FHW12093	200.125 	 40.854 	 244.120
FHW12093	200.250 	 40.848 	 244.120
FHW12093	200.375 	 40.850 	 244.120
FHW12093	200.500 	 40.848 	 244.120
FHW12093	200.625 	 40.850 	 244.120
FHW12093	200.750 	 40.849 	 244.119
FHW12093	200.875 	 40.850 	 244.121
FHW12093	201.000 	 40.849 	 244.119
FHW12093	201.125 	 40.848 	 244.120
FHW12093	201.250 	 40.854 	 244.120
FHW12093	201.375 	 40.849 	 244.119
FHW12093	201.500 	 40.850 	 244.121
FHW12093	201.625 	 40.849 	 244.119
FHW12093	201.750 	 40.850 	 244.121
FHW12093	201.875 	 40.849 	 244.119
FHW12093	202.000 	 40.848 	 244.120
FHW12093	202.125 	 40.850 	 244.120
FHW12093	202.250 	 40.849 	 244.119
FHW12093	202.375 	 40.854 	 244.121
FHW12093	202.500 	 40.849 	 244.119
FHW12093	202.625 	 40.850 	 244.120
FHW12093	202.750 	 40.848 	 244.120
FHW12093	202.875 	 40.850 	 244.120
FHW12093	203.000 	 40.849 	 244.119
FHW12093	203.125 	 40.849 	 244.119
FHW12093	203.250 	 40.850 	 244.120
FHW12093	203.375 	 40.848 	 244.120
FHW12093	203.500 	 40.854 	 244.120
FHW12093	203.625 	 40.849 	 244.119
FHW12093	203.750 	 40.850 	 244.120
FHW12093	203.875 	 40.849 	 244.119
FHW12093	204.000 	 40.849 	 244.122
FHW12093	204.125 	 40.849 	 244.119
FHW12093	204.250 	 40.849 	 244.119
FHW12093	204.375 	 40.850 	 244.120
FHW12093	204.500 	 40.849 	 244.119
FHW12093	204.625 	 40.849 	 244.122
FHW12093	204.750 	 40.853 	 244.119
FHW12093	204.875 	 40.850 	 244.120
FHW12093	205.000 	 40.849 	 244.119
FHW12093	205.125 	 40.850 	 244.120
FHW12093	205.250 	 40.848 	 244.120
FHW12093	205.375 	 40.849 	 244.119
FHW12093	205.500 	 40.850 	 244.120
FHW12093	205.625 	 40.849 	 244.119
FHW12093	205.750 	 40.849 	 244.122
FHW12093	205.875 	 40.853 	 244.119
FHW12093	206.000 	 40.850 	 244.120
FHW12093	206.125 	 40.849 	 244.119
FHW12093	206.250 	 40.850 	 244.120
FHW12093	206.375 	 40.848 	 244.120
FHW12093	206.500 	 40.849 	 244.119
FHW12093	206.625 	 40.850 	 244.120
FHW12093	206.750 	 40.849 	 244.119
FHW12093	206.875 	 40.850 	 244.120
FHW12093	207.000 	 40.853 	 244.120
FHW12093	207.125 	 40.850 	 244.120
FHW12093	207.250 	 40.849 	 244.119
FHW12093	207.375 	 41.697 	 244.024
FHW12093	207.500 	 47.934 	 243.400
FHW12093	207.625 	 47.934 	 243.399
FHW12093	207.750 	 47.939 	 243.400
FHW12093	207.875 	 47.934 	 243.400
FHW12093	208.000 	 47.934 	 243.400
FHW12093	208.125 	 47.934 	 243.400
FHW12093	208.250 	 47.939 	 243.399
FHW12093	208.375 	 47.934 	 243.400
FHW12093	208.500 	 47.934 	 243.400
FHW12093	208.625 	 47.934 	 243.400
FHW12093	208.750 	 47.940 	 243.401
FHW12093	208.875 	 47.934 	 243.400
FHW12093	209.000 	 47.934 	 243.399
FHW12093	209.125 	 47.939 	 243.400
FHW12093	209.250 	 47.934 	 243.400
FHW12093	209.375 	 47.934 	 243.400
FHW12093	209.500 	 47.934 	 243.400
FHW12093	209.625 	 47.939 	 243.400
FHW12093	209.750 	 47.934 	 243.399
FHW12093	209.875 	 47.934 	 243.400
FHW12093	210.000 	 47.934 	 243.400
FHW12093	210.125 	 47.939 	 243.400
FHW12093	210.250 	 47.934 	 243.400
FHW12093	210.375 	 47.934 	 243.399
FHW12093	210.500 	 47.934 	 243.400
FHW12093	210.625 	 47.939 	 243.400
FHW12093	210.750 	 47.934 	 243.400
FHW12093	210.875 	 47.934 	 243.400
FHW12093	211.000 	 47.934 	 243.400
FHW12093	211.125 	 47.939 	 243.399
FHW12093	211.250 	 47.934 	 243.400
FHW12093	211.375 	 47.934 	 243.400
FHW12093	211.500 	 47.934 	 243.400
FHW12093	211.625 	 47.939 	 243.400
FHW12093	211.750 	 47.934 	 243.400
FHW12093	211.875 	 47.934 	 243.399
FHW12093	212.000 	 47.939 	 243.400
FHW12093	212.125 	 47.934 	 243.400
FHW12093	212.250 	 47.934 	 243.400
FHW12093	212.375 	 47.934 	 243.400
FHW12093	212.500 	 47.939 	 243.400
FHW12093	212.625 	 47.934 	 243.399
FHW12093	212.750 	 47.934 	 243.400
FHW12093	212.875 	 47.934 	 243.400
FHW12093	213.000 	 47.939 	 243.400
FHW12093	213.125 	 47.934 	 243.400
FHW12093	213.250 	 47.934 	 243.399
FHW12093	213.375 	 47.934 	 243.400
FHW12093	213.500 	 47.939 	 243.400
FHW12093	213.625 	 47.934 	 243.400
FHW12093	213.750 	 47.934 	 243.400
FHW12093	213.875 	 47.934 	 243.400
FHW12093	214.000 	 47.939 	 243.399
FHW12093	214.125 	 47.934 	 243.400
FHW12093	214.250 	 47.934 	 243.400
FHW12093	214.375 	 47.934 	 243.400
FHW12093	214.500 	 47.939 	 243.400
FHW12093	214.625 	 47.934 	 243.400
FHW12093	214.750 	 47.934 	 243.399
FHW12093	214.875 	 47.939 	 243.400
FHW12093	215.000 	 47.934 	 243.400
FHW12093	215.125 	 47.934 	 243.400
FHW12093	215.250 	 47.934 	 243.400
FHW12093	215.375 	 47.939 	 243.400
FHW12093	215.500 	 47.934 	 243.399
FHW12093	215.625 	 47.934 	 243.400
FHW12093	215.750 	 47.934 	 243.400
FHW12093	215.875 	 47.939 	 243.400
FHW12093	216.000 	 47.934 	 243.400
FHW12093	216.125 	 47.934 	 243.399
FHW12093	216.250 	 47.934 	 243.400
FHW12093	216.375 	 47.939 	 243.400
FHW12093	216.500 	 47.934 	 243.400
FHW12093	216.625 	 47.935 	 243.401
FHW12093	216.750 	 47.934 	 243.400
FHW12093	216.875 	 47.939 	 243.399
FHW12093	217.000 	 47.934 	 243.400
FHW12093	217.125 	 47.934 	 243.400
FHW12093	217.250 	 47.934 	 243.400
FHW12093	217.375 	 47.939 	 243.400
FHW12093	217.500 	 47.934 	 243.400
FHW12093	217.625 	 47.934 	 243.399
FHW12093	217.750 	 47.939 	 243.400
FHW12093	217.875 	 47.934 	 243.400
FHW12093	218.000 	 47.934 	 243.400
FHW12093	218.125 	 47.934 	 243.400
FHW12093	218.250 	 47.939 	 243.400
FHW12093	218.375 	 47.934 	 243.399
FHW12093	218.500 	 47.934 	 243.400
FHW12093	218.625 	 47.934 	 243.400
FHW12093	218.750 	 47.939 	 243.400
FHW12093	218.875 	 47.934 	 243.400
FHW12093	219.000 	 47.934 	 243.399
FHW12093	219.125 	 47.934 	 243.400
FHW12093	219.250 	 47.939 	 243.400
FHW12093	219.375 	 47.934 	 243.400
FHW12093	219.500 	 47.934 	 243.400
FHW12093	219.625 	 47.934 	 243.400
FHW12093	219.750 	 47.939 	 243.399
FHW12093	219.875 	 47.934 	 243.400
FHW12093	220.000 	 47.934 	 243.400
FHW12093	220.125 	 47.939 	 243.400
FHW12093	220.250 	 47.934 	 243.400
FHW12093	220.375 	 47.934 	 243.400
FHW12093	220.500 	 47.934 	 243.399
FHW12093	220.625 	 47.939 	 243.400
FHW12093	220.750 	 47.934 	 243.400
FHW12093	220.875 	 47.934 	 243.400
FHW12093	221.000 	 47.934 	 243.400
FHW12093	221.125 	 47.939 	 243.399
FHW12093	221.250 	 47.934 	 243.400
FHW12093	221.375 	 47.934 	 243.400
FHW12093	221.500 	 47.934 	 243.400
FHW12093	221.625 	 47.939 	 243.400
FHW12093	221.750 	 47.934 	 243.400
FHW12093	221.875 	 47.934 	 243.399
FHW12093	222.000 	 47.934 	 243.400
FHW12093	222.125 	 47.939 	 243.400
FHW12093	222.250 	 47.934 	 243.400
FHW12093	222.375 	 47.934 	 243.400
FHW12093	222.500 	 47.934 	 243.400
FHW12093	222.625 	 47.939 	 243.399
FHW12093	222.750 	 47.934 	 243.400
FHW12093	222.875 	 47.934 	 243.400
FHW12093	223.000 	 47.939 	 243.400
FHW12093	223.125 	 47.934 	 243.400
FHW12093	223.250 	 47.934 	 243.400
FHW12093	223.375 	 47.934 	 243.399
FHW12093	223.500 	 47.939 	 243.400
FHW12093	223.625 	 47.934 	 243.400
FHW12093	223.750 	 47.934 	 243.400
FHW12093	223.875 	 47.934 	 243.400
FHW12093	224.000 	 47.939 	 243.399
FHW12093	224.125 	 47.934 	 243.400
FHW12093	224.250 	 47.934 	 243.400
FHW12093	224.375 	 47.934 	 243.400
FHW12093	224.500 	 47.940 	 243.401
FHW12093	224.625 	 47.934 	 243.400
FHW12093	224.750 	 47.934 	 243.399
FHW12093	224.875 	 47.934 	 243.400
FHW12093	225.000 	 47.939 	 243.400
FHW12093	225.125 	 47.934 	 243.400
FHW12093	225.250 	 47.934 	 243.400
FHW12093	225.375 	 47.934 	 243.400
FHW12093	225.500 	 47.939 	 243.399
FHW12093	225.625 	 47.934 	 243.400
FHW12093	225.750 	 49.192 	 243.449
FHW12093	225.875 	 55.787 	 243.680
FHW12093	226.000 	 55.788 	 243.679
FHW12093	226.125 	 55.793 	 243.680
FHW12093	226.250 	 55.787 	 243.680
FHW12093	226.375 	 55.793 	 243.680
FHW12093	226.500 	 55.787 	 243.680
FHW12093	226.625 	 55.788 	 243.680
FHW12093	226.750 	 55.793 	 243.680
FHW12093	226.875 	 55.787 	 243.680
FHW12093	227.000 	 55.793 	 243.680
FHW12093	227.125 	 55.787 	 243.680
FHW12093	227.250 	 55.788 	 243.679
FHW12093	227.375 	 55.793 	 243.680
FHW12093	227.500 	 55.787 	 243.680
FHW12093	227.625 	 55.794 	 243.681
FHW12093	227.750 	 55.787 	 243.680
FHW12093	227.875 	 55.788 	 243.679
FHW12093	228.000 	 55.793 	 243.680
FHW12093	228.125 	 55.787 	 243.680
FHW12093	228.250 	 55.787 	 243.680
FHW12093	228.375 	 55.793 	 243.680
FHW12093	228.500 	 55.788 	 243.680
FHW12093	228.625 	 55.793 	 243.680
FHW12093	228.750 	 55.787 	 243.680
FHW12093	228.875 	 55.787 	 243.680
FHW12093	229.000 	 55.793 	 243.680
FHW12093	229.125 	 55.788 	 243.679
FHW12093	229.250 	 55.793 	 243.680
FHW12093	229.375 	 55.787 	 243.680
FHW12093	229.500 	 55.788 	 243.681
FHW12093	229.625 	 55.793 	 243.680
FHW12093	229.750 	 55.788 	 243.679
FHW12093	229.875 	 55.793 	 243.680
FHW12093	230.000 	 55.787 	 243.680
FHW12093	230.125 	 55.787 	 243.680
FHW12093	230.250 	 55.793 	 243.680
FHW12093	230.375 	 55.788 	 243.680
FHW12093	230.500 	 55.793 	 243.680
FHW12093	230.625 	 55.787 	 243.680
FHW12093	230.750 	 55.787 	 243.680
FHW12093	230.875 	 55.793 	 243.680
FHW12093	231.000 	 55.788 	 243.679
FHW12093	231.125 	 55.793 	 243.680
FHW12093	231.250 	 55.787 	 243.680
FHW12093	231.375 	 55.788 	 243.681
FHW12093	231.500 	 55.793 	 243.680
FHW12093	231.625 	 55.788 	 243.679
FHW12093	231.750 	 55.793 	 243.680
FHW12093	231.875 	 55.787 	 243.680
FHW12093	232.000 	 55.787 	 243.680
FHW12093	232.125 	 55.793 	 243.680
FHW12093	232.250 	 55.788 	 243.680
FHW12093	232.375 	 55.793 	 243.680
FHW12093	232.500 	 55.787 	 243.680
FHW12093	232.625 	 55.787 	 243.680
FHW12093	232.750 	 55.793 	 243.680
FHW12093	232.875 	 55.788 	 243.679
FHW12093	233.000 	 55.793 	 243.680
FHW12093	233.125 	 55.787 	 243.680
FHW12093	233.250 	 55.788 	 243.681
FHW12093	233.375 	 55.793 	 243.680
FHW12093	233.500 	 55.788 	 243.679
FHW12093	233.625 	 55.793 	 243.680
FHW12093	233.750 	 55.787 	 243.680
FHW12093	233.875 	 55.787 	 243.680
FHW12093	234.000 	 55.793 	 243.680
FHW12093	234.125 	 55.788 	 243.680
FHW12093	234.250 	 55.787 	 243.680
FHW12093	234.375 	 55.793 	 243.680
FHW12093	234.500 	 55.787 	 243.680
FHW12093	234.625 	 55.793 	 243.680
FHW12093	234.750 	 55.787 	 243.680
FHW12093	234.875 	 55.788 	 243.679
FHW12093	235.000 	 55.793 	 243.680
FHW12093	235.125 	 55.788 	 243.681
FHW12093	235.250 	 55.793 	 243.680
FHW12093	235.375 	 55.787 	 243.680
FHW12093	235.500 	 55.788 	 243.679
FHW12093	235.625 	 55.793 	 243.680
FHW12093	235.750 	 55.787 	 243.680
FHW12093	235.875 	 55.793 	 243.680
FHW12093	236.000 	 55.788 	 243.681
FHW12093	236.125 	 55.788 	 243.679
FHW12093	236.250 	 55.793 	 243.680
FHW12093	236.375 	 55.787 	 243.680
FHW12093	236.500 	 55.793 	 243.680
FHW12093	236.625 	 55.787 	 243.680
FHW12093	236.750 	 55.788 	 243.679
FHW12093	236.875 	 55.793 	 243.680
FHW12093	237.000 	 55.788 	 243.681
FHW12093	237.125 	 55.793 	 243.680
FHW12093	237.250 	 55.787 	 243.680
FHW12093	237.375 	 55.788 	 243.679
FHW12093	237.500 	 55.793 	 243.680
FHW12093	237.625 	 55.787 	 243.680
FHW12093	237.750 	 55.793 	 243.680
FHW12093	237.875 	 55.788 	 243.681
FHW12093	238.000 	 55.788 	 243.679
FHW12093	238.125 	 55.793 	 243.680
FHW12093	238.250 	 55.787 	 243.680
FHW12093	238.375 	 55.793 	 243.680
FHW12093	238.500 	 55.787 	 243.680
FHW12093	238.625 	 55.788 	 243.679
FHW12093	238.750 	 55.793 	 243.680
FHW12093	238.875 	 55.788 	 243.681
FHW12093	239.000 	 55.793 	 243.680
FHW12093	239.125 	 55.787 	 243.680
FHW12093	239.250 	 55.788 	 243.679
FHW12093	239.375 	 55.793 	 243.680
FHW12093	239.500 	 55.788 	 243.681
FHW12093	239.625 	 55.786 	 243.679
FHW12093	239.750 	 55.794 	 243.681
FHW12093	239.875 	 55.787 	 243.678
FHW12093	240.000 	 55.794 	 243.681
FHW12093	240.125 	 55.786 	 243.679
FHW12093	240.250 	 55.788 	 243.681
FHW12093	240.375 	 55.794 	 243.681
FHW12093	240.500 	 55.787 	 243.678
FHW12093	240.625 	 55.794 	 243.681
FHW12093	240.750 	 55.786 	 243.679
FHW12093	240.875 	 55.788 	 243.681
FHW12093	241.000 	 55.792 	 243.679
FHW12093	241.125 	 55.788 	 243.680
FHW12093	241.250 	 55.794 	 243.681
FHW12093	241.375 	 55.786 	 243.679
FHW12093	241.500 	 55.788 	 243.681
FHW12093	241.625 	 55.792 	 243.679
FHW12093	241.750 	 55.788 	 243.680
FHW12093	241.875 	 55.792 	 243.679
FHW12093	242.000 	 55.788 	 243.681
FHW12093	242.125 	 55.788 	 243.681
FHW12093	242.250 	 55.792 	 243.679
FHW12093	242.375 	 55.788 	 243.680
FHW12093	242.500 	 55.792 	 243.679
FHW12093	242.625 	 55.788 	 243.681
FHW12093	242.750 	 55.786 	 243.679
FHW12093	242.875 	 55.794 	 243.681
FHW12093	243.000 	 55.788 	 243.680
FHW12093	243.125 	 55.792 	 243.679
FHW12093	243.250 	 55.788 	 243.681
FHW12093	243.375 	 55.786 	 243.679
FHW12093	243.500 	 55.794 	 243.681
FHW12093	243.625 	 55.787 	 243.678
FHW12093	243.750 	 55.794 	 243.681
FHW12093	243.875 	 55.786 	 243.679
FHW12093	244.000 	 55.788 	 243.681
FHW12093	244.125 	 61.041 	 244.094
FHW12093	244.250 	 62.684 	 244.214
FHW12093	244.375 	 62.692 	 244.216
FHW12093	244.500 	 62.690 	 244.214
FHW12093	244.625 	 62.692 	 244.216
FHW12093	244.750 	 62.690 	 244.214
FHW12093	244.875 	 62.692 	 244.216
FHW12093	245.000 	 62.684 	 244.214
FHW12093	245.125 	 62.692 	 244.216
FHW12093	245.250 	 62.690 	 244.214
FHW12093	245.375 	 62.692 	 244.215
FHW12093	245.500 	 62.690 	 244.214
FHW12093	245.625 	 62.692 	 244.216
FHW12093	245.750 	 62.692 	 244.216
FHW12093	245.875 	 62.684 	 244.214
FHW12093	246.000 	 62.692 	 244.216
FHW12093	246.125 	 62.690 	 244.214
FHW12093	246.250 	 62.692 	 244.216
FHW12093	246.375 	 62.690 	 244.214
FHW12093	246.500 	 62.692 	 244.216
FHW12093	246.625 	 62.684 	 244.214
FHW12093	246.750 	 62.692 	 244.216
FHW12093	246.875 	 62.690 	 244.214
FHW12093	247.000 	 62.692 	 244.216
FHW12093	247.125 	 62.690 	 244.214
FHW12093	247.250 	 62.692 	 244.216
FHW12093	247.375 	 62.690 	 244.214
FHW12093	247.500 	 62.685 	 244.216
FHW12093	247.625 	 62.690 	 244.214
FHW12093	247.750 	 62.692 	 244.216
FHW12093	247.875 	 62.690 	 244.214
FHW12093	248.000 	 62.692 	 244.216
FHW12093	248.125 	 62.690 	 244.214
FHW12093	248.250 	 62.685 	 244.216
FHW12093	248.375 	 62.690 	 244.214
FHW12093	248.500 	 62.692 	 244.216
FHW12093	248.625 	 62.690 	 244.214
FHW12093	248.750 	 62.692 	 244.216
FHW12093	248.875 	 62.690 	 244.213
FHW12093	249.000 	 62.691 	 244.217
FHW12093	249.125 	 62.686 	 244.215
FHW12093	249.250 	 62.690 	 244.215
FHW12093	249.375 	 62.692 	 244.215
FHW12093	249.500 	 62.690 	 244.215
FHW12093	249.625 	 62.692 	 244.215
FHW12093	249.750 	 62.690 	 244.215
FHW12093	249.875 	 62.686 	 244.215
FHW12093	250.000 	 62.690 	 244.215
FHW12093	250.125 	 62.692 	 244.215
FHW12093	250.250 	 62.690 	 244.215
FHW12093	250.375 	 62.692 	 244.215
FHW12093	250.500 	 62.690 	 244.215
FHW12093	250.625 	 62.692 	 244.215
FHW12093	250.750 	 62.684 	 244.215
FHW12093	250.875 	 62.692 	 244.215
FHW12093	251.000 	 62.690 	 244.215
FHW12093	251.125 	 62.692 	 244.215
FHW12093	251.250 	 62.690 	 244.215
FHW12093	251.375 	 62.692 	 244.215
FHW12093	251.500 	 62.690 	 244.215
FHW12093	251.625 	 62.686 	 244.215
FHW12093	251.750 	 62.690 	 244.213
FHW12093	251.875 	 62.691 	 244.217
FHW12093	252.000 	 62.690 	 244.213
FHW12093	252.125 	 62.691 	 244.217
FHW12093	252.250 	 62.690 	 244.213
FHW12093	252.375 	 62.685 	 244.217
FHW12093	252.500 	 62.690 	 244.213
FHW12093	252.625 	 62.691 	 244.217
FHW12093	252.750 	 62.692 	 244.215
FHW12093	252.875 	 62.690 	 244.215
FHW12093	253.000 	 62.692 	 244.215
FHW12093	253.125 	 62.690 	 244.215
FHW12093	253.250 	 62.686 	 244.215
FHW12093	253.375 	 62.690 	 244.215
FHW12093	253.500 	 62.692 	 244.215
FHW12093	253.625 	 62.690 	 244.215
FHW12093	253.750 	 62.692 	 244.215
FHW12093	253.875 	 62.690 	 244.215
FHW12093	254.000 	 62.686 	 244.215
FHW12093	254.125 	 62.690 	 244.215
FHW12093	254.250 	 62.692 	 244.215
FHW12093	254.375 	 62.690 	 244.215
FHW12093	254.500 	 62.692 	 244.215
FHW12093	254.625 	 62.690 	 244.215
FHW12093	254.750 	 62.692 	 244.215
FHW12093	254.875 	 62.684 	 244.215
FHW12093	255.000 	 62.692 	 244.215
FHW12093	255.125 	 62.690 	 244.215
FHW12093	255.250 	 62.692 	 244.215
FHW12093	255.375 	 62.690 	 244.215
FHW12093	255.500 	 62.692 	 244.215
FHW12093	255.625 	 62.684 	 244.215
FHW12093	255.750 	 62.692 	 244.215
FHW12093	255.875 	 62.690 	 244.215
FHW12093	256.000 	 62.692 	 244.215
FHW12093	256.125 	 67.275 	 244.400
FHW12093	256.250 	 67.275 	 244.400
FHW12093	256.375 	 67.275 	 244.400
FHW12093	256.500 	 67.275 	 244.400
FHW12093	256.625 	 67.275 	 244.400
FHW12093	256.750 	 67.275 	 244.400
FHW12093	256.875 	 67.276 	 244.402
FHW12093	257.000 	 67.269 	 244.400
FHW12093	257.125 	 67.275 	 244.400
FHW12093	257.250 	 67.275 	 244.400
FHW12093	257.375 	 67.276 	 244.398
FHW12093	257.500 	 67.275 	 244.400
FHW12093	257.625 	 67.275 	 244.400
FHW12093	257.750 	 67.275 	 244.400
FHW12093	257.875 	 67.275 	 244.400
FHW12093	258.000 	 67.275 	 244.400
FHW12093	258.125 	 67.275 	 244.400
FHW12093	258.250 	 67.275 	 244.400
FHW12093	258.375 	 67.275 	 244.400
FHW12093	258.500 	 67.275 	 244.400
FHW12093	258.625 	 67.276 	 244.402
FHW12093	258.750 	 67.269 	 244.400
FHW12093	258.875 	 67.275 	 244.400
FHW12093	259.000 	 67.275 	 244.400
FHW12093	259.125 	 67.275 	 244.400
FHW12093	259.250 	 67.275 	 244.400
FHW12093	259.375 	 67.275 	 244.400
FHW12093	259.500 	 67.275 	 244.400
FHW12093	259.625 	 67.275 	 244.400
FHW12093	259.750 	 67.275 	 244.400
FHW12093	259.875 	 67.275 	 244.400
FHW12093	260.000 	 67.275 	 244.400
FHW12093	260.125 	 67.276 	 244.398
FHW12093	260.250 	 67.276 	 244.402
FHW12093	260.375 	 67.275 	 244.400
FHW12093	260.500 	 67.269 	 244.400
FHW12093	260.625 	 67.275 	 244.400
FHW12093	260.750 	 67.275 	 244.400
FHW12093	260.875 	 67.275 	 244.400
FHW12093	261.000 	 67.275 	 244.400
FHW12093	261.125 	 67.275 	 244.400
FHW12093	261.250 	 67.275 	 244.400
FHW12093	261.375 	 67.275 	 244.400
FHW12093	261.500 	 67.275 	 244.400
FHW12093	261.625 	 67.275 	 244.400
FHW12093	261.750 	 67.275 	 244.400
FHW12093	261.875 	 67.276 	 244.402
FHW12093	262.000 	 67.275 	 244.400
FHW12093	262.125 	 67.275 	 244.400
FHW12093	262.250 	 67.269 	 244.400
FHW12093	262.375 	 67.275 	 244.400
FHW12093	262.500 	 67.275 	 244.400
FHW12093	262.625 	 69.091 	 244.456
FHW12093	262.750 	 69.671 	 244.476
FHW12093	262.875 	 69.663 	 244.474
FHW12093	263.000 	 69.663 	 244.476
FHW12093	263.125 	 69.663 	 244.474
FHW12093	263.250 	 69.671 	 244.476
FHW12093	263.375 	 69.663 	 244.474
FHW12093	263.500 	 69.663 	 244.476
FHW12093	263.625 	 69.664 	 244.476
FHW12093	263.750 	 69.670 	 244.474
FHW12093	263.875 	 69.663 	 244.474
FHW12093	264.000 	 69.664 	 244.477
FHW12093	264.125 	 69.663 	 244.474
FHW12093	264.250 	 69.670 	 244.474
FHW12093	264.375 	 69.663 	 244.476
FHW12093	264.500 	 69.664 	 244.476
FHW12093	264.625 	 69.663 	 244.474
FHW12093	264.750 	 69.670 	 244.474
FHW12093	264.875 	 69.664 	 244.477
FHW12093	265.000 	 69.663 	 244.474
FHW12093	265.125 	 71.985 	 244.376
FHW12093	265.250 	 71.986 	 244.374
FHW12093	265.375 	 71.985 	 244.376
FHW12093	265.500 	 71.986 	 244.374
FHW12093	265.625 	 71.985 	 244.376
FHW12093	265.750 	 71.984 	 244.374
FHW12093	265.875 	 71.986 	 244.374
FHW12093	266.000 	 71.979 	 244.376
FHW12093	266.125 	 71.986 	 244.374
FHW12093	266.250 	 71.985 	 244.376
FHW12093	266.375 	 71.986 	 244.374
FHW12093	266.500 	 71.985 	 244.376
FHW12093	266.625 	 71.985 	 244.376
FHW12093	266.750 	 71.986 	 244.374
FHW12093	266.875 	 71.985 	 244.376
FHW12093	267.000 	 71.986 	 244.374
FHW12093	267.125 	 71.984 	 244.374
FHW12093	267.250 	 71.985 	 244.376
FHW12093	267.375 	 71.986 	 244.374
FHW12093	267.500 	 71.985 	 244.376
FHW12093	267.625 	 71.986 	 244.374
FHW12093	267.750 	 71.985 	 244.376
FHW12093	267.875 	 71.979 	 244.374
FHW12093	268.000 	 71.985 	 244.376
FHW12093	268.125 	 71.985 	 244.376
FHW12093	268.250 	 71.986 	 244.374
FHW12093	268.375 	 71.985 	 244.376
FHW12093	268.500 	 71.985 	 244.373
FHW12093	268.625 	 71.985 	 244.376
FHW12093	268.750 	 71.985 	 244.376
FHW12093	268.875 	 71.986 	 244.374
FHW12093	269.000 	 71.985 	 244.376
FHW12093	269.125 	 71.986 	 244.374
FHW12093	269.250 	 71.985 	 244.376
FHW12093	269.375 	 71.985 	 244.376
FHW12093	269.500 	 71.986 	 244.374
FHW12093	269.625 	 71.985 	 244.376
FHW12093	269.750 	 71.979 	 244.374
FHW12093	269.875 	 71.984 	 244.374
FHW12093	270.000 	 71.986 	 244.374
FHW12093	270.125 	 71.985 	 244.376
FHW12093	270.250 	 71.985 	 244.376
FHW12093	270.375 	 71.986 	 244.374
FHW12093	270.500 	 71.985 	 244.376
FHW12093	270.625 	 71.986 	 244.374
FHW12093	270.750 	 71.985 	 244.376
FHW12093	270.875 	 71.985 	 244.376
FHW12093	271.000 	 71.986 	 244.374
FHW12093	271.125 	 71.985 	 244.376
FHW12093	271.250 	 71.985 	 244.373
FHW12093	271.375 	 71.985 	 244.376
FHW12093	271.500 	 71.985 	 244.376
FHW12093	271.625 	 71.979 	 244.374
FHW12093	271.750 	 71.985 	 244.376
FHW12093	271.875 	 71.986 	 244.374
FHW12093	272.000 	 71.985 	 244.376
FHW12093	272.125 	 71.986 	 244.374
FHW12093	272.250 	 71.985 	 244.376
FHW12093	272.375 	 71.985 	 244.376
FHW12093	272.500 	 71.986 	 244.374
FHW12093	272.625 	 71.984 	 244.374
FHW12093	272.750 	 71.986 	 244.374
FHW12093	272.875 	 71.985 	 244.376
FHW12093	273.000 	 71.985 	 244.376
FHW12093	273.125 	 71.986 	 244.374
FHW12093	273.250 	 71.985 	 244.376
FHW12093	273.375 	 71.986 	 244.374
FHW12093	273.500 	 71.979 	 244.376
FHW12093	273.625 	 71.986 	 244.374
FHW12093	273.750 	 71.985 	 244.376
FHW12093	273.875 	 71.985 	 244.376
FHW12093	274.000 	 71.985 	 244.373
FHW12093	274.125 	 71.985 	 244.376
FHW12093	274.250 	 71.986 	 244.374
FHW12093	274.375 	 71.985 	 244.376
FHW12093	274.500 	 71.985 	 244.376
FHW12093	274.625 	 71.986 	 244.374
FHW12093	274.750 	 71.985 	 244.376
FHW12093	274.875 	 71.986 	 244.374
FHW12093	275.000 	 71.985 	 244.376
FHW12093	275.125 	 71.985 	 244.376
FHW12093	275.250 	 71.986 	 244.374
FHW12093	275.375 	 71.978 	 244.374
FHW12093	275.500 	 71.986 	 244.374
FHW12093	275.625 	 71.985 	 244.376
FHW12093	275.750 	 71.986 	 244.374
FHW12093	275.875 	 71.985 	 244.376
FHW12093	276.000 	 71.985 	 244.376
FHW12093	276.125 	 71.986 	 244.374
FHW12093	276.250 	 71.985 	 244.376
FHW12093	276.375 	 71.986 	 244.374
FHW12093	276.500 	 71.985 	 244.376
FHW12093	276.625 	 71.984 	 244.374
FHW12093	276.750 	 71.986 	 244.374
FHW12093	276.875 	 71.985 	 244.376
FHW12093	277.000 	 71.986 	 244.374
FHW12093	277.125 	 71.985 	 244.376
FHW12093	277.250 	 71.986 	 244.374
FHW12093	277.375 	 71.979 	 244.376
FHW12093	277.500 	 71.985 	 244.376
FHW12093	277.625 	 71.986 	 244.374
FHW12093	277.750 	 71.985 	 244.376
FHW12093	277.875 	 71.986 	 244.374
FHW12093	278.000 	 71.984 	 244.374
FHW12093	278.125 	 71.985 	 244.376
FHW12093	278.250 	 71.986 	 244.374
FHW12093	278.375 	 71.985 	 244.376
FHW12093	278.500 	 71.986 	 244.374
FHW12093	278.625 	 71.985 	 244.376
FHW12093	278.750 	 71.985 	 244.376
FHW12093	278.875 	 71.986 	 244.374
FHW12093	279.000 	 71.985 	 244.376
FHW12093	279.125 	 71.986 	 244.374
FHW12093	279.250 	 71.979 	 244.376
FHW12093	279.375 	 71.985 	 244.373
FHW12093	279.500 	 71.985 	 244.376
FHW12093	279.625 	 71.985 	 244.376
FHW12093	279.750 	 71.986 	 244.374
FHW12093	279.875 	 71.985 	 244.376
FHW12093	280.000 	 71.986 	 244.374
FHW12093	280.125 	 71.985 	 244.376
FHW12093	280.250 	 71.985 	 244.376
FHW12093	280.375 	 71.986 	 244.374
FHW12093	280.500 	 71.985 	 244.376
FHW12093	280.625 	 71.986 	 244.374
FHW12093	280.750 	 71.984 	 244.374
FHW12093	280.875 	 72.211 	 244.370
FHW12093	281.000 	 77.755 	 244.204
FHW12093	281.125 	 77.756 	 244.205
FHW12093	281.250 	 77.755 	 244.204
FHW12093	281.375 	 77.756 	 244.207
FHW12093	281.500 	 77.755 	 244.204
FHW12093	281.625 	 77.756 	 244.205
FHW12093	281.750 	 77.755 	 244.204
FHW12093	281.875 	 77.756 	 244.207
FHW12093	282.000 	 77.755 	 244.204
FHW12093	282.125 	 77.749 	 244.205
FHW12093	282.250 	 77.755 	 244.205
FHW12093	282.375 	 77.756 	 244.205
FHW12093	282.500 	 77.755 	 244.204
FHW12093	282.625 	 77.756 	 244.205
FHW12093	282.750 	 77.755 	 244.205
FHW12093	282.875 	 77.756 	 244.205
FHW12093	283.000 	 77.755 	 244.204
FHW12093	283.125 	 77.756 	 244.207
FHW12093	283.250 	 77.755 	 244.204
FHW12093	283.375 	 77.756 	 244.205
FHW12093	283.500 	 77.749 	 244.205
FHW12093	283.625 	 77.755 	 244.205
FHW12093	283.750 	 77.756 	 244.205
FHW12093	283.875 	 77.755 	 244.204
FHW12093	284.000 	 77.756 	 244.207
FHW12093	284.125 	 77.755 	 244.204
FHW12093	284.250 	 77.756 	 244.205
FHW12093	284.375 	 77.755 	 244.204
FHW12093	284.500 	 77.756 	 244.207
FHW12093	284.625 	 77.755 	 244.204
FHW12093	284.750 	 77.749 	 244.205
FHW12093	284.875 	 77.755 	 244.204
FHW12093	285.000 	 77.756 	 244.207
FHW12093	285.125 	 77.755 	 244.204
FHW12093	285.250 	 77.756 	 244.205
FHW12093	285.375 	 77.755 	 244.205
FHW12093	285.500 	 77.756 	 244.205
FHW12093	285.625 	 77.755 	 244.204
FHW12093	285.750 	 77.756 	 244.205
FHW12093	285.875 	 77.755 	 244.205
FHW12093	286.000 	 77.749 	 244.205
FHW12093	286.125 	 77.755 	 244.204
FHW12093	286.250 	 77.756 	 244.207
FHW12093	286.375 	 77.755 	 244.204
FHW12093	286.500 	 77.756 	 244.205
FHW12093	286.625 	 77.755 	 244.204
FHW12093	286.750 	 77.756 	 244.207
FHW12093	286.875 	 77.755 	 244.204
FHW12093	287.000 	 77.756 	 244.205
FHW12093	287.125 	 77.755 	 244.205
FHW12093	287.250 	 77.749 	 244.205
FHW12093	287.375 	 77.755 	 244.204
FHW12093	287.500 	 77.756 	 244.205
FHW12093	287.625 	 77.755 	 244.205
FHW12093	287.750 	 77.756 	 244.205
FHW12093	287.875 	 77.755 	 244.204
FHW12093	288.000 	 77.756 	 244.205
FHW12093	288.125 	 77.756 	 244.207
FHW12093	288.250 	 77.755 	 244.204
FHW12093	288.375 	 77.756 	 244.205
FHW12093	288.500 	 77.748 	 244.205
FHW12093	288.625 	 77.756 	 244.205
FHW12093	288.750 	 77.755 	 244.204
FHW12093	288.875 	 77.756 	 244.205
FHW12093	289.000 	 77.755 	 244.205
FHW12093	289.125 	 77.756 	 244.205
FHW12093	289.250 	 77.755 	 244.204
FHW12093	289.375 	 77.756 	 244.207
FHW12093	289.500 	 77.755 	 244.204
FHW12093	289.625 	 77.756 	 244.205
FHW12093	289.750 	 77.749 	 244.204
FHW12093	289.875 	 77.756 	 244.207
FHW12093	290.000 	 77.755 	 244.204
FHW12093	290.125 	 77.756 	 244.205
FHW12093	290.250 	 77.755 	 244.205
FHW12093	290.375 	 77.756 	 244.205
FHW12093	290.500 	 77.755 	 244.204
FHW12093	290.625 	 77.756 	 244.205
FHW12093	290.750 	 77.755 	 244.205
FHW12093	290.875 	 77.756 	 244.205
FHW12093	291.000 	 77.749 	 244.204
FHW12093	291.125 	 77.756 	 244.205
FHW12093	291.250 	 77.755 	 244.205
FHW12093	291.375 	 77.756 	 244.205
FHW12093	291.500 	 77.755 	 244.204
FHW12093	291.625 	 77.756 	 244.207
FHW12093	291.750 	 77.755 	 244.204
FHW12093	291.875 	 77.756 	 244.205
FHW12093	292.000 	 77.755 	 244.204
FHW12093	292.125 	 77.756 	 244.207
FHW12093	292.250 	 77.749 	 244.204
FHW12093	292.375 	 77.756 	 244.205
FHW12093	292.500 	 77.755 	 244.205
FHW12093	292.625 	 77.756 	 244.205
FHW12093	292.750 	 77.755 	 244.204
FHW12093	292.875 	 77.756 	 244.205
FHW12093	293.000 	 77.756 	 244.207
FHW12093	293.125 	 77.755 	 244.204
FHW12093	293.250 	 77.756 	 244.205
FHW12093	293.375 	 77.755 	 244.205
FHW12093	293.500 	 77.749 	 244.205
FHW12093	293.625 	 77.755 	 244.204
FHW12093	293.750 	 77.756 	 244.205
FHW12093	293.875 	 77.755 	 244.205
FHW12093	294.000 	 77.756 	 244.205
FHW12093	294.125 	 77.755 	 244.204
FHW12093	294.250 	 77.756 	 244.205
FHW12093	294.375 	 77.755 	 244.205
FHW12093	294.500 	 77.756 	 244.205
FHW12093	294.625 	 77.755 	 244.204
FHW12093	294.750 	 77.756 	 244.207
FHW12093	294.875 	 77.749 	 244.204
FHW12093	295.000 	 77.756 	 244.205
FHW12093	295.125 	 77.755 	 244.204
FHW12093	295.250 	 77.756 	 244.207
FHW12093	295.375 	 77.755 	 244.204
FHW12093	295.500 	 77.756 	 244.205
FHW12093	295.625 	 77.755 	 244.205
FHW12093	295.750 	 77.756 	 244.205
FHW12093	295.875 	 77.755 	 244.204
FHW12093	296.000 	 77.756 	 244.205
FHW12093	296.125 	 77.748 	 244.205
FHW12093	296.250 	 77.756 	 244.205
FHW12093	296.375 	 77.755 	 244.204
FHW12093	296.500 	 77.756 	 244.207
FHW12093	296.625 	 77.755 	 244.204
FHW12093	296.750 	 77.756 	 244.205
FHW12093	296.875 	 77.755 	 244.204
FHW12093	297.000 	 77.756 	 244.207
FHW12093	297.125 	 77.755 	 244.204
FHW12093	297.250 	 77.756 	 244.205
FHW12093	297.375 	 77.749 	 244.204
FHW12093	297.500 	 77.756 	 244.207
FHW12093	297.625 	 77.756 	 244.205
FHW12093	297.750 	 77.755 	 244.204
FHW12093	297.875 	 77.756 	 244.207
FHW12093	298.000 	 77.755 	 244.204
FHW12093	298.125 	 77.756 	 244.205
FHW12093	298.250 	 77.755 	 244.204
FHW12093	298.375 	 77.756 	 244.207
FHW12093	298.500 	 77.755 	 244.204
FHW12093	298.625 	 77.749 	 244.205
FHW12093	298.750 	 77.755 	 244.205
FHW12093	298.875 	 77.756 	 244.205
FHW12093	299.000 	 77.755 	 244.204
FHW12093	299.125 	 77.756 	 244.205
FHW12093	299.250 	 77.755 	 244.205
FHW12093	299.375 	 79.857 	 243.981
FHW12093	299.500 	 85.271 	 243.421
FHW12093	299.625 	 85.271 	 243.421
FHW12093	299.750 	 85.270 	 243.419
FHW12093	299.875 	 85.271 	 243.419
FHW12093	300.000 	 85.270 	 243.419
FHW12093	300.125 	 85.271 	 243.421
FHW12093	300.250 	 85.264 	 243.421
FHW12093	300.375 	 85.270 	 243.419
FHW12093	300.500 	 85.271 	 243.421
FHW12093	300.625 	 85.270 	 243.419
FHW12093	300.750 	 85.271 	 243.421
FHW12093	300.875 	 85.271 	 243.421
FHW12093	301.000 	 85.270 	 243.418
FHW12093	301.125 	 85.271 	 243.421
FHW12093	301.250 	 85.270 	 243.419
FHW12093	301.375 	 85.271 	 243.421
FHW12093	301.500 	 85.271 	 243.421
FHW12093	301.625 	 85.270 	 243.419
FHW12093	301.750 	 85.271 	 243.421
FHW12093	301.875 	 85.263 	 243.419
FHW12093	302.000 	 85.271 	 243.419
FHW12093	302.125 	 85.271 	 243.421
FHW12093	302.250 	 85.270 	 243.419
FHW12093	302.375 	 85.271 	 243.421
FHW12093	302.500 	 85.270 	 243.419
FHW12093	302.625 	 85.271 	 243.421
FHW12093	302.750 	 85.271 	 243.421
FHW12093	302.875 	 85.270 	 243.419
FHW12093	303.000 	 85.271 	 243.419
FHW12093	303.125 	 85.270 	 243.419
FHW12093	303.250 	 85.271 	 243.421
FHW12093	303.375 	 85.271 	 243.421
FHW12093	303.500 	 85.270 	 243.419
FHW12093	303.625 	 85.264 	 243.421
FHW12093	303.750 	 85.270 	 243.419
FHW12093	303.875 	 85.271 	 243.421
FHW12093	304.000 	 85.271 	 243.421
FHW12093	304.125 	 85.270 	 243.418
FHW12093	304.250 	 85.271 	 243.421
FHW12093	304.375 	 85.270 	 243.419
FHW12093	304.500 	 85.271 	 243.421
FHW12093	304.625 	 85.271 	 243.421
FHW12093	304.750 	 85.270 	 243.419
FHW12093	304.875 	 85.271 	 243.421
FHW12093	305.000 	 85.270 	 243.419
FHW12093	305.125 	 85.271 	 243.419
FHW12093	305.250 	 85.264 	 243.421
FHW12093	305.375 	 85.270 	 243.419
FHW12093	305.500 	 85.271 	 243.421
FHW12093	305.625 	 85.270 	 243.419
FHW12093	305.750 	 85.271 	 243.421
FHW12093	305.875 	 85.271 	 243.421
FHW12093	306.000 	 85.270 	 243.419
FHW12093	306.125 	 85.271 	 243.419
FHW12093	306.250 	 85.270 	 243.419
FHW12093	306.375 	 85.271 	 243.421
FHW12093	306.500 	 85.271 	 243.421
FHW12093	306.625 	 85.270 	 243.419
FHW12093	306.750 	 85.271 	 243.421
FHW12093	306.875 	 85.270 	 243.419
FHW12093	307.000 	 85.264 	 243.421
FHW12093	307.125 	 85.271 	 243.421
FHW12093	307.250 	 85.270 	 243.418
FHW12093	307.375 	 85.271 	 243.421
FHW12093	307.500 	 85.270 	 243.419
FHW12093	307.625 	 85.271 	 243.421
FHW12093	307.750 	 85.271 	 243.421
FHW12093	307.875 	 85.270 	 243.419
FHW12093	308.000 	 85.271 	 243.421
FHW12093	308.125 	 85.270 	 243.419
FHW12093	308.250 	 85.271 	 243.419
FHW12093	308.375 	 85.271 	 243.421
FHW12093	308.500 	 85.270 	 243.419
FHW12093	308.625 	 85.264 	 243.421
FHW12093	308.750 	 85.270 	 243.419
FHW12093	308.875 	 85.271 	 243.421
FHW12093	309.000 	 85.271 	 243.421
FHW12093	309.125 	 85.270 	 243.419
FHW12093	309.250 	 85.271 	 243.419
FHW12093	309.375 	 85.270 	 243.419
FHW12093	309.500 	 85.271 	 243.421
FHW12093	309.625 	 85.270 	 243.419
FHW12093	309.750 	 85.271 	 243.421
FHW12093	309.875 	 85.271 	 243.421
FHW12093	310.000 	 85.270 	 243.419
FHW12093	310.125 	 85.271 	 243.421
FHW12093	310.250 	 85.270 	 243.419
FHW12093	310.375 	 85.264 	 243.419
FHW12093	310.500 	 85.271 	 243.421
FHW12093	310.625 	 85.270 	 243.419
FHW12093	310.750 	 85.271 	 243.421
FHW12093	310.875 	 85.270 	 243.419
FHW12093	311.000 	 85.271 	 243.421
FHW12093	311.125 	 85.271 	 243.421
FHW12093	311.250 	 85.270 	 243.419
FHW12093	311.375 	 85.271 	 243.419
FHW12093	311.500 	 85.270 	 243.419
FHW12093	311.625 	 85.271 	 243.421
FHW12093	311.750 	 85.271 	 243.421
FHW12093	311.875 	 85.270 	 243.419
FHW12093	312.000 	 85.264 	 243.421
FHW12093	312.125 	 85.270 	 243.419
FHW12093	312.250 	 85.271 	 243.421
FHW12093	312.375 	 85.271 	 243.419
FHW12093	312.500 	 85.270 	 243.419
FHW12093	312.625 	 85.271 	 243.421
FHW12093	312.750 	 85.270 	 243.419
FHW12093	312.875 	 85.271 	 243.421
FHW12093	313.000 	 85.271 	 243.421
FHW12093	313.125 	 85.270 	 243.419
FHW12093	313.250 	 85.271 	 243.421
FHW12093	313.375 	 85.270 	 243.419
FHW12093	313.500 	 85.271 	 243.419
FHW12093	313.625 	 85.271 	 243.421
FHW12093	313.750 	 85.263 	 243.419
FHW12093	313.875 	 85.271 	 243.421
FHW12093	314.000 	 85.270 	 243.419
FHW12093	314.125 	 85.271 	 243.421
FHW12093	314.250 	 85.271 	 243.421
FHW12093	314.375 	 85.270 	 243.419
FHW12093	314.500 	 85.271 	 243.419
FHW12093	314.625 	 85.270 	 243.419
FHW12093	314.750 	 85.271 	 243.422
FHW12093	314.875 	 85.270 	 243.419
FHW12093	315.000 	 85.270 	 243.419
FHW12093	315.125 	 85.270 	 243.419
FHW12093	315.250 	 85.271 	 243.422
FHW12093	315.375 	 85.263 	 243.419
FHW12093	315.500 	 85.270 	 243.418
FHW12093	315.625 	 85.271 	 243.422
FHW12093	315.750 	 85.270 	 243.419
FHW12093	315.875 	 85.270 	 243.419
FHW12093	316.000 	 85.271 	 243.422
FHW12093	316.125 	 85.270 	 243.419
FHW12093	316.250 	 85.270 	 243.419
FHW12093	316.375 	 85.270 	 243.419
FHW12093	316.500 	 85.271 	 243.422
FHW12093	316.625 	 85.270 	 243.418
FHW12093	316.750 	 85.270 	 243.419
FHW12093	316.875 	 85.271 	 243.422
FHW12093	317.000 	 85.270 	 243.419
FHW12093	317.125 	 85.263 	 243.419
FHW12093	317.250 	 85.271 	 243.422
FHW12093	317.375 	 85.270 	 243.419
FHW12093	317.500 	 85.270 	 243.419
FHW12093	317.625 	 85.270 	 243.418
FHW12093	317.750 	 85.271 	 243.422
FHW12093	317.875 	 89.021 	 243.044
FHW12093	318.000 	 89.343 	 243.010
FHW12093	318.125 	 89.350 	 243.010
FHW12093	318.250 	 89.343 	 243.010
FHW12093	318.375 	 89.343 	 243.010
FHW12093	318.500 	 89.350 	 243.013
FHW12093	318.625 	 89.343 	 243.010
FHW12093	318.750 	 89.343 	 243.010
FHW12093	318.875 	 89.350 	 243.010
FHW12093	319.000 	 89.343 	 243.010
FHW12093	319.125 	 89.343 	 243.010
FHW12093	319.250 	 89.350 	 243.013
FHW12093	319.375 	 89.343 	 243.010
FHW12093	319.500 	 89.343 	 243.010
FHW12093	319.625 	 89.350 	 243.010
FHW12093	319.750 	 89.343 	 243.010
FHW12093	319.875 	 89.343 	 243.010
FHW12093	320.000 	 89.350 	 243.013
FHW12093	320.125 	 89.343 	 243.010
FHW12093	320.250 	 89.343 	 243.010
FHW12093	320.375 	 89.350 	 243.010
FHW12093	320.500 	 89.343 	 243.010
FHW12093	320.625 	 89.538 	 243.180
FHW12093	320.750 	 90.315 	 243.868
FHW12093	320.875 	 90.315 	 243.863
FHW12093	321.000 	 90.315 	 243.865
FHW12093	321.125 	 90.315 	 243.865
FHW12093	321.250 	 90.315 	 243.865
FHW12093	321.375 	 90.315 	 243.863
FHW12093	321.500 	 90.315 	 243.865
FHW12093	321.625 	 90.322 	 243.865
FHW12093	321.750 	 90.315 	 243.863
FHW12093	321.875 	 90.315 	 243.868
FHW12093	322.000 	 90.315 	 243.865
FHW12093	322.125 	 90.315 	 243.863
FHW12093	322.250 	 90.315 	 243.865
FHW12093	322.375 	 90.315 	 243.865
FHW12093	322.500 	 90.315 	 243.865
FHW12093	322.625 	 90.315 	 243.863
FHW12093	322.750 	 90.315 	 243.865
FHW12093	322.875 	 90.315 	 243.865
FHW12093	323.000 	 90.315 	 243.867
FHW12093	323.125 	 90.315 	 243.865
FHW12093	323.250 	 90.315 	 243.865
FHW12093	323.375 	 90.315 	 243.863
FHW12093	323.500 	 90.315 	 243.865
FHW12093	323.625 	 90.315 	 243.865
FHW12093	323.750 	 90.322 	 243.865
FHW12093	323.875 	 90.525 	 244.061
FHW12093	324.000 	 91.084 	 244.571
FHW12093	324.125 	 91.077 	 244.571
FHW12093	324.250 	 91.077 	 244.571
FHW12093	324.375 	 91.084 	 244.569
FHW12093	324.500 	 91.077 	 244.571
FHW12093	324.625 	 91.084 	 244.571
FHW12093	324.750 	 91.077 	 244.571
FHW12093	324.875 	 91.077 	 244.571
FHW12093	325.000 	 91.084 	 244.567
FHW12093	325.125 	 91.077 	 244.571
FHW12093	325.250 	 91.077 	 244.571
FHW12093	325.375 	 91.084 	 244.568
FHW12093	325.500 	 91.077 	 244.571
FHW12093	325.625 	 91.084 	 244.571
FHW12093	325.750 	 91.077 	 244.571
FHW12093	325.875 	 91.077 	 244.567
FHW12093	326.000 	 91.084 	 244.571
FHW12093	326.125 	 91.077 	 244.571
FHW12093	326.250 	 91.084 	 244.571
FHW12093	326.375 	 91.077 	 244.571
FHW12093	326.500 	 91.077 	 244.571
FHW12093	326.625 	 91.084 	 244.571
FHW12093	326.750 	 91.077 	 244.567
FHW12093	326.875 	 91.084 	 244.571
FHW12093	327.000 	 91.077 	 244.571
FHW12093	327.125 	 91.077 	 244.568
FHW12093	327.250 	 91.084 	 244.571
FHW12093	327.375 	 91.077 	 244.571
FHW12093	327.500 	 91.077 	 244.571
FHW12093	327.625 	 91.084 	 244.567
FHW12093	327.750 	 91.077 	 244.571
FHW12093	327.875 	 91.084 	 244.571
FHW12093	328.000 	 91.077 	 244.571
FHW12093	328.125 	 91.266 	 245.200
FHW12093	328.250 	 91.266 	 245.200
FHW12093	328.375 	 91.266 	 245.200
FHW12093	328.500 	 91.259 	 245.200
FHW12093	328.625 	 91.266 	 245.200
FHW12093	328.750 	 91.266 	 245.203
FHW12093	328.875 	 91.266 	 245.197
FHW12093	329.000 	 91.266 	 245.203
FHW12093	329.125 	 91.266 	 245.200
FHW12093	329.250 	 91.266 	 245.200
FHW12093	329.375 	 91.259 	 245.200
FHW12093	329.500 	 91.266 	 245.197
FHW12093	329.625 	 91.266 	 245.203
FHW12093	329.750 	 91.266 	 245.200
FHW12093	329.875 	 91.266 	 245.200
FHW12093	330.000 	 91.266 	 245.200
FHW12093	330.125 	 91.259 	 245.200
FHW12093	330.250 	 91.266 	 245.200
FHW12093	330.375 	 91.266 	 245.203
FHW12093	330.500 	 91.266 	 245.197
FHW12093	330.625 	 91.266 	 245.203
FHW12093	330.750 	 91.266 	 245.200
FHW12093	330.875 	 91.266 	 245.197
FHW12093	331.000 	 91.259 	 245.203
FHW12093	331.125 	 91.266 	 245.197
FHW12093	331.250 	 91.266 	 245.203
FHW12093	331.375 	 91.266 	 245.200
FHW12093	331.500 	 91.266 	 245.200
FHW12093	331.625 	 91.266 	 245.200
FHW12093	331.750 	 91.266 	 245.200
FHW12093	331.875 	 91.259 	 245.200
FHW12093	332.000 	 91.266 	 245.203
FHW12093	332.125 	 91.266 	 245.197
FHW12093	332.250 	 91.266 	 245.200
FHW12093	332.375 	 91.266 	 245.203
FHW12093	332.500 	 91.266 	 245.197
FHW12093	332.625 	 91.266 	 245.203
FHW12093	332.750 	 91.259 	 245.197
FHW12093	332.875 	 91.266 	 245.203
FHW12093	333.000 	 91.266 	 245.200
FHW12093	333.125 	 91.266 	 245.200
FHW12093	333.250 	 91.266 	 245.200
FHW12093	333.375 	 91.266 	 245.200
FHW12093	333.500 	 91.259 	 245.200
FHW12093	333.625 	 91.266 	 245.203
FHW12093	333.750 	 91.266 	 245.197
FHW12093	333.875 	 91.266 	 245.200
FHW12093	334.000 	 91.266 	 245.203
FHW12093	334.125 	 91.266 	 245.197
FHW12093	334.250 	 91.266 	 245.203
FHW12093	334.375 	 91.259 	 245.197
FHW12093	334.500 	 91.266 	 245.203
FHW12093	334.625 	 91.266 	 245.200
FHW12093	334.750 	 91.266 	 245.200
FHW12093	334.875 	 91.266 	 245.200
FHW12093	335.000 	 91.266 	 245.200
FHW12093	335.125 	 91.266 	 245.200
FHW12093	335.250 	 91.259 	 245.200
FHW12093	335.375 	 91.266 	 245.200
FHW12093	335.500 	 91.266 	 245.200
FHW12093	335.625 	 91.266 	 245.203
FHW12093	335.750 	 91.266 	 245.197
FHW12093	335.875 	 91.266 	 245.203
FHW12093	336.000 	 91.259 	 245.197
FHW12093	336.125 	 91.266 	 245.203
FHW12093	336.250 	 91.266 	 245.200
FHW12093	336.375 	 91.266 	 245.200
FHW12093	336.500 	 91.266 	 245.200
FHW12093	336.625 	 91.266 	 245.197
FHW12093	336.750 	 91.266 	 245.203
FHW12093	336.875 	 91.259 	 245.200
FHW12093	337.000 	 91.266 	 245.200
FHW12093	337.125 	 91.266 	 245.200
FHW12093	337.250 	 91.266 	 245.203
FHW12093	337.375 	 91.266 	 245.197
FHW12093	337.500 	 91.266 	 245.203
FHW12093	337.625 	 91.266 	 245.197
FHW12093	337.750 	 91.259 	 245.203
FHW12093	337.875 	 91.266 	 245.200
FHW12093	338.000 	 91.266 	 245.197
FHW12093	338.125 	 91.266 	 245.203
FHW12093	338.250 	 91.266 	 245.197
FHW12093	338.375 	 91.266 	 245.203
FHW12093	338.500 	 91.266 	 245.200
FHW12093	338.625 	 91.259 	 245.200
FHW12093	338.750 	 91.266 	 245.200
FHW12093	338.875 	 91.266 	 245.203
FHW12093	339.000 	 91.266 	 245.197
FHW12093	339.125 	 91.266 	 245.203
FHW12093	339.250 	 91.266 	 245.197
FHW12093	339.375 	 91.259 	 245.200
FHW12093	339.500 	 91.266 	 245.203
FHW12093	339.625 	 91.266 	 245.197
FHW12093	339.750 	 91.266 	 245.203
FHW12093	339.875 	 91.266 	 245.200
FHW12093	340.000 	 91.266 	 245.200
FHW12093	340.125 	 91.266 	 245.200
FHW12093	340.250 	 91.259 	 245.200
FHW12093	340.375 	 91.266 	 245.200
FHW12093	340.500 	 91.266 	 245.203
FHW12093	340.625 	 91.266 	 245.197
FHW12093	340.750 	 91.266 	 245.200
FHW12093	340.875 	 91.266 	 245.200
FHW12093	341.000 	 91.266 	 245.200
FHW12093	341.125 	 91.259 	 245.203
FHW12093	341.250 	 91.266 	 245.197
FHW12093	341.375 	 91.266 	 245.203
FHW12093	341.500 	 91.266 	 245.200
FHW12093	341.625 	 91.266 	 245.200
FHW12093	341.750 	 91.266 	 245.200
FHW12093	341.875 	 91.266 	 245.200
FHW12093	342.000 	 91.259 	 245.200
FHW12093	342.125 	 91.266 	 245.200
FHW12093	342.250 	 91.266 	 245.200
FHW12093	342.375 	 91.266 	 245.200
FHW12093	342.500 	 91.266 	 245.200
FHW12093	342.625 	 91.266 	 245.200
FHW12093	342.750 	 91.259 	 245.203
FHW12093	342.875 	 91.266 	 245.197
FHW12093	343.000 	 91.266 	 245.203
FHW12093	343.125 	 91.266 	 245.200
FHW12093	343.250 	 91.266 	 245.200
FHW12093	343.375 	 91.266 	 245.200
FHW12093	343.500 	 91.266 	 245.197
FHW12093	343.625 	 91.259 	 245.203
FHW12093	343.750 	 91.266 	 245.200
FHW12093	343.875 	 91.266 	 245.200
FHW12093	344.000 	 91.266 	 245.200
FHW12093	344.125 	 91.266 	 245.200
FHW12093	344.250 	 91.077 	 245.525
FHW12093	344.375 	 91.035 	 245.604
FHW12093	344.500 	 91.035 	 245.606
FHW12093	344.625 	 91.035 	 245.604
FHW12093	344.750 	 91.035 	 245.604
FHW12093	344.875 	 91.035 	 245.610
FHW12093	345.000 	 91.035 	 245.604
FHW12093	345.125 	 91.035 	 245.606
FHW12093	345.250 	 91.035 	 245.604
FHW12093	345.375 	 91.035 	 245.604
FHW12093	345.500 	 91.035 	 245.606
FHW12093	345.625 	 91.035 	 245.604
FHW12093	345.750 	 91.035 	 245.606
FHW12093	345.875 	 91.035 	 245.604
FHW12093	346.000 	 91.035 	 245.604
FHW12093	346.125 	 91.035 	 245.610
FHW12093	346.250 	 91.035 	 245.604
FHW12093	346.375 	 91.035 	 245.606
FHW12093	346.500 	 91.035 	 245.604
FHW12093	346.625 	 91.035 	 245.604
FHW12093	346.750 	 91.035 	 245.606
FHW12093	346.875 	 91.035 	 245.604
FHW12093	347.000 	 91.035 	 245.604
FHW12093	347.125 	 91.035 	 245.606
FHW12093	347.250 	 91.035 	 245.607
FHW12093	347.375 	 91.035 	 245.606
FHW12093	347.500 	 91.035 	 245.604
FHW12093	347.625 	 91.035 	 245.604
FHW12093	347.750 	 91.035 	 245.606
FHW12093	347.875 	 91.035 	 245.604
FHW12093	348.000 	 91.035 	 245.606
FHW12093	348.125 	 91.035 	 245.604
FHW12093	348.250 	 91.035 	 245.604
FHW12093	348.375 	 91.035 	 245.610
FHW12093	348.500 	 91.035 	 245.604
FHW12093	348.625 	 91.035 	 245.606
FHW12093	348.750 	 91.035 	 245.604
FHW12093	348.875 	 91.035 	 245.604
FHW12093	349.000 	 91.035 	 245.606
FHW12093	349.125 	 91.035 	 245.604
FHW12093	349.250 	 91.035 	 245.604
FHW12093	349.375 	 91.035 	 245.606
FHW12093	349.500 	 91.035 	 245.607
FHW12093	349.625 	 91.035 	 245.606
FHW12093	349.750 	 91.028 	 245.604
FHW12093	349.875 	 91.035 	 245.604
FHW12093	350.000 	 91.035 	 245.606
FHW12093	350.125 	 91.035 	 245.604
FHW12093	350.250 	 91.035 	 245.606
FHW12093	350.375 	 91.035 	 245.604
FHW12093	350.500 	 91.035 	 245.604
FHW12093	350.625 	 91.035 	 245.610
FHW12093	350.750 	 91.035 	 245.604
FHW12093	350.875 	 91.035 	 245.606
FHW12093	351.000 	 91.035 	 245.604
FHW12093	351.125 	 91.035 	 245.604
FHW12093	351.250 	 91.035 	 245.606
FHW12093	351.375 	 91.035 	 245.604
FHW12093	351.500 	 91.035 	 245.606
FHW12093	351.625 	 91.035 	 245.604
FHW12093	351.750 	 91.035 	 245.607
FHW12093	351.875 	 91.035 	 245.606
FHW12093	352.000 	 91.035 	 245.604
FHW12093	352.125 	 91.035 	 245.604
FHW12093	352.250 	 91.035 	 245.606
FHW12093	352.375 	 91.035 	 245.604
FHW12093	352.500 	 91.035 	 245.606
FHW12093	352.625 	 91.035 	 245.604
FHW12093	352.750 	 91.035 	 245.604
FHW12093	352.875 	 91.035 	 245.610
FHW12093	353.000 	 91.035 	 245.604
FHW12093	353.125 	 91.035 	 245.606
FHW12093	353.250 	 91.035 	 245.604
FHW12093	353.375 	 91.035 	 245.604
FHW12093	353.500 	 91.035 	 245.606
FHW12093	353.625 	 91.035 	 245.604
FHW12093	353.750 	 91.035 	 245.606
FHW12093	353.875 	 91.035 	 245.604
FHW12093	354.000 	 91.035 	 245.607
FHW12093	354.125 	 91.035 	 245.606
FHW12093	354.250 	 91.035 	 245.604
FHW12093	354.375 	 91.035 	 245.604
FHW12093	354.500 	 91.035 	 245.606
FHW12093	354.625 	 91.035 	 245.604
FHW12093	354.750 	 91.035 	 245.606
FHW12093	354.875 	 91.035 	 245.604
FHW12093	355.000 	 91.035 	 245.604
FHW12093	355.125 	 91.035 	 245.606
FHW12093	355.250 	 91.035 	 245.607
FHW12093	355.375 	 91.035 	 245.606
FHW12093	355.500 	 91.035 	 245.604
FHW12093	355.625 	 91.035 	 245.604
FHW12093	355.750 	 91.035 	 245.606
FHW12093	355.875 	 91.028 	 245.604
FHW12093	356.000 	 91.035 	 245.606
FHW12093	356.125 	 91.035 	 245.604
FHW12093	356.250 	 91.035 	 245.604
FHW12093	356.375 	 91.035 	 245.610
FHW12093	356.500 	 91.035 	 245.604
FHW12093	356.625 	 91.035 	 245.606
FHW12093	356.750 	 91.035 	 245.604
FHW12093	356.875 	 91.035 	 245.604
FHW12093	357.000 	 91.035 	 245.606
FHW12093	357.125 	 91.035 	 245.604
FHW12093	357.250 	 91.035 	 245.604
FHW12093	357.375 	 91.035 	 245.606
FHW12093	357.500 	 91.035 	 245.607
FHW12093	357.625 	 91.035 	 245.606
FHW12093	357.750 	 91.035 	 245.604
FHW12093	357.875 	 91.035 	 245.604
FHW12093	358.000 	 91.035 	 245.606
FHW12093	358.125 	 91.035 	 245.604
FHW12093	358.250 	 91.035 	 245.606
FHW12093	358.375 	 91.035 	 245.604
FHW12093	358.500 	 91.035 	 245.604
FHW12093	358.625 	 91.035 	 245.610
FHW12093	358.750 	 91.035 	 245.604
FHW12093	358.875 	 91.035 	 245.606
FHW12093	359.000 	 91.035 	 245.604
FHW12093	359.125 	 91.035 	 245.604
FHW12093	359.250 	 91.035 	 245.606
FHW12093	359.375 	 91.035 	 245.604
FHW12093	359.500 	 91.035 	 245.606
FHW12093	359.625 	 91.035 	 245.604
FHW12093	359.750 	 91.035 	 245.607
FHW12093	359.875 	 91.035 	 245.606
FHW12093	360.000 	 91.035 	 245.604
FHW12093	360.125 	 91.035 	 245.604
FHW12093	360.250 	 91.035 	 245.606
FHW12093	360.375 	 91.035 	 245.604
FHW12093	360.500 	 91.035 	 245.606
FHW12093	360.625 	 91.035 	 245.604
FHW12093	360.750 	 91.035 	 245.604
FHW12093	360.875 	 91.035 	 245.610
FHW12093	361.000 	 91.035 	 245.604
FHW12093	361.125 	 91.035 	 245.606
FHW12093	361.250 	 91.035 	 245.604
FHW12093	361.375 	 91.035 	 245.604
FHW12093	361.500 	 91.035 	 245.606
FHW12093	361.625 	 91.035 	 245.604
FHW12093	361.750 	 91.035 	 245.606
FHW12093	361.875 	 91.028 	 245.604
FHW12093	362.000 	 91.035 	 245.607
FHW12093	362.125 	 91.035 	 245.606
FHW12093	362.250 	 91.035 	 245.604
FHW12093	362.375 	 91.035 	 245.604
FHW12093	362.500 	 90.972 	 245.052
FHW12093	362.625 	 90.958 	 244.906
FHW12093	362.750 	 90.951 	 244.912
FHW12093	362.875 	 90.958 	 244.909
FHW12093	363.000 	 90.951 	 244.912
FHW12093	363.125 	 90.958 	 244.912
FHW12093	363.250 	 90.951 	 244.909
FHW12093	363.375 	 90.958 	 244.912
FHW12093	363.500 	 90.951 	 244.906
FHW12093	363.625 	 90.958 	 244.912
FHW12093	363.750 	 90.958 	 244.912
FHW12093	363.875 	 90.951 	 244.909
FHW12093	364.000 	 90.958 	 244.912
FHW12093	364.125 	 90.951 	 244.912
FHW12093	364.250 	 90.958 	 244.906
FHW12093	364.375 	 90.951 	 244.912
FHW12093	364.500 	 90.958 	 244.909
FHW12093	364.625 	 90.951 	 244.912
FHW12093	364.750 	 90.958 	 244.912
FHW12093	364.875 	 90.951 	 244.909
FHW12093	365.000 	 90.958 	 244.912
FHW12093	365.125 	 90.951 	 244.906
FHW12093	365.250 	 90.958 	 244.912
FHW12093	365.375 	 90.951 	 244.912
FHW12093	365.500 	 90.958 	 244.909
FHW12093	365.625 	 90.958 	 244.912
FHW12093	365.750 	 90.951 	 244.912
FHW12093	365.875 	 90.958 	 244.906
FHW12093	366.000 	 90.951 	 244.912
FHW12093	366.125 	 90.958 	 244.909
FHW12093	366.250 	 90.951 	 244.912
FHW12093	366.375 	 90.958 	 244.912
FHW12093	366.500 	 90.951 	 244.909
FHW12093	366.625 	 90.958 	 244.909
FHW12093	366.750 	 90.951 	 244.909
FHW12093	366.875 	 90.958 	 244.912
FHW12093	367.000 	 90.951 	 244.912
FHW12093	367.125 	 90.958 	 244.909
FHW12093	367.250 	 90.951 	 244.912
FHW12093	367.375 	 90.958 	 244.912
FHW12093	367.500 	 90.958 	 244.906
FHW12093	367.625 	 90.951 	 244.912
FHW12093	367.750 	 90.958 	 244.909
FHW12093	367.875 	 90.951 	 244.912
FHW12093	368.000 	 90.958 	 244.912
FHW12093	368.125 	 90.951 	 244.909
FHW12093	368.250 	 90.958 	 244.909
FHW12093	368.375 	 90.951 	 244.912
FHW12093	368.500 	 90.958 	 244.909
FHW12093	368.625 	 90.951 	 244.912
FHW12093	368.750 	 90.958 	 244.909
FHW12093	368.875 	 90.951 	 244.912
FHW12093	369.000 	 90.958 	 244.912
FHW12093	369.125 	 90.951 	 244.906
FHW12093	369.250 	 90.958 	 244.912
FHW12093	369.375 	 90.958 	 244.909
FHW12093	369.500 	 90.951 	 244.912
FHW12093	369.625 	 90.958 	 244.912
FHW12093	369.750 	 90.951 	 244.909
FHW12093	369.875 	 90.958 	 244.909
FHW12093	370.000 	 90.951 	 244.912
FHW12093	370.125 	 90.958 	 244.909
FHW12093	370.250 	 90.951 	 244.912
FHW12093	370.375 	 90.958 	 244.909
FHW12093	370.500 	 90.951 	 244.912
FHW12093	370.625 	 90.958 	 244.909
FHW12093	370.750 	 90.951 	 244.909
FHW12093	370.875 	 90.958 	 244.912
FHW12093	371.000 	 90.951 	 244.909
FHW12093	371.125 	 90.958 	 244.912
FHW12093	371.250 	 90.958 	 244.912
FHW12093	371.375 	 90.951 	 244.909
FHW12093	371.500 	 90.958 	 244.909
FHW12093	371.625 	 90.951 	 244.912
FHW12093	371.750 	 90.958 	 244.909
FHW12093	371.875 	 90.951 	 244.912
FHW12093	372.000 	 90.958 	 244.909
FHW12093	372.125 	 90.951 	 244.912
FHW12093	372.250 	 90.958 	 244.909
FHW12093	372.375 	 90.951 	 244.909
FHW12093	372.500 	 90.958 	 244.912
FHW12093	372.625 	 90.951 	 244.909
FHW12093	372.750 	 90.958 	 244.912
FHW12093	372.875 	 90.951 	 244.912
FHW12093	373.000 	 90.958 	 244.909
FHW12093	373.125 	 90.958 	 244.909
FHW12093	373.250 	 90.951 	 244.912
FHW12093	373.375 	 90.958 	 244.909
FHW12093	373.500 	 90.951 	 244.912
FHW12093	373.625 	 90.958 	 244.909
FHW12093	373.750 	 90.951 	 244.912
FHW12093	373.875 	 90.958 	 244.909
FHW12093	374.000 	 90.951 	 244.909
FHW12093	374.125 	 90.958 	 244.912
FHW12093	374.250 	 90.951 	 244.909
FHW12093	374.375 	 90.958 	 244.912
FHW12093	374.500 	 90.951 	 244.912
FHW12093	374.625 	 90.958 	 244.906
FHW12093	374.750 	 90.951 	 244.912
FHW12093	374.875 	 90.958 	 244.912
FHW12093	375.000 	 90.951 	 244.909
FHW12093	375.125 	 90.958 	 244.912
FHW12093	375.250 	 90.958 	 244.909
FHW12093	375.375 	 90.951 	 244.912
FHW12093	375.500 	 90.958 	 244.909
FHW12093	375.625 	 90.951 	 244.909
FHW12093	375.750 	 90.958 	 244.912
FHW12093	375.875 	 90.951 	 244.909
FHW12093	376.000 	 90.958 	 244.912
FHW12093	376.125 	 90.951 	 244.912
FHW12093	376.250 	 90.958 	 244.906
FHW12093	376.375 	 90.951 	 244.912
FHW12093	376.500 	 90.958 	 244.912
FHW12093	376.625 	 90.951 	 244.909
FHW12093	376.750 	 90.958 	 244.912
FHW12093	376.875 	 90.951 	 244.909
FHW12093	377.000 	 90.958 	 244.912
FHW12093	377.125 	 90.958 	 244.909
FHW12093	377.250 	 90.951 	 244.909
FHW12093	377.375 	 90.958 	 244.912
FHW12093	377.500 	 90.951 	 244.909
FHW12093	377.625 	 90.958 	 244.912
FHW12093	377.750 	 90.951 	 244.912
FHW12093	377.875 	 90.958 	 244.906
FHW12093	378.000 	 90.951 	 244.912
FHW12093	378.125 	 90.958 	 244.912
FHW12093	378.250 	 90.951 	 244.909
FHW12093	378.375 	 90.958 	 244.912
FHW12093	378.500 	 90.951 	 244.909
FHW12093	378.625 	 90.958 	 244.912
FHW12093	378.750 	 90.951 	 244.909
FHW12093	378.875 	 90.958 	 244.909
FHW12093	379.000 	 90.958 	 244.912
FHW12093	379.125 	 90.951 	 244.909
FHW12093	379.250 	 90.958 	 244.912
FHW12093	379.375 	 90.951 	 244.912
FHW12093	379.500 	 90.958 	 244.906
FHW12093	379.625 	 90.951 	 244.912
FHW12093	379.750 	 90.958 	 244.912
FHW12093	379.875 	 90.951 	 244.909
FHW12093	380.000 	 90.958 	 244.912
FHW12093	380.125 	 90.951 	 244.909
FHW12093	380.250 	 90.958 	 244.909
FHW12093	380.375 	 90.951 	 244.912
FHW12093	380.500 	 90.958 	 244.909
FHW12093	380.625 	 90.958 	 244.880
FHW12093	380.750 	 91.021 	 244.176
FHW12093	380.875 	 91.028 	 244.176
FHW12093	381.000 	 91.028 	 244.173
FHW12093	381.125 	 91.021 	 244.176
FHW12093	381.250 	 91.028 	 244.176
FHW12093	381.375 	 91.021 	 244.173
FHW12093	381.500 	 91.028 	 244.173
FHW12093	381.625 	 91.021 	 244.176
FHW12093	381.750 	 91.028 	 244.173
FHW12093	381.875 	 91.021 	 244.176
FHW12093	382.000 	 91.028 	 244.176
FHW12093	382.125 	 91.021 	 244.173
FHW12093	382.250 	 91.028 	 244.176
FHW12093	382.375 	 91.028 	 244.176
FHW12093	382.500 	 91.021 	 244.173
FHW12093	382.625 	 91.028 	 244.173
FHW12093	382.750 	 91.021 	 244.176
FHW12093	382.875 	 91.028 	 244.173
FHW12093	383.000 	 91.021 	 244.176
FHW12093	383.125 	 91.028 	 244.176
FHW12093	383.250 	 91.021 	 244.173
FHW12093	383.375 	 91.028 	 244.176
FHW12093	383.500 	 91.021 	 244.176
FHW12093	383.625 	 91.028 	 244.173
FHW12093	383.750 	 91.028 	 244.173
FHW12093	383.875 	 91.021 	 244.176
FHW12093	384.000 	 91.028 	 244.173
FHW12093	384.125 	 91.021 	 244.176
FHW12093	384.250 	 91.028 	 244.176
FHW12093	384.375 	 91.021 	 244.173
FHW12093	384.500 	 91.028 	 244.176
FHW12093	384.625 	 91.021 	 244.176
FHW12093	384.750 	 91.028 	 244.173
FHW12093	384.875 	 91.021 	 244.173
FHW12093	385.000 	 91.028 	 244.176
FHW12093	385.125 	 91.028 	 244.176
FHW12093	385.250 	 91.021 	 244.173
FHW12093	385.375 	 91.028 	 244.176
FHW12093	385.500 	 91.021 	 244.176
FHW12093	385.625 	 91.028 	 244.173
FHW12093	385.750 	 91.021 	 244.176
FHW12093	385.875 	 91.028 	 244.173
FHW12093	386.000 	 91.021 	 244.173
FHW12093	386.125 	 91.028 	 244.176
FHW12093	386.250 	 91.021 	 244.176
FHW12093	386.375 	 91.028 	 244.173
FHW12093	386.500 	 91.028 	 244.176
FHW12093	386.625 	 91.021 	 244.176
FHW12093	386.750 	 91.028 	 244.173
FHW12093	386.875 	 91.021 	 244.176
FHW12093	387.000 	 91.028 	 244.173
FHW12093	387.125 	 91.021 	 244.173
FHW12093	387.250 	 91.028 	 244.176
FHW12093	387.375 	 91.021 	 244.176
FHW12093	387.500 	 91.028 	 244.173
FHW12093	387.625 	 91.021 	 244.176
FHW12093	387.750 	 91.028 	 244.176
FHW12093	387.875 	 91.028 	 244.173
FHW12093	388.000 	 91.021 	 244.176
FHW12093	388.125 	 91.028 	 244.173
FHW12093	388.250 	 91.021 	 244.173
FHW12093	388.375 	 91.028 	 244.176
FHW12093	388.500 	 91.021 	 244.176
FHW12093	388.625 	 91.028 	 244.173
FHW12093	388.750 	 91.021 	 244.176
FHW12093	388.875 	 91.028 	 244.176
FHW12093	389.000 	 91.028 	 244.176
FHW12093	389.125 	 91.021 	 244.170
FHW12093	389.250 	 91.028 	 244.176
FHW12093	389.375 	 91.021 	 244.176
FHW12093	389.500 	 91.028 	 244.173
FHW12093	389.625 	 91.021 	 244.176
FHW12093	389.750 	 91.028 	 244.176
FHW12093	389.875 	 91.021 	 244.173
FHW12093	390.000 	 91.028 	 244.176
FHW12093	390.125 	 91.021 	 244.176
FHW12093	390.250 	 91.028 	 244.170
FHW12093	390.375 	 91.028 	 244.176
FHW12093	390.500 	 91.021 	 244.176
FHW12093	390.625 	 91.028 	 244.173
FHW12093	390.750 	 91.021 	 244.176
FHW12093	390.875 	 91.028 	 244.176
FHW12093	391.000 	 91.021 	 244.173
FHW12093	391.125 	 91.028 	 244.176
FHW12093	391.250 	 91.021 	 244.176
FHW12093	391.375 	 91.028 	 244.170
FHW12093	391.500 	 91.021 	 244.176
FHW12093	391.625 	 91.028 	 244.176
FHW12093	391.750 	 91.028 	 244.173
FHW12093	391.875 	 91.021 	 244.176
FHW12093	392.000 	 91.028 	 244.176
FHW12093	392.125 	 91.021 	 244.173
FHW12093	392.250 	 91.028 	 244.176
FHW12093	392.375 	 91.021 	 244.176
FHW12093	392.500 	 91.028 	 244.170
FHW12093	392.625 	 91.021 	 244.176
FHW12093	392.750 	 91.028 	 244.176
FHW12093	392.875 	 91.021 	 244.173
FHW12093	393.000 	 91.028 	 244.176
FHW12093	393.125 	 91.028 	 244.176
FHW12093	393.250 	 91.021 	 244.176
FHW12093	393.375 	 91.028 	 244.173
FHW12093	393.500 	 91.021 	 244.173
FHW12093	393.625 	 91.028 	 244.176
FHW12093	393.750 	 91.021 	 244.173
FHW12093	393.875 	 91.028 	 244.176
FHW12093	394.000 	 91.021 	 244.176
FHW12093	394.125 	 91.028 	 244.173
FHW12093	394.250 	 91.021 	 244.176
FHW12093	394.375 	 91.028 	 244.176
FHW12093	394.500 	 91.028 	 244.173
FHW12093	394.625 	 91.021 	 244.173
FHW12093	394.750 	 91.028 	 244.176
FHW12093	394.875 	 91.021 	 244.173
FHW12093	395.000 	 91.028 	 244.176
FHW12093	395.125 	 91.021 	 244.176
FHW12093	395.250 	 91.028 	 244.173
FHW12093	395.375 	 91.021 	 244.176
FHW12093	395.500 	 91.028 	 244.176
FHW12093	395.625 	 91.021 	 244.173
FHW12093	395.750 	 91.028 	 244.173
FHW12093	395.875 	 91.028 	 244.176
FHW12093	396.000 	 91.021 	 244.173
FHW12093	396.125 	 91.028 	 244.176
FHW12093	396.250 	 91.021 	 244.176
FHW12093	396.375 	 91.028 	 244.173
FHW12093	396.500 	 91.021 	 244.176
FHW12093	396.625 	 91.028 	 244.176
FHW12093	396.750 	 91.021 	 244.173
FHW12093	396.875 	 91.028 	 244.173
FHW12093	397.000 	 91.028 	 244.176
FHW12093	397.125 	 91.021 	 244.173
FHW12093	397.250 	 91.028 	 244.176
FHW12093	397.375 	 91.021 	 244.176
FHW12093	397.500 	 91.028 	 244.173
FHW12093	397.625 	 91.021 	 244.176
FHW12093	397.750 	 91.028 	 244.176
FHW12093	397.875 	 91.021 	 244.173
FHW12093	398.000 	 91.028 	 244.173
FHW12093	398.125 	 91.021 	 244.176
FHW12093	398.250 	 91.028 	 244.176
FHW12093	398.375 	 91.028 	 244.173
FHW12093	398.500 	 91.021 	 244.176
FHW12093	398.625 	 91.028 	 244.176
FHW12093	398.750 	 91.021 	 244.173
FHW12093	398.875 	 91.028 	 244.176
FHW12093	399.000 	 91.021 	 244.173
FHW12093	399.125 	 91.007 	 244.201
FHW12093	399.250 	 90.993 	 244.208
FHW12093	399.375 	 91.000 	 244.201
FHW12093	399.500 	 91.000 	 244.208
FHW12093	399.625 	 91.000 	 244.205
FHW12093	399.750 	 91.000 	 244.204
FHW12093	399.875 	 91.000 	 244.208
FHW12093	400.000 	 91.000 	 244.201
FHW12093	400.125 	 91.000 	 244.208
FHW12093	400.250 	 91.000 	 244.201
FHW12093	400.375 	 91.000 	 244.208
FHW12093	400.500 	 91.000 	 244.204
FHW12093	400.625 	 91.000 	 244.205
FHW12093	400.750 	 91.000 	 244.208
FHW12093	400.875 	 91.000 	 244.201
FHW12093	401.000 	 91.000 	 244.208
FHW12093	401.125 	 91.000 	 244.201
FHW12093	401.250 	 91.000 	 244.208
FHW12093	401.375 	 91.000 	 244.204
FHW12093	401.500 	 91.000 	 244.205
FHW12093	401.625 	 91.000 	 244.204
FHW12093	401.750 	 91.000 	 244.205
FHW12093	401.875 	 91.000 	 244.208
FHW12093	402.000 	 91.000 	 244.204
FHW12093	402.125 	 91.000 	 244.205
FHW12093	402.250 	 91.000 	 244.204
FHW12093	402.375 	 91.000 	 244.205
FHW12093	402.500 	 91.000 	 244.204
FHW12093	402.625 	 91.000 	 244.208
FHW12093	402.750 	 91.000 	 244.201
FHW12093	402.875 	 91.000 	 244.208
FHW12093	403.000 	 91.000 	 244.205
FHW12093	403.125 	 91.000 	 244.204
FHW12093	403.250 	 91.000 	 244.205
FHW12093	403.375 	 91.000 	 244.204
FHW12093	403.500 	 91.000 	 244.208
FHW12093	403.625 	 91.000 	 244.201
FHW12093	403.750 	 91.000 	 244.208
FHW12093	403.875 	 90.993 	 244.201
FHW12093	404.000 	 91.000 	 244.208
FHW12093	404.125 	 91.000 	 244.208
FHW12093	404.250 	 91.000 	 244.201
FHW12093	404.375 	 91.000 	 244.208
FHW12093	404.500 	 91.000 	 244.201
FHW12093	404.625 	 91.000 	 244.208
FHW12093	404.750 	 91.000 	 244.204
FHW12093	404.875 	 91.000 	 244.205
FHW12093	405.000 	 91.000 	 244.204
FHW12093	405.125 	 91.000 	 244.205
FHW12093	405.250 	 91.000 	 244.208
FHW12093	405.375 	 91.000 	 244.201
FHW12093	405.500 	 91.000 	 244.208
FHW12093	405.625 	 91.000 	 244.204
FHW12093	405.750 	 91.000 	 244.205
FHW12093	405.875 	 91.000 	 244.204
FHW12093	406.000 	 91.000 	 244.205
FHW12093	406.125 	 91.000 	 244.204
FHW12093	406.250 	 91.000 	 244.208
FHW12093	406.375 	 91.000 	 244.205
FHW12093	406.500 	 91.000 	 244.204
FHW12093	406.625 	 91.000 	 244.205
FHW12093	406.750 	 91.000 	 244.204
FHW12093	406.875 	 91.000 	 244.208
FHW12093	407.000 	 91.000 	 244.201
FHW12093	407.125 	 91.000 	 244.208
FHW12093	407.250 	 91.000 	 244.201
FHW12093	407.375 	 91.000 	 244.208
FHW12093	407.500 	 91.000 	 244.208
FHW12093	407.625 	 91.000 	 244.201
FHW12093	407.750 	 91.000 	 244.208
FHW12093	407.875 	 91.000 	 244.201
FHW12093	408.000 	 91.000 	 244.208
FHW12093	408.125 	 91.000 	 244.201
FHW12093	408.250 	 91.000 	 244.208
FHW12093	408.375 	 90.993 	 244.204
FHW12093	408.500 	 91.000 	 244.205
FHW12093	408.625 	 91.000 	 244.208
FHW12093	408.750 	 91.000 	 244.201
FHW12093	408.875 	 91.000 	 244.208
FHW12093	409.000 	 91.000 	 244.204
FHW12093	409.125 	 91.000 	 244.205
FHW12093	409.250 	 91.000 	 244.204
FHW12093	409.375 	 91.000 	 244.205
FHW12093	409.500 	 91.000 	 244.204
FHW12093	409.625 	 91.000 	 244.208
FHW12093	409.750 	 91.000 	 244.205
FHW12093	409.875 	 91.000 	 244.204
FHW12093	410.000 	 91.000 	 244.205
FHW12093	410.125 	 91.000 	 244.204
FHW12093	410.250 	 91.000 	 244.205
FHW12093	410.375 	 91.000 	 244.204
FHW12093	410.500 	 91.000 	 244.208
FHW12093	410.625 	 91.000 	 244.201
FHW12093	410.750 	 91.000 	 244.208
FHW12093	410.875 	 91.000 	 244.205
FHW12093	411.000 	 91.000 	 244.204
FHW12093	411.125 	 91.000 	 244.208
FHW12093	411.250 	 91.000 	 244.201
FHW12093	411.375 	 91.000 	 244.208
FHW12093	411.500 	 91.000 	 244.201
FHW12093	411.625 	 91.000 	 244.208
FHW12093	411.750 	 91.000 	 244.204
FHW12093	411.875 	 91.000 	 244.205
FHW12093	412.000 	 91.000 	 244.208
FHW12093	412.125 	 91.000 	 244.201
FHW12093	412.250 	 91.000 	 244.208
FHW12093	412.375 	 91.000 	 244.201
FHW12093	412.500 	 91.000 	 244.208
FHW12093	412.625 	 91.000 	 244.204
FHW12093	412.750 	 91.000 	 244.205
FHW12093	412.875 	 91.000 	 244.204
FHW12093	413.000 	 90.993 	 244.205
FHW12093	413.125 	 91.000 	 244.208
FHW12093	413.250 	 91.000 	 244.204
FHW12093	413.375 	 91.000 	 244.205
FHW12093	413.500 	 91.000 	 244.204
FHW12093	413.625 	 91.000 	 244.205
FHW12093	413.750 	 91.000 	 244.204
FHW12093	413.875 	 91.000 	 244.208
FHW12093	414.000 	 91.000 	 244.201
FHW12093	414.125 	 91.000 	 244.208
FHW12093	414.250 	 91.000 	 244.205
FHW12093	414.375 	 91.000 	 244.204
FHW12093	414.500 	 91.000 	 244.205
FHW12093	414.625 	 91.000 	 244.204
FHW12093	414.750 	 91.000 	 244.208
FHW12093	414.875 	 91.000 	 244.201
FHW12093	415.000 	 91.000 	 244.208
FHW12093	415.125 	 91.000 	 244.201
FHW12093	415.250 	 91.000 	 244.208
FHW12093	415.375 	 91.000 	 244.208
FHW12093	415.500 	 91.000 	 244.201
FHW12093	415.625 	 91.000 	 244.208
FHW12093	415.750 	 91.000 	 244.201
FHW12093	415.875 	 91.000 	 244.208
FHW12093	416.000 	 91.000 	 244.204
FHW12093	416.125 	 91.000 	 244.205
FHW12093	416.250 	 91.000 	 244.204
FHW12093	416.375 	 91.000 	 244.205
FHW12093	416.500 	 91.000 	 244.208
FHW12093	416.625 	 91.000 	 244.204
FHW12093	416.750 	 91.000 	 244.205
FHW12093	416.875 	 91.000 	 244.204
FHW12093	417.000 	 91.000 	 244.205
FHW12093	417.125 	 91.000 	 244.204
FHW12093	417.250 	 91.000 	 244.205
FHW12093	417.375 	 90.986 	 244.517
FHW12093	417.500 	 90.979 	 244.546
FHW12093	417.625 	 90.986 	 244.546
FHW12093	417.750 	 90.986 	 244.546
FHW12093	417.875 	 90.986 	 244.546
FHW12093	418.000 	 90.986 	 244.546
FHW12093	418.125 	 90.979 	 244.543
FHW12093	418.250 	 90.986 	 244.546
FHW12093	418.375 	 90.986 	 244.546
FHW12093	418.500 	 90.986 	 244.546
FHW12093	418.625 	 90.986 	 244.546
FHW12093	418.750 	 90.986 	 244.543
FHW12093	418.875 	 90.979 	 244.546
FHW12093	419.000 	 90.986 	 244.546
FHW12093	419.125 	 90.986 	 244.546
FHW12093	419.250 	 90.986 	 244.546
FHW12093	419.375 	 90.986 	 244.546
FHW12093	419.500 	 90.986 	 244.543
FHW12093	419.625 	 90.979 	 244.546
FHW12093	419.750 	 90.986 	 244.546
FHW12093	419.875 	 90.986 	 244.546
FHW12093	420.000 	 90.986 	 244.546
FHW12093	420.125 	 90.986 	 244.543
FHW12093	420.250 	 90.979 	 244.546
FHW12093	420.375 	 90.986 	 244.546
FHW12093	420.500 	 90.986 	 244.546
FHW12093	420.625 	 90.986 	 244.546
FHW12093	420.750 	 90.986 	 244.546
FHW12093	420.875 	 90.986 	 244.543
FHW12093	421.000 	 90.979 	 244.546
FHW12093	421.125 	 90.986 	 244.546
FHW12093	421.250 	 90.986 	 244.546
FHW12093	421.375 	 90.986 	 244.546
FHW12093	421.500 	 90.986 	 244.543
FHW12093	421.625 	 90.986 	 244.546
FHW12093	421.750 	 90.979 	 244.546
FHW12093	421.875 	 90.986 	 244.546
FHW12093	422.000 	 90.986 	 244.546
FHW12093	422.125 	 90.986 	 244.546
FHW12093	422.250 	 90.986 	 244.543
FHW12093	422.375 	 90.979 	 244.546
FHW12093	422.500 	 90.986 	 244.549
FHW12093	422.625 	 90.986 	 244.543
FHW12093	422.750 	 90.986 	 244.546
FHW12093	422.875 	 90.986 	 244.546
FHW12093	423.000 	 90.986 	 244.543
FHW12093	423.125 	 90.979 	 244.546
FHW12093	423.250 	 90.986 	 244.546
FHW12093	423.375 	 90.986 	 244.546
FHW12093	423.500 	 90.986 	 244.546
FHW12093	423.625 	 90.986 	 244.543
FHW12093	423.750 	 90.986 	 244.546
FHW12093	423.875 	 90.979 	 244.549
FHW12093	424.000 	 90.986 	 244.543
FHW12093	424.125 	 90.986 	 244.546
FHW12093	424.250 	 90.986 	 244.546
FHW12093	424.375 	 90.986 	 244.543
FHW12093	424.500 	 90.979 	 244.546
FHW12093	424.625 	 90.986 	 244.546
FHW12093	424.750 	 90.986 	 244.546
FHW12093	424.875 	 90.986 	 244.546
FHW12093	425.000 	 90.986 	 244.543
FHW12093	425.125 	 90.986 	 244.546
FHW12093	425.250 	 90.979 	 244.549
FHW12093	425.375 	 90.986 	 244.543
FHW12093	425.500 	 90.986 	 244.546
FHW12093	425.625 	 90.986 	 244.546
FHW12093	425.750 	 90.986 	 244.543
FHW12093	425.875 	 90.979 	 244.546
FHW12093	426.000 	 90.986 	 244.549
FHW12093	426.125 	 90.986 	 244.543
FHW12093	426.250 	 90.986 	 244.546
FHW12093	426.375 	 90.986 	 244.543
FHW12093	426.500 	 90.986 	 244.546
FHW12093	426.625 	 90.979 	 244.549
FHW12093	426.750 	 90.986 	 244.543
FHW12093	426.875 	 90.986 	 244.546
FHW12093	427.000 	 90.986 	 244.546
FHW12093	427.125 	 90.986 	 244.543
FHW12093	427.250 	 90.986 	 244.546
FHW12093	427.375 	 90.979 	 244.549
FHW12093	427.500 	 90.986 	 244.543
FHW12093	427.625 	 90.986 	 244.546
FHW12093	427.750 	 90.986 	 244.543
FHW12093	427.875 	 90.986 	 244.546
FHW12093	428.000 	 90.979 	 244.549
FHW12093	428.125 	 90.986 	 244.543
FHW12093	428.250 	 90.986 	 244.546
FHW12093	428.375 	 90.986 	 244.546
FHW12093	428.500 	 90.986 	 244.543
FHW12093	428.625 	 90.986 	 244.546
FHW12093	428.750 	 90.979 	 244.549
FHW12093	428.875 	 90.986 	 244.543
FHW12093	429.000 	 90.986 	 244.546
FHW12093	429.125 	 90.986 	 244.543
FHW12093	429.250 	 90.986 	 244.546
FHW12093	429.375 	 90.986 	 244.549
FHW12093	429.500 	 90.979 	 244.543
FHW12093	429.625 	 90.986 	 244.546
FHW12093	429.750 	 90.986 	 244.546
FHW12093	429.875 	 90.986 	 244.543
FHW12093	430.000 	 90.986 	 244.546
FHW12093	430.125 	 90.979 	 244.549
FHW12093	430.250 	 90.986 	 244.543
FHW12093	430.375 	 90.986 	 244.546
FHW12093	430.500 	 90.986 	 244.546
FHW12093	430.625 	 90.986 	 244.543
FHW12093	430.750 	 90.986 	 244.549
FHW12093	430.875 	 90.979 	 244.543
FHW12093	431.000 	 90.986 	 244.546
FHW12093	431.125 	 90.986 	 244.546
FHW12093	431.250 	 90.986 	 244.543
FHW12093	431.375 	 90.986 	 244.549
FHW12093	431.500 	 90.986 	 244.546
FHW12093	431.625 	 90.979 	 244.543
FHW12093	431.750 	 90.986 	 244.546
FHW12093	431.875 	 90.986 	 244.546
FHW12093	432.000 	 90.986 	 244.543
FHW12093	432.125 	 90.986 	 244.549
FHW12093	432.250 	 90.979 	 244.543
FHW12093	432.375 	 90.986 	 244.546
FHW12093	432.500 	 90.986 	 244.546
FHW12093	432.625 	 90.986 	 244.543
FHW12093	432.750 	 90.986 	 244.549
FHW12093	432.875 	 90.986 	 244.546
FHW12093	433.000 	 90.979 	 244.543
FHW12093	433.125 	 90.986 	 244.546
FHW12093	433.250 	 90.986 	 244.546
FHW12093	433.375 	 90.986 	 244.543
FHW12093	433.500 	 90.986 	 244.549
FHW12093	433.625 	 90.979 	 244.543
FHW12093	433.750 	 90.986 	 244.546
FHW12093	433.875 	 90.986 	 244.546
FHW12093	434.000 	 90.986 	 244.543
FHW12093	434.125 	 90.986 	 244.549
FHW12093	434.250 	 90.986 	 244.546
FHW12093	434.375 	 90.979 	 244.543
FHW12093	434.500 	 90.986 	 244.546
FHW12093	434.625 	 90.986 	 244.546
FHW12093	434.750 	 90.986 	 244.543
FHW12093	434.875 	 90.986 	 244.549
FHW12093	435.000 	 90.986 	 244.546
FHW12093	435.125 	 90.979 	 244.543
FHW12093	435.250 	 90.986 	 244.546
FHW12093	435.375 	 90.986 	 244.543
FHW12093	435.500 	 90.986 	 244.549
FHW12093	435.625 	 90.986 	 244.546
FHW12093	435.750 	 90.979 	 244.543
FHW12093	435.875 	 90.965 	 244.924
FHW12093	436.000 	 90.965 	 244.993
FHW12093	436.125 	 90.958 	 244.996
FHW12093	436.250 	 90.958 	 244.993
FHW12093	436.375 	 90.958 	 244.996
FHW12093	436.500 	 90.965 	 244.996
FHW12093	436.625 	 90.958 	 244.996
FHW12093	436.750 	 90.958 	 244.993
FHW12093	436.875 	 90.958 	 244.996
FHW12093	437.000 	 90.965 	 244.996
FHW12093	437.125 	 90.958 	 244.993
FHW12093	437.250 	 90.958 	 244.996
FHW12093	437.375 	 90.958 	 244.993
FHW12093	437.500 	 90.965 	 244.996
FHW12093	437.625 	 90.958 	 244.993
FHW12093	437.750 	 90.958 	 244.999
FHW12093	437.875 	 90.958 	 244.993
FHW12093	438.000 	 90.965 	 244.996
FHW12093	438.125 	 90.958 	 244.993
FHW12093	438.250 	 90.958 	 244.996
FHW12093	438.375 	 90.958 	 244.993
FHW12093	438.500 	 90.965 	 244.996
FHW12093	438.625 	 90.958 	 244.993
FHW12093	438.750 	 90.958 	 244.996
FHW12093	438.875 	 90.958 	 244.993
FHW12093	439.000 	 90.965 	 244.999
FHW12093	439.125 	 90.958 	 244.993
FHW12093	439.250 	 90.958 	 244.996
FHW12093	439.375 	 90.958 	 244.993
FHW12093	439.500 	 90.965 	 244.996
FHW12093	439.625 	 90.958 	 244.993
FHW12093	439.750 	 90.958 	 244.996
FHW12093	439.875 	 90.965 	 244.993
FHW12093	440.000 	 90.958 	 244.996
FHW12093	440.125 	 90.958 	 244.999
FHW12093	440.250 	 90.958 	 244.993
FHW12093	440.375 	 90.965 	 244.996
FHW12093	440.500 	 90.958 	 244.993
FHW12093	440.625 	 90.958 	 244.996
FHW12093	440.750 	 90.958 	 244.993
FHW12093	440.875 	 90.965 	 244.996
FHW12093	441.000 	 90.958 	 244.993
FHW12093	441.125 	 90.958 	 244.996
FHW12093	441.250 	 90.958 	 244.993
FHW12093	441.375 	 90.965 	 244.999
FHW12093	441.500 	 90.958 	 244.993
FHW12093	441.625 	 90.958 	 244.996
FHW12093	441.750 	 90.958 	 244.993
FHW12093	441.875 	 90.965 	 244.996
FHW12093	442.000 	 90.958 	 244.993
FHW12093	442.125 	 90.958 	 244.996
FHW12093	442.250 	 90.958 	 244.993
FHW12093	442.375 	 90.965 	 244.996
FHW12093	442.500 	 90.958 	 244.993
FHW12093	442.625 	 90.958 	 244.999
FHW12093	442.750 	 90.958 	 244.993
FHW12093	442.875 	 90.965 	 244.996
FHW12093	443.000 	 90.958 	 244.993
FHW12093	443.125 	 90.958 	 244.996
FHW12093	443.250 	 90.958 	 244.996
FHW12093	443.375 	 90.965 	 244.993
FHW12093	443.500 	 90.958 	 244.996
FHW12093	443.625 	 90.958 	 244.993
FHW12093	443.750 	 90.958 	 244.996
FHW12093	443.875 	 90.965 	 244.996
FHW12093	444.000 	 90.958 	 244.996
FHW12093	444.125 	 90.958 	 244.993
FHW12093	444.250 	 90.965 	 244.996
FHW12093	444.375 	 90.958 	 244.993
FHW12093	444.500 	 90.958 	 244.996
FHW12093	444.625 	 90.958 	 244.993
FHW12093	444.750 	 90.965 	 244.996
FHW12093	444.875 	 90.958 	 244.993
FHW12093	445.000 	 90.958 	 244.996
FHW12093	445.125 	 90.958 	 244.996
FHW12093	445.250 	 90.965 	 244.996
FHW12093	445.375 	 90.958 	 244.993
FHW12093	445.500 	 90.958 	 244.996
FHW12093	445.625 	 90.958 	 244.993
FHW12093	445.750 	 90.965 	 244.996
FHW12093	445.875 	 90.958 	 244.993
FHW12093	446.000 	 90.958 	 244.996
FHW12093	446.125 	 90.958 	 244.993
FHW12093	446.250 	 90.965 	 244.996
FHW12093	446.375 	 90.958 	 244.999
FHW12093	446.500 	 90.958 	 244.993
FHW12093	446.625 	 90.958 	 244.996
FHW12093	446.750 	 90.965 	 244.993
FHW12093	446.875 	 90.958 	 244.996
FHW12093	447.000 	 90.958 	 244.993
FHW12093	447.125 	 90.958 	 244.996
FHW12093	447.250 	 90.965 	 244.993
FHW12093	447.375 	 90.958 	 244.996
FHW12093	447.500 	 90.958 	 244.993
FHW12093	447.625 	 90.958 	 244.999
FHW12093	447.750 	 90.965 	 244.993
FHW12093	447.875 	 90.958 	 244.996
FHW12093	448.000 	 90.958 	 244.993
FHW12093	448.125 	 90.958 	 244.996
FHW12093	448.250 	 90.965 	 244.993
FHW12093	448.375 	 90.958 	 244.996
FHW12093	448.500 	 90.958 	 244.993
FHW12093	448.625 	 90.958 	 244.996
FHW12093	448.750 	 90.965 	 244.993
FHW12093	448.875 	 90.958 	 244.999
FHW12093	449.000 	 90.958 	 244.993
FHW12093	449.125 	 90.965 	 244.996
FHW12093	449.250 	 90.958 	 244.993
FHW12093	449.375 	 90.958 	 244.996
FHW12093	449.500 	 90.958 	 244.996
FHW12093	449.625 	 90.965 	 244.993
FHW12093	449.750 	 90.958 	 244.996
FHW12093	449.875 	 90.958 	 244.993
FHW12093	450.000 	 90.958 	 244.999
FHW12093	450.125 	 90.965 	 244.993
FHW12093	450.250 	 90.958 	 244.996
FHW12093	450.375 	 90.958 	 244.993
FHW12093	450.500 	 90.958 	 244.996
FHW12093	450.625 	 90.965 	 244.993
FHW12093	450.750 	 90.958 	 244.996
FHW12093	450.875 	 90.958 	 244.993
FHW12093	451.000 	 90.958 	 244.996
FHW12093	451.125 	 90.965 	 244.993
FHW12093	451.250 	 90.958 	 244.999
FHW12093	451.375 	 90.958 	 244.993
FHW12093	451.500 	 90.958 	 244.996
FHW12093	451.625 	 90.965 	 244.993
FHW12093	451.750 	 90.958 	 244.996
FHW12093	451.875 	 90.958 	 244.993
FHW12093	452.000 	 90.958 	 244.996
FHW12093	452.125 	 90.965 	 244.993
FHW12093	452.250 	 90.958 	 244.996
FHW12093	452.375 	 90.958 	 244.996
FHW12093	452.500 	 90.958 	 244.996
FHW12093	452.625 	 90.965 	 244.996
FHW12093	452.750 	 90.958 	 244.993
FHW12093	452.875 	 90.958 	 244.996
FHW12093	453.000 	 90.958 	 244.993
FHW12093	453.125 	 90.965 	 244.996
FHW12093	453.250 	 90.958 	 244.993
FHW12093	453.375 	 90.958 	 244.996
FHW12093	453.500 	 90.965 	 244.993
FHW12093	453.625 	 90.958 	 244.996
FHW12093	453.750 	 90.958 	 244.996
FHW12093	453.875 	 90.958 	 244.996
FHW12093	454.000 	 90.965 	 244.993
FHW12093	454.125 	 90.958 	 244.996
FHW12093	454.250 	 90.958 	 244.993
FHW12093	454.375 	 90.727 	 245.206
FHW12093	454.500 	 90.685 	 245.246
FHW12093	454.625 	 90.685 	 245.243
FHW12093	454.750 	 90.685 	 245.246
FHW12093	454.875 	 90.685 	 245.243
FHW12093	455.000 	 90.685 	 245.243
FHW12093	455.125 	 90.685 	 245.246
FHW12093	455.250 	 90.685 	 245.246
FHW12093	455.375 	 90.685 	 245.243
FHW12093	455.500 	 90.685 	 245.246
FHW12093	455.625 	 90.685 	 245.246
FHW12093	455.750 	 90.685 	 245.243
FHW12093	455.875 	 90.678 	 245.246
FHW12093	456.000 	 90.685 	 245.243
FHW12093	456.125 	 90.685 	 245.246
FHW12093	456.250 	 90.685 	 245.246
FHW12093	456.375 	 90.685 	 245.243
FHW12093	456.500 	 90.685 	 245.243
FHW12093	456.625 	 90.685 	 245.249
FHW12093	456.750 	 90.685 	 245.243
FHW12093	456.875 	 90.685 	 245.243
FHW12093	457.000 	 90.685 	 245.249
FHW12093	457.125 	 90.685 	 245.243
FHW12093	457.250 	 90.685 	 245.240
FHW12093	457.375 	 90.685 	 245.249
FHW12093	457.500 	 90.685 	 245.243
FHW12093	457.625 	 90.685 	 245.243
FHW12093	457.750 	 90.685 	 245.249
FHW12093	457.875 	 90.678 	 245.243
FHW12093	458.000 	 90.685 	 245.243
FHW12093	458.125 	 90.685 	 245.249
FHW12093	458.250 	 90.685 	 245.243
FHW12093	458.375 	 90.685 	 245.240
FHW12093	458.500 	 90.685 	 245.249
FHW12093	458.625 	 90.685 	 245.243
FHW12093	458.750 	 90.685 	 245.243
FHW12093	458.875 	 90.685 	 245.249
FHW12093	459.000 	 90.685 	 245.243
FHW12093	459.125 	 90.685 	 245.243
FHW12093	459.250 	 90.685 	 245.249
FHW12093	459.375 	 90.685 	 245.243
FHW12093	459.500 	 90.685 	 245.240
FHW12093	459.625 	 90.685 	 245.249
FHW12093	459.750 	 90.678 	 245.243
FHW12093	459.875 	 90.685 	 245.243
FHW12093	460.000 	 90.685 	 245.249
FHW12093	460.125 	 90.685 	 245.243
FHW12093	460.250 	 90.685 	 245.243
FHW12093	460.375 	 90.685 	 245.249
FHW12093	460.500 	 90.685 	 245.243
FHW12093	460.625 	 90.685 	 245.240
FHW12093	460.750 	 90.685 	 245.249
FHW12093	460.875 	 90.685 	 245.243
FHW12093	461.000 	 90.685 	 245.243
FHW12093	461.125 	 90.685 	 245.249
FHW12093	461.250 	 90.685 	 245.243
FHW12093	461.375 	 90.685 	 245.243
FHW12093	461.500 	 90.685 	 245.249
FHW12093	461.625 	 90.678 	 245.243
FHW12093	461.750 	 90.685 	 245.243
FHW12093	461.875 	 90.685 	 245.246
FHW12093	462.000 	 90.685 	 245.243
FHW12093	462.125 	 90.685 	 245.243
FHW12093	462.250 	 90.685 	 245.249
FHW12093	462.375 	 90.685 	 245.243
FHW12093	462.500 	 90.685 	 245.243
FHW12093	462.625 	 90.685 	 245.249
FHW12093	462.750 	 90.685 	 245.243
FHW12093	462.875 	 90.685 	 245.243
FHW12093	463.000 	 90.685 	 245.246
FHW12093	463.125 	 90.685 	 245.243
FHW12093	463.250 	 90.685 	 245.243
FHW12093	463.375 	 90.685 	 245.249
FHW12093	463.500 	 90.678 	 245.243
FHW12093	463.625 	 90.685 	 245.243
FHW12093	463.750 	 90.685 	 245.249
FHW12093	463.875 	 90.685 	 245.243
FHW12093	464.000 	 90.685 	 245.243
FHW12093	464.125 	 90.685 	 245.246
FHW12093	464.250 	 90.685 	 245.243
FHW12093	464.375 	 90.685 	 245.243
FHW12093	464.500 	 90.685 	 245.249
FHW12093	464.625 	 90.685 	 245.243
FHW12093	464.750 	 90.685 	 245.243
FHW12093	464.875 	 90.685 	 245.249
FHW12093	465.000 	 90.685 	 245.243
FHW12093	465.125 	 90.685 	 245.243
FHW12093	465.250 	 90.685 	 245.246
FHW12093	465.375 	 90.685 	 245.243
FHW12093	465.500 	 90.678 	 245.243
FHW12093	465.625 	 90.685 	 245.249
FHW12093	465.750 	 90.685 	 245.243
FHW12093	465.875 	 90.685 	 245.243
FHW12093	466.000 	 90.685 	 245.249
FHW12093	466.125 	 90.685 	 245.243
FHW12093	466.250 	 90.685 	 245.243
FHW12093	466.375 	 90.685 	 245.249
FHW12093	466.500 	 90.685 	 245.240
FHW12093	466.625 	 90.685 	 245.243
FHW12093	466.750 	 90.685 	 245.249
FHW12093	466.875 	 90.685 	 245.243
FHW12093	467.000 	 90.685 	 245.243
FHW12093	467.125 	 90.685 	 245.249
FHW12093	467.250 	 90.685 	 245.243
FHW12093	467.375 	 90.678 	 245.243
FHW12093	467.500 	 90.685 	 245.249
FHW12093	467.625 	 90.685 	 245.240
FHW12093	467.750 	 90.685 	 245.243
FHW12093	467.875 	 90.685 	 245.249
FHW12093	468.000 	 90.685 	 245.243
FHW12093	468.125 	 90.685 	 245.243
FHW12093	468.250 	 90.685 	 245.249
FHW12093	468.375 	 90.685 	 245.243
FHW12093	468.500 	 90.685 	 245.243
FHW12093	468.625 	 90.685 	 245.249
FHW12093	468.750 	 90.685 	 245.240
FHW12093	468.875 	 90.685 	 245.243
FHW12093	469.000 	 90.685 	 245.249
FHW12093	469.125 	 90.685 	 245.243
FHW12093	469.250 	 90.678 	 245.243
FHW12093	469.375 	 90.685 	 245.249
FHW12093	469.500 	 90.685 	 245.243
FHW12093	469.625 	 90.685 	 245.243
FHW12093	469.750 	 90.685 	 245.249
FHW12093	469.875 	 90.685 	 245.240
FHW12093	470.000 	 90.685 	 245.243
FHW12093	470.125 	 90.685 	 245.249
FHW12093	470.250 	 90.685 	 245.243
FHW12093	470.375 	 90.685 	 245.243
FHW12093	470.500 	 90.685 	 245.249
FHW12093	470.625 	 90.685 	 245.243
FHW12093	470.750 	 90.685 	 245.243
FHW12093	470.875 	 90.685 	 245.249
FHW12093	471.000 	 90.685 	 245.243
FHW12093	471.125 	 90.685 	 245.240
FHW12093	471.250 	 90.678 	 245.249
FHW12093	471.375 	 90.685 	 245.243
FHW12093	471.500 	 90.685 	 245.243
FHW12093	471.625 	 90.685 	 245.249
FHW12093	471.750 	 90.685 	 245.243
FHW12093	471.875 	 90.685 	 245.243
FHW12093	472.000 	 90.685 	 245.249
FHW12093	472.125 	 90.685 	 245.243
FHW12093	472.250 	 90.685 	 245.240
FHW12093	472.375 	 90.685 	 245.249
FHW12093	472.500 	 90.685 	 245.243
FHW12093	472.625 	 90.685 	 245.243
FHW12093	472.750 	 90.643 	 245.203
FHW12093	472.875 	 90.455 	 244.974
FHW12093	473.000 	 90.448 	 244.968
FHW12093	473.125 	 90.448 	 244.968
FHW12093	473.250 	 90.455 	 244.971
FHW12093	473.375 	 90.448 	 244.968
FHW12093	473.500 	 90.448 	 244.974
FHW12093	473.625 	 90.455 	 244.971
FHW12093	473.750 	 90.448 	 244.968
FHW12093	473.875 	 90.448 	 244.968
FHW12093	474.000 	 90.455 	 244.968
FHW12093	474.125 	 90.448 	 244.977
FHW12093	474.250 	 90.448 	 244.968
FHW12093	474.375 	 90.455 	 244.968
FHW12093	474.500 	 90.448 	 244.971
FHW12093	474.625 	 90.448 	 244.968
FHW12093	474.750 	 90.455 	 244.974
FHW12093	474.875 	 90.448 	 244.968
FHW12093	475.000 	 90.448 	 244.971
FHW12093	475.125 	 90.455 	 244.968
FHW12093	475.250 	 90.448 	 244.968
FHW12093	475.375 	 90.448 	 244.974
FHW12093	475.500 	 90.455 	 244.968
FHW12093	475.625 	 90.448 	 244.974
FHW12093	475.750 	 90.455 	 244.968
FHW12093	475.875 	 90.448 	 244.968
FHW12093	476.000 	 90.448 	 244.974
FHW12093	476.125 	 90.455 	 244.968
FHW12093	476.250 	 90.448 	 244.968
FHW12093	476.375 	 90.448 	 244.968
FHW12093	476.500 	 90.455 	 244.974
FHW12093	476.625 	 90.448 	 244.968
FHW12093	476.750 	 90.448 	 244.974
FHW12093	476.875 	 90.455 	 244.968
FHW12093	477.000 	 90.448 	 244.968
FHW12093	477.125 	 90.448 	 244.968
FHW12093	477.250 	 90.455 	 244.968
FHW12093	477.375 	 90.448 	 244.980
FHW12093	477.500 	 90.448 	 244.968
FHW12093	477.625 	 90.455 	 244.968
FHW12093	477.750 	 90.448 	 244.968
FHW12093	477.875 	 90.448 	 244.968
FHW12093	478.000 	 90.455 	 244.974
FHW12093	478.125 	 90.448 	 244.968
FHW12093	478.250 	 90.448 	 244.974
FHW12093	478.375 	 90.455 	 244.968
FHW12093	478.500 	 90.448 	 244.968
FHW12093	478.625 	 90.448 	 244.974
FHW12093	478.750 	 90.455 	 244.968
FHW12093	478.875 	 90.448 	 244.968
FHW12093	479.000 	 90.448 	 244.968
FHW12093	479.125 	 90.455 	 244.974
FHW12093	479.250 	 90.448 	 244.974
FHW12093	479.375 	 90.448 	 244.968
FHW12093	479.500 	 90.455 	 244.968
FHW12093	479.625 	 90.448 	 244.968
FHW12093	479.750 	 90.448 	 244.968
FHW12093	479.875 	 90.455 	 244.974
FHW12093	480.000 	 90.448 	 244.974
FHW12093	480.125 	 90.448 	 244.968
FHW12093	480.250 	 90.455 	 244.968
FHW12093	480.375 	 90.448 	 244.968
FHW12093	480.500 	 90.455 	 244.974
FHW12093	480.625 	 90.448 	 244.968
FHW12093	480.750 	 90.448 	 244.968
FHW12093	480.875 	 90.455 	 244.968
FHW12093	481.000 	 90.448 	 244.974
FHW12093	481.125 	 90.448 	 244.974
FHW12093	481.250 	 90.455 	 244.968
FHW12093	481.375 	 90.448 	 244.968
FHW12093	481.500 	 90.448 	 244.968
FHW12093	481.625 	 90.455 	 244.968
FHW12093	481.750 	 90.448 	 244.968
FHW12093	481.875 	 90.448 	 244.980
FHW12093	482.000 	 90.455 	 244.968
FHW12093	482.125 	 90.448 	 244.968
FHW12093	482.250 	 90.448 	 244.968
FHW12093	482.375 	 90.455 	 244.968
FHW12093	482.500 	 90.448 	 244.974
FHW12093	482.625 	 90.448 	 244.968
FHW12093	482.750 	 90.455 	 244.974
FHW12093	482.875 	 90.448 	 244.968
FHW12093	483.000 	 90.448 	 244.968
FHW12093	483.125 	 90.455 	 244.974
FHW12093	483.250 	 90.448 	 244.968
FHW12093	483.375 	 90.448 	 244.968
FHW12093	483.500 	 90.455 	 244.968
FHW12093	483.625 	 90.448 	 244.974
FHW12093	483.750 	 90.448 	 244.974
FHW12093	483.875 	 90.455 	 244.968
FHW12093	484.000 	 90.448 	 244.968
FHW12093	484.125 	 90.448 	 244.968
FHW12093	484.250 	 90.455 	 244.968
FHW12093	484.375 	 90.448 	 244.974
FHW12093	484.500 	 90.448 	 244.974
FHW12093	484.625 	 90.455 	 244.968
FHW12093	484.750 	 90.448 	 244.968
FHW12093	484.875 	 90.448 	 244.968
FHW12093	485.000 	 90.455 	 244.974
FHW12093	485.125 	 90.448 	 244.968
FHW12093	485.250 	 90.455 	 244.968
FHW12093	485.375 	 90.448 	 244.974
FHW12093	485.500 	 90.448 	 244.968
FHW12093	485.625 	 90.455 	 244.974
FHW12093	485.750 	 90.448 	 244.968
FHW12093	485.875 	 90.448 	 244.968
FHW12093	486.000 	 90.455 	 244.968
FHW12093	486.125 	 90.448 	 244.968
FHW12093	486.250 	 90.448 	 244.974
FHW12093	486.375 	 90.455 	 244.974
FHW12093	486.500 	 90.448 	 244.968
FHW12093	486.625 	 90.448 	 244.968
FHW12093	486.750 	 90.455 	 244.968
FHW12093	486.875 	 90.448 	 244.968
FHW12093	487.000 	 90.448 	 244.974
FHW12093	487.125 	 90.455 	 244.974
FHW12093	487.250 	 90.448 	 244.968
FHW12093	487.375 	 90.448 	 244.968
FHW12093	487.500 	 90.455 	 244.968
FHW12093	487.625 	 90.448 	 244.974
FHW12093	487.750 	 90.448 	 244.968
FHW12093	487.875 	 90.455 	 244.968
FHW12093	488.000 	 90.448 	 244.974
FHW12093	488.125 	 90.448 	 244.968
FHW12093	488.250 	 90.455 	 244.974
FHW12093	488.375 	 90.448 	 244.968
FHW12093	488.500 	 90.448 	 244.968
FHW12093	488.625 	 90.455 	 244.968
FHW12093	488.750 	 90.448 	 244.968
FHW12093	488.875 	 90.448 	 244.980
FHW12093	489.000 	 90.455 	 244.968
FHW12093	489.125 	 90.448 	 244.968
FHW12093	489.250 	 90.448 	 244.968
FHW12093	489.375 	 90.455 	 244.968
FHW12093	489.500 	 90.448 	 244.974
FHW12093	489.625 	 90.455 	 244.968
FHW12093	489.750 	 90.448 	 244.974
FHW12093	489.875 	 90.448 	 244.968
FHW12093	490.000 	 90.455 	 244.968
FHW12093	490.125 	 90.448 	 244.974
FHW12093	490.250 	 90.448 	 244.968
FHW12093	490.375 	 90.455 	 244.968
FHW12093	490.500 	 90.448 	 244.968
FHW12093	490.625 	 90.448 	 244.974
FHW12093	490.750 	 90.455 	 244.968
FHW12093	490.875 	 90.448 	 244.974
FHW12093	491.000 	 90.448 	 244.968
FHW12093	491.125 	 90.490 	 244.718
FHW12093	491.250 	 90.510 	 244.548
FHW12093	491.375 	 90.511 	 244.549
FHW12093	491.500 	 90.504 	 244.555
FHW12093	491.625 	 90.511 	 244.549
FHW12093	491.750 	 90.511 	 244.549
FHW12093	491.875 	 90.511 	 244.555
FHW12093	492.000 	 90.511 	 244.549
FHW12093	492.125 	 90.511 	 244.542
FHW12093	492.250 	 90.511 	 244.555
FHW12093	492.375 	 90.511 	 244.549
FHW12093	492.500 	 90.511 	 244.555
FHW12093	492.625 	 90.511 	 244.549
FHW12093	492.750 	 90.511 	 244.549
FHW12093	492.875 	 90.511 	 244.555
FHW12093	493.000 	 90.504 	 244.542
FHW12093	493.125 	 90.511 	 244.549
FHW12093	493.250 	 90.511 	 244.555
FHW12093	493.375 	 90.511 	 244.549
FHW12093	493.500 	 90.511 	 244.555
FHW12093	493.625 	 90.511 	 244.549
FHW12093	493.750 	 90.511 	 244.549
FHW12093	493.875 	 90.510 	 244.548
FHW12093	494.000 	 90.511 	 244.549
FHW12093	494.125 	 90.511 	 244.555
FHW12093	494.250 	 90.511 	 244.549
FHW12093	494.375 	 90.511 	 244.549
FHW12093	494.500 	 90.504 	 244.555
FHW12093	494.625 	 90.511 	 244.549
FHW12093	494.750 	 90.511 	 244.542
FHW12093	494.875 	 90.511 	 244.555
FHW12093	495.000 	 90.511 	 244.549
FHW12093	495.125 	 90.511 	 244.555
FHW12093	495.250 	 90.511 	 244.549
FHW12093	495.375 	 90.511 	 244.549
FHW12093	495.500 	 90.511 	 244.555
FHW12093	495.625 	 90.511 	 244.542
FHW12093	495.750 	 90.511 	 244.549
FHW12093	495.875 	 90.511 	 244.555
FHW12093	496.000 	 90.504 	 244.549
FHW12093	496.125 	 90.511 	 244.555
FHW12093	496.250 	 90.511 	 244.549
FHW12093	496.375 	 90.511 	 244.549
FHW12093	496.500 	 90.510 	 244.548
FHW12093	496.625 	 90.511 	 244.549
FHW12093	496.750 	 90.511 	 244.555
FHW12093	496.875 	 90.511 	 244.549
FHW12093	497.000 	 90.511 	 244.549
FHW12093	497.125 	 90.511 	 244.555
FHW12093	497.250 	 90.511 	 244.549
FHW12093	497.375 	 90.504 	 244.542
FHW12093	497.500 	 90.511 	 244.555
FHW12093	497.625 	 90.511 	 244.549
FHW12093	497.750 	 90.511 	 244.555
FHW12093	497.875 	 90.511 	 244.549
FHW12093	498.000 	 90.511 	 244.549
FHW12093	498.125 	 90.511 	 244.555
FHW12093	498.250 	 90.511 	 244.542
FHW12093	498.375 	 90.511 	 244.549
FHW12093	498.500 	 90.511 	 244.555
FHW12093	498.625 	 90.511 	 244.549
FHW12093	498.750 	 90.511 	 244.555
FHW12093	498.875 	 90.504 	 244.549
FHW12093	499.000 	 90.511 	 244.549
FHW12093	499.125 	 90.510 	 244.548
FHW12093	499.250 	 90.511 	 244.549
FHW12093	499.375 	 90.511 	 244.555
FHW12093	499.500 	 90.511 	 244.549
FHW12093	499.625 	 90.511 	 244.549
FHW12093	499.750 	 90.511 	 244.555
FHW12093	499.875 	 90.511 	 244.549
FHW12093	500.000 	 90.511 	 244.542
FHW12093	500.125 	 90.511 	 244.555
FHW12093	500.250 	 90.511 	 244.549
FHW12093	500.375 	 90.504 	 244.555
FHW12093	500.500 	 90.511 	 244.549
FHW12093	500.625 	 90.511 	 244.549
FHW12093	500.750 	 90.511 	 244.555
FHW12093	500.875 	 90.511 	 244.542
FHW12093	501.000 	 90.511 	 244.549
FHW12093	501.125 	 90.511 	 244.555
FHW12093	501.250 	 90.511 	 244.549
FHW12093	501.375 	 90.511 	 244.555
FHW12093	501.500 	 90.511 	 244.549
FHW12093	501.625 	 90.511 	 244.549
FHW12093	501.750 	 90.503 	 244.548
FHW12093	501.875 	 90.511 	 244.549
FHW12093	502.000 	 90.511 	 244.555
FHW12093	502.125 	 90.511 	 244.549
FHW12093	502.250 	 90.511 	 244.549
FHW12093	502.375 	 90.511 	 244.555
FHW12093	502.500 	 90.511 	 244.549
FHW12093	502.625 	 90.511 	 244.542
FHW12093	502.750 	 90.511 	 244.555
FHW12093	502.875 	 90.511 	 244.549
FHW12093	503.000 	 90.511 	 244.555
FHW12093	503.125 	 90.511 	 244.549
FHW12093	503.250 	 90.504 	 244.549
FHW12093	503.375 	 90.511 	 244.555
FHW12093	503.500 	 90.511 	 244.549
FHW12093	503.625 	 90.511 	 244.542
FHW12093	503.750 	 90.511 	 244.555
FHW12093	503.875 	 90.511 	 244.549
FHW12093	504.000 	 90.511 	 244.555
FHW12093	504.125 	 90.511 	 244.549
FHW12093	504.250 	 90.511 	 244.549
FHW12093	504.375 	 90.511 	 244.555
FHW12093	504.500 	 90.511 	 244.542
FHW12093	504.625 	 90.511 	 244.555
FHW12093	504.750 	 90.504 	 244.549
FHW12093	504.875 	 90.511 	 244.549
FHW12093	505.000 	 90.511 	 244.555
FHW12093	505.125 	 90.511 	 244.549
FHW12093	505.250 	 90.511 	 244.549
FHW12093	505.375 	 90.510 	 244.548
FHW12093	505.500 	 90.511 	 244.549
FHW12093	505.625 	 90.511 	 244.555
FHW12093	505.750 	 90.511 	 244.549
FHW12093	505.875 	 90.511 	 244.549
FHW12093	506.000 	 90.511 	 244.555
FHW12093	506.125 	 90.504 	 244.549
FHW12093	506.250 	 90.511 	 244.542
FHW12093	506.375 	 90.511 	 244.555
FHW12093	506.500 	 90.511 	 244.549
FHW12093	506.625 	 90.511 	 244.555
FHW12093	506.750 	 90.511 	 244.549
FHW12093	506.875 	 90.511 	 244.549
FHW12093	507.000 	 90.511 	 244.555
FHW12093	507.125 	 90.511 	 244.542
FHW12093	507.250 	 90.511 	 244.555
FHW12093	507.375 	 90.511 	 244.549
FHW12093	507.500 	 90.511 	 244.549
FHW12093	507.625 	 90.504 	 244.555
FHW12093	507.750 	 90.511 	 244.549
FHW12093	507.875 	 90.511 	 244.549
FHW12093	508.000 	 90.510 	 244.548
FHW12093	508.125 	 90.511 	 244.549
FHW12093	508.250 	 90.511 	 244.555
FHW12093	508.375 	 90.511 	 244.549
FHW12093	508.500 	 90.511 	 244.549
FHW12093	508.625 	 90.511 	 244.555
FHW12093	508.750 	 90.511 	 244.549
FHW12093	508.875 	 90.511 	 244.542
FHW12093	509.000 	 90.511 	 244.555
FHW12093	509.125 	 90.504 	 244.549
FHW12093	509.250 	 90.511 	 244.555
FHW12093	509.375 	 90.511 	 244.549
FHW12093	509.500 	 90.511 	 244.549
FHW12093	509.625 	 90.511 	 244.555
FHW12093	509.750 	 90.574 	 244.449
FHW12093	509.875 	 90.636 	 244.342
FHW12093	510.000 	 90.643 	 244.348
FHW12093	510.125 	 90.636 	 244.342
FHW12093	510.250 	 90.643 	 244.348
FHW12093	510.375 	 90.636 	 244.342
FHW12093	510.500 	 90.643 	 244.348
FHW12093	510.625 	 90.636 	 244.342
FHW12093	510.750 	 90.643 	 244.348
FHW12093	510.875 	 90.636 	 244.342
FHW12093	511.000 	 90.643 	 244.348
FHW12093	511.125 	 90.636 	 244.342
FHW12093	511.250 	 90.643 	 244.348
FHW12093	511.375 	 90.636 	 244.342
FHW12093	511.500 	 90.643 	 244.348
FHW12093	511.625 	 90.636 	 244.342
FHW12093	511.750 	 90.643 	 244.342
FHW12093	511.875 	 90.636 	 244.348
FHW12093	512.000 	 90.643 	 244.342
FHW12093	512.125 	 90.636 	 244.348
FHW12093	512.250 	 90.643 	 244.342
FHW12093	512.375 	 90.637 	 244.342
FHW12093	512.500 	 90.643 	 244.342
FHW12093	512.625 	 90.636 	 244.348
FHW12093	512.750 	 90.643 	 244.342
FHW12093	512.875 	 90.636 	 244.348
FHW12093	513.000 	 90.643 	 244.342
FHW12093	513.125 	 90.636 	 244.348
FHW12093	513.250 	 90.643 	 244.342
FHW12093	513.375 	 90.636 	 244.348
FHW12093	513.500 	 90.643 	 244.342
FHW12093	513.625 	 90.636 	 244.348
FHW12093	513.750 	 90.643 	 244.342
FHW12093	513.875 	 90.636 	 244.348
FHW12093	514.000 	 90.643 	 244.342
FHW12093	514.125 	 90.636 	 244.348
FHW12093	514.250 	 90.643 	 244.342
FHW12093	514.375 	 90.636 	 244.348
FHW12093	514.500 	 90.643 	 244.342
FHW12093	514.625 	 90.636 	 244.348
FHW12093	514.750 	 90.643 	 244.342
FHW12093	514.875 	 90.636 	 244.348
FHW12093	515.000 	 90.643 	 244.342
FHW12093	515.125 	 90.636 	 244.348
FHW12093	515.250 	 90.643 	 244.342
FHW12093	515.375 	 90.636 	 244.342
FHW12093	515.500 	 90.643 	 244.348
FHW12093	515.625 	 90.636 	 244.342
FHW12093	515.750 	 90.643 	 244.348
FHW12093	515.875 	 90.636 	 244.342
FHW12093	516.000 	 90.643 	 244.348
FHW12093	516.125 	 90.636 	 244.342
FHW12093	516.250 	 90.643 	 244.348
FHW12093	516.375 	 90.636 	 244.342
FHW12093	516.500 	 90.643 	 244.348
FHW12093	516.625 	 90.636 	 244.342
FHW12093	516.750 	 90.643 	 244.348
FHW12093	516.875 	 90.637 	 244.336
FHW12093	517.000 	 90.643 	 244.348
FHW12093	517.125 	 90.636 	 244.342
FHW12093	517.250 	 90.643 	 244.348
FHW12093	517.375 	 90.636 	 244.342
FHW12093	517.500 	 90.643 	 244.348
FHW12093	517.625 	 90.636 	 244.342
FHW12093	517.750 	 90.643 	 244.348
FHW12093	517.875 	 90.636 	 244.342
FHW12093	518.000 	 90.643 	 244.348
FHW12093	518.125 	 90.643 	 244.342
FHW12093	518.250 	 90.636 	 244.348
FHW12093	518.375 	 90.643 	 244.342
FHW12093	518.500 	 90.636 	 244.348
FHW12093	518.625 	 90.643 	 244.342
FHW12093	518.750 	 90.636 	 244.348
FHW12093	518.875 	 90.643 	 244.342
FHW12093	519.000 	 90.636 	 244.342
FHW12093	519.125 	 90.643 	 244.348
FHW12093	519.250 	 90.636 	 244.342
FHW12093	519.375 	 90.643 	 244.348
FHW12093	519.500 	 90.636 	 244.342
FHW12093	519.625 	 90.643 	 244.348
FHW12093	519.750 	 90.636 	 244.342
FHW12093	519.875 	 90.643 	 244.348
FHW12093	520.000 	 90.636 	 244.342
FHW12093	520.125 	 90.643 	 244.348
FHW12093	520.250 	 90.636 	 244.342
FHW12093	520.375 	 90.643 	 244.348
FHW12093	520.500 	 90.636 	 244.342
FHW12093	520.625 	 90.643 	 244.348
FHW12093	520.750 	 90.636 	 244.342
FHW12093	520.875 	 90.643 	 244.348
FHW12093	521.000 	 90.636 	 244.342
FHW12093	521.125 	 90.643 	 244.348
FHW12093	521.250 	 90.637 	 244.336
FHW12093	521.375 	 90.643 	 244.348
FHW12093	521.500 	 90.636 	 244.342
FHW12093	521.625 	 90.643 	 244.348
FHW12093	521.750 	 90.636 	 244.342
FHW12093	521.875 	 90.643 	 244.348
FHW12093	522.000 	 90.636 	 244.342
FHW12093	522.125 	 90.643 	 244.348
FHW12093	522.250 	 90.636 	 244.342
FHW12093	522.375 	 90.643 	 244.348
FHW12093	522.500 	 90.636 	 244.342
FHW12093	522.625 	 90.643 	 244.342
FHW12093	522.750 	 90.636 	 244.348
FHW12093	522.875 	 90.643 	 244.342
FHW12093	523.000 	 90.636 	 244.348
FHW12093	523.125 	 90.643 	 244.342
FHW12093	523.250 	 90.636 	 244.348
FHW12093	523.375 	 90.643 	 244.342
FHW12093	523.500 	 90.636 	 244.348
FHW12093	523.625 	 90.643 	 244.342
FHW12093	523.750 	 90.636 	 244.348
FHW12093	523.875 	 90.643 	 244.342
FHW12093	524.000 	 90.636 	 244.348
FHW12093	524.125 	 90.643 	 244.342
FHW12093	524.250 	 90.636 	 244.348
FHW12093	524.375 	 90.643 	 244.342
FHW12093	524.500 	 90.636 	 244.348
FHW12093	524.625 	 90.643 	 244.342
FHW12093	524.750 	 90.636 	 244.348
FHW12093	524.875 	 90.643 	 244.342
FHW12093	525.000 	 90.636 	 244.348
FHW12093	525.125 	 90.643 	 244.342
FHW12093	525.250 	 90.636 	 244.348
FHW12093	525.375 	 90.643 	 244.342
FHW12093	525.500 	 90.636 	 244.348
FHW12093	525.625 	 90.643 	 244.342
FHW12093	525.750 	 90.637 	 244.342
FHW12093	525.875 	 90.643 	 244.342
FHW12093	526.000 	 90.636 	 244.348
FHW12093	526.125 	 90.643 	 244.342
FHW12093	526.250 	 90.636 	 244.342
FHW12093	526.375 	 90.643 	 244.348
FHW12093	526.500 	 90.636 	 244.342
FHW12093	526.625 	 90.643 	 244.348
FHW12093	526.750 	 90.636 	 244.342
FHW12093	526.875 	 90.643 	 244.348
FHW12093	527.000 	 90.636 	 244.342
FHW12093	527.125 	 90.643 	 244.348
FHW12093	527.250 	 90.636 	 244.342
FHW12093	527.375 	 90.643 	 244.348
FHW12093	527.500 	 90.636 	 244.342
FHW12093	527.625 	 90.643 	 244.348
FHW12093	527.750 	 90.636 	 244.342
FHW12093	527.875 	 90.643 	 244.348
FHW12093	528.000 	 90.636 	 244.342
FHW12093	528.125 	 90.657 	 244.342
FHW12093	528.250 	 90.685 	 244.311
FHW12093	528.375 	 90.692 	 244.317
FHW12093	528.500 	 90.692 	 244.317
FHW12093	528.625 	 90.685 	 244.311
FHW12093	528.750 	 90.692 	 244.317
FHW12093	528.875 	 90.692 	 244.317
FHW12093	529.000 	 90.685 	 244.311
FHW12093	529.125 	 90.692 	 244.317
FHW12093	529.250 	 90.692 	 244.311
FHW12093	529.375 	 90.685 	 244.317
FHW12093	529.500 	 90.692 	 244.317
FHW12093	529.625 	 90.692 	 244.311
FHW12093	529.750 	 90.685 	 244.317
FHW12093	529.875 	 90.692 	 244.317
FHW12093	530.000 	 90.692 	 244.311
FHW12093	530.125 	 90.685 	 244.317
FHW12093	530.250 	 90.692 	 244.317
FHW12093	530.375 	 90.692 	 244.311
FHW12093	530.500 	 90.685 	 244.317
FHW12093	530.625 	 90.692 	 244.317
FHW12093	530.750 	 90.692 	 244.311
FHW12093	530.875 	 90.692 	 244.317
FHW12093	531.000 	 90.685 	 244.317
FHW12093	531.125 	 90.692 	 244.311
FHW12093	531.250 	 90.692 	 244.317
FHW12093	531.375 	 90.685 	 244.386
FHW12093	531.500 	 90.685 	 244.436
FHW12093	531.625 	 90.685 	 244.436
FHW12093	531.750 	 90.686 	 244.430
FHW12093	531.875 	 90.678 	 244.436
FHW12093	532.000 	 90.685 	 244.436
FHW12093	532.125 	 90.686 	 244.436
FHW12093	532.250 	 90.685 	 244.436
FHW12093	532.375 	 90.685 	 244.436
FHW12093	532.500 	 90.686 	 244.430
FHW12093	532.625 	 90.685 	 244.436
FHW12093	532.750 	 90.685 	 244.436
FHW12093	532.875 	 90.685 	 244.436
FHW12093	533.000 	 90.686 	 244.436
FHW12093	533.125 	 90.685 	 244.436
FHW12093	533.250 	 90.678 	 244.436
FHW12093	533.375 	 90.686 	 244.430
FHW12093	533.500 	 90.685 	 244.436
FHW12093	533.625 	 90.685 	 244.436
FHW12093	533.750 	 90.686 	 244.430
FHW12093	533.875 	 90.685 	 244.442
FHW12093	534.000 	 90.678 	 244.574
FHW12093	534.125 	 90.685 	 244.592
FHW12093	534.250 	 90.678 	 244.580
FHW12093	534.375 	 90.679 	 244.586
FHW12093	534.500 	 90.678 	 244.586
FHW12093	534.625 	 90.686 	 244.586
FHW12093	534.750 	 90.678 	 244.580
FHW12093	534.875 	 90.678 	 244.586
FHW12093	535.000 	 90.679 	 244.586
FHW12093	535.125 	 90.678 	 244.586
FHW12093	535.250 	 90.686 	 244.586
FHW12093	535.375 	 90.678 	 244.580
FHW12093	535.500 	 90.678 	 244.592
FHW12093	535.625 	 90.678 	 244.580
FHW12093	535.750 	 90.686 	 244.586
FHW12093	535.875 	 90.678 	 244.586
FHW12093	536.000 	 90.679 	 244.586
FHW12093	536.125 	 90.678 	 244.580
FHW12093	536.250 	 90.685 	 244.592
FHW12093	536.375 	 90.678 	 244.580
FHW12093	536.500 	 90.678 	 244.586
FHW12093	536.625 	 90.679 	 244.586
FHW12093	536.750 	 90.685 	 244.580
FHW12093	536.875 	 90.678 	 244.592
FHW12093	537.000 	 90.678 	 244.580
FHW12093	537.125 	 90.679 	 244.586
FHW12093	537.250 	 90.685 	 244.586
FHW12093	537.375 	 90.679 	 244.586
FHW12093	537.500 	 90.678 	 244.586
FHW12093	537.625 	 90.679 	 244.586
FHW12093	537.750 	 90.685 	 244.580
FHW12093	537.875 	 90.678 	 244.592
FHW12093	538.000 	 90.678 	 244.580
