#WellName	 Depth.M	 INCL	 AZIM 
WellName	 Depth.M	 INCL	 AZIM 
FHW13187	0.000 	 0.000 	 0.000
FHW13187	0.125 	 0.458 	 0.000
FHW13187	0.250 	 0.000 	 90.000
FHW13187	0.375 	 0.648 	 315.000
FHW13187	0.500 	 0.458 	 0.000
FHW13187	0.625 	 0.458 	 0.000
FHW13187	0.750 	 0.000 	 90.000
FHW13187	0.875 	 0.458 	 0.000
FHW13187	1.000 	 0.648 	 315.000
FHW13187	1.125 	 0.458 	 0.000
FHW13187	1.250 	 0.000 	 90.000
FHW13187	1.375 	 0.458 	 0.000
FHW13187	1.500 	 0.458 	 0.000
FHW13187	1.625 	 0.458 	 270.000
FHW13187	1.750 	 0.458 	 0.000
FHW13187	1.875 	 0.458 	 0.000
FHW13187	2.000 	 0.458 	 0.000
FHW13187	2.125 	 0.000 	 90.000
FHW13187	2.250 	 0.648 	 315.000
FHW13187	2.375 	 0.458 	 0.000
FHW13187	2.500 	 0.458 	 0.000
FHW13187	2.625 	 0.000 	 90.000
FHW13187	2.750 	 0.458 	 0.000
FHW13187	2.875 	 0.458 	 0.000
FHW13187	3.000 	 0.458 	 270.000
FHW13187	3.125 	 0.458 	 0.000
FHW13187	3.250 	 0.458 	 0.000
FHW13187	3.375 	 0.458 	 0.000
FHW13187	3.500 	 0.000 	 90.000
FHW13187	3.625 	 0.648 	 315.000
FHW13187	3.750 	 0.458 	 0.000
FHW13187	3.875 	 0.458 	 0.000
FHW13187	4.000 	 0.000 	 90.000
FHW13187	4.125 	 0.458 	 0.000
FHW13187	4.250 	 0.648 	 315.000
FHW13187	4.375 	 0.458 	 0.000
FHW13187	4.500 	 0.000 	 90.000
FHW13187	4.625 	 0.458 	 0.000
FHW13187	4.750 	 0.458 	 0.000
FHW13187	4.875 	 0.458 	 270.000
FHW13187	5.000 	 0.458 	 0.000
FHW13187	5.125 	 0.458 	 0.000
FHW13187	5.250 	 0.458 	 0.000
FHW13187	5.375 	 0.000 	 90.000
FHW13187	5.500 	 0.648 	 315.000
FHW13187	5.625 	 0.458 	 0.000
FHW13187	5.750 	 0.458 	 0.000
FHW13187	5.875 	 0.000 	 90.000
FHW13187	6.000 	 0.458 	 0.000
FHW13187	6.125 	 0.648 	 315.000
FHW13187	6.250 	 0.000 	 90.000
FHW13187	6.375 	 0.458 	 0.000
FHW13187	6.500 	 0.458 	 0.000
FHW13187	6.625 	 0.458 	 0.000
FHW13187	6.750 	 0.458 	 270.000
FHW13187	6.875 	 0.458 	 0.000
FHW13187	7.000 	 0.458 	 0.000
FHW13187	7.125 	 0.458 	 0.000
FHW13187	7.250 	 0.000 	 90.000
FHW13187	7.375 	 0.648 	 315.000
FHW13187	7.500 	 0.458 	 0.000
FHW13187	7.625 	 0.000 	 90.000
FHW13187	7.750 	 0.458 	 0.000
FHW13187	7.875 	 0.458 	 0.000
FHW13187	8.000 	 0.648 	 315.000
FHW13187	8.125 	 0.000 	 90.000
FHW13187	8.250 	 0.458 	 0.000
FHW13187	8.375 	 0.458 	 0.000
FHW13187	8.500 	 0.458 	 0.000
FHW13187	8.625 	 0.000 	 90.000
FHW13187	8.750 	 0.648 	 315.000
FHW13187	8.875 	 0.458 	 0.000
FHW13187	9.000 	 0.000 	 90.000
FHW13187	9.125 	 0.458 	 0.000
FHW13187	9.250 	 0.458 	 0.000
FHW13187	9.375 	 0.648 	 315.000
FHW13187	9.500 	 0.000 	 90.000
FHW13187	9.625 	 0.458 	 0.000
FHW13187	9.750 	 0.458 	 0.000
FHW13187	9.875 	 0.458 	 0.000
FHW13187	10.000 	 0.458 	 270.000
FHW13187	10.125 	 0.458 	 0.000
FHW13187	10.250 	 0.458 	 0.000
FHW13187	10.375 	 0.458 	 0.000
FHW13187	10.500 	 0.000 	 90.000
FHW13187	10.625 	 0.648 	 315.000
FHW13187	10.750 	 0.458 	 0.000
FHW13187	10.875 	 0.000 	 90.000
FHW13187	11.000 	 0.458 	 0.000
FHW13187	11.125 	 0.458 	 0.000
FHW13187	11.250 	 0.648 	 315.000
FHW13187	11.375 	 0.000 	 90.000
FHW13187	11.500 	 0.458 	 0.000
FHW13187	11.625 	 0.458 	 0.000
FHW13187	11.750 	 0.458 	 0.000
FHW13187	11.875 	 0.458 	 270.000
FHW13187	12.000 	 0.458 	 0.000
FHW13187	12.125 	 0.458 	 0.000
FHW13187	12.250 	 0.000 	 90.000
FHW13187	12.375 	 0.458 	 0.000
FHW13187	12.500 	 0.648 	 315.000
FHW13187	12.625 	 0.458 	 0.000
FHW13187	12.750 	 0.000 	 90.000
FHW13187	12.875 	 0.458 	 0.000
FHW13187	13.000 	 0.458 	 0.000
FHW13187	13.125 	 0.648 	 315.000
FHW13187	13.250 	 0.000 	 90.000
FHW13187	13.375 	 0.458 	 0.000
FHW13187	13.500 	 0.458 	 0.000
FHW13187	13.625 	 0.000 	 90.000
FHW13187	13.750 	 0.458 	 0.000
FHW13187	13.875 	 0.648 	 315.000
FHW13187	14.000 	 0.458 	 0.000
FHW13187	14.125 	 0.000 	 90.000
FHW13187	14.250 	 0.458 	 0.000
FHW13187	14.375 	 0.458 	 0.000
FHW13187	14.500 	 0.648 	 315.000
FHW13187	14.625 	 0.000 	 90.000
FHW13187	14.750 	 0.458 	 0.000
FHW13187	14.875 	 0.458 	 0.000
FHW13187	15.000 	 0.000 	 90.000
FHW13187	15.125 	 0.648 	 315.000
FHW13187	15.250 	 0.458 	 0.000
FHW13187	15.375 	 0.458 	 0.000
FHW13187	15.500 	 0.000 	 90.000
FHW13187	15.625 	 0.458 	 0.000
FHW13187	15.750 	 0.648 	 315.000
FHW13187	15.875 	 0.458 	 0.000
FHW13187	16.000 	 0.000 	 90.000
FHW13187	16.125 	 0.458 	 0.000
FHW13187	16.250 	 0.458 	 0.000
FHW13187	16.375 	 0.648 	 315.000
FHW13187	16.500 	 0.000 	 90.000
FHW13187	16.625 	 0.458 	 0.000
FHW13187	16.750 	 0.458 	 0.000
FHW13187	16.875 	 0.000 	 90.000
FHW13187	17.000 	 0.648 	 315.000
FHW13187	17.125 	 0.458 	 0.000
FHW13187	17.250 	 0.458 	 0.000
FHW13187	17.375 	 0.000 	 90.000
FHW13187	17.500 	 0.458 	 0.000
FHW13187	17.625 	 0.648 	 315.000
FHW13187	17.750 	 0.458 	 0.000
FHW13187	17.875 	 0.000 	 90.000
FHW13187	18.000 	 0.458 	 0.000
FHW13187	18.125 	 0.458 	 0.000
FHW13187	18.250 	 0.458 	 270.000
FHW13187	18.375 	 0.458 	 0.000
FHW13187	18.500 	 0.458 	 0.000
FHW13187	18.625 	 0.458 	 0.000
FHW13187	18.750 	 0.000 	 90.000
FHW13187	18.875 	 0.648 	 315.000
FHW13187	19.000 	 0.458 	 0.000
FHW13187	19.125 	 0.458 	 0.000
FHW13187	19.250 	 0.000 	 90.000
FHW13187	19.375 	 0.458 	 0.000
FHW13187	19.500 	 0.458 	 0.000
FHW13187	19.625 	 0.458 	 270.000
FHW13187	19.750 	 0.458 	 0.000
FHW13187	19.875 	 0.458 	 0.000
FHW13187	20.000 	 0.458 	 0.000
FHW13187	20.125 	 0.000 	 90.000
FHW13187	20.250 	 0.653 	 315.000
FHW13187	20.375 	 0.458 	 0.000
FHW13187	20.500 	 0.458 	 0.000
FHW13187	20.625 	 0.000 	 90.000
FHW13187	20.750 	 0.458 	 0.000
FHW13187	20.875 	 0.648 	 315.000
FHW13187	21.000 	 0.000 	 90.000
FHW13187	21.125 	 0.458 	 0.000
FHW13187	21.250 	 0.458 	 0.000
FHW13187	21.375 	 0.458 	 0.000
FHW13187	21.500 	 0.458 	 270.000
FHW13187	21.625 	 0.458 	 0.000
FHW13187	21.750 	 0.458 	 0.000
FHW13187	21.875 	 0.458 	 0.000
FHW13187	22.000 	 0.000 	 90.000
FHW13187	22.125 	 0.648 	 315.000
FHW13187	22.250 	 0.458 	 0.000
FHW13187	22.375 	 0.458 	 0.000
FHW13187	22.500 	 0.000 	 90.000
FHW13187	22.625 	 0.458 	 0.000
FHW13187	22.750 	 0.648 	 315.000
FHW13187	22.875 	 0.000 	 90.000
FHW13187	23.000 	 0.458 	 0.000
FHW13187	23.125 	 0.458 	 0.000
FHW13187	23.250 	 0.458 	 0.000
FHW13187	23.375 	 0.458 	 270.000
FHW13187	23.500 	 0.458 	 0.000
FHW13187	23.625 	 0.458 	 0.000
FHW13187	23.750 	 0.458 	 0.000
FHW13187	23.875 	 0.000 	 90.000
FHW13187	24.000 	 0.648 	 315.000
FHW13187	24.125 	 0.458 	 0.000
FHW13187	24.250 	 0.000 	 90.000
FHW13187	24.375 	 0.458 	 0.000
FHW13187	24.500 	 0.458 	 0.000
FHW13187	24.625 	 0.458 	 0.000
FHW13187	24.750 	 0.458 	 270.000
FHW13187	24.875 	 0.458 	 0.000
FHW13187	25.000 	 0.458 	 0.000
FHW13187	25.125 	 0.458 	 0.000
FHW13187	25.250 	 0.000 	 90.000
FHW13187	25.375 	 0.648 	 315.000
FHW13187	25.500 	 0.458 	 0.000
FHW13187	25.625 	 0.000 	 90.000
FHW13187	25.750 	 0.458 	 0.000
FHW13187	25.875 	 0.458 	 0.000
FHW13187	26.000 	 0.648 	 315.000
FHW13187	26.125 	 0.000 	 90.000
FHW13187	26.250 	 0.458 	 0.000
FHW13187	26.375 	 0.458 	 0.000
FHW13187	26.500 	 0.458 	 0.000
FHW13187	26.625 	 0.458 	 270.000
FHW13187	26.750 	 0.458 	 0.000
FHW13187	26.875 	 0.458 	 0.000
FHW13187	27.000 	 0.000 	 90.000
FHW13187	27.125 	 0.458 	 0.000
FHW13187	27.250 	 0.648 	 315.000
FHW13187	27.375 	 0.458 	 0.000
FHW13187	27.500 	 0.000 	 90.000
FHW13187	27.625 	 0.458 	 0.000
FHW13187	27.750 	 0.458 	 0.000
FHW13187	27.875 	 0.648 	 315.000
FHW13187	28.000 	 0.000 	 90.000
FHW13187	28.125 	 0.458 	 0.000
FHW13187	28.250 	 0.458 	 0.000
FHW13187	28.375 	 0.458 	 0.000
FHW13187	28.500 	 0.458 	 270.000
FHW13187	28.625 	 0.458 	 0.000
FHW13187	28.750 	 0.458 	 0.000
FHW13187	28.875 	 0.000 	 90.000
FHW13187	29.000 	 0.458 	 0.000
FHW13187	29.125 	 0.648 	 315.000
FHW13187	29.250 	 0.458 	 0.000
FHW13187	29.375 	 0.000 	 90.000
FHW13187	29.500 	 0.458 	 0.000
FHW13187	29.625 	 0.458 	 0.000
FHW13187	29.750 	 0.458 	 0.000
FHW13187	29.875 	 0.458 	 270.000
FHW13187	30.000 	 0.458 	 0.000
FHW13187	30.125 	 0.458 	 0.000
FHW13187	30.250 	 0.000 	 90.000
FHW13187	30.375 	 0.458 	 0.000
FHW13187	30.500 	 0.648 	 315.000
FHW13187	30.625 	 0.458 	 0.000
FHW13187	30.750 	 0.000 	 90.000
FHW13187	30.875 	 0.458 	 0.000
FHW13187	31.000 	 0.458 	 0.000
FHW13187	31.125 	 0.648 	 315.000
FHW13187	31.250 	 0.000 	 90.000
FHW13187	31.375 	 0.458 	 0.000
FHW13187	31.500 	 0.458 	 0.000
FHW13187	31.625 	 0.000 	 90.000
FHW13187	31.750 	 0.648 	 315.000
FHW13187	31.875 	 0.458 	 0.000
FHW13187	32.000 	 0.458 	 0.000
FHW13187	32.125 	 0.000 	 90.000
FHW13187	32.250 	 0.458 	 0.000
FHW13187	32.375 	 0.648 	 315.000
FHW13187	32.500 	 0.458 	 0.000
FHW13187	32.625 	 0.000 	 90.000
FHW13187	32.750 	 0.458 	 0.000
FHW13187	32.875 	 0.458 	 0.000
FHW13187	33.000 	 0.458 	 270.000
FHW13187	33.125 	 0.458 	 0.000
FHW13187	33.250 	 0.458 	 0.000
FHW13187	33.375 	 0.458 	 0.000
FHW13187	33.500 	 0.000 	 90.000
FHW13187	33.625 	 0.648 	 315.000
FHW13187	33.750 	 0.458 	 0.000
FHW13187	33.875 	 0.458 	 0.000
FHW13187	34.000 	 0.000 	 90.000
FHW13187	34.125 	 0.458 	 0.000
FHW13187	34.250 	 0.648 	 315.000
FHW13187	34.375 	 0.458 	 0.000
FHW13187	34.500 	 0.000 	 90.000
FHW13187	34.625 	 0.458 	 0.000
FHW13187	34.750 	 0.458 	 0.000
FHW13187	34.875 	 0.458 	 270.000
FHW13187	35.000 	 0.458 	 0.000
FHW13187	35.125 	 0.458 	 0.000
FHW13187	35.250 	 0.458 	 0.000
FHW13187	35.375 	 0.000 	 90.000
FHW13187	35.500 	 0.458 	 0.000
FHW13187	35.625 	 0.648 	 315.000
FHW13187	35.750 	 0.458 	 0.000
FHW13187	35.875 	 0.000 	 90.000
FHW13187	36.000 	 0.458 	 0.000
FHW13187	36.125 	 0.458 	 0.000
FHW13187	36.250 	 0.458 	 270.000
FHW13187	36.375 	 0.458 	 0.000
FHW13187	36.500 	 0.458 	 0.000
FHW13187	36.625 	 0.458 	 0.000
FHW13187	36.750 	 0.000 	 90.000
FHW13187	36.875 	 0.648 	 315.000
FHW13187	37.000 	 0.458 	 0.000
FHW13187	37.125 	 0.458 	 0.000
FHW13187	37.250 	 0.000 	 90.000
FHW13187	37.375 	 0.458 	 0.000
FHW13187	37.500 	 0.648 	 315.000
FHW13187	37.625 	 0.000 	 90.000
FHW13187	37.750 	 0.458 	 0.000
FHW13187	37.875 	 0.458 	 0.000
FHW13187	38.000 	 0.458 	 0.000
FHW13187	38.125 	 0.458 	 270.000
FHW13187	38.250 	 0.458 	 0.000
FHW13187	38.375 	 0.458 	 0.000
FHW13187	38.500 	 0.458 	 0.000
FHW13187	38.625 	 0.000 	 90.000
FHW13187	38.750 	 0.648 	 315.000
FHW13187	38.875 	 0.458 	 0.000
FHW13187	39.000 	 0.000 	 90.000
FHW13187	39.125 	 0.458 	 0.000
FHW13187	39.250 	 0.458 	 0.000
FHW13187	39.375 	 0.648 	 315.000
FHW13187	39.500 	 0.000 	 90.000
FHW13187	39.625 	 0.458 	 0.000
FHW13187	39.750 	 0.458 	 0.000
FHW13187	39.875 	 0.458 	 0.000
FHW13187	40.000 	 0.458 	 270.000
FHW13187	40.125 	 0.458 	 0.000
FHW13187	40.250 	 0.458 	 0.000
FHW13187	40.375 	 0.458 	 0.000
FHW13187	40.500 	 0.000 	 90.000
FHW13187	40.625 	 0.458 	 0.000
FHW13187	40.750 	 0.648 	 315.000
FHW13187	40.875 	 0.000 	 90.000
FHW13187	41.000 	 0.458 	 0.000
FHW13187	41.125 	 0.458 	 0.000
FHW13187	41.250 	 0.458 	 0.000
FHW13187	41.375 	 0.458 	 270.000
FHW13187	41.500 	 0.458 	 0.000
FHW13187	41.625 	 0.458 	 0.000
FHW13187	41.750 	 0.458 	 0.000
FHW13187	41.875 	 0.000 	 90.000
FHW13187	42.000 	 0.648 	 315.000
FHW13187	42.125 	 0.458 	 0.000
FHW13187	42.250 	 0.000 	 90.000
FHW13187	42.375 	 0.458 	 0.000
FHW13187	42.500 	 0.458 	 0.000
FHW13187	42.625 	 0.648 	 315.000
FHW13187	42.750 	 0.000 	 90.000
FHW13187	42.875 	 0.458 	 0.000
FHW13187	43.000 	 0.458 	 0.000
FHW13187	43.125 	 0.458 	 0.000
FHW13187	43.250 	 0.458 	 270.000
FHW13187	43.375 	 0.458 	 0.000
FHW13187	43.500 	 0.458 	 0.000
FHW13187	43.625 	 0.000 	 90.000
FHW13187	43.750 	 0.458 	 0.000
FHW13187	43.875 	 0.648 	 315.001
FHW13187	44.000 	 0.458 	 0.000
FHW13187	44.125 	 0.000 	 90.000
FHW13187	44.250 	 0.458 	 0.000
FHW13187	44.375 	 0.458 	 0.000
FHW13187	44.500 	 0.648 	 315.000
FHW13187	44.625 	 0.000 	 90.000
FHW13187	44.750 	 0.458 	 0.000
FHW13187	44.875 	 0.458 	 0.000
FHW13187	45.000 	 0.000 	 90.000
FHW13187	45.125 	 0.648 	 315.000
FHW13187	45.250 	 0.458 	 0.000
FHW13187	45.375 	 0.458 	 0.000
FHW13187	45.500 	 0.000 	 90.000
FHW13187	45.625 	 0.458 	 0.000
FHW13187	45.750 	 0.648 	 315.000
FHW13187	45.875 	 0.458 	 0.000
FHW13187	46.000 	 0.000 	 90.000
FHW13187	46.125 	 0.458 	 0.000
FHW13187	46.250 	 0.458 	 0.000
FHW13187	46.375 	 0.458 	 0.000
FHW13187	46.500 	 0.458 	 270.000
FHW13187	46.625 	 0.458 	 0.000
FHW13187	46.750 	 0.458 	 0.000
FHW13187	46.875 	 0.000 	 90.000
FHW13187	47.000 	 0.458 	 0.000
FHW13187	47.125 	 0.648 	 315.000
FHW13187	47.250 	 0.458 	 0.000
FHW13187	47.375 	 0.000 	 90.000
FHW13187	47.500 	 0.458 	 0.000
FHW13187	47.625 	 0.458 	 0.000
FHW13187	47.750 	 0.648 	 315.000
FHW13187	47.875 	 0.000 	 90.000
FHW13187	48.000 	 0.458 	 0.000
FHW13187	48.125 	 0.458 	 0.000
FHW13187	48.250 	 0.000 	 90.000
FHW13187	48.375 	 0.648 	 315.001
FHW13187	48.500 	 0.458 	 0.000
FHW13187	48.625 	 0.458 	 0.000
FHW13187	48.750 	 0.000 	 90.000
FHW13187	48.875 	 0.458 	 0.000
FHW13187	49.000 	 0.648 	 315.000
FHW13187	49.125 	 0.458 	 0.000
FHW13187	49.250 	 0.000 	 90.000
FHW13187	49.375 	 0.458 	 0.000
FHW13187	49.500 	 0.458 	 0.000
FHW13187	49.625 	 0.458 	 270.000
FHW13187	49.750 	 0.458 	 0.000
FHW13187	49.875 	 0.458 	 0.000
FHW13187	50.000 	 0.458 	 0.000
FHW13187	50.125 	 0.000 	 90.000
FHW13187	50.250 	 0.648 	 315.000
FHW13187	50.375 	 0.458 	 0.000
FHW13187	50.500 	 0.458 	 0.000
FHW13187	50.625 	 0.000 	 90.000
FHW13187	50.750 	 0.458 	 0.000
FHW13187	50.875 	 0.648 	 315.000
FHW13187	51.000 	 0.000 	 90.000
FHW13187	51.125 	 0.458 	 0.000
FHW13187	51.250 	 0.458 	 0.000
FHW13187	51.375 	 0.458 	 0.000
FHW13187	51.500 	 0.000 	 90.000
FHW13187	51.625 	 0.648 	 315.000
FHW13187	51.750 	 0.458 	 0.000
FHW13187	51.875 	 0.458 	 0.000
FHW13187	52.000 	 0.000 	 90.000
FHW13187	52.125 	 0.458 	 0.000
FHW13187	52.250 	 0.648 	 315.000
FHW13187	52.375 	 0.458 	 0.000
FHW13187	52.500 	 0.000 	 90.000
FHW13187	52.625 	 0.458 	 0.000
FHW13187	52.750 	 0.458 	 0.000
FHW13187	52.875 	 0.458 	 270.000
FHW13187	53.000 	 0.458 	 0.000
FHW13187	53.125 	 0.458 	 0.000
FHW13187	53.250 	 0.458 	 0.000
FHW13187	53.375 	 0.000 	 90.000
FHW13187	53.500 	 0.648 	 315.000
FHW13187	53.625 	 0.458 	 0.000
FHW13187	53.750 	 0.458 	 0.000
FHW13187	53.875 	 0.000 	 90.000
FHW13187	54.000 	 0.458 	 0.000
FHW13187	54.125 	 0.648 	 315.000
FHW13187	54.250 	 0.000 	 90.000
FHW13187	54.375 	 0.458 	 0.000
FHW13187	54.500 	 0.458 	 0.000
FHW13187	54.625 	 0.458 	 0.000
FHW13187	54.750 	 0.458 	 270.000
FHW13187	54.875 	 0.458 	 0.000
FHW13187	55.000 	 0.458 	 0.000
FHW13187	55.125 	 0.458 	 0.000
FHW13187	55.250 	 0.000 	 90.000
FHW13187	55.375 	 0.648 	 315.001
FHW13187	55.500 	 0.458 	 0.000
FHW13187	55.625 	 0.000 	 90.000
FHW13187	55.750 	 0.458 	 0.000
FHW13187	55.875 	 0.458 	 0.000
FHW13187	56.000 	 0.648 	 315.000
FHW13187	56.125 	 0.000 	 90.000
FHW13187	56.250 	 0.458 	 0.000
FHW13187	56.375 	 1.025 	 333.435
FHW13187	56.500 	 0.648 	 315.000
FHW13187	56.625 	 1.025 	 296.565
FHW13187	56.750 	 0.648 	 315.000
FHW13187	56.875 	 1.025 	 333.435
FHW13187	57.000 	 0.648 	 315.000
FHW13187	57.125 	 0.648 	 315.000
FHW13187	57.250 	 1.025 	 333.435
FHW13187	57.375 	 1.033 	 296.565
FHW13187	57.500 	 0.648 	 315.000
FHW13187	57.625 	 1.025 	 333.435
FHW13187	57.750 	 0.648 	 315.001
FHW13187	57.875 	 0.648 	 315.000
FHW13187	58.000 	 1.025 	 333.435
FHW13187	58.125 	 1.025 	 296.565
FHW13187	58.250 	 0.648 	 315.000
FHW13187	58.375 	 0.648 	 315.000
FHW13187	58.500 	 1.025 	 333.435
FHW13187	58.625 	 0.648 	 315.000
FHW13187	58.750 	 0.648 	 315.000
FHW13187	58.875 	 1.296 	 315.000
FHW13187	59.000 	 0.648 	 315.000
FHW13187	59.125 	 0.648 	 315.000
FHW13187	59.250 	 1.025 	 333.435
FHW13187	59.375 	 0.648 	 315.000
FHW13187	59.500 	 0.648 	 315.000
FHW13187	59.625 	 1.296 	 315.000
FHW13187	59.750 	 0.648 	 315.000
FHW13187	59.875 	 0.648 	 315.000
FHW13187	60.000 	 1.025 	 333.435
FHW13187	60.125 	 0.648 	 315.000
FHW13187	60.250 	 0.648 	 315.000
FHW13187	60.375 	 1.025 	 296.565
FHW13187	60.500 	 1.025 	 333.435
FHW13187	60.625 	 0.648 	 315.001
FHW13187	60.750 	 0.648 	 315.000
FHW13187	60.875 	 1.025 	 333.435
FHW13187	61.000 	 0.648 	 315.000
FHW13187	61.125 	 1.025 	 296.565
FHW13187	61.250 	 1.025 	 333.435
FHW13187	61.375 	 0.648 	 315.000
FHW13187	61.500 	 0.648 	 315.000
FHW13187	61.625 	 1.025 	 333.435
FHW13187	61.750 	 0.648 	 315.000
FHW13187	61.875 	 1.025 	 296.565
FHW13187	62.000 	 0.648 	 315.000
FHW13187	62.125 	 1.025 	 333.435
FHW13187	62.250 	 0.648 	 315.001
FHW13187	62.375 	 0.648 	 315.000
FHW13187	62.500 	 1.025 	 333.435
FHW13187	62.625 	 1.025 	 296.565
FHW13187	62.750 	 0.648 	 315.000
FHW13187	62.875 	 1.025 	 333.435
FHW13187	63.000 	 1.449 	 288.435
FHW13187	63.125 	 1.025 	 296.565
FHW13187	63.250 	 1.449 	 288.435
FHW13187	63.375 	 1.449 	 288.435
FHW13187	63.500 	 1.449 	 288.435
FHW13187	63.625 	 1.025 	 296.566
FHW13187	63.750 	 1.652 	 303.690
FHW13187	63.875 	 1.449 	 288.435
FHW13187	64.000 	 1.449 	 288.435
FHW13187	64.125 	 1.449 	 288.435
FHW13187	64.250 	 1.025 	 296.565
FHW13187	64.375 	 1.461 	 288.435
FHW13187	64.500 	 1.449 	 288.435
FHW13187	64.625 	 1.652 	 303.690
FHW13187	64.750 	 1.025 	 296.565
FHW13187	64.875 	 1.449 	 288.435
FHW13187	65.000 	 1.449 	 288.435
FHW13187	65.125 	 1.449 	 288.435
FHW13187	65.250 	 1.449 	 288.435
FHW13187	65.375 	 1.025 	 296.565
FHW13187	65.500 	 1.449 	 288.435
FHW13187	65.625 	 1.652 	 303.690
FHW13187	65.750 	 1.449 	 288.435
FHW13187	65.875 	 1.025 	 296.565
FHW13187	66.000 	 1.449 	 288.435
FHW13187	66.125 	 1.449 	 288.435
FHW13187	66.250 	 1.449 	 288.435
FHW13187	66.375 	 1.449 	 288.435
FHW13187	66.500 	 1.296 	 315.000
FHW13187	66.625 	 1.449 	 288.435
FHW13187	66.750 	 1.449 	 288.435
FHW13187	66.875 	 1.449 	 288.435
FHW13187	67.000 	 1.025 	 296.565
FHW13187	67.125 	 1.449 	 288.435
FHW13187	67.250 	 1.449 	 288.435
FHW13187	67.375 	 1.449 	 288.435
FHW13187	67.500 	 1.652 	 303.690
FHW13187	67.625 	 1.033 	 296.565
FHW13187	67.750 	 1.449 	 288.435
FHW13187	67.875 	 1.449 	 288.435
FHW13187	68.000 	 1.449 	 288.435
FHW13187	68.125 	 1.025 	 296.565
FHW13187	68.250 	 1.449 	 288.435
FHW13187	68.375 	 1.652 	 303.690
FHW13187	68.500 	 1.449 	 288.435
FHW13187	68.625 	 1.449 	 288.435
FHW13187	68.750 	 1.025 	 296.565
FHW13187	68.875 	 1.449 	 288.435
FHW13187	69.000 	 1.449 	 288.435
FHW13187	69.125 	 1.449 	 288.435
FHW13187	69.250 	 1.025 	 296.565
FHW13187	69.375 	 1.652 	 303.690
FHW13187	69.500 	 1.449 	 288.435
FHW13187	69.625 	 1.449 	 288.435
FHW13187	69.750 	 1.449 	 288.435
FHW13187	69.875 	 1.025 	 296.565
FHW13187	70.000 	 1.449 	 288.435
FHW13187	70.125 	 1.449 	 288.435
FHW13187	70.250 	 1.652 	 303.690
FHW13187	70.375 	 1.025 	 296.565
FHW13187	70.500 	 1.449 	 288.435
FHW13187	70.625 	 1.449 	 288.435
FHW13187	70.750 	 1.449 	 288.435
FHW13187	70.875 	 1.461 	 288.435
FHW13187	71.000 	 1.025 	 296.565
FHW13187	71.125 	 2.336 	 281.310
FHW13187	71.250 	 1.833 	 270.000
FHW13187	71.375 	 1.889 	 284.036
FHW13187	71.500 	 1.833 	 270.000
FHW13187	71.625 	 1.889 	 284.036
FHW13187	71.750 	 2.291 	 270.000
FHW13187	71.875 	 1.889 	 284.036
FHW13187	72.000 	 1.833 	 270.000
FHW13187	72.125 	 1.889 	 284.036
FHW13187	72.250 	 2.291 	 270.000
FHW13187	72.375 	 2.748 	 270.000
FHW13187	72.500 	 3.231 	 270.000
FHW13187	72.625 	 3.238 	 261.870
FHW13187	72.750 	 2.748 	 270.000
FHW13187	72.875 	 3.205 	 270.000
FHW13187	73.000 	 3.238 	 261.870
FHW13187	73.125 	 3.231 	 270.000
FHW13187	73.250 	 2.748 	 270.000
FHW13187	73.375 	 3.238 	 261.870
FHW13187	73.500 	 3.205 	 270.000
FHW13187	73.625 	 2.786 	 260.538
FHW13187	73.750 	 3.231 	 270.000
FHW13187	73.875 	 3.205 	 270.000
FHW13187	74.000 	 3.238 	 261.870
FHW13187	74.125 	 2.748 	 270.000
FHW13187	74.250 	 3.205 	 270.000
FHW13187	74.375 	 3.238 	 261.870
FHW13187	74.500 	 2.770 	 270.000
FHW13187	74.625 	 3.205 	 270.000
FHW13187	74.750 	 3.238 	 261.870
FHW13187	74.875 	 2.748 	 270.000
FHW13187	75.000 	 3.205 	 270.000
FHW13187	75.125 	 3.264 	 261.870
FHW13187	75.250 	 3.205 	 270.000
FHW13187	75.375 	 2.786 	 260.538
FHW13187	75.500 	 3.205 	 270.000
FHW13187	75.625 	 3.205 	 270.000
FHW13187	75.750 	 2.808 	 260.537
FHW13187	75.875 	 3.205 	 270.000
FHW13187	76.000 	 3.205 	 270.000
FHW13187	76.125 	 3.238 	 261.870
FHW13187	76.250 	 2.748 	 270.000
FHW13187	76.375 	 3.231 	 270.000
FHW13187	76.500 	 3.238 	 261.870
FHW13187	76.625 	 2.748 	 270.000
FHW13187	76.750 	 3.205 	 270.000
FHW13187	76.875 	 3.238 	 261.870
FHW13187	77.000 	 3.205 	 270.000
FHW13187	77.125 	 2.808 	 260.538
FHW13187	77.250 	 3.205 	 270.000
FHW13187	77.375 	 3.205 	 270.000
FHW13187	77.500 	 2.786 	 260.537
FHW13187	77.625 	 3.205 	 270.000
FHW13187	77.750 	 3.231 	 270.000
FHW13187	77.875 	 3.238 	 261.870
FHW13187	78.000 	 2.748 	 270.000
FHW13187	78.125 	 3.205 	 270.000
FHW13187	78.250 	 3.238 	 261.870
FHW13187	78.375 	 2.770 	 270.000
FHW13187	78.500 	 3.205 	 270.000
FHW13187	78.625 	 3.238 	 261.870
FHW13187	78.750 	 3.205 	 270.000
FHW13187	78.875 	 2.786 	 260.537
FHW13187	79.000 	 3.231 	 270.000
FHW13187	79.125 	 3.205 	 270.000
FHW13187	79.250 	 2.786 	 260.538
FHW13187	79.375 	 3.205 	 270.000
FHW13187	79.500 	 3.205 	 270.000
FHW13187	79.625 	 3.238 	 261.870
FHW13187	79.750 	 2.770 	 270.000
FHW13187	79.875 	 3.205 	 270.000
FHW13187	80.000 	 3.238 	 261.870
FHW13187	80.125 	 2.748 	 270.000
FHW13187	80.250 	 3.205 	 270.000
FHW13187	80.375 	 3.264 	 261.870
FHW13187	80.500 	 3.205 	 270.000
FHW13187	80.625 	 2.786 	 260.538
FHW13187	80.750 	 3.205 	 270.000
FHW13187	80.875 	 3.205 	 270.000
FHW13187	81.000 	 2.808 	 260.538
FHW13187	81.125 	 3.205 	 270.000
FHW13187	81.250 	 3.205 	 270.000
FHW13187	81.375 	 2.786 	 260.537
FHW13187	81.500 	 3.205 	 270.000
FHW13187	81.625 	 4.177 	 263.660
FHW13187	81.750 	 5.212 	 254.745
FHW13187	81.875 	 5.697 	 255.964
FHW13187	82.000 	 5.651 	 255.964
FHW13187	82.125 	 5.254 	 254.745
FHW13187	82.250 	 5.697 	 255.964
FHW13187	82.375 	 5.651 	 255.964
FHW13187	82.500 	 5.254 	 254.745
FHW13187	82.625 	 5.651 	 255.964
FHW13187	82.750 	 5.697 	 255.964
FHW13187	82.875 	 5.254 	 254.745
FHW13187	83.000 	 5.559 	 260.538
FHW13187	83.125 	 5.253 	 254.745
FHW13187	83.250 	 5.651 	 255.964
FHW13187	83.375 	 5.697 	 255.964
FHW13187	83.500 	 5.212 	 254.745
FHW13187	83.625 	 5.697 	 255.964
FHW13187	83.750 	 5.697 	 255.964
FHW13187	83.875 	 5.212 	 254.745
FHW13187	84.000 	 5.697 	 255.964
FHW13187	84.125 	 5.651 	 255.964
FHW13187	84.250 	 5.254 	 254.745
FHW13187	84.375 	 5.603 	 260.538
FHW13187	84.500 	 5.651 	 255.964
FHW13187	84.625 	 5.253 	 254.745
FHW13187	84.750 	 5.651 	 255.964
FHW13187	84.875 	 5.697 	 255.964
FHW13187	85.000 	 5.254 	 254.745
FHW13187	85.125 	 5.651 	 255.964
FHW13187	85.250 	 5.697 	 255.964
FHW13187	85.375 	 5.212 	 254.745
FHW13187	85.500 	 5.697 	 255.964
FHW13187	85.625 	 5.697 	 255.964
FHW13187	85.750 	 5.212 	 254.745
FHW13187	85.875 	 5.603 	 260.538
FHW13187	86.000 	 5.212 	 254.745
FHW13187	86.125 	 5.697 	 255.964
FHW13187	86.250 	 5.651 	 255.964
FHW13187	86.375 	 5.254 	 254.745
FHW13187	86.500 	 5.697 	 255.964
FHW13187	86.625 	 5.651 	 255.964
FHW13187	86.750 	 5.254 	 254.745
FHW13187	86.875 	 5.651 	 255.964
FHW13187	87.000 	 5.697 	 255.964
FHW13187	87.125 	 5.254 	 254.745
FHW13187	87.250 	 5.651 	 255.964
FHW13187	87.375 	 5.603 	 260.538
FHW13187	87.500 	 5.212 	 254.745
FHW13187	87.625 	 5.697 	 255.964
FHW13187	87.750 	 5.697 	 255.964
FHW13187	87.875 	 5.212 	 254.745
FHW13187	88.000 	 5.697 	 255.964
FHW13187	88.125 	 5.651 	 255.964
FHW13187	88.250 	 5.254 	 254.745
FHW13187	88.375 	 5.651 	 255.964
FHW13187	88.500 	 5.254 	 254.745
FHW13187	88.625 	 5.697 	 255.964
FHW13187	88.750 	 5.651 	 255.964
FHW13187	88.875 	 5.152 	 259.695
FHW13187	89.000 	 5.651 	 255.964
FHW13187	89.125 	 5.697 	 255.964
FHW13187	89.250 	 5.254 	 254.745
FHW13187	89.375 	 5.651 	 255.964
FHW13187	89.500 	 5.697 	 255.964
FHW13187	89.625 	 5.212 	 254.745
FHW13187	89.750 	 5.697 	 255.964
FHW13187	89.875 	 5.697 	 255.964
FHW13187	90.000 	 5.212 	 254.745
FHW13187	90.125 	 5.697 	 255.964
FHW13187	90.250 	 5.651 	 255.964
FHW13187	90.375 	 5.152 	 259.695
FHW13187	90.500 	 5.697 	 255.964
FHW13187	90.625 	 5.651 	 255.964
FHW13187	90.750 	 5.254 	 254.745
FHW13187	90.875 	 5.651 	 255.964
FHW13187	91.000 	 6.697 	 254.055
FHW13187	91.125 	 8.198 	 253.611
FHW13187	91.250 	 8.700 	 251.565
FHW13187	91.375 	 8.133 	 253.610
FHW13187	91.500 	 8.133 	 253.610
FHW13187	91.625 	 8.198 	 253.611
FHW13187	91.750 	 8.133 	 253.610
FHW13187	91.875 	 8.272 	 250.560
FHW13187	92.000 	 8.636 	 254.476
FHW13187	92.125 	 8.133 	 253.611
FHW13187	92.250 	 8.133 	 253.610
FHW13187	92.375 	 8.198 	 253.610
FHW13187	92.500 	 8.272 	 250.560
FHW13187	92.625 	 8.568 	 254.476
FHW13187	92.750 	 8.198 	 253.610
FHW13187	92.875 	 8.133 	 253.611
FHW13187	93.000 	 8.133 	 253.610
FHW13187	93.125 	 8.338 	 250.560
FHW13187	93.250 	 8.568 	 254.476
FHW13187	93.375 	 8.133 	 253.611
FHW13187	93.500 	 8.133 	 253.610
FHW13187	93.625 	 8.198 	 253.610
FHW13187	93.750 	 8.272 	 250.560
FHW13187	93.875 	 8.568 	 254.476
FHW13187	94.000 	 8.198 	 253.610
FHW13187	94.125 	 8.133 	 253.610
FHW13187	94.250 	 8.272 	 250.560
FHW13187	94.375 	 8.198 	 253.610
FHW13187	94.500 	 8.568 	 254.476
FHW13187	94.625 	 8.133 	 253.610
FHW13187	94.750 	 8.198 	 253.610
FHW13187	94.875 	 8.272 	 250.560
FHW13187	95.000 	 8.133 	 253.610
FHW13187	95.125 	 8.568 	 254.476
FHW13187	95.250 	 8.198 	 253.610
FHW13187	95.375 	 8.133 	 253.610
FHW13187	95.500 	 8.272 	 250.560
FHW13187	95.625 	 8.198 	 253.611
FHW13187	95.750 	 8.568 	 254.476
FHW13187	95.875 	 8.133 	 253.610
FHW13187	96.000 	 8.198 	 253.610
FHW13187	96.125 	 8.272 	 250.560
FHW13187	96.250 	 8.133 	 253.610
FHW13187	96.375 	 8.636 	 254.476
FHW13187	96.500 	 8.133 	 253.610
FHW13187	96.625 	 8.133 	 253.611
FHW13187	96.750 	 8.338 	 250.560
FHW13187	96.875 	 8.133 	 253.610
FHW13187	97.000 	 8.568 	 254.476
FHW13187	97.125 	 8.133 	 253.610
FHW13187	97.250 	 8.338 	 250.560
FHW13187	97.375 	 8.133 	 253.610
FHW13187	97.500 	 8.133 	 253.610
FHW13187	97.625 	 8.198 	 253.610
FHW13187	97.750 	 8.568 	 254.476
FHW13187	97.875 	 8.272 	 250.560
FHW13187	98.000 	 8.198 	 253.610
FHW13187	98.125 	 8.133 	 253.610
FHW13187	98.250 	 8.133 	 253.610
FHW13187	98.375 	 8.636 	 254.476
FHW13187	98.500 	 8.272 	 250.560
FHW13187	98.625 	 8.133 	 253.610
FHW13187	98.750 	 8.198 	 253.610
FHW13187	98.875 	 8.133 	 253.610
FHW13187	99.000 	 8.568 	 254.476
FHW13187	99.125 	 8.272 	 250.560
FHW13187	99.250 	 8.198 	 253.610
FHW13187	99.375 	 8.133 	 253.610
FHW13187	99.500 	 8.133 	 253.611
FHW13187	99.625 	 8.636 	 254.476
FHW13187	99.750 	 8.272 	 250.560
FHW13187	99.875 	 8.133 	 253.610
FHW13187	100.000 	 8.198 	 253.611
FHW13187	100.125 	 8.133 	 253.610
FHW13187	100.250 	 8.699 	 251.565
FHW13187	100.375 	 9.635 	 253.301
FHW13187	100.500 	 11.199 	 250.821
FHW13187	100.625 	 10.716 	 252.350
FHW13187	100.750 	 11.199 	 250.821
FHW13187	100.875 	 10.631 	 252.350
FHW13187	101.000 	 11.289 	 250.821
FHW13187	101.125 	 11.060 	 253.072
FHW13187	101.250 	 10.776 	 250.017
FHW13187	101.375 	 11.288 	 250.821
FHW13187	101.500 	 10.631 	 252.350
FHW13187	101.625 	 11.199 	 250.821
FHW13187	101.750 	 10.631 	 252.350
FHW13187	101.875 	 11.288 	 250.821
FHW13187	102.000 	 11.060 	 253.072
FHW13187	102.125 	 10.776 	 250.017
FHW13187	102.250 	 11.148 	 253.072
FHW13187	102.375 	 10.776 	 250.017
FHW13187	102.500 	 11.199 	 250.821
FHW13187	102.625 	 11.148 	 253.072
FHW13187	102.750 	 10.776 	 250.017
FHW13187	102.875 	 11.060 	 253.072
FHW13187	103.000 	 10.776 	 250.017
FHW13187	103.125 	 11.148 	 253.072
FHW13187	103.250 	 10.776 	 250.017
FHW13187	103.375 	 11.060 	 253.072
FHW13187	103.500 	 11.288 	 250.821
FHW13187	103.625 	 10.776 	 250.017
FHW13187	103.750 	 11.060 	 253.072
FHW13187	103.875 	 10.862 	 250.017
FHW13187	104.000 	 11.060 	 253.072
FHW13187	104.125 	 11.199 	 250.821
FHW13187	104.250 	 10.631 	 252.350
FHW13187	104.375 	 11.288 	 250.821
FHW13187	104.500 	 10.631 	 252.350
FHW13187	104.625 	 11.199 	 250.821
FHW13187	104.750 	 10.862 	 250.017
FHW13187	104.875 	 11.060 	 253.072
FHW13187	105.000 	 11.199 	 250.821
FHW13187	105.125 	 10.716 	 252.350
FHW13187	105.250 	 11.199 	 250.821
FHW13187	105.375 	 10.631 	 252.350
FHW13187	105.500 	 11.199 	 250.821
FHW13187	105.625 	 11.288 	 250.821
FHW13187	105.750 	 10.631 	 252.350
FHW13187	105.875 	 11.198 	 250.821
FHW13187	106.000 	 10.716 	 252.350
FHW13187	106.125 	 11.198 	 250.821
FHW13187	106.250 	 11.060 	 253.073
FHW13187	106.375 	 10.862 	 250.017
FHW13187	106.500 	 11.059 	 253.072
FHW13187	106.625 	 10.776 	 250.017
FHW13187	106.750 	 11.198 	 250.821
FHW13187	106.875 	 10.716 	 252.350
FHW13187	107.000 	 11.199 	 250.821
FHW13187	107.125 	 11.060 	 253.073
FHW13187	107.250 	 10.862 	 250.017
FHW13187	107.375 	 11.059 	 253.072
FHW13187	107.500 	 10.776 	 250.017
FHW13187	107.625 	 11.148 	 253.072
FHW13187	107.750 	 11.199 	 250.821
FHW13187	107.875 	 10.776 	 250.017
FHW13187	108.000 	 11.148 	 253.073
FHW13187	108.125 	 10.776 	 250.017
FHW13187	108.250 	 11.059 	 253.072
FHW13187	108.375 	 10.776 	 250.017
FHW13187	108.500 	 11.148 	 253.072
FHW13187	108.625 	 11.199 	 250.821
FHW13187	108.750 	 10.630 	 252.350
FHW13187	108.875 	 11.288 	 250.821
FHW13187	109.000 	 10.776 	 250.017
FHW13187	109.125 	 11.059 	 253.072
FHW13187	109.250 	 11.289 	 250.821
FHW13187	109.375 	 10.630 	 252.350
FHW13187	109.500 	 11.199 	 250.821
FHW13187	109.625 	 12.287 	 250.201
FHW13187	109.750 	 13.805 	 250.346
FHW13187	109.875 	 13.697 	 250.346
FHW13187	110.000 	 13.805 	 250.346
FHW13187	110.125 	 13.962 	 248.553
FHW13187	110.250 	 13.696 	 250.346
FHW13187	110.375 	 13.806 	 250.346
FHW13187	110.500 	 13.852 	 248.552
FHW13187	110.625 	 13.805 	 250.346
FHW13187	110.750 	 13.805 	 250.346
FHW13187	110.875 	 13.852 	 248.552
FHW13187	111.000 	 13.805 	 250.346
FHW13187	111.125 	 13.805 	 250.346
FHW13187	111.250 	 13.852 	 248.552
FHW13187	111.375 	 13.806 	 250.346
FHW13187	111.500 	 13.696 	 250.346
FHW13187	111.625 	 13.805 	 250.346
FHW13187	111.750 	 13.962 	 248.552
FHW13187	111.875 	 13.696 	 250.346
FHW13187	112.000 	 13.805 	 250.346
FHW13187	112.125 	 13.962 	 248.553
FHW13187	112.250 	 13.697 	 250.346
FHW13187	112.375 	 13.805 	 250.346
FHW13187	112.500 	 13.962 	 248.552
FHW13187	112.625 	 13.696 	 250.346
FHW13187	112.750 	 13.806 	 250.346
FHW13187	112.875 	 13.852 	 248.552
FHW13187	113.000 	 13.805 	 250.346
FHW13187	113.125 	 13.805 	 250.346
FHW13187	113.250 	 13.697 	 250.346
FHW13187	113.375 	 13.962 	 248.552
FHW13187	113.500 	 13.805 	 250.346
FHW13187	113.625 	 13.696 	 250.346
FHW13187	113.750 	 13.962 	 248.552
FHW13187	113.875 	 13.805 	 250.346
FHW13187	114.000 	 13.696 	 250.346
FHW13187	114.125 	 13.962 	 248.552
FHW13187	114.250 	 13.697 	 250.346
FHW13187	114.375 	 13.805 	 250.346
FHW13187	114.500 	 13.962 	 248.552
FHW13187	114.625 	 13.696 	 250.346
FHW13187	114.750 	 13.806 	 250.346
FHW13187	114.875 	 13.962 	 248.552
FHW13187	115.000 	 13.696 	 250.346
FHW13187	115.125 	 14.226 	 250.974
FHW13187	115.250 	 13.696 	 250.346
FHW13187	115.375 	 13.962 	 248.553
FHW13187	115.500 	 13.805 	 250.346
FHW13187	115.625 	 13.697 	 250.346
FHW13187	115.750 	 13.962 	 248.552
FHW13187	115.875 	 13.805 	 250.346
FHW13187	116.000 	 13.696 	 250.346
FHW13187	116.125 	 13.962 	 248.552
FHW13187	116.250 	 13.805 	 250.346
FHW13187	116.375 	 13.696 	 250.346
FHW13187	116.500 	 13.962 	 248.552
FHW13187	116.625 	 13.697 	 250.346
FHW13187	116.750 	 13.805 	 250.346
FHW13187	116.875 	 13.805 	 250.346
FHW13187	117.000 	 13.852 	 248.552
FHW13187	117.125 	 13.806 	 250.346
FHW13187	117.250 	 13.805 	 250.346
FHW13187	117.375 	 13.852 	 248.552
FHW13187	117.500 	 13.806 	 250.346
FHW13187	117.625 	 13.805 	 250.346
FHW13187	117.750 	 13.852 	 248.552
FHW13187	117.875 	 13.805 	 250.346
FHW13187	118.000 	 13.697 	 250.346
FHW13187	118.125 	 13.962 	 248.552
FHW13187	118.250 	 13.805 	 250.346
FHW13187	118.375 	 13.696 	 250.346
FHW13187	118.500 	 13.806 	 250.346
FHW13187	118.625 	 13.962 	 248.552
FHW13187	118.750 	 13.696 	 250.346
FHW13187	118.875 	 13.805 	 250.346
FHW13187	119.000 	 16.633 	 247.011
FHW13187	119.125 	 16.632 	 247.011
FHW13187	119.250 	 16.597 	 248.499
FHW13187	119.375 	 17.035 	 247.620
FHW13187	119.500 	 16.632 	 247.011
FHW13187	119.625 	 16.633 	 247.011
FHW13187	119.750 	 16.596 	 248.499
FHW13187	119.875 	 16.632 	 247.011
FHW13187	120.000 	 17.036 	 247.620
FHW13187	120.125 	 16.596 	 248.499
FHW13187	120.250 	 16.633 	 247.011
FHW13187	120.375 	 16.632 	 247.011
FHW13187	120.500 	 16.632 	 247.011
FHW13187	120.625 	 17.009 	 249.075
FHW13187	120.750 	 16.632 	 247.011
FHW13187	120.875 	 16.632 	 247.011
FHW13187	121.000 	 16.597 	 248.499
FHW13187	121.125 	 16.632 	 247.011
FHW13187	121.250 	 16.633 	 247.011
FHW13187	121.375 	 17.036 	 247.620
FHW13187	121.500 	 16.596 	 248.499
FHW13187	121.625 	 16.633 	 247.011
FHW13187	121.750 	 16.632 	 247.011
FHW13187	121.875 	 16.597 	 248.499
FHW13187	122.000 	 17.035 	 247.620
FHW13187	122.125 	 16.632 	 247.011
FHW13187	122.250 	 16.633 	 247.011
FHW13187	122.375 	 16.596 	 248.499
FHW13187	122.500 	 16.632 	 247.011
FHW13187	122.625 	 17.036 	 247.620
FHW13187	122.750 	 16.596 	 248.499
FHW13187	122.875 	 16.633 	 247.011
FHW13187	123.000 	 16.632 	 247.011
FHW13187	123.125 	 16.632 	 247.011
FHW13187	123.250 	 17.009 	 249.075
FHW13187	123.375 	 16.632 	 247.011
FHW13187	123.500 	 16.632 	 247.012
FHW13187	123.625 	 16.597 	 248.499
FHW13187	123.750 	 16.632 	 247.011
FHW13187	123.875 	 17.036 	 247.619
FHW13187	124.000 	 16.632 	 247.011
FHW13187	124.125 	 16.596 	 248.499
FHW13187	124.250 	 16.633 	 247.011
FHW13187	124.375 	 16.632 	 247.011
FHW13187	124.500 	 16.597 	 248.499
FHW13187	124.625 	 17.036 	 247.620
FHW13187	124.750 	 16.632 	 247.011
FHW13187	124.875 	 16.633 	 247.011
FHW13187	125.000 	 16.596 	 248.499
FHW13187	125.125 	 16.632 	 247.011
FHW13187	125.250 	 17.037 	 247.620
FHW13187	125.375 	 16.596 	 248.499
FHW13187	125.500 	 16.633 	 247.011
FHW13187	125.625 	 16.632 	 247.011
FHW13187	125.750 	 16.632 	 247.011
FHW13187	125.875 	 17.009 	 249.075
FHW13187	126.000 	 16.632 	 247.011
FHW13187	126.125 	 16.632 	 247.011
FHW13187	126.250 	 16.467 	 248.499
FHW13187	126.375 	 16.764 	 247.011
FHW13187	126.500 	 17.037 	 247.620
FHW13187	126.625 	 16.632 	 247.011
FHW13187	126.750 	 16.596 	 248.499
FHW13187	126.875 	 16.633 	 247.011
FHW13187	127.000 	 16.632 	 247.011
FHW13187	127.125 	 16.466 	 248.499
FHW13187	127.250 	 17.171 	 247.620
FHW13187	127.375 	 16.632 	 247.011
FHW13187	127.500 	 16.633 	 247.011
FHW13187	127.625 	 16.596 	 248.499
FHW13187	127.750 	 16.632 	 247.011
FHW13187	127.875 	 17.037 	 247.620
FHW13187	128.000 	 16.466 	 248.499
FHW13187	128.125 	 16.765 	 247.011
FHW13187	128.250 	 16.632 	 247.011
FHW13187	128.375 	 18.861 	 246.615
FHW13187	128.500 	 19.224 	 244.058
FHW13187	128.625 	 19.612 	 244.654
FHW13187	128.750 	 19.613 	 244.653
FHW13187	128.875 	 19.432 	 245.898
FHW13187	129.000 	 19.768 	 244.654
FHW13187	129.125 	 19.223 	 244.057
FHW13187	129.250 	 19.613 	 244.654
FHW13187	129.375 	 19.613 	 244.654
FHW13187	129.500 	 19.433 	 245.898
FHW13187	129.625 	 19.767 	 244.654
FHW13187	129.750 	 19.224 	 244.058
FHW13187	129.875 	 19.611 	 244.654
FHW13187	130.000 	 19.613 	 244.654
FHW13187	130.125 	 19.585 	 245.898
FHW13187	130.250 	 19.613 	 244.654
FHW13187	130.375 	 19.613 	 244.654
FHW13187	130.500 	 19.224 	 244.057
FHW13187	130.625 	 19.611 	 244.654
FHW13187	130.750 	 19.588 	 245.898
FHW13187	130.875 	 19.611 	 244.654
FHW13187	131.000 	 19.613 	 244.654
FHW13187	131.125 	 19.224 	 244.057
FHW13187	131.250 	 19.613 	 244.654
FHW13187	131.375 	 19.585 	 245.898
FHW13187	131.500 	 19.613 	 244.654
FHW13187	131.625 	 19.611 	 244.654
FHW13187	131.750 	 19.224 	 244.057
FHW13187	131.875 	 19.613 	 244.654
FHW13187	132.000 	 19.585 	 245.898
FHW13187	132.125 	 19.613 	 244.654
FHW13187	132.250 	 19.613 	 244.653
FHW13187	132.375 	 19.611 	 244.654
FHW13187	132.500 	 19.039 	 245.324
FHW13187	132.625 	 19.769 	 244.653
FHW13187	132.750 	 19.611 	 244.654
FHW13187	132.875 	 19.613 	 244.654
FHW13187	133.000 	 19.613 	 244.654
FHW13187	133.125 	 19.188 	 245.323
FHW13187	133.250 	 19.613 	 244.654
FHW13187	133.375 	 19.613 	 244.654
FHW13187	133.500 	 19.611 	 244.654
FHW13187	133.625 	 19.613 	 244.654
FHW13187	133.750 	 19.188 	 245.323
FHW13187	133.875 	 19.613 	 244.654
FHW13187	134.000 	 19.613 	 244.654
FHW13187	134.125 	 19.613 	 244.654
FHW13187	134.250 	 19.611 	 244.654
FHW13187	134.375 	 19.588 	 245.898
FHW13187	134.500 	 19.222 	 244.057
FHW13187	134.625 	 19.613 	 244.654
FHW13187	134.750 	 19.613 	 244.654
FHW13187	134.875 	 19.613 	 244.654
FHW13187	135.000 	 19.585 	 245.898
FHW13187	135.125 	 19.224 	 244.057
FHW13187	135.250 	 19.611 	 244.654
FHW13187	135.375 	 19.613 	 244.654
FHW13187	135.500 	 19.613 	 244.654
FHW13187	135.625 	 19.585 	 245.897
FHW13187	135.750 	 19.224 	 244.058
FHW13187	135.875 	 19.613 	 244.654
FHW13187	136.000 	 19.613 	 244.654
FHW13187	136.125 	 19.585 	 245.897
FHW13187	136.250 	 19.613 	 244.654
FHW13187	136.375 	 19.611 	 244.654
FHW13187	136.500 	 19.224 	 244.058
FHW13187	136.625 	 19.613 	 244.653
FHW13187	136.750 	 19.585 	 245.898
FHW13187	136.875 	 19.613 	 244.654
FHW13187	137.000 	 19.613 	 244.654
FHW13187	137.125 	 19.222 	 244.058
FHW13187	137.250 	 19.613 	 244.654
FHW13187	137.375 	 19.585 	 245.898
FHW13187	137.500 	 19.613 	 244.654
FHW13187	137.625 	 19.613 	 244.654
FHW13187	137.750 	 21.279 	 242.301
FHW13187	137.875 	 22.232 	 242.354
FHW13187	138.000 	 22.782 	 242.904
FHW13187	138.125 	 22.232 	 242.354
FHW13187	138.250 	 22.232 	 242.354
FHW13187	138.375 	 22.405 	 242.354
FHW13187	138.500 	 22.431 	 241.294
FHW13187	138.625 	 22.782 	 242.904
FHW13187	138.750 	 22.232 	 242.354
FHW13187	138.875 	 22.405 	 242.354
FHW13187	139.000 	 22.232 	 242.354
FHW13187	139.125 	 22.405 	 242.354
FHW13187	139.250 	 22.607 	 242.905
FHW13187	139.375 	 22.608 	 241.294
FHW13187	139.500 	 22.229 	 242.354
FHW13187	139.625 	 22.408 	 242.354
FHW13187	139.750 	 22.232 	 242.354
FHW13187	139.875 	 22.604 	 242.905
FHW13187	140.000 	 22.407 	 242.354
FHW13187	140.125 	 22.232 	 242.354
FHW13187	140.250 	 22.605 	 241.294
FHW13187	140.375 	 22.232 	 242.354
FHW13187	140.500 	 22.782 	 242.905
FHW13187	140.625 	 22.232 	 242.354
FHW13187	140.750 	 22.405 	 242.354
FHW13187	140.875 	 22.232 	 242.355
FHW13187	141.000 	 22.608 	 241.294
FHW13187	141.125 	 22.229 	 242.354
FHW13187	141.250 	 22.607 	 242.905
FHW13187	141.375 	 22.407 	 242.354
FHW13187	141.500 	 22.229 	 242.354
FHW13187	141.625 	 22.407 	 242.354
FHW13187	141.750 	 22.232 	 242.354
FHW13187	141.875 	 22.978 	 241.858
FHW13187	142.000 	 22.232 	 242.354
FHW13187	142.125 	 22.405 	 242.354
FHW13187	142.250 	 22.232 	 242.354
FHW13187	142.375 	 22.405 	 242.354
FHW13187	142.500 	 22.607 	 242.905
FHW13187	142.625 	 22.431 	 241.294
FHW13187	142.750 	 22.405 	 242.354
FHW13187	142.875 	 22.232 	 242.354
FHW13187	143.000 	 22.408 	 242.355
FHW13187	143.125 	 22.604 	 242.904
FHW13187	143.250 	 22.408 	 242.355
FHW13187	143.375 	 22.232 	 242.354
FHW13187	143.500 	 22.606 	 241.294
FHW13187	143.625 	 22.232 	 242.354
FHW13187	143.750 	 22.782 	 242.904
FHW13187	143.875 	 22.232 	 242.354
FHW13187	144.000 	 22.232 	 242.354
FHW13187	144.125 	 22.405 	 242.354
FHW13187	144.250 	 22.431 	 241.294
FHW13187	144.375 	 22.782 	 242.904
FHW13187	144.500 	 22.232 	 242.354
FHW13187	144.625 	 22.405 	 242.354
FHW13187	144.750 	 22.232 	 242.354
FHW13187	144.875 	 22.407 	 242.354
FHW13187	145.000 	 22.604 	 242.905
FHW13187	145.125 	 22.608 	 241.294
FHW13187	145.250 	 22.232 	 242.354
FHW13187	145.375 	 22.230 	 242.355
FHW13187	145.500 	 22.407 	 242.354
FHW13187	145.625 	 22.232 	 242.354
FHW13187	145.750 	 22.782 	 242.905
FHW13187	145.875 	 22.431 	 241.294
FHW13187	146.000 	 22.405 	 242.354
FHW13187	146.125 	 22.232 	 242.354
FHW13187	146.250 	 22.405 	 242.355
FHW13187	146.375 	 22.606 	 242.904
FHW13187	146.500 	 22.408 	 242.354
FHW13187	146.625 	 22.229 	 242.354
FHW13187	146.750 	 22.431 	 241.294
FHW13187	146.875 	 22.407 	 242.354
FHW13187	147.000 	 23.350 	 242.403
FHW13187	147.125 	 25.225 	 241.991
FHW13187	147.250 	 25.227 	 241.991
FHW13187	147.375 	 25.422 	 241.049
FHW13187	147.500 	 25.227 	 241.991
FHW13187	147.625 	 25.224 	 241.991
FHW13187	147.750 	 25.425 	 241.049
FHW13187	147.875 	 25.224 	 241.991
FHW13187	148.000 	 25.224 	 241.991
FHW13187	148.125 	 25.425 	 241.049
FHW13187	148.250 	 25.224 	 241.991
FHW13187	148.375 	 25.425 	 241.049
FHW13187	148.500 	 25.224 	 241.991
FHW13187	148.625 	 25.227 	 241.991
FHW13187	148.750 	 25.422 	 241.049
FHW13187	148.875 	 25.225 	 241.991
FHW13187	149.000 	 25.227 	 241.991
FHW13187	149.125 	 25.421 	 241.048
FHW13187	149.250 	 25.228 	 241.991
FHW13187	149.375 	 25.224 	 241.991
FHW13187	149.500 	 25.425 	 241.049
FHW13187	149.625 	 25.224 	 241.990
FHW13187	149.750 	 25.225 	 241.991
FHW13187	149.875 	 25.425 	 241.049
FHW13187	150.000 	 25.224 	 241.990
FHW13187	150.125 	 25.425 	 241.049
FHW13187	150.250 	 25.224 	 241.990
FHW13187	150.375 	 25.227 	 241.992
FHW13187	150.500 	 25.060 	 240.524
FHW13187	150.625 	 25.224 	 241.990
FHW13187	150.750 	 25.228 	 241.991
FHW13187	150.875 	 25.422 	 241.049
FHW13187	151.000 	 25.227 	 241.990
FHW13187	151.125 	 25.225 	 241.992
FHW13187	151.250 	 25.424 	 241.048
FHW13187	151.375 	 25.225 	 241.991
FHW13187	151.500 	 25.224 	 241.990
FHW13187	151.625 	 25.425 	 241.049
FHW13187	151.750 	 25.224 	 241.990
FHW13187	151.875 	 25.228 	 241.991
FHW13187	152.000 	 25.421 	 241.049
FHW13187	152.125 	 25.228 	 241.991
FHW13187	152.250 	 25.421 	 241.048
FHW13187	152.375 	 25.228 	 241.991
FHW13187	152.500 	 25.225 	 241.991
FHW13187	152.625 	 25.421 	 241.048
FHW13187	152.750 	 25.228 	 241.991
FHW13187	152.875 	 25.224 	 241.991
FHW13187	153.000 	 25.425 	 241.049
FHW13187	153.125 	 25.224 	 241.990
FHW13187	153.250 	 25.228 	 241.991
FHW13187	153.375 	 25.421 	 241.048
FHW13187	153.500 	 25.225 	 241.991
FHW13187	153.625 	 25.227 	 241.990
FHW13187	153.750 	 25.422 	 241.050
FHW13187	153.875 	 25.227 	 241.990
FHW13187	154.000 	 25.225 	 241.991
FHW13187	154.125 	 25.424 	 241.048
FHW13187	154.250 	 25.225 	 241.991
FHW13187	154.375 	 25.422 	 241.049
FHW13187	154.500 	 25.227 	 241.990
FHW13187	154.625 	 25.225 	 241.992
FHW13187	154.750 	 25.424 	 241.048
FHW13187	154.875 	 25.225 	 241.991
FHW13187	155.000 	 25.227 	 241.990
FHW13187	155.125 	 25.422 	 241.049
FHW13187	155.250 	 25.224 	 241.990
FHW13187	155.375 	 25.227 	 241.992
FHW13187	155.500 	 25.421 	 241.048
FHW13187	155.625 	 25.228 	 241.991
FHW13187	155.750 	 25.224 	 241.990
FHW13187	155.875 	 25.425 	 241.049
FHW13187	156.000 	 25.029 	 241.991
FHW13187	156.125 	 25.424 	 241.048
FHW13187	156.250 	 25.225 	 241.991
FHW13187	156.375 	 25.227 	 241.991
FHW13187	156.500 	 25.422 	 241.049
FHW13187	156.625 	 25.227 	 241.990
FHW13187	156.750 	 28.996 	 241.314
FHW13187	156.875 	 28.425 	 240.852
FHW13187	157.000 	 29.000 	 241.315
FHW13187	157.125 	 29.191 	 240.488
FHW13187	157.250 	 28.777 	 241.314
FHW13187	157.375 	 29.000 	 241.313
FHW13187	157.500 	 28.777 	 241.315
FHW13187	157.625 	 28.846 	 240.018
FHW13187	157.750 	 28.996 	 241.314
FHW13187	157.875 	 28.777 	 241.314
FHW13187	158.000 	 29.000 	 241.314
FHW13187	158.125 	 28.971 	 240.488
FHW13187	158.250 	 28.996 	 241.313
FHW13187	158.375 	 28.646 	 240.852
FHW13187	158.500 	 28.777 	 241.313
FHW13187	158.625 	 29.000 	 241.315
FHW13187	158.750 	 28.971 	 240.488
FHW13187	158.875 	 28.996 	 241.314
FHW13187	159.000 	 28.777 	 241.314
FHW13187	159.125 	 29.000 	 241.314
FHW13187	159.250 	 28.842 	 240.019
FHW13187	159.375 	 28.780 	 241.313
FHW13187	159.500 	 28.996 	 241.313
FHW13187	159.625 	 28.776 	 241.314
FHW13187	159.750 	 29.000 	 241.314
FHW13187	159.875 	 29.191 	 240.488
FHW13187	160.000 	 28.425 	 240.852
FHW13187	160.125 	 29.000 	 241.313
FHW13187	160.250 	 28.776 	 241.314
FHW13187	160.375 	 29.195 	 240.489
FHW13187	160.500 	 28.996 	 241.314
FHW13187	160.625 	 28.777 	 241.313
FHW13187	160.750 	 28.647 	 240.852
FHW13187	160.875 	 28.971 	 240.488
FHW13187	161.000 	 28.997 	 241.314
FHW13187	161.125 	 28.776 	 241.314
FHW13187	161.250 	 29.000 	 241.313
FHW13187	161.375 	 29.000 	 241.314
FHW13187	161.500 	 28.623 	 240.018
FHW13187	161.625 	 28.997 	 241.314
FHW13187	161.750 	 28.777 	 241.313
FHW13187	161.875 	 28.999 	 241.314
FHW13187	162.000 	 29.192 	 240.489
FHW13187	162.125 	 28.776 	 241.314
FHW13187	162.250 	 28.647 	 240.852
FHW13187	162.375 	 28.777 	 241.313
FHW13187	162.500 	 28.999 	 241.314
FHW13187	162.625 	 28.972 	 240.489
FHW13187	162.750 	 28.996 	 241.314
FHW13187	162.875 	 29.000 	 241.313
FHW13187	163.000 	 28.425 	 240.852
FHW13187	163.125 	 29.191 	 240.488
FHW13187	163.250 	 28.777 	 241.314
FHW13187	163.375 	 28.999 	 241.314
FHW13187	163.500 	 29.000 	 241.313
FHW13187	163.625 	 28.971 	 240.488
FHW13187	163.750 	 28.997 	 241.314
FHW13187	163.875 	 28.425 	 240.852
FHW13187	164.000 	 29.000 	 241.313
FHW13187	164.125 	 28.996 	 241.314
FHW13187	164.250 	 28.971 	 240.488
FHW13187	164.375 	 29.000 	 241.315
FHW13187	164.500 	 28.777 	 241.313
FHW13187	164.625 	 28.647 	 240.852
FHW13187	164.750 	 28.971 	 240.488
FHW13187	164.875 	 28.996 	 241.313
FHW13187	165.000 	 29.000 	 241.315
FHW13187	165.125 	 28.777 	 241.313
FHW13187	165.250 	 29.191 	 240.488
FHW13187	165.375 	 28.425 	 240.852
FHW13187	165.500 	 29.000 	 241.313
FHW13187	165.625 	 29.000 	 241.315
FHW13187	165.750 	 28.777 	 241.313
FHW13187	165.875 	 32.191 	 240.362
FHW13187	166.000 	 33.214 	 240.046
FHW13187	166.125 	 32.966 	 240.047
FHW13187	166.250 	 32.966 	 240.046
FHW13187	166.375 	 33.214 	 240.047
FHW13187	166.500 	 32.962 	 240.046
FHW13187	166.625 	 32.966 	 240.046
FHW13187	166.750 	 33.298 	 240.461
FHW13187	166.875 	 33.214 	 240.046
FHW13187	167.000 	 32.966 	 240.047
FHW13187	167.125 	 32.966 	 240.046
FHW13187	167.250 	 33.214 	 240.046
FHW13187	167.375 	 32.966 	 240.047
FHW13187	167.500 	 33.483 	 239.743
FHW13187	167.625 	 33.218 	 240.046
FHW13187	167.750 	 32.962 	 240.047
FHW13187	167.875 	 32.966 	 240.046
FHW13187	168.000 	 32.966 	 240.046
FHW13187	168.125 	 33.214 	 240.047
FHW13187	168.250 	 33.298 	 240.461
FHW13187	168.375 	 32.962 	 240.047
FHW13187	168.500 	 33.218 	 240.046
FHW13187	168.625 	 32.962 	 240.046
FHW13187	168.750 	 32.966 	 240.047
FHW13187	168.875 	 33.214 	 240.046
FHW13187	169.000 	 32.966 	 240.047
FHW13187	169.125 	 33.298 	 240.461
FHW13187	169.250 	 32.966 	 240.047
FHW13187	169.375 	 33.214 	 240.046
FHW13187	169.500 	 32.966 	 240.046
FHW13187	169.625 	 32.962 	 240.047
FHW13187	169.750 	 33.214 	 240.046
FHW13187	169.875 	 33.298 	 240.461
FHW13187	170.000 	 32.966 	 240.046
FHW13187	170.125 	 33.214 	 240.046
FHW13187	170.250 	 32.966 	 240.047
FHW13187	170.375 	 32.966 	 240.046
FHW13187	170.500 	 32.962 	 240.047
FHW13187	170.625 	 33.218 	 240.046
FHW13187	170.750 	 33.294 	 240.461
FHW13187	170.875 	 32.966 	 240.047
FHW13187	171.000 	 33.214 	 240.046
FHW13187	171.125 	 32.966 	 240.047
FHW13187	171.250 	 32.966 	 240.046
FHW13187	171.375 	 33.214 	 240.047
FHW13187	171.500 	 33.298 	 240.461
FHW13187	171.625 	 32.962 	 240.046
FHW13187	171.750 	 33.218 	 240.047
FHW13187	171.875 	 32.962 	 240.046
FHW13187	172.000 	 32.966 	 240.047
FHW13187	172.125 	 32.966 	 240.046
FHW13187	172.250 	 33.548 	 240.461
FHW13187	172.375 	 32.966 	 240.047
FHW13187	172.500 	 32.966 	 240.046
FHW13187	172.625 	 33.214 	 240.047
FHW13187	172.750 	 32.966 	 240.046
FHW13187	172.875 	 32.962 	 240.047
FHW13187	173.000 	 33.214 	 240.046
FHW13187	173.125 	 33.298 	 240.461
FHW13187	173.250 	 32.966 	 240.047
FHW13187	173.375 	 32.966 	 240.046
FHW13187	173.500 	 33.214 	 240.047
FHW13187	173.625 	 32.966 	 240.046
FHW13187	173.750 	 32.962 	 240.046
FHW13187	173.875 	 33.551 	 240.461
FHW13187	174.000 	 32.962 	 240.046
FHW13187	174.125 	 32.966 	 240.047
FHW13187	174.250 	 33.214 	 240.046
FHW13187	174.375 	 32.966 	 240.047
FHW13187	174.500 	 32.966 	 240.046
FHW13187	174.625 	 32.962 	 240.046
FHW13187	174.750 	 33.551 	 240.461
FHW13187	174.875 	 32.962 	 240.046
FHW13187	175.000 	 32.966 	 240.047
FHW13187	175.125 	 33.214 	 240.046
FHW13187	175.250 	 36.203 	 239.967
FHW13187	175.375 	 36.938 	 241.389
FHW13187	175.500 	 36.792 	 240.350
FHW13187	175.625 	 36.342 	 241.020
FHW13187	175.750 	 36.792 	 240.351
FHW13187	175.875 	 36.938 	 241.389
FHW13187	176.000 	 36.792 	 240.351
FHW13187	176.125 	 36.796 	 240.349
FHW13187	176.250 	 36.934 	 241.390
FHW13187	176.375 	 36.793 	 240.350
FHW13187	176.500 	 36.616 	 241.021
FHW13187	176.625 	 37.111 	 240.724
FHW13187	176.750 	 36.797 	 240.351
FHW13187	176.875 	 36.612 	 241.020
FHW13187	177.000 	 37.111 	 240.725
FHW13187	177.125 	 36.616 	 241.020
FHW13187	177.250 	 36.792 	 240.351
FHW13187	177.375 	 36.839 	 240.724
FHW13187	177.500 	 36.611 	 241.020
FHW13187	177.625 	 36.797 	 240.350
FHW13187	177.750 	 36.934 	 241.390
FHW13187	177.875 	 36.797 	 240.350
FHW13187	178.000 	 36.612 	 241.021
FHW13187	178.125 	 37.111 	 240.724
FHW13187	178.250 	 36.796 	 240.350
FHW13187	178.375 	 36.612 	 241.020
FHW13187	178.500 	 37.115 	 240.725
FHW13187	178.625 	 36.612 	 241.020
FHW13187	178.750 	 36.792 	 240.350
FHW13187	178.875 	 37.115 	 240.725
FHW13187	179.000 	 36.612 	 241.020
FHW13187	179.125 	 36.522 	 240.351
FHW13187	179.250 	 36.934 	 241.389
FHW13187	179.375 	 36.797 	 240.351
FHW13187	179.500 	 36.612 	 241.020
FHW13187	179.625 	 37.115 	 240.724
FHW13187	179.750 	 36.792 	 240.351
FHW13187	179.875 	 36.612 	 241.020
FHW13187	180.000 	 37.115 	 240.725
FHW13187	180.125 	 36.612 	 241.020
FHW13187	180.250 	 36.796 	 240.350
FHW13187	180.375 	 37.111 	 240.725
FHW13187	180.500 	 36.612 	 241.020
FHW13187	180.625 	 36.797 	 240.351
FHW13187	180.750 	 36.934 	 241.389
FHW13187	180.875 	 36.521 	 240.350
FHW13187	181.000 	 36.797 	 240.350
FHW13187	181.125 	 36.934 	 241.390
FHW13187	181.250 	 36.793 	 240.350
FHW13187	181.375 	 36.616 	 241.021
FHW13187	181.500 	 37.111 	 240.724
FHW13187	181.625 	 36.616 	 241.020
FHW13187	181.750 	 36.793 	 240.350
FHW13187	181.875 	 37.111 	 240.725
FHW13187	182.000 	 36.616 	 241.020
FHW13187	182.125 	 36.792 	 240.351
FHW13187	182.250 	 36.938 	 241.389
FHW13187	182.375 	 36.792 	 240.350
FHW13187	182.500 	 36.793 	 240.350
FHW13187	182.625 	 36.663 	 241.390
FHW13187	182.750 	 36.797 	 240.350
FHW13187	182.875 	 36.611 	 241.020
FHW13187	183.000 	 37.111 	 240.724
FHW13187	183.125 	 36.616 	 241.021
FHW13187	183.250 	 36.793 	 240.350
FHW13187	183.375 	 37.115 	 240.725
FHW13187	183.500 	 36.612 	 241.020
FHW13187	183.625 	 36.792 	 240.350
FHW13187	183.750 	 36.938 	 241.389
FHW13187	183.875 	 36.792 	 240.351
FHW13187	184.000 	 36.797 	 240.351
FHW13187	184.125 	 36.934 	 241.389
FHW13187	184.250 	 36.792 	 240.350
FHW13187	184.375 	 36.342 	 241.021
FHW13187	184.500 	 36.796 	 240.350
FHW13187	184.625 	 38.909 	 241.798
FHW13187	184.750 	 39.079 	 241.157
FHW13187	184.875 	 39.079 	 241.157
FHW13187	185.000 	 39.390 	 241.505
FHW13187	185.125 	 39.079 	 241.157
FHW13187	185.250 	 39.079 	 241.157
FHW13187	185.375 	 39.390 	 241.504
FHW13187	185.500 	 39.368 	 241.157
FHW13187	185.625 	 38.909 	 241.799
FHW13187	185.750 	 39.390 	 241.504
FHW13187	185.875 	 39.079 	 241.157
FHW13187	186.000 	 39.079 	 241.157
FHW13187	186.125 	 39.390 	 241.504
FHW13187	186.250 	 39.079 	 241.157
FHW13187	186.375 	 39.079 	 241.157
FHW13187	186.500 	 39.684 	 241.504
FHW13187	186.625 	 38.909 	 241.799
FHW13187	186.750 	 39.079 	 241.157
FHW13187	186.875 	 39.390 	 241.504
FHW13187	187.000 	 39.079 	 241.157
FHW13187	187.125 	 39.078 	 241.157
FHW13187	187.250 	 39.079 	 241.157
FHW13187	187.375 	 39.390 	 241.504
FHW13187	187.500 	 39.197 	 241.799
FHW13187	187.625 	 39.079 	 241.157
FHW13187	187.750 	 39.390 	 241.504
FHW13187	187.875 	 39.079 	 241.157
FHW13187	188.000 	 39.079 	 241.157
FHW13187	188.125 	 41.366 	 241.887
FHW13187	188.250 	 41.060 	 241.557
FHW13187	188.375 	 41.361 	 241.886
FHW13187	188.500 	 41.061 	 241.557
FHW13187	188.625 	 41.365 	 241.888
FHW13187	188.750 	 41.056 	 241.557
FHW13187	188.875 	 41.227 	 240.944
FHW13187	189.000 	 41.361 	 241.888
FHW13187	189.125 	 40.763 	 241.557
FHW13187	189.250 	 41.361 	 241.886
FHW13187	189.375 	 41.061 	 241.557
FHW13187	189.500 	 41.361 	 241.888
FHW13187	189.625 	 41.061 	 241.557
FHW13187	189.750 	 41.365 	 241.885
FHW13187	189.875 	 41.057 	 241.558
FHW13187	190.000 	 41.061 	 241.557
FHW13187	190.125 	 41.361 	 241.888
FHW13187	190.250 	 41.227 	 240.944
FHW13187	190.375 	 41.365 	 241.888
FHW13187	190.500 	 41.056 	 241.557
FHW13187	190.625 	 41.364 	 241.886
FHW13187	190.750 	 41.062 	 241.557
FHW13187	190.875 	 41.056 	 241.557
FHW13187	191.000 	 41.365 	 241.888
FHW13187	191.125 	 41.056 	 241.557
FHW13187	191.250 	 41.063 	 241.886
FHW13187	191.375 	 41.061 	 241.557
FHW13187	191.500 	 41.364 	 241.886
FHW13187	191.625 	 41.057 	 241.558
FHW13187	191.750 	 41.527 	 241.278
FHW13187	191.875 	 41.062 	 241.558
FHW13187	192.000 	 41.056 	 241.557
FHW13187	192.125 	 41.366 	 241.886
FHW13187	192.250 	 41.056 	 241.557
FHW13187	192.375 	 41.365 	 241.888
FHW13187	192.500 	 41.061 	 241.557
FHW13187	192.625 	 41.360 	 241.886
FHW13187	192.750 	 41.062 	 241.557
FHW13187	192.875 	 41.360 	 241.886
FHW13187	193.000 	 41.062 	 241.558
FHW13187	193.125 	 41.227 	 240.944
FHW13187	193.250 	 41.361 	 241.888
FHW13187	193.375 	 41.061 	 241.557
FHW13187	193.500 	 41.062 	 241.886
FHW13187	193.625 	 41.062 	 241.557
FHW13187	193.750 	 41.360 	 241.886
FHW13187	193.875 	 41.062 	 241.558
FHW13187	194.000 	 44.425 	 241.966
FHW13187	194.125 	 45.192 	 241.699
FHW13187	194.250 	 44.866 	 241.699
FHW13187	194.375 	 44.430 	 241.966
FHW13187	194.500 	 45.188 	 241.700
FHW13187	194.625 	 44.718 	 242.271
FHW13187	194.750 	 45.192 	 241.699
FHW13187	194.875 	 44.580 	 241.390
FHW13187	195.000 	 45.039 	 242.271
FHW13187	195.125 	 44.867 	 241.700
FHW13187	195.250 	 45.039 	 242.271
FHW13187	195.375 	 44.866 	 241.699
FHW13187	195.500 	 44.906 	 241.390
FHW13187	195.625 	 44.713 	 242.271
FHW13187	195.750 	 45.193 	 241.700
FHW13187	195.875 	 44.713 	 242.271
FHW13187	196.000 	 44.906 	 241.390
FHW13187	196.125 	 44.866 	 241.699
FHW13187	196.250 	 45.039 	 242.271
FHW13187	196.375 	 44.872 	 241.700
FHW13187	196.500 	 44.425 	 241.966
FHW13187	196.625 	 45.192 	 241.699
FHW13187	196.750 	 44.866 	 241.699
FHW13187	196.875 	 45.039 	 242.271
FHW13187	197.000 	 44.580 	 241.390
FHW13187	197.125 	 45.193 	 241.700
FHW13187	197.250 	 44.713 	 242.271
FHW13187	197.375 	 45.192 	 241.699
FHW13187	197.500 	 44.425 	 241.967
FHW13187	197.625 	 45.192 	 241.698
FHW13187	197.750 	 44.872 	 241.700
FHW13187	197.875 	 45.034 	 242.272
FHW13187	198.000 	 44.585 	 241.388
FHW13187	198.125 	 45.034 	 242.272
FHW13187	198.250 	 44.871 	 241.699
FHW13187	198.375 	 44.867 	 241.699
FHW13187	198.500 	 45.039 	 242.272
FHW13187	198.625 	 44.580 	 241.390
FHW13187	198.750 	 45.039 	 242.271
FHW13187	198.875 	 44.866 	 241.699
FHW13187	199.000 	 45.193 	 241.700
FHW13187	199.125 	 44.425 	 241.966
FHW13187	199.250 	 45.192 	 241.699
FHW13187	199.375 	 44.718 	 242.271
FHW13187	199.500 	 45.187 	 241.699
FHW13187	199.625 	 44.586 	 241.391
FHW13187	199.750 	 45.039 	 242.271
FHW13187	199.875 	 44.866 	 241.699
FHW13187	200.000 	 45.039 	 242.271
FHW13187	200.125 	 44.580 	 241.390
FHW13187	200.250 	 45.193 	 241.700
FHW13187	200.375 	 44.713 	 242.271
FHW13187	200.500 	 44.866 	 241.699
FHW13187	200.625 	 44.906 	 241.390
FHW13187	200.750 	 44.718 	 242.271
FHW13187	200.875 	 45.188 	 241.700
FHW13187	201.000 	 44.718 	 242.271
FHW13187	201.125 	 44.901 	 241.390
FHW13187	201.250 	 44.871 	 241.699
FHW13187	201.375 	 45.039 	 242.271
FHW13187	201.500 	 44.867 	 241.700
FHW13187	201.625 	 45.039 	 242.271
FHW13187	201.750 	 44.580 	 241.390
FHW13187	201.875 	 45.192 	 241.699
FHW13187	202.000 	 44.713 	 242.271
FHW13187	202.125 	 45.193 	 241.700
FHW13187	202.250 	 44.425 	 241.966
FHW13187	202.375 	 44.871 	 241.699
FHW13187	202.500 	 45.187 	 241.699
FHW13187	202.625 	 44.718 	 242.271
FHW13187	202.750 	 44.907 	 241.391
FHW13187	202.875 	 44.713 	 242.271
FHW13187	203.000 	 45.192 	 241.699
FHW13187	203.125 	 44.866 	 241.699
FHW13187	203.250 	 44.751 	 241.966
FHW13187	203.375 	 49.288 	 241.821
FHW13187	203.500 	 50.126 	 241.294
FHW13187	203.625 	 49.639 	 241.822
FHW13187	203.750 	 49.632 	 241.821
FHW13187	203.875 	 49.986 	 241.821
FHW13187	204.000 	 49.778 	 241.294
FHW13187	204.125 	 49.632 	 241.821
FHW13187	204.250 	 49.638 	 241.821
FHW13187	204.375 	 50.126 	 241.294
FHW13187	204.500 	 49.375 	 241.535
FHW13187	204.625 	 49.632 	 241.821
FHW13187	204.750 	 50.126 	 241.294
FHW13187	204.875 	 49.638 	 241.821
FHW13187	205.000 	 49.639 	 241.822
FHW13187	205.125 	 49.632 	 241.821
FHW13187	205.250 	 50.126 	 241.294
FHW13187	205.375 	 49.638 	 241.821
FHW13187	205.500 	 49.632 	 241.821
FHW13187	205.625 	 50.132 	 241.293
FHW13187	205.750 	 49.632 	 241.821
FHW13187	205.875 	 49.638 	 241.821
FHW13187	206.000 	 49.773 	 241.294
FHW13187	206.125 	 49.986 	 241.821
FHW13187	206.250 	 49.638 	 241.821
FHW13187	206.375 	 49.639 	 241.822
FHW13187	206.500 	 50.126 	 241.294
FHW13187	206.625 	 49.632 	 241.821
FHW13187	206.750 	 49.638 	 241.821
FHW13187	206.875 	 49.773 	 241.294
FHW13187	207.000 	 49.991 	 241.821
FHW13187	207.125 	 49.632 	 241.821
FHW13187	207.250 	 49.519 	 241.004
FHW13187	207.375 	 49.986 	 241.821
FHW13187	207.500 	 49.632 	 241.821
FHW13187	207.625 	 49.638 	 241.821
FHW13187	207.750 	 49.778 	 241.294
FHW13187	207.875 	 49.987 	 241.822
FHW13187	208.000 	 49.632 	 241.821
FHW13187	208.125 	 49.779 	 241.293
FHW13187	208.250 	 49.637 	 241.822
FHW13187	208.375 	 49.986 	 241.821
FHW13187	208.500 	 49.773 	 241.293
FHW13187	208.625 	 49.638 	 241.821
FHW13187	208.750 	 49.986 	 241.821
FHW13187	208.875 	 49.638 	 241.821
FHW13187	209.000 	 49.773 	 241.294
FHW13187	209.125 	 49.639 	 241.822
FHW13187	209.250 	 49.986 	 241.821
FHW13187	209.375 	 49.773 	 241.294
FHW13187	209.500 	 49.638 	 241.821
FHW13187	209.625 	 49.986 	 241.821
FHW13187	209.750 	 49.778 	 241.294
FHW13187	209.875 	 49.632 	 241.821
FHW13187	210.000 	 49.375 	 241.535
FHW13187	210.125 	 49.986 	 241.821
FHW13187	210.250 	 49.778 	 241.294
FHW13187	210.375 	 49.632 	 241.821
FHW13187	210.500 	 49.986 	 241.821
FHW13187	210.625 	 49.779 	 241.295
FHW13187	210.750 	 49.632 	 241.821
FHW13187	210.875 	 49.638 	 241.821
FHW13187	211.000 	 50.126 	 241.293
FHW13187	211.125 	 49.638 	 241.821
FHW13187	211.250 	 49.632 	 241.821
FHW13187	211.375 	 49.986 	 241.821
FHW13187	211.500 	 49.778 	 241.294
FHW13187	211.625 	 49.638 	 241.821
FHW13187	211.750 	 49.632 	 241.821
FHW13187	211.875 	 50.126 	 241.294
FHW13187	212.000 	 49.639 	 241.822
FHW13187	212.125 	 49.632 	 241.821
FHW13187	212.250 	 50.132 	 241.294
FHW13187	212.375 	 49.632 	 241.821
FHW13187	212.500 	 49.638 	 241.821
FHW13187	212.625 	 49.632 	 241.821
FHW13187	212.750 	 53.568 	 241.390
FHW13187	212.875 	 54.303 	 241.165
FHW13187	213.000 	 54.672 	 241.164
FHW13187	213.125 	 54.410 	 241.927
FHW13187	213.250 	 54.303 	 241.165
FHW13187	213.375 	 54.546 	 241.661
FHW13187	213.500 	 54.303 	 241.165
FHW13187	213.625 	 54.410 	 241.927
FHW13187	213.750 	 54.673 	 241.165
FHW13187	213.875 	 54.302 	 241.164
FHW13187	214.000 	 54.410 	 241.927
FHW13187	214.125 	 54.673 	 241.165
FHW13187	214.250 	 54.175 	 241.661
FHW13187	214.375 	 54.536 	 241.434
FHW13187	214.500 	 54.303 	 241.165
FHW13187	214.625 	 54.546 	 241.661
FHW13187	214.750 	 54.302 	 241.164
FHW13187	214.875 	 54.410 	 241.927
FHW13187	215.000 	 54.679 	 241.165
FHW13187	215.125 	 54.169 	 241.661
FHW13187	215.250 	 54.536 	 241.434
FHW13187	215.375 	 54.679 	 241.165
FHW13187	215.500 	 54.175 	 241.661
FHW13187	215.625 	 54.296 	 241.164
FHW13187	215.750 	 54.410 	 241.927
FHW13187	215.875 	 54.679 	 241.165
FHW13187	216.000 	 54.175 	 241.661
FHW13187	216.125 	 54.530 	 241.434
FHW13187	216.250 	 54.679 	 241.165
FHW13187	216.375 	 54.175 	 241.661
FHW13187	216.500 	 54.302 	 241.164
FHW13187	216.625 	 54.780 	 241.927
FHW13187	216.750 	 54.303 	 241.165
FHW13187	216.875 	 54.303 	 241.165
FHW13187	217.000 	 54.780 	 241.927
FHW13187	217.125 	 54.303 	 241.165
FHW13187	217.250 	 54.175 	 241.661
FHW13187	217.375 	 54.302 	 241.164
FHW13187	217.500 	 54.780 	 241.928
FHW13187	217.625 	 54.303 	 241.164
FHW13187	217.750 	 54.303 	 241.165
FHW13187	217.875 	 54.780 	 241.928
FHW13187	218.000 	 54.303 	 241.164
FHW13187	218.125 	 54.174 	 241.662
FHW13187	218.250 	 54.678 	 241.163
FHW13187	218.375 	 54.530 	 241.434
FHW13187	218.500 	 54.174 	 241.662
FHW13187	218.625 	 54.679 	 241.164
FHW13187	218.750 	 54.410 	 241.928
FHW13187	218.875 	 54.297 	 241.164
FHW13187	219.000 	 54.174 	 241.662
FHW13187	219.125 	 54.911 	 241.434
FHW13187	219.250 	 54.302 	 241.163
FHW13187	219.375 	 54.169 	 241.662
FHW13187	219.500 	 54.679 	 241.164
FHW13187	219.625 	 54.410 	 241.928
FHW13187	219.750 	 54.303 	 241.165
FHW13187	219.875 	 54.546 	 241.661
FHW13187	220.000 	 54.536 	 241.434
FHW13187	220.125 	 54.302 	 241.164
FHW13187	220.250 	 54.546 	 241.661
FHW13187	220.375 	 54.303 	 241.165
FHW13187	220.500 	 54.410 	 241.927
FHW13187	220.625 	 54.303 	 241.165
FHW13187	220.750 	 54.673 	 241.165
FHW13187	220.875 	 54.410 	 241.927
FHW13187	221.000 	 54.302 	 241.164
FHW13187	221.125 	 54.546 	 241.661
FHW13187	221.250 	 54.303 	 241.165
FHW13187	221.375 	 54.410 	 241.927
FHW13187	221.500 	 54.673 	 241.165
FHW13187	221.625 	 54.303 	 241.165
FHW13187	221.750 	 54.410 	 241.927
FHW13187	221.875 	 54.678 	 241.164
FHW13187	222.000 	 55.284 	 241.434
FHW13187	222.125 	 58.822 	 241.049
FHW13187	222.250 	 59.004 	 240.788
FHW13187	222.375 	 58.943 	 240.584
FHW13187	222.500 	 59.004 	 240.788
FHW13187	222.625 	 58.615 	 240.789
FHW13187	222.750 	 58.827 	 241.048
FHW13187	222.875 	 59.004 	 240.788
FHW13187	223.000 	 58.822 	 241.049
FHW13187	223.125 	 59.010 	 240.788
FHW13187	223.250 	 58.822 	 241.050
FHW13187	223.375 	 59.127 	 240.320
FHW13187	223.500 	 58.822 	 241.049
FHW13187	223.625 	 58.614 	 240.788
FHW13187	223.750 	 59.011 	 240.789
FHW13187	223.875 	 58.821 	 241.048
FHW13187	224.000 	 59.011 	 240.789
FHW13187	224.125 	 58.821 	 241.048
FHW13187	224.250 	 59.011 	 240.789
FHW13187	224.375 	 58.821 	 241.048
FHW13187	224.500 	 59.126 	 240.321
FHW13187	224.625 	 58.822 	 241.049
FHW13187	224.750 	 58.614 	 240.788
FHW13187	224.875 	 59.011 	 240.789
FHW13187	225.000 	 58.821 	 241.048
FHW13187	225.125 	 59.005 	 240.789
FHW13187	225.250 	 58.827 	 241.048
FHW13187	225.375 	 59.005 	 240.789
FHW13187	225.500 	 58.936 	 240.584
FHW13187	225.625 	 59.011 	 240.789
FHW13187	225.750 	 58.821 	 241.048
FHW13187	225.875 	 58.620 	 240.788
FHW13187	226.000 	 59.005 	 240.789
FHW13187	226.125 	 58.821 	 241.048
FHW13187	226.250 	 59.011 	 240.789
FHW13187	226.375 	 58.821 	 241.048
FHW13187	226.500 	 59.011 	 240.789
FHW13187	226.625 	 58.936 	 240.584
FHW13187	226.750 	 58.615 	 240.789
FHW13187	226.875 	 59.216 	 241.048
FHW13187	227.000 	 58.615 	 240.789
FHW13187	227.125 	 59.010 	 240.788
FHW13187	227.250 	 58.821 	 241.048
FHW13187	227.375 	 59.011 	 240.789
FHW13187	227.500 	 58.821 	 241.048
FHW13187	227.625 	 59.127 	 240.322
FHW13187	227.750 	 58.821 	 241.048
FHW13187	227.875 	 58.615 	 240.789
FHW13187	228.000 	 59.216 	 241.048
FHW13187	228.125 	 58.615 	 240.789
FHW13187	228.250 	 59.210 	 241.048
FHW13187	228.375 	 58.621 	 240.789
FHW13187	228.500 	 59.004 	 240.788
FHW13187	228.625 	 58.937 	 240.585
FHW13187	228.750 	 59.010 	 240.788
FHW13187	228.875 	 58.821 	 241.048
FHW13187	229.000 	 58.615 	 240.789
FHW13187	229.125 	 59.216 	 241.048
FHW13187	229.250 	 58.615 	 240.789
FHW13187	229.375 	 59.216 	 241.048
FHW13187	229.500 	 58.615 	 240.789
FHW13187	229.625 	 59.010 	 240.788
FHW13187	229.750 	 58.937 	 240.585
FHW13187	229.875 	 59.010 	 240.788
FHW13187	230.000 	 58.822 	 241.049
FHW13187	230.125 	 58.614 	 240.788
FHW13187	230.250 	 59.216 	 241.048
FHW13187	230.375 	 58.615 	 240.789
FHW13187	230.500 	 59.216 	 241.048
FHW13187	230.625 	 58.615 	 240.789
FHW13187	230.750 	 59.120 	 240.321
FHW13187	230.875 	 58.828 	 241.049
FHW13187	231.000 	 58.614 	 240.788
FHW13187	231.125 	 59.211 	 241.049
FHW13187	231.250 	 58.620 	 240.788
FHW13187	231.375 	 62.845 	 239.744
FHW13187	231.500 	 63.025 	 240.001
FHW13187	231.625 	 63.258 	 239.744
FHW13187	231.750 	 62.851 	 239.743
FHW13187	231.875 	 63.258 	 239.744
FHW13187	232.000 	 62.845 	 239.744
FHW13187	232.125 	 63.135 	 239.561
FHW13187	232.250 	 63.258 	 239.744
FHW13187	232.375 	 62.845 	 239.744
FHW13187	232.500 	 63.258 	 239.744
FHW13187	232.625 	 63.031 	 240.001
FHW13187	232.750 	 62.846 	 239.742
FHW13187	232.875 	 63.258 	 239.744
FHW13187	233.000 	 62.957 	 239.301
FHW13187	233.125 	 63.435 	 239.999
FHW13187	233.250 	 62.845 	 239.744
FHW13187	233.375 	 62.845 	 239.744
FHW13187	233.500 	 63.258 	 239.744
FHW13187	233.625 	 63.031 	 240.001
FHW13187	233.750 	 62.845 	 239.744
FHW13187	233.875 	 63.258 	 239.744
FHW13187	234.000 	 62.957 	 239.301
FHW13187	234.125 	 63.436 	 240.000
FHW13187	234.250 	 62.845 	 239.744
FHW13187	234.375 	 62.852 	 239.744
FHW13187	234.500 	 63.258 	 239.744
FHW13187	234.625 	 63.025 	 240.001
FHW13187	234.750 	 63.258 	 239.744
FHW13187	234.875 	 62.844 	 239.742
FHW13187	235.000 	 62.957 	 239.301
FHW13187	235.125 	 63.436 	 240.001
FHW13187	235.250 	 62.845 	 239.744
FHW13187	235.375 	 63.258 	 239.744
FHW13187	235.500 	 62.852 	 239.744
FHW13187	235.625 	 63.025 	 240.001
FHW13187	235.750 	 63.258 	 239.742
FHW13187	235.875 	 62.852 	 239.744
FHW13187	236.000 	 62.951 	 239.301
FHW13187	236.125 	 63.436 	 240.001
FHW13187	236.250 	 62.852 	 239.744
FHW13187	236.375 	 63.258 	 239.744
FHW13187	236.500 	 62.845 	 239.744
FHW13187	236.625 	 63.025 	 240.001
FHW13187	236.750 	 63.257 	 239.742
FHW13187	236.875 	 62.957 	 239.301
FHW13187	237.000 	 63.258 	 239.744
FHW13187	237.125 	 63.026 	 240.000
FHW13187	237.250 	 62.852 	 239.744
FHW13187	237.375 	 63.258 	 239.744
FHW13187	237.500 	 62.845 	 239.744
FHW13187	237.625 	 63.436 	 240.001
FHW13187	237.750 	 62.852 	 239.744
FHW13187	237.875 	 62.951 	 239.301
FHW13187	238.000 	 63.258 	 239.744
FHW13187	238.125 	 63.025 	 240.001
FHW13187	238.250 	 62.852 	 239.744
FHW13187	238.375 	 63.258 	 239.744
FHW13187	238.500 	 62.844 	 239.742
FHW13187	238.625 	 63.436 	 240.001
FHW13187	238.750 	 62.852 	 239.744
FHW13187	238.875 	 62.952 	 239.299
FHW13187	239.000 	 63.258 	 239.744
FHW13187	239.125 	 63.031 	 240.001
FHW13187	239.250 	 63.258 	 239.744
FHW13187	239.375 	 62.845 	 239.744
FHW13187	239.500 	 62.852 	 239.744
FHW13187	239.625 	 63.436 	 240.001
FHW13187	239.750 	 62.845 	 239.744
FHW13187	239.875 	 62.951 	 239.301
FHW13187	240.000 	 63.258 	 239.744
FHW13187	240.125 	 63.031 	 240.001
FHW13187	240.250 	 63.257 	 239.740
FHW13187	240.375 	 64.360 	 239.561
FHW13187	240.500 	 65.878 	 239.384
FHW13187	240.625 	 65.870 	 239.382
FHW13187	240.750 	 66.038 	 239.634
FHW13187	240.875 	 65.877 	 239.382
FHW13187	241.000 	 65.966 	 238.949
FHW13187	241.125 	 66.037 	 239.636
FHW13187	241.250 	 65.877 	 239.382
FHW13187	241.375 	 66.294 	 239.380
FHW13187	241.500 	 65.870 	 239.382
FHW13187	241.625 	 66.037 	 239.636
FHW13187	241.750 	 65.877 	 239.380
FHW13187	241.875 	 65.870 	 239.382
FHW13187	242.000 	 65.973 	 238.949
FHW13187	242.125 	 66.039 	 239.638
FHW13187	242.250 	 66.294 	 239.382
FHW13187	242.375 	 65.877 	 239.380
FHW13187	242.500 	 66.031 	 239.636
FHW13187	242.625 	 65.877 	 239.382
FHW13187	242.750 	 65.877 	 239.380
FHW13187	242.875 	 65.870 	 239.382
FHW13187	243.000 	 66.132 	 239.206
FHW13187	243.125 	 65.877 	 239.382
FHW13187	243.250 	 66.294 	 239.382
FHW13187	243.375 	 65.871 	 239.380
FHW13187	243.500 	 66.037 	 239.636
FHW13187	243.625 	 65.877 	 239.382
FHW13187	243.750 	 65.871 	 239.380
FHW13187	243.875 	 66.039 	 239.638
FHW13187	244.000 	 65.877 	 239.382
FHW13187	244.125 	 65.966 	 238.949
FHW13187	244.250 	 66.300 	 239.382
FHW13187	244.375 	 66.031 	 239.634
FHW13187	244.500 	 65.877 	 239.382
FHW13187	244.625 	 65.877 	 239.382
FHW13187	244.750 	 66.031 	 239.634
FHW13187	244.875 	 65.877 	 239.382
FHW13187	245.000 	 65.877 	 239.382
FHW13187	245.125 	 66.389 	 238.949
FHW13187	245.250 	 66.031 	 239.636
FHW13187	245.375 	 65.878 	 239.382
FHW13187	245.500 	 65.877 	 239.382
FHW13187	245.625 	 65.870 	 239.382
FHW13187	245.750 	 66.038 	 239.634
FHW13187	245.875 	 65.877 	 239.382
FHW13187	246.000 	 65.870 	 239.382
FHW13187	246.125 	 66.459 	 239.634
FHW13187	246.250 	 65.966 	 238.951
FHW13187	246.375 	 65.877 	 239.380
FHW13187	246.500 	 65.877 	 239.382
FHW13187	246.625 	 66.031 	 239.636
FHW13187	246.750 	 65.877 	 239.380
FHW13187	246.875 	 65.877 	 239.382
FHW13187	247.000 	 65.870 	 239.382
FHW13187	247.125 	 66.460 	 239.636
FHW13187	247.250 	 65.966 	 238.951
FHW13187	247.375 	 65.877 	 239.382
FHW13187	247.500 	 66.031 	 239.634
FHW13187	247.625 	 65.877 	 239.382
FHW13187	247.750 	 65.877 	 239.380
FHW13187	247.875 	 65.870 	 239.382
FHW13187	248.000 	 66.459 	 239.636
FHW13187	248.125 	 65.871 	 239.380
FHW13187	248.250 	 65.972 	 238.951
FHW13187	248.375 	 65.877 	 239.382
FHW13187	248.500 	 66.031 	 239.634
FHW13187	248.625 	 65.877 	 239.382
FHW13187	248.750 	 65.878 	 239.384
FHW13187	248.875 	 66.031 	 239.634
FHW13187	249.000 	 66.300 	 239.382
FHW13187	249.125 	 65.871 	 239.380
FHW13187	249.250 	 65.877 	 239.382
FHW13187	249.375 	 66.131 	 239.207
FHW13187	249.500 	 65.871 	 239.380
FHW13187	249.625 	 66.942 	 240.317
FHW13187	249.750 	 68.362 	 240.561
FHW13187	249.875 	 67.857 	 240.995
FHW13187	250.000 	 68.427 	 241.232
FHW13187	250.125 	 68.369 	 240.561
FHW13187	250.250 	 68.008 	 241.232
FHW13187	250.375 	 68.362 	 240.561
FHW13187	250.500 	 68.279 	 240.993
FHW13187	250.625 	 68.090 	 240.804
FHW13187	250.750 	 68.279 	 240.993
FHW13187	250.875 	 68.515 	 240.802
FHW13187	251.000 	 67.856 	 240.993
FHW13187	251.125 	 68.429 	 241.234
FHW13187	251.250 	 67.940 	 240.560
FHW13187	251.375 	 68.279 	 240.993
FHW13187	251.500 	 68.510 	 240.804
FHW13187	251.625 	 67.856 	 240.993
FHW13187	251.750 	 68.515 	 240.802
FHW13187	251.875 	 68.280 	 240.995
FHW13187	252.000 	 67.940 	 240.561
FHW13187	252.125 	 68.428 	 241.230
FHW13187	252.250 	 68.279 	 240.993
FHW13187	252.375 	 68.090 	 240.804
FHW13187	252.500 	 68.286 	 240.993
FHW13187	252.625 	 67.934 	 240.561
FHW13187	252.750 	 68.435 	 241.234
FHW13187	252.875 	 68.362 	 240.561
FHW13187	253.000 	 68.006 	 241.232
FHW13187	253.125 	 68.364 	 240.562
FHW13187	253.250 	 68.434 	 241.232
FHW13187	253.375 	 67.849 	 240.993
FHW13187	253.500 	 68.369 	 240.561
FHW13187	253.625 	 68.008 	 241.234
FHW13187	253.750 	 68.362 	 240.561
FHW13187	253.875 	 68.427 	 241.232
FHW13187	254.000 	 67.941 	 240.563
FHW13187	254.125 	 68.280 	 240.992
FHW13187	254.250 	 68.515 	 240.802
FHW13187	254.375 	 67.850 	 240.995
FHW13187	254.500 	 68.434 	 241.232
FHW13187	254.625 	 68.362 	 240.561
FHW13187	254.750 	 67.857 	 240.995
FHW13187	254.875 	 68.509 	 240.802
FHW13187	255.000 	 67.856 	 240.993
FHW13187	255.125 	 68.509 	 240.801
FHW13187	255.250 	 68.287 	 240.995
FHW13187	255.375 	 67.940 	 240.561
FHW13187	255.500 	 68.427 	 241.232
FHW13187	255.625 	 68.280 	 240.995
FHW13187	255.750 	 68.089 	 240.802
FHW13187	255.875 	 68.279 	 240.993
FHW13187	256.000 	 68.517 	 240.802
FHW13187	256.125 	 67.856 	 240.993
FHW13187	256.250 	 68.362 	 240.561
FHW13187	256.375 	 68.006 	 241.232
FHW13187	256.500 	 68.363 	 240.563
FHW13187	256.625 	 68.427 	 241.232
FHW13187	256.750 	 67.856 	 240.993
FHW13187	256.875 	 68.370 	 240.563
FHW13187	257.000 	 68.427 	 241.232
FHW13187	257.125 	 67.940 	 240.560
FHW13187	257.250 	 68.429 	 241.234
FHW13187	257.375 	 67.940 	 240.561
FHW13187	257.500 	 68.279 	 240.993
FHW13187	257.625 	 68.515 	 240.802
FHW13187	257.750 	 67.850 	 240.995
FHW13187	257.875 	 68.434 	 241.232
FHW13187	258.000 	 68.362 	 240.560
FHW13187	258.125 	 68.008 	 241.234
FHW13187	258.250 	 68.362 	 240.561
FHW13187	258.375 	 68.286 	 240.993
FHW13187	258.500 	 68.084 	 240.804
FHW13187	258.625 	 68.286 	 240.993
FHW13187	258.750 	 68.089 	 240.802
FHW13187	258.875 	 68.279 	 240.993
FHW13187	259.000 	 69.851 	 242.561
FHW13187	259.125 	 71.413 	 244.081
FHW13187	259.250 	 70.849 	 243.869
FHW13187	259.375 	 71.288 	 243.869
FHW13187	259.500 	 70.850 	 243.870
FHW13187	259.625 	 71.287 	 243.867
FHW13187	259.750 	 70.850 	 243.870
FHW13187	259.875 	 71.413 	 244.081
FHW13187	260.000 	 70.849 	 243.869
FHW13187	260.125 	 71.288 	 243.869
FHW13187	260.250 	 70.849 	 243.869
FHW13187	260.375 	 71.281 	 243.869
FHW13187	260.500 	 70.850 	 243.870
FHW13187	260.625 	 71.418 	 244.079
FHW13187	260.750 	 70.850 	 243.870
FHW13187	260.875 	 71.288 	 243.869
FHW13187	261.000 	 70.849 	 243.869
FHW13187	261.125 	 71.281 	 243.869
FHW13187	261.250 	 70.850 	 243.870
FHW13187	261.375 	 71.418 	 244.081
FHW13187	261.500 	 70.850 	 243.869
FHW13187	261.625 	 71.281 	 243.870
FHW13187	261.750 	 70.849 	 243.867
FHW13187	261.875 	 71.287 	 243.870
FHW13187	262.000 	 70.849 	 243.867
FHW13187	262.125 	 71.412 	 244.082
FHW13187	262.250 	 70.850 	 243.869
FHW13187	262.375 	 71.286 	 243.869
FHW13187	262.500 	 70.850 	 243.869
FHW13187	262.625 	 71.287 	 243.870
FHW13187	262.750 	 70.849 	 243.867
FHW13187	262.875 	 70.984 	 244.082
FHW13187	263.000 	 71.281 	 243.869
FHW13187	263.125 	 70.849 	 243.869
FHW13187	263.250 	 71.288 	 243.869
FHW13187	263.375 	 70.850 	 243.870
FHW13187	263.500 	 71.280 	 243.867
FHW13187	263.625 	 70.850 	 243.870
FHW13187	263.750 	 71.418 	 244.079
FHW13187	263.875 	 70.850 	 243.870
FHW13187	264.000 	 71.288 	 243.869
FHW13187	264.125 	 70.849 	 243.869
FHW13187	264.250 	 71.281 	 243.869
FHW13187	264.375 	 70.850 	 243.870
FHW13187	264.500 	 71.418 	 244.079
FHW13187	264.625 	 70.850 	 243.870
FHW13187	264.750 	 71.281 	 243.869
FHW13187	264.875 	 70.849 	 243.869
FHW13187	265.000 	 71.288 	 243.869
FHW13187	265.125 	 70.850 	 243.870
FHW13187	265.250 	 71.412 	 244.079
FHW13187	265.375 	 70.850 	 243.870
FHW13187	265.500 	 71.287 	 243.867
FHW13187	265.625 	 70.850 	 243.870
FHW13187	265.750 	 71.288 	 243.869
FHW13187	265.875 	 70.849 	 243.869
FHW13187	266.000 	 71.413 	 244.081
FHW13187	266.125 	 70.850 	 243.870
FHW13187	266.250 	 71.287 	 243.867
FHW13187	266.375 	 70.850 	 243.870
FHW13187	266.500 	 71.281 	 243.870
FHW13187	266.625 	 70.849 	 243.867
FHW13187	266.750 	 71.419 	 244.082
FHW13187	266.875 	 70.850 	 243.869
FHW13187	267.000 	 70.849 	 243.869
FHW13187	267.125 	 71.288 	 243.869
FHW13187	267.250 	 70.849 	 243.869
FHW13187	267.375 	 71.281 	 243.869
FHW13187	267.500 	 70.984 	 244.082
FHW13187	267.625 	 71.287 	 243.867
FHW13187	267.750 	 70.850 	 243.870
FHW13187	267.875 	 71.281 	 243.869
FHW13187	268.000 	 70.849 	 243.869
FHW13187	268.125 	 71.288 	 243.869
FHW13187	268.250 	 72.787 	 244.723
FHW13187	268.375 	 74.235 	 245.989
FHW13187	268.500 	 74.722 	 245.557
FHW13187	268.625 	 74.235 	 245.989
FHW13187	268.750 	 74.234 	 245.986
FHW13187	268.875 	 74.612 	 245.359
FHW13187	269.000 	 74.235 	 245.989
FHW13187	269.125 	 74.673 	 245.989
FHW13187	269.250 	 74.286 	 245.557
FHW13187	269.375 	 74.673 	 245.989
FHW13187	269.500 	 74.121 	 245.794
FHW13187	269.625 	 74.722 	 245.557
FHW13187	269.750 	 74.235 	 245.989
FHW13187	269.875 	 74.286 	 245.555
FHW13187	270.000 	 74.672 	 245.988
FHW13187	270.125 	 74.121 	 245.794
FHW13187	270.250 	 74.722 	 245.557
FHW13187	270.375 	 74.235 	 245.989
FHW13187	270.500 	 74.673 	 245.989
FHW13187	270.625 	 74.286 	 245.557
FHW13187	270.750 	 74.673 	 245.989
FHW13187	270.875 	 74.121 	 245.794
FHW13187	271.000 	 74.286 	 245.555
FHW13187	271.125 	 74.673 	 245.989
FHW13187	271.250 	 74.235 	 245.989
FHW13187	271.375 	 74.722 	 245.555
FHW13187	271.500 	 74.121 	 245.794
FHW13187	271.625 	 74.673 	 245.989
FHW13187	271.750 	 74.286 	 245.557
FHW13187	271.875 	 74.680 	 245.989
FHW13187	272.000 	 74.279 	 245.557
FHW13187	272.125 	 74.121 	 245.794
FHW13187	272.250 	 74.673 	 245.988
FHW13187	272.375 	 74.286 	 245.557
FHW13187	272.500 	 74.680 	 245.989
FHW13187	272.625 	 74.228 	 245.989
FHW13187	272.750 	 74.618 	 245.357
FHW13187	272.875 	 74.228 	 245.989
FHW13187	273.000 	 74.235 	 245.989
FHW13187	273.125 	 74.722 	 245.557
FHW13187	273.250 	 74.235 	 245.989
FHW13187	273.375 	 74.680 	 245.989
FHW13187	273.500 	 74.166 	 245.357
FHW13187	273.625 	 74.680 	 245.989
FHW13187	273.750 	 74.228 	 245.989
FHW13187	273.875 	 74.729 	 245.557
FHW13187	274.000 	 74.227 	 245.988
FHW13187	274.125 	 74.121 	 245.794
FHW13187	274.250 	 74.729 	 245.557
FHW13187	274.375 	 74.228 	 245.989
FHW13187	274.500 	 74.729 	 245.555
FHW13187	274.625 	 74.228 	 245.989
FHW13187	274.750 	 74.568 	 245.794
FHW13187	274.875 	 74.286 	 245.557
FHW13187	275.000 	 74.673 	 245.989
FHW13187	275.125 	 74.235 	 245.989
FHW13187	275.250 	 74.279 	 245.557
FHW13187	275.375 	 74.679 	 245.988
FHW13187	275.500 	 74.114 	 245.794
FHW13187	275.625 	 74.729 	 245.555
FHW13187	275.750 	 74.235 	 245.989
FHW13187	275.875 	 74.673 	 245.989
FHW13187	276.000 	 74.286 	 245.557
FHW13187	276.125 	 74.561 	 245.794
FHW13187	276.250 	 74.235 	 245.989
FHW13187	276.375 	 74.286 	 245.557
FHW13187	276.500 	 74.673 	 245.989
FHW13187	276.625 	 74.286 	 245.557
FHW13187	276.750 	 74.561 	 245.793
FHW13187	276.875 	 74.235 	 245.989
FHW13187	277.000 	 74.723 	 245.555
FHW13187	277.125 	 74.235 	 245.989
FHW13187	277.250 	 74.673 	 245.989
FHW13187	277.375 	 74.286 	 245.557
FHW13187	277.500 	 74.121 	 245.794
FHW13187	277.625 	 77.100 	 246.371
FHW13187	277.750 	 77.503 	 246.801
FHW13187	277.875 	 77.549 	 246.371
FHW13187	278.000 	 77.503 	 246.801
FHW13187	278.125 	 77.549 	 246.371
FHW13187	278.250 	 77.503 	 246.801
FHW13187	278.375 	 77.509 	 246.801
FHW13187	278.500 	 77.542 	 246.371
FHW13187	278.625 	 77.509 	 246.801
FHW13187	278.750 	 77.542 	 246.371
FHW13187	278.875 	 77.510 	 246.803
FHW13187	279.000 	 77.542 	 246.371
FHW13187	279.125 	 77.509 	 246.801
FHW13187	279.250 	 77.549 	 246.371
FHW13187	279.375 	 77.503 	 246.801
FHW13187	279.500 	 77.549 	 246.371
FHW13187	279.625 	 77.503 	 246.801
FHW13187	279.750 	 77.549 	 246.371
FHW13187	279.875 	 77.503 	 246.801
FHW13187	280.000 	 77.509 	 246.801
FHW13187	280.125 	 77.542 	 246.371
FHW13187	280.250 	 77.509 	 246.801
FHW13187	280.375 	 77.542 	 246.371
FHW13187	280.500 	 77.509 	 246.801
FHW13187	280.625 	 77.542 	 246.371
FHW13187	280.750 	 77.509 	 246.801
FHW13187	280.875 	 77.543 	 246.372
FHW13187	281.000 	 77.509 	 246.803
FHW13187	281.125 	 77.542 	 246.369
FHW13187	281.250 	 77.509 	 246.803
FHW13187	281.375 	 77.542 	 246.371
FHW13187	281.500 	 77.509 	 246.801
FHW13187	281.625 	 77.549 	 246.371
FHW13187	281.750 	 77.503 	 246.801
FHW13187	281.875 	 77.509 	 246.801
FHW13187	282.000 	 77.542 	 246.371
FHW13187	282.125 	 77.509 	 246.801
FHW13187	282.250 	 77.100 	 246.371
FHW13187	282.375 	 77.503 	 246.801
FHW13187	282.500 	 77.549 	 246.371
FHW13187	282.625 	 77.503 	 246.801
FHW13187	282.750 	 77.549 	 246.372
FHW13187	282.875 	 77.503 	 246.801
FHW13187	283.000 	 77.549 	 246.371
FHW13187	283.125 	 77.503 	 246.801
FHW13187	283.250 	 77.549 	 246.371
FHW13187	283.375 	 77.503 	 246.801
FHW13187	283.500 	 77.549 	 246.371
FHW13187	283.625 	 77.503 	 246.801
FHW13187	283.750 	 77.509 	 246.801
FHW13187	283.875 	 77.549 	 246.371
FHW13187	284.000 	 77.503 	 246.801
FHW13187	284.125 	 77.549 	 246.371
FHW13187	284.250 	 77.503 	 246.801
FHW13187	284.375 	 77.549 	 246.371
FHW13187	284.500 	 77.503 	 246.801
FHW13187	284.625 	 77.549 	 246.371
FHW13187	284.750 	 77.503 	 246.803
FHW13187	284.875 	 77.549 	 246.371
FHW13187	285.000 	 77.503 	 246.801
FHW13187	285.125 	 77.549 	 246.371
FHW13187	285.250 	 77.503 	 246.801
FHW13187	285.375 	 77.509 	 246.801
FHW13187	285.500 	 77.542 	 246.371
FHW13187	285.625 	 77.509 	 246.801
FHW13187	285.750 	 77.542 	 246.371
FHW13187	285.875 	 77.509 	 246.801
FHW13187	286.000 	 77.542 	 246.371
FHW13187	286.125 	 77.509 	 246.801
FHW13187	286.250 	 77.549 	 246.371
FHW13187	286.375 	 77.503 	 246.801
FHW13187	286.500 	 77.549 	 246.371
FHW13187	286.625 	 77.503 	 246.801
FHW13187	286.750 	 77.549 	 246.372
FHW13187	286.875 	 77.503 	 246.801
FHW13187	287.000 	 78.938 	 246.987
FHW13187	287.125 	 79.359 	 247.416
FHW13187	287.250 	 78.938 	 246.985
FHW13187	287.375 	 78.904 	 247.416
FHW13187	287.500 	 78.938 	 246.985
FHW13187	287.625 	 78.911 	 247.416
FHW13187	287.750 	 78.939 	 246.988
FHW13187	287.875 	 79.430 	 247.594
FHW13187	288.000 	 78.938 	 246.985
FHW13187	288.125 	 79.889 	 247.594
FHW13187	288.250 	 80.228 	 247.849
FHW13187	288.375 	 79.889 	 247.596
FHW13187	288.500 	 80.330 	 247.595
FHW13187	288.625 	 79.889 	 247.594
FHW13187	288.750 	 80.301 	 248.026
FHW13187	288.875 	 79.889 	 247.594
FHW13187	289.000 	 80.330 	 247.595
FHW13187	289.125 	 79.852 	 248.025
FHW13187	289.250 	 80.337 	 247.596
FHW13187	289.375 	 79.883 	 247.594
FHW13187	289.500 	 80.337 	 247.594
FHW13187	289.625 	 79.853 	 248.026
FHW13187	289.750 	 80.337 	 247.596
FHW13187	289.875 	 79.808 	 247.416
FHW13187	290.000 	 80.337 	 247.594
FHW13187	290.125 	 79.852 	 248.026
FHW13187	290.250 	 80.337 	 247.595
FHW13187	290.375 	 79.883 	 247.594
FHW13187	290.500 	 80.308 	 248.025
FHW13187	290.625 	 79.882 	 247.596
FHW13187	290.750 	 80.337 	 247.594
FHW13187	290.875 	 79.883 	 247.595
FHW13187	291.000 	 79.852 	 248.025
FHW13187	291.125 	 80.337 	 247.596
FHW13187	291.250 	 79.883 	 247.594
FHW13187	291.375 	 80.235 	 247.849
FHW13187	291.500 	 79.883 	 247.597
FHW13187	291.625 	 80.337 	 247.594
FHW13187	291.750 	 79.883 	 247.594
FHW13187	291.875 	 80.308 	 248.025
FHW13187	292.000 	 79.882 	 247.596
FHW13187	292.125 	 80.337 	 247.595
FHW13187	292.250 	 79.883 	 247.594
FHW13187	292.375 	 80.308 	 248.025
FHW13187	292.500 	 79.882 	 247.596
FHW13187	292.625 	 80.337 	 247.594
FHW13187	292.750 	 79.853 	 248.026
FHW13187	292.875 	 80.265 	 247.416
FHW13187	293.000 	 79.882 	 247.596
FHW13187	293.125 	 80.337 	 247.594
FHW13187	293.250 	 79.852 	 248.025
FHW13187	293.375 	 80.337 	 247.597
FHW13187	293.500 	 79.883 	 247.594
FHW13187	293.625 	 80.308 	 248.025
FHW13187	293.750 	 79.883 	 247.594
FHW13187	293.875 	 80.337 	 247.596
FHW13187	294.000 	 79.883 	 247.595
FHW13187	294.125 	 80.308 	 248.025
FHW13187	294.250 	 79.883 	 247.594
FHW13187	294.375 	 80.330 	 247.596
FHW13187	294.500 	 79.815 	 247.416
FHW13187	294.625 	 80.301 	 248.026
FHW13187	294.750 	 79.889 	 247.596
FHW13187	294.875 	 80.330 	 247.594
FHW13187	295.000 	 79.859 	 248.025
FHW13187	295.125 	 80.330 	 247.594
FHW13187	295.250 	 79.890 	 247.597
FHW13187	295.375 	 80.330 	 247.594
FHW13187	295.500 	 79.859 	 248.025
FHW13187	295.625 	 80.330 	 247.594
FHW13187	295.750 	 79.882 	 247.596
FHW13187	295.875 	 80.308 	 248.026
FHW13187	296.000 	 79.808 	 247.416
FHW13187	296.125 	 80.337 	 247.596
FHW13187	296.250 	 79.883 	 247.594
FHW13187	296.375 	 80.308 	 248.025
FHW13187	296.500 	 81.280 	 248.201
FHW13187	296.625 	 81.704 	 248.628
FHW13187	296.750 	 81.749 	 249.228
FHW13187	296.875 	 82.163 	 248.629
FHW13187	297.000 	 81.704 	 248.630
FHW13187	297.125 	 81.766 	 248.796
FHW13187	297.250 	 82.163 	 248.631
FHW13187	297.375 	 81.704 	 248.628
FHW13187	297.500 	 81.749 	 249.228
FHW13187	297.625 	 82.163 	 248.628
FHW13187	297.750 	 81.705 	 248.631
FHW13187	297.875 	 81.766 	 248.798
FHW13187	298.000 	 82.163 	 248.628
FHW13187	298.125 	 81.712 	 248.631
FHW13187	298.250 	 81.766 	 248.796
FHW13187	298.375 	 82.140 	 249.063
FHW13187	298.500 	 81.705 	 248.629
FHW13187	298.625 	 81.772 	 248.798
FHW13187	298.750 	 82.156 	 248.628
FHW13187	298.875 	 81.711 	 248.630
FHW13187	299.000 	 81.766 	 248.797
FHW13187	299.125 	 82.162 	 248.630
FHW13187	299.250 	 81.680 	 249.063
FHW13187	299.375 	 81.773 	 248.797
FHW13187	299.500 	 82.162 	 248.630
FHW13187	299.625 	 81.704 	 248.628
FHW13187	299.750 	 81.766 	 248.799
FHW13187	299.875 	 82.163 	 248.628
FHW13187	300.000 	 81.687 	 249.063
FHW13187	300.125 	 81.766 	 248.797
FHW13187	300.250 	 82.162 	 248.630
FHW13187	300.375 	 81.704 	 248.628
FHW13187	300.500 	 81.772 	 248.798
FHW13187	300.625 	 82.156 	 248.629
FHW13187	300.750 	 81.711 	 248.630
FHW13187	300.875 	 81.742 	 249.228
FHW13187	301.000 	 82.163 	 248.629
FHW13187	301.125 	 81.704 	 248.630
FHW13187	301.250 	 81.773 	 248.796
FHW13187	301.375 	 82.163 	 248.631
FHW13187	301.500 	 81.704 	 248.628
FHW13187	301.625 	 81.742 	 249.228
FHW13187	301.750 	 82.163 	 248.628
FHW13187	301.875 	 81.712 	 248.631
FHW13187	302.000 	 81.704 	 248.628
FHW13187	302.125 	 82.220 	 248.798
FHW13187	302.250 	 81.705 	 248.629
FHW13187	302.375 	 81.711 	 248.630
FHW13187	302.500 	 82.191 	 249.228
FHW13187	302.625 	 81.712 	 248.629
FHW13187	302.750 	 81.704 	 248.630
FHW13187	302.875 	 82.220 	 248.796
FHW13187	303.000 	 81.704 	 248.630
FHW13187	303.125 	 81.712 	 248.629
FHW13187	303.250 	 82.198 	 249.228
FHW13187	303.375 	 81.704 	 248.628
FHW13187	303.500 	 81.705 	 248.631
FHW13187	303.625 	 82.220 	 248.796
FHW13187	303.750 	 81.711 	 248.630
FHW13187	303.875 	 81.705 	 248.629
FHW13187	304.000 	 82.220 	 248.798
FHW13187	304.125 	 83.540 	 249.661
FHW13187	304.250 	 84.018 	 249.227
FHW13187	304.375 	 84.062 	 249.390
FHW13187	304.500 	 84.018 	 249.228
FHW13187	304.625 	 83.566 	 249.227
FHW13187	304.750 	 84.018 	 249.228
FHW13187	304.875 	 84.046 	 249.822
FHW13187	305.000 	 83.558 	 249.228
FHW13187	305.125 	 84.018 	 249.226
FHW13187	305.250 	 84.063 	 249.392
FHW13187	305.375 	 83.565 	 249.228
FHW13187	305.500 	 84.018 	 249.226
FHW13187	305.625 	 84.046 	 249.822
FHW13187	305.750 	 83.565 	 249.228
FHW13187	305.875 	 84.018 	 249.227
FHW13187	306.000 	 84.018 	 249.228
FHW13187	306.125 	 83.606 	 249.390
FHW13187	306.250 	 84.001 	 249.662
FHW13187	306.375 	 84.018 	 249.226
FHW13187	306.500 	 83.613 	 249.390
FHW13187	306.625 	 84.018 	 249.229
FHW13187	306.750 	 84.018 	 249.226
FHW13187	306.875 	 83.558 	 249.228
FHW13187	307.000 	 84.046 	 249.822
FHW13187	307.125 	 84.018 	 249.227
FHW13187	307.250 	 83.565 	 249.228
FHW13187	307.375 	 84.063 	 249.392
FHW13187	307.500 	 84.018 	 249.226
FHW13187	307.625 	 83.558 	 249.228
FHW13187	307.750 	 84.046 	 249.822
FHW13187	307.875 	 84.018 	 249.226
FHW13187	308.000 	 83.565 	 249.228
FHW13187	308.125 	 84.018 	 249.228
FHW13187	308.250 	 84.063 	 249.390
FHW13187	308.375 	 83.558 	 249.228
FHW13187	308.500 	 84.001 	 249.661
FHW13187	308.625 	 84.069 	 249.392
FHW13187	308.750 	 83.558 	 249.226
FHW13187	308.875 	 84.018 	 249.228
FHW13187	309.000 	 84.018 	 249.228
FHW13187	309.125 	 83.613 	 249.390
FHW13187	309.250 	 84.001 	 249.661
FHW13187	309.375 	 84.018 	 249.228
FHW13187	309.500 	 83.606 	 249.390
FHW13187	309.625 	 84.018 	 249.228
FHW13187	309.750 	 85.395 	 249.230
FHW13187	309.875 	 84.984 	 248.960
FHW13187	310.000 	 84.932 	 249.228
FHW13187	310.125 	 84.947 	 248.798
FHW13187	310.250 	 85.407 	 248.798
FHW13187	310.375 	 84.970 	 249.389
FHW13187	310.500 	 84.947 	 248.800
FHW13187	310.625 	 85.394 	 249.225
FHW13187	310.750 	 84.985 	 248.964
FHW13187	310.875 	 84.932 	 249.228
FHW13187	311.000 	 84.947 	 248.798
FHW13187	311.125 	 85.429 	 249.392
FHW13187	311.250 	 84.947 	 248.794
FHW13187	311.375 	 84.932 	 249.228
FHW13187	311.500 	 84.985 	 248.964
FHW13187	311.625 	 85.394 	 249.228
FHW13187	311.750 	 84.947 	 248.798
FHW13187	311.875 	 84.932 	 249.225
FHW13187	312.000 	 85.435 	 248.964
FHW13187	312.125 	 84.932 	 249.228
FHW13187	312.250 	 84.954 	 248.798
FHW13187	312.375 	 84.985 	 248.961
FHW13187	312.500 	 85.387 	 249.228
FHW13187	312.625 	 84.947 	 248.798
FHW13187	312.750 	 84.977 	 249.392
FHW13187	312.875 	 85.400 	 248.798
FHW13187	313.000 	 84.932 	 249.225
FHW13187	313.125 	 84.985 	 248.964
FHW13187	313.250 	 84.932 	 249.228
FHW13187	313.375 	 85.407 	 248.798
FHW13187	313.500 	 84.933 	 249.230
FHW13187	313.625 	 84.984 	 248.958
FHW13187	313.750 	 84.933 	 249.230
FHW13187	313.875 	 85.407 	 248.798
FHW13187	314.000 	 84.970 	 249.389
FHW13187	314.125 	 84.947 	 248.800
FHW13187	314.250 	 85.394 	 249.225
FHW13187	314.375 	 84.984 	 248.961
FHW13187	314.500 	 84.933 	 249.230
FHW13187	314.625 	 84.947 	 248.798
FHW13187	314.750 	 85.407 	 248.798
FHW13187	314.875 	 84.970 	 249.388
FHW13187	315.000 	 84.947 	 248.798
FHW13187	315.125 	 85.394 	 249.228
FHW13187	315.250 	 84.985 	 248.964
FHW13187	315.375 	 84.932 	 249.228
FHW13187	315.500 	 84.947 	 248.794
FHW13187	315.625 	 85.429 	 249.392
FHW13187	315.750 	 84.947 	 248.798
FHW13187	315.875 	 84.932 	 249.228
FHW13187	316.000 	 85.442 	 248.964
FHW13187	316.125 	 84.932 	 249.225
FHW13187	316.250 	 84.947 	 248.798
FHW13187	316.375 	 84.932 	 249.228
FHW13187	316.500 	 85.435 	 248.964
FHW13187	316.625 	 84.939 	 249.228
FHW13187	316.750 	 84.948 	 248.797
FHW13187	316.875 	 84.984 	 248.961
FHW13187	317.000 	 85.387 	 249.228
FHW13187	317.125 	 84.954 	 248.800
FHW13187	317.250 	 84.962 	 248.366
FHW13187	317.375 	 85.400 	 248.798
FHW13187	317.500 	 84.947 	 248.798
FHW13187	317.625 	 84.962 	 248.370
FHW13187	317.750 	 85.407 	 248.794
FHW13187	317.875 	 84.947 	 248.800
FHW13187	318.000 	 84.962 	 248.370
FHW13187	318.125 	 85.407 	 248.798
FHW13187	318.250 	 84.962 	 248.366
FHW13187	318.375 	 84.947 	 248.798
FHW13187	318.500 	 85.408 	 248.800
FHW13187	318.625 	 84.962 	 248.366
FHW13187	318.750 	 84.947 	 248.798
FHW13187	318.875 	 85.407 	 248.798
FHW13187	319.000 	 85.861 	 248.798
FHW13187	319.125 	 85.881 	 249.392
FHW13187	319.250 	 86.340 	 249.388
FHW13187	319.375 	 85.850 	 249.228
FHW13187	319.500 	 86.340 	 249.392
FHW13187	319.625 	 85.880 	 249.389
FHW13187	319.750 	 86.305 	 249.228
FHW13187	319.875 	 86.340 	 249.392
FHW13187	320.000 	 85.881 	 249.388
FHW13187	320.125 	 86.312 	 249.228
FHW13187	320.250 	 85.892 	 248.964
FHW13187	320.375 	 86.340 	 249.389
FHW13187	320.500 	 85.850 	 249.230
FHW13187	320.625 	 86.340 	 249.386
FHW13187	320.750 	 85.881 	 249.392
FHW13187	320.875 	 86.312 	 249.228
FHW13187	321.000 	 86.333 	 249.392
FHW13187	321.125 	 85.888 	 249.392
FHW13187	321.250 	 86.305 	 249.228
FHW13187	321.375 	 85.888 	 249.388
FHW13187	321.500 	 86.305 	 249.228
FHW13187	321.625 	 85.880 	 249.389
FHW13187	321.750 	 86.351 	 248.964
FHW13187	321.875 	 86.312 	 249.228
FHW13187	322.000 	 85.881 	 249.392
FHW13187	322.125 	 86.340 	 249.388
FHW13187	322.250 	 85.850 	 249.228
FHW13187	322.375 	 86.340 	 249.392
FHW13187	322.500 	 85.880 	 249.389
FHW13187	322.625 	 86.312 	 249.228
FHW13187	322.750 	 85.881 	 249.388
FHW13187	322.875 	 86.333 	 249.392
FHW13187	323.000 	 86.312 	 249.228
FHW13187	323.125 	 85.881 	 249.392
FHW13187	323.250 	 86.340 	 249.392
FHW13187	323.375 	 85.861 	 248.798
FHW13187	323.500 	 86.340 	 249.386
FHW13187	323.625 	 85.881 	 249.392
FHW13187	323.750 	 86.312 	 249.228
FHW13187	323.875 	 86.333 	 249.392
FHW13187	324.000 	 85.888 	 249.392
FHW13187	324.125 	 86.305 	 249.228
FHW13187	324.250 	 85.888 	 249.388
FHW13187	324.375 	 86.333 	 249.389
FHW13187	324.500 	 85.850 	 249.228
FHW13187	324.625 	 86.340 	 249.392
FHW13187	324.750 	 85.850 	 249.228
FHW13187	324.875 	 86.351 	 248.961
FHW13187	325.000 	 86.340 	 249.392
FHW13187	325.125 	 85.850 	 249.228
FHW13187	325.250 	 86.340 	 249.392
FHW13187	325.375 	 85.880 	 249.389
FHW13187	325.500 	 86.313 	 249.230
FHW13187	325.625 	 85.880 	 249.386
FHW13187	325.750 	 86.333 	 249.392
FHW13187	325.875 	 86.312 	 249.228
FHW13187	326.000 	 85.881 	 249.392
FHW13187	326.125 	 86.340 	 249.392
FHW13187	326.250 	 85.850 	 249.228
FHW13187	326.375 	 86.340 	 249.386
FHW13187	326.500 	 85.892 	 248.964
FHW13187	326.625 	 86.312 	 249.228
FHW13187	326.750 	 86.333 	 249.392
FHW13187	326.875 	 85.888 	 249.392
FHW13187	327.000 	 86.305 	 249.228
FHW13187	327.125 	 85.888 	 249.388
FHW13187	327.250 	 86.333 	 249.389
FHW13187	327.375 	 85.850 	 249.230
FHW13187	327.500 	 86.340 	 249.389
FHW13187	327.625 	 85.881 	 249.392
FHW13187	327.750 	 86.312 	 249.228
FHW13187	327.875 	 86.340 	 249.388
FHW13187	328.000 	 85.892 	 248.964
FHW13187	328.125 	 86.312 	 249.228
FHW13187	328.250 	 85.880 	 249.389
FHW13187	328.375 	 87.701 	 249.822
FHW13187	328.500 	 88.158 	 250.254
FHW13187	328.625 	 88.177 	 249.978
FHW13187	328.750 	 88.163 	 249.822
FHW13187	328.875 	 87.718 	 249.974
FHW13187	329.000 	 88.158 	 250.254
FHW13187	329.125 	 88.163 	 249.822
FHW13187	329.250 	 88.177 	 249.978
FHW13187	329.375 	 87.695 	 250.254
FHW13187	329.500 	 88.177 	 249.978
FHW13187	329.625 	 88.163 	 249.819
FHW13187	329.750 	 87.701 	 249.822
FHW13187	329.875 	 88.172 	 250.407
FHW13187	330.000 	 88.163 	 249.822
FHW13187	330.125 	 88.177 	 249.978
FHW13187	330.250 	 87.701 	 249.822
FHW13187	330.375 	 88.158 	 250.254
FHW13187	330.500 	 88.177 	 249.974
FHW13187	330.625 	 88.156 	 249.822
FHW13187	330.750 	 87.701 	 250.252
FHW13187	330.875 	 88.177 	 249.980
FHW13187	331.000 	 88.156 	 249.819
FHW13187	331.125 	 88.177 	 249.980
FHW13187	331.250 	 87.701 	 250.252
FHW13187	331.375 	 88.156 	 249.822
FHW13187	331.500 	 88.177 	 249.978
FHW13187	331.625 	 87.708 	 249.822
FHW13187	331.750 	 88.172 	 250.407
FHW13187	331.875 	 88.156 	 249.822
FHW13187	332.000 	 88.163 	 249.822
FHW13187	332.125 	 87.719 	 250.404
FHW13187	332.250 	 88.156 	 249.822
FHW13187	332.375 	 88.177 	 249.978
FHW13187	332.500 	 88.163 	 249.822
FHW13187	332.625 	 87.694 	 250.252
FHW13187	332.750 	 88.177 	 249.980
FHW13187	332.875 	 88.163 	 249.819
FHW13187	333.000 	 88.158 	 250.254
FHW13187	333.125 	 87.718 	 249.978
FHW13187	333.250 	 88.163 	 249.822
FHW13187	333.375 	 88.177 	 249.978
FHW13187	333.500 	 88.158 	 250.254
FHW13187	333.625 	 87.701 	 249.822
FHW13187	333.750 	 88.177 	 249.974
FHW13187	333.875 	 88.163 	 249.822
FHW13187	334.000 	 87.712 	 250.407
FHW13187	334.125 	 88.163 	 249.822
FHW13187	334.250 	 88.163 	 249.819
FHW13187	334.375 	 88.172 	 250.410
FHW13187	334.500 	 87.701 	 249.819
FHW13187	334.625 	 88.177 	 249.980
FHW13187	334.750 	 88.163 	 249.819
FHW13187	334.875 	 88.158 	 250.254
FHW13187	335.000 	 87.718 	 249.978
FHW13187	335.125 	 88.163 	 249.822
FHW13187	335.250 	 88.163 	 249.822
FHW13187	335.375 	 88.172 	 250.404
FHW13187	335.500 	 87.701 	 249.822
FHW13187	335.625 	 88.177 	 249.978
FHW13187	335.750 	 88.158 	 250.254
FHW13187	335.875 	 88.156 	 249.819
FHW13187	336.000 	 87.725 	 249.980
FHW13187	336.125 	 88.163 	 249.819
FHW13187	336.250 	 88.165 	 250.407
FHW13187	336.375 	 87.708 	 249.822
FHW13187	336.500 	 88.163 	 249.822
FHW13187	336.625 	 88.177 	 249.978
FHW13187	336.750 	 88.151 	 250.254
FHW13187	336.875 	 87.725 	 249.978
FHW13187	337.000 	 88.163 	 249.818
FHW13187	337.125 	 88.151 	 250.254
FHW13187	337.250 	 88.177 	 249.978
FHW13187	337.375 	 87.708 	 249.819
FHW13187	337.500 	 88.619 	 249.822
FHW13187	337.625 	 89.088 	 249.978
FHW13187	337.750 	 88.619 	 249.822
FHW13187	337.875 	 89.081 	 249.822
FHW13187	338.000 	 88.636 	 249.978
FHW13187	338.125 	 89.081 	 249.822
FHW13187	338.250 	 88.619 	 249.822
FHW13187	338.375 	 89.088 	 249.974
FHW13187	338.500 	 88.618 	 249.819
FHW13187	338.625 	 89.081 	 249.822
FHW13187	338.750 	 88.636 	 249.978
FHW13187	338.875 	 89.081 	 249.822
FHW13187	339.000 	 88.619 	 249.822
FHW13187	339.125 	 89.088 	 249.978
FHW13187	339.250 	 88.622 	 249.392
FHW13187	339.375 	 89.081 	 249.822
FHW13187	339.500 	 88.636 	 249.978
FHW13187	339.625 	 89.074 	 249.818
FHW13187	339.750 	 88.625 	 249.819
FHW13187	339.875 	 89.088 	 249.978
FHW13187	340.000 	 88.619 	 249.822
FHW13187	340.125 	 89.081 	 249.822
FHW13187	340.250 	 88.636 	 249.978
FHW13187	340.375 	 89.074 	 249.822
FHW13187	340.500 	 89.081 	 249.822
FHW13187	340.625 	 88.636 	 249.978
FHW13187	340.750 	 89.081 	 249.822
FHW13187	340.875 	 88.618 	 249.816
FHW13187	341.000 	 89.088 	 249.978
FHW13187	341.125 	 88.619 	 249.822
FHW13187	341.250 	 89.081 	 249.822
FHW13187	341.375 	 88.636 	 249.978
FHW13187	341.500 	 89.081 	 249.822
FHW13187	341.625 	 88.622 	 249.392
FHW13187	341.750 	 89.081 	 249.819
FHW13187	341.875 	 88.629 	 249.980
FHW13187	342.000 	 89.081 	 249.819
FHW13187	342.125 	 88.626 	 249.818
FHW13187	342.250 	 89.088 	 249.978
FHW13187	342.375 	 88.619 	 249.822
FHW13187	342.500 	 89.081 	 249.822
FHW13187	342.625 	 88.629 	 249.978
FHW13187	342.750 	 89.081 	 249.822
FHW13187	342.875 	 88.625 	 249.819
FHW13187	343.000 	 89.088 	 249.980
FHW13187	343.125 	 88.618 	 249.819
FHW13187	343.250 	 89.081 	 249.822
FHW13187	343.375 	 88.629 	 249.974
FHW13187	343.500 	 89.081 	 249.822
FHW13187	343.625 	 88.626 	 249.822
FHW13187	343.750 	 89.088 	 249.978
FHW13187	343.875 	 88.619 	 249.822
FHW13187	344.000 	 89.081 	 249.819
FHW13187	344.125 	 88.633 	 249.553
FHW13187	344.250 	 89.081 	 249.819
FHW13187	344.375 	 88.626 	 249.822
FHW13187	344.500 	 89.081 	 249.978
FHW13187	344.625 	 88.626 	 249.818
FHW13187	344.750 	 89.081 	 249.822
FHW13187	344.875 	 88.629 	 249.978
FHW13187	345.000 	 89.081 	 249.822
FHW13187	345.125 	 88.625 	 249.819
FHW13187	345.250 	 89.081 	 249.980
FHW13187	345.375 	 89.081 	 249.819
FHW13187	345.500 	 88.626 	 249.822
FHW13187	345.625 	 89.088 	 249.978
FHW13187	345.750 	 88.619 	 249.822
FHW13187	345.875 	 89.081 	 249.822
FHW13187	346.000 	 88.629 	 249.974
FHW13187	346.125 	 89.081 	 249.822
FHW13187	346.250 	 88.625 	 249.819
FHW13187	346.375 	 89.088 	 249.980
FHW13187	346.500 	 88.622 	 249.389
FHW13187	346.625 	 89.081 	 249.822
FHW13187	346.750 	 88.629 	 249.978
FHW13187	346.875 	 89.081 	 249.822
FHW13187	347.000 	 88.629 	 249.388
FHW13187	347.125 	 88.622 	 249.389
FHW13187	347.250 	 88.619 	 249.822
FHW13187	347.375 	 89.084 	 249.392
FHW13187	347.500 	 88.629 	 249.392
FHW13187	347.625 	 88.622 	 249.389
FHW13187	347.750 	 89.084 	 249.392
FHW13187	347.875 	 88.619 	 249.818
FHW13187	348.000 	 88.629 	 249.389
FHW13187	348.125 	 89.084 	 249.392
FHW13187	348.250 	 88.622 	 249.392
FHW13187	348.375 	 88.626 	 249.822
FHW13187	348.500 	 89.084 	 249.389
FHW13187	348.625 	 88.622 	 249.392
FHW13187	348.750 	 88.633 	 249.547
FHW13187	348.875 	 89.081 	 249.822
FHW13187	349.000 	 88.629 	 249.392
FHW13187	349.125 	 88.622 	 249.389
FHW13187	349.250 	 89.084 	 249.392
FHW13187	349.375 	 88.619 	 249.822
FHW13187	349.500 	 88.629 	 249.386
FHW13187	349.625 	 89.084 	 249.392
FHW13187	349.750 	 88.622 	 249.392
FHW13187	349.875 	 88.622 	 249.392
FHW13187	350.000 	 88.625 	 249.819
FHW13187	350.125 	 89.084 	 249.392
FHW13187	350.250 	 88.622 	 249.392
FHW13187	350.375 	 88.629 	 249.386
FHW13187	350.500 	 89.074 	 249.822
FHW13187	350.625 	 88.629 	 249.392
FHW13187	350.750 	 88.622 	 249.392
FHW13187	350.875 	 89.084 	 249.389
FHW13187	351.000 	 88.636 	 249.980
FHW13187	351.125 	 88.622 	 249.389
FHW13187	351.250 	 89.084 	 249.388
FHW13187	351.375 	 88.622 	 249.392
FHW13187	351.500 	 88.625 	 249.819
FHW13187	351.625 	 89.084 	 249.392
FHW13187	351.750 	 88.622 	 249.392
FHW13187	351.875 	 88.622 	 249.392
FHW13187	352.000 	 89.084 	 249.386
FHW13187	352.125 	 88.626 	 249.822
FHW13187	352.250 	 88.622 	 249.392
FHW13187	352.375 	 88.629 	 249.389
FHW13187	352.500 	 89.077 	 249.392
FHW13187	352.625 	 88.626 	 249.822
FHW13187	352.750 	 88.622 	 249.392
FHW13187	352.875 	 89.084 	 249.386
FHW13187	353.000 	 88.629 	 249.392
FHW13187	353.125 	 88.619 	 249.822
FHW13187	353.250 	 89.091 	 249.550
FHW13187	353.375 	 88.622 	 249.392
FHW13187	353.500 	 88.629 	 249.389
FHW13187	353.625 	 89.084 	 249.388
FHW13187	353.750 	 88.619 	 249.822
FHW13187	353.875 	 88.622 	 249.389
FHW13187	354.000 	 89.084 	 249.392
FHW13187	354.125 	 88.629 	 249.392
FHW13187	354.250 	 88.619 	 249.822
FHW13187	354.375 	 89.084 	 249.389
FHW13187	354.500 	 88.622 	 249.388
FHW13187	354.625 	 88.629 	 249.392
FHW13187	354.750 	 88.618 	 249.819
FHW13187	354.875 	 89.084 	 249.392
FHW13187	355.000 	 88.622 	 249.392
FHW13187	355.125 	 88.629 	 249.392
FHW13187	355.250 	 89.081 	 249.819
FHW13187	355.375 	 88.633 	 249.550
FHW13187	355.500 	 88.629 	 249.389
FHW13187	355.625 	 89.084 	 249.392
FHW13187	355.750 	 88.622 	 249.392
FHW13187	355.875 	 88.618 	 249.819
FHW13187	356.000 	 89.084 	 249.392
FHW13187	356.125 	 88.629 	 249.388
FHW13187	356.250 	 88.619 	 249.822
FHW13187	356.375 	 89.084 	 249.389
FHW13187	356.500 	 88.619 	 249.822
FHW13187	356.625 	 88.629 	 249.392
FHW13187	356.750 	 89.088 	 249.978
FHW13187	356.875 	 88.622 	 249.392
FHW13187	357.000 	 88.618 	 249.819
FHW13187	357.125 	 89.084 	 249.388
FHW13187	357.250 	 88.626 	 249.822
FHW13187	357.375 	 89.091 	 249.550
FHW13187	357.500 	 88.619 	 249.822
FHW13187	357.625 	 88.618 	 249.819
FHW13187	357.750 	 89.084 	 249.392
FHW13187	357.875 	 88.626 	 249.822
FHW13187	358.000 	 88.622 	 249.392
FHW13187	358.125 	 89.088 	 249.974
FHW13187	358.250 	 88.629 	 249.392
FHW13187	358.375 	 88.618 	 249.819
FHW13187	358.500 	 89.084 	 249.392
FHW13187	358.625 	 88.619 	 249.822
FHW13187	358.750 	 88.629 	 249.389
FHW13187	358.875 	 89.088 	 249.980
FHW13187	359.000 	 88.618 	 249.819
FHW13187	359.125 	 88.622 	 249.388
FHW13187	359.250 	 89.081 	 249.822
FHW13187	359.375 	 88.629 	 249.389
FHW13187	359.500 	 89.081 	 249.822
FHW13187	359.625 	 88.633 	 249.550
FHW13187	359.750 	 88.619 	 249.822
FHW13187	359.875 	 89.084 	 249.392
FHW13187	360.000 	 88.626 	 249.818
FHW13187	360.125 	 88.622 	 249.389
FHW13187	360.250 	 89.081 	 249.822
FHW13187	360.375 	 88.633 	 249.550
FHW13187	360.500 	 88.626 	 249.822
FHW13187	360.625 	 89.081 	 249.822
FHW13187	360.750 	 88.622 	 249.389
FHW13187	360.875 	 88.619 	 249.822
FHW13187	361.000 	 89.084 	 249.388
FHW13187	361.125 	 88.636 	 249.978
FHW13187	361.250 	 89.084 	 249.392
FHW13187	361.375 	 88.618 	 249.819
FHW13187	361.500 	 88.629 	 249.392
FHW13187	361.625 	 89.074 	 249.822
FHW13187	361.750 	 88.640 	 249.550
FHW13187	361.875 	 88.619 	 249.822
FHW13187	362.000 	 89.084 	 249.388
FHW13187	362.125 	 88.625 	 249.819
FHW13187	362.250 	 88.619 	 249.822
FHW13187	362.375 	 89.084 	 249.392
FHW13187	362.500 	 88.629 	 249.978
FHW13187	362.625 	 88.629 	 249.392
FHW13187	362.750 	 89.081 	 249.819
FHW13187	362.875 	 88.622 	 249.388
FHW13187	363.000 	 89.081 	 249.822
FHW13187	363.125 	 88.622 	 249.392
FHW13187	363.250 	 88.636 	 249.978
FHW13187	363.375 	 89.084 	 249.389
FHW13187	363.500 	 88.619 	 249.822
FHW13187	363.625 	 88.619 	 249.822
FHW13187	363.750 	 89.084 	 249.392
FHW13187	363.875 	 88.625 	 249.816
FHW13187	364.000 	 88.633 	 249.553
FHW13187	364.125 	 89.081 	 249.819
FHW13187	364.250 	 88.622 	 249.392
FHW13187	364.375 	 88.626 	 249.822
FHW13187	364.500 	 89.084 	 249.389
FHW13187	364.625 	 88.619 	 249.822
FHW13187	364.750 	 88.640 	 249.550
FHW13187	364.875 	 89.074 	 249.818
FHW13187	365.000 	 88.629 	 249.392
FHW13187	365.125 	 89.081 	 249.822
FHW13187	365.250 	 88.618 	 249.819
FHW13187	365.375 	 88.629 	 249.392
FHW13187	365.500 	 89.081 	 249.978
FHW13187	365.625 	 88.626 	 249.822
FHW13187	365.750 	 89.086 	 250.407
FHW13187	365.875 	 88.615 	 250.254
FHW13187	366.000 	 89.088 	 249.978
FHW13187	366.125 	 88.632 	 250.407
FHW13187	366.250 	 89.072 	 250.254
FHW13187	366.375 	 88.632 	 250.404
FHW13187	366.500 	 89.088 	 249.980
FHW13187	366.625 	 89.079 	 250.252
FHW13187	366.750 	 88.625 	 250.410
FHW13187	366.875 	 89.079 	 250.252
FHW13187	367.000 	 88.625 	 250.407
FHW13187	367.125 	 89.088 	 249.980
FHW13187	367.250 	 88.622 	 250.252
FHW13187	367.375 	 89.086 	 250.410
FHW13187	367.500 	 88.625 	 250.407
FHW13187	367.625 	 89.081 	 249.822
FHW13187	367.750 	 89.086 	 250.407
FHW13187	367.875 	 88.615 	 250.254
FHW13187	368.000 	 89.086 	 250.407
FHW13187	368.125 	 88.636 	 249.978
FHW13187	368.250 	 89.079 	 250.254
FHW13187	368.375 	 88.625 	 250.407
FHW13187	368.500 	 89.086 	 250.407
FHW13187	368.625 	 88.615 	 250.254
FHW13187	368.750 	 89.088 	 249.978
FHW13187	368.875 	 89.079 	 250.254
FHW13187	369.000 	 88.632 	 250.407
FHW13187	369.125 	 89.079 	 250.407
FHW13187	369.250 	 88.626 	 249.822
FHW13187	369.375 	 89.086 	 250.404
FHW13187	369.500 	 88.625 	 250.410
FHW13187	369.625 	 89.079 	 250.252
FHW13187	369.750 	 88.629 	 249.980
FHW13187	369.875 	 89.079 	 250.252
FHW13187	370.000 	 89.086 	 250.410
FHW13187	370.125 	 88.632 	 250.407
FHW13187	370.250 	 89.079 	 250.254
FHW13187	370.375 	 88.629 	 249.978
FHW13187	370.500 	 89.086 	 250.407
FHW13187	370.625 	 88.615 	 250.254
FHW13187	370.750 	 89.086 	 250.407
FHW13187	370.875 	 88.626 	 249.822
FHW13187	371.000 	 89.086 	 250.407
FHW13187	371.125 	 89.086 	 250.407
FHW13187	371.250 	 88.615 	 250.254
FHW13187	371.375 	 89.088 	 249.978
FHW13187	371.500 	 88.625 	 250.407
FHW13187	371.625 	 89.079 	 250.254
FHW13187	371.750 	 88.632 	 250.407
FHW13187	371.875 	 89.072 	 250.254
FHW13187	372.000 	 89.088 	 249.978
FHW13187	372.125 	 88.632 	 250.410
FHW13187	372.250 	 89.079 	 250.252
FHW13187	372.375 	 88.625 	 250.410
FHW13187	372.500 	 89.081 	 249.816
FHW13187	372.625 	 88.625 	 250.410
FHW13187	372.750 	 89.086 	 250.407
FHW13187	372.875 	 88.622 	 250.252
FHW13187	373.000 	 89.088 	 249.980
FHW13187	373.125 	 89.086 	 250.407
FHW13187	373.250 	 88.615 	 250.254
FHW13187	373.375 	 89.086 	 250.407
FHW13187	373.500 	 88.615 	 250.254
FHW13187	373.625 	 89.088 	 249.978
FHW13187	373.750 	 88.632 	 250.407
FHW13187	373.875 	 89.079 	 250.254
FHW13187	374.000 	 88.625 	 250.407
FHW13187	374.125 	 89.088 	 249.978
FHW13187	374.250 	 89.079 	 250.254
FHW13187	374.375 	 88.625 	 250.407
FHW13187	374.500 	 89.079 	 250.254
FHW13187	374.625 	 88.636 	 249.978
FHW13187	374.750 	 89.079 	 250.410
FHW13187	374.875 	 88.622 	 250.252
FHW13187	375.000 	 89.086 	 250.407
FHW13187	375.125 	 89.083 	 250.841
FHW13187	375.250 	 88.625 	 250.407
FHW13187	375.375 	 89.086 	 250.407
FHW13187	375.500 	 89.083 	 250.839
FHW13187	375.625 	 88.615 	 250.254
FHW13187	375.750 	 89.083 	 250.839
FHW13187	375.875 	 89.086 	 250.410
FHW13187	376.000 	 88.632 	 250.407
FHW13187	376.125 	 89.083 	 250.839
FHW13187	376.250 	 88.625 	 250.407
FHW13187	376.375 	 89.079 	 250.254
FHW13187	376.500 	 89.083 	 250.839
FHW13187	376.625 	 88.625 	 250.410
FHW13187	376.750 	 89.083 	 250.839
FHW13187	376.875 	 89.086 	 250.407
FHW13187	377.000 	 88.625 	 250.407
FHW13187	377.125 	 89.083 	 250.841
FHW13187	377.250 	 89.079 	 250.252
FHW13187	377.375 	 88.629 	 250.841
FHW13187	377.500 	 89.086 	 250.407
FHW13187	377.625 	 89.086 	 250.407
FHW13187	377.750 	 88.622 	 250.839
FHW13187	377.875 	 89.086 	 250.410
FHW13187	378.000 	 89.079 	 250.252
FHW13187	378.125 	 88.622 	 250.841
FHW13187	378.250 	 89.086 	 250.407
FHW13187	378.375 	 89.083 	 250.839
FHW13187	378.500 	 88.625 	 250.407
FHW13187	378.625 	 89.086 	 250.410
FHW13187	378.750 	 89.083 	 250.839
FHW13187	378.875 	 88.622 	 250.254
FHW13187	379.000 	 89.083 	 250.839
FHW13187	379.125 	 88.625 	 250.407
FHW13187	379.250 	 89.086 	 250.407
FHW13187	379.375 	 89.083 	 250.839
FHW13187	379.500 	 88.625 	 250.410
FHW13187	379.625 	 89.079 	 250.252
FHW13187	379.750 	 89.083 	 250.841
FHW13187	379.875 	 88.625 	 250.407
FHW13187	380.000 	 89.083 	 250.839
FHW13187	380.125 	 89.086 	 250.407
FHW13187	380.250 	 88.632 	 250.410
FHW13187	380.375 	 89.083 	 250.839
FHW13187	380.500 	 89.079 	 250.254
FHW13187	380.625 	 88.622 	 250.839
FHW13187	380.750 	 89.086 	 250.407
FHW13187	380.875 	 89.086 	 250.407
FHW13187	381.000 	 88.622 	 250.841
FHW13187	381.125 	 89.086 	 250.407
FHW13187	381.250 	 89.079 	 250.254
FHW13187	381.375 	 88.622 	 250.839
FHW13187	381.500 	 89.086 	 250.407
FHW13187	381.625 	 89.083 	 250.839
FHW13187	381.750 	 88.632 	 250.410
FHW13187	381.875 	 89.086 	 250.407
FHW13187	382.000 	 89.083 	 250.839
FHW13187	382.125 	 88.615 	 250.254
FHW13187	382.250 	 89.083 	 250.839
FHW13187	382.375 	 88.625 	 250.407
FHW13187	382.500 	 89.086 	 250.410
FHW13187	382.625 	 89.083 	 250.839
FHW13187	382.750 	 88.632 	 250.407
FHW13187	382.875 	 89.072 	 250.254
FHW13187	383.000 	 89.083 	 250.839
FHW13187	383.125 	 88.632 	 250.407
FHW13187	383.250 	 89.083 	 250.841
FHW13187	383.375 	 89.086 	 250.407
FHW13187	383.500 	 88.625 	 250.407
FHW13187	383.625 	 89.083 	 250.839
FHW13187	383.750 	 89.079 	 250.254
FHW13187	383.875 	 88.622 	 250.839
FHW13187	384.000 	 89.086 	 250.407
FHW13187	384.125 	 89.086 	 250.410
FHW13187	384.250 	 88.629 	 250.839
FHW13187	384.375 	 89.079 	 250.407
FHW13187	384.500 	 89.083 	 250.839
FHW13187	384.625 	 88.629 	 250.841
FHW13187	384.750 	 89.086 	 250.407
FHW13187	384.875 	 89.076 	 250.689
FHW13187	385.000 	 89.083 	 250.839
FHW13187	385.125 	 88.625 	 250.407
FHW13187	385.250 	 89.083 	 250.839
FHW13187	385.375 	 89.083 	 250.841
FHW13187	385.500 	 89.083 	 250.839
FHW13187	385.625 	 88.625 	 250.407
FHW13187	385.750 	 89.083 	 250.839
FHW13187	385.875 	 89.083 	 250.841
FHW13187	386.000 	 89.086 	 250.407
FHW13187	386.125 	 88.622 	 250.839
FHW13187	386.250 	 89.083 	 250.839
FHW13187	386.375 	 89.086 	 250.410
FHW13187	386.500 	 89.083 	 250.839
FHW13187	386.625 	 88.622 	 250.839
FHW13187	386.750 	 89.086 	 250.407
FHW13187	386.875 	 89.083 	 250.845
FHW13187	387.000 	 89.083 	 250.839
FHW13187	387.125 	 88.629 	 250.839
FHW13187	387.250 	 89.086 	 250.407
FHW13187	387.375 	 89.083 	 250.841
FHW13187	387.500 	 89.076 	 250.839
FHW13187	387.625 	 88.632 	 250.407
FHW13187	387.750 	 89.076 	 250.689
FHW13187	387.875 	 89.083 	 250.839
FHW13187	388.000 	 89.086 	 250.407
FHW13187	388.125 	 88.622 	 250.841
FHW13187	388.250 	 89.083 	 250.839
FHW13187	388.375 	 89.086 	 250.407
FHW13187	388.500 	 88.622 	 250.839
FHW13187	388.625 	 89.083 	 250.841
FHW13187	388.750 	 89.083 	 250.839
FHW13187	388.875 	 89.086 	 250.407
FHW13187	389.000 	 88.622 	 250.839
FHW13187	389.125 	 89.083 	 250.841
FHW13187	389.250 	 89.086 	 250.407
FHW13187	389.375 	 89.083 	 250.839
FHW13187	389.500 	 88.629 	 250.839
FHW13187	389.625 	 89.086 	 250.410
FHW13187	389.750 	 89.076 	 250.839
FHW13187	389.875 	 89.083 	 250.839
FHW13187	390.000 	 88.632 	 250.407
FHW13187	390.125 	 89.083 	 250.841
FHW13187	390.250 	 89.083 	 250.839
FHW13187	390.375 	 89.083 	 250.839
FHW13187	390.500 	 88.625 	 250.407
FHW13187	390.625 	 89.076 	 250.689
FHW13187	390.750 	 89.083 	 250.839
FHW13187	390.875 	 89.086 	 250.407
FHW13187	391.000 	 88.622 	 250.841
FHW13187	391.125 	 89.083 	 250.839
FHW13187	391.250 	 89.086 	 250.407
FHW13187	391.375 	 89.083 	 250.839
FHW13187	391.500 	 88.622 	 250.841
FHW13187	391.625 	 89.086 	 250.407
FHW13187	391.750 	 89.083 	 250.842
FHW13187	391.875 	 88.629 	 250.839
FHW13187	392.000 	 89.076 	 250.841
FHW13187	392.125 	 89.086 	 250.407
FHW13187	392.250 	 89.083 	 250.839
FHW13187	392.375 	 88.629 	 250.839
FHW13187	392.500 	 89.086 	 250.410
FHW13187	392.625 	 89.083 	 250.839
FHW13187	392.750 	 89.083 	 250.839
FHW13187	392.875 	 88.625 	 250.407
FHW13187	393.000 	 89.083 	 250.841
FHW13187	393.125 	 89.083 	 250.839
FHW13187	393.250 	 89.086 	 250.407
FHW13187	393.375 	 88.611 	 250.689
FHW13187	393.500 	 89.083 	 250.839
FHW13187	393.625 	 89.083 	 250.839
FHW13187	393.750 	 89.086 	 250.410
FHW13187	393.875 	 89.083 	 250.839
FHW13187	394.000 	 89.083 	 250.839
FHW13187	394.125 	 89.086 	 250.407
FHW13187	394.250 	 89.083 	 250.841
FHW13187	394.375 	 89.083 	 250.839
FHW13187	394.500 	 88.625 	 250.407
FHW13187	394.625 	 89.083 	 250.839
FHW13187	394.750 	 89.083 	 250.841
FHW13187	394.875 	 89.086 	 250.407
FHW13187	395.000 	 89.083 	 250.839
FHW13187	395.125 	 89.083 	 250.839
FHW13187	395.250 	 89.079 	 250.410
FHW13187	395.375 	 89.083 	 250.839
FHW13187	395.500 	 89.083 	 250.839
FHW13187	395.625 	 89.083 	 250.839
FHW13187	395.750 	 89.086 	 250.410
FHW13187	395.875 	 89.083 	 250.839
FHW13187	396.000 	 89.083 	 250.839
FHW13187	396.125 	 89.086 	 250.407
FHW13187	396.250 	 89.083 	 250.841
FHW13187	396.375 	 89.076 	 250.686
FHW13187	396.500 	 89.086 	 250.410
FHW13187	396.625 	 88.621 	 250.842
FHW13187	396.750 	 89.083 	 250.839
FHW13187	396.875 	 89.086 	 250.407
FHW13187	397.000 	 89.083 	 250.841
FHW13187	397.125 	 89.083 	 250.839
FHW13187	397.250 	 89.083 	 250.839
FHW13187	397.375 	 89.086 	 250.407
FHW13187	397.500 	 89.083 	 250.841
FHW13187	397.625 	 89.083 	 250.839
FHW13187	397.750 	 89.086 	 250.407
FHW13187	397.875 	 89.076 	 250.839
FHW13187	398.000 	 89.083 	 250.841
FHW13187	398.125 	 89.086 	 250.407
FHW13187	398.250 	 89.083 	 250.839
FHW13187	398.375 	 89.083 	 250.839
FHW13187	398.500 	 89.086 	 250.410
FHW13187	398.625 	 88.622 	 250.839
FHW13187	398.750 	 89.083 	 250.839
FHW13187	398.875 	 89.083 	 250.839
FHW13187	399.000 	 89.086 	 250.410
FHW13187	399.125 	 89.083 	 250.839
FHW13187	399.250 	 89.083 	 250.839
FHW13187	399.375 	 89.086 	 250.407
FHW13187	399.500 	 89.076 	 250.689
FHW13187	399.625 	 89.083 	 250.839
FHW13187	399.750 	 89.086 	 250.407
FHW13187	399.875 	 89.083 	 250.841
FHW13187	400.000 	 89.083 	 250.839
FHW13187	400.125 	 89.086 	 250.407
FHW13187	400.250 	 89.083 	 250.839
FHW13187	400.375 	 89.076 	 250.841
FHW13187	400.500 	 89.083 	 250.839
FHW13187	400.625 	 89.086 	 250.407
FHW13187	400.750 	 88.629 	 250.839
FHW13187	400.875 	 89.083 	 250.841
FHW13187	401.000 	 89.086 	 250.407
FHW13187	401.125 	 89.076 	 250.839
FHW13187	401.250 	 89.083 	 250.842
FHW13187	401.375 	 89.086 	 250.406
FHW13187	401.500 	 89.083 	 250.842
FHW13187	401.625 	 89.083 	 250.839
FHW13187	401.750 	 89.086 	 250.407
FHW13187	401.875 	 89.083 	 250.841
FHW13187	402.000 	 89.083 	 250.839
FHW13187	402.125 	 89.083 	 250.839
FHW13187	402.250 	 89.086 	 250.407
FHW13187	402.375 	 89.083 	 250.841
FHW13187	402.500 	 89.076 	 250.686
FHW13187	402.625 	 89.086 	 250.410
FHW13187	402.750 	 89.083 	 250.839
FHW13187	402.875 	 88.622 	 250.839
FHW13187	403.000 	 89.542 	 250.990
FHW13187	403.125 	 89.081 	 251.273
FHW13187	403.250 	 89.081 	 251.273
FHW13187	403.375 	 89.090 	 250.990
FHW13187	403.500 	 89.544 	 251.273
FHW13187	403.625 	 89.081 	 251.276
FHW13187	403.750 	 89.088 	 251.422
FHW13187	403.875 	 89.076 	 250.841
FHW13187	404.000 	 89.544 	 251.273
FHW13187	404.125 	 89.081 	 251.273
FHW13187	404.250 	 89.090 	 250.990
FHW13187	404.375 	 89.081 	 251.273
FHW13187	404.500 	 89.081 	 251.276
FHW13187	404.625 	 89.540 	 251.419
FHW13187	404.750 	 89.083 	 250.841
FHW13187	404.875 	 89.081 	 251.273
FHW13187	405.000 	 89.088 	 251.424
FHW13187	405.125 	 89.538 	 250.839
FHW13187	405.250 	 89.081 	 251.273
FHW13187	405.375 	 89.088 	 251.421
FHW13187	405.500 	 89.081 	 251.273
FHW13187	405.625 	 89.545 	 250.839
FHW13187	405.750 	 89.088 	 251.421
FHW13187	405.875 	 89.074 	 251.273
FHW13187	406.000 	 89.083 	 250.841
FHW13187	406.125 	 89.088 	 251.419
FHW13187	406.250 	 89.544 	 251.279
FHW13187	406.375 	 89.081 	 251.273
FHW13187	406.500 	 89.090 	 250.990
FHW13187	406.625 	 89.081 	 251.273
FHW13187	406.750 	 89.537 	 251.273
FHW13187	406.875 	 89.081 	 251.273
FHW13187	407.000 	 89.090 	 250.990
FHW13187	407.125 	 89.081 	 251.273
FHW13187	407.250 	 89.537 	 251.276
FHW13187	407.375 	 89.090 	 250.990
FHW13187	407.500 	 89.081 	 251.273
FHW13187	407.625 	 89.081 	 251.277
FHW13187	407.750 	 89.088 	 251.421
FHW13187	407.875 	 89.538 	 250.839
FHW13187	408.000 	 89.081 	 251.273
FHW13187	408.125 	 89.088 	 251.421
FHW13187	408.250 	 89.083 	 250.839
FHW13187	408.375 	 89.544 	 251.276
FHW13187	408.500 	 89.088 	 251.419
FHW13187	408.625 	 89.081 	 251.276
FHW13187	408.750 	 89.076 	 250.839
FHW13187	408.875 	 89.547 	 251.424
FHW13187	409.000 	 89.081 	 251.273
FHW13187	409.125 	 89.081 	 251.273
FHW13187	409.250 	 89.083 	 250.839
FHW13187	409.375 	 89.540 	 251.421
FHW13187	409.500 	 89.081 	 251.273
FHW13187	409.625 	 89.083 	 250.841
FHW13187	409.750 	 89.088 	 251.419
FHW13187	409.875 	 89.081 	 251.276
FHW13187	410.000 	 89.537 	 251.277
FHW13187	410.125 	 89.090 	 250.990
FHW13187	410.250 	 89.081 	 251.273
FHW13187	410.375 	 89.081 	 251.273
FHW13187	410.500 	 89.549 	 250.990
FHW13187	410.625 	 89.081 	 251.273
FHW13187	410.750 	 89.074 	 251.273
FHW13187	410.875 	 89.088 	 251.421
FHW13187	411.000 	 89.545 	 250.841
FHW13187	411.125 	 89.081 	 251.273
FHW13187	411.250 	 89.088 	 251.424
FHW13187	411.375 	 89.081 	 251.273
FHW13187	411.500 	 89.083 	 250.839
FHW13187	411.625 	 89.540 	 251.421
FHW13187	411.750 	 89.081 	 251.273
FHW13187	411.875 	 89.083 	 250.839
FHW13187	412.000 	 89.081 	 251.276
FHW13187	412.125 	 89.540 	 251.419
FHW13187	412.250 	 89.081 	 251.276
FHW13187	412.375 	 89.088 	 251.419
FHW13187	412.500 	 89.543 	 251.715
FHW13187	412.625 	 89.540 	 251.419
FHW13187	412.750 	 89.086 	 251.854
FHW13187	412.875 	 89.537 	 251.273
FHW13187	413.000 	 89.086 	 251.854
FHW13187	413.125 	 89.544 	 251.273
FHW13187	413.250 	 89.086 	 251.858
FHW13187	413.375 	 89.539 	 251.854
FHW13187	413.500 	 89.081 	 251.273
FHW13187	413.625 	 89.546 	 251.854
FHW13187	413.750 	 89.537 	 251.273
FHW13187	413.875 	 89.086 	 251.854
FHW13187	414.000 	 89.540 	 251.424
FHW13187	414.125 	 89.079 	 251.710
FHW13187	414.250 	 89.547 	 251.421
FHW13187	414.375 	 89.079 	 251.710
FHW13187	414.500 	 89.540 	 251.421
FHW13187	414.625 	 89.546 	 251.854
FHW13187	414.750 	 89.078 	 251.713
FHW13187	414.875 	 89.540 	 251.421
FHW13187	415.000 	 89.079 	 251.710
FHW13187	415.125 	 89.547 	 251.421
FHW13187	415.250 	 89.079 	 251.854
FHW13187	415.375 	 89.544 	 251.273
FHW13187	415.500 	 89.086 	 251.854
FHW13187	415.625 	 89.537 	 251.277
FHW13187	415.750 	 89.546 	 251.854
FHW13187	415.875 	 89.088 	 251.419
FHW13187	416.000 	 89.536 	 251.712
FHW13187	416.125 	 89.085 	 251.852
FHW13187	416.250 	 89.544 	 251.276
FHW13187	416.375 	 89.079 	 251.858
FHW13187	416.500 	 89.547 	 251.419
FHW13187	416.625 	 89.079 	 251.712
FHW13187	416.750 	 89.540 	 251.419
FHW13187	416.875 	 89.543 	 251.712
FHW13187	417.000 	 89.088 	 251.419
FHW13187	417.125 	 89.539 	 251.858
FHW13187	417.250 	 89.081 	 251.273
FHW13187	417.375 	 89.546 	 251.854
FHW13187	417.500 	 89.071 	 251.710
FHW13187	417.625 	 89.547 	 251.421
FHW13187	417.750 	 89.086 	 251.854
FHW13187	417.875 	 89.537 	 251.273
FHW13187	418.000 	 89.546 	 251.858
FHW13187	418.125 	 89.081 	 251.273
FHW13187	418.250 	 89.539 	 251.854
FHW13187	418.375 	 89.088 	 251.421
FHW13187	418.500 	 89.543 	 251.710
FHW13187	418.625 	 89.086 	 251.854
FHW13187	418.750 	 89.537 	 251.277
FHW13187	418.875 	 89.539 	 251.854
FHW13187	419.000 	 89.088 	 251.421
FHW13187	419.125 	 89.543 	 251.710
FHW13187	419.250 	 89.088 	 251.421
FHW13187	419.375 	 89.536 	 251.710
FHW13187	419.500 	 89.088 	 251.424
FHW13187	419.625 	 89.546 	 251.854
FHW13187	419.750 	 89.081 	 251.273
FHW13187	419.875 	 89.539 	 251.854
FHW13187	420.000 	 89.536 	 251.710
FHW13187	420.125 	 89.088 	 251.421
FHW13187	420.250 	 89.546 	 251.855
FHW13187	420.375 	 89.081 	 251.276
FHW13187	420.500 	 89.539 	 251.852
FHW13187	420.625 	 89.081 	 251.276
FHW13187	420.750 	 89.546 	 251.852
FHW13187	420.875 	 89.088 	 251.421
FHW13187	421.000 	 89.536 	 251.710
FHW13187	421.125 	 89.547 	 251.424
FHW13187	421.250 	 89.072 	 251.712
FHW13187	421.375 	 89.546 	 251.852
FHW13187	421.500 	 89.088 	 251.421
FHW13187	421.625 	 89.081 	 251.273
FHW13187	421.750 	 89.081 	 251.276
FHW13187	421.875 	 89.088 	 251.419
FHW13187	422.000 	 88.622 	 250.841
FHW13187	422.125 	 89.081 	 251.277
FHW13187	422.250 	 89.088 	 251.421
FHW13187	422.375 	 89.081 	 251.273
FHW13187	422.500 	 88.618 	 251.273
FHW13187	422.625 	 89.090 	 250.990
FHW13187	422.750 	 89.081 	 251.273
FHW13187	422.875 	 89.081 	 251.273
FHW13187	423.000 	 89.088 	 251.421
FHW13187	423.125 	 88.618 	 251.277
FHW13187	423.250 	 89.081 	 251.276
FHW13187	423.375 	 89.090 	 250.987
FHW13187	423.500 	 89.081 	 251.276
FHW13187	423.625 	 89.088 	 251.421
FHW13187	423.750 	 88.618 	 251.273
FHW13187	423.875 	 89.081 	 251.273
FHW13187	424.000 	 89.088 	 251.421
FHW13187	424.125 	 89.083 	 250.839
FHW13187	424.250 	 88.625 	 251.273
FHW13187	424.375 	 89.088 	 251.424
FHW13187	424.500 	 89.074 	 251.273
FHW13187	424.625 	 89.081 	 251.276
FHW13187	424.750 	 89.088 	 251.419
FHW13187	424.875 	 88.629 	 250.841
FHW13187	425.000 	 89.081 	 251.273
FHW13187	425.125 	 89.088 	 251.421
FHW13187	425.250 	 89.074 	 251.273
FHW13187	425.375 	 89.081 	 251.273
FHW13187	425.500 	 88.639 	 250.990
FHW13187	425.625 	 89.081 	 251.277
FHW13187	425.750 	 89.081 	 251.273
FHW13187	425.875 	 89.088 	 251.421
FHW13187	426.000 	 88.618 	 251.273
FHW13187	426.125 	 89.081 	 251.276
FHW13187	426.250 	 89.090 	 250.987
FHW13187	426.375 	 89.081 	 251.276
FHW13187	426.500 	 89.081 	 251.273
FHW13187	426.625 	 88.628 	 251.424
FHW13187	426.750 	 89.081 	 251.273
FHW13187	426.875 	 89.088 	 251.421
FHW13187	427.000 	 89.083 	 250.839
FHW13187	427.125 	 89.081 	 251.273
FHW13187	427.250 	 88.628 	 251.421
FHW13187	427.375 	 89.081 	 251.273
FHW13187	427.500 	 89.081 	 251.276
FHW13187	427.625 	 89.088 	 251.419
FHW13187	427.750 	 88.622 	 250.841
FHW13187	427.875 	 89.081 	 251.277
FHW13187	428.000 	 89.088 	 251.421
FHW13187	428.125 	 89.081 	 251.273
FHW13187	428.250 	 89.081 	 251.273
FHW13187	428.375 	 88.632 	 250.990
FHW13187	428.500 	 89.081 	 251.273
FHW13187	428.625 	 89.081 	 251.273
FHW13187	428.750 	 89.088 	 251.421
FHW13187	428.875 	 89.081 	 251.273
FHW13187	429.000 	 88.625 	 251.279
FHW13187	429.125 	 89.083 	 250.987
FHW13187	429.250 	 89.081 	 251.276
FHW13187	429.375 	 89.081 	 251.273
FHW13187	429.500 	 88.635 	 251.421
FHW13187	429.625 	 89.081 	 251.273
FHW13187	429.750 	 89.081 	 251.273
FHW13187	429.875 	 89.090 	 250.990
FHW13187	430.000 	 89.074 	 251.273
FHW13187	430.125 	 88.635 	 251.424
FHW13187	430.250 	 89.081 	 251.273
FHW13187	430.375 	 89.081 	 251.276
FHW13187	430.500 	 89.088 	 251.419
FHW13187	430.625 	 89.083 	 250.841
FHW13187	430.750 	 88.618 	 251.273
FHW13187	430.875 	 89.088 	 251.421
FHW13187	431.000 	 88.622 	 250.839
FHW13187	431.125 	 88.629 	 250.839
FHW13187	431.250 	 88.625 	 250.407
FHW13187	431.375 	 88.622 	 250.841
FHW13187	431.500 	 88.167 	 250.839
FHW13187	431.625 	 88.629 	 250.839
FHW13187	431.750 	 88.622 	 250.839
FHW13187	431.875 	 88.622 	 250.841
FHW13187	432.000 	 88.628 	 250.842
FHW13187	432.125 	 88.622 	 250.839
FHW13187	432.250 	 88.629 	 250.839
FHW13187	432.375 	 88.622 	 250.841
FHW13187	432.500 	 88.622 	 250.839
FHW13187	432.625 	 88.632 	 250.407
FHW13187	432.750 	 88.622 	 250.839
FHW13187	432.875 	 88.629 	 250.841
FHW13187	433.000 	 88.622 	 250.839
FHW13187	433.125 	 88.167 	 250.839
FHW13187	433.250 	 88.622 	 250.839
FHW13187	433.375 	 88.629 	 250.841
FHW13187	433.500 	 88.622 	 250.839
FHW13187	433.625 	 88.622 	 250.839
FHW13187	433.750 	 88.629 	 250.839
FHW13187	433.875 	 88.625 	 250.410
FHW13187	434.000 	 88.629 	 250.839
FHW13187	434.125 	 88.622 	 250.839
FHW13187	434.250 	 88.622 	 250.839
FHW13187	434.375 	 88.629 	 250.841
FHW13187	434.500 	 88.622 	 250.839
FHW13187	434.625 	 88.629 	 250.839
FHW13187	434.750 	 88.622 	 250.839
FHW13187	434.875 	 88.167 	 250.841
FHW13187	435.000 	 88.621 	 250.842
FHW13187	435.125 	 88.629 	 250.839
FHW13187	435.250 	 88.625 	 250.407
FHW13187	435.375 	 88.622 	 250.841
FHW13187	435.500 	 88.629 	 250.839
FHW13187	435.625 	 88.622 	 250.839
FHW13187	435.750 	 88.629 	 250.839
FHW13187	435.875 	 88.622 	 250.841
FHW13187	436.000 	 88.622 	 250.839
FHW13187	436.125 	 88.629 	 250.839
FHW13187	436.250 	 88.622 	 250.839
FHW13187	436.375 	 88.629 	 250.841
FHW13187	436.500 	 88.165 	 250.407
FHW13187	436.625 	 88.629 	 250.839
FHW13187	436.750 	 88.622 	 250.839
FHW13187	436.875 	 88.629 	 250.841
FHW13187	437.000 	 88.622 	 250.839
FHW13187	437.125 	 88.622 	 250.839
FHW13187	437.250 	 88.629 	 250.839
FHW13187	437.375 	 88.622 	 250.841
FHW13187	437.500 	 88.622 	 250.839
FHW13187	437.625 	 88.629 	 250.839
FHW13187	437.750 	 88.622 	 250.839
FHW13187	437.875 	 88.632 	 250.410
FHW13187	438.000 	 88.622 	 250.839
FHW13187	438.125 	 88.167 	 250.842
FHW13187	438.250 	 88.622 	 250.839
FHW13187	438.375 	 88.629 	 250.841
FHW13187	438.500 	 88.622 	 250.839
FHW13187	438.625 	 88.622 	 250.839
FHW13187	438.750 	 88.629 	 250.839
FHW13187	438.875 	 88.622 	 250.839
FHW13187	439.000 	 88.629 	 250.841
FHW13187	439.125 	 88.625 	 250.407
FHW13187	439.250 	 88.622 	 250.839
FHW13187	439.375 	 88.629 	 250.839
FHW13187	439.500 	 88.622 	 250.841
FHW13187	439.625 	 88.629 	 250.839
FHW13187	439.750 	 88.160 	 250.839
FHW13187	439.875 	 88.629 	 250.839
FHW13187	440.000 	 88.622 	 250.841
FHW13187	440.125 	 88.629 	 250.839
FHW13187	440.250 	 88.622 	 250.839
FHW13187	440.375 	 88.622 	 250.839
FHW13187	440.500 	 88.629 	 250.841
FHW13187	440.625 	 88.632 	 250.990
FHW13187	440.750 	 88.629 	 250.839
FHW13187	440.875 	 88.622 	 250.839
FHW13187	441.000 	 88.621 	 250.842
FHW13187	441.125 	 88.629 	 250.839
FHW13187	441.250 	 88.622 	 250.841
FHW13187	441.375 	 88.167 	 250.839
FHW13187	441.500 	 88.622 	 250.839
FHW13187	441.625 	 88.629 	 250.839
FHW13187	441.750 	 88.622 	 250.841
FHW13187	441.875 	 88.629 	 250.839
FHW13187	442.000 	 88.622 	 250.839
FHW13187	442.125 	 88.622 	 250.839
FHW13187	442.250 	 88.629 	 250.841
FHW13187	442.375 	 88.622 	 250.839
FHW13187	442.500 	 88.629 	 250.839
FHW13187	442.625 	 88.622 	 250.839
FHW13187	442.750 	 88.622 	 250.841
FHW13187	442.875 	 88.629 	 250.839
FHW13187	443.000 	 88.167 	 250.839
FHW13187	443.125 	 88.622 	 250.839
FHW13187	443.250 	 88.622 	 250.841
FHW13187	443.375 	 88.639 	 250.987
FHW13187	443.500 	 88.622 	 250.841
FHW13187	443.625 	 88.628 	 250.840
FHW13187	443.750 	 88.622 	 250.841
FHW13187	443.875 	 88.622 	 250.841
FHW13187	444.000 	 88.628 	 250.837
FHW13187	444.125 	 88.622 	 250.841
FHW13187	444.250 	 88.629 	 250.841
FHW13187	444.375 	 88.621 	 250.837
FHW13187	444.500 	 88.622 	 250.841
FHW13187	444.625 	 88.628 	 250.837
FHW13187	444.750 	 88.167 	 250.841
FHW13187	444.875 	 88.622 	 250.841
FHW13187	445.000 	 88.621 	 250.837
FHW13187	445.125 	 88.629 	 250.841
FHW13187	445.250 	 88.622 	 250.841
FHW13187	445.375 	 88.628 	 250.837
FHW13187	445.500 	 88.622 	 250.841
FHW13187	445.625 	 88.621 	 250.837
FHW13187	445.750 	 88.629 	 250.841
FHW13187	445.875 	 88.622 	 250.841
FHW13187	446.000 	 88.632 	 250.987
FHW13187	446.125 	 88.629 	 250.845
FHW13187	446.250 	 88.621 	 250.837
FHW13187	446.375 	 88.167 	 250.841
FHW13187	446.500 	 88.629 	 250.841
FHW13187	446.625 	 88.621 	 250.837
FHW13187	446.750 	 88.622 	 250.841
FHW13187	446.875 	 88.628 	 250.837
FHW13187	447.000 	 88.622 	 250.841
FHW13187	447.125 	 88.622 	 250.841
FHW13187	447.250 	 88.628 	 250.837
FHW13187	447.375 	 88.622 	 250.841
FHW13187	447.500 	 88.629 	 250.841
FHW13187	447.625 	 88.621 	 250.837
FHW13187	447.750 	 88.622 	 250.841
FHW13187	447.875 	 88.628 	 250.837
FHW13187	448.000 	 88.167 	 250.841
FHW13187	448.125 	 88.622 	 250.841
FHW13187	448.250 	 88.621 	 250.837
FHW13187	448.375 	 88.629 	 250.841
FHW13187	448.500 	 88.622 	 250.841
FHW13187	448.625 	 88.639 	 250.987
FHW13187	448.750 	 88.622 	 250.845
FHW13187	448.875 	 88.621 	 250.837
FHW13187	449.000 	 88.629 	 250.841
FHW13187	449.125 	 88.621 	 250.837
FHW13187	449.250 	 88.629 	 250.841
FHW13187	449.375 	 88.622 	 250.841
FHW13187	449.500 	 88.167 	 250.837
FHW13187	449.625 	 88.162 	 251.276
FHW13187	449.750 	 88.162 	 251.276
FHW13187	449.875 	 88.632 	 250.987
FHW13187	450.000 	 88.162 	 251.276
FHW13187	450.125 	 88.162 	 251.271
FHW13187	450.250 	 88.167 	 250.841
FHW13187	450.375 	 88.169 	 251.419
FHW13187	450.500 	 88.162 	 251.279
FHW13187	450.625 	 88.167 	 250.841
FHW13187	450.750 	 88.162 	 251.271
FHW13187	450.875 	 88.632 	 250.992
FHW13187	451.000 	 88.162 	 251.271
FHW13187	451.125 	 88.162 	 251.276
FHW13187	451.250 	 88.167 	 250.837
FHW13187	451.375 	 88.162 	 251.276
FHW13187	451.500 	 88.176 	 251.419
FHW13187	451.625 	 88.160 	 250.841
FHW13187	451.750 	 88.162 	 251.279
FHW13187	451.875 	 88.162 	 251.271
FHW13187	452.000 	 88.639 	 250.992
FHW13187	452.125 	 88.155 	 251.271
FHW13187	452.250 	 88.167 	 250.841
FHW13187	452.375 	 88.162 	 251.276
FHW13187	452.500 	 88.176 	 251.419
FHW13187	452.625 	 88.167 	 250.841
FHW13187	452.750 	 88.162 	 251.271
FHW13187	452.875 	 88.162 	 251.276
FHW13187	453.000 	 88.632 	 250.987
FHW13187	453.125 	 88.162 	 251.279
FHW13187	453.250 	 88.167 	 250.837
FHW13187	453.375 	 88.162 	 251.276
FHW13187	453.500 	 88.169 	 251.419
FHW13187	453.625 	 88.167 	 250.841
FHW13187	453.750 	 88.162 	 251.276
FHW13187	453.875 	 88.162 	 251.271
FHW13187	454.000 	 88.167 	 250.841
FHW13187	454.125 	 88.628 	 251.419
FHW13187	454.250 	 88.162 	 251.276
FHW13187	454.375 	 88.167 	 250.841
FHW13187	454.500 	 88.162 	 251.274
FHW13187	454.625 	 88.181 	 250.992
FHW13187	454.750 	 88.155 	 251.271
FHW13187	454.875 	 88.162 	 251.276
FHW13187	455.000 	 88.167 	 250.837
FHW13187	455.125 	 88.636 	 251.423
FHW13187	455.250 	 88.155 	 251.276
FHW13187	455.375 	 88.167 	 250.837
FHW13187	455.500 	 88.162 	 251.276
FHW13187	455.625 	 88.176 	 251.419
FHW13187	455.750 	 88.167 	 250.845
FHW13187	455.875 	 88.162 	 251.271
FHW13187	456.000 	 88.167 	 250.841
FHW13187	456.125 	 88.169 	 251.419
FHW13187	456.250 	 88.625 	 251.276
FHW13187	456.375 	 88.167 	 250.841
FHW13187	456.500 	 88.162 	 251.271
FHW13187	456.625 	 88.155 	 251.276
FHW13187	456.750 	 88.181 	 250.987
FHW13187	456.875 	 88.162 	 251.276
FHW13187	457.000 	 88.167 	 250.841
FHW13187	457.125 	 88.162 	 251.274
FHW13187	457.250 	 88.176 	 251.423
FHW13187	457.375 	 88.621 	 250.837
FHW13187	457.500 	 88.162 	 251.276
FHW13187	457.625 	 88.162 	 251.271
FHW13187	457.750 	 88.181 	 250.992
FHW13187	457.875 	 88.155 	 251.271
FHW13187	458.000 	 88.162 	 251.276
FHW13187	458.125 	 88.167 	 250.841
FHW13187	458.250 	 88.176 	 251.419
FHW13187	458.375 	 88.622 	 250.841
FHW13187	458.500 	 88.162 	 251.274
FHW13187	458.625 	 88.162 	 251.276
FHW13187	458.750 	 88.181 	 250.987
FHW13187	458.875 	 87.700 	 251.276
FHW13187	459.000 	 87.707 	 251.276
FHW13187	459.125 	 87.705 	 250.837
FHW13187	459.250 	 87.245 	 251.276
FHW13187	459.375 	 87.717 	 251.419
FHW13187	459.500 	 87.706 	 250.841
FHW13187	459.625 	 87.706 	 251.271
FHW13187	459.750 	 87.238 	 251.279
FHW13187	459.875 	 87.713 	 250.841
FHW13187	460.000 	 87.699 	 251.271
FHW13187	460.125 	 87.723 	 250.992
FHW13187	460.250 	 87.244 	 251.271
FHW13187	460.375 	 87.707 	 251.276
FHW13187	460.500 	 87.706 	 250.841
FHW13187	460.625 	 87.244 	 251.271
FHW13187	460.750 	 87.717 	 251.423
FHW13187	460.875 	 87.705 	 250.837
FHW13187	461.000 	 87.707 	 251.276
FHW13187	461.125 	 87.238 	 251.279
FHW13187	461.250 	 87.712 	 250.837
FHW13187	461.375 	 87.717 	 251.423
FHW13187	461.500 	 87.699 	 251.271
FHW13187	461.625 	 87.252 	 250.841
FHW13187	461.750 	 87.699 	 251.271
FHW13187	461.875 	 87.707 	 251.276
FHW13187	462.000 	 87.706 	 250.841
FHW13187	462.125 	 87.265 	 251.419
FHW13187	462.250 	 87.700 	 251.276
FHW13187	462.375 	 87.712 	 250.837
FHW13187	462.500 	 87.700 	 251.279
FHW13187	462.625 	 87.252 	 250.841
FHW13187	462.750 	 87.717 	 251.419
FHW13187	462.875 	 87.700 	 251.276
FHW13187	463.000 	 87.712 	 250.837
FHW13187	463.125 	 87.238 	 251.276
FHW13187	463.250 	 87.706 	 251.271
FHW13187	463.375 	 87.723 	 250.992
FHW13187	463.500 	 87.699 	 251.271
FHW13187	463.625 	 87.245 	 251.276
FHW13187	463.750 	 87.706 	 250.845
FHW13187	463.875 	 87.706 	 251.271
FHW13187	464.000 	 87.717 	 251.423
FHW13187	464.125 	 87.251 	 250.837
FHW13187	464.250 	 87.700 	 251.276
FHW13187	464.375 	 87.707 	 251.276
FHW13187	464.500 	 87.705 	 250.837
FHW13187	464.625 	 87.266 	 251.423
FHW13187	464.750 	 87.699 	 251.271
FHW13187	464.875 	 87.706 	 250.841
FHW13187	465.000 	 87.706 	 251.274
FHW13187	465.125 	 87.245 	 250.841
FHW13187	465.250 	 87.707 	 251.276
FHW13187	465.375 	 87.717 	 251.419
FHW13187	465.500 	 87.706 	 250.841
FHW13187	465.625 	 87.244 	 251.271
FHW13187	465.750 	 87.700 	 251.276
FHW13187	465.875 	 87.713 	 250.841
FHW13187	466.000 	 87.265 	 251.419
FHW13187	466.125 	 87.700 	 251.276
FHW13187	466.250 	 87.705 	 250.837
FHW13187	466.375 	 87.700 	 251.279
FHW13187	466.500 	 87.244 	 251.271
FHW13187	466.625 	 87.730 	 250.992
FHW13187	466.750 	 87.700 	 251.276
FHW13187	466.875 	 87.699 	 251.271
FHW13187	467.000 	 87.252 	 250.841
FHW13187	467.125 	 87.699 	 251.271
FHW13187	467.250 	 87.724 	 251.423
FHW13187	467.375 	 87.705 	 250.837
FHW13187	467.500 	 87.245 	 251.276
FHW13187	467.625 	 87.706 	 250.841
FHW13187	467.750 	 87.699 	 251.274
FHW13187	467.875 	 87.707 	 251.276
FHW13187	468.000 	 87.272 	 250.987
FHW13187	468.125 	 87.700 	 251.276
FHW13187	468.250 	 87.700 	 251.276
FHW13187	468.375 	 87.705 	 250.837
FHW13187	468.500 	 87.245 	 251.276
FHW13187	468.625 	 87.724 	 251.419
FHW13187	468.750 	 87.706 	 250.841
FHW13187	468.875 	 87.699 	 251.271
FHW13187	469.000 	 87.245 	 251.279
