#WellName	 Depth.M	 INCL	 AZIM 
WellName	 Depth.M	 INCL	 AZIM 
FHW13069	0.000 	 0.000 	 0.000
FHW13069	0.125 	 0.000 	 90.000
FHW13069	0.250 	 0.000 	 90.000
FHW13069	0.375 	 0.000 	 90.000
FHW13069	0.500 	 0.000 	 90.000
FHW13069	0.625 	 0.000 	 90.000
FHW13069	0.750 	 0.000 	 90.000
FHW13069	0.875 	 0.000 	 90.000
FHW13069	1.000 	 0.000 	 90.000
FHW13069	1.125 	 0.000 	 90.000
FHW13069	1.250 	 0.000 	 90.000
FHW13069	1.375 	 0.000 	 90.000
FHW13069	1.500 	 0.000 	 90.000
FHW13069	1.625 	 0.000 	 90.000
FHW13069	1.750 	 0.000 	 90.000
FHW13069	1.875 	 0.000 	 90.000
FHW13069	2.000 	 0.000 	 90.000
FHW13069	2.125 	 0.000 	 90.000
FHW13069	2.250 	 0.000 	 90.000
FHW13069	2.375 	 0.000 	 90.000
FHW13069	2.500 	 0.000 	 90.000
FHW13069	2.625 	 0.000 	 90.000
FHW13069	2.750 	 0.000 	 90.000
FHW13069	2.875 	 0.000 	 90.000
FHW13069	3.000 	 0.000 	 90.000
FHW13069	3.125 	 0.000 	 90.000
FHW13069	3.250 	 0.000 	 90.000
FHW13069	3.375 	 0.000 	 90.000
FHW13069	3.500 	 0.000 	 90.000
FHW13069	3.625 	 0.000 	 90.000
FHW13069	3.750 	 0.000 	 90.000
FHW13069	3.875 	 0.000 	 90.000
FHW13069	4.000 	 0.000 	 90.000
FHW13069	4.125 	 0.000 	 90.000
FHW13069	4.250 	 0.000 	 90.000
FHW13069	4.375 	 0.000 	 90.000
FHW13069	4.500 	 0.000 	 90.000
FHW13069	4.625 	 0.000 	 90.000
FHW13069	4.750 	 0.000 	 90.000
FHW13069	4.875 	 0.000 	 90.000
FHW13069	5.000 	 0.000 	 90.000
FHW13069	5.125 	 0.000 	 90.000
FHW13069	5.250 	 0.000 	 90.000
FHW13069	5.375 	 0.000 	 90.000
FHW13069	5.500 	 0.000 	 90.000
FHW13069	5.625 	 0.000 	 90.000
FHW13069	5.750 	 0.000 	 90.000
FHW13069	5.875 	 0.000 	 90.000
FHW13069	6.000 	 0.000 	 90.000
FHW13069	6.125 	 0.000 	 90.000
FHW13069	6.250 	 0.000 	 90.000
FHW13069	6.375 	 0.000 	 90.000
FHW13069	6.500 	 0.000 	 90.000
FHW13069	6.625 	 0.000 	 90.000
FHW13069	6.750 	 0.000 	 90.000
FHW13069	6.875 	 0.000 	 90.000
FHW13069	7.000 	 0.000 	 90.000
FHW13069	7.125 	 0.000 	 90.000
FHW13069	7.250 	 0.000 	 90.000
FHW13069	7.375 	 0.000 	 90.000
FHW13069	7.500 	 0.000 	 90.000
FHW13069	7.625 	 0.000 	 90.000
FHW13069	7.750 	 0.000 	 90.000
FHW13069	7.875 	 0.000 	 90.000
FHW13069	8.000 	 0.000 	 90.000
FHW13069	8.125 	 0.000 	 90.000
FHW13069	8.250 	 0.000 	 90.000
FHW13069	8.375 	 0.000 	 90.000
FHW13069	8.500 	 0.000 	 90.000
FHW13069	8.625 	 0.000 	 90.000
FHW13069	8.750 	 0.000 	 90.000
FHW13069	8.875 	 0.000 	 90.000
FHW13069	9.000 	 0.000 	 90.000
FHW13069	9.125 	 0.000 	 90.000
FHW13069	9.250 	 0.000 	 90.000
FHW13069	9.375 	 0.000 	 90.000
FHW13069	9.500 	 0.000 	 90.000
FHW13069	9.625 	 0.000 	 90.000
FHW13069	9.750 	 0.000 	 90.000
FHW13069	9.875 	 0.000 	 90.000
FHW13069	10.000 	 0.000 	 90.000
FHW13069	10.125 	 0.000 	 90.000
FHW13069	10.250 	 0.000 	 90.000
FHW13069	10.375 	 0.000 	 90.000
FHW13069	10.500 	 0.000 	 90.000
FHW13069	10.625 	 0.000 	 90.000
FHW13069	10.750 	 0.000 	 90.000
FHW13069	10.875 	 0.000 	 90.000
FHW13069	11.000 	 0.000 	 90.000
FHW13069	11.125 	 0.000 	 90.000
FHW13069	11.250 	 0.000 	 90.000
FHW13069	11.375 	 0.000 	 90.000
FHW13069	11.500 	 0.000 	 90.000
FHW13069	11.625 	 0.000 	 90.000
FHW13069	11.750 	 0.000 	 90.000
FHW13069	11.875 	 0.000 	 90.000
FHW13069	12.000 	 0.000 	 90.000
FHW13069	12.125 	 0.000 	 90.000
FHW13069	12.250 	 0.000 	 90.000
FHW13069	12.375 	 0.000 	 90.000
FHW13069	12.500 	 0.000 	 90.000
FHW13069	12.625 	 0.000 	 90.000
FHW13069	12.750 	 0.000 	 90.000
FHW13069	12.875 	 0.000 	 90.000
FHW13069	13.000 	 0.000 	 90.000
FHW13069	13.125 	 0.000 	 90.000
FHW13069	13.250 	 0.000 	 90.000
FHW13069	13.375 	 0.000 	 90.000
FHW13069	13.500 	 0.000 	 90.000
FHW13069	13.625 	 0.000 	 90.000
FHW13069	13.750 	 0.000 	 90.000
FHW13069	13.875 	 0.000 	 90.000
FHW13069	14.000 	 0.000 	 90.000
FHW13069	14.125 	 0.000 	 90.000
FHW13069	14.250 	 0.000 	 90.000
FHW13069	14.375 	 0.000 	 90.000
FHW13069	14.500 	 0.000 	 90.000
FHW13069	14.625 	 0.000 	 90.000
FHW13069	14.750 	 0.000 	 90.000
FHW13069	14.875 	 0.000 	 90.000
FHW13069	15.000 	 0.000 	 90.000
FHW13069	15.125 	 0.000 	 90.000
FHW13069	15.250 	 0.000 	 90.000
FHW13069	15.375 	 0.000 	 90.000
FHW13069	15.500 	 0.000 	 90.000
FHW13069	15.625 	 0.000 	 90.000
FHW13069	15.750 	 0.000 	 90.000
FHW13069	15.875 	 0.000 	 90.000
FHW13069	16.000 	 0.000 	 90.000
FHW13069	16.125 	 0.000 	 90.000
FHW13069	16.250 	 0.000 	 90.000
FHW13069	16.375 	 0.000 	 90.000
FHW13069	16.500 	 0.000 	 90.000
FHW13069	16.625 	 0.000 	 90.000
FHW13069	16.750 	 0.000 	 90.000
FHW13069	16.875 	 0.000 	 90.000
FHW13069	17.000 	 0.000 	 90.000
FHW13069	17.125 	 0.000 	 90.000
FHW13069	17.250 	 0.000 	 90.000
FHW13069	17.375 	 0.000 	 90.000
FHW13069	17.500 	 0.000 	 90.000
FHW13069	17.625 	 0.000 	 90.000
FHW13069	17.750 	 0.000 	 90.000
FHW13069	17.875 	 0.000 	 90.000
FHW13069	18.000 	 0.000 	 90.000
FHW13069	18.125 	 0.000 	 90.000
FHW13069	18.250 	 0.000 	 90.000
FHW13069	18.375 	 0.000 	 90.000
FHW13069	18.500 	 0.000 	 90.000
FHW13069	18.625 	 0.000 	 90.000
FHW13069	18.750 	 0.000 	 90.000
FHW13069	18.875 	 0.000 	 90.000
FHW13069	19.000 	 0.000 	 90.000
FHW13069	19.125 	 0.458 	 90.000
FHW13069	19.250 	 0.000 	 90.000
FHW13069	19.375 	 0.000 	 90.000
FHW13069	19.500 	 0.000 	 90.000
FHW13069	19.625 	 0.000 	 90.000
FHW13069	19.750 	 0.458 	 90.000
FHW13069	19.875 	 0.000 	 90.000
FHW13069	20.000 	 0.000 	 90.000
FHW13069	20.125 	 0.000 	 90.000
FHW13069	20.250 	 0.458 	 90.000
FHW13069	20.375 	 0.458 	 180.000
FHW13069	20.500 	 0.000 	 90.000
FHW13069	20.625 	 0.000 	 90.000
FHW13069	20.750 	 0.458 	 90.000
FHW13069	20.875 	 0.000 	 90.000
FHW13069	21.000 	 0.000 	 90.000
FHW13069	21.125 	 0.000 	 90.000
FHW13069	21.250 	 0.458 	 90.000
FHW13069	21.375 	 0.000 	 90.000
FHW13069	21.500 	 0.000 	 90.000
FHW13069	21.625 	 0.000 	 90.000
FHW13069	21.750 	 0.458 	 90.000
FHW13069	21.875 	 0.000 	 90.000
FHW13069	22.000 	 0.000 	 90.000
FHW13069	22.125 	 0.000 	 90.000
FHW13069	22.250 	 0.458 	 90.000
FHW13069	22.375 	 0.000 	 90.000
FHW13069	22.500 	 0.000 	 90.000
FHW13069	22.625 	 0.000 	 90.000
FHW13069	22.750 	 0.458 	 90.000
FHW13069	22.875 	 0.000 	 90.000
FHW13069	23.000 	 0.000 	 90.000
FHW13069	23.125 	 0.000 	 90.000
FHW13069	23.250 	 0.648 	 135.000
FHW13069	23.375 	 0.000 	 90.000
FHW13069	23.500 	 0.000 	 90.000
FHW13069	23.625 	 0.000 	 90.000
FHW13069	23.750 	 0.000 	 90.000
FHW13069	23.875 	 0.458 	 90.000
FHW13069	24.000 	 0.000 	 90.000
FHW13069	24.125 	 0.000 	 90.000
FHW13069	24.250 	 0.000 	 90.000
FHW13069	24.375 	 0.458 	 90.000
FHW13069	24.500 	 0.000 	 90.000
FHW13069	24.625 	 0.000 	 90.000
FHW13069	24.750 	 0.000 	 90.000
FHW13069	24.875 	 0.458 	 90.000
FHW13069	25.000 	 0.000 	 90.000
FHW13069	25.125 	 0.000 	 90.000
FHW13069	25.250 	 0.000 	 90.000
FHW13069	25.375 	 0.458 	 90.000
FHW13069	25.500 	 0.000 	 90.000
FHW13069	25.625 	 0.000 	 90.000
FHW13069	25.750 	 0.000 	 90.000
FHW13069	25.875 	 0.458 	 90.000
FHW13069	26.000 	 0.000 	 90.000
FHW13069	26.125 	 0.458 	 180.000
FHW13069	26.250 	 0.000 	 90.000
FHW13069	26.375 	 0.458 	 90.000
FHW13069	26.500 	 0.000 	 90.000
FHW13069	26.625 	 0.000 	 90.000
FHW13069	26.750 	 0.000 	 90.000
FHW13069	26.875 	 0.458 	 90.000
FHW13069	27.000 	 0.000 	 90.000
FHW13069	27.125 	 0.000 	 90.000
FHW13069	27.250 	 0.000 	 90.000
FHW13069	27.375 	 0.458 	 90.000
FHW13069	27.500 	 0.000 	 90.000
FHW13069	27.625 	 0.000 	 90.000
FHW13069	27.750 	 0.000 	 90.000
FHW13069	27.875 	 0.000 	 90.000
FHW13069	28.000 	 0.458 	 90.000
FHW13069	28.125 	 0.000 	 90.000
FHW13069	28.250 	 0.000 	 90.000
FHW13069	28.375 	 0.000 	 90.000
FHW13069	28.500 	 0.458 	 90.000
FHW13069	28.625 	 0.000 	 90.000
FHW13069	28.750 	 0.000 	 90.000
FHW13069	28.875 	 0.000 	 90.000
FHW13069	29.000 	 0.648 	 135.000
FHW13069	29.125 	 0.000 	 90.000
FHW13069	29.250 	 0.000 	 90.000
FHW13069	29.375 	 0.000 	 90.000
FHW13069	29.500 	 0.458 	 90.000
FHW13069	29.625 	 0.000 	 90.000
FHW13069	29.750 	 0.000 	 90.000
FHW13069	29.875 	 0.000 	 90.000
FHW13069	30.000 	 0.458 	 90.000
FHW13069	30.125 	 0.000 	 90.000
FHW13069	30.250 	 0.000 	 90.000
FHW13069	30.375 	 0.000 	 90.000
FHW13069	30.500 	 0.458 	 90.000
FHW13069	30.625 	 0.000 	 90.000
FHW13069	30.750 	 0.000 	 90.000
FHW13069	30.875 	 0.000 	 90.000
FHW13069	31.000 	 0.458 	 90.000
FHW13069	31.125 	 0.000 	 90.000
FHW13069	31.250 	 0.000 	 90.000
FHW13069	31.375 	 0.000 	 90.000
FHW13069	31.500 	 0.458 	 90.000
FHW13069	31.625 	 0.000 	 90.000
FHW13069	31.750 	 0.000 	 90.000
FHW13069	31.875 	 0.000 	 90.000
FHW13069	32.000 	 0.458 	 180.000
FHW13069	32.125 	 0.458 	 90.000
FHW13069	32.250 	 0.000 	 90.000
FHW13069	32.375 	 0.000 	 90.000
FHW13069	32.500 	 0.000 	 90.000
FHW13069	32.625 	 0.458 	 90.000
FHW13069	32.750 	 0.000 	 90.000
FHW13069	32.875 	 0.000 	 90.000
FHW13069	33.000 	 0.000 	 90.000
FHW13069	33.125 	 0.458 	 90.000
FHW13069	33.250 	 0.000 	 90.000
FHW13069	33.375 	 0.000 	 90.000
FHW13069	33.500 	 0.000 	 90.000
FHW13069	33.625 	 0.458 	 90.000
FHW13069	33.750 	 0.000 	 90.000
FHW13069	33.875 	 0.000 	 90.000
FHW13069	34.000 	 0.000 	 90.000
FHW13069	34.125 	 0.458 	 90.000
FHW13069	34.250 	 0.000 	 90.000
FHW13069	34.375 	 0.000 	 90.000
FHW13069	34.500 	 0.000 	 90.000
FHW13069	34.625 	 0.458 	 90.000
FHW13069	34.750 	 0.000 	 90.000
FHW13069	34.875 	 0.458 	 180.000
FHW13069	35.000 	 0.000 	 90.000
FHW13069	35.125 	 0.458 	 90.000
FHW13069	35.250 	 0.000 	 90.000
FHW13069	35.375 	 0.000 	 90.000
FHW13069	35.500 	 0.000 	 90.000
FHW13069	35.625 	 0.458 	 90.000
FHW13069	35.750 	 0.000 	 90.000
FHW13069	35.875 	 0.000 	 90.000
FHW13069	36.000 	 0.000 	 90.000
FHW13069	36.125 	 0.000 	 90.000
FHW13069	36.250 	 0.458 	 90.000
FHW13069	36.375 	 0.000 	 90.000
FHW13069	36.500 	 0.000 	 90.000
FHW13069	36.625 	 0.000 	 90.000
FHW13069	36.750 	 0.458 	 90.000
FHW13069	36.875 	 0.000 	 90.000
FHW13069	37.000 	 0.000 	 90.000
FHW13069	37.125 	 0.000 	 90.000
FHW13069	37.250 	 0.458 	 90.000
FHW13069	37.375 	 0.000 	 90.000
FHW13069	37.500 	 0.000 	 90.000
FHW13069	37.625 	 0.458 	 180.000
FHW13069	37.750 	 0.000 	 90.000
FHW13069	37.875 	 0.458 	 180.000
FHW13069	38.000 	 0.458 	 270.000
FHW13069	38.125 	 0.458 	 180.000
FHW13069	38.250 	 0.000 	 90.000
FHW13069	38.375 	 0.000 	 90.000
FHW13069	38.500 	 0.648 	 225.000
FHW13069	38.625 	 0.000 	 90.000
FHW13069	38.750 	 0.458 	 180.000
FHW13069	38.875 	 0.000 	 90.000
FHW13069	39.000 	 0.648 	 225.000
FHW13069	39.125 	 0.000 	 90.000
FHW13069	39.250 	 0.000 	 90.000
FHW13069	39.375 	 0.458 	 180.000
FHW13069	39.500 	 0.458 	 270.000
FHW13069	39.625 	 0.458 	 180.000
FHW13069	39.750 	 0.000 	 90.000
FHW13069	39.875 	 0.458 	 180.000
FHW13069	40.000 	 0.458 	 270.000
FHW13069	40.125 	 0.458 	 180.000
FHW13069	40.250 	 0.000 	 90.000
FHW13069	40.375 	 0.000 	 90.000
FHW13069	40.500 	 0.648 	 225.000
FHW13069	40.625 	 0.000 	 90.000
FHW13069	40.750 	 0.458 	 180.000
FHW13069	40.875 	 0.000 	 90.000
FHW13069	41.000 	 0.458 	 180.000
FHW13069	41.125 	 0.458 	 270.000
FHW13069	41.250 	 0.458 	 180.000
FHW13069	41.375 	 0.000 	 90.000
FHW13069	41.500 	 0.000 	 90.000
FHW13069	41.625 	 0.648 	 225.000
FHW13069	41.750 	 0.000 	 90.000
FHW13069	41.875 	 0.458 	 180.000
FHW13069	42.000 	 0.000 	 90.000
FHW13069	42.125 	 0.648 	 225.000
FHW13069	42.250 	 0.000 	 90.000
FHW13069	42.375 	 0.000 	 90.000
FHW13069	42.500 	 0.458 	 180.000
FHW13069	42.625 	 0.458 	 270.000
FHW13069	42.750 	 0.458 	 180.000
FHW13069	42.875 	 0.000 	 90.000
FHW13069	43.000 	 0.458 	 180.000
FHW13069	43.125 	 0.458 	 270.000
FHW13069	43.250 	 0.458 	 180.000
FHW13069	43.375 	 0.000 	 90.000
FHW13069	43.500 	 0.000 	 90.000
FHW13069	43.625 	 0.648 	 225.000
FHW13069	43.750 	 0.000 	 90.000
FHW13069	43.875 	 0.458 	 180.000
FHW13069	44.000 	 0.000 	 90.000
FHW13069	44.125 	 0.458 	 180.000
FHW13069	44.250 	 0.458 	 270.000
FHW13069	44.375 	 0.458 	 180.000
FHW13069	44.500 	 0.000 	 90.000
FHW13069	44.625 	 0.000 	 90.000
FHW13069	44.750 	 0.648 	 225.000
FHW13069	44.875 	 0.000 	 90.000
FHW13069	45.000 	 0.458 	 180.000
FHW13069	45.125 	 0.000 	 90.000
FHW13069	45.250 	 0.648 	 225.000
FHW13069	45.375 	 0.000 	 90.000
FHW13069	45.500 	 0.000 	 90.000
FHW13069	45.625 	 0.458 	 180.000
FHW13069	45.750 	 0.458 	 270.000
FHW13069	45.875 	 0.458 	 180.000
FHW13069	46.000 	 0.000 	 90.000
FHW13069	46.125 	 0.458 	 180.000
FHW13069	46.250 	 0.458 	 270.000
FHW13069	46.375 	 0.458 	 180.000
FHW13069	46.500 	 0.000 	 90.000
FHW13069	46.625 	 0.000 	 90.000
FHW13069	46.750 	 0.648 	 225.000
FHW13069	46.875 	 0.000 	 90.000
FHW13069	47.000 	 0.458 	 180.000
FHW13069	47.125 	 0.000 	 90.000
FHW13069	47.250 	 0.458 	 180.000
FHW13069	47.375 	 0.458 	 270.000
FHW13069	47.500 	 0.458 	 180.000
FHW13069	47.625 	 0.000 	 90.000
FHW13069	47.750 	 0.000 	 90.000
FHW13069	47.875 	 0.648 	 225.000
FHW13069	48.000 	 0.000 	 90.000
FHW13069	48.125 	 0.458 	 180.000
FHW13069	48.250 	 0.000 	 90.000
FHW13069	48.375 	 0.648 	 225.000
FHW13069	48.500 	 0.000 	 90.000
FHW13069	48.625 	 0.000 	 90.000
FHW13069	48.750 	 0.458 	 180.000
FHW13069	48.875 	 0.458 	 270.000
FHW13069	49.000 	 0.458 	 180.000
FHW13069	49.125 	 0.000 	 90.000
FHW13069	49.250 	 0.458 	 180.000
FHW13069	49.375 	 0.458 	 270.000
FHW13069	49.500 	 0.458 	 180.000
FHW13069	49.625 	 0.000 	 90.000
FHW13069	49.750 	 0.000 	 90.000
FHW13069	49.875 	 0.648 	 225.000
FHW13069	50.000 	 0.000 	 90.000
FHW13069	50.125 	 0.458 	 180.000
FHW13069	50.250 	 0.000 	 90.000
FHW13069	50.375 	 0.648 	 225.000
FHW13069	50.500 	 0.000 	 90.000
FHW13069	50.625 	 0.000 	 90.000
FHW13069	50.750 	 0.458 	 180.000
FHW13069	50.875 	 0.000 	 90.000
FHW13069	51.000 	 0.648 	 225.000
FHW13069	51.125 	 0.000 	 90.000
FHW13069	51.250 	 0.458 	 180.000
FHW13069	51.375 	 0.000 	 90.000
FHW13069	51.500 	 0.648 	 225.000
FHW13069	51.625 	 0.000 	 90.000
FHW13069	51.750 	 0.000 	 90.000
FHW13069	51.875 	 0.458 	 180.000
FHW13069	52.000 	 0.458 	 270.000
FHW13069	52.125 	 0.458 	 180.000
FHW13069	52.250 	 0.000 	 90.000
FHW13069	52.375 	 0.458 	 180.000
FHW13069	52.500 	 0.458 	 270.000
FHW13069	52.625 	 0.458 	 180.000
FHW13069	52.750 	 0.000 	 90.000
FHW13069	52.875 	 0.000 	 90.000
FHW13069	53.000 	 0.648 	 225.000
FHW13069	53.125 	 0.000 	 90.000
FHW13069	53.250 	 0.458 	 180.000
FHW13069	53.375 	 0.000 	 90.000
FHW13069	53.500 	 0.648 	 225.000
FHW13069	53.625 	 0.000 	 90.000
FHW13069	53.750 	 0.000 	 90.000
FHW13069	53.875 	 0.458 	 180.000
FHW13069	54.000 	 0.000 	 90.000
FHW13069	54.125 	 0.648 	 225.000
FHW13069	54.250 	 0.000 	 90.000
FHW13069	54.375 	 0.458 	 180.000
FHW13069	54.500 	 0.000 	 90.000
FHW13069	54.625 	 0.648 	 225.000
FHW13069	54.750 	 0.000 	 90.000
FHW13069	54.875 	 0.000 	 90.000
FHW13069	55.000 	 0.458 	 180.000
FHW13069	55.125 	 0.458 	 270.000
FHW13069	55.250 	 0.458 	 180.000
FHW13069	55.375 	 0.000 	 90.000
FHW13069	55.500 	 0.458 	 180.000
FHW13069	55.625 	 0.458 	 270.000
FHW13069	55.750 	 0.458 	 180.000
FHW13069	55.875 	 0.000 	 90.000
FHW13069	56.000 	 0.000 	 90.000
FHW13069	56.125 	 0.648 	 225.000
FHW13069	56.250 	 0.458 	 270.000
FHW13069	56.375 	 0.000 	 90.000
FHW13069	56.500 	 0.458 	 270.000
FHW13069	56.625 	 0.458 	 270.000
FHW13069	56.750 	 0.458 	 180.000
FHW13069	56.875 	 0.458 	 270.000
FHW13069	57.000 	 0.458 	 270.000
FHW13069	57.125 	 0.000 	 90.000
FHW13069	57.250 	 0.648 	 225.000
FHW13069	57.375 	 0.458 	 270.000
FHW13069	57.500 	 0.458 	 270.000
FHW13069	57.625 	 0.000 	 90.000
FHW13069	57.750 	 0.458 	 270.000
FHW13069	57.875 	 0.648 	 225.000
FHW13069	58.000 	 0.000 	 90.000
FHW13069	58.125 	 0.458 	 270.000
FHW13069	58.250 	 0.458 	 270.000
FHW13069	58.375 	 0.000 	 90.000
FHW13069	58.500 	 0.648 	 225.000
FHW13069	58.625 	 0.458 	 270.000
FHW13069	58.750 	 0.000 	 90.000
FHW13069	58.875 	 0.458 	 270.000
FHW13069	59.000 	 0.458 	 270.000
FHW13069	59.125 	 0.458 	 180.000
FHW13069	59.250 	 0.458 	 270.000
FHW13069	59.375 	 0.458 	 270.000
FHW13069	59.500 	 0.458 	 270.000
FHW13069	59.625 	 0.000 	 90.000
FHW13069	59.750 	 0.648 	 225.000
FHW13069	59.875 	 0.458 	 270.000
FHW13069	60.000 	 0.000 	 90.000
FHW13069	60.125 	 0.458 	 270.000
FHW13069	60.250 	 0.458 	 270.000
FHW13069	60.375 	 0.458 	 180.000
FHW13069	60.500 	 0.458 	 270.000
FHW13069	60.625 	 0.458 	 270.000
FHW13069	60.750 	 0.000 	 90.000
FHW13069	60.875 	 0.458 	 270.000
FHW13069	61.000 	 0.648 	 225.000
FHW13069	61.125 	 0.458 	 270.000
FHW13069	61.250 	 0.000 	 90.000
FHW13069	61.375 	 0.458 	 270.000
FHW13069	61.500 	 0.458 	 270.000
FHW13069	61.625 	 0.458 	 180.000
FHW13069	61.750 	 0.458 	 270.000
FHW13069	61.875 	 0.458 	 270.000
FHW13069	62.000 	 0.000 	 90.000
FHW13069	62.125 	 0.648 	 225.000
FHW13069	62.250 	 0.458 	 270.000
FHW13069	62.375 	 0.000 	 90.000
FHW13069	62.500 	 0.458 	 270.000
FHW13069	62.625 	 0.458 	 270.000
FHW13069	62.750 	 0.648 	 225.000
FHW13069	62.875 	 0.000 	 90.000
FHW13069	63.000 	 0.458 	 270.000
FHW13069	63.125 	 0.458 	 270.000
FHW13069	63.250 	 0.000 	 90.000
FHW13069	63.375 	 0.648 	 225.000
FHW13069	63.500 	 0.458 	 270.000
FHW13069	63.625 	 0.000 	 90.000
FHW13069	63.750 	 0.458 	 270.000
FHW13069	63.875 	 0.458 	 270.000
FHW13069	64.000 	 0.458 	 180.000
FHW13069	64.125 	 0.458 	 270.000
FHW13069	64.250 	 0.458 	 270.000
FHW13069	64.375 	 0.000 	 90.000
FHW13069	64.500 	 0.458 	 270.000
FHW13069	64.625 	 0.648 	 225.000
FHW13069	64.750 	 0.458 	 270.000
FHW13069	64.875 	 0.000 	 90.000
FHW13069	65.000 	 0.458 	 270.000
FHW13069	65.125 	 0.458 	 270.000
FHW13069	65.250 	 0.458 	 180.000
FHW13069	65.375 	 0.458 	 270.000
FHW13069	65.500 	 0.458 	 270.000
FHW13069	65.625 	 0.000 	 90.000
FHW13069	65.750 	 0.458 	 270.000
FHW13069	65.875 	 0.648 	 225.000
FHW13069	66.000 	 0.000 	 90.000
FHW13069	66.125 	 0.458 	 270.000
FHW13069	66.250 	 0.458 	 270.000
FHW13069	66.375 	 0.458 	 270.000
FHW13069	66.500 	 0.458 	 180.000
FHW13069	66.625 	 0.458 	 270.000
FHW13069	66.750 	 0.458 	 270.000
FHW13069	66.875 	 0.000 	 90.000
FHW13069	67.000 	 0.648 	 225.000
FHW13069	67.125 	 0.458 	 270.000
FHW13069	67.250 	 0.000 	 90.000
FHW13069	67.375 	 0.458 	 270.000
FHW13069	67.500 	 0.458 	 270.000
FHW13069	67.625 	 0.458 	 180.000
FHW13069	67.750 	 0.458 	 270.000
FHW13069	67.875 	 0.458 	 270.000
FHW13069	68.000 	 0.000 	 90.000
FHW13069	68.125 	 0.458 	 270.000
FHW13069	68.250 	 0.648 	 225.000
FHW13069	68.375 	 0.458 	 270.000
FHW13069	68.500 	 0.000 	 90.000
FHW13069	68.625 	 0.458 	 270.000
FHW13069	68.750 	 0.458 	 270.000
FHW13069	68.875 	 0.458 	 180.000
FHW13069	69.000 	 0.458 	 270.000
FHW13069	69.125 	 0.458 	 270.000
FHW13069	69.250 	 0.000 	 90.000
FHW13069	69.375 	 0.458 	 270.000
FHW13069	69.500 	 0.648 	 225.000
FHW13069	69.625 	 0.000 	 90.000
FHW13069	69.750 	 0.458 	 270.000
FHW13069	69.875 	 0.458 	 270.000
FHW13069	70.000 	 0.458 	 270.000
FHW13069	70.125 	 0.458 	 180.000
FHW13069	70.250 	 0.458 	 270.000
FHW13069	70.375 	 0.458 	 270.000
FHW13069	70.500 	 0.000 	 90.000
FHW13069	70.625 	 0.458 	 270.000
FHW13069	70.750 	 0.648 	 225.000
FHW13069	70.875 	 0.000 	 90.000
FHW13069	71.000 	 0.458 	 270.000
FHW13069	71.125 	 0.458 	 270.000
FHW13069	71.250 	 0.000 	 90.000
FHW13069	71.375 	 0.653 	 225.000
FHW13069	71.500 	 0.458 	 270.000
FHW13069	71.625 	 0.000 	 90.000
FHW13069	71.750 	 0.458 	 270.000
FHW13069	71.875 	 0.458 	 270.000
FHW13069	72.000 	 0.648 	 225.000
FHW13069	72.125 	 0.000 	 90.000
FHW13069	72.250 	 0.458 	 270.000
FHW13069	72.375 	 0.458 	 270.000
FHW13069	72.500 	 0.458 	 180.000
FHW13069	72.625 	 0.458 	 270.000
FHW13069	72.750 	 0.458 	 270.000
FHW13069	72.875 	 0.000 	 90.000
FHW13069	73.000 	 0.458 	 270.000
FHW13069	73.125 	 0.648 	 225.000
FHW13069	73.250 	 0.000 	 90.000
FHW13069	73.375 	 0.458 	 270.000
FHW13069	73.500 	 0.458 	 270.000
FHW13069	73.625 	 0.458 	 270.000
FHW13069	73.750 	 0.458 	 180.000
FHW13069	73.875 	 0.458 	 270.000
FHW13069	74.000 	 0.458 	 270.000
FHW13069	74.125 	 0.000 	 90.000
FHW13069	74.250 	 0.458 	 270.000
FHW13069	74.375 	 0.648 	 225.000
FHW13069	74.500 	 0.000 	 90.000
FHW13069	74.625 	 0.458 	 270.000
FHW13069	74.750 	 0.458 	 270.000
FHW13069	74.875 	 0.458 	 270.000
FHW13069	75.000 	 0.458 	 180.000
FHW13069	75.125 	 0.458 	 270.000
FHW13069	75.250 	 0.458 	 270.000
FHW13069	75.375 	 0.458 	 270.000
FHW13069	75.500 	 0.458 	 180.000
FHW13069	75.625 	 0.458 	 270.000
FHW13069	75.750 	 0.458 	 270.000
FHW13069	75.875 	 0.458 	 270.000
FHW13069	76.000 	 0.648 	 225.000
FHW13069	76.125 	 0.000 	 90.000
FHW13069	76.250 	 0.458 	 270.000
FHW13069	76.375 	 0.458 	 270.000
FHW13069	76.500 	 0.458 	 270.000
FHW13069	76.625 	 0.458 	 180.000
FHW13069	76.750 	 0.458 	 270.000
FHW13069	76.875 	 0.458 	 270.000
FHW13069	77.000 	 0.458 	 270.000
FHW13069	77.125 	 0.648 	 225.000
FHW13069	77.250 	 0.000 	 90.000
FHW13069	77.375 	 0.458 	 270.000
FHW13069	77.500 	 0.458 	 270.000
FHW13069	77.625 	 0.458 	 270.000
FHW13069	77.750 	 0.458 	 180.000
FHW13069	77.875 	 0.458 	 270.000
FHW13069	78.000 	 0.458 	 270.000
FHW13069	78.125 	 0.458 	 270.000
FHW13069	78.250 	 0.458 	 180.000
FHW13069	78.375 	 0.458 	 270.000
FHW13069	78.500 	 0.458 	 270.000
FHW13069	78.625 	 0.458 	 270.000
FHW13069	78.750 	 0.648 	 225.000
FHW13069	78.875 	 0.000 	 90.000
FHW13069	79.000 	 0.458 	 270.000
FHW13069	79.125 	 0.458 	 270.000
FHW13069	79.250 	 0.458 	 270.000
FHW13069	79.375 	 0.458 	 180.000
FHW13069	79.500 	 0.458 	 270.000
FHW13069	79.625 	 0.458 	 270.000
FHW13069	79.750 	 0.458 	 270.000
FHW13069	79.875 	 0.648 	 225.000
FHW13069	80.000 	 0.000 	 90.000
FHW13069	80.125 	 0.458 	 270.000
FHW13069	80.250 	 0.458 	 270.000
FHW13069	80.375 	 0.648 	 225.000
FHW13069	80.500 	 0.000 	 90.000
FHW13069	80.625 	 0.458 	 270.000
FHW13069	80.750 	 0.458 	 270.000
FHW13069	80.875 	 0.458 	 270.000
FHW13069	81.000 	 0.648 	 225.000
FHW13069	81.125 	 0.000 	 90.000
FHW13069	81.250 	 0.458 	 270.000
FHW13069	81.375 	 0.458 	 270.000
FHW13069	81.500 	 0.648 	 225.000
FHW13069	81.625 	 0.000 	 90.000
FHW13069	81.750 	 0.458 	 270.000
FHW13069	81.875 	 0.458 	 270.000
FHW13069	82.000 	 0.458 	 270.000
FHW13069	82.125 	 0.458 	 180.000
FHW13069	82.250 	 0.458 	 270.000
FHW13069	82.375 	 0.458 	 270.000
FHW13069	82.500 	 0.458 	 270.000
FHW13069	82.625 	 0.648 	 225.000
FHW13069	82.750 	 0.000 	 90.000
FHW13069	82.875 	 0.458 	 270.000
FHW13069	83.000 	 0.458 	 270.000
FHW13069	83.125 	 0.648 	 225.000
FHW13069	83.250 	 0.000 	 90.000
FHW13069	83.375 	 0.458 	 270.000
FHW13069	83.500 	 0.458 	 270.000
FHW13069	83.625 	 0.458 	 270.000
FHW13069	83.750 	 0.648 	 225.000
FHW13069	83.875 	 0.000 	 90.000
FHW13069	84.000 	 0.458 	 270.000
FHW13069	84.125 	 0.458 	 270.000
FHW13069	84.250 	 0.648 	 225.000
FHW13069	84.375 	 0.000 	 90.000
FHW13069	84.500 	 0.458 	 270.000
FHW13069	84.625 	 0.458 	 270.000
FHW13069	84.750 	 0.648 	 225.000
FHW13069	84.875 	 0.000 	 90.000
FHW13069	85.000 	 0.458 	 270.000
FHW13069	85.125 	 0.458 	 270.000
FHW13069	85.250 	 0.458 	 270.000
FHW13069	85.375 	 0.648 	 225.000
FHW13069	85.500 	 0.000 	 90.000
FHW13069	85.625 	 0.458 	 270.000
FHW13069	85.750 	 0.458 	 270.000
FHW13069	85.875 	 0.648 	 225.000
FHW13069	86.000 	 0.000 	 90.000
FHW13069	86.125 	 0.458 	 270.000
FHW13069	86.250 	 0.458 	 270.000
FHW13069	86.375 	 0.458 	 270.000
FHW13069	86.500 	 0.648 	 225.000
FHW13069	86.625 	 0.000 	 90.000
FHW13069	86.750 	 0.458 	 270.000
FHW13069	86.875 	 0.458 	 270.000
FHW13069	87.000 	 0.648 	 225.000
FHW13069	87.125 	 0.000 	 90.000
FHW13069	87.250 	 0.458 	 270.000
FHW13069	87.375 	 0.458 	 270.000
FHW13069	87.500 	 0.648 	 225.000
FHW13069	87.625 	 0.458 	 270.000
FHW13069	87.750 	 0.000 	 90.000
FHW13069	87.875 	 0.458 	 270.000
FHW13069	88.000 	 0.458 	 270.000
FHW13069	88.125 	 0.648 	 225.000
FHW13069	88.250 	 0.000 	 90.000
FHW13069	88.375 	 0.458 	 270.000
FHW13069	88.500 	 0.458 	 270.000
FHW13069	88.625 	 0.648 	 225.000
FHW13069	88.750 	 0.000 	 90.000
FHW13069	88.875 	 0.458 	 270.000
FHW13069	89.000 	 0.458 	 270.000
FHW13069	89.125 	 0.648 	 225.000
FHW13069	89.250 	 0.458 	 270.000
FHW13069	89.375 	 0.000 	 90.000
FHW13069	89.500 	 0.458 	 270.000
FHW13069	89.625 	 0.458 	 270.000
FHW13069	89.750 	 0.648 	 225.000
FHW13069	89.875 	 0.000 	 90.000
FHW13069	90.000 	 0.458 	 270.000
FHW13069	90.125 	 0.458 	 270.000
FHW13069	90.250 	 0.648 	 225.000
FHW13069	90.375 	 0.458 	 270.000
FHW13069	90.500 	 0.000 	 90.000
FHW13069	90.625 	 0.458 	 270.000
FHW13069	90.750 	 0.458 	 270.000
FHW13069	90.875 	 0.648 	 225.000
FHW13069	91.000 	 0.000 	 90.000
FHW13069	91.125 	 0.458 	 270.000
FHW13069	91.250 	 0.458 	 270.000
FHW13069	91.375 	 0.648 	 225.000
FHW13069	91.500 	 0.458 	 270.000
FHW13069	91.625 	 0.000 	 90.000
FHW13069	91.750 	 0.458 	 270.000
FHW13069	91.875 	 0.648 	 225.000
FHW13069	92.000 	 0.458 	 270.000
FHW13069	92.125 	 0.000 	 90.000
FHW13069	92.250 	 0.458 	 270.000
FHW13069	92.375 	 0.458 	 270.000
FHW13069	92.500 	 0.648 	 225.000
FHW13069	92.625 	 0.000 	 90.000
FHW13069	92.750 	 0.458 	 270.000
FHW13069	92.875 	 0.458 	 270.000
FHW13069	93.000 	 0.648 	 225.000
FHW13069	93.125 	 0.458 	 270.000
FHW13069	93.250 	 0.458 	 270.000
FHW13069	93.375 	 0.648 	 225.000
FHW13069	93.500 	 0.917 	 270.000
FHW13069	93.625 	 0.648 	 225.000
FHW13069	93.750 	 0.917 	 270.000
FHW13069	93.875 	 0.458 	 270.000
FHW13069	94.000 	 1.025 	 243.435
FHW13069	94.125 	 0.458 	 270.000
FHW13069	94.250 	 1.025 	 243.435
FHW13069	94.375 	 0.458 	 270.000
FHW13069	94.500 	 1.025 	 243.435
FHW13069	94.625 	 0.458 	 270.000
FHW13069	94.750 	 1.025 	 243.435
FHW13069	94.875 	 0.458 	 270.000
FHW13069	95.000 	 1.025 	 243.435
FHW13069	95.125 	 0.458 	 270.000
FHW13069	95.250 	 0.917 	 270.000
FHW13069	95.375 	 0.648 	 225.000
FHW13069	95.500 	 0.917 	 270.000
FHW13069	95.625 	 0.648 	 225.000
FHW13069	95.750 	 0.917 	 270.000
FHW13069	95.875 	 0.648 	 225.000
FHW13069	96.000 	 0.917 	 270.000
FHW13069	96.125 	 1.025 	 243.435
FHW13069	96.250 	 0.458 	 270.000
FHW13069	96.375 	 1.025 	 243.435
FHW13069	96.500 	 0.458 	 270.000
FHW13069	96.625 	 0.917 	 270.000
FHW13069	96.750 	 0.648 	 225.000
FHW13069	96.875 	 0.917 	 270.000
FHW13069	97.000 	 0.648 	 225.000
FHW13069	97.125 	 0.917 	 270.000
FHW13069	97.250 	 0.648 	 225.001
FHW13069	97.375 	 0.917 	 270.000
FHW13069	97.500 	 0.648 	 225.000
FHW13069	97.625 	 0.917 	 270.000
FHW13069	97.750 	 0.648 	 225.000
FHW13069	97.875 	 0.917 	 270.000
FHW13069	98.000 	 0.458 	 270.000
FHW13069	98.125 	 1.025 	 243.435
FHW13069	98.250 	 0.458 	 270.000
FHW13069	98.375 	 1.025 	 243.435
FHW13069	98.500 	 0.458 	 270.000
FHW13069	98.625 	 1.025 	 243.435
FHW13069	98.750 	 0.458 	 270.000
FHW13069	98.875 	 1.025 	 243.435
FHW13069	99.000 	 0.458 	 270.000
FHW13069	99.125 	 1.025 	 243.435
FHW13069	99.250 	 0.458 	 270.000
FHW13069	99.375 	 0.917 	 270.000
FHW13069	99.500 	 0.648 	 225.001
FHW13069	99.625 	 0.917 	 270.000
FHW13069	99.750 	 0.648 	 225.000
FHW13069	99.875 	 0.924 	 270.000
FHW13069	100.000 	 0.648 	 225.000
FHW13069	100.125 	 0.917 	 270.000
FHW13069	100.250 	 1.025 	 243.435
FHW13069	100.375 	 0.458 	 270.000
FHW13069	100.500 	 1.025 	 243.435
FHW13069	100.625 	 0.458 	 270.000
FHW13069	100.750 	 0.917 	 270.000
FHW13069	100.875 	 0.648 	 225.000
FHW13069	101.000 	 0.917 	 270.000
FHW13069	101.125 	 0.648 	 225.000
FHW13069	101.250 	 0.917 	 270.000
FHW13069	101.375 	 0.648 	 225.001
FHW13069	101.500 	 0.917 	 270.000
FHW13069	101.625 	 0.648 	 225.000
FHW13069	101.750 	 0.917 	 270.000
FHW13069	101.875 	 0.648 	 225.000
FHW13069	102.000 	 0.917 	 270.000
FHW13069	102.125 	 0.458 	 270.000
FHW13069	102.250 	 1.025 	 243.435
FHW13069	102.375 	 0.458 	 270.000
FHW13069	102.500 	 1.025 	 243.435
FHW13069	102.625 	 0.458 	 270.000
FHW13069	102.750 	 1.025 	 243.435
FHW13069	102.875 	 0.458 	 270.000
FHW13069	103.000 	 1.025 	 243.435
FHW13069	103.125 	 0.458 	 270.000
FHW13069	103.250 	 1.025 	 243.435
FHW13069	103.375 	 0.458 	 270.000
FHW13069	103.500 	 0.917 	 270.000
FHW13069	103.625 	 0.648 	 225.000
FHW13069	103.750 	 0.917 	 270.000
FHW13069	103.875 	 0.648 	 225.000
FHW13069	104.000 	 0.917 	 270.000
FHW13069	104.125 	 0.648 	 225.000
FHW13069	104.250 	 0.917 	 270.000
FHW13069	104.375 	 0.648 	 225.000
FHW13069	104.500 	 0.917 	 270.000
FHW13069	104.625 	 1.025 	 243.435
FHW13069	104.750 	 0.458 	 270.000
FHW13069	104.875 	 0.917 	 270.000
FHW13069	105.000 	 0.648 	 225.000
FHW13069	105.125 	 0.917 	 270.000
FHW13069	105.250 	 0.648 	 225.000
FHW13069	105.375 	 0.917 	 270.000
FHW13069	105.500 	 0.648 	 225.000
FHW13069	105.625 	 0.917 	 270.000
FHW13069	105.750 	 0.648 	 225.000
FHW13069	105.875 	 0.917 	 270.000
FHW13069	106.000 	 0.648 	 225.000
FHW13069	106.125 	 0.917 	 270.000
FHW13069	106.250 	 0.458 	 270.000
FHW13069	106.375 	 1.025 	 243.435
FHW13069	106.500 	 0.458 	 270.000
FHW13069	106.625 	 1.025 	 243.435
FHW13069	106.750 	 0.458 	 270.000
FHW13069	106.875 	 1.025 	 243.435
FHW13069	107.000 	 0.458 	 270.000
FHW13069	107.125 	 1.025 	 243.435
FHW13069	107.250 	 0.458 	 270.000
FHW13069	107.375 	 1.025 	 243.435
FHW13069	107.500 	 0.458 	 270.000
FHW13069	107.625 	 0.917 	 270.000
FHW13069	107.750 	 0.648 	 225.000
FHW13069	107.875 	 0.917 	 270.000
FHW13069	108.000 	 0.648 	 225.000
FHW13069	108.125 	 0.917 	 270.000
FHW13069	108.250 	 0.648 	 225.000
FHW13069	108.375 	 0.917 	 270.000
FHW13069	108.500 	 0.648 	 225.000
FHW13069	108.625 	 0.917 	 270.000
FHW13069	108.750 	 1.025 	 243.435
FHW13069	108.875 	 0.458 	 270.000
FHW13069	109.000 	 0.917 	 270.000
FHW13069	109.125 	 0.648 	 225.000
FHW13069	109.250 	 0.917 	 270.000
FHW13069	109.375 	 0.648 	 225.000
FHW13069	109.500 	 0.917 	 270.000
FHW13069	109.625 	 0.648 	 225.000
FHW13069	109.750 	 0.917 	 270.000
FHW13069	109.875 	 0.648 	 225.000
FHW13069	110.000 	 0.917 	 270.000
FHW13069	110.125 	 0.648 	 225.000
FHW13069	110.250 	 0.917 	 270.000
FHW13069	110.375 	 0.458 	 270.000
FHW13069	110.500 	 1.025 	 243.435
FHW13069	110.625 	 0.458 	 270.000
FHW13069	110.750 	 1.025 	 243.435
FHW13069	110.875 	 0.458 	 270.000
FHW13069	111.000 	 1.025 	 243.435
FHW13069	111.125 	 0.458 	 270.000
FHW13069	111.250 	 1.025 	 243.435
FHW13069	111.375 	 0.458 	 270.000
FHW13069	111.500 	 1.033 	 243.435
FHW13069	111.625 	 0.458 	 270.000
FHW13069	111.750 	 0.917 	 270.000
FHW13069	111.875 	 0.648 	 225.000
FHW13069	112.000 	 1.449 	 251.565
FHW13069	112.125 	 1.449 	 251.565
FHW13069	112.250 	 1.449 	 251.565
FHW13069	112.375 	 1.449 	 251.565
FHW13069	112.500 	 1.449 	 251.565
FHW13069	112.625 	 1.833 	 270.000
FHW13069	112.750 	 1.449 	 251.565
FHW13069	112.875 	 1.449 	 251.565
FHW13069	113.000 	 1.449 	 251.565
FHW13069	113.125 	 1.449 	 251.565
FHW13069	113.250 	 1.449 	 251.565
FHW13069	113.375 	 1.449 	 251.565
FHW13069	113.500 	 1.449 	 251.565
FHW13069	113.625 	 1.889 	 255.964
FHW13069	113.750 	 1.449 	 251.565
FHW13069	113.875 	 1.449 	 251.565
FHW13069	114.000 	 1.449 	 251.565
FHW13069	114.125 	 1.449 	 251.565
FHW13069	114.250 	 1.449 	 251.565
FHW13069	114.375 	 1.449 	 251.565
FHW13069	114.500 	 1.449 	 251.565
FHW13069	114.625 	 1.889 	 255.964
FHW13069	114.750 	 1.461 	 251.565
FHW13069	114.875 	 1.449 	 251.565
FHW13069	115.000 	 1.449 	 251.565
FHW13069	115.125 	 4.340 	 251.565
FHW13069	115.250 	 4.218 	 257.471
FHW13069	115.375 	 4.375 	 251.565
FHW13069	115.500 	 4.340 	 251.565
FHW13069	115.625 	 3.942 	 249.444
FHW13069	115.750 	 4.340 	 251.565
FHW13069	115.875 	 4.218 	 257.471
FHW13069	116.000 	 4.375 	 251.565
FHW13069	116.125 	 4.340 	 251.565
FHW13069	116.250 	 4.340 	 251.565
FHW13069	116.375 	 4.375 	 251.565
FHW13069	116.500 	 4.218 	 257.471
FHW13069	116.625 	 4.375 	 251.565
FHW13069	116.750 	 4.340 	 251.565
FHW13069	116.875 	 4.340 	 251.565
FHW13069	117.000 	 4.375 	 251.565
FHW13069	117.125 	 3.774 	 255.964
FHW13069	117.250 	 4.375 	 251.565
FHW13069	117.375 	 4.340 	 251.565
FHW13069	117.500 	 4.340 	 251.565
FHW13069	117.625 	 4.252 	 257.471
FHW13069	117.750 	 4.340 	 251.565
FHW13069	117.875 	 4.340 	 251.565
FHW13069	118.000 	 4.375 	 251.565
FHW13069	118.125 	 4.340 	 251.565
FHW13069	118.250 	 4.252 	 257.471
FHW13069	118.375 	 4.340 	 251.565
FHW13069	118.500 	 3.910 	 249.444
FHW13069	118.625 	 4.375 	 251.565
FHW13069	118.750 	 4.340 	 251.565
FHW13069	118.875 	 4.252 	 257.471
FHW13069	119.000 	 4.340 	 251.565
FHW13069	119.125 	 4.340 	 251.565
FHW13069	119.250 	 4.375 	 251.565
FHW13069	119.375 	 4.218 	 257.471
FHW13069	119.500 	 4.340 	 251.565
FHW13069	119.625 	 4.375 	 251.565
FHW13069	119.750 	 4.340 	 251.565
FHW13069	119.875 	 3.942 	 249.444
FHW13069	120.000 	 4.218 	 257.471
FHW13069	120.125 	 4.340 	 251.565
FHW13069	120.250 	 4.375 	 251.565
FHW13069	120.375 	 4.340 	 251.565
FHW13069	120.500 	 4.375 	 251.565
FHW13069	120.625 	 4.218 	 257.471
FHW13069	120.750 	 4.340 	 251.565
FHW13069	120.875 	 4.375 	 251.565
FHW13069	121.000 	 4.340 	 251.565
FHW13069	121.125 	 4.340 	 251.565
FHW13069	121.250 	 3.805 	 255.964
FHW13069	121.375 	 4.340 	 251.565
FHW13069	121.500 	 4.375 	 251.565
FHW13069	121.625 	 4.340 	 251.565
FHW13069	121.750 	 4.218 	 257.471
FHW13069	121.875 	 4.375 	 251.565
FHW13069	122.000 	 4.340 	 251.565
FHW13069	122.125 	 4.375 	 251.565
FHW13069	122.250 	 4.340 	 251.565
FHW13069	122.375 	 4.218 	 257.471
FHW13069	122.500 	 4.375 	 251.565
FHW13069	122.625 	 4.340 	 251.565
FHW13069	122.750 	 3.910 	 249.444
FHW13069	122.875 	 4.375 	 251.565
FHW13069	123.000 	 4.218 	 257.471
FHW13069	123.125 	 4.375 	 251.565
FHW13069	123.250 	 4.340 	 251.565
FHW13069	123.375 	 4.340 	 251.565
FHW13069	123.500 	 4.375 	 251.565
FHW13069	123.625 	 4.218 	 257.471
FHW13069	123.750 	 4.375 	 251.565
FHW13069	123.875 	 4.340 	 251.565
FHW13069	124.000 	 4.340 	 251.565
FHW13069	124.125 	 3.805 	 255.964
FHW13069	124.250 	 4.340 	 251.565
FHW13069	124.375 	 4.340 	 251.565
FHW13069	124.500 	 4.375 	 251.565
FHW13069	124.625 	 4.340 	 251.565
FHW13069	124.750 	 4.252 	 257.471
FHW13069	124.875 	 4.340 	 251.565
FHW13069	125.000 	 4.340 	 251.565
FHW13069	125.125 	 4.375 	 251.565
FHW13069	125.250 	 4.340 	 251.565
FHW13069	125.375 	 4.252 	 257.471
FHW13069	125.500 	 3.910 	 249.444
FHW13069	125.625 	 4.340 	 251.565
FHW13069	125.750 	 4.375 	 251.565
FHW13069	125.875 	 4.218 	 257.471
FHW13069	126.000 	 4.340 	 251.565
FHW13069	126.125 	 4.375 	 251.565
FHW13069	126.250 	 4.340 	 251.565
FHW13069	126.375 	 4.375 	 251.565
FHW13069	126.500 	 4.218 	 257.471
FHW13069	126.625 	 4.340 	 251.565
FHW13069	126.750 	 4.375 	 251.565
FHW13069	126.875 	 3.910 	 249.444
FHW13069	127.000 	 4.375 	 251.565
FHW13069	127.125 	 4.218 	 257.471
FHW13069	127.250 	 4.340 	 251.565
FHW13069	127.375 	 4.375 	 251.565
FHW13069	127.500 	 4.340 	 251.565
FHW13069	127.625 	 4.340 	 251.565
FHW13069	127.750 	 4.252 	 257.471
FHW13069	127.875 	 4.340 	 251.565
FHW13069	128.000 	 4.375 	 251.565
FHW13069	128.125 	 4.340 	 251.565
FHW13069	128.250 	 4.218 	 257.471
FHW13069	128.375 	 3.941 	 249.444
FHW13069	128.500 	 4.340 	 251.565
FHW13069	128.625 	 4.375 	 251.565
FHW13069	128.750 	 4.340 	 251.565
FHW13069	128.875 	 4.218 	 257.471
FHW13069	129.000 	 4.375 	 251.565
FHW13069	129.125 	 4.340 	 251.565
FHW13069	129.250 	 4.340 	 251.565
FHW13069	129.375 	 4.375 	 251.565
FHW13069	129.500 	 4.218 	 257.471
FHW13069	129.625 	 4.375 	 251.565
FHW13069	129.750 	 3.910 	 249.444
FHW13069	129.875 	 4.340 	 251.565
FHW13069	130.000 	 4.252 	 257.471
FHW13069	130.125 	 4.340 	 251.565
FHW13069	130.250 	 4.375 	 251.565
FHW13069	130.375 	 4.340 	 251.565
FHW13069	130.500 	 4.340 	 251.565
FHW13069	130.625 	 4.252 	 257.471
FHW13069	130.750 	 8.699 	 251.565
FHW13069	130.875 	 9.635 	 253.301
FHW13069	131.000 	 9.776 	 250.710
FHW13069	131.125 	 9.635 	 253.301
FHW13069	131.250 	 9.635 	 253.301
FHW13069	131.375 	 9.558 	 253.301
FHW13069	131.500 	 9.635 	 253.301
FHW13069	131.625 	 9.635 	 253.301
FHW13069	131.750 	 9.775 	 250.710
FHW13069	131.875 	 9.636 	 253.301
FHW13069	132.000 	 9.558 	 253.301
FHW13069	132.125 	 9.635 	 253.301
FHW13069	132.250 	 9.635 	 253.301
FHW13069	132.375 	 9.774 	 250.710
FHW13069	132.500 	 9.635 	 253.301
FHW13069	132.625 	 9.635 	 253.301
FHW13069	132.750 	 9.559 	 253.301
FHW13069	132.875 	 9.635 	 253.301
FHW13069	133.000 	 9.635 	 253.301
FHW13069	133.125 	 9.774 	 250.710
FHW13069	133.250 	 9.635 	 253.301
FHW13069	133.375 	 9.559 	 253.301
FHW13069	133.500 	 9.201 	 252.475
FHW13069	133.625 	 9.635 	 253.301
FHW13069	133.750 	 9.635 	 253.301
FHW13069	133.875 	 9.774 	 250.710
FHW13069	134.000 	 9.635 	 253.301
FHW13069	134.125 	 9.559 	 253.301
FHW13069	134.250 	 9.635 	 253.301
FHW13069	134.375 	 9.635 	 253.301
FHW13069	134.500 	 9.775 	 250.710
FHW13069	134.625 	 9.635 	 253.301
FHW13069	134.750 	 9.558 	 253.301
FHW13069	134.875 	 9.636 	 253.301
FHW13069	135.000 	 9.635 	 253.301
FHW13069	135.125 	 9.635 	 253.301
FHW13069	135.250 	 9.775 	 250.710
FHW13069	135.375 	 9.558 	 253.301
FHW13069	135.500 	 9.635 	 253.301
FHW13069	135.625 	 9.635 	 253.301
FHW13069	135.750 	 9.636 	 253.301
FHW13069	135.875 	 9.635 	 253.301
FHW13069	136.000 	 9.775 	 250.710
FHW13069	136.125 	 9.558 	 253.301
FHW13069	136.250 	 9.635 	 253.301
FHW13069	136.375 	 9.201 	 252.474
FHW13069	136.500 	 9.635 	 253.301
FHW13069	136.625 	 9.776 	 250.710
FHW13069	136.750 	 9.558 	 253.301
FHW13069	136.875 	 9.635 	 253.301
FHW13069	137.000 	 9.635 	 253.301
FHW13069	137.125 	 9.635 	 253.301
FHW13069	137.250 	 9.635 	 253.301
FHW13069	137.375 	 9.775 	 250.710
FHW13069	137.500 	 9.559 	 253.301
FHW13069	137.625 	 9.635 	 253.301
FHW13069	137.750 	 9.635 	 253.301
FHW13069	137.875 	 9.635 	 253.301
FHW13069	138.000 	 9.775 	 250.710
FHW13069	138.125 	 9.559 	 253.301
FHW13069	138.250 	 9.635 	 253.301
FHW13069	138.375 	 9.635 	 253.301
FHW13069	138.500 	 9.635 	 253.301
FHW13069	138.625 	 9.635 	 253.301
FHW13069	138.750 	 9.774 	 250.710
FHW13069	138.875 	 9.559 	 253.301
FHW13069	139.000 	 9.635 	 253.301
FHW13069	139.125 	 9.635 	 253.301
FHW13069	139.250 	 9.201 	 252.475
FHW13069	139.375 	 9.635 	 253.301
FHW13069	139.500 	 9.697 	 250.710
FHW13069	139.625 	 9.636 	 253.301
FHW13069	139.750 	 9.635 	 253.301
FHW13069	139.875 	 9.635 	 253.301
FHW13069	140.000 	 9.635 	 253.301
FHW13069	140.125 	 9.697 	 250.710
FHW13069	140.250 	 9.635 	 253.301
FHW13069	140.375 	 9.635 	 253.301
FHW13069	140.500 	 9.636 	 253.301
FHW13069	140.625 	 9.635 	 253.301
FHW13069	140.750 	 9.635 	 253.301
FHW13069	140.875 	 9.697 	 250.710
FHW13069	141.000 	 9.635 	 253.301
FHW13069	141.125 	 9.635 	 253.301
FHW13069	141.250 	 9.635 	 253.301
FHW13069	141.375 	 9.635 	 253.301
FHW13069	141.500 	 9.559 	 253.301
FHW13069	141.625 	 9.775 	 250.710
FHW13069	141.750 	 9.635 	 253.301
FHW13069	141.875 	 9.635 	 253.301
FHW13069	142.000 	 9.201 	 252.474
FHW13069	142.125 	 9.635 	 253.301
FHW13069	142.250 	 9.698 	 250.710
FHW13069	142.375 	 9.635 	 253.301
FHW13069	142.500 	 9.635 	 253.301
FHW13069	142.625 	 9.635 	 253.301
FHW13069	142.750 	 9.635 	 253.301
FHW13069	142.875 	 9.559 	 253.301
FHW13069	143.000 	 9.774 	 250.710
FHW13069	143.125 	 9.635 	 253.301
FHW13069	143.250 	 9.635 	 253.301
FHW13069	143.375 	 9.635 	 253.301
FHW13069	143.500 	 9.559 	 253.301
FHW13069	143.625 	 9.635 	 253.301
FHW13069	143.750 	 9.774 	 250.710
FHW13069	143.875 	 9.635 	 253.301
FHW13069	144.000 	 9.635 	 253.301
FHW13069	144.125 	 9.635 	 253.301
FHW13069	144.250 	 9.558 	 253.301
FHW13069	144.375 	 9.776 	 250.710
FHW13069	144.500 	 9.635 	 253.301
FHW13069	144.625 	 9.635 	 253.301
FHW13069	144.750 	 9.635 	 253.301
FHW13069	144.875 	 9.128 	 252.475
FHW13069	145.000 	 9.635 	 253.301
FHW13069	145.125 	 9.774 	 250.710
FHW13069	145.250 	 9.636 	 253.301
FHW13069	145.375 	 9.635 	 253.301
FHW13069	145.500 	 9.635 	 253.301
FHW13069	145.625 	 9.558 	 253.301
FHW13069	145.750 	 9.774 	 250.710
FHW13069	145.875 	 9.635 	 253.301
FHW13069	146.000 	 9.635 	 253.301
FHW13069	146.125 	 9.635 	 253.301
FHW13069	146.250 	 9.559 	 253.301
FHW13069	146.375 	 9.635 	 253.301
FHW13069	146.500 	 9.775 	 250.710
FHW13069	146.625 	 9.635 	 253.301
FHW13069	146.750 	 9.635 	 253.301
FHW13069	146.875 	 9.635 	 253.301
FHW13069	147.000 	 9.559 	 253.301
FHW13069	147.125 	 9.635 	 253.301
FHW13069	147.250 	 9.774 	 250.710
FHW13069	147.375 	 9.635 	 253.301
FHW13069	147.500 	 9.635 	 253.301
FHW13069	147.625 	 9.559 	 253.301
FHW13069	147.750 	 9.201 	 252.474
FHW13069	147.875 	 9.774 	 250.710
FHW13069	148.000 	 9.635 	 253.301
FHW13069	148.125 	 9.635 	 253.301
FHW13069	148.250 	 9.559 	 253.301
FHW13069	148.375 	 9.635 	 253.301
FHW13069	148.500 	 9.635 	 253.301
FHW13069	148.625 	 9.774 	 250.710
FHW13069	148.750 	 9.635 	 253.301
FHW13069	148.875 	 9.635 	 253.301
FHW13069	149.000 	 9.558 	 253.301
FHW13069	149.125 	 9.636 	 253.301
FHW13069	149.250 	 9.635 	 253.301
FHW13069	149.375 	 14.087 	 252.759
FHW13069	149.500 	 16.031 	 253.142
FHW13069	149.625 	 15.363 	 254.291
FHW13069	149.750 	 15.608 	 252.646
FHW13069	149.875 	 16.033 	 253.142
FHW13069	150.000 	 15.484 	 254.291
FHW13069	150.125 	 15.486 	 252.646
FHW13069	150.250 	 16.031 	 253.142
FHW13069	150.375 	 15.484 	 254.291
FHW13069	150.500 	 15.486 	 252.646
FHW13069	150.625 	 15.910 	 254.745
FHW13069	150.750 	 15.610 	 252.646
FHW13069	150.875 	 15.487 	 252.646
FHW13069	151.000 	 15.909 	 254.745
FHW13069	151.125 	 15.610 	 252.646
FHW13069	151.250 	 15.361 	 254.291
FHW13069	151.375 	 16.033 	 253.142
FHW13069	151.500 	 15.610 	 252.646
FHW13069	151.625 	 15.482 	 254.291
FHW13069	151.750 	 15.906 	 253.142
FHW13069	151.875 	 15.484 	 254.291
FHW13069	152.000 	 15.610 	 252.646
FHW13069	152.125 	 15.906 	 253.142
FHW13069	152.250 	 15.484 	 254.291
FHW13069	152.375 	 15.608 	 252.646
FHW13069	152.500 	 15.910 	 254.745
FHW13069	152.625 	 15.486 	 252.646
FHW13069	152.750 	 15.610 	 252.646
FHW13069	152.875 	 15.909 	 254.745
FHW13069	153.000 	 15.488 	 252.646
FHW13069	153.125 	 15.608 	 252.646
FHW13069	153.250 	 15.910 	 254.745
FHW13069	153.375 	 15.486 	 252.646
FHW13069	153.500 	 15.484 	 254.291
FHW13069	153.625 	 16.031 	 253.142
FHW13069	153.750 	 15.610 	 252.646
FHW13069	153.875 	 15.361 	 254.291
FHW13069	154.000 	 16.033 	 253.142
FHW13069	154.125 	 15.484 	 254.291
FHW13069	154.250 	 15.486 	 252.646
FHW13069	154.375 	 16.033 	 253.142
FHW13069	154.500 	 15.482 	 254.291
FHW13069	154.625 	 15.906 	 253.142
FHW13069	154.750 	 15.484 	 254.291
FHW13069	154.875 	 15.610 	 252.646
FHW13069	155.000 	 16.031 	 253.142
FHW13069	155.125 	 15.363 	 254.291
FHW13069	155.250 	 15.608 	 252.646
FHW13069	155.375 	 16.033 	 253.142
FHW13069	155.500 	 15.361 	 254.291
FHW13069	155.625 	 15.610 	 252.646
FHW13069	155.750 	 15.909 	 254.745
FHW13069	155.875 	 15.488 	 252.646
FHW13069	156.000 	 15.608 	 252.646
FHW13069	156.125 	 15.910 	 254.745
FHW13069	156.250 	 15.610 	 252.646
FHW13069	156.375 	 15.361 	 254.291
FHW13069	156.500 	 16.031 	 253.142
FHW13069	156.625 	 15.610 	 252.646
FHW13069	156.750 	 15.361 	 254.291
FHW13069	156.875 	 16.033 	 253.142
FHW13069	157.000 	 15.484 	 254.291
FHW13069	157.125 	 15.486 	 252.646
FHW13069	157.250 	 16.031 	 253.142
FHW13069	157.375 	 15.484 	 254.292
FHW13069	157.500 	 15.610 	 252.646
FHW13069	157.625 	 15.785 	 254.745
FHW13069	157.750 	 15.610 	 252.646
FHW13069	157.875 	 15.608 	 252.646
FHW13069	158.000 	 15.785 	 254.745
FHW13069	158.125 	 15.610 	 252.646
FHW13069	158.250 	 15.610 	 252.646
FHW13069	158.375 	 15.785 	 254.745
FHW13069	158.500 	 15.610 	 252.646
FHW13069	158.625 	 15.482 	 254.291
FHW13069	158.750 	 15.906 	 253.142
FHW13069	158.875 	 15.610 	 252.646
FHW13069	159.000 	 15.484 	 254.292
FHW13069	159.125 	 16.031 	 253.141
FHW13069	159.250 	 15.363 	 254.292
FHW13069	159.375 	 15.608 	 252.646
FHW13069	159.500 	 16.033 	 253.142
FHW13069	159.625 	 15.361 	 254.291
FHW13069	159.750 	 15.610 	 252.646
FHW13069	159.875 	 15.909 	 254.745
FHW13069	160.000 	 15.610 	 252.646
FHW13069	160.125 	 15.486 	 252.646
FHW13069	160.250 	 15.910 	 254.745
FHW13069	160.375 	 15.610 	 252.646
FHW13069	160.500 	 15.486 	 252.646
FHW13069	160.625 	 15.909 	 254.745
FHW13069	160.750 	 15.610 	 252.646
FHW13069	160.875 	 15.361 	 254.292
FHW13069	161.000 	 16.033 	 253.142
FHW13069	161.125 	 15.610 	 252.646
FHW13069	161.250 	 15.482 	 254.291
FHW13069	161.375 	 15.906 	 253.142
FHW13069	161.500 	 15.484 	 254.291
FHW13069	161.625 	 15.610 	 252.646
FHW13069	161.750 	 15.906 	 253.142
FHW13069	161.875 	 15.484 	 254.291
FHW13069	162.000 	 15.608 	 252.646
FHW13069	162.125 	 15.785 	 254.745
FHW13069	162.250 	 15.610 	 252.646
FHW13069	162.375 	 15.610 	 252.646
FHW13069	162.500 	 15.910 	 254.745
FHW13069	162.625 	 15.487 	 252.646
FHW13069	162.750 	 15.482 	 254.291
FHW13069	162.875 	 16.033 	 253.142
FHW13069	163.000 	 15.487 	 252.646
FHW13069	163.125 	 15.484 	 254.291
FHW13069	163.250 	 16.033 	 253.142
FHW13069	163.375 	 15.487 	 252.646
FHW13069	163.500 	 15.482 	 254.291
FHW13069	163.625 	 16.033 	 253.142
FHW13069	163.750 	 15.484 	 254.291
FHW13069	163.875 	 15.487 	 252.646
FHW13069	164.000 	 16.033 	 253.141
FHW13069	164.125 	 15.482 	 254.291
FHW13069	164.250 	 15.906 	 253.142
FHW13069	164.375 	 15.484 	 254.292
FHW13069	164.500 	 15.610 	 252.646
FHW13069	164.625 	 15.906 	 253.142
FHW13069	164.750 	 15.484 	 254.292
FHW13069	164.875 	 15.608 	 252.646
FHW13069	165.000 	 15.785 	 254.745
FHW13069	165.125 	 15.610 	 252.646
FHW13069	165.250 	 15.610 	 252.646
FHW13069	165.375 	 15.909 	 254.745
FHW13069	165.500 	 15.488 	 252.646
FHW13069	165.625 	 15.609 	 252.646
FHW13069	165.750 	 15.910 	 254.745
FHW13069	165.875 	 15.486 	 252.646
FHW13069	166.000 	 15.484 	 254.292
FHW13069	166.125 	 16.031 	 253.142
FHW13069	166.250 	 15.488 	 252.646
FHW13069	166.375 	 15.482 	 254.292
FHW13069	166.500 	 16.033 	 253.142
FHW13069	166.625 	 15.484 	 254.291
FHW13069	166.750 	 15.486 	 252.646
FHW13069	166.875 	 16.031 	 253.142
FHW13069	167.000 	 15.484 	 254.292
FHW13069	167.125 	 15.486 	 252.646
FHW13069	167.250 	 15.910 	 254.745
FHW13069	167.375 	 15.610 	 252.646
FHW13069	167.500 	 15.608 	 252.646
FHW13069	167.625 	 15.785 	 254.745
FHW13069	167.750 	 17.555 	 253.009
FHW13069	167.875 	 21.578 	 253.540
FHW13069	168.000 	 21.298 	 251.966
FHW13069	168.125 	 21.580 	 253.540
FHW13069	168.250 	 21.412 	 253.540
FHW13069	168.375 	 21.705 	 252.350
FHW13069	168.500 	 21.580 	 253.540
FHW13069	168.625 	 21.580 	 253.540
FHW13069	168.750 	 21.536 	 252.350
FHW13069	168.875 	 21.580 	 253.540
FHW13069	169.000 	 21.170 	 253.179
FHW13069	169.125 	 21.706 	 252.350
FHW13069	169.250 	 21.411 	 253.540
FHW13069	169.375 	 21.580 	 253.540
FHW13069	169.500 	 21.706 	 252.350
FHW13069	169.625 	 21.578 	 253.540
FHW13069	169.750 	 21.580 	 253.540
FHW13069	169.875 	 21.539 	 252.350
FHW13069	170.000 	 21.578 	 253.540
FHW13069	170.125 	 21.170 	 253.179
FHW13069	170.250 	 21.705 	 252.350
FHW13069	170.375 	 21.411 	 253.540
FHW13069	170.500 	 21.580 	 253.540
FHW13069	170.625 	 21.705 	 252.350
FHW13069	170.750 	 21.580 	 253.540
FHW13069	170.875 	 21.580 	 253.540
FHW13069	171.000 	 21.536 	 252.350
FHW13069	171.125 	 21.580 	 253.540
FHW13069	171.250 	 21.170 	 253.178
FHW13069	171.375 	 21.703 	 252.350
FHW13069	171.500 	 21.414 	 253.540
FHW13069	171.625 	 21.578 	 253.540
FHW13069	171.750 	 21.706 	 252.350
FHW13069	171.875 	 21.580 	 253.540
FHW13069	172.000 	 21.411 	 253.540
FHW13069	172.125 	 21.706 	 252.350
FHW13069	172.250 	 21.170 	 253.178
FHW13069	172.375 	 21.580 	 253.540
FHW13069	172.500 	 21.705 	 252.350
FHW13069	172.625 	 21.411 	 253.540
FHW13069	172.750 	 21.580 	 253.540
FHW13069	172.875 	 21.705 	 252.350
FHW13069	173.000 	 21.578 	 253.540
FHW13069	173.125 	 21.414 	 253.540
FHW13069	173.250 	 21.705 	 252.350
FHW13069	173.375 	 21.167 	 253.179
FHW13069	173.500 	 21.580 	 253.540
FHW13069	173.625 	 21.706 	 252.350
FHW13069	173.750 	 21.411 	 253.540
FHW13069	173.875 	 21.580 	 253.540
FHW13069	174.000 	 21.706 	 252.350
FHW13069	174.125 	 21.580 	 253.540
FHW13069	174.250 	 21.411 	 253.540
FHW13069	174.375 	 21.298 	 251.966
FHW13069	174.500 	 21.580 	 253.540
FHW13069	174.625 	 21.580 	 253.540
FHW13069	174.750 	 21.536 	 252.350
FHW13069	174.875 	 21.580 	 253.540
FHW13069	175.000 	 21.578 	 253.540
FHW13069	175.125 	 21.705 	 252.350
FHW13069	175.250 	 21.580 	 253.540
FHW13069	175.375 	 21.411 	 253.540
FHW13069	175.500 	 21.298 	 251.966
FHW13069	175.625 	 21.580 	 253.540
FHW13069	175.750 	 21.580 	 253.540
FHW13069	175.875 	 21.536 	 252.350
FHW13069	176.000 	 21.580 	 253.540
FHW13069	176.125 	 21.580 	 253.540
FHW13069	176.250 	 21.706 	 252.350
FHW13069	176.375 	 21.578 	 253.540
FHW13069	176.500 	 21.006 	 253.179
FHW13069	176.625 	 21.705 	 252.350
FHW13069	176.750 	 21.578 	 253.540
FHW13069	176.875 	 21.580 	 253.540
FHW13069	177.000 	 21.538 	 252.350
FHW13069	177.125 	 21.578 	 253.540
FHW13069	177.250 	 21.580 	 253.540
FHW13069	177.375 	 21.705 	 252.350
FHW13069	177.500 	 21.412 	 253.540
FHW13069	177.625 	 21.170 	 253.179
FHW13069	177.750 	 21.706 	 252.350
FHW13069	177.875 	 21.580 	 253.540
FHW13069	178.000 	 21.580 	 253.540
FHW13069	178.125 	 21.536 	 252.350
FHW13069	178.250 	 21.580 	 253.540
FHW13069	178.375 	 21.580 	 253.540
FHW13069	178.500 	 21.703 	 252.350
FHW13069	178.625 	 21.414 	 253.540
FHW13069	178.750 	 21.167 	 253.179
FHW13069	178.875 	 21.705 	 252.350
FHW13069	179.000 	 21.580 	 253.540
FHW13069	179.125 	 21.580 	 253.540
FHW13069	179.250 	 21.536 	 252.350
FHW13069	179.375 	 21.580 	 253.540
FHW13069	179.500 	 21.580 	 253.540
FHW13069	179.625 	 21.705 	 252.350
FHW13069	179.750 	 21.004 	 253.179
FHW13069	179.875 	 21.580 	 253.540
FHW13069	180.000 	 21.706 	 252.350
FHW13069	180.125 	 21.578 	 253.540
FHW13069	180.250 	 21.414 	 253.540
FHW13069	180.375 	 21.706 	 252.350
FHW13069	180.500 	 21.578 	 253.540
FHW13069	180.625 	 21.580 	 253.540
FHW13069	180.750 	 21.706 	 252.350
FHW13069	180.875 	 21.004 	 253.179
FHW13069	181.000 	 21.580 	 253.540
FHW13069	181.125 	 21.705 	 252.349
FHW13069	181.250 	 21.580 	 253.540
FHW13069	181.375 	 21.411 	 253.540
FHW13069	181.500 	 21.705 	 252.350
FHW13069	181.625 	 21.580 	 253.540
FHW13069	181.750 	 21.580 	 253.540
FHW13069	181.875 	 21.296 	 251.966
FHW13069	182.000 	 21.414 	 253.540
FHW13069	182.125 	 21.578 	 253.540
FHW13069	182.250 	 21.706 	 252.350
FHW13069	182.375 	 21.580 	 253.540
FHW13069	182.500 	 21.411 	 253.540
FHW13069	182.625 	 21.706 	 252.350
FHW13069	182.750 	 21.580 	 253.540
FHW13069	182.875 	 21.580 	 253.540
FHW13069	183.000 	 21.131 	 251.965
FHW13069	183.125 	 21.580 	 253.540
FHW13069	183.250 	 21.580 	 253.540
FHW13069	183.375 	 21.705 	 252.350
FHW13069	183.500 	 21.578 	 253.540
FHW13069	183.625 	 21.414 	 253.540
FHW13069	183.750 	 21.705 	 252.350
FHW13069	183.875 	 21.578 	 253.540
FHW13069	184.000 	 21.170 	 253.178
FHW13069	184.125 	 21.539 	 252.350
FHW13069	184.250 	 21.578 	 253.540
FHW13069	184.375 	 21.580 	 253.540
FHW13069	184.500 	 21.706 	 252.350
FHW13069	184.625 	 21.411 	 253.540
FHW13069	184.750 	 21.580 	 253.540
FHW13069	184.875 	 21.705 	 252.350
FHW13069	185.000 	 21.580 	 253.540
FHW13069	185.125 	 21.170 	 253.179
FHW13069	185.250 	 21.536 	 252.350
FHW13069	185.375 	 21.580 	 253.540
FHW13069	185.500 	 21.580 	 253.540
FHW13069	185.625 	 21.703 	 252.349
FHW13069	185.750 	 21.414 	 253.540
FHW13069	185.875 	 21.578 	 253.540
FHW13069	186.000 	 21.705 	 252.350
FHW13069	186.125 	 21.580 	 253.540
FHW13069	186.250 	 21.170 	 253.178
FHW13069	186.375 	 21.536 	 252.350
FHW13069	186.500 	 25.909 	 252.897
FHW13069	186.625 	 28.015 	 253.113
FHW13069	186.750 	 28.519 	 252.475
FHW13069	186.875 	 28.014 	 253.113
FHW13069	187.000 	 27.922 	 252.181
FHW13069	187.125 	 28.135 	 252.181
FHW13069	187.250 	 28.402 	 253.394
FHW13069	187.375 	 28.135 	 252.181
FHW13069	187.500 	 28.014 	 253.113
FHW13069	187.625 	 28.135 	 252.181
FHW13069	187.750 	 28.402 	 253.393
FHW13069	187.875 	 28.135 	 252.181
FHW13069	188.000 	 27.922 	 252.181
FHW13069	188.125 	 28.014 	 253.113
FHW13069	188.250 	 28.519 	 252.474
FHW13069	188.375 	 28.014 	 253.113
FHW13069	188.500 	 28.136 	 252.182
FHW13069	188.625 	 28.014 	 253.113
FHW13069	188.750 	 28.519 	 252.474
FHW13069	188.875 	 27.919 	 252.181
FHW13069	189.000 	 28.014 	 253.113
FHW13069	189.125 	 28.136 	 252.182
FHW13069	189.250 	 28.401 	 253.393
FHW13069	189.375 	 28.135 	 252.181
FHW13069	189.500 	 28.017 	 253.113
FHW13069	189.625 	 28.135 	 252.181
FHW13069	189.750 	 28.520 	 252.475
FHW13069	189.875 	 27.798 	 253.113
FHW13069	190.000 	 28.135 	 252.181
FHW13069	190.125 	 28.014 	 253.113
FHW13069	190.250 	 28.520 	 252.475
FHW13069	190.375 	 28.014 	 253.113
FHW13069	190.500 	 28.135 	 252.181
FHW13069	190.625 	 28.135 	 252.181
FHW13069	190.750 	 28.187 	 253.393
FHW13069	190.875 	 28.135 	 252.181
FHW13069	191.000 	 28.015 	 253.114
FHW13069	191.125 	 28.135 	 252.181
FHW13069	191.250 	 28.401 	 253.393
FHW13069	191.375 	 28.135 	 252.181
FHW13069	191.500 	 28.135 	 252.181
FHW13069	191.625 	 28.015 	 253.114
FHW13069	191.750 	 27.922 	 252.181
FHW13069	191.875 	 28.401 	 253.393
FHW13069	192.000 	 28.135 	 252.181
FHW13069	192.125 	 28.014 	 253.113
FHW13069	192.250 	 28.135 	 252.181
FHW13069	192.375 	 28.520 	 252.475
FHW13069	192.500 	 28.014 	 253.113
FHW13069	192.625 	 27.919 	 252.181
FHW13069	192.750 	 28.014 	 253.113
FHW13069	192.875 	 28.520 	 252.475
FHW13069	193.000 	 28.014 	 253.113
FHW13069	193.125 	 28.138 	 252.181
FHW13069	193.250 	 28.135 	 252.181
FHW13069	193.375 	 28.401 	 253.393
FHW13069	193.500 	 28.136 	 252.182
FHW13069	193.625 	 27.798 	 253.113
FHW13069	193.750 	 28.135 	 252.181
FHW13069	193.875 	 28.519 	 252.474
FHW13069	194.000 	 28.014 	 253.113
FHW13069	194.125 	 28.136 	 252.182
FHW13069	194.250 	 28.014 	 253.113
FHW13069	194.375 	 28.519 	 252.475
FHW13069	194.500 	 27.801 	 253.113
FHW13069	194.625 	 28.135 	 252.181
FHW13069	194.750 	 28.135 	 252.181
FHW13069	194.875 	 28.402 	 253.393
FHW13069	195.000 	 28.135 	 252.181
FHW13069	195.125 	 28.014 	 253.113
FHW13069	195.250 	 28.135 	 252.181
FHW13069	195.375 	 28.402 	 253.393
FHW13069	195.500 	 27.922 	 252.181
FHW13069	195.625 	 28.135 	 252.181
FHW13069	195.750 	 28.014 	 253.113
FHW13069	195.875 	 28.519 	 252.475
FHW13069	196.000 	 28.015 	 253.114
FHW13069	196.125 	 28.135 	 252.181
FHW13069	196.250 	 28.014 	 253.113
FHW13069	196.375 	 28.301 	 252.474
FHW13069	196.500 	 28.135 	 252.181
FHW13069	196.625 	 28.018 	 253.114
FHW13069	196.750 	 28.135 	 252.181
FHW13069	196.875 	 28.401 	 253.393
FHW13069	197.000 	 28.135 	 252.181
FHW13069	197.125 	 28.014 	 253.113
FHW13069	197.250 	 28.135 	 252.181
FHW13069	197.375 	 28.302 	 252.475
FHW13069	197.500 	 28.014 	 253.113
FHW13069	197.625 	 28.135 	 252.181
FHW13069	197.750 	 28.014 	 253.113
FHW13069	197.875 	 28.520 	 252.475
FHW13069	198.000 	 28.014 	 253.113
FHW13069	198.125 	 28.135 	 252.181
FHW13069	198.250 	 27.922 	 252.181
FHW13069	198.375 	 28.401 	 253.393
FHW13069	198.500 	 28.136 	 252.182
FHW13069	198.625 	 28.014 	 253.113
FHW13069	198.750 	 28.135 	 252.181
FHW13069	198.875 	 28.401 	 253.393
FHW13069	199.000 	 28.135 	 252.181
FHW13069	199.125 	 27.923 	 252.182
FHW13069	199.250 	 28.014 	 253.113
FHW13069	199.375 	 28.519 	 252.475
FHW13069	199.500 	 28.014 	 253.113
FHW13069	199.625 	 28.135 	 252.181
FHW13069	199.750 	 28.014 	 253.113
FHW13069	199.875 	 28.520 	 252.475
FHW13069	200.000 	 28.135 	 252.181
FHW13069	200.125 	 27.798 	 253.113
FHW13069	200.250 	 28.138 	 252.181
FHW13069	200.375 	 28.402 	 253.393
FHW13069	200.500 	 28.135 	 252.181
FHW13069	200.625 	 28.014 	 253.113
FHW13069	200.750 	 28.135 	 252.181
FHW13069	200.875 	 28.519 	 252.475
FHW13069	201.000 	 27.799 	 253.114
FHW13069	201.125 	 28.135 	 252.181
FHW13069	201.250 	 28.014 	 253.113
FHW13069	201.375 	 28.519 	 252.474
FHW13069	201.500 	 28.014 	 253.113
FHW13069	201.625 	 28.136 	 252.182
FHW13069	201.750 	 28.135 	 252.181
FHW13069	201.875 	 28.405 	 253.393
FHW13069	202.000 	 27.918 	 252.181
FHW13069	202.125 	 28.014 	 253.113
FHW13069	202.250 	 28.135 	 252.181
FHW13069	202.375 	 28.402 	 253.394
FHW13069	202.500 	 28.135 	 252.181
FHW13069	202.625 	 28.135 	 252.181
FHW13069	202.750 	 28.014 	 253.113
FHW13069	202.875 	 28.305 	 252.475
FHW13069	203.000 	 28.014 	 253.113
FHW13069	203.125 	 28.135 	 252.181
FHW13069	203.250 	 28.014 	 253.113
FHW13069	203.375 	 28.519 	 252.474
FHW13069	203.500 	 28.136 	 252.182
FHW13069	203.625 	 28.014 	 253.113
FHW13069	203.750 	 28.135 	 252.181
FHW13069	203.875 	 28.187 	 253.393
FHW13069	204.000 	 28.135 	 252.181
FHW13069	204.125 	 28.136 	 252.182
FHW13069	204.250 	 28.014 	 253.113
FHW13069	204.375 	 28.519 	 252.474
FHW13069	204.500 	 28.014 	 253.113
FHW13069	204.625 	 28.135 	 252.181
FHW13069	204.750 	 27.798 	 253.113
FHW13069	204.875 	 28.520 	 252.475
FHW13069	205.000 	 34.171 	 253.379
FHW13069	205.125 	 35.999 	 252.553
FHW13069	205.250 	 35.532 	 253.073
FHW13069	205.375 	 35.620 	 253.300
FHW13069	205.500 	 35.890 	 253.301
FHW13069	205.625 	 35.889 	 253.301
FHW13069	205.750 	 35.620 	 253.301
FHW13069	205.875 	 35.999 	 252.553
FHW13069	206.000 	 35.620 	 253.300
FHW13069	206.125 	 35.889 	 253.301
FHW13069	206.250 	 35.532 	 253.073
FHW13069	206.375 	 35.620 	 253.301
FHW13069	206.500 	 35.890 	 253.301
FHW13069	206.625 	 35.999 	 252.553
FHW13069	206.750 	 35.624 	 253.301
FHW13069	206.875 	 35.885 	 253.301
FHW13069	207.000 	 35.889 	 253.301
FHW13069	207.125 	 35.624 	 253.300
FHW13069	207.250 	 35.527 	 253.073
FHW13069	207.375 	 35.999 	 252.553
FHW13069	207.500 	 35.624 	 253.301
FHW13069	207.625 	 35.890 	 253.301
FHW13069	207.750 	 35.885 	 253.300
FHW13069	207.875 	 35.624 	 253.301
FHW13069	208.000 	 35.889 	 253.301
FHW13069	208.125 	 35.885 	 253.301
FHW13069	208.250 	 35.733 	 252.553
FHW13069	208.375 	 35.532 	 253.073
FHW13069	208.500 	 35.885 	 253.301
FHW13069	208.625 	 35.625 	 253.301
FHW13069	208.750 	 35.889 	 253.301
FHW13069	208.875 	 35.889 	 253.301
FHW13069	209.000 	 35.729 	 252.553
FHW13069	209.125 	 35.889 	 253.301
FHW13069	209.250 	 35.620 	 253.301
FHW13069	209.375 	 35.532 	 253.073
FHW13069	209.500 	 35.889 	 253.301
FHW13069	209.625 	 35.621 	 253.301
FHW13069	209.750 	 35.999 	 252.553
FHW13069	209.875 	 35.889 	 253.301
FHW13069	210.000 	 35.620 	 253.301
FHW13069	210.125 	 35.889 	 253.301
FHW13069	210.250 	 35.889 	 253.301
FHW13069	210.375 	 35.263 	 253.072
FHW13069	210.500 	 35.999 	 252.553
FHW13069	210.625 	 35.890 	 253.301
FHW13069	210.750 	 35.620 	 253.301
FHW13069	210.875 	 35.889 	 253.300
FHW13069	211.000 	 35.889 	 253.301
FHW13069	211.125 	 35.620 	 253.301
FHW13069	211.250 	 35.999 	 252.553
FHW13069	211.375 	 35.532 	 253.073
FHW13069	211.500 	 35.620 	 253.300
FHW13069	211.625 	 35.890 	 253.301
FHW13069	211.750 	 35.889 	 253.301
FHW13069	211.875 	 35.620 	 253.301
FHW13069	212.000 	 35.999 	 252.553
FHW13069	212.125 	 35.889 	 253.301
FHW13069	212.250 	 35.624 	 253.301
FHW13069	212.375 	 35.527 	 253.073
FHW13069	212.500 	 35.624 	 253.301
FHW13069	212.625 	 35.890 	 253.301
FHW13069	212.750 	 35.994 	 252.553
FHW13069	212.875 	 35.624 	 253.301
FHW13069	213.000 	 35.889 	 253.301
FHW13069	213.125 	 35.885 	 253.301
FHW13069	213.250 	 35.624 	 253.301
FHW13069	213.375 	 35.532 	 253.073
FHW13069	213.500 	 35.999 	 252.553
FHW13069	213.625 	 35.621 	 253.301
FHW13069	213.750 	 35.889 	 253.301
FHW13069	213.875 	 35.889 	 253.301
FHW13069	214.000 	 35.620 	 253.301
FHW13069	214.125 	 35.889 	 253.301
FHW13069	214.250 	 35.999 	 252.553
FHW13069	214.375 	 35.621 	 253.301
FHW13069	214.500 	 35.531 	 253.072
FHW13069	214.625 	 35.890 	 253.301
FHW13069	214.750 	 35.620 	 253.301
FHW13069	214.875 	 35.889 	 253.301
FHW13069	215.000 	 35.999 	 252.553
FHW13069	215.125 	 35.620 	 253.301
FHW13069	215.250 	 35.889 	 253.301
FHW13069	215.375 	 35.890 	 253.301
FHW13069	215.500 	 35.263 	 253.071
FHW13069	215.625 	 35.890 	 253.301
FHW13069	215.750 	 35.620 	 253.301
FHW13069	215.875 	 35.999 	 252.553
FHW13069	216.000 	 35.889 	 253.301
FHW13069	216.125 	 35.620 	 253.300
FHW13069	216.250 	 35.889 	 253.301
FHW13069	216.375 	 35.890 	 253.301
FHW13069	216.500 	 35.262 	 253.072
FHW13069	216.625 	 35.999 	 252.553
FHW13069	216.750 	 35.889 	 253.301
FHW13069	216.875 	 35.624 	 253.301
FHW13069	217.000 	 35.885 	 253.301
FHW13069	217.125 	 35.889 	 253.301
FHW13069	217.250 	 35.624 	 253.301
FHW13069	217.375 	 35.995 	 252.553
FHW13069	217.500 	 35.531 	 253.072
FHW13069	217.625 	 35.625 	 253.301
FHW13069	217.750 	 35.885 	 253.301
FHW13069	217.875 	 35.889 	 253.301
FHW13069	218.000 	 35.624 	 253.301
FHW13069	218.125 	 35.999 	 252.553
FHW13069	218.250 	 35.885 	 253.301
FHW13069	218.375 	 35.625 	 253.301
FHW13069	218.500 	 35.531 	 253.072
FHW13069	218.625 	 35.886 	 253.301
FHW13069	218.750 	 35.624 	 253.301
FHW13069	218.875 	 35.999 	 252.553
FHW13069	219.000 	 35.620 	 253.301
FHW13069	219.125 	 35.889 	 253.301
FHW13069	219.250 	 35.889 	 253.301
FHW13069	219.375 	 35.620 	 253.301
FHW13069	219.500 	 35.532 	 253.073
FHW13069	219.625 	 35.999 	 252.553
FHW13069	219.750 	 35.620 	 253.301
FHW13069	219.875 	 35.889 	 253.301
FHW13069	220.000 	 35.891 	 253.302
FHW13069	220.125 	 35.620 	 253.300
FHW13069	220.250 	 35.889 	 253.301
FHW13069	220.375 	 35.999 	 252.553
FHW13069	220.500 	 35.620 	 253.301
FHW13069	220.625 	 35.532 	 253.073
FHW13069	220.750 	 35.889 	 253.300
FHW13069	220.875 	 35.620 	 253.301
FHW13069	221.000 	 35.889 	 253.301
FHW13069	221.125 	 35.999 	 252.553
FHW13069	221.250 	 35.620 	 253.300
FHW13069	221.375 	 35.889 	 253.301
FHW13069	221.500 	 35.889 	 253.301
FHW13069	221.625 	 35.263 	 253.073
FHW13069	221.750 	 35.889 	 253.301
FHW13069	221.875 	 35.999 	 252.553
FHW13069	222.000 	 35.621 	 253.302
FHW13069	222.125 	 35.889 	 253.301
FHW13069	222.250 	 35.624 	 253.301
FHW13069	222.375 	 35.885 	 253.301
FHW13069	222.500 	 35.889 	 253.301
FHW13069	222.625 	 35.267 	 253.073
FHW13069	222.750 	 35.999 	 252.553
FHW13069	222.875 	 35.885 	 253.301
FHW13069	223.000 	 35.624 	 253.301
FHW13069	223.125 	 35.889 	 253.301
FHW13069	223.250 	 35.885 	 253.301
FHW13069	223.375 	 35.624 	 253.301
FHW13069	223.500 	 35.999 	 252.553
FHW13069	223.625 	 35.532 	 253.073
FHW13069	223.750 	 43.607 	 253.237
FHW13069	223.875 	 43.608 	 253.045
FHW13069	224.000 	 43.607 	 253.238
FHW13069	224.125 	 43.603 	 253.044
FHW13069	224.250 	 43.926 	 253.238
FHW13069	224.375 	 43.290 	 253.044
FHW13069	224.500 	 43.925 	 253.237
FHW13069	224.625 	 43.608 	 253.045
FHW13069	224.750 	 43.607 	 253.237
FHW13069	224.875 	 43.608 	 253.045
FHW13069	225.000 	 43.926 	 253.237
FHW13069	225.125 	 43.607 	 253.238
FHW13069	225.250 	 43.608 	 253.045
FHW13069	225.375 	 43.921 	 253.237
FHW13069	225.500 	 43.295 	 253.045
FHW13069	225.625 	 43.920 	 253.236
FHW13069	225.750 	 43.608 	 253.045
FHW13069	225.875 	 43.607 	 253.238
FHW13069	226.000 	 43.608 	 253.044
FHW13069	226.125 	 43.926 	 253.238
FHW13069	226.250 	 43.607 	 253.237
FHW13069	226.375 	 43.608 	 253.045
FHW13069	226.500 	 43.926 	 253.238
FHW13069	226.625 	 43.290 	 253.044
FHW13069	226.750 	 43.925 	 253.237
FHW13069	226.875 	 43.603 	 253.044
FHW13069	227.000 	 43.612 	 253.238
FHW13069	227.125 	 43.603 	 253.045
FHW13069	227.250 	 43.926 	 253.237
FHW13069	227.375 	 43.607 	 253.238
FHW13069	227.500 	 43.608 	 253.044
FHW13069	227.625 	 43.926 	 253.238
FHW13069	227.750 	 43.608 	 253.045
FHW13069	227.875 	 43.606 	 253.236
FHW13069	228.000 	 43.608 	 253.045
FHW13069	228.125 	 43.921 	 253.237
FHW13069	228.250 	 43.295 	 253.045
FHW13069	228.375 	 43.921 	 253.238
FHW13069	228.500 	 43.608 	 253.044
FHW13069	228.625 	 43.607 	 253.238
FHW13069	228.750 	 43.926 	 253.237
FHW13069	228.875 	 43.608 	 253.045
FHW13069	229.000 	 43.606 	 253.237
FHW13069	229.125 	 43.608 	 253.044
FHW13069	229.250 	 43.926 	 253.238
FHW13069	229.375 	 43.290 	 253.044
FHW13069	229.500 	 43.926 	 253.238
FHW13069	229.625 	 43.603 	 253.045
FHW13069	229.750 	 43.612 	 253.237
FHW13069	229.875 	 43.921 	 253.238
FHW13069	230.000 	 43.608 	 253.044
FHW13069	230.125 	 43.606 	 253.237
FHW13069	230.250 	 43.608 	 253.045
FHW13069	230.375 	 43.926 	 253.237
FHW13069	230.500 	 43.290 	 253.045
FHW13069	230.625 	 43.926 	 253.237
FHW13069	230.750 	 43.608 	 253.045
FHW13069	230.875 	 43.607 	 253.238
FHW13069	231.000 	 43.926 	 253.237
FHW13069	231.125 	 43.602 	 253.044
FHW13069	231.250 	 43.612 	 253.237
FHW13069	231.375 	 43.603 	 253.045
FHW13069	231.500 	 43.926 	 253.238
FHW13069	231.625 	 43.290 	 253.044
FHW13069	231.750 	 43.926 	 253.238
FHW13069	231.875 	 43.608 	 253.044
FHW13069	232.000 	 43.926 	 253.238
FHW13069	232.125 	 43.290 	 253.045
FHW13069	232.250 	 43.925 	 253.236
FHW13069	232.375 	 43.921 	 253.238
FHW13069	232.500 	 43.295 	 253.044
FHW13069	232.625 	 43.921 	 253.238
FHW13069	232.750 	 43.608 	 253.045
FHW13069	232.875 	 43.607 	 253.237
FHW13069	233.000 	 43.608 	 253.045
FHW13069	233.125 	 43.926 	 253.237
FHW13069	233.250 	 43.290 	 253.045
FHW13069	233.375 	 43.925 	 253.237
FHW13069	233.500 	 43.926 	 253.237
FHW13069	233.625 	 43.290 	 253.045
FHW13069	233.750 	 43.926 	 253.237
FHW13069	233.875 	 43.603 	 253.045
FHW13069	234.000 	 43.612 	 253.238
FHW13069	234.125 	 43.603 	 253.044
FHW13069	234.250 	 43.926 	 253.238
FHW13069	234.375 	 43.290 	 253.044
FHW13069	234.500 	 43.925 	 253.237
FHW13069	234.625 	 43.926 	 253.238
FHW13069	234.750 	 43.290 	 253.044
FHW13069	234.875 	 43.926 	 253.238
FHW13069	235.000 	 43.608 	 253.044
FHW13069	235.125 	 43.607 	 253.238
FHW13069	235.250 	 43.608 	 253.045
FHW13069	235.375 	 43.921 	 253.237
FHW13069	235.500 	 43.295 	 253.045
FHW13069	235.625 	 43.920 	 253.236
FHW13069	235.750 	 43.608 	 253.045
FHW13069	235.875 	 43.607 	 253.238
FHW13069	236.000 	 43.926 	 253.237
FHW13069	236.125 	 43.608 	 253.045
FHW13069	236.250 	 43.607 	 253.237
FHW13069	236.375 	 43.608 	 253.045
FHW13069	236.500 	 43.926 	 253.238
FHW13069	236.625 	 43.290 	 253.044
FHW13069	236.750 	 43.925 	 253.237
FHW13069	236.875 	 43.603 	 253.044
FHW13069	237.000 	 43.926 	 253.238
FHW13069	237.125 	 43.607 	 253.238
FHW13069	237.250 	 43.608 	 253.044
FHW13069	237.375 	 43.926 	 253.238
FHW13069	237.500 	 43.290 	 253.044
FHW13069	237.625 	 43.926 	 253.238
FHW13069	237.750 	 43.607 	 253.044
FHW13069	237.875 	 43.607 	 253.237
FHW13069	238.000 	 43.608 	 253.045
FHW13069	238.125 	 43.921 	 253.237
FHW13069	238.250 	 43.612 	 253.238
FHW13069	238.375 	 43.603 	 253.045
FHW13069	238.500 	 43.926 	 253.237
FHW13069	238.625 	 43.290 	 253.045
FHW13069	238.750 	 43.926 	 253.237
FHW13069	238.875 	 43.607 	 253.044
FHW13069	239.000 	 43.607 	 253.238
FHW13069	239.125 	 43.608 	 253.044
FHW13069	239.250 	 43.926 	 253.238
FHW13069	239.375 	 43.290 	 253.044
FHW13069	239.500 	 43.926 	 253.238
FHW13069	239.625 	 43.921 	 253.238
FHW13069	239.750 	 43.295 	 253.044
FHW13069	239.875 	 43.921 	 253.238
FHW13069	240.000 	 43.607 	 253.044
FHW13069	240.125 	 43.607 	 253.238
FHW13069	240.250 	 43.608 	 253.045
FHW13069	240.375 	 43.926 	 253.237
FHW13069	240.500 	 43.290 	 253.045
FHW13069	240.625 	 43.926 	 253.237
FHW13069	240.750 	 43.926 	 253.238
FHW13069	240.875 	 43.290 	 253.045
FHW13069	241.000 	 43.926 	 253.237
FHW13069	241.125 	 43.602 	 253.044
FHW13069	241.250 	 43.607 	 253.237
FHW13069	241.375 	 43.608 	 253.045
FHW13069	241.500 	 43.926 	 253.238
FHW13069	241.625 	 43.608 	 253.044
FHW13069	241.750 	 43.607 	 253.238
FHW13069	241.875 	 43.926 	 253.237
FHW13069	242.000 	 43.608 	 253.045
FHW13069	242.125 	 43.607 	 253.238
FHW13069	242.250 	 43.602 	 253.044
FHW13069	242.375 	 44.564 	 253.427
FHW13069	242.500 	 49.607 	 252.897
FHW13069	242.625 	 49.527 	 253.474
FHW13069	242.750 	 49.895 	 253.072
FHW13069	242.875 	 49.961 	 252.897
FHW13069	243.000 	 49.521 	 253.474
FHW13069	243.125 	 49.613 	 252.897
FHW13069	243.250 	 49.806 	 253.645
FHW13069	243.375 	 49.613 	 252.897
FHW13069	243.500 	 49.875 	 253.474
FHW13069	243.625 	 49.895 	 253.072
FHW13069	243.750 	 49.521 	 253.474
FHW13069	243.875 	 49.613 	 252.897
FHW13069	244.000 	 49.607 	 252.897
FHW13069	244.125 	 50.165 	 253.645
FHW13069	244.250 	 49.607 	 252.897
FHW13069	244.375 	 49.527 	 253.474
FHW13069	244.500 	 49.890 	 253.072
FHW13069	244.625 	 49.527 	 253.474
FHW13069	244.750 	 49.961 	 252.897
FHW13069	244.875 	 49.613 	 252.897
FHW13069	245.000 	 49.806 	 253.644
FHW13069	245.125 	 49.613 	 252.897
FHW13069	245.250 	 49.875 	 253.474
FHW13069	245.375 	 49.890 	 253.072
FHW13069	245.500 	 49.527 	 253.474
FHW13069	245.625 	 49.613 	 252.897
FHW13069	245.750 	 49.521 	 253.474
FHW13069	245.875 	 50.243 	 253.073
FHW13069	246.000 	 49.613 	 252.897
FHW13069	246.125 	 49.527 	 253.474
FHW13069	246.250 	 49.607 	 252.897
FHW13069	246.375 	 49.811 	 253.644
FHW13069	246.500 	 49.961 	 252.897
FHW13069	246.625 	 49.521 	 253.474
FHW13069	246.750 	 49.896 	 253.073
FHW13069	246.875 	 49.527 	 253.474
FHW13069	247.000 	 49.607 	 252.897
FHW13069	247.125 	 49.961 	 252.897
FHW13069	247.250 	 49.811 	 253.644
FHW13069	247.375 	 49.607 	 252.897
FHW13069	247.500 	 49.527 	 253.474
FHW13069	247.625 	 49.896 	 253.073
FHW13069	247.750 	 49.875 	 253.474
FHW13069	247.875 	 49.607 	 252.897
FHW13069	248.000 	 49.613 	 252.897
FHW13069	248.125 	 49.805 	 253.644
FHW13069	248.250 	 49.966 	 252.897
FHW13069	248.375 	 49.521 	 253.474
FHW13069	248.500 	 49.896 	 253.073
FHW13069	248.625 	 49.521 	 253.474
FHW13069	248.750 	 49.613 	 252.897
FHW13069	248.875 	 49.875 	 253.474
FHW13069	249.000 	 49.895 	 253.072
FHW13069	249.125 	 49.607 	 252.897
FHW13069	249.250 	 49.527 	 253.474
FHW13069	249.375 	 49.608 	 252.898
FHW13069	249.500 	 50.164 	 253.644
FHW13069	249.625 	 49.607 	 252.897
FHW13069	249.750 	 49.527 	 253.474
FHW13069	249.875 	 49.890 	 253.072
FHW13069	250.000 	 49.527 	 253.474
FHW13069	250.125 	 49.961 	 252.897
FHW13069	250.250 	 49.614 	 252.898
FHW13069	250.375 	 49.805 	 253.644
FHW13069	250.500 	 49.613 	 252.897
FHW13069	250.625 	 49.521 	 253.475
FHW13069	250.750 	 50.242 	 253.072
FHW13069	250.875 	 49.527 	 253.474
FHW13069	251.000 	 49.613 	 252.897
FHW13069	251.125 	 49.522 	 253.475
FHW13069	251.250 	 50.242 	 253.072
FHW13069	251.375 	 49.613 	 252.897
FHW13069	251.500 	 49.521 	 253.474
FHW13069	251.625 	 49.895 	 253.072
FHW13069	251.750 	 49.527 	 253.474
FHW13069	251.875 	 49.961 	 252.897
FHW13069	252.000 	 49.522 	 253.475
FHW13069	252.125 	 49.895 	 253.072
FHW13069	252.250 	 49.613 	 252.897
FHW13069	252.375 	 49.521 	 253.474
FHW13069	252.500 	 49.961 	 252.897
FHW13069	252.625 	 49.811 	 253.645
FHW13069	252.750 	 49.608 	 252.898
FHW13069	252.875 	 49.527 	 253.474
FHW13069	253.000 	 49.895 	 253.072
FHW13069	253.125 	 49.875 	 253.474
FHW13069	253.250 	 49.607 	 252.897
FHW13069	253.375 	 49.613 	 252.897
FHW13069	253.500 	 49.805 	 253.644
FHW13069	253.625 	 49.614 	 252.898
FHW13069	253.750 	 49.875 	 253.474
FHW13069	253.875 	 49.895 	 253.072
FHW13069	254.000 	 49.521 	 253.474
FHW13069	254.125 	 49.613 	 252.897
FHW13069	254.250 	 49.875 	 253.474
FHW13069	254.375 	 49.895 	 253.072
FHW13069	254.500 	 49.608 	 252.898
FHW13069	254.625 	 49.526 	 253.475
FHW13069	254.750 	 49.890 	 253.071
FHW13069	254.875 	 49.875 	 253.475
FHW13069	255.000 	 49.613 	 252.897
FHW13069	255.125 	 49.527 	 253.474
FHW13069	255.250 	 49.890 	 253.072
FHW13069	255.375 	 49.528 	 253.475
FHW13069	255.500 	 49.961 	 252.897
FHW13069	255.625 	 49.890 	 253.072
FHW13069	255.750 	 49.527 	 253.474
FHW13069	255.875 	 49.613 	 252.897
FHW13069	256.000 	 49.521 	 253.474
FHW13069	256.125 	 50.242 	 253.072
FHW13069	256.250 	 49.528 	 253.475
FHW13069	256.375 	 49.613 	 252.897
FHW13069	256.500 	 49.607 	 252.897
FHW13069	256.625 	 49.811 	 253.645
FHW13069	256.750 	 49.961 	 252.896
FHW13069	256.875 	 49.521 	 253.475
FHW13069	257.000 	 49.895 	 253.072
FHW13069	257.125 	 49.528 	 253.475
FHW13069	257.250 	 49.961 	 252.897
FHW13069	257.375 	 49.521 	 253.474
FHW13069	257.500 	 49.895 	 253.072
FHW13069	257.625 	 49.607 	 252.897
FHW13069	257.750 	 49.527 	 253.474
FHW13069	257.875 	 50.242 	 253.072
FHW13069	258.000 	 49.528 	 253.475
FHW13069	258.125 	 49.607 	 252.897
FHW13069	258.250 	 49.527 	 253.474
FHW13069	258.375 	 49.890 	 253.072
FHW13069	258.500 	 49.880 	 253.475
FHW13069	258.625 	 49.607 	 252.897
FHW13069	258.750 	 49.896 	 253.072
FHW13069	258.875 	 49.521 	 253.475
FHW13069	259.000 	 49.613 	 252.897
FHW13069	259.125 	 49.875 	 253.474
FHW13069	259.250 	 49.895 	 253.072
FHW13069	259.375 	 49.521 	 253.474
FHW13069	259.500 	 49.613 	 252.897
FHW13069	259.625 	 49.961 	 252.897
FHW13069	259.750 	 49.812 	 253.644
FHW13069	259.875 	 49.607 	 252.897
FHW13069	260.000 	 49.527 	 253.474
FHW13069	260.125 	 49.890 	 253.072
FHW13069	260.250 	 49.875 	 253.474
FHW13069	260.375 	 49.613 	 252.897
FHW13069	260.500 	 49.526 	 253.475
FHW13069	260.625 	 49.891 	 253.073
FHW13069	260.750 	 49.613 	 252.896
FHW13069	260.875 	 49.875 	 253.475
FHW13069	261.000 	 50.871 	 253.244
FHW13069	261.125 	 56.546 	 253.301
FHW13069	261.250 	 56.919 	 253.300
FHW13069	261.375 	 56.539 	 253.301
FHW13069	261.500 	 56.926 	 253.301
FHW13069	261.625 	 56.539 	 253.300
FHW13069	261.750 	 56.849 	 253.829
FHW13069	261.875 	 56.925 	 253.300
FHW13069	262.000 	 56.539 	 253.301
FHW13069	262.125 	 56.920 	 253.301
FHW13069	262.250 	 56.539 	 253.301
FHW13069	262.375 	 56.926 	 253.301
FHW13069	262.500 	 56.539 	 253.300
FHW13069	262.625 	 56.919 	 253.301
FHW13069	262.750 	 56.540 	 253.301
FHW13069	262.875 	 56.925 	 253.300
FHW13069	263.000 	 56.540 	 253.302
FHW13069	263.125 	 56.925 	 253.300
FHW13069	263.250 	 56.467 	 253.828
FHW13069	263.375 	 56.920 	 253.301
FHW13069	263.500 	 56.539 	 253.300
FHW13069	263.625 	 56.926 	 253.302
FHW13069	263.750 	 56.919 	 253.300
FHW13069	263.875 	 56.539 	 253.300
FHW13069	264.000 	 56.926 	 253.302
FHW13069	264.125 	 56.539 	 253.300
FHW13069	264.250 	 56.920 	 253.302
FHW13069	264.375 	 56.539 	 253.300
FHW13069	264.500 	 56.925 	 253.300
FHW13069	264.625 	 56.468 	 253.829
FHW13069	264.750 	 56.925 	 253.300
FHW13069	264.875 	 56.540 	 253.302
FHW13069	265.000 	 56.919 	 253.300
FHW13069	265.125 	 56.539 	 253.300
FHW13069	265.250 	 56.925 	 253.301
FHW13069	265.375 	 56.541 	 253.301
FHW13069	265.500 	 56.919 	 253.300
FHW13069	265.625 	 56.925 	 253.301
FHW13069	265.750 	 56.539 	 253.300
FHW13069	265.875 	 56.919 	 253.301
FHW13069	266.000 	 56.469 	 253.828
FHW13069	266.125 	 56.925 	 253.301
FHW13069	266.250 	 56.539 	 253.300
FHW13069	266.375 	 56.925 	 253.300
FHW13069	266.500 	 56.539 	 253.301
FHW13069	266.625 	 56.921 	 253.301
FHW13069	266.750 	 56.539 	 253.300
FHW13069	266.875 	 56.925 	 253.301
FHW13069	267.000 	 56.539 	 253.300
FHW13069	267.125 	 57.158 	 253.456
FHW13069	267.250 	 56.541 	 253.302
FHW13069	267.375 	 56.854 	 253.827
FHW13069	267.500 	 56.919 	 253.301
FHW13069	267.625 	 56.539 	 253.300
FHW13069	267.750 	 56.925 	 253.301
FHW13069	267.875 	 56.541 	 253.301
FHW13069	268.000 	 56.919 	 253.300
FHW13069	268.125 	 56.539 	 253.301
FHW13069	268.250 	 56.925 	 253.300
FHW13069	268.375 	 56.539 	 253.300
FHW13069	268.500 	 56.927 	 253.302
FHW13069	268.625 	 56.539 	 253.300
FHW13069	268.750 	 56.848 	 253.828
FHW13069	268.875 	 56.539 	 253.300
FHW13069	269.000 	 56.925 	 253.300
FHW13069	269.125 	 56.541 	 253.302
FHW13069	269.250 	 56.919 	 253.300
FHW13069	269.375 	 56.925 	 253.300
FHW13069	269.500 	 56.539 	 253.301
FHW13069	269.625 	 56.919 	 253.300
FHW13069	269.750 	 56.541 	 253.302
FHW13069	269.875 	 56.925 	 253.300
FHW13069	270.000 	 56.539 	 253.300
FHW13069	270.125 	 56.854 	 253.828
FHW13069	270.250 	 56.539 	 253.300
FHW13069	270.375 	 56.921 	 253.302
FHW13069	270.500 	 56.539 	 253.300
FHW13069	270.625 	 56.925 	 253.300
FHW13069	270.750 	 56.539 	 253.301
FHW13069	270.875 	 56.919 	 253.300
FHW13069	271.000 	 56.541 	 253.301
FHW13069	271.125 	 56.925 	 253.301
FHW13069	271.250 	 56.919 	 253.300
FHW13069	271.375 	 56.539 	 253.301
FHW13069	271.500 	 56.854 	 253.827
FHW13069	271.625 	 56.541 	 253.302
FHW13069	271.750 	 56.925 	 253.300
FHW13069	271.875 	 56.539 	 253.300
FHW13069	272.000 	 56.919 	 253.301
FHW13069	272.125 	 56.539 	 253.300
FHW13069	272.250 	 56.927 	 253.301
FHW13069	272.375 	 56.539 	 253.301
FHW13069	272.500 	 56.919 	 253.300
FHW13069	272.625 	 56.539 	 253.300
FHW13069	272.750 	 56.925 	 253.301
FHW13069	272.875 	 56.850 	 253.828
FHW13069	273.000 	 56.539 	 253.301
FHW13069	273.125 	 56.925 	 253.300
FHW13069	273.250 	 56.539 	 253.301
FHW13069	273.375 	 56.919 	 253.300
FHW13069	273.500 	 56.547 	 253.301
FHW13069	273.625 	 56.919 	 253.301
FHW13069	273.750 	 56.539 	 253.300
FHW13069	273.875 	 56.925 	 253.300
FHW13069	274.000 	 56.539 	 253.301
FHW13069	274.125 	 56.921 	 253.301
FHW13069	274.250 	 56.467 	 253.828
FHW13069	274.375 	 56.925 	 253.300
FHW13069	274.500 	 56.539 	 253.300
FHW13069	274.625 	 56.919 	 253.301
FHW13069	274.750 	 56.927 	 253.301
FHW13069	274.875 	 56.539 	 253.300
FHW13069	275.000 	 56.919 	 253.301
FHW13069	275.125 	 56.539 	 253.300
FHW13069	275.250 	 56.925 	 253.301
FHW13069	275.375 	 56.541 	 253.301
FHW13069	275.500 	 56.925 	 253.300
FHW13069	275.625 	 56.467 	 253.828
FHW13069	275.750 	 56.919 	 253.300
FHW13069	275.875 	 56.539 	 253.301
FHW13069	276.000 	 56.927 	 253.301
FHW13069	276.125 	 56.539 	 253.300
FHW13069	276.250 	 56.919 	 253.301
FHW13069	276.375 	 56.539 	 253.300
FHW13069	276.500 	 56.925 	 253.300
FHW13069	276.625 	 56.921 	 253.302
FHW13069	276.750 	 56.539 	 253.300
FHW13069	276.875 	 56.925 	 253.301
FHW13069	277.000 	 56.467 	 253.827
FHW13069	277.125 	 56.925 	 253.301
FHW13069	277.250 	 56.541 	 253.301
FHW13069	277.375 	 56.919 	 253.300
FHW13069	277.500 	 56.539 	 253.301
FHW13069	277.625 	 56.925 	 253.300
FHW13069	277.750 	 56.539 	 253.300
FHW13069	277.875 	 56.921 	 253.302
FHW13069	278.000 	 56.539 	 253.300
FHW13069	278.125 	 56.925 	 253.300
FHW13069	278.250 	 56.779 	 253.457
FHW13069	278.375 	 56.850 	 253.828
FHW13069	278.500 	 56.925 	 253.301
FHW13069	278.625 	 56.539 	 253.300
FHW13069	278.750 	 56.925 	 253.300
FHW13069	278.875 	 56.539 	 253.301
FHW13069	279.000 	 56.921 	 253.301
FHW13069	279.125 	 56.539 	 253.301
FHW13069	279.250 	 56.925 	 253.300
FHW13069	279.375 	 56.539 	 253.300
FHW13069	279.500 	 56.919 	 253.301
FHW13069	279.625 	 56.541 	 253.301
FHW13069	279.750 	 64.558 	 253.842
FHW13069	279.875 	 65.998 	 253.780
FHW13069	280.000 	 66.478 	 253.300
FHW13069	280.125 	 66.420 	 253.780
FHW13069	280.250 	 66.243 	 253.639
FHW13069	280.375 	 66.420 	 253.780
FHW13069	280.500 	 66.004 	 253.780
FHW13069	280.625 	 66.296 	 253.156
FHW13069	280.750 	 66.418 	 253.779
FHW13069	280.875 	 66.426 	 253.780
FHW13069	281.000 	 66.420 	 253.779
FHW13069	281.125 	 65.819 	 253.639
FHW13069	281.250 	 66.478 	 253.301
FHW13069	281.375 	 66.420 	 253.779
FHW13069	281.500 	 66.243 	 253.639
FHW13069	281.625 	 66.004 	 253.780
FHW13069	281.750 	 66.420 	 253.780
FHW13069	281.875 	 66.243 	 253.639
FHW13069	282.000 	 66.470 	 253.299
FHW13069	282.125 	 66.420 	 253.780
FHW13069	282.250 	 66.004 	 253.780
FHW13069	282.375 	 66.243 	 253.638
FHW13069	282.500 	 66.426 	 253.780
FHW13069	282.625 	 66.472 	 253.301
FHW13069	282.750 	 66.243 	 253.638
FHW13069	282.875 	 66.004 	 253.780
FHW13069	283.000 	 66.420 	 253.780
FHW13069	283.125 	 66.420 	 253.780
FHW13069	283.250 	 66.294 	 253.155
FHW13069	283.375 	 66.420 	 253.780
FHW13069	283.500 	 66.004 	 253.780
FHW13069	283.625 	 66.243 	 253.639
FHW13069	283.750 	 66.420 	 253.779
FHW13069	283.875 	 66.426 	 253.780
FHW13069	284.000 	 66.472 	 253.301
FHW13069	284.125 	 65.825 	 253.639
FHW13069	284.250 	 66.420 	 253.779
FHW13069	284.375 	 66.420 	 253.780
FHW13069	284.500 	 66.241 	 253.638
FHW13069	284.625 	 66.472 	 253.300
FHW13069	284.750 	 66.004 	 253.780
FHW13069	284.875 	 66.420 	 253.780
FHW13069	285.000 	 66.243 	 253.639
FHW13069	285.125 	 66.426 	 253.779
FHW13069	285.250 	 66.420 	 253.780
FHW13069	285.375 	 65.872 	 253.157
FHW13069	285.500 	 66.426 	 253.780
FHW13069	285.625 	 66.420 	 253.779
FHW13069	285.750 	 66.418 	 253.779
FHW13069	285.875 	 66.243 	 253.639
FHW13069	286.000 	 66.057 	 253.300
FHW13069	286.125 	 66.420 	 253.780
FHW13069	286.250 	 66.243 	 253.639
FHW13069	286.375 	 66.426 	 253.780
FHW13069	286.500 	 66.420 	 253.780
FHW13069	286.625 	 66.051 	 253.300
FHW13069	286.750 	 66.249 	 253.639
FHW13069	286.875 	 66.420 	 253.780
FHW13069	287.000 	 66.419 	 253.778
FHW13069	287.125 	 66.243 	 253.639
FHW13069	287.250 	 66.004 	 253.780
FHW13069	287.375 	 66.472 	 253.300
FHW13069	287.500 	 66.243 	 253.639
FHW13069	287.625 	 66.420 	 253.780
FHW13069	287.750 	 66.426 	 253.780
FHW13069	287.875 	 65.998 	 253.780
FHW13069	288.000 	 66.302 	 253.156
FHW13069	288.125 	 66.420 	 253.780
FHW13069	288.250 	 66.418 	 253.779
FHW13069	288.375 	 66.243 	 253.638
FHW13069	288.500 	 66.004 	 253.780
FHW13069	288.625 	 66.420 	 253.780
FHW13069	288.750 	 66.472 	 253.301
FHW13069	288.875 	 66.243 	 253.638
FHW13069	289.000 	 66.426 	 253.780
FHW13069	289.125 	 65.998 	 253.780
FHW13069	289.250 	 66.243 	 253.639
FHW13069	289.375 	 66.478 	 253.300
FHW13069	289.500 	 66.418 	 253.779
FHW13069	289.625 	 66.420 	 253.780
FHW13069	289.750 	 65.825 	 253.638
FHW13069	289.875 	 66.420 	 253.780
FHW13069	290.000 	 66.472 	 253.301
FHW13069	290.125 	 66.243 	 253.639
FHW13069	290.250 	 66.426 	 253.779
FHW13069	290.375 	 65.998 	 253.780
FHW13069	290.500 	 66.420 	 253.780
FHW13069	290.625 	 66.249 	 253.639
FHW13069	290.750 	 66.470 	 253.299
FHW13069	290.875 	 66.420 	 253.780
FHW13069	291.000 	 65.825 	 253.639
FHW13069	291.125 	 66.420 	 253.780
FHW13069	291.250 	 66.420 	 253.779
FHW13069	291.375 	 66.478 	 253.301
FHW13069	291.500 	 66.236 	 253.639
FHW13069	291.625 	 66.005 	 253.779
FHW13069	291.750 	 66.426 	 253.780
FHW13069	291.875 	 66.235 	 253.638
FHW13069	292.000 	 66.478 	 253.300
FHW13069	292.125 	 66.413 	 253.780
FHW13069	292.250 	 66.004 	 253.780
FHW13069	292.375 	 66.249 	 253.639
FHW13069	292.500 	 66.413 	 253.780
FHW13069	292.625 	 66.426 	 253.779
FHW13069	292.750 	 66.302 	 253.157
FHW13069	292.875 	 66.004 	 253.780
FHW13069	293.000 	 66.414 	 253.779
FHW13069	293.125 	 66.248 	 253.638
FHW13069	293.250 	 66.413 	 253.780
FHW13069	293.375 	 66.478 	 253.300
FHW13069	293.500 	 66.004 	 253.780
FHW13069	293.625 	 66.236 	 253.639
FHW13069	293.750 	 66.426 	 253.780
FHW13069	293.875 	 66.426 	 253.780
FHW13069	294.000 	 66.236 	 253.638
FHW13069	294.125 	 66.057 	 253.301
FHW13069	294.250 	 66.426 	 253.780
FHW13069	294.375 	 66.414 	 253.779
FHW13069	294.500 	 66.248 	 253.638
FHW13069	294.625 	 66.413 	 253.780
FHW13069	294.750 	 66.057 	 253.301
FHW13069	294.875 	 66.249 	 253.638
FHW13069	295.000 	 66.413 	 253.780
FHW13069	295.125 	 66.426 	 253.780
FHW13069	295.250 	 66.004 	 253.780
FHW13069	295.375 	 66.289 	 253.156
FHW13069	295.500 	 66.426 	 253.780
FHW13069	295.625 	 66.426 	 253.780
FHW13069	295.750 	 66.235 	 253.638
FHW13069	295.875 	 66.005 	 253.779
FHW13069	296.000 	 66.426 	 253.780
FHW13069	296.125 	 66.465 	 253.301
FHW13069	296.250 	 66.249 	 253.638
FHW13069	296.375 	 66.413 	 253.780
FHW13069	296.500 	 66.004 	 253.780
FHW13069	296.625 	 66.249 	 253.639
FHW13069	296.750 	 66.478 	 253.300
FHW13069	296.875 	 66.413 	 253.780
FHW13069	297.000 	 66.425 	 253.779
FHW13069	297.125 	 65.825 	 253.639
FHW13069	297.250 	 66.414 	 253.779
FHW13069	297.375 	 66.478 	 253.301
FHW13069	297.500 	 66.236 	 253.639
FHW13069	297.625 	 66.426 	 253.779
FHW13069	297.750 	 66.004 	 253.780
FHW13069	297.875 	 66.413 	 253.780
FHW13069	298.000 	 66.249 	 253.639
FHW13069	298.125 	 66.477 	 253.299
FHW13069	298.250 	 66.413 	 253.780
FHW13069	298.375 	 66.426 	 253.780
FHW13069	298.500 	 73.657 	 254.451
FHW13069	298.625 	 73.781 	 254.577
FHW13069	298.750 	 74.103 	 254.450
FHW13069	298.875 	 73.781 	 254.579
FHW13069	299.000 	 73.780 	 254.578
FHW13069	299.125 	 73.657 	 254.450
FHW13069	299.250 	 73.781 	 254.578
FHW13069	299.375 	 74.257 	 254.120
FHW13069	299.500 	 73.657 	 254.450
FHW13069	299.625 	 73.795 	 254.578
FHW13069	299.750 	 73.780 	 254.578
FHW13069	299.875 	 73.657 	 254.450
FHW13069	300.000 	 73.781 	 254.579
FHW13069	300.125 	 74.103 	 254.450
FHW13069	300.250 	 73.781 	 254.577
FHW13069	300.375 	 73.781 	 254.579
FHW13069	300.500 	 73.657 	 254.450
FHW13069	300.625 	 73.780 	 254.578
FHW13069	300.750 	 74.225 	 254.578
FHW13069	300.875 	 73.657 	 254.450
FHW13069	301.000 	 73.780 	 254.578
FHW13069	301.125 	 73.657 	 254.450
FHW13069	301.250 	 73.829 	 254.120
FHW13069	301.375 	 73.780 	 254.578
FHW13069	301.500 	 74.103 	 254.450
FHW13069	301.625 	 73.781 	 254.579
FHW13069	301.750 	 73.781 	 254.577
FHW13069	301.875 	 73.657 	 254.450
FHW13069	302.000 	 73.781 	 254.579
FHW13069	302.125 	 74.103 	 254.450
FHW13069	302.250 	 73.780 	 254.578
FHW13069	302.375 	 73.781 	 254.578
FHW13069	302.500 	 73.657 	 254.450
FHW13069	302.625 	 73.780 	 254.578
FHW13069	302.750 	 74.224 	 254.579
FHW13069	302.875 	 73.657 	 254.449
FHW13069	303.000 	 73.794 	 254.578
FHW13069	303.125 	 73.693 	 253.990
FHW13069	303.250 	 73.780 	 254.578
FHW13069	303.375 	 73.781 	 254.577
FHW13069	303.500 	 74.104 	 254.451
FHW13069	303.625 	 73.780 	 254.578
FHW13069	303.750 	 73.780 	 254.578
FHW13069	303.875 	 73.658 	 254.450
FHW13069	304.000 	 73.780 	 254.578
FHW13069	304.125 	 74.103 	 254.450
FHW13069	304.250 	 73.781 	 254.579
FHW13069	304.375 	 73.780 	 254.578
FHW13069	304.500 	 73.670 	 254.449
FHW13069	304.625 	 73.781 	 254.579
FHW13069	304.750 	 73.780 	 254.578
FHW13069	304.875 	 74.103 	 254.450
FHW13069	305.000 	 73.816 	 254.120
FHW13069	305.125 	 73.780 	 254.578
FHW13069	305.250 	 73.657 	 254.450
FHW13069	305.375 	 73.781 	 254.579
FHW13069	305.500 	 74.103 	 254.449
FHW13069	305.625 	 73.780 	 254.578
FHW13069	305.750 	 73.781 	 254.579
FHW13069	305.875 	 73.657 	 254.450
FHW13069	306.000 	 73.794 	 254.578
FHW13069	306.125 	 73.781 	 254.577
FHW13069	306.250 	 74.104 	 254.451
FHW13069	306.375 	 73.780 	 254.578
FHW13069	306.500 	 73.657 	 254.450
FHW13069	306.625 	 73.781 	 254.578
FHW13069	306.750 	 73.780 	 254.578
FHW13069	306.875 	 74.137 	 253.989
FHW13069	307.000 	 73.781 	 254.578
FHW13069	307.125 	 73.780 	 254.578
FHW13069	307.250 	 73.657 	 254.450
FHW13069	307.375 	 73.781 	 254.579
FHW13069	307.500 	 74.103 	 254.450
FHW13069	307.625 	 73.781 	 254.577
FHW13069	307.750 	 73.795 	 254.579
FHW13069	307.875 	 73.657 	 254.450
FHW13069	308.000 	 73.780 	 254.578
FHW13069	308.125 	 73.781 	 254.579
FHW13069	308.250 	 74.103 	 254.449
FHW13069	308.375 	 73.780 	 254.578
FHW13069	308.500 	 73.657 	 254.451
FHW13069	308.625 	 73.780 	 254.578
FHW13069	308.750 	 73.781 	 254.577
FHW13069	308.875 	 74.138 	 253.990
FHW13069	309.000 	 73.780 	 254.578
FHW13069	309.125 	 73.780 	 254.578
FHW13069	309.250 	 73.658 	 254.450
FHW13069	309.375 	 73.794 	 254.578
FHW13069	309.500 	 73.657 	 254.450
FHW13069	309.625 	 74.224 	 254.579
FHW13069	309.750 	 73.781 	 254.577
FHW13069	309.875 	 73.657 	 254.450
FHW13069	310.000 	 73.781 	 254.579
FHW13069	310.125 	 73.780 	 254.578
FHW13069	310.250 	 74.103 	 254.450
FHW13069	310.375 	 73.781 	 254.578
FHW13069	310.500 	 73.780 	 254.578
FHW13069	310.625 	 73.657 	 254.450
FHW13069	310.750 	 73.816 	 254.120
FHW13069	310.875 	 73.670 	 254.450
FHW13069	311.000 	 74.210 	 254.578
FHW13069	311.125 	 73.794 	 254.578
FHW13069	311.250 	 73.657 	 254.451
FHW13069	311.375 	 73.781 	 254.577
FHW13069	311.500 	 73.780 	 254.578
FHW13069	311.625 	 74.104 	 254.451
FHW13069	311.750 	 73.780 	 254.578
FHW13069	311.875 	 73.657 	 254.449
FHW13069	312.000 	 73.781 	 254.579
FHW13069	312.125 	 73.780 	 254.578
FHW13069	312.250 	 74.103 	 254.450
FHW13069	312.375 	 73.781 	 254.579
FHW13069	312.500 	 73.781 	 254.577
FHW13069	312.625 	 73.705 	 253.989
FHW13069	312.750 	 73.781 	 254.579
FHW13069	312.875 	 73.657 	 254.449
FHW13069	313.000 	 74.224 	 254.578
FHW13069	313.125 	 73.781 	 254.579
FHW13069	313.250 	 73.657 	 254.450
FHW13069	313.375 	 73.780 	 254.578
FHW13069	313.500 	 73.781 	 254.578
FHW13069	313.625 	 74.103 	 254.450
FHW13069	313.750 	 73.780 	 254.578
FHW13069	313.875 	 73.657 	 254.451
FHW13069	314.000 	 73.780 	 254.578
FHW13069	314.125 	 73.794 	 254.577
FHW13069	314.250 	 73.657 	 254.451
FHW13069	314.375 	 74.224 	 254.578
FHW13069	314.500 	 73.815 	 254.119
FHW13069	314.625 	 73.657 	 254.451
FHW13069	314.750 	 73.780 	 254.578
FHW13069	314.875 	 73.657 	 254.449
FHW13069	315.000 	 74.224 	 254.580
FHW13069	315.125 	 73.781 	 254.577
FHW13069	315.250 	 73.656 	 254.451
FHW13069	315.375 	 73.781 	 254.578
FHW13069	315.500 	 73.781 	 254.577
FHW13069	315.625 	 73.670 	 254.451
FHW13069	315.750 	 74.211 	 254.578
FHW13069	315.875 	 73.794 	 254.579
FHW13069	316.000 	 73.657 	 254.449
FHW13069	316.125 	 73.781 	 254.577
FHW13069	316.250 	 73.657 	 254.452
FHW13069	316.375 	 74.257 	 254.119
FHW13069	316.500 	 73.781 	 254.577
FHW13069	316.625 	 73.657 	 254.452
FHW13069	316.750 	 73.781 	 254.577
FHW13069	316.875 	 73.781 	 254.577
FHW13069	317.000 	 74.104 	 254.452
FHW13069	317.125 	 73.781 	 254.577
FHW13069	317.250 	 73.656 	 254.451
FHW13069	317.375 	 76.109 	 254.703
FHW13069	317.500 	 81.261 	 254.500
FHW13069	317.625 	 80.792 	 254.502
FHW13069	317.750 	 80.806 	 254.501
FHW13069	317.875 	 80.805 	 254.500
FHW13069	318.000 	 81.248 	 254.501
FHW13069	318.125 	 80.714 	 254.828
FHW13069	318.250 	 80.792 	 254.501
FHW13069	318.375 	 80.805 	 254.500
FHW13069	318.500 	 81.248 	 254.501
FHW13069	318.625 	 80.805 	 254.501
FHW13069	318.750 	 80.806 	 254.501
FHW13069	318.875 	 80.792 	 254.501
FHW13069	319.000 	 81.175 	 254.828
FHW13069	319.125 	 80.792 	 254.501
FHW13069	319.250 	 80.805 	 254.500
FHW13069	319.375 	 80.806 	 254.501
FHW13069	319.500 	 80.791 	 254.501
FHW13069	319.625 	 81.262 	 254.501
FHW13069	319.750 	 80.791 	 254.500
FHW13069	319.875 	 80.786 	 254.949
FHW13069	320.000 	 80.735 	 254.378
FHW13069	320.125 	 81.247 	 254.500
FHW13069	320.250 	 80.806 	 254.501
FHW13069	320.375 	 80.791 	 254.500
FHW13069	320.500 	 80.806 	 254.502
FHW13069	320.625 	 81.247 	 254.500
FHW13069	320.750 	 80.786 	 254.949
FHW13069	320.875 	 80.734 	 254.377
FHW13069	321.000 	 80.792 	 254.501
FHW13069	321.125 	 81.262 	 254.501
FHW13069	321.250 	 80.791 	 254.500
FHW13069	321.375 	 80.806 	 254.502
FHW13069	321.500 	 80.805 	 254.500
FHW13069	321.625 	 80.773 	 254.949
FHW13069	321.750 	 81.194 	 254.375
FHW13069	321.875 	 80.792 	 254.502
FHW13069	322.000 	 80.805 	 254.500
FHW13069	322.125 	 80.806 	 254.501
FHW13069	322.250 	 81.248 	 254.501
FHW13069	322.375 	 80.786 	 254.949
FHW13069	322.500 	 80.792 	 254.501
FHW13069	322.625 	 80.805 	 254.500
FHW13069	322.750 	 81.180 	 254.378
FHW13069	322.875 	 80.805 	 254.500
FHW13069	323.000 	 80.806 	 254.501
FHW13069	323.125 	 80.791 	 254.500
FHW13069	323.250 	 81.243 	 254.950
FHW13069	323.375 	 80.792 	 254.501
FHW13069	323.500 	 80.805 	 254.500
FHW13069	323.625 	 80.735 	 254.376
FHW13069	323.750 	 81.247 	 254.501
FHW13069	323.875 	 80.806 	 254.501
FHW13069	324.000 	 80.791 	 254.500
FHW13069	324.125 	 80.786 	 254.950
FHW13069	324.250 	 80.806 	 254.501
FHW13069	324.375 	 81.247 	 254.500
FHW13069	324.500 	 80.806 	 254.501
FHW13069	324.625 	 80.720 	 254.377
FHW13069	324.750 	 80.806 	 254.501
FHW13069	324.875 	 81.247 	 254.500
FHW13069	325.000 	 80.786 	 254.949
FHW13069	325.125 	 80.805 	 254.501
FHW13069	325.250 	 80.792 	 254.501
FHW13069	325.375 	 81.262 	 254.501
FHW13069	325.500 	 80.720 	 254.375
FHW13069	325.625 	 80.806 	 254.502
FHW13069	325.750 	 80.786 	 254.948
FHW13069	325.875 	 81.248 	 254.501
FHW13069	326.000 	 80.805 	 254.501
FHW13069	326.125 	 80.792 	 254.501
FHW13069	326.250 	 80.805 	 254.500
FHW13069	326.375 	 80.792 	 254.501
FHW13069	326.500 	 81.194 	 254.378
FHW13069	326.625 	 80.786 	 254.948
FHW13069	326.750 	 80.792 	 254.501
FHW13069	326.875 	 80.805 	 254.500
FHW13069	327.000 	 81.248 	 254.502
FHW13069	327.125 	 80.805 	 254.500
FHW13069	327.250 	 80.806 	 254.501
FHW13069	327.375 	 80.720 	 254.375
FHW13069	327.500 	 81.243 	 254.950
FHW13069	327.625 	 80.792 	 254.501
FHW13069	327.750 	 80.805 	 254.500
FHW13069	327.875 	 80.792 	 254.502
FHW13069	328.000 	 81.261 	 254.500
FHW13069	328.125 	 80.806 	 254.501
FHW13069	328.250 	 80.720 	 254.375
FHW13069	328.375 	 80.786 	 254.950
FHW13069	328.500 	 80.791 	 254.500
FHW13069	328.625 	 81.262 	 254.501
FHW13069	328.750 	 80.792 	 254.502
FHW13069	328.875 	 80.805 	 254.500
FHW13069	329.000 	 80.806 	 254.501
FHW13069	329.125 	 81.247 	 254.500
FHW13069	329.250 	 80.715 	 254.829
FHW13069	329.375 	 80.791 	 254.500
FHW13069	329.500 	 80.806 	 254.501
FHW13069	329.625 	 81.262 	 254.501
FHW13069	329.750 	 80.791 	 254.501
FHW13069	329.875 	 80.806 	 254.501
FHW13069	330.000 	 80.772 	 254.948
FHW13069	330.125 	 81.194 	 254.378
FHW13069	330.250 	 80.791 	 254.500
FHW13069	330.375 	 80.806 	 254.501
FHW13069	330.500 	 80.805 	 254.500
FHW13069	330.625 	 80.792 	 254.502
FHW13069	330.750 	 81.262 	 254.501
FHW13069	330.875 	 80.772 	 254.948
FHW13069	331.000 	 80.806 	 254.501
FHW13069	331.125 	 80.734 	 254.377
FHW13069	331.250 	 81.248 	 254.501
FHW13069	331.375 	 80.805 	 254.500
FHW13069	331.500 	 80.792 	 254.501
FHW13069	331.625 	 80.805 	 254.501
FHW13069	331.750 	 81.229 	 254.949
FHW13069	331.875 	 80.806 	 254.501
FHW13069	332.000 	 80.734 	 254.377
FHW13069	332.125 	 80.792 	 254.501
FHW13069	332.250 	 81.261 	 254.500
FHW13069	332.375 	 80.792 	 254.501
FHW13069	332.500 	 80.805 	 254.501
FHW13069	332.625 	 80.786 	 254.949
FHW13069	332.750 	 80.792 	 254.501
FHW13069	332.875 	 81.194 	 254.375
FHW13069	333.000 	 80.792 	 254.502
FHW13069	333.125 	 80.805 	 254.500
FHW13069	333.250 	 80.806 	 254.501
FHW13069	333.375 	 81.247 	 254.500
FHW13069	333.500 	 80.786 	 254.950
FHW13069	333.625 	 80.791 	 254.500
FHW13069	333.750 	 80.806 	 254.501
FHW13069	333.875 	 81.180 	 254.377
FHW13069	334.000 	 80.806 	 254.501
FHW13069	334.125 	 80.806 	 254.501
FHW13069	334.250 	 80.772 	 254.948
FHW13069	334.375 	 81.262 	 254.502
FHW13069	334.500 	 80.791 	 254.500
FHW13069	334.625 	 80.806 	 254.501
FHW13069	334.750 	 80.734 	 254.375
FHW13069	334.875 	 80.792 	 254.502
FHW13069	335.000 	 81.262 	 254.501
FHW13069	335.125 	 80.772 	 254.948
FHW13069	335.250 	 80.806 	 254.502
FHW13069	335.375 	 80.805 	 254.500
FHW13069	335.500 	 81.248 	 254.501
FHW13069	335.625 	 80.805 	 254.500
FHW13069	335.750 	 80.721 	 254.378
FHW13069	335.875 	 80.805 	 254.500
FHW13069	336.000 	 81.229 	 254.949
FHW13069	336.125 	 80.806 	 254.501
FHW13069	336.250 	 80.805 	 254.501
FHW13069	336.375 	 84.004 	 254.055
FHW13069	336.500 	 85.862 	 254.623
FHW13069	336.625 	 85.412 	 254.181
FHW13069	336.750 	 85.872 	 254.181
FHW13069	336.875 	 85.401 	 254.623
FHW13069	337.000 	 85.885 	 254.182
FHW13069	337.125 	 85.412 	 254.182
FHW13069	337.250 	 85.871 	 254.180
FHW13069	337.375 	 85.401 	 254.623
FHW13069	337.500 	 85.872 	 254.182
FHW13069	337.625 	 85.425 	 254.180
FHW13069	337.750 	 85.862 	 254.624
FHW13069	337.875 	 85.412 	 254.182
FHW13069	338.000 	 85.871 	 254.180
FHW13069	338.125 	 85.425 	 254.180
FHW13069	338.250 	 85.863 	 254.625
FHW13069	338.375 	 85.411 	 254.180
FHW13069	338.500 	 85.871 	 254.180
FHW13069	338.625 	 85.402 	 254.626
FHW13069	338.750 	 85.871 	 254.180
FHW13069	338.875 	 85.425 	 254.180
FHW13069	339.000 	 85.872 	 254.182
FHW13069	339.125 	 85.401 	 254.623
FHW13069	339.250 	 85.411 	 254.180
FHW13069	339.375 	 85.886 	 254.182
FHW13069	339.500 	 85.401 	 254.624
FHW13069	339.625 	 85.871 	 254.180
FHW13069	339.750 	 85.411 	 254.180
FHW13069	339.875 	 85.872 	 254.182
FHW13069	340.000 	 85.415 	 254.623
FHW13069	340.125 	 85.871 	 254.180
FHW13069	340.250 	 85.412 	 254.182
FHW13069	340.375 	 85.862 	 254.624
FHW13069	340.500 	 85.425 	 254.180
FHW13069	340.625 	 85.872 	 254.182
FHW13069	340.750 	 85.411 	 254.180
FHW13069	340.875 	 85.862 	 254.623
FHW13069	341.000 	 85.412 	 254.182
FHW13069	341.125 	 85.871 	 254.180
FHW13069	341.250 	 85.415 	 254.624
FHW13069	341.375 	 85.872 	 254.182
FHW13069	341.500 	 85.411 	 254.180
FHW13069	341.625 	 85.871 	 254.180
FHW13069	341.750 	 85.416 	 254.625
FHW13069	341.875 	 85.871 	 254.180
FHW13069	342.000 	 85.411 	 254.180
FHW13069	342.125 	 85.863 	 254.626
FHW13069	342.250 	 85.411 	 254.180
FHW13069	342.375 	 85.871 	 254.180
FHW13069	342.500 	 85.426 	 254.182
FHW13069	342.625 	 85.862 	 254.623
FHW13069	342.750 	 85.411 	 254.180
FHW13069	342.875 	 85.871 	 254.180
FHW13069	343.000 	 85.416 	 254.626
FHW13069	343.125 	 85.871 	 254.180
FHW13069	343.250 	 85.411 	 254.180
FHW13069	343.375 	 85.872 	 254.182
FHW13069	343.500 	 85.401 	 254.623
FHW13069	343.625 	 85.871 	 254.180
FHW13069	343.750 	 85.426 	 254.182
FHW13069	343.875 	 85.401 	 254.624
FHW13069	344.000 	 85.871 	 254.180
FHW13069	344.125 	 85.426 	 254.182
FHW13069	344.250 	 85.871 	 254.180
FHW13069	344.375 	 85.401 	 254.623
FHW13069	344.500 	 85.872 	 254.182
FHW13069	344.625 	 85.411 	 254.180
FHW13069	344.750 	 86.324 	 254.624
FHW13069	344.875 	 86.332 	 254.182
FHW13069	345.000 	 86.786 	 254.623
FHW13069	345.125 	 86.332 	 254.180
FHW13069	345.250 	 86.797 	 254.745
FHW13069	345.375 	 86.332 	 254.180
FHW13069	345.500 	 86.786 	 254.626
FHW13069	345.625 	 86.332 	 254.180
FHW13069	345.750 	 86.772 	 254.623
FHW13069	345.875 	 86.360 	 254.305
FHW13069	346.000 	 86.786 	 254.625
FHW13069	346.125 	 86.318 	 254.180
FHW13069	346.250 	 86.786 	 254.624
FHW13069	346.375 	 86.332 	 254.182
FHW13069	346.500 	 86.786 	 254.623
FHW13069	346.625 	 86.346 	 254.305
FHW13069	346.750 	 86.324 	 254.623
FHW13069	346.875 	 86.793 	 254.182
FHW13069	347.000 	 86.324 	 254.625
FHW13069	347.125 	 86.779 	 254.180
FHW13069	347.250 	 86.352 	 254.745
FHW13069	347.375 	 86.793 	 254.180
FHW13069	347.500 	 86.324 	 254.624
FHW13069	347.625 	 86.779 	 254.182
FHW13069	347.750 	 86.324 	 254.623
FHW13069	347.875 	 86.818 	 254.305
FHW13069	348.000 	 86.324 	 254.623
FHW13069	348.125 	 86.779 	 254.182
FHW13069	348.250 	 86.324 	 254.624
FHW13069	348.375 	 86.793 	 254.180
FHW13069	348.500 	 86.352 	 254.745
FHW13069	348.625 	 86.779 	 254.180
FHW13069	348.750 	 86.324 	 254.625
FHW13069	348.875 	 86.332 	 254.180
FHW13069	349.000 	 86.786 	 254.624
FHW13069	349.125 	 86.346 	 254.305
FHW13069	349.250 	 86.786 	 254.625
FHW13069	349.375 	 86.332 	 254.180
FHW13069	349.500 	 86.786 	 254.623
FHW13069	349.625 	 86.318 	 254.182
FHW13069	349.750 	 86.810 	 254.745
FHW13069	349.875 	 86.324 	 254.625
FHW13069	350.000 	 86.793 	 254.180
FHW13069	350.125 	 86.310 	 254.623
FHW13069	350.250 	 86.793 	 254.182
FHW13069	350.375 	 86.324 	 254.624
FHW13069	350.500 	 86.360 	 254.305
FHW13069	350.625 	 86.772 	 254.623
FHW13069	350.750 	 86.332 	 254.180
FHW13069	350.875 	 86.786 	 254.625
FHW13069	351.000 	 86.332 	 254.180
FHW13069	351.125 	 86.797 	 254.746
FHW13069	351.250 	 86.332 	 254.180
FHW13069	351.375 	 86.786 	 254.625
FHW13069	351.500 	 86.332 	 254.180
FHW13069	351.625 	 86.772 	 254.623
FHW13069	351.750 	 86.360 	 254.305
FHW13069	351.875 	 86.786 	 254.624
FHW13069	352.000 	 86.332 	 254.182
FHW13069	352.125 	 86.779 	 254.180
FHW13069	352.250 	 87.254 	 254.180
FHW13069	352.375 	 86.779 	 254.182
FHW13069	352.500 	 86.811 	 254.745
FHW13069	352.625 	 86.779 	 254.182
FHW13069	352.750 	 86.793 	 254.180
FHW13069	352.875 	 87.241 	 254.182
FHW13069	353.000 	 86.793 	 254.180
FHW13069	353.125 	 86.793 	 254.180
FHW13069	353.250 	 86.779 	 254.180
FHW13069	353.375 	 87.255 	 254.182
FHW13069	353.500 	 86.804 	 254.305
FHW13069	353.625 	 86.786 	 254.623
FHW13069	353.750 	 86.793 	 254.182
FHW13069	353.875 	 87.241 	 254.182
FHW13069	354.000 	 86.793 	 254.180
FHW13069	354.125 	 86.779 	 254.180
FHW13069	354.250 	 86.793 	 254.182
FHW13069	354.375 	 86.793 	 254.180
FHW13069	354.500 	 87.261 	 254.305
FHW13069	354.625 	 86.793 	 254.180
FHW13069	354.750 	 86.772 	 254.624
FHW13069	354.875 	 86.793 	 254.182
FHW13069	355.000 	 87.240 	 254.180
FHW13069	355.125 	 86.793 	 254.180
FHW13069	355.250 	 86.779 	 254.182
FHW13069	355.375 	 86.793 	 254.180
FHW13069	355.500 	 87.261 	 254.305
FHW13069	355.625 	 86.793 	 254.180
FHW13069	355.750 	 86.793 	 254.180
FHW13069	355.875 	 86.772 	 254.626
FHW13069	356.000 	 86.793 	 254.180
FHW13069	356.125 	 87.240 	 254.180
FHW13069	356.250 	 86.793 	 254.182
FHW13069	356.375 	 86.793 	 254.180
FHW13069	356.500 	 86.804 	 254.305
FHW13069	356.625 	 87.254 	 254.180
FHW13069	356.750 	 86.779 	 254.182
FHW13069	356.875 	 86.793 	 254.180
FHW13069	357.000 	 86.772 	 254.624
FHW13069	357.125 	 87.255 	 254.182
FHW13069	357.250 	 86.779 	 254.180
FHW13069	357.375 	 86.793 	 254.180
FHW13069	357.500 	 86.818 	 254.305
FHW13069	357.625 	 86.779 	 254.180
FHW13069	357.750 	 87.255 	 254.182
FHW13069	357.875 	 86.779 	 254.180
FHW13069	358.000 	 86.793 	 254.182
FHW13069	358.125 	 86.786 	 254.625
FHW13069	358.250 	 87.240 	 254.180
FHW13069	358.375 	 86.793 	 254.180
FHW13069	358.500 	 86.804 	 254.305
FHW13069	358.625 	 86.793 	 254.180
FHW13069	358.750 	 86.793 	 254.182
FHW13069	358.875 	 87.240 	 254.180
FHW13069	359.000 	 86.793 	 254.182
FHW13069	359.125 	 86.779 	 254.182
FHW13069	359.250 	 86.793 	 254.180
FHW13069	359.375 	 87.234 	 254.623
FHW13069	359.500 	 86.818 	 254.305
FHW13069	359.625 	 86.779 	 254.182
FHW13069	359.750 	 86.793 	 254.180
FHW13069	359.875 	 87.240 	 254.180
FHW13069	360.000 	 86.793 	 254.184
FHW13069	360.125 	 86.793 	 254.180
FHW13069	360.250 	 86.779 	 254.180
FHW13069	360.375 	 86.818 	 254.305
FHW13069	360.500 	 87.234 	 254.623
FHW13069	360.625 	 86.793 	 254.182
FHW13069	360.750 	 86.793 	 254.180
FHW13069	360.875 	 86.779 	 254.180
FHW13069	361.000 	 87.255 	 254.182
FHW13069	361.125 	 86.779 	 254.182
FHW13069	361.250 	 86.793 	 254.180
FHW13069	361.375 	 86.804 	 254.305
FHW13069	361.500 	 87.254 	 254.180
FHW13069	361.625 	 86.772 	 254.625
FHW13069	361.750 	 86.793 	 254.180
FHW13069	361.875 	 86.793 	 254.180
FHW13069	362.000 	 86.779 	 254.182
FHW13069	362.125 	 87.254 	 254.182
FHW13069	362.250 	 86.779 	 254.180
FHW13069	362.375 	 86.818 	 254.305
FHW13069	362.500 	 86.793 	 254.182
FHW13069	362.625 	 87.240 	 254.180
FHW13069	362.750 	 86.786 	 254.623
FHW13069	362.875 	 86.779 	 254.180
FHW13069	363.000 	 86.793 	 254.182
FHW13069	363.125 	 87.240 	 254.182
FHW13069	363.250 	 86.793 	 254.180
FHW13069	363.375 	 86.818 	 254.305
FHW13069	363.500 	 86.779 	 254.182
FHW13069	363.625 	 86.793 	 254.180
FHW13069	363.750 	 87.240 	 254.180
FHW13069	363.875 	 86.786 	 254.625
FHW13069	364.000 	 87.240 	 254.180
FHW13069	364.125 	 87.707 	 253.739
FHW13069	364.250 	 87.702 	 254.182
FHW13069	364.375 	 87.275 	 254.305
FHW13069	364.500 	 87.702 	 254.182
FHW13069	364.625 	 87.702 	 254.180
FHW13069	364.750 	 87.707 	 253.739
FHW13069	364.875 	 87.716 	 254.182
FHW13069	365.000 	 87.702 	 254.180
FHW13069	365.125 	 87.702 	 254.180
FHW13069	365.250 	 87.702 	 254.182
FHW13069	365.375 	 87.724 	 253.866
FHW13069	365.500 	 87.702 	 254.182
FHW13069	365.625 	 87.702 	 254.180
FHW13069	365.750 	 87.716 	 254.180
FHW13069	365.875 	 87.702 	 254.184
FHW13069	366.000 	 87.707 	 253.738
FHW13069	366.125 	 87.240 	 254.182
FHW13069	366.250 	 87.716 	 254.182
FHW13069	366.375 	 87.720 	 254.305
FHW13069	366.500 	 87.702 	 254.180
FHW13069	366.625 	 87.707 	 253.739
FHW13069	366.750 	 87.702 	 254.182
FHW13069	366.875 	 87.702 	 254.180
FHW13069	367.000 	 87.702 	 254.180
FHW13069	367.125 	 87.716 	 254.182
FHW13069	367.250 	 87.707 	 253.739
FHW13069	367.375 	 87.702 	 254.180
FHW13069	367.500 	 87.720 	 254.305
FHW13069	367.625 	 87.702 	 254.182
FHW13069	367.750 	 87.702 	 254.182
FHW13069	367.875 	 87.254 	 254.180
FHW13069	368.000 	 87.707 	 253.739
FHW13069	368.125 	 87.702 	 254.182
FHW13069	368.250 	 87.702 	 254.180
FHW13069	368.375 	 87.702 	 254.180
FHW13069	368.500 	 87.734 	 254.305
FHW13069	368.625 	 87.707 	 253.739
FHW13069	368.750 	 87.702 	 254.182
FHW13069	368.875 	 87.702 	 254.180
FHW13069	369.000 	 87.702 	 254.180
FHW13069	369.125 	 87.702 	 254.184
FHW13069	369.250 	 87.721 	 253.738
FHW13069	369.375 	 87.702 	 254.182
FHW13069	369.500 	 87.720 	 254.305
FHW13069	369.625 	 87.241 	 254.182
FHW13069	369.750 	 87.702 	 254.180
FHW13069	369.875 	 87.721 	 253.739
FHW13069	370.000 	 87.702 	 254.180
FHW13069	370.125 	 87.702 	 254.182
FHW13069	370.250 	 87.702 	 254.180
FHW13069	370.375 	 87.702 	 254.180
FHW13069	370.500 	 87.725 	 253.867
FHW13069	370.625 	 87.716 	 254.182
FHW13069	370.750 	 87.702 	 254.180
FHW13069	370.875 	 87.702 	 254.182
FHW13069	371.000 	 87.702 	 254.182
FHW13069	371.125 	 87.707 	 253.739
FHW13069	371.250 	 87.702 	 254.180
FHW13069	371.375 	 87.255 	 254.182
FHW13069	371.500 	 87.719 	 254.303
FHW13069	371.625 	 87.702 	 254.182
FHW13069	371.750 	 87.707 	 253.739
FHW13069	371.875 	 87.702 	 254.180
FHW13069	372.000 	 87.716 	 254.182
FHW13069	372.125 	 87.702 	 254.180
FHW13069	372.250 	 87.702 	 254.180
FHW13069	372.375 	 87.707 	 253.741
FHW13069	372.500 	 87.702 	 254.180
FHW13069	372.625 	 87.720 	 254.307
FHW13069	372.750 	 87.716 	 254.180
FHW13069	372.875 	 87.702 	 254.180
FHW13069	373.000 	 87.702 	 254.182
FHW13069	373.125 	 87.246 	 253.739
FHW13069	373.250 	 87.702 	 254.180
FHW13069	373.375 	 87.716 	 254.182
FHW13069	373.500 	 87.702 	 254.180
FHW13069	373.625 	 87.720 	 254.305
FHW13069	373.750 	 87.707 	 253.739
FHW13069	373.875 	 87.702 	 254.182
FHW13069	374.000 	 87.702 	 254.180
FHW13069	374.125 	 87.716 	 254.182
FHW13069	374.250 	 87.702 	 254.180
FHW13069	374.375 	 87.707 	 253.741
FHW13069	374.500 	 87.702 	 254.180
FHW13069	374.625 	 87.720 	 254.305
FHW13069	374.750 	 87.702 	 254.180
FHW13069	374.875 	 87.255 	 254.182
FHW13069	375.000 	 87.707 	 253.739
FHW13069	375.125 	 87.702 	 254.180
FHW13069	375.250 	 87.702 	 254.182
FHW13069	375.375 	 87.702 	 254.180
FHW13069	375.500 	 87.716 	 254.180
FHW13069	375.625 	 87.725 	 253.867
FHW13069	375.750 	 87.702 	 254.180
FHW13069	375.875 	 87.702 	 254.184
FHW13069	376.000 	 87.702 	 254.180
FHW13069	376.125 	 87.702 	 254.180
FHW13069	376.250 	 87.707 	 253.741
FHW13069	376.375 	 87.716 	 254.180
FHW13069	376.500 	 87.702 	 254.180
FHW13069	376.625 	 87.720 	 254.305
FHW13069	376.750 	 87.241 	 254.182
FHW13069	376.875 	 87.707 	 253.739
FHW13069	377.000 	 87.716 	 254.180
FHW13069	377.125 	 87.702 	 254.180
FHW13069	377.250 	 87.702 	 254.182
FHW13069	377.375 	 87.702 	 254.182
FHW13069	377.500 	 87.707 	 253.738
FHW13069	377.625 	 87.702 	 254.184
FHW13069	377.750 	 87.734 	 254.305
FHW13069	377.875 	 87.702 	 254.180
FHW13069	378.000 	 87.702 	 254.180
FHW13069	378.125 	 87.702 	 254.182
FHW13069	378.250 	 87.707 	 253.739
FHW13069	378.375 	 87.702 	 254.180
FHW13069	378.500 	 87.255 	 254.182
FHW13069	378.625 	 87.702 	 254.180
FHW13069	378.750 	 87.720 	 254.305
FHW13069	378.875 	 87.707 	 253.739
FHW13069	379.000 	 87.702 	 254.180
FHW13069	379.125 	 87.716 	 254.184
FHW13069	379.250 	 87.702 	 254.180
FHW13069	379.375 	 87.702 	 254.180
FHW13069	379.500 	 87.707 	 253.741
FHW13069	379.625 	 87.702 	 254.180
FHW13069	379.750 	 87.720 	 254.305
FHW13069	379.875 	 87.716 	 254.180
FHW13069	380.000 	 87.702 	 254.180
FHW13069	380.125 	 87.707 	 253.741
FHW13069	380.250 	 87.240 	 254.180
FHW13069	380.375 	 87.702 	 254.180
FHW13069	380.500 	 87.716 	 254.182
FHW13069	380.625 	 87.702 	 254.180
FHW13069	380.750 	 87.725 	 253.867
FHW13069	380.875 	 87.702 	 254.182
FHW13069	381.000 	 87.702 	 254.182
FHW13069	381.125 	 87.702 	 254.180
FHW13069	381.250 	 87.716 	 254.180
FHW13069	381.375 	 87.707 	 253.739
FHW13069	381.500 	 87.702 	 254.182
FHW13069	381.625 	 87.702 	 254.180
FHW13069	381.750 	 87.720 	 254.305
FHW13069	381.875 	 88.626 	 254.180
FHW13069	382.000 	 89.538 	 253.741
FHW13069	382.125 	 89.537 	 254.180
FHW13069	382.250 	 89.551 	 254.180
FHW13069	382.375 	 89.541 	 254.307
FHW13069	382.500 	 89.537 	 254.180
FHW13069	382.625 	 89.538 	 253.741
FHW13069	382.750 	 89.551 	 254.180
FHW13069	382.875 	 89.537 	 254.180
FHW13069	383.000 	 89.541 	 254.305
FHW13069	383.125 	 89.075 	 254.182
FHW13069	383.250 	 89.552 	 253.739
FHW13069	383.375 	 89.537 	 254.180
FHW13069	383.500 	 89.541 	 254.305
FHW13069	383.625 	 89.537 	 254.180
FHW13069	383.750 	 89.551 	 254.182
FHW13069	383.875 	 89.538 	 253.739
FHW13069	384.000 	 89.537 	 254.180
FHW13069	384.125 	 89.541 	 254.307
FHW13069	384.250 	 89.551 	 254.182
FHW13069	384.375 	 89.537 	 254.180
FHW13069	384.500 	 89.538 	 253.739
FHW13069	384.625 	 89.537 	 254.180
FHW13069	384.750 	 89.541 	 254.305
FHW13069	384.875 	 89.551 	 254.182
FHW13069	385.000 	 89.537 	 254.180
FHW13069	385.125 	 89.538 	 253.739
FHW13069	385.250 	 89.541 	 254.305
FHW13069	385.375 	 89.551 	 254.180
FHW13069	385.500 	 89.537 	 254.182
FHW13069	385.625 	 89.537 	 254.182
FHW13069	385.750 	 89.538 	 253.738
FHW13069	385.875 	 89.096 	 254.307
FHW13069	386.000 	 89.537 	 254.182
FHW13069	386.125 	 89.537 	 254.180
FHW13069	386.250 	 89.537 	 254.180
FHW13069	386.375 	 89.552 	 253.741
FHW13069	386.500 	 89.541 	 254.303
FHW13069	386.625 	 89.537 	 254.182
FHW13069	386.750 	 89.537 	 254.180
FHW13069	386.875 	 89.551 	 254.180
FHW13069	387.000 	 89.542 	 253.867
FHW13069	387.125 	 89.537 	 254.182
FHW13069	387.250 	 89.537 	 254.180
FHW13069	387.375 	 89.551 	 254.182
FHW13069	387.500 	 89.537 	 254.182
FHW13069	387.625 	 89.542 	 253.866
FHW13069	387.750 	 89.537 	 254.182
FHW13069	387.875 	 89.537 	 254.180
FHW13069	388.000 	 89.551 	 254.180
FHW13069	388.125 	 89.541 	 254.305
FHW13069	388.250 	 89.538 	 253.741
FHW13069	388.375 	 89.089 	 254.180
FHW13069	388.500 	 89.537 	 254.180
FHW13069	388.625 	 89.537 	 254.180
FHW13069	388.750 	 89.541 	 254.305
FHW13069	388.875 	 89.551 	 254.182
FHW13069	389.000 	 89.538 	 253.739
FHW13069	389.125 	 89.537 	 254.182
FHW13069	389.250 	 89.537 	 254.182
FHW13069	389.375 	 89.555 	 254.303
FHW13069	389.500 	 89.537 	 254.182
FHW13069	389.625 	 89.538 	 253.739
FHW13069	389.750 	 89.537 	 254.180
FHW13069	389.875 	 89.541 	 254.305
FHW13069	390.000 	 89.551 	 254.182
FHW13069	390.125 	 89.537 	 254.180
FHW13069	390.250 	 89.538 	 253.739
FHW13069	390.375 	 89.537 	 254.182
FHW13069	390.500 	 89.555 	 254.303
FHW13069	390.625 	 89.537 	 254.184
FHW13069	390.750 	 89.537 	 254.180
FHW13069	390.875 	 89.538 	 253.739
FHW13069	391.000 	 89.555 	 254.305
FHW13069	391.125 	 89.075 	 254.182
FHW13069	391.250 	 89.537 	 254.180
FHW13069	391.375 	 89.537 	 254.180
FHW13069	391.500 	 89.552 	 253.741
FHW13069	391.625 	 89.541 	 254.303
FHW13069	391.750 	 89.537 	 254.182
FHW13069	391.875 	 89.537 	 254.180
FHW13069	392.000 	 89.551 	 254.180
FHW13069	392.125 	 89.538 	 253.741
FHW13069	392.250 	 89.541 	 254.305
FHW13069	392.375 	 89.537 	 254.182
FHW13069	392.500 	 89.551 	 254.180
FHW13069	392.625 	 89.537 	 254.180
FHW13069	392.750 	 89.542 	 253.867
FHW13069	392.875 	 89.537 	 254.182
FHW13069	393.000 	 89.537 	 254.180
FHW13069	393.125 	 89.551 	 254.180
FHW13069	393.250 	 89.537 	 254.182
FHW13069	393.375 	 89.542 	 253.866
FHW13069	393.500 	 89.537 	 254.182
FHW13069	393.625 	 89.551 	 254.180
FHW13069	393.750 	 89.075 	 254.180
FHW13069	393.875 	 89.537 	 254.182
FHW13069	394.000 	 89.556 	 253.867
FHW13069	394.125 	 89.537 	 254.182
FHW13069	394.250 	 89.537 	 254.180
FHW13069	394.375 	 89.537 	 254.182
FHW13069	394.500 	 89.541 	 254.303
FHW13069	394.625 	 89.552 	 253.741
FHW13069	394.750 	 89.537 	 254.180
FHW13069	394.875 	 89.537 	 254.180
FHW13069	395.000 	 89.537 	 254.182
FHW13069	395.125 	 89.555 	 254.305
FHW13069	395.250 	 89.538 	 253.739
FHW13069	395.375 	 89.537 	 254.180
FHW13069	395.500 	 89.537 	 254.182
FHW13069	395.625 	 89.555 	 254.305
FHW13069	395.750 	 89.537 	 254.182
FHW13069	395.875 	 89.538 	 253.739
FHW13069	396.000 	 89.537 	 254.180
FHW13069	396.125 	 89.551 	 254.182
FHW13069	396.250 	 89.541 	 254.305
FHW13069	396.375 	 89.075 	 254.180
FHW13069	396.500 	 89.538 	 253.739
FHW13069	396.625 	 89.551 	 254.180
FHW13069	396.750 	 89.537 	 254.182
FHW13069	396.875 	 89.541 	 254.305
FHW13069	397.000 	 89.537 	 254.180
FHW13069	397.125 	 89.552 	 253.739
FHW13069	397.250 	 89.537 	 254.182
FHW13069	397.375 	 89.541 	 254.305
FHW13069	397.500 	 89.537 	 254.182
FHW13069	397.625 	 89.551 	 254.180
FHW13069	397.750 	 89.538 	 253.739
FHW13069	397.875 	 89.537 	 254.182
FHW13069	398.000 	 89.541 	 254.305
FHW13069	398.125 	 89.537 	 254.180
FHW13069	398.250 	 89.551 	 254.180
FHW13069	398.375 	 89.538 	 253.741
FHW13069	398.500 	 89.541 	 254.303
FHW13069	398.625 	 89.537 	 254.182
FHW13069	398.750 	 89.551 	 254.180
FHW13069	398.875 	 89.537 	 254.182
FHW13069	399.000 	 89.538 	 253.740
FHW13069	399.125 	 89.096 	 254.307
FHW13069	399.250 	 89.537 	 254.180
FHW13069	399.375 	 89.537 	 254.180
FHW13069	399.500 	 89.537 	 254.182
FHW13069	399.625 	 89.538 	 253.739
FHW13069	399.750 	 89.555 	 254.305
FHW13069	399.875 	 89.537 	 254.180
FHW13069	400.000 	 89.537 	 254.180
FHW13069	400.125 	 89.537 	 254.182
FHW13069	400.250 	 89.556 	 253.866
FHW13069	400.375 	 89.537 	 254.182
FHW13069	400.500 	 89.537 	 254.180
FHW13069	400.625 	 90.462 	 253.739
FHW13069	400.750 	 90.000 	 253.741
FHW13069	400.875 	 90.462 	 253.739
FHW13069	401.000 	 90.000 	 253.739
FHW13069	401.125 	 90.000 	 253.741
FHW13069	401.250 	 90.448 	 253.739
FHW13069	401.375 	 90.000 	 253.300
FHW13069	401.500 	 90.462 	 253.741
FHW13069	401.625 	 90.000 	 253.739
FHW13069	401.750 	 90.462 	 253.739
FHW13069	401.875 	 90.000 	 253.741
FHW13069	402.000 	 90.000 	 253.739
FHW13069	402.125 	 90.462 	 253.739
FHW13069	402.250 	 90.000 	 253.741
FHW13069	402.375 	 90.448 	 253.739
FHW13069	402.500 	 90.000 	 253.739
FHW13069	402.625 	 90.462 	 253.741
FHW13069	402.750 	 90.000 	 253.739
FHW13069	402.875 	 90.000 	 253.739
FHW13069	403.000 	 90.462 	 253.740
FHW13069	403.125 	 90.000 	 253.739
FHW13069	403.250 	 90.462 	 253.739
FHW13069	403.375 	 90.000 	 253.739
FHW13069	403.500 	 90.000 	 253.741
FHW13069	403.625 	 90.462 	 253.739
FHW13069	403.750 	 90.000 	 253.739
FHW13069	403.875 	 90.448 	 253.741
FHW13069	404.000 	 90.000 	 253.611
FHW13069	404.125 	 90.462 	 253.739
FHW13069	404.250 	 90.000 	 253.739
FHW13069	404.375 	 90.000 	 253.741
FHW13069	404.500 	 90.461 	 253.300
FHW13069	404.625 	 90.000 	 253.739
FHW13069	404.750 	 90.462 	 253.739
FHW13069	404.875 	 90.000 	 253.741
FHW13069	405.000 	 90.448 	 253.739
FHW13069	405.125 	 90.000 	 253.739
FHW13069	405.250 	 90.000 	 253.741
FHW13069	405.375 	 90.462 	 253.739
FHW13069	405.500 	 90.000 	 253.739
FHW13069	405.625 	 90.462 	 253.740
FHW13069	405.750 	 90.000 	 253.739
FHW13069	405.875 	 90.462 	 253.739
FHW13069	406.000 	 90.000 	 253.741
FHW13069	406.125 	 90.000 	 253.739
FHW13069	406.250 	 90.448 	 253.739
FHW13069	406.375 	 90.000 	 253.741
FHW13069	406.500 	 90.462 	 253.739
FHW13069	406.625 	 90.000 	 253.739
FHW13069	406.750 	 90.462 	 253.741
FHW13069	406.875 	 90.000 	 253.739
FHW13069	407.000 	 90.000 	 253.739
FHW13069	407.125 	 90.462 	 253.741
FHW13069	407.250 	 90.000 	 253.739
FHW13069	407.375 	 90.462 	 253.739
FHW13069	407.500 	 90.000 	 253.741
FHW13069	407.625 	 90.447 	 253.300
FHW13069	407.750 	 90.000 	 253.739
FHW13069	407.875 	 90.000 	 253.739
FHW13069	408.000 	 90.462 	 253.741
FHW13069	408.125 	 90.000 	 253.739
FHW13069	408.250 	 90.462 	 253.739
FHW13069	408.375 	 90.000 	 253.740
FHW13069	408.500 	 90.000 	 253.739
FHW13069	408.625 	 90.462 	 253.739
FHW13069	408.750 	 90.000 	 253.741
FHW13069	408.875 	 90.448 	 253.739
FHW13069	409.000 	 90.000 	 253.739
FHW13069	409.125 	 90.462 	 253.741
FHW13069	409.250 	 90.000 	 253.739
FHW13069	409.375 	 90.000 	 253.739
FHW13069	409.500 	 90.462 	 253.741
FHW13069	409.625 	 90.000 	 253.739
FHW13069	409.750 	 90.462 	 253.739
FHW13069	409.875 	 90.000 	 253.741
FHW13069	410.000 	 90.448 	 253.739
FHW13069	410.125 	 90.000 	 253.739
FHW13069	410.250 	 90.000 	 253.741
FHW13069	410.375 	 90.462 	 253.739
FHW13069	410.500 	 90.000 	 253.739
FHW13069	410.625 	 90.461 	 253.302
FHW13069	410.750 	 90.000 	 253.739
FHW13069	410.875 	 90.462 	 253.739
FHW13069	411.000 	 90.000 	 253.738
FHW13069	411.125 	 90.000 	 253.741
FHW13069	411.250 	 90.462 	 253.739
FHW13069	411.375 	 90.000 	 253.739
FHW13069	411.500 	 90.448 	 253.741
FHW13069	411.625 	 90.000 	 253.739
FHW13069	411.750 	 90.462 	 253.739
FHW13069	411.875 	 90.000 	 253.741
FHW13069	412.000 	 90.000 	 253.739
FHW13069	412.125 	 90.462 	 253.739
FHW13069	412.250 	 90.000 	 253.741
FHW13069	412.375 	 90.465 	 253.609
FHW13069	412.500 	 90.000 	 253.741
FHW13069	412.625 	 90.448 	 253.739
FHW13069	412.750 	 90.000 	 253.739
FHW13069	412.875 	 90.000 	 253.741
FHW13069	413.000 	 90.462 	 253.739
FHW13069	413.125 	 90.000 	 253.739
FHW13069	413.250 	 90.462 	 253.741
FHW13069	413.375 	 90.000 	 253.739
FHW13069	413.500 	 90.462 	 253.739
FHW13069	413.625 	 90.000 	 253.741
FHW13069	413.750 	 90.000 	 253.299
FHW13069	413.875 	 90.448 	 253.739
FHW13069	414.000 	 90.000 	 253.741
FHW13069	414.125 	 90.462 	 253.739
FHW13069	414.250 	 90.000 	 253.739
FHW13069	414.375 	 90.462 	 253.741
FHW13069	414.500 	 90.000 	 253.739
FHW13069	414.625 	 90.000 	 253.739
FHW13069	414.750 	 90.462 	 253.741
FHW13069	414.875 	 90.000 	 253.739
FHW13069	415.000 	 90.448 	 253.739
FHW13069	415.125 	 90.000 	 253.741
FHW13069	415.250 	 90.000 	 253.739
FHW13069	415.375 	 90.462 	 253.739
FHW13069	415.500 	 90.000 	 253.739
FHW13069	415.625 	 90.462 	 253.741
FHW13069	415.750 	 90.000 	 253.739
FHW13069	415.875 	 90.462 	 253.739
FHW13069	416.000 	 90.000 	 253.741
FHW13069	416.125 	 90.000 	 253.739
FHW13069	416.250 	 90.462 	 253.739
FHW13069	416.375 	 90.000 	 253.741
FHW13069	416.500 	 90.448 	 253.739
FHW13069	416.625 	 90.000 	 253.739
FHW13069	416.750 	 90.462 	 253.741
FHW13069	416.875 	 90.000 	 253.299
FHW13069	417.000 	 90.000 	 253.739
FHW13069	417.125 	 90.462 	 253.741
FHW13069	417.250 	 90.000 	 253.739
FHW13069	417.375 	 90.462 	 253.739
FHW13069	417.500 	 90.000 	 253.741
FHW13069	417.625 	 90.448 	 253.739
FHW13069	417.750 	 90.000 	 253.739
FHW13069	417.875 	 90.000 	 253.741
FHW13069	418.000 	 90.462 	 253.739
FHW13069	418.125 	 90.000 	 253.739
FHW13069	418.250 	 90.462 	 253.741
FHW13069	418.375 	 90.000 	 253.739
FHW13069	418.500 	 90.462 	 253.739
FHW13069	418.625 	 90.000 	 253.739
FHW13069	418.750 	 90.000 	 253.741
FHW13069	418.875 	 90.448 	 253.739
FHW13069	419.000 	 90.000 	 253.739
FHW13069	419.125 	 89.552 	 253.741
FHW13069	419.250 	 89.538 	 253.739
FHW13069	419.375 	 89.538 	 253.739
FHW13069	419.500 	 89.538 	 253.740
FHW13069	419.625 	 89.552 	 253.739
FHW13069	419.750 	 89.538 	 253.739
FHW13069	419.875 	 89.538 	 253.741
FHW13069	420.000 	 90.000 	 253.739
FHW13069	420.125 	 89.538 	 253.739
FHW13069	420.250 	 89.552 	 253.741
FHW13069	420.375 	 89.538 	 253.739
FHW13069	420.500 	 89.538 	 253.739
FHW13069	420.625 	 89.538 	 253.741
FHW13069	420.750 	 89.538 	 253.739
FHW13069	420.875 	 89.553 	 253.300
FHW13069	421.000 	 89.538 	 253.741
FHW13069	421.125 	 89.535 	 253.609
FHW13069	421.250 	 89.538 	 253.741
FHW13069	421.375 	 89.552 	 253.739
FHW13069	421.500 	 90.000 	 253.739
FHW13069	421.625 	 89.538 	 253.741
FHW13069	421.750 	 89.538 	 253.739
FHW13069	421.875 	 89.538 	 253.739
FHW13069	422.000 	 89.552 	 253.741
FHW13069	422.125 	 89.538 	 253.738
FHW13069	422.250 	 89.538 	 253.739
FHW13069	422.375 	 89.538 	 253.741
FHW13069	422.500 	 89.552 	 253.739
FHW13069	422.625 	 89.538 	 253.739
FHW13069	422.750 	 89.538 	 253.739
FHW13069	422.875 	 89.538 	 253.741
FHW13069	423.000 	 90.000 	 253.739
FHW13069	423.125 	 89.538 	 253.739
FHW13069	423.250 	 89.552 	 253.741
FHW13069	423.375 	 89.538 	 253.739
FHW13069	423.500 	 89.538 	 253.739
FHW13069	423.625 	 89.538 	 253.741
FHW13069	423.750 	 89.552 	 253.739
FHW13069	423.875 	 89.538 	 253.739
FHW13069	424.000 	 89.538 	 253.741
FHW13069	424.125 	 89.538 	 253.739
FHW13069	424.250 	 89.552 	 253.739
FHW13069	424.375 	 89.538 	 253.741
FHW13069	424.500 	 90.000 	 253.739
FHW13069	424.625 	 89.538 	 253.739
FHW13069	424.750 	 89.538 	 253.741
FHW13069	424.875 	 89.538 	 253.739
FHW13069	425.000 	 89.552 	 253.739
FHW13069	425.125 	 89.538 	 253.741
FHW13069	425.250 	 89.538 	 253.738
FHW13069	425.375 	 89.538 	 253.739
FHW13069	425.500 	 89.552 	 253.741
FHW13069	425.625 	 89.538 	 253.739
FHW13069	425.750 	 89.538 	 253.739
FHW13069	425.875 	 89.538 	 253.739
FHW13069	426.000 	 90.000 	 253.741
FHW13069	426.125 	 89.552 	 253.739
FHW13069	426.250 	 89.538 	 253.739
FHW13069	426.375 	 89.538 	 253.741
FHW13069	426.500 	 89.538 	 253.739
FHW13069	426.625 	 89.538 	 253.739
FHW13069	426.750 	 89.552 	 253.741
FHW13069	426.875 	 89.538 	 253.739
FHW13069	427.000 	 89.538 	 253.739
FHW13069	427.125 	 89.538 	 253.741
FHW13069	427.250 	 89.552 	 253.739
FHW13069	427.375 	 89.539 	 253.300
FHW13069	427.500 	 90.000 	 253.741
FHW13069	427.625 	 89.538 	 253.739
FHW13069	427.750 	 89.538 	 253.739
FHW13069	427.875 	 89.552 	 253.741
FHW13069	428.000 	 89.538 	 253.738
FHW13069	428.125 	 89.538 	 253.739
FHW13069	428.250 	 89.538 	 253.741
FHW13069	428.375 	 89.538 	 253.739
FHW13069	428.500 	 89.552 	 253.739
FHW13069	428.625 	 89.538 	 253.741
FHW13069	428.750 	 89.538 	 253.739
FHW13069	428.875 	 89.538 	 253.739
FHW13069	429.000 	 90.000 	 253.739
FHW13069	429.125 	 89.552 	 253.741
FHW13069	429.250 	 89.538 	 253.739
FHW13069	429.375 	 89.538 	 253.739
FHW13069	429.500 	 89.538 	 253.741
FHW13069	429.625 	 89.552 	 253.739
FHW13069	429.750 	 89.538 	 253.739
FHW13069	429.875 	 89.538 	 253.741
FHW13069	430.000 	 89.538 	 253.739
FHW13069	430.125 	 89.538 	 253.739
FHW13069	430.250 	 89.552 	 253.741
FHW13069	430.375 	 89.538 	 253.739
FHW13069	430.500 	 90.000 	 253.739
FHW13069	430.625 	 89.538 	 253.741
FHW13069	430.750 	 89.538 	 253.739
FHW13069	430.875 	 89.552 	 253.739
FHW13069	431.000 	 89.538 	 253.741
FHW13069	431.125 	 89.538 	 253.738
FHW13069	431.250 	 89.538 	 253.739
FHW13069	431.375 	 89.552 	 253.741
FHW13069	431.500 	 89.538 	 253.739
FHW13069	431.625 	 89.538 	 253.739
FHW13069	431.750 	 89.538 	 253.741
FHW13069	431.875 	 89.552 	 253.739
FHW13069	432.000 	 90.000 	 253.739
FHW13069	432.125 	 89.538 	 253.739
FHW13069	432.250 	 89.538 	 253.741
FHW13069	432.375 	 89.538 	 253.741
FHW13069	432.500 	 89.538 	 253.738
FHW13069	432.625 	 89.552 	 253.740
FHW13069	432.750 	 89.538 	 253.741
FHW13069	432.875 	 89.538 	 253.738
FHW13069	433.000 	 89.538 	 253.743
FHW13069	433.125 	 89.552 	 253.738
FHW13069	433.250 	 89.538 	 253.741
FHW13069	433.375 	 89.538 	 253.740
FHW13069	433.500 	 90.000 	 253.741
FHW13069	433.625 	 89.538 	 253.738
FHW13069	433.750 	 89.553 	 253.304
FHW13069	433.875 	 89.535 	 253.607
FHW13069	434.000 	 89.538 	 253.743
FHW13069	434.125 	 89.538 	 253.738
FHW13069	434.250 	 89.538 	 253.741
FHW13069	434.375 	 89.552 	 253.740
FHW13069	434.500 	 89.538 	 253.741
FHW13069	434.625 	 89.538 	 253.738
FHW13069	434.750 	 89.538 	 253.743
FHW13069	434.875 	 89.552 	 253.738
FHW13069	435.000 	 90.000 	 253.741
FHW13069	435.125 	 89.538 	 253.740
FHW13069	435.250 	 89.538 	 253.741
FHW13069	435.375 	 89.538 	 253.738
FHW13069	435.500 	 89.552 	 253.740
FHW13069	435.625 	 89.538 	 253.741
FHW13069	435.750 	 89.538 	 253.738
FHW13069	435.875 	 89.538 	 253.743
FHW13069	436.000 	 89.538 	 253.738
FHW13069	436.125 	 89.552 	 253.741
FHW13069	436.250 	 89.538 	 253.740
FHW13069	436.375 	 89.538 	 253.741
FHW13069	436.500 	 90.000 	 253.738
FHW13069	436.625 	 89.538 	 253.741
FHW13069	436.750 	 89.552 	 253.740
FHW13069	436.875 	 89.538 	 253.741
FHW13069	437.000 	 89.538 	 253.738
FHW13069	437.125 	 89.538 	 253.743
FHW13069	437.250 	 89.552 	 253.738
FHW13069	437.375 	 89.538 	 253.741
FHW13069	437.500 	 89.538 	 253.740
FHW13069	437.625 	 89.538 	 253.741
FHW13069	437.750 	 89.537 	 254.178
FHW13069	437.875 	 89.556 	 253.869
FHW13069	438.000 	 89.537 	 254.180
FHW13069	438.125 	 89.077 	 253.741
FHW13069	438.250 	 89.551 	 254.178
FHW13069	438.375 	 89.537 	 254.182
FHW13069	438.500 	 89.538 	 253.740
FHW13069	438.625 	 89.096 	 254.307
FHW13069	438.750 	 89.537 	 254.178
FHW13069	438.875 	 89.538 	 253.741
FHW13069	439.000 	 89.089 	 254.180
FHW13069	439.125 	 89.538 	 253.741
FHW13069	439.250 	 89.537 	 254.178
FHW13069	439.375 	 89.541 	 254.307
FHW13069	439.500 	 89.091 	 253.738
FHW13069	439.625 	 89.537 	 254.184
FHW13069	439.750 	 89.537 	 254.182
FHW13069	439.875 	 89.538 	 253.738
FHW13069	440.000 	 89.096 	 254.307
FHW13069	440.125 	 89.538 	 253.740
FHW13069	440.250 	 89.537 	 254.182
FHW13069	440.375 	 89.551 	 254.178
FHW13069	440.500 	 89.077 	 253.743
FHW13069	440.625 	 89.537 	 254.178
FHW13069	440.750 	 89.541 	 254.307
FHW13069	440.875 	 89.552 	 253.738
FHW13069	441.000 	 89.075 	 254.182
FHW13069	441.125 	 89.537 	 254.180
FHW13069	441.250 	 89.552 	 253.741
FHW13069	441.375 	 89.537 	 254.178
FHW13069	441.500 	 89.084 	 253.869
FHW13069	441.625 	 89.551 	 254.178
FHW13069	441.750 	 89.537 	 254.184
FHW13069	441.875 	 89.538 	 253.738
FHW13069	442.000 	 89.075 	 254.182
FHW13069	442.125 	 89.555 	 254.307
FHW13069	442.250 	 89.538 	 253.740
FHW13069	442.375 	 89.537 	 254.182
FHW13069	442.500 	 89.091 	 253.738
FHW13069	442.625 	 89.537 	 254.184
FHW13069	442.750 	 89.537 	 254.178
FHW13069	442.875 	 89.542 	 253.869
FHW13069	443.000 	 89.089 	 254.178
FHW13069	443.125 	 89.537 	 254.182
FHW13069	443.250 	 89.538 	 253.740
FHW13069	443.375 	 89.537 	 254.182
FHW13069	443.500 	 89.089 	 254.178
FHW13069	443.625 	 89.542 	 253.869
FHW13069	443.750 	 89.537 	 254.180
FHW13069	443.875 	 89.552 	 253.741
FHW13069	444.000 	 89.075 	 254.178
FHW13069	444.125 	 89.537 	 254.182
FHW13069	444.250 	 89.552 	 253.740
FHW13069	444.375 	 89.082 	 254.307
FHW13069	444.500 	 89.537 	 254.182
FHW13069	444.625 	 89.538 	 253.738
FHW13069	444.750 	 89.551 	 254.184
FHW13069	444.875 	 89.077 	 253.738
FHW13069	445.000 	 89.541 	 254.307
FHW13069	445.125 	 89.551 	 254.178
FHW13069	445.250 	 89.538 	 253.741
FHW13069	445.375 	 89.075 	 254.180
FHW13069	445.500 	 89.551 	 254.182
FHW13069	445.625 	 89.538 	 253.738
FHW13069	445.750 	 89.541 	 254.307
FHW13069	445.875 	 89.089 	 254.180
FHW13069	446.000 	 89.538 	 253.741
FHW13069	446.125 	 89.537 	 254.178
FHW13069	446.250 	 89.538 	 253.743
FHW13069	446.375 	 89.089 	 254.178
FHW13069	446.500 	 89.541 	 254.307
FHW13069	446.625 	 89.538 	 253.738
FHW13069	446.750 	 89.537 	 254.182
FHW13069	446.875 	 89.089 	 254.184
FHW13069	447.000 	 89.538 	 253.738
FHW13069	447.125 	 89.541 	 254.307
FHW13069	447.250 	 89.552 	 253.738
FHW13069	447.375 	 89.075 	 254.182
FHW13069	447.500 	 89.537 	 254.180
FHW13069	447.625 	 89.538 	 253.741
FHW13069	447.750 	 89.551 	 254.178
FHW13069	447.875 	 89.082 	 254.307
FHW13069	448.000 	 89.538 	 253.740
FHW13069	448.125 	 89.551 	 254.182
FHW13069	448.250 	 89.537 	 254.178
FHW13069	448.375 	 89.077 	 253.743
FHW13069	448.500 	 89.551 	 254.178
FHW13069	448.625 	 89.542 	 253.869
FHW13069	448.750 	 89.537 	 254.178
FHW13069	448.875 	 89.075 	 254.182
FHW13069	449.000 	 89.552 	 253.740
FHW13069	449.125 	 89.537 	 254.182
FHW13069	449.250 	 89.541 	 254.307
FHW13069	449.375 	 89.091 	 253.738
FHW13069	449.500 	 89.537 	 254.184
FHW13069	449.625 	 89.538 	 253.738
FHW13069	449.750 	 89.537 	 254.182
FHW13069	449.875 	 89.089 	 254.180
FHW13069	450.000 	 89.542 	 253.867
FHW13069	450.125 	 89.537 	 254.180
FHW13069	450.250 	 89.089 	 254.182
FHW13069	450.375 	 89.538 	 253.738
FHW13069	450.500 	 89.537 	 254.184
FHW13069	450.625 	 89.538 	 253.738
FHW13069	450.750 	 89.096 	 254.307
FHW13069	450.875 	 89.537 	 254.178
FHW13069	451.000 	 89.538 	 253.741
FHW13069	451.125 	 89.551 	 254.180
FHW13069	451.250 	 89.075 	 254.182
FHW13069	451.375 	 89.538 	 253.738
FHW13069	451.500 	 89.555 	 254.307
FHW13069	451.625 	 89.537 	 254.180
FHW13069	451.750 	 89.077 	 253.741
FHW13069	451.875 	 89.537 	 254.182
FHW13069	452.000 	 89.552 	 253.740
FHW13069	452.125 	 89.541 	 254.305
FHW13069	452.250 	 89.075 	 254.180
FHW13069	452.375 	 89.552 	 253.741
FHW13069	452.500 	 89.537 	 254.178
FHW13069	452.625 	 89.537 	 254.184
FHW13069	452.750 	 89.091 	 253.738
FHW13069	452.875 	 89.541 	 254.307
FHW13069	453.000 	 89.538 	 253.738
FHW13069	453.125 	 89.537 	 254.184
FHW13069	453.250 	 89.089 	 254.178
FHW13069	453.375 	 89.538 	 253.741
FHW13069	453.500 	 89.537 	 254.178
FHW13069	453.625 	 89.541 	 254.307
FHW13069	453.750 	 89.091 	 253.740
FHW13069	453.875 	 89.537 	 254.182
FHW13069	454.000 	 89.537 	 254.178
FHW13069	454.125 	 89.552 	 253.743
FHW13069	454.250 	 89.082 	 254.305
FHW13069	454.375 	 89.538 	 253.740
FHW13069	454.500 	 89.537 	 254.182
FHW13069	454.625 	 89.551 	 254.178
FHW13069	454.750 	 89.077 	 253.743
FHW13069	454.875 	 89.537 	 254.178
FHW13069	455.000 	 89.555 	 254.307
FHW13069	455.125 	 89.538 	 253.738
FHW13069	455.250 	 89.075 	 254.184
FHW13069	455.375 	 89.552 	 253.738
FHW13069	455.500 	 89.537 	 254.182
FHW13069	455.625 	 89.537 	 254.180
FHW13069	455.750 	 89.084 	 253.867
FHW13069	455.875 	 89.551 	 254.180
FHW13069	456.000 	 89.537 	 254.182
FHW13069	456.125 	 89.077 	 253.738
FHW13069	456.250 	 89.552 	 253.743
FHW13069	456.375 	 90.000 	 253.738
FHW13069	456.500 	 89.538 	 253.741
FHW13069	456.625 	 89.538 	 253.740
FHW13069	456.750 	 89.538 	 253.741
FHW13069	456.875 	 89.553 	 253.299
FHW13069	457.000 	 89.538 	 253.743
FHW13069	457.125 	 89.538 	 253.738
FHW13069	457.250 	 89.538 	 253.741
FHW13069	457.375 	 89.538 	 253.740
FHW13069	457.500 	 89.552 	 253.741
FHW13069	457.625 	 89.539 	 253.299
FHW13069	457.750 	 89.538 	 253.738
FHW13069	457.875 	 89.535 	 253.613
FHW13069	458.000 	 89.552 	 253.740
FHW13069	458.125 	 89.538 	 253.741
FHW13069	458.250 	 89.538 	 253.738
FHW13069	458.375 	 89.539 	 253.304
FHW13069	458.500 	 89.552 	 253.738
FHW13069	458.625 	 89.538 	 253.741
FHW13069	458.750 	 90.000 	 253.740
FHW13069	458.875 	 89.538 	 253.741
FHW13069	459.000 	 89.538 	 253.738
FHW13069	459.125 	 89.553 	 253.302
FHW13069	459.250 	 89.538 	 253.740
FHW13069	459.375 	 89.538 	 253.741
FHW13069	459.500 	 89.538 	 253.738
FHW13069	459.625 	 89.538 	 253.743
FHW13069	459.750 	 89.552 	 253.738
FHW13069	459.875 	 89.539 	 253.299
FHW13069	460.000 	 89.538 	 253.743
FHW13069	460.125 	 89.535 	 253.607
FHW13069	460.250 	 89.552 	 253.743
FHW13069	460.375 	 89.538 	 253.738
FHW13069	460.500 	 89.538 	 253.741
FHW13069	460.625 	 89.539 	 253.301
FHW13069	460.750 	 89.552 	 253.741
FHW13069	460.875 	 89.538 	 253.738
FHW13069	461.000 	 89.538 	 253.743
FHW13069	461.125 	 89.538 	 253.738
FHW13069	461.250 	 90.000 	 253.741
FHW13069	461.375 	 89.539 	 253.301
FHW13069	461.500 	 89.552 	 253.738
FHW13069	461.625 	 89.538 	 253.741
FHW13069	461.750 	 89.538 	 253.740
FHW13069	461.875 	 89.538 	 253.741
FHW13069	462.000 	 89.552 	 253.738
FHW13069	462.125 	 89.539 	 253.304
FHW13069	462.250 	 89.538 	 253.738
FHW13069	462.375 	 89.538 	 253.741
FHW13069	462.500 	 89.549 	 253.609
FHW13069	462.625 	 89.538 	 253.741
FHW13069	462.750 	 89.538 	 253.740
FHW13069	462.875 	 89.539 	 253.302
FHW13069	463.000 	 89.538 	 253.738
FHW13069	463.125 	 89.552 	 253.743
FHW13069	463.250 	 89.538 	 253.738
FHW13069	463.375 	 89.538 	 253.741
FHW13069	463.500 	 89.538 	 253.740
FHW13069	463.625 	 89.553 	 253.299
FHW13069	463.750 	 90.000 	 253.741
FHW13069	463.875 	 89.538 	 253.740
FHW13069	464.000 	 89.538 	 253.741
FHW13069	464.125 	 89.538 	 253.738
FHW13069	464.250 	 89.552 	 253.743
FHW13069	464.375 	 89.539 	 253.299
FHW13069	464.500 	 89.538 	 253.741
FHW13069	464.625 	 89.538 	 253.738
FHW13069	464.750 	 89.538 	 253.743
FHW13069	464.875 	 89.549 	 253.609
FHW13069	465.000 	 89.538 	 253.741
FHW13069	465.125 	 89.539 	 253.299
FHW13069	465.250 	 89.538 	 253.743
FHW13069	465.375 	 89.552 	 253.738
FHW13069	465.500 	 89.538 	 253.738
FHW13069	465.625 	 89.538 	 253.743
FHW13069	465.750 	 89.538 	 253.738
FHW13069	465.875 	 89.553 	 253.302
FHW13069	466.000 	 89.538 	 253.738
FHW13069	466.125 	 89.538 	 253.743
FHW13069	466.250 	 90.000 	 253.738
FHW13069	466.375 	 89.538 	 253.741
FHW13069	466.500 	 89.552 	 253.740
FHW13069	466.625 	 89.539 	 253.302
FHW13069	466.750 	 89.538 	 253.738
FHW13069	466.875 	 89.538 	 253.743
FHW13069	467.000 	 89.538 	 253.738
FHW13069	467.125 	 89.552 	 253.741
FHW13069	467.250 	 89.535 	 253.609
FHW13069	467.375 	 89.539 	 253.299
FHW13069	467.500 	 89.538 	 253.743
FHW13069	467.625 	 89.552 	 253.738
FHW13069	467.750 	 89.538 	 253.741
FHW13069	467.875 	 89.538 	 253.740
FHW13069	468.000 	 89.538 	 253.741
FHW13069	468.125 	 89.553 	 253.299
FHW13069	468.250 	 89.538 	 253.743
FHW13069	468.375 	 89.538 	 253.738
FHW13069	468.500 	 89.538 	 253.741
FHW13069	468.625 	 90.000 	 253.740
FHW13069	468.750 	 89.538 	 253.741
FHW13069	468.875 	 89.553 	 253.299
FHW13069	469.000 	 89.538 	 253.743
FHW13069	469.125 	 89.538 	 253.738
FHW13069	469.250 	 89.538 	 253.741
FHW13069	469.375 	 89.552 	 253.740
FHW13069	469.500 	 89.535 	 253.607
FHW13069	469.625 	 89.539 	 253.304
FHW13069	469.750 	 89.538 	 253.738
FHW13069	469.875 	 89.552 	 253.741
FHW13069	470.000 	 89.538 	 253.740
FHW13069	470.125 	 89.538 	 253.741
FHW13069	470.250 	 89.538 	 253.738
FHW13069	470.375 	 89.539 	 253.302
FHW13069	470.500 	 89.552 	 253.738
FHW13069	470.625 	 89.538 	 253.745
FHW13069	470.750 	 89.538 	 253.738
FHW13069	470.875 	 89.538 	 253.741
FHW13069	471.000 	 89.552 	 253.738
FHW13069	471.125 	 90.000 	 253.302
FHW13069	471.250 	 89.538 	 253.738
FHW13069	471.375 	 89.538 	 253.741
FHW13069	471.500 	 89.538 	 253.741
FHW13069	471.625 	 89.552 	 253.738
FHW13069	471.750 	 89.538 	 253.741
FHW13069	471.875 	 89.536 	 253.165
FHW13069	472.000 	 89.538 	 253.745
FHW13069	472.125 	 89.538 	 253.738
FHW13069	472.250 	 89.552 	 253.741
FHW13069	472.375 	 89.538 	 253.738
FHW13069	472.500 	 89.538 	 253.741
FHW13069	472.625 	 89.539 	 253.299
FHW13069	472.750 	 89.552 	 253.745
FHW13069	472.875 	 89.538 	 253.738
FHW13069	473.000 	 89.538 	 253.741
FHW13069	473.125 	 89.538 	 253.738
FHW13069	473.250 	 89.552 	 253.741
FHW13069	473.375 	 89.539 	 253.299
FHW13069	473.500 	 89.538 	 253.741
FHW13069	473.625 	 90.000 	 253.741
FHW13069	473.750 	 89.538 	 253.738
FHW13069	473.875 	 89.538 	 253.741
FHW13069	474.000 	 89.552 	 253.738
FHW13069	474.125 	 89.539 	 253.302
FHW13069	474.250 	 89.535 	 253.611
FHW13069	474.375 	 89.538 	 253.741
FHW13069	474.500 	 89.552 	 253.738
FHW13069	474.625 	 89.538 	 253.741
FHW13069	474.750 	 89.538 	 253.738
FHW13069	474.875 	 89.540 	 253.306
FHW13069	475.000 	 90.000 	 253.738
FHW13069	475.125 	 90.000 	 253.299
FHW13069	475.250 	 90.000 	 253.302
FHW13069	475.375 	 90.000 	 253.607
FHW13069	475.500 	 90.000 	 253.306
FHW13069	475.625 	 90.000 	 253.299
FHW13069	475.750 	 90.000 	 253.741
FHW13069	475.875 	 90.000 	 253.299
FHW13069	476.000 	 89.550 	 253.165
FHW13069	476.125 	 90.000 	 253.306
FHW13069	476.250 	 90.000 	 253.738
FHW13069	476.375 	 90.000 	 253.302
FHW13069	476.500 	 90.000 	 253.165
FHW13069	476.625 	 90.000 	 253.741
FHW13069	476.750 	 90.000 	 253.303
FHW13069	476.875 	 90.000 	 253.299
FHW13069	477.000 	 90.000 	 253.741
FHW13069	477.125 	 90.000 	 253.165
FHW13069	477.250 	 90.000 	 253.302
FHW13069	477.375 	 90.000 	 253.303
FHW13069	477.500 	 90.000 	 253.741
FHW13069	477.625 	 89.539 	 253.299
FHW13069	477.750 	 90.000 	 253.165
FHW13069	477.875 	 90.000 	 253.745
FHW13069	478.000 	 90.000 	 253.299
FHW13069	478.125 	 90.000 	 253.302
FHW13069	478.250 	 90.000 	 253.738
FHW13069	478.375 	 90.000 	 253.169
FHW13069	478.500 	 90.000 	 253.303
FHW13069	478.625 	 90.000 	 253.299
FHW13069	478.750 	 90.000 	 253.741
FHW13069	478.875 	 90.000 	 253.299
FHW13069	479.000 	 90.000 	 253.169
FHW13069	479.125 	 90.000 	 253.741
FHW13069	479.250 	 89.539 	 253.302
FHW13069	479.375 	 90.000 	 253.299
FHW13069	479.500 	 90.000 	 253.299
FHW13069	479.625 	 90.000 	 253.611
FHW13069	479.750 	 90.000 	 253.303
FHW13069	479.875 	 90.000 	 253.302
FHW13069	480.000 	 90.000 	 253.738
FHW13069	480.125 	 90.000 	 253.169
FHW13069	480.250 	 90.000 	 253.299
FHW13069	480.375 	 90.000 	 253.745
FHW13069	480.500 	 90.000 	 253.299
FHW13069	480.625 	 90.000 	 253.299
FHW13069	480.750 	 90.000 	 253.169
FHW13069	480.875 	 89.538 	 253.741
FHW13069	481.000 	 90.000 	 253.302
FHW13069	481.125 	 90.000 	 253.299
FHW13069	481.250 	 90.000 	 253.741
FHW13069	481.375 	 90.000 	 253.165
FHW13069	481.500 	 90.000 	 253.303
FHW13069	481.625 	 90.000 	 253.741
FHW13069	481.750 	 90.000 	 253.299
FHW13069	481.875 	 90.000 	 253.302
FHW13069	482.000 	 90.000 	 253.165
FHW13069	482.125 	 90.000 	 253.745
FHW13069	482.250 	 90.000 	 253.299
FHW13069	482.375 	 90.000 	 253.299
FHW13069	482.500 	 89.552 	 253.741
FHW13069	482.625 	 90.000 	 253.165
FHW13069	482.750 	 90.000 	 253.306
FHW13069	482.875 	 90.000 	 253.738
FHW13069	483.000 	 90.000 	 253.302
FHW13069	483.125 	 90.000 	 253.299
FHW13069	483.250 	 90.000 	 253.165
FHW13069	483.375 	 90.000 	 253.745
FHW13069	483.500 	 90.000 	 253.299
FHW13069	483.625 	 90.000 	 253.302
FHW13069	483.750 	 90.000 	 253.738
FHW13069	483.875 	 90.000 	 253.173
FHW13069	484.000 	 90.000 	 253.299
FHW13069	484.125 	 89.538 	 253.738
FHW13069	484.250 	 90.000 	 253.302
FHW13069	484.375 	 90.000 	 253.165
FHW13069	484.500 	 90.000 	 253.306
FHW13069	484.625 	 90.000 	 253.738
FHW13069	484.750 	 90.000 	 253.302
FHW13069	484.875 	 90.000 	 253.299
FHW13069	485.000 	 90.000 	 253.607
FHW13069	485.125 	 90.000 	 253.306
FHW13069	485.250 	 90.000 	 253.299
FHW13069	485.375 	 90.000 	 253.741
FHW13069	485.500 	 90.000 	 253.299
FHW13069	485.625 	 90.000 	 253.169
FHW13069	485.750 	 89.540 	 253.303
FHW13069	485.875 	 90.000 	 253.738
FHW13069	486.000 	 90.000 	 253.302
FHW13069	486.125 	 90.000 	 253.299
FHW13069	486.250 	 90.000 	 253.611
FHW13069	486.375 	 90.000 	 253.303
FHW13069	486.500 	 90.000 	 253.302
FHW13069	486.625 	 90.000 	 253.738
FHW13069	486.750 	 90.000 	 253.299
FHW13069	486.875 	 90.000 	 253.173
FHW13069	487.000 	 90.000 	 253.299
FHW13069	487.125 	 90.000 	 253.741
FHW13069	487.250 	 90.000 	 253.299
FHW13069	487.375 	 89.539 	 253.302
FHW13069	487.500 	 90.000 	 253.611
FHW13069	487.625 	 90.000 	 253.299
FHW13069	487.750 	 90.000 	 253.302
FHW13069	487.875 	 90.000 	 253.738
FHW13069	488.000 	 90.000 	 253.169
FHW13069	488.125 	 90.000 	 253.303
FHW13069	488.250 	 90.000 	 253.302
FHW13069	488.375 	 90.000 	 253.738
FHW13069	488.500 	 90.000 	 253.299
FHW13069	488.625 	 90.000 	 253.169
FHW13069	488.750 	 90.000 	 253.741
FHW13069	488.875 	 90.000 	 253.302
FHW13069	489.000 	 89.539 	 253.299
FHW13069	489.125 	 90.000 	 253.741
FHW13069	489.250 	 90.000 	 253.165
FHW13069	489.375 	 90.000 	 253.303
FHW13069	489.500 	 90.000 	 253.302
FHW13069	489.625 	 90.000 	 253.738
FHW13069	489.750 	 90.000 	 253.302
FHW13069	489.875 	 90.000 	 253.169
FHW13069	490.000 	 90.000 	 253.741
FHW13069	490.125 	 90.000 	 253.299
FHW13069	490.250 	 90.000 	 253.299
FHW13069	490.375 	 90.000 	 253.741
FHW13069	490.500 	 90.000 	 253.169
FHW13069	490.625 	 89.553 	 253.302
FHW13069	490.750 	 90.000 	 253.299
FHW13069	490.875 	 90.000 	 253.741
FHW13069	491.000 	 90.000 	 253.299
FHW13069	491.125 	 90.000 	 253.169
FHW13069	491.250 	 90.000 	 253.741
FHW13069	491.375 	 90.000 	 253.299
FHW13069	491.500 	 90.000 	 253.302
FHW13069	491.625 	 90.000 	 253.607
FHW13069	491.750 	 90.000 	 253.306
FHW13069	491.875 	 90.000 	 253.299
FHW13069	492.000 	 90.000 	 253.299
FHW13069	492.125 	 90.000 	 253.741
FHW13069	492.250 	 89.536 	 253.165
FHW13069	492.375 	 90.000 	 253.306
FHW13069	492.500 	 90.000 	 253.738
FHW13069	492.625 	 90.000 	 253.302
FHW13069	492.750 	 90.000 	 253.299
FHW13069	492.875 	 90.000 	 253.611
FHW13069	493.000 	 90.000 	 253.302
FHW13069	493.125 	 90.000 	 253.299
FHW13069	493.250 	 90.000 	 253.302
FHW13069	493.375 	 90.000 	 253.738
FHW13069	493.500 	 90.000 	 253.173
FHW13069	493.625 	 90.000 	 253.299
FHW13069	493.750 	 90.000 	 253.738
FHW13069	493.875 	 90.000 	 253.302
FHW13069	494.000 	 90.000 	 253.738
FHW13069	494.125 	 90.000 	 253.302
FHW13069	494.250 	 90.465 	 253.611
FHW13069	494.375 	 90.000 	 253.302
FHW13069	494.500 	 90.000 	 253.738
FHW13069	494.625 	 90.000 	 253.302
FHW13069	494.750 	 90.000 	 253.738
FHW13069	494.875 	 90.448 	 253.745
FHW13069	495.000 	 90.000 	 253.299
FHW13069	495.125 	 90.000 	 253.607
FHW13069	495.250 	 90.000 	 253.302
FHW13069	495.375 	 90.000 	 253.738
FHW13069	495.500 	 90.460 	 253.306
FHW13069	495.625 	 90.000 	 253.738
FHW13069	495.750 	 90.000 	 253.302
FHW13069	495.875 	 90.000 	 253.738
FHW13069	496.000 	 90.000 	 253.165
FHW13069	496.125 	 90.462 	 253.745
FHW13069	496.250 	 90.000 	 253.299
FHW13069	496.375 	 90.000 	 253.741
FHW13069	496.500 	 90.000 	 253.299
FHW13069	496.625 	 90.000 	 253.741
FHW13069	496.750 	 90.461 	 253.299
FHW13069	496.875 	 90.000 	 253.615
FHW13069	497.000 	 90.000 	 253.299
FHW13069	497.125 	 90.000 	 253.741
FHW13069	497.250 	 90.000 	 253.299
FHW13069	497.375 	 90.462 	 253.738
FHW13069	497.500 	 90.000 	 253.306
FHW13069	497.625 	 90.000 	 253.738
FHW13069	497.750 	 90.000 	 253.169
FHW13069	497.875 	 90.000 	 253.738
FHW13069	498.000 	 90.447 	 253.302
FHW13069	498.125 	 90.000 	 253.741
FHW13069	498.250 	 90.000 	 253.299
FHW13069	498.375 	 90.000 	 253.741
FHW13069	498.500 	 90.000 	 253.299
FHW13069	498.625 	 90.465 	 253.615
FHW13069	498.750 	 90.000 	 253.299
FHW13069	498.875 	 90.000 	 253.741
FHW13069	499.000 	 90.000 	 253.299
FHW13069	499.125 	 90.000 	 253.741
FHW13069	499.250 	 90.461 	 253.299
FHW13069	499.375 	 90.000 	 253.738
FHW13069	499.500 	 90.000 	 253.173
FHW13069	499.625 	 90.000 	 253.738
FHW13069	499.750 	 90.000 	 253.302
FHW13069	499.875 	 90.462 	 253.738
FHW13069	500.000 	 90.000 	 253.302
FHW13069	500.125 	 90.000 	 253.741
FHW13069	500.250 	 90.000 	 253.302
FHW13069	500.375 	 90.000 	 253.607
FHW13069	500.500 	 90.447 	 253.299
FHW13069	500.625 	 90.000 	 253.745
FHW13069	500.750 	 90.000 	 253.299
FHW13069	500.875 	 90.000 	 253.741
FHW13069	501.000 	 90.000 	 253.299
FHW13069	501.125 	 90.462 	 253.741
FHW13069	501.250 	 90.000 	 253.169
FHW13069	501.375 	 90.000 	 253.741
FHW13069	501.500 	 90.000 	 253.299
FHW13069	501.625 	 90.000 	 253.738
FHW13069	501.750 	 90.000 	 253.302
FHW13069	501.875 	 90.462 	 253.738
FHW13069	502.000 	 90.000 	 253.173
FHW13069	502.125 	 90.000 	 253.738
FHW13069	502.250 	 90.000 	 253.741
FHW13069	502.375 	 90.000 	 253.299
FHW13069	502.500 	 90.462 	 253.741
FHW13069	502.625 	 90.000 	 253.303
FHW13069	502.750 	 90.000 	 253.741
FHW13069	502.875 	 90.000 	 253.165
FHW13069	503.000 	 90.000 	 253.738
FHW13069	503.125 	 90.447 	 253.302
FHW13069	503.250 	 90.000 	 253.741
FHW13069	503.375 	 90.000 	 253.302
FHW13069	503.500 	 90.000 	 253.738
FHW13069	503.625 	 90.000 	 253.302
FHW13069	503.750 	 90.465 	 253.607
FHW13069	503.875 	 90.000 	 253.303
FHW13069	504.000 	 90.000 	 253.741
FHW13069	504.125 	 90.000 	 253.299
FHW13069	504.250 	 90.000 	 253.741
FHW13069	504.375 	 90.461 	 253.299
FHW13069	504.500 	 90.000 	 253.741
FHW13069	504.625 	 90.000 	 253.169
FHW13069	504.750 	 90.000 	 253.741
FHW13069	504.875 	 90.000 	 253.299
FHW13069	505.000 	 90.462 	 253.741
FHW13069	505.125 	 90.000 	 253.299
FHW13069	505.250 	 90.000 	 253.741
FHW13069	505.375 	 90.000 	 253.302
FHW13069	505.500 	 90.000 	 253.607
FHW13069	505.625 	 90.447 	 253.302
FHW13069	505.750 	 90.000 	 253.738
FHW13069	505.875 	 90.000 	 253.306
FHW13069	506.000 	 90.000 	 253.738
FHW13069	506.125 	 90.000 	 253.299
FHW13069	506.250 	 90.462 	 253.741
FHW13069	506.375 	 90.000 	 253.169
FHW13069	506.500 	 90.000 	 253.741
FHW13069	506.625 	 90.000 	 253.299
FHW13069	506.750 	 90.000 	 253.741
FHW13069	506.875 	 90.461 	 253.299
FHW13069	507.000 	 90.000 	 253.741
FHW13069	507.125 	 90.000 	 253.299
FHW13069	507.250 	 90.000 	 253.615
FHW13069	507.375 	 90.000 	 253.299
FHW13069	507.500 	 90.462 	 253.738
FHW13069	507.625 	 90.000 	 253.302
FHW13069	507.750 	 90.000 	 253.741
FHW13069	507.875 	 90.000 	 253.302
FHW13069	508.000 	 90.000 	 253.738
FHW13069	508.125 	 90.000 	 253.169
FHW13069	508.250 	 90.462 	 253.738
FHW13069	508.375 	 90.000 	 253.303
FHW13069	508.500 	 90.000 	 253.741
FHW13069	508.625 	 90.000 	 253.299
FHW13069	508.750 	 90.000 	 253.741
FHW13069	508.875 	 90.447 	 253.299
FHW13069	509.000 	 90.000 	 253.615
FHW13069	509.125 	 90.000 	 253.299
FHW13069	509.250 	 90.000 	 253.741
FHW13069	509.375 	 90.000 	 253.299
FHW13069	509.500 	 90.462 	 253.738
FHW13069	509.625 	 90.000 	 253.741
FHW13069	509.750 	 90.000 	 253.303
FHW13069	509.875 	 90.000 	 253.611
FHW13069	510.000 	 90.000 	 253.299
FHW13069	510.125 	 90.462 	 253.741
FHW13069	510.250 	 90.000 	 253.299
FHW13069	510.375 	 90.000 	 253.745
FHW13069	510.500 	 90.000 	 253.299
FHW13069	510.625 	 90.000 	 253.741
FHW13069	510.750 	 90.464 	 253.165
FHW13069	510.875 	 90.000 	 253.738
FHW13069	511.000 	 90.000 	 253.306
FHW13069	511.125 	 90.000 	 253.738
FHW13069	511.250 	 90.000 	 253.302
FHW13069	511.375 	 90.448 	 253.738
FHW13069	511.500 	 90.000 	 253.302
FHW13069	511.625 	 90.000 	 253.611
FHW13069	511.750 	 90.000 	 253.299
FHW13069	511.875 	 90.000 	 253.741
FHW13069	512.000 	 90.461 	 253.299
FHW13069	512.125 	 90.000 	 253.741
FHW13069	512.250 	 90.000 	 253.299
FHW13069	512.375 	 89.538 	 253.745
FHW13069	512.500 	 89.552 	 253.738
FHW13069	512.625 	 89.538 	 253.741
FHW13069	512.750 	 89.538 	 253.738
FHW13069	512.875 	 89.084 	 253.611
FHW13069	513.000 	 89.538 	 253.741
FHW13069	513.125 	 89.538 	 253.741
FHW13069	513.250 	 89.539 	 253.299
FHW13069	513.375 	 89.538 	 253.741
FHW13069	513.500 	 89.552 	 253.738
FHW13069	513.625 	 89.538 	 253.738
FHW13069	513.750 	 89.538 	 253.745
FHW13069	513.875 	 89.538 	 253.738
FHW13069	514.000 	 89.552 	 253.741
FHW13069	514.125 	 89.538 	 253.738
FHW13069	514.250 	 89.538 	 253.741
FHW13069	514.375 	 89.538 	 253.738
FHW13069	514.500 	 89.553 	 253.306
FHW13069	514.625 	 89.538 	 253.738
FHW13069	514.750 	 89.538 	 253.741
FHW13069	514.875 	 89.538 	 253.738
FHW13069	515.000 	 89.552 	 253.741
FHW13069	515.125 	 89.538 	 253.738
FHW13069	515.250 	 89.538 	 253.741
FHW13069	515.375 	 89.538 	 253.741
FHW13069	515.500 	 89.091 	 253.741
FHW13069	515.625 	 89.538 	 253.738
FHW13069	515.750 	 89.539 	 253.299
FHW13069	515.875 	 89.538 	 253.741
FHW13069	516.000 	 89.552 	 253.738
FHW13069	516.125 	 89.538 	 253.745
FHW13069	516.250 	 89.535 	 253.607
FHW13069	516.375 	 89.538 	 253.741
FHW13069	516.500 	 89.552 	 253.738
FHW13069	516.625 	 89.538 	 253.741
FHW13069	516.750 	 89.538 	 253.741
FHW13069	516.875 	 89.539 	 253.302
FHW13069	517.000 	 89.538 	 253.738
FHW13069	517.125 	 89.552 	 253.741
FHW13069	517.250 	 89.538 	 253.738
FHW13069	517.375 	 89.538 	 253.741
FHW13069	517.500 	 89.538 	 253.741
FHW13069	517.625 	 89.552 	 253.741
FHW13069	517.750 	 89.538 	 253.738
FHW13069	517.875 	 89.538 	 253.741
FHW13069	518.000 	 89.538 	 253.738
FHW13069	518.125 	 89.093 	 253.299
FHW13069	518.250 	 89.538 	 253.745
FHW13069	518.375 	 89.538 	 253.738
FHW13069	518.500 	 89.538 	 253.741
FHW13069	518.625 	 89.552 	 253.738
FHW13069	518.750 	 89.538 	 253.741
FHW13069	518.875 	 89.538 	 253.738
FHW13069	519.000 	 89.538 	 253.745
FHW13069	519.125 	 89.552 	 253.738
FHW13069	519.250 	 89.538 	 253.741
FHW13069	519.375 	 89.539 	 253.299
FHW13069	519.500 	 89.538 	 253.741
FHW13069	519.625 	 89.552 	 253.738
FHW13069	519.750 	 89.535 	 253.615
FHW13069	519.875 	 89.538 	 253.738
FHW13069	520.000 	 89.538 	 253.741
FHW13069	520.125 	 89.538 	 253.738
FHW13069	520.250 	 89.552 	 253.741
FHW13069	520.375 	 89.538 	 253.741
FHW13069	520.500 	 89.538 	 253.741
FHW13069	520.625 	 89.539 	 253.299
FHW13069	520.750 	 89.091 	 253.738
FHW13069	520.875 	 89.538 	 253.741
FHW13069	521.000 	 89.538 	 253.738
FHW13069	521.125 	 89.552 	 253.741
FHW13069	521.250 	 89.538 	 253.741
FHW13069	521.375 	 89.538 	 253.741
FHW13069	521.500 	 89.538 	 253.738
FHW13069	521.625 	 89.552 	 253.741
FHW13069	521.750 	 89.539 	 253.299
FHW13069	521.875 	 89.538 	 253.741
FHW13069	522.000 	 89.538 	 253.741
FHW13069	522.125 	 89.538 	 253.741
FHW13069	522.250 	 89.552 	 253.738
FHW13069	522.375 	 89.538 	 253.741
FHW13069	522.500 	 89.538 	 253.738
FHW13069	522.625 	 89.538 	 253.741
FHW13069	522.750 	 89.552 	 253.741
FHW13069	522.875 	 89.538 	 253.738
FHW13069	523.000 	 89.539 	 253.302
FHW13069	523.125 	 89.538 	 253.738
FHW13069	523.250 	 89.549 	 253.611
FHW13069	523.375 	 89.077 	 253.741
FHW13069	523.500 	 89.538 	 253.741
FHW13069	523.625 	 89.538 	 253.738
FHW13069	523.750 	 89.552 	 253.741
FHW13069	523.875 	 89.538 	 253.738
FHW13069	524.000 	 89.538 	 253.741
FHW13069	524.125 	 89.538 	 253.741
FHW13069	524.250 	 89.553 	 253.302
FHW13069	524.375 	 89.538 	 253.738
FHW13069	524.500 	 89.538 	 253.741
FHW13069	524.625 	 89.538 	 253.738
FHW13069	524.750 	 89.552 	 253.741
FHW13069	524.875 	 89.538 	 253.741
FHW13069	525.000 	 89.538 	 253.741
FHW13069	525.125 	 89.538 	 253.738
FHW13069	525.250 	 89.538 	 253.738
FHW13069	525.375 	 89.552 	 253.741
FHW13069	525.500 	 89.539 	 253.299
FHW13069	525.625 	 89.538 	 253.741
FHW13069	525.750 	 89.538 	 253.741
FHW13069	525.875 	 89.552 	 253.741
FHW13069	526.000 	 89.077 	 253.738
FHW13069	526.125 	 89.538 	 253.741
FHW13069	526.250 	 89.552 	 253.738
FHW13069	526.375 	 89.538 	 253.741
FHW13069	526.500 	 89.538 	 253.741
FHW13069	526.625 	 89.536 	 253.169
FHW13069	526.750 	 89.538 	 253.738
FHW13069	526.875 	 89.552 	 253.741
FHW13069	527.000 	 89.538 	 253.738
FHW13069	527.125 	 89.538 	 253.745
FHW13069	527.250 	 89.538 	 253.738
FHW13069	527.375 	 89.552 	 253.738
FHW13069	527.500 	 89.538 	 253.741
FHW13069	527.625 	 89.538 	 253.738
FHW13069	527.750 	 89.538 	 253.741
FHW13069	527.875 	 89.553 	 253.303
FHW13069	528.000 	 89.538 	 253.741
FHW13069	528.125 	 89.538 	 253.738
FHW13069	528.250 	 89.538 	 253.741
FHW13069	528.375 	 89.538 	 253.738
FHW13069	528.500 	 89.552 	 253.741
FHW13069	528.625 	 89.538 	 253.741
FHW13069	528.750 	 89.077 	 253.741
FHW13069	528.875 	 89.552 	 253.738
FHW13069	529.000 	 89.538 	 253.741
FHW13069	529.125 	 89.539 	 253.299
FHW13069	529.250 	 89.538 	 253.741
FHW13069	529.375 	 89.552 	 253.741
FHW13069	529.500 	 89.538 	 253.738
FHW13069	529.625 	 89.538 	 253.741
FHW13069	529.750 	 89.538 	 253.738
FHW13069	529.875 	 89.552 	 253.741
FHW13069	530.000 	 89.538 	 253.738
FHW13069	530.125 	 89.535 	 253.615
FHW13069	530.250 	 89.538 	 253.738
FHW13069	530.375 	 89.539 	 253.302
FHW13069	530.500 	 89.552 	 253.738
FHW13069	530.625 	 89.538 	 253.741
FHW13069	530.750 	 89.077 	 253.738
FHW13069	530.875 	 88.633 	 253.306
FHW13069	531.000 	 88.632 	 253.299
FHW13069	531.125 	 89.072 	 253.165
FHW13069	531.250 	 88.632 	 253.302
FHW13069	531.375 	 89.079 	 253.303
FHW13069	531.500 	 88.622 	 253.169
FHW13069	531.625 	 89.091 	 253.738
FHW13069	531.750 	 88.618 	 253.302
FHW13069	531.875 	 89.093 	 253.299
FHW13069	532.000 	 88.608 	 253.169
FHW13069	532.125 	 89.093 	 253.302
FHW13069	532.250 	 88.632 	 253.299
FHW13069	532.375 	 89.072 	 253.173
FHW13069	532.500 	 88.629 	 253.738
FHW13069	532.625 	 89.079 	 253.299
FHW13069	532.750 	 88.632 	 253.302
FHW13069	532.875 	 89.072 	 253.165
FHW13069	533.000 	 88.633 	 253.306
FHW13069	533.125 	 88.632 	 253.299
FHW13069	533.250 	 89.070 	 253.611
FHW13069	533.375 	 88.632 	 253.299
FHW13069	533.500 	 89.079 	 253.299
FHW13069	533.625 	 88.633 	 253.306
FHW13069	533.750 	 89.086 	 253.165
FHW13069	533.875 	 88.618 	 253.302
FHW13069	534.000 	 89.093 	 253.299
FHW13069	534.125 	 88.615 	 253.741
FHW13069	534.250 	 89.086 	 253.169
FHW13069	534.375 	 88.632 	 253.299
FHW13069	534.500 	 89.079 	 253.302
FHW13069	534.625 	 88.622 	 253.169
FHW13069	534.750 	 89.079 	 253.302
FHW13069	534.875 	 88.632 	 253.299
FHW13069	535.000 	 89.077 	 253.738
FHW13069	535.125 	 88.622 	 253.169
FHW13069	535.250 	 88.633 	 253.303
FHW13069	535.375 	 89.079 	 253.302
FHW13069	535.500 	 88.622 	 253.165
FHW13069	535.625 	 89.079 	 253.299
FHW13069	535.750 	 88.629 	 253.741
FHW13069	535.875 	 89.079 	 253.303
FHW13069	536.000 	 88.622 	 253.169
FHW13069	536.125 	 89.093 	 253.299
FHW13069	536.250 	 88.618 	 253.302
FHW13069	536.375 	 89.086 	 253.169
FHW13069	536.500 	 88.632 	 253.299
FHW13069	536.625 	 89.077 	 253.741
FHW13069	536.750 	 88.632 	 253.299
FHW13069	536.875 	 89.072 	 253.173
FHW13069	537.000 	 88.632 	 253.299
FHW13069	537.125 	 88.632 	 253.302
FHW13069	537.250 	 89.079 	 253.299
FHW13069	537.375 	 88.622 	 253.165
FHW13069	537.500 	 89.077 	 253.745
FHW13069	537.625 	 88.632 	 253.299
FHW13069	537.750 	 89.072 	 253.169
FHW13069	537.875 	 88.632 	 253.299
FHW13069	538.000 	 89.079 	 253.299
FHW13069	538.125 	 88.633 	 253.306
FHW13069	538.250 	 89.084 	 253.607
FHW13069	538.375 	 88.618 	 253.302
FHW13069	538.500 	 89.093 	 253.299
FHW13069	538.625 	 88.608 	 253.173
FHW13069	538.750 	 89.093 	 253.299
FHW13069	538.875 	 88.632 	 253.299
FHW13069	539.000 	 89.079 	 253.302
FHW13069	539.125 	 88.619 	 253.611
FHW13069	539.250 	 88.632 	 253.302
FHW13069	539.375 	 89.079 	 253.299
FHW13069	539.500 	 88.632 	 253.302
FHW13069	539.625 	 89.072 	 253.165
FHW13069	539.750 	 88.633 	 253.303
FHW13069	539.875 	 89.079 	 253.302
FHW13069	540.000 	 88.619 	 253.607
FHW13069	540.125 	 89.079 	 253.302
FHW13069	540.250 	 88.633 	 253.303
FHW13069	540.375 	 89.093 	 253.299
FHW13069	540.500 	 88.608 	 253.169
FHW13069	540.625 	 89.093 	 253.299
FHW13069	540.750 	 88.615 	 253.741
FHW13069	540.875 	 89.086 	 253.169
FHW13069	541.000 	 88.632 	 253.302
FHW13069	541.125 	 89.079 	 253.299
FHW13069	541.250 	 88.632 	 253.299
FHW13069	541.375 	 88.608 	 253.173
FHW13069	541.500 	 89.093 	 253.299
FHW13069	541.625 	 88.629 	 253.741
FHW13069	541.750 	 89.072 	 253.165
FHW13069	541.875 	 88.633 	 253.303
FHW13069	542.000 	 89.079 	 253.302
FHW13069	542.125 	 88.632 	 253.299
FHW13069	542.250 	 89.072 	 253.169
FHW13069	542.375 	 88.629 	 253.738
FHW13069	542.500 	 89.093 	 253.306
FHW13069	542.625 	 88.619 	 253.299
FHW13069	542.750 	 89.086 	 253.165
FHW13069	542.875 	 88.618 	 253.302
FHW13069	543.000 	 89.093 	 253.299
FHW13069	543.125 	 88.622 	 253.173
FHW13069	543.250 	 88.615 	 253.738
FHW13069	543.375 	 89.093 	 253.302
FHW13069	543.500 	 88.619 	 253.299
FHW13069	543.625 	 89.086 	 253.169
FHW13069	543.750 	 88.632 	 253.302
FHW13069	543.875 	 89.079 	 253.299
FHW13069	544.000 	 88.622 	 253.169
FHW13069	544.125 	 89.077 	 253.741
FHW13069	544.250 	 88.632 	 253.299
FHW13069	544.375 	 89.079 	 253.302
FHW13069	544.500 	 88.622 	 253.165
FHW13069	544.625 	 89.093 	 253.302
FHW13069	544.750 	 88.619 	 253.303
FHW13069	544.875 	 89.084 	 253.611
FHW13069	545.000 	 88.619 	 253.299
FHW13069	545.125 	 89.093 	 253.299
FHW13069	545.250 	 88.632 	 253.302
FHW13069	545.375 	 88.608 	 253.169
FHW13069	545.500 	 89.093 	 253.302
FHW13069	545.625 	 88.619 	 253.299
FHW13069	545.750 	 89.091 	 253.738
FHW13069	545.875 	 88.622 	 253.173
FHW13069	546.000 	 89.079 	 253.299
FHW13069	546.125 	 88.632 	 253.302
FHW13069	546.250 	 89.072 	 253.165
FHW13069	546.375 	 88.633 	 253.306
FHW13069	546.500 	 89.079 	 253.299
FHW13069	546.625 	 88.629 	 253.738
FHW13069	546.750 	 89.086 	 253.169
FHW13069	546.875 	 88.619 	 253.299
FHW13069	547.000 	 89.093 	 253.306
FHW13069	547.125 	 88.608 	 253.165
FHW13069	547.250 	 89.093 	 253.299
FHW13069	547.375 	 88.629 	 253.741
FHW13069	547.500 	 88.619 	 253.303
FHW13069	547.625 	 89.086 	 253.169
FHW13069	547.750 	 88.619 	 253.299
FHW13069	547.875 	 89.093 	 253.302
FHW13069	548.000 	 88.622 	 253.169
FHW13069	548.125 	 89.079 	 253.299
FHW13069	548.250 	 88.629 	 253.741
FHW13069	548.375 	 89.079 	 253.299
FHW13069	548.500 	 88.622 	 253.169
FHW13069	548.625 	 89.079 	 253.303
FHW13069	548.750 	 88.632 	 253.299
FHW13069	548.875 	 89.093 	 253.302
FHW13069	549.000 	 88.608 	 253.165
FHW13069	549.125 	 89.091 	 253.745
FHW13069	549.250 	 88.619 	 253.299
FHW13069	549.375 	 88.622 	 253.169
FHW13069	549.500 	 89.093 	 253.299
FHW13069	549.625 	 89.079 	 253.299
FHW13069	549.750 	 88.625 	 252.733
FHW13069	549.875 	 89.079 	 253.299
FHW13069	550.000 	 88.632 	 253.302
FHW13069	550.125 	 89.072 	 253.169
FHW13069	550.250 	 88.632 	 253.299
FHW13069	550.375 	 89.072 	 253.169
FHW13069	550.500 	 88.636 	 252.862
FHW13069	550.625 	 89.093 	 253.302
FHW13069	550.750 	 88.608 	 253.169
FHW13069	550.875 	 89.093 	 253.299
FHW13069	551.000 	 88.618 	 253.302
FHW13069	551.125 	 89.086 	 253.165
FHW13069	551.250 	 88.636 	 252.869
FHW13069	551.375 	 89.072 	 253.165
FHW13069	551.500 	 88.632 	 253.299
FHW13069	551.625 	 89.079 	 253.302
FHW13069	551.750 	 88.622 	 253.169
FHW13069	551.875 	 89.079 	 253.302
FHW13069	552.000 	 88.636 	 252.862
FHW13069	552.125 	 89.086 	 253.165
FHW13069	552.250 	 88.619 	 253.306
FHW13069	552.375 	 89.086 	 253.165
FHW13069	552.500 	 88.618 	 253.302
FHW13069	552.625 	 89.093 	 253.299
FHW13069	552.750 	 88.625 	 252.730
FHW13069	552.875 	 89.079 	 253.302
FHW13069	553.000 	 88.632 	 253.299
FHW13069	553.125 	 89.072 	 253.165
FHW13069	553.250 	 88.633 	 253.306
FHW13069	553.375 	 89.072 	 253.165
FHW13069	553.500 	 88.632 	 253.302
FHW13069	553.625 	 89.095 	 252.862
FHW13069	553.750 	 88.608 	 253.169
FHW13069	553.875 	 89.093 	 253.302
FHW13069	554.000 	 88.619 	 253.299
FHW13069	554.125 	 89.086 	 253.169
FHW13069	554.250 	 89.079 	 253.303
FHW13069	554.375 	 88.625 	 252.726
FHW13069	554.500 	 89.079 	 253.302
FHW13069	554.625 	 88.632 	 253.299
FHW13069	554.750 	 89.086 	 253.173
FHW13069	554.875 	 88.619 	 253.299
FHW13069	555.000 	 89.093 	 253.299
FHW13069	555.125 	 88.625 	 252.729
FHW13069	555.250 	 89.079 	 253.303
FHW13069	555.375 	 88.632 	 253.302
FHW13069	555.500 	 89.072 	 253.165
FHW13069	555.625 	 88.632 	 253.299
FHW13069	555.750 	 89.072 	 253.173
FHW13069	555.875 	 88.636 	 252.862
FHW13069	556.000 	 89.079 	 253.302
FHW13069	556.125 	 88.622 	 253.165
FHW13069	556.250 	 89.093 	 253.303
FHW13069	556.375 	 88.618 	 253.302
FHW13069	556.500 	 89.086 	 253.165
FHW13069	556.625 	 88.622 	 252.865
FHW13069	556.750 	 89.086 	 253.169
FHW13069	556.875 	 88.632 	 253.299
FHW13069	557.000 	 89.079 	 253.302
FHW13069	557.125 	 88.622 	 253.165
FHW13069	557.250 	 89.079 	 253.302
FHW13069	557.375 	 88.636 	 252.866
FHW13069	557.500 	 89.072 	 253.165
FHW13069	557.625 	 88.632 	 253.302
FHW13069	557.750 	 89.086 	 253.169
FHW13069	557.875 	 88.618 	 253.302
FHW13069	558.000 	 89.093 	 253.299
FHW13069	558.125 	 88.611 	 252.726
FHW13069	558.250 	 89.093 	 253.302
FHW13069	558.375 	 88.633 	 253.303
FHW13069	558.500 	 89.072 	 253.169
FHW13069	558.625 	 88.632 	 253.299
FHW13069	558.750 	 89.072 	 253.169
FHW13069	558.875 	 88.636 	 252.865
FHW13069	559.000 	 89.079 	 253.299
FHW13069	559.125 	 89.086 	 253.165
FHW13069	559.250 	 88.632 	 253.302
FHW13069	559.375 	 89.079 	 253.303
FHW13069	559.500 	 88.622 	 253.169
FHW13069	559.625 	 89.079 	 253.299
FHW13069	559.750 	 88.625 	 252.730
FHW13069	559.875 	 89.079 	 253.302
FHW13069	560.000 	 88.632 	 253.299
FHW13069	560.125 	 89.072 	 253.169
FHW13069	560.250 	 88.632 	 253.299
FHW13069	560.375 	 89.093 	 253.303
FHW13069	560.500 	 88.611 	 252.729
FHW13069	560.625 	 89.093 	 253.299
FHW13069	560.750 	 88.608 	 253.173
FHW13069	560.875 	 89.093 	 253.299
FHW13069	561.000 	 88.632 	 253.299
FHW13069	561.125 	 89.072 	 253.169
FHW13069	561.250 	 88.636 	 252.862
FHW13069	561.375 	 89.079 	 253.306
FHW13069	561.500 	 88.622 	 253.165
FHW13069	561.625 	 89.079 	 253.299
FHW13069	561.750 	 88.632 	 253.302
FHW13069	561.875 	 89.086 	 253.169
FHW13069	562.000 	 88.622 	 252.865
FHW13069	562.125 	 89.086 	 253.165
FHW13069	562.250 	 88.619 	 253.299
FHW13069	562.375 	 89.093 	 253.306
FHW13069	562.500 	 88.622 	 253.165
FHW13069	562.625 	 89.079 	 253.302
FHW13069	562.750 	 88.636 	 252.862
FHW13069	562.875 	 89.072 	 253.169
FHW13069	563.000 	 88.632 	 253.302
FHW13069	563.125 	 89.072 	 253.165
FHW13069	563.250 	 88.632 	 253.302
FHW13069	563.375 	 89.093 	 253.303
FHW13069	563.500 	 88.611 	 252.726
FHW13069	563.625 	 89.093 	 253.302
FHW13069	563.750 	 89.079 	 253.299
FHW13069	563.875 	 88.622 	 253.173
FHW13069	564.000 	 89.079 	 253.299
FHW13069	564.125 	 88.622 	 253.165
FHW13069	564.250 	 89.095 	 252.865
FHW13069	564.375 	 88.619 	 253.299
FHW13069	564.500 	 89.086 	 253.173
FHW13069	564.625 	 88.619 	 253.299
FHW13069	564.750 	 89.093 	 253.299
FHW13069	564.875 	 88.622 	 253.173
FHW13069	565.000 	 89.081 	 252.862
FHW13069	565.125 	 88.622 	 253.165
FHW13069	565.250 	 89.079 	 253.302
FHW13069	565.375 	 88.632 	 253.299
FHW13069	565.500 	 89.072 	 253.173
FHW13069	565.625 	 88.632 	 253.299
FHW13069	565.750 	 89.079 	 253.302
FHW13069	565.875 	 88.625 	 252.730
FHW13069	566.000 	 89.093 	 253.299
FHW13069	566.125 	 88.608 	 253.169
FHW13069	566.250 	 89.093 	 253.299
FHW13069	566.375 	 88.618 	 253.302
FHW13069	566.500 	 89.086 	 253.169
FHW13069	566.625 	 88.636 	 252.862
FHW13069	566.750 	 89.079 	 253.302
FHW13069	566.875 	 88.622 	 253.169
FHW13069	567.000 	 89.079 	 253.299
FHW13069	567.125 	 88.622 	 253.169
FHW13069	567.250 	 89.079 	 253.299
FHW13069	567.375 	 88.636 	 252.865
FHW13069	567.500 	 89.086 	 253.169
FHW13069	567.625 	 88.619 	 253.299
FHW13069	567.750 	 89.093 	 253.302
FHW13069	567.875 	 89.072 	 253.169
FHW13069	568.000 	 89.091 	 253.741
FHW13069	568.125 	 89.077 	 253.738
FHW13069	568.250 	 89.091 	 253.741
FHW13069	568.375 	 89.077 	 253.738
FHW13069	568.500 	 89.091 	 253.741
FHW13069	568.625 	 89.077 	 253.738
FHW13069	568.750 	 89.077 	 253.745
FHW13069	568.875 	 89.091 	 253.738
FHW13069	569.000 	 89.538 	 253.741
FHW13069	569.125 	 89.089 	 254.178
FHW13069	569.250 	 89.077 	 253.741
FHW13069	569.375 	 89.091 	 253.738
FHW13069	569.500 	 89.077 	 253.745
FHW13069	569.625 	 89.077 	 253.738
FHW13069	569.750 	 89.091 	 253.741
FHW13069	569.875 	 89.077 	 253.738
FHW13069	570.000 	 89.091 	 253.738
FHW13069	570.125 	 89.077 	 253.741
FHW13069	570.250 	 89.552 	 253.741
FHW13069	570.375 	 89.077 	 253.741
FHW13069	570.500 	 89.077 	 253.738
FHW13069	570.625 	 89.091 	 253.741
FHW13069	570.750 	 89.077 	 253.738
FHW13069	570.875 	 89.091 	 253.741
FHW13069	571.000 	 89.077 	 253.741
FHW13069	571.125 	 89.091 	 253.741
FHW13069	571.250 	 89.077 	 253.738
FHW13069	571.375 	 89.091 	 253.741
FHW13069	571.500 	 89.538 	 253.738
FHW13069	571.625 	 89.077 	 253.741
FHW13069	571.750 	 89.089 	 254.178
FHW13069	571.875 	 89.077 	 253.745
FHW13069	572.000 	 89.091 	 253.738
FHW13069	572.125 	 89.077 	 253.741
FHW13069	572.250 	 89.091 	 253.738
FHW13069	572.375 	 89.077 	 253.741
FHW13069	572.500 	 89.091 	 253.738
FHW13069	572.625 	 89.077 	 253.745
FHW13069	572.750 	 89.538 	 253.738
FHW13069	572.875 	 89.091 	 253.741
FHW13069	573.000 	 89.077 	 253.738
FHW13069	573.125 	 89.091 	 253.741
FHW13069	573.250 	 89.077 	 253.738
FHW13069	573.375 	 89.091 	 253.745
FHW13069	573.500 	 89.077 	 253.738
FHW13069	573.625 	 89.091 	 253.738
FHW13069	573.750 	 89.077 	 253.741
FHW13069	573.875 	 89.091 	 253.738
FHW13069	574.000 	 89.538 	 253.741
FHW13069	574.125 	 89.077 	 253.741
FHW13069	574.250 	 89.091 	 253.741
FHW13069	574.375 	 89.077 	 253.738
FHW13069	574.500 	 89.089 	 254.182
FHW13069	574.625 	 89.077 	 253.738
FHW13069	574.750 	 89.091 	 253.741
FHW13069	574.875 	 89.077 	 253.738
FHW13069	575.000 	 89.077 	 253.745
FHW13069	575.125 	 89.091 	 253.738
FHW13069	575.250 	 89.538 	 253.741
FHW13069	575.375 	 89.091 	 253.738
FHW13069	575.500 	 89.077 	 253.741
FHW13069	575.625 	 89.091 	 253.738
FHW13069	575.750 	 89.077 	 253.745
FHW13069	575.875 	 89.091 	 253.738
FHW13069	576.000 	 89.077 	 253.741
FHW13069	576.125 	 89.077 	 253.738
FHW13069	576.250 	 89.091 	 253.741
FHW13069	576.375 	 89.077 	 253.738
FHW13069	576.500 	 89.552 	 253.745
FHW13069	576.625 	 89.077 	 253.738
FHW13069	576.750 	 89.091 	 253.741
FHW13069	576.875 	 89.077 	 253.738
FHW13069	577.000 	 89.077 	 253.741
FHW13069	577.125 	 89.089 	 254.178
FHW13069	577.250 	 89.077 	 253.745
FHW13069	577.375 	 89.091 	 253.738
FHW13069	577.500 	 89.077 	 253.741
FHW13069	577.625 	 89.091 	 253.738
FHW13069	577.750 	 89.538 	 253.738
FHW13069	577.875 	 89.077 	 253.741
FHW13069	578.000 	 89.091 	 253.738
FHW13069	578.125 	 89.077 	 253.745
FHW13069	578.250 	 89.091 	 253.738
FHW13069	578.375 	 89.077 	 253.741
FHW13069	578.500 	 89.091 	 253.738
FHW13069	578.625 	 89.077 	 253.741
FHW13069	578.750 	 89.091 	 253.738
FHW13069	578.875 	 89.077 	 253.745
FHW13069	579.000 	 89.538 	 253.738
FHW13069	579.125 	 89.091 	 253.741
FHW13069	579.250 	 89.077 	 253.738
FHW13069	579.375 	 89.091 	 253.741
FHW13069	579.500 	 89.077 	 253.738
FHW13069	579.625 	 89.091 	 253.745
FHW13069	579.750 	 89.077 	 253.738
FHW13069	579.875 	 89.089 	 254.182
FHW13069	580.000 	 89.077 	 253.738
FHW13069	580.125 	 89.538 	 253.741
FHW13069	580.250 	 89.091 	 253.738
FHW13069	580.375 	 89.077 	 253.745
FHW13069	580.500 	 89.091 	 253.738
FHW13069	580.625 	 89.077 	 253.741
FHW13069	580.750 	 89.091 	 253.738
FHW13069	580.875 	 89.077 	 253.741
FHW13069	581.000 	 89.091 	 253.738
FHW13069	581.125 	 89.077 	 253.738
FHW13069	581.250 	 89.091 	 253.745
FHW13069	581.375 	 89.077 	 253.738
FHW13069	581.500 	 89.538 	 253.741
FHW13069	581.625 	 89.091 	 253.738
FHW13069	581.750 	 89.077 	 253.741
FHW13069	581.875 	 89.091 	 253.738
FHW13069	582.000 	 89.077 	 253.745
FHW13069	582.125 	 89.091 	 253.738
FHW13069	582.250 	 89.077 	 253.741
FHW13069	582.375 	 89.077 	 253.738
FHW13069	582.500 	 89.089 	 254.182
FHW13069	582.625 	 89.538 	 253.738
FHW13069	582.750 	 89.091 	 253.745
FHW13069	582.875 	 89.077 	 253.738
FHW13069	583.000 	 89.091 	 253.741
FHW13069	583.125 	 89.077 	 253.738
FHW13069	583.250 	 89.077 	 253.741
FHW13069	583.375 	 89.091 	 253.738
FHW13069	583.500 	 89.077 	 253.745
FHW13069	583.625 	 89.091 	 253.738
FHW13069	583.750 	 89.077 	 253.741
FHW13069	583.875 	 89.552 	 253.738
FHW13069	584.000 	 89.077 	 253.741
FHW13069	584.125 	 89.091 	 253.738
FHW13069	584.250 	 89.077 	 253.741
FHW13069	584.375 	 89.077 	 253.741
FHW13069	584.500 	 89.091 	 253.741
FHW13069	584.625 	 89.077 	 253.738
FHW13069	584.750 	 89.091 	 253.738
FHW13069	584.875 	 89.077 	 253.741
FHW13069	585.000 	 89.091 	 253.738
FHW13069	585.125 	 89.538 	 253.745
FHW13069	585.250 	 89.075 	 254.178
FHW13069	585.375 	 89.091 	 253.741
FHW13069	585.500 	 89.077 	 253.738
FHW13069	585.625 	 89.091 	 253.741
FHW13069	585.750 	 89.077 	 253.738
FHW13069	585.875 	 89.091 	 253.745
FHW13069	586.000 	 89.077 	 253.738
FHW13069	586.125 	 89.091 	 253.741
FHW13069	586.250 	 89.077 	 253.738
FHW13069	586.375 	 89.538 	 253.741
FHW13069	586.500 	 89.091 	 253.738
FHW13069	586.625 	 89.077 	 253.745
FHW13069	586.750 	 89.553 	 253.299
FHW13069	586.875 	 89.072 	 253.169
FHW13069	587.000 	 89.539 	 253.299
FHW13069	587.125 	 89.093 	 253.299
FHW13069	587.250 	 89.536 	 253.173
FHW13069	587.375 	 89.079 	 253.299
FHW13069	587.500 	 89.553 	 253.302
FHW13069	587.625 	 89.539 	 253.299
FHW13069	587.750 	 89.072 	 253.169
FHW13069	587.875 	 89.553 	 253.302
FHW13069	588.000 	 89.079 	 253.299
FHW13069	588.125 	 89.536 	 253.169
FHW13069	588.250 	 89.553 	 253.303
FHW13069	588.375 	 89.079 	 253.299
FHW13069	588.500 	 89.536 	 253.169
FHW13069	588.625 	 89.093 	 253.299
FHW13069	588.750 	 89.539 	 253.302
FHW13069	588.875 	 89.072 	 253.169
FHW13069	589.000 	 89.553 	 253.302
FHW13069	589.125 	 89.539 	 253.299
FHW13069	589.250 	 89.079 	 253.299
FHW13069	589.375 	 89.550 	 253.173
FHW13069	589.500 	 89.079 	 253.299
FHW13069	589.625 	 89.539 	 253.302
FHW13069	589.750 	 89.086 	 253.165
FHW13069	589.875 	 89.540 	 253.303
FHW13069	590.000 	 89.539 	 253.302
FHW13069	590.125 	 89.086 	 253.165
FHW13069	590.250 	 89.539 	 253.302
FHW13069	590.375 	 89.079 	 253.299
FHW13069	590.500 	 89.553 	 253.303
FHW13069	590.625 	 89.536 	 253.169
FHW13069	590.750 	 89.079 	 253.299
FHW13069	590.875 	 89.539 	 253.302
FHW13069	591.000 	 89.086 	 253.169
FHW13069	591.125 	 89.539 	 253.299
FHW13069	591.250 	 89.093 	 253.302
FHW13069	591.375 	 89.536 	 253.165
FHW13069	591.500 	 89.540 	 253.306
FHW13069	591.625 	 89.093 	 253.299
FHW13069	591.750 	 89.536 	 253.165
FHW13069	591.875 	 89.079 	 253.302
FHW13069	592.000 	 89.539 	 253.299
FHW13069	592.125 	 89.553 	 253.306
FHW13069	592.250 	 89.072 	 253.165
FHW13069	592.375 	 89.539 	 253.302
FHW13069	592.500 	 89.093 	 253.299
FHW13069	592.625 	 89.536 	 253.169
FHW13069	592.750 	 89.093 	 253.302
FHW13069	592.875 	 89.539 	 253.299
FHW13069	593.000 	 89.536 	 253.169
FHW13069	593.125 	 89.079 	 253.303
FHW13069	593.250 	 89.553 	 253.299
FHW13069	593.375 	 89.079 	 253.302
FHW13069	593.500 	 89.536 	 253.165
FHW13069	593.625 	 89.553 	 253.302
FHW13069	593.750 	 89.079 	 253.303
FHW13069	593.875 	 89.536 	 253.165
FHW13069	594.000 	 89.093 	 253.302
FHW13069	594.125 	 89.539 	 253.299
FHW13069	594.250 	 89.086 	 253.173
FHW13069	594.375 	 89.539 	 253.299
FHW13069	594.500 	 89.539 	 253.299
FHW13069	594.625 	 89.072 	 253.169
FHW13069	594.750 	 89.553 	 253.303
FHW13069	594.875 	 89.079 	 253.302
FHW13069	595.000 	 89.539 	 253.299
FHW13069	595.125 	 89.550 	 253.169
FHW13069	595.250 	 89.079 	 253.299
FHW13069	595.375 	 89.540 	 253.303
FHW13069	595.500 	 89.086 	 253.169
FHW13069	595.625 	 89.539 	 253.299
FHW13069	595.750 	 89.079 	 253.302
FHW13069	595.875 	 89.550 	 253.169
FHW13069	596.000 	 89.539 	 253.299
FHW13069	596.125 	 89.079 	 253.302
FHW13069	596.250 	 89.550 	 253.165
FHW13069	596.375 	 89.079 	 253.306
FHW13069	596.500 	 89.539 	 253.299
FHW13069	596.625 	 89.553 	 253.299
FHW13069	596.750 	 89.072 	 253.169
FHW13069	596.875 	 89.539 	 253.299
FHW13069	597.000 	 89.093 	 253.306
FHW13069	597.125 	 89.536 	 253.165
FHW13069	597.250 	 89.079 	 253.299
FHW13069	597.375 	 89.553 	 253.302
FHW13069	597.500 	 89.536 	 253.169
FHW13069	597.625 	 89.079 	 253.302
FHW13069	597.750 	 89.553 	 253.299
FHW13069	597.875 	 89.079 	 253.299
FHW13069	598.000 	 89.536 	 253.173
FHW13069	598.125 	 89.091 	 253.738
FHW13069	598.250 	 89.539 	 253.302
FHW13069	598.375 	 89.536 	 253.165
FHW13069	598.500 	 89.093 	 253.302
FHW13069	598.625 	 89.540 	 253.303
FHW13069	598.750 	 89.072 	 253.165
FHW13069	598.875 	 89.553 	 253.302
FHW13069	599.000 	 89.539 	 253.299
FHW13069	599.125 	 89.072 	 253.173
FHW13069	599.250 	 89.553 	 253.299
FHW13069	599.375 	 89.079 	 253.299
FHW13069	599.500 	 89.539 	 253.302
FHW13069	599.625 	 89.086 	 253.169
FHW13069	599.750 	 89.539 	 253.302
FHW13069	599.875 	 89.539 	 253.299
FHW13069	600.000 	 89.086 	 253.165
FHW13069	600.125 	 89.539 	 253.302
FHW13069	600.250 	 89.079 	 253.303
FHW13069	600.375 	 89.550 	 253.169
FHW13069	600.500 	 89.539 	 253.299
FHW13069	600.625 	 89.079 	 253.302
FHW13069	600.750 	 89.536 	 253.169
FHW13069	600.875 	 89.093 	 253.299
FHW13069	601.000 	 89.539 	 253.302
FHW13069	601.125 	 89.093 	 253.299
FHW13069	601.250 	 89.536 	 253.173
FHW13069	601.375 	 89.539 	 253.299
FHW13069	601.500 	 89.093 	 253.299
FHW13069	601.625 	 89.536 	 253.169
FHW13069	601.750 	 89.079 	 253.299
FHW13069	601.875 	 89.540 	 253.306
FHW13069	602.000 	 89.550 	 253.165
FHW13069	602.125 	 89.079 	 253.299
FHW13069	602.250 	 89.539 	 253.302
FHW13069	602.375 	 89.093 	 253.299
FHW13069	602.500 	 89.536 	 253.173
FHW13069	602.625 	 89.093 	 253.299
FHW13069	602.750 	 89.539 	 253.299
FHW13069	602.875 	 89.536 	 253.173
FHW13069	603.000 	 89.079 	 253.299
FHW13069	603.125 	 89.553 	 253.302
FHW13069	603.250 	 89.072 	 253.165
FHW13069	603.375 	 89.539 	 253.302
FHW13069	603.500 	 89.553 	 253.303
FHW13069	603.625 	 89.072 	 253.165
FHW13069	603.750 	 89.539 	 253.302
FHW13069	603.875 	 89.093 	 253.299
FHW13069	604.000 	 89.540 	 253.306
FHW13069	604.125 	 89.072 	 253.165
FHW13069	604.250 	 89.553 	 253.299
FHW13069	604.375 	 89.539 	 253.302
FHW13069	604.500 	 89.072 	 253.169
FHW13069	604.625 	 89.553 	 253.302
FHW13069	604.750 	 89.079 	 253.299
FHW13069	604.875 	 89.536 	 253.165
FHW13069	605.000 	 89.553 	 253.302
FHW13069	605.125 	 89.079 	 253.303
FHW13069	605.250 	 89.539 	 253.302
FHW13069	605.375 	 89.088 	 252.726
FHW13069	605.500 	 89.537 	 252.730
FHW13069	605.625 	 89.540 	 252.865
FHW13069	605.750 	 89.537 	 252.726
FHW13069	605.875 	 89.554 	 252.862
FHW13069	606.000 	 89.537 	 252.733
FHW13069	606.125 	 89.074 	 252.726
FHW13069	606.250 	 89.554 	 252.862
FHW13069	606.375 	 89.537 	 252.733
FHW13069	606.500 	 89.537 	 252.726
FHW13069	606.625 	 89.540 	 252.862
FHW13069	606.750 	 89.551 	 252.733
FHW13069	606.875 	 89.081 	 252.862
FHW13069	607.000 	 89.537 	 252.726
FHW13069	607.125 	 89.537 	 252.733
FHW13069	607.250 	 89.554 	 252.862
FHW13069	607.375 	 89.537 	 252.726
FHW13069	607.500 	 89.540 	 252.865
FHW13069	607.625 	 89.088 	 252.730
FHW13069	607.750 	 89.537 	 252.726
FHW13069	607.875 	 89.540 	 252.865
FHW13069	608.000 	 89.537 	 252.730
FHW13069	608.125 	 89.551 	 252.726
FHW13069	608.250 	 89.540 	 252.865
FHW13069	608.375 	 89.074 	 252.730
FHW13069	608.500 	 89.540 	 252.862
FHW13069	608.625 	 89.551 	 252.729
FHW13069	608.750 	 89.537 	 252.726
FHW13069	608.875 	 89.542 	 252.431
FHW13069	609.000 	 89.537 	 252.729
FHW13069	609.125 	 89.095 	 252.862
FHW13069	609.250 	 89.537 	 252.730
FHW13069	609.375 	 89.537 	 252.729
FHW13069	609.500 	 89.554 	 252.862
FHW13069	609.625 	 89.537 	 252.730
FHW13069	609.750 	 89.537 	 252.729
FHW13069	609.875 	 89.081 	 252.862
FHW13069	610.000 	 89.551 	 252.726
FHW13069	610.125 	 89.541 	 252.869
FHW13069	610.250 	 89.537 	 252.726
FHW13069	610.375 	 89.537 	 252.726
FHW13069	610.500 	 89.555 	 252.869
FHW13069	610.625 	 89.074 	 252.726
FHW13069	610.750 	 89.537 	 252.726
FHW13069	610.875 	 89.554 	 252.865
FHW13069	611.000 	 89.537 	 252.730
FHW13069	611.125 	 89.540 	 252.862
FHW13069	611.250 	 89.537 	 252.729
FHW13069	611.375 	 89.088 	 252.730
FHW13069	611.500 	 89.540 	 252.862
FHW13069	611.625 	 89.537 	 252.729
FHW13069	611.750 	 89.541 	 252.866
FHW13069	611.875 	 89.551 	 252.726
FHW13069	612.000 	 89.537 	 252.729
FHW13069	612.125 	 89.081 	 252.862
FHW13069	612.250 	 89.551 	 252.730
FHW13069	612.375 	 89.537 	 252.729
FHW13069	612.500 	 89.542 	 252.427
FHW13069	612.625 	 89.537 	 252.730
FHW13069	612.750 	 89.554 	 252.865
FHW13069	612.875 	 89.074 	 252.726
FHW13069	613.000 	 89.537 	 252.730
FHW13069	613.125 	 89.540 	 252.865
FHW13069	613.250 	 89.551 	 252.726
FHW13069	613.375 	 89.537 	 252.730
FHW13069	613.500 	 89.540 	 252.865
FHW13069	613.625 	 89.088 	 252.726
FHW13069	613.750 	 89.540 	 252.862
FHW13069	613.875 	 89.537 	 252.733
FHW13069	614.000 	 89.537 	 252.726
FHW13069	614.125 	 89.554 	 252.862
FHW13069	614.250 	 89.537 	 252.733
FHW13069	614.375 	 89.081 	 252.862
FHW13069	614.500 	 89.537 	 252.726
FHW13069	614.625 	 89.551 	 252.733
FHW13069	614.750 	 89.540 	 252.862
FHW13069	614.875 	 89.537 	 252.726
FHW13069	615.000 	 89.537 	 252.733
FHW13069	615.125 	 89.095 	 252.862
FHW13069	615.250 	 89.537 	 252.726
FHW13069	615.375 	 89.540 	 252.865
FHW13069	615.500 	 89.551 	 252.730
FHW13069	615.625 	 89.537 	 252.726
FHW13069	615.750 	 89.540 	 252.865
FHW13069	615.875 	 89.074 	 252.730
FHW13069	616.000 	 89.551 	 252.726
FHW13069	616.125 	 89.542 	 252.431
FHW13069	616.250 	 89.537 	 252.730
FHW13069	616.375 	 89.540 	 252.862
FHW13069	616.500 	 89.551 	 252.729
FHW13069	616.625 	 89.074 	 252.730
FHW13069	616.750 	 89.540 	 252.862
FHW13069	616.875 	 89.551 	 252.729
FHW13069	617.000 	 89.540 	 252.862
FHW13069	617.125 	 89.537 	 252.730
FHW13069	617.250 	 89.537 	 252.729
FHW13069	617.375 	 89.095 	 252.862
FHW13069	617.500 	 89.537 	 252.730
FHW13069	617.625 	 89.537 	 252.729
FHW13069	617.750 	 89.540 	 252.862
FHW13069	617.875 	 89.551 	 252.730
FHW13069	618.000 	 89.540 	 252.865
FHW13069	618.125 	 89.537 	 252.726
FHW13069	618.250 	 89.088 	 252.730
FHW13069	618.375 	 89.540 	 252.865
FHW13069	618.500 	 89.537 	 252.726
FHW13069	618.625 	 89.540 	 252.862
FHW13069	618.750 	 89.551 	 252.733
FHW13069	618.875 	 89.537 	 252.726
FHW13069	619.000 	 89.081 	 252.862
FHW13069	619.125 	 89.537 	 252.733
FHW13069	619.250 	 89.551 	 252.726
FHW13069	619.375 	 89.540 	 252.862
FHW13069	619.500 	 89.537 	 252.733
FHW13069	619.625 	 89.540 	 252.862
FHW13069	619.750 	 89.090 	 252.288
FHW13069	619.875 	 89.537 	 252.729
FHW13069	620.000 	 89.541 	 252.866
FHW13069	620.125 	 89.551 	 252.726
FHW13069	620.250 	 89.537 	 252.729
FHW13069	620.375 	 89.541 	 252.866
FHW13069	620.500 	 89.074 	 252.726
FHW13069	620.625 	 89.554 	 252.865
FHW13069	620.750 	 89.537 	 252.730
FHW13069	620.875 	 89.537 	 252.726
FHW13069	621.000 	 89.540 	 252.865
FHW13069	621.125 	 89.551 	 252.726
FHW13069	621.250 	 89.081 	 252.866
FHW13069	621.375 	 89.537 	 252.729
FHW13069	621.500 	 89.551 	 252.726
FHW13069	621.625 	 89.541 	 252.866
FHW13069	621.750 	 89.537 	 252.729
FHW13069	621.875 	 89.537 	 252.726
FHW13069	622.000 	 89.095 	 252.862
FHW13069	622.125 	 89.537 	 252.733
FHW13069	622.250 	 89.540 	 252.862
FHW13069	622.375 	 89.537 	 252.726
FHW13069	622.500 	 89.551 	 252.733
FHW13069	622.625 	 89.540 	 252.862
FHW13069	622.750 	 89.074 	 252.726
FHW13069	622.875 	 89.551 	 252.733
FHW13069	623.000 	 89.540 	 252.862
FHW13069	623.125 	 89.537 	 252.726
FHW13069	623.250 	 89.542 	 252.431
FHW13069	623.375 	 89.537 	 252.730
FHW13069	623.500 	 89.088 	 252.726
FHW13069	623.625 	 89.540 	 252.865
FHW13069	623.750 	 89.537 	 252.730
FHW13069	623.875 	 89.554 	 252.862
FHW13069	624.000 	 89.536 	 253.169
FHW13069	624.125 	 89.081 	 252.866
FHW13069	624.250 	 89.551 	 252.726
FHW13069	624.375 	 89.539 	 253.302
FHW13069	624.500 	 89.537 	 252.726
FHW13069	624.625 	 89.093 	 253.306
FHW13069	624.750 	 89.537 	 252.726
FHW13069	624.875 	 89.540 	 252.862
FHW13069	625.000 	 89.072 	 253.173
FHW13069	625.125 	 89.554 	 252.862
FHW13069	625.250 	 89.536 	 253.165
FHW13069	625.375 	 89.540 	 252.865
FHW13069	625.500 	 89.086 	 253.169
FHW13069	625.625 	 89.540 	 252.862
FHW13069	625.750 	 89.537 	 252.729
FHW13069	625.875 	 89.093 	 253.299
FHW13069	626.000 	 89.537 	 252.733
FHW13069	626.125 	 89.539 	 253.299
FHW13069	626.250 	 89.537 	 252.726
FHW13069	626.375 	 89.095 	 252.869
FHW13069	626.500 	 89.536 	 253.165
FHW13069	626.625 	 89.540 	 252.862
FHW13069	626.750 	 89.536 	 253.169
FHW13069	626.875 	 89.095 	 252.866
FHW13069	627.000 	 89.536 	 253.169
FHW13069	627.125 	 89.540 	 252.862
FHW13069	627.250 	 89.095 	 252.862
FHW13069	627.375 	 89.536 	 253.173
FHW13069	627.500 	 89.540 	 252.862
FHW13069	627.625 	 89.536 	 253.165
FHW13069	627.750 	 89.095 	 252.865
FHW13069	627.875 	 89.537 	 252.730
FHW13069	628.000 	 89.539 	 253.299
FHW13069	628.125 	 89.088 	 252.729
FHW13069	628.250 	 89.540 	 253.303
FHW13069	628.375 	 89.537 	 252.729
FHW13069	628.500 	 89.554 	 252.862
FHW13069	628.625 	 89.072 	 253.165
FHW13069	628.750 	 89.541 	 252.869
FHW13069	628.875 	 89.536 	 253.165
FHW13069	629.000 	 89.554 	 252.862
FHW13069	629.125 	 89.072 	 253.173
FHW13069	629.250 	 89.540 	 252.862
FHW13069	629.375 	 89.551 	 252.726
FHW13069	629.500 	 89.079 	 253.302
FHW13069	629.625 	 89.537 	 252.730
FHW13069	629.750 	 89.553 	 253.302
FHW13069	629.875 	 89.537 	 252.726
FHW13069	630.000 	 89.081 	 252.862
FHW13069	630.125 	 89.536 	 253.173
FHW13069	630.250 	 89.554 	 252.862
FHW13069	630.375 	 89.072 	 253.165
FHW13069	630.500 	 89.540 	 252.865
FHW13069	630.625 	 89.553 	 253.303
FHW13069	630.750 	 89.537 	 252.726
FHW13069	630.875 	 89.081 	 252.865
FHW13069	631.000 	 89.550 	 253.169
FHW13069	631.125 	 89.540 	 252.865
FHW13069	631.250 	 89.536 	 253.165
FHW13069	631.375 	 89.095 	 252.862
FHW13069	631.500 	 89.537 	 252.733
FHW13069	631.625 	 89.539 	 253.299
FHW13069	631.750 	 89.074 	 252.726
FHW13069	631.875 	 89.553 	 253.302
FHW13069	632.000 	 89.537 	 252.730
FHW13069	632.125 	 89.540 	 252.862
FHW13069	632.250 	 89.086 	 253.169
FHW13069	632.375 	 89.541 	 252.866
FHW13069	632.500 	 89.536 	 253.169
FHW13069	632.625 	 89.540 	 252.862
FHW13069	632.750 	 89.086 	 253.165
FHW13069	632.875 	 89.541 	 252.869
FHW13069	633.000 	 89.537 	 252.726
FHW13069	633.125 	 89.093 	 253.299
FHW13069	633.250 	 89.537 	 252.733
FHW13069	633.375 	 89.539 	 253.299
FHW13069	633.500 	 89.537 	 252.729
FHW13069	633.625 	 89.095 	 252.862
FHW13069	633.750 	 89.536 	 253.169
FHW13069	633.875 	 89.540 	 252.865
FHW13069	634.000 	 89.093 	 253.299
FHW13069	634.125 	 89.537 	 252.726
FHW13069	634.250 	 89.540 	 253.306
FHW13069	634.375 	 89.537 	 252.726
FHW13069	634.500 	 89.095 	 252.862
FHW13069	634.625 	 89.536 	 253.169
FHW13069	634.750 	 89.541 	 252.866
FHW13069	634.875 	 89.086 	 253.169
FHW13069	635.000 	 89.540 	 252.862
FHW13069	635.125 	 89.537 	 252.730
FHW13069	635.250 	 89.553 	 253.302
FHW13069	635.375 	 89.074 	 252.726
FHW13069	635.500 	 89.539 	 253.299
FHW13069	635.625 	 89.537 	 252.733
FHW13069	635.750 	 89.554 	 252.862
FHW13069	635.875 	 89.072 	 253.165
FHW13069	636.000 	 89.540 	 252.865
FHW13069	636.125 	 89.550 	 253.169
FHW13069	636.250 	 89.081 	 252.865
FHW13069	636.375 	 89.536 	 253.165
FHW13069	636.500 	 89.555 	 252.866
FHW13069	636.625 	 89.537 	 252.729
FHW13069	636.750 	 89.079 	 253.299
FHW13069	636.875 	 89.551 	 252.726
FHW13069	637.000 	 89.540 	 253.306
FHW13069	637.125 	 89.081 	 252.862
FHW13069	637.250 	 89.537 	 252.726
FHW13069	637.375 	 89.553 	 253.302
FHW13069	637.500 	 89.537 	 252.730
FHW13069	637.625 	 89.079 	 253.302
FHW13069	637.750 	 89.551 	 252.726
FHW13069	637.875 	 89.539 	 253.299
FHW13069	638.000 	 89.537 	 252.733
FHW13069	638.125 	 89.095 	 252.862
FHW13069	638.250 	 89.536 	 253.165
FHW13069	638.375 	 89.541 	 252.869
FHW13069	638.500 	 89.072 	 253.165
FHW13069	638.625 	 89.554 	 252.865
FHW13069	638.750 	 89.537 	 252.726
FHW13069	638.875 	 89.540 	 253.303
FHW13069	639.000 	 89.088 	 252.729
FHW13069	639.125 	 89.539 	 253.299
FHW13069	639.250 	 89.537 	 252.730
FHW13069	639.375 	 89.540 	 252.865
FHW13069	639.500 	 89.086 	 253.165
FHW13069	639.625 	 89.540 	 252.862
FHW13069	639.750 	 89.536 	 253.173
FHW13069	639.875 	 89.095 	 252.862
FHW13069	640.000 	 89.536 	 253.169
FHW13069	640.125 	 89.540 	 252.862
FHW13069	640.250 	 89.537 	 252.730
FHW13069	640.375 	 89.093 	 253.302
FHW13069	640.500 	 89.540 	 252.862
FHW13069	640.625 	 89.536 	 253.169
FHW13069	640.750 	 89.095 	 252.865
FHW13069	640.875 	 89.537 	 252.726
FHW13069	641.000 	 89.539 	 253.299
FHW13069	641.125 	 89.537 	 252.733
FHW13069	641.250 	 89.093 	 253.299
FHW13069	641.375 	 89.537 	 252.729
FHW13069	641.500 	 89.540 	 252.862
FHW13069	641.625 	 89.086 	 253.169
FHW13069	641.750 	 89.540 	 252.865
FHW13069	641.875 	 89.536 	 253.165
FHW13069	642.000 	 89.554 	 252.862
FHW13069	642.125 	 89.072 	 253.173
FHW13069	642.250 	 89.540 	 252.862
FHW13069	642.375 	 89.537 	 252.726
FHW13069	642.500 	 89.553 	 253.306
FHW13069	642.625 	 89.074 	 252.726
FHW13069	642.750 	 89.539 	 253.302
FHW13069	642.875 	 89.551 	 252.726
FHW13069	643.000 	 89.079 	 253.303
FHW13069	643.125 	 89.537 	 252.729
FHW13069	643.250 	 89.553 	 253.299
FHW13069	643.375 	 89.081 	 252.862
FHW13069	643.500 	 89.537 	 252.733
FHW13069	643.625 	 89.553 	 253.299
FHW13069	643.750 	 89.074 	 252.729
FHW13069	643.875 	 89.539 	 253.299
FHW13069	644.000 	 89.537 	 252.730
FHW13069	644.125 	 89.553 	 253.302
FHW13069	644.250 	 89.074 	 252.726
FHW13069	644.375 	 89.540 	 253.303
FHW13069	644.500 	 89.551 	 252.729
FHW13069	644.625 	 89.079 	 253.299
FHW13069	644.750 	 89.537 	 252.726
FHW13069	644.875 	 89.555 	 252.869
FHW13069	645.000 	 89.072 	 253.165
FHW13069	645.125 	 89.540 	 252.865
FHW13069	645.250 	 89.539 	 253.299
FHW13069	645.375 	 89.088 	 252.730
FHW13069	645.500 	 89.539 	 253.302
FHW13069	645.625 	 89.537 	 252.726
FHW13069	645.750 	 89.553 	 253.299
FHW13069	645.875 	 89.074 	 252.733
FHW13069	646.000 	 89.539 	 253.299
FHW13069	646.125 	 89.551 	 252.729
FHW13069	646.250 	 89.081 	 252.866
FHW13069	646.375 	 89.536 	 253.165
FHW13069	646.500 	 89.540 	 252.865
FHW13069	646.625 	 89.086 	 253.169
FHW13069	646.750 	 89.540 	 252.862
FHW13069	646.875 	 89.536 	 253.169
FHW13069	647.000 	 89.095 	 252.862
FHW13069	647.125 	 89.536 	 253.173
FHW13069	647.250 	 89.540 	 252.862
FHW13069	647.375 	 89.553 	 253.299
FHW13069	647.500 	 89.074 	 252.729
FHW13069	647.625 	 89.540 	 252.862
FHW13069	647.750 	 89.536 	 253.169
FHW13069	647.875 	 89.095 	 252.865
FHW13069	648.000 	 89.536 	 253.165
FHW13069	648.125 	 89.541 	 252.866
FHW13069	648.250 	 89.086 	 253.169
FHW13069	648.375 	 89.540 	 252.862
FHW13069	648.500 	 89.536 	 253.173
FHW13069	648.625 	 89.095 	 252.862
FHW13069	648.750 	 89.536 	 253.165
FHW13069	648.875 	 89.540 	 252.865
FHW13069	649.000 	 89.551 	 252.730
FHW13069	649.125 	 89.079 	 253.299
FHW13069	649.250 	 89.540 	 252.865
FHW13069	649.375 	 89.536 	 253.165
FHW13069	649.500 	 89.095 	 252.866
FHW13069	649.625 	 89.536 	 253.169
FHW13069	649.750 	 89.540 	 252.862
FHW13069	649.875 	 89.086 	 253.169
FHW13069	650.000 	 89.541 	 252.866
FHW13069	650.125 	 89.536 	 253.165
FHW13069	650.250 	 89.095 	 252.865
FHW13069	650.375 	 89.537 	 252.730
FHW13069	650.500 	 89.539 	 253.299
FHW13069	650.625 	 89.088 	 252.729
FHW13069	650.750 	 89.539 	 253.299
FHW13069	650.875 	 89.537 	 252.733
FHW13069	651.000 	 89.539 	 253.299
FHW13069	651.125 	 89.088 	 252.726
FHW13069	651.250 	 89.539 	 253.302
FHW13069	651.375 	 89.541 	 252.866
FHW13069	651.500 	 89.086 	 253.165
FHW13069	651.625 	 89.540 	 252.865
FHW13069	651.750 	 89.537 	 252.726
FHW13069	651.875 	 89.093 	 253.306
FHW13069	652.000 	 89.537 	 252.726
FHW13069	652.125 	 89.539 	 253.299
FHW13069	652.250 	 89.088 	 252.733
FHW13069	652.375 	 89.539 	 253.299
FHW13069	652.500 	 89.537 	 252.726
FHW13069	652.625 	 89.539 	 253.302
FHW13069	652.750 	 89.088 	 252.730
FHW13069	652.875 	 89.539 	 253.299
FHW13069	653.000 	 89.537 	 252.729
FHW13069	653.125 	 89.093 	 253.299
FHW13069	653.250 	 89.541 	 252.869
FHW13069	653.375 	 89.537 	 252.726
FHW13069	653.500 	 89.093 	 253.299
FHW13069	653.625 	 89.537 	 252.733
FHW13069	653.750 	 89.539 	 253.299
FHW13069	653.875 	 89.088 	 252.726
FHW13069	654.000 	 89.539 	 253.302
