#WellName	 Depth.M	 INCL	 AZIM 
WellName	 Depth.M	 INCL	 AZIM 
FHW12098	0.000 	 0.000 	 0.000
FHW12098	0.125 	 1.374 	 22.400
FHW12098	0.250 	 1.374 	 22.400
FHW12098	0.375 	 1.374 	 22.400
FHW12098	0.500 	 1.374 	 22.400
FHW12098	0.625 	 1.374 	 22.400
FHW12098	0.750 	 1.374 	 22.400
FHW12098	0.875 	 1.374 	 22.400
FHW12098	1.000 	 1.374 	 22.400
FHW12098	1.125 	 1.374 	 22.400
FHW12098	1.250 	 1.374 	 22.400
FHW12098	1.375 	 1.374 	 22.400
FHW12098	1.500 	 1.374 	 22.400
FHW12098	1.625 	 1.374 	 22.400
FHW12098	1.750 	 1.374 	 22.400
FHW12098	1.875 	 1.374 	 22.400
FHW12098	2.000 	 1.374 	 22.400
FHW12098	2.125 	 1.374 	 22.400
FHW12098	2.250 	 1.374 	 22.400
FHW12098	2.375 	 1.374 	 22.400
FHW12098	2.500 	 1.374 	 22.400
FHW12098	2.625 	 1.374 	 22.400
FHW12098	2.750 	 1.374 	 22.400
FHW12098	2.875 	 1.374 	 22.400
FHW12098	3.000 	 1.374 	 22.400
FHW12098	3.125 	 1.374 	 22.400
FHW12098	3.250 	 1.374 	 22.400
FHW12098	3.375 	 1.374 	 22.400
FHW12098	3.500 	 1.374 	 22.400
FHW12098	3.625 	 1.374 	 22.400
FHW12098	3.750 	 1.374 	 22.400
FHW12098	3.875 	 1.374 	 22.400
FHW12098	4.000 	 1.374 	 22.400
FHW12098	4.125 	 1.374 	 22.400
FHW12098	4.250 	 1.374 	 22.400
FHW12098	4.375 	 1.374 	 22.400
FHW12098	4.500 	 1.374 	 22.400
FHW12098	4.625 	 1.374 	 22.400
FHW12098	4.750 	 1.374 	 22.400
FHW12098	4.875 	 1.374 	 22.400
FHW12098	5.000 	 1.374 	 22.400
FHW12098	5.125 	 1.374 	 22.400
FHW12098	5.250 	 1.374 	 22.400
FHW12098	5.375 	 1.374 	 22.400
FHW12098	5.500 	 1.374 	 22.400
FHW12098	5.625 	 1.374 	 22.400
FHW12098	5.750 	 1.374 	 22.400
FHW12098	5.875 	 1.374 	 22.400
FHW12098	6.000 	 1.374 	 22.400
FHW12098	6.125 	 1.374 	 22.400
FHW12098	6.250 	 1.374 	 22.400
FHW12098	6.375 	 1.374 	 22.400
FHW12098	6.500 	 1.374 	 22.400
FHW12098	6.625 	 1.374 	 22.400
FHW12098	6.750 	 1.374 	 22.400
FHW12098	6.875 	 1.374 	 22.400
FHW12098	7.000 	 1.374 	 22.400
FHW12098	7.125 	 1.374 	 22.400
FHW12098	7.250 	 1.374 	 22.400
FHW12098	7.375 	 1.374 	 22.400
FHW12098	7.500 	 1.374 	 22.400
FHW12098	7.625 	 1.374 	 22.400
FHW12098	7.750 	 1.374 	 22.400
FHW12098	7.875 	 1.374 	 22.400
FHW12098	8.000 	 1.374 	 22.400
FHW12098	8.125 	 1.374 	 22.400
FHW12098	8.250 	 1.374 	 22.400
FHW12098	8.375 	 1.374 	 22.400
FHW12098	8.500 	 1.374 	 22.400
FHW12098	8.625 	 1.374 	 22.400
FHW12098	8.750 	 1.374 	 22.400
FHW12098	8.875 	 1.374 	 22.400
FHW12098	9.000 	 1.374 	 22.400
FHW12098	9.125 	 1.374 	 22.400
FHW12098	9.250 	 1.374 	 22.400
FHW12098	9.375 	 1.374 	 22.400
FHW12098	9.500 	 1.374 	 22.400
FHW12098	9.625 	 1.374 	 22.400
FHW12098	9.750 	 1.374 	 22.400
FHW12098	9.875 	 1.374 	 22.400
FHW12098	10.000 	 1.374 	 22.400
FHW12098	10.125 	 1.374 	 22.400
FHW12098	10.250 	 1.374 	 22.400
FHW12098	10.375 	 1.374 	 22.400
FHW12098	10.500 	 1.374 	 22.400
FHW12098	10.625 	 1.374 	 22.400
FHW12098	10.750 	 1.374 	 22.400
FHW12098	10.875 	 1.374 	 22.400
FHW12098	11.000 	 1.374 	 22.400
FHW12098	11.125 	 1.374 	 22.400
FHW12098	11.250 	 1.374 	 22.400
FHW12098	11.375 	 1.374 	 22.400
FHW12098	11.500 	 1.374 	 22.400
FHW12098	11.625 	 1.374 	 22.400
FHW12098	11.750 	 1.374 	 22.400
FHW12098	11.875 	 1.374 	 22.400
FHW12098	12.000 	 1.374 	 22.400
FHW12098	12.125 	 1.374 	 22.400
FHW12098	12.250 	 1.374 	 22.400
FHW12098	12.375 	 1.374 	 22.400
FHW12098	12.500 	 1.374 	 22.400
FHW12098	12.625 	 1.374 	 22.400
FHW12098	12.750 	 1.374 	 22.400
FHW12098	12.875 	 1.374 	 22.400
FHW12098	13.000 	 1.374 	 22.400
FHW12098	13.125 	 1.374 	 22.400
FHW12098	13.250 	 1.374 	 22.400
FHW12098	13.375 	 1.374 	 22.400
FHW12098	13.500 	 1.374 	 22.400
FHW12098	13.625 	 1.374 	 22.400
FHW12098	13.750 	 1.374 	 22.400
FHW12098	13.875 	 1.374 	 22.400
FHW12098	14.000 	 1.374 	 22.400
FHW12098	14.125 	 1.374 	 22.400
FHW12098	14.250 	 1.374 	 22.400
FHW12098	14.375 	 1.374 	 22.400
FHW12098	14.500 	 1.374 	 22.400
FHW12098	14.625 	 1.374 	 22.400
FHW12098	14.750 	 1.374 	 22.400
FHW12098	14.875 	 1.374 	 22.400
FHW12098	15.000 	 1.374 	 22.400
FHW12098	15.125 	 1.374 	 22.400
FHW12098	15.250 	 1.374 	 22.400
FHW12098	15.375 	 1.374 	 22.400
FHW12098	15.500 	 1.374 	 22.400
FHW12098	15.625 	 1.374 	 22.400
FHW12098	15.750 	 1.374 	 22.400
FHW12098	15.875 	 1.374 	 22.400
FHW12098	16.000 	 1.374 	 22.400
FHW12098	16.125 	 1.374 	 22.400
FHW12098	16.250 	 1.374 	 22.400
FHW12098	16.375 	 1.374 	 22.400
FHW12098	16.500 	 1.374 	 22.400
FHW12098	16.625 	 1.374 	 22.400
FHW12098	16.750 	 1.374 	 22.400
FHW12098	16.875 	 1.374 	 22.400
FHW12098	17.000 	 1.374 	 22.400
FHW12098	17.125 	 1.374 	 22.400
FHW12098	17.250 	 1.374 	 22.400
FHW12098	17.375 	 1.374 	 22.400
FHW12098	17.500 	 1.374 	 22.400
FHW12098	17.625 	 1.374 	 22.400
FHW12098	17.750 	 1.374 	 22.400
FHW12098	17.875 	 1.374 	 22.400
FHW12098	18.000 	 1.374 	 22.400
FHW12098	18.125 	 1.374 	 22.400
FHW12098	18.250 	 1.374 	 22.400
FHW12098	18.375 	 1.374 	 22.400
FHW12098	18.500 	 1.374 	 22.400
FHW12098	18.625 	 1.374 	 22.400
FHW12098	18.750 	 1.374 	 22.400
FHW12098	18.875 	 1.374 	 22.400
FHW12098	19.000 	 1.374 	 22.400
FHW12098	19.125 	 1.374 	 22.400
FHW12098	19.250 	 1.374 	 22.400
FHW12098	19.375 	 1.374 	 22.400
FHW12098	19.500 	 1.374 	 22.400
FHW12098	19.625 	 1.374 	 22.400
FHW12098	19.750 	 1.374 	 22.400
FHW12098	19.875 	 1.374 	 22.400
FHW12098	20.000 	 1.374 	 22.400
FHW12098	20.125 	 1.374 	 22.400
FHW12098	20.250 	 1.374 	 22.400
FHW12098	20.375 	 1.374 	 22.400
FHW12098	20.500 	 1.374 	 22.400
FHW12098	20.625 	 1.374 	 22.400
FHW12098	20.750 	 1.374 	 22.400
FHW12098	20.875 	 1.374 	 22.400
FHW12098	21.000 	 1.374 	 22.400
FHW12098	21.125 	 1.374 	 22.400
FHW12098	21.250 	 1.374 	 22.400
FHW12098	21.375 	 1.374 	 22.400
FHW12098	21.500 	 1.374 	 22.400
FHW12098	21.625 	 1.374 	 22.400
FHW12098	21.750 	 1.374 	 22.400
FHW12098	21.875 	 1.374 	 22.400
FHW12098	22.000 	 1.374 	 22.400
FHW12098	22.125 	 1.374 	 22.400
FHW12098	22.250 	 1.374 	 22.400
FHW12098	22.375 	 1.374 	 22.400
FHW12098	22.500 	 1.374 	 22.400
FHW12098	22.625 	 1.374 	 22.400
FHW12098	22.750 	 1.374 	 22.400
FHW12098	22.875 	 1.374 	 22.400
FHW12098	23.000 	 1.374 	 22.400
FHW12098	23.125 	 1.374 	 22.400
FHW12098	23.250 	 1.374 	 22.400
FHW12098	23.375 	 1.374 	 22.400
FHW12098	23.500 	 1.374 	 22.400
FHW12098	23.625 	 1.374 	 22.400
FHW12098	23.750 	 1.374 	 22.400
FHW12098	23.875 	 1.374 	 22.400
FHW12098	24.000 	 1.374 	 22.400
FHW12098	24.125 	 1.374 	 22.400
FHW12098	24.250 	 1.374 	 22.400
FHW12098	24.375 	 1.374 	 22.400
FHW12098	24.500 	 1.374 	 22.400
FHW12098	24.625 	 1.374 	 22.400
FHW12098	24.750 	 1.374 	 22.400
FHW12098	24.875 	 1.374 	 22.400
FHW12098	25.000 	 1.374 	 22.400
FHW12098	25.125 	 1.374 	 22.400
FHW12098	25.250 	 1.374 	 22.400
FHW12098	25.375 	 1.374 	 22.400
FHW12098	25.500 	 1.374 	 22.400
FHW12098	25.625 	 1.374 	 22.400
FHW12098	25.750 	 1.374 	 22.400
FHW12098	25.875 	 1.374 	 22.400
FHW12098	26.000 	 1.374 	 22.400
FHW12098	26.125 	 1.374 	 22.400
FHW12098	26.250 	 1.374 	 22.400
FHW12098	26.375 	 1.374 	 22.400
FHW12098	26.500 	 1.374 	 22.400
FHW12098	26.625 	 1.374 	 22.400
FHW12098	26.750 	 1.374 	 22.400
FHW12098	26.875 	 1.374 	 22.400
FHW12098	27.000 	 1.374 	 22.400
FHW12098	27.125 	 1.374 	 22.400
FHW12098	27.250 	 1.374 	 22.400
FHW12098	27.375 	 1.374 	 22.400
FHW12098	27.500 	 1.374 	 22.401
FHW12098	27.625 	 1.374 	 22.400
FHW12098	27.750 	 1.374 	 22.400
FHW12098	27.875 	 1.374 	 22.401
FHW12098	28.000 	 1.374 	 22.400
FHW12098	28.125 	 1.374 	 22.400
FHW12098	28.250 	 1.374 	 22.401
FHW12098	28.375 	 1.374 	 22.400
FHW12098	28.500 	 1.374 	 22.400
FHW12098	28.625 	 1.374 	 22.401
FHW12098	28.750 	 1.374 	 22.400
FHW12098	28.875 	 1.374 	 22.400
FHW12098	29.000 	 1.374 	 22.400
FHW12098	29.125 	 1.374 	 22.401
FHW12098	29.250 	 1.374 	 22.400
FHW12098	29.375 	 1.374 	 22.400
FHW12098	29.500 	 1.374 	 22.401
FHW12098	29.625 	 1.374 	 22.400
FHW12098	29.750 	 1.374 	 22.400
FHW12098	29.875 	 1.374 	 22.401
FHW12098	30.000 	 1.374 	 22.400
FHW12098	30.125 	 1.374 	 22.400
FHW12098	30.250 	 1.374 	 22.401
FHW12098	30.375 	 1.374 	 22.400
FHW12098	30.500 	 1.374 	 22.400
FHW12098	30.625 	 1.374 	 22.401
FHW12098	30.750 	 1.374 	 22.400
FHW12098	30.875 	 1.374 	 22.400
FHW12098	31.000 	 1.374 	 22.401
FHW12098	31.125 	 1.374 	 22.400
FHW12098	31.250 	 1.374 	 22.400
FHW12098	31.375 	 1.374 	 22.400
FHW12098	31.500 	 1.374 	 22.401
FHW12098	31.625 	 1.374 	 22.400
FHW12098	31.750 	 1.374 	 22.400
FHW12098	31.875 	 1.374 	 22.401
FHW12098	32.000 	 1.374 	 22.400
FHW12098	32.125 	 1.374 	 22.400
FHW12098	32.250 	 1.374 	 22.401
FHW12098	32.375 	 1.374 	 22.400
FHW12098	32.500 	 1.374 	 22.400
FHW12098	32.625 	 1.374 	 22.401
FHW12098	32.750 	 1.374 	 22.400
FHW12098	32.875 	 1.374 	 22.400
FHW12098	33.000 	 1.374 	 22.400
FHW12098	33.125 	 1.374 	 22.400
FHW12098	33.250 	 1.374 	 22.400
FHW12098	33.375 	 1.374 	 22.400
FHW12098	33.500 	 1.374 	 22.400
FHW12098	33.625 	 1.374 	 22.400
FHW12098	33.750 	 1.374 	 22.400
FHW12098	33.875 	 1.374 	 22.401
FHW12098	34.000 	 1.374 	 22.400
FHW12098	34.125 	 1.374 	 22.400
FHW12098	34.250 	 1.374 	 22.401
FHW12098	34.375 	 1.374 	 22.400
FHW12098	34.500 	 1.374 	 22.400
FHW12098	34.625 	 1.374 	 22.401
FHW12098	34.750 	 1.374 	 22.400
FHW12098	34.875 	 1.374 	 22.400
FHW12098	35.000 	 1.374 	 22.401
FHW12098	35.125 	 1.374 	 22.400
FHW12098	35.250 	 1.374 	 22.400
FHW12098	35.375 	 1.374 	 22.400
FHW12098	35.500 	 1.374 	 22.400
FHW12098	35.625 	 1.374 	 22.400
FHW12098	35.750 	 1.374 	 22.400
FHW12098	35.875 	 1.374 	 22.400
FHW12098	36.000 	 1.374 	 22.400
FHW12098	36.125 	 1.374 	 22.400
FHW12098	36.250 	 1.374 	 22.401
FHW12098	36.375 	 1.374 	 22.400
FHW12098	36.500 	 1.374 	 22.400
FHW12098	36.625 	 1.374 	 22.401
FHW12098	36.750 	 1.374 	 22.400
FHW12098	36.875 	 1.374 	 22.400
FHW12098	37.000 	 1.374 	 22.400
FHW12098	37.125 	 1.374 	 22.400
FHW12098	37.250 	 1.374 	 22.400
FHW12098	37.375 	 1.374 	 22.400
FHW12098	37.500 	 1.374 	 22.400
FHW12098	37.625 	 1.374 	 22.400
FHW12098	37.750 	 1.374 	 22.400
FHW12098	37.875 	 1.374 	 22.400
FHW12098	38.000 	 1.374 	 22.400
FHW12098	38.125 	 1.374 	 22.400
FHW12098	38.250 	 1.374 	 22.400
FHW12098	38.375 	 1.374 	 22.400
FHW12098	38.500 	 1.374 	 22.400
FHW12098	38.625 	 1.374 	 22.401
FHW12098	38.750 	 1.374 	 22.400
FHW12098	38.875 	 1.374 	 22.400
FHW12098	39.000 	 1.374 	 22.401
FHW12098	39.125 	 1.374 	 22.400
FHW12098	39.250 	 1.374 	 22.400
FHW12098	39.375 	 1.374 	 22.400
FHW12098	39.500 	 1.374 	 22.400
FHW12098	39.625 	 1.374 	 22.400
FHW12098	39.750 	 1.374 	 22.400
FHW12098	39.875 	 1.374 	 22.400
FHW12098	40.000 	 1.374 	 22.400
FHW12098	40.125 	 1.374 	 22.400
FHW12098	40.250 	 1.374 	 22.400
FHW12098	40.375 	 1.374 	 22.400
FHW12098	40.500 	 1.374 	 22.400
FHW12098	40.625 	 1.374 	 22.400
FHW12098	40.750 	 1.374 	 22.400
FHW12098	40.875 	 1.374 	 22.400
FHW12098	41.000 	 1.374 	 22.400
FHW12098	41.125 	 1.374 	 22.401
FHW12098	41.250 	 1.374 	 22.400
FHW12098	41.375 	 1.374 	 22.400
FHW12098	41.500 	 1.374 	 22.401
FHW12098	41.625 	 1.374 	 22.400
FHW12098	41.750 	 1.374 	 22.400
FHW12098	41.875 	 1.374 	 22.400
FHW12098	42.000 	 1.374 	 22.400
FHW12098	42.125 	 1.374 	 22.400
FHW12098	42.250 	 1.374 	 22.400
FHW12098	42.375 	 1.374 	 22.400
FHW12098	42.500 	 1.374 	 22.400
FHW12098	42.625 	 1.374 	 22.400
FHW12098	42.750 	 1.374 	 22.400
FHW12098	42.875 	 1.374 	 22.400
FHW12098	43.000 	 1.374 	 22.400
FHW12098	43.125 	 1.374 	 22.400
FHW12098	43.250 	 1.374 	 22.400
FHW12098	43.375 	 1.374 	 22.400
FHW12098	43.500 	 1.374 	 22.401
FHW12098	43.625 	 1.374 	 22.400
FHW12098	43.750 	 1.374 	 22.400
FHW12098	43.875 	 1.374 	 22.401
FHW12098	44.000 	 1.374 	 22.400
FHW12098	44.125 	 1.374 	 22.400
FHW12098	44.250 	 1.374 	 22.400
FHW12098	44.375 	 1.374 	 22.400
FHW12098	44.500 	 1.374 	 22.400
FHW12098	44.625 	 1.374 	 22.400
FHW12098	44.750 	 1.374 	 22.400
FHW12098	44.875 	 1.374 	 22.400
FHW12098	45.000 	 1.374 	 22.400
FHW12098	45.125 	 1.374 	 22.401
FHW12098	45.250 	 1.374 	 22.400
FHW12098	45.375 	 1.374 	 22.400
FHW12098	45.500 	 1.374 	 22.400
FHW12098	45.625 	 1.374 	 22.400
FHW12098	45.750 	 1.374 	 22.400
FHW12098	45.875 	 1.374 	 22.400
FHW12098	46.000 	 1.374 	 22.400
FHW12098	46.125 	 1.374 	 22.400
FHW12098	46.250 	 1.374 	 22.401
FHW12098	46.375 	 1.374 	 22.400
FHW12098	46.500 	 1.374 	 22.400
FHW12098	46.625 	 1.374 	 22.401
FHW12098	46.750 	 1.374 	 22.400
FHW12098	46.875 	 1.374 	 22.400
FHW12098	47.000 	 1.374 	 22.401
FHW12098	47.125 	 1.374 	 22.400
FHW12098	47.250 	 1.374 	 22.400
FHW12098	47.375 	 1.374 	 22.400
FHW12098	47.500 	 1.374 	 22.400
FHW12098	47.625 	 1.374 	 22.400
FHW12098	47.750 	 1.374 	 22.400
FHW12098	47.875 	 1.374 	 22.400
FHW12098	48.000 	 1.374 	 22.400
FHW12098	48.125 	 1.374 	 22.400
FHW12098	48.250 	 1.374 	 22.400
FHW12098	48.375 	 1.374 	 22.400
FHW12098	48.500 	 1.374 	 22.400
FHW12098	48.625 	 1.374 	 22.401
FHW12098	48.750 	 1.374 	 22.400
FHW12098	48.875 	 1.374 	 22.400
FHW12098	49.000 	 1.374 	 22.401
FHW12098	49.125 	 1.374 	 22.400
FHW12098	49.250 	 1.374 	 22.400
FHW12098	49.375 	 1.374 	 22.400
FHW12098	49.500 	 1.374 	 22.400
FHW12098	49.625 	 1.374 	 22.400
FHW12098	49.750 	 1.374 	 22.400
FHW12098	49.875 	 1.374 	 22.400
FHW12098	50.000 	 1.374 	 22.400
FHW12098	50.125 	 1.374 	 22.400
FHW12098	50.250 	 1.374 	 22.400
FHW12098	50.375 	 1.374 	 22.400
FHW12098	50.500 	 1.374 	 22.400
FHW12098	50.625 	 1.374 	 22.400
FHW12098	50.750 	 1.374 	 22.400
FHW12098	50.875 	 1.374 	 22.400
FHW12098	51.000 	 1.374 	 22.400
FHW12098	51.125 	 1.374 	 22.400
FHW12098	51.250 	 1.374 	 22.400
FHW12098	51.375 	 1.374 	 22.400
FHW12098	51.500 	 1.374 	 22.400
FHW12098	51.625 	 1.374 	 22.400
FHW12098	51.750 	 1.374 	 22.400
FHW12098	51.875 	 1.374 	 22.400
FHW12098	52.000 	 1.374 	 22.400
FHW12098	52.125 	 1.374 	 22.400
FHW12098	52.250 	 1.374 	 22.400
FHW12098	52.375 	 1.374 	 22.400
FHW12098	52.500 	 1.374 	 22.400
FHW12098	52.625 	 1.374 	 22.400
FHW12098	52.750 	 1.374 	 22.400
FHW12098	52.875 	 1.374 	 22.400
FHW12098	53.000 	 1.374 	 22.400
FHW12098	53.125 	 1.374 	 22.400
FHW12098	53.250 	 1.374 	 22.400
FHW12098	53.375 	 1.374 	 22.400
FHW12098	53.500 	 1.374 	 22.400
FHW12098	53.625 	 1.374 	 22.400
FHW12098	53.750 	 1.374 	 22.400
FHW12098	53.875 	 1.374 	 22.400
FHW12098	54.000 	 1.374 	 22.400
FHW12098	54.125 	 1.374 	 22.400
FHW12098	54.250 	 1.374 	 22.400
FHW12098	54.375 	 1.374 	 22.400
FHW12098	54.500 	 1.374 	 22.400
FHW12098	54.625 	 1.374 	 22.400
FHW12098	54.750 	 1.374 	 22.399
FHW12098	54.875 	 1.374 	 22.401
FHW12098	55.000 	 1.374 	 22.400
FHW12098	55.125 	 1.374 	 22.399
FHW12098	55.250 	 1.374 	 22.401
FHW12098	55.375 	 1.374 	 22.400
FHW12098	55.500 	 1.374 	 22.399
FHW12098	55.625 	 1.374 	 22.400
FHW12098	55.750 	 1.374 	 22.401
FHW12098	55.875 	 1.374 	 22.399
FHW12098	56.000 	 1.374 	 22.400
FHW12098	56.125 	 1.374 	 22.401
FHW12098	56.250 	 1.374 	 22.399
FHW12098	56.375 	 1.374 	 22.400
FHW12098	56.500 	 1.374 	 22.401
FHW12098	56.625 	 1.374 	 22.399
FHW12098	56.750 	 1.374 	 22.400
FHW12098	56.875 	 1.374 	 22.401
FHW12098	57.000 	 1.374 	 22.399
FHW12098	57.125 	 1.374 	 22.400
FHW12098	57.250 	 1.374 	 22.401
FHW12098	57.375 	 1.374 	 22.399
FHW12098	57.500 	 1.374 	 22.400
FHW12098	57.625 	 1.374 	 22.401
FHW12098	57.750 	 1.374 	 22.399
FHW12098	57.875 	 1.374 	 22.400
FHW12098	58.000 	 1.374 	 22.399
FHW12098	58.125 	 1.374 	 22.401
FHW12098	58.250 	 1.374 	 22.400
FHW12098	58.375 	 1.374 	 22.399
FHW12098	58.500 	 1.374 	 22.401
FHW12098	58.625 	 1.374 	 22.400
FHW12098	58.750 	 1.374 	 22.399
FHW12098	58.875 	 1.374 	 22.401
FHW12098	59.000 	 1.374 	 22.400
FHW12098	59.125 	 1.374 	 22.399
FHW12098	59.250 	 1.374 	 22.401
FHW12098	59.375 	 1.374 	 22.400
FHW12098	59.500 	 1.374 	 22.399
FHW12098	59.625 	 1.374 	 22.401
FHW12098	59.750 	 1.374 	 22.400
FHW12098	59.875 	 1.374 	 22.399
FHW12098	60.000 	 1.374 	 22.401
FHW12098	60.125 	 1.374 	 22.400
FHW12098	60.250 	 1.374 	 22.399
FHW12098	60.375 	 1.374 	 22.400
FHW12098	60.500 	 1.374 	 22.401
FHW12098	60.625 	 1.374 	 22.399
FHW12098	60.750 	 1.374 	 22.400
FHW12098	60.875 	 1.374 	 22.401
FHW12098	61.000 	 1.374 	 22.399
FHW12098	61.125 	 1.374 	 22.400
FHW12098	61.250 	 1.374 	 22.401
FHW12098	61.375 	 1.374 	 22.399
FHW12098	61.500 	 1.374 	 22.400
FHW12098	61.625 	 1.374 	 22.401
FHW12098	61.750 	 1.374 	 22.399
FHW12098	61.875 	 1.374 	 22.400
FHW12098	62.000 	 1.374 	 22.401
FHW12098	62.125 	 1.374 	 22.399
FHW12098	62.250 	 1.374 	 22.400
FHW12098	62.375 	 1.374 	 22.399
FHW12098	62.500 	 1.374 	 22.401
FHW12098	62.625 	 1.374 	 22.400
FHW12098	62.750 	 1.374 	 22.399
FHW12098	62.875 	 1.374 	 22.401
FHW12098	63.000 	 1.374 	 22.400
FHW12098	63.125 	 1.374 	 22.399
FHW12098	63.250 	 1.374 	 22.401
FHW12098	63.375 	 1.374 	 22.400
FHW12098	63.500 	 1.374 	 22.399
FHW12098	63.625 	 1.374 	 22.401
FHW12098	63.750 	 1.374 	 22.400
FHW12098	63.875 	 1.374 	 22.399
FHW12098	64.000 	 1.374 	 22.401
FHW12098	64.125 	 1.374 	 22.400
FHW12098	64.250 	 1.374 	 22.399
FHW12098	64.375 	 1.374 	 22.401
FHW12098	64.500 	 1.374 	 22.400
FHW12098	64.625 	 1.374 	 22.399
FHW12098	64.750 	 1.374 	 22.400
FHW12098	64.875 	 1.374 	 22.401
FHW12098	65.000 	 1.374 	 22.399
FHW12098	65.125 	 1.374 	 22.400
FHW12098	65.250 	 1.374 	 22.401
FHW12098	65.375 	 1.374 	 22.399
FHW12098	65.500 	 1.374 	 22.400
FHW12098	65.625 	 1.374 	 22.401
FHW12098	65.750 	 1.374 	 22.399
FHW12098	65.875 	 1.374 	 22.400
FHW12098	66.000 	 1.374 	 22.400
FHW12098	66.125 	 1.374 	 22.400
FHW12098	66.250 	 1.374 	 22.400
FHW12098	66.375 	 1.374 	 22.400
FHW12098	66.500 	 1.374 	 22.400
FHW12098	66.625 	 1.374 	 22.400
FHW12098	66.750 	 1.374 	 22.400
FHW12098	66.875 	 1.374 	 22.400
FHW12098	67.000 	 1.374 	 22.400
FHW12098	67.125 	 1.374 	 22.399
FHW12098	67.250 	 1.374 	 22.401
FHW12098	67.375 	 1.374 	 22.400
FHW12098	67.500 	 1.374 	 22.399
FHW12098	67.625 	 1.374 	 22.401
FHW12098	67.750 	 1.374 	 22.400
FHW12098	67.875 	 1.374 	 22.399
FHW12098	68.000 	 1.374 	 22.401
FHW12098	68.125 	 1.374 	 22.400
FHW12098	68.250 	 1.374 	 22.399
FHW12098	68.375 	 1.374 	 22.401
FHW12098	68.500 	 1.374 	 22.400
FHW12098	68.625 	 1.374 	 22.399
FHW12098	68.750 	 1.374 	 22.401
FHW12098	68.875 	 1.374 	 22.400
FHW12098	69.000 	 1.374 	 22.399
FHW12098	69.125 	 1.374 	 22.401
FHW12098	69.250 	 1.374 	 22.400
FHW12098	69.375 	 1.374 	 22.399
FHW12098	69.500 	 1.374 	 22.400
FHW12098	69.625 	 1.374 	 22.401
FHW12098	69.750 	 1.374 	 22.399
FHW12098	69.875 	 1.374 	 22.400
FHW12098	70.000 	 1.374 	 22.401
FHW12098	70.125 	 1.374 	 22.399
FHW12098	70.250 	 1.374 	 22.400
FHW12098	70.375 	 1.374 	 22.400
FHW12098	70.500 	 1.374 	 22.400
FHW12098	70.625 	 1.374 	 22.400
FHW12098	70.750 	 1.374 	 22.400
FHW12098	70.875 	 1.374 	 22.400
FHW12098	71.000 	 1.374 	 22.400
FHW12098	71.125 	 1.374 	 22.400
FHW12098	71.250 	 1.374 	 22.400
FHW12098	71.375 	 1.374 	 22.400
FHW12098	71.500 	 1.374 	 22.400
FHW12098	71.625 	 1.374 	 22.400
FHW12098	71.750 	 1.374 	 22.400
FHW12098	71.875 	 1.374 	 22.399
FHW12098	72.000 	 1.374 	 22.401
FHW12098	72.125 	 1.374 	 22.400
FHW12098	72.250 	 1.374 	 22.399
FHW12098	72.375 	 1.374 	 22.401
FHW12098	72.500 	 1.374 	 22.400
FHW12098	72.625 	 1.374 	 22.399
FHW12098	72.750 	 1.374 	 22.401
FHW12098	72.875 	 1.374 	 22.400
FHW12098	73.000 	 1.374 	 22.399
FHW12098	73.125 	 1.374 	 22.401
FHW12098	73.250 	 1.374 	 22.400
FHW12098	73.375 	 1.374 	 22.399
FHW12098	73.500 	 1.374 	 22.401
FHW12098	73.625 	 1.374 	 22.400
FHW12098	73.750 	 1.374 	 22.399
FHW12098	73.875 	 1.374 	 22.401
FHW12098	74.000 	 1.374 	 22.399
FHW12098	74.125 	 1.374 	 22.400
FHW12098	74.250 	 1.374 	 22.400
FHW12098	74.375 	 1.374 	 22.400
FHW12098	74.500 	 1.374 	 22.400
FHW12098	74.625 	 1.374 	 22.400
FHW12098	74.750 	 1.374 	 22.400
FHW12098	74.875 	 1.374 	 22.400
FHW12098	75.000 	 1.374 	 22.400
FHW12098	75.125 	 1.374 	 22.400
FHW12098	75.250 	 1.374 	 22.400
FHW12098	75.375 	 1.374 	 22.400
FHW12098	75.500 	 1.374 	 22.400
FHW12098	75.625 	 1.374 	 22.400
FHW12098	75.750 	 1.374 	 22.400
FHW12098	75.875 	 1.374 	 22.400
FHW12098	76.000 	 1.374 	 22.400
FHW12098	76.125 	 1.374 	 22.400
FHW12098	76.250 	 1.374 	 22.400
FHW12098	76.375 	 1.374 	 22.400
FHW12098	76.500 	 1.374 	 22.400
FHW12098	76.625 	 1.374 	 22.399
FHW12098	76.750 	 1.374 	 22.401
FHW12098	76.875 	 1.374 	 22.400
FHW12098	77.000 	 1.374 	 22.399
FHW12098	77.125 	 1.374 	 22.401
FHW12098	77.250 	 1.374 	 22.400
FHW12098	77.375 	 1.374 	 22.399
FHW12098	77.500 	 1.374 	 22.401
FHW12098	77.625 	 1.374 	 22.400
FHW12098	77.750 	 1.374 	 22.399
FHW12098	77.875 	 1.374 	 22.401
FHW12098	78.000 	 1.374 	 22.400
FHW12098	78.125 	 1.374 	 22.399
FHW12098	78.250 	 1.374 	 22.401
FHW12098	78.375 	 1.374 	 22.399
FHW12098	78.500 	 1.374 	 22.400
FHW12098	78.625 	 1.374 	 22.401
FHW12098	78.750 	 1.374 	 22.399
FHW12098	78.875 	 1.374 	 22.400
FHW12098	79.000 	 1.374 	 22.400
FHW12098	79.125 	 1.374 	 22.400
FHW12098	79.250 	 1.374 	 22.400
FHW12098	79.375 	 1.374 	 22.400
FHW12098	79.500 	 1.374 	 22.400
FHW12098	79.625 	 1.374 	 22.400
FHW12098	79.750 	 1.374 	 22.400
FHW12098	79.875 	 1.374 	 22.400
FHW12098	80.000 	 1.374 	 22.400
FHW12098	80.125 	 3.305 	 44.900
FHW12098	80.250 	 3.305 	 44.900
FHW12098	80.375 	 3.305 	 44.900
FHW12098	80.500 	 3.305 	 44.900
FHW12098	80.625 	 3.305 	 44.900
FHW12098	80.750 	 3.305 	 44.900
FHW12098	80.875 	 3.305 	 44.900
FHW12098	81.000 	 3.305 	 44.900
FHW12098	81.125 	 3.305 	 44.900
FHW12098	81.250 	 3.305 	 44.900
FHW12098	81.375 	 3.305 	 44.900
FHW12098	81.500 	 3.305 	 44.900
FHW12098	81.625 	 3.305 	 44.900
FHW12098	81.750 	 3.305 	 44.900
FHW12098	81.875 	 3.305 	 44.900
FHW12098	82.000 	 3.305 	 44.900
FHW12098	82.125 	 3.305 	 44.900
FHW12098	82.250 	 3.305 	 44.900
FHW12098	82.375 	 3.305 	 44.900
FHW12098	82.500 	 3.305 	 44.900
FHW12098	82.625 	 3.305 	 44.900
FHW12098	82.750 	 3.305 	 44.900
FHW12098	82.875 	 3.305 	 44.900
FHW12098	83.000 	 3.305 	 44.900
FHW12098	83.125 	 3.305 	 44.900
FHW12098	83.250 	 3.305 	 44.900
FHW12098	83.375 	 3.305 	 44.900
FHW12098	83.500 	 3.305 	 44.900
FHW12098	83.625 	 3.305 	 44.900
FHW12098	83.750 	 3.305 	 44.900
FHW12098	83.875 	 3.305 	 44.900
FHW12098	84.000 	 3.305 	 44.900
FHW12098	84.125 	 3.305 	 44.900
FHW12098	84.250 	 3.305 	 44.900
FHW12098	84.375 	 3.305 	 44.900
FHW12098	84.500 	 3.305 	 44.900
FHW12098	84.625 	 3.305 	 44.900
FHW12098	84.750 	 3.305 	 44.900
FHW12098	84.875 	 3.305 	 44.900
FHW12098	85.000 	 3.305 	 44.900
FHW12098	85.125 	 3.305 	 44.900
FHW12098	85.250 	 3.305 	 44.900
FHW12098	85.375 	 3.305 	 44.900
FHW12098	85.500 	 4.716 	 47.098
FHW12098	85.625 	 6.840 	 48.695
FHW12098	85.750 	 6.841 	 48.695
FHW12098	85.875 	 6.840 	 48.694
FHW12098	86.000 	 6.841 	 48.695
FHW12098	86.125 	 6.840 	 48.695
FHW12098	86.250 	 6.841 	 48.694
FHW12098	86.375 	 6.840 	 48.695
FHW12098	86.500 	 6.841 	 48.695
FHW12098	86.625 	 6.840 	 48.695
FHW12098	86.750 	 6.841 	 48.694
FHW12098	86.875 	 6.840 	 48.695
FHW12098	87.000 	 6.841 	 48.695
FHW12098	87.125 	 6.840 	 48.695
FHW12098	87.250 	 6.841 	 48.694
FHW12098	87.375 	 6.840 	 48.695
FHW12098	87.500 	 6.841 	 48.695
FHW12098	87.625 	 6.840 	 48.694
FHW12098	87.750 	 6.840 	 48.695
FHW12098	87.875 	 6.840 	 48.695
FHW12098	88.000 	 6.841 	 48.695
FHW12098	88.125 	 6.840 	 48.694
FHW12098	88.250 	 6.840 	 48.695
FHW12098	88.375 	 6.840 	 48.695
FHW12098	88.500 	 6.840 	 48.695
FHW12098	88.625 	 6.841 	 48.694
FHW12098	88.750 	 6.840 	 48.695
FHW12098	88.875 	 6.840 	 48.695
FHW12098	89.000 	 6.840 	 48.695
FHW12098	89.125 	 6.841 	 48.695
FHW12098	89.250 	 6.840 	 48.695
FHW12098	89.375 	 6.840 	 48.695
FHW12098	89.500 	 6.840 	 48.694
FHW12098	89.625 	 6.841 	 48.695
FHW12098	89.750 	 6.840 	 48.695
FHW12098	89.875 	 6.840 	 48.695
FHW12098	90.000 	 6.840 	 48.694
FHW12098	90.125 	 6.841 	 48.695
FHW12098	90.250 	 6.840 	 48.695
FHW12098	90.375 	 6.840 	 48.695
FHW12098	90.500 	 6.840 	 48.694
FHW12098	90.625 	 6.841 	 48.695
FHW12098	90.750 	 6.840 	 48.695
FHW12098	90.875 	 6.841 	 48.694
FHW12098	91.000 	 6.840 	 48.695
FHW12098	91.125 	 6.841 	 48.695
FHW12098	91.250 	 6.840 	 48.695
FHW12098	91.375 	 6.841 	 48.694
FHW12098	91.500 	 6.840 	 48.695
FHW12098	91.625 	 6.840 	 48.695
FHW12098	91.750 	 6.840 	 48.695
FHW12098	91.875 	 6.841 	 48.694
FHW12098	92.000 	 6.840 	 48.695
FHW12098	92.125 	 6.840 	 48.695
FHW12098	92.250 	 6.840 	 48.695
FHW12098	92.375 	 6.840 	 48.695
FHW12098	92.500 	 6.840 	 48.695
FHW12098	92.625 	 6.840 	 48.695
FHW12098	92.750 	 6.841 	 48.695
FHW12098	92.875 	 6.840 	 48.695
FHW12098	93.000 	 6.840 	 48.695
FHW12098	93.125 	 6.840 	 48.695
FHW12098	93.250 	 6.841 	 48.695
FHW12098	93.375 	 6.840 	 48.695
FHW12098	93.500 	 6.840 	 48.695
FHW12098	93.625 	 6.840 	 48.694
FHW12098	93.750 	 6.841 	 48.695
FHW12098	93.875 	 6.840 	 48.695
FHW12098	94.000 	 6.840 	 48.695
FHW12098	94.125 	 6.840 	 48.694
FHW12098	94.250 	 6.840 	 48.695
FHW12098	94.375 	 6.840 	 48.695
FHW12098	94.500 	 6.840 	 48.695
FHW12098	94.625 	 6.840 	 48.694
FHW12098	94.750 	 6.840 	 48.695
FHW12098	94.875 	 6.840 	 48.695
FHW12098	95.000 	 6.840 	 48.695
FHW12098	95.125 	 6.840 	 48.694
FHW12098	95.250 	 6.840 	 48.695
FHW12098	95.375 	 6.840 	 48.695
FHW12098	95.500 	 6.841 	 48.694
FHW12098	95.625 	 6.840 	 48.695
FHW12098	95.750 	 6.840 	 48.695
FHW12098	95.875 	 6.840 	 48.695
FHW12098	96.000 	 6.841 	 48.694
FHW12098	96.125 	 6.840 	 48.695
FHW12098	96.250 	 6.840 	 48.695
FHW12098	96.375 	 6.840 	 48.695
FHW12098	96.500 	 6.841 	 48.694
FHW12098	96.625 	 6.840 	 48.695
FHW12098	96.750 	 6.840 	 48.695
FHW12098	96.875 	 6.841 	 48.694
FHW12098	97.000 	 6.840 	 48.695
FHW12098	97.125 	 6.840 	 48.695
FHW12098	97.250 	 6.840 	 48.695
FHW12098	97.375 	 6.841 	 48.695
FHW12098	97.500 	 6.840 	 48.695
FHW12098	97.625 	 6.841 	 48.695
FHW12098	97.750 	 6.840 	 48.695
FHW12098	97.875 	 6.841 	 48.694
FHW12098	98.000 	 6.840 	 48.695
FHW12098	98.125 	 6.840 	 48.695
FHW12098	98.250 	 6.840 	 48.695
FHW12098	98.375 	 6.841 	 48.695
FHW12098	98.500 	 6.840 	 48.695
FHW12098	98.625 	 6.841 	 48.695
FHW12098	98.750 	 6.840 	 48.695
FHW12098	98.875 	 6.840 	 48.695
FHW12098	99.000 	 6.840 	 48.695
FHW12098	99.125 	 6.840 	 48.695
FHW12098	99.250 	 6.840 	 48.695
FHW12098	99.375 	 6.841 	 48.695
FHW12098	99.500 	 6.840 	 48.695
FHW12098	99.625 	 6.841 	 48.695
FHW12098	99.750 	 6.840 	 48.695
FHW12098	99.875 	 6.841 	 48.695
FHW12098	100.000 	 6.840 	 48.695
FHW12098	100.125 	 6.841 	 48.694
FHW12098	100.250 	 6.840 	 48.695
FHW12098	100.375 	 6.841 	 48.695
FHW12098	100.500 	 6.840 	 48.695
FHW12098	100.625 	 6.841 	 48.695
FHW12098	100.750 	 6.840 	 48.695
FHW12098	100.875 	 6.840 	 48.695
FHW12098	101.000 	 6.841 	 48.695
FHW12098	101.125 	 6.840 	 48.694
FHW12098	101.250 	 6.841 	 48.695
FHW12098	101.375 	 6.840 	 48.695
FHW12098	101.500 	 6.841 	 48.694
FHW12098	101.625 	 6.840 	 48.695
FHW12098	101.750 	 6.840 	 48.695
FHW12098	101.875 	 6.840 	 48.695
FHW12098	102.000 	 6.841 	 48.695
FHW12098	102.125 	 6.840 	 48.695
FHW12098	102.250 	 6.841 	 48.695
FHW12098	102.375 	 6.840 	 48.695
FHW12098	102.500 	 6.841 	 48.695
FHW12098	102.625 	 6.840 	 48.695
FHW12098	102.750 	 6.840 	 48.695
FHW12098	102.875 	 6.840 	 48.695
FHW12098	103.000 	 6.841 	 48.695
FHW12098	103.125 	 6.840 	 48.695
FHW12098	103.250 	 10.256 	 54.457
FHW12098	103.375 	 12.977 	 56.855
FHW12098	103.500 	 12.977 	 56.855
FHW12098	103.625 	 12.977 	 56.855
FHW12098	103.750 	 12.977 	 56.855
FHW12098	103.875 	 12.977 	 56.855
FHW12098	104.000 	 12.977 	 56.855
FHW12098	104.125 	 12.977 	 56.855
FHW12098	104.250 	 12.977 	 56.855
FHW12098	104.375 	 12.977 	 56.855
FHW12098	104.500 	 12.977 	 56.855
FHW12098	104.625 	 12.977 	 56.855
FHW12098	104.750 	 12.977 	 56.855
FHW12098	104.875 	 12.977 	 56.855
FHW12098	105.000 	 12.977 	 56.855
FHW12098	105.125 	 12.977 	 56.855
FHW12098	105.250 	 12.977 	 56.855
FHW12098	105.375 	 12.977 	 56.855
FHW12098	105.500 	 12.977 	 56.855
FHW12098	105.625 	 12.977 	 56.855
FHW12098	105.750 	 12.977 	 56.855
FHW12098	105.875 	 12.978 	 56.855
FHW12098	106.000 	 12.977 	 56.855
FHW12098	106.125 	 12.977 	 56.855
FHW12098	106.250 	 12.977 	 56.855
FHW12098	106.375 	 12.977 	 56.855
FHW12098	106.500 	 12.977 	 56.855
FHW12098	106.625 	 12.977 	 56.855
FHW12098	106.750 	 12.977 	 56.855
FHW12098	106.875 	 12.977 	 56.855
FHW12098	107.000 	 12.977 	 56.855
FHW12098	107.125 	 12.977 	 56.855
FHW12098	107.250 	 12.977 	 56.855
FHW12098	107.375 	 12.977 	 56.855
FHW12098	107.500 	 12.977 	 56.855
FHW12098	107.625 	 12.977 	 56.854
FHW12098	107.750 	 12.977 	 56.855
FHW12098	107.875 	 12.977 	 56.855
FHW12098	108.000 	 12.977 	 56.855
FHW12098	108.125 	 12.977 	 56.855
FHW12098	108.250 	 12.977 	 56.855
FHW12098	108.375 	 12.977 	 56.856
FHW12098	108.500 	 12.977 	 56.855
FHW12098	108.625 	 12.977 	 56.855
FHW12098	108.750 	 12.977 	 56.856
FHW12098	108.875 	 12.977 	 56.855
FHW12098	109.000 	 12.977 	 56.855
FHW12098	109.125 	 12.977 	 56.856
FHW12098	109.250 	 12.977 	 56.855
FHW12098	109.375 	 12.977 	 56.856
FHW12098	109.500 	 12.977 	 56.854
FHW12098	109.625 	 12.977 	 56.855
FHW12098	109.750 	 12.977 	 56.856
FHW12098	109.875 	 12.977 	 56.855
FHW12098	110.000 	 12.977 	 56.856
FHW12098	110.125 	 12.977 	 56.855
FHW12098	110.250 	 12.977 	 56.855
FHW12098	110.375 	 12.977 	 56.856
FHW12098	110.500 	 12.977 	 56.855
FHW12098	110.625 	 12.977 	 56.856
FHW12098	110.750 	 12.977 	 56.855
FHW12098	110.875 	 12.977 	 56.855
FHW12098	111.000 	 12.977 	 56.855
FHW12098	111.125 	 12.977 	 56.855
FHW12098	111.250 	 12.977 	 56.854
FHW12098	111.375 	 12.977 	 56.856
FHW12098	111.500 	 12.977 	 56.854
FHW12098	111.625 	 12.977 	 56.856
FHW12098	111.750 	 12.977 	 56.854
FHW12098	111.875 	 12.977 	 56.855
FHW12098	112.000 	 12.977 	 56.855
FHW12098	112.125 	 12.977 	 56.855
FHW12098	112.250 	 12.977 	 56.855
FHW12098	112.375 	 12.977 	 56.854
FHW12098	112.500 	 12.977 	 56.855
FHW12098	112.625 	 12.978 	 56.855
FHW12098	112.750 	 12.977 	 56.855
FHW12098	112.875 	 12.977 	 56.855
FHW12098	113.000 	 12.977 	 56.855
FHW12098	113.125 	 12.977 	 56.854
FHW12098	113.250 	 12.977 	 56.856
FHW12098	113.375 	 12.977 	 56.854
FHW12098	113.500 	 12.977 	 56.855
FHW12098	113.625 	 12.977 	 56.855
FHW12098	113.750 	 12.977 	 56.855
FHW12098	113.875 	 12.977 	 56.855
FHW12098	114.000 	 12.977 	 56.854
FHW12098	114.125 	 12.977 	 56.855
FHW12098	114.250 	 12.977 	 56.855
FHW12098	114.375 	 12.977 	 56.855
FHW12098	114.500 	 12.977 	 56.855
FHW12098	114.625 	 12.977 	 56.855
FHW12098	114.750 	 12.977 	 56.854
FHW12098	114.875 	 12.977 	 56.856
FHW12098	115.000 	 12.977 	 56.854
FHW12098	115.125 	 12.977 	 56.856
FHW12098	115.250 	 12.977 	 56.854
FHW12098	115.375 	 12.977 	 56.855
FHW12098	115.500 	 12.977 	 56.855
FHW12098	115.625 	 12.977 	 56.855
FHW12098	115.750 	 12.977 	 56.854
FHW12098	115.875 	 12.977 	 56.855
FHW12098	116.000 	 12.977 	 56.855
FHW12098	116.125 	 12.977 	 56.855
FHW12098	116.250 	 12.977 	 56.855
FHW12098	116.375 	 12.977 	 56.854
FHW12098	116.500 	 12.977 	 56.856
FHW12098	116.625 	 12.977 	 56.854
FHW12098	116.750 	 12.977 	 56.856
FHW12098	116.875 	 12.977 	 56.854
FHW12098	117.000 	 12.977 	 56.855
FHW12098	117.125 	 12.977 	 56.855
FHW12098	117.250 	 12.977 	 56.855
FHW12098	117.375 	 12.977 	 56.855
FHW12098	117.500 	 12.977 	 56.855
FHW12098	117.625 	 12.977 	 56.854
FHW12098	117.750 	 12.977 	 56.855
FHW12098	117.875 	 12.977 	 56.855
FHW12098	118.000 	 12.977 	 56.854
FHW12098	118.125 	 12.977 	 56.856
FHW12098	118.250 	 12.977 	 56.854
FHW12098	118.375 	 12.977 	 56.856
FHW12098	118.500 	 12.977 	 56.854
FHW12098	118.625 	 12.977 	 56.855
FHW12098	118.750 	 12.977 	 56.855
FHW12098	118.875 	 12.977 	 56.855
FHW12098	119.000 	 12.977 	 56.855
FHW12098	119.125 	 12.977 	 56.855
FHW12098	119.250 	 12.977 	 56.854
FHW12098	119.375 	 12.977 	 56.856
FHW12098	119.500 	 12.978 	 56.854
FHW12098	119.625 	 12.977 	 56.855
FHW12098	119.750 	 12.977 	 56.855
FHW12098	119.875 	 12.977 	 56.854
FHW12098	120.000 	 12.977 	 56.856
FHW12098	120.125 	 12.977 	 56.854
FHW12098	120.250 	 12.977 	 56.855
FHW12098	120.375 	 12.977 	 56.855
FHW12098	120.500 	 12.977 	 56.855
FHW12098	120.625 	 12.977 	 56.855
FHW12098	120.750 	 12.977 	 56.855
FHW12098	120.875 	 15.114 	 60.363
FHW12098	121.000 	 19.011 	 64.665
FHW12098	121.125 	 19.010 	 64.665
FHW12098	121.250 	 19.010 	 64.665
FHW12098	121.375 	 19.011 	 64.665
FHW12098	121.500 	 19.009 	 64.665
FHW12098	121.625 	 19.010 	 64.665
FHW12098	121.750 	 19.010 	 64.665
FHW12098	121.875 	 19.011 	 64.665
FHW12098	122.000 	 19.010 	 64.665
FHW12098	122.125 	 19.009 	 64.665
FHW12098	122.250 	 19.011 	 64.665
FHW12098	122.375 	 19.010 	 64.665
FHW12098	122.500 	 19.010 	 64.665
FHW12098	122.625 	 19.009 	 64.665
FHW12098	122.750 	 19.011 	 64.665
FHW12098	122.875 	 19.010 	 64.665
FHW12098	123.000 	 19.010 	 64.665
FHW12098	123.125 	 19.010 	 64.665
FHW12098	123.250 	 19.011 	 64.664
FHW12098	123.375 	 19.010 	 64.665
FHW12098	123.500 	 19.010 	 64.665
FHW12098	123.625 	 19.011 	 64.665
FHW12098	123.750 	 19.010 	 64.665
FHW12098	123.875 	 19.009 	 64.665
FHW12098	124.000 	 19.010 	 64.665
FHW12098	124.125 	 19.011 	 64.665
FHW12098	124.250 	 19.010 	 64.665
FHW12098	124.375 	 19.010 	 64.664
FHW12098	124.500 	 19.011 	 64.665
FHW12098	124.625 	 19.010 	 64.665
FHW12098	124.750 	 19.010 	 64.665
FHW12098	124.875 	 19.010 	 64.665
FHW12098	125.000 	 19.011 	 64.665
FHW12098	125.125 	 19.010 	 64.665
FHW12098	125.250 	 19.010 	 64.665
FHW12098	125.375 	 19.011 	 64.665
FHW12098	125.500 	 19.009 	 64.665
FHW12098	125.625 	 19.010 	 64.665
FHW12098	125.750 	 19.010 	 64.665
FHW12098	125.875 	 19.011 	 64.665
FHW12098	126.000 	 19.010 	 64.665
FHW12098	126.125 	 19.010 	 64.664
FHW12098	126.250 	 19.010 	 64.665
FHW12098	126.375 	 19.011 	 64.665
FHW12098	126.500 	 19.010 	 64.665
FHW12098	126.625 	 19.010 	 64.665
FHW12098	126.750 	 19.011 	 64.664
FHW12098	126.875 	 19.010 	 64.665
FHW12098	127.000 	 19.010 	 64.665
FHW12098	127.125 	 19.010 	 64.665
FHW12098	127.250 	 19.011 	 64.664
FHW12098	127.375 	 19.010 	 64.665
FHW12098	127.500 	 19.010 	 64.665
FHW12098	127.625 	 19.011 	 64.665
FHW12098	127.750 	 19.010 	 64.665
FHW12098	127.875 	 19.009 	 64.665
FHW12098	128.000 	 19.010 	 64.665
FHW12098	128.125 	 19.011 	 64.665
FHW12098	128.250 	 19.010 	 64.665
FHW12098	128.375 	 19.010 	 64.665
FHW12098	128.500 	 19.011 	 64.665
FHW12098	128.625 	 19.010 	 64.665
FHW12098	128.750 	 19.009 	 64.664
FHW12098	128.875 	 19.010 	 64.665
FHW12098	129.000 	 19.011 	 64.665
FHW12098	129.125 	 19.009 	 64.665
FHW12098	129.250 	 19.011 	 64.665
FHW12098	129.375 	 19.011 	 64.665
FHW12098	129.500 	 19.009 	 64.665
FHW12098	129.625 	 19.011 	 64.665
FHW12098	129.750 	 19.011 	 64.665
FHW12098	129.875 	 19.008 	 64.664
FHW12098	130.000 	 19.011 	 64.665
FHW12098	130.125 	 19.011 	 64.665
FHW12098	130.250 	 19.009 	 64.665
FHW12098	130.375 	 19.011 	 64.665
FHW12098	130.500 	 19.011 	 64.665
FHW12098	130.625 	 19.009 	 64.665
FHW12098	130.750 	 19.011 	 64.665
FHW12098	130.875 	 19.009 	 64.665
FHW12098	131.000 	 19.010 	 64.665
FHW12098	131.125 	 19.011 	 64.665
FHW12098	131.250 	 19.009 	 64.665
FHW12098	131.375 	 19.011 	 64.665
FHW12098	131.500 	 19.011 	 64.665
FHW12098	131.625 	 19.009 	 64.665
FHW12098	131.750 	 19.011 	 64.665
FHW12098	131.875 	 19.011 	 64.665
FHW12098	132.000 	 19.009 	 64.665
FHW12098	132.125 	 19.011 	 64.665
FHW12098	132.250 	 19.008 	 64.664
FHW12098	132.375 	 19.011 	 64.665
FHW12098	132.500 	 19.011 	 64.665
FHW12098	132.625 	 19.009 	 64.665
FHW12098	132.750 	 19.011 	 64.665
FHW12098	132.875 	 19.011 	 64.665
FHW12098	133.000 	 19.009 	 64.665
FHW12098	133.125 	 19.011 	 64.665
FHW12098	133.250 	 19.011 	 64.665
FHW12098	133.375 	 19.008 	 64.665
FHW12098	133.500 	 19.011 	 64.665
FHW12098	133.625 	 19.011 	 64.665
FHW12098	133.750 	 19.009 	 64.665
FHW12098	133.875 	 19.011 	 64.665
FHW12098	134.000 	 19.009 	 64.665
FHW12098	134.125 	 19.011 	 64.665
FHW12098	134.250 	 19.011 	 64.665
FHW12098	134.375 	 19.009 	 64.665
FHW12098	134.500 	 19.010 	 64.664
FHW12098	134.625 	 19.011 	 64.665
FHW12098	134.750 	 19.009 	 64.665
FHW12098	134.875 	 19.011 	 64.665
FHW12098	135.000 	 19.011 	 64.665
FHW12098	135.125 	 19.009 	 64.665
FHW12098	135.250 	 19.011 	 64.665
FHW12098	135.375 	 19.009 	 64.665
FHW12098	135.500 	 19.011 	 64.665
FHW12098	135.625 	 19.010 	 64.664
FHW12098	135.750 	 19.009 	 64.665
FHW12098	135.875 	 19.011 	 64.665
FHW12098	136.000 	 19.011 	 64.665
FHW12098	136.125 	 19.009 	 64.665
FHW12098	136.250 	 19.011 	 64.665
FHW12098	136.375 	 19.011 	 64.665
FHW12098	136.500 	 19.009 	 64.665
FHW12098	136.625 	 19.011 	 64.665
FHW12098	136.750 	 19.011 	 64.665
FHW12098	136.875 	 19.008 	 64.664
FHW12098	137.000 	 19.011 	 64.665
FHW12098	137.125 	 19.009 	 64.665
FHW12098	137.250 	 19.011 	 64.665
FHW12098	137.375 	 19.011 	 64.665
FHW12098	137.500 	 19.009 	 64.665
FHW12098	137.625 	 19.011 	 64.665
FHW12098	137.750 	 19.011 	 64.665
FHW12098	137.875 	 19.009 	 64.665
FHW12098	138.000 	 19.010 	 64.664
FHW12098	138.125 	 19.011 	 64.665
FHW12098	138.250 	 19.009 	 64.665
FHW12098	138.375 	 19.011 	 64.665
FHW12098	138.500 	 19.009 	 64.665
FHW12098	138.625 	 20.564 	 65.395
FHW12098	138.750 	 26.816 	 67.505
FHW12098	138.875 	 26.813 	 67.505
FHW12098	139.000 	 26.816 	 67.504
FHW12098	139.125 	 26.813 	 67.505
FHW12098	139.250 	 26.816 	 67.506
FHW12098	139.375 	 26.816 	 67.505
FHW12098	139.500 	 26.813 	 67.505
FHW12098	139.625 	 26.816 	 67.504
FHW12098	139.750 	 26.816 	 67.505
FHW12098	139.875 	 26.813 	 67.505
FHW12098	140.000 	 26.816 	 67.505
FHW12098	140.125 	 26.816 	 67.505
FHW12098	140.250 	 26.813 	 67.505
FHW12098	140.375 	 26.816 	 67.505
FHW12098	140.500 	 26.816 	 67.505
FHW12098	140.625 	 26.813 	 67.505
FHW12098	140.750 	 26.816 	 67.505
FHW12098	140.875 	 26.816 	 67.505
FHW12098	141.000 	 26.813 	 67.504
FHW12098	141.125 	 26.816 	 67.505
FHW12098	141.250 	 26.816 	 67.505
FHW12098	141.375 	 26.813 	 67.505
FHW12098	141.500 	 26.816 	 67.506
FHW12098	141.625 	 26.816 	 67.504
FHW12098	141.750 	 26.813 	 67.505
FHW12098	141.875 	 26.816 	 67.505
FHW12098	142.000 	 26.813 	 67.505
FHW12098	142.125 	 26.816 	 67.505
FHW12098	142.250 	 26.816 	 67.504
FHW12098	142.375 	 26.813 	 67.505
FHW12098	142.500 	 26.816 	 67.505
FHW12098	142.625 	 26.816 	 67.506
FHW12098	142.750 	 26.813 	 67.505
FHW12098	142.875 	 26.816 	 67.504
FHW12098	143.000 	 26.816 	 67.505
FHW12098	143.125 	 26.813 	 67.505
FHW12098	143.250 	 26.816 	 67.505
FHW12098	143.375 	 26.816 	 67.505
FHW12098	143.500 	 26.813 	 67.504
FHW12098	143.625 	 26.816 	 67.505
FHW12098	143.750 	 26.816 	 67.506
FHW12098	143.875 	 26.813 	 67.505
FHW12098	144.000 	 26.816 	 67.505
FHW12098	144.125 	 26.816 	 67.504
FHW12098	144.250 	 26.813 	 67.505
FHW12098	144.375 	 26.816 	 67.505
FHW12098	144.500 	 26.816 	 67.505
FHW12098	144.625 	 26.813 	 67.505
FHW12098	144.750 	 26.816 	 67.505
FHW12098	144.875 	 26.813 	 67.505
FHW12098	145.000 	 26.816 	 67.505
FHW12098	145.125 	 26.816 	 67.505
FHW12098	145.250 	 26.813 	 67.505
FHW12098	145.375 	 26.816 	 67.504
FHW12098	145.500 	 26.816 	 67.505
FHW12098	145.625 	 26.813 	 67.505
FHW12098	145.750 	 26.816 	 67.505
FHW12098	145.875 	 26.816 	 67.506
FHW12098	146.000 	 26.813 	 67.504
FHW12098	146.125 	 26.816 	 67.505
FHW12098	146.250 	 26.816 	 67.505
FHW12098	146.375 	 26.813 	 67.505
FHW12098	146.500 	 26.816 	 67.505
FHW12098	146.625 	 26.816 	 67.504
FHW12098	146.750 	 26.813 	 67.505
FHW12098	146.875 	 26.816 	 67.505
FHW12098	147.000 	 26.816 	 67.506
FHW12098	147.125 	 26.813 	 67.505
FHW12098	147.250 	 26.816 	 67.504
FHW12098	147.375 	 26.816 	 67.505
FHW12098	147.500 	 26.813 	 67.505
FHW12098	147.625 	 26.816 	 67.505
FHW12098	147.750 	 26.813 	 67.505
FHW12098	147.875 	 26.816 	 67.504
FHW12098	148.000 	 26.816 	 67.505
FHW12098	148.125 	 26.813 	 67.506
FHW12098	148.250 	 26.816 	 67.505
FHW12098	148.375 	 26.816 	 67.505
FHW12098	148.500 	 26.813 	 67.504
FHW12098	148.625 	 26.816 	 67.505
FHW12098	148.750 	 26.816 	 67.505
FHW12098	148.875 	 26.813 	 67.505
FHW12098	149.000 	 26.816 	 67.505
FHW12098	149.125 	 26.816 	 67.505
FHW12098	149.250 	 26.813 	 67.505
FHW12098	149.375 	 26.816 	 67.505
FHW12098	149.500 	 26.816 	 67.505
FHW12098	149.625 	 26.813 	 67.505
FHW12098	149.750 	 26.816 	 67.505
FHW12098	149.875 	 26.816 	 67.504
FHW12098	150.000 	 26.813 	 67.505
FHW12098	150.125 	 26.816 	 67.505
FHW12098	150.250 	 26.816 	 67.506
FHW12098	150.375 	 26.813 	 67.505
FHW12098	150.500 	 26.816 	 67.504
FHW12098	150.625 	 26.813 	 67.506
FHW12098	150.750 	 26.815 	 67.505
FHW12098	150.875 	 26.816 	 67.506
FHW12098	151.000 	 26.813 	 67.506
FHW12098	151.125 	 26.816 	 67.504
FHW12098	151.250 	 26.816 	 67.506
FHW12098	151.375 	 26.812 	 67.505
FHW12098	151.500 	 26.816 	 67.506
FHW12098	151.625 	 26.815 	 67.505
FHW12098	151.750 	 26.813 	 67.505
FHW12098	151.875 	 26.815 	 67.505
FHW12098	152.000 	 26.816 	 67.506
FHW12098	152.125 	 26.813 	 67.506
FHW12098	152.250 	 26.815 	 67.505
FHW12098	152.375 	 26.816 	 67.505
FHW12098	152.500 	 26.812 	 67.505
FHW12098	152.625 	 26.816 	 67.506
FHW12098	152.750 	 26.815 	 67.505
FHW12098	152.875 	 26.813 	 67.506
FHW12098	153.000 	 26.816 	 67.505
FHW12098	153.125 	 26.815 	 67.505
FHW12098	153.250 	 26.813 	 67.506
FHW12098	153.375 	 26.815 	 67.505
FHW12098	153.500 	 26.813 	 67.506
FHW12098	153.625 	 26.816 	 67.504
FHW12098	153.750 	 26.816 	 67.506
FHW12098	153.875 	 26.812 	 67.505
FHW12098	154.000 	 26.816 	 67.506
FHW12098	154.125 	 26.816 	 67.506
FHW12098	154.250 	 26.812 	 67.504
FHW12098	154.375 	 26.816 	 67.506
FHW12098	154.500 	 26.815 	 67.505
FHW12098	154.625 	 26.813 	 67.506
FHW12098	154.750 	 26.815 	 67.505
FHW12098	154.875 	 26.816 	 67.505
FHW12098	155.000 	 26.812 	 67.505
FHW12098	155.125 	 26.816 	 67.506
FHW12098	155.250 	 26.816 	 67.506
FHW12098	155.375 	 26.812 	 67.505
FHW12098	155.500 	 26.816 	 67.505
FHW12098	155.625 	 26.815 	 67.505
FHW12098	155.750 	 26.813 	 67.506
FHW12098	155.875 	 26.815 	 67.505
FHW12098	156.000 	 26.813 	 67.506
FHW12098	156.125 	 26.816 	 67.504
FHW12098	156.250 	 26.816 	 67.506
FHW12098	156.375 	 26.813 	 67.506
FHW12098	156.500 	 26.815 	 67.505
FHW12098	156.625 	 27.430 	 67.431
FHW12098	156.750 	 31.936 	 66.965
FHW12098	156.875 	 31.931 	 66.965
FHW12098	157.000 	 31.936 	 66.965
FHW12098	157.125 	 31.935 	 66.965
FHW12098	157.250 	 31.936 	 66.965
FHW12098	157.375 	 31.935 	 66.965
FHW12098	157.500 	 31.936 	 66.966
FHW12098	157.625 	 31.931 	 66.965
FHW12098	157.750 	 31.936 	 66.965
FHW12098	157.875 	 31.935 	 66.965
FHW12098	158.000 	 31.936 	 66.965
FHW12098	158.125 	 33.905 	 66.565
FHW12098	158.250 	 33.905 	 66.566
FHW12098	158.375 	 33.905 	 66.565
FHW12098	158.500 	 33.905 	 66.565
FHW12098	158.625 	 33.905 	 66.565
FHW12098	158.750 	 33.905 	 66.565
FHW12098	158.875 	 33.905 	 66.565
FHW12098	159.000 	 33.905 	 66.565
FHW12098	159.125 	 33.905 	 66.565
FHW12098	159.250 	 33.901 	 66.565
FHW12098	159.375 	 33.905 	 66.566
FHW12098	159.500 	 33.905 	 66.565
FHW12098	159.625 	 33.905 	 66.565
FHW12098	159.750 	 33.905 	 66.566
FHW12098	159.875 	 33.905 	 66.565
FHW12098	160.000 	 33.905 	 66.565
FHW12098	160.125 	 33.905 	 66.565
FHW12098	160.250 	 33.905 	 66.565
FHW12098	160.375 	 33.905 	 66.565
FHW12098	160.500 	 33.905 	 66.565
FHW12098	160.625 	 33.905 	 66.565
FHW12098	160.750 	 33.905 	 66.565
FHW12098	160.875 	 33.905 	 66.566
FHW12098	161.000 	 33.905 	 66.565
FHW12098	161.125 	 33.905 	 66.565
FHW12098	161.250 	 33.905 	 66.565
FHW12098	161.375 	 33.905 	 66.565
FHW12098	161.500 	 33.902 	 66.565
FHW12098	161.625 	 33.905 	 66.565
FHW12098	161.750 	 33.905 	 66.565
FHW12098	161.875 	 33.905 	 66.565
FHW12098	162.000 	 33.905 	 66.566
FHW12098	162.125 	 33.905 	 66.565
FHW12098	162.250 	 33.905 	 66.565
FHW12098	162.375 	 33.905 	 66.566
FHW12098	162.500 	 33.905 	 66.565
FHW12098	162.625 	 33.905 	 66.565
FHW12098	162.750 	 33.905 	 66.565
FHW12098	162.875 	 33.905 	 66.565
FHW12098	163.000 	 33.905 	 66.565
FHW12098	163.125 	 33.905 	 66.565
FHW12098	163.250 	 33.905 	 66.565
FHW12098	163.375 	 33.905 	 66.565
FHW12098	163.500 	 33.905 	 66.566
FHW12098	163.625 	 33.905 	 66.565
FHW12098	163.750 	 33.905 	 66.565
FHW12098	163.875 	 33.901 	 66.566
FHW12098	164.000 	 33.905 	 66.565
FHW12098	164.125 	 33.905 	 66.565
FHW12098	164.250 	 33.905 	 66.565
FHW12098	164.375 	 33.905 	 66.565
FHW12098	164.500 	 33.905 	 66.565
FHW12098	164.625 	 33.905 	 66.565
FHW12098	164.750 	 33.905 	 66.565
FHW12098	164.875 	 33.905 	 66.565
FHW12098	165.000 	 33.905 	 66.566
FHW12098	165.125 	 33.905 	 66.565
FHW12098	165.250 	 33.905 	 66.565
FHW12098	165.375 	 33.905 	 66.566
FHW12098	165.500 	 33.905 	 66.565
FHW12098	165.625 	 33.905 	 66.565
FHW12098	165.750 	 33.905 	 66.565
FHW12098	165.875 	 33.905 	 66.565
FHW12098	166.000 	 33.905 	 66.565
FHW12098	166.125 	 33.901 	 66.565
FHW12098	166.250 	 33.905 	 66.565
FHW12098	166.375 	 33.905 	 66.565
FHW12098	166.500 	 33.905 	 66.565
FHW12098	166.625 	 33.905 	 66.565
FHW12098	166.750 	 33.905 	 66.565
FHW12098	166.875 	 33.905 	 66.565
FHW12098	167.000 	 33.905 	 66.565
FHW12098	167.125 	 33.905 	 66.565
FHW12098	167.250 	 33.905 	 66.565
FHW12098	167.375 	 33.905 	 66.566
FHW12098	167.500 	 33.905 	 66.565
FHW12098	167.625 	 33.905 	 66.565
FHW12098	167.750 	 33.905 	 66.566
FHW12098	167.875 	 33.905 	 66.565
FHW12098	168.000 	 33.905 	 66.565
FHW12098	168.125 	 33.905 	 66.565
FHW12098	168.250 	 33.905 	 66.565
FHW12098	168.375 	 33.905 	 66.565
FHW12098	168.500 	 33.901 	 66.565
FHW12098	168.625 	 33.905 	 66.565
FHW12098	168.750 	 33.905 	 66.565
FHW12098	168.875 	 33.905 	 66.566
FHW12098	169.000 	 33.905 	 66.565
FHW12098	169.125 	 33.905 	 66.565
FHW12098	169.250 	 33.905 	 66.565
FHW12098	169.375 	 33.905 	 66.565
FHW12098	169.500 	 33.905 	 66.565
FHW12098	169.625 	 33.905 	 66.565
FHW12098	169.750 	 33.905 	 66.565
FHW12098	169.875 	 33.905 	 66.565
FHW12098	170.000 	 33.905 	 66.566
FHW12098	170.125 	 33.905 	 66.565
FHW12098	170.250 	 33.905 	 66.565
FHW12098	170.375 	 33.905 	 66.566
FHW12098	170.500 	 33.905 	 66.565
FHW12098	170.625 	 33.905 	 66.565
FHW12098	170.750 	 33.901 	 66.565
FHW12098	170.875 	 33.905 	 66.565
FHW12098	171.000 	 33.905 	 66.565
FHW12098	171.125 	 33.905 	 66.565
FHW12098	171.250 	 33.905 	 66.565
FHW12098	171.375 	 33.905 	 66.565
FHW12098	171.500 	 33.905 	 66.566
FHW12098	171.625 	 33.905 	 66.565
FHW12098	171.750 	 33.905 	 66.565
FHW12098	171.875 	 33.905 	 66.566
FHW12098	172.000 	 33.905 	 66.565
FHW12098	172.125 	 33.905 	 66.565
FHW12098	172.250 	 33.905 	 66.565
FHW12098	172.375 	 33.905 	 66.565
FHW12098	172.500 	 33.905 	 66.565
FHW12098	172.625 	 33.905 	 66.565
FHW12098	172.750 	 33.905 	 66.565
FHW12098	172.875 	 33.905 	 66.565
FHW12098	173.000 	 33.905 	 66.566
FHW12098	173.125 	 33.901 	 66.565
FHW12098	173.250 	 33.905 	 66.565
FHW12098	173.375 	 33.905 	 66.566
FHW12098	173.500 	 33.905 	 66.565
FHW12098	173.625 	 33.905 	 66.565
FHW12098	173.750 	 33.905 	 66.565
FHW12098	173.875 	 33.905 	 66.565
FHW12098	174.000 	 33.905 	 66.565
FHW12098	174.125 	 33.905 	 66.565
FHW12098	174.250 	 33.905 	 66.565
FHW12098	174.375 	 33.905 	 66.565
FHW12098	174.500 	 33.905 	 66.566
FHW12098	174.625 	 33.905 	 66.565
FHW12098	174.750 	 33.905 	 66.565
FHW12098	174.875 	 33.905 	 66.565
FHW12098	175.000 	 33.905 	 66.565
FHW12098	175.125 	 33.905 	 66.565
FHW12098	175.250 	 33.905 	 66.565
FHW12098	175.375 	 33.902 	 66.565
FHW12098	175.500 	 33.905 	 66.565
FHW12098	175.625 	 33.905 	 66.566
FHW12098	175.750 	 33.905 	 66.565
FHW12098	175.875 	 33.905 	 66.565
FHW12098	176.000 	 38.155 	 65.095
FHW12098	176.125 	 39.214 	 64.770
FHW12098	176.250 	 39.218 	 64.770
FHW12098	176.375 	 39.219 	 64.770
FHW12098	176.500 	 39.214 	 64.770
FHW12098	176.625 	 39.218 	 64.769
FHW12098	176.750 	 39.219 	 64.770
FHW12098	176.875 	 39.214 	 64.770
FHW12098	177.000 	 39.218 	 64.769
FHW12098	177.125 	 39.219 	 64.770
FHW12098	177.250 	 39.214 	 64.770
FHW12098	177.375 	 39.218 	 64.770
FHW12098	177.500 	 39.219 	 64.770
FHW12098	177.625 	 39.214 	 64.770
FHW12098	177.750 	 39.218 	 64.769
FHW12098	177.875 	 39.219 	 64.770
FHW12098	178.000 	 39.214 	 64.770
FHW12098	178.125 	 39.218 	 64.769
FHW12098	178.250 	 39.219 	 64.770
FHW12098	178.375 	 39.214 	 64.771
FHW12098	178.500 	 39.218 	 64.769
FHW12098	178.625 	 39.219 	 64.770
FHW12098	178.750 	 39.214 	 64.770
FHW12098	178.875 	 39.218 	 64.771
FHW12098	179.000 	 39.219 	 64.770
FHW12098	179.125 	 39.214 	 64.770
FHW12098	179.250 	 39.218 	 64.771
FHW12098	179.375 	 39.219 	 64.770
FHW12098	179.500 	 39.214 	 64.770
FHW12098	179.625 	 39.218 	 64.769
FHW12098	179.750 	 39.219 	 64.771
FHW12098	179.875 	 39.214 	 64.770
FHW12098	180.000 	 39.218 	 64.769
FHW12098	180.125 	 39.219 	 64.770
FHW12098	180.250 	 39.214 	 64.771
FHW12098	180.375 	 39.218 	 64.769
FHW12098	180.500 	 39.219 	 64.770
FHW12098	180.625 	 39.214 	 64.771
FHW12098	180.750 	 39.218 	 64.769
FHW12098	180.875 	 39.219 	 64.770
FHW12098	181.000 	 39.214 	 64.770
FHW12098	181.125 	 39.218 	 64.771
FHW12098	181.250 	 39.219 	 64.770
FHW12098	181.375 	 39.214 	 64.769
FHW12098	181.500 	 39.219 	 64.770
FHW12098	181.625 	 39.219 	 64.771
FHW12098	181.750 	 39.214 	 64.769
FHW12098	181.875 	 39.219 	 64.770
FHW12098	182.000 	 39.219 	 64.771
FHW12098	182.125 	 39.214 	 64.769
FHW12098	182.250 	 39.219 	 64.770
FHW12098	182.375 	 39.218 	 64.769
FHW12098	182.500 	 39.214 	 64.771
FHW12098	182.625 	 39.219 	 64.770
FHW12098	182.750 	 39.218 	 64.769
FHW12098	182.875 	 39.214 	 64.771
FHW12098	183.000 	 39.219 	 64.770
FHW12098	183.125 	 39.214 	 64.769
FHW12098	183.250 	 39.218 	 64.769
FHW12098	183.375 	 39.219 	 64.772
FHW12098	183.500 	 39.214 	 64.769
FHW12098	183.625 	 39.218 	 64.769
FHW12098	183.750 	 39.219 	 64.770
FHW12098	183.875 	 39.214 	 64.771
FHW12098	184.000 	 39.218 	 64.769
FHW12098	184.125 	 39.218 	 64.769
FHW12098	184.250 	 39.215 	 64.772
FHW12098	184.375 	 39.218 	 64.769
FHW12098	184.500 	 39.218 	 64.769
FHW12098	184.625 	 39.215 	 64.770
FHW12098	184.750 	 39.218 	 64.771
FHW12098	184.875 	 39.218 	 64.769
FHW12098	185.000 	 39.215 	 64.770
FHW12098	185.125 	 39.218 	 64.769
FHW12098	185.250 	 39.218 	 64.771
FHW12098	185.375 	 39.215 	 64.770
FHW12098	185.500 	 39.218 	 64.769
FHW12098	185.625 	 39.218 	 64.771
FHW12098	185.750 	 39.215 	 64.770
FHW12098	185.875 	 39.218 	 64.769
FHW12098	186.000 	 39.218 	 64.769
FHW12098	186.125 	 39.215 	 64.772
FHW12098	186.250 	 39.218 	 64.769
FHW12098	186.375 	 39.218 	 64.769
FHW12098	186.500 	 39.215 	 64.772
FHW12098	186.625 	 39.218 	 64.769
FHW12098	186.750 	 39.218 	 64.769
FHW12098	186.875 	 39.215 	 64.770
FHW12098	187.000 	 39.218 	 64.771
FHW12098	187.125 	 39.218 	 64.769
FHW12098	187.250 	 39.215 	 64.770
FHW12098	187.375 	 39.218 	 64.769
FHW12098	187.500 	 39.218 	 64.771
FHW12098	187.625 	 39.215 	 64.770
FHW12098	187.750 	 39.218 	 64.769
FHW12098	187.875 	 39.218 	 64.771
FHW12098	188.000 	 39.215 	 64.770
FHW12098	188.125 	 39.218 	 64.769
FHW12098	188.250 	 39.218 	 64.769
FHW12098	188.375 	 39.215 	 64.772
FHW12098	188.500 	 39.218 	 64.769
FHW12098	188.625 	 39.218 	 64.769
FHW12098	188.750 	 39.215 	 64.770
FHW12098	188.875 	 39.218 	 64.771
FHW12098	189.000 	 39.218 	 64.769
FHW12098	189.125 	 39.215 	 64.770
FHW12098	189.250 	 39.218 	 64.771
FHW12098	189.375 	 39.218 	 64.769
FHW12098	189.500 	 39.215 	 64.770
FHW12098	189.625 	 39.218 	 64.769
FHW12098	189.750 	 39.218 	 64.771
FHW12098	189.875 	 39.215 	 64.770
FHW12098	190.000 	 39.218 	 64.769
FHW12098	190.125 	 39.218 	 64.771
FHW12098	190.250 	 39.215 	 64.770
FHW12098	190.375 	 39.218 	 64.769
FHW12098	190.500 	 39.218 	 64.769
FHW12098	190.625 	 39.215 	 64.772
FHW12098	190.750 	 39.218 	 64.769
FHW12098	190.875 	 39.214 	 64.769
FHW12098	191.000 	 39.219 	 64.770
FHW12098	191.125 	 39.218 	 64.771
FHW12098	191.250 	 39.214 	 64.769
FHW12098	191.375 	 39.219 	 64.770
FHW12098	191.500 	 39.218 	 64.771
FHW12098	191.625 	 39.214 	 64.769
FHW12098	191.750 	 39.219 	 64.770
FHW12098	191.875 	 39.218 	 64.769
FHW12098	192.000 	 39.214 	 64.771
FHW12098	192.125 	 39.219 	 64.770
FHW12098	192.250 	 39.218 	 64.769
FHW12098	192.375 	 39.214 	 64.769
FHW12098	192.500 	 39.219 	 64.772
FHW12098	192.625 	 39.218 	 64.769
FHW12098	192.750 	 39.214 	 64.769
FHW12098	192.875 	 39.219 	 64.772
FHW12098	193.000 	 39.218 	 64.769
FHW12098	193.125 	 39.214 	 64.769
FHW12098	193.250 	 39.219 	 64.770
FHW12098	193.375 	 39.218 	 64.771
FHW12098	193.500 	 39.214 	 64.769
FHW12098	193.625 	 39.219 	 64.770
FHW12098	193.750 	 39.218 	 64.771
FHW12098	193.875 	 39.214 	 64.769
FHW12098	194.000 	 39.219 	 64.770
FHW12098	194.125 	 39.218 	 64.769
FHW12098	194.250 	 39.214 	 64.771
FHW12098	194.375 	 39.219 	 64.770
FHW12098	194.500 	 39.218 	 64.769
FHW12098	194.625 	 39.214 	 64.769
FHW12098	194.750 	 39.218 	 64.771
FHW12098	194.875 	 39.219 	 64.770
FHW12098	195.000 	 39.214 	 64.769
FHW12098	195.125 	 41.340 	 64.408
FHW12098	195.250 	 46.801 	 63.600
FHW12098	195.375 	 46.797 	 63.600
FHW12098	195.500 	 46.801 	 63.599
FHW12098	195.625 	 46.802 	 63.600
FHW12098	195.750 	 46.796 	 63.599
FHW12098	195.875 	 46.802 	 63.601
FHW12098	196.000 	 46.801 	 63.599
FHW12098	196.125 	 46.797 	 63.600
FHW12098	196.250 	 46.801 	 63.599
FHW12098	196.375 	 46.802 	 63.600
FHW12098	196.500 	 46.797 	 63.601
FHW12098	196.625 	 46.801 	 63.599
FHW12098	196.750 	 46.802 	 63.600
FHW12098	196.875 	 46.796 	 63.599
FHW12098	197.000 	 46.802 	 63.600
FHW12098	197.125 	 46.801 	 63.600
FHW12098	197.250 	 46.797 	 63.600
FHW12098	197.375 	 46.801 	 63.599
FHW12098	197.500 	 46.802 	 63.600
FHW12098	197.625 	 46.796 	 63.600
FHW12098	197.750 	 46.802 	 63.600
FHW12098	197.875 	 46.801 	 63.599
FHW12098	198.000 	 46.802 	 63.600
FHW12098	198.125 	 46.797 	 63.600
FHW12098	198.250 	 46.801 	 63.600
FHW12098	198.375 	 46.802 	 63.600
FHW12098	198.500 	 46.796 	 63.599
FHW12098	198.625 	 46.802 	 63.600
FHW12098	198.750 	 46.801 	 63.599
FHW12098	198.875 	 46.797 	 63.601
FHW12098	199.000 	 46.801 	 63.599
FHW12098	199.125 	 46.802 	 63.600
FHW12098	199.250 	 46.796 	 63.599
FHW12098	199.375 	 46.802 	 63.600
FHW12098	199.500 	 46.801 	 63.600
FHW12098	199.625 	 46.797 	 63.600
FHW12098	199.750 	 46.802 	 63.600
FHW12098	199.875 	 46.801 	 63.599
FHW12098	200.000 	 46.797 	 63.600
FHW12098	200.125 	 46.801 	 63.600
FHW12098	200.250 	 46.802 	 63.600
FHW12098	200.375 	 46.796 	 63.599
FHW12098	200.500 	 46.802 	 63.600
FHW12098	200.625 	 46.801 	 63.599
FHW12098	200.750 	 46.797 	 63.601
FHW12098	200.875 	 46.801 	 63.599
FHW12098	201.000 	 46.802 	 63.600
FHW12098	201.125 	 46.797 	 63.600
FHW12098	201.250 	 46.801 	 63.599
FHW12098	201.375 	 46.802 	 63.601
FHW12098	201.500 	 46.801 	 63.599
FHW12098	201.625 	 46.797 	 63.600
FHW12098	201.750 	 46.801 	 63.599
FHW12098	201.875 	 46.802 	 63.600
FHW12098	202.000 	 46.796 	 63.600
FHW12098	202.125 	 46.802 	 63.600
FHW12098	202.250 	 46.801 	 63.599
FHW12098	202.375 	 46.797 	 63.600
FHW12098	202.500 	 46.801 	 63.599
FHW12098	202.625 	 46.802 	 63.601
FHW12098	202.750 	 46.797 	 63.600
FHW12098	202.875 	 46.801 	 63.599
FHW12098	203.000 	 46.802 	 63.600
FHW12098	203.125 	 46.796 	 63.599
FHW12098	203.250 	 46.802 	 63.601
FHW12098	203.375 	 46.801 	 63.599
FHW12098	203.500 	 46.797 	 63.600
FHW12098	203.625 	 46.801 	 63.599
FHW12098	203.750 	 46.802 	 63.601
FHW12098	203.875 	 46.796 	 63.599
FHW12098	204.000 	 46.802 	 63.600
FHW12098	204.125 	 46.801 	 63.599
FHW12098	204.250 	 46.797 	 63.600
FHW12098	204.375 	 46.802 	 63.601
FHW12098	204.500 	 46.801 	 63.599
FHW12098	204.625 	 46.797 	 63.600
FHW12098	204.750 	 46.801 	 63.599
FHW12098	204.875 	 46.802 	 63.600
FHW12098	205.000 	 46.796 	 63.600
FHW12098	205.125 	 46.802 	 63.600
FHW12098	205.250 	 46.801 	 63.599
FHW12098	205.375 	 46.802 	 63.600
FHW12098	205.500 	 46.796 	 63.599
FHW12098	205.625 	 46.802 	 63.601
FHW12098	205.750 	 46.801 	 63.599
FHW12098	205.875 	 46.797 	 63.600
FHW12098	206.000 	 46.802 	 63.600
FHW12098	206.125 	 46.801 	 63.599
FHW12098	206.250 	 46.797 	 63.601
FHW12098	206.375 	 46.801 	 63.599
FHW12098	206.500 	 46.802 	 63.600
FHW12098	206.625 	 46.796 	 63.599
FHW12098	206.750 	 46.802 	 63.600
FHW12098	206.875 	 46.801 	 63.600
FHW12098	207.000 	 46.797 	 63.600
FHW12098	207.125 	 46.801 	 63.599
FHW12098	207.250 	 46.802 	 63.600
FHW12098	207.375 	 46.796 	 63.599
FHW12098	207.500 	 46.802 	 63.601
FHW12098	207.625 	 46.802 	 63.600
FHW12098	207.750 	 46.796 	 63.599
FHW12098	207.875 	 46.802 	 63.600
FHW12098	208.000 	 46.801 	 63.599
FHW12098	208.125 	 46.797 	 63.601
FHW12098	208.250 	 46.801 	 63.599
FHW12098	208.375 	 46.802 	 63.600
FHW12098	208.500 	 46.796 	 63.599
FHW12098	208.625 	 46.802 	 63.600
FHW12098	208.750 	 46.801 	 63.600
FHW12098	208.875 	 46.802 	 63.600
FHW12098	209.000 	 46.796 	 63.599
FHW12098	209.125 	 46.802 	 63.600
FHW12098	209.250 	 46.802 	 63.601
FHW12098	209.375 	 46.796 	 63.599
FHW12098	209.500 	 46.802 	 63.600
FHW12098	209.625 	 46.801 	 63.599
FHW12098	209.750 	 46.797 	 63.600
FHW12098	209.875 	 46.801 	 63.600
FHW12098	210.000 	 46.802 	 63.600
FHW12098	210.125 	 46.796 	 63.599
FHW12098	210.250 	 46.802 	 63.600
FHW12098	210.375 	 46.801 	 63.599
FHW12098	210.500 	 46.797 	 63.601
FHW12098	210.625 	 46.801 	 63.599
FHW12098	210.750 	 46.802 	 63.600
FHW12098	210.875 	 46.797 	 63.600
FHW12098	211.000 	 46.801 	 63.599
FHW12098	211.125 	 46.802 	 63.601
FHW12098	211.250 	 46.796 	 63.599
FHW12098	211.375 	 46.802 	 63.600
FHW12098	211.500 	 46.801 	 63.599
FHW12098	211.625 	 46.797 	 63.600
FHW12098	211.750 	 46.801 	 63.600
FHW12098	211.875 	 46.802 	 63.600
FHW12098	212.000 	 46.796 	 63.599
FHW12098	212.125 	 46.802 	 63.600
FHW12098	212.250 	 46.802 	 63.600
FHW12098	212.375 	 46.801 	 63.600
FHW12098	212.500 	 46.797 	 63.600
FHW12098	212.625 	 46.801 	 63.599
FHW12098	212.750 	 46.802 	 63.600
FHW12098	212.875 	 46.796 	 63.599
FHW12098	213.000 	 46.802 	 63.601
FHW12098	213.125 	 46.801 	 63.599
FHW12098	213.250 	 46.797 	 63.600
FHW12098	213.375 	 46.801 	 63.599
FHW12098	213.500 	 46.802 	 63.600
FHW12098	213.625 	 46.796 	 63.600
FHW12098	213.750 	 46.802 	 63.600
FHW12098	213.875 	 46.802 	 63.600
FHW12098	214.000 	 46.796 	 63.599
FHW12098	214.125 	 46.802 	 63.600
FHW12098	214.250 	 46.801 	 63.600
FHW12098	214.375 	 46.797 	 63.600
FHW12098	214.500 	 53.894 	 64.817
FHW12098	214.625 	 54.859 	 64.965
FHW12098	214.750 	 54.859 	 64.965
FHW12098	214.875 	 54.860 	 64.966
FHW12098	215.000 	 54.859 	 64.965
FHW12098	215.125 	 54.859 	 64.965
FHW12098	215.250 	 54.854 	 64.966
FHW12098	215.375 	 54.859 	 64.965
FHW12098	215.500 	 54.860 	 64.966
FHW12098	215.625 	 54.859 	 64.965
FHW12098	215.750 	 54.859 	 64.965
FHW12098	215.875 	 54.859 	 64.966
FHW12098	216.000 	 54.859 	 64.965
FHW12098	216.125 	 54.859 	 64.965
FHW12098	216.250 	 54.854 	 64.966
FHW12098	216.375 	 54.859 	 64.965
FHW12098	216.500 	 54.859 	 64.965
FHW12098	216.625 	 54.860 	 64.966
FHW12098	216.750 	 54.859 	 64.965
FHW12098	216.875 	 54.859 	 64.965
FHW12098	217.000 	 54.860 	 64.966
FHW12098	217.125 	 54.859 	 64.965
FHW12098	217.250 	 54.853 	 64.965
FHW12098	217.375 	 54.860 	 64.966
FHW12098	217.500 	 54.859 	 64.965
FHW12098	217.625 	 54.859 	 64.965
FHW12098	217.750 	 54.860 	 64.966
FHW12098	217.875 	 54.859 	 64.965
FHW12098	218.000 	 54.859 	 64.966
FHW12098	218.125 	 54.859 	 64.965
FHW12098	218.250 	 54.853 	 64.965
FHW12098	218.375 	 54.860 	 64.966
FHW12098	218.500 	 54.859 	 64.965
FHW12098	218.625 	 54.859 	 64.965
FHW12098	218.750 	 54.860 	 64.966
FHW12098	218.875 	 54.859 	 64.965
FHW12098	219.000 	 54.859 	 64.965
FHW12098	219.125 	 54.860 	 64.966
FHW12098	219.250 	 54.859 	 64.965
FHW12098	219.375 	 54.853 	 64.965
FHW12098	219.500 	 54.860 	 64.966
FHW12098	219.625 	 54.859 	 64.965
FHW12098	219.750 	 54.859 	 64.965
FHW12098	219.875 	 54.860 	 64.966
FHW12098	220.000 	 54.859 	 64.965
FHW12098	220.125 	 54.858 	 64.966
FHW12098	220.250 	 54.860 	 64.966
FHW12098	220.375 	 54.853 	 64.965
FHW12098	220.500 	 54.860 	 64.966
FHW12098	220.625 	 54.859 	 64.965
FHW12098	220.750 	 54.859 	 64.965
FHW12098	220.875 	 54.860 	 64.966
FHW12098	221.000 	 54.859 	 64.965
FHW12098	221.125 	 54.859 	 64.965
FHW12098	221.250 	 54.860 	 64.966
FHW12098	221.375 	 54.853 	 64.965
FHW12098	221.500 	 54.859 	 64.965
FHW12098	221.625 	 54.860 	 64.966
FHW12098	221.750 	 54.859 	 64.965
FHW12098	221.875 	 54.859 	 64.965
FHW12098	222.000 	 54.860 	 64.966
FHW12098	222.125 	 54.859 	 64.965
FHW12098	222.250 	 54.858 	 64.966
FHW12098	222.375 	 54.854 	 64.966
FHW12098	222.500 	 54.859 	 64.965
FHW12098	222.625 	 54.859 	 64.965
FHW12098	222.750 	 54.860 	 64.966
FHW12098	222.875 	 54.859 	 64.965
FHW12098	223.000 	 54.860 	 64.966
FHW12098	223.125 	 54.859 	 64.965
FHW12098	223.250 	 54.859 	 64.965
FHW12098	223.375 	 54.854 	 64.966
FHW12098	223.500 	 54.859 	 64.965
FHW12098	223.625 	 54.859 	 64.965
FHW12098	223.750 	 54.860 	 64.966
FHW12098	223.875 	 54.859 	 64.965
FHW12098	224.000 	 54.859 	 64.965
FHW12098	224.125 	 54.860 	 64.966
FHW12098	224.250 	 54.859 	 64.965
FHW12098	224.375 	 54.853 	 64.966
FHW12098	224.500 	 54.860 	 64.966
FHW12098	224.625 	 54.859 	 64.965
FHW12098	224.750 	 54.859 	 64.965
FHW12098	224.875 	 54.860 	 64.966
FHW12098	225.000 	 54.859 	 64.965
FHW12098	225.125 	 54.860 	 64.966
FHW12098	225.250 	 54.859 	 64.965
FHW12098	225.375 	 54.853 	 64.965
FHW12098	225.500 	 54.860 	 64.966
FHW12098	225.625 	 54.859 	 64.965
FHW12098	225.750 	 54.859 	 64.965
FHW12098	225.875 	 54.860 	 64.966
FHW12098	226.000 	 54.859 	 64.965
FHW12098	226.125 	 54.859 	 64.965
FHW12098	226.250 	 54.860 	 64.966
FHW12098	226.375 	 54.853 	 64.965
FHW12098	226.500 	 54.858 	 64.966
FHW12098	226.625 	 54.860 	 64.966
FHW12098	226.750 	 54.859 	 64.965
FHW12098	226.875 	 54.859 	 64.965
FHW12098	227.000 	 54.860 	 64.966
FHW12098	227.125 	 54.859 	 64.965
FHW12098	227.250 	 54.859 	 64.965
FHW12098	227.375 	 54.854 	 64.966
FHW12098	227.500 	 54.859 	 64.965
FHW12098	227.625 	 54.860 	 64.966
FHW12098	227.750 	 54.859 	 64.965
FHW12098	227.875 	 54.859 	 64.965
FHW12098	228.000 	 54.860 	 64.966
FHW12098	228.125 	 54.859 	 64.965
FHW12098	228.250 	 54.859 	 64.965
FHW12098	228.375 	 54.854 	 64.966
FHW12098	228.500 	 54.859 	 64.965
FHW12098	228.625 	 54.858 	 64.966
FHW12098	228.750 	 54.860 	 64.966
FHW12098	228.875 	 54.859 	 64.965
FHW12098	229.000 	 54.859 	 64.965
FHW12098	229.125 	 54.860 	 64.966
FHW12098	229.250 	 54.859 	 64.965
FHW12098	229.375 	 54.859 	 64.965
FHW12098	229.500 	 54.854 	 64.965
FHW12098	229.625 	 54.859 	 64.965
FHW12098	229.750 	 54.858 	 64.967
FHW12098	229.875 	 54.860 	 64.966
FHW12098	230.000 	 54.859 	 64.965
FHW12098	230.125 	 54.860 	 64.966
FHW12098	230.250 	 54.859 	 64.965
FHW12098	230.375 	 54.859 	 64.965
FHW12098	230.500 	 54.854 	 64.966
FHW12098	230.625 	 54.859 	 64.965
FHW12098	230.750 	 54.860 	 64.966
FHW12098	230.875 	 54.859 	 64.965
FHW12098	231.000 	 54.859 	 64.965
FHW12098	231.125 	 54.859 	 64.965
FHW12098	231.250 	 54.859 	 64.965
FHW12098	231.375 	 54.861 	 64.966
FHW12098	231.500 	 54.853 	 64.965
FHW12098	231.625 	 54.859 	 64.965
FHW12098	231.750 	 54.859 	 64.965
FHW12098	231.875 	 54.859 	 64.965
FHW12098	232.000 	 54.859 	 64.965
FHW12098	232.125 	 54.861 	 64.966
FHW12098	232.250 	 54.859 	 64.965
FHW12098	232.375 	 54.859 	 64.965
FHW12098	232.500 	 54.853 	 64.965
FHW12098	232.625 	 54.859 	 64.965
FHW12098	232.750 	 54.859 	 64.965
FHW12098	232.875 	 54.861 	 64.966
FHW12098	233.000 	 54.859 	 64.965
FHW12098	233.125 	 54.859 	 64.965
FHW12098	233.250 	 54.859 	 64.965
FHW12098	233.375 	 54.859 	 64.965
FHW12098	233.500 	 54.855 	 64.966
FHW12098	233.625 	 54.859 	 64.965
FHW12098	233.750 	 61.730 	 66.587
FHW12098	233.875 	 62.665 	 66.790
FHW12098	234.000 	 62.665 	 66.791
FHW12098	234.125 	 62.664 	 66.788
FHW12098	234.250 	 62.665 	 66.791
FHW12098	234.375 	 62.665 	 66.790
FHW12098	234.500 	 62.665 	 66.790
FHW12098	234.625 	 62.665 	 66.791
FHW12098	234.750 	 62.659 	 66.790
FHW12098	234.875 	 62.665 	 66.791
FHW12098	235.000 	 62.664 	 66.788
FHW12098	235.125 	 62.665 	 66.790
FHW12098	235.250 	 62.665 	 66.791
FHW12098	235.375 	 62.665 	 66.790
FHW12098	235.500 	 62.665 	 66.791
FHW12098	235.625 	 62.665 	 66.790
FHW12098	235.750 	 62.664 	 66.788
FHW12098	235.875 	 62.665 	 66.791
FHW12098	236.000 	 62.665 	 66.790
FHW12098	236.125 	 62.665 	 66.791
FHW12098	236.250 	 62.665 	 66.790
FHW12098	236.375 	 62.665 	 66.791
FHW12098	236.500 	 62.665 	 66.790
FHW12098	236.625 	 62.657 	 66.788
FHW12098	236.750 	 62.665 	 66.791
FHW12098	236.875 	 62.665 	 66.790
FHW12098	237.000 	 62.665 	 66.791
FHW12098	237.125 	 62.665 	 66.790
FHW12098	237.250 	 62.665 	 66.790
FHW12098	237.375 	 62.663 	 66.790
FHW12098	237.500 	 62.665 	 66.790
FHW12098	237.625 	 62.665 	 66.791
FHW12098	237.750 	 62.665 	 66.790
FHW12098	237.875 	 62.665 	 66.790
FHW12098	238.000 	 62.665 	 66.791
FHW12098	238.125 	 62.665 	 66.790
FHW12098	238.250 	 62.663 	 66.790
FHW12098	238.375 	 62.659 	 66.790
FHW12098	238.500 	 62.665 	 66.790
FHW12098	238.625 	 62.665 	 66.791
FHW12098	238.750 	 62.665 	 66.790
FHW12098	238.875 	 62.665 	 66.791
FHW12098	239.000 	 62.664 	 66.788
FHW12098	239.125 	 62.665 	 66.790
FHW12098	239.250 	 62.665 	 66.791
FHW12098	239.375 	 62.665 	 66.790
FHW12098	239.500 	 62.665 	 66.791
FHW12098	239.625 	 62.665 	 66.790
FHW12098	239.750 	 62.665 	 66.790
FHW12098	239.875 	 62.663 	 66.790
FHW12098	240.000 	 62.665 	 66.790
FHW12098	240.125 	 62.665 	 66.791
FHW12098	240.250 	 62.659 	 66.790
FHW12098	240.375 	 62.665 	 66.791
FHW12098	240.500 	 62.665 	 66.790
FHW12098	240.625 	 62.664 	 66.788
FHW12098	240.750 	 62.665 	 66.791
FHW12098	240.875 	 62.665 	 66.790
FHW12098	241.000 	 62.665 	 66.791
FHW12098	241.125 	 62.665 	 66.790
FHW12098	241.250 	 62.665 	 66.790
FHW12098	241.375 	 62.665 	 66.791
FHW12098	241.500 	 62.664 	 66.788
FHW12098	241.625 	 62.665 	 66.791
FHW12098	241.750 	 62.665 	 66.790
FHW12098	241.875 	 62.665 	 66.790
FHW12098	242.000 	 62.665 	 66.791
FHW12098	242.125 	 62.659 	 66.790
FHW12098	242.250 	 62.663 	 66.790
FHW12098	242.375 	 62.665 	 66.790
FHW12098	242.500 	 62.665 	 66.790
FHW12098	242.625 	 62.665 	 66.791
FHW12098	242.750 	 62.665 	 66.790
FHW12098	242.875 	 62.665 	 66.791
FHW12098	243.000 	 62.665 	 66.790
FHW12098	243.125 	 62.664 	 66.788
FHW12098	243.250 	 62.665 	 66.791
FHW12098	243.375 	 62.665 	 66.790
FHW12098	243.500 	 62.665 	 66.791
FHW12098	243.625 	 62.665 	 66.790
FHW12098	243.750 	 62.665 	 66.791
FHW12098	243.875 	 62.664 	 66.788
FHW12098	244.000 	 62.659 	 66.790
FHW12098	244.125 	 62.665 	 66.791
FHW12098	244.250 	 62.665 	 66.790
FHW12098	244.375 	 62.665 	 66.791
FHW12098	244.500 	 62.665 	 66.790
FHW12098	244.625 	 62.665 	 66.790
FHW12098	244.750 	 62.663 	 66.790
FHW12098	244.875 	 62.665 	 66.790
FHW12098	245.000 	 62.665 	 66.791
FHW12098	245.125 	 62.665 	 66.790
FHW12098	245.250 	 62.665 	 66.790
FHW12098	245.375 	 62.665 	 66.791
FHW12098	245.500 	 62.664 	 66.788
FHW12098	245.625 	 62.665 	 66.791
FHW12098	245.750 	 62.659 	 66.790
FHW12098	245.875 	 62.665 	 66.790
FHW12098	246.000 	 62.665 	 66.791
FHW12098	246.125 	 62.665 	 66.790
FHW12098	246.250 	 62.665 	 66.791
FHW12098	246.375 	 62.664 	 66.788
FHW12098	246.500 	 62.665 	 66.790
FHW12098	246.625 	 62.665 	 66.791
FHW12098	246.750 	 62.665 	 66.790
FHW12098	246.875 	 62.665 	 66.791
FHW12098	247.000 	 62.665 	 66.790
FHW12098	247.125 	 62.664 	 66.788
FHW12098	247.250 	 62.665 	 66.791
FHW12098	247.375 	 62.665 	 66.790
FHW12098	247.500 	 62.665 	 66.791
FHW12098	247.625 	 62.659 	 66.790
FHW12098	247.750 	 62.665 	 66.791
FHW12098	247.875 	 62.665 	 66.790
FHW12098	248.000 	 62.664 	 66.788
FHW12098	248.125 	 62.665 	 66.791
FHW12098	248.250 	 62.665 	 66.790
FHW12098	248.375 	 62.665 	 66.791
FHW12098	248.500 	 62.665 	 66.790
FHW12098	248.625 	 62.665 	 66.790
FHW12098	248.750 	 62.663 	 66.790
FHW12098	248.875 	 62.665 	 66.790
FHW12098	249.000 	 62.665 	 66.791
FHW12098	249.125 	 62.665 	 66.790
FHW12098	249.250 	 62.665 	 66.790
FHW12098	249.375 	 62.665 	 66.791
FHW12098	249.500 	 62.659 	 66.790
FHW12098	249.625 	 62.663 	 66.790
FHW12098	249.750 	 62.665 	 66.790
FHW12098	249.875 	 62.665 	 66.790
FHW12098	250.000 	 62.665 	 66.791
FHW12098	250.125 	 62.665 	 66.790
FHW12098	250.250 	 62.665 	 66.791
FHW12098	250.375 	 62.664 	 66.788
FHW12098	250.500 	 62.665 	 66.790
FHW12098	250.625 	 62.665 	 66.791
FHW12098	250.750 	 62.665 	 66.790
FHW12098	250.875 	 62.665 	 66.791
FHW12098	251.000 	 62.665 	 66.790
FHW12098	251.125 	 62.665 	 66.790
FHW12098	251.250 	 62.663 	 66.790
FHW12098	251.375 	 62.659 	 66.790
FHW12098	251.500 	 62.665 	 66.791
FHW12098	251.625 	 62.665 	 66.790
FHW12098	251.750 	 62.665 	 66.791
FHW12098	251.875 	 62.665 	 66.790
FHW12098	252.000 	 62.664 	 66.788
FHW12098	252.125 	 62.665 	 66.791
FHW12098	252.250 	 62.665 	 66.790
FHW12098	252.375 	 62.665 	 66.791
FHW12098	252.500 	 62.665 	 66.790
FHW12098	252.625 	 62.665 	 66.790
FHW12098	252.750 	 62.665 	 66.791
FHW12098	252.875 	 62.664 	 66.788
FHW12098	253.000 	 62.665 	 66.791
FHW12098	253.125 	 66.975 	 67.430
FHW12098	253.250 	 67.348 	 67.487
FHW12098	253.375 	 67.347 	 67.485
FHW12098	253.500 	 67.354 	 67.484
FHW12098	253.625 	 67.347 	 67.485
FHW12098	253.750 	 67.355 	 67.485
FHW12098	253.875 	 67.347 	 67.485
FHW12098	254.000 	 67.353 	 67.485
FHW12098	254.125 	 67.347 	 67.484
FHW12098	254.250 	 67.347 	 67.485
FHW12098	254.375 	 67.355 	 67.487
FHW12098	254.500 	 67.347 	 67.484
FHW12098	254.625 	 67.353 	 67.485
FHW12098	254.750 	 67.347 	 67.484
FHW12098	254.875 	 67.348 	 67.487
FHW12098	255.000 	 67.353 	 67.485
FHW12098	255.125 	 67.347 	 67.484
FHW12098	255.250 	 67.353 	 67.485
FHW12098	255.375 	 67.347 	 67.484
FHW12098	255.500 	 67.348 	 67.487
FHW12098	255.625 	 67.353 	 67.485
FHW12098	255.750 	 67.347 	 67.484
FHW12098	255.875 	 67.353 	 67.485
FHW12098	256.000 	 67.349 	 67.485
FHW12098	256.125 	 67.353 	 67.485
FHW12098	256.250 	 67.347 	 67.485
FHW12098	256.375 	 67.347 	 67.484
FHW12098	256.500 	 67.355 	 67.487
FHW12098	256.625 	 67.347 	 67.484
FHW12098	256.750 	 67.353 	 67.485
FHW12098	256.875 	 67.347 	 67.485
FHW12098	257.000 	 67.347 	 67.484
FHW12098	257.125 	 67.355 	 67.487
FHW12098	257.250 	 67.347 	 67.484
FHW12098	257.375 	 67.353 	 67.485
FHW12098	257.500 	 67.347 	 67.485
FHW12098	257.625 	 67.349 	 67.485
FHW12098	257.750 	 67.353 	 67.485
FHW12098	257.875 	 67.347 	 67.485
FHW12098	258.000 	 67.354 	 67.484
FHW12098	258.125 	 67.347 	 67.485
FHW12098	258.250 	 67.355 	 67.485
FHW12098	258.375 	 67.347 	 67.485
FHW12098	258.500 	 67.347 	 67.485
FHW12098	258.625 	 67.354 	 67.484
FHW12098	258.750 	 67.348 	 67.487
FHW12098	258.875 	 67.354 	 67.484
FHW12098	259.000 	 67.347 	 67.485
FHW12098	259.125 	 70.573 	 67.110
FHW12098	259.250 	 70.580 	 67.110
FHW12098	259.375 	 70.573 	 67.110
FHW12098	259.500 	 70.573 	 67.112
FHW12098	259.625 	 70.572 	 67.108
FHW12098	259.750 	 70.580 	 67.110
FHW12098	259.875 	 70.573 	 67.110
FHW12098	260.000 	 70.573 	 67.110
FHW12098	260.125 	 70.573 	 67.110
FHW12098	260.250 	 70.580 	 67.110
FHW12098	260.375 	 70.573 	 67.112
FHW12098	260.500 	 70.573 	 67.110
FHW12098	260.625 	 70.579 	 67.108
FHW12098	260.750 	 70.573 	 67.110
FHW12098	260.875 	 70.573 	 67.110
FHW12098	261.000 	 70.573 	 67.110
FHW12098	261.125 	 70.580 	 67.110
FHW12098	261.250 	 70.573 	 67.110
FHW12098	261.375 	 70.573 	 67.112
FHW12098	261.500 	 70.573 	 67.110
FHW12098	261.625 	 70.579 	 67.108
FHW12098	261.750 	 70.573 	 67.110
FHW12098	261.875 	 70.573 	 67.110
FHW12098	262.000 	 70.573 	 67.110
FHW12098	262.125 	 70.580 	 67.110
FHW12098	262.250 	 70.573 	 67.112
FHW12098	262.375 	 70.573 	 67.110
FHW12098	262.500 	 70.580 	 67.110
FHW12098	262.625 	 70.572 	 67.108
FHW12098	262.750 	 70.573 	 67.110
FHW12098	262.875 	 70.573 	 67.110
FHW12098	263.000 	 70.580 	 67.110
FHW12098	263.125 	 70.573 	 67.112
FHW12098	263.250 	 70.573 	 67.110
FHW12098	263.375 	 70.573 	 67.110
FHW12098	263.500 	 70.580 	 67.110
FHW12098	263.625 	 70.572 	 67.108
FHW12098	263.750 	 70.573 	 67.110
FHW12098	263.875 	 70.580 	 67.110
FHW12098	264.000 	 70.573 	 67.112
FHW12098	264.125 	 70.573 	 67.110
FHW12098	264.250 	 70.573 	 67.110
FHW12098	264.375 	 70.580 	 67.110
FHW12098	264.500 	 70.573 	 67.110
FHW12098	264.625 	 70.572 	 67.108
FHW12098	264.750 	 70.573 	 67.110
FHW12098	264.875 	 70.580 	 67.112
FHW12098	265.000 	 70.573 	 67.110
FHW12098	265.125 	 70.573 	 67.110
FHW12098	265.250 	 70.580 	 67.110
FHW12098	265.375 	 70.573 	 67.110
FHW12098	265.500 	 70.573 	 67.110
FHW12098	265.625 	 70.572 	 67.108
FHW12098	265.750 	 70.580 	 67.110
FHW12098	265.875 	 70.573 	 67.112
FHW12098	266.000 	 70.573 	 67.110
FHW12098	266.125 	 70.573 	 67.110
FHW12098	266.250 	 70.580 	 67.110
FHW12098	266.375 	 70.573 	 67.110
FHW12098	266.500 	 70.573 	 67.110
FHW12098	266.625 	 70.579 	 67.108
FHW12098	266.750 	 70.573 	 67.112
FHW12098	266.875 	 70.573 	 67.110
FHW12098	267.000 	 70.573 	 67.110
FHW12098	267.125 	 70.580 	 67.110
FHW12098	267.250 	 70.573 	 67.110
FHW12098	267.375 	 70.573 	 67.110
FHW12098	267.500 	 70.573 	 67.110
FHW12098	267.625 	 70.579 	 67.110
FHW12098	267.750 	 70.573 	 67.110
FHW12098	267.875 	 70.573 	 67.110
FHW12098	268.000 	 70.573 	 67.110
FHW12098	268.125 	 70.580 	 67.110
FHW12098	268.250 	 70.573 	 67.110
FHW12098	268.375 	 70.573 	 67.110
FHW12098	268.500 	 70.580 	 67.112
FHW12098	268.625 	 70.572 	 67.108
FHW12098	268.750 	 70.573 	 67.110
FHW12098	268.875 	 70.573 	 67.110
FHW12098	269.000 	 70.580 	 67.110
FHW12098	269.125 	 70.573 	 67.110
FHW12098	269.250 	 70.573 	 67.110
FHW12098	269.375 	 70.573 	 67.112
FHW12098	269.500 	 70.580 	 67.110
FHW12098	269.625 	 70.573 	 67.110
FHW12098	269.750 	 70.572 	 67.108
FHW12098	269.875 	 70.580 	 67.110
FHW12098	270.000 	 70.573 	 67.110
FHW12098	270.125 	 70.573 	 67.110
FHW12098	270.250 	 70.573 	 67.110
FHW12098	270.375 	 70.580 	 67.112
FHW12098	270.500 	 70.573 	 67.110
FHW12098	270.625 	 70.573 	 67.110
FHW12098	270.750 	 70.572 	 67.108
FHW12098	270.875 	 70.580 	 67.110
FHW12098	271.000 	 70.573 	 67.110
FHW12098	271.125 	 70.573 	 67.110
FHW12098	271.250 	 70.580 	 67.112
FHW12098	271.375 	 70.573 	 67.110
FHW12098	271.500 	 70.573 	 67.110
FHW12098	271.625 	 70.573 	 67.110
FHW12098	271.750 	 70.579 	 67.108
FHW12098	271.875 	 70.573 	 67.110
FHW12098	272.000 	 70.573 	 67.110
FHW12098	272.125 	 70.573 	 67.112
FHW12098	272.250 	 70.580 	 67.110
FHW12098	272.375 	 70.827 	 67.070
FHW12098	272.500 	 76.916 	 66.171
FHW12098	272.625 	 76.922 	 66.168
FHW12098	272.750 	 76.922 	 66.171
FHW12098	272.875 	 76.916 	 66.171
FHW12098	273.000 	 76.923 	 66.169
FHW12098	273.125 	 76.922 	 66.170
FHW12098	273.250 	 76.916 	 66.169
FHW12098	273.375 	 76.922 	 66.171
FHW12098	273.500 	 76.922 	 66.171
FHW12098	273.625 	 76.915 	 66.168
FHW12098	273.750 	 76.922 	 66.171
FHW12098	273.875 	 76.916 	 66.169
FHW12098	274.000 	 76.922 	 66.171
FHW12098	274.125 	 76.922 	 66.168
FHW12098	274.250 	 76.916 	 66.171
FHW12098	274.375 	 76.922 	 66.171
FHW12098	274.500 	 76.923 	 66.169
FHW12098	274.625 	 76.915 	 66.170
FHW12098	274.750 	 76.923 	 66.169
FHW12098	274.875 	 76.916 	 66.171
FHW12098	275.000 	 76.922 	 66.171
FHW12098	275.125 	 76.922 	 66.168
FHW12098	275.250 	 76.916 	 66.171
FHW12098	275.375 	 76.923 	 66.169
FHW12098	275.500 	 76.922 	 66.170
FHW12098	275.625 	 76.916 	 66.171
FHW12098	275.750 	 76.923 	 66.169
FHW12098	275.875 	 76.922 	 66.171
FHW12098	276.000 	 76.915 	 66.168
FHW12098	276.125 	 76.922 	 66.171
FHW12098	276.250 	 76.916 	 66.171
FHW12098	276.375 	 76.923 	 66.169
FHW12098	276.500 	 76.922 	 66.170
FHW12098	276.625 	 76.916 	 66.169
FHW12098	276.750 	 76.922 	 66.171
FHW12098	276.875 	 76.922 	 66.171
FHW12098	277.000 	 76.915 	 66.168
FHW12098	277.125 	 76.922 	 66.171
FHW12098	277.250 	 76.923 	 66.169
FHW12098	277.375 	 76.916 	 66.171
FHW12098	277.500 	 76.922 	 66.170
FHW12098	277.625 	 76.916 	 66.169
FHW12098	277.750 	 76.922 	 66.171
FHW12098	277.875 	 76.923 	 66.169
FHW12098	278.000 	 76.915 	 66.170
FHW12098	278.125 	 76.922 	 66.171
FHW12098	278.250 	 76.923 	 66.169
FHW12098	278.375 	 76.915 	 66.170
FHW12098	278.500 	 76.923 	 66.169
FHW12098	278.625 	 76.916 	 66.171
FHW12098	278.750 	 76.922 	 66.171
FHW12098	278.875 	 76.922 	 66.168
FHW12098	279.000 	 76.916 	 66.171
FHW12098	279.125 	 76.923 	 66.169
FHW12098	279.250 	 76.922 	 66.171
FHW12098	279.375 	 76.915 	 66.170
FHW12098	279.500 	 76.923 	 66.169
FHW12098	279.625 	 76.922 	 66.171
FHW12098	279.750 	 76.916 	 66.169
FHW12098	279.875 	 76.922 	 66.170
FHW12098	280.000 	 76.916 	 66.171
FHW12098	280.125 	 76.923 	 66.169
FHW12098	280.250 	 76.922 	 66.171
FHW12098	280.375 	 76.915 	 66.168
FHW12098	280.500 	 76.922 	 66.171
FHW12098	280.625 	 76.922 	 66.171
FHW12098	280.750 	 76.916 	 66.169
FHW12098	280.875 	 76.922 	 66.170
FHW12098	281.000 	 76.916 	 66.169
FHW12098	281.125 	 76.922 	 66.171
FHW12098	281.250 	 76.922 	 66.170
FHW12098	281.375 	 76.916 	 66.169
FHW12098	281.500 	 76.922 	 66.171
FHW12098	281.625 	 76.923 	 66.169
FHW12098	281.750 	 76.915 	 66.170
FHW12098	281.875 	 76.922 	 66.171
FHW12098	282.000 	 76.923 	 66.169
FHW12098	282.125 	 76.916 	 66.171
FHW12098	282.250 	 76.922 	 66.168
FHW12098	282.375 	 76.916 	 66.171
FHW12098	282.500 	 76.922 	 66.171
FHW12098	282.625 	 76.923 	 66.169
FHW12098	282.750 	 76.915 	 66.170
FHW12098	282.875 	 76.923 	 66.169
FHW12098	283.000 	 76.922 	 66.171
FHW12098	283.125 	 76.916 	 66.171
FHW12098	283.250 	 76.922 	 66.168
FHW12098	283.375 	 76.922 	 66.171
FHW12098	283.500 	 76.916 	 66.169
FHW12098	283.625 	 76.922 	 66.171
FHW12098	283.750 	 76.915 	 66.170
FHW12098	283.875 	 76.923 	 66.169
FHW12098	284.000 	 76.922 	 66.171
FHW12098	284.125 	 76.915 	 66.168
FHW12098	284.250 	 76.922 	 66.171
FHW12098	284.375 	 76.922 	 66.171
FHW12098	284.500 	 76.916 	 66.169
FHW12098	284.625 	 76.922 	 66.170
FHW12098	284.750 	 76.916 	 66.169
FHW12098	284.875 	 76.922 	 66.171
FHW12098	285.000 	 76.922 	 66.171
FHW12098	285.125 	 76.915 	 66.168
FHW12098	285.250 	 76.922 	 66.171
FHW12098	285.375 	 76.923 	 66.169
FHW12098	285.500 	 76.916 	 66.171
FHW12098	285.625 	 76.922 	 66.170
FHW12098	285.750 	 76.923 	 66.169
FHW12098	285.875 	 76.916 	 66.171
FHW12098	286.000 	 76.923 	 66.169
FHW12098	286.125 	 76.915 	 66.170
FHW12098	286.250 	 76.922 	 66.171
FHW12098	286.375 	 76.923 	 66.169
FHW12098	286.500 	 76.916 	 66.171
FHW12098	286.625 	 76.922 	 66.168
FHW12098	286.750 	 76.922 	 66.171
FHW12098	286.875 	 76.916 	 66.171
FHW12098	287.000 	 76.922 	 66.168
FHW12098	287.125 	 76.916 	 66.171
FHW12098	287.250 	 76.923 	 66.169
FHW12098	287.375 	 76.922 	 66.171
FHW12098	287.500 	 76.915 	 66.170
FHW12098	287.625 	 76.923 	 66.169
FHW12098	287.750 	 76.922 	 66.171
FHW12098	287.875 	 76.916 	 66.169
FHW12098	288.000 	 76.922 	 66.170
FHW12098	288.125 	 76.922 	 66.171
FHW12098	288.250 	 76.916 	 66.169
FHW12098	288.375 	 76.922 	 66.171
FHW12098	288.500 	 76.915 	 66.168
FHW12098	288.625 	 76.922 	 66.171
FHW12098	288.750 	 76.922 	 66.171
FHW12098	288.875 	 76.916 	 66.169
FHW12098	289.000 	 76.922 	 66.170
FHW12098	289.125 	 76.923 	 66.169
FHW12098	289.250 	 76.916 	 66.171
FHW12098	289.375 	 76.922 	 66.171
FHW12098	289.500 	 76.915 	 66.168
FHW12098	289.625 	 76.922 	 66.171
FHW12098	289.750 	 76.923 	 66.169
FHW12098	289.875 	 76.915 	 66.170
FHW12098	290.000 	 76.922 	 66.171
FHW12098	290.125 	 76.923 	 66.169
FHW12098	290.250 	 76.916 	 66.171
FHW12098	290.375 	 76.922 	 66.168
FHW12098	290.500 	 76.922 	 66.171
FHW12098	290.625 	 76.916 	 66.171
FHW12098	290.750 	 76.923 	 66.169
FHW12098	290.875 	 76.915 	 66.170
FHW12098	291.000 	 76.923 	 66.169
FHW12098	291.125 	 76.922 	 66.171
FHW12098	291.250 	 76.916 	 66.169
FHW12098	291.375 	 76.922 	 66.170
FHW12098	291.500 	 76.922 	 66.171
FHW12098	291.625 	 76.916 	 66.169
FHW12098	291.750 	 76.922 	 66.171
FHW12098	291.875 	 82.436 	 65.602
FHW12098	292.000 	 85.038 	 65.338
FHW12098	292.125 	 85.038 	 65.341
FHW12098	292.250 	 85.031 	 65.341
FHW12098	292.375 	 85.038 	 65.338
FHW12098	292.500 	 85.031 	 65.341
FHW12098	292.625 	 85.038 	 65.341
FHW12098	292.750 	 85.031 	 65.338
FHW12098	292.875 	 85.038 	 65.341
FHW12098	293.000 	 85.038 	 65.341
FHW12098	293.125 	 85.031 	 65.338
FHW12098	293.250 	 85.038 	 65.341
FHW12098	293.375 	 85.031 	 65.339
FHW12098	293.500 	 85.038 	 65.340
FHW12098	293.625 	 85.038 	 65.341
FHW12098	293.750 	 85.031 	 65.339
FHW12098	293.875 	 85.038 	 65.340
FHW12098	294.000 	 85.031 	 65.341
FHW12098	294.125 	 85.038 	 65.339
FHW12098	294.250 	 85.031 	 65.340
FHW12098	294.375 	 85.038 	 65.341
FHW12098	294.500 	 85.038 	 65.339
FHW12098	294.625 	 85.031 	 65.340
FHW12098	294.750 	 85.038 	 65.341
FHW12098	294.875 	 85.031 	 65.339
FHW12098	295.000 	 85.038 	 65.340
FHW12098	295.125 	 85.038 	 65.341
FHW12098	295.250 	 85.031 	 65.339
FHW12098	295.375 	 85.038 	 65.340
FHW12098	295.500 	 85.031 	 65.341
FHW12098	295.625 	 85.038 	 65.339
FHW12098	295.750 	 85.038 	 65.340
FHW12098	295.875 	 85.031 	 65.341
FHW12098	296.000 	 85.038 	 65.339
FHW12098	296.125 	 85.031 	 65.340
FHW12098	296.250 	 85.038 	 65.341
FHW12098	296.375 	 85.031 	 65.339
FHW12098	296.500 	 85.038 	 65.340
FHW12098	296.625 	 85.038 	 65.341
FHW12098	296.750 	 85.031 	 65.338
FHW12098	296.875 	 85.038 	 65.341
FHW12098	297.000 	 85.031 	 65.341
FHW12098	297.125 	 85.038 	 65.338
FHW12098	297.250 	 85.038 	 65.341
FHW12098	297.375 	 85.031 	 65.341
FHW12098	297.500 	 85.038 	 65.338
FHW12098	297.625 	 85.031 	 65.341
FHW12098	297.750 	 85.038 	 65.341
FHW12098	297.875 	 85.038 	 65.338
FHW12098	298.000 	 85.031 	 65.341
FHW12098	298.125 	 85.038 	 65.339
FHW12098	298.250 	 85.031 	 65.340
FHW12098	298.375 	 85.038 	 65.341
FHW12098	298.500 	 85.031 	 65.339
FHW12098	298.625 	 85.038 	 65.340
FHW12098	298.750 	 85.038 	 65.341
FHW12098	298.875 	 85.031 	 65.339
FHW12098	299.000 	 85.038 	 65.340
FHW12098	299.125 	 85.031 	 65.341
FHW12098	299.250 	 85.038 	 65.339
FHW12098	299.375 	 85.038 	 65.340
FHW12098	299.500 	 85.031 	 65.341
FHW12098	299.625 	 85.038 	 65.339
FHW12098	299.750 	 85.031 	 65.340
FHW12098	299.875 	 85.038 	 65.341
FHW12098	300.000 	 85.038 	 65.339
FHW12098	300.125 	 85.031 	 65.340
FHW12098	300.250 	 85.038 	 65.341
FHW12098	300.375 	 85.031 	 65.339
FHW12098	300.500 	 85.038 	 65.340
FHW12098	300.625 	 85.031 	 65.341
FHW12098	300.750 	 85.038 	 65.339
FHW12098	300.875 	 85.038 	 65.340
FHW12098	301.000 	 85.031 	 65.341
FHW12098	301.125 	 85.038 	 65.339
FHW12098	301.250 	 85.031 	 65.340
FHW12098	301.375 	 85.038 	 65.341
FHW12098	301.500 	 85.038 	 65.339
FHW12098	301.625 	 85.031 	 65.340
FHW12098	301.750 	 85.038 	 65.341
FHW12098	301.875 	 85.031 	 65.339
FHW12098	302.000 	 85.038 	 65.340
FHW12098	302.125 	 85.038 	 65.341
FHW12098	302.250 	 85.031 	 65.339
FHW12098	302.375 	 85.038 	 65.340
FHW12098	302.500 	 85.031 	 65.341
FHW12098	302.625 	 85.038 	 65.339
FHW12098	302.750 	 85.031 	 65.340
FHW12098	302.875 	 85.038 	 65.341
FHW12098	303.000 	 85.038 	 65.339
FHW12098	303.125 	 85.031 	 65.340
FHW12098	303.250 	 85.038 	 65.339
FHW12098	303.375 	 85.031 	 65.341
FHW12098	303.500 	 85.038 	 65.340
FHW12098	303.625 	 85.038 	 65.339
FHW12098	303.750 	 85.031 	 65.341
FHW12098	303.875 	 85.038 	 65.340
FHW12098	304.000 	 85.031 	 65.339
FHW12098	304.125 	 85.038 	 65.340
FHW12098	304.250 	 85.038 	 65.341
FHW12098	304.375 	 85.031 	 65.339
FHW12098	304.500 	 85.038 	 65.340
FHW12098	304.625 	 85.031 	 65.341
FHW12098	304.750 	 85.038 	 65.339
FHW12098	304.875 	 85.031 	 65.340
FHW12098	305.000 	 85.038 	 65.341
FHW12098	305.125 	 85.038 	 65.339
FHW12098	305.250 	 85.031 	 65.341
FHW12098	305.375 	 85.038 	 65.341
FHW12098	305.500 	 85.030 	 65.337
FHW12098	305.625 	 85.038 	 65.341
FHW12098	305.750 	 85.038 	 65.341
FHW12098	305.875 	 85.031 	 65.339
FHW12098	306.000 	 85.038 	 65.341
FHW12098	306.125 	 85.031 	 65.341
FHW12098	306.250 	 85.037 	 65.337
FHW12098	306.375 	 85.038 	 65.341
FHW12098	306.500 	 85.031 	 65.341
FHW12098	306.625 	 85.038 	 65.339
FHW12098	306.750 	 85.031 	 65.341
FHW12098	306.875 	 85.038 	 65.341
FHW12098	307.000 	 85.030 	 65.337
FHW12098	307.125 	 85.038 	 65.341
FHW12098	307.250 	 85.038 	 65.341
FHW12098	307.375 	 85.031 	 65.339
FHW12098	307.500 	 85.038 	 65.341
FHW12098	307.625 	 85.030 	 65.338
FHW12098	307.750 	 85.038 	 65.339
FHW12098	307.875 	 85.038 	 65.341
FHW12098	308.000 	 85.031 	 65.339
FHW12098	308.125 	 85.038 	 65.341
FHW12098	308.250 	 85.031 	 65.341
FHW12098	308.375 	 85.037 	 65.337
FHW12098	308.500 	 85.038 	 65.341
FHW12098	308.625 	 85.031 	 65.341
FHW12098	308.750 	 85.038 	 65.339
FHW12098	308.875 	 85.031 	 65.341
FHW12098	309.000 	 85.038 	 65.341
FHW12098	309.125 	 85.030 	 65.337
FHW12098	309.250 	 85.038 	 65.341
FHW12098	309.375 	 85.038 	 65.341
FHW12098	309.500 	 85.031 	 65.339
FHW12098	309.625 	 85.038 	 65.341
FHW12098	309.750 	 85.031 	 65.341
FHW12098	309.875 	 85.037 	 65.337
FHW12098	310.000 	 85.038 	 65.341
FHW12098	310.125 	 85.031 	 65.341
FHW12098	310.250 	 85.038 	 65.339
FHW12098	310.375 	 85.031 	 65.341
FHW12098	310.500 	 85.038 	 65.341
FHW12098	310.625 	 85.037 	 65.337
FHW12098	310.750 	 85.031 	 65.341
FHW12098	310.875 	 85.038 	 65.341
FHW12098	311.000 	 85.031 	 65.339
FHW12098	311.125 	 88.824 	 65.472
FHW12098	311.250 	 89.538 	 65.495
FHW12098	311.375 	 89.538 	 65.494
FHW12098	311.500 	 89.538 	 65.495
FHW12098	311.625 	 89.545 	 65.497
FHW12098	311.750 	 89.538 	 65.492
FHW12098	311.875 	 89.538 	 65.495
FHW12098	312.000 	 89.538 	 65.497
FHW12098	312.125 	 89.545 	 65.495
FHW12098	312.250 	 89.538 	 65.494
FHW12098	312.375 	 89.538 	 65.495
FHW12098	312.500 	 89.538 	 65.497
FHW12098	312.625 	 89.545 	 65.495
FHW12098	312.750 	 89.538 	 65.494
FHW12098	312.875 	 89.538 	 65.495
FHW12098	313.000 	 89.538 	 65.497
FHW12098	313.125 	 89.545 	 65.492
FHW12098	313.250 	 89.538 	 65.495
FHW12098	313.375 	 89.538 	 65.497
FHW12098	313.500 	 89.538 	 65.495
FHW12098	313.625 	 89.545 	 65.494
FHW12098	313.750 	 89.538 	 65.495
FHW12098	313.875 	 89.538 	 65.497
FHW12098	314.000 	 89.538 	 65.497
FHW12098	314.125 	 89.538 	 65.491
FHW12098	314.250 	 89.545 	 65.497
FHW12098	314.375 	 89.538 	 65.497
FHW12098	314.500 	 89.538 	 65.491
FHW12098	314.625 	 89.538 	 65.497
FHW12098	314.750 	 89.545 	 65.497
FHW12098	314.875 	 89.538 	 65.497
FHW12098	315.000 	 89.538 	 65.491
FHW12098	315.125 	 89.538 	 65.497
FHW12098	315.250 	 89.545 	 65.497
FHW12098	315.375 	 89.538 	 65.497
FHW12098	315.500 	 89.538 	 65.491
FHW12098	315.625 	 89.538 	 65.497
FHW12098	315.750 	 89.545 	 65.497
FHW12098	315.875 	 89.538 	 65.491
FHW12098	316.000 	 89.538 	 65.497
FHW12098	316.125 	 89.538 	 65.497
FHW12098	316.250 	 89.545 	 65.497
FHW12098	316.375 	 89.538 	 65.491
FHW12098	316.500 	 89.538 	 65.497
FHW12098	316.625 	 89.538 	 65.497
FHW12098	316.750 	 89.545 	 65.497
FHW12098	316.875 	 89.538 	 65.491
FHW12098	317.000 	 89.538 	 65.497
FHW12098	317.125 	 89.874 	 66.367
FHW12098	317.250 	 89.874 	 66.361
FHW12098	317.375 	 89.874 	 66.367
FHW12098	317.500 	 89.881 	 66.364
FHW12098	317.625 	 89.874 	 66.367
FHW12098	317.750 	 89.874 	 66.364
FHW12098	317.875 	 89.874 	 66.364
FHW12098	318.000 	 89.874 	 66.367
FHW12098	318.125 	 89.874 	 66.361
FHW12098	318.250 	 89.874 	 66.367
FHW12098	318.375 	 89.874 	 66.367
FHW12098	318.500 	 89.881 	 66.364
FHW12098	318.625 	 89.874 	 66.364
FHW12098	318.750 	 89.874 	 66.364
FHW12098	318.875 	 89.874 	 66.367
FHW12098	319.000 	 89.874 	 66.364
FHW12098	319.125 	 89.874 	 66.364
FHW12098	319.250 	 89.874 	 66.367
FHW12098	319.375 	 89.874 	 66.364
FHW12098	319.500 	 89.881 	 66.364
FHW12098	319.625 	 89.874 	 66.367
FHW12098	319.750 	 89.874 	 66.364
FHW12098	319.875 	 89.874 	 66.364
FHW12098	320.000 	 89.874 	 66.364
FHW12098	320.125 	 89.874 	 66.367
FHW12098	320.250 	 89.874 	 66.367
FHW12098	320.375 	 89.874 	 66.361
FHW12098	320.500 	 89.881 	 66.367
FHW12098	320.625 	 89.874 	 66.364
FHW12098	320.750 	 89.874 	 66.364
FHW12098	320.875 	 89.874 	 66.367
FHW12098	321.000 	 89.874 	 66.364
FHW12098	321.125 	 89.874 	 66.367
FHW12098	321.250 	 89.874 	 66.361
FHW12098	321.375 	 89.874 	 66.367
FHW12098	321.500 	 89.881 	 66.367
FHW12098	321.625 	 89.874 	 66.361
FHW12098	321.750 	 89.874 	 66.367
FHW12098	321.875 	 89.874 	 66.364
FHW12098	322.000 	 89.874 	 66.367
FHW12098	322.125 	 89.874 	 66.364
FHW12098	322.250 	 89.874 	 66.364
FHW12098	322.375 	 89.874 	 66.367
FHW12098	322.500 	 89.881 	 66.361
FHW12098	322.625 	 89.874 	 66.367
FHW12098	322.750 	 89.874 	 66.367
FHW12098	322.875 	 89.874 	 66.364
FHW12098	323.000 	 89.874 	 66.364
FHW12098	323.125 	 89.874 	 66.364
FHW12098	323.250 	 89.874 	 66.367
FHW12098	323.375 	 89.881 	 66.364
FHW12098	323.500 	 89.874 	 66.364
FHW12098	323.625 	 89.874 	 66.367
FHW12098	323.750 	 89.874 	 66.364
FHW12098	323.875 	 89.874 	 66.364
FHW12098	324.000 	 89.874 	 66.367
FHW12098	324.125 	 89.874 	 66.364
FHW12098	324.250 	 89.874 	 66.364
FHW12098	324.375 	 89.881 	 66.364
FHW12098	324.500 	 89.874 	 66.367
FHW12098	324.625 	 89.874 	 66.367
FHW12098	324.750 	 89.874 	 66.361
FHW12098	324.875 	 89.874 	 66.367
FHW12098	325.000 	 89.874 	 66.364
FHW12098	325.125 	 89.867 	 66.373
FHW12098	325.250 	 89.629 	 66.508
FHW12098	325.375 	 89.629 	 66.511
FHW12098	325.500 	 89.629 	 66.511
FHW12098	325.625 	 89.629 	 66.508
FHW12098	325.750 	 89.629 	 66.508
FHW12098	325.875 	 89.629 	 66.511
FHW12098	326.000 	 89.636 	 66.508
FHW12098	326.125 	 89.629 	 66.511
FHW12098	326.250 	 89.629 	 66.511
FHW12098	326.375 	 89.629 	 66.508
FHW12098	326.500 	 89.629 	 66.511
FHW12098	326.625 	 89.629 	 66.511
FHW12098	326.750 	 89.629 	 66.511
FHW12098	326.875 	 89.629 	 66.508
FHW12098	327.000 	 89.629 	 66.511
FHW12098	327.125 	 89.629 	 66.511
FHW12098	327.250 	 89.636 	 66.508
FHW12098	327.375 	 89.629 	 66.511
FHW12098	327.500 	 89.629 	 66.508
FHW12098	327.625 	 89.629 	 66.508
FHW12098	327.750 	 89.629 	 66.511
FHW12098	327.875 	 89.629 	 66.511
FHW12098	328.000 	 89.629 	 66.508
FHW12098	328.125 	 89.629 	 66.511
FHW12098	328.250 	 89.629 	 66.511
FHW12098	328.375 	 89.629 	 66.511
FHW12098	328.500 	 89.636 	 66.508
FHW12098	328.625 	 89.629 	 66.511
FHW12098	328.750 	 89.629 	 66.511
FHW12098	328.875 	 89.629 	 66.508
FHW12098	329.000 	 89.629 	 66.511
FHW12098	329.125 	 89.629 	 66.511
FHW12098	329.250 	 89.629 	 66.505
FHW12098	329.375 	 89.629 	 66.511
FHW12098	329.500 	 89.629 	 66.511
FHW12098	329.625 	 89.629 	 66.508
FHW12098	329.750 	 89.629 	 66.511
FHW12098	329.875 	 89.636 	 66.511
FHW12098	330.000 	 89.629 	 66.511
FHW12098	330.125 	 89.629 	 66.508
FHW12098	330.250 	 89.629 	 66.511
FHW12098	330.375 	 89.629 	 66.511
FHW12098	330.500 	 89.629 	 66.508
FHW12098	330.625 	 89.629 	 66.511
FHW12098	330.750 	 89.629 	 66.511
FHW12098	330.875 	 89.629 	 66.508
FHW12098	331.000 	 89.629 	 66.508
FHW12098	331.125 	 89.636 	 66.511
FHW12098	331.250 	 89.629 	 66.511
FHW12098	331.375 	 89.629 	 66.508
FHW12098	331.500 	 89.629 	 66.511
FHW12098	331.625 	 89.629 	 66.511
FHW12098	331.750 	 89.629 	 66.508
FHW12098	331.875 	 89.629 	 66.511
FHW12098	332.000 	 89.629 	 66.511
FHW12098	332.125 	 89.629 	 66.508
FHW12098	332.250 	 89.629 	 66.511
FHW12098	332.375 	 89.636 	 66.511
FHW12098	332.500 	 89.629 	 66.508
FHW12098	332.625 	 89.629 	 66.511
FHW12098	332.750 	 89.629 	 66.508
FHW12098	332.875 	 89.629 	 66.511
FHW12098	333.000 	 89.629 	 66.508
FHW12098	333.125 	 89.629 	 66.511
FHW12098	333.250 	 89.629 	 66.511
FHW12098	333.375 	 89.629 	 66.508
FHW12098	333.500 	 89.629 	 66.511
FHW12098	333.625 	 89.629 	 66.511
FHW12098	333.750 	 89.636 	 66.508
FHW12098	333.875 	 89.629 	 66.511
FHW12098	334.000 	 89.629 	 66.511
FHW12098	334.125 	 89.629 	 66.508
FHW12098	334.250 	 89.629 	 66.511
FHW12098	334.375 	 89.629 	 66.511
FHW12098	334.500 	 89.629 	 66.508
FHW12098	334.625 	 89.629 	 66.508
FHW12098	334.750 	 89.629 	 66.511
FHW12098	334.875 	 89.629 	 66.511
FHW12098	335.000 	 89.636 	 66.508
FHW12098	335.125 	 89.629 	 66.511
FHW12098	335.250 	 89.629 	 66.511
FHW12098	335.375 	 89.629 	 66.508
FHW12098	335.500 	 89.629 	 66.511
FHW12098	335.625 	 89.629 	 66.511
FHW12098	335.750 	 89.629 	 66.508
FHW12098	335.875 	 89.629 	 66.511
FHW12098	336.000 	 89.629 	 66.511
FHW12098	336.125 	 89.629 	 66.511
FHW12098	336.250 	 89.636 	 66.505
FHW12098	336.375 	 89.629 	 66.511
FHW12098	336.500 	 89.629 	 66.511
FHW12098	336.625 	 89.629 	 66.508
FHW12098	336.750 	 89.629 	 66.511
FHW12098	336.875 	 89.629 	 66.511
FHW12098	337.000 	 89.629 	 66.508
FHW12098	337.125 	 89.629 	 66.511
FHW12098	337.250 	 89.629 	 66.511
FHW12098	337.375 	 89.629 	 66.508
FHW12098	337.500 	 89.636 	 66.511
FHW12098	337.625 	 89.629 	 66.511
FHW12098	337.750 	 89.629 	 66.511
FHW12098	337.875 	 89.629 	 66.508
FHW12098	338.000 	 89.629 	 66.508
FHW12098	338.125 	 89.629 	 66.511
FHW12098	338.250 	 89.629 	 66.508
FHW12098	338.375 	 89.629 	 66.511
FHW12098	338.500 	 89.629 	 66.511
FHW12098	338.625 	 89.629 	 66.508
FHW12098	338.750 	 89.629 	 66.511
FHW12098	338.875 	 89.636 	 66.511
FHW12098	339.000 	 89.629 	 66.511
FHW12098	339.125 	 89.629 	 66.508
FHW12098	339.250 	 89.629 	 66.511
FHW12098	339.375 	 89.629 	 66.511
FHW12098	339.500 	 89.629 	 66.508
FHW12098	339.625 	 89.629 	 66.511
FHW12098	339.750 	 89.629 	 66.508
FHW12098	339.875 	 89.629 	 66.508
FHW12098	340.000 	 89.629 	 66.511
FHW12098	340.125 	 89.636 	 66.511
FHW12098	340.250 	 89.629 	 66.508
FHW12098	340.375 	 89.629 	 66.511
FHW12098	340.500 	 89.629 	 66.511
FHW12098	340.625 	 89.629 	 66.511
FHW12098	340.750 	 89.629 	 66.508
FHW12098	340.875 	 89.629 	 66.511
FHW12098	341.000 	 89.629 	 66.511
FHW12098	341.125 	 89.629 	 66.508
FHW12098	341.250 	 89.629 	 66.511
FHW12098	341.375 	 89.636 	 66.511
FHW12098	341.500 	 89.629 	 66.505
FHW12098	341.625 	 89.629 	 66.511
FHW12098	341.750 	 89.629 	 66.511
FHW12098	341.875 	 89.629 	 66.508
FHW12098	342.000 	 89.629 	 66.511
FHW12098	342.125 	 89.629 	 66.511
FHW12098	342.250 	 89.629 	 66.511
FHW12098	342.375 	 89.629 	 66.508
FHW12098	342.500 	 89.629 	 66.511
FHW12098	342.625 	 89.629 	 66.511
FHW12098	342.750 	 89.636 	 66.508
FHW12098	342.875 	 89.629 	 66.511
FHW12098	343.000 	 89.629 	 66.511
FHW12098	343.125 	 89.629 	 66.508
FHW12098	343.250 	 89.629 	 66.508
FHW12098	343.375 	 89.629 	 66.511
FHW12098	343.500 	 89.629 	 66.508
FHW12098	343.625 	 89.629 	 66.511
FHW12098	343.750 	 89.629 	 66.511
FHW12098	343.875 	 89.629 	 66.511
FHW12098	344.000 	 89.636 	 66.508
FHW12098	344.125 	 89.629 	 66.511
FHW12098	344.250 	 89.629 	 66.511
FHW12098	344.375 	 89.629 	 66.508
FHW12098	344.500 	 89.629 	 66.511
FHW12098	344.625 	 89.629 	 66.511
FHW12098	344.750 	 89.629 	 66.508
FHW12098	344.875 	 89.629 	 66.508
FHW12098	345.000 	 89.629 	 66.511
FHW12098	345.125 	 89.629 	 66.508
FHW12098	345.250 	 89.636 	 66.511
FHW12098	345.375 	 89.629 	 66.511
FHW12098	345.500 	 89.629 	 66.511
FHW12098	345.625 	 89.629 	 66.508
FHW12098	345.750 	 89.629 	 66.511
FHW12098	345.875 	 89.629 	 66.511
FHW12098	346.000 	 89.629 	 66.508
FHW12098	346.125 	 89.629 	 66.511
FHW12098	346.250 	 89.629 	 66.511
FHW12098	346.375 	 89.629 	 66.508
FHW12098	346.500 	 89.636 	 66.511
FHW12098	346.625 	 89.629 	 66.508
FHW12098	346.750 	 89.629 	 66.511
FHW12098	346.875 	 89.629 	 66.508
FHW12098	347.000 	 89.629 	 66.511
FHW12098	347.125 	 89.629 	 66.511
FHW12098	347.250 	 89.629 	 66.508
FHW12098	347.375 	 89.629 	 66.511
FHW12098	347.500 	 89.629 	 66.511
FHW12098	347.625 	 89.629 	 66.508
FHW12098	347.750 	 89.629 	 66.511
FHW12098	347.875 	 89.636 	 66.511
FHW12098	348.000 	 89.447 	 65.844
FHW12098	348.125 	 89.406 	 65.681
FHW12098	348.250 	 89.405 	 65.678
FHW12098	348.375 	 89.406 	 65.681
FHW12098	348.500 	 89.405 	 65.678
FHW12098	348.625 	 89.406 	 65.681
FHW12098	348.750 	 89.405 	 65.678
FHW12098	348.875 	 89.399 	 65.681
FHW12098	349.000 	 89.405 	 65.678
FHW12098	349.125 	 89.406 	 65.681
FHW12098	349.250 	 89.405 	 65.678
FHW12098	349.375 	 89.406 	 65.681
FHW12098	349.500 	 89.405 	 65.678
FHW12098	349.625 	 89.406 	 65.681
FHW12098	349.750 	 89.405 	 65.678
FHW12098	349.875 	 89.406 	 65.681
FHW12098	350.000 	 89.405 	 65.678
FHW12098	350.125 	 89.406 	 65.681
FHW12098	350.250 	 89.406 	 65.681
FHW12098	350.375 	 89.405 	 65.678
FHW12098	350.500 	 89.406 	 65.681
FHW12098	350.625 	 89.398 	 65.678
FHW12098	350.750 	 89.406 	 65.681
FHW12098	350.875 	 89.405 	 65.678
FHW12098	351.000 	 89.406 	 65.681
FHW12098	351.125 	 89.405 	 65.678
FHW12098	351.250 	 89.406 	 65.681
FHW12098	351.375 	 89.405 	 65.678
FHW12098	351.500 	 89.406 	 65.681
FHW12098	351.625 	 89.405 	 65.678
FHW12098	351.750 	 89.406 	 65.681
FHW12098	351.875 	 89.405 	 65.678
FHW12098	352.000 	 89.406 	 65.681
FHW12098	352.125 	 89.405 	 65.678
FHW12098	352.250 	 89.406 	 65.681
FHW12098	352.375 	 89.399 	 65.681
FHW12098	352.500 	 89.405 	 65.678
FHW12098	352.625 	 89.406 	 65.681
FHW12098	352.750 	 89.405 	 65.678
FHW12098	352.875 	 89.406 	 65.681
FHW12098	353.000 	 89.405 	 65.678
FHW12098	353.125 	 89.406 	 65.681
FHW12098	353.250 	 89.405 	 65.678
FHW12098	353.375 	 89.406 	 65.681
FHW12098	353.500 	 89.405 	 65.678
FHW12098	353.625 	 89.406 	 65.681
FHW12098	353.750 	 89.405 	 65.678
FHW12098	353.875 	 89.406 	 65.681
FHW12098	354.000 	 89.405 	 65.678
FHW12098	354.125 	 89.399 	 65.681
FHW12098	354.250 	 89.405 	 65.678
FHW12098	354.375 	 89.406 	 65.681
FHW12098	354.500 	 89.406 	 65.681
FHW12098	354.625 	 89.405 	 65.678
FHW12098	354.750 	 89.406 	 65.681
FHW12098	354.875 	 89.405 	 65.678
FHW12098	355.000 	 89.406 	 65.681
FHW12098	355.125 	 89.405 	 65.678
FHW12098	355.250 	 89.406 	 65.681
FHW12098	355.375 	 89.405 	 65.678
FHW12098	355.500 	 89.406 	 65.681
FHW12098	355.625 	 89.405 	 65.678
FHW12098	355.750 	 89.406 	 65.681
FHW12098	355.875 	 89.398 	 65.678
FHW12098	356.000 	 89.406 	 65.681
FHW12098	356.125 	 89.405 	 65.678
FHW12098	356.250 	 89.406 	 65.678
FHW12098	356.375 	 89.405 	 65.678
FHW12098	356.500 	 89.406 	 65.681
FHW12098	356.625 	 89.406 	 65.681
FHW12098	356.750 	 89.405 	 65.678
FHW12098	356.875 	 89.406 	 65.681
FHW12098	357.000 	 89.405 	 65.678
FHW12098	357.125 	 89.406 	 65.681
FHW12098	357.250 	 89.405 	 65.678
FHW12098	357.375 	 89.406 	 65.681
FHW12098	357.500 	 89.405 	 65.678
FHW12098	357.625 	 89.399 	 65.681
FHW12098	357.750 	 89.405 	 65.678
FHW12098	357.875 	 89.406 	 65.681
FHW12098	358.000 	 89.405 	 65.678
FHW12098	358.125 	 89.406 	 65.681
FHW12098	358.250 	 89.405 	 65.678
FHW12098	358.375 	 89.406 	 65.681
FHW12098	358.500 	 89.405 	 65.678
FHW12098	358.625 	 89.406 	 65.681
FHW12098	358.750 	 89.406 	 65.681
FHW12098	358.875 	 89.405 	 65.678
FHW12098	359.000 	 89.406 	 65.681
FHW12098	359.125 	 89.405 	 65.678
FHW12098	359.250 	 89.406 	 65.681
FHW12098	359.375 	 89.398 	 65.678
FHW12098	359.500 	 89.406 	 65.681
FHW12098	359.625 	 89.405 	 65.678
FHW12098	359.750 	 89.406 	 65.681
FHW12098	359.875 	 89.405 	 65.678
FHW12098	360.000 	 89.406 	 65.681
FHW12098	360.125 	 89.405 	 65.678
FHW12098	360.250 	 89.406 	 65.681
FHW12098	360.375 	 89.405 	 65.678
FHW12098	360.500 	 89.406 	 65.681
FHW12098	360.625 	 89.405 	 65.678
FHW12098	360.750 	 89.406 	 65.681
FHW12098	360.875 	 89.406 	 65.681
FHW12098	361.000 	 89.405 	 65.678
FHW12098	361.125 	 89.399 	 65.681
FHW12098	361.250 	 89.405 	 65.678
FHW12098	361.375 	 89.406 	 65.681
FHW12098	361.500 	 89.405 	 65.678
FHW12098	361.625 	 89.406 	 65.681
FHW12098	361.750 	 89.405 	 65.678
FHW12098	361.875 	 89.406 	 65.681
FHW12098	362.000 	 89.405 	 65.678
FHW12098	362.125 	 89.406 	 65.681
FHW12098	362.250 	 89.405 	 65.678
FHW12098	362.375 	 89.406 	 65.681
FHW12098	362.500 	 89.405 	 65.678
FHW12098	362.625 	 89.406 	 65.681
FHW12098	362.750 	 89.405 	 65.678
FHW12098	362.875 	 89.399 	 65.681
FHW12098	363.000 	 89.405 	 65.678
FHW12098	363.125 	 89.406 	 65.681
FHW12098	363.250 	 89.406 	 65.681
FHW12098	363.375 	 89.405 	 65.678
FHW12098	363.500 	 89.406 	 65.681
FHW12098	363.625 	 89.405 	 65.678
FHW12098	363.750 	 89.406 	 65.681
FHW12098	363.875 	 89.405 	 65.678
FHW12098	364.000 	 89.406 	 65.681
FHW12098	364.125 	 89.405 	 65.678
FHW12098	364.250 	 89.406 	 65.681
FHW12098	364.375 	 89.405 	 65.678
FHW12098	364.500 	 89.406 	 65.681
FHW12098	364.625 	 89.398 	 65.678
FHW12098	364.750 	 89.406 	 65.681
FHW12098	364.875 	 89.405 	 65.678
FHW12098	365.000 	 89.406 	 65.681
FHW12098	365.125 	 89.405 	 65.678
FHW12098	365.250 	 89.406 	 65.681
FHW12098	365.375 	 89.406 	 65.681
FHW12098	365.500 	 89.398 	 65.287
FHW12098	365.625 	 89.384 	 64.699
FHW12098	365.750 	 89.385 	 64.699
FHW12098	365.875 	 89.385 	 64.702
FHW12098	366.000 	 89.385 	 64.702
FHW12098	366.125 	 89.384 	 64.696
FHW12098	366.250 	 89.385 	 64.702
FHW12098	366.375 	 89.385 	 64.702
FHW12098	366.500 	 89.384 	 64.696
FHW12098	366.625 	 89.392 	 64.702
FHW12098	366.750 	 89.385 	 64.702
FHW12098	366.875 	 89.385 	 64.699
FHW12098	367.000 	 89.384 	 64.699
FHW12098	367.125 	 89.385 	 64.702
FHW12098	367.250 	 89.385 	 64.699
FHW12098	367.375 	 89.385 	 64.702
FHW12098	367.500 	 89.384 	 64.699
FHW12098	367.625 	 89.385 	 64.699
FHW12098	367.750 	 89.385 	 64.702
FHW12098	367.875 	 89.385 	 64.702
FHW12098	368.000 	 89.384 	 64.696
FHW12098	368.125 	 89.385 	 64.702
FHW12098	368.250 	 89.385 	 64.702
FHW12098	368.375 	 89.391 	 64.696
FHW12098	368.500 	 89.385 	 64.702
FHW12098	368.625 	 89.385 	 64.702
FHW12098	368.750 	 89.385 	 64.699
FHW12098	368.875 	 89.384 	 64.699
FHW12098	369.000 	 89.385 	 64.702
FHW12098	369.125 	 89.385 	 64.699
FHW12098	369.250 	 89.385 	 64.702
FHW12098	369.375 	 89.384 	 64.699
FHW12098	369.500 	 89.385 	 64.699
FHW12098	369.625 	 89.385 	 64.702
FHW12098	369.750 	 89.385 	 64.702
FHW12098	369.875 	 89.384 	 64.696
FHW12098	370.000 	 89.392 	 64.702
FHW12098	370.125 	 89.385 	 64.702
FHW12098	370.250 	 89.384 	 64.696
FHW12098	370.375 	 89.385 	 64.702
FHW12098	370.500 	 89.385 	 64.702
FHW12098	370.625 	 89.385 	 64.699
FHW12098	370.750 	 89.384 	 64.699
FHW12098	370.875 	 89.385 	 64.702
FHW12098	371.000 	 89.385 	 64.699
FHW12098	371.125 	 89.385 	 64.702
FHW12098	371.250 	 89.384 	 64.699
FHW12098	371.375 	 89.385 	 64.699
FHW12098	371.500 	 89.385 	 64.702
FHW12098	371.625 	 89.385 	 64.702
FHW12098	371.750 	 89.391 	 64.696
FHW12098	371.875 	 89.385 	 64.702
FHW12098	372.000 	 89.385 	 64.702
FHW12098	372.125 	 89.384 	 64.696
FHW12098	372.250 	 89.385 	 64.702
FHW12098	372.375 	 89.385 	 64.702
FHW12098	372.500 	 89.385 	 64.699
FHW12098	372.625 	 89.384 	 64.699
FHW12098	372.750 	 89.385 	 64.699
FHW12098	372.875 	 89.385 	 64.702
FHW12098	373.000 	 89.385 	 64.702
FHW12098	373.125 	 89.384 	 64.696
FHW12098	373.250 	 89.385 	 64.702
FHW12098	373.375 	 89.392 	 64.702
FHW12098	373.500 	 89.385 	 64.699
FHW12098	373.625 	 89.384 	 64.699
FHW12098	373.750 	 89.385 	 64.702
FHW12098	373.875 	 89.385 	 64.699
FHW12098	374.000 	 89.384 	 64.699
FHW12098	374.125 	 89.385 	 64.702
FHW12098	374.250 	 89.385 	 64.699
FHW12098	374.375 	 89.385 	 64.702
FHW12098	374.500 	 89.384 	 64.699
FHW12098	374.625 	 89.385 	 64.699
FHW12098	374.750 	 89.385 	 64.702
FHW12098	374.875 	 89.385 	 64.702
FHW12098	375.000 	 89.384 	 64.696
FHW12098	375.125 	 89.392 	 64.702
FHW12098	375.250 	 89.385 	 64.702
FHW12098	375.375 	 89.385 	 64.699
FHW12098	375.500 	 89.384 	 64.699
FHW12098	375.625 	 89.385 	 64.702
FHW12098	375.750 	 89.385 	 64.699
FHW12098	375.875 	 89.384 	 64.699
FHW12098	376.000 	 89.385 	 64.702
FHW12098	376.125 	 89.385 	 64.699
FHW12098	376.250 	 89.385 	 64.702
FHW12098	376.375 	 89.384 	 64.699
FHW12098	376.500 	 89.385 	 64.699
FHW12098	376.625 	 89.385 	 64.702
FHW12098	376.750 	 89.392 	 64.702
FHW12098	376.875 	 89.384 	 64.696
FHW12098	377.000 	 89.385 	 64.702
FHW12098	377.125 	 89.385 	 64.702
FHW12098	377.250 	 89.385 	 64.699
FHW12098	377.375 	 89.384 	 64.699
FHW12098	377.500 	 89.385 	 64.702
FHW12098	377.625 	 89.385 	 64.699
FHW12098	377.750 	 89.384 	 64.699
FHW12098	377.875 	 89.385 	 64.702
FHW12098	378.000 	 89.385 	 64.699
FHW12098	378.125 	 89.385 	 64.702
FHW12098	378.250 	 89.384 	 64.699
FHW12098	378.375 	 89.392 	 64.699
FHW12098	378.500 	 89.385 	 64.702
FHW12098	378.625 	 89.385 	 64.702
FHW12098	378.750 	 89.384 	 64.696
FHW12098	378.875 	 89.385 	 64.702
FHW12098	379.000 	 89.385 	 64.702
FHW12098	379.125 	 89.385 	 64.699
FHW12098	379.250 	 89.384 	 64.699
FHW12098	379.375 	 89.385 	 64.702
FHW12098	379.500 	 89.385 	 64.699
FHW12098	379.625 	 89.385 	 64.702
FHW12098	379.750 	 89.384 	 64.699
FHW12098	379.875 	 89.385 	 64.699
FHW12098	380.000 	 89.385 	 64.702
FHW12098	380.125 	 89.391 	 64.696
FHW12098	380.250 	 89.385 	 64.702
FHW12098	380.375 	 89.385 	 64.702
FHW12098	380.500 	 89.385 	 64.699
FHW12098	380.625 	 89.384 	 64.699
FHW12098	380.750 	 89.385 	 64.702
FHW12098	380.875 	 89.385 	 64.699
FHW12098	381.000 	 89.385 	 64.702
FHW12098	381.125 	 89.384 	 64.699
FHW12098	381.250 	 89.385 	 64.699
FHW12098	381.375 	 89.385 	 64.702
FHW12098	381.500 	 89.385 	 64.702
FHW12098	381.625 	 89.384 	 64.696
FHW12098	381.750 	 89.392 	 64.702
FHW12098	381.875 	 89.385 	 64.702
FHW12098	382.000 	 89.384 	 64.696
FHW12098	382.125 	 89.385 	 64.702
FHW12098	382.250 	 89.385 	 64.702
FHW12098	382.375 	 89.385 	 64.699
FHW12098	382.500 	 89.384 	 64.699
FHW12098	382.625 	 89.385 	 64.702
FHW12098	382.750 	 89.385 	 64.699
FHW12098	382.875 	 89.385 	 64.702
FHW12098	383.000 	 89.384 	 64.699
FHW12098	383.125 	 89.385 	 64.699
FHW12098	383.250 	 89.385 	 64.702
FHW12098	383.375 	 89.405 	 64.677
FHW12098	383.500 	 89.832 	 64.114
FHW12098	383.625 	 89.839 	 64.114
FHW12098	383.750 	 89.832 	 64.117
FHW12098	383.875 	 89.839 	 64.114
FHW12098	384.000 	 89.832 	 64.117
FHW12098	384.125 	 89.832 	 64.114
FHW12098	384.250 	 89.839 	 64.114
FHW12098	384.375 	 89.832 	 64.117
FHW12098	384.500 	 89.839 	 64.114
FHW12098	384.625 	 89.832 	 64.114
FHW12098	384.750 	 89.832 	 64.117
FHW12098	384.875 	 89.839 	 64.114
FHW12098	385.000 	 89.832 	 64.117
FHW12098	385.125 	 89.839 	 64.117
FHW12098	385.250 	 89.832 	 64.114
FHW12098	385.375 	 89.839 	 64.117
FHW12098	385.500 	 89.832 	 64.114
FHW12098	385.625 	 89.832 	 64.114
FHW12098	385.750 	 89.839 	 64.117
FHW12098	385.875 	 89.832 	 64.114
FHW12098	386.000 	 89.839 	 64.117
FHW12098	386.125 	 89.832 	 64.114
FHW12098	386.250 	 89.832 	 64.114
FHW12098	386.375 	 89.839 	 64.117
FHW12098	386.500 	 89.832 	 64.114
FHW12098	386.625 	 89.839 	 64.114
FHW12098	386.750 	 89.832 	 64.117
FHW12098	386.875 	 89.832 	 64.114
FHW12098	387.000 	 89.839 	 64.117
FHW12098	387.125 	 89.832 	 64.114
FHW12098	387.250 	 89.839 	 64.114
FHW12098	387.375 	 89.832 	 64.117
FHW12098	387.500 	 89.832 	 64.114
FHW12098	387.625 	 89.839 	 64.114
FHW12098	387.750 	 89.832 	 64.117
FHW12098	387.875 	 89.839 	 64.114
FHW12098	388.000 	 89.832 	 64.117
FHW12098	388.125 	 89.832 	 64.114
FHW12098	388.250 	 89.839 	 64.114
FHW12098	388.375 	 89.832 	 64.117
FHW12098	388.500 	 89.839 	 64.114
FHW12098	388.625 	 89.832 	 64.117
FHW12098	388.750 	 89.832 	 64.114
FHW12098	388.875 	 89.839 	 64.114
FHW12098	389.000 	 89.832 	 64.117
FHW12098	389.125 	 89.839 	 64.114
FHW12098	389.250 	 89.832 	 64.117
FHW12098	389.375 	 89.832 	 64.117
FHW12098	389.500 	 89.839 	 64.114
FHW12098	389.625 	 89.832 	 64.117
FHW12098	389.750 	 89.839 	 64.114
FHW12098	389.875 	 89.832 	 64.114
FHW12098	390.000 	 89.832 	 64.117
FHW12098	390.125 	 89.839 	 64.114
FHW12098	390.250 	 89.832 	 64.114
FHW12098	390.375 	 89.839 	 64.117
FHW12098	390.500 	 89.832 	 64.114
FHW12098	390.625 	 89.832 	 64.117
FHW12098	390.750 	 89.839 	 64.114
FHW12098	390.875 	 89.832 	 64.114
FHW12098	391.000 	 89.839 	 64.117
FHW12098	391.125 	 89.832 	 64.114
FHW12098	391.250 	 89.832 	 64.114
FHW12098	391.375 	 89.839 	 64.117
FHW12098	391.500 	 89.832 	 64.114
FHW12098	391.625 	 89.839 	 64.117
FHW12098	391.750 	 89.832 	 64.114
FHW12098	391.875 	 89.839 	 64.114
FHW12098	392.000 	 89.832 	 64.117
FHW12098	392.125 	 89.832 	 64.114
FHW12098	392.250 	 89.839 	 64.117
FHW12098	392.375 	 89.832 	 64.114
FHW12098	392.500 	 89.839 	 64.114
FHW12098	392.625 	 89.832 	 64.117
FHW12098	392.750 	 89.832 	 64.114
FHW12098	392.875 	 89.839 	 64.114
FHW12098	393.000 	 89.832 	 64.117
FHW12098	393.125 	 89.839 	 64.114
FHW12098	393.250 	 89.832 	 64.117
FHW12098	393.375 	 89.832 	 64.117
FHW12098	393.500 	 89.839 	 64.114
FHW12098	393.625 	 89.832 	 64.117
FHW12098	393.750 	 89.839 	 64.114
FHW12098	393.875 	 89.832 	 64.114
FHW12098	394.000 	 89.832 	 64.117
FHW12098	394.125 	 89.839 	 64.114
FHW12098	394.250 	 89.832 	 64.117
FHW12098	394.375 	 89.839 	 64.114
FHW12098	394.500 	 89.832 	 64.114
FHW12098	394.625 	 89.832 	 64.117
FHW12098	394.750 	 89.839 	 64.114
FHW12098	394.875 	 89.832 	 64.114
FHW12098	395.000 	 89.839 	 64.117
FHW12098	395.125 	 89.832 	 64.114
FHW12098	395.250 	 89.832 	 64.117
FHW12098	395.375 	 89.839 	 64.114
FHW12098	395.500 	 89.832 	 64.114
FHW12098	395.625 	 89.839 	 64.117
FHW12098	395.750 	 89.832 	 64.114
FHW12098	395.875 	 89.832 	 64.117
FHW12098	396.000 	 89.839 	 64.114
FHW12098	396.125 	 89.832 	 64.114
FHW12098	396.250 	 89.839 	 64.117
FHW12098	396.375 	 89.832 	 64.114
FHW12098	396.500 	 89.832 	 64.114
FHW12098	396.625 	 89.839 	 64.117
FHW12098	396.750 	 89.832 	 64.114
FHW12098	396.875 	 89.839 	 64.117
FHW12098	397.000 	 89.832 	 64.114
FHW12098	397.125 	 89.832 	 64.114
FHW12098	397.250 	 89.839 	 64.117
FHW12098	397.375 	 89.832 	 64.114
FHW12098	397.500 	 89.839 	 64.117
FHW12098	397.625 	 89.832 	 64.117
FHW12098	397.750 	 89.832 	 64.114
FHW12098	397.875 	 89.839 	 64.117
FHW12098	398.000 	 89.832 	 64.114
FHW12098	398.125 	 89.839 	 64.114
FHW12098	398.250 	 89.832 	 64.117
FHW12098	398.375 	 89.832 	 64.114
FHW12098	398.500 	 89.839 	 64.114
FHW12098	398.625 	 89.832 	 64.117
FHW12098	398.750 	 89.839 	 64.114
FHW12098	398.875 	 89.832 	 64.117
FHW12098	399.000 	 89.839 	 64.114
FHW12098	399.125 	 89.832 	 64.114
FHW12098	399.250 	 89.832 	 64.117
FHW12098	399.375 	 89.839 	 64.114
FHW12098	399.500 	 89.832 	 64.114
FHW12098	399.625 	 89.839 	 64.117
FHW12098	399.750 	 89.832 	 64.114
FHW12098	399.875 	 89.832 	 64.117
FHW12098	400.000 	 89.839 	 64.114
FHW12098	400.125 	 89.832 	 64.114
FHW12098	400.250 	 89.839 	 64.117
FHW12098	400.375 	 89.832 	 64.114
FHW12098	400.500 	 89.832 	 64.117
FHW12098	400.625 	 89.839 	 64.114
FHW12098	400.750 	 89.832 	 64.114
FHW12098	400.875 	 89.839 	 64.117
FHW12098	401.000 	 89.832 	 64.114
FHW12098	401.125 	 89.832 	 64.114
FHW12098	401.250 	 89.839 	 64.117
FHW12098	401.375 	 90.252 	 64.029
FHW12098	401.500 	 90.336 	 64.007
FHW12098	401.625 	 90.336 	 64.010
FHW12098	401.750 	 90.336 	 64.011
FHW12098	401.875 	 90.336 	 64.010
FHW12098	402.000 	 90.336 	 64.011
FHW12098	402.125 	 90.336 	 64.007
FHW12098	402.250 	 90.336 	 64.014
FHW12098	402.375 	 90.329 	 64.007
FHW12098	402.500 	 90.336 	 64.010
FHW12098	402.625 	 90.336 	 64.011
FHW12098	402.750 	 90.336 	 64.007
FHW12098	402.875 	 90.336 	 64.014
FHW12098	403.000 	 90.336 	 64.007
FHW12098	403.125 	 90.336 	 64.014
FHW12098	403.250 	 90.336 	 64.007
FHW12098	403.375 	 90.336 	 64.007
FHW12098	403.500 	 90.336 	 64.014
FHW12098	403.625 	 90.329 	 64.007
FHW12098	403.750 	 90.336 	 64.014
FHW12098	403.875 	 90.336 	 64.007
FHW12098	404.000 	 90.336 	 64.014
FHW12098	404.125 	 90.336 	 64.007
FHW12098	404.250 	 90.336 	 64.007
FHW12098	404.375 	 90.336 	 64.014
FHW12098	404.500 	 90.336 	 64.007
FHW12098	404.625 	 90.336 	 64.014
FHW12098	404.750 	 90.336 	 64.007
FHW12098	404.875 	 90.329 	 64.011
FHW12098	405.000 	 90.336 	 64.010
FHW12098	405.125 	 90.336 	 64.007
FHW12098	405.250 	 90.336 	 64.014
FHW12098	405.375 	 90.336 	 64.007
FHW12098	405.500 	 90.336 	 64.011
FHW12098	405.625 	 90.336 	 64.010
FHW12098	405.750 	 90.336 	 64.011
FHW12098	405.875 	 90.336 	 64.010
FHW12098	406.000 	 90.336 	 64.007
FHW12098	406.125 	 90.329 	 64.014
FHW12098	406.250 	 90.336 	 64.007
FHW12098	406.375 	 90.336 	 64.011
FHW12098	406.500 	 90.336 	 64.010
FHW12098	406.625 	 90.336 	 64.011
FHW12098	406.750 	 90.336 	 64.010
FHW12098	406.875 	 90.336 	 64.007
FHW12098	407.000 	 90.336 	 64.011
FHW12098	407.125 	 90.336 	 64.010
FHW12098	407.250 	 90.336 	 64.011
FHW12098	407.375 	 90.336 	 64.010
FHW12098	407.500 	 90.329 	 64.011
FHW12098	407.625 	 90.336 	 64.007
FHW12098	407.750 	 90.336 	 64.010
FHW12098	407.875 	 90.336 	 64.011
FHW12098	408.000 	 90.336 	 64.010
FHW12098	408.125 	 90.336 	 64.011
FHW12098	408.250 	 90.336 	 64.007
FHW12098	408.375 	 90.336 	 64.014
FHW12098	408.500 	 90.336 	 64.007
FHW12098	408.625 	 90.336 	 64.010
FHW12098	408.750 	 90.329 	 64.011
FHW12098	408.875 	 90.336 	 64.010
FHW12098	409.000 	 90.336 	 64.011
FHW12098	409.125 	 90.336 	 64.007
FHW12098	409.250 	 90.336 	 64.014
FHW12098	409.375 	 90.336 	 64.007
FHW12098	409.500 	 90.336 	 64.010
FHW12098	409.625 	 90.336 	 64.011
FHW12098	409.750 	 90.336 	 64.007
FHW12098	409.875 	 90.336 	 64.014
FHW12098	410.000 	 90.329 	 64.007
FHW12098	410.125 	 90.336 	 64.014
FHW12098	410.250 	 90.336 	 64.007
FHW12098	410.375 	 90.336 	 64.007
FHW12098	410.500 	 90.336 	 64.014
FHW12098	410.625 	 90.336 	 64.007
FHW12098	410.750 	 90.336 	 64.014
FHW12098	410.875 	 90.336 	 64.007
FHW12098	411.000 	 90.336 	 64.014
FHW12098	411.125 	 90.336 	 64.007
FHW12098	411.250 	 90.329 	 64.007
FHW12098	411.375 	 90.336 	 64.014
FHW12098	411.500 	 90.336 	 64.007
FHW12098	411.625 	 90.336 	 64.014
FHW12098	411.750 	 90.336 	 64.007
FHW12098	411.875 	 90.336 	 64.011
FHW12098	412.000 	 90.336 	 64.010
FHW12098	412.125 	 90.336 	 64.007
FHW12098	412.250 	 90.336 	 64.014
FHW12098	412.375 	 90.336 	 64.007
FHW12098	412.500 	 90.329 	 64.011
FHW12098	412.625 	 90.336 	 64.010
FHW12098	412.750 	 90.336 	 64.011
FHW12098	412.875 	 90.336 	 64.010
FHW12098	413.000 	 90.336 	 64.007
FHW12098	413.125 	 90.336 	 64.014
FHW12098	413.250 	 90.336 	 64.007
FHW12098	413.375 	 90.336 	 64.011
FHW12098	413.500 	 90.336 	 64.010
FHW12098	413.625 	 90.336 	 64.011
FHW12098	413.750 	 90.329 	 64.010
FHW12098	413.875 	 90.336 	 64.007
FHW12098	414.000 	 90.336 	 64.011
FHW12098	414.125 	 90.336 	 64.010
FHW12098	414.250 	 90.336 	 64.011
FHW12098	414.375 	 90.336 	 64.010
FHW12098	414.500 	 90.336 	 64.011
FHW12098	414.625 	 90.336 	 64.007
FHW12098	414.750 	 90.336 	 64.010
FHW12098	414.875 	 90.336 	 64.011
FHW12098	415.000 	 90.329 	 64.010
FHW12098	415.125 	 90.336 	 64.011
FHW12098	415.250 	 90.336 	 64.007
FHW12098	415.375 	 90.336 	 64.014
FHW12098	415.500 	 90.336 	 64.007
FHW12098	415.625 	 90.336 	 64.010
FHW12098	415.750 	 90.336 	 64.011
FHW12098	415.875 	 90.336 	 64.010
FHW12098	416.000 	 90.336 	 64.011
FHW12098	416.125 	 90.336 	 64.007
FHW12098	416.250 	 90.336 	 64.014
FHW12098	416.375 	 90.329 	 64.007
FHW12098	416.500 	 90.336 	 64.010
FHW12098	416.625 	 90.336 	 64.011
FHW12098	416.750 	 90.336 	 64.007
FHW12098	416.875 	 90.336 	 64.014
FHW12098	417.000 	 90.336 	 64.007
FHW12098	417.125 	 90.336 	 64.014
FHW12098	417.250 	 90.336 	 64.007
FHW12098	417.375 	 90.336 	 64.007
FHW12098	417.500 	 90.336 	 64.014
FHW12098	417.625 	 90.329 	 64.007
FHW12098	417.750 	 90.336 	 64.014
FHW12098	417.875 	 90.336 	 64.007
FHW12098	418.000 	 90.336 	 64.014
FHW12098	418.125 	 90.336 	 64.007
FHW12098	418.250 	 90.336 	 64.007
FHW12098	418.375 	 90.336 	 64.014
FHW12098	418.500 	 90.336 	 64.007
FHW12098	418.625 	 90.336 	 64.014
FHW12098	418.750 	 90.336 	 64.007
FHW12098	418.875 	 90.329 	 64.011
FHW12098	419.000 	 90.378 	 64.039
FHW12098	419.125 	 90.455 	 64.101
FHW12098	419.250 	 90.455 	 64.098
FHW12098	419.375 	 90.455 	 64.098
FHW12098	419.500 	 90.455 	 64.101
FHW12098	419.625 	 90.455 	 64.101
FHW12098	419.750 	 90.455 	 64.101
FHW12098	419.875 	 90.455 	 64.098
FHW12098	420.000 	 90.455 	 64.101
FHW12098	420.125 	 90.455 	 64.101
FHW12098	420.250 	 90.455 	 64.098
FHW12098	420.375 	 90.455 	 64.101
FHW12098	420.500 	 90.455 	 64.101
FHW12098	420.625 	 90.462 	 64.098
FHW12098	420.750 	 90.455 	 64.101
FHW12098	420.875 	 90.455 	 64.101
FHW12098	421.000 	 90.455 	 64.098
FHW12098	421.125 	 90.455 	 64.101
FHW12098	421.250 	 90.455 	 64.101
FHW12098	421.375 	 90.455 	 64.095
FHW12098	421.500 	 90.455 	 64.101
FHW12098	421.625 	 90.455 	 64.101
FHW12098	421.750 	 90.455 	 64.098
FHW12098	421.875 	 90.455 	 64.101
FHW12098	422.000 	 90.455 	 64.101
FHW12098	422.125 	 90.455 	 64.098
FHW12098	422.250 	 90.455 	 64.101
FHW12098	422.375 	 90.455 	 64.101
FHW12098	422.500 	 90.455 	 64.098
FHW12098	422.625 	 90.455 	 64.101
FHW12098	422.750 	 90.455 	 64.101
FHW12098	422.875 	 90.462 	 64.098
FHW12098	423.000 	 90.455 	 64.101
FHW12098	423.125 	 90.455 	 64.101
FHW12098	423.250 	 90.455 	 64.098
FHW12098	423.375 	 90.455 	 64.101
FHW12098	423.500 	 90.455 	 64.101
FHW12098	423.625 	 90.455 	 64.095
FHW12098	423.750 	 90.455 	 64.101
FHW12098	423.875 	 90.455 	 64.101
FHW12098	424.000 	 90.455 	 64.098
FHW12098	424.125 	 90.455 	 64.101
FHW12098	424.250 	 90.455 	 64.101
FHW12098	424.375 	 90.455 	 64.098
FHW12098	424.500 	 90.455 	 64.101
FHW12098	424.625 	 90.455 	 64.101
FHW12098	424.750 	 90.455 	 64.098
FHW12098	424.875 	 90.455 	 64.101
FHW12098	425.000 	 90.455 	 64.101
FHW12098	425.125 	 90.462 	 64.098
FHW12098	425.250 	 90.455 	 64.101
FHW12098	425.375 	 90.455 	 64.101
FHW12098	425.500 	 90.455 	 64.098
FHW12098	425.625 	 90.455 	 64.101
FHW12098	425.750 	 90.455 	 64.098
FHW12098	425.875 	 90.455 	 64.098
FHW12098	426.000 	 90.455 	 64.101
FHW12098	426.125 	 90.455 	 64.101
FHW12098	426.250 	 90.455 	 64.098
FHW12098	426.375 	 90.455 	 64.101
FHW12098	426.500 	 90.455 	 64.101
FHW12098	426.625 	 90.455 	 64.098
FHW12098	426.750 	 90.455 	 64.101
FHW12098	426.875 	 90.455 	 64.101
FHW12098	427.000 	 90.455 	 64.098
FHW12098	427.125 	 90.455 	 64.101
FHW12098	427.250 	 90.455 	 64.101
FHW12098	427.375 	 90.455 	 64.098
FHW12098	427.500 	 90.462 	 64.101
FHW12098	427.625 	 90.455 	 64.101
FHW12098	427.750 	 90.455 	 64.098
FHW12098	427.875 	 90.455 	 64.101
FHW12098	428.000 	 90.455 	 64.098
FHW12098	428.125 	 90.455 	 64.098
FHW12098	428.250 	 90.455 	 64.101
FHW12098	428.375 	 90.455 	 64.101
FHW12098	428.500 	 90.455 	 64.098
FHW12098	428.625 	 90.455 	 64.101
FHW12098	428.750 	 90.455 	 64.101
FHW12098	428.875 	 90.455 	 64.098
FHW12098	429.000 	 90.455 	 64.101
FHW12098	429.125 	 90.455 	 64.101
FHW12098	429.250 	 90.455 	 64.098
FHW12098	429.375 	 90.455 	 64.101
FHW12098	429.500 	 90.455 	 64.101
FHW12098	429.625 	 90.455 	 64.098
FHW12098	429.750 	 90.462 	 64.101
FHW12098	429.875 	 90.455 	 64.101
FHW12098	430.000 	 90.455 	 64.098
FHW12098	430.125 	 90.455 	 64.098
FHW12098	430.250 	 90.455 	 64.101
FHW12098	430.375 	 90.455 	 64.098
FHW12098	430.500 	 90.455 	 64.101
FHW12098	430.625 	 90.455 	 64.101
FHW12098	430.750 	 90.455 	 64.098
FHW12098	430.875 	 90.455 	 64.101
FHW12098	431.000 	 90.455 	 64.101
FHW12098	431.125 	 90.455 	 64.098
FHW12098	431.250 	 90.455 	 64.101
FHW12098	431.375 	 90.455 	 64.101
FHW12098	431.500 	 90.455 	 64.098
FHW12098	431.625 	 90.455 	 64.101
FHW12098	431.750 	 90.455 	 64.101
FHW12098	431.875 	 90.455 	 64.098
FHW12098	432.000 	 90.462 	 64.101
FHW12098	432.125 	 90.455 	 64.101
FHW12098	432.250 	 90.455 	 64.098
FHW12098	432.375 	 90.455 	 64.098
FHW12098	432.500 	 90.455 	 64.101
FHW12098	432.625 	 90.455 	 64.098
FHW12098	432.750 	 90.455 	 64.101
FHW12098	432.875 	 90.455 	 64.101
FHW12098	433.000 	 90.455 	 64.098
FHW12098	433.125 	 90.455 	 64.101
FHW12098	433.250 	 90.455 	 64.101
FHW12098	433.375 	 90.455 	 64.098
FHW12098	433.500 	 90.455 	 64.101
FHW12098	433.625 	 90.455 	 64.101
FHW12098	433.750 	 90.455 	 64.098
FHW12098	433.875 	 90.455 	 64.101
FHW12098	434.000 	 90.455 	 64.101
FHW12098	434.125 	 90.455 	 64.098
FHW12098	434.250 	 90.462 	 64.101
FHW12098	434.375 	 90.455 	 64.101
FHW12098	434.500 	 90.455 	 64.095
FHW12098	434.625 	 90.455 	 64.101
FHW12098	434.750 	 90.455 	 64.101
FHW12098	434.875 	 90.455 	 64.101
FHW12098	435.000 	 90.455 	 64.098
FHW12098	435.125 	 90.455 	 64.101
FHW12098	435.250 	 90.455 	 64.101
FHW12098	435.375 	 90.455 	 64.098
FHW12098	435.500 	 90.455 	 64.101
FHW12098	435.625 	 90.455 	 64.101
FHW12098	435.750 	 90.455 	 64.098
FHW12098	435.875 	 90.455 	 64.101
FHW12098	436.000 	 90.455 	 64.101
FHW12098	436.125 	 90.455 	 64.098
FHW12098	436.250 	 90.455 	 64.101
FHW12098	436.375 	 90.455 	 64.101
FHW12098	436.500 	 90.462 	 64.098
FHW12098	436.625 	 90.455 	 64.101
FHW12098	436.750 	 90.371 	 64.142
FHW12098	436.875 	 90.133 	 64.292
FHW12098	437.000 	 90.133 	 64.289
FHW12098	437.125 	 90.126 	 64.289
FHW12098	437.250 	 90.133 	 64.292
FHW12098	437.375 	 90.126 	 64.289
FHW12098	437.500 	 90.133 	 64.292
FHW12098	437.625 	 90.133 	 64.289
FHW12098	437.750 	 90.126 	 64.289
FHW12098	437.875 	 90.133 	 64.292
FHW12098	438.000 	 90.126 	 64.289
FHW12098	438.125 	 90.133 	 64.292
FHW12098	438.250 	 90.126 	 64.289
FHW12098	438.375 	 90.133 	 64.292
FHW12098	438.500 	 90.133 	 64.289
FHW12098	438.625 	 90.126 	 64.289
FHW12098	438.750 	 90.133 	 64.289
FHW12098	438.875 	 90.126 	 64.289
FHW12098	439.000 	 90.133 	 64.292
FHW12098	439.125 	 90.133 	 64.289
FHW12098	439.250 	 90.126 	 64.289
FHW12098	439.375 	 90.133 	 64.292
FHW12098	439.500 	 90.126 	 64.289
FHW12098	439.625 	 90.133 	 64.292
FHW12098	439.750 	 90.126 	 64.289
FHW12098	439.875 	 90.133 	 64.289
FHW12098	440.000 	 90.133 	 64.292
FHW12098	440.125 	 90.126 	 64.289
FHW12098	440.250 	 90.133 	 64.292
FHW12098	440.375 	 90.126 	 64.289
FHW12098	440.500 	 90.133 	 64.289
FHW12098	440.625 	 90.126 	 64.292
FHW12098	440.750 	 90.133 	 64.289
FHW12098	440.875 	 90.133 	 64.292
FHW12098	441.000 	 90.126 	 64.289
FHW12098	441.125 	 90.133 	 64.286
FHW12098	441.250 	 90.126 	 64.292
FHW12098	441.375 	 90.133 	 64.289
FHW12098	441.500 	 90.133 	 64.292
FHW12098	441.625 	 90.126 	 64.289
FHW12098	441.750 	 90.133 	 64.289
FHW12098	441.875 	 90.126 	 64.292
FHW12098	442.000 	 90.133 	 64.289
FHW12098	442.125 	 90.126 	 64.292
FHW12098	442.250 	 90.133 	 64.289
FHW12098	442.375 	 90.133 	 64.292
FHW12098	442.500 	 90.126 	 64.289
FHW12098	442.625 	 90.133 	 64.289
FHW12098	442.750 	 90.126 	 64.292
FHW12098	442.875 	 90.133 	 64.289
FHW12098	443.000 	 90.133 	 64.292
FHW12098	443.125 	 90.126 	 64.289
FHW12098	443.250 	 90.133 	 64.289
FHW12098	443.375 	 90.126 	 64.289
FHW12098	443.500 	 90.133 	 64.289
FHW12098	443.625 	 90.126 	 64.292
FHW12098	443.750 	 90.133 	 64.289
FHW12098	443.875 	 90.133 	 64.289
FHW12098	444.000 	 90.126 	 64.292
FHW12098	444.125 	 90.133 	 64.289
FHW12098	444.250 	 90.126 	 64.292
FHW12098	444.375 	 90.133 	 64.289
FHW12098	444.500 	 90.133 	 64.289
FHW12098	444.625 	 90.126 	 64.292
FHW12098	444.750 	 90.133 	 64.289
FHW12098	444.875 	 90.126 	 64.292
FHW12098	445.000 	 90.133 	 64.289
FHW12098	445.125 	 90.126 	 64.289
FHW12098	445.250 	 90.133 	 64.292
FHW12098	445.375 	 90.133 	 64.289
FHW12098	445.500 	 90.126 	 64.292
FHW12098	445.625 	 90.133 	 64.289
FHW12098	445.750 	 90.126 	 64.286
FHW12098	445.875 	 90.133 	 64.292
FHW12098	446.000 	 90.133 	 64.289
FHW12098	446.125 	 90.126 	 64.292
FHW12098	446.250 	 90.133 	 64.289
FHW12098	446.375 	 90.126 	 64.295
FHW12098	446.500 	 90.133 	 64.286
FHW12098	446.625 	 90.126 	 64.292
FHW12098	446.750 	 90.133 	 64.289
FHW12098	446.875 	 90.133 	 64.286
FHW12098	447.000 	 90.126 	 64.295
FHW12098	447.125 	 90.133 	 64.286
FHW12098	447.250 	 90.126 	 64.292
FHW12098	447.375 	 90.133 	 64.289
FHW12098	447.500 	 90.126 	 64.292
FHW12098	447.625 	 90.133 	 64.289
FHW12098	447.750 	 90.133 	 64.292
FHW12098	447.875 	 90.126 	 64.286
FHW12098	448.000 	 90.133 	 64.295
FHW12098	448.125 	 90.126 	 64.286
FHW12098	448.250 	 90.133 	 64.295
FHW12098	448.375 	 90.133 	 64.286
FHW12098	448.500 	 90.126 	 64.292
FHW12098	448.625 	 90.133 	 64.289
FHW12098	448.750 	 90.126 	 64.292
FHW12098	448.875 	 90.133 	 64.289
FHW12098	449.000 	 90.126 	 64.292
FHW12098	449.125 	 90.133 	 64.286
FHW12098	449.250 	 90.133 	 64.289
FHW12098	449.375 	 90.126 	 64.292
FHW12098	449.500 	 90.133 	 64.289
FHW12098	449.625 	 90.126 	 64.292
FHW12098	449.750 	 90.133 	 64.286
FHW12098	449.875 	 90.133 	 64.295
FHW12098	450.000 	 90.126 	 64.286
FHW12098	450.125 	 90.133 	 64.295
FHW12098	450.250 	 90.126 	 64.286
FHW12098	450.375 	 90.133 	 64.295
FHW12098	450.500 	 90.126 	 64.286
FHW12098	450.625 	 90.133 	 64.292
FHW12098	450.750 	 90.133 	 64.289
FHW12098	450.875 	 90.126 	 64.292
FHW12098	451.000 	 90.133 	 64.289
FHW12098	451.125 	 90.126 	 64.292
FHW12098	451.250 	 90.133 	 64.286
FHW12098	451.375 	 90.133 	 64.295
FHW12098	451.500 	 90.126 	 64.286
FHW12098	451.625 	 90.133 	 64.289
FHW12098	451.750 	 90.126 	 64.292
FHW12098	451.875 	 90.133 	 64.286
FHW12098	452.000 	 90.126 	 64.295
FHW12098	452.125 	 90.133 	 64.286
FHW12098	452.250 	 90.133 	 64.295
FHW12098	452.375 	 90.126 	 64.286
FHW12098	452.500 	 90.133 	 64.292
FHW12098	452.625 	 90.126 	 64.289
FHW12098	452.750 	 90.133 	 64.292
FHW12098	452.875 	 90.133 	 64.289
FHW12098	453.000 	 90.126 	 64.292
FHW12098	453.125 	 90.133 	 64.286
FHW12098	453.250 	 90.126 	 64.295
FHW12098	453.375 	 90.133 	 64.286
FHW12098	453.500 	 90.126 	 64.295
FHW12098	453.625 	 90.133 	 64.286
FHW12098	453.750 	 90.133 	 64.286
FHW12098	453.875 	 90.126 	 64.295
FHW12098	454.000 	 90.133 	 64.286
FHW12098	454.125 	 90.126 	 64.295
FHW12098	454.250 	 90.133 	 64.286
FHW12098	454.375 	 90.126 	 64.295
FHW12098	454.500 	 90.133 	 64.286
FHW12098	454.625 	 90.133 	 64.292
FHW12098	454.750 	 90.126 	 64.289
FHW12098	454.875 	 90.133 	 64.292
FHW12098	455.000 	 90.126 	 64.289
FHW12098	455.125 	 90.133 	 64.292
FHW12098	455.250 	 90.133 	 64.286
FHW12098	455.375 	 89.867 	 64.305
FHW12098	455.500 	 89.699 	 64.308
FHW12098	455.625 	 89.699 	 64.311
FHW12098	455.750 	 89.706 	 64.311
FHW12098	455.875 	 89.699 	 64.308
FHW12098	456.000 	 89.699 	 64.311
FHW12098	456.125 	 89.699 	 64.311
FHW12098	456.250 	 89.699 	 64.308
FHW12098	456.375 	 89.699 	 64.317
FHW12098	456.500 	 89.699 	 64.308
FHW12098	456.625 	 89.699 	 64.311
FHW12098	456.750 	 89.699 	 64.311
FHW12098	456.875 	 89.706 	 64.308
FHW12098	457.000 	 89.699 	 64.311
FHW12098	457.125 	 89.699 	 64.308
FHW12098	457.250 	 89.699 	 64.311
FHW12098	457.375 	 89.699 	 64.311
FHW12098	457.500 	 89.699 	 64.308
FHW12098	457.625 	 89.699 	 64.311
FHW12098	457.750 	 89.699 	 64.308
FHW12098	457.875 	 89.699 	 64.311
FHW12098	458.000 	 89.706 	 64.311
FHW12098	458.125 	 89.699 	 64.314
FHW12098	458.250 	 89.699 	 64.311
FHW12098	458.375 	 89.699 	 64.308
FHW12098	458.500 	 89.699 	 64.311
FHW12098	458.625 	 89.699 	 64.311
FHW12098	458.750 	 89.699 	 64.308
FHW12098	458.875 	 89.699 	 64.311
FHW12098	459.000 	 89.699 	 64.311
FHW12098	459.125 	 89.706 	 64.308
FHW12098	459.250 	 89.699 	 64.311
FHW12098	459.375 	 89.699 	 64.308
FHW12098	459.500 	 89.699 	 64.311
FHW12098	459.625 	 89.699 	 64.311
FHW12098	459.750 	 89.699 	 64.308
FHW12098	459.875 	 89.699 	 64.317
FHW12098	460.000 	 89.699 	 64.308
FHW12098	460.125 	 89.699 	 64.311
FHW12098	460.250 	 89.706 	 64.311
FHW12098	460.375 	 89.699 	 64.308
FHW12098	460.500 	 89.699 	 64.311
FHW12098	460.625 	 89.699 	 64.308
FHW12098	460.750 	 89.699 	 64.311
FHW12098	460.875 	 89.699 	 64.311
FHW12098	461.000 	 89.699 	 64.308
FHW12098	461.125 	 89.699 	 64.311
FHW12098	461.250 	 89.699 	 64.308
FHW12098	461.375 	 89.706 	 64.311
FHW12098	461.500 	 89.699 	 64.311
FHW12098	461.625 	 89.699 	 64.314
FHW12098	461.750 	 89.699 	 64.311
FHW12098	461.875 	 89.699 	 64.311
FHW12098	462.000 	 89.699 	 64.308
FHW12098	462.125 	 89.699 	 64.311
FHW12098	462.250 	 89.699 	 64.308
FHW12098	462.375 	 89.699 	 64.311
FHW12098	462.500 	 89.706 	 64.311
FHW12098	462.625 	 89.699 	 64.308
FHW12098	462.750 	 89.699 	 64.311
FHW12098	462.875 	 89.699 	 64.308
FHW12098	463.000 	 89.699 	 64.311
FHW12098	463.125 	 89.699 	 64.311
FHW12098	463.250 	 89.699 	 64.308
FHW12098	463.375 	 89.699 	 64.311
FHW12098	463.500 	 89.699 	 64.314
FHW12098	463.625 	 89.706 	 64.311
FHW12098	463.750 	 89.699 	 64.311
FHW12098	463.875 	 89.699 	 64.308
FHW12098	464.000 	 89.699 	 64.311
FHW12098	464.125 	 89.699 	 64.308
FHW12098	464.250 	 89.699 	 64.311
FHW12098	464.375 	 89.699 	 64.311
FHW12098	464.500 	 89.699 	 64.308
FHW12098	464.625 	 89.699 	 64.308
FHW12098	464.750 	 89.706 	 64.311
FHW12098	464.875 	 89.699 	 64.311
FHW12098	465.000 	 89.699 	 64.311
FHW12098	465.125 	 89.699 	 64.311
FHW12098	465.250 	 89.699 	 64.311
FHW12098	465.375 	 89.699 	 64.311
FHW12098	465.500 	 89.699 	 64.311
FHW12098	465.625 	 89.699 	 64.311
FHW12098	465.750 	 89.699 	 64.311
FHW12098	465.875 	 89.706 	 64.311
FHW12098	466.000 	 89.699 	 64.305
FHW12098	466.125 	 89.699 	 64.311
FHW12098	466.250 	 89.699 	 64.311
FHW12098	466.375 	 89.699 	 64.311
FHW12098	466.500 	 89.699 	 64.311
FHW12098	466.625 	 89.699 	 64.305
FHW12098	466.750 	 89.699 	 64.311
FHW12098	466.875 	 89.699 	 64.311
FHW12098	467.000 	 89.706 	 64.317
FHW12098	467.125 	 89.699 	 64.311
FHW12098	467.250 	 89.699 	 64.305
FHW12098	467.375 	 89.699 	 64.311
FHW12098	467.500 	 89.699 	 64.311
FHW12098	467.625 	 89.699 	 64.311
FHW12098	467.750 	 89.699 	 64.311
FHW12098	467.875 	 89.699 	 64.305
FHW12098	468.000 	 89.699 	 64.311
FHW12098	468.125 	 89.706 	 64.311
FHW12098	468.250 	 89.699 	 64.311
FHW12098	468.375 	 89.699 	 64.311
FHW12098	468.500 	 89.699 	 64.305
FHW12098	468.625 	 89.699 	 64.311
FHW12098	468.750 	 89.699 	 64.311
FHW12098	468.875 	 89.699 	 64.317
FHW12098	469.000 	 89.699 	 64.311
FHW12098	469.125 	 89.699 	 64.305
FHW12098	469.250 	 89.706 	 64.311
FHW12098	469.375 	 89.699 	 64.311
FHW12098	469.500 	 89.699 	 64.311
FHW12098	469.625 	 89.699 	 64.311
FHW12098	469.750 	 89.699 	 64.305
FHW12098	469.875 	 89.699 	 64.311
FHW12098	470.000 	 89.699 	 64.311
FHW12098	470.125 	 89.699 	 64.311
FHW12098	470.250 	 89.699 	 64.311
FHW12098	470.375 	 89.706 	 64.305
FHW12098	470.500 	 89.699 	 64.311
FHW12098	470.625 	 89.699 	 64.317
FHW12098	470.750 	 89.699 	 64.311
FHW12098	470.875 	 89.699 	 64.311
FHW12098	471.000 	 89.699 	 64.305
FHW12098	471.125 	 89.699 	 64.311
FHW12098	471.250 	 89.699 	 64.311
FHW12098	471.375 	 89.699 	 64.311
FHW12098	471.500 	 89.706 	 64.311
FHW12098	471.625 	 89.699 	 64.311
FHW12098	471.750 	 89.699 	 64.305
FHW12098	471.875 	 89.699 	 64.311
FHW12098	472.000 	 89.699 	 64.311
FHW12098	472.125 	 89.699 	 64.311
FHW12098	472.250 	 89.699 	 64.311
FHW12098	472.375 	 89.699 	 64.311
FHW12098	472.500 	 89.699 	 64.311
FHW12098	472.625 	 89.706 	 64.311
FHW12098	472.750 	 89.699 	 64.311
FHW12098	472.875 	 89.699 	 64.311
FHW12098	473.000 	 89.699 	 64.305
FHW12098	473.125 	 89.699 	 64.311
FHW12098	473.250 	 89.699 	 64.311
FHW12098	473.375 	 89.699 	 64.311
FHW12098	473.500 	 89.699 	 64.311
FHW12098	473.625 	 89.699 	 64.305
FHW12098	473.750 	 89.706 	 64.311
FHW12098	473.875 	 89.699 	 64.311
FHW12098	474.000 	 89.699 	 64.311
FHW12098	474.125 	 89.699 	 64.317
FHW12098	474.250 	 89.699 	 64.305
FHW12098	474.375 	 89.699 	 64.311
FHW12098	474.500 	 89.699 	 64.311
FHW12098	474.625 	 89.699 	 64.305
FHW12098	474.750 	 89.720 	 64.192
FHW12098	474.875 	 89.720 	 64.198
FHW12098	475.000 	 89.720 	 64.192
FHW12098	475.125 	 89.720 	 64.198
FHW12098	475.250 	 89.720 	 64.192
FHW12098	475.375 	 89.720 	 64.198
FHW12098	475.500 	 89.720 	 64.192
FHW12098	475.625 	 89.720 	 64.198
FHW12098	475.750 	 89.720 	 64.192
FHW12098	475.875 	 89.720 	 64.198
FHW12098	476.000 	 89.720 	 64.192
FHW12098	476.125 	 89.720 	 64.198
FHW12098	476.250 	 89.720 	 64.192
FHW12098	476.375 	 89.720 	 64.198
FHW12098	476.500 	 89.720 	 64.192
FHW12098	476.625 	 89.720 	 64.198
FHW12098	476.750 	 89.720 	 64.192
FHW12098	476.875 	 89.720 	 64.198
FHW12098	477.000 	 89.720 	 64.192
FHW12098	477.125 	 89.720 	 64.198
FHW12098	477.250 	 89.720 	 64.192
FHW12098	477.375 	 89.720 	 64.198
FHW12098	477.500 	 89.720 	 64.192
FHW12098	477.625 	 89.720 	 64.198
FHW12098	477.750 	 89.720 	 64.192
FHW12098	477.875 	 89.720 	 64.198
FHW12098	478.000 	 89.713 	 64.192
FHW12098	478.125 	 89.720 	 64.198
FHW12098	478.250 	 89.720 	 64.192
FHW12098	478.375 	 89.720 	 64.198
FHW12098	478.500 	 89.720 	 64.192
FHW12098	478.625 	 89.720 	 64.198
FHW12098	478.750 	 89.720 	 64.192
FHW12098	478.875 	 89.720 	 64.198
FHW12098	479.000 	 89.720 	 64.192
FHW12098	479.125 	 89.720 	 64.198
FHW12098	479.250 	 89.720 	 64.192
FHW12098	479.375 	 89.720 	 64.198
FHW12098	479.500 	 89.720 	 64.192
FHW12098	479.625 	 89.720 	 64.198
FHW12098	479.750 	 89.720 	 64.192
FHW12098	479.875 	 89.720 	 64.198
FHW12098	480.000 	 89.720 	 64.192
FHW12098	480.125 	 89.720 	 64.198
FHW12098	480.250 	 89.720 	 64.192
FHW12098	480.375 	 89.720 	 64.198
FHW12098	480.500 	 89.720 	 64.192
FHW12098	480.625 	 89.720 	 64.198
FHW12098	480.750 	 89.720 	 64.192
FHW12098	480.875 	 89.720 	 64.198
FHW12098	481.000 	 89.720 	 64.192
FHW12098	481.125 	 89.720 	 64.198
FHW12098	481.250 	 89.720 	 64.192
FHW12098	481.375 	 89.720 	 64.198
FHW12098	481.500 	 89.720 	 64.192
FHW12098	481.625 	 89.720 	 64.198
FHW12098	481.750 	 89.713 	 64.192
FHW12098	481.875 	 89.720 	 64.198
FHW12098	482.000 	 89.720 	 64.192
FHW12098	482.125 	 89.720 	 64.198
FHW12098	482.250 	 89.720 	 64.192
FHW12098	482.375 	 89.720 	 64.198
FHW12098	482.500 	 89.720 	 64.192
FHW12098	482.625 	 89.720 	 64.198
FHW12098	482.750 	 89.720 	 64.192
FHW12098	482.875 	 89.720 	 64.198
FHW12098	483.000 	 89.720 	 64.192
FHW12098	483.125 	 89.720 	 64.198
FHW12098	483.250 	 89.720 	 64.192
FHW12098	483.375 	 89.720 	 64.198
FHW12098	483.500 	 89.720 	 64.186
FHW12098	483.625 	 89.720 	 64.198
FHW12098	483.750 	 89.720 	 64.192
FHW12098	483.875 	 89.720 	 64.198
FHW12098	484.000 	 89.720 	 64.192
FHW12098	484.125 	 89.720 	 64.198
FHW12098	484.250 	 89.720 	 64.192
FHW12098	484.375 	 89.720 	 64.198
FHW12098	484.500 	 89.720 	 64.192
FHW12098	484.625 	 89.720 	 64.198
FHW12098	484.750 	 89.720 	 64.192
FHW12098	484.875 	 89.720 	 64.198
FHW12098	485.000 	 89.720 	 64.192
FHW12098	485.125 	 89.720 	 64.198
FHW12098	485.250 	 89.720 	 64.192
FHW12098	485.375 	 89.720 	 64.198
FHW12098	485.500 	 89.713 	 64.192
FHW12098	485.625 	 89.720 	 64.198
FHW12098	485.750 	 89.720 	 64.192
FHW12098	485.875 	 89.720 	 64.198
FHW12098	486.000 	 89.720 	 64.192
FHW12098	486.125 	 89.720 	 64.198
FHW12098	486.250 	 89.720 	 64.192
FHW12098	486.375 	 89.720 	 64.198
FHW12098	486.500 	 89.720 	 64.192
FHW12098	486.625 	 89.720 	 64.198
FHW12098	486.750 	 89.720 	 64.192
FHW12098	486.875 	 89.720 	 64.198
FHW12098	487.000 	 89.720 	 64.192
FHW12098	487.125 	 89.720 	 64.198
FHW12098	487.250 	 89.720 	 64.192
FHW12098	487.375 	 89.720 	 64.198
FHW12098	487.500 	 89.720 	 64.192
FHW12098	487.625 	 89.720 	 64.198
FHW12098	487.750 	 89.720 	 64.192
FHW12098	487.875 	 89.720 	 64.198
FHW12098	488.000 	 89.720 	 64.192
FHW12098	488.125 	 89.720 	 64.198
FHW12098	488.250 	 89.720 	 64.192
FHW12098	488.375 	 89.720 	 64.198
FHW12098	488.500 	 89.720 	 64.192
FHW12098	488.625 	 89.720 	 64.198
FHW12098	488.750 	 89.720 	 64.192
FHW12098	488.875 	 89.720 	 64.198
FHW12098	489.000 	 89.720 	 64.192
FHW12098	489.125 	 89.713 	 64.198
FHW12098	489.250 	 89.720 	 64.192
FHW12098	489.375 	 89.720 	 64.198
FHW12098	489.500 	 89.720 	 64.192
FHW12098	489.625 	 89.720 	 64.198
FHW12098	489.750 	 89.720 	 64.192
FHW12098	489.875 	 89.720 	 64.198
FHW12098	490.000 	 89.720 	 64.192
FHW12098	490.125 	 89.720 	 64.198
FHW12098	490.250 	 89.720 	 64.192
FHW12098	490.375 	 89.720 	 64.198
FHW12098	490.500 	 89.720 	 64.192
FHW12098	490.625 	 89.720 	 64.198
FHW12098	490.750 	 89.720 	 64.192
FHW12098	490.875 	 89.720 	 64.198
FHW12098	491.000 	 89.720 	 64.192
FHW12098	491.125 	 89.720 	 64.198
FHW12098	491.250 	 89.720 	 64.192
FHW12098	491.375 	 89.720 	 64.198
FHW12098	491.500 	 89.720 	 64.192
FHW12098	491.625 	 89.720 	 64.198
FHW12098	491.750 	 89.720 	 64.192
FHW12098	491.875 	 89.720 	 64.198
FHW12098	492.000 	 89.720 	 64.192
FHW12098	492.125 	 89.720 	 64.198
FHW12098	492.250 	 89.720 	 64.192
FHW12098	492.375 	 89.720 	 64.198
FHW12098	492.500 	 89.720 	 64.192
FHW12098	492.625 	 89.720 	 64.198
FHW12098	492.750 	 89.720 	 64.192
FHW12098	492.875 	 89.713 	 64.198
FHW12098	493.000 	 89.720 	 64.192
FHW12098	493.125 	 89.720 	 64.198
FHW12098	493.250 	 89.720 	 64.192
FHW12098	493.375 	 89.720 	 64.198
FHW12098	493.500 	 89.720 	 64.192
FHW12098	493.625 	 89.720 	 64.198
FHW12098	493.750 	 89.720 	 64.192
FHW12098	493.875 	 89.720 	 64.198
FHW12098	494.000 	 89.790 	 64.179
FHW12098	494.125 	 89.937 	 64.154
FHW12098	494.250 	 89.930 	 64.154
FHW12098	494.375 	 89.937 	 64.154
FHW12098	494.500 	 89.937 	 64.154
FHW12098	494.625 	 89.937 	 64.154
FHW12098	494.750 	 89.930 	 64.161
FHW12098	494.875 	 89.937 	 64.154
FHW12098	495.000 	 89.937 	 64.148
FHW12098	495.125 	 89.930 	 64.161
FHW12098	495.250 	 89.937 	 64.154
FHW12098	495.375 	 89.937 	 64.154
FHW12098	495.500 	 89.937 	 64.154
FHW12098	495.625 	 89.930 	 64.154
FHW12098	495.750 	 89.937 	 64.154
FHW12098	495.875 	 89.937 	 64.154
FHW12098	496.000 	 89.930 	 64.161
FHW12098	496.125 	 89.937 	 64.154
FHW12098	496.250 	 89.937 	 64.148
FHW12098	496.375 	 89.930 	 64.161
FHW12098	496.500 	 89.937 	 64.154
FHW12098	496.625 	 89.937 	 64.154
FHW12098	496.750 	 89.937 	 64.154
FHW12098	496.875 	 89.930 	 64.154
FHW12098	497.000 	 89.937 	 64.154
FHW12098	497.125 	 89.937 	 64.154
FHW12098	497.250 	 89.930 	 64.161
FHW12098	497.375 	 89.937 	 64.154
FHW12098	497.500 	 89.937 	 64.148
FHW12098	497.625 	 89.937 	 64.161
FHW12098	497.750 	 89.930 	 64.154
FHW12098	497.875 	 89.937 	 64.154
FHW12098	498.000 	 89.937 	 64.154
FHW12098	498.125 	 89.930 	 64.154
FHW12098	498.250 	 89.937 	 64.154
FHW12098	498.375 	 89.937 	 64.154
FHW12098	498.500 	 89.937 	 64.161
FHW12098	498.625 	 89.930 	 64.154
FHW12098	498.750 	 89.937 	 64.148
FHW12098	498.875 	 89.937 	 64.154
FHW12098	499.000 	 89.930 	 64.161
FHW12098	499.125 	 89.937 	 64.154
FHW12098	499.250 	 89.937 	 64.154
FHW12098	499.375 	 89.930 	 64.154
FHW12098	499.500 	 89.937 	 64.154
FHW12098	499.625 	 89.937 	 64.154
FHW12098	499.750 	 89.937 	 64.161
FHW12098	499.875 	 89.930 	 64.154
FHW12098	500.000 	 89.937 	 64.148
FHW12098	500.125 	 89.937 	 64.154
FHW12098	500.250 	 89.930 	 64.161
FHW12098	500.375 	 89.937 	 64.154
FHW12098	500.500 	 89.937 	 64.154
FHW12098	500.625 	 89.937 	 64.154
FHW12098	500.750 	 89.930 	 64.154
FHW12098	500.875 	 89.937 	 64.154
FHW12098	501.000 	 89.937 	 64.161
FHW12098	501.125 	 89.930 	 64.154
FHW12098	501.250 	 89.937 	 64.148
FHW12098	501.375 	 89.937 	 64.154
FHW12098	501.500 	 89.937 	 64.161
FHW12098	501.625 	 89.930 	 64.154
FHW12098	501.750 	 89.937 	 64.154
FHW12098	501.875 	 89.937 	 64.154
FHW12098	502.000 	 89.930 	 64.154
FHW12098	502.125 	 89.937 	 64.154
FHW12098	502.250 	 89.937 	 64.161
FHW12098	502.375 	 89.930 	 64.154
FHW12098	502.500 	 89.937 	 64.148
FHW12098	502.625 	 89.937 	 64.154
FHW12098	502.750 	 89.937 	 64.161
FHW12098	502.875 	 89.930 	 64.154
FHW12098	503.000 	 89.937 	 64.154
FHW12098	503.125 	 89.937 	 64.154
FHW12098	503.250 	 89.930 	 64.154
FHW12098	503.375 	 89.937 	 64.154
FHW12098	503.500 	 89.937 	 64.161
FHW12098	503.625 	 89.937 	 64.154
FHW12098	503.750 	 89.930 	 64.148
FHW12098	503.875 	 89.937 	 64.154
FHW12098	504.000 	 89.937 	 64.161
FHW12098	504.125 	 89.930 	 64.154
FHW12098	504.250 	 89.937 	 64.154
FHW12098	504.375 	 89.937 	 64.154
FHW12098	504.500 	 89.937 	 64.154
FHW12098	504.625 	 89.930 	 64.154
FHW12098	504.750 	 89.937 	 64.154
FHW12098	504.875 	 89.937 	 64.161
FHW12098	505.000 	 89.930 	 64.148
FHW12098	505.125 	 89.937 	 64.154
FHW12098	505.250 	 89.937 	 64.161
FHW12098	505.375 	 89.930 	 64.154
FHW12098	505.500 	 89.937 	 64.154
FHW12098	505.625 	 89.937 	 64.154
FHW12098	505.750 	 89.937 	 64.154
FHW12098	505.875 	 89.930 	 64.154
FHW12098	506.000 	 89.937 	 64.154
FHW12098	506.125 	 89.937 	 64.161
FHW12098	506.250 	 89.930 	 64.148
FHW12098	506.375 	 89.937 	 64.154
FHW12098	506.500 	 89.937 	 64.161
FHW12098	506.625 	 89.937 	 64.154
FHW12098	506.750 	 89.930 	 64.154
FHW12098	506.875 	 89.937 	 64.154
FHW12098	507.000 	 89.937 	 64.154
FHW12098	507.125 	 89.930 	 64.154
FHW12098	507.250 	 89.937 	 64.154
FHW12098	507.375 	 89.937 	 64.161
FHW12098	507.500 	 89.937 	 64.148
FHW12098	507.625 	 89.930 	 64.154
FHW12098	507.750 	 89.937 	 64.161
FHW12098	507.875 	 89.937 	 64.154
FHW12098	508.000 	 89.930 	 64.154
FHW12098	508.125 	 89.937 	 64.154
FHW12098	508.250 	 89.937 	 64.154
FHW12098	508.375 	 89.930 	 64.154
FHW12098	508.500 	 89.937 	 64.154
FHW12098	508.625 	 89.937 	 64.161
FHW12098	508.750 	 89.937 	 64.148
FHW12098	508.875 	 89.930 	 64.154
FHW12098	509.000 	 89.937 	 64.161
FHW12098	509.125 	 89.937 	 64.154
FHW12098	509.250 	 89.930 	 64.154
FHW12098	509.375 	 89.937 	 64.154
FHW12098	509.500 	 89.937 	 64.154
FHW12098	509.625 	 89.937 	 64.154
FHW12098	509.750 	 89.930 	 64.154
FHW12098	509.875 	 89.937 	 64.161
FHW12098	510.000 	 89.937 	 64.148
FHW12098	510.125 	 89.930 	 64.154
FHW12098	510.250 	 89.937 	 64.161
FHW12098	510.375 	 89.937 	 64.154
FHW12098	510.500 	 89.937 	 64.154
FHW12098	510.625 	 89.930 	 64.148
FHW12098	510.750 	 89.937 	 64.161
FHW12098	510.875 	 89.937 	 64.154
FHW12098	511.000 	 89.930 	 64.154
FHW12098	511.125 	 89.937 	 64.161
FHW12098	511.250 	 89.937 	 64.148
FHW12098	511.375 	 89.930 	 64.154
FHW12098	511.500 	 89.937 	 64.161
FHW12098	511.625 	 89.937 	 64.154
FHW12098	511.750 	 89.937 	 64.154
FHW12098	511.875 	 89.930 	 64.148
FHW12098	512.000 	 89.937 	 64.161
FHW12098	512.125 	 89.937 	 64.154
FHW12098	512.250 	 89.930 	 64.154
FHW12098	512.375 	 89.937 	 64.161
FHW12098	512.500 	 89.937 	 64.148
FHW12098	512.625 	 89.937 	 64.154
FHW12098	512.750 	 89.930 	 64.161
FHW12098	512.875 	 89.937 	 64.154
FHW12098	513.000 	 89.937 	 64.154
FHW12098	513.125 	 89.930 	 64.148
FHW12098	513.250 	 89.937 	 64.161
FHW12098	513.375 	 89.937 	 64.154
FHW12098	513.500 	 89.951 	 64.167
FHW12098	513.625 	 89.979 	 64.167
FHW12098	513.750 	 89.972 	 64.167
FHW12098	513.875 	 89.979 	 64.173
FHW12098	514.000 	 89.972 	 64.173
FHW12098	514.125 	 89.972 	 64.161
FHW12098	514.250 	 89.979 	 64.173
FHW12098	514.375 	 89.972 	 64.173
FHW12098	514.500 	 89.979 	 64.173
FHW12098	514.625 	 89.972 	 64.167
FHW12098	514.750 	 89.979 	 64.167
FHW12098	514.875 	 89.972 	 64.173
FHW12098	515.000 	 89.972 	 64.173
FHW12098	515.125 	 89.979 	 64.167
FHW12098	515.250 	 89.972 	 64.167
FHW12098	515.375 	 89.979 	 64.173
FHW12098	515.500 	 89.972 	 64.167
FHW12098	515.625 	 89.972 	 64.173
FHW12098	515.750 	 89.979 	 64.167
FHW12098	515.875 	 89.972 	 64.173
FHW12098	516.000 	 89.979 	 64.167
FHW12098	516.125 	 89.972 	 64.173
FHW12098	516.250 	 89.979 	 64.173
FHW12098	516.375 	 89.972 	 64.161
FHW12098	516.500 	 89.972 	 64.173
FHW12098	516.625 	 89.979 	 64.173
FHW12098	516.750 	 89.972 	 64.173
FHW12098	516.875 	 89.979 	 64.161
FHW12098	517.000 	 89.972 	 64.173
FHW12098	517.125 	 89.979 	 64.173
FHW12098	517.250 	 89.972 	 64.173
FHW12098	517.375 	 89.972 	 64.167
FHW12098	517.500 	 89.979 	 64.167
FHW12098	517.625 	 89.972 	 64.173
FHW12098	517.750 	 89.979 	 64.167
FHW12098	517.875 	 89.972 	 64.173
FHW12098	518.000 	 89.979 	 64.167
FHW12098	518.125 	 89.972 	 64.173
FHW12098	518.250 	 89.972 	 64.167
FHW12098	518.375 	 89.979 	 64.173
FHW12098	518.500 	 89.972 	 64.167
FHW12098	518.625 	 89.979 	 64.167
FHW12098	518.750 	 89.972 	 64.173
FHW12098	518.875 	 89.972 	 64.173
FHW12098	519.000 	 89.979 	 64.173
FHW12098	519.125 	 89.972 	 64.161
FHW12098	519.250 	 89.979 	 64.173
FHW12098	519.375 	 89.972 	 64.173
FHW12098	519.500 	 89.979 	 64.173
FHW12098	519.625 	 89.972 	 64.161
FHW12098	519.750 	 89.972 	 64.173
FHW12098	519.875 	 89.979 	 64.173
FHW12098	520.000 	 89.972 	 64.167
FHW12098	520.125 	 89.979 	 64.173
FHW12098	520.250 	 89.972 	 64.167
FHW12098	520.375 	 89.979 	 64.173
FHW12098	520.500 	 89.972 	 64.167
FHW12098	520.625 	 89.972 	 64.173
FHW12098	520.750 	 89.979 	 64.167
FHW12098	520.875 	 89.972 	 64.173
FHW12098	521.000 	 89.979 	 64.167
FHW12098	521.125 	 89.972 	 64.173
FHW12098	521.250 	 89.979 	 64.167
FHW12098	521.375 	 89.972 	 64.167
FHW12098	521.500 	 89.972 	 64.173
FHW12098	521.625 	 89.979 	 64.173
FHW12098	521.750 	 89.972 	 64.173
FHW12098	521.875 	 89.979 	 64.161
FHW12098	522.000 	 89.972 	 64.173
FHW12098	522.125 	 89.972 	 64.173
FHW12098	522.250 	 89.979 	 64.167
FHW12098	522.375 	 89.972 	 64.167
FHW12098	522.500 	 89.979 	 64.173
FHW12098	522.625 	 89.972 	 64.173
FHW12098	522.750 	 89.979 	 64.167
FHW12098	522.875 	 89.972 	 64.173
FHW12098	523.000 	 89.972 	 64.167
FHW12098	523.125 	 89.979 	 64.173
FHW12098	523.250 	 89.972 	 64.167
FHW12098	523.375 	 89.979 	 64.173
FHW12098	523.500 	 89.972 	 64.167
FHW12098	523.625 	 89.979 	 64.167
FHW12098	523.750 	 89.972 	 64.173
FHW12098	523.875 	 89.972 	 64.173
FHW12098	524.000 	 89.979 	 64.167
FHW12098	524.125 	 89.972 	 64.167
FHW12098	524.250 	 89.979 	 64.173
FHW12098	524.375 	 89.972 	 64.173
FHW12098	524.500 	 89.979 	 64.173
FHW12098	524.625 	 89.972 	 64.161
FHW12098	524.750 	 89.972 	 64.173
FHW12098	524.875 	 89.979 	 64.173
FHW12098	525.000 	 89.972 	 64.167
FHW12098	525.125 	 89.979 	 64.167
FHW12098	525.250 	 89.972 	 64.173
FHW12098	525.375 	 89.972 	 64.173
FHW12098	525.500 	 89.979 	 64.167
FHW12098	525.625 	 89.972 	 64.173
FHW12098	525.750 	 89.979 	 64.167
FHW12098	525.875 	 89.972 	 64.167
FHW12098	526.000 	 89.979 	 64.173
FHW12098	526.125 	 89.972 	 64.173
FHW12098	526.250 	 89.972 	 64.167
FHW12098	526.375 	 89.979 	 64.167
FHW12098	526.500 	 89.972 	 64.173
FHW12098	526.625 	 89.979 	 64.173
FHW12098	526.750 	 89.972 	 64.167
FHW12098	526.875 	 89.979 	 64.167
FHW12098	527.000 	 89.972 	 64.173
