#WellName	 Depth.M	 INCL	 AZIM 
WellName	 Depth.M	 INCL	 AZIM 
FHW11211	0.000 	 0.000 	 0.000
FHW11211	0.125 	 0.999 	 305.150
FHW11211	0.250 	 0.999 	 305.150
FHW11211	0.375 	 0.999 	 305.150
FHW11211	0.500 	 0.999 	 305.150
FHW11211	0.625 	 0.999 	 305.150
FHW11211	0.750 	 0.999 	 305.150
FHW11211	0.875 	 0.999 	 305.150
FHW11211	1.000 	 0.999 	 305.150
FHW11211	1.125 	 0.999 	 305.150
FHW11211	1.250 	 0.999 	 305.150
FHW11211	1.375 	 0.999 	 305.150
FHW11211	1.500 	 0.999 	 305.150
FHW11211	1.625 	 0.999 	 305.150
FHW11211	1.750 	 0.999 	 305.150
FHW11211	1.875 	 0.999 	 305.150
FHW11211	2.000 	 0.999 	 305.150
FHW11211	2.125 	 0.999 	 305.150
FHW11211	2.250 	 0.999 	 305.150
FHW11211	2.375 	 0.999 	 305.150
FHW11211	2.500 	 0.999 	 305.150
FHW11211	2.625 	 0.999 	 305.150
FHW11211	2.750 	 0.999 	 305.150
FHW11211	2.875 	 0.999 	 305.150
FHW11211	3.000 	 0.999 	 305.150
FHW11211	3.125 	 0.999 	 305.150
FHW11211	3.250 	 0.999 	 305.150
FHW11211	3.375 	 0.999 	 305.150
FHW11211	3.500 	 0.999 	 305.150
FHW11211	3.625 	 0.999 	 305.150
FHW11211	3.750 	 0.999 	 305.150
FHW11211	3.875 	 0.999 	 305.150
FHW11211	4.000 	 0.999 	 305.150
FHW11211	4.125 	 0.999 	 305.150
FHW11211	4.250 	 0.999 	 305.150
FHW11211	4.375 	 0.999 	 305.150
FHW11211	4.500 	 0.999 	 305.150
FHW11211	4.625 	 0.999 	 305.150
FHW11211	4.750 	 0.999 	 305.150
FHW11211	4.875 	 0.999 	 305.150
FHW11211	5.000 	 0.999 	 305.150
FHW11211	5.125 	 0.999 	 305.150
FHW11211	5.250 	 0.999 	 305.150
FHW11211	5.375 	 0.999 	 305.150
FHW11211	5.500 	 0.999 	 305.150
FHW11211	5.625 	 0.999 	 305.150
FHW11211	5.750 	 0.999 	 305.150
FHW11211	5.875 	 0.999 	 305.150
FHW11211	6.000 	 0.999 	 305.150
FHW11211	6.125 	 0.999 	 305.150
FHW11211	6.250 	 0.999 	 305.150
FHW11211	6.375 	 0.999 	 305.150
FHW11211	6.500 	 0.999 	 305.150
FHW11211	6.625 	 0.999 	 305.150
FHW11211	6.750 	 0.999 	 305.150
FHW11211	6.875 	 0.999 	 305.150
FHW11211	7.000 	 0.999 	 305.150
FHW11211	7.125 	 0.999 	 305.150
FHW11211	7.250 	 0.999 	 305.150
FHW11211	7.375 	 0.999 	 305.150
FHW11211	7.500 	 0.999 	 305.150
FHW11211	7.625 	 0.999 	 305.150
FHW11211	7.750 	 0.999 	 305.150
FHW11211	7.875 	 0.999 	 305.150
FHW11211	8.000 	 0.999 	 305.150
FHW11211	8.125 	 0.999 	 305.150
FHW11211	8.250 	 0.999 	 305.150
FHW11211	8.375 	 0.999 	 305.150
FHW11211	8.500 	 0.999 	 305.150
FHW11211	8.625 	 0.999 	 305.150
FHW11211	8.750 	 0.999 	 305.150
FHW11211	8.875 	 0.999 	 305.150
FHW11211	9.000 	 0.999 	 305.150
FHW11211	9.125 	 0.999 	 305.150
FHW11211	9.250 	 0.999 	 305.150
FHW11211	9.375 	 0.999 	 305.150
FHW11211	9.500 	 0.999 	 305.150
FHW11211	9.625 	 0.999 	 305.150
FHW11211	9.750 	 0.999 	 305.150
FHW11211	9.875 	 0.999 	 305.150
FHW11211	10.000 	 0.999 	 305.150
FHW11211	10.125 	 0.999 	 305.150
FHW11211	10.250 	 0.999 	 305.150
FHW11211	10.375 	 0.999 	 305.150
FHW11211	10.500 	 0.999 	 305.150
FHW11211	10.625 	 0.999 	 305.150
FHW11211	10.750 	 0.999 	 305.150
FHW11211	10.875 	 0.999 	 305.150
FHW11211	11.000 	 0.999 	 305.150
FHW11211	11.125 	 0.999 	 305.150
FHW11211	11.250 	 0.999 	 305.150
FHW11211	11.375 	 0.999 	 305.150
FHW11211	11.500 	 0.999 	 305.150
FHW11211	11.625 	 0.999 	 305.150
FHW11211	11.750 	 0.999 	 305.150
FHW11211	11.875 	 0.999 	 305.150
FHW11211	12.000 	 0.999 	 305.150
FHW11211	12.125 	 0.999 	 305.150
FHW11211	12.250 	 0.999 	 305.150
FHW11211	12.375 	 0.999 	 305.150
FHW11211	12.500 	 0.999 	 305.150
FHW11211	12.625 	 0.999 	 305.150
FHW11211	12.750 	 0.999 	 305.150
FHW11211	12.875 	 0.999 	 305.150
FHW11211	13.000 	 0.999 	 305.150
FHW11211	13.125 	 0.999 	 305.150
FHW11211	13.250 	 0.999 	 305.150
FHW11211	13.375 	 0.999 	 305.150
FHW11211	13.500 	 0.999 	 305.150
FHW11211	13.625 	 0.999 	 305.150
FHW11211	13.750 	 0.999 	 305.150
FHW11211	13.875 	 0.999 	 305.150
FHW11211	14.000 	 0.999 	 305.150
FHW11211	14.125 	 0.999 	 305.150
FHW11211	14.250 	 0.999 	 305.150
FHW11211	14.375 	 0.999 	 305.150
FHW11211	14.500 	 0.999 	 305.150
FHW11211	14.625 	 0.999 	 305.150
FHW11211	14.750 	 0.999 	 305.150
FHW11211	14.875 	 0.999 	 305.150
FHW11211	15.000 	 0.999 	 305.150
FHW11211	15.125 	 0.999 	 305.150
FHW11211	15.250 	 0.999 	 305.150
FHW11211	15.375 	 0.999 	 305.150
FHW11211	15.500 	 0.999 	 305.150
FHW11211	15.625 	 0.999 	 305.150
FHW11211	15.750 	 0.999 	 305.150
FHW11211	15.875 	 0.999 	 305.150
FHW11211	16.000 	 0.999 	 305.150
FHW11211	16.125 	 0.999 	 305.150
FHW11211	16.250 	 0.999 	 305.150
FHW11211	16.375 	 0.999 	 305.150
FHW11211	16.500 	 0.999 	 305.150
FHW11211	16.625 	 0.999 	 305.150
FHW11211	16.750 	 0.999 	 305.150
FHW11211	16.875 	 0.999 	 305.150
FHW11211	17.000 	 0.999 	 305.150
FHW11211	17.125 	 0.999 	 305.150
FHW11211	17.250 	 0.999 	 305.150
FHW11211	17.375 	 0.999 	 305.150
FHW11211	17.500 	 0.999 	 305.150
FHW11211	17.625 	 0.999 	 305.150
FHW11211	17.750 	 0.999 	 305.150
FHW11211	17.875 	 0.999 	 305.150
FHW11211	18.000 	 0.999 	 305.150
FHW11211	18.125 	 0.999 	 305.150
FHW11211	18.250 	 0.999 	 305.150
FHW11211	18.375 	 0.999 	 305.150
FHW11211	18.500 	 0.999 	 305.150
FHW11211	18.625 	 0.999 	 305.150
FHW11211	18.750 	 0.999 	 305.150
FHW11211	18.875 	 0.999 	 305.150
FHW11211	19.000 	 0.999 	 305.150
FHW11211	19.125 	 0.999 	 305.150
FHW11211	19.250 	 0.999 	 305.150
FHW11211	19.375 	 0.999 	 305.150
FHW11211	19.500 	 0.999 	 305.150
FHW11211	19.625 	 0.999 	 305.150
FHW11211	19.750 	 0.999 	 305.150
FHW11211	19.875 	 0.999 	 305.150
FHW11211	20.000 	 0.999 	 305.150
FHW11211	20.125 	 0.999 	 305.150
FHW11211	20.250 	 0.999 	 305.150
FHW11211	20.375 	 0.999 	 305.150
FHW11211	20.500 	 0.999 	 305.150
FHW11211	20.625 	 0.999 	 305.150
FHW11211	20.750 	 0.999 	 305.150
FHW11211	20.875 	 0.999 	 305.150
FHW11211	21.000 	 0.999 	 305.150
FHW11211	21.125 	 0.999 	 305.150
FHW11211	21.250 	 0.999 	 305.150
FHW11211	21.375 	 0.999 	 305.150
FHW11211	21.500 	 0.999 	 305.150
FHW11211	21.625 	 0.999 	 305.150
FHW11211	21.750 	 0.999 	 305.150
FHW11211	21.875 	 0.999 	 305.150
FHW11211	22.000 	 0.999 	 305.150
FHW11211	22.125 	 0.999 	 305.150
FHW11211	22.250 	 0.999 	 305.150
FHW11211	22.375 	 0.999 	 305.150
FHW11211	22.500 	 0.999 	 305.150
FHW11211	22.625 	 0.999 	 305.150
FHW11211	22.750 	 0.999 	 305.150
FHW11211	22.875 	 0.999 	 305.150
FHW11211	23.000 	 0.999 	 305.150
FHW11211	23.125 	 0.999 	 305.150
FHW11211	23.250 	 0.999 	 305.150
FHW11211	23.375 	 0.999 	 305.150
FHW11211	23.500 	 0.999 	 305.150
FHW11211	23.625 	 0.999 	 305.150
FHW11211	23.750 	 0.999 	 305.150
FHW11211	23.875 	 0.999 	 305.150
FHW11211	24.000 	 0.999 	 305.150
FHW11211	24.125 	 0.999 	 305.150
FHW11211	24.250 	 0.999 	 305.150
FHW11211	24.375 	 0.999 	 305.150
FHW11211	24.500 	 0.999 	 305.150
FHW11211	24.625 	 0.999 	 305.150
FHW11211	24.750 	 0.999 	 305.150
FHW11211	24.875 	 0.999 	 305.150
FHW11211	25.000 	 0.999 	 305.149
FHW11211	25.125 	 0.999 	 305.150
FHW11211	25.250 	 0.999 	 305.150
FHW11211	25.375 	 0.999 	 305.150
FHW11211	25.500 	 0.999 	 305.150
FHW11211	25.625 	 0.999 	 305.150
FHW11211	25.750 	 0.999 	 305.150
FHW11211	25.875 	 0.999 	 305.150
FHW11211	26.000 	 0.999 	 305.150
FHW11211	26.125 	 0.999 	 305.150
FHW11211	26.250 	 0.999 	 305.150
FHW11211	26.375 	 0.999 	 305.150
FHW11211	26.500 	 0.999 	 305.150
FHW11211	26.625 	 0.999 	 305.150
FHW11211	26.750 	 0.999 	 305.150
FHW11211	26.875 	 0.999 	 305.150
FHW11211	27.000 	 0.999 	 305.150
FHW11211	27.125 	 0.999 	 305.150
FHW11211	27.250 	 0.999 	 305.150
FHW11211	27.375 	 0.999 	 305.150
FHW11211	27.500 	 0.999 	 305.150
FHW11211	27.625 	 0.999 	 305.150
FHW11211	27.750 	 0.999 	 305.150
FHW11211	27.875 	 0.999 	 305.150
FHW11211	28.000 	 0.999 	 305.150
FHW11211	28.125 	 0.999 	 305.150
FHW11211	28.250 	 0.999 	 305.150
FHW11211	28.375 	 0.999 	 305.150
FHW11211	28.500 	 0.999 	 305.150
FHW11211	28.625 	 0.999 	 305.150
FHW11211	28.750 	 0.999 	 305.150
FHW11211	28.875 	 0.999 	 305.150
FHW11211	29.000 	 0.999 	 305.150
FHW11211	29.125 	 0.999 	 305.150
FHW11211	29.250 	 0.999 	 305.150
FHW11211	29.375 	 0.999 	 305.151
FHW11211	29.500 	 0.999 	 305.150
FHW11211	29.625 	 0.999 	 305.150
FHW11211	29.750 	 0.999 	 305.150
FHW11211	29.875 	 0.999 	 305.150
FHW11211	30.000 	 0.999 	 305.150
FHW11211	30.125 	 0.999 	 305.150
FHW11211	30.250 	 0.999 	 305.150
FHW11211	30.375 	 0.999 	 305.150
FHW11211	30.500 	 0.999 	 305.150
FHW11211	30.625 	 0.999 	 305.150
FHW11211	30.750 	 0.999 	 305.150
FHW11211	30.875 	 0.999 	 305.150
FHW11211	31.000 	 0.999 	 305.150
FHW11211	31.125 	 0.999 	 305.150
FHW11211	31.250 	 0.999 	 305.150
FHW11211	31.375 	 0.999 	 305.150
FHW11211	31.500 	 0.999 	 305.150
FHW11211	31.625 	 0.999 	 305.150
FHW11211	31.750 	 0.999 	 305.150
FHW11211	31.875 	 0.999 	 305.150
FHW11211	32.000 	 0.999 	 305.150
FHW11211	32.125 	 0.999 	 305.150
FHW11211	32.250 	 0.999 	 305.150
FHW11211	32.375 	 0.999 	 305.150
FHW11211	32.500 	 0.999 	 305.150
FHW11211	32.625 	 0.999 	 305.150
FHW11211	32.750 	 0.999 	 305.150
FHW11211	32.875 	 0.999 	 305.150
FHW11211	33.000 	 0.999 	 305.150
FHW11211	33.125 	 0.999 	 305.150
FHW11211	33.250 	 0.999 	 305.151
FHW11211	33.375 	 0.999 	 305.150
FHW11211	33.500 	 0.999 	 305.150
FHW11211	33.625 	 0.999 	 305.150
FHW11211	33.750 	 0.999 	 305.150
FHW11211	33.875 	 0.999 	 305.150
FHW11211	34.000 	 0.999 	 305.150
FHW11211	34.125 	 0.999 	 305.150
FHW11211	34.250 	 0.999 	 305.150
FHW11211	34.375 	 0.999 	 305.150
FHW11211	34.500 	 0.999 	 305.150
FHW11211	34.625 	 0.999 	 305.150
FHW11211	34.750 	 0.999 	 305.150
FHW11211	34.875 	 0.999 	 305.150
FHW11211	35.000 	 0.999 	 305.150
FHW11211	35.125 	 0.999 	 305.150
FHW11211	35.250 	 0.999 	 305.150
FHW11211	35.375 	 0.999 	 305.151
FHW11211	35.500 	 0.999 	 305.150
FHW11211	35.625 	 0.999 	 305.150
FHW11211	35.750 	 0.999 	 305.150
FHW11211	35.875 	 0.999 	 305.151
FHW11211	36.000 	 0.999 	 305.150
FHW11211	36.125 	 0.999 	 305.150
FHW11211	36.250 	 0.999 	 305.150
FHW11211	36.375 	 0.999 	 305.151
FHW11211	36.500 	 0.999 	 305.150
FHW11211	36.625 	 0.999 	 305.150
FHW11211	36.750 	 0.999 	 305.150
FHW11211	36.875 	 0.999 	 305.151
FHW11211	37.000 	 0.999 	 305.150
FHW11211	37.125 	 0.999 	 305.150
FHW11211	37.250 	 0.999 	 305.150
FHW11211	37.375 	 0.999 	 305.151
FHW11211	37.500 	 0.999 	 305.150
FHW11211	37.625 	 0.999 	 305.150
FHW11211	37.750 	 0.999 	 305.150
FHW11211	37.875 	 0.999 	 305.151
FHW11211	38.000 	 0.999 	 305.150
FHW11211	38.125 	 0.999 	 305.150
FHW11211	38.250 	 0.999 	 305.150
FHW11211	38.375 	 0.999 	 305.151
FHW11211	38.500 	 0.999 	 305.150
FHW11211	38.625 	 0.999 	 305.150
FHW11211	38.750 	 0.999 	 305.150
FHW11211	38.875 	 0.999 	 305.151
FHW11211	39.000 	 0.999 	 305.150
FHW11211	39.125 	 0.999 	 305.150
FHW11211	39.250 	 0.999 	 305.150
FHW11211	39.375 	 0.999 	 305.151
FHW11211	39.500 	 0.999 	 305.150
FHW11211	39.625 	 0.999 	 305.150
FHW11211	39.750 	 0.999 	 305.150
FHW11211	39.875 	 0.999 	 305.151
FHW11211	40.000 	 0.999 	 305.150
FHW11211	40.125 	 0.999 	 305.150
FHW11211	40.250 	 0.999 	 305.150
FHW11211	40.375 	 0.999 	 305.151
FHW11211	40.500 	 0.999 	 305.150
FHW11211	40.625 	 0.999 	 305.150
FHW11211	40.750 	 0.999 	 305.150
FHW11211	40.875 	 0.999 	 305.151
FHW11211	41.000 	 0.999 	 305.150
FHW11211	41.125 	 0.999 	 305.150
FHW11211	41.250 	 0.999 	 305.150
FHW11211	41.375 	 0.999 	 305.151
FHW11211	41.500 	 0.999 	 305.150
FHW11211	41.625 	 0.999 	 305.150
FHW11211	41.750 	 0.999 	 305.150
FHW11211	41.875 	 0.999 	 305.151
FHW11211	42.000 	 0.999 	 305.150
FHW11211	42.125 	 0.999 	 305.150
FHW11211	42.250 	 0.999 	 305.150
FHW11211	42.375 	 0.999 	 305.151
FHW11211	42.500 	 0.999 	 305.150
FHW11211	42.625 	 0.999 	 305.150
FHW11211	42.750 	 0.999 	 305.150
FHW11211	42.875 	 0.999 	 305.151
FHW11211	43.000 	 0.999 	 305.150
FHW11211	43.125 	 2.380 	 250.300
FHW11211	43.250 	 2.380 	 250.300
FHW11211	43.375 	 2.380 	 250.300
FHW11211	43.500 	 2.380 	 250.300
FHW11211	43.625 	 2.380 	 250.300
FHW11211	43.750 	 2.380 	 250.300
FHW11211	43.875 	 2.380 	 250.300
FHW11211	44.000 	 2.380 	 250.300
FHW11211	44.125 	 2.380 	 250.300
FHW11211	44.250 	 2.380 	 250.300
FHW11211	44.375 	 2.380 	 250.300
FHW11211	44.500 	 2.696 	 250.169
FHW11211	44.625 	 3.695 	 249.900
FHW11211	44.750 	 3.695 	 249.900
FHW11211	44.875 	 3.695 	 249.900
FHW11211	45.000 	 3.695 	 249.900
FHW11211	45.125 	 3.695 	 249.900
FHW11211	45.250 	 3.695 	 249.900
FHW11211	45.375 	 3.695 	 249.900
FHW11211	45.500 	 3.695 	 249.900
FHW11211	45.625 	 3.695 	 249.900
FHW11211	45.750 	 3.695 	 249.900
FHW11211	45.875 	 3.695 	 249.900
FHW11211	46.000 	 3.695 	 249.900
FHW11211	46.125 	 3.695 	 249.900
FHW11211	46.250 	 3.695 	 249.900
FHW11211	46.375 	 3.695 	 249.900
FHW11211	46.500 	 3.695 	 249.900
FHW11211	46.625 	 3.695 	 249.900
FHW11211	46.750 	 3.695 	 249.900
FHW11211	46.875 	 3.695 	 249.900
FHW11211	47.000 	 3.695 	 249.900
FHW11211	47.125 	 3.695 	 249.900
FHW11211	47.250 	 3.695 	 249.900
FHW11211	47.375 	 3.695 	 249.900
FHW11211	47.500 	 3.695 	 249.900
FHW11211	47.625 	 3.695 	 249.900
FHW11211	47.750 	 3.695 	 249.900
FHW11211	47.875 	 3.695 	 249.900
FHW11211	48.000 	 3.695 	 249.900
FHW11211	48.125 	 3.695 	 249.900
FHW11211	48.250 	 3.695 	 249.900
FHW11211	48.375 	 3.695 	 249.900
FHW11211	48.500 	 3.695 	 249.900
FHW11211	48.625 	 3.695 	 249.900
FHW11211	48.750 	 3.695 	 249.900
FHW11211	48.875 	 3.695 	 249.900
FHW11211	49.000 	 3.695 	 249.900
FHW11211	49.125 	 3.695 	 249.900
FHW11211	49.250 	 3.695 	 249.900
FHW11211	49.375 	 3.695 	 249.900
FHW11211	49.500 	 3.695 	 249.900
FHW11211	49.625 	 3.695 	 249.900
FHW11211	49.750 	 3.695 	 249.900
FHW11211	49.875 	 3.695 	 249.900
FHW11211	50.000 	 3.695 	 249.900
FHW11211	50.125 	 3.695 	 249.900
FHW11211	50.250 	 3.695 	 249.900
FHW11211	50.375 	 3.695 	 249.900
FHW11211	50.500 	 3.695 	 249.900
FHW11211	50.625 	 3.695 	 249.900
FHW11211	50.750 	 3.695 	 249.900
FHW11211	50.875 	 3.695 	 249.900
FHW11211	51.000 	 3.695 	 249.900
FHW11211	51.125 	 3.695 	 249.900
FHW11211	51.250 	 3.695 	 249.900
FHW11211	51.375 	 3.695 	 249.900
FHW11211	51.500 	 3.695 	 249.900
FHW11211	51.625 	 3.695 	 249.900
FHW11211	51.750 	 3.695 	 249.900
FHW11211	51.875 	 3.695 	 249.900
FHW11211	52.000 	 3.695 	 249.900
FHW11211	52.125 	 3.695 	 249.900
FHW11211	52.250 	 3.695 	 249.900
FHW11211	52.375 	 3.695 	 249.900
FHW11211	52.500 	 3.695 	 249.900
FHW11211	52.625 	 3.695 	 249.900
FHW11211	52.750 	 3.695 	 249.900
FHW11211	52.875 	 3.695 	 249.900
FHW11211	53.000 	 3.695 	 249.900
FHW11211	53.125 	 3.695 	 249.900
FHW11211	53.250 	 3.695 	 249.900
FHW11211	53.375 	 3.695 	 249.900
FHW11211	53.500 	 3.695 	 249.900
FHW11211	53.625 	 3.695 	 249.900
FHW11211	53.750 	 4.151 	 250.076
FHW11211	53.875 	 6.550 	 250.600
FHW11211	54.000 	 6.550 	 250.600
FHW11211	54.125 	 6.550 	 250.600
FHW11211	54.250 	 6.550 	 250.600
FHW11211	54.375 	 6.550 	 250.600
FHW11211	54.500 	 6.550 	 250.600
FHW11211	54.625 	 6.550 	 250.600
FHW11211	54.750 	 6.550 	 250.600
FHW11211	54.875 	 6.550 	 250.600
FHW11211	55.000 	 6.550 	 250.600
FHW11211	55.125 	 6.550 	 250.600
FHW11211	55.250 	 6.550 	 250.600
FHW11211	55.375 	 6.550 	 250.600
FHW11211	55.500 	 6.550 	 250.600
FHW11211	55.625 	 6.550 	 250.600
FHW11211	55.750 	 6.550 	 250.600
FHW11211	55.875 	 6.550 	 250.600
FHW11211	56.000 	 6.550 	 250.600
FHW11211	56.125 	 6.550 	 250.600
FHW11211	56.250 	 6.550 	 250.600
FHW11211	56.375 	 6.550 	 250.600
FHW11211	56.500 	 6.550 	 250.600
FHW11211	56.625 	 6.550 	 250.600
FHW11211	56.750 	 6.550 	 250.600
FHW11211	56.875 	 6.550 	 250.600
FHW11211	57.000 	 6.550 	 250.600
FHW11211	57.125 	 6.550 	 250.600
FHW11211	57.250 	 6.550 	 250.600
FHW11211	57.375 	 6.550 	 250.600
FHW11211	57.500 	 6.550 	 250.600
FHW11211	57.625 	 6.550 	 250.600
FHW11211	57.750 	 6.550 	 250.600
FHW11211	57.875 	 6.550 	 250.600
FHW11211	58.000 	 6.550 	 250.600
FHW11211	58.125 	 6.550 	 250.600
FHW11211	58.250 	 6.550 	 250.600
FHW11211	58.375 	 6.550 	 250.600
FHW11211	58.500 	 6.550 	 250.600
FHW11211	58.625 	 6.550 	 250.600
FHW11211	58.750 	 6.550 	 250.600
FHW11211	58.875 	 6.550 	 250.600
FHW11211	59.000 	 6.550 	 250.600
FHW11211	59.125 	 6.550 	 250.600
FHW11211	59.250 	 6.550 	 250.600
FHW11211	59.375 	 6.550 	 250.600
FHW11211	59.500 	 6.550 	 250.600
FHW11211	59.625 	 6.550 	 250.600
FHW11211	59.750 	 6.550 	 250.600
FHW11211	59.875 	 6.550 	 250.600
FHW11211	60.000 	 6.550 	 250.600
FHW11211	60.125 	 6.550 	 250.600
FHW11211	60.250 	 6.550 	 250.600
FHW11211	60.375 	 6.550 	 250.600
FHW11211	60.500 	 6.550 	 250.600
FHW11211	60.625 	 6.550 	 250.600
FHW11211	60.750 	 6.550 	 250.600
FHW11211	60.875 	 6.550 	 250.600
FHW11211	61.000 	 6.550 	 250.600
FHW11211	61.125 	 6.550 	 250.600
FHW11211	61.250 	 6.550 	 250.600
FHW11211	61.375 	 6.550 	 250.600
FHW11211	61.500 	 6.550 	 250.600
FHW11211	61.625 	 6.550 	 250.600
FHW11211	61.750 	 6.550 	 250.600
FHW11211	61.875 	 6.550 	 250.600
FHW11211	62.000 	 6.550 	 250.600
FHW11211	62.125 	 6.550 	 250.600
FHW11211	62.250 	 6.550 	 250.600
FHW11211	62.375 	 6.550 	 250.600
FHW11211	62.500 	 6.550 	 250.600
FHW11211	62.625 	 6.550 	 250.600
FHW11211	62.750 	 6.550 	 250.600
FHW11211	62.875 	 6.550 	 250.600
FHW11211	63.000 	 6.550 	 250.600
FHW11211	63.125 	 7.806 	 250.680
FHW11211	63.250 	 9.404 	 250.750
FHW11211	63.375 	 9.405 	 250.750
FHW11211	63.500 	 9.404 	 250.750
FHW11211	63.625 	 9.405 	 250.750
FHW11211	63.750 	 9.404 	 250.750
FHW11211	63.875 	 9.405 	 250.750
FHW11211	64.000 	 9.404 	 250.750
FHW11211	64.125 	 9.404 	 250.750
FHW11211	64.250 	 9.405 	 250.750
FHW11211	64.375 	 9.404 	 250.750
FHW11211	64.500 	 9.405 	 250.750
FHW11211	64.625 	 9.404 	 250.750
FHW11211	64.750 	 9.405 	 250.750
FHW11211	64.875 	 9.404 	 250.750
FHW11211	65.000 	 9.405 	 250.750
FHW11211	65.125 	 9.405 	 250.750
FHW11211	65.250 	 9.404 	 250.750
FHW11211	65.375 	 9.405 	 250.750
FHW11211	65.500 	 9.404 	 250.750
FHW11211	65.625 	 9.405 	 250.750
FHW11211	65.750 	 9.404 	 250.750
FHW11211	65.875 	 9.405 	 250.750
FHW11211	66.000 	 9.405 	 250.750
FHW11211	66.125 	 9.404 	 250.750
FHW11211	66.250 	 9.405 	 250.750
FHW11211	66.375 	 9.404 	 250.750
FHW11211	66.500 	 9.405 	 250.750
FHW11211	66.625 	 9.404 	 250.750
FHW11211	66.750 	 9.405 	 250.750
FHW11211	66.875 	 9.405 	 250.750
FHW11211	67.000 	 9.404 	 250.750
FHW11211	67.125 	 9.405 	 250.750
FHW11211	67.250 	 9.404 	 250.750
FHW11211	67.375 	 9.405 	 250.750
FHW11211	67.500 	 9.404 	 250.750
FHW11211	67.625 	 9.405 	 250.750
FHW11211	67.750 	 9.405 	 250.750
FHW11211	67.875 	 9.404 	 250.750
FHW11211	68.000 	 9.405 	 250.750
FHW11211	68.125 	 9.404 	 250.750
FHW11211	68.250 	 9.405 	 250.750
FHW11211	68.375 	 9.404 	 250.750
FHW11211	68.500 	 9.405 	 250.750
FHW11211	68.625 	 9.405 	 250.750
FHW11211	68.750 	 9.404 	 250.750
FHW11211	68.875 	 9.405 	 250.750
FHW11211	69.000 	 9.404 	 250.750
FHW11211	69.125 	 9.405 	 250.750
FHW11211	69.250 	 9.404 	 250.750
FHW11211	69.375 	 9.405 	 250.750
FHW11211	69.500 	 9.405 	 250.750
FHW11211	69.625 	 9.404 	 250.750
FHW11211	69.750 	 9.405 	 250.750
FHW11211	69.875 	 9.404 	 250.750
FHW11211	70.000 	 9.405 	 250.750
FHW11211	70.125 	 9.404 	 250.750
FHW11211	70.250 	 9.405 	 250.750
FHW11211	70.375 	 9.405 	 250.750
FHW11211	70.500 	 9.404 	 250.750
FHW11211	70.625 	 9.405 	 250.750
FHW11211	70.750 	 9.404 	 250.750
FHW11211	70.875 	 9.405 	 250.750
FHW11211	71.000 	 9.404 	 250.750
FHW11211	71.125 	 9.405 	 250.750
FHW11211	71.250 	 9.405 	 250.750
FHW11211	71.375 	 9.404 	 250.750
FHW11211	71.500 	 9.405 	 250.750
FHW11211	71.625 	 9.404 	 250.750
FHW11211	71.750 	 9.405 	 250.750
FHW11211	71.875 	 9.404 	 250.750
FHW11211	72.000 	 9.405 	 250.750
FHW11211	72.125 	 9.405 	 250.750
FHW11211	72.250 	 9.404 	 250.750
FHW11211	72.375 	 9.405 	 250.750
FHW11211	72.500 	 11.635 	 249.242
FHW11211	72.625 	 12.195 	 248.950
FHW11211	72.750 	 12.194 	 248.950
FHW11211	72.875 	 12.195 	 248.950
FHW11211	73.000 	 12.195 	 248.950
FHW11211	73.125 	 12.194 	 248.950
FHW11211	73.250 	 12.195 	 248.950
FHW11211	73.375 	 12.194 	 248.950
FHW11211	73.500 	 12.195 	 248.950
FHW11211	73.625 	 12.194 	 248.950
FHW11211	73.750 	 12.195 	 248.950
FHW11211	73.875 	 12.195 	 248.950
FHW11211	74.000 	 12.194 	 248.950
FHW11211	74.125 	 12.195 	 248.950
FHW11211	74.250 	 12.194 	 248.950
FHW11211	74.375 	 12.195 	 248.950
FHW11211	74.500 	 12.194 	 248.950
FHW11211	74.625 	 12.195 	 248.950
FHW11211	74.750 	 12.195 	 248.950
FHW11211	74.875 	 12.194 	 248.950
FHW11211	75.000 	 12.195 	 248.950
FHW11211	75.125 	 12.194 	 248.950
FHW11211	75.250 	 12.195 	 248.950
FHW11211	75.375 	 12.194 	 248.950
FHW11211	75.500 	 12.195 	 248.950
FHW11211	75.625 	 12.195 	 248.950
FHW11211	75.750 	 12.194 	 248.950
FHW11211	75.875 	 12.195 	 248.950
FHW11211	76.000 	 12.194 	 248.950
FHW11211	76.125 	 12.195 	 248.950
FHW11211	76.250 	 12.194 	 248.950
FHW11211	76.375 	 12.195 	 248.950
FHW11211	76.500 	 12.195 	 248.950
FHW11211	76.625 	 12.194 	 248.950
FHW11211	76.750 	 12.195 	 248.950
FHW11211	76.875 	 12.194 	 248.950
FHW11211	77.000 	 12.195 	 248.950
FHW11211	77.125 	 12.194 	 248.950
FHW11211	77.250 	 12.195 	 248.950
FHW11211	77.375 	 12.195 	 248.950
FHW11211	77.500 	 12.194 	 248.950
FHW11211	77.625 	 12.195 	 248.950
FHW11211	77.750 	 12.194 	 248.950
FHW11211	77.875 	 12.195 	 248.950
FHW11211	78.000 	 12.194 	 248.950
FHW11211	78.125 	 12.195 	 248.950
FHW11211	78.250 	 12.195 	 248.950
FHW11211	78.375 	 12.194 	 248.950
FHW11211	78.500 	 12.195 	 248.950
FHW11211	78.625 	 12.194 	 248.950
FHW11211	78.750 	 12.195 	 248.950
FHW11211	78.875 	 12.194 	 248.950
FHW11211	79.000 	 12.195 	 248.950
FHW11211	79.125 	 12.195 	 248.950
FHW11211	79.250 	 12.194 	 248.950
FHW11211	79.375 	 12.195 	 248.950
FHW11211	79.500 	 12.194 	 248.950
FHW11211	79.625 	 12.195 	 248.950
FHW11211	79.750 	 12.194 	 248.950
FHW11211	79.875 	 12.195 	 248.950
FHW11211	80.000 	 12.195 	 248.950
FHW11211	80.125 	 12.194 	 248.950
FHW11211	80.250 	 12.195 	 248.950
FHW11211	80.375 	 12.194 	 248.950
FHW11211	80.500 	 12.195 	 248.950
FHW11211	80.625 	 12.194 	 248.950
FHW11211	80.750 	 12.195 	 248.950
FHW11211	80.875 	 12.195 	 248.950
FHW11211	81.000 	 12.194 	 248.950
FHW11211	81.125 	 12.195 	 248.950
FHW11211	81.250 	 12.194 	 248.950
FHW11211	81.375 	 12.195 	 248.950
FHW11211	81.500 	 12.194 	 248.950
FHW11211	81.625 	 12.195 	 248.950
FHW11211	81.750 	 13.398 	 248.271
FHW11211	81.875 	 15.204 	 247.450
FHW11211	82.000 	 15.205 	 247.450
FHW11211	82.125 	 15.204 	 247.450
FHW11211	82.250 	 15.205 	 247.450
FHW11211	82.375 	 15.204 	 247.450
FHW11211	82.500 	 15.205 	 247.450
FHW11211	82.625 	 15.205 	 247.450
FHW11211	82.750 	 15.204 	 247.450
FHW11211	82.875 	 15.205 	 247.450
FHW11211	83.000 	 15.205 	 247.450
FHW11211	83.125 	 15.204 	 247.450
FHW11211	83.250 	 15.205 	 247.450
FHW11211	83.375 	 15.205 	 247.450
FHW11211	83.500 	 15.204 	 247.450
FHW11211	83.625 	 15.205 	 247.450
FHW11211	83.750 	 15.205 	 247.450
FHW11211	83.875 	 15.204 	 247.450
FHW11211	84.000 	 15.205 	 247.450
FHW11211	84.125 	 15.205 	 247.450
FHW11211	84.250 	 15.204 	 247.450
FHW11211	84.375 	 15.205 	 247.450
FHW11211	84.500 	 15.205 	 247.450
FHW11211	84.625 	 15.204 	 247.450
FHW11211	84.750 	 15.205 	 247.450
FHW11211	84.875 	 15.205 	 247.450
FHW11211	85.000 	 15.204 	 247.450
FHW11211	85.125 	 15.205 	 247.450
FHW11211	85.250 	 15.205 	 247.450
FHW11211	85.375 	 15.204 	 247.450
FHW11211	85.500 	 15.204 	 247.450
FHW11211	85.625 	 15.205 	 247.450
FHW11211	85.750 	 15.204 	 247.450
FHW11211	85.875 	 15.204 	 247.450
FHW11211	86.000 	 15.205 	 247.450
FHW11211	86.125 	 15.204 	 247.450
FHW11211	86.250 	 15.204 	 247.450
FHW11211	86.375 	 15.205 	 247.450
FHW11211	86.500 	 15.204 	 247.450
FHW11211	86.625 	 15.204 	 247.450
FHW11211	86.750 	 15.205 	 247.450
FHW11211	86.875 	 15.204 	 247.450
FHW11211	87.000 	 15.204 	 247.450
FHW11211	87.125 	 15.205 	 247.450
FHW11211	87.250 	 15.204 	 247.450
FHW11211	87.375 	 15.204 	 247.450
FHW11211	87.500 	 15.205 	 247.450
FHW11211	87.625 	 15.204 	 247.450
FHW11211	87.750 	 15.205 	 247.450
FHW11211	87.875 	 15.205 	 247.450
FHW11211	88.000 	 15.204 	 247.450
FHW11211	88.125 	 15.205 	 247.450
FHW11211	88.250 	 15.205 	 247.450
FHW11211	88.375 	 15.204 	 247.450
FHW11211	88.500 	 15.205 	 247.450
FHW11211	88.625 	 15.205 	 247.450
FHW11211	88.750 	 15.204 	 247.450
FHW11211	88.875 	 15.205 	 247.450
FHW11211	89.000 	 15.204 	 247.450
FHW11211	89.125 	 15.205 	 247.450
FHW11211	89.250 	 15.205 	 247.450
FHW11211	89.375 	 15.204 	 247.450
FHW11211	89.500 	 15.205 	 247.450
FHW11211	89.625 	 15.205 	 247.450
FHW11211	89.750 	 15.204 	 247.450
FHW11211	89.875 	 15.205 	 247.450
FHW11211	90.000 	 15.205 	 247.450
FHW11211	90.125 	 15.204 	 247.450
FHW11211	90.250 	 15.205 	 247.450
FHW11211	90.375 	 15.205 	 247.450
FHW11211	90.500 	 15.204 	 247.450
FHW11211	90.625 	 15.205 	 247.450
FHW11211	90.750 	 15.205 	 247.450
FHW11211	90.875 	 15.536 	 247.291
FHW11211	91.000 	 17.975 	 246.300
FHW11211	91.125 	 17.975 	 246.300
FHW11211	91.250 	 17.975 	 246.300
FHW11211	91.375 	 17.975 	 246.300
FHW11211	91.500 	 17.975 	 246.300
FHW11211	91.625 	 17.975 	 246.300
FHW11211	91.750 	 17.975 	 246.300
FHW11211	91.875 	 17.975 	 246.300
FHW11211	92.000 	 17.975 	 246.300
FHW11211	92.125 	 17.975 	 246.300
FHW11211	92.250 	 17.975 	 246.300
FHW11211	92.375 	 17.975 	 246.301
FHW11211	92.500 	 17.975 	 246.300
FHW11211	92.625 	 17.975 	 246.300
FHW11211	92.750 	 17.975 	 246.300
FHW11211	92.875 	 17.975 	 246.300
FHW11211	93.000 	 17.975 	 246.300
FHW11211	93.125 	 17.975 	 246.301
FHW11211	93.250 	 17.975 	 246.300
FHW11211	93.375 	 17.975 	 246.300
FHW11211	93.500 	 17.974 	 246.300
FHW11211	93.625 	 17.975 	 246.300
FHW11211	93.750 	 17.975 	 246.301
FHW11211	93.875 	 17.975 	 246.300
FHW11211	94.000 	 17.975 	 246.300
FHW11211	94.125 	 17.975 	 246.300
FHW11211	94.250 	 17.975 	 246.300
FHW11211	94.375 	 17.975 	 246.300
FHW11211	94.500 	 17.975 	 246.301
FHW11211	94.625 	 17.975 	 246.300
FHW11211	94.750 	 17.975 	 246.300
FHW11211	94.875 	 17.975 	 246.300
FHW11211	95.000 	 17.975 	 246.300
FHW11211	95.125 	 17.975 	 246.301
FHW11211	95.250 	 17.975 	 246.300
FHW11211	95.375 	 17.975 	 246.300
FHW11211	95.500 	 17.975 	 246.300
FHW11211	95.625 	 17.975 	 246.300
FHW11211	95.750 	 17.975 	 246.300
FHW11211	95.875 	 17.975 	 246.300
FHW11211	96.000 	 17.975 	 246.300
FHW11211	96.125 	 17.975 	 246.300
FHW11211	96.250 	 17.975 	 246.300
FHW11211	96.375 	 17.975 	 246.300
FHW11211	96.500 	 17.975 	 246.301
FHW11211	96.625 	 17.975 	 246.300
FHW11211	96.750 	 17.975 	 246.300
FHW11211	96.875 	 17.975 	 246.300
FHW11211	97.000 	 17.975 	 246.300
FHW11211	97.125 	 17.975 	 246.300
FHW11211	97.250 	 17.975 	 246.300
FHW11211	97.375 	 17.975 	 246.300
FHW11211	97.500 	 17.975 	 246.300
FHW11211	97.625 	 17.974 	 246.300
FHW11211	97.750 	 17.975 	 246.300
FHW11211	97.875 	 17.975 	 246.301
FHW11211	98.000 	 17.975 	 246.300
FHW11211	98.125 	 17.975 	 246.300
FHW11211	98.250 	 17.975 	 246.300
FHW11211	98.375 	 17.975 	 246.300
FHW11211	98.500 	 17.975 	 246.300
FHW11211	98.625 	 17.975 	 246.300
FHW11211	98.750 	 17.975 	 246.300
FHW11211	98.875 	 17.975 	 246.300
FHW11211	99.000 	 17.975 	 246.300
FHW11211	99.125 	 17.975 	 246.300
FHW11211	99.250 	 17.975 	 246.301
FHW11211	99.375 	 17.975 	 246.300
FHW11211	99.500 	 17.975 	 246.300
FHW11211	99.625 	 17.975 	 246.300
FHW11211	99.750 	 17.975 	 246.300
FHW11211	99.875 	 17.975 	 246.300
FHW11211	100.000 	 17.975 	 246.300
FHW11211	100.125 	 20.541 	 245.091
FHW11211	100.250 	 20.764 	 245.000
FHW11211	100.375 	 20.764 	 245.000
FHW11211	100.500 	 20.765 	 245.000
FHW11211	100.625 	 20.764 	 245.000
FHW11211	100.750 	 20.764 	 245.000
FHW11211	100.875 	 20.764 	 245.000
FHW11211	101.000 	 20.764 	 245.000
FHW11211	101.125 	 20.764 	 245.000
FHW11211	101.250 	 20.764 	 245.000
FHW11211	101.375 	 20.764 	 245.000
FHW11211	101.500 	 20.764 	 245.000
FHW11211	101.625 	 20.764 	 244.999
FHW11211	101.750 	 20.764 	 245.000
FHW11211	101.875 	 20.766 	 245.000
FHW11211	102.000 	 20.764 	 245.000
FHW11211	102.125 	 20.764 	 245.000
FHW11211	102.250 	 20.764 	 245.000
FHW11211	102.375 	 20.764 	 245.000
FHW11211	102.500 	 20.764 	 245.000
FHW11211	102.625 	 20.764 	 245.000
FHW11211	102.750 	 20.765 	 245.000
FHW11211	102.875 	 20.764 	 245.000
FHW11211	103.000 	 20.764 	 245.000
FHW11211	103.125 	 20.764 	 245.000
FHW11211	103.250 	 20.764 	 245.000
FHW11211	103.375 	 20.764 	 245.000
FHW11211	103.500 	 20.764 	 245.000
FHW11211	103.625 	 20.764 	 245.000
FHW11211	103.750 	 20.764 	 245.000
FHW11211	103.875 	 20.764 	 244.999
FHW11211	104.000 	 20.764 	 245.000
FHW11211	104.125 	 20.765 	 245.000
FHW11211	104.250 	 20.764 	 245.000
FHW11211	104.375 	 20.764 	 245.000
FHW11211	104.500 	 20.764 	 245.000
FHW11211	104.625 	 20.764 	 245.000
FHW11211	104.750 	 20.764 	 245.000
FHW11211	104.875 	 20.764 	 245.000
FHW11211	105.000 	 20.764 	 245.000
FHW11211	105.125 	 20.764 	 245.000
FHW11211	105.250 	 20.764 	 245.000
FHW11211	105.375 	 20.764 	 245.000
FHW11211	105.500 	 20.765 	 245.000
FHW11211	105.625 	 20.764 	 245.000
FHW11211	105.750 	 20.764 	 245.000
FHW11211	105.875 	 20.764 	 245.000
FHW11211	106.000 	 20.764 	 245.000
FHW11211	106.125 	 20.764 	 245.000
FHW11211	106.250 	 20.764 	 245.000
FHW11211	106.375 	 20.765 	 245.000
FHW11211	106.500 	 20.764 	 245.000
FHW11211	106.625 	 20.764 	 245.000
FHW11211	106.750 	 20.764 	 245.000
FHW11211	106.875 	 20.764 	 245.000
FHW11211	107.000 	 20.764 	 245.000
FHW11211	107.125 	 20.764 	 245.000
FHW11211	107.250 	 20.764 	 245.000
FHW11211	107.375 	 20.764 	 245.000
FHW11211	107.500 	 20.764 	 245.000
FHW11211	107.625 	 20.764 	 245.000
FHW11211	107.750 	 20.764 	 245.000
FHW11211	107.875 	 20.765 	 245.000
FHW11211	108.000 	 20.764 	 245.000
FHW11211	108.125 	 20.764 	 245.000
FHW11211	108.250 	 20.764 	 245.000
FHW11211	108.375 	 20.764 	 245.000
FHW11211	108.500 	 20.764 	 245.000
FHW11211	108.625 	 20.765 	 245.000
FHW11211	108.750 	 20.764 	 245.000
FHW11211	108.875 	 20.764 	 245.000
FHW11211	109.000 	 20.764 	 245.000
FHW11211	109.125 	 20.764 	 245.000
FHW11211	109.250 	 23.416 	 244.096
FHW11211	109.375 	 24.080 	 243.900
FHW11211	109.500 	 24.079 	 243.900
FHW11211	109.625 	 24.080 	 243.900
FHW11211	109.750 	 24.081 	 243.900
FHW11211	109.875 	 24.080 	 243.900
FHW11211	110.000 	 24.079 	 243.900
FHW11211	110.125 	 24.079 	 243.900
FHW11211	110.250 	 24.081 	 243.900
FHW11211	110.375 	 24.079 	 243.900
FHW11211	110.500 	 24.080 	 243.900
FHW11211	110.625 	 24.079 	 243.900
FHW11211	110.750 	 24.081 	 243.900
FHW11211	110.875 	 24.079 	 243.900
FHW11211	111.000 	 24.080 	 243.900
FHW11211	111.125 	 24.079 	 243.900
FHW11211	111.250 	 24.081 	 243.900
FHW11211	111.375 	 24.080 	 243.900
FHW11211	111.500 	 24.079 	 243.900
FHW11211	111.625 	 24.080 	 243.900
FHW11211	111.750 	 24.079 	 243.900
FHW11211	111.875 	 24.081 	 243.900
FHW11211	112.000 	 24.079 	 243.900
FHW11211	112.125 	 24.080 	 243.900
FHW11211	112.250 	 24.079 	 243.900
FHW11211	112.375 	 24.081 	 243.900
FHW11211	112.500 	 24.080 	 243.900
FHW11211	112.625 	 24.079 	 243.900
FHW11211	112.750 	 24.080 	 243.900
FHW11211	112.875 	 24.081 	 243.900
FHW11211	113.000 	 24.080 	 243.900
FHW11211	113.125 	 24.079 	 243.900
FHW11211	113.250 	 24.080 	 243.900
FHW11211	113.375 	 24.081 	 243.900
FHW11211	113.500 	 24.079 	 243.900
FHW11211	113.625 	 24.080 	 243.900
FHW11211	113.750 	 24.079 	 243.900
FHW11211	113.875 	 24.081 	 243.900
FHW11211	114.000 	 24.079 	 243.900
FHW11211	114.125 	 24.080 	 243.900
FHW11211	114.250 	 24.079 	 243.900
FHW11211	114.375 	 24.081 	 243.900
FHW11211	114.500 	 24.079 	 243.900
FHW11211	114.625 	 24.079 	 243.900
FHW11211	114.750 	 24.080 	 243.900
FHW11211	114.875 	 24.081 	 243.900
FHW11211	115.000 	 24.080 	 243.900
FHW11211	115.125 	 24.079 	 243.900
FHW11211	115.250 	 24.080 	 243.900
FHW11211	115.375 	 24.081 	 243.900
FHW11211	115.500 	 24.079 	 243.900
FHW11211	115.625 	 24.080 	 243.900
FHW11211	115.750 	 24.079 	 243.900
FHW11211	115.875 	 24.081 	 243.900
FHW11211	116.000 	 24.079 	 243.900
FHW11211	116.125 	 24.080 	 243.900
FHW11211	116.250 	 24.079 	 243.900
FHW11211	116.375 	 24.081 	 243.900
FHW11211	116.500 	 24.079 	 243.900
FHW11211	116.625 	 24.079 	 243.900
FHW11211	116.750 	 24.079 	 243.900
FHW11211	116.875 	 24.081 	 243.900
FHW11211	117.000 	 24.080 	 243.900
FHW11211	117.125 	 24.080 	 243.900
FHW11211	117.250 	 24.079 	 243.899
FHW11211	117.375 	 24.081 	 243.900
FHW11211	117.500 	 24.080 	 243.900
FHW11211	117.625 	 24.080 	 243.900
FHW11211	117.750 	 24.079 	 243.899
FHW11211	117.875 	 24.081 	 243.900
FHW11211	118.000 	 24.080 	 243.900
FHW11211	118.125 	 24.079 	 243.899
FHW11211	118.250 	 24.381 	 243.883
FHW11211	118.375 	 27.834 	 243.700
FHW11211	118.500 	 27.836 	 243.700
FHW11211	118.625 	 27.834 	 243.700
FHW11211	118.750 	 27.835 	 243.700
FHW11211	118.875 	 27.834 	 243.700
FHW11211	119.000 	 27.835 	 243.700
FHW11211	119.125 	 27.836 	 243.700
FHW11211	119.250 	 27.834 	 243.700
FHW11211	119.375 	 27.835 	 243.700
FHW11211	119.500 	 27.834 	 243.700
FHW11211	119.625 	 27.835 	 243.699
FHW11211	119.750 	 27.834 	 243.700
FHW11211	119.875 	 27.836 	 243.700
FHW11211	120.000 	 27.834 	 243.699
FHW11211	120.125 	 27.836 	 243.700
FHW11211	120.250 	 27.834 	 243.700
FHW11211	120.375 	 27.836 	 243.700
FHW11211	120.500 	 27.834 	 243.700
FHW11211	120.625 	 27.835 	 243.700
FHW11211	120.750 	 27.834 	 243.700
FHW11211	120.875 	 27.836 	 243.700
FHW11211	121.000 	 27.834 	 243.699
FHW11211	121.125 	 27.836 	 243.700
FHW11211	121.250 	 27.834 	 243.700
FHW11211	121.375 	 27.836 	 243.700
FHW11211	121.500 	 27.834 	 243.700
FHW11211	121.625 	 27.835 	 243.700
FHW11211	121.750 	 27.834 	 243.700
FHW11211	121.875 	 27.835 	 243.699
FHW11211	122.000 	 27.834 	 243.700
FHW11211	122.125 	 27.836 	 243.700
FHW11211	122.250 	 27.834 	 243.700
FHW11211	122.375 	 27.836 	 243.700
FHW11211	122.500 	 27.834 	 243.700
FHW11211	122.625 	 27.835 	 243.700
FHW11211	122.750 	 27.834 	 243.700
FHW11211	122.875 	 27.835 	 243.700
FHW11211	123.000 	 27.834 	 243.700
FHW11211	123.125 	 27.836 	 243.700
FHW11211	123.250 	 27.835 	 243.699
FHW11211	123.375 	 27.834 	 243.700
FHW11211	123.500 	 27.835 	 243.700
FHW11211	123.625 	 27.834 	 243.700
FHW11211	123.750 	 27.836 	 243.700
FHW11211	123.875 	 27.834 	 243.700
FHW11211	124.000 	 27.836 	 243.700
FHW11211	124.125 	 27.834 	 243.699
FHW11211	124.250 	 27.836 	 243.700
FHW11211	124.375 	 27.834 	 243.700
FHW11211	124.500 	 27.835 	 243.700
FHW11211	124.625 	 27.834 	 243.700
FHW11211	124.750 	 27.836 	 243.700
FHW11211	124.875 	 27.834 	 243.700
FHW11211	125.000 	 27.836 	 243.700
FHW11211	125.125 	 27.834 	 243.700
FHW11211	125.250 	 27.836 	 243.700
FHW11211	125.375 	 27.834 	 243.700
FHW11211	125.500 	 27.835 	 243.699
FHW11211	125.625 	 27.834 	 243.700
FHW11211	125.750 	 27.835 	 243.700
FHW11211	125.875 	 27.834 	 243.700
FHW11211	126.000 	 27.836 	 243.700
FHW11211	126.125 	 27.834 	 243.700
FHW11211	126.250 	 27.836 	 243.700
FHW11211	126.375 	 27.834 	 243.700
FHW11211	126.500 	 27.836 	 243.700
FHW11211	126.625 	 27.834 	 243.700
FHW11211	126.750 	 27.835 	 243.700
FHW11211	126.875 	 27.834 	 243.700
FHW11211	127.000 	 27.836 	 243.700
FHW11211	127.125 	 27.834 	 243.699
FHW11211	127.250 	 27.836 	 243.700
FHW11211	127.375 	 27.834 	 243.700
FHW11211	127.500 	 27.836 	 243.700
FHW11211	127.625 	 31.791 	 244.100
FHW11211	127.750 	 31.788 	 244.099
FHW11211	127.875 	 31.791 	 244.101
FHW11211	128.000 	 31.791 	 244.100
FHW11211	128.125 	 31.788 	 244.099
FHW11211	128.250 	 31.791 	 244.100
FHW11211	128.375 	 31.791 	 244.101
FHW11211	128.500 	 31.788 	 244.099
FHW11211	128.625 	 31.791 	 244.100
FHW11211	128.750 	 31.791 	 244.100
FHW11211	128.875 	 31.788 	 244.099
FHW11211	129.000 	 31.791 	 244.101
FHW11211	129.125 	 31.791 	 244.100
FHW11211	129.250 	 31.788 	 244.099
FHW11211	129.375 	 31.791 	 244.100
FHW11211	129.500 	 31.791 	 244.101
FHW11211	129.625 	 31.790 	 244.099
FHW11211	129.750 	 31.789 	 244.100
FHW11211	129.875 	 31.791 	 244.100
FHW11211	130.000 	 31.790 	 244.100
FHW11211	130.125 	 31.789 	 244.100
FHW11211	130.250 	 31.791 	 244.100
FHW11211	130.375 	 31.790 	 244.099
FHW11211	130.500 	 31.789 	 244.100
FHW11211	130.625 	 31.790 	 244.100
FHW11211	130.750 	 31.791 	 244.100
FHW11211	130.875 	 31.789 	 244.100
FHW11211	131.000 	 31.790 	 244.099
FHW11211	131.125 	 31.791 	 244.101
FHW11211	131.250 	 31.789 	 244.100
FHW11211	131.375 	 31.790 	 244.099
FHW11211	131.500 	 31.791 	 244.100
FHW11211	131.625 	 31.789 	 244.100
FHW11211	131.750 	 31.790 	 244.100
FHW11211	131.875 	 31.791 	 244.100
FHW11211	132.000 	 31.789 	 244.100
FHW11211	132.125 	 31.790 	 244.099
FHW11211	132.250 	 31.791 	 244.101
FHW11211	132.375 	 31.789 	 244.100
FHW11211	132.500 	 31.792 	 244.099
FHW11211	132.625 	 31.789 	 244.100
FHW11211	132.750 	 31.789 	 244.101
FHW11211	132.875 	 31.792 	 244.099
FHW11211	133.000 	 31.789 	 244.100
FHW11211	133.125 	 31.789 	 244.100
FHW11211	133.250 	 31.792 	 244.099
FHW11211	133.375 	 31.789 	 244.101
FHW11211	133.500 	 31.789 	 244.100
FHW11211	133.625 	 31.792 	 244.099
FHW11211	133.750 	 31.789 	 244.100
FHW11211	133.875 	 31.789 	 244.101
FHW11211	134.000 	 31.792 	 244.099
FHW11211	134.125 	 31.789 	 244.100
FHW11211	134.250 	 31.789 	 244.100
FHW11211	134.375 	 31.792 	 244.099
FHW11211	134.500 	 31.789 	 244.101
FHW11211	134.625 	 31.789 	 244.100
FHW11211	134.750 	 31.792 	 244.099
FHW11211	134.875 	 31.789 	 244.100
FHW11211	135.000 	 31.789 	 244.101
FHW11211	135.125 	 31.792 	 244.099
FHW11211	135.250 	 31.789 	 244.100
FHW11211	135.375 	 31.789 	 244.100
FHW11211	135.500 	 31.792 	 244.100
FHW11211	135.625 	 31.789 	 244.100
FHW11211	135.750 	 31.789 	 244.100
FHW11211	135.875 	 31.792 	 244.099
FHW11211	136.000 	 31.789 	 244.100
FHW11211	136.125 	 31.789 	 244.101
FHW11211	136.250 	 31.792 	 244.099
FHW11211	136.375 	 31.789 	 244.100
FHW11211	136.500 	 31.789 	 244.100
FHW11211	136.625 	 31.792 	 244.100
FHW11211	136.750 	 31.789 	 244.100
FHW11211	136.875 	 35.096 	 244.057
FHW11211	137.000 	 35.725 	 244.050
FHW11211	137.125 	 35.722 	 244.050
FHW11211	137.250 	 35.726 	 244.050
FHW11211	137.375 	 35.726 	 244.050
FHW11211	137.500 	 35.726 	 244.050
FHW11211	137.625 	 35.722 	 244.050
FHW11211	137.750 	 35.726 	 244.050
FHW11211	137.875 	 35.726 	 244.050
FHW11211	138.000 	 35.726 	 244.050
FHW11211	138.125 	 35.722 	 244.050
FHW11211	138.250 	 35.726 	 244.050
FHW11211	138.375 	 35.726 	 244.050
FHW11211	138.500 	 35.726 	 244.050
FHW11211	138.625 	 35.722 	 244.050
FHW11211	138.750 	 35.726 	 244.050
FHW11211	138.875 	 35.726 	 244.050
FHW11211	139.000 	 35.726 	 244.050
FHW11211	139.125 	 35.722 	 244.050
FHW11211	139.250 	 35.726 	 244.050
FHW11211	139.375 	 35.726 	 244.050
FHW11211	139.500 	 35.726 	 244.050
FHW11211	139.625 	 35.722 	 244.050
FHW11211	139.750 	 35.726 	 244.050
FHW11211	139.875 	 35.725 	 244.050
FHW11211	140.000 	 35.726 	 244.050
FHW11211	140.125 	 35.722 	 244.050
FHW11211	140.250 	 35.726 	 244.050
FHW11211	140.375 	 35.726 	 244.050
FHW11211	140.500 	 35.726 	 244.050
FHW11211	140.625 	 35.726 	 244.050
FHW11211	140.750 	 35.722 	 244.050
FHW11211	140.875 	 35.726 	 244.050
FHW11211	141.000 	 35.726 	 244.050
FHW11211	141.125 	 35.726 	 244.050
FHW11211	141.250 	 35.722 	 244.050
FHW11211	141.375 	 35.726 	 244.050
FHW11211	141.500 	 35.726 	 244.050
FHW11211	141.625 	 35.726 	 244.050
FHW11211	141.750 	 35.722 	 244.050
FHW11211	141.875 	 35.726 	 244.050
FHW11211	142.000 	 35.726 	 244.050
FHW11211	142.125 	 35.726 	 244.050
FHW11211	142.250 	 35.722 	 244.050
FHW11211	142.375 	 35.726 	 244.050
FHW11211	142.500 	 35.726 	 244.050
FHW11211	142.625 	 35.726 	 244.050
FHW11211	142.750 	 35.722 	 244.051
FHW11211	142.875 	 35.726 	 244.050
FHW11211	143.000 	 35.726 	 244.050
FHW11211	143.125 	 35.726 	 244.050
FHW11211	143.250 	 35.722 	 244.050
FHW11211	143.375 	 35.726 	 244.050
FHW11211	143.500 	 35.726 	 244.050
FHW11211	143.625 	 35.726 	 244.050
FHW11211	143.750 	 35.722 	 244.050
FHW11211	143.875 	 35.726 	 244.050
FHW11211	144.000 	 35.726 	 244.050
FHW11211	144.125 	 35.726 	 244.050
FHW11211	144.250 	 35.722 	 244.050
FHW11211	144.375 	 35.726 	 244.050
FHW11211	144.500 	 35.726 	 244.050
FHW11211	144.625 	 35.726 	 244.050
FHW11211	144.750 	 35.722 	 244.050
FHW11211	144.875 	 35.726 	 244.050
FHW11211	145.000 	 35.726 	 244.050
FHW11211	145.125 	 35.726 	 244.050
FHW11211	145.250 	 35.722 	 244.050
FHW11211	145.375 	 35.726 	 244.050
FHW11211	145.500 	 35.726 	 244.050
FHW11211	145.625 	 35.725 	 244.050
FHW11211	145.750 	 35.722 	 244.050
FHW11211	145.875 	 35.726 	 244.050
FHW11211	146.000 	 39.396 	 243.761
FHW11211	146.125 	 39.552 	 243.749
FHW11211	146.250 	 39.552 	 243.750
FHW11211	146.375 	 39.548 	 243.750
FHW11211	146.500 	 39.552 	 243.751
FHW11211	146.625 	 39.548 	 243.750
FHW11211	146.750 	 39.552 	 243.750
FHW11211	146.875 	 39.547 	 243.749
FHW11211	147.000 	 39.552 	 243.750
FHW11211	147.125 	 39.548 	 243.750
FHW11211	147.250 	 39.552 	 243.751
FHW11211	147.375 	 39.548 	 243.750
FHW11211	147.500 	 39.552 	 243.749
FHW11211	147.625 	 39.552 	 243.750
FHW11211	147.750 	 39.548 	 243.750
FHW11211	147.875 	 39.552 	 243.750
FHW11211	148.000 	 39.548 	 243.751
FHW11211	148.125 	 39.552 	 243.750
FHW11211	148.250 	 39.547 	 243.749
FHW11211	148.375 	 39.552 	 243.750
FHW11211	148.500 	 39.548 	 243.750
FHW11211	148.625 	 39.552 	 243.750
FHW11211	148.750 	 39.552 	 243.751
FHW11211	148.875 	 39.548 	 243.750
FHW11211	149.000 	 39.552 	 243.749
FHW11211	149.125 	 39.548 	 243.750
FHW11211	149.250 	 39.552 	 243.750
FHW11211	149.375 	 39.548 	 243.750
FHW11211	149.500 	 39.552 	 243.751
FHW11211	149.625 	 39.548 	 243.750
FHW11211	149.750 	 39.552 	 243.749
FHW11211	149.875 	 39.548 	 243.750
FHW11211	150.000 	 39.552 	 243.750
FHW11211	150.125 	 39.552 	 243.749
FHW11211	150.250 	 39.548 	 243.751
FHW11211	150.375 	 39.552 	 243.750
FHW11211	150.500 	 39.548 	 243.750
FHW11211	150.625 	 39.552 	 243.750
FHW11211	150.750 	 39.548 	 243.750
FHW11211	150.875 	 39.552 	 243.750
FHW11211	151.000 	 39.548 	 243.751
FHW11211	151.125 	 39.552 	 243.750
FHW11211	151.250 	 39.552 	 243.750
FHW11211	151.375 	 39.548 	 243.750
FHW11211	151.500 	 39.551 	 243.749
FHW11211	151.625 	 39.548 	 243.750
FHW11211	151.750 	 39.552 	 243.751
FHW11211	151.875 	 39.548 	 243.750
FHW11211	152.000 	 39.552 	 243.750
FHW11211	152.125 	 39.548 	 243.750
FHW11211	152.250 	 39.552 	 243.750
FHW11211	152.375 	 39.548 	 243.750
FHW11211	152.500 	 39.552 	 243.751
FHW11211	152.625 	 39.552 	 243.750
FHW11211	152.750 	 39.548 	 243.750
FHW11211	152.875 	 39.551 	 243.749
FHW11211	153.000 	 39.548 	 243.750
FHW11211	153.125 	 39.552 	 243.750
FHW11211	153.250 	 39.548 	 243.751
FHW11211	153.375 	 39.552 	 243.750
FHW11211	153.500 	 39.548 	 243.750
FHW11211	153.625 	 39.552 	 243.750
FHW11211	153.750 	 39.552 	 243.750
FHW11211	153.875 	 39.548 	 243.750
FHW11211	154.000 	 39.552 	 243.751
FHW11211	154.125 	 39.548 	 243.750
FHW11211	154.250 	 39.552 	 243.750
FHW11211	154.375 	 39.546 	 243.749
FHW11211	154.500 	 39.552 	 243.750
FHW11211	154.625 	 39.548 	 243.750
FHW11211	154.750 	 39.552 	 243.751
FHW11211	154.875 	 39.548 	 243.750
FHW11211	155.000 	 39.552 	 243.750
FHW11211	155.125 	 43.397 	 243.700
FHW11211	155.250 	 43.392 	 243.700
FHW11211	155.375 	 43.397 	 243.700
FHW11211	155.500 	 43.393 	 243.701
FHW11211	155.625 	 43.397 	 243.700
FHW11211	155.750 	 43.392 	 243.700
FHW11211	155.875 	 43.397 	 243.700
FHW11211	156.000 	 43.397 	 243.700
FHW11211	156.125 	 43.392 	 243.700
FHW11211	156.250 	 43.397 	 243.700
FHW11211	156.375 	 43.393 	 243.701
FHW11211	156.500 	 43.397 	 243.700
FHW11211	156.625 	 43.392 	 243.700
FHW11211	156.750 	 43.397 	 243.700
FHW11211	156.875 	 43.397 	 243.700
FHW11211	157.000 	 43.392 	 243.700
FHW11211	157.125 	 43.397 	 243.700
FHW11211	157.250 	 43.393 	 243.701
FHW11211	157.375 	 43.397 	 243.700
FHW11211	157.500 	 43.392 	 243.699
FHW11211	157.625 	 43.397 	 243.700
FHW11211	157.750 	 43.397 	 243.700
FHW11211	157.875 	 43.392 	 243.699
FHW11211	158.000 	 43.397 	 243.700
FHW11211	158.125 	 43.393 	 243.701
FHW11211	158.250 	 43.397 	 243.699
FHW11211	158.375 	 43.392 	 243.700
FHW11211	158.500 	 43.397 	 243.700
FHW11211	158.625 	 43.397 	 243.700
FHW11211	158.750 	 43.392 	 243.699
FHW11211	158.875 	 43.397 	 243.700
FHW11211	159.000 	 43.393 	 243.701
FHW11211	159.125 	 43.397 	 243.699
FHW11211	159.250 	 43.392 	 243.700
FHW11211	159.375 	 43.397 	 243.700
FHW11211	159.500 	 43.397 	 243.699
FHW11211	159.625 	 43.392 	 243.700
FHW11211	159.750 	 43.397 	 243.700
FHW11211	159.875 	 43.393 	 243.700
FHW11211	160.000 	 43.397 	 243.700
FHW11211	160.125 	 43.392 	 243.700
FHW11211	160.250 	 43.397 	 243.700
FHW11211	160.375 	 43.397 	 243.699
FHW11211	160.500 	 43.392 	 243.700
FHW11211	160.625 	 43.397 	 243.700
FHW11211	160.750 	 43.392 	 243.699
FHW11211	160.875 	 43.398 	 243.701
FHW11211	161.000 	 43.392 	 243.700
FHW11211	161.125 	 43.397 	 243.699
FHW11211	161.250 	 43.397 	 243.700
FHW11211	161.375 	 43.392 	 243.700
FHW11211	161.500 	 43.397 	 243.699
FHW11211	161.625 	 43.392 	 243.700
FHW11211	161.750 	 43.398 	 243.701
FHW11211	161.875 	 43.392 	 243.700
FHW11211	162.000 	 43.397 	 243.699
FHW11211	162.125 	 43.397 	 243.700
FHW11211	162.250 	 43.392 	 243.700
FHW11211	162.375 	 43.397 	 243.699
FHW11211	162.500 	 43.392 	 243.700
FHW11211	162.625 	 43.398 	 243.701
FHW11211	162.750 	 43.392 	 243.699
FHW11211	162.875 	 43.397 	 243.700
FHW11211	163.000 	 43.397 	 243.700
FHW11211	163.125 	 43.392 	 243.699
FHW11211	163.250 	 43.397 	 243.700
FHW11211	163.375 	 43.392 	 243.700
FHW11211	163.500 	 43.398 	 243.701
FHW11211	163.625 	 43.392 	 243.699
FHW11211	163.750 	 43.397 	 243.700
FHW11211	163.875 	 43.397 	 243.700
FHW11211	164.000 	 43.392 	 243.699
FHW11211	164.125 	 43.397 	 243.700
FHW11211	164.250 	 43.392 	 243.700
FHW11211	164.375 	 45.501 	 243.607
FHW11211	164.500 	 46.168 	 243.581
FHW11211	164.625 	 46.162 	 243.579
FHW11211	164.750 	 46.168 	 243.581
FHW11211	164.875 	 46.162 	 243.579
FHW11211	165.000 	 46.167 	 243.579
FHW11211	165.125 	 46.163 	 243.581
FHW11211	165.250 	 46.167 	 243.579
FHW11211	165.375 	 46.162 	 243.580
FHW11211	165.500 	 46.168 	 243.580
FHW11211	165.625 	 46.162 	 243.580
FHW11211	165.750 	 46.167 	 243.579
FHW11211	165.875 	 46.163 	 243.581
FHW11211	166.000 	 46.167 	 243.579
FHW11211	166.125 	 46.163 	 243.580
FHW11211	166.250 	 46.167 	 243.580
FHW11211	166.375 	 46.162 	 243.579
FHW11211	166.500 	 46.168 	 243.581
FHW11211	166.625 	 46.162 	 243.579
FHW11211	166.750 	 46.167 	 243.580
FHW11211	166.875 	 46.163 	 243.580
FHW11211	167.000 	 46.167 	 243.579
FHW11211	167.125 	 46.162 	 243.580
FHW11211	167.250 	 46.168 	 243.580
FHW11211	167.375 	 46.162 	 243.580
FHW11211	167.500 	 46.168 	 243.580
FHW11211	167.625 	 46.162 	 243.580
FHW11211	167.750 	 46.167 	 243.579
FHW11211	167.875 	 46.163 	 243.581
FHW11211	168.000 	 46.167 	 243.579
FHW11211	168.125 	 48.209 	 243.530
FHW11211	168.250 	 48.213 	 243.529
FHW11211	168.375 	 48.209 	 243.530
FHW11211	168.500 	 48.209 	 243.530
FHW11211	168.625 	 48.208 	 243.529
FHW11211	168.750 	 48.214 	 243.530
FHW11211	168.875 	 48.209 	 243.530
FHW11211	169.000 	 48.208 	 243.529
FHW11211	169.125 	 48.209 	 243.530
FHW11211	169.250 	 48.214 	 243.530
FHW11211	169.375 	 48.209 	 243.530
FHW11211	169.500 	 48.208 	 243.529
FHW11211	169.625 	 48.209 	 243.529
FHW11211	169.750 	 48.214 	 243.530
FHW11211	169.875 	 48.208 	 243.529
FHW11211	170.000 	 48.209 	 243.530
FHW11211	170.125 	 48.214 	 243.530
FHW11211	170.250 	 48.208 	 243.529
FHW11211	170.375 	 48.209 	 243.530
FHW11211	170.500 	 48.209 	 243.530
FHW11211	170.625 	 48.213 	 243.529
FHW11211	170.750 	 48.209 	 243.530
FHW11211	170.875 	 48.209 	 243.530
FHW11211	171.000 	 48.208 	 243.529
FHW11211	171.125 	 48.214 	 243.530
FHW11211	171.250 	 48.209 	 243.530
FHW11211	171.375 	 48.209 	 243.530
FHW11211	171.500 	 48.208 	 243.529
FHW11211	171.625 	 48.214 	 243.530
FHW11211	171.750 	 48.209 	 243.530
FHW11211	171.875 	 48.208 	 243.529
FHW11211	172.000 	 48.214 	 243.530
FHW11211	172.125 	 48.209 	 243.530
FHW11211	172.250 	 48.208 	 243.529
FHW11211	172.375 	 48.209 	 243.530
FHW11211	172.500 	 48.214 	 243.530
FHW11211	172.625 	 48.208 	 243.529
FHW11211	172.750 	 48.209 	 243.530
FHW11211	172.875 	 48.209 	 243.529
FHW11211	173.000 	 48.213 	 243.529
FHW11211	173.125 	 48.209 	 243.530
FHW11211	173.250 	 48.209 	 243.530
FHW11211	173.375 	 48.208 	 243.529
FHW11211	173.500 	 48.214 	 243.530
FHW11211	173.625 	 48.209 	 243.530
FHW11211	173.750 	 50.147 	 243.503
FHW11211	173.875 	 50.420 	 243.501
FHW11211	174.000 	 50.414 	 243.500
FHW11211	174.125 	 50.414 	 243.500
FHW11211	174.250 	 50.414 	 243.499
FHW11211	174.375 	 50.415 	 243.501
FHW11211	174.500 	 50.414 	 243.500
FHW11211	174.625 	 50.414 	 243.500
FHW11211	174.750 	 50.419 	 243.500
FHW11211	174.875 	 50.415 	 243.501
FHW11211	175.000 	 50.414 	 243.500
FHW11211	175.125 	 50.414 	 243.499
FHW11211	175.250 	 50.414 	 243.500
FHW11211	175.375 	 50.415 	 243.501
FHW11211	175.500 	 50.414 	 243.500
FHW11211	175.625 	 50.414 	 243.500
FHW11211	175.750 	 50.419 	 243.500
FHW11211	175.875 	 50.415 	 243.500
FHW11211	176.000 	 50.414 	 243.500
FHW11211	176.125 	 50.414 	 243.500
FHW11211	176.250 	 50.414 	 243.500
FHW11211	176.375 	 50.415 	 243.501
FHW11211	176.500 	 50.414 	 243.500
FHW11211	176.625 	 50.419 	 243.500
FHW11211	176.750 	 50.414 	 243.499
FHW11211	176.875 	 50.415 	 243.501
FHW11211	177.000 	 50.414 	 243.500
FHW11211	177.125 	 50.414 	 243.500
FHW11211	177.250 	 50.414 	 243.500
FHW11211	177.375 	 50.415 	 243.501
FHW11211	177.500 	 50.414 	 243.500
FHW11211	177.625 	 50.420 	 243.499
FHW11211	177.750 	 50.414 	 243.500
FHW11211	177.875 	 50.415 	 243.501
FHW11211	178.000 	 50.414 	 243.500
FHW11211	178.125 	 52.498 	 243.500
FHW11211	178.250 	 52.504 	 243.500
FHW11211	178.375 	 52.497 	 243.500
FHW11211	178.500 	 52.498 	 243.500
FHW11211	178.625 	 52.504 	 243.500
FHW11211	178.750 	 52.498 	 243.500
FHW11211	178.875 	 52.498 	 243.500
FHW11211	179.000 	 52.503 	 243.500
FHW11211	179.125 	 52.498 	 243.500
FHW11211	179.250 	 52.498 	 243.500
FHW11211	179.375 	 52.504 	 243.500
FHW11211	179.500 	 52.498 	 243.500
FHW11211	179.625 	 52.497 	 243.499
FHW11211	179.750 	 52.504 	 243.501
FHW11211	179.875 	 52.498 	 243.500
FHW11211	180.000 	 52.498 	 243.500
FHW11211	180.125 	 52.504 	 243.500
FHW11211	180.250 	 52.497 	 243.499
FHW11211	180.375 	 52.498 	 243.501
FHW11211	180.500 	 52.498 	 243.500
FHW11211	180.625 	 52.504 	 243.500
FHW11211	180.750 	 52.498 	 243.500
FHW11211	180.875 	 52.497 	 243.499
FHW11211	181.000 	 52.504 	 243.501
FHW11211	181.125 	 52.498 	 243.500
FHW11211	181.250 	 52.498 	 243.500
FHW11211	181.375 	 52.504 	 243.500
FHW11211	181.500 	 52.497 	 243.499
FHW11211	181.625 	 52.498 	 243.500
FHW11211	181.750 	 52.504 	 243.501
FHW11211	181.875 	 52.498 	 243.500
FHW11211	182.000 	 52.498 	 243.500
FHW11211	182.125 	 52.503 	 243.499
FHW11211	182.250 	 52.498 	 243.500
FHW11211	182.375 	 52.498 	 243.501
FHW11211	182.500 	 52.504 	 243.500
FHW11211	182.625 	 52.498 	 243.500
FHW11211	182.750 	 52.497 	 243.499
FHW11211	182.875 	 52.504 	 243.500
FHW11211	183.000 	 53.015 	 243.467
FHW11211	183.125 	 55.745 	 243.301
FHW11211	183.250 	 55.745 	 243.300
FHW11211	183.375 	 55.745 	 243.301
FHW11211	183.500 	 55.745 	 243.299
FHW11211	183.625 	 55.745 	 243.301
FHW11211	183.750 	 55.745 	 243.300
FHW11211	183.875 	 55.745 	 243.301
FHW11211	184.000 	 55.745 	 243.300
FHW11211	184.125 	 55.745 	 243.301
FHW11211	184.250 	 55.745 	 243.300
FHW11211	184.375 	 55.745 	 243.301
FHW11211	184.500 	 55.745 	 243.300
FHW11211	184.625 	 55.745 	 243.301
FHW11211	184.750 	 55.745 	 243.300
FHW11211	184.875 	 55.746 	 243.300
FHW11211	185.000 	 55.745 	 243.300
FHW11211	185.125 	 55.745 	 243.301
FHW11211	185.250 	 55.745 	 243.300
FHW11211	185.375 	 55.745 	 243.301
FHW11211	185.500 	 55.745 	 243.300
FHW11211	185.625 	 55.745 	 243.301
FHW11211	185.750 	 55.745 	 243.300
FHW11211	185.875 	 55.745 	 243.301
FHW11211	186.000 	 55.745 	 243.300
FHW11211	186.125 	 55.746 	 243.300
FHW11211	186.250 	 55.745 	 243.300
FHW11211	186.375 	 55.745 	 243.301
FHW11211	186.500 	 55.745 	 243.300
FHW11211	186.625 	 55.745 	 243.301
FHW11211	186.750 	 55.745 	 243.300
FHW11211	186.875 	 55.745 	 243.301
FHW11211	187.000 	 55.745 	 243.300
FHW11211	187.125 	 55.745 	 243.301
FHW11211	187.250 	 55.745 	 243.300
FHW11211	187.375 	 55.745 	 243.301
FHW11211	187.500 	 55.745 	 243.299
FHW11211	187.625 	 55.745 	 243.301
FHW11211	187.750 	 55.745 	 243.300
FHW11211	187.875 	 55.745 	 243.301
FHW11211	188.000 	 55.745 	 243.300
FHW11211	188.125 	 55.745 	 243.301
FHW11211	188.250 	 55.745 	 243.300
FHW11211	188.375 	 55.745 	 243.301
FHW11211	188.500 	 55.745 	 243.300
FHW11211	188.625 	 55.745 	 243.301
FHW11211	188.750 	 55.745 	 243.299
FHW11211	188.875 	 55.745 	 243.301
FHW11211	189.000 	 55.745 	 243.300
FHW11211	189.125 	 55.740 	 243.301
FHW11211	189.250 	 55.745 	 243.300
FHW11211	189.375 	 55.745 	 243.301
FHW11211	189.500 	 55.745 	 243.300
FHW11211	189.625 	 55.745 	 243.301
FHW11211	189.750 	 55.745 	 243.300
FHW11211	189.875 	 55.745 	 243.301
FHW11211	190.000 	 55.745 	 243.300
FHW11211	190.125 	 55.746 	 243.300
FHW11211	190.250 	 55.745 	 243.300
FHW11211	190.375 	 55.745 	 243.301
FHW11211	190.500 	 55.745 	 243.300
FHW11211	190.625 	 55.745 	 243.301
FHW11211	190.750 	 55.745 	 243.300
FHW11211	190.875 	 55.745 	 243.301
FHW11211	191.000 	 55.745 	 243.300
FHW11211	191.125 	 55.745 	 243.301
FHW11211	191.250 	 55.745 	 243.300
FHW11211	191.375 	 55.746 	 243.300
FHW11211	191.500 	 55.745 	 243.300
FHW11211	191.625 	 55.745 	 243.301
FHW11211	191.750 	 55.745 	 243.300
FHW11211	191.875 	 55.745 	 243.301
FHW11211	192.000 	 55.745 	 243.300
FHW11211	192.125 	 55.745 	 243.301
FHW11211	192.250 	 55.745 	 243.300
FHW11211	192.375 	 58.121 	 243.240
FHW11211	192.500 	 59.696 	 243.199
FHW11211	192.625 	 59.703 	 243.200
FHW11211	192.750 	 59.696 	 243.199
FHW11211	192.875 	 59.703 	 243.200
FHW11211	193.000 	 59.702 	 243.199
FHW11211	193.125 	 59.697 	 243.200
FHW11211	193.250 	 59.703 	 243.200
FHW11211	193.375 	 59.702 	 243.200
FHW11211	193.500 	 59.697 	 243.200
FHW11211	193.625 	 59.702 	 243.199
FHW11211	193.750 	 59.697 	 243.200
FHW11211	193.875 	 59.702 	 243.199
FHW11211	194.000 	 59.703 	 243.200
FHW11211	194.125 	 59.696 	 243.199
FHW11211	194.250 	 59.703 	 243.200
FHW11211	194.375 	 59.697 	 243.200
FHW11211	194.500 	 59.702 	 243.199
FHW11211	194.625 	 59.703 	 243.200
FHW11211	194.750 	 59.696 	 243.200
FHW11211	194.875 	 59.703 	 243.200
FHW11211	195.000 	 59.696 	 243.199
FHW11211	195.125 	 59.703 	 243.200
FHW11211	195.250 	 59.703 	 243.200
FHW11211	195.375 	 59.696 	 243.199
FHW11211	195.500 	 59.703 	 243.200
FHW11211	195.625 	 59.696 	 243.199
FHW11211	195.750 	 59.703 	 243.200
FHW11211	195.875 	 59.702 	 243.199
FHW11211	196.000 	 59.697 	 243.200
FHW11211	196.125 	 59.703 	 243.200
FHW11211	196.250 	 59.696 	 243.200
FHW11211	196.375 	 59.703 	 243.200
FHW11211	196.500 	 59.702 	 243.199
FHW11211	196.625 	 59.697 	 243.200
FHW11211	196.750 	 59.702 	 243.199
FHW11211	196.875 	 59.697 	 243.200
FHW11211	197.000 	 59.703 	 243.200
FHW11211	197.125 	 59.702 	 243.199
FHW11211	197.250 	 59.697 	 243.200
FHW11211	197.375 	 59.703 	 243.200
FHW11211	197.500 	 59.702 	 243.199
FHW11211	197.625 	 59.696 	 243.200
FHW11211	197.750 	 59.702 	 243.199
FHW11211	197.875 	 59.697 	 243.201
FHW11211	198.000 	 59.702 	 243.199
FHW11211	198.125 	 59.702 	 243.199
FHW11211	198.250 	 59.697 	 243.201
FHW11211	198.375 	 59.702 	 243.199
FHW11211	198.500 	 59.696 	 243.199
FHW11211	198.625 	 59.702 	 243.199
FHW11211	198.750 	 59.704 	 243.201
FHW11211	198.875 	 59.696 	 243.199
FHW11211	199.000 	 59.702 	 243.199
FHW11211	199.125 	 59.697 	 243.202
FHW11211	199.250 	 59.702 	 243.199
FHW11211	199.375 	 59.702 	 243.199
FHW11211	199.500 	 59.696 	 243.199
FHW11211	199.625 	 59.704 	 243.201
FHW11211	199.750 	 59.696 	 243.199
FHW11211	199.875 	 59.702 	 243.199
FHW11211	200.000 	 59.704 	 243.201
FHW11211	200.125 	 59.696 	 243.199
FHW11211	200.250 	 59.702 	 243.199
FHW11211	200.375 	 59.696 	 243.199
FHW11211	200.500 	 59.703 	 243.202
FHW11211	200.625 	 59.702 	 243.199
FHW11211	200.750 	 59.696 	 243.199
FHW11211	200.875 	 59.704 	 243.201
FHW11211	201.000 	 59.702 	 243.199
FHW11211	201.125 	 59.696 	 243.199
FHW11211	201.250 	 59.702 	 243.199
FHW11211	201.375 	 59.697 	 243.201
FHW11211	201.500 	 61.204 	 243.423
FHW11211	201.625 	 63.451 	 243.751
FHW11211	201.750 	 63.457 	 243.751
FHW11211	201.875 	 63.457 	 243.751
FHW11211	202.000 	 63.449 	 243.749
FHW11211	202.125 	 63.457 	 243.751
FHW11211	202.250 	 63.457 	 243.751
FHW11211	202.375 	 63.456 	 243.749
FHW11211	202.500 	 63.451 	 243.751
FHW11211	202.625 	 63.457 	 243.751
FHW11211	202.750 	 63.456 	 243.748
FHW11211	202.875 	 63.451 	 243.751
FHW11211	203.000 	 63.457 	 243.750
FHW11211	203.125 	 63.457 	 243.751
FHW11211	203.250 	 63.450 	 243.748
FHW11211	203.375 	 63.457 	 243.751
FHW11211	203.500 	 63.457 	 243.750
FHW11211	203.625 	 63.449 	 243.750
FHW11211	203.750 	 63.457 	 243.750
FHW11211	203.875 	 63.457 	 243.751
FHW11211	204.000 	 63.451 	 243.750
FHW11211	204.125 	 63.456 	 243.750
FHW11211	204.250 	 63.457 	 243.750
FHW11211	204.375 	 63.451 	 243.751
FHW11211	204.500 	 63.456 	 243.748
FHW11211	204.625 	 63.457 	 243.750
FHW11211	204.750 	 63.451 	 243.751
FHW11211	204.875 	 63.456 	 243.748
FHW11211	205.000 	 63.457 	 243.751
FHW11211	205.125 	 63.451 	 243.750
FHW11211	205.250 	 63.457 	 243.751
FHW11211	205.375 	 63.456 	 243.748
FHW11211	205.500 	 63.451 	 243.751
FHW11211	205.625 	 63.457 	 243.750
FHW11211	205.750 	 63.456 	 243.750
FHW11211	205.875 	 63.451 	 243.750
FHW11211	206.000 	 63.457 	 243.751
FHW11211	206.125 	 63.457 	 243.750
FHW11211	206.250 	 63.449 	 243.750
FHW11211	206.375 	 63.457 	 243.750
FHW11211	206.500 	 63.457 	 243.751
FHW11211	206.625 	 63.450 	 243.748
FHW11211	206.750 	 63.457 	 243.750
FHW11211	206.875 	 63.457 	 243.751
FHW11211	207.000 	 63.456 	 243.748
FHW11211	207.125 	 63.451 	 243.751
FHW11211	207.250 	 63.457 	 243.750
FHW11211	207.375 	 63.457 	 243.751
FHW11211	207.500 	 63.450 	 243.748
FHW11211	207.625 	 63.457 	 243.751
FHW11211	207.750 	 63.457 	 243.750
FHW11211	207.875 	 63.449 	 243.750
FHW11211	208.000 	 63.457 	 243.750
FHW11211	208.125 	 63.457 	 243.751
FHW11211	208.250 	 63.450 	 243.748
FHW11211	208.375 	 63.457 	 243.751
FHW11211	208.500 	 63.457 	 243.750
FHW11211	208.625 	 63.451 	 243.751
FHW11211	208.750 	 63.456 	 243.748
FHW11211	208.875 	 63.457 	 243.751
FHW11211	209.000 	 63.451 	 243.750
FHW11211	209.125 	 63.456 	 243.748
FHW11211	209.250 	 63.457 	 243.751
FHW11211	209.375 	 63.451 	 243.750
FHW11211	209.500 	 63.457 	 243.751
FHW11211	209.625 	 63.456 	 243.748
FHW11211	209.750 	 63.451 	 243.751
FHW11211	209.875 	 63.457 	 243.750
FHW11211	210.000 	 63.456 	 243.750
FHW11211	210.125 	 63.451 	 243.750
FHW11211	210.250 	 63.457 	 243.751
FHW11211	210.375 	 63.456 	 243.748
FHW11211	210.500 	 63.451 	 243.751
FHW11211	210.625 	 64.173 	 243.842
FHW11211	210.750 	 67.042 	 244.201
FHW11211	210.875 	 67.041 	 244.199
FHW11211	211.000 	 67.041 	 244.199
FHW11211	211.125 	 67.035 	 244.201
FHW11211	211.250 	 67.041 	 244.199
FHW11211	211.375 	 67.041 	 244.199
FHW11211	211.500 	 67.042 	 244.201
FHW11211	211.625 	 67.041 	 244.199
FHW11211	211.750 	 67.041 	 244.199
FHW11211	211.875 	 67.042 	 244.201
FHW11211	212.000 	 67.034 	 244.199
FHW11211	212.125 	 67.041 	 244.199
FHW11211	212.250 	 67.042 	 244.201
FHW11211	212.375 	 67.041 	 244.199
FHW11211	212.500 	 67.042 	 244.201
FHW11211	212.625 	 67.041 	 244.199
FHW11211	212.750 	 67.034 	 244.199
FHW11211	212.875 	 67.042 	 244.201
FHW11211	213.000 	 67.041 	 244.199
FHW11211	213.125 	 67.041 	 244.199
FHW11211	213.250 	 67.042 	 244.201
FHW11211	213.375 	 67.041 	 244.199
FHW11211	213.500 	 67.034 	 244.199
FHW11211	213.625 	 67.042 	 244.201
FHW11211	213.750 	 67.041 	 244.199
FHW11211	213.875 	 67.041 	 244.199
FHW11211	214.000 	 67.042 	 244.201
FHW11211	214.125 	 67.041 	 244.199
FHW11211	214.250 	 67.034 	 244.199
FHW11211	214.375 	 67.042 	 244.201
FHW11211	214.500 	 67.041 	 244.199
FHW11211	214.625 	 67.041 	 244.199
FHW11211	214.750 	 67.042 	 244.201
FHW11211	214.875 	 67.041 	 244.199
FHW11211	215.000 	 67.034 	 244.199
FHW11211	215.125 	 67.042 	 244.201
FHW11211	215.250 	 67.041 	 244.199
FHW11211	215.375 	 67.041 	 244.199
FHW11211	215.500 	 67.042 	 244.201
FHW11211	215.625 	 67.041 	 244.199
FHW11211	215.750 	 67.041 	 244.199
FHW11211	215.875 	 67.035 	 244.201
FHW11211	216.000 	 67.041 	 244.199
FHW11211	216.125 	 67.041 	 244.199
FHW11211	216.250 	 67.042 	 244.201
FHW11211	216.375 	 67.041 	 244.199
FHW11211	216.500 	 67.041 	 244.199
FHW11211	216.625 	 67.035 	 244.201
FHW11211	216.750 	 67.041 	 244.199
FHW11211	216.875 	 67.041 	 244.199
FHW11211	217.000 	 67.042 	 244.201
FHW11211	217.125 	 67.040 	 244.201
FHW11211	217.250 	 67.041 	 244.199
FHW11211	217.375 	 67.035 	 244.201
FHW11211	217.500 	 67.041 	 244.199
FHW11211	217.625 	 67.042 	 244.201
FHW11211	217.750 	 67.041 	 244.199
FHW11211	217.875 	 67.041 	 244.199
FHW11211	218.000 	 67.042 	 244.201
FHW11211	218.125 	 67.034 	 244.199
FHW11211	218.250 	 67.041 	 244.199
FHW11211	218.375 	 67.042 	 244.201
FHW11211	218.500 	 67.041 	 244.199
FHW11211	218.625 	 67.041 	 244.199
FHW11211	218.750 	 67.042 	 244.201
FHW11211	218.875 	 67.041 	 244.199
FHW11211	219.000 	 67.034 	 244.199
FHW11211	219.125 	 67.042 	 244.201
FHW11211	219.250 	 67.041 	 244.199
FHW11211	219.375 	 67.041 	 244.199
FHW11211	219.500 	 67.042 	 244.201
FHW11211	219.625 	 67.041 	 244.199
FHW11211	219.750 	 68.567 	 244.393
FHW11211	219.875 	 70.227 	 244.602
FHW11211	220.000 	 70.219 	 244.599
FHW11211	220.125 	 70.227 	 244.600
FHW11211	220.250 	 70.227 	 244.600
FHW11211	220.375 	 70.226 	 244.599
FHW11211	220.500 	 70.220 	 244.602
FHW11211	220.625 	 70.227 	 244.600
FHW11211	220.750 	 70.226 	 244.599
FHW11211	220.875 	 70.227 	 244.600
FHW11211	221.000 	 70.220 	 244.600
FHW11211	221.125 	 70.226 	 244.600
FHW11211	221.250 	 70.227 	 244.600
FHW11211	221.375 	 70.227 	 244.600
FHW11211	221.500 	 70.226 	 244.599
FHW11211	221.625 	 70.220 	 244.600
FHW11211	221.750 	 70.227 	 244.602
FHW11211	221.875 	 70.226 	 244.599
FHW11211	222.000 	 70.227 	 244.600
FHW11211	222.125 	 70.220 	 244.600
FHW11211	222.250 	 70.226 	 244.599
FHW11211	222.375 	 70.227 	 244.602
FHW11211	222.500 	 70.227 	 244.600
FHW11211	222.625 	 70.219 	 244.599
FHW11211	222.750 	 70.227 	 244.600
FHW11211	222.875 	 70.227 	 244.600
FHW11211	223.000 	 70.226 	 244.600
FHW11211	223.125 	 70.220 	 244.600
FHW11211	223.250 	 70.227 	 244.600
FHW11211	223.375 	 70.227 	 244.600
FHW11211	223.500 	 70.226 	 244.599
FHW11211	223.625 	 70.220 	 244.602
FHW11211	223.750 	 70.227 	 244.600
FHW11211	223.875 	 70.226 	 244.599
FHW11211	224.000 	 70.227 	 244.600
FHW11211	224.125 	 70.227 	 244.600
FHW11211	224.250 	 70.219 	 244.600
FHW11211	224.375 	 70.227 	 244.600
FHW11211	224.500 	 70.227 	 244.600
FHW11211	224.625 	 70.226 	 244.599
FHW11211	224.750 	 70.220 	 244.600
FHW11211	224.875 	 70.227 	 244.602
FHW11211	225.000 	 70.226 	 244.599
FHW11211	225.125 	 70.227 	 244.600
FHW11211	225.250 	 70.220 	 244.600
FHW11211	225.375 	 70.226 	 244.599
FHW11211	225.500 	 70.227 	 244.602
FHW11211	225.625 	 70.227 	 244.600
FHW11211	225.750 	 70.219 	 244.599
FHW11211	225.875 	 70.227 	 244.600
FHW11211	226.000 	 70.227 	 244.600
FHW11211	226.125 	 70.226 	 244.600
FHW11211	226.250 	 70.220 	 244.600
FHW11211	226.375 	 70.227 	 244.600
FHW11211	226.500 	 70.226 	 244.599
FHW11211	226.625 	 70.227 	 244.600
FHW11211	226.750 	 70.227 	 244.602
FHW11211	226.875 	 70.219 	 244.599
FHW11211	227.000 	 70.227 	 244.600
FHW11211	227.125 	 70.227 	 244.600
FHW11211	227.250 	 70.226 	 244.599
FHW11211	227.375 	 70.220 	 244.602
FHW11211	227.500 	 70.227 	 244.600
FHW11211	227.625 	 70.226 	 244.599
FHW11211	227.750 	 70.227 	 244.600
FHW11211	227.875 	 70.220 	 244.600
FHW11211	228.000 	 70.226 	 244.600
FHW11211	228.125 	 70.227 	 244.600
FHW11211	228.250 	 70.227 	 244.600
FHW11211	228.375 	 70.219 	 244.599
FHW11211	228.500 	 70.227 	 244.600
FHW11211	228.625 	 70.227 	 244.602
FHW11211	228.750 	 70.226 	 244.599
FHW11211	228.875 	 70.610 	 244.642
FHW11211	229.000 	 73.458 	 244.949
FHW11211	229.125 	 73.452 	 244.953
FHW11211	229.250 	 73.458 	 244.949
FHW11211	229.375 	 73.451 	 244.949
FHW11211	229.500 	 73.458 	 244.949
FHW11211	229.625 	 73.452 	 244.951
FHW11211	229.750 	 73.458 	 244.949
FHW11211	229.875 	 73.451 	 244.949
FHW11211	230.000 	 73.459 	 244.951
FHW11211	230.125 	 73.451 	 244.951
FHW11211	230.250 	 73.458 	 244.949
FHW11211	230.375 	 73.451 	 244.949
FHW11211	230.500 	 73.459 	 244.951
FHW11211	230.625 	 73.451 	 244.949
FHW11211	230.750 	 73.458 	 244.949
FHW11211	230.875 	 73.451 	 244.949
FHW11211	231.000 	 73.459 	 244.951
FHW11211	231.125 	 73.451 	 244.951
FHW11211	231.250 	 73.458 	 244.949
FHW11211	231.375 	 73.452 	 244.951
FHW11211	231.500 	 73.458 	 244.949
FHW11211	231.625 	 73.451 	 244.949
FHW11211	231.750 	 73.458 	 244.949
FHW11211	231.875 	 73.452 	 244.951
FHW11211	232.000 	 73.458 	 244.951
FHW11211	232.125 	 73.451 	 244.949
FHW11211	232.250 	 73.458 	 244.949
FHW11211	232.375 	 73.459 	 244.951
FHW11211	232.500 	 73.451 	 244.949
FHW11211	232.625 	 73.458 	 244.949
FHW11211	232.750 	 73.452 	 244.951
FHW11211	232.875 	 73.458 	 244.949
FHW11211	233.000 	 73.451 	 244.951
FHW11211	233.125 	 73.458 	 244.949
FHW11211	233.250 	 73.452 	 244.951
FHW11211	233.375 	 73.458 	 244.949
FHW11211	233.500 	 73.451 	 244.949
FHW11211	233.625 	 73.458 	 244.949
FHW11211	233.750 	 73.452 	 244.951
FHW11211	233.875 	 73.458 	 244.949
FHW11211	234.000 	 73.451 	 244.951
FHW11211	234.125 	 73.459 	 244.951
FHW11211	234.250 	 73.451 	 244.949
FHW11211	234.375 	 73.458 	 244.949
FHW11211	234.500 	 73.451 	 244.949
FHW11211	234.625 	 73.459 	 244.951
FHW11211	234.750 	 73.451 	 244.949
FHW11211	234.875 	 73.458 	 244.949
FHW11211	235.000 	 73.451 	 244.951
FHW11211	235.125 	 73.459 	 244.951
FHW11211	235.250 	 73.451 	 244.949
FHW11211	235.375 	 73.458 	 244.949
FHW11211	235.500 	 73.452 	 244.951
FHW11211	235.625 	 73.458 	 244.949
FHW11211	235.750 	 73.451 	 244.949
FHW11211	235.875 	 73.458 	 244.949
FHW11211	236.000 	 73.452 	 244.953
FHW11211	236.125 	 73.458 	 244.949
FHW11211	236.250 	 73.451 	 244.949
FHW11211	236.375 	 73.458 	 244.949
FHW11211	236.500 	 73.452 	 244.951
FHW11211	236.625 	 73.458 	 244.949
FHW11211	236.750 	 73.458 	 244.949
FHW11211	236.875 	 73.452 	 244.953
FHW11211	237.000 	 73.458 	 244.949
FHW11211	237.125 	 73.451 	 244.949
FHW11211	237.250 	 73.458 	 244.949
FHW11211	237.375 	 73.452 	 244.951
FHW11211	237.500 	 73.458 	 244.949
FHW11211	237.625 	 73.451 	 244.949
FHW11211	237.750 	 73.458 	 244.949
FHW11211	237.875 	 73.452 	 244.953
FHW11211	238.000 	 73.458 	 244.949
FHW11211	238.125 	 73.451 	 244.949
FHW11211	238.250 	 75.991 	 244.841
FHW11211	238.375 	 76.982 	 244.800
FHW11211	238.500 	 76.982 	 244.800
FHW11211	238.625 	 76.982 	 244.800
FHW11211	238.750 	 76.976 	 244.801
FHW11211	238.875 	 76.982 	 244.800
FHW11211	239.000 	 76.982 	 244.800
FHW11211	239.125 	 76.982 	 244.800
FHW11211	239.250 	 76.975 	 244.800
FHW11211	239.375 	 76.982 	 244.800
FHW11211	239.500 	 76.982 	 244.801
FHW11211	239.625 	 76.982 	 244.800
FHW11211	239.750 	 76.975 	 244.800
FHW11211	239.875 	 76.982 	 244.801
FHW11211	240.000 	 76.982 	 244.800
FHW11211	240.125 	 76.975 	 244.800
FHW11211	240.250 	 76.982 	 244.800
FHW11211	240.375 	 76.982 	 244.800
FHW11211	240.500 	 76.982 	 244.800
FHW11211	240.625 	 76.975 	 244.800
FHW11211	240.750 	 76.982 	 244.800
FHW11211	240.875 	 76.982 	 244.800
FHW11211	241.000 	 76.982 	 244.800
FHW11211	241.125 	 76.976 	 244.801
FHW11211	241.250 	 76.982 	 244.800
FHW11211	241.375 	 76.982 	 244.800
FHW11211	241.500 	 76.982 	 244.801
FHW11211	241.625 	 76.975 	 244.800
FHW11211	241.750 	 76.982 	 244.800
FHW11211	241.875 	 76.982 	 244.800
FHW11211	242.000 	 76.982 	 244.800
FHW11211	242.125 	 76.975 	 244.800
FHW11211	242.250 	 76.982 	 244.800
FHW11211	242.375 	 76.982 	 244.801
FHW11211	242.500 	 76.975 	 244.800
FHW11211	242.625 	 76.982 	 244.800
FHW11211	242.750 	 76.982 	 244.800
FHW11211	242.875 	 76.982 	 244.800
FHW11211	243.000 	 76.975 	 244.800
FHW11211	243.125 	 76.982 	 244.800
FHW11211	243.250 	 76.982 	 244.800
FHW11211	243.375 	 76.982 	 244.800
FHW11211	243.500 	 76.976 	 244.803
FHW11211	243.625 	 76.982 	 244.800
FHW11211	243.750 	 76.982 	 244.800
FHW11211	243.875 	 76.982 	 244.800
FHW11211	244.000 	 76.975 	 244.800
FHW11211	244.125 	 76.982 	 244.800
FHW11211	244.250 	 76.982 	 244.800
FHW11211	244.375 	 76.975 	 244.800
FHW11211	244.500 	 76.982 	 244.800
FHW11211	244.625 	 76.982 	 244.800
FHW11211	244.750 	 76.982 	 244.801
FHW11211	244.875 	 76.975 	 244.800
FHW11211	245.000 	 76.982 	 244.800
FHW11211	245.125 	 76.982 	 244.800
FHW11211	245.250 	 76.982 	 244.800
FHW11211	245.375 	 76.975 	 244.800
FHW11211	245.500 	 76.982 	 244.801
FHW11211	245.625 	 76.982 	 244.800
FHW11211	245.750 	 76.982 	 244.800
FHW11211	245.875 	 76.975 	 244.800
FHW11211	246.000 	 76.982 	 244.801
FHW11211	246.125 	 76.982 	 244.800
FHW11211	246.250 	 76.982 	 244.800
FHW11211	246.375 	 76.975 	 244.800
FHW11211	246.500 	 76.982 	 244.800
FHW11211	246.625 	 76.982 	 244.800
FHW11211	246.750 	 76.975 	 244.800
FHW11211	246.875 	 76.982 	 244.800
FHW11211	247.000 	 76.982 	 244.800
FHW11211	247.125 	 76.982 	 244.801
FHW11211	247.250 	 76.975 	 244.800
FHW11211	247.375 	 79.407 	 244.629
FHW11211	247.500 	 80.555 	 244.551
FHW11211	247.625 	 80.549 	 244.550
FHW11211	247.750 	 80.549 	 244.550
FHW11211	247.875 	 80.549 	 244.550
FHW11211	248.000 	 80.549 	 244.550
FHW11211	248.125 	 80.556 	 244.550
FHW11211	248.250 	 80.549 	 244.550
FHW11211	248.375 	 80.549 	 244.550
FHW11211	248.500 	 80.549 	 244.551
FHW11211	248.625 	 80.549 	 244.550
FHW11211	248.750 	 80.549 	 244.550
FHW11211	248.875 	 80.556 	 244.550
FHW11211	249.000 	 80.549 	 244.550
FHW11211	249.125 	 80.549 	 244.550
FHW11211	249.250 	 80.549 	 244.551
FHW11211	249.375 	 80.549 	 244.550
FHW11211	249.500 	 80.549 	 244.550
FHW11211	249.625 	 80.556 	 244.550
FHW11211	249.750 	 80.549 	 244.550
FHW11211	249.875 	 80.549 	 244.551
FHW11211	250.000 	 80.549 	 244.550
FHW11211	250.125 	 80.549 	 244.550
FHW11211	250.250 	 80.556 	 244.550
FHW11211	250.375 	 80.549 	 244.550
FHW11211	250.500 	 80.549 	 244.550
FHW11211	250.625 	 80.549 	 244.550
FHW11211	250.750 	 80.549 	 244.550
FHW11211	250.875 	 80.549 	 244.551
FHW11211	251.000 	 80.556 	 244.550
FHW11211	251.125 	 80.549 	 244.550
FHW11211	251.250 	 80.549 	 244.551
FHW11211	251.375 	 80.549 	 244.550
FHW11211	251.500 	 80.549 	 244.550
FHW11211	251.625 	 80.556 	 244.550
FHW11211	251.750 	 80.549 	 244.550
FHW11211	251.875 	 80.549 	 244.550
FHW11211	252.000 	 80.549 	 244.550
FHW11211	252.125 	 80.549 	 244.550
FHW11211	252.250 	 80.549 	 244.550
FHW11211	252.375 	 80.556 	 244.550
FHW11211	252.500 	 80.549 	 244.550
FHW11211	252.625 	 80.549 	 244.551
FHW11211	252.750 	 80.549 	 244.551
FHW11211	252.875 	 80.549 	 244.550
FHW11211	253.000 	 80.556 	 244.550
FHW11211	253.125 	 80.549 	 244.550
FHW11211	253.250 	 80.549 	 244.550
FHW11211	253.375 	 80.549 	 244.550
FHW11211	253.500 	 80.549 	 244.550
FHW11211	253.625 	 80.549 	 244.550
FHW11211	253.750 	 80.556 	 244.550
FHW11211	253.875 	 80.549 	 244.550
FHW11211	254.000 	 80.549 	 244.550
FHW11211	254.125 	 80.549 	 244.551
FHW11211	254.250 	 80.549 	 244.550
FHW11211	254.375 	 80.549 	 244.551
FHW11211	254.500 	 80.556 	 244.550
FHW11211	254.625 	 80.549 	 244.550
FHW11211	254.750 	 80.549 	 244.550
FHW11211	254.875 	 80.549 	 244.550
FHW11211	255.000 	 80.549 	 244.550
FHW11211	255.125 	 80.556 	 244.550
FHW11211	255.250 	 80.549 	 244.550
FHW11211	255.375 	 80.549 	 244.550
FHW11211	255.500 	 80.549 	 244.551
FHW11211	255.625 	 80.549 	 244.550
FHW11211	255.750 	 80.549 	 244.550
FHW11211	255.875 	 80.556 	 244.550
FHW11211	256.000 	 80.549 	 244.550
FHW11211	256.125 	 80.549 	 244.551
FHW11211	256.250 	 80.549 	 244.550
FHW11211	256.375 	 80.549 	 244.550
FHW11211	256.500 	 80.556 	 244.550
FHW11211	256.625 	 81.855 	 244.459
FHW11211	256.750 	 84.191 	 244.300
FHW11211	256.875 	 84.191 	 244.300
FHW11211	257.000 	 84.191 	 244.300
FHW11211	257.125 	 84.191 	 244.301
FHW11211	257.250 	 84.191 	 244.300
FHW11211	257.375 	 84.191 	 244.300
FHW11211	257.500 	 84.191 	 244.300
FHW11211	257.625 	 84.184 	 244.301
FHW11211	257.750 	 84.191 	 244.298
FHW11211	257.875 	 84.191 	 244.301
FHW11211	258.000 	 84.191 	 244.300
FHW11211	258.125 	 84.191 	 244.300
FHW11211	258.250 	 84.191 	 244.300
FHW11211	258.375 	 84.191 	 244.300
FHW11211	258.500 	 84.191 	 244.301
FHW11211	258.625 	 84.191 	 244.298
FHW11211	258.750 	 84.184 	 244.301
FHW11211	258.875 	 84.191 	 244.300
FHW11211	259.000 	 84.191 	 244.300
FHW11211	259.125 	 84.191 	 244.300
FHW11211	259.250 	 84.191 	 244.300
FHW11211	259.375 	 84.191 	 244.301
FHW11211	259.500 	 84.191 	 244.298
FHW11211	259.625 	 84.191 	 244.301
FHW11211	259.750 	 84.191 	 244.300
FHW11211	259.875 	 84.184 	 244.300
FHW11211	260.000 	 84.191 	 244.300
FHW11211	260.125 	 84.191 	 244.301
FHW11211	260.250 	 84.191 	 244.300
FHW11211	260.375 	 84.191 	 244.298
FHW11211	260.500 	 84.191 	 244.301
FHW11211	260.625 	 84.191 	 244.300
FHW11211	260.750 	 84.191 	 244.300
FHW11211	260.875 	 84.184 	 244.300
FHW11211	261.000 	 84.191 	 244.301
FHW11211	261.125 	 84.191 	 244.298
FHW11211	261.250 	 84.191 	 244.301
FHW11211	261.375 	 84.191 	 244.300
FHW11211	261.500 	 84.191 	 244.301
FHW11211	261.625 	 84.191 	 244.298
FHW11211	261.750 	 84.191 	 244.300
FHW11211	261.875 	 84.191 	 244.301
FHW11211	262.000 	 84.184 	 244.298
FHW11211	262.125 	 84.191 	 244.301
FHW11211	262.250 	 84.191 	 244.300
FHW11211	262.375 	 84.191 	 244.301
FHW11211	262.500 	 84.191 	 244.298
FHW11211	262.625 	 84.191 	 244.301
FHW11211	262.750 	 84.191 	 244.300
FHW11211	262.875 	 84.191 	 244.298
FHW11211	263.000 	 84.184 	 244.301
FHW11211	263.125 	 84.191 	 244.300
FHW11211	263.250 	 84.191 	 244.300
FHW11211	263.375 	 84.191 	 244.300
FHW11211	263.500 	 84.191 	 244.301
FHW11211	263.625 	 84.191 	 244.300
FHW11211	263.750 	 84.191 	 244.300
FHW11211	263.875 	 84.191 	 244.300
FHW11211	264.000 	 84.191 	 244.300
FHW11211	264.125 	 84.184 	 244.300
FHW11211	264.250 	 84.191 	 244.300
FHW11211	264.375 	 84.191 	 244.301
FHW11211	264.500 	 84.191 	 244.300
FHW11211	264.625 	 84.191 	 244.300
FHW11211	264.750 	 84.191 	 244.300
FHW11211	264.875 	 84.191 	 244.301
FHW11211	265.000 	 84.191 	 244.298
FHW11211	265.125 	 84.184 	 244.301
FHW11211	265.250 	 84.191 	 244.300
FHW11211	265.375 	 84.191 	 244.300
FHW11211	265.500 	 84.191 	 244.300
FHW11211	265.625 	 84.191 	 244.300
FHW11211	265.750 	 84.191 	 244.301
FHW11211	265.875 	 84.191 	 244.298
FHW11211	266.000 	 84.191 	 244.301
FHW11211	266.125 	 84.191 	 244.300
FHW11211	266.250 	 85.160 	 244.261
FHW11211	266.375 	 86.613 	 244.198
FHW11211	266.500 	 86.613 	 244.201
FHW11211	266.625 	 86.620 	 244.200
FHW11211	266.750 	 86.613 	 244.201
FHW11211	266.875 	 86.613 	 244.200
FHW11211	267.000 	 86.620 	 244.201
FHW11211	267.125 	 86.613 	 244.200
FHW11211	267.250 	 86.613 	 244.200
FHW11211	267.375 	 86.613 	 244.200
FHW11211	267.500 	 86.620 	 244.200
FHW11211	267.625 	 86.613 	 244.201
FHW11211	267.750 	 86.613 	 244.200
FHW11211	267.875 	 86.620 	 244.201
FHW11211	268.000 	 86.613 	 244.200
FHW11211	268.125 	 86.613 	 244.201
FHW11211	268.250 	 86.620 	 244.200
FHW11211	268.375 	 86.613 	 244.200
FHW11211	268.500 	 86.613 	 244.200
FHW11211	268.625 	 86.620 	 244.201
FHW11211	268.750 	 86.613 	 244.200
FHW11211	268.875 	 87.803 	 244.200
FHW11211	269.000 	 87.796 	 244.199
FHW11211	269.125 	 87.803 	 244.202
FHW11211	269.250 	 87.796 	 244.200
FHW11211	269.375 	 87.803 	 244.199
FHW11211	269.500 	 87.796 	 244.200
FHW11211	269.625 	 87.803 	 244.200
FHW11211	269.750 	 87.796 	 244.199
FHW11211	269.875 	 87.803 	 244.202
FHW11211	270.000 	 87.796 	 244.199
FHW11211	270.125 	 87.803 	 244.200
FHW11211	270.250 	 87.796 	 244.200
FHW11211	270.375 	 87.803 	 244.199
FHW11211	270.500 	 87.796 	 244.200
FHW11211	270.625 	 87.803 	 244.202
FHW11211	270.750 	 87.803 	 244.199
FHW11211	270.875 	 87.796 	 244.200
FHW11211	271.000 	 87.803 	 244.200
FHW11211	271.125 	 87.796 	 244.199
FHW11211	271.250 	 87.803 	 244.202
FHW11211	271.375 	 87.796 	 244.200
FHW11211	271.500 	 87.803 	 244.199
FHW11211	271.625 	 87.796 	 244.200
FHW11211	271.750 	 87.803 	 244.199
FHW11211	271.875 	 87.796 	 244.200
FHW11211	272.000 	 87.803 	 244.202
FHW11211	272.125 	 87.796 	 244.200
FHW11211	272.250 	 87.803 	 244.200
FHW11211	272.375 	 87.796 	 244.197
FHW11211	272.500 	 87.803 	 244.200
FHW11211	272.625 	 87.796 	 244.200
FHW11211	272.750 	 87.803 	 244.202
FHW11211	272.875 	 87.803 	 244.200
FHW11211	273.000 	 87.796 	 244.197
FHW11211	273.125 	 87.803 	 244.200
FHW11211	273.250 	 87.796 	 244.200
FHW11211	273.375 	 87.803 	 244.200
FHW11211	273.500 	 87.796 	 244.202
FHW11211	273.625 	 87.803 	 244.200
FHW11211	273.750 	 87.796 	 244.197
FHW11211	273.875 	 87.803 	 244.200
FHW11211	274.000 	 87.796 	 244.200
FHW11211	274.125 	 87.803 	 244.202
FHW11211	274.250 	 87.796 	 244.200
FHW11211	274.375 	 87.803 	 244.197
FHW11211	274.500 	 87.796 	 244.200
FHW11211	274.625 	 88.671 	 244.148
FHW11211	274.750 	 88.937 	 244.131
FHW11211	274.875 	 88.944 	 244.126
FHW11211	275.000 	 88.937 	 244.131
FHW11211	275.125 	 88.944 	 244.131
FHW11211	275.250 	 88.937 	 244.128
FHW11211	275.375 	 88.944 	 244.131
FHW11211	275.500 	 88.937 	 244.131
FHW11211	275.625 	 88.937 	 244.131
FHW11211	275.750 	 88.944 	 244.128
FHW11211	275.875 	 88.937 	 244.131
FHW11211	276.000 	 88.944 	 244.131
FHW11211	276.125 	 88.937 	 244.128
FHW11211	276.250 	 88.944 	 244.131
FHW11211	276.375 	 88.937 	 244.131
FHW11211	276.500 	 88.944 	 244.128
FHW11211	276.625 	 88.937 	 244.129
FHW11211	276.750 	 88.944 	 244.131
FHW11211	276.875 	 88.937 	 244.128
FHW11211	277.000 	 88.937 	 244.131
FHW11211	277.125 	 88.944 	 244.131
FHW11211	277.250 	 88.937 	 244.128
FHW11211	277.375 	 88.944 	 244.131
FHW11211	277.500 	 88.937 	 244.131
FHW11211	277.625 	 88.944 	 244.128
FHW11211	277.750 	 88.937 	 244.131
FHW11211	277.875 	 88.944 	 244.131
FHW11211	278.000 	 88.937 	 244.131
FHW11211	278.125 	 88.944 	 244.128
FHW11211	278.250 	 88.937 	 244.131
FHW11211	278.375 	 88.937 	 244.129
FHW11211	278.500 	 88.944 	 244.128
FHW11211	278.625 	 88.937 	 244.131
FHW11211	278.750 	 88.944 	 244.131
FHW11211	278.875 	 88.937 	 244.128
FHW11211	279.000 	 88.944 	 244.131
FHW11211	279.125 	 88.937 	 244.131
FHW11211	279.250 	 88.944 	 244.128
FHW11211	279.375 	 88.937 	 244.131
FHW11211	279.500 	 88.944 	 244.131
FHW11211	279.625 	 88.937 	 244.128
FHW11211	279.750 	 88.937 	 244.129
FHW11211	279.875 	 88.944 	 244.133
FHW11211	280.000 	 88.937 	 244.129
FHW11211	280.125 	 88.944 	 244.130
FHW11211	280.250 	 88.937 	 244.129
FHW11211	280.375 	 88.944 	 244.133
FHW11211	280.500 	 88.937 	 244.126
FHW11211	280.625 	 88.944 	 244.133
FHW11211	280.750 	 88.937 	 244.129
FHW11211	280.875 	 88.944 	 244.130
FHW11211	281.000 	 88.937 	 244.129
FHW11211	281.125 	 89.650 	 244.032
FHW11211	281.250 	 89.650 	 244.026
FHW11211	281.375 	 89.650 	 244.032
FHW11211	281.500 	 89.650 	 244.029
FHW11211	281.625 	 89.650 	 244.029
FHW11211	281.750 	 89.650 	 244.029
FHW11211	281.875 	 89.650 	 244.029
FHW11211	282.000 	 89.650 	 244.032
FHW11211	282.125 	 89.650 	 244.029
FHW11211	282.250 	 89.650 	 244.029
FHW11211	282.375 	 89.650 	 244.029
FHW11211	282.500 	 89.650 	 244.032
FHW11211	282.625 	 89.643 	 244.029
FHW11211	282.750 	 89.650 	 244.029
FHW11211	282.875 	 89.650 	 244.032
FHW11211	283.000 	 89.650 	 244.026
FHW11211	283.125 	 89.650 	 244.032
FHW11211	283.250 	 89.650 	 244.029
FHW11211	283.375 	 89.650 	 244.029
FHW11211	283.500 	 89.650 	 244.032
FHW11211	283.625 	 89.650 	 244.026
FHW11211	283.750 	 89.650 	 244.032
FHW11211	283.875 	 89.650 	 244.029
FHW11211	284.000 	 89.650 	 244.029
FHW11211	284.125 	 89.748 	 244.201
FHW11211	284.250 	 89.916 	 244.499
FHW11211	284.375 	 89.923 	 244.498
FHW11211	284.500 	 89.923 	 244.502
FHW11211	284.625 	 89.916 	 244.498
FHW11211	284.750 	 89.923 	 244.502
FHW11211	284.875 	 89.916 	 244.502
FHW11211	285.000 	 89.923 	 244.498
FHW11211	285.125 	 89.916 	 244.502
FHW11211	285.250 	 89.923 	 244.498
FHW11211	285.375 	 89.916 	 244.499
FHW11211	285.500 	 89.923 	 244.502
FHW11211	285.625 	 89.923 	 244.498
FHW11211	285.750 	 89.916 	 244.502
FHW11211	285.875 	 89.923 	 244.498
FHW11211	286.000 	 89.916 	 244.502
FHW11211	286.125 	 89.923 	 244.502
FHW11211	286.250 	 89.916 	 244.498
FHW11211	286.375 	 89.923 	 244.502
FHW11211	286.500 	 89.916 	 244.495
FHW11211	286.625 	 89.923 	 244.502
FHW11211	286.750 	 89.923 	 244.502
FHW11211	286.875 	 89.916 	 244.498
FHW11211	287.000 	 89.923 	 244.502
FHW11211	287.125 	 89.916 	 244.502
FHW11211	287.250 	 89.923 	 244.498
FHW11211	287.375 	 89.916 	 244.502
FHW11211	287.500 	 89.923 	 244.498
FHW11211	287.625 	 89.916 	 244.499
FHW11211	287.750 	 89.923 	 244.502
FHW11211	287.875 	 89.916 	 244.498
FHW11211	288.000 	 89.923 	 244.502
FHW11211	288.125 	 89.923 	 244.498
FHW11211	288.250 	 89.916 	 244.502
FHW11211	288.375 	 89.923 	 244.502
FHW11211	288.500 	 89.916 	 244.498
FHW11211	288.625 	 89.923 	 244.502
FHW11211	288.750 	 89.916 	 244.495
FHW11211	288.875 	 89.923 	 244.502
FHW11211	289.000 	 89.916 	 244.502
FHW11211	289.125 	 89.923 	 244.498
FHW11211	289.250 	 89.923 	 244.502
FHW11211	289.375 	 89.916 	 244.498
FHW11211	289.500 	 89.923 	 244.502
FHW11211	289.625 	 89.916 	 244.502
FHW11211	289.750 	 89.923 	 244.498
FHW11211	289.875 	 89.916 	 244.499
FHW11211	290.000 	 89.923 	 244.498
FHW11211	290.125 	 89.916 	 244.502
FHW11211	290.250 	 89.923 	 244.502
FHW11211	290.375 	 89.923 	 244.498
FHW11211	290.500 	 89.916 	 244.502
FHW11211	290.625 	 89.923 	 244.498
FHW11211	290.750 	 89.916 	 244.502
FHW11211	290.875 	 89.923 	 244.502
FHW11211	291.000 	 89.916 	 244.495
FHW11211	291.125 	 89.923 	 244.502
FHW11211	291.250 	 89.916 	 244.498
FHW11211	291.375 	 89.923 	 244.502
FHW11211	291.500 	 89.923 	 244.502
FHW11211	291.625 	 89.916 	 244.498
FHW11211	291.750 	 89.923 	 244.502
FHW11211	291.875 	 89.916 	 244.498
FHW11211	292.000 	 89.923 	 244.499
FHW11211	292.125 	 89.916 	 244.502
FHW11211	292.250 	 89.923 	 244.498
FHW11211	292.375 	 89.916 	 244.502
FHW11211	292.500 	 89.923 	 244.498
FHW11211	292.625 	 89.923 	 244.502
FHW11211	292.750 	 89.916 	 244.502
FHW11211	292.875 	 89.923 	 244.498
FHW11211	293.000 	 89.916 	 244.502
FHW11211	293.125 	 89.923 	 244.495
FHW11211	293.250 	 89.916 	 244.502
FHW11211	293.375 	 89.923 	 244.502
FHW11211	293.500 	 89.916 	 244.498
FHW11211	293.625 	 89.923 	 244.502
FHW11211	293.750 	 90.245 	 244.786
FHW11211	293.875 	 90.595 	 245.102
FHW11211	294.000 	 90.595 	 245.099
FHW11211	294.125 	 90.595 	 245.099
FHW11211	294.250 	 90.595 	 245.099
FHW11211	294.375 	 90.595 	 245.102
FHW11211	294.500 	 90.595 	 245.099
FHW11211	294.625 	 90.595 	 245.099
FHW11211	294.750 	 90.595 	 245.099
FHW11211	294.875 	 90.595 	 245.102
FHW11211	295.000 	 90.602 	 245.099
FHW11211	295.125 	 90.595 	 245.099
FHW11211	295.250 	 90.595 	 245.102
FHW11211	295.375 	 90.595 	 245.096
FHW11211	295.500 	 90.595 	 245.099
FHW11211	295.625 	 90.595 	 245.099
FHW11211	295.750 	 90.595 	 245.102
FHW11211	295.875 	 90.595 	 245.099
FHW11211	296.000 	 90.595 	 245.099
FHW11211	296.125 	 90.595 	 245.102
FHW11211	296.250 	 90.595 	 245.099
FHW11211	296.375 	 90.595 	 245.099
FHW11211	296.500 	 90.595 	 245.099
FHW11211	296.625 	 90.595 	 245.102
FHW11211	296.750 	 90.595 	 245.099
FHW11211	296.875 	 90.602 	 245.099
FHW11211	297.000 	 90.595 	 245.099
FHW11211	297.125 	 90.595 	 245.102
FHW11211	297.250 	 90.595 	 245.099
FHW11211	297.375 	 90.595 	 245.099
FHW11211	297.500 	 90.595 	 245.100
FHW11211	297.625 	 90.595 	 245.099
FHW11211	297.750 	 90.595 	 245.099
FHW11211	297.875 	 90.595 	 245.099
FHW11211	298.000 	 90.595 	 245.102
FHW11211	298.125 	 90.595 	 245.099
FHW11211	298.250 	 90.595 	 245.099
FHW11211	298.375 	 90.595 	 245.102
FHW11211	298.500 	 90.595 	 245.099
FHW11211	298.625 	 90.595 	 245.099
FHW11211	298.750 	 90.602 	 245.099
FHW11211	298.875 	 90.595 	 245.102
FHW11211	299.000 	 90.595 	 245.099
FHW11211	299.125 	 90.595 	 245.099
FHW11211	299.250 	 90.595 	 245.099
FHW11211	299.375 	 90.595 	 245.102
FHW11211	299.500 	 90.595 	 245.099
FHW11211	299.625 	 90.595 	 245.096
FHW11211	299.750 	 90.595 	 245.102
FHW11211	299.875 	 90.595 	 245.099
FHW11211	300.000 	 90.595 	 245.099
FHW11211	300.125 	 90.595 	 245.099
FHW11211	300.250 	 90.595 	 245.102
FHW11211	300.375 	 90.595 	 245.099
FHW11211	300.500 	 90.595 	 245.099
FHW11211	300.625 	 90.602 	 245.102
FHW11211	300.750 	 90.595 	 245.099
FHW11211	300.875 	 90.595 	 245.099
FHW11211	301.000 	 90.595 	 245.099
FHW11211	301.125 	 90.595 	 245.102
FHW11211	301.250 	 90.595 	 245.099
FHW11211	301.375 	 90.595 	 245.099
FHW11211	301.500 	 90.595 	 245.102
FHW11211	301.625 	 90.595 	 245.099
FHW11211	301.750 	 90.595 	 245.096
FHW11211	301.875 	 90.595 	 245.099
FHW11211	302.000 	 90.595 	 245.102
FHW11211	302.125 	 90.595 	 245.099
FHW11211	302.250 	 90.595 	 245.099
FHW11211	302.375 	 90.602 	 245.099
FHW11211	302.500 	 90.595 	 245.102
FHW11211	302.625 	 90.595 	 245.099
FHW11211	302.750 	 90.595 	 245.099
FHW11211	302.875 	 90.595 	 245.102
FHW11211	303.000 	 90.595 	 245.099
FHW11211	303.125 	 90.595 	 245.099
FHW11211	303.250 	 90.595 	 245.099
FHW11211	303.375 	 90.979 	 245.040
FHW11211	303.500 	 91.238 	 244.999
FHW11211	303.625 	 91.231 	 245.003
FHW11211	303.750 	 91.238 	 244.999
FHW11211	303.875 	 91.231 	 245.000
FHW11211	304.000 	 91.238 	 244.999
FHW11211	304.125 	 91.231 	 244.999
FHW11211	304.250 	 91.238 	 245.003
FHW11211	304.375 	 91.238 	 244.996
FHW11211	304.500 	 91.231 	 245.003
FHW11211	304.625 	 91.238 	 244.999
FHW11211	304.750 	 91.231 	 245.003
FHW11211	304.875 	 91.238 	 244.996
FHW11211	305.000 	 91.231 	 245.003
FHW11211	305.125 	 91.238 	 244.999
FHW11211	305.250 	 91.231 	 244.996
FHW11211	305.375 	 91.238 	 245.003
FHW11211	305.500 	 91.238 	 244.999
FHW11211	305.625 	 91.231 	 245.003
FHW11211	305.750 	 91.238 	 244.996
FHW11211	305.875 	 91.231 	 245.003
FHW11211	306.000 	 91.238 	 244.999
FHW11211	306.125 	 91.231 	 245.003
FHW11211	306.250 	 91.238 	 244.996
FHW11211	306.375 	 91.238 	 244.999
FHW11211	306.500 	 91.231 	 245.003
FHW11211	306.625 	 91.238 	 244.999
FHW11211	306.750 	 91.231 	 245.000
FHW11211	306.875 	 91.238 	 244.999
FHW11211	307.000 	 91.231 	 245.003
FHW11211	307.125 	 91.238 	 244.999
FHW11211	307.250 	 91.238 	 245.000
FHW11211	307.375 	 91.231 	 244.999
FHW11211	307.500 	 91.238 	 244.999
FHW11211	307.625 	 91.231 	 245.003
FHW11211	307.750 	 91.238 	 244.996
FHW11211	307.875 	 91.231 	 245.003
FHW11211	308.000 	 91.238 	 244.999
FHW11211	308.125 	 91.238 	 245.000
FHW11211	308.250 	 91.231 	 244.999
FHW11211	308.375 	 91.238 	 245.003
FHW11211	308.500 	 91.231 	 244.999
FHW11211	308.625 	 91.238 	 244.996
FHW11211	308.750 	 91.231 	 245.003
FHW11211	308.875 	 91.238 	 244.999
FHW11211	309.000 	 91.238 	 245.003
FHW11211	309.125 	 91.231 	 244.996
FHW11211	309.250 	 91.238 	 245.003
FHW11211	309.375 	 91.231 	 244.999
FHW11211	309.500 	 91.238 	 245.003
FHW11211	309.625 	 91.231 	 244.996
FHW11211	309.750 	 91.238 	 244.999
FHW11211	309.875 	 91.238 	 245.003
FHW11211	310.000 	 91.231 	 244.999
FHW11211	310.125 	 91.238 	 245.000
FHW11211	310.250 	 91.231 	 244.999
FHW11211	310.375 	 91.238 	 245.003
FHW11211	310.500 	 91.231 	 244.999
FHW11211	310.625 	 91.238 	 245.000
FHW11211	310.750 	 91.238 	 244.999
FHW11211	310.875 	 91.231 	 244.999
FHW11211	311.000 	 91.238 	 245.003
FHW11211	311.125 	 91.231 	 244.996
FHW11211	311.250 	 91.238 	 245.003
FHW11211	311.375 	 91.231 	 244.999
FHW11211	311.500 	 91.238 	 245.000
FHW11211	311.625 	 91.238 	 244.999
FHW11211	311.750 	 91.231 	 244.999
FHW11211	311.875 	 91.238 	 245.003
FHW11211	312.000 	 91.231 	 244.996
FHW11211	312.125 	 91.238 	 245.003
FHW11211	312.250 	 91.231 	 244.999
FHW11211	312.375 	 91.238 	 245.003
FHW11211	312.500 	 91.238 	 244.996
FHW11211	312.625 	 91.231 	 245.003
FHW11211	312.750 	 91.238 	 244.999
FHW11211	312.875 	 91.210 	 244.971
FHW11211	313.000 	 91.063 	 244.749
FHW11211	313.125 	 91.056 	 244.749
FHW11211	313.250 	 91.063 	 244.752
FHW11211	313.375 	 91.056 	 244.749
FHW11211	313.500 	 91.063 	 244.749
FHW11211	313.625 	 91.056 	 244.752
FHW11211	313.750 	 91.063 	 244.749
FHW11211	313.875 	 91.063 	 244.749
FHW11211	314.000 	 91.056 	 244.749
FHW11211	314.125 	 91.063 	 244.752
FHW11211	314.250 	 91.056 	 244.749
FHW11211	314.375 	 91.063 	 244.749
FHW11211	314.500 	 91.056 	 244.752
FHW11211	314.625 	 91.063 	 244.749
FHW11211	314.750 	 91.056 	 244.749
FHW11211	314.875 	 91.063 	 244.752
FHW11211	315.000 	 91.056 	 244.749
FHW11211	315.125 	 91.063 	 244.749
FHW11211	315.250 	 91.063 	 244.752
FHW11211	315.375 	 91.056 	 244.749
FHW11211	315.500 	 91.063 	 244.749
FHW11211	315.625 	 91.056 	 244.752
FHW11211	315.750 	 91.063 	 244.749
FHW11211	315.875 	 91.056 	 244.749
FHW11211	316.000 	 91.063 	 244.749
FHW11211	316.125 	 91.056 	 244.752
FHW11211	316.250 	 91.063 	 244.749
FHW11211	316.375 	 91.056 	 244.749
FHW11211	316.500 	 91.063 	 244.752
FHW11211	316.625 	 91.056 	 244.749
FHW11211	316.750 	 91.063 	 244.749
FHW11211	316.875 	 91.063 	 244.752
FHW11211	317.000 	 91.056 	 244.749
FHW11211	317.125 	 91.063 	 244.749
FHW11211	317.250 	 91.056 	 244.752
FHW11211	317.375 	 91.063 	 244.749
FHW11211	317.500 	 91.056 	 244.749
FHW11211	317.625 	 91.063 	 244.749
FHW11211	317.750 	 91.056 	 244.752
FHW11211	317.875 	 91.063 	 244.749
FHW11211	318.000 	 91.056 	 244.749
FHW11211	318.125 	 91.063 	 244.752
FHW11211	318.250 	 91.063 	 244.749
FHW11211	318.375 	 91.056 	 244.749
FHW11211	318.500 	 91.063 	 244.752
FHW11211	318.625 	 91.056 	 244.749
FHW11211	318.750 	 91.063 	 244.749
FHW11211	318.875 	 91.056 	 244.752
FHW11211	319.000 	 91.063 	 244.749
FHW11211	319.125 	 91.056 	 244.749
FHW11211	319.250 	 91.063 	 244.752
FHW11211	319.375 	 91.056 	 244.749
FHW11211	319.500 	 91.063 	 244.749
FHW11211	319.625 	 91.056 	 244.749
FHW11211	319.750 	 91.063 	 244.752
FHW11211	319.875 	 91.063 	 244.749
FHW11211	320.000 	 91.056 	 244.749
FHW11211	320.125 	 91.063 	 244.752
FHW11211	320.250 	 91.056 	 244.749
FHW11211	320.375 	 91.063 	 244.749
FHW11211	320.500 	 91.056 	 244.752
FHW11211	320.625 	 91.063 	 244.749
FHW11211	320.750 	 91.056 	 244.749
FHW11211	320.875 	 91.063 	 244.752
FHW11211	321.000 	 91.056 	 244.749
FHW11211	321.125 	 91.063 	 244.749
FHW11211	321.250 	 91.063 	 244.752
FHW11211	321.375 	 91.056 	 244.749
FHW11211	321.500 	 91.063 	 244.749
FHW11211	321.625 	 91.056 	 244.749
FHW11211	321.750 	 91.063 	 244.752
FHW11211	321.875 	 91.056 	 244.749
FHW11211	322.000 	 91.063 	 244.749
FHW11211	322.125 	 91.056 	 244.752
FHW11211	322.250 	 91.063 	 244.749
FHW11211	322.375 	 91.056 	 244.749
FHW11211	322.500 	 90.832 	 244.655
FHW11211	322.625 	 90.706 	 244.599
FHW11211	322.750 	 90.706 	 244.602
FHW11211	322.875 	 90.706 	 244.602
FHW11211	323.000 	 90.706 	 244.599
FHW11211	323.125 	 90.699 	 244.602
FHW11211	323.250 	 90.706 	 244.599
FHW11211	323.375 	 90.706 	 244.602
FHW11211	323.500 	 90.706 	 244.596
FHW11211	323.625 	 90.706 	 244.602
FHW11211	323.750 	 90.699 	 244.599
FHW11211	323.875 	 90.706 	 244.602
FHW11211	324.000 	 90.706 	 244.602
FHW11211	324.125 	 90.706 	 244.599
FHW11211	324.250 	 90.706 	 244.602
FHW11211	324.375 	 90.699 	 244.599
FHW11211	324.500 	 90.706 	 244.599
FHW11211	324.625 	 90.706 	 244.599
FHW11211	324.750 	 90.706 	 244.602
FHW11211	324.875 	 90.706 	 244.599
FHW11211	325.000 	 90.699 	 244.602
FHW11211	325.125 	 90.706 	 244.599
FHW11211	325.250 	 90.706 	 244.602
FHW11211	325.375 	 90.706 	 244.602
FHW11211	325.500 	 90.706 	 244.596
FHW11211	325.625 	 90.699 	 244.602
FHW11211	325.750 	 90.706 	 244.599
FHW11211	325.875 	 90.706 	 244.602
FHW11211	326.000 	 90.706 	 244.599
FHW11211	326.125 	 90.706 	 244.602
FHW11211	326.250 	 90.699 	 244.599
FHW11211	326.375 	 90.706 	 244.602
FHW11211	326.500 	 90.706 	 244.599
FHW11211	326.625 	 90.706 	 244.599
FHW11211	326.750 	 90.706 	 244.602
FHW11211	326.875 	 90.699 	 244.599
FHW11211	327.000 	 90.706 	 244.602
FHW11211	327.125 	 90.706 	 244.599
FHW11211	327.250 	 90.706 	 244.602
FHW11211	327.375 	 90.706 	 244.599
FHW11211	327.500 	 90.699 	 244.599
FHW11211	327.625 	 90.706 	 244.599
FHW11211	327.750 	 90.706 	 244.602
FHW11211	327.875 	 90.706 	 244.602
FHW11211	328.000 	 90.706 	 244.599
FHW11211	328.125 	 90.699 	 244.602
FHW11211	328.250 	 90.706 	 244.599
FHW11211	328.375 	 90.706 	 244.602
FHW11211	328.500 	 90.706 	 244.596
FHW11211	328.625 	 90.699 	 244.602
FHW11211	328.750 	 90.706 	 244.599
FHW11211	328.875 	 90.706 	 244.602
FHW11211	329.000 	 90.706 	 244.602
FHW11211	329.125 	 90.706 	 244.599
FHW11211	329.250 	 90.699 	 244.602
FHW11211	329.375 	 90.706 	 244.596
FHW11211	329.500 	 90.706 	 244.602
FHW11211	329.625 	 90.706 	 244.599
FHW11211	329.750 	 90.706 	 244.602
FHW11211	329.875 	 90.699 	 244.599
FHW11211	330.000 	 90.706 	 244.602
FHW11211	330.125 	 90.706 	 244.599
FHW11211	330.250 	 90.706 	 244.602
FHW11211	330.375 	 90.706 	 244.599
FHW11211	330.500 	 90.699 	 244.599
FHW11211	330.625 	 90.706 	 244.602
FHW11211	330.750 	 90.706 	 244.599
FHW11211	330.875 	 90.706 	 244.602
FHW11211	331.000 	 90.706 	 244.599
FHW11211	331.125 	 90.699 	 244.602
FHW11211	331.250 	 90.706 	 244.599
FHW11211	331.375 	 90.706 	 244.599
FHW11211	331.500 	 90.706 	 244.602
FHW11211	331.625 	 90.706 	 244.599
FHW11211	331.750 	 90.588 	 244.555
FHW11211	331.875 	 90.462 	 244.498
FHW11211	332.000 	 90.469 	 244.499
FHW11211	332.125 	 90.462 	 244.502
FHW11211	332.250 	 90.469 	 244.502
FHW11211	332.375 	 90.462 	 244.498
FHW11211	332.500 	 90.469 	 244.499
FHW11211	332.625 	 90.462 	 244.502
FHW11211	332.750 	 90.469 	 244.498
FHW11211	332.875 	 90.462 	 244.502
FHW11211	333.000 	 90.469 	 244.499
FHW11211	333.125 	 90.462 	 244.502
FHW11211	333.250 	 90.469 	 244.498
FHW11211	333.375 	 90.462 	 244.502
FHW11211	333.500 	 90.469 	 244.499
FHW11211	333.625 	 90.462 	 244.502
FHW11211	333.750 	 90.469 	 244.498
FHW11211	333.875 	 90.462 	 244.499
FHW11211	334.000 	 90.469 	 244.502
FHW11211	334.125 	 90.462 	 244.502
FHW11211	334.250 	 90.469 	 244.498
FHW11211	334.375 	 90.462 	 244.499
FHW11211	334.500 	 90.469 	 244.502
FHW11211	334.625 	 90.462 	 244.502
FHW11211	334.750 	 90.462 	 244.498
FHW11211	334.875 	 90.469 	 244.499
FHW11211	335.000 	 90.462 	 244.502
FHW11211	335.125 	 90.469 	 244.502
FHW11211	335.250 	 90.462 	 244.498
FHW11211	335.375 	 90.469 	 244.499
FHW11211	335.500 	 90.462 	 244.502
FHW11211	335.625 	 90.469 	 244.502
FHW11211	335.750 	 90.462 	 244.498
FHW11211	335.875 	 90.469 	 244.499
FHW11211	336.000 	 90.462 	 244.502
FHW11211	336.125 	 90.469 	 244.498
FHW11211	336.250 	 90.462 	 244.502
FHW11211	336.375 	 90.469 	 244.499
FHW11211	336.500 	 90.462 	 244.502
FHW11211	336.625 	 90.469 	 244.498
FHW11211	336.750 	 90.462 	 244.502
FHW11211	336.875 	 90.469 	 244.499
FHW11211	337.000 	 90.462 	 244.502
FHW11211	337.125 	 90.469 	 244.498
FHW11211	337.250 	 90.462 	 244.502
FHW11211	337.375 	 90.469 	 244.499
FHW11211	337.500 	 90.462 	 244.502
FHW11211	337.625 	 90.469 	 244.498
FHW11211	337.750 	 90.462 	 244.499
FHW11211	337.875 	 90.469 	 244.502
FHW11211	338.000 	 90.462 	 244.502
FHW11211	338.125 	 90.462 	 244.498
FHW11211	338.250 	 90.469 	 244.499
FHW11211	338.375 	 90.462 	 244.502
FHW11211	338.500 	 90.469 	 244.502
FHW11211	338.625 	 90.462 	 244.498
FHW11211	338.750 	 90.469 	 244.499
FHW11211	338.875 	 90.462 	 244.502
FHW11211	339.000 	 90.469 	 244.502
FHW11211	339.125 	 90.462 	 244.498
FHW11211	339.250 	 90.469 	 244.499
FHW11211	339.375 	 90.462 	 244.502
FHW11211	339.500 	 90.469 	 244.498
FHW11211	339.625 	 90.462 	 244.502
FHW11211	339.750 	 90.469 	 244.499
FHW11211	339.875 	 90.462 	 244.502
FHW11211	340.000 	 90.469 	 244.498
FHW11211	340.125 	 90.462 	 244.502
FHW11211	340.250 	 90.469 	 244.499
FHW11211	340.375 	 90.462 	 244.502
FHW11211	340.500 	 90.469 	 244.498
FHW11211	340.625 	 90.462 	 244.502
FHW11211	340.750 	 90.469 	 244.499
FHW11211	340.875 	 90.462 	 244.502
FHW11211	341.000 	 90.378 	 244.517
FHW11211	341.125 	 90.252 	 244.552
FHW11211	341.250 	 90.252 	 244.549
FHW11211	341.375 	 90.252 	 244.552
FHW11211	341.500 	 90.245 	 244.549
FHW11211	341.625 	 90.252 	 244.552
FHW11211	341.750 	 90.252 	 244.549
FHW11211	341.875 	 90.252 	 244.552
FHW11211	342.000 	 90.245 	 244.549
FHW11211	342.125 	 90.252 	 244.552
FHW11211	342.250 	 90.252 	 244.549
FHW11211	342.375 	 90.245 	 244.552
FHW11211	342.500 	 90.252 	 244.549
FHW11211	342.625 	 90.252 	 244.552
FHW11211	342.750 	 90.252 	 244.549
FHW11211	342.875 	 90.245 	 244.552
FHW11211	343.000 	 90.252 	 244.549
FHW11211	343.125 	 90.252 	 244.552
FHW11211	343.250 	 90.252 	 244.549
FHW11211	343.375 	 90.245 	 244.549
FHW11211	343.500 	 90.252 	 244.549
FHW11211	343.625 	 90.252 	 244.552
FHW11211	343.750 	 90.252 	 244.549
FHW11211	343.875 	 90.245 	 244.552
FHW11211	344.000 	 90.252 	 244.549
FHW11211	344.125 	 90.252 	 244.552
FHW11211	344.250 	 90.252 	 244.549
FHW11211	344.375 	 90.245 	 244.552
FHW11211	344.500 	 90.252 	 244.549
FHW11211	344.625 	 90.252 	 244.552
FHW11211	344.750 	 90.252 	 244.549
FHW11211	344.875 	 90.245 	 244.552
FHW11211	345.000 	 90.252 	 244.549
FHW11211	345.125 	 90.252 	 244.552
FHW11211	345.250 	 90.252 	 244.549
FHW11211	345.375 	 90.245 	 244.552
FHW11211	345.500 	 90.252 	 244.549
FHW11211	345.625 	 90.252 	 244.552
FHW11211	345.750 	 90.252 	 244.549
FHW11211	345.875 	 90.245 	 244.552
FHW11211	346.000 	 90.252 	 244.549
FHW11211	346.125 	 90.252 	 244.552
FHW11211	346.250 	 90.252 	 244.549
FHW11211	346.375 	 90.245 	 244.552
FHW11211	346.500 	 90.252 	 244.549
FHW11211	346.625 	 90.252 	 244.549
FHW11211	346.750 	 90.252 	 244.552
FHW11211	346.875 	 90.245 	 244.549
FHW11211	347.000 	 90.252 	 244.552
FHW11211	347.125 	 90.252 	 244.549
FHW11211	347.250 	 90.252 	 244.552
FHW11211	347.375 	 90.245 	 244.549
FHW11211	347.500 	 90.252 	 244.549
FHW11211	347.625 	 90.252 	 244.549
FHW11211	347.750 	 90.252 	 244.552
FHW11211	347.875 	 90.245 	 244.549
FHW11211	348.000 	 90.252 	 244.552
FHW11211	348.125 	 90.252 	 244.549
FHW11211	348.250 	 90.252 	 244.552
FHW11211	348.375 	 90.245 	 244.549
FHW11211	348.500 	 90.252 	 244.552
FHW11211	348.625 	 90.252 	 244.549
FHW11211	348.750 	 90.245 	 244.552
FHW11211	348.875 	 90.252 	 244.549
FHW11211	349.000 	 90.252 	 244.552
FHW11211	349.125 	 90.252 	 244.549
FHW11211	349.250 	 90.245 	 244.552
FHW11211	349.375 	 90.252 	 244.549
FHW11211	349.500 	 90.252 	 244.552
FHW11211	349.625 	 90.252 	 244.549
FHW11211	349.750 	 90.245 	 244.552
FHW11211	349.875 	 90.252 	 244.549
FHW11211	350.000 	 90.252 	 244.552
FHW11211	350.125 	 90.252 	 244.549
FHW11211	350.250 	 90.245 	 244.552
FHW11211	350.375 	 90.217 	 244.586
FHW11211	350.500 	 90.196 	 244.599
FHW11211	350.625 	 90.203 	 244.602
FHW11211	350.750 	 90.203 	 244.599
FHW11211	350.875 	 90.196 	 244.599
FHW11211	351.000 	 90.203 	 244.602
FHW11211	351.125 	 90.196 	 244.602
FHW11211	351.250 	 90.203 	 244.602
FHW11211	351.375 	 90.203 	 244.599
FHW11211	351.500 	 90.196 	 244.599
FHW11211	351.625 	 90.203 	 244.602
FHW11211	351.750 	 90.196 	 244.599
FHW11211	351.875 	 90.203 	 244.599
FHW11211	352.000 	 90.203 	 244.602
FHW11211	352.125 	 90.196 	 244.599
FHW11211	352.250 	 90.203 	 244.602
FHW11211	352.375 	 90.196 	 244.599
FHW11211	352.500 	 90.203 	 244.599
FHW11211	352.625 	 90.203 	 244.602
FHW11211	352.750 	 90.196 	 244.602
FHW11211	352.875 	 90.203 	 244.599
FHW11211	353.000 	 90.196 	 244.602
FHW11211	353.125 	 90.203 	 244.599
FHW11211	353.250 	 90.203 	 244.599
FHW11211	353.375 	 90.196 	 244.602
FHW11211	353.500 	 90.203 	 244.599
FHW11211	353.625 	 90.203 	 244.602
FHW11211	353.750 	 90.196 	 244.599
FHW11211	353.875 	 90.203 	 244.599
FHW11211	354.000 	 90.196 	 244.602
FHW11211	354.125 	 90.203 	 244.599
FHW11211	354.250 	 90.203 	 244.599
FHW11211	354.375 	 90.196 	 244.602
FHW11211	354.500 	 90.203 	 244.602
FHW11211	354.625 	 90.196 	 244.602
FHW11211	354.750 	 90.203 	 244.599
FHW11211	354.875 	 90.203 	 244.599
FHW11211	355.000 	 90.196 	 244.602
FHW11211	355.125 	 90.203 	 244.599
FHW11211	355.250 	 90.196 	 244.599
FHW11211	355.375 	 90.203 	 244.602
FHW11211	355.500 	 90.203 	 244.599
FHW11211	355.625 	 90.196 	 244.602
FHW11211	355.750 	 90.203 	 244.599
FHW11211	355.875 	 90.196 	 244.599
FHW11211	356.000 	 90.203 	 244.602
FHW11211	356.125 	 90.203 	 244.599
FHW11211	356.250 	 90.196 	 244.602
FHW11211	356.375 	 90.203 	 244.602
FHW11211	356.500 	 90.196 	 244.599
FHW11211	356.625 	 90.203 	 244.602
FHW11211	356.750 	 90.203 	 244.599
FHW11211	356.875 	 90.196 	 244.599
FHW11211	357.000 	 90.203 	 244.602
FHW11211	357.125 	 90.196 	 244.599
FHW11211	357.250 	 90.203 	 244.599
FHW11211	357.375 	 90.203 	 244.602
FHW11211	357.500 	 90.196 	 244.599
FHW11211	357.625 	 90.203 	 244.602
FHW11211	357.750 	 90.203 	 244.599
FHW11211	357.875 	 90.196 	 244.602
FHW11211	358.000 	 90.203 	 244.602
FHW11211	358.125 	 90.196 	 244.599
FHW11211	358.250 	 90.203 	 244.599
FHW11211	358.375 	 90.203 	 244.602
FHW11211	358.500 	 90.196 	 244.599
FHW11211	358.625 	 90.203 	 244.602
FHW11211	358.750 	 90.196 	 244.599
FHW11211	358.875 	 90.203 	 244.599
FHW11211	359.000 	 90.203 	 244.602
FHW11211	359.125 	 90.196 	 244.599
FHW11211	359.250 	 90.203 	 244.599
FHW11211	359.375 	 90.196 	 244.602
FHW11211	359.500 	 90.175 	 244.545
FHW11211	359.625 	 90.147 	 244.498
FHW11211	359.750 	 90.154 	 244.502
FHW11211	359.875 	 90.147 	 244.498
FHW11211	360.000 	 90.154 	 244.502
FHW11211	360.125 	 90.147 	 244.498
FHW11211	360.250 	 90.154 	 244.502
FHW11211	360.375 	 90.147 	 244.498
FHW11211	360.500 	 90.154 	 244.502
FHW11211	360.625 	 90.147 	 244.499
FHW11211	360.750 	 90.147 	 244.498
FHW11211	360.875 	 90.154 	 244.502
FHW11211	361.000 	 90.147 	 244.498
FHW11211	361.125 	 90.154 	 244.502
FHW11211	361.250 	 90.147 	 244.498
FHW11211	361.375 	 90.154 	 244.502
FHW11211	361.500 	 90.147 	 244.498
FHW11211	361.625 	 90.154 	 244.502
FHW11211	361.750 	 90.147 	 244.498
FHW11211	361.875 	 90.154 	 244.502
FHW11211	362.000 	 90.147 	 244.498
FHW11211	362.125 	 90.147 	 244.502
FHW11211	362.250 	 90.154 	 244.502
FHW11211	362.375 	 90.147 	 244.498
FHW11211	362.500 	 90.154 	 244.502
FHW11211	362.625 	 90.147 	 244.495
FHW11211	362.750 	 90.154 	 244.502
FHW11211	362.875 	 90.147 	 244.498
FHW11211	363.000 	 90.154 	 244.502
FHW11211	363.125 	 90.147 	 244.498
FHW11211	363.250 	 90.147 	 244.502
FHW11211	363.375 	 90.154 	 244.498
FHW11211	363.500 	 90.147 	 244.502
FHW11211	363.625 	 90.154 	 244.498
FHW11211	363.750 	 90.147 	 244.502
FHW11211	363.875 	 90.154 	 244.502
FHW11211	364.000 	 90.147 	 244.498
FHW11211	364.125 	 90.154 	 244.502
FHW11211	364.250 	 90.147 	 244.498
FHW11211	364.375 	 90.147 	 244.502
FHW11211	364.500 	 90.154 	 244.498
FHW11211	364.625 	 90.147 	 244.499
FHW11211	364.750 	 90.154 	 244.498
FHW11211	364.875 	 90.147 	 244.502
FHW11211	365.000 	 90.154 	 244.498
FHW11211	365.125 	 90.147 	 244.502
FHW11211	365.250 	 90.154 	 244.498
FHW11211	365.375 	 90.147 	 244.502
FHW11211	365.500 	 90.147 	 244.502
FHW11211	365.625 	 90.154 	 244.498
FHW11211	365.750 	 90.147 	 244.502
FHW11211	365.875 	 90.154 	 244.498
FHW11211	366.000 	 90.147 	 244.502
FHW11211	366.125 	 90.154 	 244.498
FHW11211	366.250 	 90.147 	 244.502
FHW11211	366.375 	 90.154 	 244.498
FHW11211	366.500 	 90.147 	 244.502
FHW11211	366.625 	 90.154 	 244.495
FHW11211	366.750 	 90.147 	 244.502
FHW11211	366.875 	 90.147 	 244.498
FHW11211	367.000 	 90.154 	 244.502
FHW11211	367.125 	 90.147 	 244.502
FHW11211	367.250 	 90.154 	 244.498
FHW11211	367.375 	 90.147 	 244.502
FHW11211	367.500 	 90.154 	 244.498
FHW11211	367.625 	 90.147 	 244.502
FHW11211	367.750 	 90.154 	 244.498
FHW11211	367.875 	 90.147 	 244.502
FHW11211	368.000 	 90.147 	 244.498
FHW11211	368.125 	 90.154 	 244.502
FHW11211	368.250 	 90.147 	 244.498
FHW11211	368.375 	 90.154 	 244.502
FHW11211	368.500 	 90.147 	 244.502
FHW11211	368.625 	 90.154 	 244.495
FHW11211	368.750 	 90.147 	 244.502
FHW11211	368.875 	 90.056 	 244.464
FHW11211	369.000 	 90.007 	 244.452
FHW11211	369.125 	 90.014 	 244.452
FHW11211	369.250 	 90.007 	 244.448
FHW11211	369.375 	 90.014 	 244.452
FHW11211	369.500 	 90.007 	 244.448
FHW11211	369.625 	 90.007 	 244.452
FHW11211	369.750 	 90.014 	 244.452
FHW11211	369.875 	 90.007 	 244.448
FHW11211	370.000 	 90.014 	 244.449
FHW11211	370.125 	 90.007 	 244.452
FHW11211	370.250 	 90.014 	 244.448
FHW11211	370.375 	 90.007 	 244.452
FHW11211	370.500 	 90.007 	 244.448
FHW11211	370.625 	 90.014 	 244.452
FHW11211	370.750 	 90.007 	 244.452
FHW11211	370.875 	 90.014 	 244.448
FHW11211	371.000 	 90.007 	 244.452
FHW11211	371.125 	 90.014 	 244.448
FHW11211	371.250 	 90.007 	 244.449
FHW11211	371.375 	 90.007 	 244.452
FHW11211	371.500 	 90.014 	 244.448
FHW11211	371.625 	 90.007 	 244.452
FHW11211	371.750 	 90.014 	 244.452
FHW11211	371.875 	 90.007 	 244.448
FHW11211	372.000 	 90.007 	 244.452
FHW11211	372.125 	 90.014 	 244.448
FHW11211	372.250 	 90.007 	 244.452
FHW11211	372.375 	 90.014 	 244.452
FHW11211	372.500 	 90.007 	 244.445
FHW11211	372.625 	 90.014 	 244.452
FHW11211	372.750 	 90.007 	 244.448
FHW11211	372.875 	 90.007 	 244.452
FHW11211	373.000 	 90.014 	 244.452
FHW11211	373.125 	 90.007 	 244.448
FHW11211	373.250 	 90.014 	 244.452
FHW11211	373.375 	 90.007 	 244.452
FHW11211	373.500 	 90.014 	 244.448
FHW11211	373.625 	 90.007 	 244.452
FHW11211	373.750 	 90.007 	 244.445
FHW11211	373.875 	 90.014 	 244.452
FHW11211	374.000 	 90.007 	 244.452
FHW11211	374.125 	 90.014 	 244.448
FHW11211	374.250 	 90.007 	 244.452
FHW11211	374.375 	 90.007 	 244.452
FHW11211	374.500 	 90.014 	 244.448
FHW11211	374.625 	 90.007 	 244.452
FHW11211	374.750 	 90.014 	 244.448
FHW11211	374.875 	 90.007 	 244.452
FHW11211	375.000 	 90.014 	 244.449
FHW11211	375.125 	 90.007 	 244.448
FHW11211	375.250 	 90.007 	 244.452
FHW11211	375.375 	 90.014 	 244.448
FHW11211	375.500 	 90.007 	 244.452
FHW11211	375.625 	 90.014 	 244.452
FHW11211	375.750 	 90.007 	 244.448
FHW11211	375.875 	 90.007 	 244.452
FHW11211	376.000 	 90.014 	 244.452
FHW11211	376.125 	 90.007 	 244.448
FHW11211	376.250 	 90.014 	 244.449
FHW11211	376.375 	 90.007 	 244.448
FHW11211	376.500 	 90.014 	 244.452
FHW11211	376.625 	 90.007 	 244.452
FHW11211	376.750 	 90.007 	 244.448
FHW11211	376.875 	 90.014 	 244.452
FHW11211	377.000 	 90.007 	 244.452
FHW11211	377.125 	 90.014 	 244.448
FHW11211	377.250 	 90.007 	 244.452
FHW11211	377.375 	 90.014 	 244.448
FHW11211	377.500 	 90.007 	 244.449
FHW11211	377.625 	 90.007 	 244.452
FHW11211	377.750 	 90.014 	 244.448
FHW11211	377.875 	 90.007 	 244.452
FHW11211	378.000 	 90.014 	 244.448
FHW11211	378.125 	 90.007 	 244.452
FHW11211	378.250 	 90.007 	 244.398
FHW11211	378.375 	 90.014 	 244.398
FHW11211	378.500 	 90.007 	 244.401
FHW11211	378.625 	 90.014 	 244.398
FHW11211	378.750 	 90.007 	 244.401
FHW11211	378.875 	 90.014 	 244.401
FHW11211	379.000 	 90.007 	 244.395
FHW11211	379.125 	 90.014 	 244.401
FHW11211	379.250 	 90.007 	 244.401
FHW11211	379.375 	 90.007 	 244.401
FHW11211	379.500 	 90.014 	 244.398
FHW11211	379.625 	 90.007 	 244.398
FHW11211	379.750 	 90.014 	 244.401
FHW11211	379.875 	 90.007 	 244.398
FHW11211	380.000 	 90.014 	 244.401
FHW11211	380.125 	 90.007 	 244.401
FHW11211	380.250 	 90.007 	 244.398
FHW11211	380.375 	 90.014 	 244.398
FHW11211	380.500 	 90.007 	 244.401
FHW11211	380.625 	 90.014 	 244.401
FHW11211	380.750 	 90.007 	 244.398
FHW11211	380.875 	 90.014 	 244.401
FHW11211	381.000 	 90.007 	 244.398
FHW11211	381.125 	 90.007 	 244.398
FHW11211	381.250 	 90.014 	 244.401
FHW11211	381.375 	 90.007 	 244.401
FHW11211	381.500 	 90.014 	 244.401
FHW11211	381.625 	 90.007 	 244.395
FHW11211	381.750 	 90.014 	 244.401
FHW11211	381.875 	 90.007 	 244.401
FHW11211	382.000 	 90.014 	 244.398
FHW11211	382.125 	 90.007 	 244.401
FHW11211	382.250 	 90.007 	 244.398
FHW11211	382.375 	 90.014 	 244.401
FHW11211	382.500 	 90.007 	 244.398
FHW11211	382.625 	 90.014 	 244.401
FHW11211	382.750 	 90.007 	 244.401
FHW11211	382.875 	 90.014 	 244.395
FHW11211	383.000 	 90.007 	 244.401
FHW11211	383.125 	 90.007 	 244.401
FHW11211	383.250 	 90.014 	 244.398
FHW11211	383.375 	 90.007 	 244.401
FHW11211	383.500 	 90.014 	 244.398
FHW11211	383.625 	 90.007 	 244.401
FHW11211	383.750 	 90.014 	 244.398
FHW11211	383.875 	 90.007 	 244.401
FHW11211	384.000 	 90.007 	 244.401
FHW11211	384.125 	 90.014 	 244.395
FHW11211	384.250 	 90.007 	 244.401
FHW11211	384.375 	 90.014 	 244.401
FHW11211	384.500 	 90.007 	 244.401
FHW11211	384.625 	 90.014 	 244.398
FHW11211	384.750 	 90.007 	 244.398
FHW11211	384.875 	 90.014 	 244.401
FHW11211	385.000 	 90.007 	 244.398
FHW11211	385.125 	 90.007 	 244.401
FHW11211	385.250 	 90.014 	 244.401
FHW11211	385.375 	 90.007 	 244.398
FHW11211	385.500 	 90.014 	 244.398
FHW11211	385.625 	 90.007 	 244.401
FHW11211	385.750 	 90.014 	 244.401
FHW11211	385.875 	 90.007 	 244.398
FHW11211	386.000 	 90.007 	 244.401
FHW11211	386.125 	 90.014 	 244.398
FHW11211	386.250 	 90.007 	 244.398
FHW11211	386.375 	 90.014 	 244.401
FHW11211	386.500 	 90.007 	 244.401
FHW11211	386.625 	 90.014 	 244.401
FHW11211	386.750 	 90.007 	 244.395
FHW11211	386.875 	 90.007 	 244.401
FHW11211	387.000 	 90.014 	 244.401
FHW11211	387.125 	 90.007 	 244.398
FHW11211	387.250 	 90.014 	 244.401
FHW11211	387.375 	 89.678 	 244.398
FHW11211	387.500 	 89.615 	 244.401
FHW11211	387.625 	 89.615 	 244.398
FHW11211	387.750 	 89.615 	 244.401
FHW11211	387.875 	 89.615 	 244.401
FHW11211	388.000 	 89.615 	 244.398
FHW11211	388.125 	 89.608 	 244.401
FHW11211	388.250 	 89.615 	 244.395
FHW11211	388.375 	 89.615 	 244.401
FHW11211	388.500 	 89.615 	 244.398
FHW11211	388.625 	 89.615 	 244.401
FHW11211	388.750 	 89.615 	 244.401
FHW11211	388.875 	 89.615 	 244.398
FHW11211	389.000 	 89.615 	 244.401
FHW11211	389.125 	 89.615 	 244.398
FHW11211	389.250 	 89.615 	 244.401
FHW11211	389.375 	 89.615 	 244.401
FHW11211	389.500 	 89.615 	 244.398
FHW11211	389.625 	 89.615 	 244.401
FHW11211	389.750 	 89.615 	 244.398
FHW11211	389.875 	 89.615 	 244.398
FHW11211	390.000 	 89.615 	 244.401
FHW11211	390.125 	 89.615 	 244.398
FHW11211	390.250 	 89.615 	 244.401
FHW11211	390.375 	 89.615 	 244.398
FHW11211	390.500 	 89.615 	 244.401
FHW11211	390.625 	 89.615 	 244.398
FHW11211	390.750 	 89.608 	 244.401
FHW11211	390.875 	 89.615 	 244.401
FHW11211	391.000 	 89.615 	 244.398
FHW11211	391.125 	 89.615 	 244.401
FHW11211	391.250 	 89.615 	 244.398
FHW11211	391.375 	 89.615 	 244.401
FHW11211	391.500 	 89.615 	 244.401
FHW11211	391.625 	 89.615 	 244.395
FHW11211	391.750 	 89.615 	 244.401
FHW11211	391.875 	 89.615 	 244.398
FHW11211	392.000 	 89.615 	 244.401
FHW11211	392.125 	 89.615 	 244.398
FHW11211	392.250 	 89.615 	 244.401
FHW11211	392.375 	 89.615 	 244.401
FHW11211	392.500 	 89.615 	 244.398
FHW11211	392.625 	 89.615 	 244.401
FHW11211	392.750 	 89.615 	 244.398
FHW11211	392.875 	 89.615 	 244.401
FHW11211	393.000 	 89.615 	 244.401
FHW11211	393.125 	 89.615 	 244.398
FHW11211	393.250 	 89.615 	 244.401
FHW11211	393.375 	 89.615 	 244.395
FHW11211	393.500 	 89.608 	 244.401
FHW11211	393.625 	 89.615 	 244.398
FHW11211	393.750 	 89.615 	 244.401
FHW11211	393.875 	 89.615 	 244.401
FHW11211	394.000 	 89.615 	 244.398
FHW11211	394.125 	 89.615 	 244.401
FHW11211	394.250 	 89.615 	 244.398
FHW11211	394.375 	 89.615 	 244.401
FHW11211	394.500 	 89.615 	 244.401
FHW11211	394.625 	 89.615 	 244.398
FHW11211	394.750 	 89.615 	 244.401
FHW11211	394.875 	 89.615 	 244.398
FHW11211	395.000 	 89.615 	 244.398
FHW11211	395.125 	 89.615 	 244.401
FHW11211	395.250 	 89.615 	 244.398
FHW11211	395.375 	 89.615 	 244.401
FHW11211	395.500 	 89.615 	 244.398
FHW11211	395.625 	 89.615 	 244.401
FHW11211	395.750 	 89.615 	 244.398
FHW11211	395.875 	 89.615 	 244.401
FHW11211	396.000 	 89.615 	 244.401
FHW11211	396.125 	 89.608 	 244.398
FHW11211	396.250 	 89.615 	 244.401
FHW11211	396.375 	 89.580 	 244.405
FHW11211	396.500 	 89.315 	 244.449
FHW11211	396.625 	 89.315 	 244.449
FHW11211	396.750 	 89.315 	 244.455
FHW11211	396.875 	 89.322 	 244.449
FHW11211	397.000 	 89.315 	 244.452
FHW11211	397.125 	 89.315 	 244.449
FHW11211	397.250 	 89.315 	 244.449
FHW11211	397.375 	 89.315 	 244.452
FHW11211	397.500 	 89.315 	 244.449
FHW11211	397.625 	 89.315 	 244.449
FHW11211	397.750 	 89.315 	 244.452
FHW11211	397.875 	 89.315 	 244.452
FHW11211	398.000 	 89.315 	 244.452
FHW11211	398.125 	 89.315 	 244.449
FHW11211	398.250 	 89.315 	 244.449
FHW11211	398.375 	 89.315 	 244.452
FHW11211	398.500 	 89.315 	 244.449
FHW11211	398.625 	 89.315 	 244.449
FHW11211	398.750 	 89.322 	 244.452
FHW11211	398.875 	 89.315 	 244.449
FHW11211	399.000 	 89.315 	 244.455
FHW11211	399.125 	 89.315 	 244.449
FHW11211	399.250 	 89.315 	 244.449
FHW11211	399.375 	 89.315 	 244.452
FHW11211	399.500 	 89.315 	 244.449
FHW11211	399.625 	 89.315 	 244.449
FHW11211	399.750 	 89.315 	 244.452
FHW11211	399.875 	 89.315 	 244.449
FHW11211	400.000 	 89.315 	 244.449
FHW11211	400.125 	 89.315 	 244.452
FHW11211	400.250 	 89.315 	 244.452
FHW11211	400.375 	 89.315 	 244.452
FHW11211	400.500 	 89.322 	 244.449
FHW11211	400.625 	 89.315 	 244.449
FHW11211	400.750 	 89.315 	 244.452
FHW11211	400.875 	 89.315 	 244.449
FHW11211	401.000 	 89.315 	 244.449
FHW11211	401.125 	 89.315 	 244.452
FHW11211	401.250 	 89.315 	 244.449
FHW11211	401.375 	 89.315 	 244.455
FHW11211	401.500 	 89.315 	 244.449
FHW11211	401.625 	 89.315 	 244.449
FHW11211	401.750 	 89.315 	 244.452
FHW11211	401.875 	 89.315 	 244.449
FHW11211	402.000 	 89.315 	 244.449
FHW11211	402.125 	 89.315 	 244.452
FHW11211	402.250 	 89.322 	 244.449
FHW11211	402.375 	 89.315 	 244.452
FHW11211	402.500 	 89.315 	 244.452
FHW11211	402.625 	 89.315 	 244.449
FHW11211	402.750 	 89.315 	 244.452
FHW11211	402.875 	 89.315 	 244.449
FHW11211	403.000 	 89.315 	 244.449
FHW11211	403.125 	 89.315 	 244.452
FHW11211	403.250 	 89.315 	 244.449
FHW11211	403.375 	 89.315 	 244.449
FHW11211	403.500 	 89.315 	 244.452
FHW11211	403.625 	 89.315 	 244.449
FHW11211	403.750 	 89.315 	 244.455
FHW11211	403.875 	 89.315 	 244.449
FHW11211	404.000 	 89.322 	 244.449
FHW11211	404.125 	 89.315 	 244.452
FHW11211	404.250 	 89.315 	 244.449
FHW11211	404.375 	 89.315 	 244.449
FHW11211	404.500 	 89.315 	 244.452
FHW11211	404.625 	 89.315 	 244.449
FHW11211	404.750 	 89.315 	 244.452
FHW11211	404.875 	 89.315 	 244.452
FHW11211	405.000 	 89.315 	 244.449
FHW11211	405.125 	 89.315 	 244.452
FHW11211	405.250 	 89.315 	 244.449
FHW11211	405.375 	 89.315 	 244.449
FHW11211	405.500 	 89.301 	 244.436
FHW11211	405.625 	 89.196 	 244.352
FHW11211	405.750 	 89.203 	 244.348
FHW11211	405.875 	 89.203 	 244.352
FHW11211	406.000 	 89.196 	 244.348
FHW11211	406.125 	 89.203 	 244.352
FHW11211	406.250 	 89.196 	 244.348
FHW11211	406.375 	 89.203 	 244.352
FHW11211	406.500 	 89.203 	 244.348
FHW11211	406.625 	 89.196 	 244.352
FHW11211	406.750 	 89.203 	 244.348
FHW11211	406.875 	 89.196 	 244.349
FHW11211	407.000 	 89.203 	 244.348
FHW11211	407.125 	 89.203 	 244.352
FHW11211	407.250 	 89.196 	 244.348
FHW11211	407.375 	 89.203 	 244.352
FHW11211	407.500 	 89.203 	 244.348
FHW11211	407.625 	 89.196 	 244.352
FHW11211	407.750 	 89.203 	 244.348
FHW11211	407.875 	 89.196 	 244.352
FHW11211	408.000 	 89.203 	 244.348
FHW11211	408.125 	 89.203 	 244.352
FHW11211	408.250 	 89.196 	 244.352
FHW11211	408.375 	 89.203 	 244.348
FHW11211	408.500 	 89.196 	 244.352
FHW11211	408.625 	 89.203 	 244.348
FHW11211	408.750 	 89.203 	 244.352
FHW11211	408.875 	 89.196 	 244.348
FHW11211	409.000 	 89.203 	 244.352
FHW11211	409.125 	 89.203 	 244.348
FHW11211	409.250 	 89.196 	 244.352
FHW11211	409.375 	 89.203 	 244.348
FHW11211	409.500 	 89.196 	 244.352
FHW11211	409.625 	 89.203 	 244.348
FHW11211	409.750 	 89.203 	 244.352
FHW11211	409.875 	 89.196 	 244.348
FHW11211	410.000 	 89.203 	 244.352
FHW11211	410.125 	 89.196 	 244.348
FHW11211	410.250 	 89.203 	 244.352
FHW11211	410.375 	 89.203 	 244.348
FHW11211	410.500 	 89.196 	 244.352
FHW11211	410.625 	 89.203 	 244.352
FHW11211	410.750 	 89.203 	 244.348
FHW11211	410.875 	 89.196 	 244.352
FHW11211	411.000 	 89.203 	 244.348
FHW11211	411.125 	 89.196 	 244.352
FHW11211	411.250 	 89.203 	 244.345
FHW11211	411.375 	 89.203 	 244.352
FHW11211	411.500 	 89.196 	 244.348
FHW11211	411.625 	 89.203 	 244.352
FHW11211	411.750 	 89.196 	 244.348
FHW11211	411.875 	 89.203 	 244.352
FHW11211	412.000 	 89.203 	 244.348
FHW11211	412.125 	 89.196 	 244.352
FHW11211	412.250 	 89.203 	 244.348
FHW11211	412.375 	 89.196 	 244.352
FHW11211	412.500 	 89.203 	 244.348
FHW11211	412.625 	 89.203 	 244.352
FHW11211	412.750 	 89.196 	 244.348
FHW11211	412.875 	 89.203 	 244.352
FHW11211	413.000 	 89.203 	 244.352
FHW11211	413.125 	 89.196 	 244.348
FHW11211	413.250 	 89.203 	 244.352
FHW11211	413.375 	 89.196 	 244.348
FHW11211	413.500 	 89.203 	 244.352
FHW11211	413.625 	 89.203 	 244.348
FHW11211	413.750 	 89.196 	 244.349
FHW11211	413.875 	 89.203 	 244.348
FHW11211	414.000 	 89.196 	 244.352
FHW11211	414.125 	 89.203 	 244.348
FHW11211	414.250 	 89.203 	 244.352
FHW11211	414.375 	 89.196 	 244.348
FHW11211	414.500 	 89.203 	 244.352
FHW11211	414.625 	 89.203 	 244.348
FHW11211	414.750 	 89.196 	 244.352
FHW11211	414.875 	 89.245 	 244.170
FHW11211	415.000 	 89.251 	 244.145
FHW11211	415.125 	 89.252 	 244.151
FHW11211	415.250 	 89.252 	 244.151
FHW11211	415.375 	 89.245 	 244.151
FHW11211	415.500 	 89.252 	 244.151
FHW11211	415.625 	 89.252 	 244.151
FHW11211	415.750 	 89.251 	 244.145
FHW11211	415.875 	 89.252 	 244.151
FHW11211	416.000 	 89.245 	 244.148
FHW11211	416.125 	 89.252 	 244.151
FHW11211	416.250 	 89.252 	 244.151
FHW11211	416.375 	 89.251 	 244.145
FHW11211	416.500 	 89.245 	 244.151
FHW11211	416.625 	 89.252 	 244.151
FHW11211	416.750 	 89.252 	 244.151
FHW11211	416.875 	 89.252 	 244.151
FHW11211	417.000 	 89.245 	 244.151
FHW11211	417.125 	 89.251 	 244.145
FHW11211	417.250 	 89.252 	 244.151
FHW11211	417.375 	 89.252 	 244.151
FHW11211	417.500 	 89.252 	 244.151
FHW11211	417.625 	 89.245 	 244.151
FHW11211	417.750 	 89.251 	 244.145
FHW11211	417.875 	 89.252 	 244.151
FHW11211	418.000 	 89.252 	 244.151
FHW11211	418.125 	 89.245 	 244.151
FHW11211	418.250 	 89.252 	 244.151
FHW11211	418.375 	 89.252 	 244.151
FHW11211	418.500 	 89.251 	 244.142
FHW11211	418.625 	 89.252 	 244.151
FHW11211	418.750 	 89.245 	 244.151
FHW11211	418.875 	 89.252 	 244.151
FHW11211	419.000 	 89.252 	 244.151
FHW11211	419.125 	 89.252 	 244.151
FHW11211	419.250 	 89.244 	 244.145
FHW11211	419.375 	 89.252 	 244.151
FHW11211	419.500 	 89.252 	 244.151
FHW11211	419.625 	 89.252 	 244.151
FHW11211	419.750 	 89.245 	 244.151
FHW11211	419.875 	 89.251 	 244.145
FHW11211	420.000 	 89.252 	 244.151
FHW11211	420.125 	 89.252 	 244.151
FHW11211	420.250 	 89.252 	 244.151
FHW11211	420.375 	 89.245 	 244.151
FHW11211	420.500 	 89.252 	 244.151
FHW11211	420.625 	 89.251 	 244.145
FHW11211	420.750 	 89.252 	 244.151
FHW11211	420.875 	 89.245 	 244.151
FHW11211	421.000 	 89.252 	 244.148
FHW11211	421.125 	 89.252 	 244.151
FHW11211	421.250 	 89.251 	 244.145
FHW11211	421.375 	 89.252 	 244.151
FHW11211	421.500 	 89.245 	 244.151
FHW11211	421.625 	 89.252 	 244.151
FHW11211	421.750 	 89.252 	 244.151
FHW11211	421.875 	 89.252 	 244.151
FHW11211	422.000 	 89.244 	 244.145
FHW11211	422.125 	 89.252 	 244.151
FHW11211	422.250 	 89.252 	 244.151
FHW11211	422.375 	 89.252 	 244.151
FHW11211	422.500 	 89.245 	 244.151
FHW11211	422.625 	 89.251 	 244.145
FHW11211	422.750 	 89.252 	 244.151
FHW11211	422.875 	 89.252 	 244.151
FHW11211	423.000 	 89.252 	 244.151
FHW11211	423.125 	 89.245 	 244.151
FHW11211	423.250 	 89.252 	 244.151
FHW11211	423.375 	 89.251 	 244.145
FHW11211	423.500 	 89.252 	 244.148
FHW11211	423.625 	 89.245 	 244.151
FHW11211	423.750 	 89.252 	 244.151
FHW11211	423.875 	 89.252 	 244.151
FHW11211	424.000 	 89.251 	 244.145
FHW11211	424.125 	 89.629 	 244.076
FHW11211	424.250 	 89.748 	 244.051
FHW11211	424.375 	 89.748 	 244.051
FHW11211	424.500 	 89.755 	 244.048
FHW11211	424.625 	 89.748 	 244.051
FHW11211	424.750 	 89.748 	 244.051
FHW11211	424.875 	 89.748 	 244.048
FHW11211	425.000 	 89.755 	 244.051
FHW11211	425.125 	 89.748 	 244.051
FHW11211	425.250 	 89.748 	 244.048
FHW11211	425.375 	 89.748 	 244.051
FHW11211	425.500 	 89.755 	 244.051
FHW11211	425.625 	 89.748 	 244.048
FHW11211	425.750 	 89.748 	 244.051
FHW11211	425.875 	 89.748 	 244.051
FHW11211	426.000 	 89.755 	 244.048
FHW11211	426.125 	 89.748 	 244.051
FHW11211	426.250 	 89.748 	 244.051
FHW11211	426.375 	 89.748 	 244.048
FHW11211	426.500 	 89.755 	 244.051
FHW11211	426.625 	 89.748 	 244.051
FHW11211	426.750 	 89.748 	 244.048
FHW11211	426.875 	 89.755 	 244.051
FHW11211	427.000 	 89.748 	 244.051
FHW11211	427.125 	 89.748 	 244.051
FHW11211	427.250 	 89.748 	 244.048
FHW11211	427.375 	 89.755 	 244.051
FHW11211	427.500 	 89.748 	 244.051
FHW11211	427.625 	 89.748 	 244.042
FHW11211	427.750 	 89.748 	 244.051
FHW11211	427.875 	 89.755 	 244.051
FHW11211	428.000 	 89.748 	 244.048
FHW11211	428.125 	 89.748 	 244.051
FHW11211	428.250 	 89.748 	 244.051
FHW11211	428.375 	 89.755 	 244.048
FHW11211	428.500 	 89.748 	 244.051
FHW11211	428.625 	 89.748 	 244.048
FHW11211	428.750 	 89.748 	 244.054
FHW11211	428.875 	 89.755 	 244.048
FHW11211	429.000 	 89.748 	 244.048
FHW11211	429.125 	 89.748 	 244.054
FHW11211	429.250 	 89.748 	 244.048
FHW11211	429.375 	 89.755 	 244.048
FHW11211	429.500 	 89.748 	 244.054
FHW11211	429.625 	 89.748 	 244.048
FHW11211	429.750 	 89.748 	 244.048
FHW11211	429.875 	 89.755 	 244.054
FHW11211	430.000 	 89.748 	 244.048
FHW11211	430.125 	 89.748 	 244.048
FHW11211	430.250 	 89.748 	 244.054
FHW11211	430.375 	 89.755 	 244.048
FHW11211	430.500 	 89.748 	 244.048
FHW11211	430.625 	 89.748 	 244.054
FHW11211	430.750 	 89.755 	 244.048
FHW11211	430.875 	 89.748 	 244.048
FHW11211	431.000 	 89.748 	 244.054
FHW11211	431.125 	 89.748 	 244.048
FHW11211	431.250 	 89.755 	 244.048
FHW11211	431.375 	 89.748 	 244.054
FHW11211	431.500 	 89.748 	 244.048
FHW11211	431.625 	 89.748 	 244.048
FHW11211	431.750 	 89.755 	 244.054
FHW11211	431.875 	 89.748 	 244.048
FHW11211	432.000 	 89.748 	 244.048
FHW11211	432.125 	 89.748 	 244.054
FHW11211	432.250 	 89.755 	 244.048
FHW11211	432.375 	 89.748 	 244.048
FHW11211	432.500 	 89.748 	 244.054
FHW11211	432.625 	 89.748 	 244.048
FHW11211	432.750 	 89.755 	 244.054
FHW11211	432.875 	 89.748 	 244.048
FHW11211	433.000 	 89.748 	 244.048
FHW11211	433.125 	 89.748 	 244.054
FHW11211	433.250 	 90.042 	 244.142
FHW11211	433.375 	 90.049 	 244.148
FHW11211	433.500 	 90.049 	 244.148
FHW11211	433.625 	 90.049 	 244.154
FHW11211	433.750 	 90.049 	 244.148
FHW11211	433.875 	 90.056 	 244.148
FHW11211	434.000 	 90.049 	 244.148
FHW11211	434.125 	 90.049 	 244.154
FHW11211	434.250 	 90.049 	 244.148
FHW11211	434.375 	 90.049 	 244.154
FHW11211	434.500 	 90.049 	 244.148
FHW11211	434.625 	 90.056 	 244.148
FHW11211	434.750 	 90.049 	 244.148
FHW11211	434.875 	 90.049 	 244.154
FHW11211	435.000 	 90.049 	 244.148
FHW11211	435.125 	 90.049 	 244.154
FHW11211	435.250 	 90.049 	 244.148
FHW11211	435.375 	 90.049 	 244.148
FHW11211	435.500 	 90.056 	 244.148
FHW11211	435.625 	 90.049 	 244.148
FHW11211	435.750 	 90.049 	 244.154
FHW11211	435.875 	 90.049 	 244.154
FHW11211	436.000 	 90.049 	 244.148
FHW11211	436.125 	 90.049 	 244.148
FHW11211	436.250 	 90.049 	 244.148
FHW11211	436.375 	 90.056 	 244.148
FHW11211	436.500 	 90.049 	 244.154
FHW11211	436.625 	 90.049 	 244.154
FHW11211	436.750 	 90.049 	 244.148
FHW11211	436.875 	 90.049 	 244.148
FHW11211	437.000 	 90.049 	 244.148
FHW11211	437.125 	 90.056 	 244.148
FHW11211	437.250 	 90.049 	 244.148
FHW11211	437.375 	 90.049 	 244.154
FHW11211	437.500 	 90.049 	 244.154
FHW11211	437.625 	 90.049 	 244.148
FHW11211	437.750 	 90.049 	 244.148
FHW11211	437.875 	 90.049 	 244.148
FHW11211	438.000 	 90.056 	 244.148
FHW11211	438.125 	 90.049 	 244.154
FHW11211	438.250 	 90.049 	 244.154
FHW11211	438.375 	 90.049 	 244.148
FHW11211	438.500 	 90.049 	 244.148
FHW11211	438.625 	 90.049 	 244.148
FHW11211	438.750 	 90.049 	 244.148
FHW11211	438.875 	 90.056 	 244.148
FHW11211	439.000 	 90.049 	 244.161
FHW11211	439.125 	 90.049 	 244.148
FHW11211	439.250 	 90.049 	 244.148
FHW11211	439.375 	 90.049 	 244.148
FHW11211	439.500 	 90.049 	 244.148
FHW11211	439.625 	 90.056 	 244.148
FHW11211	439.750 	 90.049 	 244.161
FHW11211	439.875 	 90.049 	 244.148
FHW11211	440.000 	 90.049 	 244.148
FHW11211	440.125 	 90.049 	 244.148
FHW11211	440.250 	 90.049 	 244.148
FHW11211	440.375 	 90.049 	 244.148
FHW11211	440.500 	 90.056 	 244.154
FHW11211	440.625 	 90.049 	 244.154
FHW11211	440.750 	 90.049 	 244.148
FHW11211	440.875 	 90.049 	 244.148
FHW11211	441.000 	 90.049 	 244.148
FHW11211	441.125 	 90.049 	 244.148
FHW11211	441.250 	 90.056 	 244.154
FHW11211	441.375 	 90.049 	 244.154
FHW11211	441.500 	 90.049 	 244.148
FHW11211	441.625 	 90.049 	 244.148
FHW11211	441.750 	 90.049 	 244.148
FHW11211	441.875 	 90.049 	 244.148
FHW11211	442.000 	 90.049 	 244.148
FHW11211	442.125 	 90.056 	 244.154
FHW11211	442.250 	 90.056 	 244.173
FHW11211	442.375 	 90.077 	 244.254
FHW11211	442.500 	 90.084 	 244.248
FHW11211	442.625 	 90.077 	 244.248
FHW11211	442.750 	 90.077 	 244.248
FHW11211	442.875 	 90.084 	 244.254
FHW11211	443.000 	 90.077 	 244.248
FHW11211	443.125 	 90.084 	 244.248
FHW11211	443.250 	 90.077 	 244.248
FHW11211	443.375 	 90.084 	 244.254
FHW11211	443.500 	 90.077 	 244.248
FHW11211	443.625 	 90.084 	 244.248
FHW11211	443.750 	 90.077 	 244.248
FHW11211	443.875 	 90.077 	 244.254
FHW11211	444.000 	 90.084 	 244.248
FHW11211	444.125 	 90.077 	 244.248
FHW11211	444.250 	 90.084 	 244.248
FHW11211	444.375 	 90.077 	 244.254
FHW11211	444.500 	 90.084 	 244.248
FHW11211	444.625 	 90.077 	 244.248
FHW11211	444.750 	 90.077 	 244.248
FHW11211	444.875 	 90.084 	 244.254
FHW11211	445.000 	 90.077 	 244.248
FHW11211	445.125 	 90.084 	 244.255
FHW11211	445.250 	 90.077 	 244.248
FHW11211	445.375 	 90.084 	 244.254
FHW11211	445.500 	 90.077 	 244.248
FHW11211	445.625 	 90.077 	 244.248
FHW11211	445.750 	 90.084 	 244.248
FHW11211	445.875 	 90.077 	 244.254
FHW11211	446.000 	 90.084 	 244.248
FHW11211	446.125 	 90.077 	 244.248
FHW11211	446.250 	 90.084 	 244.248
FHW11211	446.375 	 90.077 	 244.254
FHW11211	446.500 	 90.077 	 244.248
FHW11211	446.625 	 90.084 	 244.248
FHW11211	446.750 	 90.077 	 244.248
FHW11211	446.875 	 90.084 	 244.254
FHW11211	447.000 	 90.077 	 244.248
FHW11211	447.125 	 90.084 	 244.248
FHW11211	447.250 	 90.077 	 244.248
FHW11211	447.375 	 90.084 	 244.254
FHW11211	447.500 	 90.077 	 244.248
FHW11211	447.625 	 90.077 	 244.248
FHW11211	447.750 	 90.084 	 244.248
FHW11211	447.875 	 90.077 	 244.254
FHW11211	448.000 	 90.084 	 244.248
FHW11211	448.125 	 90.077 	 244.248
FHW11211	448.250 	 90.084 	 244.248
FHW11211	448.375 	 90.077 	 244.254
FHW11211	448.500 	 90.077 	 244.248
FHW11211	448.625 	 90.084 	 244.248
FHW11211	448.750 	 90.077 	 244.248
FHW11211	448.875 	 90.084 	 244.254
FHW11211	449.000 	 90.077 	 244.248
FHW11211	449.125 	 90.084 	 244.248
FHW11211	449.250 	 90.077 	 244.248
FHW11211	449.375 	 90.077 	 244.254
FHW11211	449.500 	 90.084 	 244.248
FHW11211	449.625 	 90.077 	 244.248
FHW11211	449.750 	 90.084 	 244.248
FHW11211	449.875 	 90.077 	 244.261
FHW11211	450.000 	 90.084 	 244.248
FHW11211	450.125 	 90.077 	 244.248
FHW11211	450.250 	 90.077 	 244.248
FHW11211	450.375 	 90.084 	 244.254
FHW11211	450.500 	 90.077 	 244.248
FHW11211	450.625 	 90.084 	 244.248
FHW11211	450.750 	 90.077 	 244.248
FHW11211	450.875 	 90.084 	 244.254
FHW11211	451.000 	 90.077 	 244.248
FHW11211	451.125 	 90.084 	 244.248
FHW11211	451.250 	 90.077 	 244.248
FHW11211	451.375 	 90.077 	 244.254
FHW11211	451.500 	 90.119 	 244.242
FHW11211	451.625 	 90.322 	 244.198
FHW11211	451.750 	 90.322 	 244.198
FHW11211	451.875 	 90.322 	 244.204
FHW11211	452.000 	 90.315 	 244.192
FHW11211	452.125 	 90.322 	 244.204
FHW11211	452.250 	 90.322 	 244.204
FHW11211	452.375 	 90.322 	 244.192
FHW11211	452.500 	 90.315 	 244.204
FHW11211	452.625 	 90.322 	 244.198
FHW11211	452.750 	 90.322 	 244.198
FHW11211	452.875 	 90.322 	 244.204
FHW11211	453.000 	 90.315 	 244.198
FHW11211	453.125 	 90.322 	 244.198
FHW11211	453.250 	 90.322 	 244.204
FHW11211	453.375 	 90.322 	 244.198
FHW11211	453.500 	 90.315 	 244.198
FHW11211	453.625 	 90.322 	 244.204
FHW11211	453.750 	 90.322 	 244.198
FHW11211	453.875 	 90.322 	 244.198
FHW11211	454.000 	 90.315 	 244.198
FHW11211	454.125 	 90.322 	 244.204
FHW11211	454.250 	 90.322 	 244.198
FHW11211	454.375 	 90.322 	 244.198
FHW11211	454.500 	 90.315 	 244.204
FHW11211	454.625 	 90.322 	 244.198
FHW11211	454.750 	 90.322 	 244.198
FHW11211	454.875 	 90.322 	 244.204
FHW11211	455.000 	 90.315 	 244.198
FHW11211	455.125 	 90.322 	 244.198
FHW11211	455.250 	 90.322 	 244.204
FHW11211	455.375 	 90.322 	 244.198
FHW11211	455.500 	 90.315 	 244.198
FHW11211	455.625 	 90.322 	 244.204
FHW11211	455.750 	 90.322 	 244.192
FHW11211	455.875 	 90.322 	 244.204
FHW11211	456.000 	 90.315 	 244.198
FHW11211	456.125 	 90.322 	 244.198
FHW11211	456.250 	 90.322 	 244.204
FHW11211	456.375 	 90.322 	 244.198
FHW11211	456.500 	 90.315 	 244.198
FHW11211	456.625 	 90.322 	 244.204
FHW11211	456.750 	 90.322 	 244.198
FHW11211	456.875 	 90.322 	 244.198
FHW11211	457.000 	 90.315 	 244.204
FHW11211	457.125 	 90.322 	 244.192
FHW11211	457.250 	 90.322 	 244.204
FHW11211	457.375 	 90.322 	 244.204
FHW11211	457.500 	 90.315 	 244.192
FHW11211	457.625 	 90.322 	 244.204
FHW11211	457.750 	 90.322 	 244.204
FHW11211	457.875 	 90.322 	 244.192
FHW11211	458.000 	 90.315 	 244.204
FHW11211	458.125 	 90.322 	 244.204
FHW11211	458.250 	 90.322 	 244.192
FHW11211	458.375 	 90.322 	 244.204
FHW11211	458.500 	 90.315 	 244.198
FHW11211	458.625 	 90.322 	 244.198
FHW11211	458.750 	 90.322 	 244.204
FHW11211	458.875 	 90.322 	 244.198
FHW11211	459.000 	 90.315 	 244.198
FHW11211	459.125 	 90.322 	 244.204
FHW11211	459.250 	 90.322 	 244.198
FHW11211	459.375 	 90.322 	 244.198
FHW11211	459.500 	 90.315 	 244.204
FHW11211	459.625 	 90.322 	 244.198
FHW11211	459.750 	 90.322 	 244.198
FHW11211	459.875 	 90.322 	 244.204
FHW11211	460.000 	 90.315 	 244.192
FHW11211	460.125 	 90.322 	 244.204
FHW11211	460.250 	 90.322 	 244.198
FHW11211	460.375 	 90.322 	 244.198
FHW11211	460.500 	 90.315 	 244.204
FHW11211	460.625 	 90.322 	 244.198
FHW11211	460.750 	 90.497 	 244.148
FHW11211	460.875 	 90.497 	 244.154
FHW11211	461.000 	 90.504 	 244.148
FHW11211	461.125 	 90.497 	 244.148
FHW11211	461.250 	 90.504 	 244.148
FHW11211	461.375 	 90.497 	 244.154
FHW11211	461.500 	 90.504 	 244.148
FHW11211	461.625 	 90.497 	 244.148
FHW11211	461.750 	 90.504 	 244.154
FHW11211	461.875 	 90.497 	 244.148
FHW11211	462.000 	 90.504 	 244.148
FHW11211	462.125 	 90.497 	 244.148
FHW11211	462.250 	 90.504 	 244.154
FHW11211	462.375 	 90.497 	 244.148
FHW11211	462.500 	 90.504 	 244.148
FHW11211	462.625 	 90.497 	 244.154
FHW11211	462.750 	 90.504 	 244.148
FHW11211	462.875 	 90.497 	 244.148
FHW11211	463.000 	 90.504 	 244.154
FHW11211	463.125 	 90.497 	 244.148
FHW11211	463.250 	 90.504 	 244.148
FHW11211	463.375 	 90.497 	 244.148
FHW11211	463.500 	 90.504 	 244.154
FHW11211	463.625 	 90.497 	 244.148
FHW11211	463.750 	 90.504 	 244.148
FHW11211	463.875 	 90.497 	 244.154
FHW11211	464.000 	 90.504 	 244.148
FHW11211	464.125 	 90.497 	 244.148
FHW11211	464.250 	 90.504 	 244.148
FHW11211	464.375 	 90.497 	 244.154
FHW11211	464.500 	 90.504 	 244.148
FHW11211	464.625 	 90.497 	 244.148
FHW11211	464.750 	 90.504 	 244.154
FHW11211	464.875 	 90.497 	 244.148
FHW11211	465.000 	 90.504 	 244.148
FHW11211	465.125 	 90.497 	 244.148
FHW11211	465.250 	 90.504 	 244.154
FHW11211	465.375 	 90.497 	 244.148
FHW11211	465.500 	 90.504 	 244.148
FHW11211	465.625 	 90.497 	 244.154
FHW11211	465.750 	 90.504 	 244.148
FHW11211	465.875 	 90.496 	 244.154
FHW11211	466.000 	 90.504 	 244.148
FHW11211	466.125 	 90.497 	 244.154
FHW11211	466.250 	 90.504 	 244.148
FHW11211	466.375 	 90.497 	 244.148
FHW11211	466.500 	 90.504 	 244.154
FHW11211	466.625 	 90.497 	 244.148
FHW11211	466.750 	 90.504 	 244.148
FHW11211	466.875 	 90.497 	 244.148
FHW11211	467.000 	 90.504 	 244.154
FHW11211	467.125 	 90.497 	 244.148
FHW11211	467.250 	 90.504 	 244.148
FHW11211	467.375 	 90.497 	 244.154
FHW11211	467.500 	 90.504 	 244.148
FHW11211	467.625 	 90.497 	 244.148
FHW11211	467.750 	 90.504 	 244.154
FHW11211	467.875 	 90.497 	 244.148
FHW11211	468.000 	 90.504 	 244.148
FHW11211	468.125 	 90.497 	 244.148
FHW11211	468.250 	 90.504 	 244.154
FHW11211	468.375 	 90.497 	 244.148
FHW11211	468.500 	 90.504 	 244.148
FHW11211	468.625 	 90.497 	 244.154
FHW11211	468.750 	 90.504 	 244.148
FHW11211	468.875 	 90.497 	 244.148
FHW11211	469.000 	 90.504 	 244.148
FHW11211	469.125 	 90.497 	 244.154
FHW11211	469.250 	 90.504 	 244.148
FHW11211	469.375 	 90.497 	 244.148
FHW11211	469.500 	 90.504 	 244.154
FHW11211	469.625 	 90.497 	 244.148
FHW11211	469.750 	 90.504 	 244.148
FHW11211	469.875 	 90.406 	 244.104
FHW11211	470.000 	 90.399 	 244.104
FHW11211	470.125 	 90.392 	 244.098
FHW11211	470.250 	 90.399 	 244.098
FHW11211	470.375 	 90.392 	 244.098
FHW11211	470.500 	 90.399 	 244.104
FHW11211	470.625 	 90.392 	 244.098
FHW11211	470.750 	 90.399 	 244.104
FHW11211	470.875 	 90.392 	 244.092
FHW11211	471.000 	 90.399 	 244.104
FHW11211	471.125 	 90.392 	 244.098
FHW11211	471.250 	 90.399 	 244.104
FHW11211	471.375 	 90.392 	 244.098
FHW11211	471.500 	 90.392 	 244.104
FHW11211	471.625 	 90.399 	 244.092
FHW11211	471.750 	 90.392 	 244.104
FHW11211	471.875 	 90.399 	 244.098
FHW11211	472.000 	 90.392 	 244.104
FHW11211	472.125 	 90.399 	 244.098
FHW11211	472.250 	 90.392 	 244.098
FHW11211	472.375 	 90.399 	 244.098
FHW11211	472.500 	 90.392 	 244.104
FHW11211	472.625 	 90.399 	 244.104
FHW11211	472.750 	 90.392 	 244.098
FHW11211	472.875 	 90.399 	 244.098
FHW11211	473.000 	 90.392 	 244.098
FHW11211	473.125 	 90.399 	 244.104
FHW11211	473.250 	 90.392 	 244.098
FHW11211	473.375 	 90.392 	 244.104
FHW11211	473.500 	 90.399 	 244.092
FHW11211	473.625 	 90.392 	 244.104
FHW11211	473.750 	 90.399 	 244.098
FHW11211	473.875 	 90.392 	 244.104
FHW11211	474.000 	 90.399 	 244.098
FHW11211	474.125 	 90.392 	 244.098
FHW11211	474.250 	 90.399 	 244.098
FHW11211	474.375 	 90.392 	 244.104
FHW11211	474.500 	 90.399 	 244.098
FHW11211	474.625 	 90.392 	 244.104
FHW11211	474.750 	 90.399 	 244.098
FHW11211	474.875 	 90.392 	 244.098
FHW11211	475.000 	 90.392 	 244.098
FHW11211	475.125 	 90.399 	 244.104
FHW11211	475.250 	 90.392 	 244.098
FHW11211	475.375 	 90.399 	 244.104
FHW11211	475.500 	 90.392 	 244.092
FHW11211	475.625 	 90.399 	 244.104
FHW11211	475.750 	 90.392 	 244.098
FHW11211	475.875 	 90.399 	 244.104
FHW11211	476.000 	 90.392 	 244.098
FHW11211	476.125 	 90.399 	 244.098
FHW11211	476.250 	 90.392 	 244.098
FHW11211	476.375 	 90.399 	 244.104
FHW11211	476.500 	 90.392 	 244.098
FHW11211	476.625 	 90.399 	 244.104
FHW11211	476.750 	 90.392 	 244.092
FHW11211	476.875 	 90.392 	 244.104
FHW11211	477.000 	 90.399 	 244.098
FHW11211	477.125 	 90.392 	 244.104
FHW11211	477.250 	 90.399 	 244.098
FHW11211	477.375 	 90.392 	 244.098
FHW11211	477.500 	 90.399 	 244.098
FHW11211	477.625 	 90.392 	 244.104
FHW11211	477.750 	 90.399 	 244.098
FHW11211	477.875 	 90.392 	 244.104
FHW11211	478.000 	 90.399 	 244.098
FHW11211	478.125 	 90.392 	 244.098
FHW11211	478.250 	 90.399 	 244.098
FHW11211	478.375 	 90.392 	 244.104
FHW11211	478.500 	 90.399 	 244.098
FHW11211	478.625 	 90.392 	 244.104
FHW11211	478.750 	 90.392 	 244.092
FHW11211	478.875 	 90.399 	 244.104
FHW11211	479.000 	 90.392 	 244.098
FHW11211	479.125 	 90.308 	 244.060
FHW11211	479.250 	 90.182 	 243.998
FHW11211	479.375 	 90.189 	 243.998
FHW11211	479.500 	 90.182 	 244.004
FHW11211	479.625 	 90.182 	 243.998
FHW11211	479.750 	 90.189 	 244.004
FHW11211	479.875 	 90.182 	 243.992
FHW11211	480.000 	 90.189 	 244.004
FHW11211	480.125 	 90.182 	 243.998
FHW11211	480.250 	 90.189 	 243.998
FHW11211	480.375 	 90.182 	 244.004
FHW11211	480.500 	 90.189 	 243.998
FHW11211	480.625 	 90.182 	 244.004
FHW11211	480.750 	 90.189 	 243.998
FHW11211	480.875 	 90.182 	 244.004
FHW11211	481.000 	 90.182 	 243.992
FHW11211	481.125 	 90.189 	 243.998
FHW11211	481.250 	 90.182 	 244.004
FHW11211	481.375 	 90.189 	 243.998
FHW11211	481.500 	 90.182 	 244.004
FHW11211	481.625 	 90.189 	 243.998
FHW11211	481.750 	 90.182 	 244.004
FHW11211	481.875 	 90.189 	 243.998
FHW11211	482.000 	 90.182 	 243.998
FHW11211	482.125 	 90.189 	 244.004
FHW11211	482.250 	 90.182 	 243.992
FHW11211	482.375 	 90.182 	 244.004
FHW11211	482.500 	 90.189 	 243.998
FHW11211	482.625 	 90.182 	 244.004
FHW11211	482.750 	 90.189 	 243.998
FHW11211	482.875 	 90.182 	 243.998
FHW11211	483.000 	 90.189 	 244.004
FHW11211	483.125 	 90.182 	 243.998
FHW11211	483.250 	 90.189 	 244.004
FHW11211	483.375 	 90.182 	 243.992
FHW11211	483.500 	 90.189 	 244.004
FHW11211	483.625 	 90.182 	 243.998
FHW11211	483.750 	 90.182 	 243.998
FHW11211	483.875 	 90.189 	 244.004
FHW11211	484.000 	 90.182 	 243.998
FHW11211	484.125 	 90.189 	 244.004
FHW11211	484.250 	 90.182 	 243.998
FHW11211	484.375 	 90.189 	 244.004
FHW11211	484.500 	 90.182 	 243.992
FHW11211	484.625 	 90.189 	 243.998
FHW11211	484.750 	 90.182 	 244.004
FHW11211	484.875 	 90.189 	 243.998
FHW11211	485.000 	 90.182 	 244.004
FHW11211	485.125 	 90.182 	 243.998
FHW11211	485.250 	 90.189 	 244.004
FHW11211	485.375 	 90.182 	 243.998
FHW11211	485.500 	 90.189 	 243.998
FHW11211	485.625 	 90.182 	 243.998
FHW11211	485.750 	 90.189 	 243.998
FHW11211	485.875 	 90.182 	 244.004
FHW11211	486.000 	 90.189 	 243.998
FHW11211	486.125 	 90.182 	 244.004
FHW11211	486.250 	 90.182 	 243.998
FHW11211	486.375 	 90.189 	 243.998
FHW11211	486.500 	 90.182 	 244.004
FHW11211	486.625 	 90.189 	 243.998
FHW11211	486.750 	 90.182 	 243.998
FHW11211	486.875 	 90.189 	 243.998
FHW11211	487.000 	 90.182 	 244.004
FHW11211	487.125 	 90.189 	 243.998
FHW11211	487.250 	 90.182 	 243.998
FHW11211	487.375 	 90.189 	 244.004
FHW11211	487.500 	 90.182 	 243.998
FHW11211	487.625 	 90.182 	 244.004
FHW11211	487.750 	 90.189 	 243.998
FHW11211	487.875 	 90.182 	 243.992
FHW11211	488.000 	 90.189 	 244.004
FHW11211	488.125 	 90.182 	 243.998
FHW11211	488.250 	 90.189 	 244.004
FHW11211	488.375 	 90.182 	 243.998
FHW11211	488.500 	 90.189 	 244.004
FHW11211	488.625 	 90.182 	 243.998
FHW11211	488.750 	 90.189 	 243.998
FHW11211	488.875 	 90.182 	 244.004
FHW11211	489.000 	 90.182 	 243.992
FHW11211	489.125 	 90.189 	 244.004
FHW11211	489.250 	 90.182 	 243.998
FHW11211	489.375 	 90.189 	 244.004
FHW11211	489.500 	 90.182 	 243.998
FHW11211	489.625 	 90.189 	 243.998
FHW11211	489.750 	 90.182 	 244.004
FHW11211	489.875 	 90.189 	 243.998
FHW11211	490.000 	 90.182 	 244.004
FHW11211	490.125 	 90.189 	 243.998
FHW11211	490.250 	 90.182 	 243.998
FHW11211	490.375 	 90.182 	 243.998
FHW11211	490.500 	 90.189 	 243.998
FHW11211	490.625 	 90.182 	 244.004
FHW11211	490.750 	 90.189 	 243.998
FHW11211	490.875 	 90.182 	 244.004
FHW11211	491.000 	 90.189 	 243.998
FHW11211	491.125 	 90.182 	 244.004
FHW11211	491.250 	 90.189 	 243.998
FHW11211	491.375 	 90.182 	 243.992
FHW11211	491.500 	 90.189 	 244.004
FHW11211	491.625 	 90.182 	 243.998
FHW11211	491.750 	 90.182 	 244.004
FHW11211	491.875 	 90.189 	 243.998
FHW11211	492.000 	 90.182 	 244.004
FHW11211	492.125 	 90.189 	 243.998
FHW11211	492.250 	 90.182 	 243.998
FHW11211	492.375 	 90.189 	 244.004
FHW11211	492.500 	 90.182 	 243.992
FHW11211	492.625 	 90.189 	 244.004
FHW11211	492.750 	 90.182 	 243.998
FHW11211	492.875 	 90.189 	 244.004
FHW11211	493.000 	 90.182 	 243.998
