#WellName	 Depth.M	 INCL	 AZIM 
WellName	 Depth.M	 INCL	 AZIM 
FHW11209	0.000 	 0.000 	 0.000
FHW11209	0.125 	 1.509 	 69.285
FHW11209	0.250 	 1.509 	 69.285
FHW11209	0.375 	 1.509 	 69.285
FHW11209	0.500 	 1.509 	 69.285
FHW11209	0.625 	 1.509 	 69.285
FHW11209	0.750 	 1.509 	 69.285
FHW11209	0.875 	 1.509 	 69.285
FHW11209	1.000 	 1.509 	 69.285
FHW11209	1.125 	 1.509 	 69.285
FHW11209	1.250 	 1.509 	 69.285
FHW11209	1.375 	 1.509 	 69.285
FHW11209	1.500 	 1.509 	 69.285
FHW11209	1.625 	 1.509 	 69.285
FHW11209	1.750 	 1.509 	 69.285
FHW11209	1.875 	 1.509 	 69.285
FHW11209	2.000 	 1.509 	 69.285
FHW11209	2.125 	 1.509 	 69.285
FHW11209	2.250 	 1.509 	 69.285
FHW11209	2.375 	 1.509 	 69.285
FHW11209	2.500 	 1.509 	 69.285
FHW11209	2.625 	 1.509 	 69.285
FHW11209	2.750 	 1.509 	 69.285
FHW11209	2.875 	 1.509 	 69.285
FHW11209	3.000 	 1.509 	 69.285
FHW11209	3.125 	 1.509 	 69.285
FHW11209	3.250 	 1.509 	 69.285
FHW11209	3.375 	 1.509 	 69.285
FHW11209	3.500 	 1.509 	 69.285
FHW11209	3.625 	 1.509 	 69.285
FHW11209	3.750 	 1.509 	 69.285
FHW11209	3.875 	 1.509 	 69.285
FHW11209	4.000 	 1.509 	 69.285
FHW11209	4.125 	 1.509 	 69.285
FHW11209	4.250 	 1.509 	 69.285
FHW11209	4.375 	 1.509 	 69.285
FHW11209	4.500 	 1.509 	 69.285
FHW11209	4.625 	 1.509 	 69.285
FHW11209	4.750 	 1.509 	 69.285
FHW11209	4.875 	 1.509 	 69.285
FHW11209	5.000 	 1.509 	 69.285
FHW11209	5.125 	 1.509 	 69.285
FHW11209	5.250 	 1.509 	 69.285
FHW11209	5.375 	 1.509 	 69.285
FHW11209	5.500 	 1.509 	 69.285
FHW11209	5.625 	 1.509 	 69.285
FHW11209	5.750 	 1.509 	 69.285
FHW11209	5.875 	 1.509 	 69.285
FHW11209	6.000 	 1.509 	 69.285
FHW11209	6.125 	 1.509 	 69.285
FHW11209	6.250 	 1.509 	 69.285
FHW11209	6.375 	 1.509 	 69.285
FHW11209	6.500 	 1.509 	 69.285
FHW11209	6.625 	 1.509 	 69.285
FHW11209	6.750 	 1.509 	 69.285
FHW11209	6.875 	 1.509 	 69.285
FHW11209	7.000 	 1.509 	 69.285
FHW11209	7.125 	 1.509 	 69.285
FHW11209	7.250 	 1.509 	 69.285
FHW11209	7.375 	 1.509 	 69.285
FHW11209	7.500 	 1.509 	 69.285
FHW11209	7.625 	 1.509 	 69.285
FHW11209	7.750 	 1.509 	 69.285
FHW11209	7.875 	 1.509 	 69.285
FHW11209	8.000 	 1.509 	 69.285
FHW11209	8.125 	 1.509 	 69.285
FHW11209	8.250 	 1.509 	 69.285
FHW11209	8.375 	 1.509 	 69.285
FHW11209	8.500 	 1.509 	 69.285
FHW11209	8.625 	 1.509 	 69.285
FHW11209	8.750 	 1.509 	 69.285
FHW11209	8.875 	 1.509 	 69.285
FHW11209	9.000 	 1.509 	 69.285
FHW11209	9.125 	 1.509 	 69.285
FHW11209	9.250 	 1.509 	 69.285
FHW11209	9.375 	 1.509 	 69.285
FHW11209	9.500 	 1.509 	 69.285
FHW11209	9.625 	 1.509 	 69.285
FHW11209	9.750 	 1.509 	 69.285
FHW11209	9.875 	 1.509 	 69.285
FHW11209	10.000 	 1.509 	 69.285
FHW11209	10.125 	 1.509 	 69.285
FHW11209	10.250 	 1.509 	 69.285
FHW11209	10.375 	 1.509 	 69.285
FHW11209	10.500 	 1.509 	 69.285
FHW11209	10.625 	 1.509 	 69.285
FHW11209	10.750 	 1.509 	 69.285
FHW11209	10.875 	 1.509 	 69.285
FHW11209	11.000 	 1.509 	 69.285
FHW11209	11.125 	 1.509 	 69.285
FHW11209	11.250 	 1.509 	 69.285
FHW11209	11.375 	 1.509 	 69.285
FHW11209	11.500 	 1.509 	 69.285
FHW11209	11.625 	 1.509 	 69.285
FHW11209	11.750 	 1.509 	 69.285
FHW11209	11.875 	 1.509 	 69.285
FHW11209	12.000 	 1.509 	 69.285
FHW11209	12.125 	 1.509 	 69.285
FHW11209	12.250 	 1.509 	 69.285
FHW11209	12.375 	 1.509 	 69.285
FHW11209	12.500 	 1.509 	 69.285
FHW11209	12.625 	 1.509 	 69.285
FHW11209	12.750 	 1.509 	 69.285
FHW11209	12.875 	 1.509 	 69.285
FHW11209	13.000 	 1.509 	 69.285
FHW11209	13.125 	 1.509 	 69.285
FHW11209	13.250 	 1.509 	 69.285
FHW11209	13.375 	 1.509 	 69.285
FHW11209	13.500 	 1.509 	 69.285
FHW11209	13.625 	 1.509 	 69.285
FHW11209	13.750 	 1.509 	 69.285
FHW11209	13.875 	 1.509 	 69.285
FHW11209	14.000 	 1.509 	 69.285
FHW11209	14.125 	 1.509 	 69.285
FHW11209	14.250 	 1.509 	 69.285
FHW11209	14.375 	 1.509 	 69.285
FHW11209	14.500 	 1.509 	 69.285
FHW11209	14.625 	 1.509 	 69.285
FHW11209	14.750 	 1.509 	 69.285
FHW11209	14.875 	 1.509 	 69.285
FHW11209	15.000 	 1.509 	 69.285
FHW11209	15.125 	 1.509 	 69.285
FHW11209	15.250 	 1.509 	 69.285
FHW11209	15.375 	 1.509 	 69.285
FHW11209	15.500 	 1.509 	 69.285
FHW11209	15.625 	 1.509 	 69.285
FHW11209	15.750 	 1.509 	 69.285
FHW11209	15.875 	 1.509 	 69.285
FHW11209	16.000 	 1.509 	 69.285
FHW11209	16.125 	 1.509 	 69.285
FHW11209	16.250 	 1.509 	 69.285
FHW11209	16.375 	 1.509 	 69.285
FHW11209	16.500 	 1.509 	 69.285
FHW11209	16.625 	 1.509 	 69.285
FHW11209	16.750 	 1.509 	 69.285
FHW11209	16.875 	 1.509 	 69.285
FHW11209	17.000 	 1.509 	 69.285
FHW11209	17.125 	 1.509 	 69.285
FHW11209	17.250 	 1.509 	 69.285
FHW11209	17.375 	 1.509 	 69.285
FHW11209	17.500 	 1.509 	 69.285
FHW11209	17.625 	 1.509 	 69.285
FHW11209	17.750 	 1.509 	 69.285
FHW11209	17.875 	 1.509 	 69.285
FHW11209	18.000 	 1.509 	 69.285
FHW11209	18.125 	 1.509 	 69.285
FHW11209	18.250 	 1.509 	 69.285
FHW11209	18.375 	 1.509 	 69.285
FHW11209	18.500 	 1.509 	 69.285
FHW11209	18.625 	 1.509 	 69.285
FHW11209	18.750 	 1.509 	 69.285
FHW11209	18.875 	 1.509 	 69.285
FHW11209	19.000 	 1.509 	 69.285
FHW11209	19.125 	 1.509 	 69.285
FHW11209	19.250 	 1.509 	 69.285
FHW11209	19.375 	 1.509 	 69.285
FHW11209	19.500 	 1.509 	 69.285
FHW11209	19.625 	 1.509 	 69.285
FHW11209	19.750 	 1.509 	 69.285
FHW11209	19.875 	 1.509 	 69.285
FHW11209	20.000 	 1.509 	 69.285
FHW11209	20.125 	 1.509 	 69.285
FHW11209	20.250 	 1.509 	 69.285
FHW11209	20.375 	 1.509 	 69.285
FHW11209	20.500 	 1.509 	 69.285
FHW11209	20.625 	 1.509 	 69.285
FHW11209	20.750 	 1.509 	 69.285
FHW11209	20.875 	 1.509 	 69.285
FHW11209	21.000 	 1.509 	 69.285
FHW11209	21.125 	 1.509 	 69.285
FHW11209	21.250 	 1.509 	 69.285
FHW11209	21.375 	 1.509 	 69.285
FHW11209	21.500 	 1.509 	 69.285
FHW11209	21.625 	 1.509 	 69.285
FHW11209	21.750 	 1.509 	 69.285
FHW11209	21.875 	 1.509 	 69.285
FHW11209	22.000 	 1.509 	 69.285
FHW11209	22.125 	 1.509 	 69.285
FHW11209	22.250 	 1.509 	 69.285
FHW11209	22.375 	 1.509 	 69.285
FHW11209	22.500 	 1.509 	 69.285
FHW11209	22.625 	 1.509 	 69.285
FHW11209	22.750 	 1.509 	 69.285
FHW11209	22.875 	 1.509 	 69.285
FHW11209	23.000 	 1.509 	 69.285
FHW11209	23.125 	 1.509 	 69.285
FHW11209	23.250 	 1.509 	 69.285
FHW11209	23.375 	 1.509 	 69.285
FHW11209	23.500 	 1.509 	 69.285
FHW11209	23.625 	 1.509 	 69.285
FHW11209	23.750 	 1.509 	 69.285
FHW11209	23.875 	 1.509 	 69.285
FHW11209	24.000 	 1.509 	 69.285
FHW11209	24.125 	 1.509 	 69.285
FHW11209	24.250 	 1.509 	 69.285
FHW11209	24.375 	 1.509 	 69.285
FHW11209	24.500 	 1.509 	 69.285
FHW11209	24.625 	 1.509 	 69.285
FHW11209	24.750 	 1.509 	 69.285
FHW11209	24.875 	 1.509 	 69.285
FHW11209	25.000 	 1.509 	 69.285
FHW11209	25.125 	 1.509 	 69.285
FHW11209	25.250 	 1.509 	 69.285
FHW11209	25.375 	 1.509 	 69.285
FHW11209	25.500 	 1.509 	 69.285
FHW11209	25.625 	 1.509 	 69.285
FHW11209	25.750 	 1.509 	 69.285
FHW11209	25.875 	 1.509 	 69.285
FHW11209	26.000 	 1.509 	 69.285
FHW11209	26.125 	 1.509 	 69.285
FHW11209	26.250 	 1.509 	 69.285
FHW11209	26.375 	 1.509 	 69.285
FHW11209	26.500 	 1.509 	 69.285
FHW11209	26.625 	 1.509 	 69.285
FHW11209	26.750 	 1.509 	 69.285
FHW11209	26.875 	 1.509 	 69.285
FHW11209	27.000 	 1.509 	 69.285
FHW11209	27.125 	 1.509 	 69.285
FHW11209	27.250 	 1.509 	 69.285
FHW11209	27.375 	 1.509 	 69.285
FHW11209	27.500 	 1.509 	 69.285
FHW11209	27.625 	 1.509 	 69.285
FHW11209	27.750 	 1.509 	 69.285
FHW11209	27.875 	 1.509 	 69.285
FHW11209	28.000 	 1.509 	 69.285
FHW11209	28.125 	 1.509 	 69.285
FHW11209	28.250 	 1.509 	 69.285
FHW11209	28.375 	 1.509 	 69.285
FHW11209	28.500 	 1.509 	 69.285
FHW11209	28.625 	 1.509 	 69.285
FHW11209	28.750 	 1.509 	 69.285
FHW11209	28.875 	 1.509 	 69.285
FHW11209	29.000 	 1.509 	 69.285
FHW11209	29.125 	 1.509 	 69.285
FHW11209	29.250 	 1.509 	 69.285
FHW11209	29.375 	 1.509 	 69.285
FHW11209	29.500 	 1.509 	 69.285
FHW11209	29.625 	 1.509 	 69.285
FHW11209	29.750 	 1.509 	 69.285
FHW11209	29.875 	 1.509 	 69.285
FHW11209	30.000 	 1.509 	 69.285
FHW11209	30.125 	 1.509 	 69.285
FHW11209	30.250 	 1.509 	 69.285
FHW11209	30.375 	 1.509 	 69.285
FHW11209	30.500 	 1.509 	 69.285
FHW11209	30.625 	 1.509 	 69.285
FHW11209	30.750 	 1.509 	 69.285
FHW11209	30.875 	 1.509 	 69.285
FHW11209	31.000 	 1.509 	 69.285
FHW11209	31.125 	 1.509 	 69.285
FHW11209	31.250 	 1.509 	 69.285
FHW11209	31.375 	 1.509 	 69.285
FHW11209	31.500 	 1.509 	 69.285
FHW11209	31.625 	 1.509 	 69.285
FHW11209	31.750 	 1.509 	 69.285
FHW11209	31.875 	 1.509 	 69.285
FHW11209	32.000 	 1.509 	 69.285
FHW11209	32.125 	 1.509 	 69.285
FHW11209	32.250 	 1.509 	 69.285
FHW11209	32.375 	 1.509 	 69.285
FHW11209	32.500 	 1.509 	 69.285
FHW11209	32.625 	 1.509 	 69.285
FHW11209	32.750 	 1.509 	 69.285
FHW11209	32.875 	 1.509 	 69.285
FHW11209	33.000 	 1.509 	 69.285
FHW11209	33.125 	 1.509 	 69.285
FHW11209	33.250 	 1.509 	 69.285
FHW11209	33.375 	 1.509 	 69.285
FHW11209	33.500 	 1.509 	 69.285
FHW11209	33.625 	 1.509 	 69.285
FHW11209	33.750 	 1.509 	 69.285
FHW11209	33.875 	 1.509 	 69.285
FHW11209	34.000 	 1.509 	 69.285
FHW11209	34.125 	 1.509 	 69.285
FHW11209	34.250 	 1.509 	 69.285
FHW11209	34.375 	 1.509 	 69.285
FHW11209	34.500 	 1.509 	 69.285
FHW11209	34.625 	 1.509 	 69.285
FHW11209	34.750 	 1.509 	 69.285
FHW11209	34.875 	 1.509 	 69.285
FHW11209	35.000 	 1.509 	 69.285
FHW11209	35.125 	 1.509 	 69.285
FHW11209	35.250 	 1.509 	 69.285
FHW11209	35.375 	 1.509 	 69.285
FHW11209	35.500 	 1.509 	 69.285
FHW11209	35.625 	 1.509 	 69.285
FHW11209	35.750 	 1.509 	 69.285
FHW11209	35.875 	 1.509 	 69.285
FHW11209	36.000 	 1.509 	 69.285
FHW11209	36.125 	 1.509 	 69.285
FHW11209	36.250 	 1.509 	 69.285
FHW11209	36.375 	 1.509 	 69.285
FHW11209	36.500 	 1.509 	 69.285
FHW11209	36.625 	 1.509 	 69.285
FHW11209	36.750 	 1.509 	 69.285
FHW11209	36.875 	 1.509 	 69.285
FHW11209	37.000 	 1.509 	 69.285
FHW11209	37.125 	 1.509 	 69.285
FHW11209	37.250 	 1.509 	 69.285
FHW11209	37.375 	 1.509 	 69.285
FHW11209	37.500 	 1.509 	 69.285
FHW11209	37.625 	 1.509 	 69.285
FHW11209	37.750 	 1.509 	 69.285
FHW11209	37.875 	 1.509 	 69.285
FHW11209	38.000 	 1.509 	 69.285
FHW11209	38.125 	 1.509 	 69.285
FHW11209	38.250 	 1.509 	 69.285
FHW11209	38.375 	 1.509 	 69.285
FHW11209	38.500 	 1.509 	 69.285
FHW11209	38.625 	 1.509 	 69.285
FHW11209	38.750 	 1.509 	 69.285
FHW11209	38.875 	 1.509 	 69.285
FHW11209	39.000 	 1.509 	 69.285
FHW11209	39.125 	 1.509 	 69.285
FHW11209	39.250 	 1.509 	 69.285
FHW11209	39.375 	 1.509 	 69.285
FHW11209	39.500 	 1.509 	 69.285
FHW11209	39.625 	 1.509 	 69.285
FHW11209	39.750 	 1.509 	 69.285
FHW11209	39.875 	 1.509 	 69.285
FHW11209	40.000 	 1.509 	 69.285
FHW11209	40.125 	 1.509 	 69.285
FHW11209	40.250 	 1.509 	 69.285
FHW11209	40.375 	 1.509 	 69.285
FHW11209	40.500 	 1.509 	 69.285
FHW11209	40.625 	 1.509 	 69.285
FHW11209	40.750 	 1.509 	 69.285
FHW11209	40.875 	 1.509 	 69.285
FHW11209	41.000 	 1.509 	 69.285
FHW11209	41.125 	 1.509 	 69.284
FHW11209	41.250 	 1.509 	 69.285
FHW11209	41.375 	 1.509 	 69.285
FHW11209	41.500 	 1.509 	 69.285
FHW11209	41.625 	 1.509 	 69.285
FHW11209	41.750 	 1.509 	 69.285
FHW11209	41.875 	 1.509 	 69.285
FHW11209	42.000 	 1.509 	 69.285
FHW11209	42.125 	 3.165 	 73.400
FHW11209	42.250 	 3.165 	 73.400
FHW11209	42.375 	 3.165 	 73.400
FHW11209	42.500 	 3.165 	 73.400
FHW11209	42.625 	 3.165 	 73.400
FHW11209	42.750 	 3.165 	 73.400
FHW11209	42.875 	 3.165 	 73.400
FHW11209	43.000 	 3.165 	 73.400
FHW11209	43.125 	 3.165 	 73.400
FHW11209	43.250 	 3.165 	 73.400
FHW11209	43.375 	 3.165 	 73.400
FHW11209	43.500 	 3.165 	 73.400
FHW11209	43.625 	 3.165 	 73.400
FHW11209	43.750 	 3.165 	 73.400
FHW11209	43.875 	 3.165 	 73.400
FHW11209	44.000 	 3.165 	 73.400
FHW11209	44.125 	 3.165 	 73.400
FHW11209	44.250 	 3.165 	 73.400
FHW11209	44.375 	 3.165 	 73.400
FHW11209	44.500 	 3.165 	 73.400
FHW11209	44.625 	 3.165 	 73.400
FHW11209	44.750 	 3.165 	 73.400
FHW11209	44.875 	 3.165 	 73.400
FHW11209	45.000 	 3.165 	 73.400
FHW11209	45.125 	 3.165 	 73.400
FHW11209	45.250 	 3.165 	 73.400
FHW11209	45.375 	 3.165 	 73.400
FHW11209	45.500 	 3.165 	 73.400
FHW11209	45.625 	 3.165 	 73.400
FHW11209	45.750 	 3.165 	 73.400
FHW11209	45.875 	 3.165 	 73.400
FHW11209	46.000 	 3.165 	 73.400
FHW11209	46.125 	 3.545 	 73.400
FHW11209	46.250 	 3.545 	 73.400
FHW11209	46.375 	 3.545 	 73.400
FHW11209	46.500 	 3.545 	 73.400
FHW11209	46.625 	 3.545 	 73.400
FHW11209	46.750 	 3.545 	 73.400
FHW11209	46.875 	 3.545 	 73.400
FHW11209	47.000 	 3.545 	 73.400
FHW11209	47.125 	 3.545 	 73.400
FHW11209	47.250 	 3.545 	 73.400
FHW11209	47.375 	 3.545 	 73.400
FHW11209	47.500 	 3.545 	 73.400
FHW11209	47.625 	 3.545 	 73.400
FHW11209	47.750 	 3.545 	 73.400
FHW11209	47.875 	 3.545 	 73.400
FHW11209	48.000 	 3.545 	 73.400
FHW11209	48.125 	 3.545 	 73.400
FHW11209	48.250 	 3.545 	 73.400
FHW11209	48.375 	 3.545 	 73.400
FHW11209	48.500 	 3.545 	 73.400
FHW11209	48.625 	 3.545 	 73.400
FHW11209	48.750 	 3.545 	 73.400
FHW11209	48.875 	 3.545 	 73.400
FHW11209	49.000 	 3.545 	 73.400
FHW11209	49.125 	 3.545 	 73.400
FHW11209	49.250 	 3.545 	 73.400
FHW11209	49.375 	 3.545 	 73.400
FHW11209	49.500 	 3.545 	 73.400
FHW11209	49.625 	 3.545 	 73.400
FHW11209	49.750 	 3.545 	 73.400
FHW11209	49.875 	 3.545 	 73.400
FHW11209	50.000 	 3.545 	 73.400
FHW11209	50.125 	 3.545 	 73.400
FHW11209	50.250 	 3.545 	 73.400
FHW11209	50.375 	 3.545 	 73.400
FHW11209	50.500 	 3.545 	 73.400
FHW11209	50.625 	 3.545 	 73.400
FHW11209	50.750 	 3.545 	 73.400
FHW11209	50.875 	 3.545 	 73.400
FHW11209	51.000 	 3.545 	 73.400
FHW11209	51.125 	 3.545 	 73.400
FHW11209	51.250 	 3.545 	 73.400
FHW11209	51.375 	 3.545 	 73.400
FHW11209	51.500 	 3.545 	 73.400
FHW11209	51.625 	 3.545 	 73.400
FHW11209	51.750 	 3.545 	 73.400
FHW11209	51.875 	 3.545 	 73.400
FHW11209	52.000 	 3.545 	 73.400
FHW11209	52.125 	 3.545 	 73.400
FHW11209	52.250 	 3.545 	 73.400
FHW11209	52.375 	 3.545 	 73.400
FHW11209	52.500 	 3.545 	 73.400
FHW11209	52.625 	 3.545 	 73.400
FHW11209	52.750 	 5.205 	 71.698
FHW11209	52.875 	 5.274 	 71.650
FHW11209	53.000 	 5.274 	 71.650
FHW11209	53.125 	 5.274 	 71.650
FHW11209	53.250 	 5.274 	 71.650
FHW11209	53.375 	 5.274 	 71.650
FHW11209	53.500 	 5.274 	 71.650
FHW11209	53.625 	 5.274 	 71.650
FHW11209	53.750 	 5.274 	 71.650
FHW11209	53.875 	 5.274 	 71.650
FHW11209	54.000 	 5.274 	 71.650
FHW11209	54.125 	 5.274 	 71.650
FHW11209	54.250 	 5.274 	 71.650
FHW11209	54.375 	 5.274 	 71.650
FHW11209	54.500 	 5.274 	 71.650
FHW11209	54.625 	 5.274 	 71.650
FHW11209	54.750 	 5.274 	 71.650
FHW11209	54.875 	 5.274 	 71.650
FHW11209	55.000 	 5.274 	 71.650
FHW11209	55.125 	 5.274 	 71.650
FHW11209	55.250 	 5.274 	 71.650
FHW11209	55.375 	 5.274 	 71.650
FHW11209	55.500 	 5.274 	 71.650
FHW11209	55.625 	 5.274 	 71.650
FHW11209	55.750 	 5.274 	 71.650
FHW11209	55.875 	 5.274 	 71.650
FHW11209	56.000 	 5.274 	 71.650
FHW11209	56.125 	 5.274 	 71.650
FHW11209	56.250 	 5.274 	 71.650
FHW11209	56.375 	 5.274 	 71.650
FHW11209	56.500 	 5.274 	 71.650
FHW11209	56.625 	 5.274 	 71.650
FHW11209	56.750 	 5.274 	 71.650
FHW11209	56.875 	 5.274 	 71.650
FHW11209	57.000 	 5.274 	 71.650
FHW11209	57.125 	 5.274 	 71.650
FHW11209	57.250 	 5.274 	 71.650
FHW11209	57.375 	 5.274 	 71.650
FHW11209	57.500 	 5.274 	 71.650
FHW11209	57.625 	 5.274 	 71.650
FHW11209	57.750 	 5.274 	 71.650
FHW11209	57.875 	 5.274 	 71.650
FHW11209	58.000 	 5.274 	 71.650
FHW11209	58.125 	 5.274 	 71.650
FHW11209	58.250 	 5.274 	 71.650
FHW11209	58.375 	 5.274 	 71.650
FHW11209	58.500 	 5.274 	 71.650
FHW11209	58.625 	 5.274 	 71.650
FHW11209	58.750 	 5.274 	 71.650
FHW11209	58.875 	 5.274 	 71.650
FHW11209	59.000 	 5.274 	 71.650
FHW11209	59.125 	 5.274 	 71.650
FHW11209	59.250 	 5.274 	 71.650
FHW11209	59.375 	 5.274 	 71.650
FHW11209	59.500 	 5.274 	 71.650
FHW11209	59.625 	 5.274 	 71.650
FHW11209	59.750 	 5.274 	 71.650
FHW11209	59.875 	 5.274 	 71.650
FHW11209	60.000 	 5.274 	 71.650
FHW11209	60.125 	 5.274 	 71.650
FHW11209	60.250 	 5.274 	 71.650
FHW11209	60.375 	 5.274 	 71.650
FHW11209	60.500 	 5.274 	 71.650
FHW11209	60.625 	 5.274 	 71.650
FHW11209	60.750 	 5.274 	 71.650
FHW11209	60.875 	 5.274 	 71.650
FHW11209	61.000 	 5.274 	 71.650
FHW11209	61.125 	 5.274 	 71.650
FHW11209	61.250 	 5.274 	 71.650
FHW11209	61.375 	 5.274 	 71.650
FHW11209	61.500 	 5.274 	 71.650
FHW11209	61.625 	 5.274 	 71.650
FHW11209	61.750 	 5.274 	 71.650
FHW11209	61.875 	 6.128 	 70.282
FHW11209	62.000 	 8.334 	 68.050
FHW11209	62.125 	 8.333 	 68.050
FHW11209	62.250 	 8.334 	 68.050
FHW11209	62.375 	 8.334 	 68.050
FHW11209	62.500 	 8.334 	 68.050
FHW11209	62.625 	 8.334 	 68.050
FHW11209	62.750 	 8.334 	 68.050
FHW11209	62.875 	 8.333 	 68.050
FHW11209	63.000 	 8.334 	 68.050
FHW11209	63.125 	 8.334 	 68.050
FHW11209	63.250 	 8.334 	 68.050
FHW11209	63.375 	 8.334 	 68.050
FHW11209	63.500 	 8.333 	 68.050
FHW11209	63.625 	 8.334 	 68.050
FHW11209	63.750 	 8.334 	 68.050
FHW11209	63.875 	 8.334 	 68.050
FHW11209	64.000 	 8.334 	 68.050
FHW11209	64.125 	 8.334 	 68.050
FHW11209	64.250 	 8.333 	 68.050
FHW11209	64.375 	 8.334 	 68.050
FHW11209	64.500 	 8.334 	 68.050
FHW11209	64.625 	 8.334 	 68.050
FHW11209	64.750 	 8.334 	 68.050
FHW11209	64.875 	 8.334 	 68.050
FHW11209	65.000 	 8.333 	 68.050
FHW11209	65.125 	 8.334 	 68.050
FHW11209	65.250 	 8.334 	 68.050
FHW11209	65.375 	 8.334 	 68.050
FHW11209	65.500 	 8.334 	 68.050
FHW11209	65.625 	 8.334 	 68.050
FHW11209	65.750 	 8.333 	 68.049
FHW11209	65.875 	 8.334 	 68.050
FHW11209	66.000 	 8.334 	 68.050
FHW11209	66.125 	 8.334 	 68.050
FHW11209	66.250 	 8.334 	 68.050
FHW11209	66.375 	 8.333 	 68.050
FHW11209	66.500 	 8.334 	 68.050
FHW11209	66.625 	 8.334 	 68.050
FHW11209	66.750 	 8.334 	 68.050
FHW11209	66.875 	 8.334 	 68.050
FHW11209	67.000 	 8.334 	 68.050
FHW11209	67.125 	 8.333 	 68.050
FHW11209	67.250 	 8.334 	 68.050
FHW11209	67.375 	 8.334 	 68.050
FHW11209	67.500 	 8.334 	 68.050
FHW11209	67.625 	 8.334 	 68.050
FHW11209	67.750 	 8.334 	 68.050
FHW11209	67.875 	 8.333 	 68.050
FHW11209	68.000 	 8.334 	 68.050
FHW11209	68.125 	 8.334 	 68.050
FHW11209	68.250 	 8.334 	 68.050
FHW11209	68.375 	 8.334 	 68.050
FHW11209	68.500 	 8.333 	 68.050
FHW11209	68.625 	 8.334 	 68.050
FHW11209	68.750 	 8.334 	 68.050
FHW11209	68.875 	 8.334 	 68.050
FHW11209	69.000 	 8.334 	 68.050
FHW11209	69.125 	 8.334 	 68.050
FHW11209	69.250 	 8.333 	 68.049
FHW11209	69.375 	 8.334 	 68.050
FHW11209	69.500 	 8.334 	 68.050
FHW11209	69.625 	 8.334 	 68.050
FHW11209	69.750 	 8.334 	 68.050
FHW11209	69.875 	 8.334 	 68.050
FHW11209	70.000 	 8.333 	 68.050
FHW11209	70.125 	 8.334 	 68.050
FHW11209	70.250 	 8.334 	 68.050
FHW11209	70.375 	 8.334 	 68.050
FHW11209	70.500 	 8.334 	 68.050
FHW11209	70.625 	 8.334 	 68.050
FHW11209	70.750 	 8.333 	 68.050
FHW11209	70.875 	 8.334 	 68.050
FHW11209	71.000 	 8.334 	 68.050
FHW11209	71.125 	 11.719 	 64.750
FHW11209	71.250 	 11.719 	 64.750
FHW11209	71.375 	 11.719 	 64.750
FHW11209	71.500 	 11.719 	 64.750
FHW11209	71.625 	 11.719 	 64.750
FHW11209	71.750 	 11.719 	 64.750
FHW11209	71.875 	 11.719 	 64.750
FHW11209	72.000 	 11.719 	 64.750
FHW11209	72.125 	 11.719 	 64.750
FHW11209	72.250 	 11.719 	 64.750
FHW11209	72.375 	 11.719 	 64.750
FHW11209	72.500 	 11.719 	 64.750
FHW11209	72.625 	 11.719 	 64.750
FHW11209	72.750 	 11.719 	 64.750
FHW11209	72.875 	 11.719 	 64.750
FHW11209	73.000 	 11.719 	 64.750
FHW11209	73.125 	 11.719 	 64.750
FHW11209	73.250 	 11.719 	 64.750
FHW11209	73.375 	 11.719 	 64.750
FHW11209	73.500 	 11.719 	 64.750
FHW11209	73.625 	 11.719 	 64.750
FHW11209	73.750 	 11.719 	 64.750
FHW11209	73.875 	 11.719 	 64.750
FHW11209	74.000 	 11.719 	 64.750
FHW11209	74.125 	 11.719 	 64.750
FHW11209	74.250 	 11.719 	 64.750
FHW11209	74.375 	 11.719 	 64.750
FHW11209	74.500 	 11.719 	 64.750
FHW11209	74.625 	 11.719 	 64.750
FHW11209	74.750 	 11.719 	 64.750
FHW11209	74.875 	 11.719 	 64.750
FHW11209	75.000 	 11.719 	 64.750
FHW11209	75.125 	 11.719 	 64.750
FHW11209	75.250 	 11.719 	 64.750
FHW11209	75.375 	 11.719 	 64.750
FHW11209	75.500 	 11.719 	 64.750
FHW11209	75.625 	 11.719 	 64.750
FHW11209	75.750 	 11.719 	 64.750
FHW11209	75.875 	 11.719 	 64.750
FHW11209	76.000 	 11.719 	 64.750
FHW11209	76.125 	 11.719 	 64.750
FHW11209	76.250 	 11.719 	 64.750
FHW11209	76.375 	 11.719 	 64.750
FHW11209	76.500 	 11.719 	 64.750
FHW11209	76.625 	 11.719 	 64.751
FHW11209	76.750 	 11.719 	 64.750
FHW11209	76.875 	 11.719 	 64.750
FHW11209	77.000 	 11.719 	 64.750
FHW11209	77.125 	 11.719 	 64.750
FHW11209	77.250 	 11.719 	 64.750
FHW11209	77.375 	 11.719 	 64.750
FHW11209	77.500 	 11.719 	 64.750
FHW11209	77.625 	 11.719 	 64.750
FHW11209	77.750 	 11.719 	 64.750
FHW11209	77.875 	 11.719 	 64.750
FHW11209	78.000 	 11.719 	 64.750
FHW11209	78.125 	 11.719 	 64.750
FHW11209	78.250 	 11.719 	 64.750
FHW11209	78.375 	 11.719 	 64.750
FHW11209	78.500 	 11.719 	 64.750
FHW11209	78.625 	 11.719 	 64.750
FHW11209	78.750 	 11.719 	 64.750
FHW11209	78.875 	 11.719 	 64.750
FHW11209	79.000 	 11.719 	 64.750
FHW11209	79.125 	 11.719 	 64.750
FHW11209	79.250 	 11.719 	 64.750
FHW11209	79.375 	 11.719 	 64.750
FHW11209	79.500 	 11.719 	 64.750
FHW11209	79.625 	 11.719 	 64.750
FHW11209	79.750 	 11.719 	 64.751
FHW11209	79.875 	 11.719 	 64.750
FHW11209	80.000 	 11.719 	 64.750
FHW11209	80.125 	 11.719 	 64.750
FHW11209	80.250 	 11.719 	 64.750
FHW11209	80.375 	 14.284 	 63.019
FHW11209	80.500 	 15.495 	 62.400
FHW11209	80.625 	 15.494 	 62.400
FHW11209	80.750 	 15.495 	 62.400
FHW11209	80.875 	 15.494 	 62.400
FHW11209	81.000 	 15.495 	 62.400
FHW11209	81.125 	 15.494 	 62.400
FHW11209	81.250 	 15.495 	 62.400
FHW11209	81.375 	 15.495 	 62.400
FHW11209	81.500 	 15.494 	 62.400
FHW11209	81.625 	 15.495 	 62.400
FHW11209	81.750 	 15.494 	 62.400
FHW11209	81.875 	 15.495 	 62.400
FHW11209	82.000 	 15.494 	 62.400
FHW11209	82.125 	 15.495 	 62.400
FHW11209	82.250 	 15.494 	 62.400
FHW11209	82.375 	 15.495 	 62.400
FHW11209	82.500 	 15.495 	 62.400
FHW11209	82.625 	 15.494 	 62.400
FHW11209	82.750 	 15.495 	 62.400
FHW11209	82.875 	 15.494 	 62.400
FHW11209	83.000 	 15.495 	 62.400
FHW11209	83.125 	 15.494 	 62.400
FHW11209	83.250 	 15.495 	 62.400
FHW11209	83.375 	 15.494 	 62.400
FHW11209	83.500 	 15.495 	 62.400
FHW11209	83.625 	 15.495 	 62.400
FHW11209	83.750 	 15.494 	 62.400
FHW11209	83.875 	 15.495 	 62.400
FHW11209	84.000 	 15.494 	 62.400
FHW11209	84.125 	 15.495 	 62.400
FHW11209	84.250 	 15.494 	 62.400
FHW11209	84.375 	 15.495 	 62.400
FHW11209	84.500 	 15.495 	 62.400
FHW11209	84.625 	 15.494 	 62.400
FHW11209	84.750 	 15.495 	 62.400
FHW11209	84.875 	 15.494 	 62.400
FHW11209	85.000 	 15.495 	 62.400
FHW11209	85.125 	 15.494 	 62.400
FHW11209	85.250 	 15.495 	 62.400
FHW11209	85.375 	 15.494 	 62.400
FHW11209	85.500 	 15.495 	 62.400
FHW11209	85.625 	 15.495 	 62.400
FHW11209	85.750 	 15.494 	 62.400
FHW11209	85.875 	 15.495 	 62.400
FHW11209	86.000 	 15.494 	 62.400
FHW11209	86.125 	 15.495 	 62.400
FHW11209	86.250 	 15.494 	 62.400
FHW11209	86.375 	 15.495 	 62.400
FHW11209	86.500 	 15.494 	 62.400
FHW11209	86.625 	 15.495 	 62.400
FHW11209	86.750 	 15.495 	 62.400
FHW11209	86.875 	 15.494 	 62.400
FHW11209	87.000 	 15.495 	 62.400
FHW11209	87.125 	 15.494 	 62.400
FHW11209	87.250 	 15.495 	 62.400
FHW11209	87.375 	 15.494 	 62.400
FHW11209	87.500 	 15.495 	 62.400
FHW11209	87.625 	 15.495 	 62.400
FHW11209	87.750 	 15.494 	 62.400
FHW11209	87.875 	 15.495 	 62.400
FHW11209	88.000 	 15.494 	 62.400
FHW11209	88.125 	 15.495 	 62.400
FHW11209	88.250 	 15.494 	 62.400
FHW11209	88.375 	 15.495 	 62.400
FHW11209	88.500 	 15.494 	 62.400
FHW11209	88.625 	 15.495 	 62.400
FHW11209	88.750 	 15.495 	 62.400
FHW11209	88.875 	 15.494 	 62.400
FHW11209	89.000 	 15.495 	 62.400
FHW11209	89.125 	 15.494 	 62.400
FHW11209	89.250 	 15.495 	 62.400
FHW11209	89.375 	 15.494 	 62.400
FHW11209	89.500 	 18.357 	 61.485
FHW11209	89.625 	 19.470 	 61.200
FHW11209	89.750 	 19.470 	 61.200
FHW11209	89.875 	 19.470 	 61.200
FHW11209	90.000 	 19.470 	 61.200
FHW11209	90.125 	 19.470 	 61.200
FHW11209	90.250 	 19.470 	 61.200
FHW11209	90.375 	 19.470 	 61.200
FHW11209	90.500 	 19.471 	 61.200
FHW11209	90.625 	 19.470 	 61.200
FHW11209	90.750 	 19.470 	 61.200
FHW11209	90.875 	 19.470 	 61.200
FHW11209	91.000 	 19.470 	 61.200
FHW11209	91.125 	 19.470 	 61.200
FHW11209	91.250 	 19.470 	 61.200
FHW11209	91.375 	 19.470 	 61.200
FHW11209	91.500 	 19.470 	 61.200
FHW11209	91.625 	 19.470 	 61.200
FHW11209	91.750 	 19.470 	 61.200
FHW11209	91.875 	 19.471 	 61.200
FHW11209	92.000 	 19.470 	 61.200
FHW11209	92.125 	 19.470 	 61.200
FHW11209	92.250 	 19.470 	 61.200
FHW11209	92.375 	 19.470 	 61.200
FHW11209	92.500 	 19.470 	 61.200
FHW11209	92.625 	 19.470 	 61.200
FHW11209	92.750 	 19.470 	 61.200
FHW11209	92.875 	 19.470 	 61.200
FHW11209	93.000 	 19.470 	 61.200
FHW11209	93.125 	 19.470 	 61.200
FHW11209	93.250 	 19.471 	 61.200
FHW11209	93.375 	 19.470 	 61.200
FHW11209	93.500 	 19.470 	 61.200
FHW11209	93.625 	 19.470 	 61.200
FHW11209	93.750 	 19.470 	 61.200
FHW11209	93.875 	 19.470 	 61.200
FHW11209	94.000 	 19.470 	 61.200
FHW11209	94.125 	 19.470 	 61.200
FHW11209	94.250 	 19.470 	 61.200
FHW11209	94.375 	 19.470 	 61.201
FHW11209	94.500 	 19.470 	 61.200
FHW11209	94.625 	 19.471 	 61.200
FHW11209	94.750 	 19.470 	 61.200
FHW11209	94.875 	 19.470 	 61.200
FHW11209	95.000 	 19.470 	 61.200
FHW11209	95.125 	 19.470 	 61.200
FHW11209	95.250 	 19.470 	 61.200
FHW11209	95.375 	 19.470 	 61.200
FHW11209	95.500 	 19.470 	 61.200
FHW11209	95.625 	 19.470 	 61.200
FHW11209	95.750 	 19.470 	 61.200
FHW11209	95.875 	 19.471 	 61.200
FHW11209	96.000 	 19.470 	 61.200
FHW11209	96.125 	 19.470 	 61.200
FHW11209	96.250 	 19.470 	 61.200
FHW11209	96.375 	 19.470 	 61.200
FHW11209	96.500 	 19.470 	 61.200
FHW11209	96.625 	 19.470 	 61.200
FHW11209	96.750 	 19.470 	 61.200
FHW11209	96.875 	 19.470 	 61.200
FHW11209	97.000 	 19.470 	 61.200
FHW11209	97.125 	 19.470 	 61.200
FHW11209	97.250 	 19.471 	 61.200
FHW11209	97.375 	 19.470 	 61.200
FHW11209	97.500 	 19.470 	 61.200
FHW11209	97.625 	 19.470 	 61.200
FHW11209	97.750 	 19.470 	 61.200
FHW11209	97.875 	 19.470 	 61.200
FHW11209	98.000 	 19.470 	 61.200
FHW11209	98.125 	 19.470 	 61.200
FHW11209	98.250 	 19.470 	 61.200
FHW11209	98.375 	 19.470 	 61.200
FHW11209	98.500 	 19.470 	 61.200
FHW11209	98.625 	 19.471 	 61.200
FHW11209	98.750 	 19.470 	 61.200
FHW11209	98.875 	 22.826 	 61.416
FHW11209	99.000 	 23.465 	 61.450
FHW11209	99.125 	 23.463 	 61.450
FHW11209	99.250 	 23.465 	 61.450
FHW11209	99.375 	 23.465 	 61.450
FHW11209	99.500 	 23.465 	 61.451
FHW11209	99.625 	 23.465 	 61.450
FHW11209	99.750 	 23.465 	 61.450
FHW11209	99.875 	 23.465 	 61.450
FHW11209	100.000 	 23.465 	 61.450
FHW11209	100.125 	 23.463 	 61.450
FHW11209	100.250 	 23.465 	 61.450
FHW11209	100.375 	 23.465 	 61.450
FHW11209	100.500 	 23.465 	 61.450
FHW11209	100.625 	 23.465 	 61.450
FHW11209	100.750 	 23.465 	 61.450
FHW11209	100.875 	 23.465 	 61.450
FHW11209	101.000 	 23.465 	 61.450
FHW11209	101.125 	 23.463 	 61.450
FHW11209	101.250 	 23.465 	 61.450
FHW11209	101.375 	 23.465 	 61.450
FHW11209	101.500 	 23.465 	 61.450
FHW11209	101.625 	 23.465 	 61.450
FHW11209	101.750 	 23.465 	 61.450
FHW11209	101.875 	 23.465 	 61.450
FHW11209	102.000 	 23.465 	 61.450
FHW11209	102.125 	 23.465 	 61.450
FHW11209	102.250 	 23.463 	 61.450
FHW11209	102.375 	 23.465 	 61.450
FHW11209	102.500 	 23.465 	 61.450
FHW11209	102.625 	 23.465 	 61.450
FHW11209	102.750 	 23.465 	 61.450
FHW11209	102.875 	 23.465 	 61.450
FHW11209	103.000 	 23.465 	 61.450
FHW11209	103.125 	 23.465 	 61.451
FHW11209	103.250 	 23.463 	 61.450
FHW11209	103.375 	 23.465 	 61.450
FHW11209	103.500 	 23.465 	 61.450
FHW11209	103.625 	 23.465 	 61.450
FHW11209	103.750 	 23.465 	 61.450
FHW11209	103.875 	 23.465 	 61.451
FHW11209	104.000 	 23.465 	 61.450
FHW11209	104.125 	 23.465 	 61.450
FHW11209	104.250 	 23.463 	 61.450
FHW11209	104.375 	 23.465 	 61.450
FHW11209	104.500 	 23.465 	 61.450
FHW11209	104.625 	 23.465 	 61.450
FHW11209	104.750 	 23.465 	 61.450
FHW11209	104.875 	 23.465 	 61.450
FHW11209	105.000 	 23.465 	 61.450
FHW11209	105.125 	 23.465 	 61.450
FHW11209	105.250 	 23.463 	 61.450
FHW11209	105.375 	 23.465 	 61.450
FHW11209	105.500 	 23.465 	 61.450
FHW11209	105.625 	 23.465 	 61.450
FHW11209	105.750 	 23.465 	 61.450
FHW11209	105.875 	 23.465 	 61.450
FHW11209	106.000 	 23.465 	 61.450
FHW11209	106.125 	 23.465 	 61.451
FHW11209	106.250 	 23.465 	 61.450
FHW11209	106.375 	 23.463 	 61.450
FHW11209	106.500 	 23.465 	 61.450
FHW11209	106.625 	 23.465 	 61.450
FHW11209	106.750 	 23.465 	 61.450
FHW11209	106.875 	 23.465 	 61.450
FHW11209	107.000 	 23.465 	 61.450
FHW11209	107.125 	 23.465 	 61.450
FHW11209	107.250 	 23.465 	 61.450
FHW11209	107.375 	 23.463 	 61.450
FHW11209	107.500 	 23.465 	 61.450
FHW11209	107.625 	 23.465 	 61.450
FHW11209	107.750 	 23.465 	 61.450
FHW11209	107.875 	 23.906 	 61.679
FHW11209	108.000 	 27.153 	 63.150
FHW11209	108.125 	 27.154 	 63.150
FHW11209	108.250 	 27.153 	 63.150
FHW11209	108.375 	 27.154 	 63.150
FHW11209	108.500 	 27.153 	 63.150
FHW11209	108.625 	 27.155 	 63.150
FHW11209	108.750 	 27.153 	 63.150
FHW11209	108.875 	 27.153 	 63.150
FHW11209	109.000 	 27.153 	 63.150
FHW11209	109.125 	 27.153 	 63.150
FHW11209	109.250 	 27.153 	 63.150
FHW11209	109.375 	 27.154 	 63.150
FHW11209	109.500 	 27.153 	 63.150
FHW11209	109.625 	 27.154 	 63.150
FHW11209	109.750 	 27.153 	 63.150
FHW11209	109.875 	 27.155 	 63.150
FHW11209	110.000 	 27.153 	 63.150
FHW11209	110.125 	 27.153 	 63.150
FHW11209	110.250 	 27.153 	 63.150
FHW11209	110.375 	 27.153 	 63.150
FHW11209	110.500 	 27.153 	 63.150
FHW11209	110.625 	 27.154 	 63.150
FHW11209	110.750 	 27.153 	 63.150
FHW11209	110.875 	 27.154 	 63.150
FHW11209	111.000 	 27.153 	 63.150
FHW11209	111.125 	 27.155 	 63.150
FHW11209	111.250 	 27.153 	 63.150
FHW11209	111.375 	 27.153 	 63.150
FHW11209	111.500 	 27.153 	 63.150
FHW11209	111.625 	 27.153 	 63.150
FHW11209	111.750 	 27.153 	 63.150
FHW11209	111.875 	 27.154 	 63.150
FHW11209	112.000 	 27.153 	 63.150
FHW11209	112.125 	 27.154 	 63.150
FHW11209	112.250 	 27.153 	 63.150
FHW11209	112.375 	 27.155 	 63.150
FHW11209	112.500 	 27.153 	 63.150
FHW11209	112.625 	 27.153 	 63.150
FHW11209	112.750 	 27.153 	 63.150
FHW11209	112.875 	 27.153 	 63.150
FHW11209	113.000 	 27.153 	 63.150
FHW11209	113.125 	 27.154 	 63.150
FHW11209	113.250 	 27.153 	 63.150
FHW11209	113.375 	 27.154 	 63.150
FHW11209	113.500 	 27.153 	 63.150
FHW11209	113.625 	 27.155 	 63.150
FHW11209	113.750 	 27.153 	 63.150
FHW11209	113.875 	 27.153 	 63.150
FHW11209	114.000 	 27.153 	 63.150
FHW11209	114.125 	 27.153 	 63.149
FHW11209	114.250 	 27.154 	 63.151
FHW11209	114.375 	 27.153 	 63.150
FHW11209	114.500 	 27.153 	 63.150
FHW11209	114.625 	 27.153 	 63.150
FHW11209	114.750 	 27.153 	 63.150
FHW11209	114.875 	 27.155 	 63.150
FHW11209	115.000 	 27.153 	 63.150
FHW11209	115.125 	 27.153 	 63.150
FHW11209	115.250 	 27.153 	 63.150
FHW11209	115.375 	 27.153 	 63.150
FHW11209	115.500 	 27.154 	 63.150
FHW11209	115.625 	 27.153 	 63.150
FHW11209	115.750 	 27.153 	 63.150
FHW11209	115.875 	 27.153 	 63.150
FHW11209	116.000 	 27.153 	 63.150
FHW11209	116.125 	 27.155 	 63.151
FHW11209	116.250 	 27.153 	 63.150
FHW11209	116.375 	 27.153 	 63.150
FHW11209	116.500 	 27.153 	 63.150
FHW11209	116.625 	 27.153 	 63.150
FHW11209	116.750 	 27.154 	 63.150
FHW11209	116.875 	 27.153 	 63.150
FHW11209	117.000 	 27.153 	 63.150
FHW11209	117.125 	 28.077 	 63.603
FHW11209	117.250 	 30.454 	 64.650
FHW11209	117.375 	 30.454 	 64.649
FHW11209	117.500 	 30.456 	 64.650
FHW11209	117.625 	 30.455 	 64.651
FHW11209	117.750 	 30.454 	 64.650
FHW11209	117.875 	 30.456 	 64.649
FHW11209	118.000 	 30.454 	 64.650
FHW11209	118.125 	 30.454 	 64.650
FHW11209	118.250 	 30.456 	 64.649
FHW11209	118.375 	 30.454 	 64.650
FHW11209	118.500 	 30.454 	 64.650
FHW11209	118.625 	 30.457 	 64.651
FHW11209	118.750 	 30.454 	 64.649
FHW11209	118.875 	 30.454 	 64.650
FHW11209	119.000 	 30.456 	 64.650
FHW11209	119.125 	 30.454 	 64.650
FHW11209	119.250 	 30.454 	 64.649
FHW11209	119.375 	 30.456 	 64.650
FHW11209	119.500 	 30.454 	 64.650
FHW11209	119.625 	 30.454 	 64.650
FHW11209	119.750 	 30.457 	 64.650
FHW11209	119.875 	 30.454 	 64.650
FHW11209	120.000 	 30.456 	 64.650
FHW11209	120.125 	 30.454 	 64.649
FHW11209	120.250 	 30.454 	 64.650
FHW11209	120.375 	 30.456 	 64.650
FHW11209	120.500 	 30.454 	 64.650
FHW11209	120.625 	 30.454 	 64.649
FHW11209	120.750 	 30.457 	 64.651
FHW11209	120.875 	 30.454 	 64.650
FHW11209	121.000 	 30.454 	 64.650
FHW11209	121.125 	 30.456 	 64.649
FHW11209	121.250 	 30.454 	 64.650
FHW11209	121.375 	 30.454 	 64.650
FHW11209	121.500 	 30.456 	 64.649
FHW11209	121.625 	 30.454 	 64.650
FHW11209	121.750 	 30.454 	 64.650
FHW11209	121.875 	 30.457 	 64.651
FHW11209	122.000 	 30.454 	 64.649
FHW11209	122.125 	 30.454 	 64.650
FHW11209	122.250 	 30.456 	 64.650
FHW11209	122.375 	 30.454 	 64.650
FHW11209	122.500 	 30.454 	 64.649
FHW11209	122.625 	 30.456 	 64.650
FHW11209	122.750 	 30.454 	 64.650
FHW11209	122.875 	 30.457 	 64.650
FHW11209	123.000 	 30.454 	 64.650
FHW11209	123.125 	 30.454 	 64.650
FHW11209	123.250 	 30.456 	 64.650
FHW11209	123.375 	 30.454 	 64.649
FHW11209	123.500 	 30.454 	 64.650
FHW11209	123.625 	 30.456 	 64.650
FHW11209	123.750 	 30.454 	 64.650
FHW11209	123.875 	 30.454 	 64.649
FHW11209	124.000 	 30.457 	 64.651
FHW11209	124.125 	 30.454 	 64.650
FHW11209	124.250 	 30.454 	 64.650
FHW11209	124.375 	 30.456 	 64.649
FHW11209	124.500 	 30.454 	 64.650
FHW11209	124.625 	 30.454 	 64.650
FHW11209	124.750 	 30.456 	 64.649
FHW11209	124.875 	 30.454 	 64.650
FHW11209	125.000 	 30.454 	 64.650
FHW11209	125.125 	 30.457 	 64.651
FHW11209	125.250 	 30.454 	 64.649
FHW11209	125.375 	 30.454 	 64.650
FHW11209	125.500 	 30.456 	 64.650
FHW11209	125.625 	 30.454 	 64.650
FHW11209	125.750 	 30.454 	 64.649
FHW11209	125.875 	 30.456 	 64.650
FHW11209	126.000 	 30.454 	 64.650
FHW11209	126.125 	 30.457 	 64.650
FHW11209	126.250 	 31.866 	 64.825
FHW11209	126.375 	 33.402 	 65.000
FHW11209	126.500 	 33.400 	 65.000
FHW11209	126.625 	 33.400 	 65.001
FHW11209	126.750 	 33.400 	 65.000
FHW11209	126.875 	 33.400 	 65.000
FHW11209	127.000 	 33.400 	 64.999
FHW11209	127.125 	 33.400 	 65.000
FHW11209	127.250 	 33.402 	 65.000
FHW11209	127.375 	 33.400 	 65.001
FHW11209	127.500 	 33.400 	 65.000
FHW11209	127.625 	 33.400 	 65.000
FHW11209	127.750 	 33.400 	 65.000
FHW11209	127.875 	 33.400 	 64.999
FHW11209	128.000 	 33.400 	 65.000
FHW11209	128.125 	 33.402 	 65.001
FHW11209	128.250 	 33.400 	 65.000
FHW11209	128.375 	 33.400 	 65.000
FHW11209	128.500 	 33.400 	 65.000
FHW11209	128.625 	 33.400 	 64.999
FHW11209	128.750 	 33.400 	 65.000
FHW11209	128.875 	 33.402 	 65.001
FHW11209	129.000 	 33.400 	 65.000
FHW11209	129.125 	 33.400 	 65.000
FHW11209	129.250 	 33.400 	 65.000
FHW11209	129.375 	 33.400 	 65.000
FHW11209	129.500 	 33.400 	 64.999
FHW11209	129.625 	 33.400 	 65.001
FHW11209	129.750 	 33.402 	 65.000
FHW11209	129.875 	 33.400 	 65.000
FHW11209	130.000 	 33.400 	 65.000
FHW11209	130.125 	 33.400 	 65.000
FHW11209	130.250 	 33.400 	 65.000
FHW11209	130.375 	 33.400 	 64.999
FHW11209	130.500 	 33.400 	 65.001
FHW11209	130.625 	 33.402 	 65.000
FHW11209	130.750 	 33.400 	 65.000
FHW11209	130.875 	 33.400 	 65.000
FHW11209	131.000 	 33.400 	 65.000
FHW11209	131.125 	 33.400 	 65.000
FHW11209	131.250 	 33.400 	 65.000
FHW11209	131.375 	 33.402 	 65.000
FHW11209	131.500 	 33.400 	 65.000
FHW11209	131.625 	 33.400 	 65.000
FHW11209	131.750 	 33.400 	 65.000
FHW11209	131.875 	 33.400 	 65.000
FHW11209	132.000 	 33.400 	 65.000
FHW11209	132.125 	 33.400 	 65.000
FHW11209	132.250 	 33.402 	 65.000
FHW11209	132.375 	 33.400 	 65.000
FHW11209	132.500 	 33.400 	 65.000
FHW11209	132.625 	 33.400 	 65.000
FHW11209	132.750 	 33.400 	 65.001
FHW11209	132.875 	 33.400 	 64.999
FHW11209	133.000 	 33.400 	 65.000
FHW11209	133.125 	 33.402 	 65.000
FHW11209	133.250 	 33.400 	 65.000
FHW11209	133.375 	 33.400 	 65.000
FHW11209	133.500 	 33.400 	 65.001
FHW11209	133.625 	 33.402 	 65.000
FHW11209	133.750 	 33.398 	 64.999
FHW11209	133.875 	 33.402 	 65.000
FHW11209	134.000 	 33.398 	 65.000
FHW11209	134.125 	 33.402 	 65.000
FHW11209	134.250 	 33.398 	 65.001
FHW11209	134.375 	 33.402 	 65.000
FHW11209	134.500 	 33.402 	 65.000
FHW11209	134.625 	 33.398 	 64.999
FHW11209	134.750 	 33.402 	 65.000
FHW11209	134.875 	 33.398 	 65.000
FHW11209	135.000 	 33.402 	 65.001
FHW11209	135.125 	 33.398 	 65.000
FHW11209	135.250 	 33.402 	 65.000
FHW11209	135.375 	 34.047 	 65.011
FHW11209	135.500 	 36.630 	 65.050
FHW11209	135.625 	 36.630 	 65.049
FHW11209	135.750 	 36.630 	 65.050
FHW11209	135.875 	 36.630 	 65.050
FHW11209	136.000 	 36.630 	 65.050
FHW11209	136.125 	 36.630 	 65.049
FHW11209	136.250 	 36.630 	 65.051
FHW11209	136.375 	 36.630 	 65.049
FHW11209	136.500 	 36.630 	 65.050
FHW11209	136.625 	 36.630 	 65.050
FHW11209	136.750 	 36.630 	 65.050
FHW11209	136.875 	 36.630 	 65.049
FHW11209	137.000 	 36.630 	 65.051
FHW11209	137.125 	 36.630 	 65.049
FHW11209	137.250 	 36.630 	 65.050
FHW11209	137.375 	 36.630 	 65.050
FHW11209	137.500 	 36.630 	 65.050
FHW11209	137.625 	 36.630 	 65.049
FHW11209	137.750 	 36.630 	 65.051
FHW11209	137.875 	 36.630 	 65.049
FHW11209	138.000 	 36.630 	 65.050
FHW11209	138.125 	 36.634 	 65.049
FHW11209	138.250 	 36.630 	 65.051
FHW11209	138.375 	 36.630 	 65.049
FHW11209	138.500 	 36.630 	 65.050
FHW11209	138.625 	 36.630 	 65.050
FHW11209	138.750 	 36.630 	 65.050
FHW11209	138.875 	 36.630 	 65.049
FHW11209	139.000 	 36.630 	 65.051
FHW11209	139.125 	 36.630 	 65.049
FHW11209	139.250 	 36.630 	 65.050
FHW11209	139.375 	 36.630 	 65.050
FHW11209	139.500 	 36.630 	 65.050
FHW11209	139.625 	 36.630 	 65.049
FHW11209	139.750 	 36.630 	 65.051
FHW11209	139.875 	 36.630 	 65.049
FHW11209	140.000 	 36.630 	 65.050
FHW11209	140.125 	 36.630 	 65.049
FHW11209	140.250 	 36.630 	 65.051
FHW11209	140.375 	 36.630 	 65.049
FHW11209	140.500 	 36.630 	 65.050
FHW11209	140.625 	 36.630 	 65.050
FHW11209	140.750 	 36.630 	 65.050
FHW11209	140.875 	 36.630 	 65.049
FHW11209	141.000 	 36.630 	 65.051
FHW11209	141.125 	 36.630 	 65.049
FHW11209	141.250 	 36.630 	 65.050
FHW11209	141.375 	 36.630 	 65.050
FHW11209	141.500 	 36.634 	 65.050
FHW11209	141.625 	 36.630 	 65.049
FHW11209	141.750 	 36.630 	 65.051
FHW11209	141.875 	 36.630 	 65.049
FHW11209	142.000 	 36.630 	 65.050
FHW11209	142.125 	 36.630 	 65.050
FHW11209	142.250 	 36.630 	 65.050
FHW11209	142.375 	 36.630 	 65.049
FHW11209	142.500 	 36.630 	 65.050
FHW11209	142.625 	 36.630 	 65.050
FHW11209	142.750 	 36.630 	 65.050
FHW11209	142.875 	 36.630 	 65.049
FHW11209	143.000 	 36.630 	 65.051
FHW11209	143.125 	 36.630 	 65.049
FHW11209	143.250 	 36.630 	 65.050
FHW11209	143.375 	 36.630 	 65.050
FHW11209	143.500 	 36.630 	 65.050
FHW11209	143.625 	 36.630 	 65.049
FHW11209	143.750 	 36.630 	 65.051
FHW11209	143.875 	 36.630 	 65.049
FHW11209	144.000 	 36.630 	 65.050
FHW11209	144.125 	 36.630 	 65.050
FHW11209	144.250 	 36.630 	 65.050
FHW11209	144.375 	 36.630 	 65.049
FHW11209	144.500 	 36.630 	 65.051
FHW11209	144.625 	 36.630 	 65.049
FHW11209	144.750 	 36.929 	 65.063
FHW11209	144.875 	 40.343 	 65.200
FHW11209	145.000 	 40.347 	 65.200
FHW11209	145.125 	 40.342 	 65.200
FHW11209	145.250 	 40.347 	 65.200
FHW11209	145.375 	 40.343 	 65.200
FHW11209	145.500 	 40.347 	 65.200
FHW11209	145.625 	 40.343 	 65.200
FHW11209	145.750 	 40.347 	 65.200
FHW11209	145.875 	 40.342 	 65.200
FHW11209	146.000 	 40.348 	 65.200
FHW11209	146.125 	 40.343 	 65.200
FHW11209	146.250 	 40.343 	 65.200
FHW11209	146.375 	 40.347 	 65.200
FHW11209	146.500 	 40.342 	 65.199
FHW11209	146.625 	 40.347 	 65.200
FHW11209	146.750 	 40.343 	 65.200
FHW11209	146.875 	 40.347 	 65.200
FHW11209	147.000 	 40.343 	 65.200
FHW11209	147.125 	 40.347 	 65.200
FHW11209	147.250 	 40.343 	 65.200
FHW11209	147.375 	 40.347 	 65.200
FHW11209	147.500 	 40.343 	 65.200
FHW11209	147.625 	 40.346 	 65.198
FHW11209	147.750 	 40.343 	 65.200
FHW11209	147.875 	 40.343 	 65.200
FHW11209	148.000 	 40.347 	 65.200
FHW11209	148.125 	 40.343 	 65.200
FHW11209	148.250 	 40.347 	 65.200
FHW11209	148.375 	 40.343 	 65.200
FHW11209	148.500 	 40.347 	 65.200
FHW11209	148.625 	 40.343 	 65.200
FHW11209	148.750 	 40.347 	 65.200
FHW11209	148.875 	 40.343 	 65.200
FHW11209	149.000 	 40.346 	 65.198
FHW11209	149.125 	 40.343 	 65.200
FHW11209	149.250 	 40.347 	 65.200
FHW11209	149.375 	 40.343 	 65.200
FHW11209	149.500 	 40.343 	 65.200
FHW11209	149.625 	 40.347 	 65.200
FHW11209	149.750 	 40.343 	 65.200
FHW11209	149.875 	 40.347 	 65.200
FHW11209	150.000 	 40.343 	 65.199
FHW11209	150.125 	 40.347 	 65.200
FHW11209	150.250 	 40.343 	 65.200
FHW11209	150.375 	 40.347 	 65.200
FHW11209	150.500 	 40.342 	 65.199
FHW11209	150.625 	 40.347 	 65.200
FHW11209	150.750 	 40.343 	 65.200
FHW11209	150.875 	 40.347 	 65.200
FHW11209	151.000 	 40.343 	 65.199
FHW11209	151.125 	 40.347 	 65.200
FHW11209	151.250 	 40.343 	 65.200
FHW11209	151.375 	 40.343 	 65.200
FHW11209	151.500 	 40.347 	 65.200
FHW11209	151.625 	 40.343 	 65.200
FHW11209	151.750 	 40.347 	 65.200
FHW11209	151.875 	 40.342 	 65.199
FHW11209	152.000 	 40.347 	 65.200
FHW11209	152.125 	 40.343 	 65.199
FHW11209	152.250 	 40.347 	 65.200
FHW11209	152.375 	 40.343 	 65.200
FHW11209	152.500 	 40.347 	 65.200
FHW11209	152.625 	 40.343 	 65.200
FHW11209	152.750 	 40.347 	 65.200
FHW11209	152.875 	 40.343 	 65.200
FHW11209	153.000 	 40.343 	 65.200
FHW11209	153.125 	 40.348 	 65.199
FHW11209	153.250 	 40.342 	 65.199
FHW11209	153.375 	 40.347 	 65.200
FHW11209	153.500 	 40.343 	 65.200
FHW11209	153.625 	 40.347 	 65.200
FHW11209	153.750 	 40.343 	 65.200
FHW11209	153.875 	 40.347 	 65.200
FHW11209	154.000 	 40.343 	 65.200
FHW11209	154.125 	 42.258 	 65.169
FHW11209	154.250 	 43.529 	 65.151
FHW11209	154.375 	 43.529 	 65.150
FHW11209	154.500 	 43.534 	 65.150
FHW11209	154.625 	 43.529 	 65.150
FHW11209	154.750 	 43.529 	 65.151
FHW11209	154.875 	 43.529 	 65.150
FHW11209	155.000 	 43.533 	 65.149
FHW11209	155.125 	 43.529 	 65.150
FHW11209	155.250 	 43.529 	 65.151
FHW11209	155.375 	 43.529 	 65.150
FHW11209	155.500 	 43.529 	 65.150
FHW11209	155.625 	 43.534 	 65.150
FHW11209	155.750 	 43.529 	 65.151
FHW11209	155.875 	 43.529 	 65.150
FHW11209	156.000 	 43.529 	 65.150
FHW11209	156.125 	 43.534 	 65.150
FHW11209	156.250 	 43.529 	 65.151
FHW11209	156.375 	 43.529 	 65.150
FHW11209	156.500 	 43.529 	 65.150
FHW11209	156.625 	 43.534 	 65.150
FHW11209	156.750 	 43.529 	 65.151
FHW11209	156.875 	 43.529 	 65.150
FHW11209	157.000 	 43.529 	 65.150
FHW11209	157.125 	 43.529 	 65.150
FHW11209	157.250 	 43.534 	 65.151
FHW11209	157.375 	 43.529 	 65.150
FHW11209	157.500 	 43.529 	 65.150
FHW11209	157.625 	 43.529 	 65.150
FHW11209	157.750 	 43.534 	 65.151
FHW11209	157.875 	 43.529 	 65.150
FHW11209	158.000 	 43.529 	 65.150
FHW11209	158.125 	 43.529 	 65.150
FHW11209	158.250 	 43.534 	 65.151
FHW11209	158.375 	 43.529 	 65.150
FHW11209	158.500 	 43.529 	 65.150
FHW11209	158.625 	 43.529 	 65.150
FHW11209	158.750 	 43.529 	 65.151
FHW11209	158.875 	 43.534 	 65.150
FHW11209	159.000 	 43.529 	 65.150
FHW11209	159.125 	 43.529 	 65.150
FHW11209	159.250 	 43.529 	 65.151
FHW11209	159.375 	 43.534 	 65.150
FHW11209	159.500 	 43.529 	 65.150
FHW11209	159.625 	 43.529 	 65.150
FHW11209	159.750 	 43.528 	 65.150
FHW11209	159.875 	 43.534 	 65.150
FHW11209	160.000 	 43.529 	 65.150
FHW11209	160.125 	 43.529 	 65.150
FHW11209	160.250 	 43.529 	 65.151
FHW11209	160.375 	 43.529 	 65.150
FHW11209	160.500 	 43.534 	 65.150
FHW11209	160.625 	 43.529 	 65.150
FHW11209	160.750 	 43.529 	 65.151
FHW11209	160.875 	 43.529 	 65.150
FHW11209	161.000 	 43.534 	 65.150
FHW11209	161.125 	 43.529 	 65.150
FHW11209	161.250 	 43.529 	 65.151
FHW11209	161.375 	 43.529 	 65.150
FHW11209	161.500 	 43.534 	 65.150
FHW11209	161.625 	 43.529 	 65.150
FHW11209	161.750 	 43.529 	 65.151
FHW11209	161.875 	 43.529 	 65.150
FHW11209	162.000 	 43.534 	 65.150
FHW11209	162.125 	 43.529 	 65.150
FHW11209	162.250 	 43.529 	 65.151
FHW11209	162.375 	 43.529 	 65.150
FHW11209	162.500 	 43.529 	 65.150
FHW11209	162.625 	 43.534 	 65.150
FHW11209	162.750 	 43.529 	 65.151
FHW11209	162.875 	 43.529 	 65.150
FHW11209	163.000 	 43.529 	 65.150
FHW11209	163.125 	 43.534 	 65.150
FHW11209	163.250 	 43.529 	 65.151
FHW11209	163.375 	 46.216 	 64.594
FHW11209	163.500 	 46.447 	 64.551
FHW11209	163.625 	 46.452 	 64.550
FHW11209	163.750 	 46.447 	 64.551
FHW11209	163.875 	 46.452 	 64.550
FHW11209	164.000 	 46.446 	 64.550
FHW11209	164.125 	 46.452 	 64.550
FHW11209	164.250 	 46.447 	 64.551
FHW11209	164.375 	 46.452 	 64.550
FHW11209	164.500 	 46.447 	 64.551
FHW11209	164.625 	 46.452 	 64.550
FHW11209	164.750 	 46.451 	 64.550
FHW11209	164.875 	 46.447 	 64.550
FHW11209	165.000 	 46.452 	 64.550
FHW11209	165.125 	 46.447 	 64.551
FHW11209	165.250 	 46.452 	 64.550
FHW11209	165.375 	 46.446 	 64.550
FHW11209	165.500 	 46.452 	 64.550
FHW11209	165.625 	 46.447 	 64.551
FHW11209	165.750 	 46.452 	 64.550
FHW11209	165.875 	 46.447 	 64.551
FHW11209	166.000 	 46.451 	 64.549
FHW11209	166.125 	 46.447 	 64.551
FHW11209	166.250 	 46.452 	 64.550
FHW11209	166.375 	 46.447 	 64.551
FHW11209	166.500 	 46.452 	 64.550
FHW11209	166.625 	 46.446 	 64.550
FHW11209	166.750 	 46.452 	 64.550
FHW11209	166.875 	 46.447 	 64.551
FHW11209	167.000 	 46.452 	 64.550
FHW11209	167.125 	 46.452 	 64.551
FHW11209	167.250 	 46.447 	 64.550
FHW11209	167.375 	 46.451 	 64.550
FHW11209	167.500 	 46.447 	 64.550
FHW11209	167.625 	 46.452 	 64.550
FHW11209	167.750 	 46.447 	 64.551
FHW11209	167.875 	 46.452 	 64.550
FHW11209	168.000 	 46.446 	 64.550
FHW11209	168.125 	 46.452 	 64.550
FHW11209	168.250 	 46.447 	 64.551
FHW11209	168.375 	 46.452 	 64.550
FHW11209	168.500 	 46.447 	 64.551
FHW11209	168.625 	 46.451 	 64.549
FHW11209	168.750 	 46.447 	 64.551
FHW11209	168.875 	 46.452 	 64.550
FHW11209	169.000 	 46.447 	 64.551
FHW11209	169.125 	 46.452 	 64.550
FHW11209	169.250 	 46.447 	 64.551
FHW11209	169.375 	 46.451 	 64.549
FHW11209	169.500 	 46.452 	 64.551
FHW11209	169.625 	 46.447 	 64.550
FHW11209	169.750 	 46.452 	 64.551
FHW11209	169.875 	 46.447 	 64.550
FHW11209	170.000 	 46.451 	 64.550
FHW11209	170.125 	 46.447 	 64.550
FHW11209	170.250 	 46.452 	 64.550
FHW11209	170.375 	 46.447 	 64.551
FHW11209	170.500 	 46.452 	 64.550
FHW11209	170.625 	 46.446 	 64.550
FHW11209	170.750 	 46.452 	 64.550
FHW11209	170.875 	 46.447 	 64.551
FHW11209	171.000 	 46.452 	 64.550
FHW11209	171.125 	 46.447 	 64.551
FHW11209	171.250 	 46.451 	 64.549
FHW11209	171.375 	 46.447 	 64.551
FHW11209	171.500 	 46.452 	 64.550
FHW11209	171.625 	 46.447 	 64.551
FHW11209	171.750 	 46.452 	 64.550
FHW11209	171.875 	 46.452 	 64.551
FHW11209	172.000 	 46.446 	 64.549
FHW11209	172.125 	 46.452 	 64.551
FHW11209	172.250 	 46.447 	 64.550
FHW11209	172.375 	 46.452 	 64.551
FHW11209	172.500 	 46.447 	 64.550
FHW11209	172.625 	 49.363 	 63.957
FHW11209	172.750 	 49.923 	 63.850
FHW11209	172.875 	 49.916 	 63.850
FHW11209	173.000 	 49.923 	 63.850
FHW11209	173.125 	 49.918 	 63.850
FHW11209	173.250 	 49.923 	 63.850
FHW11209	173.375 	 49.918 	 63.850
FHW11209	173.500 	 49.923 	 63.851
FHW11209	173.625 	 49.918 	 63.850
FHW11209	173.750 	 49.922 	 63.849
FHW11209	173.875 	 49.918 	 63.850
FHW11209	174.000 	 49.923 	 63.850
FHW11209	174.125 	 49.917 	 63.851
FHW11209	174.250 	 49.923 	 63.850
FHW11209	174.375 	 49.918 	 63.850
FHW11209	174.500 	 49.923 	 63.850
FHW11209	174.625 	 49.917 	 63.849
FHW11209	174.750 	 49.923 	 63.851
FHW11209	174.875 	 49.918 	 63.850
FHW11209	175.000 	 49.923 	 63.850
FHW11209	175.125 	 49.918 	 63.850
FHW11209	175.250 	 49.923 	 63.850
FHW11209	175.375 	 49.916 	 63.850
FHW11209	175.500 	 49.918 	 63.850
FHW11209	175.625 	 49.923 	 63.850
FHW11209	175.750 	 49.918 	 63.850
FHW11209	175.875 	 49.923 	 63.850
FHW11209	176.000 	 49.917 	 63.851
FHW11209	176.125 	 49.923 	 63.850
FHW11209	176.250 	 49.917 	 63.849
FHW11209	176.375 	 49.923 	 63.850
FHW11209	176.500 	 49.918 	 63.850
FHW11209	176.625 	 49.923 	 63.851
FHW11209	176.750 	 49.918 	 63.850
FHW11209	176.875 	 49.923 	 63.850
FHW11209	177.000 	 49.917 	 63.849
FHW11209	177.125 	 49.923 	 63.850
FHW11209	177.250 	 49.917 	 63.851
FHW11209	177.375 	 49.923 	 63.850
FHW11209	177.500 	 49.918 	 63.850
FHW11209	177.625 	 49.923 	 63.850
FHW11209	177.750 	 49.918 	 63.850
FHW11209	177.875 	 49.922 	 63.850
FHW11209	178.000 	 49.918 	 63.850
FHW11209	178.125 	 49.923 	 63.850
FHW11209	178.250 	 49.918 	 63.850
FHW11209	178.375 	 49.923 	 63.850
FHW11209	178.500 	 49.917 	 63.851
FHW11209	178.625 	 49.923 	 63.850
FHW11209	178.750 	 49.917 	 63.849
FHW11209	178.875 	 49.918 	 63.850
FHW11209	179.000 	 49.923 	 63.850
FHW11209	179.125 	 49.917 	 63.851
FHW11209	179.250 	 49.923 	 63.850
FHW11209	179.375 	 49.918 	 63.850
FHW11209	179.500 	 49.922 	 63.849
FHW11209	179.625 	 49.918 	 63.850
FHW11209	179.750 	 49.923 	 63.851
FHW11209	179.875 	 49.918 	 63.850
FHW11209	180.000 	 49.923 	 63.850
FHW11209	180.125 	 49.918 	 63.850
FHW11209	180.250 	 49.923 	 63.850
FHW11209	180.375 	 49.916 	 63.850
FHW11209	180.500 	 49.923 	 63.850
FHW11209	180.625 	 49.918 	 63.850
FHW11209	180.750 	 49.923 	 63.850
FHW11209	180.875 	 49.918 	 63.850
FHW11209	181.000 	 49.923 	 63.851
FHW11209	181.125 	 49.917 	 63.849
FHW11209	181.250 	 49.923 	 63.850
FHW11209	181.375 	 49.918 	 63.850
FHW11209	181.500 	 49.923 	 63.850
FHW11209	181.625 	 49.917 	 63.851
FHW11209	181.750 	 49.923 	 63.850
FHW11209	181.875 	 52.308 	 63.665
FHW11209	182.000 	 53.905 	 63.550
FHW11209	182.125 	 53.905 	 63.550
FHW11209	182.250 	 53.905 	 63.550
FHW11209	182.375 	 53.905 	 63.550
FHW11209	182.500 	 53.905 	 63.550
FHW11209	182.625 	 53.905 	 63.550
FHW11209	182.750 	 53.905 	 63.549
FHW11209	182.875 	 53.905 	 63.550
FHW11209	183.000 	 53.905 	 63.550
FHW11209	183.125 	 53.905 	 63.550
FHW11209	183.250 	 53.905 	 63.550
FHW11209	183.375 	 53.905 	 63.550
FHW11209	183.500 	 53.905 	 63.550
FHW11209	183.625 	 53.905 	 63.550
FHW11209	183.750 	 53.900 	 63.549
FHW11209	183.875 	 53.905 	 63.550
FHW11209	184.000 	 53.905 	 63.550
FHW11209	184.125 	 53.905 	 63.550
FHW11209	184.250 	 53.905 	 63.550
FHW11209	184.375 	 53.905 	 63.550
FHW11209	184.500 	 53.905 	 63.550
FHW11209	184.625 	 53.905 	 63.550
FHW11209	184.750 	 53.905 	 63.549
FHW11209	184.875 	 53.905 	 63.550
FHW11209	185.000 	 53.905 	 63.550
FHW11209	185.125 	 53.905 	 63.550
FHW11209	185.250 	 53.905 	 63.550
FHW11209	185.375 	 53.905 	 63.550
FHW11209	185.500 	 53.905 	 63.550
FHW11209	185.625 	 53.905 	 63.550
FHW11209	185.750 	 53.905 	 63.549
FHW11209	185.875 	 53.905 	 63.550
FHW11209	186.000 	 53.905 	 63.550
FHW11209	186.125 	 53.905 	 63.550
FHW11209	186.250 	 53.905 	 63.550
FHW11209	186.375 	 53.905 	 63.550
FHW11209	186.500 	 53.905 	 63.550
FHW11209	186.625 	 53.904 	 63.549
FHW11209	186.750 	 53.905 	 63.549
FHW11209	186.875 	 53.900 	 63.550
FHW11209	187.000 	 53.905 	 63.550
FHW11209	187.125 	 53.905 	 63.550
FHW11209	187.250 	 53.905 	 63.550
FHW11209	187.375 	 53.905 	 63.550
FHW11209	187.500 	 53.905 	 63.550
FHW11209	187.625 	 53.905 	 63.549
FHW11209	187.750 	 53.905 	 63.550
FHW11209	187.875 	 53.905 	 63.550
FHW11209	188.000 	 53.905 	 63.550
FHW11209	188.125 	 53.905 	 63.550
FHW11209	188.250 	 53.905 	 63.550
FHW11209	188.375 	 53.905 	 63.550
FHW11209	188.500 	 53.905 	 63.550
FHW11209	188.625 	 53.905 	 63.549
FHW11209	188.750 	 53.905 	 63.550
FHW11209	188.875 	 53.905 	 63.550
FHW11209	189.000 	 53.905 	 63.550
FHW11209	189.125 	 53.905 	 63.550
FHW11209	189.250 	 53.905 	 63.550
FHW11209	189.375 	 53.905 	 63.550
FHW11209	189.500 	 53.905 	 63.550
FHW11209	189.625 	 53.905 	 63.549
FHW11209	189.750 	 53.905 	 63.550
FHW11209	189.875 	 53.905 	 63.550
FHW11209	190.000 	 53.900 	 63.550
FHW11209	190.125 	 53.905 	 63.550
FHW11209	190.250 	 53.905 	 63.550
FHW11209	190.375 	 53.905 	 63.550
FHW11209	190.500 	 53.905 	 63.550
FHW11209	190.625 	 53.905 	 63.549
FHW11209	190.750 	 53.905 	 63.550
FHW11209	190.875 	 53.905 	 63.550
FHW11209	191.000 	 55.945 	 63.507
FHW11209	191.125 	 56.712 	 63.590
FHW11209	191.250 	 56.705 	 63.589
FHW11209	191.375 	 56.712 	 63.590
FHW11209	191.500 	 56.712 	 63.590
FHW11209	191.625 	 56.705 	 63.589
FHW11209	191.750 	 56.712 	 63.591
FHW11209	191.875 	 56.712 	 63.590
FHW11209	192.000 	 56.705 	 63.589
FHW11209	192.125 	 56.712 	 63.590
FHW11209	192.250 	 56.712 	 63.590
FHW11209	192.375 	 56.705 	 63.589
FHW11209	192.500 	 56.712 	 63.590
FHW11209	192.625 	 56.712 	 63.590
FHW11209	192.750 	 56.705 	 63.589
FHW11209	192.875 	 56.712 	 63.590
FHW11209	193.000 	 56.712 	 63.590
FHW11209	193.125 	 56.705 	 63.589
FHW11209	193.250 	 56.712 	 63.590
FHW11209	193.375 	 56.712 	 63.591
FHW11209	193.500 	 56.705 	 63.589
FHW11209	193.625 	 56.712 	 63.590
FHW11209	193.750 	 56.712 	 63.590
FHW11209	193.875 	 56.705 	 63.589
FHW11209	194.000 	 56.712 	 63.590
FHW11209	194.125 	 58.721 	 63.835
FHW11209	194.250 	 58.720 	 63.836
FHW11209	194.375 	 58.720 	 63.834
FHW11209	194.500 	 58.720 	 63.836
FHW11209	194.625 	 58.720 	 63.834
FHW11209	194.750 	 58.721 	 63.837
FHW11209	194.875 	 58.720 	 63.834
FHW11209	195.000 	 58.721 	 63.836
FHW11209	195.125 	 58.714 	 63.835
FHW11209	195.250 	 58.720 	 63.834
FHW11209	195.375 	 58.721 	 63.837
FHW11209	195.500 	 58.720 	 63.834
FHW11209	195.625 	 58.720 	 63.835
FHW11209	195.750 	 58.721 	 63.836
FHW11209	195.875 	 58.720 	 63.834
FHW11209	196.000 	 58.721 	 63.837
FHW11209	196.125 	 58.720 	 63.834
FHW11209	196.250 	 58.720 	 63.835
FHW11209	196.375 	 58.721 	 63.836
FHW11209	196.500 	 58.720 	 63.835
FHW11209	196.625 	 58.721 	 63.836
FHW11209	196.750 	 58.720 	 63.834
FHW11209	196.875 	 58.720 	 63.835
FHW11209	197.000 	 58.721 	 63.836
FHW11209	197.125 	 58.714 	 63.835
FHW11209	197.250 	 58.720 	 63.834
FHW11209	197.375 	 58.721 	 63.837
FHW11209	197.500 	 58.720 	 63.834
FHW11209	197.625 	 58.721 	 63.836
FHW11209	197.750 	 58.720 	 63.835
FHW11209	197.875 	 58.720 	 63.834
FHW11209	198.000 	 58.721 	 63.836
FHW11209	198.125 	 58.719 	 63.836
FHW11209	198.250 	 58.721 	 63.836
FHW11209	198.375 	 58.720 	 63.834
FHW11209	198.500 	 58.720 	 63.834
FHW11209	198.625 	 58.721 	 63.836
FHW11209	198.750 	 58.719 	 63.836
FHW11209	198.875 	 58.720 	 63.834
FHW11209	199.000 	 58.721 	 63.836
FHW11209	199.125 	 58.720 	 63.834
FHW11209	199.250 	 58.715 	 63.838
FHW11209	199.375 	 58.720 	 63.834
FHW11209	199.500 	 58.720 	 63.834
FHW11209	199.625 	 58.721 	 63.836
FHW11209	199.750 	 58.720 	 63.834
FHW11209	199.875 	 58.721 	 63.838
FHW11209	200.000 	 58.720 	 63.834
FHW11209	200.125 	 58.720 	 63.834
FHW11209	200.250 	 60.684 	 63.975
FHW11209	200.375 	 61.782 	 64.049
FHW11209	200.500 	 61.788 	 64.051
FHW11209	200.625 	 61.780 	 64.049
FHW11209	200.750 	 61.788 	 64.051
FHW11209	200.875 	 61.782 	 64.051
FHW11209	201.000 	 61.787 	 64.047
FHW11209	201.125 	 61.782 	 64.051
FHW11209	201.250 	 61.788 	 64.051
FHW11209	201.375 	 61.787 	 64.049
FHW11209	201.500 	 61.782 	 64.051
FHW11209	201.625 	 61.789 	 64.049
FHW11209	201.750 	 61.780 	 64.049
FHW11209	201.875 	 61.788 	 64.051
FHW11209	202.000 	 61.782 	 64.051
FHW11209	202.125 	 61.789 	 64.049
FHW11209	202.250 	 61.787 	 64.049
FHW11209	202.375 	 61.782 	 64.051
FHW11209	202.500 	 61.788 	 64.051
FHW11209	202.625 	 61.780 	 64.049
FHW11209	202.750 	 61.789 	 64.049
FHW11209	202.875 	 61.782 	 64.051
FHW11209	203.000 	 61.787 	 64.049
FHW11209	203.125 	 61.782 	 64.051
FHW11209	203.250 	 61.788 	 64.051
FHW11209	203.375 	 61.787 	 64.047
FHW11209	203.500 	 61.782 	 64.051
FHW11209	203.625 	 61.788 	 64.051
FHW11209	203.750 	 61.780 	 64.049
FHW11209	203.875 	 61.788 	 64.051
FHW11209	204.000 	 61.782 	 64.049
FHW11209	204.125 	 61.788 	 64.051
FHW11209	204.250 	 61.780 	 64.049
FHW11209	204.375 	 61.788 	 64.051
FHW11209	204.500 	 61.788 	 64.051
FHW11209	204.625 	 61.781 	 64.047
FHW11209	204.750 	 61.788 	 64.051
FHW11209	204.875 	 61.782 	 64.051
FHW11209	205.000 	 61.787 	 64.049
FHW11209	205.125 	 61.782 	 64.051
FHW11209	205.250 	 61.789 	 64.049
FHW11209	205.375 	 61.780 	 64.049
FHW11209	205.500 	 61.788 	 64.051
FHW11209	205.625 	 61.788 	 64.051
FHW11209	205.750 	 61.782 	 64.051
FHW11209	205.875 	 61.787 	 64.047
FHW11209	206.000 	 61.782 	 64.051
FHW11209	206.125 	 61.788 	 64.051
FHW11209	206.250 	 61.780 	 64.049
FHW11209	206.375 	 61.789 	 64.049
FHW11209	206.500 	 61.782 	 64.051
FHW11209	206.625 	 61.787 	 64.049
FHW11209	206.750 	 61.788 	 64.051
FHW11209	206.875 	 61.782 	 64.051
FHW11209	207.000 	 61.787 	 64.047
FHW11209	207.125 	 61.782 	 64.051
FHW11209	207.250 	 61.788 	 64.051
FHW11209	207.375 	 61.780 	 64.049
FHW11209	207.500 	 61.788 	 64.051
FHW11209	207.625 	 61.782 	 64.049
FHW11209	207.750 	 61.788 	 64.051
FHW11209	207.875 	 61.787 	 64.049
FHW11209	208.000 	 61.782 	 64.051
FHW11209	208.125 	 61.788 	 64.051
FHW11209	208.250 	 61.781 	 64.047
FHW11209	208.375 	 61.788 	 64.051
FHW11209	208.500 	 61.782 	 64.051
FHW11209	208.625 	 61.787 	 64.049
FHW11209	208.750 	 61.782 	 64.051
FHW11209	208.875 	 61.789 	 64.049
FHW11209	209.000 	 61.787 	 64.049
FHW11209	209.125 	 61.782 	 64.051
FHW11209	209.250 	 61.788 	 64.051
FHW11209	209.375 	 64.642 	 64.091
FHW11209	209.500 	 65.191 	 64.100
FHW11209	209.625 	 65.189 	 64.100
FHW11209	209.750 	 65.189 	 64.100
FHW11209	209.875 	 65.189 	 64.100
FHW11209	210.000 	 65.189 	 64.100
FHW11209	210.125 	 65.190 	 64.098
FHW11209	210.250 	 65.189 	 64.100
FHW11209	210.375 	 65.191 	 64.102
FHW11209	210.500 	 65.196 	 64.100
FHW11209	210.625 	 65.189 	 64.100
FHW11209	210.750 	 65.190 	 64.098
FHW11209	210.875 	 65.189 	 64.100
FHW11209	211.000 	 65.189 	 64.100
FHW11209	211.125 	 65.189 	 64.100
FHW11209	211.250 	 65.189 	 64.100
FHW11209	211.375 	 65.191 	 64.100
FHW11209	211.500 	 65.189 	 64.100
FHW11209	211.625 	 65.189 	 64.100
FHW11209	211.750 	 65.189 	 64.100
FHW11209	211.875 	 65.189 	 64.100
FHW11209	212.000 	 65.190 	 64.098
FHW11209	212.125 	 65.189 	 64.100
FHW11209	212.250 	 65.189 	 64.100
FHW11209	212.375 	 65.191 	 64.102
FHW11209	212.500 	 65.189 	 64.100
FHW11209	212.625 	 65.190 	 64.098
FHW11209	212.750 	 65.189 	 64.100
FHW11209	212.875 	 65.189 	 64.100
FHW11209	213.000 	 65.196 	 64.100
FHW11209	213.125 	 65.189 	 64.100
FHW11209	213.250 	 65.190 	 64.098
FHW11209	213.375 	 65.191 	 64.102
FHW11209	213.500 	 65.189 	 64.100
FHW11209	213.625 	 65.189 	 64.100
FHW11209	213.750 	 65.189 	 64.100
FHW11209	213.875 	 65.190 	 64.098
FHW11209	214.000 	 65.189 	 64.100
FHW11209	214.125 	 65.189 	 64.100
FHW11209	214.250 	 65.189 	 64.100
FHW11209	214.375 	 65.191 	 64.102
FHW11209	214.500 	 65.190 	 64.098
FHW11209	214.625 	 65.189 	 64.100
FHW11209	214.750 	 65.189 	 64.100
FHW11209	214.875 	 65.189 	 64.100
FHW11209	215.000 	 65.189 	 64.100
FHW11209	215.125 	 65.190 	 64.098
FHW11209	215.250 	 65.189 	 64.100
FHW11209	215.375 	 65.191 	 64.102
FHW11209	215.500 	 65.189 	 64.100
FHW11209	215.625 	 65.196 	 64.100
FHW11209	215.750 	 65.190 	 64.098
FHW11209	215.875 	 65.189 	 64.100
FHW11209	216.000 	 65.189 	 64.100
FHW11209	216.125 	 65.189 	 64.100
FHW11209	216.250 	 65.189 	 64.100
FHW11209	216.375 	 65.191 	 64.100
FHW11209	216.500 	 65.189 	 64.100
FHW11209	216.625 	 65.189 	 64.100
FHW11209	216.750 	 65.189 	 64.100
FHW11209	216.875 	 65.189 	 64.100
FHW11209	217.000 	 65.190 	 64.098
FHW11209	217.125 	 65.189 	 64.100
FHW11209	217.250 	 65.189 	 64.100
FHW11209	217.375 	 65.191 	 64.102
FHW11209	217.500 	 65.189 	 64.100
FHW11209	217.625 	 65.190 	 64.098
FHW11209	217.750 	 65.189 	 64.100
FHW11209	217.875 	 65.189 	 64.100
FHW11209	218.000 	 65.189 	 64.100
FHW11209	218.125 	 65.196 	 64.100
FHW11209	218.250 	 65.190 	 64.098
FHW11209	218.375 	 65.191 	 64.102
FHW11209	218.500 	 65.189 	 64.100
FHW11209	218.625 	 67.193 	 64.206
FHW11209	218.750 	 69.053 	 64.299
FHW11209	218.875 	 69.046 	 64.301
FHW11209	219.000 	 69.053 	 64.299
FHW11209	219.125 	 69.053 	 64.299
FHW11209	219.250 	 69.046 	 64.301
FHW11209	219.375 	 69.053 	 64.299
FHW11209	219.500 	 69.052 	 64.301
FHW11209	219.625 	 69.046 	 64.299
FHW11209	219.750 	 69.052 	 64.301
FHW11209	219.875 	 69.046 	 64.299
FHW11209	220.000 	 69.052 	 64.301
FHW11209	220.125 	 69.053 	 64.299
FHW11209	220.250 	 69.046 	 64.299
FHW11209	220.375 	 69.052 	 64.301
FHW11209	220.500 	 69.053 	 64.299
FHW11209	220.625 	 69.045 	 64.299
FHW11209	220.750 	 69.053 	 64.299
FHW11209	220.875 	 69.046 	 64.301
FHW11209	221.000 	 69.053 	 64.299
FHW11209	221.125 	 69.052 	 64.301
FHW11209	221.250 	 69.046 	 64.299
FHW11209	221.375 	 69.053 	 64.299
FHW11209	221.500 	 69.052 	 64.301
FHW11209	221.625 	 69.046 	 64.299
FHW11209	221.750 	 69.052 	 64.301
FHW11209	221.875 	 69.046 	 64.299
FHW11209	222.000 	 69.052 	 64.301
FHW11209	222.125 	 69.053 	 64.299
FHW11209	222.250 	 69.046 	 64.301
FHW11209	222.375 	 69.053 	 64.299
FHW11209	222.500 	 69.052 	 64.301
FHW11209	222.625 	 69.046 	 64.299
FHW11209	222.750 	 69.053 	 64.299
FHW11209	222.875 	 69.046 	 64.301
FHW11209	223.000 	 69.053 	 64.299
FHW11209	223.125 	 69.052 	 64.301
FHW11209	223.250 	 69.046 	 64.299
FHW11209	223.375 	 69.052 	 64.301
FHW11209	223.500 	 69.053 	 64.299
FHW11209	223.625 	 69.046 	 64.301
FHW11209	223.750 	 69.053 	 64.299
FHW11209	223.875 	 69.046 	 64.299
FHW11209	224.000 	 69.052 	 64.301
FHW11209	224.125 	 69.053 	 64.299
FHW11209	224.250 	 69.046 	 64.301
FHW11209	224.375 	 69.053 	 64.299
FHW11209	224.500 	 69.052 	 64.301
FHW11209	224.625 	 69.046 	 64.299
FHW11209	224.750 	 69.052 	 64.301
FHW11209	224.875 	 69.053 	 64.299
FHW11209	225.000 	 69.046 	 64.301
FHW11209	225.125 	 69.051 	 64.298
FHW11209	225.250 	 69.046 	 64.299
FHW11209	225.375 	 69.052 	 64.301
FHW11209	225.500 	 69.053 	 64.299
FHW11209	225.625 	 69.046 	 64.301
FHW11209	225.750 	 69.053 	 64.299
FHW11209	225.875 	 69.052 	 64.301
FHW11209	226.000 	 69.046 	 64.299
FHW11209	226.125 	 69.052 	 64.301
FHW11209	226.250 	 69.046 	 64.299
FHW11209	226.375 	 69.053 	 64.299
FHW11209	226.500 	 69.052 	 64.301
FHW11209	226.625 	 69.046 	 64.299
FHW11209	226.750 	 69.052 	 64.301
FHW11209	226.875 	 69.053 	 64.299
FHW11209	227.000 	 69.046 	 64.301
FHW11209	227.125 	 69.053 	 64.299
FHW11209	227.250 	 69.046 	 64.301
FHW11209	227.375 	 69.053 	 64.299
FHW11209	227.500 	 69.052 	 64.301
FHW11209	227.625 	 69.046 	 64.299
FHW11209	227.750 	 69.053 	 64.299
FHW11209	227.875 	 69.052 	 64.301
FHW11209	228.000 	 72.512 	 64.702
FHW11209	228.125 	 73.377 	 64.800
FHW11209	228.250 	 73.384 	 64.800
FHW11209	228.375 	 73.377 	 64.800
FHW11209	228.500 	 73.384 	 64.800
FHW11209	228.625 	 73.377 	 64.802
FHW11209	228.750 	 73.384 	 64.800
FHW11209	228.875 	 73.377 	 64.800
FHW11209	229.000 	 73.377 	 64.800
FHW11209	229.125 	 73.383 	 64.798
FHW11209	229.250 	 73.377 	 64.800
FHW11209	229.375 	 73.383 	 64.802
FHW11209	229.500 	 73.377 	 64.800
FHW11209	229.625 	 73.384 	 64.800
FHW11209	229.750 	 73.377 	 64.800
FHW11209	229.875 	 73.384 	 64.800
FHW11209	230.000 	 73.377 	 64.800
FHW11209	230.125 	 73.377 	 64.802
FHW11209	230.250 	 73.384 	 64.800
FHW11209	230.375 	 73.377 	 64.800
FHW11209	230.500 	 73.384 	 64.800
FHW11209	230.625 	 73.376 	 64.798
FHW11209	230.750 	 73.384 	 64.800
FHW11209	230.875 	 73.377 	 64.802
FHW11209	231.000 	 73.384 	 64.800
FHW11209	231.125 	 73.377 	 64.800
FHW11209	231.250 	 73.377 	 64.800
FHW11209	231.375 	 73.384 	 64.800
FHW11209	231.500 	 73.377 	 64.800
FHW11209	231.625 	 73.383 	 64.802
FHW11209	231.750 	 73.377 	 64.800
FHW11209	231.875 	 73.384 	 64.800
FHW11209	232.000 	 73.377 	 64.800
FHW11209	232.125 	 73.384 	 64.800
FHW11209	232.250 	 73.376 	 64.800
FHW11209	232.375 	 73.377 	 64.800
FHW11209	232.500 	 73.384 	 64.800
FHW11209	232.625 	 73.377 	 64.800
FHW11209	232.750 	 73.384 	 64.800
FHW11209	232.875 	 73.377 	 64.800
FHW11209	233.000 	 73.383 	 64.802
FHW11209	233.125 	 73.377 	 64.800
FHW11209	233.250 	 73.384 	 64.800
FHW11209	233.375 	 73.377 	 64.800
FHW11209	233.500 	 73.384 	 64.800
FHW11209	233.625 	 73.377 	 64.800
FHW11209	233.750 	 73.376 	 64.800
FHW11209	233.875 	 73.384 	 64.800
FHW11209	234.000 	 73.377 	 64.800
FHW11209	234.125 	 73.384 	 64.800
FHW11209	234.250 	 73.377 	 64.800
FHW11209	234.375 	 73.384 	 64.800
FHW11209	234.500 	 73.377 	 64.802
FHW11209	234.625 	 73.384 	 64.800
FHW11209	234.750 	 73.377 	 64.800
FHW11209	234.875 	 73.377 	 64.800
FHW11209	235.000 	 73.384 	 64.800
FHW11209	235.125 	 73.377 	 64.800
FHW11209	235.250 	 73.383 	 64.800
FHW11209	235.375 	 73.377 	 64.800
FHW11209	235.500 	 73.384 	 64.800
FHW11209	235.625 	 73.377 	 64.800
FHW11209	235.750 	 73.384 	 64.800
FHW11209	235.875 	 73.377 	 64.800
FHW11209	236.000 	 73.377 	 64.802
FHW11209	236.125 	 73.384 	 64.800
FHW11209	236.250 	 73.377 	 64.800
FHW11209	236.375 	 73.384 	 64.800
FHW11209	236.500 	 73.377 	 64.800
FHW11209	236.625 	 73.384 	 64.800
FHW11209	236.750 	 73.376 	 64.800
FHW11209	236.875 	 73.384 	 64.800
FHW11209	237.000 	 73.377 	 64.800
FHW11209	237.125 	 73.377 	 64.800
FHW11209	237.250 	 75.047 	 64.922
FHW11209	237.375 	 77.541 	 65.100
FHW11209	237.500 	 77.541 	 65.100
FHW11209	237.625 	 77.541 	 65.101
FHW11209	237.750 	 77.541 	 65.100
FHW11209	237.875 	 77.534 	 65.100
FHW11209	238.000 	 77.541 	 65.100
FHW11209	238.125 	 77.541 	 65.100
FHW11209	238.250 	 77.541 	 65.101
FHW11209	238.375 	 77.541 	 65.100
FHW11209	238.500 	 77.541 	 65.100
FHW11209	238.625 	 77.541 	 65.100
FHW11209	238.750 	 77.541 	 65.100
FHW11209	238.875 	 77.534 	 65.100
FHW11209	239.000 	 77.541 	 65.101
FHW11209	239.125 	 77.541 	 65.100
FHW11209	239.250 	 77.541 	 65.100
FHW11209	239.375 	 77.541 	 65.100
FHW11209	239.500 	 77.541 	 65.100
FHW11209	239.625 	 77.541 	 65.100
FHW11209	239.750 	 77.541 	 65.101
FHW11209	239.875 	 77.535 	 65.101
FHW11209	240.000 	 77.541 	 65.100
FHW11209	240.125 	 77.541 	 65.100
FHW11209	240.250 	 77.541 	 65.100
FHW11209	240.375 	 77.541 	 65.101
FHW11209	240.500 	 77.541 	 65.100
FHW11209	240.625 	 77.541 	 65.100
FHW11209	240.750 	 77.534 	 65.100
FHW11209	240.875 	 77.541 	 65.100
FHW11209	241.000 	 77.541 	 65.100
FHW11209	241.125 	 77.541 	 65.101
FHW11209	241.250 	 77.541 	 65.100
FHW11209	241.375 	 77.541 	 65.100
FHW11209	241.500 	 77.541 	 65.100
FHW11209	241.625 	 77.541 	 65.100
FHW11209	241.750 	 77.534 	 65.100
FHW11209	241.875 	 77.541 	 65.101
FHW11209	242.000 	 77.541 	 65.100
FHW11209	242.125 	 77.541 	 65.100
FHW11209	242.250 	 77.541 	 65.100
FHW11209	242.375 	 77.541 	 65.100
FHW11209	242.500 	 77.541 	 65.100
FHW11209	242.625 	 77.541 	 65.103
FHW11209	242.750 	 77.534 	 65.100
FHW11209	242.875 	 77.541 	 65.100
FHW11209	243.000 	 77.541 	 65.100
FHW11209	243.125 	 77.541 	 65.100
FHW11209	243.250 	 77.541 	 65.101
FHW11209	243.375 	 77.541 	 65.100
FHW11209	243.500 	 77.541 	 65.100
FHW11209	243.625 	 77.541 	 65.100
FHW11209	243.750 	 77.534 	 65.100
FHW11209	243.875 	 77.541 	 65.100
FHW11209	244.000 	 77.541 	 65.101
FHW11209	244.125 	 77.541 	 65.100
FHW11209	244.250 	 77.541 	 65.100
FHW11209	244.375 	 77.541 	 65.100
FHW11209	244.500 	 77.541 	 65.100
FHW11209	244.625 	 77.534 	 65.100
FHW11209	244.750 	 77.541 	 65.101
FHW11209	244.875 	 77.541 	 65.100
FHW11209	245.000 	 77.541 	 65.100
FHW11209	245.125 	 77.541 	 65.100
FHW11209	245.250 	 77.541 	 65.100
FHW11209	245.375 	 77.542 	 65.101
FHW11209	245.500 	 77.541 	 65.101
FHW11209	245.625 	 77.534 	 65.100
FHW11209	245.750 	 77.541 	 65.100
FHW11209	245.875 	 77.541 	 65.100
FHW11209	246.000 	 77.541 	 65.100
FHW11209	246.125 	 77.541 	 65.101
FHW11209	246.250 	 77.541 	 65.100
FHW11209	246.375 	 78.394 	 65.109
FHW11209	246.500 	 81.822 	 65.150
FHW11209	246.625 	 81.815 	 65.150
FHW11209	246.750 	 81.822 	 65.150
FHW11209	246.875 	 81.822 	 65.150
FHW11209	247.000 	 81.822 	 65.150
FHW11209	247.125 	 81.815 	 65.150
FHW11209	247.250 	 81.822 	 65.150
FHW11209	247.375 	 81.822 	 65.152
FHW11209	247.500 	 81.822 	 65.150
FHW11209	247.625 	 81.815 	 65.148
FHW11209	247.750 	 81.822 	 65.150
FHW11209	247.875 	 81.822 	 65.150
FHW11209	248.000 	 81.815 	 65.150
FHW11209	248.125 	 81.822 	 65.150
FHW11209	248.250 	 81.822 	 65.152
FHW11209	248.375 	 81.822 	 65.150
FHW11209	248.500 	 81.815 	 65.150
FHW11209	248.625 	 81.822 	 65.150
FHW11209	248.750 	 81.822 	 65.148
FHW11209	248.875 	 81.815 	 65.150
FHW11209	249.000 	 81.822 	 65.150
FHW11209	249.125 	 81.822 	 65.152
FHW11209	249.250 	 81.822 	 65.150
FHW11209	249.375 	 81.815 	 65.150
FHW11209	249.500 	 81.822 	 65.150
FHW11209	249.625 	 81.822 	 65.150
FHW11209	249.750 	 81.822 	 65.148
FHW11209	249.875 	 81.815 	 65.152
FHW11209	250.000 	 81.822 	 65.150
FHW11209	250.125 	 81.822 	 65.150
FHW11209	250.250 	 81.815 	 65.150
FHW11209	250.375 	 81.822 	 65.150
FHW11209	250.500 	 81.822 	 65.150
FHW11209	250.625 	 81.822 	 65.150
FHW11209	250.750 	 81.815 	 65.152
FHW11209	250.875 	 81.822 	 65.148
FHW11209	251.000 	 81.822 	 65.150
FHW11209	251.125 	 81.815 	 65.150
FHW11209	251.250 	 81.822 	 65.150
FHW11209	251.375 	 81.822 	 65.150
FHW11209	251.500 	 81.822 	 65.150
FHW11209	251.625 	 81.815 	 65.152
FHW11209	251.750 	 81.822 	 65.150
FHW11209	251.875 	 81.822 	 65.148
FHW11209	252.000 	 81.822 	 65.150
FHW11209	252.125 	 81.815 	 65.150
FHW11209	252.250 	 81.822 	 65.150
FHW11209	252.375 	 81.822 	 65.152
FHW11209	252.500 	 81.815 	 65.150
FHW11209	252.625 	 81.822 	 65.150
FHW11209	252.750 	 81.822 	 65.150
FHW11209	252.875 	 81.822 	 65.150
FHW11209	253.000 	 81.815 	 65.148
FHW11209	253.125 	 81.822 	 65.150
FHW11209	253.250 	 81.822 	 65.152
FHW11209	253.375 	 81.815 	 65.150
FHW11209	253.500 	 81.822 	 65.150
FHW11209	253.625 	 81.822 	 65.150
FHW11209	253.750 	 81.822 	 65.150
FHW11209	253.875 	 81.815 	 65.150
FHW11209	254.000 	 81.821 	 65.150
FHW11209	254.125 	 81.822 	 65.150
FHW11209	254.250 	 81.822 	 65.150
FHW11209	254.375 	 81.815 	 65.150
FHW11209	254.500 	 81.822 	 65.150
FHW11209	254.625 	 81.822 	 65.150
FHW11209	254.750 	 81.815 	 65.150
FHW11209	254.875 	 81.822 	 65.152
FHW11209	255.000 	 81.822 	 65.150
FHW11209	255.125 	 81.822 	 65.148
FHW11209	255.250 	 81.815 	 65.150
FHW11209	255.375 	 81.822 	 65.150
FHW11209	255.500 	 81.822 	 65.150
FHW11209	255.625 	 81.815 	 65.150
FHW11209	255.750 	 83.957 	 65.215
FHW11209	255.875 	 85.147 	 65.250
FHW11209	256.000 	 85.154 	 65.250
FHW11209	256.125 	 85.147 	 65.251
FHW11209	256.250 	 85.154 	 65.250
FHW11209	256.375 	 85.147 	 65.250
FHW11209	256.500 	 85.147 	 65.250
FHW11209	256.625 	 85.154 	 65.250
FHW11209	256.750 	 85.147 	 65.250
FHW11209	256.875 	 85.154 	 65.250
FHW11209	257.000 	 85.147 	 65.250
FHW11209	257.125 	 85.154 	 65.250
FHW11209	257.250 	 85.147 	 65.251
FHW11209	257.375 	 85.154 	 65.250
FHW11209	257.500 	 85.147 	 65.250
FHW11209	257.625 	 85.147 	 65.250
FHW11209	257.750 	 85.154 	 65.251
FHW11209	257.875 	 85.147 	 65.250
FHW11209	258.000 	 85.154 	 65.248
FHW11209	258.125 	 85.147 	 65.250
FHW11209	258.250 	 85.154 	 65.251
FHW11209	258.375 	 85.147 	 65.250
FHW11209	258.500 	 85.154 	 65.250
FHW11209	258.625 	 85.147 	 65.250
FHW11209	258.750 	 85.154 	 65.251
FHW11209	258.875 	 85.147 	 65.250
FHW11209	259.000 	 85.147 	 65.250
FHW11209	259.125 	 85.154 	 65.250
FHW11209	259.250 	 85.147 	 65.251
FHW11209	259.375 	 85.154 	 65.248
FHW11209	259.500 	 85.147 	 65.250
FHW11209	259.625 	 85.154 	 65.250
FHW11209	259.750 	 85.147 	 65.251
FHW11209	259.875 	 85.154 	 65.250
FHW11209	260.000 	 85.147 	 65.250
FHW11209	260.125 	 87.292 	 65.555
FHW11209	260.250 	 87.299 	 65.555
FHW11209	260.375 	 87.292 	 65.554
FHW11209	260.500 	 87.299 	 65.555
FHW11209	260.625 	 87.292 	 65.555
FHW11209	260.750 	 87.292 	 65.554
FHW11209	260.875 	 87.299 	 65.555
FHW11209	261.000 	 87.292 	 65.555
FHW11209	261.125 	 87.299 	 65.554
FHW11209	261.250 	 87.292 	 65.555
FHW11209	261.375 	 87.299 	 65.554
FHW11209	261.500 	 87.292 	 65.555
FHW11209	261.625 	 87.292 	 65.555
FHW11209	261.750 	 87.299 	 65.554
FHW11209	261.875 	 87.292 	 65.555
FHW11209	262.000 	 87.299 	 65.555
FHW11209	262.125 	 87.292 	 65.555
FHW11209	262.250 	 87.292 	 65.555
FHW11209	262.375 	 87.299 	 65.554
FHW11209	262.500 	 87.292 	 65.555
FHW11209	262.625 	 87.299 	 65.555
FHW11209	262.750 	 87.292 	 65.554
FHW11209	262.875 	 87.299 	 65.555
FHW11209	263.000 	 87.292 	 65.555
FHW11209	263.125 	 87.292 	 65.555
FHW11209	263.250 	 87.299 	 65.555
FHW11209	263.375 	 87.292 	 65.552
FHW11209	263.500 	 87.299 	 65.555
FHW11209	263.625 	 87.292 	 65.555
FHW11209	263.750 	 87.292 	 65.554
FHW11209	263.875 	 87.299 	 65.555
FHW11209	264.000 	 87.292 	 65.555
FHW11209	264.125 	 87.299 	 65.555
FHW11209	264.250 	 87.292 	 65.555
FHW11209	264.375 	 87.292 	 65.554
FHW11209	264.500 	 87.299 	 65.555
FHW11209	264.625 	 87.292 	 65.555
FHW11209	264.750 	 87.299 	 65.554
FHW11209	264.875 	 87.292 	 65.555
FHW11209	265.000 	 87.299 	 65.555
FHW11209	265.125 	 87.292 	 65.555
FHW11209	265.250 	 87.292 	 65.555
FHW11209	265.375 	 87.299 	 65.554
FHW11209	265.500 	 87.292 	 65.554
FHW11209	265.625 	 87.299 	 65.555
FHW11209	265.750 	 87.292 	 65.554
FHW11209	265.875 	 87.292 	 65.555
FHW11209	266.000 	 87.299 	 65.555
FHW11209	266.125 	 87.292 	 65.555
FHW11209	266.250 	 87.299 	 65.555
FHW11209	266.375 	 87.292 	 65.554
FHW11209	266.500 	 87.299 	 65.555
FHW11209	266.625 	 87.292 	 65.555
FHW11209	266.750 	 87.292 	 65.554
FHW11209	266.875 	 87.299 	 65.555
FHW11209	267.000 	 87.292 	 65.555
FHW11209	267.125 	 87.299 	 65.555
FHW11209	267.250 	 87.292 	 65.555
FHW11209	267.375 	 87.292 	 65.554
FHW11209	267.500 	 87.299 	 65.555
FHW11209	267.625 	 87.292 	 65.554
FHW11209	267.750 	 87.299 	 65.554
FHW11209	267.875 	 87.292 	 65.555
FHW11209	268.000 	 87.292 	 65.555
FHW11209	268.125 	 87.299 	 65.555
FHW11209	268.250 	 87.292 	 65.555
FHW11209	268.375 	 87.299 	 65.554
FHW11209	268.500 	 87.292 	 65.555
FHW11209	268.625 	 87.299 	 65.555
FHW11209	268.750 	 87.292 	 65.554
FHW11209	268.875 	 87.292 	 65.555
FHW11209	269.000 	 87.299 	 65.555
FHW11209	269.125 	 87.292 	 65.555
FHW11209	269.250 	 87.299 	 65.555
FHW11209	269.375 	 87.292 	 65.554
FHW11209	269.500 	 87.292 	 65.557
FHW11209	269.625 	 87.299 	 65.553
FHW11209	269.750 	 87.292 	 65.554
FHW11209	269.875 	 87.299 	 65.555
FHW11209	270.000 	 87.292 	 65.555
FHW11209	270.125 	 87.292 	 65.555
FHW11209	270.250 	 87.299 	 65.555
FHW11209	270.375 	 87.292 	 65.555
FHW11209	270.500 	 87.299 	 65.553
FHW11209	270.625 	 87.292 	 65.555
FHW11209	270.750 	 87.299 	 65.555
FHW11209	270.875 	 87.292 	 65.555
FHW11209	271.000 	 87.292 	 65.555
FHW11209	271.125 	 87.299 	 65.555
FHW11209	271.250 	 87.292 	 65.555
FHW11209	271.375 	 87.299 	 65.555
FHW11209	271.500 	 87.292 	 65.555
FHW11209	271.625 	 87.292 	 65.553
FHW11209	271.750 	 87.299 	 65.555
FHW11209	271.875 	 87.292 	 65.555
FHW11209	272.000 	 87.299 	 65.554
FHW11209	272.125 	 87.292 	 65.555
FHW11209	272.250 	 87.299 	 65.555
FHW11209	272.375 	 87.292 	 65.555
FHW11209	272.500 	 87.292 	 65.553
FHW11209	272.625 	 87.299 	 65.555
FHW11209	272.750 	 87.292 	 65.555
FHW11209	272.875 	 87.299 	 65.555
FHW11209	273.000 	 87.292 	 65.555
FHW11209	273.125 	 89.021 	 65.956
FHW11209	273.250 	 89.021 	 65.956
FHW11209	273.375 	 89.021 	 65.954
FHW11209	273.500 	 89.021 	 65.956
FHW11209	273.625 	 89.014 	 65.953
FHW11209	273.750 	 89.021 	 65.956
FHW11209	273.875 	 89.021 	 65.954
FHW11209	274.000 	 89.021 	 65.956
FHW11209	274.125 	 89.021 	 65.956
FHW11209	274.250 	 89.021 	 65.956
FHW11209	274.375 	 89.021 	 65.954
FHW11209	274.500 	 89.021 	 65.956
FHW11209	274.625 	 89.021 	 65.953
FHW11209	274.750 	 89.014 	 65.956
FHW11209	274.875 	 89.021 	 65.954
FHW11209	275.000 	 89.021 	 65.956
FHW11209	275.125 	 89.021 	 65.956
FHW11209	275.250 	 89.021 	 65.956
FHW11209	275.375 	 89.021 	 65.954
FHW11209	275.500 	 89.021 	 65.956
FHW11209	275.625 	 89.021 	 65.956
FHW11209	275.750 	 89.021 	 65.953
FHW11209	275.875 	 89.014 	 65.956
FHW11209	276.000 	 89.021 	 65.954
FHW11209	276.125 	 89.021 	 65.956
FHW11209	276.250 	 89.021 	 65.956
FHW11209	276.375 	 89.021 	 65.956
FHW11209	276.500 	 89.021 	 65.954
FHW11209	276.625 	 89.021 	 65.956
FHW11209	276.750 	 89.021 	 65.953
FHW11209	276.875 	 89.021 	 65.956
FHW11209	277.000 	 89.014 	 65.956
FHW11209	277.125 	 89.021 	 65.954
FHW11209	277.250 	 89.021 	 65.954
FHW11209	277.375 	 89.021 	 65.957
FHW11209	277.500 	 89.021 	 65.954
FHW11209	277.625 	 89.021 	 65.957
FHW11209	277.750 	 89.021 	 65.951
FHW11209	277.875 	 89.021 	 65.954
FHW11209	278.000 	 89.021 	 65.957
FHW11209	278.125 	 89.014 	 65.954
FHW11209	278.250 	 89.021 	 65.954
FHW11209	278.375 	 89.021 	 65.957
FHW11209	278.500 	 89.021 	 65.954
FHW11209	278.625 	 89.021 	 65.957
FHW11209	278.750 	 89.021 	 65.954
FHW11209	278.875 	 89.021 	 65.951
FHW11209	279.000 	 89.021 	 65.957
FHW11209	279.125 	 89.021 	 65.954
FHW11209	279.250 	 89.021 	 65.957
FHW11209	279.375 	 89.014 	 65.954
FHW11209	279.500 	 89.021 	 65.954
FHW11209	279.625 	 89.021 	 65.957
FHW11209	279.750 	 89.021 	 65.954
FHW11209	279.875 	 89.021 	 65.951
FHW11209	280.000 	 89.021 	 65.957
FHW11209	280.125 	 89.021 	 65.954
FHW11209	280.250 	 89.021 	 65.957
FHW11209	280.375 	 89.021 	 65.954
FHW11209	280.500 	 89.014 	 65.954
FHW11209	280.625 	 89.643 	 66.035
FHW11209	280.750 	 89.755 	 66.051
FHW11209	280.875 	 89.748 	 66.051
FHW11209	281.000 	 89.755 	 66.048
FHW11209	281.125 	 89.755 	 66.051
FHW11209	281.250 	 89.755 	 66.051
FHW11209	281.375 	 89.755 	 66.051
FHW11209	281.500 	 89.755 	 66.051
FHW11209	281.625 	 89.755 	 66.048
FHW11209	281.750 	 89.755 	 66.051
FHW11209	281.875 	 89.755 	 66.048
FHW11209	282.000 	 89.755 	 66.051
FHW11209	282.125 	 89.755 	 66.054
FHW11209	282.250 	 89.755 	 66.048
FHW11209	282.375 	 89.755 	 66.051
FHW11209	282.500 	 89.755 	 66.048
FHW11209	282.625 	 89.755 	 66.051
FHW11209	282.750 	 89.755 	 66.051
FHW11209	282.875 	 89.755 	 66.051
FHW11209	283.000 	 89.755 	 66.051
FHW11209	283.125 	 89.755 	 66.051
FHW11209	283.250 	 89.755 	 66.048
FHW11209	283.375 	 89.755 	 66.051
FHW11209	283.500 	 89.755 	 66.048
FHW11209	283.625 	 89.755 	 66.054
FHW11209	283.750 	 89.755 	 66.051
FHW11209	283.875 	 89.755 	 66.048
FHW11209	284.000 	 89.755 	 66.051
FHW11209	284.125 	 89.755 	 66.048
FHW11209	284.250 	 89.748 	 66.051
FHW11209	284.375 	 89.755 	 66.051
FHW11209	284.500 	 89.755 	 66.051
FHW11209	284.625 	 89.755 	 66.051
FHW11209	284.750 	 89.755 	 66.048
FHW11209	284.875 	 89.755 	 66.051
FHW11209	285.000 	 89.755 	 66.051
FHW11209	285.125 	 89.755 	 66.048
FHW11209	285.250 	 89.755 	 66.054
FHW11209	285.375 	 89.755 	 66.048
FHW11209	285.500 	 89.755 	 66.051
FHW11209	285.625 	 89.755 	 66.051
FHW11209	285.750 	 89.755 	 66.048
FHW11209	285.875 	 89.755 	 66.051
FHW11209	286.000 	 89.755 	 66.051
FHW11209	286.125 	 89.755 	 66.051
FHW11209	286.250 	 89.755 	 66.051
FHW11209	286.375 	 89.755 	 66.048
FHW11209	286.500 	 89.755 	 66.051
FHW11209	286.625 	 89.755 	 66.048
FHW11209	286.750 	 89.755 	 66.051
FHW11209	286.875 	 89.755 	 66.054
FHW11209	287.000 	 89.755 	 66.048
FHW11209	287.125 	 89.755 	 66.051
FHW11209	287.250 	 89.755 	 66.048
FHW11209	287.375 	 89.755 	 66.051
FHW11209	287.500 	 89.748 	 66.051
FHW11209	287.625 	 89.755 	 66.051
FHW11209	287.750 	 89.755 	 66.051
FHW11209	287.875 	 89.755 	 66.048
FHW11209	288.000 	 89.755 	 66.051
FHW11209	288.125 	 89.755 	 66.051
FHW11209	288.250 	 89.755 	 66.048
FHW11209	288.375 	 89.755 	 66.054
FHW11209	288.500 	 89.755 	 66.051
FHW11209	288.625 	 89.755 	 66.048
FHW11209	288.750 	 89.755 	 66.051
FHW11209	288.875 	 89.755 	 66.048
FHW11209	289.000 	 89.755 	 66.051
FHW11209	289.125 	 89.755 	 66.051
FHW11209	289.250 	 89.755 	 66.051
FHW11209	289.375 	 89.755 	 66.051
FHW11209	289.500 	 89.755 	 66.048
FHW11209	289.625 	 89.755 	 66.051
FHW11209	289.750 	 89.755 	 66.051
FHW11209	289.875 	 89.909 	 66.026
FHW11209	290.000 	 90.063 	 65.998
FHW11209	290.125 	 90.063 	 66.001
FHW11209	290.250 	 90.056 	 66.001
FHW11209	290.375 	 90.063 	 66.001
FHW11209	290.500 	 90.056 	 65.998
FHW11209	290.625 	 90.063 	 66.001
FHW11209	290.750 	 90.063 	 66.001
FHW11209	290.875 	 90.056 	 66.001
FHW11209	291.000 	 90.063 	 65.998
FHW11209	291.125 	 90.056 	 66.001
FHW11209	291.250 	 90.063 	 66.001
FHW11209	291.375 	 90.056 	 66.001
FHW11209	291.500 	 90.063 	 65.998
FHW11209	291.625 	 90.063 	 66.001
FHW11209	291.750 	 90.056 	 66.001
FHW11209	291.875 	 90.063 	 65.998
FHW11209	292.000 	 90.056 	 66.001
FHW11209	292.125 	 90.063 	 66.001
FHW11209	292.250 	 90.056 	 66.001
FHW11209	292.375 	 90.063 	 65.998
FHW11209	292.500 	 90.063 	 66.004
FHW11209	292.625 	 90.056 	 66.001
FHW11209	292.750 	 90.063 	 66.001
FHW11209	292.875 	 90.056 	 65.998
FHW11209	293.000 	 90.063 	 66.001
FHW11209	293.125 	 90.063 	 66.001
FHW11209	293.250 	 90.056 	 66.001
FHW11209	293.375 	 90.063 	 65.998
FHW11209	293.500 	 90.056 	 66.001
FHW11209	293.625 	 90.063 	 66.001
FHW11209	293.750 	 90.056 	 65.998
FHW11209	293.875 	 90.063 	 66.001
FHW11209	294.000 	 90.063 	 66.001
FHW11209	294.125 	 90.056 	 66.001
FHW11209	294.250 	 90.063 	 65.998
FHW11209	294.375 	 90.056 	 66.001
FHW11209	294.500 	 90.063 	 66.001
FHW11209	294.625 	 90.063 	 66.001
FHW11209	294.750 	 90.056 	 65.998
FHW11209	294.875 	 90.063 	 66.001
FHW11209	295.000 	 90.056 	 66.001
FHW11209	295.125 	 90.063 	 66.001
FHW11209	295.250 	 90.056 	 65.998
FHW11209	295.375 	 90.063 	 66.004
FHW11209	295.500 	 90.063 	 66.001
FHW11209	295.625 	 90.056 	 65.998
FHW11209	295.750 	 90.063 	 66.001
FHW11209	295.875 	 90.056 	 66.001
FHW11209	296.000 	 90.063 	 66.001
FHW11209	296.125 	 90.056 	 65.998
FHW11209	296.250 	 90.063 	 66.001
FHW11209	296.375 	 90.063 	 66.001
FHW11209	296.500 	 90.056 	 66.001
FHW11209	296.625 	 90.063 	 65.998
FHW11209	296.750 	 90.056 	 66.001
FHW11209	296.875 	 90.063 	 66.001
FHW11209	297.000 	 90.063 	 66.001
FHW11209	297.125 	 90.056 	 65.998
FHW11209	297.250 	 90.063 	 66.001
FHW11209	297.375 	 90.056 	 66.001
FHW11209	297.500 	 90.063 	 66.001
FHW11209	297.625 	 90.056 	 65.998
FHW11209	297.750 	 90.063 	 66.001
FHW11209	297.875 	 90.063 	 66.001
FHW11209	298.000 	 90.056 	 65.998
FHW11209	298.125 	 90.063 	 66.001
FHW11209	298.250 	 90.056 	 66.004
FHW11209	298.375 	 90.063 	 66.001
FHW11209	298.500 	 90.056 	 65.998
FHW11209	298.625 	 90.063 	 66.001
FHW11209	298.750 	 90.063 	 66.001
FHW11209	298.875 	 90.056 	 66.001
FHW11209	299.000 	 90.126 	 65.998
FHW11209	299.125 	 90.175 	 66.001
FHW11209	299.250 	 90.175 	 66.001
FHW11209	299.375 	 90.175 	 66.001
FHW11209	299.500 	 90.175 	 65.998
FHW11209	299.625 	 90.175 	 66.001
FHW11209	299.750 	 90.175 	 66.001
FHW11209	299.875 	 90.175 	 65.998
FHW11209	300.000 	 90.175 	 66.001
FHW11209	300.125 	 90.175 	 66.001
FHW11209	300.250 	 90.175 	 66.001
FHW11209	300.375 	 90.175 	 66.001
FHW11209	300.500 	 90.175 	 66.001
FHW11209	300.625 	 90.175 	 66.001
FHW11209	300.750 	 90.175 	 66.001
FHW11209	300.875 	 90.175 	 65.998
FHW11209	301.000 	 90.175 	 66.001
FHW11209	301.125 	 90.175 	 66.001
FHW11209	301.250 	 90.175 	 66.001
FHW11209	301.375 	 90.182 	 65.998
FHW11209	301.500 	 90.175 	 66.001
FHW11209	301.625 	 90.175 	 66.001
FHW11209	301.750 	 90.175 	 65.998
FHW11209	301.875 	 90.175 	 66.001
FHW11209	302.000 	 90.175 	 66.001
FHW11209	302.125 	 90.175 	 66.004
FHW11209	302.250 	 90.175 	 65.998
FHW11209	302.375 	 90.175 	 66.001
FHW11209	302.500 	 90.175 	 66.001
FHW11209	302.625 	 90.175 	 66.001
FHW11209	302.750 	 90.175 	 65.998
FHW11209	302.875 	 90.175 	 66.001
FHW11209	303.000 	 90.175 	 66.001
FHW11209	303.125 	 90.175 	 66.001
FHW11209	303.250 	 90.175 	 65.998
FHW11209	303.375 	 90.175 	 66.001
FHW11209	303.500 	 90.175 	 66.001
FHW11209	303.625 	 90.175 	 66.001
FHW11209	303.750 	 90.175 	 65.998
FHW11209	303.875 	 90.175 	 66.001
FHW11209	304.000 	 90.175 	 66.004
FHW11209	304.125 	 90.175 	 65.998
FHW11209	304.250 	 90.175 	 66.001
FHW11209	304.375 	 90.175 	 66.001
FHW11209	304.500 	 90.175 	 66.001
FHW11209	304.625 	 90.175 	 65.998
FHW11209	304.750 	 90.175 	 66.001
FHW11209	304.875 	 90.175 	 66.001
FHW11209	305.000 	 90.175 	 66.001
FHW11209	305.125 	 90.175 	 65.998
FHW11209	305.250 	 90.175 	 66.001
FHW11209	305.375 	 90.175 	 66.001
FHW11209	305.500 	 90.175 	 66.001
FHW11209	305.625 	 90.175 	 65.998
FHW11209	305.750 	 90.175 	 66.004
FHW11209	305.875 	 90.175 	 66.001
FHW11209	306.000 	 90.182 	 65.998
FHW11209	306.125 	 90.175 	 66.001
FHW11209	306.250 	 90.175 	 66.001
FHW11209	306.375 	 90.175 	 66.001
FHW11209	306.500 	 90.175 	 65.998
FHW11209	306.625 	 90.175 	 66.001
FHW11209	306.750 	 90.175 	 66.001
FHW11209	306.875 	 90.175 	 66.001
FHW11209	307.000 	 90.175 	 65.998
FHW11209	307.125 	 90.175 	 66.001
FHW11209	307.250 	 90.175 	 66.001
FHW11209	307.375 	 90.175 	 66.001
FHW11209	307.500 	 90.175 	 65.998
FHW11209	307.625 	 90.175 	 66.004
FHW11209	307.750 	 90.175 	 66.001
FHW11209	307.875 	 90.175 	 65.998
FHW11209	308.000 	 90.175 	 66.001
FHW11209	308.125 	 90.175 	 66.001
FHW11209	308.250 	 90.175 	 66.001
FHW11209	308.375 	 90.133 	 65.829
FHW11209	308.500 	 90.105 	 65.750
FHW11209	308.625 	 90.112 	 65.750
FHW11209	308.750 	 90.112 	 65.750
FHW11209	308.875 	 90.112 	 65.750
FHW11209	309.000 	 90.105 	 65.750
FHW11209	309.125 	 90.112 	 65.750
FHW11209	309.250 	 90.112 	 65.747
FHW11209	309.375 	 90.112 	 65.750
FHW11209	309.500 	 90.105 	 65.753
FHW11209	309.625 	 90.112 	 65.750
FHW11209	309.750 	 90.112 	 65.750
FHW11209	309.875 	 90.105 	 65.747
FHW11209	310.000 	 90.112 	 65.750
FHW11209	310.125 	 90.112 	 65.750
FHW11209	310.250 	 90.112 	 65.750
FHW11209	310.375 	 90.105 	 65.750
FHW11209	310.500 	 90.112 	 65.750
FHW11209	310.625 	 90.112 	 65.750
FHW11209	310.750 	 90.112 	 65.750
FHW11209	310.875 	 90.105 	 65.750
FHW11209	311.000 	 90.112 	 65.750
FHW11209	311.125 	 90.112 	 65.750
FHW11209	311.250 	 90.112 	 65.747
FHW11209	311.375 	 90.105 	 65.750
FHW11209	311.500 	 90.112 	 65.750
FHW11209	311.625 	 90.112 	 65.753
FHW11209	311.750 	 90.105 	 65.750
FHW11209	311.875 	 90.112 	 65.747
FHW11209	312.000 	 90.112 	 65.750
FHW11209	312.125 	 90.112 	 65.750
FHW11209	312.250 	 90.105 	 65.750
FHW11209	312.375 	 90.112 	 65.750
FHW11209	312.500 	 90.112 	 65.750
FHW11209	312.625 	 90.112 	 65.747
FHW11209	312.750 	 90.105 	 65.753
FHW11209	312.875 	 90.112 	 65.750
FHW11209	313.000 	 90.112 	 65.750
FHW11209	313.125 	 90.105 	 65.750
FHW11209	313.250 	 90.112 	 65.747
FHW11209	313.375 	 90.112 	 65.750
FHW11209	313.500 	 90.112 	 65.750
FHW11209	313.625 	 90.105 	 65.750
FHW11209	313.750 	 90.112 	 65.753
FHW11209	313.875 	 90.112 	 65.750
FHW11209	314.000 	 90.112 	 65.747
FHW11209	314.125 	 90.105 	 65.750
FHW11209	314.250 	 90.112 	 65.750
FHW11209	314.375 	 90.112 	 65.750
FHW11209	314.500 	 90.112 	 65.750
FHW11209	314.625 	 90.105 	 65.747
FHW11209	314.750 	 90.112 	 65.750
FHW11209	314.875 	 90.112 	 65.753
FHW11209	315.000 	 90.105 	 65.750
FHW11209	315.125 	 90.112 	 65.750
FHW11209	315.250 	 90.112 	 65.750
FHW11209	315.375 	 90.112 	 65.747
FHW11209	315.500 	 90.105 	 65.750
FHW11209	315.625 	 90.112 	 65.750
FHW11209	315.750 	 90.112 	 65.750
FHW11209	315.875 	 90.112 	 65.753
FHW11209	316.000 	 90.105 	 65.747
FHW11209	316.125 	 90.112 	 65.750
FHW11209	316.250 	 90.112 	 65.750
FHW11209	316.375 	 90.112 	 65.750
FHW11209	316.500 	 90.105 	 65.750
FHW11209	316.625 	 90.112 	 65.750
FHW11209	316.750 	 90.112 	 65.747
FHW11209	316.875 	 90.105 	 65.750
FHW11209	317.000 	 90.112 	 65.753
FHW11209	317.125 	 90.112 	 65.750
FHW11209	317.250 	 90.112 	 65.750
FHW11209	317.375 	 90.105 	 65.747
FHW11209	317.500 	 90.070 	 65.365
FHW11209	317.625 	 90.063 	 65.353
FHW11209	317.750 	 90.063 	 65.350
FHW11209	317.875 	 90.070 	 65.349
FHW11209	318.000 	 90.063 	 65.350
FHW11209	318.125 	 90.063 	 65.353
FHW11209	318.250 	 90.070 	 65.346
FHW11209	318.375 	 90.063 	 65.353
FHW11209	318.500 	 90.063 	 65.350
FHW11209	318.625 	 90.070 	 65.349
FHW11209	318.750 	 90.063 	 65.350
FHW11209	318.875 	 90.063 	 65.350
FHW11209	319.000 	 90.063 	 65.349
FHW11209	319.125 	 90.070 	 65.350
FHW11209	319.250 	 90.063 	 65.353
FHW11209	319.375 	 90.063 	 65.346
FHW11209	319.500 	 90.070 	 65.353
FHW11209	319.625 	 90.063 	 65.350
FHW11209	319.750 	 90.063 	 65.349
FHW11209	319.875 	 90.063 	 65.350
FHW11209	320.000 	 90.070 	 65.353
FHW11209	320.125 	 90.063 	 65.346
FHW11209	320.250 	 90.063 	 65.353
FHW11209	320.375 	 90.070 	 65.350
FHW11209	320.500 	 90.063 	 65.349
FHW11209	320.625 	 90.063 	 65.350
FHW11209	320.750 	 90.063 	 65.350
FHW11209	320.875 	 90.070 	 65.349
FHW11209	321.000 	 90.063 	 65.350
FHW11209	321.125 	 90.063 	 65.353
FHW11209	321.250 	 90.070 	 65.346
FHW11209	321.375 	 90.063 	 65.353
FHW11209	321.500 	 90.063 	 65.350
FHW11209	321.625 	 90.070 	 65.349
FHW11209	321.750 	 90.063 	 65.350
FHW11209	321.875 	 90.063 	 65.353
FHW11209	322.000 	 90.063 	 65.346
FHW11209	322.125 	 90.070 	 65.353
FHW11209	322.250 	 90.063 	 65.350
FHW11209	322.375 	 90.063 	 65.349
FHW11209	322.500 	 90.070 	 65.350
FHW11209	322.625 	 90.063 	 65.350
FHW11209	322.750 	 90.063 	 65.349
FHW11209	322.875 	 90.063 	 65.350
FHW11209	323.000 	 90.070 	 65.353
FHW11209	323.125 	 90.063 	 65.346
FHW11209	323.250 	 90.063 	 65.353
FHW11209	323.375 	 90.070 	 65.350
FHW11209	323.500 	 90.063 	 65.349
FHW11209	323.625 	 90.063 	 65.350
FHW11209	323.750 	 90.063 	 65.353
FHW11209	323.875 	 90.070 	 65.346
FHW11209	324.000 	 90.063 	 65.353
FHW11209	324.125 	 90.063 	 65.350
FHW11209	324.250 	 90.070 	 65.346
FHW11209	324.375 	 90.063 	 65.353
FHW11209	324.500 	 90.063 	 65.350
FHW11209	324.625 	 90.063 	 65.349
FHW11209	324.750 	 90.070 	 65.350
FHW11209	324.875 	 90.063 	 65.353
FHW11209	325.000 	 90.063 	 65.346
FHW11209	325.125 	 90.070 	 65.353
FHW11209	325.250 	 90.063 	 65.350
FHW11209	325.375 	 90.063 	 65.349
FHW11209	325.500 	 90.070 	 65.350
FHW11209	325.625 	 90.063 	 65.353
FHW11209	325.750 	 90.063 	 65.350
FHW11209	325.875 	 90.063 	 65.349
FHW11209	326.000 	 90.070 	 65.350
FHW11209	326.125 	 90.063 	 65.350
FHW11209	326.250 	 90.063 	 65.349
FHW11209	326.375 	 90.070 	 65.350
FHW11209	326.500 	 90.063 	 65.353
FHW11209	326.625 	 90.091 	 65.318
FHW11209	326.750 	 90.315 	 65.099
FHW11209	326.875 	 90.308 	 65.099
FHW11209	327.000 	 90.308 	 65.102
FHW11209	327.125 	 90.315 	 65.099
FHW11209	327.250 	 90.308 	 65.099
FHW11209	327.375 	 90.308 	 65.102
FHW11209	327.500 	 90.315 	 65.099
FHW11209	327.625 	 90.308 	 65.099
FHW11209	327.750 	 90.308 	 65.099
FHW11209	327.875 	 90.308 	 65.099
FHW11209	328.000 	 90.315 	 65.099
FHW11209	328.125 	 90.308 	 65.102
FHW11209	328.250 	 90.308 	 65.099
FHW11209	328.375 	 90.315 	 65.099
FHW11209	328.500 	 90.308 	 65.102
FHW11209	328.625 	 90.308 	 65.099
FHW11209	328.750 	 90.315 	 65.096
FHW11209	328.875 	 90.308 	 65.102
FHW11209	329.000 	 90.308 	 65.099
FHW11209	329.125 	 90.315 	 65.102
FHW11209	329.250 	 90.308 	 65.099
FHW11209	329.375 	 90.308 	 65.099
FHW11209	329.500 	 90.315 	 65.102
FHW11209	329.625 	 90.308 	 65.099
FHW11209	329.750 	 90.308 	 65.099
FHW11209	329.875 	 90.308 	 65.099
FHW11209	330.000 	 90.315 	 65.099
FHW11209	330.125 	 90.308 	 65.099
FHW11209	330.250 	 90.308 	 65.102
FHW11209	330.375 	 90.315 	 65.099
FHW11209	330.500 	 90.308 	 65.099
FHW11209	330.625 	 90.308 	 65.102
FHW11209	330.750 	 90.315 	 65.099
FHW11209	330.875 	 90.308 	 65.099
FHW11209	331.000 	 90.308 	 65.099
FHW11209	331.125 	 90.315 	 65.099
FHW11209	331.250 	 90.308 	 65.102
FHW11209	331.375 	 90.308 	 65.099
FHW11209	331.500 	 90.315 	 65.099
FHW11209	331.625 	 90.308 	 65.102
FHW11209	331.750 	 90.308 	 65.099
FHW11209	331.875 	 90.308 	 65.099
FHW11209	332.000 	 90.315 	 65.102
FHW11209	332.125 	 90.308 	 65.096
FHW11209	332.250 	 90.308 	 65.099
FHW11209	332.375 	 90.315 	 65.102
FHW11209	332.500 	 90.308 	 65.099
FHW11209	332.625 	 90.308 	 65.099
FHW11209	332.750 	 90.315 	 65.102
FHW11209	332.875 	 90.308 	 65.099
FHW11209	333.000 	 90.308 	 65.099
FHW11209	333.125 	 90.315 	 65.102
FHW11209	333.250 	 90.308 	 65.096
FHW11209	333.375 	 90.308 	 65.102
FHW11209	333.500 	 90.315 	 65.099
FHW11209	333.625 	 90.308 	 65.099
FHW11209	333.750 	 90.308 	 65.102
FHW11209	333.875 	 90.308 	 65.099
FHW11209	334.000 	 90.315 	 65.099
FHW11209	334.125 	 90.308 	 65.102
FHW11209	334.250 	 90.308 	 65.096
FHW11209	334.375 	 90.315 	 65.099
FHW11209	334.500 	 90.308 	 65.102
FHW11209	334.625 	 90.308 	 65.099
FHW11209	334.750 	 90.315 	 65.099
FHW11209	334.875 	 90.308 	 65.102
FHW11209	335.000 	 90.308 	 65.099
FHW11209	335.125 	 90.315 	 65.099
FHW11209	335.250 	 90.308 	 65.102
FHW11209	335.375 	 90.308 	 65.096
FHW11209	335.500 	 90.315 	 65.102
FHW11209	335.625 	 90.308 	 65.099
FHW11209	335.750 	 90.483 	 65.068
FHW11209	335.875 	 90.839 	 65.005
FHW11209	336.000 	 90.846 	 65.005
FHW11209	336.125 	 90.846 	 65.005
FHW11209	336.250 	 90.846 	 65.005
FHW11209	336.375 	 90.846 	 65.005
FHW11209	336.500 	 90.846 	 65.005
FHW11209	336.625 	 90.839 	 65.005
FHW11209	336.750 	 90.846 	 65.005
FHW11209	336.875 	 90.846 	 65.002
FHW11209	337.000 	 90.846 	 65.005
FHW11209	337.125 	 90.846 	 65.005
FHW11209	337.250 	 90.846 	 65.005
FHW11209	337.375 	 90.839 	 65.005
FHW11209	337.500 	 90.846 	 65.005
FHW11209	337.625 	 90.846 	 65.005
FHW11209	337.750 	 90.846 	 65.005
FHW11209	337.875 	 90.846 	 64.999
FHW11209	338.000 	 90.846 	 65.005
FHW11209	338.125 	 90.839 	 65.005
FHW11209	338.250 	 90.846 	 65.005
FHW11209	338.375 	 90.846 	 65.005
FHW11209	338.500 	 90.846 	 65.005
FHW11209	338.625 	 90.846 	 65.005
FHW11209	338.750 	 90.839 	 65.005
FHW11209	338.875 	 90.846 	 65.005
FHW11209	339.000 	 90.846 	 65.002
FHW11209	339.125 	 90.846 	 65.005
FHW11209	339.250 	 90.846 	 65.005
FHW11209	339.375 	 90.846 	 65.005
FHW11209	339.500 	 90.839 	 65.005
FHW11209	339.625 	 90.846 	 65.005
FHW11209	339.750 	 90.846 	 65.005
FHW11209	339.875 	 90.846 	 65.005
FHW11209	340.000 	 90.846 	 65.002
FHW11209	340.125 	 90.846 	 65.005
FHW11209	340.250 	 90.839 	 65.005
FHW11209	340.375 	 90.846 	 65.005
FHW11209	340.500 	 90.846 	 65.005
FHW11209	340.625 	 90.846 	 65.005
FHW11209	340.750 	 90.846 	 65.005
FHW11209	340.875 	 90.839 	 65.005
FHW11209	341.000 	 90.846 	 64.999
FHW11209	341.125 	 90.846 	 65.005
FHW11209	341.250 	 90.846 	 65.005
FHW11209	341.375 	 90.846 	 65.005
FHW11209	341.500 	 90.846 	 65.005
FHW11209	341.625 	 90.839 	 65.005
FHW11209	341.750 	 90.846 	 65.005
FHW11209	341.875 	 90.846 	 65.005
FHW11209	342.000 	 90.846 	 65.005
FHW11209	342.125 	 90.846 	 65.002
FHW11209	342.250 	 90.846 	 65.005
FHW11209	342.375 	 90.839 	 65.005
FHW11209	342.500 	 90.846 	 65.005
FHW11209	342.625 	 90.846 	 65.005
FHW11209	342.750 	 90.846 	 65.005
FHW11209	342.875 	 90.846 	 65.005
FHW11209	343.000 	 90.839 	 65.005
FHW11209	343.125 	 90.846 	 65.002
FHW11209	343.250 	 90.846 	 65.005
FHW11209	343.375 	 90.846 	 65.005
FHW11209	343.500 	 90.846 	 65.005
FHW11209	343.625 	 90.846 	 65.005
FHW11209	343.750 	 90.839 	 65.005
FHW11209	343.875 	 90.846 	 65.005
FHW11209	344.000 	 90.846 	 65.005
FHW11209	344.125 	 90.846 	 65.003
FHW11209	344.250 	 90.846 	 65.002
FHW11209	344.375 	 90.846 	 65.005
FHW11209	344.500 	 90.839 	 65.005
FHW11209	344.625 	 90.846 	 65.005
FHW11209	344.750 	 90.846 	 65.005
FHW11209	344.875 	 90.853 	 65.005
FHW11209	345.000 	 91.042 	 65.021
FHW11209	345.125 	 91.049 	 65.018
FHW11209	345.250 	 91.042 	 65.021
FHW11209	345.375 	 91.049 	 65.021
FHW11209	345.500 	 91.042 	 65.018
FHW11209	345.625 	 91.042 	 65.021
FHW11209	345.750 	 91.049 	 65.018
FHW11209	345.875 	 91.042 	 65.021
FHW11209	346.000 	 91.049 	 65.018
FHW11209	346.125 	 91.042 	 65.024
FHW11209	346.250 	 91.042 	 65.018
FHW11209	346.375 	 91.049 	 65.021
FHW11209	346.500 	 91.042 	 65.018
FHW11209	346.625 	 91.049 	 65.018
FHW11209	346.750 	 91.042 	 65.021
FHW11209	346.875 	 91.042 	 65.021
FHW11209	347.000 	 91.049 	 65.021
FHW11209	347.125 	 91.042 	 65.018
FHW11209	347.250 	 91.049 	 65.021
FHW11209	347.375 	 91.042 	 65.018
FHW11209	347.500 	 91.042 	 65.021
FHW11209	347.625 	 91.049 	 65.021
FHW11209	347.750 	 91.042 	 65.018
FHW11209	347.875 	 91.049 	 65.021
FHW11209	348.000 	 91.042 	 65.018
FHW11209	348.125 	 91.042 	 65.021
FHW11209	348.250 	 91.049 	 65.018
FHW11209	348.375 	 91.042 	 65.021
FHW11209	348.500 	 91.049 	 65.021
FHW11209	348.625 	 91.042 	 65.021
FHW11209	348.750 	 91.042 	 65.018
FHW11209	348.875 	 91.049 	 65.018
FHW11209	349.000 	 91.042 	 65.021
FHW11209	349.125 	 91.049 	 65.018
FHW11209	349.250 	 91.042 	 65.024
FHW11209	349.375 	 91.042 	 65.018
FHW11209	349.500 	 91.049 	 65.021
FHW11209	349.625 	 91.042 	 65.018
FHW11209	349.750 	 91.049 	 65.021
FHW11209	349.875 	 91.042 	 65.018
FHW11209	350.000 	 91.042 	 65.021
FHW11209	350.125 	 91.049 	 65.021
FHW11209	350.250 	 91.042 	 65.018
FHW11209	350.375 	 91.049 	 65.021
FHW11209	350.500 	 91.042 	 65.018
FHW11209	350.625 	 91.042 	 65.021
FHW11209	350.750 	 91.049 	 65.021
FHW11209	350.875 	 91.042 	 65.021
FHW11209	351.000 	 91.049 	 65.018
FHW11209	351.125 	 91.042 	 65.018
FHW11209	351.250 	 91.042 	 65.021
FHW11209	351.375 	 91.049 	 65.018
FHW11209	351.500 	 91.042 	 65.021
FHW11209	351.625 	 91.049 	 65.021
FHW11209	351.750 	 91.042 	 65.021
FHW11209	351.875 	 91.042 	 65.018
FHW11209	352.000 	 91.049 	 65.018
FHW11209	352.125 	 91.042 	 65.021
FHW11209	352.250 	 91.049 	 65.018
FHW11209	352.375 	 91.042 	 65.024
FHW11209	352.500 	 91.042 	 65.018
FHW11209	352.625 	 91.049 	 65.021
FHW11209	352.750 	 91.042 	 65.018
FHW11209	352.875 	 91.049 	 65.021
FHW11209	353.000 	 91.042 	 65.018
FHW11209	353.125 	 91.042 	 65.021
FHW11209	353.250 	 91.049 	 65.021
FHW11209	353.375 	 91.042 	 65.018
FHW11209	353.500 	 91.049 	 65.021
FHW11209	353.625 	 91.042 	 65.018
FHW11209	353.750 	 91.042 	 65.021
FHW11209	353.875 	 91.049 	 65.018
FHW11209	354.000 	 91.042 	 65.024
FHW11209	354.125 	 91.049 	 65.018
FHW11209	354.250 	 91.042 	 65.018
FHW11209	354.375 	 90.734 	 64.833
FHW11209	354.500 	 90.713 	 64.815
FHW11209	354.625 	 90.706 	 64.815
FHW11209	354.750 	 90.713 	 64.815
FHW11209	354.875 	 90.706 	 64.818
FHW11209	355.000 	 90.713 	 64.812
FHW11209	355.125 	 90.706 	 64.818
FHW11209	355.250 	 90.713 	 64.812
FHW11209	355.375 	 90.706 	 64.818
FHW11209	355.500 	 90.713 	 64.815
FHW11209	355.625 	 90.706 	 64.815
FHW11209	355.750 	 90.713 	 64.815
FHW11209	355.875 	 90.706 	 64.818
FHW11209	356.000 	 90.713 	 64.812
FHW11209	356.125 	 90.706 	 64.818
FHW11209	356.250 	 90.713 	 64.815
FHW11209	356.375 	 90.706 	 64.815
FHW11209	356.500 	 90.713 	 64.815
FHW11209	356.625 	 90.706 	 64.815
FHW11209	356.750 	 90.713 	 64.815
FHW11209	356.875 	 90.706 	 64.818
FHW11209	357.000 	 90.713 	 64.812
FHW11209	357.125 	 90.706 	 64.818
FHW11209	357.250 	 90.713 	 64.815
FHW11209	357.375 	 90.706 	 64.815
FHW11209	357.500 	 90.713 	 64.815
FHW11209	357.625 	 90.706 	 64.818
FHW11209	357.750 	 90.713 	 64.812
FHW11209	357.875 	 90.706 	 64.818
FHW11209	358.000 	 90.713 	 64.812
FHW11209	358.125 	 90.706 	 64.818
FHW11209	358.250 	 90.713 	 64.815
FHW11209	358.375 	 90.706 	 64.815
FHW11209	358.500 	 90.713 	 64.815
FHW11209	358.625 	 90.713 	 64.818
FHW11209	358.750 	 90.706 	 64.812
FHW11209	358.875 	 90.713 	 64.818
FHW11209	359.000 	 90.706 	 64.815
FHW11209	359.125 	 90.713 	 64.815
FHW11209	359.250 	 90.706 	 64.815
FHW11209	359.375 	 90.713 	 64.815
FHW11209	359.500 	 90.706 	 64.815
FHW11209	359.625 	 90.713 	 64.818
FHW11209	359.750 	 90.706 	 64.812
FHW11209	359.875 	 90.713 	 64.818
FHW11209	360.000 	 90.706 	 64.815
FHW11209	360.125 	 90.713 	 64.815
FHW11209	360.250 	 90.706 	 64.815
FHW11209	360.375 	 90.713 	 64.818
FHW11209	360.500 	 90.706 	 64.812
FHW11209	360.625 	 90.713 	 64.818
FHW11209	360.750 	 90.706 	 64.812
FHW11209	360.875 	 90.713 	 64.818
FHW11209	361.000 	 90.706 	 64.815
FHW11209	361.125 	 90.713 	 64.815
FHW11209	361.250 	 90.706 	 64.815
FHW11209	361.375 	 90.713 	 64.818
FHW11209	361.500 	 90.706 	 64.812
FHW11209	361.625 	 90.713 	 64.818
FHW11209	361.750 	 90.706 	 64.815
FHW11209	361.875 	 90.713 	 64.815
FHW11209	362.000 	 90.706 	 64.815
FHW11209	362.125 	 90.713 	 64.815
FHW11209	362.250 	 90.706 	 64.815
FHW11209	362.375 	 90.713 	 64.818
FHW11209	362.500 	 90.706 	 64.812
FHW11209	362.625 	 90.713 	 64.818
FHW11209	362.750 	 90.706 	 64.815
FHW11209	362.875 	 90.713 	 64.815
FHW11209	363.000 	 90.706 	 64.815
FHW11209	363.125 	 90.713 	 64.818
FHW11209	363.250 	 90.706 	 64.812
FHW11209	363.375 	 90.713 	 64.818
FHW11209	363.500 	 90.706 	 64.812
FHW11209	363.625 	 90.532 	 64.746
FHW11209	363.750 	 90.301 	 64.649
FHW11209	363.875 	 90.301 	 64.652
FHW11209	364.000 	 90.301 	 64.649
FHW11209	364.125 	 90.294 	 64.649
FHW11209	364.250 	 90.301 	 64.652
FHW11209	364.375 	 90.301 	 64.649
FHW11209	364.500 	 90.301 	 64.649
FHW11209	364.625 	 90.301 	 64.655
FHW11209	364.750 	 90.301 	 64.649
FHW11209	364.875 	 90.301 	 64.649
FHW11209	365.000 	 90.301 	 64.652
FHW11209	365.125 	 90.301 	 64.649
FHW11209	365.250 	 90.301 	 64.649
FHW11209	365.375 	 90.301 	 64.652
FHW11209	365.500 	 90.294 	 64.649
FHW11209	365.625 	 90.301 	 64.652
FHW11209	365.750 	 90.301 	 64.649
FHW11209	365.875 	 90.301 	 64.649
FHW11209	366.000 	 90.301 	 64.652
FHW11209	366.125 	 90.301 	 64.652
FHW11209	366.250 	 90.301 	 64.649
FHW11209	366.375 	 90.301 	 64.652
FHW11209	366.500 	 90.301 	 64.649
FHW11209	366.625 	 90.301 	 64.649
FHW11209	366.750 	 90.294 	 64.652
FHW11209	366.875 	 90.301 	 64.649
FHW11209	367.000 	 90.301 	 64.649
FHW11209	367.125 	 90.301 	 64.652
FHW11209	367.250 	 90.301 	 64.649
FHW11209	367.375 	 90.301 	 64.649
FHW11209	367.500 	 90.301 	 64.652
FHW11209	367.625 	 90.301 	 64.652
FHW11209	367.750 	 90.301 	 64.649
FHW11209	367.875 	 90.301 	 64.652
FHW11209	368.000 	 90.301 	 64.649
FHW11209	368.125 	 90.294 	 64.649
FHW11209	368.250 	 90.301 	 64.652
FHW11209	368.375 	 90.301 	 64.649
FHW11209	368.500 	 90.301 	 64.649
FHW11209	368.625 	 90.301 	 64.652
FHW11209	368.750 	 90.301 	 64.649
FHW11209	368.875 	 90.301 	 64.652
FHW11209	369.000 	 90.301 	 64.649
FHW11209	369.125 	 90.301 	 64.649
FHW11209	369.250 	 90.301 	 64.655
FHW11209	369.375 	 90.294 	 64.649
FHW11209	369.500 	 90.301 	 64.649
FHW11209	369.625 	 90.301 	 64.652
FHW11209	369.750 	 90.301 	 64.649
FHW11209	369.875 	 90.301 	 64.649
FHW11209	370.000 	 90.301 	 64.652
FHW11209	370.125 	 90.301 	 64.649
FHW11209	370.250 	 90.301 	 64.649
FHW11209	370.375 	 90.301 	 64.652
FHW11209	370.500 	 90.301 	 64.649
FHW11209	370.625 	 90.294 	 64.649
FHW11209	370.750 	 90.301 	 64.655
FHW11209	370.875 	 90.301 	 64.649
FHW11209	371.000 	 90.301 	 64.649
FHW11209	371.125 	 90.301 	 64.652
FHW11209	371.250 	 90.301 	 64.649
FHW11209	371.375 	 90.301 	 64.649
FHW11209	371.500 	 90.301 	 64.652
FHW11209	371.625 	 90.301 	 64.649
FHW11209	371.750 	 90.301 	 64.649
FHW11209	371.875 	 90.301 	 64.652
FHW11209	372.000 	 90.294 	 64.649
FHW11209	372.125 	 90.301 	 64.652
FHW11209	372.250 	 90.301 	 64.652
FHW11209	372.375 	 90.301 	 64.649
FHW11209	372.500 	 90.301 	 64.652
FHW11209	372.625 	 90.301 	 64.649
FHW11209	372.750 	 90.252 	 64.664
FHW11209	372.875 	 90.000 	 64.752
FHW11209	373.000 	 90.000 	 64.749
FHW11209	373.125 	 90.000 	 64.752
FHW11209	373.250 	 90.000 	 64.749
FHW11209	373.375 	 90.000 	 64.749
FHW11209	373.500 	 90.000 	 64.752
FHW11209	373.625 	 90.000 	 64.749
FHW11209	373.750 	 90.000 	 64.749
FHW11209	373.875 	 90.000 	 64.749
FHW11209	374.000 	 90.000 	 64.755
FHW11209	374.125 	 90.000 	 64.749
FHW11209	374.250 	 90.000 	 64.749
FHW11209	374.375 	 90.000 	 64.749
FHW11209	374.500 	 90.000 	 64.752
FHW11209	374.625 	 90.000 	 64.749
FHW11209	374.750 	 90.000 	 64.749
FHW11209	374.875 	 90.000 	 64.752
FHW11209	375.000 	 90.000 	 64.749
FHW11209	375.125 	 90.000 	 64.752
FHW11209	375.250 	 90.000 	 64.749
FHW11209	375.375 	 90.000 	 64.752
FHW11209	375.500 	 90.000 	 64.749
FHW11209	375.625 	 90.000 	 64.749
FHW11209	375.750 	 90.000 	 64.752
FHW11209	375.875 	 90.000 	 64.749
FHW11209	376.000 	 90.000 	 64.749
FHW11209	376.125 	 90.000 	 64.752
FHW11209	376.250 	 90.000 	 64.752
FHW11209	376.375 	 90.000 	 64.749
FHW11209	376.500 	 90.000 	 64.749
FHW11209	376.625 	 90.000 	 64.752
FHW11209	376.750 	 90.000 	 64.749
FHW11209	376.875 	 90.000 	 64.749
FHW11209	377.000 	 90.000 	 64.749
FHW11209	377.125 	 90.000 	 64.752
FHW11209	377.250 	 90.000 	 64.752
FHW11209	377.375 	 90.000 	 64.749
FHW11209	377.500 	 90.000 	 64.749
FHW11209	377.625 	 90.000 	 64.752
FHW11209	377.750 	 90.000 	 64.749
FHW11209	377.875 	 90.000 	 64.749
FHW11209	378.000 	 90.000 	 64.752
FHW11209	378.125 	 90.000 	 64.749
FHW11209	378.250 	 90.000 	 64.749
FHW11209	378.375 	 90.000 	 64.752
FHW11209	378.500 	 90.000 	 64.752
FHW11209	378.625 	 90.000 	 64.749
FHW11209	378.750 	 90.000 	 64.749
FHW11209	378.875 	 90.000 	 64.752
FHW11209	379.000 	 90.000 	 64.749
FHW11209	379.125 	 90.000 	 64.749
FHW11209	379.250 	 90.000 	 64.749
FHW11209	379.375 	 90.000 	 64.755
FHW11209	379.500 	 90.000 	 64.749
FHW11209	379.625 	 90.000 	 64.749
FHW11209	379.750 	 90.000 	 64.749
FHW11209	379.875 	 90.000 	 64.752
FHW11209	380.000 	 90.000 	 64.749
FHW11209	380.125 	 90.000 	 64.749
FHW11209	380.250 	 90.000 	 64.752
FHW11209	380.375 	 90.000 	 64.749
FHW11209	380.500 	 90.000 	 64.752
FHW11209	380.625 	 90.000 	 64.749
FHW11209	380.750 	 90.000 	 64.752
FHW11209	380.875 	 90.000 	 64.749
FHW11209	381.000 	 90.000 	 64.749
FHW11209	381.125 	 90.000 	 64.752
FHW11209	381.250 	 90.000 	 64.749
FHW11209	381.375 	 90.000 	 64.749
FHW11209	381.500 	 90.000 	 64.749
FHW11209	381.625 	 90.000 	 64.755
FHW11209	381.750 	 90.000 	 64.749
FHW11209	381.875 	 90.000 	 64.749
FHW11209	382.000 	 90.000 	 64.752
FHW11209	382.125 	 89.874 	 64.714
FHW11209	382.250 	 89.804 	 64.699
FHW11209	382.375 	 89.811 	 64.702
FHW11209	382.500 	 89.811 	 64.699
FHW11209	382.625 	 89.811 	 64.699
FHW11209	382.750 	 89.811 	 64.702
FHW11209	382.875 	 89.811 	 64.702
FHW11209	383.000 	 89.804 	 64.699
FHW11209	383.125 	 89.811 	 64.699
FHW11209	383.250 	 89.811 	 64.699
FHW11209	383.375 	 89.811 	 64.702
FHW11209	383.500 	 89.811 	 64.702
FHW11209	383.625 	 89.811 	 64.699
FHW11209	383.750 	 89.804 	 64.699
FHW11209	383.875 	 89.811 	 64.699
FHW11209	384.000 	 89.811 	 64.702
FHW11209	384.125 	 89.811 	 64.702
FHW11209	384.250 	 89.811 	 64.699
FHW11209	384.375 	 89.804 	 64.699
FHW11209	384.500 	 89.811 	 64.699
FHW11209	384.625 	 89.811 	 64.702
FHW11209	384.750 	 89.811 	 64.702
FHW11209	384.875 	 89.811 	 64.699
FHW11209	385.000 	 89.811 	 64.699
FHW11209	385.125 	 89.804 	 64.699
FHW11209	385.250 	 89.811 	 64.702
FHW11209	385.375 	 89.811 	 64.702
FHW11209	385.500 	 89.811 	 64.699
FHW11209	385.625 	 89.811 	 64.699
FHW11209	385.750 	 89.811 	 64.699
FHW11209	385.875 	 89.804 	 64.702
FHW11209	386.000 	 89.811 	 64.702
FHW11209	386.125 	 89.811 	 64.699
FHW11209	386.250 	 89.811 	 64.699
FHW11209	386.375 	 89.811 	 64.699
FHW11209	386.500 	 89.811 	 64.705
FHW11209	386.625 	 89.804 	 64.699
FHW11209	386.750 	 89.811 	 64.699
FHW11209	386.875 	 89.811 	 64.699
FHW11209	387.000 	 89.811 	 64.699
FHW11209	387.125 	 89.811 	 64.705
FHW11209	387.250 	 89.811 	 64.699
FHW11209	387.375 	 89.804 	 64.699
FHW11209	387.500 	 89.811 	 64.699
FHW11209	387.625 	 89.811 	 64.699
FHW11209	387.750 	 89.811 	 64.705
FHW11209	387.875 	 89.811 	 64.699
FHW11209	388.000 	 89.811 	 64.699
FHW11209	388.125 	 89.804 	 64.699
FHW11209	388.250 	 89.811 	 64.699
FHW11209	388.375 	 89.811 	 64.705
FHW11209	388.500 	 89.811 	 64.699
FHW11209	388.625 	 89.811 	 64.699
FHW11209	388.750 	 89.811 	 64.699
FHW11209	388.875 	 89.804 	 64.699
FHW11209	389.000 	 89.811 	 64.705
FHW11209	389.125 	 89.811 	 64.699
FHW11209	389.250 	 89.811 	 64.699
FHW11209	389.375 	 89.811 	 64.699
FHW11209	389.500 	 89.811 	 64.702
FHW11209	389.625 	 89.804 	 64.702
FHW11209	389.750 	 89.811 	 64.699
FHW11209	389.875 	 89.811 	 64.699
FHW11209	390.000 	 89.811 	 64.699
FHW11209	390.125 	 89.811 	 64.702
FHW11209	390.250 	 89.811 	 64.702
FHW11209	390.375 	 89.804 	 64.699
FHW11209	390.500 	 89.811 	 64.699
FHW11209	390.625 	 89.811 	 64.699
FHW11209	390.750 	 89.811 	 64.702
FHW11209	390.875 	 89.811 	 64.702
FHW11209	391.000 	 89.811 	 64.699
FHW11209	391.125 	 89.804 	 64.699
FHW11209	391.250 	 89.811 	 64.699
FHW11209	391.375 	 89.853 	 64.702
FHW11209	391.500 	 89.909 	 64.702
FHW11209	391.625 	 89.916 	 64.699
FHW11209	391.750 	 89.909 	 64.699
FHW11209	391.875 	 89.909 	 64.699
FHW11209	392.000 	 89.909 	 64.702
FHW11209	392.125 	 89.909 	 64.702
FHW11209	392.250 	 89.909 	 64.699
FHW11209	392.375 	 89.909 	 64.699
FHW11209	392.500 	 89.909 	 64.699
FHW11209	392.625 	 89.916 	 64.699
FHW11209	392.750 	 89.909 	 64.705
FHW11209	392.875 	 89.909 	 64.699
FHW11209	393.000 	 89.909 	 64.699
FHW11209	393.125 	 89.909 	 64.699
FHW11209	393.250 	 89.909 	 64.702
FHW11209	393.375 	 89.909 	 64.702
FHW11209	393.500 	 89.916 	 64.699
FHW11209	393.625 	 89.909 	 64.699
FHW11209	393.750 	 89.909 	 64.699
FHW11209	393.875 	 89.909 	 64.702
FHW11209	394.000 	 89.909 	 64.702
FHW11209	394.125 	 89.909 	 64.699
FHW11209	394.250 	 89.909 	 64.699
FHW11209	394.375 	 89.909 	 64.702
FHW11209	394.500 	 89.916 	 64.699
FHW11209	394.625 	 89.909 	 64.699
FHW11209	394.750 	 89.909 	 64.702
FHW11209	394.875 	 89.909 	 64.699
FHW11209	395.000 	 89.909 	 64.702
FHW11209	395.125 	 89.909 	 64.699
FHW11209	395.250 	 89.909 	 64.699
FHW11209	395.375 	 89.909 	 64.702
FHW11209	395.500 	 89.916 	 64.702
FHW11209	395.625 	 89.909 	 64.699
FHW11209	395.750 	 89.909 	 64.699
FHW11209	395.875 	 89.909 	 64.699
FHW11209	396.000 	 89.909 	 64.702
FHW11209	396.125 	 89.909 	 64.702
FHW11209	396.250 	 89.909 	 64.699
FHW11209	396.375 	 89.909 	 64.699
FHW11209	396.500 	 89.916 	 64.699
FHW11209	396.625 	 89.909 	 64.702
FHW11209	396.750 	 89.909 	 64.702
FHW11209	396.875 	 89.909 	 64.699
FHW11209	397.000 	 89.909 	 64.699
FHW11209	397.125 	 89.909 	 64.699
FHW11209	397.250 	 89.909 	 64.702
FHW11209	397.375 	 89.909 	 64.702
FHW11209	397.500 	 89.916 	 64.699
FHW11209	397.625 	 89.909 	 64.699
FHW11209	397.750 	 89.909 	 64.702
FHW11209	397.875 	 89.909 	 64.699
FHW11209	398.000 	 89.909 	 64.699
FHW11209	398.125 	 89.909 	 64.702
FHW11209	398.250 	 89.909 	 64.699
FHW11209	398.375 	 89.916 	 64.702
FHW11209	398.500 	 89.909 	 64.699
FHW11209	398.625 	 89.909 	 64.699
FHW11209	398.750 	 89.909 	 64.702
FHW11209	398.875 	 89.909 	 64.699
FHW11209	399.000 	 89.909 	 64.702
FHW11209	399.125 	 89.909 	 64.699
FHW11209	399.250 	 89.909 	 64.699
FHW11209	399.375 	 89.916 	 64.702
FHW11209	399.500 	 89.909 	 64.702
FHW11209	399.625 	 89.909 	 64.699
FHW11209	399.750 	 89.909 	 64.699
FHW11209	399.875 	 89.909 	 64.699
FHW11209	400.000 	 89.909 	 64.699
FHW11209	400.125 	 89.909 	 64.705
FHW11209	400.250 	 89.909 	 64.699
FHW11209	400.375 	 89.916 	 64.699
FHW11209	400.500 	 89.818 	 64.940
FHW11209	400.625 	 89.804 	 64.999
FHW11209	400.750 	 89.797 	 65.002
FHW11209	400.875 	 89.797 	 64.999
FHW11209	401.000 	 89.804 	 64.999
FHW11209	401.125 	 89.797 	 65.002
FHW11209	401.250 	 89.804 	 64.999
FHW11209	401.375 	 89.797 	 65.002
FHW11209	401.500 	 89.797 	 64.999
FHW11209	401.625 	 89.804 	 64.996
FHW11209	401.750 	 89.797 	 65.002
FHW11209	401.875 	 89.804 	 64.999
FHW11209	402.000 	 89.797 	 65.002
FHW11209	402.125 	 89.797 	 64.999
FHW11209	402.250 	 89.804 	 64.999
FHW11209	402.375 	 89.797 	 65.002
FHW11209	402.500 	 89.804 	 64.999
FHW11209	402.625 	 89.797 	 65.002
FHW11209	402.750 	 89.797 	 64.996
FHW11209	402.875 	 89.804 	 65.002
FHW11209	403.000 	 89.797 	 64.999
FHW11209	403.125 	 89.804 	 64.999
FHW11209	403.250 	 89.797 	 65.002
FHW11209	403.375 	 89.797 	 64.999
FHW11209	403.500 	 89.804 	 65.002
FHW11209	403.625 	 89.797 	 64.999
FHW11209	403.750 	 89.804 	 64.999
FHW11209	403.875 	 89.797 	 65.002
FHW11209	404.000 	 89.804 	 64.996
FHW11209	404.125 	 89.797 	 65.002
FHW11209	404.250 	 89.797 	 64.999
FHW11209	404.375 	 89.804 	 64.999
FHW11209	404.500 	 89.797 	 65.002
FHW11209	404.625 	 89.804 	 64.999
FHW11209	404.750 	 89.797 	 65.002
FHW11209	404.875 	 89.797 	 64.999
FHW11209	405.000 	 89.804 	 64.999
FHW11209	405.125 	 89.797 	 64.999
FHW11209	405.250 	 89.804 	 64.999
FHW11209	405.375 	 89.797 	 65.002
FHW11209	405.500 	 89.797 	 64.999
FHW11209	405.625 	 89.804 	 64.999
FHW11209	405.750 	 89.797 	 65.002
FHW11209	405.875 	 89.804 	 64.999
FHW11209	406.000 	 89.797 	 65.002
FHW11209	406.125 	 89.797 	 64.999
FHW11209	406.250 	 89.804 	 64.999
FHW11209	406.375 	 89.797 	 64.999
FHW11209	406.500 	 89.804 	 64.999
FHW11209	406.625 	 89.797 	 65.002
FHW11209	406.750 	 89.797 	 64.999
FHW11209	406.875 	 89.804 	 64.999
FHW11209	407.000 	 89.797 	 65.002
FHW11209	407.125 	 89.804 	 64.999
FHW11209	407.250 	 89.797 	 65.002
FHW11209	407.375 	 89.804 	 64.999
FHW11209	407.500 	 89.797 	 64.996
FHW11209	407.625 	 89.797 	 65.002
FHW11209	407.750 	 89.804 	 64.999
FHW11209	407.875 	 89.797 	 65.002
FHW11209	408.000 	 89.804 	 64.999
FHW11209	408.125 	 89.797 	 64.999
FHW11209	408.250 	 89.797 	 65.002
FHW11209	408.375 	 89.804 	 64.999
FHW11209	408.500 	 89.797 	 65.002
FHW11209	408.625 	 89.804 	 64.999
FHW11209	408.750 	 89.797 	 64.996
FHW11209	408.875 	 89.797 	 65.002
FHW11209	409.000 	 89.804 	 64.999
FHW11209	409.125 	 89.797 	 65.002
FHW11209	409.250 	 89.804 	 64.999
FHW11209	409.375 	 89.797 	 64.999
FHW11209	409.500 	 89.797 	 65.002
FHW11209	409.625 	 89.804 	 64.999
FHW11209	409.750 	 89.755 	 65.121
FHW11209	409.875 	 89.713 	 65.246
FHW11209	410.000 	 89.706 	 65.252
FHW11209	410.125 	 89.713 	 65.250
FHW11209	410.250 	 89.706 	 65.250
FHW11209	410.375 	 89.713 	 65.252
FHW11209	410.500 	 89.706 	 65.249
FHW11209	410.625 	 89.713 	 65.247
FHW11209	410.750 	 89.706 	 65.252
FHW11209	410.875 	 89.713 	 65.252
FHW11209	411.000 	 89.706 	 65.243
FHW11209	411.125 	 89.713 	 65.252
FHW11209	411.250 	 89.713 	 65.252
FHW11209	411.375 	 89.706 	 65.252
FHW11209	411.500 	 89.713 	 65.247
FHW11209	411.625 	 89.706 	 65.249
FHW11209	411.750 	 89.713 	 65.252
FHW11209	411.875 	 89.706 	 65.247
FHW11209	412.000 	 89.713 	 65.252
FHW11209	412.125 	 89.706 	 65.249
FHW11209	412.250 	 89.713 	 65.247
FHW11209	412.375 	 89.706 	 65.252
FHW11209	412.500 	 89.713 	 65.252
FHW11209	412.625 	 89.706 	 65.252
FHW11209	412.750 	 89.713 	 65.243
FHW11209	412.875 	 89.713 	 65.252
FHW11209	413.000 	 89.706 	 65.252
FHW11209	413.125 	 89.713 	 65.247
FHW11209	413.250 	 89.706 	 65.249
FHW11209	413.375 	 89.713 	 65.252
FHW11209	413.500 	 89.706 	 65.247
FHW11209	413.625 	 89.713 	 65.252
FHW11209	413.750 	 89.706 	 65.252
FHW11209	413.875 	 89.713 	 65.249
FHW11209	414.000 	 89.706 	 65.247
FHW11209	414.125 	 89.713 	 65.252
FHW11209	414.250 	 89.706 	 65.252
FHW11209	414.375 	 89.713 	 65.243
FHW11209	414.500 	 89.713 	 65.252
FHW11209	414.625 	 89.706 	 65.252
FHW11209	414.750 	 89.713 	 65.247
FHW11209	414.875 	 89.706 	 65.252
FHW11209	415.000 	 89.713 	 65.249
FHW11209	415.125 	 89.706 	 65.252
FHW11209	415.250 	 89.713 	 65.247
FHW11209	415.375 	 89.706 	 65.252
FHW11209	415.500 	 89.713 	 65.249
FHW11209	415.625 	 89.706 	 65.247
FHW11209	415.750 	 89.713 	 65.252
FHW11209	415.875 	 89.706 	 65.252
FHW11209	416.000 	 89.713 	 65.247
FHW11209	416.125 	 89.713 	 65.249
FHW11209	416.250 	 89.706 	 65.252
FHW11209	416.375 	 89.713 	 65.252
FHW11209	416.500 	 89.706 	 65.247
FHW11209	416.625 	 89.713 	 65.249
FHW11209	416.750 	 89.706 	 65.252
FHW11209	416.875 	 89.713 	 65.247
FHW11209	417.000 	 89.706 	 65.252
FHW11209	417.125 	 89.713 	 65.252
FHW11209	417.250 	 89.706 	 65.243
FHW11209	417.375 	 89.713 	 65.252
FHW11209	417.500 	 89.706 	 65.252
FHW11209	417.625 	 89.713 	 65.252
FHW11209	417.750 	 89.713 	 65.243
FHW11209	417.875 	 89.706 	 65.252
FHW11209	418.000 	 89.713 	 65.252
FHW11209	418.125 	 89.706 	 65.247
FHW11209	418.250 	 89.713 	 65.249
FHW11209	418.375 	 89.706 	 65.252
FHW11209	418.500 	 89.713 	 65.252
FHW11209	418.625 	 89.706 	 65.247
FHW11209	418.750 	 89.713 	 65.252
FHW11209	418.875 	 89.706 	 65.249
FHW11209	419.000 	 89.713 	 65.247
FHW11209	419.125 	 89.776 	 65.252
FHW11209	419.250 	 89.804 	 65.252
FHW11209	419.375 	 89.797 	 65.249
FHW11209	419.500 	 89.797 	 65.247
FHW11209	419.625 	 89.804 	 65.252
FHW11209	419.750 	 89.797 	 65.249
FHW11209	419.875 	 89.804 	 65.247
FHW11209	420.000 	 89.797 	 65.252
FHW11209	420.125 	 89.797 	 65.252
FHW11209	420.250 	 89.804 	 65.249
FHW11209	420.375 	 89.797 	 65.247
FHW11209	420.500 	 89.804 	 65.252
FHW11209	420.625 	 89.797 	 65.249
FHW11209	420.750 	 89.797 	 65.252
FHW11209	420.875 	 89.804 	 65.247
FHW11209	421.000 	 89.797 	 65.252
FHW11209	421.125 	 89.804 	 65.249
FHW11209	421.250 	 89.797 	 65.252
FHW11209	421.375 	 89.797 	 65.247
FHW11209	421.500 	 89.804 	 65.249
FHW11209	421.625 	 89.797 	 65.252
FHW11209	421.750 	 89.804 	 65.247
FHW11209	421.875 	 89.797 	 65.252
FHW11209	422.000 	 89.797 	 65.249
FHW11209	422.125 	 89.804 	 65.252
FHW11209	422.250 	 89.797 	 65.247
FHW11209	422.375 	 89.804 	 65.252
FHW11209	422.500 	 89.797 	 65.249
FHW11209	422.625 	 89.797 	 65.252
FHW11209	422.750 	 89.804 	 65.247
FHW11209	422.875 	 89.797 	 65.249
FHW11209	423.000 	 89.804 	 65.252
FHW11209	423.125 	 89.797 	 65.252
FHW11209	423.250 	 89.797 	 65.247
FHW11209	423.375 	 89.804 	 65.249
FHW11209	423.500 	 89.797 	 65.252
FHW11209	423.625 	 89.804 	 65.252
FHW11209	423.750 	 89.797 	 65.243
FHW11209	423.875 	 89.797 	 65.252
FHW11209	424.000 	 89.804 	 65.252
FHW11209	424.125 	 89.797 	 65.247
FHW11209	424.250 	 89.804 	 65.249
FHW11209	424.375 	 89.797 	 65.252
FHW11209	424.500 	 89.797 	 65.252
FHW11209	424.625 	 89.804 	 65.243
FHW11209	424.750 	 89.797 	 65.252
FHW11209	424.875 	 89.804 	 65.252
FHW11209	425.000 	 89.797 	 65.252
FHW11209	425.125 	 89.797 	 65.243
FHW11209	425.250 	 89.804 	 65.252
FHW11209	425.375 	 89.797 	 65.252
FHW11209	425.500 	 89.804 	 65.249
FHW11209	425.625 	 89.797 	 65.247
FHW11209	425.750 	 89.797 	 65.252
FHW11209	425.875 	 89.804 	 65.252
FHW11209	426.000 	 89.797 	 65.249
FHW11209	426.125 	 89.804 	 65.247
FHW11209	426.250 	 89.797 	 65.252
FHW11209	426.375 	 89.797 	 65.249
FHW11209	426.500 	 89.804 	 65.247
FHW11209	426.625 	 89.797 	 65.252
FHW11209	426.750 	 89.804 	 65.252
FHW11209	426.875 	 89.797 	 65.249
FHW11209	427.000 	 89.797 	 65.247
FHW11209	427.125 	 89.804 	 65.252
FHW11209	427.250 	 89.797 	 65.249
FHW11209	427.375 	 89.804 	 65.252
FHW11209	427.500 	 89.797 	 65.247
FHW11209	427.625 	 89.797 	 65.252
FHW11209	427.750 	 89.804 	 65.249
FHW11209	427.875 	 89.797 	 65.252
FHW11209	428.000 	 89.804 	 65.247
FHW11209	428.125 	 89.797 	 65.249
FHW11209	428.250 	 89.797 	 65.252
FHW11209	428.375 	 89.825 	 65.252
FHW11209	428.500 	 89.874 	 65.250
FHW11209	428.625 	 89.867 	 65.256
FHW11209	428.750 	 89.874 	 65.256
FHW11209	428.875 	 89.867 	 65.256
FHW11209	429.000 	 89.867 	 65.256
FHW11209	429.125 	 89.874 	 65.256
FHW11209	429.250 	 89.867 	 65.256
FHW11209	429.375 	 89.874 	 65.256
FHW11209	429.500 	 89.867 	 65.256
FHW11209	429.625 	 89.874 	 65.256
FHW11209	429.750 	 89.867 	 65.250
FHW11209	429.875 	 89.867 	 65.256
FHW11209	430.000 	 89.874 	 65.256
FHW11209	430.125 	 89.867 	 65.256
FHW11209	430.250 	 89.874 	 65.256
FHW11209	430.375 	 89.867 	 65.256
FHW11209	430.500 	 89.867 	 65.256
FHW11209	430.625 	 89.874 	 65.256
FHW11209	430.750 	 89.867 	 65.256
FHW11209	430.875 	 89.874 	 65.250
FHW11209	431.000 	 89.867 	 65.256
FHW11209	431.125 	 89.874 	 65.256
FHW11209	431.250 	 89.867 	 65.256
FHW11209	431.375 	 89.867 	 65.256
FHW11209	431.500 	 89.874 	 65.256
FHW11209	431.625 	 89.867 	 65.256
FHW11209	431.750 	 89.874 	 65.256
FHW11209	431.875 	 89.867 	 65.256
FHW11209	432.000 	 89.874 	 65.256
FHW11209	432.125 	 89.867 	 65.250
FHW11209	432.250 	 89.867 	 65.256
FHW11209	432.375 	 89.874 	 65.256
FHW11209	432.500 	 89.867 	 65.256
FHW11209	432.625 	 89.874 	 65.256
FHW11209	432.750 	 89.867 	 65.256
FHW11209	432.875 	 89.867 	 65.256
FHW11209	433.000 	 89.874 	 65.256
FHW11209	433.125 	 89.867 	 65.256
FHW11209	433.250 	 89.874 	 65.250
FHW11209	433.375 	 89.867 	 65.256
FHW11209	433.500 	 89.874 	 65.256
FHW11209	433.625 	 89.867 	 65.256
FHW11209	433.750 	 89.867 	 65.256
FHW11209	433.875 	 89.874 	 65.256
FHW11209	434.000 	 89.867 	 65.256
FHW11209	434.125 	 89.874 	 65.256
FHW11209	434.250 	 89.867 	 65.256
FHW11209	434.375 	 89.874 	 65.250
FHW11209	434.500 	 89.867 	 65.256
FHW11209	434.625 	 89.867 	 65.256
FHW11209	434.750 	 89.874 	 65.256
FHW11209	434.875 	 89.867 	 65.256
FHW11209	435.000 	 89.874 	 65.256
FHW11209	435.125 	 89.867 	 65.256
FHW11209	435.250 	 89.867 	 65.256
FHW11209	435.375 	 89.874 	 65.256
FHW11209	435.500 	 89.867 	 65.256
FHW11209	435.625 	 89.874 	 65.250
FHW11209	435.750 	 89.867 	 65.256
FHW11209	435.875 	 89.874 	 65.256
FHW11209	436.000 	 89.867 	 65.256
FHW11209	436.125 	 89.867 	 65.256
FHW11209	436.250 	 89.874 	 65.256
FHW11209	436.375 	 89.867 	 65.256
FHW11209	436.500 	 89.874 	 65.256
FHW11209	436.625 	 89.867 	 65.256
FHW11209	436.750 	 89.874 	 65.250
FHW11209	436.875 	 89.867 	 65.256
FHW11209	437.000 	 89.867 	 65.256
FHW11209	437.125 	 89.874 	 65.256
FHW11209	437.250 	 89.867 	 65.256
FHW11209	437.375 	 89.874 	 65.256
FHW11209	437.500 	 89.909 	 65.237
FHW11209	437.625 	 90.105 	 65.174
FHW11209	437.750 	 90.112 	 65.168
FHW11209	437.875 	 90.112 	 65.168
FHW11209	438.000 	 90.105 	 65.174
FHW11209	438.125 	 90.112 	 65.168
FHW11209	438.250 	 90.112 	 65.168
FHW11209	438.375 	 90.112 	 65.174
FHW11209	438.500 	 90.105 	 65.168
FHW11209	438.625 	 90.112 	 65.168
FHW11209	438.750 	 90.112 	 65.174
FHW11209	438.875 	 90.105 	 65.168
FHW11209	439.000 	 90.112 	 65.168
FHW11209	439.125 	 90.112 	 65.174
FHW11209	439.250 	 90.112 	 65.162
FHW11209	439.375 	 90.105 	 65.174
FHW11209	439.500 	 90.112 	 65.168
FHW11209	439.625 	 90.112 	 65.168
FHW11209	439.750 	 90.105 	 65.174
FHW11209	439.875 	 90.112 	 65.168
FHW11209	440.000 	 90.112 	 65.168
FHW11209	440.125 	 90.112 	 65.174
FHW11209	440.250 	 90.105 	 65.168
FHW11209	440.375 	 90.112 	 65.168
FHW11209	440.500 	 90.112 	 65.174
FHW11209	440.625 	 90.105 	 65.168
FHW11209	440.750 	 90.112 	 65.168
FHW11209	440.875 	 90.112 	 65.174
FHW11209	441.000 	 90.112 	 65.168
FHW11209	441.125 	 90.105 	 65.168
FHW11209	441.250 	 90.112 	 65.174
FHW11209	441.375 	 90.112 	 65.168
FHW11209	441.500 	 90.112 	 65.168
FHW11209	441.625 	 90.105 	 65.174
FHW11209	441.750 	 90.112 	 65.168
FHW11209	441.875 	 90.112 	 65.168
FHW11209	442.000 	 90.105 	 65.174
FHW11209	442.125 	 90.112 	 65.168
FHW11209	442.250 	 90.112 	 65.168
FHW11209	442.375 	 90.112 	 65.174
FHW11209	442.500 	 90.105 	 65.168
FHW11209	442.625 	 90.112 	 65.168
FHW11209	442.750 	 90.112 	 65.174
FHW11209	442.875 	 90.105 	 65.168
FHW11209	443.000 	 90.112 	 65.168
FHW11209	443.125 	 90.112 	 65.174
FHW11209	443.250 	 90.112 	 65.168
FHW11209	443.375 	 90.105 	 65.162
FHW11209	443.500 	 90.112 	 65.174
FHW11209	443.625 	 90.112 	 65.168
FHW11209	443.750 	 90.105 	 65.168
FHW11209	443.875 	 90.112 	 65.174
FHW11209	444.000 	 90.112 	 65.168
FHW11209	444.125 	 90.112 	 65.168
FHW11209	444.250 	 90.105 	 65.174
FHW11209	444.375 	 90.112 	 65.168
FHW11209	444.500 	 90.112 	 65.168
FHW11209	444.625 	 90.105 	 65.174
FHW11209	444.750 	 90.112 	 65.168
FHW11209	444.875 	 90.112 	 65.168
FHW11209	445.000 	 90.112 	 65.174
FHW11209	445.125 	 90.105 	 65.168
FHW11209	445.250 	 90.112 	 65.168
FHW11209	445.375 	 90.112 	 65.174
FHW11209	445.500 	 90.112 	 65.168
FHW11209	445.625 	 90.105 	 65.168
FHW11209	445.750 	 90.112 	 65.174
FHW11209	445.875 	 90.112 	 65.168
FHW11209	446.000 	 90.105 	 65.168
FHW11209	446.125 	 90.112 	 65.174
FHW11209	446.250 	 90.112 	 65.168
FHW11209	446.375 	 90.112 	 65.168
FHW11209	446.500 	 90.105 	 65.174
FHW11209	446.625 	 90.112 	 65.168
FHW11209	446.750 	 90.112 	 65.168
FHW11209	446.875 	 90.126 	 65.168
FHW11209	447.000 	 90.147 	 65.168
FHW11209	447.125 	 90.147 	 65.162
FHW11209	447.250 	 90.147 	 65.162
FHW11209	447.375 	 90.140 	 65.168
FHW11209	447.500 	 90.147 	 65.168
FHW11209	447.625 	 90.147 	 65.162
FHW11209	447.750 	 90.147 	 65.168
FHW11209	447.875 	 90.140 	 65.162
FHW11209	448.000 	 90.147 	 65.162
FHW11209	448.125 	 90.147 	 65.174
FHW11209	448.250 	 90.147 	 65.162
FHW11209	448.375 	 90.140 	 65.162
FHW11209	448.500 	 90.147 	 65.168
FHW11209	448.625 	 90.147 	 65.162
FHW11209	448.750 	 90.140 	 65.168
FHW11209	448.875 	 90.147 	 65.168
FHW11209	449.000 	 90.147 	 65.162
FHW11209	449.125 	 90.147 	 65.162
FHW11209	449.250 	 90.140 	 65.168
FHW11209	449.375 	 90.147 	 65.168
FHW11209	449.500 	 90.147 	 65.162
FHW11209	449.625 	 90.147 	 65.168
FHW11209	449.750 	 90.140 	 65.162
FHW11209	449.875 	 90.147 	 65.162
FHW11209	450.000 	 90.147 	 65.174
FHW11209	450.125 	 90.147 	 65.162
FHW11209	450.250 	 90.140 	 65.162
FHW11209	450.375 	 90.147 	 65.168
FHW11209	450.500 	 90.147 	 65.162
FHW11209	450.625 	 90.140 	 65.162
FHW11209	450.750 	 90.147 	 65.174
FHW11209	450.875 	 90.147 	 65.162
FHW11209	451.000 	 90.147 	 65.162
FHW11209	451.125 	 90.140 	 65.168
FHW11209	451.250 	 90.147 	 65.162
FHW11209	451.375 	 90.147 	 65.168
FHW11209	451.500 	 90.147 	 65.168
FHW11209	451.625 	 90.140 	 65.162
FHW11209	451.750 	 90.147 	 65.162
FHW11209	451.875 	 90.147 	 65.168
FHW11209	452.000 	 90.147 	 65.168
FHW11209	452.125 	 90.140 	 65.162
FHW11209	452.250 	 90.147 	 65.168
FHW11209	452.375 	 90.147 	 65.162
FHW11209	452.500 	 90.140 	 65.162
FHW11209	452.625 	 90.147 	 65.174
FHW11209	452.750 	 90.147 	 65.162
FHW11209	452.875 	 90.147 	 65.162
FHW11209	453.000 	 90.140 	 65.168
FHW11209	453.125 	 90.147 	 65.162
FHW11209	453.250 	 90.147 	 65.168
FHW11209	453.375 	 90.147 	 65.162
FHW11209	453.500 	 90.140 	 65.168
FHW11209	453.625 	 90.147 	 65.162
FHW11209	453.750 	 90.147 	 65.162
FHW11209	453.875 	 90.147 	 65.174
FHW11209	454.000 	 90.140 	 65.162
FHW11209	454.125 	 90.147 	 65.162
FHW11209	454.250 	 90.147 	 65.168
FHW11209	454.375 	 90.147 	 65.162
FHW11209	454.500 	 90.140 	 65.162
FHW11209	454.625 	 90.147 	 65.174
FHW11209	454.750 	 90.147 	 65.162
FHW11209	454.875 	 90.140 	 65.162
FHW11209	455.000 	 90.147 	 65.168
FHW11209	455.125 	 90.147 	 65.162
FHW11209	455.250 	 90.147 	 65.168
FHW11209	455.375 	 90.140 	 65.168
FHW11209	455.500 	 90.147 	 65.162
FHW11209	455.625 	 90.147 	 65.162
FHW11209	455.750 	 90.147 	 65.168
FHW11209	455.875 	 90.140 	 65.168
FHW11209	456.000 	 90.147 	 65.162
FHW11209	456.125 	 90.070 	 65.131
FHW11209	456.250 	 89.993 	 65.099
FHW11209	456.375 	 89.993 	 65.099
FHW11209	456.500 	 90.000 	 65.105
FHW11209	456.625 	 89.993 	 65.099
FHW11209	456.750 	 89.993 	 65.099
FHW11209	456.875 	 89.993 	 65.099
FHW11209	457.000 	 90.000 	 65.105
FHW11209	457.125 	 89.993 	 65.093
FHW11209	457.250 	 89.993 	 65.099
FHW11209	457.375 	 90.000 	 65.099
FHW11209	457.500 	 89.993 	 65.105
FHW11209	457.625 	 89.993 	 65.099
FHW11209	457.750 	 89.993 	 65.099
FHW11209	457.875 	 90.000 	 65.099
FHW11209	458.000 	 89.993 	 65.105
FHW11209	458.125 	 89.993 	 65.099
FHW11209	458.250 	 90.000 	 65.093
FHW11209	458.375 	 89.993 	 65.099
FHW11209	458.500 	 89.993 	 65.105
FHW11209	458.625 	 89.993 	 65.099
FHW11209	458.750 	 90.000 	 65.099
FHW11209	458.875 	 89.993 	 65.099
FHW11209	459.000 	 89.993 	 65.105
FHW11209	459.125 	 90.000 	 65.099
FHW11209	459.250 	 89.993 	 65.099
FHW11209	459.375 	 89.993 	 65.093
FHW11209	459.500 	 90.000 	 65.105
FHW11209	459.625 	 89.993 	 65.099
FHW11209	459.750 	 89.993 	 65.099
FHW11209	459.875 	 89.993 	 65.099
FHW11209	460.000 	 90.000 	 65.105
FHW11209	460.125 	 89.993 	 65.099
FHW11209	460.250 	 89.993 	 65.099
FHW11209	460.375 	 90.000 	 65.093
FHW11209	460.500 	 89.993 	 65.105
FHW11209	460.625 	 89.993 	 65.099
FHW11209	460.750 	 89.993 	 65.099
FHW11209	460.875 	 90.000 	 65.099
FHW11209	461.000 	 89.993 	 65.105
FHW11209	461.125 	 89.993 	 65.099
FHW11209	461.250 	 90.000 	 65.099
FHW11209	461.375 	 89.993 	 65.099
FHW11209	461.500 	 89.993 	 65.099
FHW11209	461.625 	 90.000 	 65.099
FHW11209	461.750 	 89.993 	 65.099
FHW11209	461.875 	 89.993 	 65.099
FHW11209	462.000 	 89.993 	 65.105
FHW11209	462.125 	 90.000 	 65.099
FHW11209	462.250 	 89.993 	 65.099
FHW11209	462.375 	 89.993 	 65.099
FHW11209	462.500 	 90.000 	 65.105
FHW11209	462.625 	 89.993 	 65.093
FHW11209	462.750 	 89.993 	 65.099
FHW11209	462.875 	 89.993 	 65.099
FHW11209	463.000 	 90.000 	 65.105
FHW11209	463.125 	 89.993 	 65.099
FHW11209	463.250 	 89.993 	 65.099
FHW11209	463.375 	 90.000 	 65.099
FHW11209	463.500 	 89.993 	 65.105
FHW11209	463.625 	 89.993 	 65.093
FHW11209	463.750 	 89.993 	 65.099
FHW11209	463.875 	 90.000 	 65.099
FHW11209	464.000 	 89.993 	 65.105
FHW11209	464.125 	 89.993 	 65.099
FHW11209	464.250 	 90.000 	 65.099
FHW11209	464.375 	 89.993 	 65.099
FHW11209	464.500 	 89.993 	 65.105
FHW11209	464.625 	 90.000 	 65.099
FHW11209	464.750 	 89.993 	 65.093
FHW11209	464.875 	 89.993 	 65.099
FHW11209	465.000 	 89.993 	 65.105
FHW11209	465.125 	 90.000 	 65.099
FHW11209	465.250 	 89.993 	 65.099
FHW11209	465.375 	 89.986 	 64.999
FHW11209	465.500 	 89.986 	 64.999
FHW11209	465.625 	 89.986 	 65.005
FHW11209	465.750 	 89.979 	 64.999
FHW11209	465.875 	 89.986 	 64.993
FHW11209	466.000 	 89.986 	 64.999
FHW11209	466.125 	 89.986 	 65.005
FHW11209	466.250 	 89.986 	 64.999
FHW11209	466.375 	 89.986 	 64.999
FHW11209	466.500 	 89.979 	 64.999
FHW11209	466.625 	 89.986 	 65.005
FHW11209	466.750 	 89.986 	 64.999
FHW11209	466.875 	 89.986 	 64.999
FHW11209	467.000 	 89.986 	 64.993
FHW11209	467.125 	 89.986 	 64.999
FHW11209	467.250 	 89.986 	 65.005
FHW11209	467.375 	 89.979 	 64.999
FHW11209	467.500 	 89.986 	 64.999
FHW11209	467.625 	 89.986 	 64.999
FHW11209	467.750 	 89.986 	 65.005
FHW11209	467.875 	 89.986 	 64.999
FHW11209	468.000 	 89.986 	 64.993
FHW11209	468.125 	 89.979 	 64.999
FHW11209	468.250 	 89.986 	 65.005
FHW11209	468.375 	 89.986 	 64.999
FHW11209	468.500 	 89.986 	 64.999
FHW11209	468.625 	 90.007 	 65.131
FHW11209	468.750 	 90.000 	 65.143
FHW11209	468.875 	 90.007 	 65.131
FHW11209	469.000 	 90.007 	 65.137
FHW11209	469.125 	 90.007 	 65.136
FHW11209	469.250 	 90.000 	 65.131
FHW11209	469.375 	 90.007 	 65.137
FHW11209	469.500 	 90.007 	 65.131
FHW11209	469.625 	 90.000 	 65.143
FHW11209	469.750 	 90.007 	 65.131
FHW11209	469.875 	 90.007 	 65.137
FHW11209	470.000 	 90.007 	 65.136
FHW11209	470.125 	 90.000 	 65.131
FHW11209	470.250 	 90.007 	 65.137
FHW11209	470.375 	 90.007 	 65.136
FHW11209	470.500 	 90.000 	 65.137
FHW11209	470.625 	 90.007 	 65.131
FHW11209	470.750 	 90.007 	 65.137
FHW11209	470.875 	 90.007 	 65.136
FHW11209	471.000 	 90.000 	 65.131
FHW11209	471.125 	 90.007 	 65.137
FHW11209	471.250 	 90.007 	 65.136
FHW11209	471.375 	 90.000 	 65.137
FHW11209	471.500 	 90.007 	 65.131
FHW11209	471.625 	 90.007 	 65.136
FHW11209	471.750 	 90.007 	 65.137
FHW11209	471.875 	 90.000 	 65.131
FHW11209	472.000 	 90.007 	 65.143
FHW11209	472.125 	 90.007 	 65.131
FHW11209	472.250 	 90.000 	 65.131
FHW11209	472.375 	 90.007 	 65.137
FHW11209	472.500 	 90.007 	 65.136
FHW11209	472.625 	 90.007 	 65.137
FHW11209	472.750 	 90.000 	 65.131
FHW11209	472.875 	 90.007 	 65.143
FHW11209	473.000 	 90.007 	 65.131
FHW11209	473.125 	 90.000 	 65.131
FHW11209	473.250 	 90.007 	 65.143
FHW11209	473.375 	 90.007 	 65.131
FHW11209	473.500 	 90.007 	 65.137
FHW11209	473.625 	 90.000 	 65.136
FHW11209	473.750 	 90.007 	 65.137
FHW11209	473.875 	 90.007 	 65.131
FHW11209	474.000 	 90.000 	 65.131
FHW11209	474.125 	 90.007 	 65.143
FHW11209	474.250 	 90.007 	 65.131
FHW11209	474.375 	 90.007 	 65.137
FHW11209	474.500 	 90.000 	 65.136
FHW11209	474.625 	 90.007 	 65.131
FHW11209	474.750 	 90.007 	 65.137
FHW11209	474.875 	 90.000 	 65.136
FHW11209	475.000 	 90.007 	 65.137
FHW11209	475.125 	 90.007 	 65.131
FHW11209	475.250 	 90.000 	 65.136
FHW11209	475.375 	 90.007 	 65.137
FHW11209	475.500 	 90.007 	 65.131
FHW11209	475.625 	 90.007 	 65.137
FHW11209	475.750 	 90.000 	 65.136
FHW11209	475.875 	 90.007 	 65.137
FHW11209	476.000 	 90.007 	 65.131
FHW11209	476.125 	 90.000 	 65.136
FHW11209	476.250 	 90.007 	 65.137
FHW11209	476.375 	 90.007 	 65.131
FHW11209	476.500 	 90.007 	 65.143
FHW11209	476.625 	 90.000 	 65.131
FHW11209	476.750 	 90.007 	 65.137
FHW11209	476.875 	 90.007 	 65.131
FHW11209	477.000 	 90.000 	 65.136
FHW11209	477.125 	 90.007 	 65.137
FHW11209	477.250 	 90.007 	 65.131
FHW11209	477.375 	 90.007 	 65.143
FHW11209	477.500 	 90.000 	 65.131
FHW11209	477.625 	 90.007 	 65.131
FHW11209	477.750 	 90.007 	 65.143
FHW11209	477.875 	 90.000 	 65.131
FHW11209	478.000 	 90.007 	 65.137
FHW11209	478.125 	 90.007 	 65.136
FHW11209	478.250 	 90.007 	 65.131
FHW11209	478.375 	 90.000 	 65.137
FHW11209	478.500 	 90.007 	 65.131
FHW11209	478.625 	 90.007 	 65.143
FHW11209	478.750 	 90.000 	 65.131
FHW11209	478.875 	 90.007 	 65.137
FHW11209	479.000 	 90.007 	 65.136
FHW11209	479.125 	 90.007 	 65.131
FHW11209	479.250 	 90.000 	 65.137
FHW11209	479.375 	 90.007 	 65.136
FHW11209	479.500 	 90.007 	 65.137
FHW11209	479.625 	 90.000 	 65.131
FHW11209	479.750 	 90.007 	 65.137
FHW11209	479.875 	 90.007 	 65.136
FHW11209	480.000 	 90.007 	 65.131
FHW11209	480.125 	 90.000 	 65.137
FHW11209	480.250 	 90.007 	 65.136
FHW11209	480.375 	 90.007 	 65.137
FHW11209	480.500 	 90.000 	 65.131
FHW11209	480.625 	 90.007 	 65.136
FHW11209	480.750 	 90.007 	 65.137
FHW11209	480.875 	 90.007 	 65.131
FHW11209	481.000 	 90.000 	 65.143
FHW11209	481.125 	 90.007 	 65.131
FHW11209	481.250 	 90.007 	 65.131
FHW11209	481.375 	 90.000 	 65.137
FHW11209	481.500 	 90.007 	 65.136
FHW11209	481.625 	 90.007 	 65.137
FHW11209	481.750 	 90.007 	 65.131
FHW11209	481.875 	 90.000 	 65.143
FHW11209	482.000 	 90.007 	 65.131
