#WellName	 Depth.M	 INCL	 AZIM 
WellName	 Depth.M	 INCL	 AZIM 
FHW12239	0.000 	 0.000 	 0.000
FHW12239	0.125 	 1.218 	 354.115
FHW12239	0.250 	 1.218 	 354.115
FHW12239	0.375 	 1.218 	 354.115
FHW12239	0.500 	 1.218 	 354.115
FHW12239	0.625 	 1.218 	 354.115
FHW12239	0.750 	 1.218 	 354.115
FHW12239	0.875 	 1.218 	 354.115
FHW12239	1.000 	 1.218 	 354.115
FHW12239	1.125 	 1.218 	 354.115
FHW12239	1.250 	 1.218 	 354.115
FHW12239	1.375 	 1.218 	 354.115
FHW12239	1.500 	 1.218 	 354.115
FHW12239	1.625 	 1.218 	 354.115
FHW12239	1.750 	 1.218 	 354.115
FHW12239	1.875 	 1.218 	 354.115
FHW12239	2.000 	 1.218 	 354.115
FHW12239	2.125 	 1.218 	 354.115
FHW12239	2.250 	 1.218 	 354.115
FHW12239	2.375 	 1.218 	 354.115
FHW12239	2.500 	 1.218 	 354.115
FHW12239	2.625 	 1.218 	 354.115
FHW12239	2.750 	 1.218 	 354.115
FHW12239	2.875 	 1.218 	 354.115
FHW12239	3.000 	 1.218 	 354.115
FHW12239	3.125 	 1.218 	 354.115
FHW12239	3.250 	 1.218 	 354.115
FHW12239	3.375 	 1.218 	 354.115
FHW12239	3.500 	 1.218 	 354.115
FHW12239	3.625 	 1.218 	 354.115
FHW12239	3.750 	 1.218 	 354.115
FHW12239	3.875 	 1.218 	 354.115
FHW12239	4.000 	 1.218 	 354.115
FHW12239	4.125 	 1.218 	 354.115
FHW12239	4.250 	 1.218 	 354.115
FHW12239	4.375 	 1.218 	 354.115
FHW12239	4.500 	 1.218 	 354.115
FHW12239	4.625 	 1.218 	 354.115
FHW12239	4.750 	 1.218 	 354.115
FHW12239	4.875 	 1.218 	 354.115
FHW12239	5.000 	 1.218 	 354.115
FHW12239	5.125 	 1.218 	 354.115
FHW12239	5.250 	 1.218 	 354.115
FHW12239	5.375 	 1.218 	 354.115
FHW12239	5.500 	 1.218 	 354.115
FHW12239	5.625 	 1.218 	 354.115
FHW12239	5.750 	 1.218 	 354.115
FHW12239	5.875 	 1.218 	 354.115
FHW12239	6.000 	 1.218 	 354.115
FHW12239	6.125 	 1.218 	 354.115
FHW12239	6.250 	 1.218 	 354.115
FHW12239	6.375 	 1.218 	 354.115
FHW12239	6.500 	 1.218 	 354.115
FHW12239	6.625 	 1.218 	 354.115
FHW12239	6.750 	 1.218 	 354.115
FHW12239	6.875 	 1.218 	 354.115
FHW12239	7.000 	 1.218 	 354.115
FHW12239	7.125 	 1.218 	 354.115
FHW12239	7.250 	 1.218 	 354.115
FHW12239	7.375 	 1.218 	 354.115
FHW12239	7.500 	 1.218 	 354.115
FHW12239	7.625 	 1.218 	 354.115
FHW12239	7.750 	 1.218 	 354.115
FHW12239	7.875 	 1.218 	 354.115
FHW12239	8.000 	 1.218 	 354.115
FHW12239	8.125 	 1.218 	 354.115
FHW12239	8.250 	 1.218 	 354.115
FHW12239	8.375 	 1.218 	 354.115
FHW12239	8.500 	 1.218 	 354.115
FHW12239	8.625 	 1.218 	 354.115
FHW12239	8.750 	 1.218 	 354.115
FHW12239	8.875 	 1.218 	 354.115
FHW12239	9.000 	 1.218 	 354.115
FHW12239	9.125 	 1.218 	 354.115
FHW12239	9.250 	 1.218 	 354.115
FHW12239	9.375 	 1.218 	 354.115
FHW12239	9.500 	 1.218 	 354.115
FHW12239	9.625 	 1.218 	 354.115
FHW12239	9.750 	 1.218 	 354.115
FHW12239	9.875 	 1.218 	 354.115
FHW12239	10.000 	 1.218 	 354.115
FHW12239	10.125 	 1.218 	 354.115
FHW12239	10.250 	 1.218 	 354.115
FHW12239	10.375 	 1.218 	 354.115
FHW12239	10.500 	 1.218 	 354.115
FHW12239	10.625 	 1.218 	 354.115
FHW12239	10.750 	 1.218 	 354.115
FHW12239	10.875 	 1.218 	 354.115
FHW12239	11.000 	 1.218 	 354.115
FHW12239	11.125 	 1.218 	 354.115
FHW12239	11.250 	 1.218 	 354.115
FHW12239	11.375 	 1.218 	 354.115
FHW12239	11.500 	 1.218 	 354.115
FHW12239	11.625 	 1.218 	 354.115
FHW12239	11.750 	 1.218 	 354.115
FHW12239	11.875 	 1.218 	 354.115
FHW12239	12.000 	 1.218 	 354.115
FHW12239	12.125 	 1.218 	 354.115
FHW12239	12.250 	 1.218 	 354.115
FHW12239	12.375 	 1.218 	 354.115
FHW12239	12.500 	 1.218 	 354.115
FHW12239	12.625 	 1.218 	 354.115
FHW12239	12.750 	 1.218 	 354.115
FHW12239	12.875 	 1.218 	 354.115
FHW12239	13.000 	 1.218 	 354.115
FHW12239	13.125 	 1.218 	 354.115
FHW12239	13.250 	 1.218 	 354.115
FHW12239	13.375 	 1.218 	 354.115
FHW12239	13.500 	 1.218 	 354.115
FHW12239	13.625 	 1.218 	 354.115
FHW12239	13.750 	 1.218 	 354.115
FHW12239	13.875 	 1.218 	 354.115
FHW12239	14.000 	 1.218 	 354.115
FHW12239	14.125 	 1.218 	 354.115
FHW12239	14.250 	 1.218 	 354.115
FHW12239	14.375 	 1.218 	 354.115
FHW12239	14.500 	 1.218 	 354.115
FHW12239	14.625 	 1.218 	 354.115
FHW12239	14.750 	 1.218 	 354.115
FHW12239	14.875 	 1.218 	 354.115
FHW12239	15.000 	 1.218 	 354.115
FHW12239	15.125 	 1.218 	 354.115
FHW12239	15.250 	 1.218 	 354.115
FHW12239	15.375 	 1.218 	 354.115
FHW12239	15.500 	 1.218 	 354.115
FHW12239	15.625 	 1.218 	 354.115
FHW12239	15.750 	 1.218 	 354.115
FHW12239	15.875 	 1.218 	 354.115
FHW12239	16.000 	 1.218 	 354.115
FHW12239	16.125 	 1.218 	 354.115
FHW12239	16.250 	 1.218 	 354.115
FHW12239	16.375 	 1.218 	 354.115
FHW12239	16.500 	 1.218 	 354.115
FHW12239	16.625 	 1.218 	 354.115
FHW12239	16.750 	 1.218 	 354.115
FHW12239	16.875 	 1.218 	 354.115
FHW12239	17.000 	 1.218 	 354.115
FHW12239	17.125 	 1.218 	 354.115
FHW12239	17.250 	 1.218 	 354.115
FHW12239	17.375 	 1.218 	 354.115
FHW12239	17.500 	 1.218 	 354.115
FHW12239	17.625 	 1.218 	 354.115
FHW12239	17.750 	 1.218 	 354.115
FHW12239	17.875 	 1.218 	 354.115
FHW12239	18.000 	 1.218 	 354.115
FHW12239	18.125 	 1.218 	 354.115
FHW12239	18.250 	 1.218 	 354.115
FHW12239	18.375 	 1.218 	 354.115
FHW12239	18.500 	 1.218 	 354.115
FHW12239	18.625 	 1.218 	 354.115
FHW12239	18.750 	 1.218 	 354.115
FHW12239	18.875 	 1.218 	 354.115
FHW12239	19.000 	 1.218 	 354.115
FHW12239	19.125 	 1.218 	 354.115
FHW12239	19.250 	 1.218 	 354.115
FHW12239	19.375 	 1.218 	 354.115
FHW12239	19.500 	 1.218 	 354.115
FHW12239	19.625 	 1.218 	 354.115
FHW12239	19.750 	 1.218 	 354.115
FHW12239	19.875 	 1.218 	 354.115
FHW12239	20.000 	 1.218 	 354.115
FHW12239	20.125 	 1.218 	 354.115
FHW12239	20.250 	 1.218 	 354.115
FHW12239	20.375 	 1.218 	 354.115
FHW12239	20.500 	 1.218 	 354.115
FHW12239	20.625 	 1.218 	 354.115
FHW12239	20.750 	 1.218 	 354.115
FHW12239	20.875 	 1.218 	 354.115
FHW12239	21.000 	 1.218 	 354.115
FHW12239	21.125 	 1.218 	 354.115
FHW12239	21.250 	 1.218 	 354.115
FHW12239	21.375 	 1.218 	 354.115
FHW12239	21.500 	 1.218 	 354.115
FHW12239	21.625 	 1.218 	 354.115
FHW12239	21.750 	 1.218 	 354.115
FHW12239	21.875 	 1.218 	 354.115
FHW12239	22.000 	 1.218 	 354.115
FHW12239	22.125 	 1.218 	 354.115
FHW12239	22.250 	 1.218 	 354.115
FHW12239	22.375 	 1.218 	 354.115
FHW12239	22.500 	 1.218 	 354.115
FHW12239	22.625 	 1.218 	 354.115
FHW12239	22.750 	 1.218 	 354.115
FHW12239	22.875 	 1.218 	 354.115
FHW12239	23.000 	 1.218 	 354.115
FHW12239	23.125 	 1.218 	 354.115
FHW12239	23.250 	 1.218 	 354.115
FHW12239	23.375 	 1.218 	 354.115
FHW12239	23.500 	 1.218 	 354.115
FHW12239	23.625 	 1.218 	 354.115
FHW12239	23.750 	 1.218 	 354.115
FHW12239	23.875 	 1.218 	 354.115
FHW12239	24.000 	 1.218 	 354.115
FHW12239	24.125 	 1.218 	 354.115
FHW12239	24.250 	 1.218 	 354.115
FHW12239	24.375 	 1.218 	 354.115
FHW12239	24.500 	 1.218 	 354.115
FHW12239	24.625 	 1.218 	 354.115
FHW12239	24.750 	 1.218 	 354.115
FHW12239	24.875 	 1.218 	 354.115
FHW12239	25.000 	 1.218 	 354.115
FHW12239	25.125 	 1.218 	 354.115
FHW12239	25.250 	 1.218 	 354.115
FHW12239	25.375 	 1.218 	 354.115
FHW12239	25.500 	 1.218 	 354.115
FHW12239	25.625 	 1.218 	 354.115
FHW12239	25.750 	 1.218 	 354.115
FHW12239	25.875 	 1.218 	 354.115
FHW12239	26.000 	 1.218 	 354.115
FHW12239	26.125 	 1.218 	 354.115
FHW12239	26.250 	 1.218 	 354.115
FHW12239	26.375 	 1.218 	 354.115
FHW12239	26.500 	 1.218 	 354.115
FHW12239	26.625 	 1.218 	 354.115
FHW12239	26.750 	 1.218 	 354.115
FHW12239	26.875 	 1.218 	 354.115
FHW12239	27.000 	 1.218 	 354.115
FHW12239	27.125 	 1.218 	 354.115
FHW12239	27.250 	 1.218 	 354.115
FHW12239	27.375 	 1.218 	 354.115
FHW12239	27.500 	 1.218 	 354.115
FHW12239	27.625 	 1.218 	 354.115
FHW12239	27.750 	 1.218 	 354.115
FHW12239	27.875 	 1.218 	 354.115
FHW12239	28.000 	 1.218 	 354.115
FHW12239	28.125 	 1.218 	 354.115
FHW12239	28.250 	 1.218 	 354.115
FHW12239	28.375 	 1.218 	 354.115
FHW12239	28.500 	 1.218 	 354.115
FHW12239	28.625 	 1.218 	 354.115
FHW12239	28.750 	 1.218 	 354.115
FHW12239	28.875 	 1.218 	 354.115
FHW12239	29.000 	 1.218 	 354.115
FHW12239	29.125 	 1.218 	 354.115
FHW12239	29.250 	 1.218 	 354.115
FHW12239	29.375 	 1.218 	 354.115
FHW12239	29.500 	 1.218 	 354.115
FHW12239	29.625 	 1.218 	 354.115
FHW12239	29.750 	 1.218 	 354.115
FHW12239	29.875 	 1.218 	 354.115
FHW12239	30.000 	 1.218 	 354.115
FHW12239	30.125 	 1.218 	 354.115
FHW12239	30.250 	 1.218 	 354.115
FHW12239	30.375 	 1.218 	 354.115
FHW12239	30.500 	 1.218 	 354.115
FHW12239	30.625 	 1.218 	 354.115
FHW12239	30.750 	 1.218 	 354.115
FHW12239	30.875 	 1.218 	 354.115
FHW12239	31.000 	 1.218 	 354.115
FHW12239	31.125 	 1.218 	 354.115
FHW12239	31.250 	 1.218 	 354.115
FHW12239	31.375 	 1.218 	 354.115
FHW12239	31.500 	 1.218 	 354.115
FHW12239	31.625 	 1.218 	 354.115
FHW12239	31.750 	 1.218 	 354.115
FHW12239	31.875 	 1.218 	 354.115
FHW12239	32.000 	 1.218 	 354.115
FHW12239	32.125 	 1.218 	 354.115
FHW12239	32.250 	 1.218 	 354.115
FHW12239	32.375 	 1.218 	 354.115
FHW12239	32.500 	 1.218 	 354.115
FHW12239	32.625 	 1.218 	 354.115
FHW12239	32.750 	 1.218 	 354.115
FHW12239	32.875 	 1.218 	 354.115
FHW12239	33.000 	 1.218 	 354.115
FHW12239	33.125 	 1.218 	 354.115
FHW12239	33.250 	 1.218 	 354.115
FHW12239	33.375 	 1.218 	 354.115
FHW12239	33.500 	 1.218 	 354.115
FHW12239	33.625 	 1.218 	 354.115
FHW12239	33.750 	 1.218 	 354.115
FHW12239	33.875 	 1.218 	 354.115
FHW12239	34.000 	 1.218 	 354.115
FHW12239	34.125 	 1.218 	 354.115
FHW12239	34.250 	 1.218 	 354.115
FHW12239	34.375 	 1.218 	 354.115
FHW12239	34.500 	 1.218 	 354.115
FHW12239	34.625 	 1.218 	 354.115
FHW12239	34.750 	 1.218 	 354.115
FHW12239	34.875 	 1.218 	 354.115
FHW12239	35.000 	 1.218 	 354.115
FHW12239	35.125 	 1.218 	 354.115
FHW12239	35.250 	 1.218 	 354.115
FHW12239	35.375 	 1.218 	 354.115
FHW12239	35.500 	 1.218 	 354.115
FHW12239	35.625 	 1.218 	 354.115
FHW12239	35.750 	 1.218 	 354.115
FHW12239	35.875 	 1.218 	 354.115
FHW12239	36.000 	 1.218 	 354.115
FHW12239	36.125 	 1.218 	 354.115
FHW12239	36.250 	 1.218 	 354.115
FHW12239	36.375 	 1.218 	 354.115
FHW12239	36.500 	 1.218 	 354.115
FHW12239	36.625 	 1.218 	 354.115
FHW12239	36.750 	 1.218 	 354.115
FHW12239	36.875 	 1.218 	 354.115
FHW12239	37.000 	 1.218 	 354.115
FHW12239	37.125 	 1.218 	 354.115
FHW12239	37.250 	 1.218 	 354.115
FHW12239	37.375 	 1.218 	 354.115
FHW12239	37.500 	 1.218 	 354.115
FHW12239	37.625 	 1.218 	 354.115
FHW12239	37.750 	 1.218 	 354.115
FHW12239	37.875 	 1.218 	 354.115
FHW12239	38.000 	 1.218 	 354.115
FHW12239	38.125 	 1.218 	 354.115
FHW12239	38.250 	 1.218 	 354.115
FHW12239	38.375 	 1.218 	 354.115
FHW12239	38.500 	 1.218 	 354.115
FHW12239	38.625 	 1.218 	 354.115
FHW12239	38.750 	 1.218 	 354.115
FHW12239	38.875 	 1.218 	 354.115
FHW12239	39.000 	 1.218 	 354.115
FHW12239	39.125 	 1.218 	 354.115
FHW12239	39.250 	 1.218 	 354.115
FHW12239	39.375 	 1.218 	 354.115
FHW12239	39.500 	 1.218 	 354.115
FHW12239	39.625 	 1.218 	 354.115
FHW12239	39.750 	 1.218 	 354.115
FHW12239	39.875 	 1.218 	 354.115
FHW12239	40.000 	 1.218 	 354.115
FHW12239	40.125 	 1.218 	 354.115
FHW12239	40.250 	 1.218 	 354.115
FHW12239	40.375 	 1.218 	 354.115
FHW12239	40.500 	 1.218 	 354.115
FHW12239	40.625 	 1.218 	 354.115
FHW12239	40.750 	 1.218 	 354.115
FHW12239	40.875 	 1.218 	 354.115
FHW12239	41.000 	 1.218 	 354.115
FHW12239	41.125 	 1.218 	 354.115
FHW12239	41.250 	 1.218 	 354.115
FHW12239	41.375 	 1.218 	 354.115
FHW12239	41.500 	 1.218 	 354.115
FHW12239	41.625 	 1.218 	 354.115
FHW12239	41.750 	 1.218 	 354.115
FHW12239	41.875 	 1.218 	 354.115
FHW12239	42.000 	 1.218 	 354.115
FHW12239	42.125 	 1.218 	 354.115
FHW12239	42.250 	 1.218 	 354.115
FHW12239	42.375 	 1.218 	 354.115
FHW12239	42.500 	 1.218 	 354.115
FHW12239	42.625 	 1.218 	 354.115
FHW12239	42.750 	 1.218 	 354.115
FHW12239	42.875 	 1.218 	 354.115
FHW12239	43.000 	 1.218 	 354.115
FHW12239	43.125 	 1.218 	 354.115
FHW12239	43.250 	 1.218 	 354.115
FHW12239	43.375 	 1.218 	 354.115
FHW12239	43.500 	 1.218 	 354.115
FHW12239	43.625 	 1.218 	 354.115
FHW12239	43.750 	 1.218 	 354.115
FHW12239	43.875 	 1.218 	 354.115
FHW12239	44.000 	 1.218 	 354.115
FHW12239	44.125 	 1.218 	 354.115
FHW12239	44.250 	 1.218 	 354.115
FHW12239	44.375 	 1.218 	 354.115
FHW12239	44.500 	 1.218 	 354.115
FHW12239	44.625 	 1.218 	 354.115
FHW12239	44.750 	 1.218 	 354.115
FHW12239	44.875 	 1.218 	 354.115
FHW12239	45.000 	 1.218 	 354.115
FHW12239	45.125 	 1.218 	 354.115
FHW12239	45.250 	 1.218 	 354.115
FHW12239	45.375 	 1.218 	 354.115
FHW12239	45.500 	 1.218 	 354.115
FHW12239	45.625 	 1.218 	 354.115
FHW12239	45.750 	 1.218 	 354.115
FHW12239	45.875 	 1.218 	 354.115
FHW12239	46.000 	 1.218 	 354.115
FHW12239	46.125 	 1.218 	 354.115
FHW12239	46.250 	 1.218 	 354.115
FHW12239	46.375 	 1.218 	 354.115
FHW12239	46.500 	 1.218 	 354.115
FHW12239	46.625 	 1.218 	 354.115
FHW12239	46.750 	 1.218 	 354.115
FHW12239	46.875 	 1.218 	 354.115
FHW12239	47.000 	 1.218 	 354.115
FHW12239	47.125 	 1.218 	 354.115
FHW12239	47.250 	 1.218 	 354.115
FHW12239	47.375 	 1.218 	 354.115
FHW12239	47.500 	 1.218 	 354.115
FHW12239	47.625 	 1.218 	 354.115
FHW12239	47.750 	 1.218 	 354.115
FHW12239	47.875 	 1.218 	 354.115
FHW12239	48.000 	 1.218 	 354.115
FHW12239	48.125 	 1.218 	 354.115
FHW12239	48.250 	 1.218 	 354.115
FHW12239	48.375 	 1.218 	 354.115
FHW12239	48.500 	 1.218 	 354.115
FHW12239	48.625 	 1.218 	 354.115
FHW12239	48.750 	 1.218 	 354.115
FHW12239	48.875 	 1.218 	 354.115
FHW12239	49.000 	 1.218 	 354.115
FHW12239	49.125 	 1.218 	 354.115
FHW12239	49.250 	 1.218 	 354.115
FHW12239	49.375 	 1.218 	 354.115
FHW12239	49.500 	 1.218 	 354.115
FHW12239	49.625 	 1.218 	 354.115
FHW12239	49.750 	 1.218 	 354.115
FHW12239	49.875 	 1.218 	 354.115
FHW12239	50.000 	 1.218 	 354.115
FHW12239	50.125 	 1.218 	 354.115
FHW12239	50.250 	 1.218 	 354.115
FHW12239	50.375 	 1.218 	 354.115
FHW12239	50.500 	 1.218 	 354.115
FHW12239	50.625 	 1.218 	 354.115
FHW12239	50.750 	 1.218 	 354.115
FHW12239	50.875 	 1.218 	 354.115
FHW12239	51.000 	 1.218 	 354.115
FHW12239	51.125 	 1.218 	 354.115
FHW12239	51.250 	 1.218 	 354.115
FHW12239	51.375 	 1.218 	 354.115
FHW12239	51.500 	 1.218 	 354.115
FHW12239	51.625 	 1.218 	 354.115
FHW12239	51.750 	 1.218 	 354.115
FHW12239	51.875 	 1.218 	 354.115
FHW12239	52.000 	 1.218 	 354.115
FHW12239	52.125 	 1.218 	 354.115
FHW12239	52.250 	 1.218 	 354.115
FHW12239	52.375 	 1.218 	 354.115
FHW12239	52.500 	 1.218 	 354.115
FHW12239	52.625 	 1.218 	 354.115
FHW12239	52.750 	 1.218 	 354.115
FHW12239	52.875 	 1.218 	 354.115
FHW12239	53.000 	 1.218 	 354.115
FHW12239	53.125 	 3.374 	 350.615
FHW12239	53.250 	 3.374 	 350.615
FHW12239	53.375 	 3.374 	 350.615
FHW12239	53.500 	 3.374 	 350.615
FHW12239	53.625 	 3.374 	 350.615
FHW12239	53.750 	 3.374 	 350.615
FHW12239	53.875 	 3.374 	 350.615
FHW12239	54.000 	 3.374 	 350.615
FHW12239	54.125 	 3.374 	 350.615
FHW12239	54.250 	 3.374 	 350.615
FHW12239	54.375 	 3.374 	 350.615
FHW12239	54.500 	 3.374 	 350.615
FHW12239	54.625 	 3.374 	 350.615
FHW12239	54.750 	 3.374 	 350.615
FHW12239	54.875 	 3.374 	 350.615
FHW12239	55.000 	 3.374 	 350.615
FHW12239	55.125 	 3.374 	 350.615
FHW12239	55.250 	 3.374 	 350.615
FHW12239	55.375 	 3.374 	 350.615
FHW12239	55.500 	 3.374 	 350.615
FHW12239	55.625 	 3.374 	 350.615
FHW12239	55.750 	 3.374 	 350.615
FHW12239	55.875 	 3.374 	 350.615
FHW12239	56.000 	 3.374 	 350.615
FHW12239	56.125 	 3.374 	 350.615
FHW12239	56.250 	 3.374 	 350.615
FHW12239	56.375 	 3.374 	 350.615
FHW12239	56.500 	 3.374 	 350.615
FHW12239	56.625 	 3.374 	 350.615
FHW12239	56.750 	 3.374 	 350.615
FHW12239	56.875 	 3.374 	 350.615
FHW12239	57.000 	 3.374 	 350.615
FHW12239	57.125 	 3.374 	 350.615
FHW12239	57.250 	 3.374 	 350.615
FHW12239	57.375 	 3.374 	 350.615
FHW12239	57.500 	 3.374 	 350.615
FHW12239	57.625 	 3.374 	 350.615
FHW12239	57.750 	 3.374 	 350.615
FHW12239	57.875 	 3.374 	 350.615
FHW12239	58.000 	 3.374 	 350.615
FHW12239	58.125 	 3.374 	 350.615
FHW12239	58.250 	 3.374 	 350.615
FHW12239	58.375 	 3.374 	 350.615
FHW12239	58.500 	 3.374 	 350.615
FHW12239	58.625 	 3.374 	 350.615
FHW12239	58.750 	 3.374 	 350.615
FHW12239	58.875 	 3.374 	 350.615
FHW12239	59.000 	 3.374 	 350.615
FHW12239	59.125 	 3.374 	 350.615
FHW12239	59.250 	 3.374 	 350.615
FHW12239	59.375 	 3.374 	 350.615
FHW12239	59.500 	 3.374 	 350.615
FHW12239	59.625 	 3.374 	 350.615
FHW12239	59.750 	 3.374 	 350.615
FHW12239	59.875 	 3.374 	 350.615
FHW12239	60.000 	 3.374 	 350.615
FHW12239	60.125 	 3.374 	 350.615
FHW12239	60.250 	 3.374 	 350.615
FHW12239	60.375 	 3.374 	 350.615
FHW12239	60.500 	 3.374 	 350.615
FHW12239	60.625 	 3.374 	 350.615
FHW12239	60.750 	 3.374 	 350.615
FHW12239	60.875 	 3.374 	 350.615
FHW12239	61.000 	 3.374 	 350.615
FHW12239	61.125 	 3.374 	 350.615
FHW12239	61.250 	 3.374 	 350.615
FHW12239	61.375 	 3.374 	 350.615
FHW12239	61.500 	 3.374 	 350.615
FHW12239	61.625 	 3.374 	 350.615
FHW12239	61.750 	 4.045 	 353.363
FHW12239	61.875 	 5.491 	 356.955
FHW12239	62.000 	 5.491 	 356.955
FHW12239	62.125 	 5.491 	 356.955
FHW12239	62.250 	 5.491 	 356.955
FHW12239	62.375 	 5.491 	 356.955
FHW12239	62.500 	 5.491 	 356.955
FHW12239	62.625 	 5.491 	 356.955
FHW12239	62.750 	 5.491 	 356.955
FHW12239	62.875 	 5.491 	 356.955
FHW12239	63.000 	 5.491 	 356.955
FHW12239	63.125 	 5.491 	 356.955
FHW12239	63.250 	 5.491 	 356.955
FHW12239	63.375 	 5.491 	 356.955
FHW12239	63.500 	 5.491 	 356.955
FHW12239	63.625 	 5.491 	 356.955
FHW12239	63.750 	 5.491 	 356.955
FHW12239	63.875 	 5.491 	 356.955
FHW12239	64.000 	 5.491 	 356.955
FHW12239	64.125 	 5.491 	 356.955
FHW12239	64.250 	 5.491 	 356.955
FHW12239	64.375 	 5.491 	 356.955
FHW12239	64.500 	 5.491 	 356.955
FHW12239	64.625 	 5.491 	 356.955
FHW12239	64.750 	 5.491 	 356.955
FHW12239	64.875 	 5.490 	 356.955
FHW12239	65.000 	 5.491 	 356.955
FHW12239	65.125 	 5.491 	 356.955
FHW12239	65.250 	 5.491 	 356.955
FHW12239	65.375 	 5.491 	 356.955
FHW12239	65.500 	 5.491 	 356.955
FHW12239	65.625 	 5.491 	 356.955
FHW12239	65.750 	 5.491 	 356.955
FHW12239	65.875 	 5.491 	 356.955
FHW12239	66.000 	 5.491 	 356.955
FHW12239	66.125 	 5.491 	 356.955
FHW12239	66.250 	 5.491 	 356.955
FHW12239	66.375 	 5.491 	 356.955
FHW12239	66.500 	 5.491 	 356.955
FHW12239	66.625 	 5.491 	 356.955
FHW12239	66.750 	 5.491 	 356.955
FHW12239	66.875 	 5.491 	 356.955
FHW12239	67.000 	 5.491 	 356.955
FHW12239	67.125 	 5.491 	 356.955
FHW12239	67.250 	 5.491 	 356.955
FHW12239	67.375 	 5.491 	 356.955
FHW12239	67.500 	 5.491 	 356.955
FHW12239	67.625 	 5.491 	 356.955
FHW12239	67.750 	 5.491 	 356.955
FHW12239	67.875 	 5.491 	 356.955
FHW12239	68.000 	 5.491 	 356.955
FHW12239	68.125 	 5.491 	 356.955
FHW12239	68.250 	 5.491 	 356.955
FHW12239	68.375 	 5.491 	 356.955
FHW12239	68.500 	 5.491 	 356.955
FHW12239	68.625 	 5.491 	 356.955
FHW12239	68.750 	 5.491 	 356.955
FHW12239	68.875 	 5.491 	 356.955
FHW12239	69.000 	 5.491 	 356.955
FHW12239	69.125 	 5.491 	 356.955
FHW12239	69.250 	 5.491 	 356.955
FHW12239	69.375 	 5.491 	 356.955
FHW12239	69.500 	 5.491 	 356.955
FHW12239	69.625 	 5.491 	 356.955
FHW12239	69.750 	 5.491 	 356.955
FHW12239	69.875 	 5.491 	 356.955
FHW12239	70.000 	 5.491 	 356.955
FHW12239	70.125 	 5.491 	 356.955
FHW12239	70.250 	 5.491 	 356.955
FHW12239	70.375 	 5.491 	 356.955
FHW12239	70.500 	 5.491 	 356.955
FHW12239	70.625 	 5.491 	 356.955
FHW12239	70.750 	 5.491 	 356.955
FHW12239	70.875 	 5.995 	 358.885
FHW12239	71.000 	 8.060 	 4.160
FHW12239	71.125 	 8.061 	 4.160
FHW12239	71.250 	 8.061 	 4.160
FHW12239	71.375 	 8.060 	 4.160
FHW12239	71.500 	 8.061 	 4.160
FHW12239	71.625 	 8.060 	 4.160
FHW12239	71.750 	 8.061 	 4.160
FHW12239	71.875 	 8.061 	 4.160
FHW12239	72.000 	 8.060 	 4.160
FHW12239	72.125 	 8.061 	 4.160
FHW12239	72.250 	 8.061 	 4.160
FHW12239	72.375 	 8.060 	 4.160
FHW12239	72.500 	 8.061 	 4.160
FHW12239	72.625 	 8.060 	 4.160
FHW12239	72.750 	 8.061 	 4.160
FHW12239	72.875 	 8.061 	 4.160
FHW12239	73.000 	 8.060 	 4.160
FHW12239	73.125 	 8.061 	 4.160
FHW12239	73.250 	 8.060 	 4.160
FHW12239	73.375 	 8.061 	 4.160
FHW12239	73.500 	 8.061 	 4.160
FHW12239	73.625 	 8.060 	 4.160
FHW12239	73.750 	 8.061 	 4.160
FHW12239	73.875 	 8.061 	 4.160
FHW12239	74.000 	 8.060 	 4.160
FHW12239	74.125 	 8.061 	 4.160
FHW12239	74.250 	 8.060 	 4.160
FHW12239	74.375 	 8.061 	 4.160
FHW12239	74.500 	 8.061 	 4.160
FHW12239	74.625 	 8.060 	 4.160
FHW12239	74.750 	 8.061 	 4.160
FHW12239	74.875 	 8.060 	 4.160
FHW12239	75.000 	 8.061 	 4.160
FHW12239	75.125 	 8.061 	 4.160
FHW12239	75.250 	 8.060 	 4.160
FHW12239	75.375 	 8.061 	 4.160
FHW12239	75.500 	 8.061 	 4.160
FHW12239	75.625 	 8.060 	 4.160
FHW12239	75.750 	 8.061 	 4.160
FHW12239	75.875 	 8.060 	 4.160
FHW12239	76.000 	 8.061 	 4.160
FHW12239	76.125 	 8.061 	 4.160
FHW12239	76.250 	 8.060 	 4.160
FHW12239	76.375 	 8.061 	 4.160
FHW12239	76.500 	 8.060 	 4.160
FHW12239	76.625 	 8.061 	 4.160
FHW12239	76.750 	 8.061 	 4.160
FHW12239	76.875 	 8.060 	 4.160
FHW12239	77.000 	 8.061 	 4.160
FHW12239	77.125 	 8.061 	 4.160
FHW12239	77.250 	 8.060 	 4.160
FHW12239	77.375 	 8.061 	 4.160
FHW12239	77.500 	 8.060 	 4.160
FHW12239	77.625 	 8.061 	 4.160
FHW12239	77.750 	 8.061 	 4.160
FHW12239	77.875 	 8.060 	 4.160
FHW12239	78.000 	 8.061 	 4.160
FHW12239	78.125 	 8.060 	 4.160
FHW12239	78.250 	 8.061 	 4.160
FHW12239	78.375 	 8.061 	 4.160
FHW12239	78.500 	 8.060 	 4.160
FHW12239	78.625 	 8.061 	 4.160
FHW12239	78.750 	 8.061 	 4.160
FHW12239	78.875 	 8.060 	 4.160
FHW12239	79.000 	 8.061 	 4.160
FHW12239	79.125 	 8.060 	 4.160
FHW12239	79.250 	 8.061 	 4.160
FHW12239	79.375 	 8.061 	 4.160
FHW12239	79.500 	 8.060 	 4.160
FHW12239	79.625 	 8.061 	 4.160
FHW12239	79.750 	 8.060 	 4.160
FHW12239	79.875 	 8.061 	 4.160
FHW12239	80.000 	 9.993 	 7.866
FHW12239	80.125 	 11.093 	 9.385
FHW12239	80.250 	 11.093 	 9.385
FHW12239	80.375 	 11.093 	 9.385
FHW12239	80.500 	 11.093 	 9.385
FHW12239	80.625 	 11.093 	 9.385
FHW12239	80.750 	 11.093 	 9.385
FHW12239	80.875 	 11.093 	 9.385
FHW12239	81.000 	 11.093 	 9.385
FHW12239	81.125 	 11.093 	 9.385
FHW12239	81.250 	 11.093 	 9.385
FHW12239	81.375 	 11.093 	 9.385
FHW12239	81.500 	 11.093 	 9.385
FHW12239	81.625 	 11.093 	 9.385
FHW12239	81.750 	 11.093 	 9.385
FHW12239	81.875 	 11.093 	 9.385
FHW12239	82.000 	 11.093 	 9.385
FHW12239	82.125 	 11.093 	 9.385
FHW12239	82.250 	 11.093 	 9.385
FHW12239	82.375 	 11.093 	 9.385
FHW12239	82.500 	 11.093 	 9.385
FHW12239	82.625 	 11.093 	 9.385
FHW12239	82.750 	 11.093 	 9.385
FHW12239	82.875 	 11.093 	 9.385
FHW12239	83.000 	 11.093 	 9.385
FHW12239	83.125 	 11.093 	 9.385
FHW12239	83.250 	 11.093 	 9.385
FHW12239	83.375 	 11.093 	 9.385
FHW12239	83.500 	 11.093 	 9.385
FHW12239	83.625 	 11.093 	 9.385
FHW12239	83.750 	 11.093 	 9.385
FHW12239	83.875 	 11.093 	 9.385
FHW12239	84.000 	 11.093 	 9.385
FHW12239	84.125 	 11.093 	 9.385
FHW12239	84.250 	 11.093 	 9.385
FHW12239	84.375 	 11.093 	 9.385
FHW12239	84.500 	 11.093 	 9.385
FHW12239	84.625 	 11.093 	 9.385
FHW12239	84.750 	 11.093 	 9.385
FHW12239	84.875 	 11.093 	 9.385
FHW12239	85.000 	 11.093 	 9.385
FHW12239	85.125 	 11.093 	 9.385
FHW12239	85.250 	 11.093 	 9.385
FHW12239	85.375 	 11.093 	 9.385
FHW12239	85.500 	 11.093 	 9.385
FHW12239	85.625 	 11.093 	 9.385
FHW12239	85.750 	 11.093 	 9.385
FHW12239	85.875 	 11.093 	 9.385
FHW12239	86.000 	 11.093 	 9.385
FHW12239	86.125 	 11.093 	 9.385
FHW12239	86.250 	 11.093 	 9.385
FHW12239	86.375 	 11.093 	 9.385
FHW12239	86.500 	 11.093 	 9.385
FHW12239	86.625 	 11.093 	 9.385
FHW12239	86.750 	 11.093 	 9.385
FHW12239	86.875 	 11.093 	 9.385
FHW12239	87.000 	 11.093 	 9.385
FHW12239	87.125 	 11.093 	 9.385
FHW12239	87.250 	 11.093 	 9.385
FHW12239	87.375 	 11.093 	 9.385
FHW12239	87.500 	 11.093 	 9.385
FHW12239	87.625 	 11.093 	 9.385
FHW12239	87.750 	 11.093 	 9.385
FHW12239	87.875 	 11.093 	 9.385
FHW12239	88.000 	 11.093 	 9.385
FHW12239	88.125 	 11.093 	 9.385
FHW12239	88.250 	 11.093 	 9.385
FHW12239	88.375 	 11.093 	 9.385
FHW12239	88.500 	 11.093 	 9.385
FHW12239	88.625 	 11.093 	 9.385
FHW12239	88.750 	 11.093 	 9.385
FHW12239	88.875 	 11.093 	 9.385
FHW12239	89.000 	 11.093 	 9.385
FHW12239	89.125 	 12.528 	 11.154
FHW12239	89.250 	 14.368 	 12.900
FHW12239	89.375 	 14.369 	 12.900
FHW12239	89.500 	 14.368 	 12.900
FHW12239	89.625 	 14.368 	 12.900
FHW12239	89.750 	 14.369 	 12.900
FHW12239	89.875 	 14.368 	 12.900
FHW12239	90.000 	 14.369 	 12.900
FHW12239	90.125 	 14.368 	 12.900
FHW12239	90.250 	 14.368 	 12.900
FHW12239	90.375 	 14.369 	 12.900
FHW12239	90.500 	 14.368 	 12.900
FHW12239	90.625 	 14.368 	 12.900
FHW12239	90.750 	 14.369 	 12.900
FHW12239	90.875 	 14.368 	 12.900
FHW12239	91.000 	 14.369 	 12.900
FHW12239	91.125 	 14.368 	 12.900
FHW12239	91.250 	 14.368 	 12.900
FHW12239	91.375 	 14.369 	 12.900
FHW12239	91.500 	 14.368 	 12.900
FHW12239	91.625 	 14.368 	 12.900
FHW12239	91.750 	 14.368 	 12.900
FHW12239	91.875 	 14.368 	 12.900
FHW12239	92.000 	 14.369 	 12.900
FHW12239	92.125 	 14.368 	 12.900
FHW12239	92.250 	 14.369 	 12.900
FHW12239	92.375 	 14.368 	 12.900
FHW12239	92.500 	 14.368 	 12.900
FHW12239	92.625 	 14.368 	 12.900
FHW12239	92.750 	 14.368 	 12.900
FHW12239	92.875 	 14.369 	 12.900
FHW12239	93.000 	 14.368 	 12.900
FHW12239	93.125 	 14.368 	 12.900
FHW12239	93.250 	 14.369 	 12.900
FHW12239	93.375 	 14.368 	 12.900
FHW12239	93.500 	 14.368 	 12.900
FHW12239	93.625 	 14.368 	 12.900
FHW12239	93.750 	 14.368 	 12.900
FHW12239	93.875 	 14.369 	 12.900
FHW12239	94.000 	 14.368 	 12.900
FHW12239	94.125 	 14.368 	 12.900
FHW12239	94.250 	 14.369 	 12.900
FHW12239	94.375 	 14.368 	 12.900
FHW12239	94.500 	 14.368 	 12.900
FHW12239	94.625 	 14.368 	 12.900
FHW12239	94.750 	 14.368 	 12.900
FHW12239	94.875 	 14.369 	 12.900
FHW12239	95.000 	 14.368 	 12.900
FHW12239	95.125 	 14.369 	 12.900
FHW12239	95.250 	 14.368 	 12.900
FHW12239	95.375 	 14.368 	 12.900
FHW12239	95.500 	 14.368 	 12.900
FHW12239	95.625 	 14.368 	 12.900
FHW12239	95.750 	 14.369 	 12.900
FHW12239	95.875 	 14.368 	 12.900
FHW12239	96.000 	 14.368 	 12.900
FHW12239	96.125 	 14.369 	 12.900
FHW12239	96.250 	 14.368 	 12.900
FHW12239	96.375 	 14.368 	 12.900
FHW12239	96.500 	 14.368 	 12.900
FHW12239	96.625 	 14.368 	 12.900
FHW12239	96.750 	 14.369 	 12.900
FHW12239	96.875 	 14.368 	 12.900
FHW12239	97.000 	 14.368 	 12.900
FHW12239	97.125 	 14.369 	 12.900
FHW12239	97.250 	 14.368 	 12.900
FHW12239	97.375 	 14.369 	 12.900
FHW12239	97.500 	 14.368 	 12.900
FHW12239	97.625 	 14.368 	 12.900
FHW12239	97.750 	 14.369 	 12.900
FHW12239	97.875 	 14.368 	 12.900
FHW12239	98.000 	 14.368 	 12.900
FHW12239	98.125 	 14.368 	 12.900
FHW12239	98.250 	 14.368 	 12.900
FHW12239	98.375 	 15.768 	 14.253
FHW12239	98.500 	 17.558 	 15.670
FHW12239	98.625 	 17.559 	 15.670
FHW12239	98.750 	 17.558 	 15.670
FHW12239	98.875 	 17.558 	 15.670
FHW12239	99.000 	 17.559 	 15.670
FHW12239	99.125 	 17.558 	 15.670
FHW12239	99.250 	 17.560 	 15.670
FHW12239	99.375 	 17.558 	 15.670
FHW12239	99.500 	 17.558 	 15.670
FHW12239	99.625 	 17.559 	 15.670
FHW12239	99.750 	 17.558 	 15.670
FHW12239	99.875 	 17.560 	 15.670
FHW12239	100.000 	 17.558 	 15.670
FHW12239	100.125 	 17.558 	 15.670
FHW12239	100.250 	 17.559 	 15.670
FHW12239	100.375 	 17.558 	 15.670
FHW12239	100.500 	 17.560 	 15.670
FHW12239	100.625 	 17.558 	 15.670
FHW12239	100.750 	 17.558 	 15.670
FHW12239	100.875 	 17.560 	 15.670
FHW12239	101.000 	 17.558 	 15.670
FHW12239	101.125 	 17.560 	 15.670
FHW12239	101.250 	 17.558 	 15.670
FHW12239	101.375 	 17.558 	 15.670
FHW12239	101.500 	 17.560 	 15.670
FHW12239	101.625 	 17.558 	 15.670
FHW12239	101.750 	 17.560 	 15.670
FHW12239	101.875 	 17.558 	 15.670
FHW12239	102.000 	 17.558 	 15.670
FHW12239	102.125 	 17.560 	 15.670
FHW12239	102.250 	 17.558 	 15.670
FHW12239	102.375 	 17.558 	 15.670
FHW12239	102.500 	 17.559 	 15.670
FHW12239	102.625 	 17.558 	 15.670
FHW12239	102.750 	 17.560 	 15.670
FHW12239	102.875 	 17.558 	 15.670
FHW12239	103.000 	 17.558 	 15.670
FHW12239	103.125 	 17.559 	 15.670
FHW12239	103.250 	 17.558 	 15.670
FHW12239	103.375 	 17.560 	 15.670
FHW12239	103.500 	 17.558 	 15.670
FHW12239	103.625 	 17.558 	 15.670
FHW12239	103.750 	 17.559 	 15.670
FHW12239	103.875 	 17.558 	 15.670
FHW12239	104.000 	 17.560 	 15.670
FHW12239	104.125 	 17.558 	 15.670
FHW12239	104.250 	 17.558 	 15.670
FHW12239	104.375 	 17.560 	 15.670
FHW12239	104.500 	 17.558 	 15.670
FHW12239	104.625 	 17.560 	 15.670
FHW12239	104.750 	 17.558 	 15.670
FHW12239	104.875 	 17.558 	 15.670
FHW12239	105.000 	 17.560 	 15.670
FHW12239	105.125 	 17.558 	 15.670
FHW12239	105.250 	 17.560 	 15.670
FHW12239	105.375 	 17.558 	 15.670
FHW12239	105.500 	 17.558 	 15.670
FHW12239	105.625 	 17.560 	 15.670
FHW12239	105.750 	 17.558 	 15.670
FHW12239	105.875 	 17.560 	 15.670
FHW12239	106.000 	 17.558 	 15.670
FHW12239	106.125 	 17.558 	 15.670
FHW12239	106.250 	 17.560 	 15.670
FHW12239	106.375 	 17.558 	 15.670
FHW12239	106.500 	 17.560 	 15.670
FHW12239	106.625 	 17.558 	 15.670
FHW12239	106.750 	 17.558 	 15.670
FHW12239	106.875 	 17.560 	 15.670
FHW12239	107.000 	 17.558 	 15.670
FHW12239	107.125 	 17.560 	 15.670
FHW12239	107.250 	 17.558 	 15.670
FHW12239	107.375 	 17.558 	 15.670
FHW12239	107.500 	 20.474 	 17.282
FHW12239	107.625 	 20.595 	 17.340
FHW12239	107.750 	 20.594 	 17.340
FHW12239	107.875 	 20.595 	 17.340
FHW12239	108.000 	 20.595 	 17.340
FHW12239	108.125 	 20.595 	 17.340
FHW12239	108.250 	 20.595 	 17.340
FHW12239	108.375 	 20.594 	 17.340
FHW12239	108.500 	 20.595 	 17.340
FHW12239	108.625 	 20.595 	 17.340
FHW12239	108.750 	 20.595 	 17.340
FHW12239	108.875 	 20.595 	 17.340
FHW12239	109.000 	 20.594 	 17.340
FHW12239	109.125 	 20.595 	 17.340
FHW12239	109.250 	 20.595 	 17.340
FHW12239	109.375 	 20.595 	 17.340
FHW12239	109.500 	 20.594 	 17.340
FHW12239	109.625 	 20.595 	 17.340
FHW12239	109.750 	 20.595 	 17.340
FHW12239	109.875 	 20.595 	 17.340
FHW12239	110.000 	 20.595 	 17.340
FHW12239	110.125 	 20.594 	 17.340
FHW12239	110.250 	 20.595 	 17.340
FHW12239	110.375 	 20.595 	 17.340
FHW12239	110.500 	 20.595 	 17.340
FHW12239	110.625 	 20.595 	 17.340
FHW12239	110.750 	 20.594 	 17.340
FHW12239	110.875 	 20.595 	 17.340
FHW12239	111.000 	 20.595 	 17.340
FHW12239	111.125 	 20.595 	 17.340
FHW12239	111.250 	 20.594 	 17.340
FHW12239	111.375 	 20.595 	 17.340
FHW12239	111.500 	 20.595 	 17.340
FHW12239	111.625 	 20.595 	 17.340
FHW12239	111.750 	 20.595 	 17.340
FHW12239	111.875 	 20.594 	 17.340
FHW12239	112.000 	 20.595 	 17.340
FHW12239	112.125 	 20.595 	 17.340
FHW12239	112.250 	 20.595 	 17.340
FHW12239	112.375 	 20.595 	 17.340
FHW12239	112.500 	 20.594 	 17.340
FHW12239	112.625 	 20.595 	 17.340
FHW12239	112.750 	 20.595 	 17.340
FHW12239	112.875 	 20.595 	 17.340
FHW12239	113.000 	 20.594 	 17.340
FHW12239	113.125 	 20.595 	 17.340
FHW12239	113.250 	 20.595 	 17.340
FHW12239	113.375 	 20.595 	 17.340
FHW12239	113.500 	 20.595 	 17.340
FHW12239	113.625 	 20.594 	 17.340
FHW12239	113.750 	 20.595 	 17.340
FHW12239	113.875 	 20.595 	 17.340
FHW12239	114.000 	 20.595 	 17.340
FHW12239	114.125 	 20.595 	 17.340
FHW12239	114.250 	 20.594 	 17.340
FHW12239	114.375 	 20.595 	 17.340
FHW12239	114.500 	 20.595 	 17.340
FHW12239	114.625 	 20.595 	 17.340
FHW12239	114.750 	 20.594 	 17.340
FHW12239	114.875 	 20.595 	 17.340
FHW12239	115.000 	 20.595 	 17.340
FHW12239	115.125 	 20.595 	 17.340
FHW12239	115.250 	 20.595 	 17.340
FHW12239	115.375 	 20.594 	 17.340
FHW12239	115.500 	 20.595 	 17.340
FHW12239	115.625 	 20.595 	 17.340
FHW12239	115.750 	 20.595 	 17.340
FHW12239	115.875 	 20.595 	 17.340
FHW12239	116.000 	 20.594 	 17.340
FHW12239	116.125 	 23.095 	 17.309
FHW12239	116.250 	 23.885 	 17.300
FHW12239	116.375 	 23.886 	 17.300
FHW12239	116.500 	 23.884 	 17.300
FHW12239	116.625 	 23.886 	 17.300
FHW12239	116.750 	 23.884 	 17.300
FHW12239	116.875 	 23.885 	 17.300
FHW12239	117.000 	 23.886 	 17.300
FHW12239	117.125 	 23.884 	 17.300
FHW12239	117.250 	 23.885 	 17.300
FHW12239	117.375 	 23.886 	 17.300
FHW12239	117.500 	 23.884 	 17.300
FHW12239	117.625 	 23.886 	 17.300
FHW12239	117.750 	 23.884 	 17.300
FHW12239	117.875 	 23.885 	 17.300
FHW12239	118.000 	 23.886 	 17.300
FHW12239	118.125 	 23.884 	 17.300
FHW12239	118.250 	 23.885 	 17.300
FHW12239	118.375 	 23.886 	 17.300
FHW12239	118.500 	 23.884 	 17.300
FHW12239	118.625 	 23.885 	 17.300
FHW12239	118.750 	 23.886 	 17.300
FHW12239	118.875 	 23.884 	 17.300
FHW12239	119.000 	 23.886 	 17.300
FHW12239	119.125 	 23.884 	 17.300
FHW12239	119.250 	 23.885 	 17.300
FHW12239	119.375 	 23.886 	 17.300
FHW12239	119.500 	 23.884 	 17.300
FHW12239	119.625 	 23.885 	 17.300
FHW12239	119.750 	 23.886 	 17.300
FHW12239	119.875 	 23.884 	 17.300
FHW12239	120.000 	 23.885 	 17.300
FHW12239	120.125 	 23.884 	 17.300
FHW12239	120.250 	 23.885 	 17.300
FHW12239	120.375 	 23.886 	 17.300
FHW12239	120.500 	 23.884 	 17.300
FHW12239	120.625 	 23.885 	 17.300
FHW12239	120.750 	 23.886 	 17.300
FHW12239	120.875 	 23.884 	 17.300
FHW12239	121.000 	 23.885 	 17.300
FHW12239	121.125 	 23.884 	 17.300
FHW12239	121.250 	 23.885 	 17.300
FHW12239	121.375 	 23.885 	 17.300
FHW12239	121.500 	 23.884 	 17.300
FHW12239	121.625 	 23.885 	 17.300
FHW12239	121.750 	 23.886 	 17.300
FHW12239	121.875 	 23.884 	 17.300
FHW12239	122.000 	 23.885 	 17.300
FHW12239	122.125 	 23.884 	 17.300
FHW12239	122.250 	 23.885 	 17.300
FHW12239	122.375 	 23.885 	 17.300
FHW12239	122.500 	 23.884 	 17.300
FHW12239	122.625 	 23.885 	 17.300
FHW12239	122.750 	 23.885 	 17.300
FHW12239	122.875 	 23.884 	 17.300
FHW12239	123.000 	 23.885 	 17.300
FHW12239	123.125 	 23.885 	 17.300
FHW12239	123.250 	 23.884 	 17.300
FHW12239	123.375 	 23.886 	 17.300
FHW12239	123.500 	 23.883 	 17.300
FHW12239	123.625 	 23.886 	 17.300
FHW12239	123.750 	 23.886 	 17.300
FHW12239	123.875 	 23.883 	 17.300
FHW12239	124.000 	 23.886 	 17.300
FHW12239	124.125 	 23.886 	 17.300
FHW12239	124.250 	 23.883 	 17.300
FHW12239	124.375 	 23.886 	 17.300
FHW12239	124.500 	 23.884 	 17.300
FHW12239	124.625 	 23.885 	 17.301
FHW12239	124.750 	 23.886 	 17.300
FHW12239	124.875 	 23.884 	 17.300
FHW12239	125.000 	 23.886 	 17.300
FHW12239	125.125 	 23.885 	 17.300
FHW12239	125.250 	 23.884 	 17.300
FHW12239	125.375 	 23.886 	 17.300
FHW12239	125.500 	 23.883 	 17.300
FHW12239	125.625 	 23.886 	 17.300
FHW12239	125.750 	 23.886 	 17.300
FHW12239	125.875 	 23.883 	 17.300
FHW12239	126.000 	 23.886 	 17.300
FHW12239	126.125 	 27.729 	 15.850
FHW12239	126.250 	 27.728 	 15.850
FHW12239	126.375 	 27.729 	 15.850
FHW12239	126.500 	 27.729 	 15.850
FHW12239	126.625 	 27.730 	 15.850
FHW12239	126.750 	 27.727 	 15.850
FHW12239	126.875 	 27.729 	 15.850
FHW12239	127.000 	 27.730 	 15.850
FHW12239	127.125 	 27.729 	 15.850
FHW12239	127.250 	 27.727 	 15.850
FHW12239	127.375 	 27.730 	 15.850
FHW12239	127.500 	 27.729 	 15.850
FHW12239	127.625 	 27.729 	 15.850
FHW12239	127.750 	 27.728 	 15.850
FHW12239	127.875 	 27.729 	 15.850
FHW12239	128.000 	 27.730 	 15.850
FHW12239	128.125 	 27.727 	 15.850
FHW12239	128.250 	 27.729 	 15.850
FHW12239	128.375 	 27.730 	 15.850
FHW12239	128.500 	 27.729 	 15.850
FHW12239	128.625 	 27.727 	 15.850
FHW12239	128.750 	 27.730 	 15.850
FHW12239	128.875 	 27.729 	 15.850
FHW12239	129.000 	 27.729 	 15.850
FHW12239	129.125 	 27.728 	 15.850
FHW12239	129.250 	 27.729 	 15.850
FHW12239	129.375 	 27.729 	 15.850
FHW12239	129.500 	 27.730 	 15.850
FHW12239	129.625 	 27.727 	 15.850
FHW12239	129.750 	 27.729 	 15.850
FHW12239	129.875 	 27.730 	 15.850
FHW12239	130.000 	 27.729 	 15.850
FHW12239	130.125 	 27.727 	 15.850
FHW12239	130.250 	 27.730 	 15.850
FHW12239	130.375 	 27.729 	 15.850
FHW12239	130.500 	 27.727 	 15.850
FHW12239	130.625 	 27.730 	 15.850
FHW12239	130.750 	 27.729 	 15.850
FHW12239	130.875 	 27.729 	 15.850
FHW12239	131.000 	 27.728 	 15.850
FHW12239	131.125 	 27.731 	 15.850
FHW12239	131.250 	 27.727 	 15.850
FHW12239	131.375 	 27.728 	 15.850
FHW12239	131.500 	 27.731 	 15.850
FHW12239	131.625 	 27.727 	 15.850
FHW12239	131.750 	 27.728 	 15.849
FHW12239	131.875 	 27.731 	 15.850
FHW12239	132.000 	 27.728 	 15.850
FHW12239	132.125 	 27.727 	 15.850
FHW12239	132.250 	 27.731 	 15.850
FHW12239	132.375 	 27.728 	 15.849
FHW12239	132.500 	 27.731 	 15.850
FHW12239	132.625 	 27.727 	 15.850
FHW12239	132.750 	 27.728 	 15.850
FHW12239	132.875 	 27.731 	 15.850
FHW12239	133.000 	 27.727 	 15.850
FHW12239	133.125 	 27.728 	 15.850
FHW12239	133.250 	 27.731 	 15.850
FHW12239	133.375 	 27.727 	 15.850
FHW12239	133.500 	 27.731 	 15.850
FHW12239	133.625 	 27.727 	 15.850
FHW12239	133.750 	 27.727 	 15.850
FHW12239	133.875 	 27.731 	 15.850
FHW12239	134.000 	 27.727 	 15.850
FHW12239	134.125 	 27.727 	 15.850
FHW12239	134.250 	 27.731 	 15.849
FHW12239	134.375 	 27.727 	 15.850
FHW12239	134.500 	 27.727 	 15.850
FHW12239	134.625 	 27.731 	 15.850
FHW12239	134.750 	 27.727 	 15.850
FHW12239	134.875 	 27.731 	 15.850
FHW12239	135.000 	 27.728 	 15.850
FHW12239	135.125 	 27.727 	 15.850
FHW12239	135.250 	 27.731 	 15.850
FHW12239	135.375 	 29.804 	 14.831
FHW12239	135.500 	 31.730 	 14.000
FHW12239	135.625 	 31.729 	 14.000
FHW12239	135.750 	 31.730 	 14.000
FHW12239	135.875 	 31.730 	 14.000
FHW12239	136.000 	 31.726 	 14.000
FHW12239	136.125 	 31.729 	 14.000
FHW12239	136.250 	 31.730 	 14.000
FHW12239	136.375 	 31.730 	 14.000
FHW12239	136.500 	 31.726 	 14.000
FHW12239	136.625 	 31.730 	 14.000
FHW12239	136.750 	 31.729 	 14.000
FHW12239	136.875 	 31.730 	 14.000
FHW12239	137.000 	 31.730 	 14.000
FHW12239	137.125 	 31.726 	 14.000
FHW12239	137.250 	 31.730 	 14.000
FHW12239	137.375 	 31.729 	 14.000
FHW12239	137.500 	 31.730 	 14.000
FHW12239	137.625 	 31.730 	 14.000
FHW12239	137.750 	 31.726 	 14.000
FHW12239	137.875 	 31.730 	 14.000
FHW12239	138.000 	 31.729 	 14.000
FHW12239	138.125 	 31.730 	 14.000
FHW12239	138.250 	 31.726 	 14.000
FHW12239	138.375 	 31.730 	 14.000
FHW12239	138.500 	 31.729 	 14.000
FHW12239	138.625 	 31.730 	 14.000
FHW12239	138.750 	 31.730 	 14.000
FHW12239	138.875 	 31.726 	 14.000
FHW12239	139.000 	 31.730 	 14.000
FHW12239	139.125 	 31.729 	 14.000
FHW12239	139.250 	 31.730 	 14.000
FHW12239	139.375 	 31.730 	 14.000
FHW12239	139.500 	 31.726 	 14.000
FHW12239	139.625 	 31.730 	 14.000
FHW12239	139.750 	 31.729 	 14.000
FHW12239	139.875 	 31.730 	 14.000
FHW12239	140.000 	 31.726 	 14.000
FHW12239	140.125 	 31.730 	 14.000
FHW12239	140.250 	 31.729 	 14.000
FHW12239	140.375 	 31.730 	 14.000
FHW12239	140.500 	 31.730 	 14.000
FHW12239	140.625 	 31.726 	 14.000
FHW12239	140.750 	 31.730 	 14.000
FHW12239	140.875 	 31.729 	 14.000
FHW12239	141.000 	 31.730 	 14.000
FHW12239	141.125 	 31.726 	 14.000
FHW12239	141.250 	 31.730 	 14.000
FHW12239	141.375 	 31.730 	 14.000
FHW12239	141.500 	 31.729 	 14.000
FHW12239	141.625 	 31.730 	 14.000
FHW12239	141.750 	 31.726 	 14.000
FHW12239	141.875 	 31.730 	 14.000
FHW12239	142.000 	 31.730 	 14.000
FHW12239	142.125 	 31.729 	 14.000
FHW12239	142.250 	 31.730 	 14.000
FHW12239	142.375 	 31.726 	 14.000
FHW12239	142.500 	 31.730 	 14.000
FHW12239	142.625 	 31.729 	 14.000
FHW12239	142.750 	 31.730 	 14.000
FHW12239	142.875 	 31.726 	 14.000
FHW12239	143.000 	 31.730 	 14.000
FHW12239	143.125 	 31.730 	 14.000
FHW12239	143.250 	 31.729 	 14.000
FHW12239	143.375 	 31.730 	 14.000
FHW12239	143.500 	 31.726 	 14.000
FHW12239	143.625 	 31.730 	 14.000
FHW12239	143.750 	 31.730 	 14.000
FHW12239	143.875 	 31.729 	 14.000
FHW12239	144.000 	 31.730 	 14.000
FHW12239	144.125 	 31.726 	 14.000
FHW12239	144.250 	 31.730 	 14.000
FHW12239	144.375 	 31.729 	 14.000
FHW12239	144.500 	 31.730 	 14.000
FHW12239	144.625 	 34.193 	 12.955
FHW12239	144.750 	 35.837 	 12.330
FHW12239	144.875 	 35.841 	 12.330
FHW12239	145.000 	 35.840 	 12.330
FHW12239	145.125 	 35.837 	 12.330
FHW12239	145.250 	 35.841 	 12.330
FHW12239	145.375 	 35.837 	 12.330
FHW12239	145.500 	 35.841 	 12.330
FHW12239	145.625 	 35.841 	 12.330
FHW12239	145.750 	 35.837 	 12.330
FHW12239	145.875 	 35.841 	 12.330
FHW12239	146.000 	 35.840 	 12.331
FHW12239	146.125 	 35.837 	 12.330
FHW12239	146.250 	 35.841 	 12.330
FHW12239	146.375 	 35.841 	 12.330
FHW12239	146.500 	 35.837 	 12.330
FHW12239	146.625 	 35.841 	 12.330
FHW12239	146.750 	 35.841 	 12.330
FHW12239	146.875 	 35.837 	 12.330
FHW12239	147.000 	 35.841 	 12.330
FHW12239	147.125 	 35.840 	 12.331
FHW12239	147.250 	 35.837 	 12.330
FHW12239	147.375 	 35.841 	 12.330
FHW12239	147.500 	 35.841 	 12.330
FHW12239	147.625 	 35.837 	 12.330
FHW12239	147.750 	 35.841 	 12.330
FHW12239	147.875 	 35.841 	 12.330
FHW12239	148.000 	 35.837 	 12.330
FHW12239	148.125 	 35.840 	 12.331
FHW12239	148.250 	 35.837 	 12.330
FHW12239	148.375 	 35.841 	 12.330
FHW12239	148.500 	 35.841 	 12.330
FHW12239	148.625 	 35.837 	 12.330
FHW12239	148.750 	 35.841 	 12.330
FHW12239	148.875 	 35.841 	 12.330
FHW12239	149.000 	 35.837 	 12.330
FHW12239	149.125 	 35.840 	 12.330
FHW12239	149.250 	 35.841 	 12.330
FHW12239	149.375 	 35.837 	 12.330
FHW12239	149.500 	 35.841 	 12.330
FHW12239	149.625 	 35.841 	 12.330
FHW12239	149.750 	 35.837 	 12.330
FHW12239	149.875 	 35.841 	 12.330
FHW12239	150.000 	 35.841 	 12.330
FHW12239	150.125 	 35.837 	 12.330
FHW12239	150.250 	 35.840 	 12.330
FHW12239	150.375 	 35.841 	 12.330
FHW12239	150.500 	 35.837 	 12.330
FHW12239	150.625 	 35.841 	 12.330
FHW12239	150.750 	 35.837 	 12.330
FHW12239	150.875 	 35.841 	 12.330
FHW12239	151.000 	 35.841 	 12.330
FHW12239	151.125 	 35.837 	 12.330
FHW12239	151.250 	 35.840 	 12.330
FHW12239	151.375 	 35.841 	 12.330
FHW12239	151.500 	 35.837 	 12.330
FHW12239	151.625 	 35.841 	 12.330
FHW12239	151.750 	 35.841 	 12.330
FHW12239	151.875 	 35.837 	 12.330
FHW12239	152.000 	 35.841 	 12.330
FHW12239	152.125 	 35.841 	 12.330
FHW12239	152.250 	 35.836 	 12.330
FHW12239	152.375 	 35.841 	 12.330
FHW12239	152.500 	 35.841 	 12.330
FHW12239	152.625 	 35.837 	 12.330
FHW12239	152.750 	 35.841 	 12.330
FHW12239	152.875 	 35.841 	 12.330
FHW12239	153.000 	 35.837 	 12.330
FHW12239	153.125 	 35.841 	 12.330
FHW12239	153.250 	 35.841 	 12.330
FHW12239	153.375 	 35.836 	 12.330
FHW12239	153.500 	 35.841 	 12.330
FHW12239	153.625 	 35.837 	 12.330
FHW12239	153.750 	 35.841 	 12.330
FHW12239	153.875 	 37.069 	 11.894
FHW12239	154.000 	 40.245 	 10.880
FHW12239	154.125 	 40.245 	 10.880
FHW12239	154.250 	 40.246 	 10.880
FHW12239	154.375 	 40.245 	 10.880
FHW12239	154.500 	 40.241 	 10.880
FHW12239	154.625 	 40.245 	 10.880
FHW12239	154.750 	 40.245 	 10.880
FHW12239	154.875 	 40.245 	 10.880
FHW12239	155.000 	 40.241 	 10.880
FHW12239	155.125 	 40.245 	 10.880
FHW12239	155.250 	 40.246 	 10.880
FHW12239	155.375 	 40.246 	 10.880
FHW12239	155.500 	 40.240 	 10.880
FHW12239	155.625 	 40.246 	 10.880
FHW12239	155.750 	 40.245 	 10.880
FHW12239	155.875 	 40.246 	 10.880
FHW12239	156.000 	 40.246 	 10.880
FHW12239	156.125 	 40.240 	 10.880
FHW12239	156.250 	 40.246 	 10.880
FHW12239	156.375 	 40.245 	 10.881
FHW12239	156.500 	 40.246 	 10.880
FHW12239	156.625 	 40.240 	 10.880
FHW12239	156.750 	 40.246 	 10.880
FHW12239	156.875 	 40.246 	 10.880
FHW12239	157.000 	 40.245 	 10.880
FHW12239	157.125 	 40.246 	 10.880
FHW12239	157.250 	 40.240 	 10.880
FHW12239	157.375 	 40.246 	 10.880
FHW12239	157.500 	 40.246 	 10.880
FHW12239	157.625 	 40.245 	 10.880
FHW12239	157.750 	 40.241 	 10.880
FHW12239	157.875 	 40.245 	 10.880
FHW12239	158.000 	 40.246 	 10.880
FHW12239	158.125 	 40.245 	 10.880
FHW12239	158.250 	 40.241 	 10.880
FHW12239	158.375 	 40.246 	 10.880
FHW12239	158.500 	 40.245 	 10.880
FHW12239	158.625 	 40.246 	 10.880
FHW12239	158.750 	 40.245 	 10.880
FHW12239	158.875 	 40.241 	 10.880
FHW12239	159.000 	 40.246 	 10.880
FHW12239	159.125 	 40.245 	 10.880
FHW12239	159.250 	 40.246 	 10.880
FHW12239	159.375 	 40.240 	 10.880
FHW12239	159.500 	 40.246 	 10.880
FHW12239	159.625 	 40.246 	 10.880
FHW12239	159.750 	 40.245 	 10.880
FHW12239	159.875 	 40.241 	 10.880
FHW12239	160.000 	 40.245 	 10.880
FHW12239	160.125 	 40.246 	 10.880
FHW12239	160.250 	 40.245 	 10.880
FHW12239	160.375 	 40.246 	 10.880
FHW12239	160.500 	 40.241 	 10.880
FHW12239	160.625 	 40.245 	 10.880
FHW12239	160.750 	 40.246 	 10.880
FHW12239	160.875 	 40.245 	 10.880
FHW12239	161.000 	 40.241 	 10.880
FHW12239	161.125 	 40.246 	 10.880
FHW12239	161.250 	 40.245 	 10.880
FHW12239	161.375 	 40.246 	 10.880
FHW12239	161.500 	 40.245 	 10.880
FHW12239	161.625 	 40.241 	 10.880
FHW12239	161.750 	 40.246 	 10.880
FHW12239	161.875 	 40.245 	 10.880
FHW12239	162.000 	 40.246 	 10.880
FHW12239	162.125 	 40.240 	 10.880
FHW12239	162.250 	 40.246 	 10.880
FHW12239	162.375 	 40.245 	 10.880
FHW12239	162.500 	 40.246 	 10.880
FHW12239	162.625 	 40.241 	 10.880
FHW12239	162.750 	 40.245 	 10.880
FHW12239	162.875 	 40.246 	 10.880
FHW12239	163.000 	 40.245 	 10.880
FHW12239	163.125 	 40.246 	 10.880
FHW12239	163.250 	 43.508 	 10.007
FHW12239	163.375 	 44.776 	 9.695
FHW12239	163.500 	 44.782 	 9.694
FHW12239	163.625 	 44.781 	 9.695
FHW12239	163.750 	 44.777 	 9.694
FHW12239	163.875 	 44.781 	 9.695
FHW12239	164.000 	 44.782 	 9.695
FHW12239	164.125 	 44.781 	 9.695
FHW12239	164.250 	 44.776 	 9.695
FHW12239	164.375 	 44.782 	 9.695
FHW12239	164.500 	 44.781 	 9.695
FHW12239	164.625 	 44.777 	 9.695
FHW12239	164.750 	 44.781 	 9.695
FHW12239	164.875 	 44.782 	 9.695
FHW12239	165.000 	 44.781 	 9.695
FHW12239	165.125 	 44.777 	 9.694
FHW12239	165.250 	 44.781 	 9.695
FHW12239	165.375 	 44.781 	 9.695
FHW12239	165.500 	 44.777 	 9.694
FHW12239	165.625 	 44.781 	 9.695
FHW12239	165.750 	 44.782 	 9.694
FHW12239	165.875 	 44.776 	 9.695
FHW12239	166.000 	 44.782 	 9.695
FHW12239	166.125 	 44.781 	 9.695
FHW12239	166.250 	 44.781 	 9.695
FHW12239	166.375 	 44.777 	 9.695
FHW12239	166.500 	 44.781 	 9.695
FHW12239	166.625 	 44.782 	 9.695
FHW12239	166.750 	 44.776 	 9.695
FHW12239	166.875 	 44.782 	 9.695
FHW12239	167.000 	 44.781 	 9.695
FHW12239	167.125 	 44.781 	 9.695
FHW12239	167.250 	 44.777 	 9.695
FHW12239	167.375 	 44.781 	 9.695
FHW12239	167.500 	 44.782 	 9.695
FHW12239	167.625 	 44.776 	 9.695
FHW12239	167.750 	 44.782 	 9.694
FHW12239	167.875 	 44.781 	 9.695
FHW12239	168.000 	 44.781 	 9.695
FHW12239	168.125 	 44.777 	 9.694
FHW12239	168.250 	 44.781 	 9.695
FHW12239	168.375 	 44.782 	 9.694
FHW12239	168.500 	 44.776 	 9.695
FHW12239	168.625 	 44.782 	 9.695
FHW12239	168.750 	 44.781 	 9.695
FHW12239	168.875 	 44.776 	 9.695
FHW12239	169.000 	 44.782 	 9.695
FHW12239	169.125 	 44.781 	 9.695
FHW12239	169.250 	 44.782 	 9.695
FHW12239	169.375 	 44.776 	 9.695
FHW12239	169.500 	 44.782 	 9.695
FHW12239	169.625 	 44.781 	 9.695
FHW12239	169.750 	 44.776 	 9.695
FHW12239	169.875 	 44.782 	 9.695
FHW12239	170.000 	 44.781 	 9.695
FHW12239	170.125 	 44.782 	 9.694
FHW12239	170.250 	 44.776 	 9.695
FHW12239	170.375 	 44.782 	 9.694
FHW12239	170.500 	 44.781 	 9.695
FHW12239	170.625 	 44.777 	 9.695
FHW12239	170.750 	 44.781 	 9.695
FHW12239	170.875 	 44.781 	 9.695
FHW12239	171.000 	 44.782 	 9.695
FHW12239	171.125 	 44.776 	 9.695
FHW12239	171.250 	 44.782 	 9.695
FHW12239	171.375 	 44.781 	 9.695
FHW12239	171.500 	 44.777 	 9.695
FHW12239	171.625 	 44.781 	 9.695
FHW12239	171.750 	 44.781 	 9.695
FHW12239	171.875 	 44.777 	 9.695
FHW12239	172.000 	 44.781 	 9.695
FHW12239	172.125 	 44.782 	 9.694
FHW12239	172.250 	 44.781 	 9.695
FHW12239	172.375 	 44.777 	 9.694
FHW12239	172.500 	 44.781 	 9.695
FHW12239	172.625 	 49.305 	 8.995
FHW12239	172.750 	 49.306 	 8.995
FHW12239	172.875 	 49.305 	 8.995
FHW12239	173.000 	 49.306 	 8.995
FHW12239	173.125 	 49.305 	 8.995
FHW12239	173.250 	 49.306 	 8.995
FHW12239	173.375 	 49.299 	 8.995
FHW12239	173.500 	 49.306 	 8.995
FHW12239	173.625 	 49.305 	 8.995
FHW12239	173.750 	 49.306 	 8.995
FHW12239	173.875 	 49.305 	 8.995
FHW12239	174.000 	 49.306 	 8.995
FHW12239	174.125 	 49.305 	 8.995
FHW12239	174.250 	 49.306 	 8.995
FHW12239	174.375 	 49.305 	 8.995
FHW12239	174.500 	 49.306 	 8.995
FHW12239	174.625 	 49.305 	 8.995
FHW12239	174.750 	 49.306 	 8.995
FHW12239	174.875 	 49.305 	 8.995
FHW12239	175.000 	 49.301 	 8.995
FHW12239	175.125 	 49.305 	 8.995
FHW12239	175.250 	 49.306 	 8.995
FHW12239	175.375 	 49.305 	 8.995
FHW12239	175.500 	 49.306 	 8.995
FHW12239	175.625 	 49.305 	 8.995
FHW12239	175.750 	 49.306 	 8.995
FHW12239	175.875 	 49.305 	 8.995
FHW12239	176.000 	 49.306 	 8.995
FHW12239	176.125 	 49.305 	 8.995
FHW12239	176.250 	 49.306 	 8.995
FHW12239	176.375 	 49.305 	 8.995
FHW12239	176.500 	 49.306 	 8.995
FHW12239	176.625 	 49.305 	 8.995
FHW12239	176.750 	 49.301 	 8.995
FHW12239	176.875 	 49.305 	 8.995
FHW12239	177.000 	 49.306 	 8.995
FHW12239	177.125 	 49.305 	 8.995
FHW12239	177.250 	 49.306 	 8.995
FHW12239	177.375 	 49.305 	 8.995
FHW12239	177.500 	 49.306 	 8.995
FHW12239	177.625 	 49.305 	 8.995
FHW12239	177.750 	 49.306 	 8.995
FHW12239	177.875 	 49.305 	 8.995
FHW12239	178.000 	 49.306 	 8.995
FHW12239	178.125 	 49.305 	 8.995
FHW12239	178.250 	 49.306 	 8.995
FHW12239	178.375 	 49.299 	 8.995
FHW12239	178.500 	 49.306 	 8.995
FHW12239	178.625 	 49.305 	 8.995
FHW12239	178.750 	 49.306 	 8.995
FHW12239	178.875 	 49.305 	 8.995
FHW12239	179.000 	 49.306 	 8.995
FHW12239	179.125 	 49.305 	 8.995
FHW12239	179.250 	 49.306 	 8.995
FHW12239	179.375 	 49.305 	 8.995
FHW12239	179.500 	 49.306 	 8.995
FHW12239	179.625 	 49.305 	 8.995
FHW12239	179.750 	 49.306 	 8.995
FHW12239	179.875 	 49.305 	 8.995
FHW12239	180.000 	 49.301 	 8.995
FHW12239	180.125 	 49.305 	 8.995
FHW12239	180.250 	 49.306 	 8.995
FHW12239	180.375 	 49.305 	 8.995
FHW12239	180.500 	 49.306 	 8.995
FHW12239	180.625 	 49.305 	 8.995
FHW12239	180.750 	 49.306 	 8.995
FHW12239	180.875 	 49.305 	 8.995
FHW12239	181.000 	 49.306 	 8.995
FHW12239	181.125 	 49.305 	 8.995
FHW12239	181.250 	 49.306 	 8.995
FHW12239	181.375 	 49.305 	 8.995
FHW12239	181.500 	 49.306 	 8.995
FHW12239	181.625 	 49.305 	 8.995
FHW12239	181.750 	 50.380 	 8.917
FHW12239	181.875 	 53.799 	 8.685
FHW12239	182.000 	 53.800 	 8.685
FHW12239	182.125 	 53.799 	 8.685
FHW12239	182.250 	 53.800 	 8.685
FHW12239	182.375 	 53.800 	 8.685
FHW12239	182.500 	 53.799 	 8.685
FHW12239	182.625 	 53.800 	 8.685
FHW12239	182.750 	 53.799 	 8.685
FHW12239	182.875 	 53.800 	 8.685
FHW12239	183.000 	 53.800 	 8.685
FHW12239	183.125 	 53.799 	 8.685
FHW12239	183.250 	 53.800 	 8.685
FHW12239	183.375 	 53.799 	 8.685
FHW12239	183.500 	 53.800 	 8.685
FHW12239	183.625 	 53.800 	 8.685
FHW12239	183.750 	 53.799 	 8.685
FHW12239	183.875 	 53.800 	 8.685
FHW12239	184.000 	 53.799 	 8.685
FHW12239	184.125 	 53.800 	 8.685
FHW12239	184.250 	 53.800 	 8.685
FHW12239	184.375 	 53.799 	 8.685
FHW12239	184.500 	 53.800 	 8.685
FHW12239	184.625 	 53.799 	 8.685
FHW12239	184.750 	 53.800 	 8.685
FHW12239	184.875 	 53.800 	 8.685
FHW12239	185.000 	 53.799 	 8.685
FHW12239	185.125 	 53.800 	 8.685
FHW12239	185.250 	 53.799 	 8.686
FHW12239	185.375 	 53.800 	 8.685
FHW12239	185.500 	 53.800 	 8.685
FHW12239	185.625 	 53.799 	 8.685
FHW12239	185.750 	 53.800 	 8.685
FHW12239	185.875 	 53.799 	 8.686
FHW12239	186.000 	 53.800 	 8.685
FHW12239	186.125 	 53.800 	 8.685
FHW12239	186.250 	 53.799 	 8.685
FHW12239	186.375 	 53.800 	 8.685
FHW12239	186.500 	 53.799 	 8.686
FHW12239	186.625 	 53.800 	 8.685
FHW12239	186.750 	 53.800 	 8.685
FHW12239	186.875 	 53.799 	 8.685
FHW12239	187.000 	 53.800 	 8.685
FHW12239	187.125 	 53.799 	 8.686
FHW12239	187.250 	 53.800 	 8.685
FHW12239	187.375 	 53.800 	 8.685
FHW12239	187.500 	 53.799 	 8.686
FHW12239	187.625 	 53.800 	 8.685
FHW12239	187.750 	 53.799 	 8.686
FHW12239	187.875 	 53.800 	 8.685
FHW12239	188.000 	 53.800 	 8.685
FHW12239	188.125 	 53.799 	 8.686
FHW12239	188.250 	 53.800 	 8.685
FHW12239	188.375 	 53.799 	 8.686
FHW12239	188.500 	 53.800 	 8.685
FHW12239	188.625 	 53.800 	 8.685
FHW12239	188.750 	 53.799 	 8.686
FHW12239	188.875 	 53.800 	 8.685
FHW12239	189.000 	 53.799 	 8.686
FHW12239	189.125 	 53.795 	 8.685
FHW12239	189.250 	 53.800 	 8.685
FHW12239	189.375 	 53.799 	 8.686
FHW12239	189.500 	 53.800 	 8.685
FHW12239	189.625 	 53.799 	 8.685
FHW12239	189.750 	 53.800 	 8.685
FHW12239	189.875 	 53.800 	 8.685
FHW12239	190.000 	 53.799 	 8.686
FHW12239	190.125 	 53.800 	 8.685
FHW12239	190.250 	 53.799 	 8.685
FHW12239	190.375 	 53.800 	 8.685
FHW12239	190.500 	 53.800 	 8.685
FHW12239	190.625 	 53.799 	 8.686
FHW12239	190.750 	 53.800 	 8.685
FHW12239	190.875 	 53.984 	 8.707
FHW12239	191.000 	 58.344 	 9.210
FHW12239	191.125 	 58.345 	 9.210
FHW12239	191.250 	 58.344 	 9.210
FHW12239	191.375 	 58.344 	 9.211
FHW12239	191.500 	 58.344 	 9.210
FHW12239	191.625 	 58.345 	 9.210
FHW12239	191.750 	 58.344 	 9.210
FHW12239	191.875 	 58.344 	 9.210
FHW12239	192.000 	 58.345 	 9.210
FHW12239	192.125 	 58.344 	 9.210
FHW12239	192.250 	 58.344 	 9.210
FHW12239	192.375 	 58.344 	 9.210
FHW12239	192.500 	 58.345 	 9.210
FHW12239	192.625 	 58.344 	 9.210
FHW12239	192.750 	 58.344 	 9.210
FHW12239	192.875 	 58.344 	 9.210
FHW12239	193.000 	 58.339 	 9.210
FHW12239	193.125 	 58.344 	 9.211
FHW12239	193.250 	 58.344 	 9.210
FHW12239	193.375 	 58.345 	 9.210
FHW12239	193.500 	 58.344 	 9.210
FHW12239	193.625 	 58.344 	 9.210
FHW12239	193.750 	 58.344 	 9.211
FHW12239	193.875 	 58.345 	 9.210
FHW12239	194.000 	 58.344 	 9.210
FHW12239	194.125 	 58.344 	 9.210
FHW12239	194.250 	 58.344 	 9.211
FHW12239	194.375 	 58.345 	 9.210
FHW12239	194.500 	 58.344 	 9.210
FHW12239	194.625 	 58.344 	 9.210
FHW12239	194.750 	 58.345 	 9.210
FHW12239	194.875 	 58.344 	 9.211
FHW12239	195.000 	 58.344 	 9.210
FHW12239	195.125 	 58.344 	 9.210
FHW12239	195.250 	 58.345 	 9.210
FHW12239	195.375 	 58.344 	 9.210
FHW12239	195.500 	 58.344 	 9.211
FHW12239	195.625 	 58.344 	 9.210
FHW12239	195.750 	 58.345 	 9.210
FHW12239	195.875 	 58.344 	 9.210
FHW12239	196.000 	 58.344 	 9.210
FHW12239	196.125 	 58.345 	 9.210
FHW12239	196.250 	 58.344 	 9.210
FHW12239	196.375 	 58.344 	 9.210
FHW12239	196.500 	 58.344 	 9.210
FHW12239	196.625 	 58.345 	 9.210
FHW12239	196.750 	 58.344 	 9.210
FHW12239	196.875 	 58.344 	 9.210
FHW12239	197.000 	 58.344 	 9.210
FHW12239	197.125 	 58.345 	 9.210
FHW12239	197.250 	 58.344 	 9.211
FHW12239	197.375 	 58.344 	 9.210
FHW12239	197.500 	 58.345 	 9.210
FHW12239	197.625 	 58.344 	 9.210
FHW12239	197.750 	 58.344 	 9.210
FHW12239	197.875 	 58.344 	 9.211
FHW12239	198.000 	 58.339 	 9.210
FHW12239	198.125 	 58.344 	 9.210
FHW12239	198.250 	 58.345 	 9.210
FHW12239	198.375 	 58.343 	 9.211
FHW12239	198.500 	 58.345 	 9.210
FHW12239	198.625 	 58.345 	 9.210
FHW12239	198.750 	 58.343 	 9.210
FHW12239	198.875 	 58.345 	 9.210
FHW12239	199.000 	 58.343 	 9.211
FHW12239	199.125 	 58.345 	 9.210
FHW12239	199.250 	 58.345 	 9.210
FHW12239	199.375 	 58.343 	 9.210
FHW12239	199.500 	 58.345 	 9.210
FHW12239	199.625 	 58.345 	 9.210
FHW12239	199.750 	 58.343 	 9.210
FHW12239	199.875 	 58.345 	 9.210
FHW12239	200.000 	 58.345 	 9.210
FHW12239	200.125 	 58.343 	 9.211
FHW12239	200.250 	 60.545 	 9.662
FHW12239	200.375 	 62.936 	 10.130
FHW12239	200.500 	 62.938 	 10.130
FHW12239	200.625 	 62.930 	 10.130
FHW12239	200.750 	 62.938 	 10.130
FHW12239	200.875 	 62.930 	 10.131
FHW12239	201.000 	 62.938 	 10.130
FHW12239	201.125 	 62.936 	 10.130
FHW12239	201.250 	 62.932 	 10.130
FHW12239	201.375 	 62.936 	 10.130
FHW12239	201.500 	 62.938 	 10.130
FHW12239	201.625 	 62.930 	 10.130
FHW12239	201.750 	 62.938 	 10.130
FHW12239	201.875 	 62.930 	 10.130
FHW12239	202.000 	 62.938 	 10.130
FHW12239	202.125 	 62.936 	 10.130
FHW12239	202.250 	 62.932 	 10.130
FHW12239	202.375 	 62.936 	 10.130
FHW12239	202.500 	 62.938 	 10.130
FHW12239	202.625 	 62.930 	 10.130
FHW12239	202.750 	 62.938 	 10.130
FHW12239	202.875 	 62.930 	 10.130
FHW12239	203.000 	 62.938 	 10.130
FHW12239	203.125 	 62.936 	 10.130
FHW12239	203.250 	 62.932 	 10.130
FHW12239	203.375 	 62.936 	 10.130
FHW12239	203.500 	 62.932 	 10.130
FHW12239	203.625 	 62.937 	 10.131
FHW12239	203.750 	 62.938 	 10.130
FHW12239	203.875 	 62.930 	 10.130
FHW12239	204.000 	 62.938 	 10.130
FHW12239	204.125 	 62.936 	 10.130
FHW12239	204.250 	 62.932 	 10.130
FHW12239	204.375 	 62.937 	 10.131
FHW12239	204.500 	 62.932 	 10.130
FHW12239	204.625 	 62.936 	 10.130
FHW12239	204.750 	 62.938 	 10.130
FHW12239	204.875 	 62.930 	 10.130
FHW12239	205.000 	 62.938 	 10.130
FHW12239	205.125 	 62.930 	 10.130
FHW12239	205.250 	 62.938 	 10.130
FHW12239	205.375 	 62.936 	 10.130
FHW12239	205.500 	 62.932 	 10.130
FHW12239	205.625 	 62.936 	 10.130
FHW12239	205.750 	 62.938 	 10.130
FHW12239	205.875 	 62.930 	 10.130
FHW12239	206.000 	 62.938 	 10.130
FHW12239	206.125 	 62.930 	 10.130
FHW12239	206.250 	 62.938 	 10.130
FHW12239	206.375 	 62.936 	 10.130
FHW12239	206.500 	 62.932 	 10.130
FHW12239	206.625 	 62.936 	 10.130
FHW12239	206.750 	 62.932 	 10.130
FHW12239	206.875 	 62.936 	 10.130
FHW12239	207.000 	 62.938 	 10.130
FHW12239	207.125 	 62.930 	 10.131
FHW12239	207.250 	 62.938 	 10.130
FHW12239	207.375 	 62.936 	 10.130
FHW12239	207.500 	 62.932 	 10.130
FHW12239	207.625 	 62.936 	 10.130
FHW12239	207.750 	 62.932 	 10.130
FHW12239	207.875 	 62.938 	 10.130
FHW12239	208.000 	 62.936 	 10.130
FHW12239	208.125 	 62.932 	 10.130
FHW12239	208.250 	 62.936 	 10.130
FHW12239	208.375 	 62.938 	 10.130
FHW12239	208.500 	 62.930 	 10.131
FHW12239	208.625 	 62.938 	 10.130
FHW12239	208.750 	 62.930 	 10.130
FHW12239	208.875 	 62.938 	 10.130
FHW12239	209.000 	 62.936 	 10.130
FHW12239	209.125 	 62.932 	 10.130
FHW12239	209.250 	 62.937 	 10.131
FHW12239	209.375 	 62.932 	 10.130
FHW12239	209.500 	 63.253 	 10.195
FHW12239	209.625 	 66.934 	 10.920
FHW12239	209.750 	 66.941 	 10.920
FHW12239	209.875 	 66.934 	 10.920
FHW12239	210.000 	 66.934 	 10.920
FHW12239	210.125 	 66.934 	 10.920
FHW12239	210.250 	 66.934 	 10.920
FHW12239	210.375 	 66.934 	 10.920
FHW12239	210.500 	 66.934 	 10.920
FHW12239	210.625 	 66.933 	 10.920
FHW12239	210.750 	 66.934 	 10.920
FHW12239	210.875 	 66.934 	 10.920
FHW12239	211.000 	 66.934 	 10.920
FHW12239	211.125 	 66.934 	 10.920
FHW12239	211.250 	 66.934 	 10.920
FHW12239	211.375 	 66.934 	 10.920
FHW12239	211.500 	 66.934 	 10.920
FHW12239	211.625 	 66.934 	 10.920
FHW12239	211.750 	 66.934 	 10.920
FHW12239	211.875 	 66.934 	 10.920
FHW12239	212.000 	 66.940 	 10.921
FHW12239	212.125 	 66.934 	 10.920
FHW12239	212.250 	 66.934 	 10.920
FHW12239	212.375 	 66.934 	 10.920
FHW12239	212.500 	 66.934 	 10.920
FHW12239	212.625 	 66.934 	 10.920
FHW12239	212.750 	 66.934 	 10.920
FHW12239	212.875 	 66.934 	 10.920
FHW12239	213.000 	 66.934 	 10.920
FHW12239	213.125 	 66.934 	 10.920
FHW12239	213.250 	 66.934 	 10.920
FHW12239	213.375 	 66.934 	 10.920
FHW12239	213.500 	 66.933 	 10.920
FHW12239	213.625 	 66.934 	 10.920
FHW12239	213.750 	 66.934 	 10.920
FHW12239	213.875 	 66.934 	 10.920
FHW12239	214.000 	 66.934 	 10.920
FHW12239	214.125 	 66.934 	 10.920
FHW12239	214.250 	 66.941 	 10.920
FHW12239	214.375 	 66.934 	 10.920
FHW12239	214.500 	 66.934 	 10.920
FHW12239	214.625 	 66.934 	 10.920
FHW12239	214.750 	 66.934 	 10.920
FHW12239	214.875 	 66.933 	 10.920
FHW12239	215.000 	 66.934 	 10.920
FHW12239	215.125 	 66.934 	 10.920
FHW12239	215.250 	 66.934 	 10.920
FHW12239	215.375 	 66.934 	 10.920
FHW12239	215.500 	 66.934 	 10.920
FHW12239	215.625 	 66.934 	 10.920
FHW12239	215.750 	 66.934 	 10.920
FHW12239	215.875 	 66.934 	 10.920
FHW12239	216.000 	 66.934 	 10.920
FHW12239	216.125 	 66.934 	 10.920
FHW12239	216.250 	 66.934 	 10.920
FHW12239	216.375 	 66.940 	 10.921
FHW12239	216.500 	 66.934 	 10.920
FHW12239	216.625 	 66.934 	 10.920
FHW12239	216.750 	 66.934 	 10.920
FHW12239	216.875 	 66.934 	 10.920
FHW12239	217.000 	 66.934 	 10.920
FHW12239	217.125 	 66.934 	 10.920
FHW12239	217.250 	 66.934 	 10.920
FHW12239	217.375 	 66.934 	 10.920
FHW12239	217.500 	 66.934 	 10.920
FHW12239	217.625 	 66.934 	 10.920
FHW12239	217.750 	 66.933 	 10.920
FHW12239	217.875 	 66.934 	 10.920
FHW12239	218.000 	 66.934 	 10.920
FHW12239	218.125 	 66.934 	 10.920
FHW12239	218.250 	 66.934 	 10.920
FHW12239	218.375 	 66.934 	 10.920
FHW12239	218.500 	 66.934 	 10.920
FHW12239	218.625 	 66.941 	 10.920
FHW12239	218.750 	 66.934 	 10.920
FHW12239	218.875 	 68.883 	 11.487
FHW12239	219.000 	 69.052 	 11.534
FHW12239	219.125 	 69.057 	 11.535
FHW12239	219.250 	 69.057 	 11.535
FHW12239	219.375 	 69.051 	 11.535
FHW12239	219.500 	 69.058 	 11.534
FHW12239	219.625 	 69.057 	 11.535
FHW12239	219.750 	 69.051 	 11.535
FHW12239	219.875 	 69.057 	 11.535
FHW12239	220.000 	 69.057 	 11.535
FHW12239	220.125 	 69.052 	 11.534
FHW12239	220.250 	 69.057 	 11.535
FHW12239	220.375 	 69.057 	 11.535
FHW12239	220.500 	 69.051 	 11.535
FHW12239	220.625 	 69.057 	 11.535
FHW12239	220.750 	 69.058 	 11.534
FHW12239	220.875 	 69.051 	 11.535
FHW12239	221.000 	 69.057 	 11.535
FHW12239	221.125 	 70.718 	 11.890
FHW12239	221.250 	 70.724 	 11.890
FHW12239	221.375 	 70.718 	 11.891
FHW12239	221.500 	 70.718 	 11.890
FHW12239	221.625 	 70.724 	 11.890
FHW12239	221.750 	 70.718 	 11.890
FHW12239	221.875 	 70.718 	 11.891
FHW12239	222.000 	 70.724 	 11.890
FHW12239	222.125 	 70.718 	 11.890
FHW12239	222.250 	 70.718 	 11.890
FHW12239	222.375 	 70.724 	 11.891
FHW12239	222.500 	 70.719 	 11.889
FHW12239	222.625 	 70.718 	 11.890
FHW12239	222.750 	 70.724 	 11.890
FHW12239	222.875 	 70.718 	 11.891
FHW12239	223.000 	 70.718 	 11.890
FHW12239	223.125 	 70.724 	 11.890
FHW12239	223.250 	 70.718 	 11.890
FHW12239	223.375 	 70.718 	 11.891
FHW12239	223.500 	 70.724 	 11.890
FHW12239	223.625 	 70.718 	 11.890
FHW12239	223.750 	 70.718 	 11.890
FHW12239	223.875 	 70.724 	 11.891
FHW12239	224.000 	 70.718 	 11.890
FHW12239	224.125 	 70.718 	 11.890
FHW12239	224.250 	 70.724 	 11.890
FHW12239	224.375 	 70.718 	 11.891
FHW12239	224.500 	 70.718 	 11.890
FHW12239	224.625 	 70.724 	 11.890
FHW12239	224.750 	 70.718 	 11.890
FHW12239	224.875 	 70.718 	 11.890
FHW12239	225.000 	 70.724 	 11.891
FHW12239	225.125 	 70.718 	 11.890
FHW12239	225.250 	 70.718 	 11.890
FHW12239	225.375 	 70.724 	 11.890
FHW12239	225.500 	 70.719 	 11.890
FHW12239	225.625 	 70.718 	 11.890
FHW12239	225.750 	 70.724 	 11.890
FHW12239	225.875 	 70.718 	 11.890
FHW12239	226.000 	 70.718 	 11.891
FHW12239	226.125 	 70.724 	 11.890
FHW12239	226.250 	 70.718 	 11.890
FHW12239	226.375 	 70.718 	 11.890
FHW12239	226.500 	 70.724 	 11.891
FHW12239	226.625 	 70.718 	 11.890
FHW12239	226.750 	 70.718 	 11.890
FHW12239	226.875 	 70.724 	 11.890
FHW12239	227.000 	 70.718 	 11.891
FHW12239	227.125 	 70.718 	 11.890
FHW12239	227.250 	 70.724 	 11.890
FHW12239	227.375 	 70.718 	 11.890
FHW12239	227.500 	 70.718 	 11.891
FHW12239	227.625 	 70.724 	 11.890
FHW12239	227.750 	 70.718 	 11.890
FHW12239	227.875 	 70.724 	 11.890
FHW12239	228.000 	 70.718 	 11.890
FHW12239	228.125 	 73.636 	 12.004
FHW12239	228.250 	 74.185 	 12.025
FHW12239	228.375 	 74.193 	 12.025
FHW12239	228.500 	 74.192 	 12.025
FHW12239	228.625 	 74.185 	 12.025
FHW12239	228.750 	 74.193 	 12.024
FHW12239	228.875 	 74.192 	 12.025
FHW12239	229.000 	 74.186 	 12.025
FHW12239	229.125 	 74.192 	 12.025
FHW12239	229.250 	 74.193 	 12.025
FHW12239	229.375 	 74.185 	 12.025
FHW12239	229.500 	 74.193 	 12.025
FHW12239	229.625 	 74.192 	 12.025
FHW12239	229.750 	 74.185 	 12.025
FHW12239	229.875 	 74.193 	 12.024
FHW12239	230.000 	 74.192 	 12.025
FHW12239	230.125 	 74.186 	 12.025
FHW12239	230.250 	 74.192 	 12.025
FHW12239	230.375 	 74.193 	 12.025
FHW12239	230.500 	 74.185 	 12.025
FHW12239	230.625 	 74.193 	 12.025
FHW12239	230.750 	 74.192 	 12.025
FHW12239	230.875 	 74.185 	 12.025
FHW12239	231.000 	 74.193 	 12.024
FHW12239	231.125 	 74.192 	 12.025
FHW12239	231.250 	 74.186 	 12.025
FHW12239	231.375 	 74.192 	 12.025
FHW12239	231.500 	 74.193 	 12.025
FHW12239	231.625 	 74.185 	 12.025
FHW12239	231.750 	 74.193 	 12.025
FHW12239	231.875 	 74.192 	 12.025
FHW12239	232.000 	 74.186 	 12.025
FHW12239	232.125 	 74.192 	 12.025
FHW12239	232.250 	 74.192 	 12.025
FHW12239	232.375 	 74.186 	 12.025
FHW12239	232.500 	 74.192 	 12.025
FHW12239	232.625 	 74.193 	 12.025
FHW12239	232.750 	 74.185 	 12.025
FHW12239	232.875 	 74.193 	 12.025
FHW12239	233.000 	 74.192 	 12.025
FHW12239	233.125 	 74.186 	 12.025
FHW12239	233.250 	 74.192 	 12.025
FHW12239	233.375 	 74.192 	 12.025
FHW12239	233.500 	 74.186 	 12.025
FHW12239	233.625 	 74.192 	 12.025
FHW12239	233.750 	 74.186 	 12.025
FHW12239	233.875 	 74.192 	 12.025
FHW12239	234.000 	 74.193 	 12.025
FHW12239	234.125 	 74.185 	 12.025
FHW12239	234.250 	 74.193 	 12.025
FHW12239	234.375 	 74.192 	 12.025
FHW12239	234.500 	 74.185 	 12.025
FHW12239	234.625 	 74.193 	 12.025
FHW12239	234.750 	 74.192 	 12.025
FHW12239	234.875 	 74.186 	 12.025
FHW12239	235.000 	 74.192 	 12.025
FHW12239	235.125 	 74.193 	 12.025
FHW12239	235.250 	 74.185 	 12.025
FHW12239	235.375 	 74.193 	 12.025
FHW12239	235.500 	 74.192 	 12.025
FHW12239	235.625 	 74.186 	 12.024
FHW12239	235.750 	 74.192 	 12.025
FHW12239	235.875 	 74.192 	 12.025
FHW12239	236.000 	 74.186 	 12.025
FHW12239	236.125 	 74.192 	 12.025
FHW12239	236.250 	 74.193 	 12.025
FHW12239	236.375 	 74.185 	 12.025
FHW12239	236.500 	 74.193 	 12.025
FHW12239	236.625 	 74.192 	 12.025
FHW12239	236.750 	 74.186 	 12.024
FHW12239	236.875 	 74.192 	 12.025
FHW12239	237.000 	 74.192 	 12.025
FHW12239	237.125 	 74.186 	 12.025
FHW12239	237.250 	 74.192 	 12.025
FHW12239	237.375 	 76.596 	 11.932
FHW12239	237.500 	 78.812 	 11.851
FHW12239	237.625 	 78.819 	 11.849
FHW12239	237.750 	 78.812 	 11.850
FHW12239	237.875 	 78.819 	 11.850
FHW12239	238.000 	 78.812 	 11.849
FHW12239	238.125 	 78.812 	 11.850
FHW12239	238.250 	 78.819 	 11.850
FHW12239	238.375 	 78.812 	 11.850
FHW12239	238.500 	 78.819 	 11.849
FHW12239	238.625 	 78.812 	 11.849
FHW12239	238.750 	 78.812 	 11.851
FHW12239	238.875 	 78.819 	 11.849
FHW12239	239.000 	 78.812 	 11.850
FHW12239	239.125 	 78.819 	 11.850
FHW12239	239.250 	 78.812 	 11.849
FHW12239	239.375 	 78.812 	 11.850
FHW12239	239.500 	 78.819 	 11.850
FHW12239	239.625 	 78.812 	 11.849
FHW12239	239.750 	 78.819 	 11.850
FHW12239	239.875 	 78.812 	 11.850
FHW12239	240.000 	 78.812 	 11.850
FHW12239	240.125 	 78.819 	 11.849
FHW12239	240.250 	 78.812 	 11.849
FHW12239	240.375 	 78.819 	 11.851
FHW12239	240.500 	 78.812 	 11.849
FHW12239	240.625 	 78.812 	 11.850
FHW12239	240.750 	 78.819 	 11.850
FHW12239	240.875 	 78.812 	 11.849
FHW12239	241.000 	 78.819 	 11.850
FHW12239	241.125 	 78.812 	 11.850
FHW12239	241.250 	 78.812 	 11.850
FHW12239	241.375 	 78.819 	 11.849
FHW12239	241.500 	 78.812 	 11.850
FHW12239	241.625 	 78.819 	 11.850
FHW12239	241.750 	 78.812 	 11.849
FHW12239	241.875 	 78.812 	 11.850
FHW12239	242.000 	 78.819 	 11.850
FHW12239	242.125 	 78.812 	 11.849
FHW12239	242.250 	 78.819 	 11.850
FHW12239	242.375 	 78.812 	 11.850
FHW12239	242.500 	 78.812 	 11.850
FHW12239	242.625 	 78.819 	 11.849
FHW12239	242.750 	 78.812 	 11.850
FHW12239	242.875 	 78.819 	 11.850
FHW12239	243.000 	 78.812 	 11.849
FHW12239	243.125 	 78.819 	 11.850
FHW12239	243.250 	 78.812 	 11.850
FHW12239	243.375 	 78.812 	 11.849
FHW12239	243.500 	 78.819 	 11.850
FHW12239	243.625 	 78.812 	 11.850
FHW12239	243.750 	 78.819 	 11.850
FHW12239	243.875 	 78.812 	 11.849
FHW12239	244.000 	 78.812 	 11.850
FHW12239	244.125 	 78.819 	 11.850
FHW12239	244.250 	 78.812 	 11.849
FHW12239	244.375 	 78.819 	 11.851
FHW12239	244.500 	 78.812 	 11.849
FHW12239	244.625 	 78.812 	 11.849
FHW12239	244.750 	 78.819 	 11.850
FHW12239	244.875 	 78.812 	 11.850
FHW12239	245.000 	 78.819 	 11.849
FHW12239	245.125 	 78.812 	 11.850
FHW12239	245.250 	 78.812 	 11.850
FHW12239	245.375 	 78.819 	 11.850
FHW12239	245.500 	 78.812 	 11.849
FHW12239	245.625 	 78.819 	 11.850
FHW12239	245.750 	 78.812 	 11.850
FHW12239	245.875 	 78.812 	 11.849
FHW12239	246.000 	 78.819 	 11.851
FHW12239	246.125 	 78.812 	 11.849
FHW12239	246.250 	 78.819 	 11.849
FHW12239	246.375 	 78.812 	 11.850
FHW12239	246.500 	 78.812 	 11.850
FHW12239	246.625 	 78.819 	 11.850
FHW12239	246.750 	 82.128 	 11.756
FHW12239	246.875 	 83.417 	 11.720
FHW12239	247.000 	 83.410 	 11.720
FHW12239	247.125 	 83.416 	 11.721
FHW12239	247.250 	 83.417 	 11.720
FHW12239	247.375 	 83.417 	 11.720
FHW12239	247.500 	 83.416 	 11.720
FHW12239	247.625 	 83.410 	 11.720
FHW12239	247.750 	 83.417 	 11.720
FHW12239	247.875 	 83.417 	 11.720
FHW12239	248.000 	 83.416 	 11.720
FHW12239	248.125 	 83.417 	 11.720
FHW12239	248.250 	 83.410 	 11.720
FHW12239	248.375 	 83.417 	 11.720
FHW12239	248.500 	 83.416 	 11.720
FHW12239	248.625 	 83.417 	 11.720
FHW12239	248.750 	 83.410 	 11.720
FHW12239	248.875 	 83.416 	 11.720
FHW12239	249.000 	 83.417 	 11.720
FHW12239	249.125 	 83.417 	 11.720
FHW12239	249.250 	 83.417 	 11.720
FHW12239	249.375 	 83.409 	 11.720
FHW12239	249.500 	 83.417 	 11.720
FHW12239	249.625 	 83.417 	 11.720
FHW12239	249.750 	 83.417 	 11.720
FHW12239	249.875 	 83.416 	 11.720
FHW12239	250.000 	 83.410 	 11.720
FHW12239	250.125 	 83.417 	 11.720
FHW12239	250.250 	 83.416 	 11.721
FHW12239	250.375 	 83.417 	 11.720
FHW12239	250.500 	 83.417 	 11.720
FHW12239	250.625 	 83.410 	 11.720
FHW12239	250.750 	 83.416 	 11.721
FHW12239	250.875 	 83.417 	 11.720
FHW12239	251.000 	 83.417 	 11.720
FHW12239	251.125 	 83.416 	 11.720
FHW12239	251.250 	 83.410 	 11.720
FHW12239	251.375 	 83.417 	 11.720
FHW12239	251.500 	 83.417 	 11.720
FHW12239	251.625 	 83.416 	 11.720
FHW12239	251.750 	 83.410 	 11.720
FHW12239	251.875 	 83.417 	 11.720
FHW12239	252.000 	 83.417 	 11.720
FHW12239	252.125 	 83.416 	 11.720
FHW12239	252.250 	 83.417 	 11.720
FHW12239	252.375 	 83.410 	 11.720
FHW12239	252.500 	 83.416 	 11.720
FHW12239	252.625 	 83.417 	 11.720
FHW12239	252.750 	 83.417 	 11.720
FHW12239	252.875 	 83.417 	 11.720
FHW12239	253.000 	 83.409 	 11.720
FHW12239	253.125 	 83.417 	 11.720
FHW12239	253.250 	 83.417 	 11.720
FHW12239	253.375 	 83.417 	 11.720
FHW12239	253.500 	 83.416 	 11.720
FHW12239	253.625 	 83.410 	 11.720
FHW12239	253.750 	 83.417 	 11.720
FHW12239	253.875 	 83.416 	 11.720
FHW12239	254.000 	 83.417 	 11.720
FHW12239	254.125 	 83.417 	 11.720
FHW12239	254.250 	 83.410 	 11.720
FHW12239	254.375 	 83.416 	 11.721
FHW12239	254.500 	 83.417 	 11.720
FHW12239	254.625 	 83.417 	 11.720
FHW12239	254.750 	 83.410 	 11.720
FHW12239	254.875 	 83.416 	 11.721
FHW12239	255.000 	 83.417 	 11.720
FHW12239	255.125 	 83.417 	 11.720
FHW12239	255.250 	 83.416 	 11.720
FHW12239	255.375 	 83.410 	 11.720
FHW12239	255.500 	 83.417 	 11.720
FHW12239	255.625 	 83.417 	 11.720
FHW12239	255.750 	 83.416 	 11.720
FHW12239	255.875 	 83.417 	 11.720
FHW12239	256.000 	 87.208 	 11.378
FHW12239	256.125 	 87.369 	 11.365
FHW12239	256.250 	 87.376 	 11.365
FHW12239	256.375 	 87.369 	 11.364
FHW12239	256.500 	 87.369 	 11.365
FHW12239	256.625 	 87.369 	 11.365
FHW12239	256.750 	 87.369 	 11.365
FHW12239	256.875 	 87.369 	 11.365
FHW12239	257.000 	 87.376 	 11.365
FHW12239	257.125 	 87.369 	 11.365
FHW12239	257.250 	 87.369 	 11.365
FHW12239	257.375 	 87.369 	 11.365
FHW12239	257.500 	 87.369 	 11.365
FHW12239	257.625 	 87.369 	 11.365
FHW12239	257.750 	 87.376 	 11.365
FHW12239	257.875 	 87.369 	 11.365
FHW12239	258.000 	 87.369 	 11.365
FHW12239	258.125 	 87.369 	 11.364
FHW12239	258.250 	 87.369 	 11.365
FHW12239	258.375 	 87.369 	 11.365
FHW12239	258.500 	 87.376 	 11.365
FHW12239	258.625 	 87.369 	 11.365
FHW12239	258.750 	 87.369 	 11.365
FHW12239	258.875 	 87.369 	 11.365
FHW12239	259.000 	 87.369 	 11.365
FHW12239	259.125 	 87.369 	 11.365
FHW12239	259.250 	 87.376 	 11.365
FHW12239	259.375 	 87.369 	 11.365
FHW12239	259.500 	 87.369 	 11.365
FHW12239	259.625 	 87.369 	 11.365
FHW12239	259.750 	 87.369 	 11.365
FHW12239	259.875 	 87.369 	 11.365
FHW12239	260.000 	 87.376 	 11.365
FHW12239	260.125 	 87.369 	 11.365
FHW12239	260.250 	 87.369 	 11.365
FHW12239	260.375 	 87.369 	 11.365
FHW12239	260.500 	 87.369 	 11.365
FHW12239	260.625 	 87.369 	 11.365
FHW12239	260.750 	 87.376 	 11.365
FHW12239	260.875 	 87.369 	 11.365
FHW12239	261.000 	 87.369 	 11.365
FHW12239	261.125 	 87.369 	 11.365
FHW12239	261.250 	 87.369 	 11.365
FHW12239	261.375 	 87.369 	 11.365
FHW12239	261.500 	 87.376 	 11.365
FHW12239	261.625 	 87.369 	 11.365
FHW12239	261.750 	 87.369 	 11.365
FHW12239	261.875 	 87.369 	 11.365
FHW12239	262.000 	 87.369 	 11.365
FHW12239	262.125 	 87.369 	 11.365
FHW12239	262.250 	 87.376 	 11.365
FHW12239	262.375 	 87.369 	 11.365
FHW12239	262.500 	 87.369 	 11.365
FHW12239	262.625 	 87.369 	 11.365
FHW12239	262.750 	 87.369 	 11.365
FHW12239	262.875 	 87.369 	 11.365
FHW12239	263.000 	 87.376 	 11.365
FHW12239	263.125 	 87.369 	 11.365
FHW12239	263.250 	 87.369 	 11.365
FHW12239	263.375 	 87.369 	 11.365
FHW12239	263.500 	 87.369 	 11.365
FHW12239	263.625 	 87.369 	 11.365
FHW12239	263.750 	 87.376 	 11.365
FHW12239	263.875 	 87.369 	 11.365
FHW12239	264.000 	 87.369 	 11.365
FHW12239	264.125 	 87.369 	 11.365
FHW12239	264.250 	 87.369 	 11.365
FHW12239	264.375 	 87.369 	 11.365
FHW12239	264.500 	 87.376 	 11.365
FHW12239	264.625 	 87.369 	 11.365
FHW12239	264.750 	 87.369 	 11.365
FHW12239	264.875 	 87.369 	 11.365
FHW12239	265.000 	 87.369 	 11.365
FHW12239	265.125 	 89.370 	 10.890
FHW12239	265.250 	 90.700 	 10.575
FHW12239	265.375 	 90.699 	 10.575
FHW12239	265.500 	 90.700 	 10.575
FHW12239	265.625 	 90.700 	 10.575
FHW12239	265.750 	 90.700 	 10.575
FHW12239	265.875 	 90.699 	 10.575
FHW12239	266.000 	 90.707 	 10.575
FHW12239	266.125 	 90.700 	 10.575
FHW12239	266.250 	 90.699 	 10.575
FHW12239	266.375 	 90.700 	 10.575
FHW12239	266.500 	 90.700 	 10.575
FHW12239	266.625 	 90.700 	 10.575
FHW12239	266.750 	 90.700 	 10.575
FHW12239	266.875 	 90.699 	 10.574
FHW12239	267.000 	 90.700 	 10.575
FHW12239	267.125 	 90.700 	 10.575
FHW12239	267.250 	 90.700 	 10.575
FHW12239	267.375 	 90.700 	 10.575
FHW12239	267.500 	 90.700 	 10.575
FHW12239	267.625 	 90.699 	 10.574
FHW12239	267.750 	 90.700 	 10.575
FHW12239	267.875 	 90.707 	 10.575
FHW12239	268.000 	 90.700 	 10.575
FHW12239	268.125 	 90.700 	 10.575
FHW12239	268.250 	 90.700 	 10.575
FHW12239	268.375 	 90.700 	 10.575
FHW12239	268.500 	 90.699 	 10.574
FHW12239	268.625 	 90.700 	 10.575
FHW12239	268.750 	 90.700 	 10.575
FHW12239	268.875 	 90.700 	 10.575
FHW12239	269.000 	 90.700 	 10.575
FHW12239	269.125 	 90.700 	 10.575
FHW12239	269.250 	 90.699 	 10.574
FHW12239	269.375 	 90.700 	 10.575
FHW12239	269.500 	 90.700 	 10.575
FHW12239	269.625 	 90.707 	 10.575
FHW12239	269.750 	 90.700 	 10.575
FHW12239	269.875 	 90.700 	 10.575
FHW12239	270.000 	 90.700 	 10.575
FHW12239	270.125 	 90.699 	 10.574
FHW12239	270.250 	 90.700 	 10.575
FHW12239	270.375 	 90.700 	 10.575
FHW12239	270.500 	 90.700 	 10.575
FHW12239	270.625 	 90.700 	 10.575
FHW12239	270.750 	 90.700 	 10.575
FHW12239	270.875 	 90.700 	 10.575
FHW12239	271.000 	 90.699 	 10.573
FHW12239	271.125 	 90.700 	 10.575
FHW12239	271.250 	 90.700 	 10.575
FHW12239	271.375 	 90.700 	 10.575
FHW12239	271.500 	 90.707 	 10.575
FHW12239	271.625 	 90.700 	 10.575
FHW12239	271.750 	 90.699 	 10.574
FHW12239	271.875 	 90.700 	 10.575
FHW12239	272.000 	 90.700 	 10.575
FHW12239	272.125 	 90.700 	 10.575
FHW12239	272.250 	 90.700 	 10.575
FHW12239	272.375 	 90.700 	 10.575
FHW12239	272.500 	 90.700 	 10.575
FHW12239	272.625 	 90.699 	 10.573
FHW12239	272.750 	 90.700 	 10.575
FHW12239	272.875 	 90.700 	 10.575
FHW12239	273.000 	 90.700 	 10.575
FHW12239	273.125 	 90.700 	 10.575
FHW12239	273.250 	 90.700 	 10.575
FHW12239	273.375 	 90.706 	 10.574
FHW12239	273.500 	 90.700 	 10.575
FHW12239	273.625 	 90.700 	 10.575
FHW12239	273.750 	 90.700 	 10.575
FHW12239	273.875 	 90.700 	 10.575
FHW12239	274.000 	 90.700 	 10.575
FHW12239	274.125 	 90.700 	 10.575
FHW12239	274.250 	 93.452 	 10.289
FHW12239	274.375 	 94.525 	 10.181
FHW12239	274.500 	 94.524 	 10.180
FHW12239	274.625 	 94.531 	 10.180
FHW12239	274.750 	 94.524 	 10.179
FHW12239	274.875 	 94.524 	 10.180
FHW12239	275.000 	 94.525 	 10.181
FHW12239	275.125 	 94.524 	 10.180
FHW12239	275.250 	 94.524 	 10.180
FHW12239	275.375 	 94.524 	 10.179
FHW12239	275.500 	 94.531 	 10.180
FHW12239	275.625 	 94.525 	 10.181
FHW12239	275.750 	 94.524 	 10.180
FHW12239	275.875 	 94.524 	 10.180
FHW12239	276.000 	 94.524 	 10.179
FHW12239	276.125 	 94.524 	 10.180
FHW12239	276.250 	 94.525 	 10.181
FHW12239	276.375 	 94.524 	 10.180
FHW12239	276.500 	 94.531 	 10.180
FHW12239	276.625 	 94.524 	 10.179
FHW12239	276.750 	 94.524 	 10.180
FHW12239	276.875 	 94.525 	 10.181
FHW12239	277.000 	 94.524 	 10.180
FHW12239	277.125 	 94.524 	 10.180
FHW12239	277.250 	 94.524 	 10.179
FHW12239	277.375 	 94.531 	 10.180
FHW12239	277.500 	 94.525 	 10.181
FHW12239	277.625 	 94.524 	 10.180
FHW12239	277.750 	 94.524 	 10.180
FHW12239	277.875 	 94.524 	 10.179
FHW12239	278.000 	 94.524 	 10.180
FHW12239	278.125 	 94.525 	 10.181
FHW12239	278.250 	 94.531 	 10.180
FHW12239	278.375 	 94.524 	 10.180
FHW12239	278.500 	 94.524 	 10.179
FHW12239	278.625 	 94.524 	 10.180
FHW12239	278.750 	 94.524 	 10.180
FHW12239	278.875 	 94.525 	 10.181
FHW12239	279.000 	 94.524 	 10.179
FHW12239	279.125 	 94.524 	 10.180
FHW12239	279.250 	 94.531 	 10.180
FHW12239	279.375 	 94.524 	 10.180
FHW12239	279.500 	 94.525 	 10.181
FHW12239	279.625 	 94.524 	 10.179
FHW12239	279.750 	 94.524 	 10.180
FHW12239	279.875 	 94.524 	 10.180
FHW12239	280.000 	 94.524 	 10.180
FHW12239	280.125 	 94.531 	 10.181
FHW12239	280.250 	 94.524 	 10.179
FHW12239	280.375 	 94.524 	 10.180
FHW12239	280.500 	 94.524 	 10.180
FHW12239	280.625 	 94.524 	 10.180
FHW12239	280.750 	 94.525 	 10.181
FHW12239	280.875 	 94.524 	 10.179
FHW12239	281.000 	 94.531 	 10.180
FHW12239	281.125 	 94.524 	 10.180
FHW12239	281.250 	 94.524 	 10.180
FHW12239	281.375 	 94.525 	 10.181
FHW12239	281.500 	 94.524 	 10.179
FHW12239	281.625 	 94.524 	 10.180
FHW12239	281.750 	 94.524 	 10.180
FHW12239	281.875 	 94.524 	 10.180
FHW12239	282.000 	 94.531 	 10.181
FHW12239	282.125 	 94.524 	 10.179
FHW12239	282.250 	 94.524 	 10.180
FHW12239	282.375 	 94.524 	 10.180
FHW12239	282.500 	 94.524 	 10.180
FHW12239	282.625 	 94.525 	 10.181
FHW12239	282.750 	 94.524 	 10.179
FHW12239	282.875 	 94.531 	 10.180
FHW12239	283.000 	 94.524 	 10.180
FHW12239	283.125 	 94.524 	 10.180
FHW12239	283.250 	 94.525 	 10.181
FHW12239	283.375 	 96.083 	 9.712
FHW12239	283.500 	 96.575 	 9.565
FHW12239	283.625 	 96.576 	 9.566
FHW12239	283.750 	 96.575 	 9.565
FHW12239	283.875 	 96.575 	 9.564
FHW12239	284.000 	 96.575 	 9.565
FHW12239	284.125 	 96.576 	 9.566
FHW12239	284.250 	 96.575 	 9.565
FHW12239	284.375 	 96.575 	 9.565
FHW12239	284.500 	 96.575 	 9.565
FHW12239	284.625 	 96.576 	 9.566
FHW12239	284.750 	 96.575 	 9.565
FHW12239	284.875 	 96.575 	 9.565
FHW12239	285.000 	 96.575 	 9.565
FHW12239	285.125 	 96.576 	 9.566
FHW12239	285.250 	 96.575 	 9.565
FHW12239	285.375 	 96.575 	 9.565
FHW12239	285.500 	 96.576 	 9.566
FHW12239	285.625 	 96.575 	 9.564
FHW12239	285.750 	 96.575 	 9.565
FHW12239	285.875 	 96.575 	 9.565
FHW12239	286.000 	 96.576 	 9.566
FHW12239	286.125 	 96.575 	 9.565
FHW12239	286.250 	 96.575 	 9.565
FHW12239	286.375 	 96.575 	 9.565
FHW12239	286.500 	 96.576 	 9.566
FHW12239	286.625 	 96.575 	 9.565
FHW12239	286.750 	 96.575 	 9.565
FHW12239	286.875 	 96.575 	 9.565
FHW12239	287.000 	 96.576 	 9.566
FHW12239	287.125 	 96.575 	 9.565
FHW12239	287.250 	 96.575 	 9.565
FHW12239	287.375 	 96.575 	 9.565
FHW12239	287.500 	 96.576 	 9.565
FHW12239	287.625 	 96.575 	 9.565
FHW12239	287.750 	 96.575 	 9.565
FHW12239	287.875 	 96.575 	 9.565
FHW12239	288.000 	 96.576 	 9.566
FHW12239	288.125 	 96.575 	 9.565
FHW12239	288.250 	 96.575 	 9.565
FHW12239	288.375 	 96.575 	 9.565
FHW12239	288.500 	 96.576 	 9.566
FHW12239	288.625 	 96.575 	 9.565
FHW12239	288.750 	 96.575 	 9.565
FHW12239	288.875 	 96.575 	 9.565
FHW12239	289.000 	 96.576 	 9.566
FHW12239	289.125 	 96.575 	 9.565
FHW12239	289.250 	 96.575 	 9.564
FHW12239	289.375 	 96.576 	 9.566
FHW12239	289.500 	 96.575 	 9.565
FHW12239	289.625 	 96.575 	 9.565
FHW12239	289.750 	 96.582 	 9.565
FHW12239	289.875 	 96.576 	 9.566
FHW12239	290.000 	 96.575 	 9.565
FHW12239	290.125 	 96.575 	 9.565
FHW12239	290.250 	 96.575 	 9.565
FHW12239	290.375 	 96.576 	 9.566
FHW12239	290.500 	 96.575 	 9.565
FHW12239	290.625 	 96.575 	 9.565
FHW12239	290.750 	 96.575 	 9.565
FHW12239	290.875 	 96.576 	 9.566
FHW12239	291.000 	 96.575 	 9.565
FHW12239	291.125 	 96.575 	 9.564
FHW12239	291.250 	 96.575 	 9.565
FHW12239	291.375 	 96.576 	 9.566
FHW12239	291.500 	 96.575 	 9.565
FHW12239	291.625 	 96.575 	 9.565
FHW12239	291.750 	 96.575 	 9.565
FHW12239	291.875 	 96.576 	 9.566
FHW12239	292.000 	 96.575 	 9.565
FHW12239	292.125 	 96.575 	 9.565
FHW12239	292.250 	 96.575 	 9.565
FHW12239	292.375 	 96.576 	 9.566
FHW12239	292.500 	 96.575 	 9.565
FHW12239	292.625 	 96.322 	 9.329
FHW12239	292.750 	 95.864 	 8.910
FHW12239	292.875 	 95.872 	 8.911
FHW12239	293.000 	 95.871 	 8.910
FHW12239	293.125 	 95.872 	 8.911
FHW12239	293.250 	 95.871 	 8.910
FHW12239	293.375 	 95.864 	 8.910
FHW12239	293.500 	 95.872 	 8.911
FHW12239	293.625 	 95.871 	 8.910
FHW12239	293.750 	 95.872 	 8.911
FHW12239	293.875 	 95.871 	 8.910
FHW12239	294.000 	 95.864 	 8.910
FHW12239	294.125 	 95.872 	 8.911
FHW12239	294.250 	 95.871 	 8.910
FHW12239	294.375 	 95.871 	 8.910
FHW12239	294.500 	 95.872 	 8.911
FHW12239	294.625 	 95.864 	 8.910
FHW12239	294.750 	 95.872 	 8.911
FHW12239	294.875 	 95.871 	 8.910
FHW12239	295.000 	 95.871 	 8.910
FHW12239	295.125 	 95.865 	 8.911
FHW12239	295.250 	 95.871 	 8.910
FHW12239	295.375 	 95.872 	 8.911
FHW12239	295.500 	 95.871 	 8.910
FHW12239	295.625 	 95.871 	 8.910
FHW12239	295.750 	 95.865 	 8.911
FHW12239	295.875 	 95.871 	 8.910
FHW12239	296.000 	 95.872 	 8.911
FHW12239	296.125 	 95.871 	 8.910
FHW12239	296.250 	 95.871 	 8.910
FHW12239	296.375 	 95.865 	 8.911
FHW12239	296.500 	 95.871 	 8.910
FHW12239	296.625 	 95.872 	 8.911
FHW12239	296.750 	 95.871 	 8.910
FHW12239	296.875 	 95.864 	 8.910
FHW12239	297.000 	 95.872 	 8.911
FHW12239	297.125 	 95.871 	 8.910
FHW12239	297.250 	 95.872 	 8.911
FHW12239	297.375 	 95.871 	 8.910
FHW12239	297.500 	 95.864 	 8.910
FHW12239	297.625 	 95.872 	 8.911
FHW12239	297.750 	 95.871 	 8.910
FHW12239	297.875 	 95.872 	 8.911
FHW12239	298.000 	 95.871 	 8.910
FHW12239	298.125 	 95.864 	 8.910
FHW12239	298.250 	 95.872 	 8.911
FHW12239	298.375 	 95.871 	 8.910
FHW12239	298.500 	 95.872 	 8.911
FHW12239	298.625 	 95.864 	 8.910
FHW12239	298.750 	 95.871 	 8.910
FHW12239	298.875 	 95.872 	 8.911
FHW12239	299.000 	 95.871 	 8.910
FHW12239	299.125 	 95.872 	 8.911
FHW12239	299.250 	 95.864 	 8.910
FHW12239	299.375 	 95.871 	 8.910
FHW12239	299.500 	 95.872 	 8.911
FHW12239	299.625 	 95.871 	 8.910
FHW12239	299.750 	 95.872 	 8.911
FHW12239	299.875 	 95.864 	 8.910
FHW12239	300.000 	 95.871 	 8.910
FHW12239	300.125 	 95.872 	 8.911
FHW12239	300.250 	 95.871 	 8.910
FHW12239	300.375 	 95.872 	 8.911
FHW12239	300.500 	 95.864 	 8.910
FHW12239	300.625 	 95.871 	 8.910
FHW12239	300.750 	 95.872 	 8.911
FHW12239	300.875 	 95.871 	 8.910
FHW12239	301.000 	 95.865 	 8.911
FHW12239	301.125 	 95.871 	 8.910
FHW12239	301.250 	 95.871 	 8.910
FHW12239	301.375 	 94.959 	 9.214
FHW12239	301.500 	 94.782 	 9.270
FHW12239	301.625 	 94.789 	 9.270
FHW12239	301.750 	 94.783 	 9.271
FHW12239	301.875 	 94.782 	 9.270
FHW12239	302.000 	 94.789 	 9.270
FHW12239	302.125 	 94.783 	 9.271
FHW12239	302.250 	 94.789 	 9.270
FHW12239	302.375 	 94.782 	 9.270
FHW12239	302.500 	 94.783 	 9.271
FHW12239	302.625 	 94.789 	 9.270
FHW12239	302.750 	 94.782 	 9.269
FHW12239	302.875 	 94.783 	 9.271
FHW12239	303.000 	 94.789 	 9.270
FHW12239	303.125 	 94.782 	 9.270
FHW12239	303.250 	 94.783 	 9.271
FHW12239	303.375 	 94.789 	 9.270
FHW12239	303.500 	 94.782 	 9.270
FHW12239	303.625 	 94.783 	 9.271
FHW12239	303.750 	 94.789 	 9.270
FHW12239	303.875 	 94.782 	 9.270
FHW12239	304.000 	 94.783 	 9.271
FHW12239	304.125 	 94.789 	 9.270
FHW12239	304.250 	 94.782 	 9.270
FHW12239	304.375 	 94.783 	 9.271
FHW12239	304.500 	 94.789 	 9.270
FHW12239	304.625 	 94.782 	 9.270
FHW12239	304.750 	 94.790 	 9.271
FHW12239	304.875 	 94.782 	 9.270
FHW12239	305.000 	 94.782 	 9.270
FHW12239	305.125 	 94.790 	 9.271
FHW12239	305.250 	 94.782 	 9.270
FHW12239	305.375 	 94.782 	 9.270
FHW12239	305.500 	 94.790 	 9.271
FHW12239	305.625 	 94.782 	 9.270
FHW12239	305.750 	 94.782 	 9.270
FHW12239	305.875 	 94.790 	 9.271
FHW12239	306.000 	 94.782 	 9.270
FHW12239	306.125 	 93.619 	 9.796
FHW12239	306.250 	 93.618 	 9.794
FHW12239	306.375 	 93.626 	 9.796
FHW12239	306.500 	 93.619 	 9.796
FHW12239	306.625 	 93.618 	 9.794
FHW12239	306.750 	 93.619 	 9.795
FHW12239	306.875 	 93.626 	 9.796
FHW12239	307.000 	 93.619 	 9.795
FHW12239	307.125 	 93.618 	 9.794
FHW12239	307.250 	 93.619 	 9.796
FHW12239	307.375 	 93.619 	 9.795
FHW12239	307.500 	 93.625 	 9.794
FHW12239	307.625 	 93.619 	 9.796
FHW12239	307.750 	 93.619 	 9.795
FHW12239	307.875 	 93.618 	 9.794
FHW12239	308.000 	 93.626 	 9.796
FHW12239	308.125 	 93.619 	 9.795
FHW12239	308.250 	 93.619 	 9.796
FHW12239	308.375 	 93.618 	 9.794
FHW12239	308.500 	 93.619 	 9.795
FHW12239	308.625 	 93.626 	 9.796
FHW12239	308.750 	 93.618 	 9.794
FHW12239	308.875 	 93.619 	 9.795
FHW12239	309.000 	 93.619 	 9.796
FHW12239	309.125 	 93.625 	 9.794
FHW12239	309.250 	 93.619 	 9.795
FHW12239	309.375 	 93.619 	 9.796
FHW12239	309.500 	 93.618 	 9.794
FHW12239	309.625 	 93.619 	 9.795
FHW12239	309.750 	 93.626 	 9.796
FHW12239	309.875 	 93.619 	 9.795
FHW12239	310.000 	 93.618 	 9.795
FHW12239	310.125 	 93.619 	 9.795
FHW12239	310.250 	 93.626 	 9.795
FHW12239	310.375 	 93.618 	 9.795
FHW12239	310.500 	 93.619 	 9.795
FHW12239	310.625 	 93.682 	 10.226
FHW12239	310.750 	 93.689 	 10.224
FHW12239	310.875 	 93.682 	 10.226
FHW12239	311.000 	 93.689 	 10.226
FHW12239	311.125 	 93.682 	 10.224
FHW12239	311.250 	 93.689 	 10.226
FHW12239	311.375 	 93.682 	 10.224
FHW12239	311.500 	 93.689 	 10.226
FHW12239	311.625 	 93.682 	 10.226
FHW12239	311.750 	 93.689 	 10.224
FHW12239	311.875 	 93.681 	 10.224
FHW12239	312.000 	 93.689 	 10.226
FHW12239	312.125 	 93.682 	 10.224
FHW12239	312.250 	 93.689 	 10.226
FHW12239	312.375 	 93.682 	 10.224
FHW12239	312.500 	 93.689 	 10.226
FHW12239	312.625 	 93.682 	 10.226
FHW12239	312.750 	 93.689 	 10.224
FHW12239	312.875 	 93.682 	 10.226
FHW12239	313.000 	 93.689 	 10.226
FHW12239	313.125 	 93.682 	 10.224
FHW12239	313.250 	 93.689 	 10.226
FHW12239	313.375 	 93.682 	 10.226
FHW12239	313.500 	 93.689 	 10.224
FHW12239	313.625 	 93.682 	 10.226
FHW12239	313.750 	 93.689 	 10.224
FHW12239	313.875 	 93.682 	 10.226
FHW12239	314.000 	 93.689 	 10.226
FHW12239	314.125 	 93.682 	 10.224
FHW12239	314.250 	 93.689 	 10.226
FHW12239	314.375 	 93.682 	 10.226
FHW12239	314.500 	 93.688 	 10.223
FHW12239	314.625 	 93.682 	 10.226
FHW12239	314.750 	 93.689 	 10.224
FHW12239	314.875 	 93.682 	 10.226
FHW12239	315.000 	 93.689 	 10.226
FHW12239	315.125 	 93.682 	 10.224
FHW12239	315.250 	 93.689 	 10.226
FHW12239	315.375 	 93.682 	 10.226
FHW12239	315.500 	 93.689 	 10.224
FHW12239	315.625 	 93.682 	 10.226
FHW12239	315.750 	 93.689 	 10.226
FHW12239	315.875 	 93.682 	 10.224
FHW12239	316.000 	 93.689 	 10.226
FHW12239	316.125 	 93.682 	 10.224
FHW12239	316.250 	 93.689 	 10.226
FHW12239	316.375 	 93.682 	 10.226
FHW12239	316.500 	 93.689 	 10.224
FHW12239	316.625 	 93.682 	 10.226
FHW12239	316.750 	 93.689 	 10.226
FHW12239	316.875 	 93.682 	 10.224
FHW12239	317.000 	 93.689 	 10.226
FHW12239	317.125 	 93.681 	 10.223
FHW12239	317.250 	 93.689 	 10.226
FHW12239	317.375 	 93.682 	 10.226
FHW12239	317.500 	 93.689 	 10.224
FHW12239	317.625 	 93.682 	 10.226
FHW12239	317.750 	 93.689 	 10.226
FHW12239	317.875 	 93.682 	 10.224
FHW12239	318.000 	 93.689 	 10.226
FHW12239	318.125 	 93.682 	 10.226
FHW12239	318.250 	 93.689 	 10.224
FHW12239	318.375 	 93.682 	 10.226
FHW12239	318.500 	 93.689 	 10.224
FHW12239	318.625 	 93.682 	 10.226
FHW12239	318.750 	 93.689 	 10.226
FHW12239	318.875 	 93.682 	 10.224
FHW12239	319.000 	 93.689 	 10.226
FHW12239	319.125 	 93.682 	 10.226
FHW12239	319.250 	 93.689 	 10.224
FHW12239	319.375 	 93.682 	 10.226
FHW12239	319.500 	 93.689 	 10.226
FHW12239	319.625 	 93.682 	 10.224
FHW12239	319.750 	 93.689 	 10.226
FHW12239	319.875 	 95.317 	 10.148
FHW12239	320.000 	 95.633 	 10.135
FHW12239	320.125 	 95.626 	 10.136
FHW12239	320.250 	 95.633 	 10.135
FHW12239	320.375 	 95.633 	 10.133
FHW12239	320.500 	 95.626 	 10.136
FHW12239	320.625 	 95.633 	 10.135
FHW12239	320.750 	 95.626 	 10.136
FHW12239	320.875 	 95.633 	 10.135
FHW12239	321.000 	 95.633 	 10.134
FHW12239	321.125 	 95.626 	 10.135
FHW12239	321.250 	 95.633 	 10.136
FHW12239	321.375 	 95.626 	 10.135
FHW12239	321.500 	 95.633 	 10.134
FHW12239	321.625 	 95.633 	 10.135
FHW12239	321.750 	 95.626 	 10.136
FHW12239	321.875 	 95.633 	 10.135
FHW12239	322.000 	 95.626 	 10.135
FHW12239	322.125 	 95.633 	 10.134
FHW12239	322.250 	 95.633 	 10.135
FHW12239	322.375 	 95.626 	 10.136
FHW12239	322.500 	 95.633 	 10.135
FHW12239	322.625 	 95.626 	 10.134
FHW12239	322.750 	 95.633 	 10.135
FHW12239	322.875 	 95.633 	 10.136
FHW12239	323.000 	 95.626 	 10.135
FHW12239	323.125 	 95.633 	 10.136
FHW12239	323.250 	 95.626 	 10.133
FHW12239	323.375 	 95.633 	 10.135
FHW12239	323.500 	 95.633 	 10.136
FHW12239	323.625 	 95.626 	 10.135
FHW12239	323.750 	 95.633 	 10.136
FHW12239	323.875 	 95.626 	 10.133
FHW12239	324.000 	 95.633 	 10.136
FHW12239	324.125 	 95.633 	 10.135
FHW12239	324.250 	 95.626 	 10.136
FHW12239	324.375 	 95.633 	 10.133
FHW12239	324.500 	 95.626 	 10.136
FHW12239	324.625 	 95.633 	 10.135
FHW12239	324.750 	 95.633 	 10.135
FHW12239	324.875 	 95.626 	 10.136
FHW12239	325.000 	 95.633 	 10.133
FHW12239	325.125 	 95.626 	 10.136
FHW12239	325.250 	 95.633 	 10.135
FHW12239	325.375 	 95.633 	 10.136
FHW12239	325.500 	 95.626 	 10.135
FHW12239	325.625 	 95.633 	 10.134
FHW12239	325.750 	 95.626 	 10.135
FHW12239	325.875 	 95.633 	 10.136
FHW12239	326.000 	 95.633 	 10.135
FHW12239	326.125 	 95.626 	 10.133
FHW12239	326.250 	 95.633 	 10.136
FHW12239	326.375 	 95.633 	 10.135
FHW12239	326.500 	 95.626 	 10.136
FHW12239	326.625 	 95.633 	 10.135
FHW12239	326.750 	 95.626 	 10.134
FHW12239	326.875 	 95.633 	 10.135
FHW12239	327.000 	 95.633 	 10.136
FHW12239	327.125 	 95.626 	 10.135
FHW12239	327.250 	 95.633 	 10.134
FHW12239	327.375 	 95.626 	 10.135
FHW12239	327.500 	 95.633 	 10.135
FHW12239	327.625 	 95.633 	 10.136
FHW12239	327.750 	 95.626 	 10.135
FHW12239	327.875 	 95.633 	 10.134
FHW12239	328.000 	 95.626 	 10.135
FHW12239	328.125 	 95.633 	 10.136
FHW12239	328.250 	 95.633 	 10.135
FHW12239	328.375 	 95.626 	 10.136
FHW12239	328.500 	 95.633 	 10.133
FHW12239	328.625 	 95.626 	 10.136
FHW12239	328.750 	 95.633 	 10.135
FHW12239	328.875 	 95.633 	 10.135
FHW12239	329.000 	 95.626 	 10.134
FHW12239	329.125 	 95.633 	 10.135
FHW12239	329.250 	 95.626 	 10.136
FHW12239	329.375 	 95.633 	 10.135
FHW12239	329.500 	 95.633 	 10.136
FHW12239	329.625 	 95.626 	 10.133
FHW12239	329.750 	 95.633 	 10.136
FHW12239	329.875 	 95.626 	 10.135
FHW12239	330.000 	 95.633 	 10.136
FHW12239	330.125 	 95.633 	 10.135
FHW12239	330.250 	 95.626 	 10.133
FHW12239	330.375 	 95.633 	 10.136
FHW12239	330.500 	 95.626 	 10.135
FHW12239	330.625 	 95.633 	 10.136
FHW12239	330.750 	 95.633 	 10.133
FHW12239	330.875 	 95.626 	 10.136
FHW12239	331.000 	 96.069 	 10.143
FHW12239	331.125 	 97.442 	 10.176
FHW12239	331.250 	 97.449 	 10.176
FHW12239	331.375 	 97.442 	 10.176
FHW12239	331.500 	 97.449 	 10.174
FHW12239	331.625 	 97.442 	 10.176
FHW12239	331.750 	 97.442 	 10.176
FHW12239	331.875 	 97.449 	 10.176
FHW12239	332.000 	 97.442 	 10.174
FHW12239	332.125 	 97.449 	 10.176
FHW12239	332.250 	 97.442 	 10.176
FHW12239	332.375 	 97.449 	 10.176
FHW12239	332.500 	 97.442 	 10.174
FHW12239	332.625 	 97.449 	 10.176
FHW12239	332.750 	 97.442 	 10.176
FHW12239	332.875 	 97.448 	 10.174
FHW12239	333.000 	 97.442 	 10.174
FHW12239	333.125 	 97.442 	 10.176
FHW12239	333.250 	 97.449 	 10.176
FHW12239	333.375 	 97.442 	 10.176
FHW12239	333.500 	 97.449 	 10.174
FHW12239	333.625 	 97.442 	 10.176
FHW12239	333.750 	 97.449 	 10.176
FHW12239	333.875 	 97.442 	 10.176
FHW12239	334.000 	 97.449 	 10.174
FHW12239	334.125 	 97.442 	 10.176
FHW12239	334.250 	 97.449 	 10.176
FHW12239	334.375 	 97.442 	 10.176
FHW12239	334.500 	 97.442 	 10.174
FHW12239	334.625 	 97.449 	 10.176
FHW12239	334.750 	 97.442 	 10.176
FHW12239	334.875 	 97.449 	 10.176
FHW12239	335.000 	 97.442 	 10.174
FHW12239	335.125 	 97.449 	 10.176
FHW12239	335.250 	 97.441 	 10.174
FHW12239	335.375 	 97.449 	 10.176
FHW12239	335.500 	 97.442 	 10.174
FHW12239	335.625 	 97.449 	 10.176
FHW12239	335.750 	 97.442 	 10.176
FHW12239	335.875 	 97.442 	 10.174
FHW12239	336.000 	 97.449 	 10.176
FHW12239	336.125 	 97.442 	 10.176
FHW12239	336.250 	 97.449 	 10.176
FHW12239	336.375 	 97.442 	 10.174
FHW12239	336.500 	 97.449 	 10.176
FHW12239	336.625 	 97.442 	 10.176
FHW12239	336.750 	 97.449 	 10.176
FHW12239	336.875 	 97.442 	 10.174
FHW12239	337.000 	 97.442 	 10.176
FHW12239	337.125 	 97.449 	 10.176
FHW12239	337.250 	 97.442 	 10.176
FHW12239	337.375 	 97.449 	 10.174
FHW12239	337.500 	 97.441 	 10.174
FHW12239	337.625 	 97.449 	 10.176
FHW12239	337.750 	 97.442 	 10.176
FHW12239	337.875 	 97.449 	 10.174
FHW12239	338.000 	 97.442 	 10.176
FHW12239	338.125 	 97.449 	 10.176
FHW12239	338.250 	 97.442 	 10.176
FHW12239	338.375 	 97.442 	 10.174
FHW12239	338.500 	 97.449 	 10.176
FHW12239	338.625 	 97.442 	 10.176
FHW12239	338.750 	 97.449 	 10.176
FHW12239	338.875 	 97.442 	 10.174
FHW12239	339.000 	 97.449 	 10.176
FHW12239	339.125 	 97.442 	 10.176
FHW12239	339.250 	 97.449 	 10.176
FHW12239	339.375 	 97.442 	 10.174
FHW12239	339.500 	 97.449 	 10.176
FHW12239	339.625 	 97.442 	 10.176
FHW12239	339.750 	 97.442 	 10.176
FHW12239	339.875 	 97.448 	 10.173
FHW12239	340.000 	 97.442 	 10.176
FHW12239	340.125 	 97.449 	 10.176
FHW12239	340.250 	 97.442 	 10.176
FHW12239	340.375 	 97.449 	 10.174
FHW12239	340.500 	 97.442 	 10.176
FHW12239	340.625 	 97.449 	 10.176
FHW12239	340.750 	 97.442 	 10.176
FHW12239	340.875 	 97.449 	 10.174
FHW12239	341.000 	 97.442 	 10.176
FHW12239	341.125 	 98.120 	 10.611
FHW12239	341.250 	 98.120 	 10.611
FHW12239	341.375 	 98.119 	 10.609
FHW12239	341.500 	 98.120 	 10.609
FHW12239	341.625 	 98.120 	 10.611
FHW12239	341.750 	 98.126 	 10.611
FHW12239	341.875 	 98.120 	 10.611
FHW12239	342.000 	 98.119 	 10.609
FHW12239	342.125 	 98.120 	 10.611
FHW12239	342.250 	 98.120 	 10.609
FHW12239	342.375 	 98.120 	 10.611
FHW12239	342.500 	 98.120 	 10.611
FHW12239	342.625 	 98.119 	 10.609
FHW12239	342.750 	 98.120 	 10.611
FHW12239	342.875 	 98.120 	 10.611
FHW12239	343.000 	 98.127 	 10.609
FHW12239	343.125 	 98.120 	 10.611
FHW12239	343.250 	 98.119 	 10.609
FHW12239	343.375 	 98.120 	 10.611
FHW12239	343.500 	 98.120 	 10.611
FHW12239	343.625 	 98.120 	 10.611
FHW12239	343.750 	 98.120 	 10.609
FHW12239	343.875 	 98.119 	 10.609
FHW12239	344.000 	 98.120 	 10.611
FHW12239	344.125 	 98.120 	 10.611
FHW12239	344.250 	 98.126 	 10.611
FHW12239	344.375 	 98.120 	 10.611
FHW12239	344.500 	 98.119 	 10.609
FHW12239	344.625 	 98.120 	 10.609
FHW12239	344.750 	 98.120 	 10.611
FHW12239	344.875 	 98.120 	 10.611
FHW12239	345.000 	 98.120 	 10.611
FHW12239	345.125 	 98.119 	 10.609
FHW12239	345.250 	 98.120 	 10.611
FHW12239	345.375 	 98.120 	 10.609
FHW12239	345.500 	 98.126 	 10.611
FHW12239	345.625 	 98.120 	 10.611
FHW12239	345.750 	 98.119 	 10.609
FHW12239	345.875 	 98.120 	 10.611
FHW12239	346.000 	 98.120 	 10.611
FHW12239	346.125 	 98.120 	 10.609
FHW12239	346.250 	 98.120 	 10.611
FHW12239	346.375 	 98.119 	 10.609
FHW12239	346.500 	 98.120 	 10.611
FHW12239	346.625 	 98.120 	 10.611
FHW12239	346.750 	 98.126 	 10.611
FHW12239	346.875 	 98.120 	 10.609
FHW12239	347.000 	 98.119 	 10.609
FHW12239	347.125 	 98.120 	 10.611
FHW12239	347.250 	 98.120 	 10.611
FHW12239	347.375 	 98.120 	 10.611
FHW12239	347.500 	 98.120 	 10.611
FHW12239	347.625 	 98.119 	 10.609
FHW12239	347.750 	 98.120 	 10.609
FHW12239	347.875 	 98.120 	 10.611
FHW12239	348.000 	 98.126 	 10.611
FHW12239	348.125 	 98.232 	 10.683
FHW12239	348.250 	 98.437 	 10.814
FHW12239	348.375 	 98.445 	 10.816
FHW12239	348.500 	 98.438 	 10.816
FHW12239	348.625 	 98.437 	 10.814
FHW12239	348.750 	 98.445 	 10.816
FHW12239	348.875 	 98.438 	 10.816
FHW12239	349.000 	 98.444 	 10.814
FHW12239	349.125 	 98.438 	 10.816
FHW12239	349.250 	 98.438 	 10.816
FHW12239	349.375 	 98.444 	 10.814
FHW12239	349.500 	 98.438 	 10.814
FHW12239	349.625 	 98.438 	 10.816
FHW12239	349.750 	 98.444 	 10.814
FHW12239	349.875 	 98.438 	 10.816
FHW12239	350.000 	 98.445 	 10.816
FHW12239	350.125 	 98.437 	 10.814
FHW12239	350.250 	 98.438 	 10.816
FHW12239	350.375 	 98.445 	 10.816
FHW12239	350.500 	 98.437 	 10.814
FHW12239	350.625 	 98.438 	 10.816
FHW12239	350.750 	 98.445 	 10.816
FHW12239	350.875 	 98.437 	 10.814
FHW12239	351.000 	 98.445 	 10.816
FHW12239	351.125 	 98.438 	 10.816
FHW12239	351.250 	 98.437 	 10.814
FHW12239	351.375 	 98.445 	 10.816
FHW12239	351.500 	 98.438 	 10.814
FHW12239	351.625 	 98.437 	 10.814
FHW12239	351.750 	 98.445 	 10.816
FHW12239	351.875 	 98.438 	 10.816
FHW12239	352.000 	 98.444 	 10.814
FHW12239	352.125 	 98.438 	 10.816
FHW12239	352.250 	 98.438 	 10.816
FHW12239	352.375 	 98.444 	 10.814
FHW12239	352.500 	 98.438 	 10.816
FHW12239	352.625 	 98.438 	 10.816
FHW12239	352.750 	 98.444 	 10.814
FHW12239	352.875 	 98.438 	 10.816
FHW12239	353.000 	 98.445 	 10.816
FHW12239	353.125 	 98.437 	 10.814
FHW12239	353.250 	 98.438 	 10.816
FHW12239	353.375 	 98.445 	 10.816
FHW12239	353.500 	 98.437 	 10.813
FHW12239	353.625 	 98.438 	 10.816
FHW12239	353.750 	 98.445 	 10.816
FHW12239	353.875 	 98.437 	 10.814
FHW12239	354.000 	 98.445 	 10.816
FHW12239	354.125 	 98.438 	 10.816
FHW12239	354.250 	 98.437 	 10.814
FHW12239	354.375 	 98.445 	 10.816
FHW12239	354.500 	 98.438 	 10.816
FHW12239	354.625 	 98.437 	 10.814
FHW12239	354.750 	 98.445 	 10.816
FHW12239	354.875 	 98.438 	 10.816
FHW12239	355.000 	 98.444 	 10.814
FHW12239	355.125 	 98.438 	 10.816
FHW12239	355.250 	 98.438 	 10.816
FHW12239	355.375 	 98.444 	 10.814
FHW12239	355.500 	 98.438 	 10.814
FHW12239	355.625 	 98.438 	 10.816
FHW12239	355.750 	 98.444 	 10.814
FHW12239	355.875 	 98.438 	 10.816
FHW12239	356.000 	 98.445 	 10.816
FHW12239	356.125 	 98.437 	 10.814
FHW12239	356.250 	 98.438 	 10.816
FHW12239	356.375 	 98.445 	 10.816
FHW12239	356.500 	 98.437 	 10.814
FHW12239	356.625 	 98.438 	 10.816
FHW12239	356.750 	 98.445 	 10.816
FHW12239	356.875 	 98.437 	 10.814
FHW12239	357.000 	 98.445 	 10.816
FHW12239	357.125 	 98.438 	 10.816
FHW12239	357.250 	 98.515 	 10.867
FHW12239	357.375 	 98.919 	 11.145
FHW12239	357.500 	 98.926 	 11.145
FHW12239	357.625 	 98.919 	 11.145
FHW12239	357.750 	 98.918 	 11.144
FHW12239	357.875 	 98.919 	 11.145
FHW12239	358.000 	 98.919 	 11.147
FHW12239	358.125 	 98.926 	 11.145
FHW12239	358.250 	 98.918 	 11.144
FHW12239	358.375 	 98.919 	 11.145
FHW12239	358.500 	 98.919 	 11.145
FHW12239	358.625 	 98.919 	 11.145
FHW12239	358.750 	 98.926 	 11.147
FHW12239	358.875 	 98.918 	 11.144
FHW12239	359.000 	 98.919 	 11.145
FHW12239	359.125 	 98.919 	 11.145
FHW12239	359.250 	 98.919 	 11.145
FHW12239	359.375 	 98.925 	 11.144
FHW12239	359.500 	 98.919 	 11.147
FHW12239	359.625 	 98.919 	 11.145
FHW12239	359.750 	 98.919 	 11.145
FHW12239	359.875 	 98.918 	 11.144
FHW12239	360.000 	 98.926 	 11.145
FHW12239	360.125 	 98.919 	 11.145
FHW12239	360.250 	 98.919 	 11.145
FHW12239	360.375 	 98.919 	 11.147
FHW12239	360.500 	 98.918 	 11.144
FHW12239	360.625 	 98.926 	 11.145
FHW12239	360.750 	 98.919 	 11.145
FHW12239	360.875 	 98.919 	 11.145
FHW12239	361.000 	 98.918 	 11.144
FHW12239	361.125 	 98.919 	 11.147
FHW12239	361.250 	 98.926 	 11.145
FHW12239	361.375 	 98.919 	 11.145
FHW12239	361.500 	 98.918 	 11.144
FHW12239	361.625 	 98.919 	 11.145
FHW12239	361.750 	 98.919 	 11.145
FHW12239	361.875 	 98.926 	 11.147
FHW12239	362.000 	 98.919 	 11.145
FHW12239	362.125 	 98.918 	 11.144
FHW12239	362.250 	 98.919 	 11.145
FHW12239	362.375 	 98.919 	 11.145
FHW12239	362.500 	 98.926 	 11.145
FHW12239	362.625 	 98.918 	 11.145
FHW12239	362.750 	 98.919 	 11.145
FHW12239	362.875 	 98.919 	 11.145
FHW12239	363.000 	 98.919 	 11.145
FHW12239	363.125 	 98.925 	 11.144
FHW12239	363.250 	 98.919 	 11.145
FHW12239	363.375 	 98.919 	 11.147
FHW12239	363.500 	 98.919 	 11.145
FHW12239	363.625 	 98.919 	 11.145
FHW12239	363.750 	 98.925 	 11.144
FHW12239	363.875 	 98.919 	 11.145
FHW12239	364.000 	 98.919 	 11.145
FHW12239	364.125 	 98.919 	 11.147
FHW12239	364.250 	 98.918 	 11.144
FHW12239	364.375 	 98.926 	 11.145
FHW12239	364.500 	 98.919 	 11.145
FHW12239	364.625 	 98.919 	 11.145
FHW12239	364.750 	 98.918 	 11.144
FHW12239	364.875 	 98.919 	 11.145
FHW12239	365.000 	 98.926 	 11.147
FHW12239	365.125 	 98.919 	 11.145
FHW12239	365.250 	 98.919 	 11.145
FHW12239	365.375 	 98.918 	 11.144
FHW12239	365.500 	 98.919 	 11.145
FHW12239	365.625 	 98.926 	 11.145
FHW12239	365.750 	 98.919 	 11.147
FHW12239	365.875 	 98.918 	 11.144
FHW12239	366.000 	 98.919 	 11.145
FHW12239	366.125 	 98.926 	 11.145
FHW12239	366.250 	 98.919 	 11.145
FHW12239	366.375 	 98.918 	 11.144
FHW12239	366.500 	 98.976 	 11.196
FHW12239	366.625 	 99.273 	 11.449
FHW12239	366.750 	 99.280 	 11.450
FHW12239	366.875 	 99.273 	 11.450
FHW12239	367.000 	 99.273 	 11.450
FHW12239	367.125 	 99.280 	 11.450
FHW12239	367.250 	 99.273 	 11.449
FHW12239	367.375 	 99.273 	 11.450
FHW12239	367.500 	 99.280 	 11.450
FHW12239	367.625 	 99.273 	 11.450
FHW12239	367.750 	 99.273 	 11.450
FHW12239	367.875 	 99.280 	 11.450
FHW12239	368.000 	 99.273 	 11.449
FHW12239	368.125 	 99.273 	 11.450
FHW12239	368.250 	 99.280 	 11.450
FHW12239	368.375 	 99.273 	 11.450
FHW12239	368.500 	 99.273 	 11.450
FHW12239	368.625 	 99.280 	 11.449
FHW12239	368.750 	 99.273 	 11.450
FHW12239	368.875 	 99.273 	 11.450
FHW12239	369.000 	 99.280 	 11.450
FHW12239	369.125 	 99.273 	 11.450
FHW12239	369.250 	 99.273 	 11.450
FHW12239	369.375 	 99.280 	 11.449
FHW12239	369.500 	 99.273 	 11.450
FHW12239	369.625 	 99.273 	 11.450
FHW12239	369.750 	 99.280 	 11.450
FHW12239	369.875 	 99.273 	 11.450
FHW12239	370.000 	 99.273 	 11.449
FHW12239	370.125 	 99.280 	 11.450
FHW12239	370.250 	 99.273 	 11.450
FHW12239	370.375 	 99.273 	 11.450
FHW12239	370.500 	 99.273 	 11.450
FHW12239	370.625 	 99.280 	 11.449
FHW12239	370.750 	 99.273 	 11.450
FHW12239	370.875 	 99.273 	 11.450
FHW12239	371.000 	 99.280 	 11.450
FHW12239	371.125 	 99.273 	 11.450
FHW12239	371.250 	 99.273 	 11.450
FHW12239	371.375 	 99.280 	 11.449
FHW12239	371.500 	 99.273 	 11.450
FHW12239	371.625 	 99.273 	 11.450
FHW12239	371.750 	 99.280 	 11.450
FHW12239	371.875 	 99.273 	 11.450
FHW12239	372.000 	 99.273 	 11.449
FHW12239	372.125 	 99.280 	 11.450
FHW12239	372.250 	 99.273 	 11.450
FHW12239	372.375 	 99.273 	 11.450
FHW12239	372.500 	 99.280 	 11.450
FHW12239	372.625 	 99.273 	 11.449
FHW12239	372.750 	 99.273 	 11.450
FHW12239	372.875 	 99.280 	 11.450
FHW12239	373.000 	 99.273 	 11.450
FHW12239	373.125 	 99.273 	 11.450
FHW12239	373.250 	 99.280 	 11.450
FHW12239	373.375 	 99.273 	 11.449
FHW12239	373.500 	 99.273 	 11.450
FHW12239	373.625 	 99.280 	 11.450
FHW12239	373.750 	 99.273 	 11.450
FHW12239	373.875 	 99.273 	 11.450
FHW12239	374.000 	 99.280 	 11.449
FHW12239	374.125 	 99.273 	 11.450
FHW12239	374.250 	 99.273 	 11.450
FHW12239	374.375 	 99.273 	 11.450
FHW12239	374.500 	 99.280 	 11.450
FHW12239	374.625 	 99.273 	 11.450
FHW12239	374.750 	 99.273 	 11.449
FHW12239	374.875 	 99.280 	 11.450
FHW12239	375.000 	 99.273 	 11.450
FHW12239	375.125 	 99.273 	 11.450
FHW12239	375.250 	 99.280 	 11.450
FHW12239	375.375 	 99.273 	 11.449
FHW12239	375.500 	 99.273 	 11.450
FHW12239	375.625 	 99.535 	 11.512
FHW12239	375.750 	 99.655 	 11.539
FHW12239	375.875 	 99.656 	 11.542
FHW12239	376.000 	 99.655 	 11.539
FHW12239	376.125 	 99.655 	 11.541
FHW12239	376.250 	 99.656 	 11.540
FHW12239	376.375 	 99.655 	 11.539
FHW12239	376.500 	 99.655 	 11.541
FHW12239	376.625 	 99.649 	 11.540
FHW12239	376.750 	 99.655 	 11.541
FHW12239	376.875 	 99.655 	 11.539
FHW12239	377.000 	 99.656 	 11.542
FHW12239	377.125 	 99.655 	 11.539
FHW12239	377.250 	 99.655 	 11.539
FHW12239	377.375 	 99.656 	 11.542
FHW12239	377.500 	 99.655 	 11.539
FHW12239	377.625 	 99.655 	 11.541
FHW12239	377.750 	 99.656 	 11.540
FHW12239	377.875 	 99.655 	 11.539
FHW12239	378.000 	 99.655 	 11.541
FHW12239	378.125 	 99.649 	 11.540
FHW12239	378.250 	 99.655 	 11.541
FHW12239	378.375 	 99.655 	 11.539
FHW12239	378.500 	 99.656 	 11.542
FHW12239	378.625 	 99.655 	 11.539
FHW12239	378.750 	 99.655 	 11.539
FHW12239	378.875 	 99.656 	 11.542
FHW12239	379.000 	 99.655 	 11.539
FHW12239	379.125 	 99.656 	 11.542
FHW12239	379.250 	 99.655 	 11.539
FHW12239	379.375 	 99.655 	 11.539
FHW12239	379.500 	 99.649 	 11.542
FHW12239	379.625 	 99.655 	 11.539
FHW12239	379.750 	 99.655 	 11.541
FHW12239	379.875 	 99.656 	 11.540
FHW12239	380.000 	 99.655 	 11.541
FHW12239	380.125 	 99.655 	 11.539
FHW12239	380.250 	 99.656 	 11.540
FHW12239	380.375 	 99.655 	 11.541
FHW12239	380.500 	 99.655 	 11.539
FHW12239	380.625 	 99.656 	 11.542
FHW12239	380.750 	 99.655 	 11.539
FHW12239	380.875 	 99.655 	 11.539
FHW12239	381.000 	 99.649 	 11.542
FHW12239	381.125 	 99.655 	 11.539
FHW12239	381.250 	 99.655 	 11.541
FHW12239	381.375 	 99.656 	 11.540
FHW12239	381.500 	 99.655 	 11.539
FHW12239	381.625 	 99.655 	 11.541
FHW12239	381.750 	 99.656 	 11.540
FHW12239	381.875 	 99.655 	 11.541
FHW12239	382.000 	 99.655 	 11.539
FHW12239	382.125 	 99.656 	 11.542
FHW12239	382.250 	 99.655 	 11.539
FHW12239	382.375 	 99.648 	 11.539
FHW12239	382.500 	 99.656 	 11.542
FHW12239	382.625 	 99.655 	 11.539
FHW12239	382.750 	 99.655 	 11.541
FHW12239	382.875 	 99.656 	 11.540
FHW12239	383.000 	 99.655 	 11.539
FHW12239	383.125 	 99.655 	 11.541
FHW12239	383.250 	 99.656 	 11.540
FHW12239	383.375 	 99.655 	 11.541
FHW12239	383.500 	 99.655 	 11.539
FHW12239	383.625 	 99.656 	 11.542
FHW12239	383.750 	 99.655 	 11.539
FHW12239	383.875 	 99.648 	 11.539
FHW12239	384.000 	 99.656 	 11.542
FHW12239	384.125 	 99.655 	 11.539
FHW12239	384.250 	 99.656 	 11.542
FHW12239	384.375 	 99.655 	 11.539
FHW12239	384.500 	 99.655 	 11.539
FHW12239	384.625 	 99.656 	 11.542
FHW12239	384.750 	 99.655 	 11.539
FHW12239	384.875 	 99.669 	 11.460
FHW12239	385.000 	 99.713 	 11.256
FHW12239	385.125 	 99.706 	 11.256
FHW12239	385.250 	 99.713 	 11.256
FHW12239	385.375 	 99.711 	 11.254
FHW12239	385.500 	 99.706 	 11.254
FHW12239	385.625 	 99.713 	 11.256
FHW12239	385.750 	 99.711 	 11.254
FHW12239	385.875 	 99.706 	 11.256
FHW12239	386.000 	 99.713 	 11.256
FHW12239	386.125 	 99.713 	 11.256
FHW12239	386.250 	 99.705 	 11.253
FHW12239	386.375 	 99.713 	 11.256
FHW12239	386.500 	 99.713 	 11.256
FHW12239	386.625 	 99.706 	 11.256
FHW12239	386.750 	 99.711 	 11.254
FHW12239	386.875 	 99.713 	 11.256
FHW12239	387.000 	 99.706 	 11.256
FHW12239	387.125 	 99.713 	 11.254
FHW12239	387.250 	 99.711 	 11.254
FHW12239	387.375 	 99.706 	 11.256
FHW12239	387.500 	 99.713 	 11.256
FHW12239	387.625 	 99.711 	 11.254
FHW12239	387.750 	 99.706 	 11.256
FHW12239	387.875 	 99.713 	 11.254
FHW12239	388.000 	 99.713 	 11.256
FHW12239	388.125 	 99.705 	 11.254
FHW12239	388.250 	 99.713 	 11.256
FHW12239	388.375 	 99.713 	 11.256
FHW12239	388.500 	 99.713 	 11.256
FHW12239	388.625 	 99.705 	 11.253
FHW12239	388.750 	 99.713 	 11.256
FHW12239	388.875 	 99.713 	 11.256
FHW12239	389.000 	 99.705 	 11.254
FHW12239	389.125 	 99.713 	 11.256
FHW12239	389.250 	 99.713 	 11.256
FHW12239	389.375 	 99.706 	 11.254
FHW12239	389.500 	 99.711 	 11.254
FHW12239	389.625 	 99.713 	 11.256
FHW12239	389.750 	 99.706 	 11.256
FHW12239	389.875 	 99.713 	 11.256
FHW12239	390.000 	 99.711 	 11.254
FHW12239	390.125 	 99.706 	 11.254
FHW12239	390.250 	 99.713 	 11.256
FHW12239	390.375 	 99.711 	 11.254
FHW12239	390.500 	 99.706 	 11.256
FHW12239	390.625 	 99.713 	 11.256
FHW12239	390.750 	 99.713 	 11.256
FHW12239	390.875 	 99.705 	 11.253
FHW12239	391.000 	 99.713 	 11.256
FHW12239	391.125 	 99.713 	 11.256
FHW12239	391.250 	 99.706 	 11.256
FHW12239	391.375 	 99.711 	 11.254
FHW12239	391.500 	 99.713 	 11.256
FHW12239	391.625 	 99.706 	 11.256
FHW12239	391.750 	 99.713 	 11.254
FHW12239	391.875 	 99.711 	 11.254
FHW12239	392.000 	 99.706 	 11.256
FHW12239	392.125 	 99.713 	 11.256
FHW12239	392.250 	 99.711 	 11.254
FHW12239	392.375 	 99.706 	 11.256
FHW12239	392.500 	 99.713 	 11.254
FHW12239	392.625 	 99.713 	 11.256
FHW12239	392.750 	 99.705 	 11.254
FHW12239	392.875 	 99.713 	 11.256
FHW12239	393.000 	 99.713 	 11.256
FHW12239	393.125 	 99.713 	 11.256
FHW12239	393.250 	 99.705 	 11.253
FHW12239	393.375 	 99.713 	 11.256
FHW12239	393.500 	 99.713 	 11.256
FHW12239	393.625 	 99.705 	 11.254
FHW12239	393.750 	 99.713 	 11.256
FHW12239	393.875 	 99.713 	 11.256
FHW12239	394.000 	 99.706 	 11.254
FHW12239	394.125 	 99.309 	 11.212
FHW12239	394.250 	 98.275 	 11.100
FHW12239	394.375 	 98.275 	 11.099
FHW12239	394.500 	 98.276 	 11.100
FHW12239	394.625 	 98.275 	 11.100
FHW12239	394.750 	 98.276 	 11.100
FHW12239	394.875 	 98.275 	 11.100
FHW12239	395.000 	 98.276 	 11.100
FHW12239	395.125 	 98.275 	 11.100
FHW12239	395.250 	 98.276 	 11.100
FHW12239	395.375 	 98.275 	 11.100
FHW12239	395.500 	 98.276 	 11.100
FHW12239	395.625 	 98.275 	 11.100
FHW12239	395.750 	 98.276 	 11.100
FHW12239	395.875 	 98.268 	 11.100
FHW12239	396.000 	 98.276 	 11.100
FHW12239	396.125 	 98.275 	 11.099
FHW12239	396.250 	 98.276 	 11.102
FHW12239	396.375 	 98.275 	 11.099
FHW12239	396.500 	 98.276 	 11.102
FHW12239	396.625 	 98.275 	 11.099
FHW12239	396.750 	 98.276 	 11.102
FHW12239	396.875 	 98.275 	 11.099
FHW12239	397.000 	 98.276 	 11.102
FHW12239	397.125 	 98.275 	 11.099
FHW12239	397.250 	 98.276 	 11.102
FHW12239	397.375 	 98.275 	 11.099
FHW12239	397.500 	 98.276 	 11.100
FHW12239	397.625 	 98.275 	 11.100
FHW12239	397.750 	 98.276 	 11.100
FHW12239	397.875 	 98.275 	 11.100
FHW12239	398.000 	 98.276 	 11.100
FHW12239	398.125 	 98.276 	 11.102
FHW12239	398.250 	 98.274 	 11.097
FHW12239	398.375 	 98.276 	 11.102
FHW12239	398.500 	 98.276 	 11.100
FHW12239	398.625 	 98.267 	 11.099
FHW12239	398.750 	 98.276 	 11.100
FHW12239	398.875 	 98.276 	 11.102
FHW12239	399.000 	 98.276 	 11.100
FHW12239	399.125 	 98.274 	 11.097
FHW12239	399.250 	 98.276 	 11.102
FHW12239	399.375 	 98.276 	 11.100
FHW12239	399.500 	 98.276 	 11.102
FHW12239	399.625 	 98.274 	 11.097
FHW12239	399.750 	 98.276 	 11.102
FHW12239	399.875 	 98.276 	 11.100
FHW12239	400.000 	 98.276 	 11.102
FHW12239	400.125 	 98.274 	 11.097
FHW12239	400.250 	 98.276 	 11.102
FHW12239	400.375 	 98.276 	 11.100
FHW12239	400.500 	 98.276 	 11.102
FHW12239	400.625 	 98.274 	 11.097
FHW12239	400.750 	 98.276 	 11.100
FHW12239	400.875 	 98.276 	 11.102
FHW12239	401.000 	 98.276 	 11.100
FHW12239	401.125 	 98.274 	 11.099
FHW12239	401.250 	 98.276 	 11.100
FHW12239	401.375 	 98.269 	 11.102
FHW12239	401.500 	 98.276 	 11.100
FHW12239	401.625 	 98.274 	 11.099
FHW12239	401.750 	 98.276 	 11.100
FHW12239	401.875 	 98.276 	 11.102
FHW12239	402.000 	 98.276 	 11.100
FHW12239	402.125 	 98.274 	 11.097
FHW12239	402.250 	 98.276 	 11.102
FHW12239	402.375 	 98.276 	 11.100
FHW12239	402.500 	 98.276 	 11.102
FHW12239	402.625 	 96.610 	 11.151
FHW12239	402.750 	 96.083 	 11.172
FHW12239	402.875 	 96.089 	 11.168
FHW12239	403.000 	 96.083 	 11.172
FHW12239	403.125 	 96.082 	 11.169
FHW12239	403.250 	 96.090 	 11.172
FHW12239	403.375 	 96.082 	 11.168
FHW12239	403.500 	 96.083 	 11.172
FHW12239	403.625 	 96.089 	 11.169
FHW12239	403.750 	 96.082 	 11.168
FHW12239	403.875 	 96.083 	 11.172
FHW12239	404.000 	 96.089 	 11.169
FHW12239	404.125 	 96.083 	 11.170
FHW12239	404.250 	 96.082 	 11.169
FHW12239	404.375 	 96.090 	 11.172
FHW12239	404.500 	 96.082 	 11.169
FHW12239	404.625 	 96.083 	 11.170
FHW12239	404.750 	 96.089 	 11.169
FHW12239	404.875 	 96.083 	 11.172
FHW12239	405.000 	 96.082 	 11.168
FHW12239	405.125 	 96.090 	 11.172
FHW12239	405.250 	 96.082 	 11.169
FHW12239	405.375 	 96.082 	 11.169
FHW12239	405.500 	 96.090 	 11.170
FHW12239	405.625 	 96.082 	 11.169
FHW12239	405.750 	 96.083 	 11.172
FHW12239	405.875 	 96.089 	 11.168
FHW12239	406.000 	 96.083 	 11.172
FHW12239	406.125 	 96.082 	 11.169
FHW12239	406.250 	 96.090 	 11.172
FHW12239	406.375 	 96.082 	 11.168
FHW12239	406.500 	 96.083 	 11.172
FHW12239	406.625 	 96.089 	 11.169
FHW12239	406.750 	 96.083 	 11.170
FHW12239	406.875 	 96.082 	 11.169
FHW12239	407.000 	 96.089 	 11.169
FHW12239	407.125 	 96.083 	 11.170
FHW12239	407.250 	 96.082 	 11.169
FHW12239	407.375 	 96.090 	 11.172
FHW12239	407.500 	 96.082 	 11.169
FHW12239	407.625 	 96.083 	 11.170
FHW12239	407.750 	 96.089 	 11.169
FHW12239	407.875 	 96.083 	 11.172
FHW12239	408.000 	 96.082 	 11.168
FHW12239	408.125 	 96.090 	 11.172
FHW12239	408.250 	 96.082 	 11.169
FHW12239	408.375 	 96.083 	 11.172
FHW12239	408.500 	 96.089 	 11.168
FHW12239	408.625 	 96.082 	 11.169
FHW12239	408.750 	 96.083 	 11.172
FHW12239	408.875 	 96.089 	 11.168
FHW12239	409.000 	 96.083 	 11.172
FHW12239	409.125 	 96.082 	 11.169
FHW12239	409.250 	 96.090 	 11.172
FHW12239	409.375 	 96.082 	 11.168
FHW12239	409.500 	 96.083 	 11.172
FHW12239	409.625 	 96.089 	 11.169
FHW12239	409.750 	 96.083 	 11.170
FHW12239	409.875 	 96.082 	 11.169
FHW12239	410.000 	 96.089 	 11.169
FHW12239	410.125 	 96.083 	 11.170
FHW12239	410.250 	 96.082 	 11.169
FHW12239	410.375 	 96.083 	 11.172
FHW12239	410.500 	 96.089 	 11.169
FHW12239	410.625 	 96.083 	 11.170
FHW12239	410.750 	 96.082 	 11.169
FHW12239	410.875 	 96.090 	 11.172
FHW12239	411.000 	 96.082 	 11.168
FHW12239	411.125 	 96.083 	 11.172
FHW12239	411.250 	 96.089 	 11.169
FHW12239	411.375 	 96.083 	 11.172
FHW12239	411.500 	 96.082 	 11.168
FHW12239	411.625 	 96.089 	 11.169
FHW12239	411.750 	 96.083 	 11.172
FHW12239	411.875 	 94.622 	 11.070
FHW12239	412.000 	 94.347 	 11.048
FHW12239	412.125 	 94.348 	 11.051
FHW12239	412.250 	 94.340 	 11.050
FHW12239	412.375 	 94.348 	 11.051
FHW12239	412.500 	 94.347 	 11.048
FHW12239	412.625 	 94.341 	 11.052
FHW12239	412.750 	 94.348 	 11.051
FHW12239	412.875 	 94.340 	 11.048
FHW12239	413.000 	 94.348 	 11.052
FHW12239	413.125 	 94.347 	 11.048
FHW12239	413.250 	 94.341 	 11.051
FHW12239	413.375 	 94.348 	 11.052
FHW12239	413.500 	 94.347 	 11.048
FHW12239	413.625 	 94.341 	 11.051
FHW12239	413.750 	 94.347 	 11.048
FHW12239	413.875 	 94.341 	 11.052
FHW12239	414.000 	 94.347 	 11.048
FHW12239	414.125 	 94.348 	 11.051
FHW12239	414.250 	 94.341 	 11.052
FHW12239	414.375 	 94.347 	 11.048
FHW12239	414.500 	 94.348 	 11.051
FHW12239	414.625 	 94.340 	 11.050
FHW12239	414.750 	 94.348 	 11.051
FHW12239	414.875 	 94.341 	 11.051
FHW12239	415.000 	 94.347 	 11.050
FHW12239	415.125 	 94.348 	 11.051
FHW12239	415.250 	 94.340 	 11.048
FHW12239	415.375 	 94.348 	 11.051
FHW12239	415.500 	 94.347 	 11.050
FHW12239	415.625 	 94.341 	 11.051
FHW12239	415.750 	 94.348 	 11.051
FHW12239	415.875 	 94.340 	 11.050
FHW12239	416.000 	 94.348 	 11.051
FHW12239	416.125 	 94.347 	 11.048
FHW12239	416.250 	 94.341 	 11.052
FHW12239	416.375 	 94.347 	 11.048
FHW12239	416.500 	 94.348 	 11.051
FHW12239	416.625 	 94.341 	 11.052
FHW12239	416.750 	 94.347 	 11.048
FHW12239	416.875 	 94.341 	 11.051
FHW12239	417.000 	 94.347 	 11.048
FHW12239	417.125 	 94.348 	 11.052
FHW12239	417.250 	 94.341 	 11.051
FHW12239	417.375 	 94.347 	 11.048
FHW12239	417.500 	 94.348 	 11.052
FHW12239	417.625 	 94.340 	 11.048
FHW12239	417.750 	 94.348 	 11.051
FHW12239	417.875 	 94.340 	 11.050
FHW12239	418.000 	 94.348 	 11.051
FHW12239	418.125 	 94.348 	 11.051
FHW12239	418.250 	 94.340 	 11.048
FHW12239	418.375 	 94.348 	 11.052
FHW12239	418.500 	 94.347 	 11.048
FHW12239	418.625 	 94.341 	 11.051
FHW12239	418.750 	 94.348 	 11.052
FHW12239	418.875 	 94.340 	 11.048
FHW12239	419.000 	 94.348 	 11.051
FHW12239	419.125 	 94.347 	 11.050
FHW12239	419.250 	 94.341 	 11.051
FHW12239	419.375 	 94.347 	 11.048
FHW12239	419.500 	 94.348 	 11.052
FHW12239	419.625 	 94.341 	 11.051
FHW12239	419.750 	 94.347 	 11.048
FHW12239	419.875 	 94.341 	 11.051
FHW12239	420.000 	 94.347 	 11.050
FHW12239	420.125 	 94.348 	 11.051
FHW12239	420.250 	 94.340 	 11.048
FHW12239	420.375 	 94.348 	 11.052
FHW12239	420.500 	 94.348 	 11.051
FHW12239	420.625 	 94.340 	 11.048
FHW12239	420.750 	 94.348 	 11.052
FHW12239	420.875 	 94.340 	 11.048
FHW12239	421.000 	 94.348 	 11.051
FHW12239	421.125 	 94.039 	 11.038
FHW12239	421.250 	 93.744 	 11.024
FHW12239	421.375 	 93.751 	 11.024
FHW12239	421.500 	 93.751 	 11.024
FHW12239	421.625 	 93.752 	 11.027
FHW12239	421.750 	 93.751 	 11.024
FHW12239	421.875 	 93.744 	 11.024
FHW12239	422.000 	 93.751 	 11.024
FHW12239	422.125 	 93.752 	 11.027
FHW12239	422.250 	 93.751 	 11.024
FHW12239	422.375 	 93.744 	 11.024
FHW12239	422.500 	 93.751 	 11.024
FHW12239	422.625 	 93.751 	 11.024
FHW12239	422.750 	 93.752 	 11.027
FHW12239	422.875 	 93.751 	 11.024
FHW12239	423.000 	 93.744 	 11.024
FHW12239	423.125 	 93.751 	 11.024
FHW12239	423.250 	 93.751 	 11.024
FHW12239	423.375 	 93.752 	 11.027
FHW12239	423.500 	 93.744 	 11.024
FHW12239	423.625 	 93.751 	 11.024
FHW12239	423.750 	 93.751 	 11.026
FHW12239	423.875 	 93.752 	 11.027
FHW12239	424.000 	 93.751 	 11.024
FHW12239	424.125 	 93.744 	 11.024
FHW12239	424.250 	 93.751 	 11.024
FHW12239	424.375 	 93.751 	 11.024
FHW12239	424.500 	 93.752 	 11.027
FHW12239	424.625 	 93.751 	 11.024
FHW12239	424.750 	 93.744 	 11.024
FHW12239	424.875 	 93.751 	 11.024
FHW12239	425.000 	 93.751 	 11.024
FHW12239	425.125 	 93.752 	 11.027
FHW12239	425.250 	 93.744 	 11.024
FHW12239	425.375 	 93.751 	 11.024
FHW12239	425.500 	 93.751 	 11.024
FHW12239	425.625 	 93.751 	 11.024
FHW12239	425.750 	 93.752 	 11.027
FHW12239	425.875 	 93.744 	 11.024
FHW12239	426.000 	 93.751 	 11.024
FHW12239	426.125 	 93.751 	 11.024
FHW12239	426.250 	 93.752 	 11.027
FHW12239	426.375 	 93.744 	 11.024
FHW12239	426.500 	 93.751 	 11.024
FHW12239	426.625 	 93.751 	 11.024
FHW12239	426.750 	 93.751 	 11.024
FHW12239	426.875 	 93.752 	 11.029
FHW12239	427.000 	 93.744 	 11.024
FHW12239	427.125 	 93.751 	 11.024
FHW12239	427.250 	 93.751 	 11.024
FHW12239	427.375 	 93.751 	 11.024
FHW12239	427.500 	 93.752 	 11.027
FHW12239	427.625 	 93.744 	 11.024
FHW12239	427.750 	 93.751 	 11.024
FHW12239	427.875 	 93.751 	 11.024
FHW12239	428.000 	 93.752 	 11.027
FHW12239	428.125 	 93.744 	 11.024
FHW12239	428.250 	 93.751 	 11.024
FHW12239	428.375 	 93.751 	 11.024
FHW12239	428.500 	 93.751 	 11.024
FHW12239	428.625 	 93.752 	 11.027
FHW12239	428.750 	 93.744 	 11.024
FHW12239	428.875 	 93.751 	 11.024
FHW12239	429.000 	 93.751 	 11.024
FHW12239	429.125 	 93.751 	 11.024
FHW12239	429.250 	 93.752 	 11.027
FHW12239	429.375 	 93.744 	 11.024
FHW12239	429.500 	 93.751 	 11.024
FHW12239	429.625 	 93.751 	 11.024
FHW12239	429.750 	 93.752 	 11.027
FHW12239	429.875 	 93.744 	 11.024
FHW12239	430.000 	 93.751 	 11.026
FHW12239	430.125 	 93.751 	 11.024
FHW12239	430.250 	 93.751 	 11.024
FHW12239	430.375 	 93.752 	 11.027
FHW12239	430.500 	 94.487 	 10.932
FHW12239	430.625 	 94.530 	 10.929
FHW12239	430.750 	 94.523 	 10.931
FHW12239	430.875 	 94.523 	 10.929
FHW12239	431.000 	 94.530 	 10.931
FHW12239	431.125 	 94.523 	 10.931
FHW12239	431.250 	 94.523 	 10.929
FHW12239	431.375 	 94.523 	 10.931
FHW12239	431.500 	 94.530 	 10.931
FHW12239	431.625 	 94.523 	 10.929
FHW12239	431.750 	 94.523 	 10.931
FHW12239	431.875 	 94.530 	 10.929
FHW12239	432.000 	 94.523 	 10.931
FHW12239	432.125 	 94.523 	 10.931
FHW12239	432.250 	 94.523 	 10.929
FHW12239	432.375 	 94.529 	 10.928
FHW12239	432.500 	 94.523 	 10.929
FHW12239	432.625 	 94.523 	 10.931
FHW12239	432.750 	 94.523 	 10.931
FHW12239	432.875 	 94.530 	 10.929
FHW12239	433.000 	 94.523 	 10.931
FHW12239	433.125 	 94.523 	 10.929
FHW12239	433.250 	 94.530 	 10.931
FHW12239	433.375 	 94.523 	 10.931
FHW12239	433.500 	 94.523 	 10.929
FHW12239	433.625 	 94.523 	 10.931
FHW12239	433.750 	 94.530 	 10.931
FHW12239	433.875 	 94.523 	 10.929
FHW12239	434.000 	 94.523 	 10.931
FHW12239	434.125 	 94.530 	 10.929
FHW12239	434.250 	 94.522 	 10.928
FHW12239	434.375 	 94.523 	 10.931
FHW12239	434.500 	 94.523 	 10.929
FHW12239	434.625 	 94.530 	 10.931
FHW12239	434.750 	 94.523 	 10.929
FHW12239	434.875 	 94.523 	 10.931
FHW12239	435.000 	 94.530 	 10.931
FHW12239	435.125 	 94.523 	 10.929
FHW12239	435.250 	 94.523 	 10.931
FHW12239	435.375 	 94.523 	 10.929
FHW12239	435.500 	 94.530 	 10.931
FHW12239	435.625 	 94.523 	 10.931
FHW12239	435.750 	 94.523 	 10.929
FHW12239	435.875 	 94.530 	 10.931
FHW12239	436.000 	 94.523 	 10.931
FHW12239	436.125 	 94.523 	 10.929
FHW12239	436.250 	 94.522 	 10.928
FHW12239	436.375 	 94.530 	 10.929
FHW12239	436.500 	 94.523 	 10.931
FHW12239	436.625 	 94.523 	 10.931
FHW12239	436.750 	 94.523 	 10.929
FHW12239	436.875 	 94.530 	 10.931
FHW12239	437.000 	 94.523 	 10.929
FHW12239	437.125 	 94.523 	 10.931
FHW12239	437.250 	 94.530 	 10.931
FHW12239	437.375 	 94.523 	 10.929
FHW12239	437.500 	 94.523 	 10.931
FHW12239	437.625 	 94.523 	 10.929
FHW12239	437.750 	 94.530 	 10.931
FHW12239	437.875 	 94.523 	 10.931
FHW12239	438.000 	 94.523 	 10.929
FHW12239	438.125 	 94.529 	 10.928
FHW12239	438.250 	 94.523 	 10.931
FHW12239	438.375 	 94.523 	 10.929
FHW12239	438.500 	 94.523 	 10.931
FHW12239	438.625 	 94.530 	 10.929
FHW12239	438.750 	 94.523 	 10.931
FHW12239	438.875 	 94.523 	 10.931
FHW12239	439.000 	 94.530 	 10.929
FHW12239	439.125 	 94.523 	 10.931
FHW12239	439.250 	 94.685 	 10.932
FHW12239	439.375 	 95.190 	 10.935
FHW12239	439.500 	 95.190 	 10.936
FHW12239	439.625 	 95.189 	 10.932
FHW12239	439.750 	 95.190 	 10.935
FHW12239	439.875 	 95.190 	 10.936
FHW12239	440.000 	 95.190 	 10.935
FHW12239	440.125 	 95.190 	 10.936
FHW12239	440.250 	 95.190 	 10.935
FHW12239	440.375 	 95.190 	 10.936
FHW12239	440.500 	 95.189 	 10.932
FHW12239	440.625 	 95.190 	 10.936
FHW12239	440.750 	 95.190 	 10.935
FHW12239	440.875 	 95.190 	 10.935
FHW12239	441.000 	 95.190 	 10.936
FHW12239	441.125 	 95.190 	 10.935
FHW12239	441.250 	 95.190 	 10.936
FHW12239	441.375 	 95.189 	 10.932
FHW12239	441.500 	 95.190 	 10.936
FHW12239	441.625 	 95.197 	 10.935
FHW12239	441.750 	 95.190 	 10.936
FHW12239	441.875 	 95.190 	 10.935
FHW12239	442.000 	 95.190 	 10.935
FHW12239	442.125 	 95.190 	 10.936
FHW12239	442.250 	 95.189 	 10.932
FHW12239	442.375 	 95.190 	 10.936
FHW12239	442.500 	 95.190 	 10.935
FHW12239	442.625 	 95.190 	 10.936
FHW12239	442.750 	 95.190 	 10.935
FHW12239	442.875 	 95.190 	 10.936
FHW12239	443.000 	 95.189 	 10.932
FHW12239	443.125 	 95.190 	 10.935
FHW12239	443.250 	 95.190 	 10.936
FHW12239	443.375 	 95.190 	 10.935
FHW12239	443.500 	 95.190 	 10.936
FHW12239	443.625 	 95.190 	 10.935
FHW12239	443.750 	 95.190 	 10.936
FHW12239	443.875 	 95.189 	 10.932
FHW12239	444.000 	 95.190 	 10.936
FHW12239	444.125 	 95.190 	 10.935
FHW12239	444.250 	 95.190 	 10.935
FHW12239	444.375 	 95.190 	 10.936
FHW12239	444.500 	 95.190 	 10.935
FHW12239	444.625 	 95.190 	 10.936
FHW12239	444.750 	 95.189 	 10.932
FHW12239	444.875 	 95.190 	 10.936
FHW12239	445.000 	 95.197 	 10.935
FHW12239	445.125 	 95.190 	 10.936
FHW12239	445.250 	 95.190 	 10.935
FHW12239	445.375 	 95.190 	 10.935
FHW12239	445.500 	 95.190 	 10.936
FHW12239	445.625 	 95.189 	 10.932
FHW12239	445.750 	 95.190 	 10.936
FHW12239	445.875 	 95.190 	 10.935
FHW12239	446.000 	 95.190 	 10.936
FHW12239	446.125 	 95.190 	 10.935
FHW12239	446.250 	 95.190 	 10.936
FHW12239	446.375 	 95.190 	 10.935
FHW12239	446.500 	 95.189 	 10.932
FHW12239	446.625 	 95.190 	 10.936
FHW12239	446.750 	 95.190 	 10.935
FHW12239	446.875 	 95.190 	 10.936
FHW12239	447.000 	 95.190 	 10.935
FHW12239	447.125 	 95.190 	 10.936
FHW12239	447.250 	 95.190 	 10.935
FHW12239	447.375 	 95.189 	 10.934
FHW12239	447.500 	 95.190 	 10.935
FHW12239	447.625 	 95.190 	 10.935
FHW12239	447.750 	 95.190 	 10.936
FHW12239	447.875 	 95.190 	 10.935
FHW12239	448.000 	 95.190 	 10.936
FHW12239	448.125 	 95.190 	 10.935
FHW12239	448.250 	 95.189 	 10.934
FHW12239	448.375 	 95.197 	 10.935
FHW12239	448.500 	 95.190 	 10.936
FHW12239	448.625 	 95.190 	 10.935
FHW12239	448.750 	 95.190 	 10.935
FHW12239	448.875 	 95.190 	 10.936
FHW12239	449.000 	 95.260 	 10.989
FHW12239	449.125 	 95.330 	 11.050
FHW12239	449.250 	 95.338 	 11.051
FHW12239	449.375 	 95.337 	 11.049
FHW12239	449.500 	 95.330 	 11.050
FHW12239	449.625 	 95.338 	 11.051
FHW12239	449.750 	 95.337 	 11.049
FHW12239	449.875 	 95.330 	 11.049
FHW12239	450.000 	 95.338 	 11.053
FHW12239	450.125 	 95.337 	 11.049
FHW12239	450.250 	 95.330 	 11.049
FHW12239	450.375 	 95.338 	 11.053
FHW12239	450.500 	 95.337 	 11.049
FHW12239	450.625 	 95.337 	 11.049
FHW12239	450.750 	 95.331 	 11.051
FHW12239	450.875 	 95.337 	 11.050
FHW12239	451.000 	 95.338 	 11.051
FHW12239	451.125 	 95.330 	 11.049
FHW12239	451.250 	 95.337 	 11.050
FHW12239	451.375 	 95.338 	 11.051
FHW12239	451.500 	 95.330 	 11.049
FHW12239	451.625 	 95.337 	 11.049
FHW12239	451.750 	 95.338 	 11.053
FHW12239	451.875 	 95.330 	 11.049
FHW12239	452.000 	 95.337 	 11.049
FHW12239	452.125 	 95.338 	 11.053
FHW12239	452.250 	 95.330 	 11.049
FHW12239	452.375 	 95.337 	 11.049
FHW12239	452.500 	 95.338 	 11.051
FHW12239	452.625 	 95.337 	 11.050
FHW12239	452.750 	 95.331 	 11.051
FHW12239	452.875 	 95.337 	 11.049
FHW12239	453.000 	 95.337 	 11.050
FHW12239	453.125 	 95.331 	 11.051
FHW12239	453.250 	 95.337 	 11.049
FHW12239	453.375 	 95.337 	 11.049
FHW12239	453.500 	 95.331 	 11.053
FHW12239	453.625 	 95.337 	 11.049
FHW12239	453.750 	 95.337 	 11.049
FHW12239	453.875 	 95.331 	 11.053
FHW12239	454.000 	 95.337 	 11.049
FHW12239	454.125 	 95.337 	 11.049
FHW12239	454.250 	 95.331 	 11.051
FHW12239	454.375 	 95.337 	 11.050
FHW12239	454.500 	 95.337 	 11.049
FHW12239	454.625 	 95.338 	 11.051
FHW12239	454.750 	 95.330 	 11.050
FHW12239	454.875 	 95.338 	 11.051
FHW12239	455.000 	 95.337 	 11.049
FHW12239	455.125 	 95.330 	 11.049
FHW12239	455.250 	 95.338 	 11.053
FHW12239	455.375 	 95.337 	 11.049
FHW12239	455.500 	 95.330 	 11.049
FHW12239	455.625 	 95.338 	 11.053
FHW12239	455.750 	 95.337 	 11.049
FHW12239	455.875 	 95.330 	 11.049
FHW12239	456.000 	 95.338 	 11.051
FHW12239	456.125 	 95.337 	 11.050
FHW12239	456.250 	 95.330 	 11.049
FHW12239	456.375 	 95.338 	 11.051
FHW12239	456.500 	 95.337 	 11.050
FHW12239	456.625 	 95.331 	 11.051
FHW12239	456.750 	 95.337 	 11.049
FHW12239	456.875 	 95.337 	 11.050
FHW12239	457.000 	 95.338 	 11.051
FHW12239	457.125 	 95.330 	 11.049
FHW12239	457.250 	 95.337 	 11.049
FHW12239	457.375 	 95.338 	 11.053
FHW12239	457.500 	 95.330 	 11.049
FHW12239	457.625 	 95.337 	 11.049
FHW12239	457.750 	 95.338 	 11.053
FHW12239	457.875 	 95.330 	 11.049
FHW12239	458.000 	 95.337 	 11.049
FHW12239	458.125 	 95.338 	 11.051
FHW12239	458.250 	 95.330 	 11.050
FHW12239	458.375 	 95.338 	 11.051
FHW12239	458.500 	 95.337 	 11.049
FHW12239	458.625 	 95.330 	 11.050
FHW12239	458.750 	 95.338 	 11.051
FHW12239	458.875 	 95.337 	 11.049
FHW12239	459.000 	 95.337 	 11.049
FHW12239	459.125 	 95.331 	 11.053
FHW12239	459.250 	 95.337 	 11.049
FHW12239	459.375 	 95.337 	 11.049
FHW12239	459.500 	 95.331 	 11.053
FHW12239	459.625 	 95.337 	 11.049
FHW12239	459.750 	 95.337 	 11.049
FHW12239	459.875 	 95.331 	 11.051
FHW12239	460.000 	 95.337 	 11.050
FHW12239	460.125 	 95.338 	 11.051
FHW12239	460.250 	 95.330 	 11.049
FHW12239	460.375 	 95.337 	 11.050
FHW12239	460.500 	 95.338 	 11.051
FHW12239	460.625 	 95.330 	 11.049
FHW12239	460.750 	 95.337 	 11.049
FHW12239	460.875 	 95.338 	 11.053
FHW12239	461.000 	 95.337 	 11.049
FHW12239	461.125 	 95.330 	 11.049
FHW12239	461.250 	 95.338 	 11.053
FHW12239	461.375 	 95.337 	 11.049
FHW12239	461.500 	 95.330 	 11.049
FHW12239	461.625 	 95.338 	 11.051
FHW12239	461.750 	 95.337 	 11.050
FHW12239	461.875 	 95.331 	 11.051
FHW12239	462.000 	 95.337 	 11.049
FHW12239	462.125 	 95.337 	 11.050
FHW12239	462.250 	 95.331 	 11.051
FHW12239	462.375 	 95.337 	 11.049
FHW12239	462.500 	 95.337 	 11.049
FHW12239	462.625 	 95.331 	 11.053
FHW12239	462.750 	 95.337 	 11.049
FHW12239	462.875 	 95.337 	 11.049
FHW12239	463.000 	 95.338 	 11.053
FHW12239	463.125 	 95.330 	 11.049
FHW12239	463.250 	 95.337 	 11.049
FHW12239	463.375 	 95.338 	 11.051
FHW12239	463.500 	 95.330 	 11.050
FHW12239	463.625 	 95.338 	 11.051
FHW12239	463.750 	 95.337 	 11.049
FHW12239	463.875 	 95.330 	 11.050
FHW12239	464.000 	 95.338 	 11.051
FHW12239	464.125 	 95.337 	 11.049
FHW12239	464.250 	 95.330 	 11.049
FHW12239	464.375 	 95.338 	 11.053
FHW12239	464.500 	 95.337 	 11.049
FHW12239	464.625 	 95.330 	 11.049
FHW12239	464.750 	 95.338 	 11.053
FHW12239	464.875 	 95.337 	 11.049
FHW12239	465.000 	 95.337 	 11.049
FHW12239	465.125 	 95.331 	 11.051
FHW12239	465.250 	 95.337 	 11.050
FHW12239	465.375 	 95.338 	 11.051
FHW12239	465.500 	 95.330 	 11.049
FHW12239	465.625 	 95.337 	 11.050
FHW12239	465.750 	 95.338 	 11.051
FHW12239	465.875 	 95.330 	 11.049
FHW12239	466.000 	 95.337 	 11.049
FHW12239	466.125 	 95.338 	 11.053
FHW12239	466.250 	 95.330 	 11.049
FHW12239	466.375 	 95.337 	 11.049
FHW12239	466.500 	 95.338 	 11.053
FHW12239	466.625 	 95.330 	 11.049
FHW12239	466.750 	 95.337 	 11.049
FHW12239	466.875 	 95.338 	 11.051
FHW12239	467.000 	 95.337 	 11.050
FHW12239	467.125 	 95.331 	 11.051
FHW12239	467.250 	 95.337 	 11.049
FHW12239	467.375 	 95.337 	 11.050
FHW12239	467.500 	 95.331 	 11.051
FHW12239	467.625 	 95.337 	 11.049
FHW12239	467.750 	 95.337 	 11.049
FHW12239	467.875 	 95.331 	 11.053
FHW12239	468.000 	 95.337 	 11.049
