#WellName	 Depth.M	 INCL	 AZIM 
WellName	 Depth.M	 INCL	 AZIM 
FHW13058	0.000 	 0.000 	 0.000
FHW13058	0.125 	 0.000 	 90.000
FHW13058	0.250 	 0.000 	 90.000
FHW13058	0.375 	 0.000 	 90.000
FHW13058	0.500 	 0.000 	 90.000
FHW13058	0.625 	 0.000 	 90.000
FHW13058	0.750 	 0.000 	 90.000
FHW13058	0.875 	 0.000 	 90.000
FHW13058	1.000 	 0.000 	 90.000
FHW13058	1.125 	 0.000 	 90.000
FHW13058	1.250 	 0.000 	 90.000
FHW13058	1.375 	 0.000 	 90.000
FHW13058	1.500 	 0.000 	 90.000
FHW13058	1.625 	 0.000 	 90.000
FHW13058	1.750 	 0.000 	 90.000
FHW13058	1.875 	 0.000 	 90.000
FHW13058	2.000 	 0.000 	 90.000
FHW13058	2.125 	 0.000 	 90.000
FHW13058	2.250 	 0.000 	 90.000
FHW13058	2.375 	 0.000 	 90.000
FHW13058	2.500 	 0.000 	 90.000
FHW13058	2.625 	 0.000 	 90.000
FHW13058	2.750 	 0.000 	 90.000
FHW13058	2.875 	 0.000 	 90.000
FHW13058	3.000 	 0.000 	 90.000
FHW13058	3.125 	 0.000 	 90.000
FHW13058	3.250 	 0.000 	 90.000
FHW13058	3.375 	 0.000 	 90.000
FHW13058	3.500 	 0.000 	 90.000
FHW13058	3.625 	 0.000 	 90.000
FHW13058	3.750 	 0.000 	 90.000
FHW13058	3.875 	 0.000 	 90.000
FHW13058	4.000 	 0.000 	 90.000
FHW13058	4.125 	 0.000 	 90.000
FHW13058	4.250 	 0.000 	 90.000
FHW13058	4.375 	 0.000 	 90.000
FHW13058	4.500 	 0.000 	 90.000
FHW13058	4.625 	 0.000 	 90.000
FHW13058	4.750 	 0.000 	 90.000
FHW13058	4.875 	 0.000 	 90.000
FHW13058	5.000 	 0.000 	 90.000
FHW13058	5.125 	 0.000 	 90.000
FHW13058	5.250 	 0.000 	 90.000
FHW13058	5.375 	 0.000 	 90.000
FHW13058	5.500 	 0.000 	 90.000
FHW13058	5.625 	 0.000 	 90.000
FHW13058	5.750 	 0.000 	 90.000
FHW13058	5.875 	 0.000 	 90.000
FHW13058	6.000 	 0.000 	 90.000
FHW13058	6.125 	 0.000 	 90.000
FHW13058	6.250 	 0.000 	 90.000
FHW13058	6.375 	 0.000 	 90.000
FHW13058	6.500 	 0.000 	 90.000
FHW13058	6.625 	 0.000 	 90.000
FHW13058	6.750 	 0.000 	 90.000
FHW13058	6.875 	 0.000 	 90.000
FHW13058	7.000 	 0.000 	 90.000
FHW13058	7.125 	 0.000 	 90.000
FHW13058	7.250 	 0.000 	 90.000
FHW13058	7.375 	 0.000 	 90.000
FHW13058	7.500 	 0.000 	 90.000
FHW13058	7.625 	 0.000 	 90.000
FHW13058	7.750 	 0.000 	 90.000
FHW13058	7.875 	 0.000 	 90.000
FHW13058	8.000 	 0.000 	 90.000
FHW13058	8.125 	 0.000 	 90.000
FHW13058	8.250 	 0.000 	 90.000
FHW13058	8.375 	 0.000 	 90.000
FHW13058	8.500 	 0.000 	 90.000
FHW13058	8.625 	 0.000 	 90.000
FHW13058	8.750 	 0.000 	 90.000
FHW13058	8.875 	 0.000 	 90.000
FHW13058	9.000 	 0.000 	 90.000
FHW13058	9.125 	 0.000 	 90.000
FHW13058	9.250 	 0.000 	 90.000
FHW13058	9.375 	 0.000 	 90.000
FHW13058	9.500 	 0.000 	 90.000
FHW13058	9.625 	 0.000 	 90.000
FHW13058	9.750 	 0.000 	 90.000
FHW13058	9.875 	 0.000 	 90.000
FHW13058	10.000 	 0.000 	 90.000
FHW13058	10.125 	 0.000 	 90.000
FHW13058	10.250 	 0.000 	 90.000
FHW13058	10.375 	 0.000 	 90.000
FHW13058	10.500 	 0.000 	 90.000
FHW13058	10.625 	 0.000 	 90.000
FHW13058	10.750 	 0.000 	 90.000
FHW13058	10.875 	 0.000 	 90.000
FHW13058	11.000 	 0.000 	 90.000
FHW13058	11.125 	 0.000 	 90.000
FHW13058	11.250 	 0.000 	 90.000
FHW13058	11.375 	 0.000 	 90.000
FHW13058	11.500 	 0.000 	 90.000
FHW13058	11.625 	 0.000 	 90.000
FHW13058	11.750 	 0.000 	 90.000
FHW13058	11.875 	 0.000 	 90.000
FHW13058	12.000 	 0.000 	 90.000
FHW13058	12.125 	 0.000 	 90.000
FHW13058	12.250 	 0.000 	 90.000
FHW13058	12.375 	 0.000 	 90.000
FHW13058	12.500 	 0.000 	 90.000
FHW13058	12.625 	 0.000 	 90.000
FHW13058	12.750 	 0.000 	 90.000
FHW13058	12.875 	 0.000 	 90.000
FHW13058	13.000 	 0.000 	 90.000
FHW13058	13.125 	 0.000 	 90.000
FHW13058	13.250 	 0.000 	 90.000
FHW13058	13.375 	 0.000 	 90.000
FHW13058	13.500 	 0.000 	 90.000
FHW13058	13.625 	 0.000 	 90.000
FHW13058	13.750 	 0.000 	 90.000
FHW13058	13.875 	 0.000 	 90.000
FHW13058	14.000 	 0.000 	 90.000
FHW13058	14.125 	 0.000 	 90.000
FHW13058	14.250 	 0.000 	 90.000
FHW13058	14.375 	 0.000 	 90.000
FHW13058	14.500 	 0.000 	 90.000
FHW13058	14.625 	 0.000 	 90.000
FHW13058	14.750 	 0.000 	 90.000
FHW13058	14.875 	 0.000 	 90.000
FHW13058	15.000 	 0.000 	 90.000
FHW13058	15.125 	 0.000 	 90.000
FHW13058	15.250 	 0.000 	 90.000
FHW13058	15.375 	 0.000 	 90.000
FHW13058	15.500 	 0.000 	 90.000
FHW13058	15.625 	 0.000 	 90.000
FHW13058	15.750 	 0.000 	 90.000
FHW13058	15.875 	 0.000 	 90.000
FHW13058	16.000 	 0.000 	 90.000
FHW13058	16.125 	 0.000 	 90.000
FHW13058	16.250 	 0.000 	 90.000
FHW13058	16.375 	 0.000 	 90.000
FHW13058	16.500 	 0.000 	 90.000
FHW13058	16.625 	 0.000 	 90.000
FHW13058	16.750 	 0.000 	 90.000
FHW13058	16.875 	 0.000 	 90.000
FHW13058	17.000 	 0.000 	 90.000
FHW13058	17.125 	 0.000 	 90.000
FHW13058	17.250 	 0.000 	 90.000
FHW13058	17.375 	 0.000 	 90.000
FHW13058	17.500 	 0.000 	 90.000
FHW13058	17.625 	 0.000 	 90.000
FHW13058	17.750 	 0.000 	 90.000
FHW13058	17.875 	 0.000 	 90.000
FHW13058	18.000 	 0.000 	 90.000
FHW13058	18.125 	 0.000 	 90.000
FHW13058	18.250 	 0.000 	 90.000
FHW13058	18.375 	 0.000 	 90.000
FHW13058	18.500 	 0.000 	 90.000
FHW13058	18.625 	 0.000 	 90.000
FHW13058	18.750 	 0.000 	 90.000
FHW13058	18.875 	 0.000 	 90.000
FHW13058	19.000 	 0.000 	 90.000
FHW13058	19.125 	 0.000 	 90.000
FHW13058	19.250 	 0.000 	 90.000
FHW13058	19.375 	 0.000 	 90.000
FHW13058	19.500 	 0.000 	 90.000
FHW13058	19.625 	 0.000 	 90.000
FHW13058	19.750 	 0.000 	 90.000
FHW13058	19.875 	 0.000 	 90.000
FHW13058	20.000 	 0.000 	 90.000
FHW13058	20.125 	 0.000 	 90.000
FHW13058	20.250 	 0.000 	 90.000
FHW13058	20.375 	 0.000 	 90.000
FHW13058	20.500 	 0.000 	 90.000
FHW13058	20.625 	 0.000 	 90.000
FHW13058	20.750 	 0.000 	 90.000
FHW13058	20.875 	 0.000 	 90.000
FHW13058	21.000 	 0.000 	 90.000
FHW13058	21.125 	 0.000 	 90.000
FHW13058	21.250 	 0.000 	 90.000
FHW13058	21.375 	 0.000 	 90.000
FHW13058	21.500 	 0.000 	 90.000
FHW13058	21.625 	 0.000 	 90.000
FHW13058	21.750 	 0.000 	 90.000
FHW13058	21.875 	 0.000 	 90.000
FHW13058	22.000 	 0.000 	 90.000
FHW13058	22.125 	 0.000 	 90.000
FHW13058	22.250 	 0.000 	 90.000
FHW13058	22.375 	 0.000 	 90.000
FHW13058	22.500 	 0.000 	 90.000
FHW13058	22.625 	 0.000 	 90.000
FHW13058	22.750 	 0.000 	 90.000
FHW13058	22.875 	 0.000 	 90.000
FHW13058	23.000 	 0.000 	 90.000
FHW13058	23.125 	 0.000 	 90.000
FHW13058	23.250 	 0.000 	 90.000
FHW13058	23.375 	 0.000 	 90.000
FHW13058	23.500 	 0.000 	 90.000
FHW13058	23.625 	 0.000 	 90.000
FHW13058	23.750 	 0.000 	 90.000
FHW13058	23.875 	 0.000 	 90.000
FHW13058	24.000 	 0.000 	 90.000
FHW13058	24.125 	 0.000 	 90.000
FHW13058	24.250 	 0.000 	 90.000
FHW13058	24.375 	 0.000 	 90.000
FHW13058	24.500 	 0.000 	 90.000
FHW13058	24.625 	 0.000 	 90.000
FHW13058	24.750 	 0.000 	 90.000
FHW13058	24.875 	 0.000 	 90.000
FHW13058	25.000 	 0.000 	 90.000
FHW13058	25.125 	 0.000 	 90.000
FHW13058	25.250 	 0.000 	 90.000
FHW13058	25.375 	 0.000 	 90.000
FHW13058	25.500 	 0.000 	 90.000
FHW13058	25.625 	 0.000 	 90.000
FHW13058	25.750 	 0.000 	 90.000
FHW13058	25.875 	 0.000 	 90.000
FHW13058	26.000 	 0.000 	 90.000
FHW13058	26.125 	 0.000 	 90.000
FHW13058	26.250 	 0.000 	 90.000
FHW13058	26.375 	 0.000 	 90.000
FHW13058	26.500 	 0.000 	 90.000
FHW13058	26.625 	 0.000 	 90.000
FHW13058	26.750 	 0.000 	 90.000
FHW13058	26.875 	 0.000 	 90.000
FHW13058	27.000 	 0.000 	 90.000
FHW13058	27.125 	 0.000 	 90.000
FHW13058	27.250 	 0.000 	 90.000
FHW13058	27.375 	 0.000 	 90.000
FHW13058	27.500 	 0.000 	 90.000
FHW13058	27.625 	 0.000 	 90.000
FHW13058	27.750 	 0.000 	 90.000
FHW13058	27.875 	 0.000 	 90.000
FHW13058	28.000 	 0.000 	 90.000
FHW13058	28.125 	 0.000 	 90.000
FHW13058	28.250 	 0.000 	 90.000
FHW13058	28.375 	 0.000 	 90.000
FHW13058	28.500 	 0.000 	 90.000
FHW13058	28.625 	 0.000 	 90.000
FHW13058	28.750 	 0.000 	 90.000
FHW13058	28.875 	 0.000 	 90.000
FHW13058	29.000 	 0.000 	 90.000
FHW13058	29.125 	 0.000 	 90.000
FHW13058	29.250 	 0.000 	 90.000
FHW13058	29.375 	 0.000 	 90.000
FHW13058	29.500 	 0.000 	 90.000
FHW13058	29.625 	 0.000 	 90.000
FHW13058	29.750 	 0.000 	 90.000
FHW13058	29.875 	 0.000 	 90.000
FHW13058	30.000 	 0.000 	 90.000
FHW13058	30.125 	 0.000 	 90.000
FHW13058	30.250 	 0.000 	 90.000
FHW13058	30.375 	 0.000 	 90.000
FHW13058	30.500 	 0.000 	 90.000
FHW13058	30.625 	 0.000 	 90.000
FHW13058	30.750 	 0.000 	 90.000
FHW13058	30.875 	 0.000 	 90.000
FHW13058	31.000 	 0.000 	 90.000
FHW13058	31.125 	 0.000 	 90.000
FHW13058	31.250 	 0.000 	 90.000
FHW13058	31.375 	 0.000 	 90.000
FHW13058	31.500 	 0.000 	 90.000
FHW13058	31.625 	 0.000 	 90.000
FHW13058	31.750 	 0.000 	 90.000
FHW13058	31.875 	 0.000 	 90.000
FHW13058	32.000 	 0.000 	 90.000
FHW13058	32.125 	 0.000 	 90.000
FHW13058	32.250 	 0.000 	 90.000
FHW13058	32.375 	 0.000 	 90.000
FHW13058	32.500 	 0.000 	 90.000
FHW13058	32.625 	 0.000 	 90.000
FHW13058	32.750 	 0.000 	 90.000
FHW13058	32.875 	 0.000 	 90.000
FHW13058	33.000 	 0.000 	 90.000
FHW13058	33.125 	 0.000 	 90.000
FHW13058	33.250 	 0.000 	 90.000
FHW13058	33.375 	 0.000 	 90.000
FHW13058	33.500 	 0.000 	 90.000
FHW13058	33.625 	 0.000 	 90.000
FHW13058	33.750 	 0.000 	 90.000
FHW13058	33.875 	 0.000 	 90.000
FHW13058	34.000 	 0.000 	 90.000
FHW13058	34.125 	 0.000 	 90.000
FHW13058	34.250 	 0.000 	 90.000
FHW13058	34.375 	 0.000 	 90.000
FHW13058	34.500 	 0.000 	 90.000
FHW13058	34.625 	 0.000 	 90.000
FHW13058	34.750 	 0.000 	 90.000
FHW13058	34.875 	 0.000 	 90.000
FHW13058	35.000 	 0.000 	 90.000
FHW13058	35.125 	 0.000 	 90.000
FHW13058	35.250 	 0.000 	 90.000
FHW13058	35.375 	 0.000 	 90.000
FHW13058	35.500 	 0.000 	 90.000
FHW13058	35.625 	 0.000 	 90.000
FHW13058	35.750 	 0.000 	 90.000
FHW13058	35.875 	 0.000 	 90.000
FHW13058	36.000 	 0.000 	 90.000
FHW13058	36.125 	 0.000 	 90.000
FHW13058	36.250 	 0.000 	 90.000
FHW13058	36.375 	 0.000 	 90.000
FHW13058	36.500 	 0.000 	 90.000
FHW13058	36.625 	 0.000 	 90.000
FHW13058	36.750 	 0.000 	 90.000
FHW13058	36.875 	 0.000 	 90.000
FHW13058	37.000 	 0.000 	 90.000
FHW13058	37.125 	 0.000 	 90.000
FHW13058	37.250 	 0.000 	 90.000
FHW13058	37.375 	 0.000 	 90.000
FHW13058	37.500 	 0.000 	 90.000
FHW13058	37.625 	 0.000 	 90.000
FHW13058	37.750 	 0.000 	 90.000
FHW13058	37.875 	 0.000 	 90.000
FHW13058	38.000 	 0.000 	 90.000
FHW13058	38.125 	 0.000 	 90.000
FHW13058	38.250 	 0.000 	 90.000
FHW13058	38.375 	 0.000 	 90.000
FHW13058	38.500 	 0.000 	 90.000
FHW13058	38.625 	 0.000 	 90.000
FHW13058	38.750 	 0.000 	 90.000
FHW13058	38.875 	 0.000 	 90.000
FHW13058	39.000 	 0.000 	 90.000
FHW13058	39.125 	 0.000 	 90.000
FHW13058	39.250 	 0.000 	 90.000
FHW13058	39.375 	 0.000 	 90.000
FHW13058	39.500 	 0.000 	 90.000
FHW13058	39.625 	 0.000 	 90.000
FHW13058	39.750 	 0.000 	 90.000
FHW13058	39.875 	 0.000 	 90.000
FHW13058	40.000 	 0.000 	 90.000
FHW13058	40.125 	 0.000 	 90.000
FHW13058	40.250 	 0.000 	 90.000
FHW13058	40.375 	 0.000 	 90.000
FHW13058	40.500 	 0.000 	 90.000
FHW13058	40.625 	 0.000 	 90.000
FHW13058	40.750 	 0.000 	 90.000
FHW13058	40.875 	 0.000 	 90.000
FHW13058	41.000 	 0.000 	 90.000
FHW13058	41.125 	 0.000 	 90.000
FHW13058	41.250 	 0.000 	 90.000
FHW13058	41.375 	 0.000 	 90.000
FHW13058	41.500 	 0.000 	 90.000
FHW13058	41.625 	 0.000 	 90.000
FHW13058	41.750 	 0.000 	 90.000
FHW13058	41.875 	 0.000 	 90.000
FHW13058	42.000 	 0.000 	 90.000
FHW13058	42.125 	 0.000 	 90.000
FHW13058	42.250 	 0.000 	 90.000
FHW13058	42.375 	 0.000 	 90.000
FHW13058	42.500 	 0.000 	 90.000
FHW13058	42.625 	 0.000 	 90.000
FHW13058	42.750 	 0.000 	 90.000
FHW13058	42.875 	 0.000 	 90.000
FHW13058	43.000 	 0.000 	 90.000
FHW13058	43.125 	 0.000 	 90.000
FHW13058	43.250 	 0.000 	 90.000
FHW13058	43.375 	 0.000 	 90.000
FHW13058	43.500 	 0.000 	 90.000
FHW13058	43.625 	 0.000 	 90.000
FHW13058	43.750 	 0.000 	 90.000
FHW13058	43.875 	 0.000 	 90.000
FHW13058	44.000 	 0.000 	 90.000
FHW13058	44.125 	 0.000 	 90.000
FHW13058	44.250 	 0.000 	 90.000
FHW13058	44.375 	 0.000 	 90.000
FHW13058	44.500 	 0.000 	 90.000
FHW13058	44.625 	 0.000 	 90.000
FHW13058	44.750 	 0.000 	 90.000
FHW13058	44.875 	 0.000 	 90.000
FHW13058	45.000 	 0.000 	 90.000
FHW13058	45.125 	 0.000 	 90.000
FHW13058	45.250 	 0.000 	 90.000
FHW13058	45.375 	 0.000 	 90.000
FHW13058	45.500 	 0.000 	 90.000
FHW13058	45.625 	 0.000 	 90.000
FHW13058	45.750 	 0.000 	 90.000
FHW13058	45.875 	 0.000 	 90.000
FHW13058	46.000 	 0.000 	 90.000
FHW13058	46.125 	 0.000 	 90.000
FHW13058	46.250 	 0.000 	 90.000
FHW13058	46.375 	 0.000 	 90.000
FHW13058	46.500 	 0.000 	 90.000
FHW13058	46.625 	 0.000 	 90.000
FHW13058	46.750 	 0.000 	 90.000
FHW13058	46.875 	 0.000 	 90.000
FHW13058	47.000 	 0.000 	 90.000
FHW13058	47.125 	 0.000 	 90.000
FHW13058	47.250 	 0.000 	 90.000
FHW13058	47.375 	 0.000 	 90.000
FHW13058	47.500 	 0.000 	 90.000
FHW13058	47.625 	 0.000 	 90.000
FHW13058	47.750 	 0.000 	 90.000
FHW13058	47.875 	 0.000 	 90.000
FHW13058	48.000 	 0.000 	 90.000
FHW13058	48.125 	 0.000 	 90.000
FHW13058	48.250 	 0.000 	 90.000
FHW13058	48.375 	 0.000 	 90.000
FHW13058	48.500 	 0.000 	 90.000
FHW13058	48.625 	 0.000 	 90.000
FHW13058	48.750 	 0.000 	 90.000
FHW13058	48.875 	 0.000 	 90.000
FHW13058	49.000 	 0.000 	 90.000
FHW13058	49.125 	 0.000 	 90.000
FHW13058	49.250 	 0.000 	 90.000
FHW13058	49.375 	 0.000 	 90.000
FHW13058	49.500 	 0.000 	 90.000
FHW13058	49.625 	 0.000 	 90.000
FHW13058	49.750 	 0.000 	 90.000
FHW13058	49.875 	 0.000 	 90.000
FHW13058	50.000 	 0.000 	 90.000
FHW13058	50.125 	 0.000 	 90.000
FHW13058	50.250 	 0.000 	 90.000
FHW13058	50.375 	 0.000 	 90.000
FHW13058	50.500 	 0.000 	 90.000
FHW13058	50.625 	 0.000 	 90.000
FHW13058	50.750 	 0.000 	 90.000
FHW13058	50.875 	 0.000 	 90.000
FHW13058	51.000 	 0.000 	 90.000
FHW13058	51.125 	 0.000 	 90.000
FHW13058	51.250 	 0.000 	 90.000
FHW13058	51.375 	 0.000 	 90.000
FHW13058	51.500 	 0.000 	 90.000
FHW13058	51.625 	 0.000 	 90.000
FHW13058	51.750 	 0.000 	 90.000
FHW13058	51.875 	 0.000 	 90.000
FHW13058	52.000 	 0.000 	 90.000
FHW13058	52.125 	 0.000 	 90.000
FHW13058	52.250 	 0.000 	 90.000
FHW13058	52.375 	 0.000 	 90.000
FHW13058	52.500 	 0.000 	 90.000
FHW13058	52.625 	 0.000 	 90.000
FHW13058	52.750 	 0.000 	 90.000
FHW13058	52.875 	 0.000 	 90.000
FHW13058	53.000 	 0.000 	 90.000
FHW13058	53.125 	 0.000 	 90.000
FHW13058	53.250 	 0.000 	 90.000
FHW13058	53.375 	 0.000 	 90.000
FHW13058	53.500 	 0.000 	 90.000
FHW13058	53.625 	 0.000 	 90.000
FHW13058	53.750 	 0.000 	 90.000
FHW13058	53.875 	 0.000 	 90.000
FHW13058	54.000 	 0.000 	 90.000
FHW13058	54.125 	 0.000 	 90.000
FHW13058	54.250 	 0.000 	 90.000
FHW13058	54.375 	 0.000 	 90.000
FHW13058	54.500 	 0.000 	 90.000
FHW13058	54.625 	 0.000 	 90.000
FHW13058	54.750 	 0.000 	 90.000
FHW13058	54.875 	 0.000 	 90.000
FHW13058	55.000 	 0.000 	 90.000
FHW13058	55.125 	 0.000 	 90.000
FHW13058	55.250 	 0.000 	 90.000
FHW13058	55.375 	 0.000 	 90.000
FHW13058	55.500 	 0.000 	 90.000
FHW13058	55.625 	 0.000 	 90.000
FHW13058	55.750 	 0.000 	 90.000
FHW13058	55.875 	 0.000 	 90.000
FHW13058	56.000 	 0.000 	 90.000
FHW13058	56.125 	 0.000 	 90.000
FHW13058	56.250 	 0.000 	 90.000
FHW13058	56.375 	 0.000 	 90.000
FHW13058	56.500 	 0.000 	 90.000
FHW13058	56.625 	 0.000 	 90.000
FHW13058	56.750 	 0.000 	 90.000
FHW13058	56.875 	 0.000 	 90.000
FHW13058	57.000 	 0.000 	 90.000
FHW13058	57.125 	 0.000 	 90.000
FHW13058	57.250 	 0.000 	 90.000
FHW13058	57.375 	 0.000 	 90.000
FHW13058	57.500 	 0.000 	 90.000
FHW13058	57.625 	 0.000 	 90.000
FHW13058	57.750 	 0.000 	 90.000
FHW13058	57.875 	 0.000 	 90.000
FHW13058	58.000 	 0.000 	 90.000
FHW13058	58.125 	 0.000 	 90.000
FHW13058	58.250 	 0.000 	 90.000
FHW13058	58.375 	 0.000 	 90.000
FHW13058	58.500 	 0.000 	 90.000
FHW13058	58.625 	 0.000 	 90.000
FHW13058	58.750 	 0.000 	 90.000
FHW13058	58.875 	 0.000 	 90.000
FHW13058	59.000 	 0.000 	 90.000
FHW13058	59.125 	 0.000 	 90.000
FHW13058	59.250 	 0.000 	 90.000
FHW13058	59.375 	 0.000 	 90.000
FHW13058	59.500 	 0.000 	 90.000
FHW13058	59.625 	 0.000 	 90.000
FHW13058	59.750 	 0.000 	 90.000
FHW13058	59.875 	 0.000 	 90.000
FHW13058	60.000 	 0.000 	 90.000
FHW13058	60.125 	 0.000 	 90.000
FHW13058	60.250 	 0.000 	 90.000
FHW13058	60.375 	 0.000 	 90.000
FHW13058	60.500 	 0.000 	 90.000
FHW13058	60.625 	 0.000 	 90.000
FHW13058	60.750 	 0.000 	 90.000
FHW13058	60.875 	 0.000 	 90.000
FHW13058	61.000 	 0.000 	 90.000
FHW13058	61.125 	 0.000 	 90.000
FHW13058	61.250 	 0.000 	 90.000
FHW13058	61.375 	 0.000 	 90.000
FHW13058	61.500 	 0.000 	 90.000
FHW13058	61.625 	 0.000 	 90.000
FHW13058	61.750 	 0.000 	 90.000
FHW13058	61.875 	 0.000 	 90.000
FHW13058	62.000 	 0.000 	 90.000
FHW13058	62.125 	 0.000 	 90.000
FHW13058	62.250 	 0.000 	 90.000
FHW13058	62.375 	 0.000 	 90.000
FHW13058	62.500 	 0.000 	 90.000
FHW13058	62.625 	 0.000 	 90.000
FHW13058	62.750 	 0.000 	 90.000
FHW13058	62.875 	 0.000 	 90.000
FHW13058	63.000 	 0.000 	 90.000
FHW13058	63.125 	 0.000 	 90.000
FHW13058	63.250 	 0.000 	 90.000
FHW13058	63.375 	 0.000 	 90.000
FHW13058	63.500 	 0.000 	 90.000
FHW13058	63.625 	 0.000 	 90.000
FHW13058	63.750 	 0.000 	 90.000
FHW13058	63.875 	 0.000 	 90.000
FHW13058	64.000 	 0.000 	 90.000
FHW13058	64.125 	 0.000 	 90.000
FHW13058	64.250 	 0.000 	 90.000
FHW13058	64.375 	 0.000 	 90.000
FHW13058	64.500 	 0.000 	 90.000
FHW13058	64.625 	 0.000 	 90.000
FHW13058	64.750 	 0.000 	 90.000
FHW13058	64.875 	 0.000 	 90.000
FHW13058	65.000 	 0.000 	 90.000
FHW13058	65.125 	 0.000 	 90.000
FHW13058	65.250 	 0.458 	 0.000
FHW13058	65.375 	 0.458 	 90.000
FHW13058	65.500 	 0.458 	 0.000
FHW13058	65.625 	 0.000 	 90.000
FHW13058	65.750 	 0.648 	 45.000
FHW13058	65.875 	 0.000 	 90.000
FHW13058	66.000 	 0.648 	 45.000
FHW13058	66.125 	 0.000 	 90.000
FHW13058	66.250 	 0.458 	 0.000
FHW13058	66.375 	 0.458 	 90.000
FHW13058	66.500 	 0.458 	 0.000
FHW13058	66.625 	 0.000 	 90.000
FHW13058	66.750 	 0.648 	 45.000
FHW13058	66.875 	 0.000 	 90.000
FHW13058	67.000 	 0.458 	 0.000
FHW13058	67.125 	 0.648 	 45.000
FHW13058	67.250 	 0.000 	 90.000
FHW13058	67.375 	 0.458 	 0.000
FHW13058	67.500 	 0.458 	 90.000
FHW13058	67.625 	 0.458 	 0.000
FHW13058	67.750 	 0.000 	 90.000
FHW13058	67.875 	 0.648 	 45.000
FHW13058	68.000 	 0.000 	 90.000
FHW13058	68.125 	 0.458 	 0.000
FHW13058	68.250 	 0.458 	 90.000
FHW13058	68.375 	 0.458 	 0.000
FHW13058	68.500 	 0.000 	 90.000
FHW13058	68.625 	 0.648 	 45.000
FHW13058	68.750 	 0.000 	 90.000
FHW13058	68.875 	 0.648 	 45.000
FHW13058	69.000 	 0.000 	 90.000
FHW13058	69.125 	 0.458 	 0.000
FHW13058	69.250 	 0.648 	 45.000
FHW13058	69.375 	 0.000 	 90.000
FHW13058	69.500 	 0.458 	 0.000
FHW13058	69.625 	 0.458 	 90.000
FHW13058	69.750 	 0.458 	 0.000
FHW13058	69.875 	 0.000 	 90.000
FHW13058	70.000 	 0.648 	 45.000
FHW13058	70.125 	 0.000 	 90.000
FHW13058	70.250 	 0.458 	 0.000
FHW13058	70.375 	 0.458 	 90.000
FHW13058	70.500 	 0.458 	 0.000
FHW13058	70.625 	 0.000 	 90.000
FHW13058	70.750 	 0.648 	 45.000
FHW13058	70.875 	 0.000 	 90.000
FHW13058	71.000 	 0.458 	 0.000
FHW13058	71.125 	 0.458 	 90.000
FHW13058	71.250 	 0.458 	 0.000
FHW13058	71.375 	 0.458 	 90.000
FHW13058	71.500 	 0.458 	 0.000
FHW13058	71.625 	 0.458 	 0.000
FHW13058	71.750 	 0.458 	 90.000
FHW13058	71.875 	 0.458 	 0.000
FHW13058	72.000 	 0.000 	 90.000
FHW13058	72.125 	 0.648 	 45.000
FHW13058	72.250 	 0.000 	 90.000
FHW13058	72.375 	 0.458 	 0.000
FHW13058	72.500 	 0.458 	 90.000
FHW13058	72.625 	 0.458 	 0.000
FHW13058	72.750 	 0.000 	 90.000
FHW13058	72.875 	 0.648 	 45.000
FHW13058	73.000 	 0.000 	 90.000
FHW13058	73.125 	 0.458 	 0.000
FHW13058	73.250 	 0.458 	 90.000
FHW13058	73.375 	 0.458 	 0.000
FHW13058	73.500 	 0.000 	 90.000
FHW13058	73.625 	 0.648 	 45.000
FHW13058	73.750 	 0.458 	 0.000
FHW13058	73.875 	 0.000 	 90.000
FHW13058	74.000 	 0.648 	 45.000
FHW13058	74.125 	 0.000 	 90.000
FHW13058	74.250 	 0.648 	 45.000
FHW13058	74.375 	 0.000 	 90.000
FHW13058	74.500 	 0.458 	 0.000
FHW13058	74.625 	 0.458 	 90.000
FHW13058	74.750 	 0.458 	 0.000
FHW13058	74.875 	 0.000 	 90.000
FHW13058	75.000 	 0.648 	 45.000
FHW13058	75.125 	 0.000 	 90.000
FHW13058	75.250 	 0.458 	 0.000
FHW13058	75.375 	 0.458 	 90.000
FHW13058	75.500 	 0.458 	 0.000
FHW13058	75.625 	 0.648 	 45.000
FHW13058	75.750 	 0.648 	 45.000
FHW13058	75.875 	 0.458 	 0.000
FHW13058	76.000 	 0.648 	 45.000
FHW13058	76.125 	 0.648 	 45.000
FHW13058	76.250 	 0.458 	 0.000
FHW13058	76.375 	 0.648 	 45.000
FHW13058	76.500 	 0.648 	 45.000
FHW13058	76.625 	 0.648 	 45.000
FHW13058	76.750 	 0.458 	 0.000
FHW13058	76.875 	 0.648 	 45.000
FHW13058	77.000 	 0.648 	 45.000
FHW13058	77.125 	 0.458 	 0.000
FHW13058	77.250 	 0.648 	 45.000
FHW13058	77.375 	 0.648 	 45.000
FHW13058	77.500 	 0.458 	 0.000
FHW13058	77.625 	 0.648 	 45.000
FHW13058	77.750 	 0.648 	 45.000
FHW13058	77.875 	 0.458 	 0.000
FHW13058	78.000 	 0.648 	 45.000
FHW13058	78.125 	 0.648 	 45.000
FHW13058	78.250 	 0.458 	 0.000
FHW13058	78.375 	 0.648 	 45.000
FHW13058	78.500 	 0.648 	 45.000
FHW13058	78.625 	 0.648 	 45.000
FHW13058	78.750 	 0.458 	 0.000
FHW13058	78.875 	 0.648 	 45.000
FHW13058	79.000 	 0.648 	 45.000
FHW13058	79.125 	 0.458 	 0.000
FHW13058	79.250 	 0.648 	 45.000
FHW13058	79.375 	 0.648 	 45.000
FHW13058	79.500 	 0.458 	 0.000
FHW13058	79.625 	 0.648 	 45.000
FHW13058	79.750 	 0.648 	 45.000
FHW13058	79.875 	 0.458 	 0.000
FHW13058	80.000 	 0.648 	 45.000
FHW13058	80.125 	 0.648 	 45.000
FHW13058	80.250 	 0.648 	 45.000
FHW13058	80.375 	 0.458 	 0.000
FHW13058	80.500 	 0.648 	 45.000
FHW13058	80.625 	 0.458 	 90.000
FHW13058	80.750 	 0.458 	 0.000
FHW13058	80.875 	 0.648 	 45.000
FHW13058	81.000 	 0.648 	 45.000
FHW13058	81.125 	 0.458 	 0.000
FHW13058	81.250 	 0.648 	 45.000
FHW13058	81.375 	 0.648 	 45.000
FHW13058	81.500 	 0.458 	 0.000
FHW13058	81.625 	 0.648 	 45.000
FHW13058	81.750 	 0.648 	 45.000
FHW13058	81.875 	 0.648 	 45.000
FHW13058	82.000 	 0.458 	 0.000
FHW13058	82.125 	 0.648 	 45.000
FHW13058	82.250 	 0.648 	 45.000
FHW13058	82.375 	 0.458 	 0.000
FHW13058	82.500 	 0.648 	 45.000
FHW13058	82.625 	 0.648 	 45.000
FHW13058	82.750 	 0.458 	 0.000
FHW13058	82.875 	 0.648 	 45.000
FHW13058	83.000 	 0.653 	 45.000
FHW13058	83.125 	 0.458 	 0.000
FHW13058	83.250 	 0.648 	 45.000
FHW13058	83.375 	 0.648 	 45.000
FHW13058	83.500 	 0.648 	 45.000
FHW13058	83.625 	 0.458 	 0.000
FHW13058	83.750 	 0.648 	 45.000
FHW13058	83.875 	 0.648 	 45.000
FHW13058	84.000 	 0.458 	 0.000
FHW13058	84.125 	 0.648 	 45.000
FHW13058	84.250 	 0.648 	 45.000
FHW13058	84.375 	 0.458 	 0.000
FHW13058	84.500 	 0.648 	 45.000
FHW13058	84.625 	 0.648 	 45.000
FHW13058	84.750 	 0.458 	 0.000
FHW13058	84.875 	 0.648 	 45.000
FHW13058	85.000 	 0.648 	 45.000
FHW13058	85.125 	 0.648 	 45.000
FHW13058	85.250 	 0.458 	 0.000
FHW13058	85.375 	 0.648 	 45.000
FHW13058	85.500 	 0.648 	 45.000
FHW13058	85.625 	 0.458 	 0.000
FHW13058	85.750 	 0.648 	 45.000
FHW13058	85.875 	 0.648 	 45.000
FHW13058	86.000 	 0.458 	 0.000
FHW13058	86.125 	 0.648 	 45.000
FHW13058	86.250 	 0.648 	 45.000
FHW13058	86.375 	 0.458 	 0.000
FHW13058	86.500 	 0.648 	 45.000
FHW13058	86.625 	 0.648 	 45.000
FHW13058	86.750 	 0.458 	 0.000
FHW13058	86.875 	 0.648 	 45.000
FHW13058	87.000 	 0.648 	 45.000
FHW13058	87.125 	 0.648 	 45.000
FHW13058	87.250 	 0.000 	 90.000
FHW13058	87.375 	 0.648 	 45.000
FHW13058	87.500 	 0.648 	 45.000
FHW13058	87.625 	 0.458 	 0.000
FHW13058	87.750 	 0.648 	 45.000
FHW13058	87.875 	 0.648 	 45.000
FHW13058	88.000 	 0.458 	 0.000
FHW13058	88.125 	 0.648 	 45.000
FHW13058	88.250 	 0.648 	 45.000
FHW13058	88.375 	 0.458 	 0.000
FHW13058	88.500 	 0.648 	 45.000
FHW13058	88.625 	 0.648 	 45.000
FHW13058	88.750 	 0.648 	 45.000
FHW13058	88.875 	 0.458 	 0.000
FHW13058	89.000 	 0.648 	 45.000
FHW13058	89.125 	 0.648 	 45.000
FHW13058	89.250 	 0.458 	 0.000
FHW13058	89.375 	 0.648 	 45.000
FHW13058	89.500 	 0.648 	 45.000
FHW13058	89.625 	 0.458 	 0.000
FHW13058	89.750 	 0.648 	 45.000
FHW13058	89.875 	 0.648 	 45.000
FHW13058	90.000 	 0.458 	 0.000
FHW13058	90.125 	 0.648 	 45.000
FHW13058	90.250 	 0.648 	 45.000
FHW13058	90.375 	 0.648 	 45.000
FHW13058	90.500 	 0.458 	 0.000
FHW13058	90.625 	 0.648 	 45.000
FHW13058	90.750 	 0.648 	 45.000
FHW13058	90.875 	 0.458 	 0.000
FHW13058	91.000 	 0.648 	 45.000
FHW13058	91.125 	 0.648 	 45.000
FHW13058	91.250 	 0.458 	 0.000
FHW13058	91.375 	 0.648 	 45.000
FHW13058	91.500 	 0.648 	 45.000
FHW13058	91.625 	 0.458 	 0.000
FHW13058	91.750 	 0.648 	 45.000
FHW13058	91.875 	 0.648 	 45.000
FHW13058	92.000 	 0.648 	 45.000
FHW13058	92.125 	 0.458 	 0.000
FHW13058	92.250 	 0.648 	 45.000
FHW13058	92.375 	 0.458 	 0.000
FHW13058	92.500 	 1.025 	 26.565
FHW13058	92.625 	 0.917 	 0.000
FHW13058	92.750 	 1.025 	 26.565
FHW13058	92.875 	 0.917 	 0.000
FHW13058	93.000 	 0.917 	 0.000
FHW13058	93.125 	 0.648 	 45.000
FHW13058	93.250 	 0.917 	 0.000
FHW13058	93.375 	 0.917 	 0.000
FHW13058	93.500 	 1.025 	 26.565
FHW13058	93.625 	 0.917 	 0.000
FHW13058	93.750 	 0.917 	 0.000
FHW13058	93.875 	 1.025 	 26.565
FHW13058	94.000 	 0.917 	 0.000
FHW13058	94.125 	 0.917 	 0.000
FHW13058	94.250 	 1.025 	 26.565
FHW13058	94.375 	 0.458 	 0.000
FHW13058	94.500 	 1.025 	 26.565
FHW13058	94.625 	 0.917 	 0.000
FHW13058	94.750 	 0.917 	 0.000
FHW13058	94.875 	 1.025 	 26.565
FHW13058	95.000 	 0.917 	 0.000
FHW13058	95.125 	 0.917 	 0.000
FHW13058	95.250 	 1.025 	 26.565
FHW13058	95.375 	 0.917 	 0.000
FHW13058	95.500 	 0.917 	 0.000
FHW13058	95.625 	 0.648 	 45.000
FHW13058	95.750 	 0.917 	 0.000
FHW13058	95.875 	 0.917 	 0.000
FHW13058	96.000 	 1.025 	 26.565
FHW13058	96.125 	 0.917 	 0.000
FHW13058	96.250 	 1.025 	 26.565
FHW13058	96.375 	 0.917 	 0.000
FHW13058	96.500 	 0.917 	 0.000
FHW13058	96.625 	 1.033 	 26.565
FHW13058	96.750 	 0.917 	 0.000
FHW13058	96.875 	 0.458 	 0.000
FHW13058	97.000 	 1.025 	 26.565
FHW13058	97.125 	 0.917 	 0.000
FHW13058	97.250 	 0.917 	 0.000
FHW13058	97.375 	 1.025 	 26.565
FHW13058	97.500 	 0.917 	 0.000
FHW13058	97.625 	 1.025 	 26.565
FHW13058	97.750 	 0.917 	 0.000
FHW13058	97.875 	 0.917 	 0.000
FHW13058	98.000 	 1.025 	 26.565
FHW13058	98.125 	 0.458 	 0.000
FHW13058	98.250 	 0.917 	 0.000
FHW13058	98.375 	 1.025 	 26.565
FHW13058	98.500 	 0.917 	 0.000
FHW13058	98.625 	 0.917 	 0.000
FHW13058	98.750 	 1.025 	 26.565
FHW13058	98.875 	 0.917 	 0.000
FHW13058	99.000 	 0.917 	 0.000
FHW13058	99.125 	 1.025 	 26.565
FHW13058	99.250 	 0.917 	 0.000
FHW13058	99.375 	 0.648 	 45.000
FHW13058	99.500 	 0.917 	 0.000
FHW13058	99.625 	 0.917 	 0.000
FHW13058	99.750 	 1.025 	 26.565
FHW13058	99.875 	 0.917 	 0.000
FHW13058	100.000 	 0.917 	 0.000
FHW13058	100.125 	 1.025 	 26.565
FHW13058	100.250 	 0.917 	 0.000
FHW13058	100.375 	 0.917 	 0.000
FHW13058	100.500 	 1.025 	 26.565
FHW13058	100.625 	 0.458 	 0.000
FHW13058	100.750 	 0.917 	 0.000
FHW13058	100.875 	 1.025 	 26.565
FHW13058	101.000 	 0.917 	 0.000
FHW13058	101.125 	 1.025 	 26.565
FHW13058	101.250 	 0.917 	 0.000
FHW13058	101.375 	 0.917 	 0.000
FHW13058	101.500 	 1.025 	 26.565
FHW13058	101.625 	 0.917 	 0.000
FHW13058	101.750 	 0.917 	 0.000
FHW13058	101.875 	 0.648 	 45.000
FHW13058	102.000 	 0.917 	 0.000
FHW13058	102.125 	 0.917 	 0.000
FHW13058	102.250 	 1.025 	 26.565
FHW13058	102.375 	 0.917 	 0.000
FHW13058	102.500 	 1.025 	 26.565
FHW13058	102.625 	 0.917 	 0.000
FHW13058	102.750 	 0.917 	 0.000
FHW13058	102.875 	 1.025 	 26.565
FHW13058	103.000 	 0.917 	 0.000
FHW13058	103.125 	 0.458 	 0.000
FHW13058	103.250 	 1.025 	 26.565
FHW13058	103.375 	 0.917 	 0.000
FHW13058	103.500 	 0.917 	 0.000
FHW13058	103.625 	 1.025 	 26.565
FHW13058	103.750 	 0.917 	 0.000
FHW13058	103.875 	 0.917 	 0.000
FHW13058	104.000 	 1.025 	 26.565
FHW13058	104.125 	 0.917 	 0.000
FHW13058	104.250 	 1.025 	 26.565
FHW13058	104.375 	 0.462 	 0.000
FHW13058	104.500 	 0.917 	 0.000
FHW13058	104.625 	 1.025 	 26.565
FHW13058	104.750 	 0.917 	 0.000
FHW13058	104.875 	 0.917 	 0.000
FHW13058	105.000 	 1.025 	 26.565
FHW13058	105.125 	 0.917 	 0.000
FHW13058	105.250 	 0.917 	 0.000
FHW13058	105.375 	 1.025 	 26.565
FHW13058	105.500 	 1.025 	 333.435
FHW13058	105.625 	 2.049 	 296.565
FHW13058	105.750 	 2.291 	 306.870
FHW13058	105.875 	 2.291 	 306.870
FHW13058	106.000 	 2.467 	 291.801
FHW13058	106.125 	 2.291 	 306.870
FHW13058	106.250 	 2.291 	 306.870
FHW13058	106.375 	 2.066 	 296.565
FHW13058	106.500 	 2.291 	 306.870
FHW13058	106.625 	 2.291 	 306.870
FHW13058	106.750 	 2.049 	 296.565
FHW13058	106.875 	 2.291 	 306.870
FHW13058	107.000 	 2.291 	 306.870
FHW13058	107.125 	 2.049 	 296.565
FHW13058	107.250 	 2.291 	 306.870
FHW13058	107.375 	 2.309 	 306.870
FHW13058	107.500 	 2.049 	 296.565
FHW13058	107.625 	 2.291 	 306.870
FHW13058	107.750 	 2.467 	 291.801
FHW13058	107.875 	 2.291 	 306.870
FHW13058	108.000 	 2.291 	 306.870
FHW13058	108.125 	 2.049 	 296.565
FHW13058	108.250 	 2.291 	 306.870
FHW13058	108.375 	 2.309 	 306.870
FHW13058	108.500 	 2.049 	 296.565
FHW13058	108.625 	 2.291 	 306.870
FHW13058	108.750 	 2.291 	 306.870
FHW13058	108.875 	 2.049 	 296.565
FHW13058	109.000 	 2.291 	 306.870
FHW13058	109.125 	 2.291 	 306.870
FHW13058	109.250 	 2.049 	 296.565
FHW13058	109.375 	 2.309 	 306.870
FHW13058	109.500 	 2.291 	 306.870
FHW13058	109.625 	 2.467 	 291.801
FHW13058	109.750 	 2.291 	 306.870
FHW13058	109.875 	 2.291 	 306.870
FHW13058	110.000 	 2.049 	 296.565
FHW13058	110.125 	 2.291 	 306.870
FHW13058	110.250 	 2.049 	 296.565
FHW13058	110.375 	 2.309 	 306.870
FHW13058	110.500 	 2.291 	 306.870
FHW13058	110.625 	 2.049 	 296.565
FHW13058	110.750 	 2.291 	 306.870
FHW13058	110.875 	 2.291 	 306.870
FHW13058	111.000 	 2.049 	 296.565
FHW13058	111.125 	 2.291 	 306.870
FHW13058	111.250 	 2.291 	 306.870
FHW13058	111.375 	 2.487 	 291.801
FHW13058	111.500 	 2.291 	 306.870
FHW13058	111.625 	 2.291 	 306.870
FHW13058	111.750 	 2.049 	 296.565
FHW13058	111.875 	 2.291 	 306.870
FHW13058	112.000 	 2.291 	 306.870
FHW13058	112.125 	 2.049 	 296.565
FHW13058	112.250 	 2.291 	 306.870
FHW13058	112.375 	 2.309 	 306.870
FHW13058	112.500 	 2.049 	 296.565
FHW13058	112.625 	 2.291 	 306.870
FHW13058	112.750 	 2.049 	 296.565
FHW13058	112.875 	 2.291 	 306.870
FHW13058	113.000 	 2.291 	 306.870
FHW13058	113.125 	 2.049 	 296.565
FHW13058	113.250 	 2.671 	 300.964
FHW13058	113.375 	 2.309 	 306.870
FHW13058	113.500 	 2.049 	 296.565
FHW13058	113.625 	 2.291 	 306.870
FHW13058	113.750 	 2.291 	 306.870
FHW13058	113.875 	 2.049 	 296.565
FHW13058	114.000 	 2.291 	 306.870
FHW13058	114.125 	 2.291 	 306.870
FHW13058	114.250 	 2.049 	 296.565
FHW13058	114.375 	 2.309 	 306.870
FHW13058	114.500 	 2.291 	 306.870
FHW13058	114.625 	 2.049 	 296.565
FHW13058	114.750 	 2.291 	 306.870
FHW13058	114.875 	 2.291 	 306.870
FHW13058	115.000 	 2.049 	 296.565
FHW13058	115.125 	 2.671 	 300.963
FHW13058	115.250 	 2.049 	 296.565
FHW13058	115.375 	 2.309 	 306.870
FHW13058	115.500 	 2.291 	 306.870
FHW13058	115.625 	 2.049 	 296.565
FHW13058	115.750 	 2.291 	 306.870
FHW13058	115.875 	 2.291 	 306.870
FHW13058	116.000 	 2.049 	 296.565
FHW13058	116.125 	 2.291 	 306.870
FHW13058	116.250 	 2.291 	 306.870
FHW13058	116.375 	 2.065 	 296.565
FHW13058	116.500 	 2.291 	 306.870
FHW13058	116.625 	 2.291 	 306.870
FHW13058	116.750 	 2.049 	 296.565
FHW13058	116.875 	 2.671 	 300.963
FHW13058	117.000 	 2.291 	 306.870
FHW13058	117.125 	 2.049 	 296.565
FHW13058	117.250 	 2.291 	 306.870
FHW13058	117.375 	 2.066 	 296.565
FHW13058	117.500 	 2.291 	 306.870
FHW13058	117.625 	 2.291 	 306.870
FHW13058	117.750 	 2.049 	 296.565
FHW13058	117.875 	 2.291 	 306.870
FHW13058	118.000 	 2.291 	 306.870
FHW13058	118.125 	 2.049 	 296.565
FHW13058	118.250 	 2.291 	 306.870
FHW13058	118.375 	 2.309 	 306.870
FHW13058	118.500 	 2.049 	 296.565
FHW13058	118.625 	 2.291 	 306.870
FHW13058	118.750 	 2.671 	 300.964
FHW13058	118.875 	 2.049 	 296.565
FHW13058	119.000 	 2.291 	 306.870
FHW13058	119.125 	 2.291 	 306.870
FHW13058	119.250 	 2.049 	 296.565
FHW13058	119.375 	 2.309 	 306.870
FHW13058	119.500 	 2.291 	 306.870
FHW13058	119.625 	 2.049 	 296.565
FHW13058	119.750 	 2.291 	 306.870
FHW13058	119.875 	 2.049 	 296.565
FHW13058	120.000 	 2.291 	 306.870
FHW13058	120.125 	 2.291 	 306.870
FHW13058	120.250 	 2.049 	 296.565
FHW13058	120.375 	 2.309 	 306.870
FHW13058	120.500 	 2.291 	 306.870
FHW13058	120.625 	 2.467 	 291.802
FHW13058	120.750 	 2.291 	 306.870
FHW13058	120.875 	 2.291 	 306.870
FHW13058	121.000 	 2.049 	 296.565
FHW13058	121.125 	 2.291 	 306.870
FHW13058	121.250 	 2.291 	 306.870
FHW13058	121.375 	 2.066 	 296.565
FHW13058	121.500 	 2.291 	 306.870
FHW13058	121.625 	 2.291 	 306.870
FHW13058	121.750 	 2.049 	 296.565
FHW13058	121.875 	 2.291 	 306.870
FHW13058	122.000 	 2.291 	 306.870
FHW13058	122.125 	 2.049 	 296.565
FHW13058	122.250 	 2.291 	 306.870
FHW13058	122.375 	 2.487 	 291.802
FHW13058	122.500 	 2.291 	 306.870
FHW13058	122.625 	 2.291 	 306.870
FHW13058	122.750 	 2.049 	 296.565
FHW13058	122.875 	 2.291 	 306.870
FHW13058	123.000 	 2.291 	 306.870
FHW13058	123.125 	 2.049 	 296.565
FHW13058	123.250 	 2.291 	 306.870
FHW13058	123.375 	 2.309 	 306.870
FHW13058	123.500 	 3.205 	 270.000
FHW13058	123.625 	 6.587 	 257.905
FHW13058	123.750 	 6.697 	 254.055
FHW13058	123.875 	 6.587 	 257.905
FHW13058	124.000 	 6.697 	 254.055
FHW13058	124.125 	 6.644 	 254.055
FHW13058	124.250 	 6.587 	 257.905
FHW13058	124.375 	 6.697 	 254.055
FHW13058	124.500 	 6.697 	 254.055
FHW13058	124.625 	 6.141 	 257.005
FHW13058	124.750 	 6.697 	 254.055
FHW13058	124.875 	 6.587 	 257.905
FHW13058	125.000 	 6.697 	 254.055
FHW13058	125.125 	 6.644 	 254.055
FHW13058	125.250 	 6.587 	 257.905
FHW13058	125.375 	 6.697 	 254.055
FHW13058	125.500 	 6.587 	 257.905
FHW13058	125.625 	 6.697 	 254.055
FHW13058	125.750 	 6.697 	 254.055
FHW13058	125.875 	 6.141 	 257.006
FHW13058	126.000 	 6.697 	 254.055
FHW13058	126.125 	 6.534 	 257.905
FHW13058	126.250 	 6.697 	 254.055
FHW13058	126.375 	 6.697 	 254.055
FHW13058	126.500 	 6.587 	 257.905
FHW13058	126.625 	 6.697 	 254.055
FHW13058	126.750 	 6.587 	 257.905
FHW13058	126.875 	 6.697 	 254.055
FHW13058	127.000 	 6.697 	 254.055
FHW13058	127.125 	 6.587 	 257.905
FHW13058	127.250 	 6.210 	 252.897
FHW13058	127.375 	 6.587 	 257.905
FHW13058	127.500 	 6.697 	 254.055
FHW13058	127.625 	 6.697 	 254.055
FHW13058	127.750 	 6.587 	 257.905
FHW13058	127.875 	 6.697 	 254.055
FHW13058	128.000 	 6.587 	 257.905
FHW13058	128.125 	 6.697 	 254.055
FHW13058	128.250 	 6.644 	 254.055
FHW13058	128.375 	 6.586 	 257.905
FHW13058	128.500 	 6.260 	 252.897
FHW13058	128.625 	 6.587 	 257.905
FHW13058	128.750 	 6.697 	 254.055
FHW13058	128.875 	 6.697 	 254.055
FHW13058	129.000 	 6.586 	 257.905
FHW13058	129.125 	 6.697 	 254.055
FHW13058	129.250 	 6.644 	 254.055
FHW13058	129.375 	 6.586 	 257.905
FHW13058	129.500 	 6.697 	 254.055
FHW13058	129.625 	 6.586 	 257.905
FHW13058	129.750 	 6.697 	 254.055
FHW13058	129.875 	 6.259 	 252.897
FHW13058	130.000 	 6.587 	 257.905
FHW13058	130.125 	 6.697 	 254.055
FHW13058	130.250 	 6.587 	 257.905
FHW13058	130.375 	 6.644 	 254.055
FHW13058	130.500 	 6.697 	 254.055
FHW13058	130.625 	 6.586 	 257.905
FHW13058	130.750 	 6.697 	 254.055
FHW13058	130.875 	 6.586 	 257.905
FHW13058	131.000 	 6.697 	 254.055
FHW13058	131.125 	 6.259 	 252.897
FHW13058	131.250 	 6.587 	 257.905
FHW13058	131.375 	 6.644 	 254.055
FHW13058	131.500 	 6.586 	 257.905
FHW13058	131.625 	 6.697 	 254.055
FHW13058	131.750 	 6.697 	 254.055
FHW13058	131.875 	 6.587 	 257.905
FHW13058	132.000 	 6.697 	 254.055
FHW13058	132.125 	 6.587 	 257.905
FHW13058	132.250 	 6.697 	 254.055
FHW13058	132.375 	 6.697 	 254.055
FHW13058	132.500 	 6.092 	 257.005
FHW13058	132.625 	 6.697 	 254.055
FHW13058	132.750 	 6.586 	 257.905
FHW13058	132.875 	 6.697 	 254.055
FHW13058	133.000 	 6.697 	 254.055
FHW13058	133.125 	 6.587 	 257.905
FHW13058	133.250 	 6.697 	 254.055
FHW13058	133.375 	 6.587 	 257.905
FHW13058	133.500 	 6.644 	 254.055
FHW13058	133.625 	 6.697 	 254.055
FHW13058	133.750 	 6.141 	 257.005
FHW13058	133.875 	 6.697 	 254.055
FHW13058	134.000 	 6.697 	 254.055
FHW13058	134.125 	 6.586 	 257.905
FHW13058	134.250 	 6.697 	 254.055
FHW13058	134.375 	 6.587 	 257.905
FHW13058	134.500 	 6.644 	 254.055
FHW13058	134.625 	 6.697 	 254.055
FHW13058	134.750 	 6.587 	 257.905
FHW13058	134.875 	 6.697 	 254.055
FHW13058	135.000 	 6.587 	 257.905
FHW13058	135.125 	 6.259 	 252.897
FHW13058	135.250 	 6.697 	 254.055
FHW13058	135.375 	 6.586 	 257.905
FHW13058	135.500 	 6.697 	 254.055
FHW13058	135.625 	 6.534 	 257.905
FHW13058	135.750 	 6.697 	 254.055
FHW13058	135.875 	 6.697 	 254.055
FHW13058	136.000 	 6.586 	 257.905
FHW13058	136.125 	 6.697 	 254.055
FHW13058	136.250 	 6.586 	 257.905
FHW13058	136.375 	 6.260 	 252.897
FHW13058	136.500 	 6.697 	 254.055
FHW13058	136.625 	 6.534 	 257.905
FHW13058	136.750 	 6.697 	 254.055
FHW13058	136.875 	 6.587 	 257.905
FHW13058	137.000 	 6.697 	 254.055
FHW13058	137.125 	 6.697 	 254.055
FHW13058	137.250 	 6.586 	 257.905
FHW13058	137.375 	 6.697 	 254.055
FHW13058	137.500 	 6.586 	 257.905
FHW13058	137.625 	 6.644 	 254.055
FHW13058	137.750 	 6.260 	 252.897
FHW13058	137.875 	 6.586 	 257.905
FHW13058	138.000 	 6.697 	 254.055
FHW13058	138.125 	 6.586 	 257.905
FHW13058	138.250 	 6.698 	 254.055
FHW13058	138.375 	 6.697 	 254.055
FHW13058	138.500 	 6.586 	 257.905
FHW13058	138.625 	 6.697 	 254.055
FHW13058	138.750 	 6.644 	 254.055
FHW13058	138.875 	 6.586 	 257.905
FHW13058	139.000 	 6.260 	 252.897
FHW13058	139.125 	 6.586 	 257.905
FHW13058	139.250 	 6.697 	 254.055
FHW13058	139.375 	 6.697 	 254.055
FHW13058	139.500 	 6.587 	 257.905
FHW13058	139.625 	 6.697 	 254.055
FHW13058	139.750 	 6.534 	 257.905
FHW13058	139.875 	 6.698 	 254.055
FHW13058	140.000 	 6.697 	 254.055
FHW13058	140.125 	 6.587 	 257.905
FHW13058	140.250 	 6.697 	 254.055
FHW13058	140.375 	 6.141 	 257.005
FHW13058	140.500 	 6.698 	 254.055
FHW13058	140.625 	 6.697 	 254.055
FHW13058	140.750 	 6.587 	 257.905
FHW13058	140.875 	 6.644 	 254.055
FHW13058	141.000 	 6.586 	 257.905
FHW13058	141.125 	 6.697 	 254.055
FHW13058	141.250 	 6.697 	 254.055
FHW13058	141.375 	 6.587 	 257.905
FHW13058	141.500 	 6.697 	 254.055
FHW13058	141.625 	 6.141 	 257.005
FHW13058	141.750 	 6.697 	 254.055
FHW13058	141.875 	 6.644 	 254.055
FHW13058	142.000 	 6.587 	 257.905
FHW13058	142.125 	 10.437 	 249.146
FHW13058	142.250 	 12.286 	 250.201
FHW13058	142.375 	 12.863 	 248.962
FHW13058	142.500 	 12.445 	 248.199
FHW13058	142.625 	 12.863 	 248.962
FHW13058	142.750 	 12.287 	 250.201
FHW13058	142.875 	 12.861 	 248.963
FHW13058	143.000 	 12.446 	 248.199
FHW13058	143.125 	 12.861 	 248.962
FHW13058	143.250 	 12.446 	 248.198
FHW13058	143.375 	 12.287 	 250.201
FHW13058	143.500 	 12.861 	 248.963
FHW13058	143.625 	 12.446 	 248.198
FHW13058	143.750 	 12.861 	 248.963
FHW13058	143.875 	 12.386 	 250.201
FHW13058	144.000 	 12.861 	 248.962
FHW13058	144.125 	 12.446 	 248.198
FHW13058	144.250 	 12.861 	 248.963
FHW13058	144.375 	 12.287 	 250.201
FHW13058	144.500 	 12.863 	 248.963
FHW13058	144.625 	 12.445 	 248.198
FHW13058	144.750 	 12.446 	 248.199
FHW13058	144.875 	 12.861 	 248.963
FHW13058	145.000 	 12.287 	 250.201
FHW13058	145.125 	 12.863 	 248.962
FHW13058	145.250 	 12.445 	 248.199
FHW13058	145.375 	 12.863 	 248.963
FHW13058	145.500 	 12.385 	 250.201
FHW13058	145.625 	 12.863 	 248.962
FHW13058	145.750 	 12.445 	 248.199
FHW13058	145.875 	 12.446 	 248.199
FHW13058	146.000 	 12.861 	 248.963
FHW13058	146.125 	 12.287 	 250.201
FHW13058	146.250 	 12.863 	 248.963
FHW13058	146.375 	 12.445 	 248.199
FHW13058	146.500 	 12.863 	 248.962
FHW13058	146.625 	 12.287 	 250.201
FHW13058	146.750 	 12.861 	 248.963
FHW13058	146.875 	 12.446 	 248.199
FHW13058	147.000 	 12.861 	 248.963
FHW13058	147.125 	 12.545 	 248.198
FHW13058	147.250 	 12.287 	 250.201
FHW13058	147.375 	 12.863 	 248.963
FHW13058	147.500 	 12.445 	 248.198
FHW13058	147.625 	 12.863 	 248.962
FHW13058	147.750 	 12.287 	 250.201
FHW13058	147.875 	 12.861 	 248.963
FHW13058	148.000 	 12.446 	 248.198
FHW13058	148.125 	 12.861 	 248.962
FHW13058	148.250 	 12.287 	 250.201
FHW13058	148.375 	 12.446 	 248.198
FHW13058	148.500 	 12.861 	 248.963
FHW13058	148.625 	 12.446 	 248.199
FHW13058	148.750 	 12.965 	 248.963
FHW13058	148.875 	 12.287 	 250.201
FHW13058	149.000 	 12.861 	 248.963
FHW13058	149.125 	 12.446 	 248.199
FHW13058	149.250 	 12.861 	 248.962
FHW13058	149.375 	 12.287 	 250.201
FHW13058	149.500 	 12.863 	 248.963
FHW13058	149.625 	 12.445 	 248.198
FHW13058	149.750 	 12.446 	 248.199
FHW13058	149.875 	 12.861 	 248.963
FHW13058	150.000 	 12.287 	 250.201
FHW13058	150.125 	 12.863 	 248.963
FHW13058	150.250 	 12.445 	 248.199
FHW13058	150.375 	 12.965 	 248.962
FHW13058	150.500 	 12.287 	 250.201
FHW13058	150.625 	 12.863 	 248.962
FHW13058	150.750 	 12.445 	 248.199
FHW13058	150.875 	 12.446 	 248.199
FHW13058	151.000 	 12.861 	 248.963
FHW13058	151.125 	 12.287 	 250.201
FHW13058	151.250 	 12.863 	 248.963
FHW13058	151.375 	 12.445 	 248.199
FHW13058	151.500 	 12.863 	 248.963
FHW13058	151.625 	 12.286 	 250.201
FHW13058	151.750 	 12.863 	 248.963
FHW13058	151.875 	 12.446 	 248.199
FHW13058	152.000 	 12.445 	 248.199
FHW13058	152.125 	 12.810 	 250.907
FHW13058	152.250 	 12.446 	 248.199
FHW13058	152.375 	 12.863 	 248.962
FHW13058	152.500 	 12.445 	 248.198
FHW13058	152.625 	 12.863 	 248.963
FHW13058	152.750 	 12.286 	 250.201
FHW13058	152.875 	 12.863 	 248.963
FHW13058	153.000 	 12.446 	 248.199
FHW13058	153.125 	 12.861 	 248.963
FHW13058	153.250 	 12.287 	 250.201
FHW13058	153.375 	 12.445 	 248.198
FHW13058	153.500 	 12.863 	 248.962
FHW13058	153.625 	 12.446 	 248.199
FHW13058	153.750 	 12.965 	 248.963
FHW13058	153.875 	 12.286 	 250.201
FHW13058	154.000 	 12.863 	 248.963
FHW13058	154.125 	 12.446 	 248.199
FHW13058	154.250 	 12.861 	 248.963
FHW13058	154.375 	 12.287 	 250.201
FHW13058	154.500 	 12.445 	 248.199
FHW13058	154.625 	 12.863 	 248.962
FHW13058	154.750 	 12.446 	 248.199
FHW13058	154.875 	 12.861 	 248.963
FHW13058	155.000 	 12.287 	 250.201
FHW13058	155.125 	 12.863 	 248.963
FHW13058	155.250 	 12.445 	 248.199
FHW13058	155.375 	 12.964 	 248.962
FHW13058	155.500 	 12.287 	 250.201
FHW13058	155.625 	 12.861 	 248.963
FHW13058	155.750 	 12.446 	 248.199
FHW13058	155.875 	 12.446 	 248.199
FHW13058	156.000 	 12.708 	 250.907
FHW13058	156.125 	 12.446 	 248.199
FHW13058	156.250 	 12.863 	 248.963
FHW13058	156.375 	 12.445 	 248.198
FHW13058	156.500 	 12.863 	 248.963
FHW13058	156.625 	 12.286 	 250.201
FHW13058	156.750 	 12.863 	 248.963
FHW13058	156.875 	 12.446 	 248.199
FHW13058	157.000 	 12.545 	 248.199
FHW13058	157.125 	 12.708 	 250.907
FHW13058	157.250 	 12.446 	 248.198
FHW13058	157.375 	 12.863 	 248.963
FHW13058	157.500 	 12.445 	 248.199
FHW13058	157.625 	 12.863 	 248.963
FHW13058	157.750 	 12.286 	 250.201
FHW13058	157.875 	 12.863 	 248.963
FHW13058	158.000 	 12.446 	 248.199
FHW13058	158.125 	 12.861 	 248.963
FHW13058	158.250 	 12.287 	 250.201
FHW13058	158.375 	 12.445 	 248.199
FHW13058	158.500 	 12.863 	 248.962
FHW13058	158.625 	 12.446 	 248.199
FHW13058	158.750 	 12.965 	 248.963
FHW13058	158.875 	 12.286 	 250.201
FHW13058	159.000 	 12.863 	 248.963
FHW13058	159.125 	 12.446 	 248.198
FHW13058	159.250 	 12.861 	 248.963
FHW13058	159.375 	 12.287 	 250.201
FHW13058	159.500 	 12.445 	 248.199
FHW13058	159.625 	 12.863 	 248.963
FHW13058	159.750 	 12.446 	 248.199
FHW13058	159.875 	 12.708 	 250.906
FHW13058	160.000 	 12.446 	 248.198
FHW13058	160.125 	 12.861 	 248.963
FHW13058	160.250 	 12.446 	 248.199
FHW13058	160.375 	 12.965 	 248.963
FHW13058	160.500 	 12.287 	 250.201
FHW13058	160.625 	 12.445 	 248.199
FHW13058	160.750 	 12.863 	 248.962
FHW13058	160.875 	 18.862 	 246.615
FHW13058	161.000 	 19.433 	 245.898
FHW13058	161.125 	 19.259 	 247.167
FHW13058	161.250 	 19.039 	 245.323
FHW13058	161.375 	 19.261 	 247.166
FHW13058	161.500 	 19.433 	 245.898
FHW13058	161.625 	 19.431 	 245.898
FHW13058	161.750 	 19.261 	 247.166
FHW13058	161.875 	 19.585 	 245.898
FHW13058	162.000 	 19.261 	 247.166
FHW13058	162.125 	 19.433 	 245.898
FHW13058	162.250 	 18.862 	 246.615
FHW13058	162.375 	 19.430 	 245.898
FHW13058	162.500 	 19.433 	 245.898
FHW13058	162.625 	 19.261 	 247.167
FHW13058	162.750 	 19.433 	 245.898
FHW13058	162.875 	 19.412 	 247.166
FHW13058	163.000 	 19.433 	 245.898
FHW13058	163.125 	 19.036 	 245.323
FHW13058	163.250 	 19.261 	 247.166
FHW13058	163.375 	 19.433 	 245.898
FHW13058	163.500 	 19.261 	 247.166
FHW13058	163.625 	 19.431 	 245.898
FHW13058	163.750 	 19.433 	 245.898
FHW13058	163.875 	 19.412 	 247.167
FHW13058	164.000 	 19.433 	 245.897
FHW13058	164.125 	 18.862 	 246.615
FHW13058	164.250 	 19.433 	 245.898
FHW13058	164.375 	 19.430 	 245.898
FHW13058	164.500 	 19.261 	 247.166
FHW13058	164.625 	 19.433 	 245.898
FHW13058	164.750 	 19.261 	 247.166
FHW13058	164.875 	 19.431 	 245.898
FHW13058	165.000 	 19.587 	 245.898
FHW13058	165.125 	 18.860 	 246.615
FHW13058	165.250 	 19.433 	 245.898
FHW13058	165.375 	 19.261 	 247.167
FHW13058	165.500 	 19.433 	 245.897
FHW13058	165.625 	 19.433 	 245.898
FHW13058	165.750 	 19.259 	 247.166
FHW13058	165.875 	 19.433 	 245.898
FHW13058	166.000 	 19.010 	 246.615
FHW13058	166.125 	 19.433 	 245.898
FHW13058	166.250 	 19.433 	 245.898
FHW13058	166.375 	 19.261 	 247.166
FHW13058	166.500 	 19.431 	 245.898
FHW13058	166.625 	 19.261 	 247.166
FHW13058	166.750 	 19.433 	 245.898
FHW13058	166.875 	 19.433 	 245.898
FHW13058	167.000 	 19.010 	 246.615
FHW13058	167.125 	 19.433 	 245.898
FHW13058	167.250 	 19.259 	 247.166
FHW13058	167.375 	 19.433 	 245.898
FHW13058	167.500 	 19.433 	 245.898
FHW13058	167.625 	 19.261 	 247.166
FHW13058	167.750 	 19.430 	 245.897
FHW13058	167.875 	 19.261 	 247.166
FHW13058	168.000 	 19.189 	 245.324
FHW13058	168.125 	 19.433 	 245.898
FHW13058	168.250 	 19.260 	 247.166
FHW13058	168.375 	 19.433 	 245.898
FHW13058	168.500 	 19.259 	 247.166
FHW13058	168.625 	 19.433 	 245.898
FHW13058	168.750 	 19.261 	 247.166
FHW13058	168.875 	 19.039 	 245.323
FHW13058	169.000 	 19.431 	 245.898
FHW13058	169.125 	 19.414 	 247.166
FHW13058	169.250 	 19.431 	 245.898
FHW13058	169.375 	 19.261 	 247.166
FHW13058	169.500 	 19.433 	 245.898
FHW13058	169.625 	 19.433 	 245.898
FHW13058	169.750 	 19.259 	 247.166
FHW13058	169.875 	 19.039 	 245.323
FHW13058	170.000 	 19.261 	 247.166
FHW13058	170.125 	 19.585 	 245.898
FHW13058	170.250 	 19.433 	 245.898
FHW13058	170.375 	 19.260 	 247.166
FHW13058	170.500 	 19.433 	 245.898
FHW13058	170.625 	 19.259 	 247.166
FHW13058	170.750 	 19.433 	 245.898
FHW13058	170.875 	 19.039 	 245.323
FHW13058	171.000 	 19.261 	 247.166
FHW13058	171.125 	 19.585 	 245.898
FHW13058	171.250 	 19.261 	 247.166
FHW13058	171.375 	 19.431 	 245.898
FHW13058	171.500 	 19.433 	 245.898
FHW13058	171.625 	 19.261 	 247.166
FHW13058	171.750 	 19.039 	 245.323
FHW13058	171.875 	 19.259 	 247.166
FHW13058	172.000 	 19.433 	 245.898
FHW13058	172.125 	 19.585 	 245.898
FHW13058	172.250 	 19.261 	 247.166
FHW13058	172.375 	 19.433 	 245.897
FHW13058	172.500 	 19.261 	 247.166
FHW13058	172.625 	 19.431 	 245.898
FHW13058	172.750 	 19.039 	 245.323
FHW13058	172.875 	 19.260 	 247.166
FHW13058	173.000 	 19.433 	 245.898
FHW13058	173.125 	 19.258 	 247.167
FHW13058	173.250 	 19.588 	 245.898
FHW13058	173.375 	 19.431 	 245.898
FHW13058	173.500 	 19.261 	 247.166
FHW13058	173.625 	 19.433 	 245.898
FHW13058	173.750 	 18.862 	 246.615
FHW13058	173.875 	 19.431 	 245.898
FHW13058	174.000 	 19.433 	 245.898
FHW13058	174.125 	 19.261 	 247.166
FHW13058	174.250 	 19.585 	 245.898
FHW13058	174.375 	 19.261 	 247.166
FHW13058	174.500 	 19.433 	 245.897
FHW13058	174.625 	 19.037 	 245.324
FHW13058	174.750 	 19.261 	 247.166
FHW13058	174.875 	 19.433 	 245.898
FHW13058	175.000 	 19.260 	 247.166
FHW13058	175.125 	 19.431 	 245.898
FHW13058	175.250 	 19.414 	 247.166
FHW13058	175.375 	 19.433 	 245.898
FHW13058	175.500 	 19.431 	 245.898
FHW13058	175.625 	 18.862 	 246.615
FHW13058	175.750 	 19.433 	 245.898
FHW13058	175.875 	 19.261 	 247.167
FHW13058	176.000 	 19.431 	 245.898
FHW13058	176.125 	 19.433 	 245.898
FHW13058	176.250 	 19.412 	 247.166
FHW13058	176.375 	 19.433 	 245.898
FHW13058	176.500 	 19.260 	 247.166
FHW13058	176.625 	 19.039 	 245.324
FHW13058	176.750 	 19.431 	 245.898
FHW13058	176.875 	 19.261 	 247.166
FHW13058	177.000 	 19.433 	 245.897
FHW13058	177.125 	 19.261 	 247.166
FHW13058	177.250 	 19.585 	 245.898
FHW13058	177.375 	 19.433 	 245.898
FHW13058	177.500 	 18.859 	 246.615
FHW13058	177.625 	 19.433 	 245.898
FHW13058	177.750 	 19.261 	 247.166
FHW13058	177.875 	 19.433 	 245.898
FHW13058	178.000 	 19.431 	 245.898
FHW13058	178.125 	 19.261 	 247.166
FHW13058	178.250 	 19.433 	 245.898
FHW13058	178.375 	 19.412 	 247.166
FHW13058	178.500 	 19.039 	 245.323
FHW13058	178.625 	 19.433 	 245.898
FHW13058	178.750 	 19.259 	 247.166
FHW13058	178.875 	 19.433 	 245.898
FHW13058	179.000 	 19.261 	 247.166
FHW13058	179.125 	 21.842 	 245.659
FHW13058	179.250 	 26.714 	 244.799
FHW13058	179.375 	 26.344 	 244.359
FHW13058	179.500 	 26.543 	 245.725
FHW13058	179.625 	 26.344 	 244.359
FHW13058	179.750 	 26.543 	 245.725
FHW13058	179.875 	 26.551 	 244.359
FHW13058	180.000 	 26.715 	 244.799
FHW13058	180.125 	 26.169 	 245.297
FHW13058	180.250 	 26.714 	 244.799
FHW13058	180.375 	 26.169 	 245.298
FHW13058	180.500 	 26.547 	 244.359
FHW13058	180.625 	 26.715 	 244.799
FHW13058	180.750 	 26.169 	 245.298
FHW13058	180.875 	 26.714 	 244.799
FHW13058	181.000 	 26.169 	 245.298
FHW13058	181.125 	 26.919 	 244.799
FHW13058	181.250 	 26.345 	 244.359
FHW13058	181.375 	 26.543 	 245.726
FHW13058	181.500 	 26.345 	 244.359
FHW13058	181.625 	 26.543 	 245.726
FHW13058	181.750 	 26.551 	 244.359
FHW13058	181.875 	 26.715 	 244.799
FHW13058	182.000 	 26.169 	 245.297
FHW13058	182.125 	 26.715 	 244.799
FHW13058	182.250 	 26.169 	 245.298
FHW13058	182.375 	 26.547 	 244.358
FHW13058	182.500 	 26.543 	 245.726
FHW13058	182.625 	 26.345 	 244.359
FHW13058	182.750 	 26.714 	 244.799
FHW13058	182.875 	 26.169 	 245.298
FHW13058	183.000 	 26.923 	 244.799
FHW13058	183.125 	 26.166 	 245.298
FHW13058	183.250 	 26.714 	 244.799
FHW13058	183.375 	 26.345 	 244.359
FHW13058	183.500 	 26.543 	 245.726
FHW13058	183.625 	 26.345 	 244.359
FHW13058	183.750 	 26.751 	 245.726
FHW13058	183.875 	 26.344 	 244.358
FHW13058	184.000 	 26.715 	 244.799
FHW13058	184.125 	 26.169 	 245.298
FHW13058	184.250 	 26.344 	 244.358
FHW13058	184.375 	 26.748 	 245.726
FHW13058	184.500 	 26.345 	 244.359
FHW13058	184.625 	 26.714 	 244.799
FHW13058	184.750 	 26.169 	 245.298
FHW13058	184.875 	 26.714 	 244.799
FHW13058	185.000 	 26.375 	 245.298
FHW13058	185.125 	 26.714 	 244.799
FHW13058	185.250 	 26.169 	 245.298
FHW13058	185.375 	 26.715 	 244.799
FHW13058	185.500 	 26.341 	 244.358
FHW13058	185.625 	 26.751 	 245.726
FHW13058	185.750 	 26.344 	 244.358
FHW13058	185.875 	 26.543 	 245.726
FHW13058	186.000 	 26.345 	 244.359
FHW13058	186.125 	 26.344 	 244.358
FHW13058	186.250 	 26.748 	 245.726
FHW13058	186.375 	 26.345 	 244.359
FHW13058	186.500 	 26.543 	 245.726
FHW13058	186.625 	 26.345 	 244.359
FHW13058	186.750 	 26.714 	 244.799
FHW13058	186.875 	 26.169 	 245.298
FHW13058	187.000 	 26.923 	 244.799
FHW13058	187.125 	 26.169 	 245.298
FHW13058	187.250 	 26.715 	 244.799
FHW13058	187.375 	 26.344 	 244.359
FHW13058	187.500 	 26.543 	 245.726
FHW13058	187.625 	 26.548 	 244.359
FHW13058	187.750 	 26.169 	 245.297
FHW13058	187.875 	 26.715 	 244.799
FHW13058	188.000 	 26.344 	 244.359
FHW13058	188.125 	 26.543 	 245.725
FHW13058	188.250 	 26.548 	 244.359
FHW13058	188.375 	 26.543 	 245.726
FHW13058	188.500 	 26.345 	 244.359
FHW13058	188.625 	 26.543 	 245.726
FHW13058	188.750 	 26.345 	 244.359
FHW13058	188.875 	 26.922 	 244.799
FHW13058	189.000 	 26.170 	 245.297
FHW13058	189.125 	 26.715 	 244.799
FHW13058	189.250 	 26.169 	 245.297
FHW13058	189.375 	 26.715 	 244.799
FHW13058	189.500 	 26.547 	 244.359
FHW13058	189.625 	 26.170 	 245.298
FHW13058	189.750 	 26.714 	 244.798
FHW13058	189.875 	 26.170 	 245.298
FHW13058	190.000 	 26.714 	 244.798
FHW13058	190.125 	 26.551 	 244.360
FHW13058	190.250 	 26.543 	 245.726
FHW13058	190.375 	 26.344 	 244.358
FHW13058	190.500 	 26.540 	 245.726
FHW13058	190.625 	 26.344 	 244.358
FHW13058	190.750 	 26.714 	 244.799
FHW13058	190.875 	 26.375 	 245.297
FHW13058	191.000 	 26.714 	 244.799
FHW13058	191.125 	 26.169 	 245.297
FHW13058	191.250 	 26.715 	 244.799
FHW13058	191.375 	 26.169 	 245.297
FHW13058	191.500 	 26.548 	 244.359
FHW13058	191.625 	 26.714 	 244.799
FHW13058	191.750 	 26.170 	 245.298
FHW13058	191.875 	 26.714 	 244.798
FHW13058	192.000 	 26.170 	 245.298
FHW13058	192.125 	 26.923 	 244.799
FHW13058	192.250 	 26.344 	 244.359
FHW13058	192.375 	 26.543 	 245.726
FHW13058	192.500 	 26.344 	 244.359
FHW13058	192.625 	 26.543 	 245.726
FHW13058	192.750 	 26.547 	 244.358
FHW13058	192.875 	 26.714 	 244.799
FHW13058	193.000 	 26.169 	 245.297
FHW13058	193.125 	 26.714 	 244.799
FHW13058	193.250 	 26.169 	 245.297
FHW13058	193.375 	 26.548 	 244.359
FHW13058	193.500 	 26.714 	 244.799
FHW13058	193.625 	 26.170 	 245.298
FHW13058	193.750 	 26.714 	 244.799
FHW13058	193.875 	 26.170 	 245.298
FHW13058	194.000 	 26.714 	 244.799
FHW13058	194.125 	 26.551 	 244.358
FHW13058	194.250 	 26.543 	 245.726
FHW13058	194.375 	 26.344 	 244.359
FHW13058	194.500 	 26.543 	 245.726
FHW13058	194.625 	 26.344 	 244.359
FHW13058	194.750 	 26.748 	 245.726
FHW13058	194.875 	 26.344 	 244.358
FHW13058	195.000 	 26.714 	 244.799
FHW13058	195.125 	 26.169 	 245.297
FHW13058	195.250 	 26.345 	 244.360
FHW13058	195.375 	 26.750 	 245.725
FHW13058	195.500 	 26.345 	 244.360
FHW13058	195.625 	 26.711 	 244.799
FHW13058	195.750 	 26.169 	 245.297
FHW13058	195.875 	 26.714 	 244.799
FHW13058	196.000 	 26.375 	 245.297
FHW13058	196.125 	 26.714 	 244.799
FHW13058	196.250 	 26.344 	 244.358
FHW13058	196.375 	 26.543 	 245.726
FHW13058	196.500 	 26.344 	 244.359
FHW13058	196.625 	 26.748 	 245.726
FHW13058	196.750 	 26.344 	 244.359
FHW13058	196.875 	 26.715 	 244.799
FHW13058	197.000 	 26.169 	 245.297
FHW13058	197.125 	 26.345 	 244.360
FHW13058	197.250 	 26.543 	 245.725
FHW13058	197.375 	 26.551 	 244.360
FHW13058	197.500 	 26.543 	 245.726
FHW13058	197.625 	 28.583 	 244.290
FHW13058	197.750 	 33.350 	 244.933
FHW13058	197.875 	 33.697 	 245.282
FHW13058	198.000 	 33.515 	 244.179
FHW13058	198.125 	 33.701 	 245.282
FHW13058	198.250 	 33.515 	 244.179
FHW13058	198.375 	 33.697 	 245.282
FHW13058	198.500 	 33.350 	 244.933
FHW13058	198.625 	 33.862 	 244.537
FHW13058	198.750 	 33.697 	 245.282
FHW13058	198.875 	 33.265 	 244.179
FHW13058	199.000 	 33.697 	 245.282
FHW13058	199.125 	 33.350 	 244.933
FHW13058	199.250 	 33.858 	 244.536
FHW13058	199.375 	 33.354 	 244.933
FHW13058	199.500 	 33.697 	 245.282
FHW13058	199.625 	 33.515 	 244.179
FHW13058	199.750 	 33.697 	 245.282
FHW13058	199.875 	 33.518 	 244.179
FHW13058	200.000 	 33.697 	 245.282
FHW13058	200.125 	 33.350 	 244.933
FHW13058	200.250 	 33.858 	 244.536
FHW13058	200.375 	 33.701 	 245.283
FHW13058	200.500 	 33.097 	 244.933
FHW13058	200.625 	 33.862 	 244.536
FHW13058	200.750 	 33.350 	 244.933
FHW13058	200.875 	 33.858 	 244.536
FHW13058	201.000 	 33.350 	 244.933
FHW13058	201.125 	 33.701 	 245.282
FHW13058	201.250 	 33.515 	 244.179
FHW13058	201.375 	 33.697 	 245.282
FHW13058	201.500 	 33.518 	 244.179
FHW13058	201.625 	 33.697 	 245.282
FHW13058	201.750 	 33.350 	 244.932
FHW13058	201.875 	 33.858 	 244.537
FHW13058	202.000 	 33.702 	 245.283
FHW13058	202.125 	 33.349 	 244.932
FHW13058	202.250 	 33.608 	 244.537
FHW13058	202.375 	 33.349 	 244.932
FHW13058	202.500 	 33.859 	 244.537
FHW13058	202.625 	 33.349 	 244.932
FHW13058	202.750 	 33.702 	 245.283
FHW13058	202.875 	 33.514 	 244.179
FHW13058	203.000 	 33.698 	 245.283
FHW13058	203.125 	 33.349 	 244.932
FHW13058	203.250 	 33.863 	 244.537
FHW13058	203.375 	 33.349 	 244.932
FHW13058	203.500 	 33.859 	 244.537
FHW13058	203.625 	 33.349 	 244.932
FHW13058	203.750 	 33.701 	 245.284
FHW13058	203.875 	 33.603 	 244.536
FHW13058	204.000 	 33.354 	 244.933
FHW13058	204.125 	 33.858 	 244.536
FHW13058	204.250 	 33.350 	 244.933
FHW13058	204.375 	 33.697 	 245.282
FHW13058	204.500 	 33.518 	 244.179
FHW13058	204.625 	 33.697 	 245.282
FHW13058	204.750 	 33.350 	 244.932
FHW13058	204.875 	 33.858 	 244.537
FHW13058	205.000 	 33.354 	 244.932
FHW13058	205.125 	 33.858 	 244.537
FHW13058	205.250 	 33.350 	 244.932
FHW13058	205.375 	 33.697 	 245.283
FHW13058	205.500 	 33.607 	 244.536
FHW13058	205.625 	 33.350 	 244.933
FHW13058	205.750 	 33.701 	 245.282
FHW13058	205.875 	 33.515 	 244.179
FHW13058	206.000 	 33.697 	 245.282
FHW13058	206.125 	 33.515 	 244.179
FHW13058	206.250 	 33.701 	 245.282
FHW13058	206.375 	 33.350 	 244.932
FHW13058	206.500 	 33.858 	 244.537
FHW13058	206.625 	 33.350 	 244.932
FHW13058	206.750 	 33.862 	 244.537
FHW13058	206.875 	 33.350 	 244.932
FHW13058	207.000 	 33.697 	 245.283
FHW13058	207.125 	 33.858 	 244.536
FHW13058	207.250 	 33.100 	 244.933
FHW13058	207.375 	 33.697 	 245.282
FHW13058	207.500 	 33.518 	 244.179
FHW13058	207.625 	 33.697 	 245.282
FHW13058	207.750 	 33.515 	 244.179
FHW13058	207.875 	 33.697 	 245.282
FHW13058	208.000 	 33.354 	 244.932
FHW13058	208.125 	 33.858 	 244.537
FHW13058	208.250 	 33.350 	 244.932
FHW13058	208.375 	 33.697 	 245.283
FHW13058	208.500 	 33.519 	 244.179
FHW13058	208.625 	 33.697 	 245.283
FHW13058	208.750 	 33.858 	 244.536
FHW13058	208.875 	 33.100 	 244.933
FHW13058	209.000 	 33.697 	 245.282
FHW13058	209.125 	 33.515 	 244.179
FHW13058	209.250 	 33.701 	 245.282
FHW13058	209.375 	 33.515 	 244.179
FHW13058	209.500 	 33.697 	 245.282
FHW13058	209.625 	 33.350 	 244.932
FHW13058	209.750 	 33.862 	 244.537
FHW13058	209.875 	 33.350 	 244.932
FHW13058	210.000 	 33.697 	 245.283
FHW13058	210.125 	 33.515 	 244.179
FHW13058	210.250 	 33.701 	 245.283
FHW13058	210.375 	 33.515 	 244.179
FHW13058	210.500 	 33.446 	 245.283
FHW13058	210.625 	 33.697 	 245.282
FHW13058	210.750 	 33.515 	 244.179
FHW13058	210.875 	 33.697 	 245.282
FHW13058	211.000 	 33.354 	 244.932
FHW13058	211.125 	 33.858 	 244.537
FHW13058	211.250 	 33.350 	 244.932
FHW13058	211.375 	 33.862 	 244.537
FHW13058	211.500 	 33.350 	 244.932
FHW13058	211.625 	 33.697 	 245.283
FHW13058	211.750 	 33.515 	 244.179
FHW13058	211.875 	 33.701 	 245.283
FHW13058	212.000 	 33.515 	 244.179
FHW13058	212.125 	 33.446 	 245.283
FHW13058	212.250 	 33.697 	 245.282
FHW13058	212.375 	 33.515 	 244.179
FHW13058	212.500 	 33.697 	 245.282
FHW13058	212.625 	 33.354 	 244.932
FHW13058	212.750 	 33.858 	 244.537
FHW13058	212.875 	 33.350 	 244.932
FHW13058	213.000 	 33.858 	 244.537
FHW13058	213.125 	 33.354 	 244.932
FHW13058	213.250 	 33.697 	 245.283
FHW13058	213.375 	 33.515 	 244.179
FHW13058	213.500 	 33.697 	 245.283
FHW13058	213.625 	 33.354 	 244.932
FHW13058	213.750 	 33.858 	 244.537
FHW13058	213.875 	 33.447 	 245.283
FHW13058	214.000 	 33.514 	 244.179
FHW13058	214.125 	 33.698 	 245.283
FHW13058	214.250 	 33.349 	 244.932
FHW13058	214.375 	 33.863 	 244.537
FHW13058	214.500 	 33.349 	 244.932
FHW13058	214.625 	 33.859 	 244.537
FHW13058	214.750 	 33.349 	 244.932
FHW13058	214.875 	 33.701 	 245.284
FHW13058	215.000 	 33.514 	 244.178
FHW13058	215.125 	 33.697 	 245.284
FHW13058	215.250 	 33.349 	 244.932
FHW13058	215.375 	 33.863 	 244.537
FHW13058	215.500 	 33.443 	 245.282
FHW13058	215.625 	 33.518 	 244.179
FHW13058	215.750 	 33.697 	 245.282
FHW13058	215.875 	 33.350 	 244.932
FHW13058	216.000 	 34.882 	 244.155
FHW13058	216.125 	 39.994 	 245.026
FHW13058	216.250 	 40.287 	 245.026
FHW13058	216.375 	 40.143 	 244.385
FHW13058	216.500 	 40.287 	 245.026
FHW13058	216.625 	 40.138 	 244.385
FHW13058	216.750 	 39.968 	 244.723
FHW13058	216.875 	 40.143 	 244.384
FHW13058	217.000 	 40.287 	 245.026
FHW13058	217.125 	 40.138 	 244.385
FHW13058	217.250 	 40.291 	 245.026
FHW13058	217.375 	 40.138 	 244.385
FHW13058	217.500 	 39.968 	 244.722
FHW13058	217.625 	 40.143 	 244.385
FHW13058	217.750 	 40.287 	 245.026
FHW13058	217.875 	 40.138 	 244.385
FHW13058	218.000 	 40.287 	 245.026
FHW13058	218.125 	 40.441 	 244.385
FHW13058	218.250 	 39.989 	 245.026
FHW13058	218.375 	 40.121 	 244.075
FHW13058	218.500 	 39.994 	 245.026
FHW13058	218.625 	 40.287 	 245.026
FHW13058	218.750 	 40.138 	 244.385
FHW13058	218.875 	 40.287 	 245.026
FHW13058	219.000 	 40.143 	 244.385
FHW13058	219.125 	 39.967 	 244.722
FHW13058	219.250 	 40.143 	 244.385
FHW13058	219.375 	 40.287 	 245.026
FHW13058	219.500 	 40.139 	 244.384
FHW13058	219.625 	 40.287 	 245.026
FHW13058	219.750 	 40.144 	 244.385
FHW13058	219.875 	 40.287 	 245.026
FHW13058	220.000 	 40.120 	 244.075
FHW13058	220.125 	 39.994 	 245.026
FHW13058	220.250 	 40.436 	 244.385
FHW13058	220.375 	 39.989 	 245.026
FHW13058	220.500 	 40.437 	 244.384
FHW13058	220.625 	 39.994 	 245.026
FHW13058	220.750 	 40.436 	 244.385
FHW13058	220.875 	 39.671 	 244.722
FHW13058	221.000 	 40.287 	 245.026
FHW13058	221.125 	 40.143 	 244.384
FHW13058	221.250 	 40.287 	 245.026
FHW13058	221.375 	 40.143 	 244.385
FHW13058	221.500 	 40.287 	 245.026
FHW13058	221.625 	 39.823 	 244.075
FHW13058	221.750 	 40.287 	 245.026
FHW13058	221.875 	 40.143 	 244.385
FHW13058	222.000 	 40.287 	 245.026
FHW13058	222.125 	 40.437 	 244.385
FHW13058	222.250 	 39.993 	 245.026
FHW13058	222.375 	 40.437 	 244.385
FHW13058	222.500 	 39.670 	 244.722
FHW13058	222.625 	 40.436 	 244.384
FHW13058	222.750 	 39.994 	 245.026
FHW13058	222.875 	 40.436 	 244.384
FHW13058	223.000 	 39.990 	 245.027
FHW13058	223.125 	 40.442 	 244.385
FHW13058	223.250 	 39.670 	 244.722
FHW13058	223.375 	 40.286 	 245.025
FHW13058	223.500 	 40.144 	 244.385
FHW13058	223.625 	 40.286 	 245.026
FHW13058	223.750 	 40.139 	 244.385
FHW13058	223.875 	 40.286 	 245.026
FHW13058	224.000 	 40.144 	 244.385
FHW13058	224.125 	 39.967 	 244.722
FHW13058	224.250 	 40.437 	 244.385
FHW13058	224.375 	 39.993 	 245.025
FHW13058	224.500 	 40.437 	 244.385
FHW13058	224.625 	 39.988 	 245.026
FHW13058	224.750 	 40.437 	 244.385
FHW13058	224.875 	 39.674 	 244.722
FHW13058	225.000 	 40.437 	 244.385
FHW13058	225.125 	 39.993 	 245.025
FHW13058	225.250 	 40.437 	 244.385
FHW13058	225.375 	 39.989 	 245.025
FHW13058	225.500 	 40.437 	 244.385
FHW13058	225.625 	 39.993 	 245.026
FHW13058	225.750 	 39.968 	 244.723
FHW13058	225.875 	 40.138 	 244.384
FHW13058	226.000 	 40.288 	 245.026
FHW13058	226.125 	 40.142 	 244.384
FHW13058	226.250 	 40.287 	 245.027
FHW13058	226.375 	 40.436 	 244.383
FHW13058	226.500 	 39.676 	 244.723
FHW13058	226.625 	 40.436 	 244.384
FHW13058	226.750 	 39.990 	 245.026
FHW13058	226.875 	 40.436 	 244.384
FHW13058	227.000 	 39.994 	 245.026
FHW13058	227.125 	 40.436 	 244.384
FHW13058	227.250 	 39.994 	 245.027
FHW13058	227.375 	 40.120 	 244.074
FHW13058	227.500 	 39.990 	 245.027
FHW13058	227.625 	 40.436 	 244.384
FHW13058	227.750 	 39.994 	 245.026
FHW13058	227.875 	 40.436 	 244.384
FHW13058	228.000 	 39.990 	 245.026
FHW13058	228.125 	 39.972 	 244.722
FHW13058	228.250 	 40.436 	 244.384
FHW13058	228.375 	 39.990 	 245.026
FHW13058	228.500 	 40.437 	 244.385
FHW13058	228.625 	 39.993 	 245.025
FHW13058	228.750 	 40.437 	 244.385
FHW13058	228.875 	 39.988 	 245.026
FHW13058	229.000 	 40.125 	 244.074
FHW13058	229.125 	 39.990 	 245.027
FHW13058	229.250 	 40.436 	 244.384
FHW13058	229.375 	 39.994 	 245.026
FHW13058	229.500 	 40.436 	 244.384
FHW13058	229.625 	 39.990 	 245.026
FHW13058	229.750 	 40.436 	 244.384
FHW13058	229.875 	 39.676 	 244.723
FHW13058	230.000 	 40.436 	 244.383
FHW13058	230.125 	 39.994 	 245.027
FHW13058	230.250 	 40.436 	 244.384
FHW13058	230.375 	 40.288 	 245.026
FHW13058	230.500 	 39.989 	 245.025
FHW13058	230.625 	 40.121 	 244.076
FHW13058	230.750 	 39.993 	 245.026
FHW13058	230.875 	 40.437 	 244.385
FHW13058	231.000 	 39.989 	 245.025
FHW13058	231.125 	 40.442 	 244.385
FHW13058	231.250 	 39.989 	 245.025
FHW13058	231.375 	 40.437 	 244.385
FHW13058	231.500 	 39.675 	 244.722
FHW13058	231.625 	 40.437 	 244.385
FHW13058	231.750 	 39.988 	 245.026
FHW13058	231.875 	 40.437 	 244.385
FHW13058	232.000 	 39.993 	 245.025
FHW13058	232.125 	 40.437 	 244.385
FHW13058	232.250 	 39.675 	 244.722
FHW13058	232.375 	 40.437 	 244.386
FHW13058	232.500 	 40.286 	 245.025
FHW13058	232.625 	 40.139 	 244.385
FHW13058	232.750 	 40.286 	 245.025
FHW13058	232.875 	 39.994 	 245.026
FHW13058	233.000 	 40.436 	 244.384
FHW13058	233.125 	 39.676 	 244.723
FHW13058	233.250 	 40.436 	 244.384
FHW13058	233.375 	 39.990 	 245.026
FHW13058	233.500 	 40.436 	 244.384
FHW13058	233.625 	 39.994 	 245.026
FHW13058	233.750 	 40.436 	 244.384
FHW13058	233.875 	 39.671 	 244.724
FHW13058	234.000 	 40.440 	 244.384
FHW13058	234.125 	 39.990 	 245.026
FHW13058	234.250 	 40.436 	 244.384
FHW13058	234.375 	 39.994 	 245.026
FHW13058	234.500 	 40.436 	 244.384
FHW13058	234.625 	 40.288 	 245.026
FHW13058	234.750 	 39.822 	 244.075
FHW13058	234.875 	 40.286 	 245.025
FHW13058	235.000 	 41.053 	 244.688
FHW13058	235.125 	 46.089 	 245.136
FHW13058	235.250 	 45.806 	 244.867
FHW13058	235.375 	 46.088 	 245.135
FHW13058	235.500 	 45.671 	 245.451
FHW13058	235.625 	 46.089 	 245.136
FHW13058	235.750 	 45.801 	 244.867
FHW13058	235.875 	 45.805 	 244.866
FHW13058	236.000 	 46.089 	 245.136
FHW13058	236.125 	 45.801 	 244.867
FHW13058	236.250 	 46.289 	 245.713
FHW13058	236.375 	 45.806 	 244.867
FHW13058	236.500 	 46.089 	 245.136
FHW13058	236.625 	 45.801 	 244.867
FHW13058	236.750 	 45.805 	 244.866
FHW13058	236.875 	 46.089 	 245.136
FHW13058	237.000 	 45.805 	 244.868
FHW13058	237.125 	 45.957 	 245.714
FHW13058	237.250 	 45.800 	 244.866
FHW13058	237.375 	 46.094 	 245.136
FHW13058	237.500 	 46.134 	 244.867
FHW13058	237.625 	 45.800 	 244.866
FHW13058	237.750 	 46.089 	 245.136
FHW13058	237.875 	 45.671 	 245.450
FHW13058	238.000 	 46.089 	 245.138
FHW13058	238.125 	 45.800 	 244.866
FHW13058	238.250 	 46.094 	 245.136
FHW13058	238.375 	 45.801 	 244.867
FHW13058	238.500 	 45.800 	 244.866
FHW13058	238.625 	 46.290 	 245.714
FHW13058	238.750 	 45.806 	 244.867
FHW13058	238.875 	 46.089 	 245.136
FHW13058	239.000 	 45.800 	 244.866
FHW13058	239.125 	 46.094 	 245.136
FHW13058	239.250 	 45.801 	 244.867
FHW13058	239.375 	 45.806 	 244.867
FHW13058	239.500 	 45.956 	 245.714
FHW13058	239.625 	 45.801 	 244.867
FHW13058	239.750 	 46.094 	 245.136
FHW13058	239.875 	 46.133 	 244.866
FHW13058	240.000 	 46.089 	 245.136
FHW13058	240.125 	 45.801 	 244.867
FHW13058	240.250 	 45.671 	 245.450
FHW13058	240.375 	 46.088 	 245.135
FHW13058	240.500 	 45.800 	 244.868
FHW13058	240.625 	 46.094 	 245.136
FHW13058	240.750 	 45.801 	 244.867
FHW13058	240.875 	 46.093 	 245.135
FHW13058	241.000 	 45.994 	 245.450
FHW13058	241.125 	 45.806 	 244.867
FHW13058	241.250 	 46.088 	 245.135
FHW13058	241.375 	 45.806 	 244.867
FHW13058	241.500 	 46.089 	 245.136
FHW13058	241.625 	 45.801 	 244.867
FHW13058	241.750 	 45.961 	 245.714
FHW13058	241.875 	 45.801 	 244.867
FHW13058	242.000 	 46.089 	 245.136
FHW13058	242.125 	 45.806 	 244.867
FHW13058	242.250 	 46.133 	 244.866
FHW13058	242.375 	 46.089 	 245.136
FHW13058	242.500 	 45.801 	 244.867
FHW13058	242.625 	 45.962 	 245.714
FHW13058	242.750 	 45.800 	 244.866
FHW13058	242.875 	 46.089 	 245.136
FHW13058	243.000 	 45.806 	 244.867
FHW13058	243.125 	 45.799 	 244.867
FHW13058	243.250 	 46.094 	 245.136
FHW13058	243.375 	 45.994 	 245.450
FHW13058	243.500 	 46.094 	 245.136
FHW13058	243.625 	 45.800 	 244.866
FHW13058	243.750 	 46.094 	 245.136
FHW13058	243.875 	 45.801 	 244.867
FHW13058	244.000 	 45.800 	 244.866
FHW13058	244.125 	 45.962 	 245.715
FHW13058	244.250 	 45.801 	 244.867
FHW13058	244.375 	 46.089 	 245.136
FHW13058	244.500 	 45.805 	 244.866
FHW13058	244.625 	 46.422 	 245.136
FHW13058	244.750 	 45.801 	 244.867
FHW13058	244.875 	 45.800 	 244.866
FHW13058	245.000 	 45.962 	 245.714
FHW13058	245.125 	 45.801 	 244.867
FHW13058	245.250 	 46.094 	 245.136
FHW13058	245.375 	 45.800 	 244.866
FHW13058	245.500 	 46.089 	 245.136
FHW13058	245.625 	 45.805 	 244.868
FHW13058	245.750 	 45.999 	 245.450
FHW13058	245.875 	 46.088 	 245.135
FHW13058	246.000 	 45.801 	 244.867
FHW13058	246.125 	 46.094 	 245.136
FHW13058	246.250 	 45.801 	 244.867
FHW13058	246.375 	 46.088 	 245.135
FHW13058	246.500 	 45.671 	 245.451
FHW13058	246.625 	 45.801 	 244.867
FHW13058	246.750 	 46.093 	 245.135
FHW13058	246.875 	 45.801 	 244.867
FHW13058	247.000 	 46.422 	 245.136
FHW13058	247.125 	 45.801 	 244.867
FHW13058	247.250 	 46.093 	 245.135
FHW13058	247.375 	 45.666 	 245.450
FHW13058	247.500 	 45.801 	 244.867
FHW13058	247.625 	 46.094 	 245.136
FHW13058	247.750 	 45.800 	 244.866
FHW13058	247.875 	 46.089 	 245.136
FHW13058	248.000 	 45.806 	 244.867
FHW13058	248.125 	 46.289 	 245.714
FHW13058	248.250 	 45.801 	 244.867
FHW13058	248.375 	 45.801 	 244.867
FHW13058	248.500 	 46.094 	 245.136
FHW13058	248.625 	 45.800 	 244.866
FHW13058	248.750 	 46.089 	 245.136
FHW13058	248.875 	 45.671 	 245.450
FHW13058	249.000 	 46.089 	 245.136
FHW13058	249.125 	 45.804 	 244.867
FHW13058	249.250 	 45.801 	 244.867
FHW13058	249.375 	 46.422 	 245.136
FHW13058	249.500 	 45.800 	 244.866
FHW13058	249.625 	 45.962 	 245.714
FHW13058	249.750 	 45.801 	 244.867
FHW13058	249.875 	 46.089 	 245.136
FHW13058	250.000 	 45.805 	 244.866
FHW13058	250.125 	 45.801 	 244.867
FHW13058	250.250 	 46.089 	 245.136
FHW13058	250.375 	 45.805 	 244.866
FHW13058	250.500 	 46.290 	 245.715
FHW13058	250.625 	 45.801 	 244.867
FHW13058	250.750 	 46.089 	 245.136
FHW13058	250.875 	 45.805 	 244.866
FHW13058	251.000 	 45.801 	 244.867
FHW13058	251.125 	 46.094 	 245.136
FHW13058	251.250 	 45.666 	 245.450
FHW13058	251.375 	 46.088 	 245.135
FHW13058	251.500 	 45.806 	 244.867
FHW13058	251.625 	 46.089 	 245.138
FHW13058	251.750 	 46.133 	 244.866
FHW13058	251.875 	 45.801 	 244.867
FHW13058	252.000 	 45.962 	 245.714
FHW13058	252.125 	 45.801 	 244.867
FHW13058	252.250 	 46.088 	 245.135
FHW13058	252.375 	 45.806 	 244.867
FHW13058	252.500 	 46.089 	 245.136
FHW13058	252.625 	 45.801 	 244.867
FHW13058	252.750 	 45.805 	 244.866
FHW13058	252.875 	 45.957 	 245.715
FHW13058	253.000 	 46.134 	 244.867
FHW13058	253.125 	 46.088 	 245.135
FHW13058	253.250 	 45.806 	 244.867
FHW13058	253.375 	 46.089 	 245.136
FHW13058	253.500 	 45.806 	 244.867
FHW13058	253.625 	 45.665 	 245.448
FHW13058	253.750 	 51.361 	 245.800
FHW13058	253.875 	 52.711 	 245.746
FHW13058	254.000 	 52.348 	 246.037
FHW13058	254.125 	 53.073 	 245.747
FHW13058	254.250 	 52.604 	 246.271
FHW13058	254.375 	 52.458 	 245.508
FHW13058	254.500 	 52.598 	 246.272
FHW13058	254.625 	 52.718 	 245.747
FHW13058	254.750 	 52.705 	 246.036
FHW13058	254.875 	 52.717 	 245.748
FHW13058	255.000 	 52.343 	 246.037
FHW13058	255.125 	 52.711 	 245.746
FHW13058	255.250 	 52.598 	 246.272
FHW13058	255.375 	 52.463 	 245.508
FHW13058	255.500 	 52.961 	 246.271
FHW13058	255.625 	 52.716 	 245.747
FHW13058	255.750 	 52.343 	 246.037
FHW13058	255.875 	 52.711 	 245.746
FHW13058	256.000 	 52.348 	 246.038
FHW13058	256.125 	 53.073 	 245.746
FHW13058	256.250 	 52.604 	 246.271
FHW13058	256.375 	 52.342 	 246.038
FHW13058	256.500 	 52.711 	 245.746
FHW13058	256.625 	 52.598 	 246.272
FHW13058	256.750 	 52.463 	 245.508
FHW13058	256.875 	 52.961 	 246.271
FHW13058	257.000 	 52.463 	 245.509
FHW13058	257.125 	 52.598 	 246.271
FHW13058	257.250 	 52.712 	 245.747
FHW13058	257.375 	 52.342 	 246.038
FHW13058	257.500 	 53.079 	 245.746
FHW13058	257.625 	 52.604 	 246.271
FHW13058	257.750 	 52.458 	 245.509
FHW13058	257.875 	 52.598 	 246.271
FHW13058	258.000 	 52.458 	 245.508
FHW13058	258.125 	 52.966 	 246.272
FHW13058	258.250 	 52.711 	 245.746
FHW13058	258.375 	 52.348 	 246.037
FHW13058	258.500 	 52.711 	 245.747
FHW13058	258.625 	 52.343 	 246.037
FHW13058	258.750 	 52.711 	 245.746
FHW13058	258.875 	 52.966 	 246.272
FHW13058	259.000 	 52.463 	 245.508
FHW13058	259.125 	 52.598 	 246.271
FHW13058	259.250 	 52.711 	 245.747
FHW13058	259.375 	 52.343 	 246.037
FHW13058	259.500 	 52.966 	 246.272
FHW13058	259.625 	 52.458 	 245.508
FHW13058	259.750 	 52.604 	 246.271
FHW13058	259.875 	 52.712 	 245.747
FHW13058	260.000 	 52.342 	 246.038
FHW13058	260.125 	 52.711 	 245.746
FHW13058	260.250 	 52.966 	 246.272
FHW13058	260.375 	 52.463 	 245.508
FHW13058	260.500 	 52.598 	 246.271
FHW13058	260.625 	 52.458 	 245.508
FHW13058	260.750 	 52.598 	 246.272
FHW13058	260.875 	 53.079 	 245.746
FHW13058	261.000 	 52.342 	 246.038
FHW13058	261.125 	 52.717 	 245.746
FHW13058	261.250 	 52.598 	 246.271
FHW13058	261.375 	 52.458 	 245.508
FHW13058	261.500 	 52.598 	 246.272
FHW13058	261.625 	 52.826 	 245.508
FHW13058	261.750 	 52.598 	 246.272
FHW13058	261.875 	 52.717 	 245.746
FHW13058	262.000 	 52.343 	 246.037
FHW13058	262.125 	 52.711 	 245.746
FHW13058	262.250 	 52.967 	 246.273
FHW13058	262.375 	 52.458 	 245.508
FHW13058	262.500 	 52.604 	 246.272
FHW13058	262.625 	 52.343 	 246.037
FHW13058	262.750 	 52.711 	 245.746
FHW13058	262.875 	 52.966 	 246.272
FHW13058	263.000 	 52.458 	 245.508
FHW13058	263.125 	 52.598 	 246.271
FHW13058	263.250 	 52.716 	 245.747
FHW13058	263.375 	 52.343 	 246.037
FHW13058	263.500 	 52.711 	 245.746
FHW13058	263.625 	 52.711 	 246.038
FHW13058	263.750 	 52.711 	 245.746
FHW13058	263.875 	 52.604 	 246.271
FHW13058	264.000 	 52.458 	 245.509
FHW13058	264.125 	 52.598 	 246.271
FHW13058	264.250 	 53.079 	 245.746
FHW13058	264.375 	 52.342 	 246.038
FHW13058	264.500 	 52.711 	 245.746
FHW13058	264.625 	 52.348 	 246.037
FHW13058	264.750 	 52.711 	 245.747
FHW13058	264.875 	 52.599 	 246.272
FHW13058	265.000 	 52.826 	 245.508
FHW13058	265.125 	 52.598 	 246.272
FHW13058	265.250 	 52.463 	 245.508
FHW13058	265.375 	 52.598 	 246.271
FHW13058	265.500 	 52.711 	 245.747
FHW13058	265.625 	 52.712 	 246.037
FHW13058	265.750 	 52.711 	 245.746
FHW13058	265.875 	 52.598 	 246.272
FHW13058	266.000 	 52.348 	 246.037
FHW13058	266.125 	 52.711 	 245.746
FHW13058	266.250 	 52.342 	 246.038
FHW13058	266.375 	 53.079 	 245.746
FHW13058	266.500 	 52.598 	 246.272
FHW13058	266.625 	 52.463 	 245.508
FHW13058	266.750 	 52.598 	 246.271
FHW13058	266.875 	 52.711 	 245.746
FHW13058	267.000 	 52.711 	 246.038
FHW13058	267.125 	 52.711 	 245.746
FHW13058	267.250 	 52.342 	 246.038
FHW13058	267.375 	 52.718 	 245.747
FHW13058	267.500 	 52.598 	 246.271
FHW13058	267.625 	 52.826 	 245.508
FHW13058	267.750 	 52.598 	 246.272
FHW13058	267.875 	 52.711 	 245.746
FHW13058	268.000 	 52.348 	 246.038
FHW13058	268.125 	 52.711 	 245.746
FHW13058	268.250 	 52.343 	 246.037
FHW13058	268.375 	 53.079 	 245.747
FHW13058	268.500 	 52.598 	 246.271
FHW13058	268.625 	 52.458 	 245.508
FHW13058	268.750 	 52.604 	 246.272
FHW13058	268.875 	 52.711 	 245.746
FHW13058	269.000 	 52.712 	 246.037
FHW13058	269.125 	 52.598 	 246.272
FHW13058	269.250 	 52.458 	 245.508
FHW13058	269.375 	 52.598 	 246.271
FHW13058	269.500 	 52.716 	 245.747
FHW13058	269.625 	 52.343 	 246.037
FHW13058	269.750 	 53.079 	 245.746
FHW13058	269.875 	 52.599 	 246.273
FHW13058	270.000 	 52.458 	 245.508
FHW13058	270.125 	 52.604 	 246.272
FHW13058	270.250 	 52.458 	 245.508
FHW13058	270.375 	 52.966 	 246.271
FHW13058	270.500 	 52.711 	 245.746
FHW13058	270.625 	 52.342 	 246.038
FHW13058	270.750 	 52.710 	 245.745
FHW13058	270.875 	 52.605 	 246.273
FHW13058	271.000 	 52.457 	 245.507
FHW13058	271.125 	 52.967 	 246.272
FHW13058	271.250 	 52.459 	 245.509
FHW13058	271.375 	 52.597 	 246.271
FHW13058	271.500 	 52.718 	 245.747
FHW13058	271.625 	 52.341 	 246.037
FHW13058	271.750 	 53.080 	 245.747
FHW13058	271.875 	 52.342 	 246.036
FHW13058	272.000 	 52.712 	 245.747
FHW13058	272.125 	 52.597 	 246.271
FHW13058	272.250 	 52.349 	 246.038
FHW13058	272.375 	 52.710 	 245.746
FHW13058	272.500 	 52.967 	 246.272
FHW13058	272.625 	 52.457 	 245.507
FHW13058	272.750 	 52.599 	 246.273
FHW13058	272.875 	 57.998 	 245.376
FHW13058	273.000 	 60.912 	 245.772
FHW13058	273.125 	 60.622 	 246.037
FHW13058	273.250 	 60.912 	 245.772
FHW13058	273.375 	 60.708 	 245.556
FHW13058	273.500 	 60.617 	 246.040
FHW13058	273.625 	 60.918 	 245.772
FHW13058	273.750 	 60.708 	 245.556
FHW13058	273.875 	 60.708 	 245.556
FHW13058	274.000 	 60.828 	 246.250
FHW13058	274.125 	 60.708 	 245.556
FHW13058	274.250 	 60.913 	 245.774
FHW13058	274.375 	 60.622 	 246.038
FHW13058	274.500 	 60.708 	 245.556
FHW13058	274.625 	 60.912 	 245.772
FHW13058	274.750 	 60.708 	 245.556
FHW13058	274.875 	 60.622 	 246.037
FHW13058	275.000 	 60.912 	 245.772
FHW13058	275.125 	 60.710 	 245.557
FHW13058	275.250 	 60.918 	 245.772
FHW13058	275.375 	 60.616 	 246.038
FHW13058	275.500 	 60.708 	 245.556
FHW13058	275.625 	 60.918 	 245.772
FHW13058	275.750 	 60.616 	 246.037
FHW13058	275.875 	 60.708 	 245.556
FHW13058	276.000 	 60.920 	 245.774
FHW13058	276.125 	 60.708 	 245.556
FHW13058	276.250 	 60.821 	 246.250
FHW13058	276.375 	 60.708 	 245.556
FHW13058	276.500 	 60.715 	 245.556
FHW13058	276.625 	 60.912 	 245.773
FHW13058	276.750 	 60.618 	 246.039
FHW13058	276.875 	 60.918 	 245.772
FHW13058	277.000 	 60.708 	 245.556
FHW13058	277.125 	 60.616 	 246.037
FHW13058	277.250 	 60.918 	 245.772
FHW13058	277.375 	 60.708 	 245.556
FHW13058	277.500 	 60.710 	 245.557
FHW13058	277.625 	 60.821 	 246.251
FHW13058	277.750 	 60.715 	 245.556
FHW13058	277.875 	 60.912 	 245.772
FHW13058	278.000 	 60.616 	 246.037
FHW13058	278.125 	 60.715 	 245.556
FHW13058	278.250 	 60.912 	 245.772
FHW13058	278.375 	 60.710 	 245.557
FHW13058	278.500 	 60.622 	 246.038
FHW13058	278.625 	 60.912 	 245.772
FHW13058	278.750 	 60.708 	 245.556
FHW13058	278.875 	 60.918 	 245.772
FHW13058	279.000 	 60.616 	 246.037
FHW13058	279.125 	 60.710 	 245.557
FHW13058	279.250 	 60.912 	 245.772
FHW13058	279.375 	 60.622 	 246.037
FHW13058	279.500 	 60.708 	 245.556
FHW13058	279.625 	 60.912 	 245.773
FHW13058	279.750 	 60.715 	 245.556
FHW13058	279.875 	 60.823 	 246.251
FHW13058	280.000 	 60.708 	 245.556
FHW13058	280.125 	 60.715 	 245.556
FHW13058	280.250 	 60.912 	 245.772
FHW13058	280.375 	 60.616 	 246.037
FHW13058	280.500 	 60.708 	 245.556
FHW13058	280.625 	 60.918 	 245.772
FHW13058	280.750 	 60.617 	 246.040
FHW13058	280.875 	 60.912 	 245.772
FHW13058	281.000 	 60.715 	 245.556
FHW13058	281.125 	 60.708 	 245.556
FHW13058	281.250 	 60.821 	 246.250
FHW13058	281.375 	 60.715 	 245.556
FHW13058	281.500 	 60.913 	 245.774
FHW13058	281.625 	 60.708 	 245.556
FHW13058	281.750 	 60.616 	 246.038
FHW13058	281.875 	 60.918 	 245.772
FHW13058	282.000 	 60.708 	 245.556
FHW13058	282.125 	 60.616 	 246.037
FHW13058	282.250 	 60.918 	 245.772
FHW13058	282.375 	 60.710 	 245.558
FHW13058	282.500 	 60.912 	 245.771
FHW13058	282.625 	 60.622 	 246.038
FHW13058	282.750 	 60.709 	 245.555
FHW13058	282.875 	 60.912 	 245.773
FHW13058	283.000 	 60.622 	 246.036
FHW13058	283.125 	 60.708 	 245.557
FHW13058	283.250 	 60.914 	 245.773
FHW13058	283.375 	 60.708 	 245.557
FHW13058	283.500 	 60.827 	 246.251
FHW13058	283.625 	 60.709 	 245.555
FHW13058	283.750 	 60.708 	 245.557
FHW13058	283.875 	 60.918 	 245.771
FHW13058	284.000 	 60.617 	 246.040
FHW13058	284.125 	 60.709 	 245.555
FHW13058	284.250 	 60.918 	 245.773
FHW13058	284.375 	 60.616 	 246.038
FHW13058	284.500 	 60.912 	 245.771
FHW13058	284.625 	 60.708 	 245.557
FHW13058	284.750 	 60.716 	 245.557
FHW13058	284.875 	 60.821 	 246.251
FHW13058	285.000 	 60.709 	 245.555
FHW13058	285.125 	 60.714 	 245.557
FHW13058	285.250 	 60.912 	 245.771
FHW13058	285.375 	 60.616 	 246.038
FHW13058	285.500 	 60.918 	 245.773
FHW13058	285.625 	 60.710 	 245.557
FHW13058	285.750 	 60.616 	 246.038
FHW13058	285.875 	 60.918 	 245.771
FHW13058	286.000 	 60.708 	 245.557
FHW13058	286.125 	 60.709 	 245.555
FHW13058	286.250 	 60.821 	 246.251
FHW13058	286.375 	 60.716 	 245.557
FHW13058	286.500 	 60.912 	 245.773
FHW13058	286.625 	 60.708 	 245.557
FHW13058	286.750 	 60.622 	 246.036
FHW13058	286.875 	 60.912 	 245.773
FHW13058	287.000 	 60.709 	 245.555
FHW13058	287.125 	 60.829 	 246.252
FHW13058	287.250 	 60.709 	 245.555
FHW13058	287.375 	 60.708 	 245.557
FHW13058	287.500 	 60.912 	 245.771
FHW13058	287.625 	 60.622 	 246.038
FHW13058	287.750 	 60.708 	 245.557
FHW13058	287.875 	 60.912 	 245.771
FHW13058	288.000 	 60.624 	 246.040
FHW13058	288.125 	 60.912 	 245.771
FHW13058	288.250 	 60.708 	 245.557
FHW13058	288.375 	 60.715 	 245.555
FHW13058	288.500 	 60.426 	 246.251
FHW13058	288.625 	 60.708 	 245.557
FHW13058	288.750 	 60.709 	 245.555
FHW13058	288.875 	 60.913 	 245.774
FHW13058	289.000 	 60.616 	 246.036
FHW13058	289.125 	 60.912 	 245.773
FHW13058	289.250 	 60.721 	 245.555
FHW13058	289.375 	 60.616 	 246.038
FHW13058	289.500 	 60.912 	 245.773
FHW13058	289.625 	 60.710 	 245.557
FHW13058	289.750 	 60.708 	 245.557
FHW13058	289.875 	 60.822 	 246.249
FHW13058	290.000 	 60.721 	 245.557
FHW13058	290.125 	 60.912 	 245.771
FHW13058	290.250 	 60.708 	 245.557
FHW13058	290.375 	 60.616 	 246.036
FHW13058	290.500 	 60.913 	 245.774
FHW13058	290.625 	 60.709 	 245.555
FHW13058	290.750 	 60.616 	 246.038
FHW13058	290.875 	 60.924 	 245.773
FHW13058	291.000 	 60.709 	 245.555
FHW13058	291.125 	 60.912 	 245.773
FHW13058	291.250 	 60.618 	 246.038
FHW13058	291.375 	 60.708 	 245.557
FHW13058	291.500 	 60.912 	 245.771
FHW13058	291.625 	 60.616 	 246.038
FHW13058	291.750 	 60.721 	 245.557
FHW13058	291.875 	 67.423 	 245.433
FHW13058	292.000 	 68.338 	 244.982
FHW13058	292.125 	 68.505 	 245.191
FHW13058	292.250 	 68.783 	 244.984
FHW13058	292.375 	 68.491 	 245.188
FHW13058	292.500 	 68.352 	 244.984
FHW13058	292.625 	 68.351 	 244.982
FHW13058	292.750 	 68.492 	 245.191
FHW13058	292.875 	 68.351 	 244.982
FHW13058	293.000 	 68.852 	 245.638
FHW13058	293.125 	 68.352 	 244.984
FHW13058	293.250 	 68.503 	 245.190
FHW13058	293.375 	 68.339 	 244.984
FHW13058	293.500 	 68.351 	 244.982
FHW13058	293.625 	 68.505 	 245.191
FHW13058	293.750 	 68.770 	 244.984
FHW13058	293.875 	 68.503 	 245.190
FHW13058	294.000 	 68.352 	 244.984
FHW13058	294.125 	 68.421 	 245.636
FHW13058	294.250 	 68.352 	 244.984
FHW13058	294.375 	 68.352 	 244.984
FHW13058	294.500 	 68.919 	 245.190
FHW13058	294.625 	 68.352 	 244.984
FHW13058	294.750 	 68.491 	 245.190
FHW13058	294.875 	 68.352 	 244.984
FHW13058	295.000 	 68.351 	 244.982
FHW13058	295.125 	 68.492 	 245.191
FHW13058	295.250 	 68.713 	 245.433
FHW13058	295.375 	 68.491 	 245.190
FHW13058	295.500 	 68.352 	 244.982
FHW13058	295.625 	 68.503 	 245.190
FHW13058	295.750 	 68.339 	 244.984
FHW13058	295.875 	 68.352 	 244.984
FHW13058	296.000 	 68.932 	 245.190
FHW13058	296.125 	 68.339 	 244.984
FHW13058	296.250 	 68.503 	 245.190
FHW13058	296.375 	 68.281 	 245.433
FHW13058	296.500 	 68.339 	 244.984
FHW13058	296.625 	 68.503 	 245.190
FHW13058	296.750 	 68.770 	 244.984
FHW13058	296.875 	 68.503 	 245.190
FHW13058	297.000 	 68.352 	 244.984
FHW13058	297.125 	 68.492 	 245.191
FHW13058	297.250 	 68.351 	 244.982
FHW13058	297.375 	 68.352 	 244.984
FHW13058	297.500 	 68.851 	 245.636
FHW13058	297.625 	 68.352 	 244.984
FHW13058	297.750 	 68.505 	 245.191
FHW13058	297.875 	 68.338 	 244.982
FHW13058	298.000 	 68.505 	 245.191
FHW13058	298.125 	 68.351 	 244.982
FHW13058	298.250 	 68.770 	 244.984
FHW13058	298.375 	 68.504 	 245.188
FHW13058	298.500 	 68.339 	 244.984
FHW13058	298.625 	 68.435 	 245.640
FHW13058	298.750 	 68.351 	 244.981
FHW13058	298.875 	 68.339 	 244.984
FHW13058	299.000 	 68.932 	 245.190
FHW13058	299.125 	 68.339 	 244.984
FHW13058	299.250 	 68.505 	 245.191
FHW13058	299.375 	 68.351 	 244.982
FHW13058	299.500 	 68.492 	 245.191
FHW13058	299.625 	 68.351 	 244.982
FHW13058	299.750 	 68.783 	 244.984
FHW13058	299.875 	 68.422 	 245.638
FHW13058	300.000 	 68.351 	 244.982
FHW13058	300.125 	 68.505 	 245.191
FHW13058	300.250 	 68.338 	 244.982
FHW13058	300.375 	 68.505 	 245.191
FHW13058	300.500 	 68.769 	 244.982
FHW13058	300.625 	 68.352 	 244.984
FHW13058	300.750 	 68.505 	 245.191
FHW13058	300.875 	 68.338 	 244.982
FHW13058	301.000 	 68.435 	 245.638
FHW13058	301.125 	 68.351 	 244.982
FHW13058	301.250 	 68.770 	 244.984
FHW13058	301.375 	 68.505 	 245.191
FHW13058	301.500 	 68.351 	 244.982
FHW13058	301.625 	 68.492 	 245.190
FHW13058	301.750 	 68.351 	 244.982
FHW13058	301.875 	 68.505 	 245.191
FHW13058	302.000 	 68.770 	 244.984
FHW13058	302.125 	 68.280 	 245.432
FHW13058	302.250 	 68.492 	 245.191
FHW13058	302.375 	 68.351 	 244.982
FHW13058	302.500 	 68.505 	 245.191
FHW13058	302.625 	 68.339 	 244.984
FHW13058	302.750 	 68.932 	 245.190
FHW13058	302.875 	 68.339 	 244.984
FHW13058	303.000 	 68.351 	 244.982
FHW13058	303.125 	 68.505 	 245.191
FHW13058	303.250 	 68.266 	 245.432
FHW13058	303.375 	 68.505 	 245.191
FHW13058	303.500 	 68.783 	 244.984
FHW13058	303.625 	 68.338 	 244.982
FHW13058	303.750 	 68.505 	 245.191
FHW13058	303.875 	 68.351 	 244.982
FHW13058	304.000 	 68.492 	 245.191
FHW13058	304.125 	 68.352 	 244.984
FHW13058	304.250 	 68.919 	 245.190
FHW13058	304.375 	 68.281 	 245.433
FHW13058	304.500 	 68.351 	 244.982
FHW13058	304.625 	 68.492 	 245.191
FHW13058	304.750 	 68.352 	 244.982
FHW13058	304.875 	 68.503 	 245.190
FHW13058	305.000 	 68.770 	 244.984
FHW13058	305.125 	 68.351 	 244.982
FHW13058	305.250 	 68.505 	 245.191
FHW13058	305.375 	 68.338 	 244.982
FHW13058	305.500 	 68.435 	 245.638
FHW13058	305.625 	 68.352 	 244.984
FHW13058	305.750 	 68.919 	 245.190
FHW13058	305.875 	 68.352 	 244.984
FHW13058	306.000 	 68.338 	 244.982
FHW13058	306.125 	 68.505 	 245.191
FHW13058	306.250 	 68.352 	 244.984
FHW13058	306.375 	 68.491 	 245.190
FHW13058	306.500 	 68.783 	 244.984
FHW13058	306.625 	 68.421 	 245.636
FHW13058	306.750 	 68.352 	 244.984
FHW13058	306.875 	 68.352 	 244.984
FHW13058	307.000 	 68.491 	 245.190
FHW13058	307.125 	 68.352 	 244.984
FHW13058	307.250 	 68.932 	 245.190
FHW13058	307.375 	 68.339 	 244.984
FHW13058	307.500 	 68.351 	 244.982
FHW13058	307.625 	 68.505 	 245.190
FHW13058	307.750 	 68.267 	 245.435
FHW13058	307.875 	 68.503 	 245.190
FHW13058	308.000 	 68.771 	 244.982
FHW13058	308.125 	 68.505 	 245.191
FHW13058	308.250 	 68.351 	 244.982
FHW13058	308.375 	 68.339 	 244.984
FHW13058	308.500 	 68.503 	 245.190
FHW13058	308.625 	 68.352 	 244.984
FHW13058	308.750 	 68.919 	 245.190
FHW13058	308.875 	 68.281 	 245.433
FHW13058	309.000 	 68.505 	 245.191
FHW13058	309.125 	 68.338 	 244.982
FHW13058	309.250 	 68.352 	 244.984
FHW13058	309.375 	 68.503 	 245.190
FHW13058	309.500 	 68.770 	 244.984
FHW13058	309.625 	 68.505 	 245.191
FHW13058	309.750 	 68.338 	 244.982
FHW13058	309.875 	 68.352 	 244.984
FHW13058	310.000 	 68.434 	 245.636
FHW13058	310.125 	 68.339 	 244.984
FHW13058	310.250 	 68.934 	 245.191
FHW13058	310.375 	 68.338 	 244.982
FHW13058	310.500 	 68.505 	 245.191
FHW13058	310.625 	 68.351 	 244.982
FHW13058	310.750 	 68.339 	 244.984
FHW13058	310.875 	 72.736 	 245.157
FHW13058	311.000 	 76.150 	 244.700
FHW13058	311.125 	 76.103 	 245.123
FHW13058	311.250 	 76.050 	 244.497
FHW13058	311.375 	 76.150 	 244.700
FHW13058	311.500 	 76.553 	 245.125
FHW13058	311.625 	 76.150 	 244.700
FHW13058	311.750 	 76.003 	 244.925
FHW13058	311.875 	 76.136 	 244.700
FHW13058	312.000 	 76.150 	 244.698
FHW13058	312.125 	 76.552 	 245.127
FHW13058	312.250 	 76.050 	 244.497
FHW13058	312.375 	 76.149 	 244.696
FHW13058	312.500 	 76.103 	 245.127
FHW13058	312.625 	 76.150 	 244.698
FHW13058	312.750 	 76.455 	 244.926
FHW13058	312.875 	 76.150 	 244.698
FHW13058	313.000 	 76.150 	 244.700
FHW13058	313.125 	 76.103 	 245.127
FHW13058	313.250 	 76.050 	 244.495
FHW13058	313.375 	 76.584 	 244.700
FHW13058	313.500 	 76.103 	 245.125
FHW13058	313.625 	 76.150 	 244.700
FHW13058	313.750 	 76.002 	 244.923
FHW13058	313.875 	 76.150 	 244.700
FHW13058	314.000 	 76.150 	 244.698
FHW13058	314.125 	 76.552 	 245.127
FHW13058	314.250 	 76.050 	 244.497
FHW13058	314.375 	 76.103 	 245.125
FHW13058	314.500 	 76.150 	 244.700
FHW13058	314.625 	 76.150 	 244.698
FHW13058	314.750 	 76.441 	 244.926
FHW13058	314.875 	 76.149 	 244.696
FHW13058	315.000 	 76.150 	 244.700
FHW13058	315.125 	 76.103 	 245.127
FHW13058	315.250 	 76.050 	 244.495
FHW13058	315.375 	 76.552 	 245.127
FHW13058	315.500 	 76.150 	 244.698
FHW13058	315.625 	 76.150 	 244.700
FHW13058	315.750 	 76.003 	 244.925
FHW13058	315.875 	 76.150 	 244.700
FHW13058	316.000 	 76.150 	 244.698
FHW13058	316.125 	 76.539 	 245.127
FHW13058	316.250 	 76.049 	 244.495
FHW13058	316.375 	 76.103 	 245.125
FHW13058	316.500 	 76.150 	 244.700
FHW13058	316.625 	 76.150 	 244.698
FHW13058	316.750 	 76.455 	 244.926
FHW13058	316.875 	 76.150 	 244.698
FHW13058	317.000 	 76.150 	 244.700
FHW13058	317.125 	 76.003 	 244.926
FHW13058	317.250 	 76.150 	 244.698
FHW13058	317.375 	 76.552 	 245.127
FHW13058	317.500 	 76.149 	 244.696
FHW13058	317.625 	 76.050 	 244.497
FHW13058	317.750 	 76.103 	 245.127
FHW13058	317.875 	 76.136 	 244.698
FHW13058	318.000 	 76.103 	 245.127
FHW13058	318.125 	 76.501 	 244.495
FHW13058	318.250 	 76.150 	 244.700
FHW13058	318.375 	 76.103 	 245.125
FHW13058	318.500 	 76.150 	 244.700
FHW13058	318.625 	 76.050 	 244.495
FHW13058	318.750 	 76.552 	 245.125
FHW13058	318.875 	 76.150 	 244.700
FHW13058	319.000 	 76.103 	 245.125
FHW13058	319.125 	 76.050 	 244.497
FHW13058	319.250 	 76.150 	 244.698
FHW13058	319.375 	 76.539 	 245.127
FHW13058	319.500 	 76.150 	 244.698
FHW13058	319.625 	 76.050 	 244.497
FHW13058	319.750 	 76.103 	 245.127
FHW13058	319.875 	 76.150 	 244.698
FHW13058	320.000 	 76.102 	 245.125
FHW13058	320.125 	 76.501 	 244.495
FHW13058	320.250 	 76.150 	 244.700
FHW13058	320.375 	 76.103 	 245.125
FHW13058	320.500 	 76.150 	 244.700
FHW13058	320.625 	 76.050 	 244.495
FHW13058	320.750 	 76.539 	 245.127
FHW13058	320.875 	 76.150 	 244.700
FHW13058	321.000 	 76.103 	 245.125
FHW13058	321.125 	 76.050 	 244.497
FHW13058	321.250 	 76.149 	 244.696
FHW13058	321.375 	 76.552 	 245.127
FHW13058	321.500 	 76.150 	 244.698
FHW13058	321.625 	 76.003 	 244.926
FHW13058	321.750 	 76.150 	 244.700
FHW13058	321.875 	 76.150 	 244.698
FHW13058	322.000 	 76.103 	 245.127
FHW13058	322.125 	 76.488 	 244.495
FHW13058	322.250 	 76.150 	 244.700
FHW13058	322.375 	 76.103 	 245.125
FHW13058	322.500 	 76.150 	 244.700
FHW13058	322.625 	 76.002 	 244.925
FHW13058	322.750 	 76.598 	 244.698
FHW13058	322.875 	 76.150 	 244.700
FHW13058	323.000 	 76.103 	 245.125
FHW13058	323.125 	 76.050 	 244.497
FHW13058	323.250 	 76.150 	 244.698
FHW13058	323.375 	 76.552 	 245.127
FHW13058	323.500 	 76.150 	 244.700
FHW13058	323.625 	 76.003 	 244.925
FHW13058	323.750 	 76.150 	 244.700
FHW13058	323.875 	 76.136 	 244.696
FHW13058	324.000 	 76.103 	 245.127
FHW13058	324.125 	 76.501 	 244.495
FHW13058	324.250 	 76.103 	 245.127
FHW13058	324.375 	 76.150 	 244.700
FHW13058	324.500 	 76.150 	 244.698
FHW13058	324.625 	 76.003 	 244.926
FHW13058	324.750 	 76.598 	 244.698
FHW13058	324.875 	 76.150 	 244.700
FHW13058	325.000 	 76.103 	 245.125
FHW13058	325.125 	 76.049 	 244.495
FHW13058	325.250 	 76.103 	 245.127
FHW13058	325.375 	 76.584 	 244.698
FHW13058	325.500 	 76.150 	 244.700
FHW13058	325.625 	 76.003 	 244.925
FHW13058	325.750 	 76.150 	 244.700
FHW13058	325.875 	 76.150 	 244.698
FHW13058	326.000 	 76.103 	 245.127
FHW13058	326.125 	 76.501 	 244.495
FHW13058	326.250 	 76.103 	 245.127
FHW13058	326.375 	 76.149 	 244.698
FHW13058	326.500 	 76.150 	 244.698
FHW13058	326.625 	 76.003 	 244.926
FHW13058	326.750 	 76.584 	 244.698
FHW13058	326.875 	 76.150 	 244.700
FHW13058	327.000 	 76.103 	 245.125
FHW13058	327.125 	 76.050 	 244.497
FHW13058	327.250 	 76.103 	 245.127
FHW13058	327.375 	 76.598 	 244.698
FHW13058	327.500 	 76.150 	 244.700
FHW13058	327.625 	 76.002 	 244.923
FHW13058	327.750 	 76.150 	 244.700
FHW13058	327.875 	 76.103 	 245.125
FHW13058	328.000 	 76.150 	 244.700
FHW13058	328.125 	 76.488 	 244.495
FHW13058	328.250 	 76.103 	 245.127
FHW13058	328.375 	 76.150 	 244.700
FHW13058	328.500 	 76.150 	 244.698
FHW13058	328.625 	 76.003 	 244.926
FHW13058	328.750 	 76.598 	 244.698
FHW13058	328.875 	 76.103 	 245.127
FHW13058	329.000 	 76.149 	 244.696
FHW13058	329.125 	 76.050 	 244.497
FHW13058	329.250 	 76.103 	 245.127
FHW13058	329.375 	 76.598 	 244.698
FHW13058	329.500 	 76.150 	 244.700
FHW13058	329.625 	 76.003 	 244.925
FHW13058	329.750 	 82.175 	 244.677
FHW13058	329.875 	 84.493 	 245.288
FHW13058	330.000 	 84.010 	 244.677
FHW13058	330.125 	 84.511 	 244.871
FHW13058	330.250 	 84.452 	 245.094
FHW13058	330.375 	 84.511 	 244.873
FHW13058	330.500 	 84.498 	 244.873
FHW13058	330.625 	 83.990 	 245.096
FHW13058	330.750 	 84.511 	 244.871
FHW13058	330.875 	 84.471 	 244.675
FHW13058	331.000 	 84.493 	 245.290
FHW13058	331.125 	 84.511 	 244.871
FHW13058	331.250 	 84.010 	 244.677
FHW13058	331.375 	 84.479 	 245.288
FHW13058	331.500 	 84.471 	 244.677
FHW13058	331.625 	 84.511 	 244.873
FHW13058	331.750 	 84.452 	 245.094
FHW13058	331.875 	 84.053 	 244.873
FHW13058	332.000 	 84.511 	 244.871
FHW13058	332.125 	 84.438 	 245.096
FHW13058	332.250 	 84.511 	 244.871
FHW13058	332.375 	 84.471 	 244.675
FHW13058	332.500 	 84.033 	 245.290
FHW13058	332.625 	 84.511 	 244.871
FHW13058	332.750 	 84.457 	 244.677
FHW13058	332.875 	 84.493 	 245.290
FHW13058	333.000 	 84.471 	 244.677
FHW13058	333.125 	 84.053 	 244.871
FHW13058	333.250 	 84.471 	 244.675
FHW13058	333.375 	 84.493 	 245.290
FHW13058	333.500 	 84.497 	 244.871
FHW13058	333.625 	 84.471 	 244.677
FHW13058	333.750 	 84.033 	 245.288
FHW13058	333.875 	 84.471 	 244.675
FHW13058	334.000 	 84.511 	 244.874
FHW13058	334.125 	 84.493 	 245.288
FHW13058	334.250 	 84.457 	 244.677
FHW13058	334.375 	 84.053 	 244.871
FHW13058	334.500 	 84.452 	 245.096
FHW13058	334.625 	 84.511 	 244.871
FHW13058	334.750 	 84.471 	 244.675
FHW13058	334.875 	 84.479 	 245.290
FHW13058	335.000 	 84.053 	 244.871
FHW13058	335.125 	 84.472 	 244.678
FHW13058	335.250 	 84.493 	 245.288
FHW13058	335.375 	 84.471 	 244.675
FHW13058	335.500 	 84.511 	 244.873
FHW13058	335.625 	 83.990 	 245.094
FHW13058	335.750 	 84.497 	 244.873
FHW13058	335.875 	 84.511 	 244.871
FHW13058	336.000 	 84.452 	 245.096
FHW13058	336.125 	 84.511 	 244.871
FHW13058	336.250 	 84.010 	 244.675
FHW13058	336.375 	 84.493 	 245.291
FHW13058	336.500 	 84.497 	 244.871
FHW13058	336.625 	 84.471 	 244.677
FHW13058	336.750 	 84.493 	 245.288
FHW13058	336.875 	 84.010 	 244.675
FHW13058	337.000 	 84.511 	 244.873
FHW13058	337.125 	 84.471 	 244.675
FHW13058	337.250 	 84.479 	 245.290
FHW13058	337.375 	 84.511 	 244.871
FHW13058	337.500 	 84.011 	 244.677
FHW13058	337.625 	 84.493 	 245.290
FHW13058	337.750 	 84.471 	 244.675
FHW13058	337.875 	 84.497 	 244.873
FHW13058	338.000 	 84.493 	 245.288
FHW13058	338.125 	 84.471 	 244.677
FHW13058	338.250 	 84.053 	 244.871
FHW13058	338.375 	 84.452 	 245.094
FHW13058	338.500 	 84.511 	 244.873
FHW13058	338.625 	 84.457 	 244.675
FHW13058	338.750 	 84.493 	 245.291
FHW13058	338.875 	 84.053 	 244.871
FHW13058	339.000 	 84.471 	 244.675
FHW13058	339.125 	 84.493 	 245.290
FHW13058	339.250 	 84.471 	 244.675
FHW13058	339.375 	 84.497 	 244.873
FHW13058	339.500 	 84.033 	 245.288
FHW13058	339.625 	 84.471 	 244.677
FHW13058	339.750 	 84.511 	 244.871
FHW13058	339.875 	 84.453 	 245.096
FHW13058	340.000 	 84.497 	 244.873
FHW13058	340.125 	 84.010 	 244.675
FHW13058	340.250 	 84.493 	 245.290
FHW13058	340.375 	 84.511 	 244.871
FHW13058	340.500 	 84.471 	 244.675
FHW13058	340.625 	 84.493 	 245.290
FHW13058	340.750 	 84.010 	 244.675
FHW13058	340.875 	 84.497 	 244.873
FHW13058	341.000 	 84.511 	 244.873
FHW13058	341.125 	 84.452 	 245.096
FHW13058	341.250 	 84.511 	 244.871
FHW13058	341.375 	 84.010 	 244.675
FHW13058	341.500 	 84.493 	 245.290
FHW13058	341.625 	 84.457 	 244.675
FHW13058	341.750 	 84.511 	 244.871
FHW13058	341.875 	 84.493 	 245.290
FHW13058	342.000 	 84.010 	 244.675
FHW13058	342.125 	 84.511 	 244.873
FHW13058	342.250 	 84.453 	 245.096
FHW13058	342.375 	 84.497 	 244.873
FHW13058	342.500 	 84.471 	 244.675
FHW13058	342.625 	 84.033 	 245.288
FHW13058	342.750 	 84.511 	 244.873
FHW13058	342.875 	 84.471 	 244.675
FHW13058	343.000 	 84.479 	 245.290
FHW13058	343.125 	 84.471 	 244.675
FHW13058	343.250 	 84.053 	 244.871
FHW13058	343.375 	 84.493 	 245.291
FHW13058	343.500 	 84.471 	 244.675
FHW13058	343.625 	 84.511 	 244.873
FHW13058	343.750 	 84.438 	 245.094
FHW13058	343.875 	 84.053 	 244.873
FHW13058	344.000 	 84.471 	 244.675
FHW13058	344.125 	 84.493 	 245.288
FHW13058	344.250 	 84.511 	 244.873
FHW13058	344.375 	 84.471 	 244.675
FHW13058	344.500 	 84.033 	 245.290
FHW13058	344.625 	 84.458 	 244.677
FHW13058	344.750 	 84.511 	 244.871
FHW13058	344.875 	 84.511 	 244.873
FHW13058	345.000 	 84.452 	 245.094
FHW13058	345.125 	 84.053 	 244.873
FHW13058	345.250 	 84.457 	 244.675
FHW13058	345.375 	 84.493 	 245.290
FHW13058	345.500 	 84.471 	 244.675
FHW13058	345.625 	 84.511 	 244.871
FHW13058	345.750 	 84.034 	 245.291
FHW13058	345.875 	 84.471 	 244.675
FHW13058	346.000 	 84.497 	 244.873
FHW13058	346.125 	 84.452 	 245.094
FHW13058	346.250 	 84.511 	 244.870
FHW13058	346.375 	 84.054 	 244.874
FHW13058	346.500 	 84.452 	 245.094
FHW13058	346.625 	 84.511 	 244.874
FHW13058	346.750 	 84.457 	 244.675
FHW13058	346.875 	 84.492 	 245.288
FHW13058	347.000 	 84.010 	 244.675
FHW13058	347.125 	 84.511 	 244.873
FHW13058	347.250 	 84.492 	 245.288
FHW13058	347.375 	 84.471 	 244.675
FHW13058	347.500 	 84.498 	 244.874
FHW13058	347.625 	 83.990 	 245.094
FHW13058	347.750 	 84.511 	 244.873
FHW13058	347.875 	 84.511 	 244.871
FHW13058	348.000 	 84.452 	 245.094
FHW13058	348.125 	 84.498 	 244.874
FHW13058	348.250 	 84.010 	 244.675
FHW13058	348.375 	 84.492 	 245.288
FHW13058	348.500 	 84.471 	 244.675
FHW13058	348.625 	 84.511 	 244.873
FHW13058	348.750 	 90.000 	 245.291
FHW13058	348.875 	 90.000 	 245.065
FHW13058	349.000 	 90.000 	 244.871
FHW13058	349.125 	 89.539 	 245.479
FHW13058	349.250 	 90.000 	 244.873
FHW13058	349.375 	 90.000 	 244.871
FHW13058	349.500 	 89.540 	 245.482
FHW13058	349.625 	 90.000 	 244.871
FHW13058	349.750 	 90.000 	 245.290
FHW13058	349.875 	 90.000 	 245.066
FHW13058	350.000 	 89.552 	 244.870
FHW13058	350.125 	 90.000 	 245.290
FHW13058	350.250 	 90.000 	 245.066
FHW13058	350.375 	 90.000 	 244.873
FHW13058	350.500 	 89.539 	 245.481
FHW13058	350.625 	 90.000 	 244.870
FHW13058	350.750 	 90.000 	 245.291
FHW13058	350.875 	 89.541 	 245.065
FHW13058	351.000 	 90.000 	 244.873
FHW13058	351.125 	 90.000 	 245.288
FHW13058	351.250 	 90.000 	 245.065
FHW13058	351.375 	 89.538 	 244.874
FHW13058	351.500 	 90.000 	 245.479
FHW13058	351.625 	 90.000 	 244.870
FHW13058	351.750 	 90.000 	 245.291
FHW13058	351.875 	 89.541 	 245.065
FHW13058	352.000 	 90.000 	 244.874
FHW13058	352.125 	 90.000 	 245.287
FHW13058	352.250 	 89.555 	 245.066
FHW13058	352.375 	 90.000 	 244.873
FHW13058	352.500 	 90.000 	 245.287
FHW13058	352.625 	 90.000 	 245.069
FHW13058	352.750 	 89.536 	 245.287
FHW13058	352.875 	 90.000 	 245.066
FHW13058	353.000 	 90.000 	 244.873
FHW13058	353.125 	 90.000 	 245.288
FHW13058	353.250 	 89.541 	 245.065
FHW13058	353.375 	 90.000 	 244.873
FHW13058	353.500 	 90.000 	 245.291
FHW13058	353.625 	 89.541 	 245.065
FHW13058	353.750 	 90.000 	 245.288
FHW13058	353.875 	 90.000 	 245.065
FHW13058	354.000 	 90.000 	 244.873
FHW13058	354.125 	 89.550 	 245.291
FHW13058	354.250 	 90.000 	 245.065
FHW13058	354.375 	 90.000 	 244.871
FHW13058	354.500 	 90.000 	 245.290
FHW13058	354.625 	 89.541 	 245.066
FHW13058	354.750 	 90.000 	 245.287
FHW13058	354.875 	 90.000 	 245.068
FHW13058	355.000 	 89.538 	 244.871
FHW13058	355.125 	 90.000 	 245.290
FHW13058	355.250 	 90.000 	 245.066
FHW13058	355.375 	 90.000 	 244.870
FHW13058	355.500 	 89.536 	 245.291
FHW13058	355.625 	 90.000 	 245.065
FHW13058	355.750 	 90.000 	 245.290
FHW13058	355.875 	 90.000 	 244.871
FHW13058	356.000 	 89.555 	 245.065
FHW13058	356.125 	 90.000 	 245.291
FHW13058	356.250 	 90.000 	 245.065
FHW13058	356.375 	 89.538 	 244.873
FHW13058	356.500 	 90.000 	 245.288
FHW13058	356.625 	 90.000 	 245.065
FHW13058	356.750 	 90.000 	 245.291
FHW13058	356.875 	 89.538 	 244.870
FHW13058	357.000 	 90.000 	 245.066
FHW13058	357.125 	 90.000 	 245.290
FHW13058	357.250 	 90.000 	 245.065
FHW13058	357.375 	 89.538 	 244.874
FHW13058	357.500 	 90.000 	 245.287
FHW13058	357.625 	 90.000 	 245.066
FHW13058	357.750 	 89.536 	 245.290
FHW13058	357.875 	 90.000 	 244.871
FHW13058	358.000 	 90.000 	 245.068
FHW13058	358.125 	 90.000 	 245.287
FHW13058	358.250 	 89.552 	 244.874
FHW13058	358.375 	 90.000 	 245.065
FHW13058	358.500 	 90.000 	 245.288
FHW13058	358.625 	 90.000 	 245.065
FHW13058	358.750 	 89.536 	 245.291
FHW13058	358.875 	 90.000 	 244.873
FHW13058	359.000 	 90.000 	 245.065
FHW13058	359.125 	 89.536 	 245.288
FHW13058	359.250 	 90.000 	 244.873
FHW13058	359.375 	 90.000 	 245.066
FHW13058	359.500 	 90.000 	 245.290
FHW13058	359.625 	 89.541 	 245.065
FHW13058	359.750 	 90.000 	 245.288
FHW13058	359.875 	 90.000 	 244.873
FHW13058	360.000 	 89.555 	 245.066
FHW13058	360.125 	 90.000 	 245.287
FHW13058	360.250 	 90.000 	 244.874
FHW13058	360.375 	 90.000 	 245.065
FHW13058	360.500 	 90.914 	 245.290
FHW13058	360.625 	 90.925 	 244.871
FHW13058	360.750 	 91.367 	 245.479
FHW13058	360.875 	 90.924 	 244.874
FHW13058	361.000 	 90.904 	 245.065
FHW13058	361.125 	 90.928 	 245.291
FHW13058	361.250 	 91.373 	 244.870
FHW13058	361.375 	 90.907 	 245.479
FHW13058	361.500 	 90.924 	 244.874
FHW13058	361.625 	 90.925 	 244.870
FHW13058	361.750 	 91.367 	 245.482
FHW13058	361.875 	 90.911 	 244.873
FHW13058	362.000 	 90.924 	 244.873
FHW13058	362.125 	 90.907 	 245.479
FHW13058	362.250 	 91.387 	 244.870
FHW13058	362.375 	 90.907 	 245.479
FHW13058	362.500 	 90.925 	 244.876
FHW13058	362.625 	 90.910 	 244.873
FHW13058	362.750 	 90.921 	 245.479
FHW13058	362.875 	 91.373 	 244.870
FHW13058	363.000 	 90.924 	 244.873
FHW13058	363.125 	 90.907 	 245.482
FHW13058	363.250 	 90.925 	 244.870
FHW13058	363.375 	 91.377 	 245.290
FHW13058	363.500 	 90.918 	 245.065
FHW13058	363.625 	 90.910 	 244.873
FHW13058	363.750 	 90.921 	 245.482
FHW13058	363.875 	 91.373 	 244.870
FHW13058	364.000 	 90.924 	 244.873
FHW13058	364.125 	 90.907 	 245.479
FHW13058	364.250 	 90.925 	 244.876
FHW13058	364.375 	 91.377 	 245.287
FHW13058	364.500 	 90.904 	 245.065
FHW13058	364.625 	 90.924 	 244.873
FHW13058	364.750 	 90.928 	 245.287
FHW13058	364.875 	 91.363 	 245.071
FHW13058	365.000 	 90.914 	 245.287
FHW13058	365.125 	 90.924 	 244.873
FHW13058	365.250 	 90.904 	 245.065
FHW13058	365.375 	 91.391 	 245.287
FHW13058	365.500 	 90.904 	 245.068
FHW13058	365.625 	 90.924 	 244.873
FHW13058	365.750 	 90.914 	 245.290
FHW13058	365.875 	 91.377 	 245.065
FHW13058	366.000 	 90.914 	 245.290
FHW13058	366.125 	 90.924 	 244.873
FHW13058	366.250 	 90.904 	 245.065
FHW13058	366.375 	 91.391 	 245.290
FHW13058	366.500 	 90.911 	 244.870
FHW13058	366.625 	 90.918 	 245.068
FHW13058	366.750 	 90.914 	 245.290
FHW13058	366.875 	 91.363 	 245.065
FHW13058	367.000 	 90.928 	 245.287
FHW13058	367.125 	 90.924 	 244.873
FHW13058	367.250 	 90.904 	 245.068
FHW13058	367.375 	 91.377 	 245.290
FHW13058	367.500 	 90.925 	 244.870
FHW13058	367.625 	 90.904 	 245.065
FHW13058	367.750 	 90.928 	 245.290
FHW13058	367.875 	 91.373 	 244.873
FHW13058	368.000 	 90.921 	 245.482
FHW13058	368.125 	 90.911 	 244.870
FHW13058	368.250 	 90.918 	 245.065
FHW13058	368.375 	 91.377 	 245.293
FHW13058	368.500 	 90.925 	 244.870
FHW13058	368.625 	 90.907 	 245.479
FHW13058	368.750 	 90.924 	 244.873
FHW13058	368.875 	 91.373 	 244.873
FHW13058	369.000 	 90.921 	 245.482
FHW13058	369.125 	 90.911 	 244.870
FHW13058	369.250 	 90.924 	 244.873
FHW13058	369.375 	 91.367 	 245.479
FHW13058	369.500 	 90.924 	 244.873
FHW13058	369.625 	 90.907 	 245.482
FHW13058	369.750 	 90.925 	 244.870
FHW13058	369.875 	 91.373 	 244.873
FHW13058	370.000 	 90.907 	 245.479
FHW13058	370.125 	 90.925 	 244.870
FHW13058	370.250 	 90.925 	 244.876
FHW13058	370.375 	 91.367 	 245.479
FHW13058	370.500 	 90.910 	 244.873
FHW13058	370.625 	 90.928 	 245.287
FHW13058	370.750 	 90.904 	 245.068
FHW13058	370.875 	 91.387 	 244.873
FHW13058	371.000 	 90.907 	 245.479
FHW13058	371.125 	 90.924 	 244.873
FHW13058	371.250 	 90.911 	 244.870
FHW13058	371.375 	 91.381 	 245.482
FHW13058	371.500 	 90.910 	 244.873
FHW13058	371.625 	 90.928 	 245.287
FHW13058	371.750 	 90.904 	 245.068
FHW13058	371.875 	 91.387 	 244.870
FHW13058	372.000 	 90.914 	 245.293
FHW13058	372.125 	 90.918 	 245.065
FHW13058	372.250 	 90.914 	 245.287
FHW13058	372.375 	 91.387 	 244.873
FHW13058	372.500 	 90.904 	 245.065
FHW13058	372.625 	 90.928 	 245.293
FHW13058	372.750 	 90.904 	 245.065
FHW13058	372.875 	 91.373 	 244.870
FHW13058	373.000 	 90.928 	 245.290
FHW13058	373.125 	 90.904 	 245.068
FHW13058	373.250 	 90.928 	 245.287
FHW13058	373.375 	 91.373 	 244.873
FHW13058	373.500 	 90.918 	 245.065
FHW13058	373.625 	 90.914 	 245.290
FHW13058	373.750 	 90.918 	 245.068
FHW13058	373.875 	 90.464 	 245.287
FHW13058	374.000 	 90.907 	 245.479
FHW13058	374.125 	 90.462 	 244.873
FHW13058	374.250 	 90.921 	 245.482
FHW13058	374.375 	 90.450 	 245.290
FHW13058	374.500 	 90.918 	 245.065
FHW13058	374.625 	 90.464 	 245.287
FHW13058	374.750 	 90.907 	 245.482
FHW13058	374.875 	 90.464 	 245.290
FHW13058	375.000 	 90.904 	 245.065
FHW13058	375.125 	 90.464 	 245.290
FHW13058	375.250 	 90.921 	 245.479
FHW13058	375.375 	 90.462 	 244.873
FHW13058	375.500 	 90.907 	 245.482
FHW13058	375.625 	 90.464 	 245.287
FHW13058	375.750 	 90.904 	 245.065
FHW13058	375.875 	 90.464 	 245.293
FHW13058	376.000 	 90.921 	 245.479
FHW13058	376.125 	 90.450 	 245.287
FHW13058	376.250 	 90.918 	 245.068
FHW13058	376.375 	 90.461 	 245.482
FHW13058	376.500 	 90.914 	 245.287
FHW13058	376.625 	 90.459 	 245.065
FHW13058	376.750 	 90.928 	 245.290
FHW13058	376.875 	 90.447 	 245.482
FHW13058	377.000 	 90.924 	 244.873
FHW13058	377.125 	 90.461 	 245.479
FHW13058	377.250 	 90.914 	 245.287
FHW13058	377.375 	 90.461 	 245.479
FHW13058	377.500 	 90.925 	 244.876
FHW13058	377.625 	 90.447 	 245.479
FHW13058	377.750 	 90.928 	 245.290
FHW13058	377.875 	 90.904 	 245.065
FHW13058	378.000 	 90.464 	 245.290
FHW13058	378.125 	 90.461 	 245.479
FHW13058	378.250 	 90.910 	 244.873
FHW13058	378.375 	 90.921 	 245.479
FHW13058	378.500 	 90.464 	 245.293
FHW13058	378.625 	 90.907 	 245.479
FHW13058	378.750 	 90.462 	 244.870
FHW13058	378.875 	 90.921 	 245.479
FHW13058	379.000 	 90.447 	 245.482
FHW13058	379.125 	 90.924 	 244.873
FHW13058	379.250 	 90.461 	 245.479
FHW13058	379.375 	 90.914 	 245.290
FHW13058	379.500 	 90.461 	 245.479
FHW13058	379.625 	 90.911 	 244.873
FHW13058	379.750 	 90.461 	 245.479
FHW13058	379.875 	 90.928 	 245.290
FHW13058	380.000 	 90.459 	 245.065
FHW13058	380.125 	 90.914 	 245.293
FHW13058	380.250 	 90.461 	 245.479
FHW13058	380.375 	 90.911 	 244.870
FHW13058	380.500 	 90.461 	 245.479
FHW13058	380.625 	 90.928 	 245.293
FHW13058	380.750 	 90.447 	 245.479
FHW13058	380.875 	 90.924 	 244.873
FHW13058	381.000 	 90.461 	 245.479
FHW13058	381.125 	 90.914 	 245.287
FHW13058	381.250 	 90.459 	 245.071
FHW13058	381.375 	 90.928 	 245.287
FHW13058	381.500 	 90.447 	 245.479
FHW13058	381.625 	 90.918 	 245.065
FHW13058	381.750 	 90.464 	 245.293
FHW13058	381.875 	 90.907 	 245.479
FHW13058	382.000 	 90.464 	 245.290
FHW13058	382.125 	 90.918 	 245.065
FHW13058	382.250 	 90.450 	 245.290
FHW13058	382.375 	 90.921 	 245.479
FHW13058	382.500 	 90.462 	 244.873
FHW13058	382.625 	 90.907 	 245.479
FHW13058	382.750 	 90.464 	 245.293
FHW13058	382.875 	 90.904 	 245.065
FHW13058	383.000 	 90.464 	 245.287
FHW13058	383.125 	 90.921 	 245.479
FHW13058	383.250 	 90.450 	 245.290
FHW13058	383.375 	 90.918 	 245.068
FHW13058	383.500 	 90.464 	 245.290
FHW13058	383.625 	 90.907 	 245.479
FHW13058	383.750 	 90.462 	 244.870
FHW13058	383.875 	 90.921 	 245.482
FHW13058	384.000 	 90.450 	 245.290
FHW13058	384.125 	 90.918 	 245.065
FHW13058	384.250 	 90.464 	 245.290
FHW13058	384.375 	 90.907 	 245.482
FHW13058	384.500 	 90.461 	 245.479
FHW13058	384.625 	 90.925 	 244.870
FHW13058	384.750 	 90.447 	 245.479
FHW13058	384.875 	 90.928 	 245.293
FHW13058	385.000 	 90.459 	 245.065
FHW13058	385.125 	 90.914 	 245.290
FHW13058	385.250 	 90.461 	 245.479
FHW13058	385.375 	 90.911 	 244.870
FHW13058	385.500 	 90.461 	 245.482
FHW13058	385.625 	 90.928 	 245.290
FHW13058	385.750 	 90.461 	 245.479
FHW13058	385.875 	 90.910 	 244.873
FHW13058	386.000 	 90.461 	 245.482
FHW13058	386.125 	 90.914 	 245.287
FHW13058	386.250 	 90.459 	 245.065
FHW13058	386.375 	 90.928 	 245.290
FHW13058	386.500 	 90.447 	 245.482
FHW13058	386.625 	 90.924 	 244.873
FHW13058	386.750 	 90.461 	 245.479
FHW13058	386.875 	 90.914 	 245.287
FHW13058	387.000 	 90.461 	 245.482
FHW13058	387.125 	 90.918 	 245.068
FHW13058	387.250 	 90.450 	 245.287
FHW13058	387.375 	 90.921 	 245.479
FHW13058	387.500 	 90.462 	 244.873
FHW13058	387.625 	 90.907 	 245.482
FHW13058	387.750 	 90.464 	 245.290
FHW13058	387.875 	 90.918 	 245.065
FHW13058	388.000 	 90.450 	 245.287
FHW13058	388.125 	 90.921 	 245.482
FHW13058	388.250 	 90.464 	 245.290
FHW13058	388.375 	 90.904 	 245.065
FHW13058	388.500 	 90.464 	 245.290
FHW13058	388.625 	 90.907 	 245.482
FHW13058	388.750 	 90.462 	 244.870
FHW13058	388.875 	 90.921 	 245.479
FHW13058	389.000 	 90.450 	 245.290
FHW13058	389.125 	 90.918 	 245.065
FHW13058	389.250 	 90.464 	 245.293
FHW13058	389.375 	 90.907 	 245.479
FHW13058	389.500 	 90.464 	 245.287
FHW13058	389.625 	 90.918 	 245.065
FHW13058	389.750 	 90.447 	 245.482
FHW13058	389.875 	 90.928 	 245.290
FHW13058	390.000 	 90.459 	 245.065
FHW13058	390.125 	 90.914 	 245.290
FHW13058	390.250 	 90.461 	 245.482
FHW13058	390.375 	 90.928 	 245.287
FHW13058	390.500 	 90.445 	 245.065
FHW13058	390.625 	 90.928 	 245.290
FHW13058	390.750 	 90.461 	 245.482
FHW13058	390.875 	 90.910 	 244.873
FHW13058	391.000 	 90.461 	 245.479
FHW13058	391.125 	 90.914 	 245.287
FHW13058	391.250 	 90.459 	 245.065
FHW13058	391.375 	 90.928 	 245.293
FHW13058	391.500 	 90.907 	 245.479
FHW13058	391.625 	 90.464 	 245.290
FHW13058	391.750 	 90.459 	 245.065
FHW13058	391.875 	 90.914 	 245.290
FHW13058	392.000 	 90.921 	 245.479
FHW13058	392.125 	 90.462 	 244.873
FHW13058	392.250 	 90.447 	 245.479
FHW13058	392.375 	 90.461 	 245.482
FHW13058	392.500 	 90.462 	 245.896
FHW13058	392.625 	 90.464 	 245.290
FHW13058	392.750 	 90.461 	 245.479
FHW13058	392.875 	 90.447 	 245.482
FHW13058	393.000 	 90.461 	 245.479
FHW13058	393.125 	 90.928 	 245.290
FHW13058	393.250 	 90.448 	 245.900
FHW13058	393.375 	 90.461 	 245.479
FHW13058	393.500 	 90.464 	 245.290
FHW13058	393.625 	 90.461 	 245.479
FHW13058	393.750 	 90.447 	 245.482
FHW13058	393.875 	 90.461 	 245.479
FHW13058	394.000 	 90.464 	 245.287
FHW13058	394.125 	 90.462 	 245.899
FHW13058	394.250 	 90.447 	 245.482
FHW13058	394.375 	 90.461 	 245.479
FHW13058	394.500 	 90.464 	 245.287
FHW13058	394.625 	 90.461 	 245.479
FHW13058	394.750 	 90.460 	 245.485
FHW13058	394.875 	 90.448 	 245.896
FHW13058	395.000 	 90.464 	 245.287
FHW13058	395.125 	 90.461 	 245.482
FHW13058	395.250 	 90.461 	 245.479
FHW13058	395.375 	 90.446 	 245.482
FHW13058	395.500 	 90.464 	 245.287
FHW13058	395.625 	 90.461 	 245.482
FHW13058	395.750 	 90.462 	 245.896
FHW13058	395.875 	 90.450 	 245.290
FHW13058	396.000 	 90.461 	 245.479
FHW13058	396.125 	 90.461 	 245.482
FHW13058	396.250 	 90.461 	 245.479
FHW13058	396.375 	 90.464 	 245.290
FHW13058	396.500 	 90.448 	 245.896
FHW13058	396.625 	 90.921 	 245.482
FHW13058	396.750 	 90.461 	 245.479
FHW13058	396.875 	 90.450 	 245.290
FHW13058	397.000 	 90.461 	 245.479
FHW13058	397.125 	 90.461 	 245.482
FHW13058	397.250 	 90.461 	 245.479
FHW13058	397.375 	 90.451 	 245.709
FHW13058	397.500 	 90.461 	 245.482
FHW13058	397.625 	 90.461 	 245.479
FHW13058	397.750 	 90.461 	 245.479
FHW13058	397.875 	 90.464 	 245.287
FHW13058	398.000 	 90.447 	 245.482
FHW13058	398.125 	 90.462 	 245.899
FHW13058	398.250 	 90.464 	 245.287
FHW13058	398.375 	 90.461 	 245.479
FHW13058	398.500 	 90.447 	 245.482
FHW13058	398.625 	 90.461 	 245.479
FHW13058	398.750 	 90.464 	 245.290
FHW13058	398.875 	 90.461 	 245.479
FHW13058	399.000 	 90.448 	 245.900
FHW13058	399.125 	 90.461 	 245.479
FHW13058	399.250 	 90.464 	 245.290
FHW13058	399.375 	 90.461 	 245.482
FHW13058	399.500 	 90.461 	 245.479
FHW13058	399.625 	 90.447 	 245.479
FHW13058	399.750 	 90.465 	 245.709
FHW13058	399.875 	 90.461 	 245.482
FHW13058	400.000 	 90.461 	 245.479
FHW13058	400.125 	 90.907 	 245.479
FHW13058	400.250 	 90.464 	 245.290
FHW13058	400.375 	 90.461 	 245.482
FHW13058	400.500 	 90.448 	 245.896
FHW13058	400.625 	 90.464 	 245.287
FHW13058	400.750 	 90.460 	 245.485
FHW13058	400.875 	 90.461 	 245.479
FHW13058	401.000 	 90.461 	 245.479
FHW13058	401.125 	 90.450 	 245.287
FHW13058	401.250 	 90.461 	 245.482
FHW13058	401.375 	 90.462 	 245.899
FHW13058	401.500 	 90.461 	 245.479
FHW13058	401.625 	 90.450 	 245.287
FHW13058	401.750 	 90.461 	 245.482
FHW13058	401.875 	 90.461 	 245.479
FHW13058	402.000 	 90.460 	 245.482
FHW13058	402.125 	 90.451 	 245.706
FHW13058	402.250 	 90.461 	 245.482
FHW13058	402.375 	 90.461 	 245.479
FHW13058	402.500 	 90.461 	 245.479
FHW13058	402.625 	 90.450 	 245.293
FHW13058	402.750 	 90.461 	 245.479
FHW13058	402.875 	 90.461 	 245.479
FHW13058	403.000 	 90.465 	 245.709
FHW13058	403.125 	 90.461 	 245.482
FHW13058	403.250 	 90.447 	 245.479
FHW13058	403.375 	 90.461 	 245.479
FHW13058	403.500 	 90.464 	 245.290
FHW13058	403.625 	 90.907 	 245.482
FHW13058	403.750 	 90.462 	 245.896
FHW13058	403.875 	 90.461 	 245.479
FHW13058	404.000 	 90.464 	 245.290
FHW13058	404.125 	 90.447 	 245.482
FHW13058	404.250 	 90.461 	 245.479
FHW13058	404.375 	 90.461 	 245.479
FHW13058	404.500 	 90.464 	 245.290
FHW13058	404.625 	 90.462 	 245.899
FHW13058	404.750 	 90.447 	 245.479
FHW13058	404.875 	 90.461 	 245.479
FHW13058	405.000 	 90.464 	 245.290
FHW13058	405.125 	 90.461 	 245.479
FHW13058	405.250 	 90.447 	 245.479
FHW13058	405.375 	 90.465 	 245.709
FHW13058	405.500 	 90.461 	 245.482
FHW13058	405.625 	 90.461 	 245.479
FHW13058	405.750 	 90.447 	 245.479
FHW13058	405.875 	 90.464 	 245.290
FHW13058	406.000 	 90.461 	 245.482
FHW13058	406.125 	 90.462 	 245.896
FHW13058	406.250 	 90.461 	 245.479
FHW13058	406.375 	 90.450 	 245.293
FHW13058	406.500 	 90.461 	 245.479
FHW13058	406.625 	 90.461 	 245.479
FHW13058	406.750 	 90.461 	 245.479
FHW13058	406.875 	 90.450 	 245.293
FHW13058	407.000 	 90.462 	 245.896
FHW13058	407.125 	 90.921 	 245.479
FHW13058	407.250 	 90.450 	 245.287
FHW13058	407.375 	 90.460 	 245.485
FHW13058	407.500 	 90.461 	 245.479
FHW13058	407.625 	 90.461 	 245.479
FHW13058	407.750 	 90.465 	 245.710
FHW13058	407.875 	 90.447 	 245.479
FHW13058	408.000 	 90.460 	 245.482
FHW13058	408.125 	 90.461 	 245.479
FHW13058	408.250 	 90.464 	 245.290
FHW13058	408.375 	 90.447 	 245.479
FHW13058	408.500 	 90.461 	 245.479
FHW13058	408.625 	 90.462 	 245.899
FHW13058	408.750 	 90.464 	 245.290
FHW13058	408.875 	 90.447 	 245.479
FHW13058	409.000 	 90.461 	 245.479
FHW13058	409.125 	 90.461 	 245.479
FHW13058	409.250 	 90.464 	 245.293
FHW13058	409.375 	 90.448 	 245.896
FHW13058	409.500 	 90.461 	 245.479
FHW13058	409.625 	 90.464 	 245.293
FHW13058	409.750 	 90.461 	 245.479
FHW13058	409.875 	 90.461 	 245.479
FHW13058	410.000 	 90.447 	 245.479
FHW13058	410.125 	 90.464 	 245.293
FHW13058	410.250 	 90.462 	 245.896
FHW13058	410.375 	 90.461 	 245.479
FHW13058	410.500 	 90.447 	 245.479
FHW13058	410.625 	 90.928 	 245.293
FHW13058	410.750 	 90.000 	 245.479
FHW13058	410.875 	 90.462 	 245.896
FHW13058	411.000 	 90.447 	 245.479
FHW13058	411.125 	 90.000 	 245.900
FHW13058	411.250 	 90.461 	 245.479
FHW13058	411.375 	 90.000 	 245.896
FHW13058	411.500 	 90.464 	 245.293
FHW13058	411.625 	 90.462 	 245.896
FHW13058	411.750 	 90.000 	 245.479
FHW13058	411.875 	 90.462 	 245.900
FHW13058	412.000 	 90.000 	 245.479
FHW13058	412.125 	 90.448 	 245.896
FHW13058	412.250 	 90.461 	 245.479
FHW13058	412.375 	 90.000 	 245.900
FHW13058	412.500 	 90.460 	 245.482
FHW13058	412.625 	 90.000 	 245.287
FHW13058	412.750 	 90.462 	 245.900
FHW13058	412.875 	 90.447 	 245.479
FHW13058	413.000 	 90.000 	 245.896
FHW13058	413.125 	 90.460 	 245.482
FHW13058	413.250 	 90.000 	 245.900
FHW13058	413.375 	 90.461 	 245.479
FHW13058	413.500 	 90.462 	 245.896
FHW13058	413.625 	 90.000 	 245.482
FHW13058	413.750 	 90.451 	 245.709
FHW13058	413.875 	 90.000 	 245.479
FHW13058	414.000 	 90.462 	 245.896
FHW13058	414.125 	 90.461 	 245.482
FHW13058	414.250 	 90.000 	 245.896
FHW13058	414.375 	 90.461 	 245.479
FHW13058	414.500 	 90.000 	 245.900
FHW13058	414.625 	 90.461 	 245.479
FHW13058	414.750 	 90.451 	 245.709
FHW13058	414.875 	 90.000 	 245.479
FHW13058	415.000 	 90.461 	 245.482
FHW13058	415.125 	 90.000 	 245.896
FHW13058	415.250 	 90.461 	 245.479
FHW13058	415.375 	 90.462 	 245.900
FHW13058	415.500 	 90.000 	 245.479
FHW13058	415.625 	 90.448 	 245.899
FHW13058	415.750 	 90.000 	 245.479
FHW13058	415.875 	 90.465 	 245.710
FHW13058	416.000 	 90.461 	 245.479
FHW13058	416.125 	 90.000 	 245.896
FHW13058	416.250 	 90.460 	 245.485
FHW13058	416.375 	 90.000 	 245.896
FHW13058	416.500 	 90.447 	 245.479
FHW13058	416.625 	 90.462 	 245.900
FHW13058	416.750 	 90.000 	 245.479
FHW13058	416.875 	 90.465 	 245.709
FHW13058	417.000 	 90.000 	 245.479
FHW13058	417.125 	 90.461 	 245.482
FHW13058	417.250 	 90.462 	 245.896
FHW13058	417.375 	 90.000 	 245.479
FHW13058	417.500 	 90.448 	 245.900
FHW13058	417.625 	 90.000 	 245.479
FHW13058	417.750 	 90.462 	 245.896
FHW13058	417.875 	 90.461 	 245.479
FHW13058	418.000 	 90.000 	 245.712
FHW13058	418.125 	 90.461 	 245.479
FHW13058	418.250 	 90.000 	 245.896
FHW13058	418.375 	 90.447 	 245.482
FHW13058	418.500 	 90.462 	 245.896
FHW13058	418.625 	 90.000 	 245.479
FHW13058	418.750 	 90.462 	 245.899
FHW13058	418.875 	 90.000 	 245.482
FHW13058	419.000 	 90.462 	 245.896
FHW13058	419.125 	 90.450 	 245.287
FHW13058	419.250 	 90.000 	 245.482
FHW13058	419.375 	 90.462 	 245.899
FHW13058	419.500 	 90.000 	 245.479
FHW13058	419.625 	 90.462 	 245.900
FHW13058	419.750 	 90.461 	 245.479
FHW13058	419.875 	 90.000 	 245.896
FHW13058	420.000 	 90.461 	 245.479
FHW13058	420.125 	 90.000 	 245.712
FHW13058	420.250 	 90.447 	 245.479
FHW13058	420.375 	 90.462 	 245.896
FHW13058	420.500 	 90.000 	 245.482
FHW13058	420.625 	 90.462 	 245.896
FHW13058	420.750 	 90.000 	 245.479
FHW13058	420.875 	 90.462 	 245.896
FHW13058	421.000 	 90.447 	 245.482
FHW13058	421.125 	 90.000 	 245.896
FHW13058	421.250 	 90.464 	 245.290
FHW13058	421.375 	 90.000 	 245.900
FHW13058	421.500 	 90.461 	 245.479
FHW13058	421.625 	 90.461 	 245.479
FHW13058	421.750 	 90.000 	 245.896
FHW13058	421.875 	 90.447 	 245.485
FHW13058	422.000 	 90.000 	 245.896
FHW13058	422.125 	 90.461 	 245.479
FHW13058	422.250 	 90.465 	 245.710
FHW13058	422.375 	 90.000 	 245.479
FHW13058	422.500 	 90.462 	 245.899
FHW13058	422.625 	 90.000 	 245.479
FHW13058	422.750 	 90.448 	 245.900
FHW13058	422.875 	 90.461 	 245.479
FHW13058	423.000 	 90.000 	 245.896
FHW13058	423.125 	 90.461 	 245.482
FHW13058	423.250 	 90.000 	 245.896
FHW13058	423.375 	 90.464 	 245.290
FHW13058	423.500 	 90.000 	 245.900
FHW13058	423.625 	 90.461 	 245.479
FHW13058	423.750 	 90.447 	 245.479
FHW13058	423.875 	 90.000 	 245.896
FHW13058	424.000 	 90.461 	 245.482
FHW13058	424.125 	 90.462 	 245.896
FHW13058	424.250 	 90.000 	 245.479
FHW13058	424.375 	 90.462 	 245.902
FHW13058	424.500 	 90.000 	 245.287
FHW13058	424.625 	 90.448 	 245.896
FHW13058	424.750 	 90.461 	 245.479
FHW13058	424.875 	 90.000 	 245.900
FHW13058	425.000 	 90.460 	 245.482
FHW13058	425.125 	 90.000 	 245.896
FHW13058	425.250 	 90.461 	 245.482
FHW13058	425.375 	 90.000 	 245.896
FHW13058	425.500 	 90.450 	 245.287
FHW13058	425.625 	 90.462 	 245.899
FHW13058	425.750 	 90.000 	 245.482
FHW13058	425.875 	 90.461 	 245.479
FHW13058	426.000 	 90.000 	 245.896
FHW13058	426.125 	 90.461 	 245.482
FHW13058	426.250 	 90.462 	 245.896
FHW13058	426.375 	 90.000 	 245.479
FHW13058	426.500 	 90.448 	 245.896
FHW13058	426.625 	 90.464 	 245.293
FHW13058	426.750 	 90.000 	 245.896
FHW13058	426.875 	 90.461 	 245.479
FHW13058	427.000 	 90.000 	 245.900
FHW13058	427.125 	 90.461 	 245.479
FHW13058	427.250 	 90.000 	 245.896
FHW13058	427.375 	 90.447 	 245.479
FHW13058	427.500 	 90.462 	 245.902
FHW13058	427.625 	 90.000 	 245.287
FHW13058	427.750 	 90.462 	 245.896
FHW13058	427.875 	 90.000 	 245.482
FHW13058	428.000 	 90.462 	 245.896
FHW13058	428.125 	 90.446 	 245.482
FHW13058	428.250 	 90.000 	 245.479
FHW13058	428.375 	 90.462 	 245.900
FHW13058	428.500 	 90.000 	 245.479
FHW13058	428.625 	 90.462 	 245.896
FHW13058	428.750 	 90.464 	 245.290
FHW13058	428.875 	 90.000 	 245.899
FHW13058	429.000 	 90.461 	 245.479
FHW13058	429.125 	 90.000 	 245.900
FHW13058	429.250 	 90.000 	 245.896
FHW13058	429.375 	 90.447 	 245.479
FHW13058	429.500 	 90.000 	 245.896
FHW13058	429.625 	 90.000 	 245.900
FHW13058	429.750 	 90.000 	 245.479
FHW13058	429.875 	 90.000 	 245.896
FHW13058	430.000 	 90.462 	 245.902
FHW13058	430.125 	 90.000 	 245.479
FHW13058	430.250 	 90.000 	 245.896
FHW13058	430.375 	 90.000 	 245.900
FHW13058	430.500 	 90.461 	 245.479
FHW13058	430.625 	 90.000 	 245.896
FHW13058	430.750 	 90.000 	 245.900
FHW13058	430.875 	 90.000 	 245.479
FHW13058	431.000 	 90.000 	 245.896
FHW13058	431.125 	 90.462 	 245.896
FHW13058	431.250 	 90.000 	 245.485
FHW13058	431.375 	 90.000 	 245.896
FHW13058	431.500 	 90.000 	 245.896
FHW13058	431.625 	 90.447 	 245.482
FHW13058	431.750 	 90.000 	 245.896
FHW13058	431.875 	 90.000 	 245.896
FHW13058	432.000 	 90.000 	 245.482
FHW13058	432.125 	 90.000 	 245.896
FHW13058	432.250 	 90.462 	 245.896
FHW13058	432.375 	 90.000 	 245.290
FHW13058	432.500 	 90.000 	 245.900
FHW13058	432.625 	 90.000 	 245.896
FHW13058	432.750 	 90.000 	 245.479
FHW13058	432.875 	 90.462 	 245.900
FHW13058	433.000 	 90.000 	 245.896
FHW13058	433.125 	 90.000 	 245.482
FHW13058	433.250 	 90.000 	 245.900
FHW13058	433.375 	 90.462 	 245.896
FHW13058	433.500 	 90.000 	 245.479
FHW13058	433.625 	 90.000 	 245.896
FHW13058	433.750 	 90.000 	 245.900
FHW13058	433.875 	 90.000 	 245.479
FHW13058	434.000 	 90.448 	 245.896
FHW13058	434.125 	 90.000 	 245.900
FHW13058	434.250 	 90.000 	 245.482
FHW13058	434.375 	 90.000 	 245.896
FHW13058	434.500 	 90.462 	 245.900
FHW13058	434.625 	 90.000 	 245.479
FHW13058	434.750 	 90.000 	 245.896
FHW13058	434.875 	 90.000 	 245.900
FHW13058	435.000 	 90.000 	 245.479
FHW13058	435.125 	 90.462 	 245.896
FHW13058	435.250 	 90.000 	 245.896
FHW13058	435.375 	 90.000 	 245.482
FHW13058	435.500 	 90.000 	 245.899
FHW13058	435.625 	 90.462 	 245.896
FHW13058	435.750 	 90.000 	 245.482
FHW13058	435.875 	 90.000 	 245.896
FHW13058	436.000 	 90.000 	 245.896
FHW13058	436.125 	 90.000 	 245.482
FHW13058	436.250 	 90.462 	 245.896
FHW13058	436.375 	 90.000 	 245.896
FHW13058	436.500 	 90.000 	 245.479
FHW13058	436.625 	 90.000 	 245.902
FHW13058	436.750 	 90.000 	 245.896
FHW13058	436.875 	 90.447 	 245.479
FHW13058	437.000 	 90.000 	 245.900
FHW13058	437.125 	 90.000 	 245.896
FHW13058	437.250 	 90.000 	 245.287
FHW13058	437.375 	 90.462 	 245.902
FHW13058	437.500 	 90.000 	 245.896
FHW13058	437.625 	 90.000 	 245.896
FHW13058	437.750 	 90.000 	 245.482
FHW13058	437.875 	 90.000 	 245.896
FHW13058	438.000 	 90.462 	 245.896
FHW13058	438.125 	 90.000 	 245.479
FHW13058	438.250 	 90.000 	 245.900
FHW13058	438.375 	 90.000 	 245.896
FHW13058	438.500 	 90.460 	 245.482
FHW13058	438.625 	 90.000 	 245.900
FHW13058	438.750 	 90.000 	 245.896
FHW13058	438.875 	 90.000 	 245.479
FHW13058	439.000 	 90.000 	 245.900
FHW13058	439.125 	 90.448 	 245.896
FHW13058	439.250 	 90.000 	 245.479
FHW13058	439.375 	 90.000 	 245.900
FHW13058	439.500 	 90.000 	 245.896
FHW13058	439.625 	 90.000 	 245.479
FHW13058	439.750 	 90.462 	 245.899
FHW13058	439.875 	 90.000 	 245.900
FHW13058	440.000 	 90.000 	 245.479
FHW13058	440.125 	 90.000 	 245.896
FHW13058	440.250 	 90.462 	 245.900
FHW13058	440.375 	 90.000 	 245.479
FHW13058	440.500 	 90.000 	 245.896
FHW13058	440.625 	 90.000 	 245.900
FHW13058	440.750 	 90.000 	 245.479
FHW13058	440.875 	 90.462 	 245.899
FHW13058	441.000 	 90.000 	 245.896
FHW13058	441.125 	 90.000 	 245.482
FHW13058	441.250 	 90.000 	 245.896
FHW13058	441.375 	 90.448 	 245.896
FHW13058	441.500 	 90.000 	 245.482
FHW13058	441.625 	 90.000 	 245.896
FHW13058	441.750 	 90.000 	 245.896
FHW13058	441.875 	 90.000 	 245.482
FHW13058	442.000 	 90.462 	 245.896
FHW13058	442.125 	 90.000 	 245.899
FHW13058	442.250 	 90.000 	 245.287
FHW13058	442.375 	 90.000 	 245.900
FHW13058	442.500 	 90.462 	 245.896
FHW13058	442.625 	 90.000 	 245.479
FHW13058	442.750 	 90.000 	 245.902
FHW13058	442.875 	 90.000 	 245.896
FHW13058	443.000 	 90.000 	 245.479
FHW13058	443.125 	 90.462 	 245.900
FHW13058	443.250 	 90.000 	 245.896
FHW13058	443.375 	 90.000 	 245.479
FHW13058	443.500 	 90.000 	 245.900
FHW13058	443.625 	 90.000 	 245.896
FHW13058	443.750 	 90.447 	 245.479
FHW13058	443.875 	 90.000 	 245.896
FHW13058	444.000 	 90.000 	 245.902
FHW13058	444.125 	 90.000 	 245.479
FHW13058	444.250 	 90.462 	 245.896
FHW13058	444.375 	 90.000 	 245.900
FHW13058	444.500 	 90.000 	 245.479
FHW13058	444.625 	 90.000 	 245.896
FHW13058	444.750 	 90.000 	 245.900
FHW13058	444.875 	 90.461 	 245.479
FHW13058	445.000 	 90.000 	 245.896
FHW13058	445.125 	 90.000 	 245.902
FHW13058	445.250 	 90.000 	 245.479
FHW13058	445.375 	 90.462 	 245.896
FHW13058	445.500 	 90.000 	 245.896
FHW13058	445.625 	 90.000 	 245.482
FHW13058	445.750 	 90.000 	 245.896
FHW13058	445.875 	 90.000 	 245.896
FHW13058	446.000 	 90.461 	 245.482
FHW13058	446.125 	 90.000 	 245.896
FHW13058	446.250 	 90.000 	 245.896
FHW13058	446.375 	 90.000 	 245.485
FHW13058	446.500 	 90.000 	 245.896
FHW13058	446.625 	 90.448 	 245.896
FHW13058	446.750 	 90.000 	 245.479
FHW13058	446.875 	 90.000 	 245.900
FHW13058	447.000 	 90.000 	 245.896
FHW13058	447.125 	 90.464 	 245.290
FHW13058	447.250 	 90.000 	 245.900
FHW13058	447.375 	 90.000 	 245.479
FHW13058	447.500 	 90.000 	 245.479
FHW13058	447.625 	 90.000 	 245.896
FHW13058	447.750 	 90.000 	 245.293
FHW13058	447.875 	 90.000 	 245.479
FHW13058	448.000 	 90.461 	 245.479
FHW13058	448.125 	 90.000 	 245.482
FHW13058	448.250 	 90.000 	 245.290
FHW13058	448.375 	 90.000 	 245.479
FHW13058	448.500 	 90.000 	 245.479
FHW13058	448.625 	 90.000 	 245.900
FHW13058	448.750 	 90.000 	 245.287
FHW13058	448.875 	 90.000 	 245.479
FHW13058	449.000 	 90.460 	 245.482
FHW13058	449.125 	 90.000 	 245.290
FHW13058	449.250 	 90.000 	 245.479
FHW13058	449.375 	 90.000 	 245.479
FHW13058	449.500 	 90.000 	 245.479
FHW13058	449.625 	 90.000 	 245.712
FHW13058	449.750 	 90.000 	 245.479
FHW13058	449.875 	 90.000 	 245.479
FHW13058	450.000 	 90.000 	 245.482
FHW13058	450.125 	 90.450 	 245.290
FHW13058	450.250 	 90.000 	 245.479
FHW13058	450.375 	 90.000 	 245.479
FHW13058	450.500 	 90.000 	 245.293
FHW13058	450.625 	 90.000 	 245.896
FHW13058	450.750 	 90.000 	 245.479
FHW13058	450.875 	 90.000 	 245.479
FHW13058	451.000 	 90.000 	 245.293
FHW13058	451.125 	 90.461 	 245.479
FHW13058	451.250 	 90.000 	 245.479
FHW13058	451.375 	 90.000 	 245.287
FHW13058	451.500 	 90.000 	 245.482
FHW13058	451.625 	 90.000 	 245.899
FHW13058	451.750 	 90.000 	 245.479
FHW13058	451.875 	 90.000 	 245.287
FHW13058	452.000 	 90.000 	 245.482
FHW13058	452.125 	 90.461 	 245.479
FHW13058	452.250 	 90.000 	 245.482
FHW13058	452.375 	 90.000 	 245.290
FHW13058	452.500 	 90.000 	 245.479
FHW13058	452.625 	 90.000 	 245.896
FHW13058	452.750 	 90.000 	 245.290
FHW13058	452.875 	 90.000 	 245.482
FHW13058	453.000 	 90.000 	 245.479
FHW13058	453.125 	 90.461 	 245.479
FHW13058	453.250 	 90.000 	 245.290
FHW13058	453.375 	 90.000 	 245.482
FHW13058	453.500 	 90.000 	 245.479
FHW13058	453.625 	 90.000 	 245.896
FHW13058	453.750 	 90.000 	 245.290
FHW13058	453.875 	 90.000 	 245.482
FHW13058	454.000 	 90.000 	 245.479
FHW13058	454.125 	 90.450 	 245.287
FHW13058	454.250 	 90.000 	 245.482
FHW13058	454.375 	 90.000 	 245.482
FHW13058	454.500 	 90.000 	 245.479
FHW13058	454.625 	 90.000 	 245.706
FHW13058	454.750 	 90.000 	 245.482
FHW13058	454.875 	 90.000 	 245.482
FHW13058	455.000 	 90.000 	 245.479
FHW13058	455.125 	 90.464 	 245.287
FHW13058	455.250 	 90.000 	 245.482
FHW13058	455.375 	 90.000 	 245.479
FHW13058	455.500 	 90.000 	 245.290
FHW13058	455.625 	 90.000 	 245.896
FHW13058	455.750 	 90.000 	 245.482
FHW13058	455.875 	 90.000 	 245.479
FHW13058	456.000 	 90.000 	 245.290
FHW13058	456.125 	 90.000 	 245.479
FHW13058	456.250 	 90.461 	 245.482
FHW13058	456.375 	 90.000 	 245.479
FHW13058	456.500 	 90.000 	 245.290
FHW13058	456.625 	 90.000 	 245.900
FHW13058	456.750 	 90.000 	 245.479
FHW13058	456.875 	 90.000 	 245.287
FHW13058	457.000 	 90.000 	 245.482
FHW13058	457.125 	 90.000 	 245.482
FHW13058	457.250 	 90.461 	 245.479
FHW13058	457.375 	 90.000 	 245.287
FHW13058	457.500 	 90.000 	 245.479
FHW13058	457.625 	 90.000 	 245.902
FHW13058	457.750 	 90.000 	 245.479
FHW13058	457.875 	 90.000 	 245.287
FHW13058	458.000 	 90.000 	 245.479
FHW13058	458.125 	 90.000 	 245.482
FHW13058	458.250 	 90.464 	 245.290
FHW13058	458.375 	 90.000 	 245.479
FHW13058	458.500 	 90.000 	 245.479
FHW13058	458.625 	 90.000 	 245.900
FHW13058	458.750 	 90.000 	 245.290
FHW13058	458.875 	 90.000 	 245.479
FHW13058	459.000 	 90.000 	 245.482
FHW13058	459.125 	 90.000 	 245.479
FHW13058	459.250 	 90.450 	 245.290
FHW13058	459.375 	 90.000 	 245.479
FHW13058	459.500 	 90.000 	 245.482
FHW13058	459.625 	 90.000 	 245.709
FHW13058	459.750 	 90.000 	 245.479
FHW13058	459.875 	 90.000 	 245.479
FHW13058	460.000 	 90.000 	 245.482
FHW13058	460.125 	 90.000 	 245.287
FHW13058	460.250 	 90.000 	 245.482
FHW13058	460.375 	 90.461 	 245.479
FHW13058	460.500 	 90.000 	 245.482
FHW13058	460.625 	 90.000 	 245.287
FHW13058	460.750 	 90.000 	 245.896
FHW13058	460.875 	 90.000 	 245.485
FHW13058	461.000 	 90.000 	 245.287
FHW13058	461.125 	 90.000 	 245.479
FHW13058	461.250 	 90.000 	 245.479
FHW13058	461.375 	 90.461 	 245.482
FHW13058	461.500 	 90.000 	 245.290
FHW13058	461.625 	 90.000 	 245.479
FHW13058	461.750 	 90.000 	 245.896
FHW13058	461.875 	 90.000 	 245.482
FHW13058	462.000 	 90.000 	 245.290
FHW13058	462.125 	 90.000 	 245.479
FHW13058	462.250 	 90.000 	 245.479
FHW13058	462.375 	 90.464 	 245.293
FHW13058	462.500 	 90.000 	 245.479
FHW13058	462.625 	 90.000 	 245.479
FHW13058	462.750 	 90.000 	 245.900
FHW13058	462.875 	 90.000 	 245.290
FHW13058	463.000 	 90.000 	 245.479
FHW13058	463.125 	 90.000 	 245.479
FHW13058	463.250 	 90.000 	 245.482
FHW13058	463.375 	 90.450 	 245.287
FHW13058	463.500 	 90.000 	 245.482
FHW13058	463.625 	 90.000 	 245.479
FHW13058	463.750 	 90.000 	 245.710
FHW13058	463.875 	 90.000 	 245.479
FHW13058	464.000 	 90.000 	 245.479
FHW13058	464.125 	 90.000 	 245.479
FHW13058	464.250 	 90.000 	 245.293
FHW13058	464.375 	 90.461 	 245.479
FHW13058	464.500 	 90.000 	 245.479
FHW13058	464.625 	 90.000 	 245.479
FHW13058	464.750 	 90.000 	 245.712
FHW13058	464.875 	 90.000 	 245.479
FHW13058	465.000 	 90.000 	 245.479
FHW13058	465.125 	 90.000 	 245.293
FHW13058	465.250 	 90.000 	 245.479
FHW13058	465.375 	 90.000 	 245.479
FHW13058	465.500 	 90.461 	 245.479
FHW13058	465.625 	 90.000 	 245.293
FHW13058	465.750 	 90.000 	 245.896
FHW13058	465.875 	 90.000 	 245.479
FHW13058	466.000 	 90.464 	 246.320
FHW13058	466.125 	 90.000 	 246.084
FHW13058	466.250 	 90.448 	 245.896
FHW13058	466.375 	 90.000 	 246.320
FHW13058	466.500 	 90.462 	 245.896
FHW13058	466.625 	 90.000 	 246.081
FHW13058	466.750 	 90.463 	 246.322
FHW13058	466.875 	 90.000 	 245.896
FHW13058	467.000 	 90.000 	 246.498
FHW13058	467.125 	 90.462 	 245.900
FHW13058	467.250 	 90.000 	 245.899
FHW13058	467.375 	 90.464 	 246.316
FHW13058	467.500 	 90.000 	 246.084
FHW13058	467.625 	 90.448 	 245.896
FHW13058	467.750 	 90.000 	 246.322
FHW13058	467.875 	 90.462 	 245.896
FHW13058	468.000 	 90.000 	 246.081
FHW13058	468.125 	 90.464 	 246.320
FHW13058	468.250 	 90.000 	 245.896
FHW13058	468.375 	 90.460 	 246.501
FHW13058	468.500 	 90.000 	 245.900
FHW13058	468.625 	 90.448 	 245.896
FHW13058	468.750 	 90.000 	 246.316
FHW13058	468.875 	 90.459 	 246.087
FHW13058	469.000 	 90.000 	 245.896
FHW13058	469.125 	 90.464 	 246.316
FHW13058	469.250 	 90.000 	 246.087
FHW13058	469.375 	 90.462 	 245.896
FHW13058	469.500 	 90.000 	 246.316
FHW13058	469.625 	 90.448 	 245.900
FHW13058	469.750 	 90.000 	 246.084
FHW13058	469.875 	 90.464 	 246.320
FHW13058	470.000 	 90.000 	 245.896
FHW13058	470.125 	 90.000 	 246.316
FHW13058	470.250 	 90.459 	 246.087
FHW13058	470.375 	 90.000 	 245.896
FHW13058	470.500 	 90.464 	 246.316
FHW13058	470.625 	 90.000 	 246.087
FHW13058	470.750 	 90.462 	 245.896
FHW13058	470.875 	 90.000 	 246.316
FHW13058	471.000 	 90.448 	 245.900
FHW13058	471.125 	 90.000 	 246.084
FHW13058	471.250 	 90.464 	 246.316
FHW13058	471.375 	 90.000 	 245.900
FHW13058	471.500 	 90.464 	 246.316
FHW13058	471.625 	 90.000 	 246.084
FHW13058	471.750 	 90.462 	 245.900
FHW13058	471.875 	 90.000 	 246.316
FHW13058	472.000 	 90.445 	 246.084
FHW13058	472.125 	 90.000 	 245.899
FHW13058	472.250 	 90.464 	 246.316
FHW13058	472.375 	 90.000 	 245.900
FHW13058	472.500 	 90.459 	 246.081
FHW13058	472.625 	 90.000 	 246.316
FHW13058	472.750 	 90.462 	 245.902
FHW13058	472.875 	 90.000 	 246.081
FHW13058	473.000 	 90.449 	 246.316
FHW13058	473.125 	 90.000 	 245.900
FHW13058	473.250 	 90.000 	 246.319
FHW13058	473.375 	 90.459 	 246.081
FHW13058	473.500 	 90.000 	 245.900
FHW13058	473.625 	 90.464 	 246.316
FHW13058	473.750 	 90.000 	 245.896
FHW13058	473.875 	 90.459 	 246.087
FHW13058	474.000 	 90.000 	 246.316
FHW13058	474.125 	 90.462 	 245.900
FHW13058	474.250 	 90.000 	 246.084
FHW13058	474.375 	 90.449 	 246.316
FHW13058	474.500 	 90.000 	 245.900
FHW13058	474.625 	 90.464 	 246.316
FHW13058	474.750 	 90.000 	 246.084
FHW13058	474.875 	 90.462 	 245.900
FHW13058	475.000 	 90.000 	 246.316
FHW13058	475.125 	 90.459 	 246.084
FHW13058	475.250 	 90.000 	 245.900
FHW13058	475.375 	 90.449 	 246.316
FHW13058	475.500 	 90.000 	 245.896
FHW13058	475.625 	 90.459 	 246.087
FHW13058	475.750 	 90.000 	 246.316
FHW13058	475.875 	 90.462 	 245.896
FHW13058	476.000 	 90.000 	 245.900
FHW13058	476.125 	 90.460 	 246.501
FHW13058	476.250 	 90.000 	 245.900
FHW13058	476.375 	 90.000 	 246.316
FHW13058	476.500 	 90.445 	 246.084
FHW13058	476.625 	 90.000 	 245.900
FHW13058	476.750 	 90.464 	 246.316
FHW13058	476.875 	 90.000 	 245.896
FHW13058	477.000 	 90.459 	 246.084
FHW13058	477.125 	 90.000 	 246.319
FHW13058	477.250 	 90.462 	 245.896
FHW13058	477.375 	 90.000 	 245.900
FHW13058	477.500 	 90.446 	 246.498
FHW13058	477.625 	 90.000 	 245.899
FHW13058	477.750 	 90.464 	 246.320
FHW13058	477.875 	 90.000 	 246.081
FHW13058	478.000 	 90.462 	 245.900
FHW13058	478.125 	 90.000 	 246.316
FHW13058	478.250 	 90.462 	 245.899
FHW13058	478.375 	 90.000 	 246.084
FHW13058	478.500 	 90.464 	 246.316
FHW13058	478.625 	 90.000 	 245.896
FHW13058	478.750 	 90.445 	 246.087
FHW13058	478.875 	 90.000 	 246.316
FHW13058	479.000 	 90.462 	 245.896
FHW13058	479.125 	 90.000 	 245.900
FHW13058	479.250 	 90.460 	 246.501
FHW13058	479.375 	 90.000 	 245.896
FHW13058	479.500 	 90.000 	 246.320
FHW13058	479.625 	 90.462 	 245.896
FHW13058	479.750 	 90.000 	 246.084
FHW13058	479.875 	 90.449 	 246.320
FHW13058	480.000 	 90.000 	 245.896
FHW13058	480.125 	 90.459 	 246.087
FHW13058	480.250 	 90.000 	 246.316
FHW13058	480.375 	 90.462 	 245.896
FHW13058	480.500 	 90.000 	 245.900
FHW13058	480.625 	 90.460 	 246.501
FHW13058	480.750 	 90.000 	 245.896
FHW13058	480.875 	 90.449 	 246.320
FHW13058	481.000 	 90.000 	 245.896
FHW13058	481.125 	 90.459 	 246.084
FHW13058	481.250 	 90.000 	 246.320
FHW13058	481.375 	 90.462 	 245.896
FHW13058	481.500 	 90.000 	 246.084
FHW13058	481.625 	 90.464 	 246.320
FHW13058	481.750 	 90.000 	 245.896
FHW13058	481.875 	 90.462 	 245.896
FHW13058	482.000 	 90.000 	 246.504
FHW13058	482.125 	 90.448 	 245.896
FHW13058	482.250 	 90.000 	 245.900
FHW13058	482.375 	 90.460 	 246.498
FHW13058	482.500 	 90.000 	 245.896
FHW13058	482.625 	 90.000 	 246.322
FHW13058	482.750 	 90.462 	 245.896
FHW13058	482.875 	 90.000 	 246.081
FHW13058	483.000 	 90.464 	 246.320
FHW13058	483.125 	 90.000 	 245.899
FHW13058	483.250 	 90.448 	 245.896
FHW13058	483.375 	 90.000 	 246.502
FHW13058	483.500 	 90.462 	 245.896
FHW13058	483.625 	 90.000 	 245.896
FHW13058	483.750 	 90.460 	 246.504
FHW13058	483.875 	 90.000 	 245.896
FHW13058	484.000 	 90.462 	 245.896
FHW13058	484.125 	 90.000 	 246.320
FHW13058	484.250 	 90.445 	 246.084
FHW13058	484.375 	 90.000 	 246.320
FHW13058	484.500 	 90.000 	 247.344
FHW13058	484.625 	 90.000 	 246.922
FHW13058	484.750 	 90.000 	 247.101
FHW13058	484.875 	 90.000 	 246.922
FHW13058	485.000 	 90.000 	 246.921
FHW13058	485.125 	 90.000 	 246.924
FHW13058	485.250 	 90.000 	 247.341
FHW13058	485.375 	 90.000 	 246.924
FHW13058	485.500 	 90.000 	 246.919
FHW13058	485.625 	 90.000 	 246.921
FHW13058	485.750 	 90.000 	 246.924
FHW13058	485.875 	 90.000 	 247.341
FHW13058	486.000 	 90.000 	 246.924
FHW13058	486.125 	 90.000 	 246.921
FHW13058	486.250 	 90.000 	 246.922
FHW13058	486.375 	 90.000 	 246.921
FHW13058	486.500 	 90.000 	 246.924
FHW13058	486.625 	 90.000 	 247.518
FHW13058	486.750 	 90.000 	 246.922
FHW13058	486.875 	 90.000 	 246.924
FHW13058	487.000 	 90.000 	 246.922
FHW13058	487.125 	 90.000 	 246.919
FHW13058	487.250 	 90.000 	 246.922
FHW13058	487.375 	 90.000 	 247.347
FHW13058	487.500 	 90.000 	 246.922
FHW13058	487.625 	 90.000 	 246.919
FHW13058	487.750 	 90.000 	 246.927
FHW13058	487.875 	 90.000 	 246.919
FHW13058	488.000 	 90.000 	 247.345
FHW13058	488.125 	 90.000 	 246.924
FHW13058	488.250 	 90.000 	 246.922
FHW13058	488.375 	 90.000 	 247.098
FHW13058	488.500 	 90.000 	 246.922
FHW13058	488.625 	 90.000 	 246.924
FHW13058	488.750 	 90.000 	 247.345
FHW13058	488.875 	 90.000 	 246.919
FHW13058	489.000 	 90.000 	 246.927
FHW13058	489.125 	 90.000 	 246.919
FHW13058	489.250 	 90.000 	 246.922
FHW13058	489.375 	 90.000 	 247.347
FHW13058	489.500 	 90.000 	 246.922
FHW13058	489.625 	 90.000 	 246.919
FHW13058	489.750 	 90.000 	 246.924
FHW13058	489.875 	 90.000 	 246.922
FHW13058	490.000 	 90.462 	 246.919
FHW13058	490.125 	 90.000 	 247.522
FHW13058	490.250 	 90.000 	 246.924
FHW13058	490.375 	 90.000 	 246.922
FHW13058	490.500 	 90.000 	 246.919
FHW13058	490.625 	 90.000 	 246.927
FHW13058	490.750 	 90.000 	 247.341
FHW13058	490.875 	 90.000 	 246.922
FHW13058	491.000 	 90.000 	 246.924
FHW13058	491.125 	 90.000 	 246.922
FHW13058	491.250 	 90.000 	 246.919
FHW13058	491.375 	 90.000 	 246.927
FHW13058	491.500 	 90.000 	 247.341
FHW13058	491.625 	 90.000 	 246.922
FHW13058	491.750 	 90.000 	 246.924
FHW13058	491.875 	 90.000 	 247.101
FHW13058	492.000 	 90.000 	 246.919
FHW13058	492.125 	 90.000 	 246.922
FHW13058	492.250 	 90.000 	 247.347
FHW13058	492.375 	 90.000 	 246.922
FHW13058	492.500 	 90.000 	 246.919
FHW13058	492.625 	 90.000 	 246.927
FHW13058	492.750 	 90.000 	 246.919
FHW13058	492.875 	 90.000 	 247.345
FHW13058	493.000 	 90.000 	 246.924
FHW13058	493.125 	 90.000 	 246.922
FHW13058	493.250 	 90.000 	 246.919
FHW13058	493.375 	 90.000 	 246.922
FHW13058	493.500 	 90.000 	 246.924
FHW13058	493.625 	 90.000 	 247.522
FHW13058	493.750 	 90.000 	 246.919
FHW13058	493.875 	 90.000 	 246.924
FHW13058	494.000 	 90.000 	 246.922
FHW13058	494.125 	 90.000 	 246.919
FHW13058	494.250 	 90.000 	 247.345
FHW13058	494.375 	 90.000 	 246.924
FHW13058	494.500 	 90.000 	 246.922
FHW13058	494.625 	 90.000 	 246.919
FHW13058	494.750 	 90.000 	 246.927
FHW13058	494.875 	 90.000 	 246.919
FHW13058	495.000 	 90.000 	 247.345
FHW13058	495.125 	 90.000 	 246.924
FHW13058	495.250 	 90.000 	 246.922
FHW13058	495.375 	 90.000 	 247.098
FHW13058	495.500 	 90.000 	 246.922
FHW13058	495.625 	 90.000 	 246.924
FHW13058	495.750 	 90.000 	 247.345
FHW13058	495.875 	 90.000 	 246.919
FHW13058	496.000 	 90.000 	 246.927
FHW13058	496.125 	 90.000 	 246.919
FHW13058	496.250 	 90.000 	 246.922
FHW13058	496.375 	 90.000 	 247.347
FHW13058	496.500 	 90.000 	 246.922
FHW13058	496.625 	 90.000 	 246.919
FHW13058	496.750 	 90.000 	 246.927
FHW13058	496.875 	 90.000 	 246.919
FHW13058	497.000 	 90.000 	 246.922
FHW13058	497.125 	 90.000 	 247.518
FHW13058	497.250 	 90.000 	 246.927
FHW13058	497.375 	 90.000 	 246.919
FHW13058	497.500 	 90.000 	 246.922
FHW13058	497.625 	 90.000 	 246.924
FHW13058	497.750 	 90.000 	 247.345
FHW13058	497.875 	 90.000 	 246.919
FHW13058	498.000 	 90.000 	 246.924
FHW13058	498.125 	 90.000 	 246.922
FHW13058	498.250 	 90.000 	 246.919
FHW13058	498.375 	 90.000 	 246.927
FHW13058	498.500 	 90.000 	 247.341
FHW13058	498.625 	 90.000 	 246.922
FHW13058	498.750 	 90.000 	 246.924
FHW13058	498.875 	 90.000 	 247.101
FHW13058	499.000 	 90.000 	 246.919
FHW13058	499.125 	 90.000 	 247.345
FHW13058	499.250 	 90.000 	 246.924
FHW13058	499.375 	 90.000 	 246.922
FHW13058	499.500 	 90.000 	 246.919
FHW13058	499.625 	 90.000 	 246.927
FHW13058	499.750 	 90.000 	 246.919
FHW13058	499.875 	 90.000 	 247.345
FHW13058	500.000 	 90.000 	 246.919
FHW13058	500.125 	 90.000 	 246.927
FHW13058	500.250 	 90.000 	 246.919
FHW13058	500.375 	 90.000 	 246.922
FHW13058	500.500 	 90.000 	 246.924
FHW13058	500.625 	 90.000 	 247.522
FHW13058	500.750 	 90.000 	 246.919
FHW13058	500.875 	 90.000 	 246.927
FHW13058	501.000 	 90.000 	 246.919
FHW13058	501.125 	 90.462 	 246.922
FHW13058	501.250 	 90.000 	 247.341
FHW13058	501.375 	 90.000 	 246.927
FHW13058	501.500 	 90.000 	 246.919
FHW13058	501.625 	 90.000 	 246.922
FHW13058	501.750 	 90.000 	 246.924
FHW13058	501.875 	 90.000 	 246.919
FHW13058	502.000 	 90.000 	 247.345
FHW13058	502.125 	 90.000 	 246.924
FHW13058	502.250 	 90.000 	 246.922
FHW13058	502.375 	 90.000 	 247.098
FHW13058	502.500 	 90.000 	 246.922
FHW13058	502.625 	 90.000 	 247.347
FHW13058	502.750 	 89.540 	 246.502
FHW13058	502.875 	 89.084 	 246.742
FHW13058	503.000 	 89.538 	 246.922
FHW13058	503.125 	 89.538 	 246.919
FHW13058	503.250 	 89.540 	 246.507
FHW13058	503.375 	 89.552 	 246.919
FHW13058	503.500 	 89.538 	 246.922
FHW13058	503.625 	 89.077 	 246.924
FHW13058	503.750 	 89.552 	 246.922
FHW13058	503.875 	 89.540 	 246.498
FHW13058	504.000 	 89.538 	 246.924
FHW13058	504.125 	 89.535 	 246.739
FHW13058	504.250 	 89.091 	 246.919
FHW13058	504.375 	 89.538 	 246.927
FHW13058	504.500 	 89.540 	 246.498
FHW13058	504.625 	 89.538 	 246.922
FHW13058	504.750 	 89.552 	 246.924
FHW13058	504.875 	 89.538 	 246.922
FHW13058	505.000 	 89.538 	 246.919
FHW13058	505.125 	 89.094 	 246.507
FHW13058	505.250 	 89.538 	 246.919
FHW13058	505.375 	 89.535 	 246.736
FHW13058	505.500 	 89.538 	 246.927
FHW13058	505.625 	 89.540 	 246.498
FHW13058	505.750 	 89.091 	 246.922
FHW13058	505.875 	 89.538 	 246.924
FHW13058	506.000 	 89.538 	 246.922
FHW13058	506.125 	 89.552 	 246.919
FHW13058	506.250 	 89.540 	 246.507
FHW13058	506.375 	 89.538 	 246.919
FHW13058	506.500 	 89.538 	 246.922
FHW13058	506.625 	 89.084 	 246.742
FHW13058	506.750 	 89.538 	 246.922
FHW13058	506.875 	 89.540 	 246.504
FHW13058	507.000 	 89.552 	 246.919
FHW13058	507.125 	 89.538 	 246.922
FHW13058	507.250 	 89.077 	 246.924
FHW13058	507.375 	 89.538 	 246.922
FHW13058	507.500 	 89.554 	 246.498
FHW13058	507.625 	 89.538 	 246.922
FHW13058	507.750 	 89.538 	 246.924
FHW13058	507.875 	 89.535 	 246.739
FHW13058	508.000 	 89.094 	 246.504
FHW13058	508.125 	 89.538 	 246.922
FHW13058	508.250 	 89.538 	 246.919
FHW13058	508.375 	 89.552 	 246.924
FHW13058	508.500 	 89.538 	 246.922
FHW13058	508.625 	 89.540 	 246.498
FHW13058	508.750 	 89.077 	 246.927
FHW13058	508.875 	 89.552 	 246.919
FHW13058	509.000 	 89.538 	 246.922
FHW13058	509.125 	 89.535 	 246.742
FHW13058	509.250 	 89.540 	 246.502
FHW13058	509.375 	 89.552 	 246.919
FHW13058	509.500 	 89.077 	 246.927
FHW13058	509.625 	 89.538 	 246.919
FHW13058	509.750 	 89.552 	 246.919
FHW13058	509.875 	 89.540 	 246.507
FHW13058	510.000 	 89.538 	 246.919
FHW13058	510.125 	 89.538 	 246.922
FHW13058	510.250 	 89.091 	 246.924
FHW13058	510.375 	 89.536 	 246.317
FHW13058	510.500 	 89.538 	 246.924
FHW13058	510.625 	 89.538 	 246.922
FHW13058	510.750 	 89.552 	 246.919
FHW13058	510.875 	 89.538 	 246.922
FHW13058	511.000 	 89.080 	 246.504
FHW13058	511.125 	 89.552 	 246.919
FHW13058	511.250 	 89.538 	 246.922
FHW13058	511.375 	 89.538 	 246.924
FHW13058	511.500 	 89.538 	 246.922
FHW13058	511.625 	 89.537 	 246.319
FHW13058	511.750 	 89.091 	 246.922
FHW13058	511.875 	 89.538 	 246.919
FHW13058	512.000 	 89.538 	 246.927
FHW13058	512.125 	 89.552 	 246.919
FHW13058	512.250 	 89.540 	 246.502
FHW13058	512.375 	 89.538 	 246.924
FHW13058	512.500 	 89.091 	 246.922
FHW13058	512.625 	 89.538 	 246.919
FHW13058	512.750 	 89.535 	 246.742
FHW13058	512.875 	 89.540 	 246.502
FHW13058	513.000 	 89.538 	 246.919
FHW13058	513.125 	 89.552 	 246.927
FHW13058	513.250 	 89.077 	 246.919
FHW13058	513.375 	 89.540 	 246.502
FHW13058	513.500 	 89.552 	 246.924
FHW13058	513.625 	 89.538 	 246.922
FHW13058	513.750 	 89.538 	 246.919
FHW13058	513.875 	 89.538 	 246.927
FHW13058	514.000 	 89.087 	 246.314
FHW13058	514.125 	 89.538 	 246.924
FHW13058	514.250 	 89.538 	 246.922
FHW13058	514.375 	 89.552 	 246.919
FHW13058	514.500 	 89.538 	 246.922
FHW13058	514.625 	 89.540 	 246.504
FHW13058	514.750 	 89.077 	 246.922
FHW13058	514.875 	 89.552 	 246.919
FHW13058	515.000 	 89.538 	 246.927
FHW13058	515.125 	 89.538 	 246.919
FHW13058	515.250 	 89.537 	 246.322
FHW13058	515.375 	 89.552 	 246.919
FHW13058	515.500 	 89.077 	 246.919
FHW13058	515.625 	 89.538 	 246.927
FHW13058	515.750 	 89.554 	 246.498
FHW13058	515.875 	 89.538 	 246.922
FHW13058	516.000 	 89.538 	 246.924
FHW13058	516.125 	 89.538 	 246.922
FHW13058	516.250 	 89.091 	 246.919
FHW13058	516.375 	 89.540 	 246.507
FHW13058	516.500 	 89.535 	 246.736
FHW13058	516.625 	 89.538 	 246.922
FHW13058	516.750 	 89.552 	 246.924
FHW13058	516.875 	 89.538 	 246.922
FHW13058	517.000 	 89.080 	 246.498
FHW13058	517.125 	 89.552 	 246.924
FHW13058	517.250 	 89.538 	 246.922
FHW13058	517.375 	 89.538 	 246.919
FHW13058	517.500 	 89.538 	 246.927
FHW13058	517.625 	 89.540 	 246.498
FHW13058	517.750 	 89.084 	 246.739
FHW13058	517.875 	 89.538 	 246.924
FHW13058	518.000 	 89.538 	 246.919
FHW13058	518.125 	 89.554 	 246.505
FHW13058	518.250 	 89.538 	 246.921
FHW13058	518.375 	 89.538 	 246.922
FHW13058	518.500 	 89.091 	 246.922
FHW13058	518.625 	 89.538 	 246.921
FHW13058	518.750 	 89.540 	 246.505
FHW13058	518.875 	 89.538 	 246.915
FHW13058	519.000 	 89.535 	 246.745
FHW13058	519.125 	 89.552 	 246.922
FHW13058	519.250 	 89.077 	 246.927
FHW13058	519.375 	 89.540 	 246.498
FHW13058	519.500 	 89.552 	 246.922
FHW13058	519.625 	 89.538 	 246.921
FHW13058	519.750 	 89.538 	 246.922
FHW13058	519.875 	 89.538 	 246.922
FHW13058	520.000 	 89.094 	 246.498
FHW13058	520.125 	 89.538 	 246.927
FHW13058	520.250 	 89.535 	 246.733
FHW13058	520.375 	 89.552 	 246.927
FHW13058	520.500 	 89.540 	 246.498
FHW13058	520.625 	 89.538 	 246.922
FHW13058	520.750 	 89.077 	 246.927
FHW13058	520.875 	 89.552 	 246.922
FHW13058	521.000 	 89.538 	 246.915
FHW13058	521.125 	 89.540 	 246.510
FHW13058	521.250 	 89.535 	 246.733
FHW13058	521.375 	 89.554 	 246.498
FHW13058	521.500 	 90.000 	 245.902
FHW13058	521.625 	 89.540 	 246.498
FHW13058	521.750 	 89.537 	 246.326
FHW13058	521.875 	 90.000 	 246.498
FHW13058	522.000 	 89.540 	 246.504
FHW13058	522.125 	 89.550 	 246.314
FHW13058	522.250 	 89.540 	 246.498
FHW13058	522.375 	 90.000 	 246.326
FHW13058	522.500 	 89.540 	 246.498
FHW13058	522.625 	 89.537 	 246.319
FHW13058	522.750 	 90.000 	 246.498
FHW13058	522.875 	 89.537 	 246.319
FHW13058	523.000 	 89.554 	 246.505
FHW13058	523.125 	 90.000 	 246.319
FHW13058	523.250 	 89.541 	 246.078
FHW13058	523.375 	 89.536 	 246.320
FHW13058	523.500 	 90.000 	 246.504
FHW13058	523.625 	 89.536 	 246.314
FHW13058	523.750 	 89.554 	 246.504
FHW13058	523.875 	 89.540 	 246.498
FHW13058	524.000 	 90.000 	 246.326
FHW13058	524.125 	 89.540 	 246.498
FHW13058	524.250 	 89.536 	 246.314
FHW13058	524.375 	 90.000 	 246.504
FHW13058	524.500 	 89.550 	 246.314
FHW13058	524.625 	 89.540 	 246.510
FHW13058	524.750 	 90.000 	 246.314
FHW13058	524.875 	 89.541 	 246.078
FHW13058	525.000 	 89.537 	 246.326
FHW13058	525.125 	 89.540 	 246.498
FHW13058	525.250 	 90.000 	 246.319
FHW13058	525.375 	 89.554 	 246.498
FHW13058	525.500 	 89.537 	 246.319
FHW13058	525.625 	 90.000 	 246.505
FHW13058	525.750 	 89.537 	 246.319
FHW13058	525.875 	 89.540 	 246.498
FHW13058	526.000 	 90.000 	 246.498
FHW13058	526.125 	 89.551 	 246.319
FHW13058	526.250 	 89.540 	 246.505
FHW13058	526.375 	 89.537 	 246.319
FHW13058	526.500 	 90.000 	 246.498
FHW13058	526.625 	 89.538 	 245.902
FHW13058	526.750 	 89.554 	 246.498
FHW13058	526.875 	 90.000 	 246.314
FHW13058	527.000 	 89.540 	 246.504
FHW13058	527.125 	 89.536 	 246.314
FHW13058	527.250 	 90.000 	 246.510
FHW13058	527.375 	 89.536 	 246.314
FHW13058	527.500 	 89.540 	 246.498
FHW13058	527.625 	 89.551 	 246.319
FHW13058	527.750 	 90.000 	 246.498
FHW13058	527.875 	 89.537 	 246.326
FHW13058	528.000 	 89.540 	 246.498
FHW13058	528.125 	 90.000 	 246.319
FHW13058	528.250 	 89.540 	 246.498
FHW13058	528.375 	 89.555 	 246.084
FHW13058	528.500 	 90.000 	 246.319
FHW13058	528.625 	 89.540 	 246.498
FHW13058	528.750 	 89.537 	 246.326
FHW13058	528.875 	 89.540 	 246.498
FHW13058	529.000 	 90.000 	 246.319
FHW13058	529.125 	 89.554 	 246.498
FHW13058	529.250 	 89.537 	 246.319
FHW13058	529.375 	 90.000 	 246.505
FHW13058	529.500 	 89.536 	 246.314
FHW13058	529.625 	 89.540 	 246.504
FHW13058	529.750 	 90.000 	 246.314
FHW13058	529.875 	 89.540 	 246.504
FHW13058	530.000 	 89.550 	 246.320
FHW13058	530.125 	 89.541 	 246.083
FHW13058	530.250 	 90.000 	 246.314
FHW13058	530.375 	 89.540 	 246.505
FHW13058	530.500 	 89.540 	 246.504
FHW13058	530.625 	 90.000 	 246.314
FHW13058	530.750 	 89.554 	 246.504
FHW13058	530.875 	 89.536 	 246.314
FHW13058	531.000 	 90.000 	 246.505
FHW13058	531.125 	 89.537 	 246.319
FHW13058	531.250 	 89.540 	 246.498
FHW13058	531.375 	 90.000 	 246.319
FHW13058	531.500 	 89.554 	 246.498
FHW13058	531.625 	 89.537 	 246.326
FHW13058	531.750 	 89.540 	 246.498
FHW13058	531.875 	 90.000 	 245.896
FHW13058	532.000 	 89.540 	 246.505
FHW13058	532.125 	 89.550 	 246.314
FHW13058	532.250 	 90.000 	 246.504
FHW13058	532.375 	 89.536 	 246.314
FHW13058	532.500 	 89.540 	 246.504
FHW13058	532.625 	 90.000 	 246.505
FHW13058	532.750 	 89.537 	 246.319
FHW13058	532.875 	 89.540 	 246.498
FHW13058	533.000 	 89.550 	 246.314
FHW13058	533.125 	 90.000 	 246.504
FHW13058	533.250 	 89.536 	 246.320
FHW13058	533.375 	 89.540 	 246.504
FHW13058	533.500 	 90.000 	 245.897
FHW13058	533.625 	 89.540 	 246.498
FHW13058	533.750 	 89.551 	 246.319
FHW13058	533.875 	 90.000 	 246.498
FHW13058	534.000 	 89.537 	 246.319
FHW13058	534.125 	 89.540 	 246.505
FHW13058	534.250 	 89.537 	 246.319
FHW13058	534.375 	 90.000 	 246.498
FHW13058	534.500 	 89.551 	 246.319
FHW13058	534.625 	 89.540 	 246.498
FHW13058	534.750 	 90.000 	 246.505
FHW13058	534.875 	 89.537 	 246.319
FHW13058	535.000 	 89.540 	 246.498
FHW13058	535.125 	 90.000 	 246.319
FHW13058	535.250 	 89.541 	 246.084
FHW13058	535.375 	 89.551 	 246.319
FHW13058	535.500 	 89.540 	 246.498
FHW13058	535.625 	 90.000 	 246.314
FHW13058	535.750 	 89.540 	 246.510
FHW13058	535.875 	 89.536 	 246.314
FHW13058	536.000 	 90.000 	 246.504
FHW13058	536.125 	 89.550 	 246.314
FHW13058	536.250 	 89.540 	 246.504
FHW13058	536.375 	 90.000 	 246.320
FHW13058	536.500 	 89.540 	 246.498
FHW13058	536.625 	 89.537 	 246.319
FHW13058	536.750 	 90.000 	 246.498
FHW13058	536.875 	 89.554 	 246.504
FHW13058	537.000 	 89.538 	 245.897
FHW13058	537.125 	 89.540 	 246.498
FHW13058	537.250 	 90.000 	 246.319
FHW13058	537.375 	 89.540 	 246.505
FHW13058	537.500 	 89.537 	 246.319
FHW13058	537.625 	 90.000 	 246.498
FHW13058	537.750 	 89.551 	 246.319
FHW13058	537.875 	 89.540 	 246.498
FHW13058	538.000 	 90.000 	 246.326
FHW13058	538.125 	 89.540 	 246.498
FHW13058	538.250 	 89.537 	 246.319
FHW13058	538.375 	 89.554 	 246.498
FHW13058	538.500 	 90.000 	 246.314
FHW13058	538.625 	 89.540 	 246.510
FHW13058	538.750 	 89.538 	 245.890
FHW13058	538.875 	 90.000 	 246.510
FHW13058	539.000 	 89.540 	 246.498
FHW13058	539.125 	 89.550 	 246.314
FHW13058	539.250 	 90.000 	 246.504
FHW13058	539.375 	 89.536 	 246.314
FHW13058	539.500 	 89.540 	 246.510
FHW13058	539.625 	 89.536 	 246.314
FHW13058	539.750 	 90.000 	 246.504
FHW13058	539.875 	 89.536 	 246.314
FHW13058	540.000 	 90.000 	 246.498
FHW13058	540.125 	 90.000 	 246.326
FHW13058	540.250 	 89.554 	 246.498
FHW13058	540.375 	 90.000 	 246.921
FHW13058	540.500 	 90.000 	 246.320
FHW13058	540.625 	 90.000 	 246.498
FHW13058	540.750 	 90.000 	 246.504
FHW13058	540.875 	 90.000 	 246.314
FHW13058	541.000 	 90.000 	 246.927
FHW13058	541.125 	 89.540 	 246.498
FHW13058	541.250 	 90.000 	 246.319
FHW13058	541.375 	 90.000 	 246.505
FHW13058	541.500 	 90.000 	 246.915
FHW13058	541.625 	 90.000 	 246.326
FHW13058	541.750 	 90.000 	 246.498
FHW13058	541.875 	 90.000 	 246.498
FHW13058	542.000 	 89.537 	 246.319
FHW13058	542.125 	 90.000 	 246.922
FHW13058	542.250 	 90.000 	 246.504
FHW13058	542.375 	 90.000 	 246.314
FHW13058	542.500 	 90.000 	 246.498
FHW13058	542.625 	 90.000 	 246.510
FHW13058	542.750 	 90.000 	 246.733
FHW13058	542.875 	 89.540 	 246.510
FHW13058	543.000 	 90.000 	 246.498
FHW13058	543.125 	 90.000 	 246.314
FHW13058	543.250 	 90.000 	 246.927
FHW13058	543.375 	 90.000 	 246.498
FHW13058	543.500 	 90.000 	 246.319
FHW13058	543.625 	 90.000 	 246.498
FHW13058	543.750 	 89.554 	 246.505
FHW13058	543.875 	 90.000 	 246.739
FHW13058	544.000 	 90.000 	 246.498
FHW13058	544.125 	 90.000 	 246.505
FHW13058	544.250 	 90.000 	 246.319
FHW13058	544.375 	 90.000 	 246.498
FHW13058	544.500 	 90.000 	 246.927
FHW13058	544.625 	 89.536 	 246.314
FHW13058	544.750 	 90.000 	 246.504
FHW13058	544.875 	 90.000 	 246.314
FHW13058	545.000 	 90.000 	 246.922
FHW13058	545.125 	 90.000 	 246.504
FHW13058	545.250 	 90.000 	 246.320
FHW13058	545.375 	 90.000 	 246.504
FHW13058	545.500 	 89.540 	 246.498
FHW13058	545.625 	 90.000 	 246.739
FHW13058	545.750 	 90.000 	 246.504
FHW13058	545.875 	 90.000 	 246.498
FHW13058	546.000 	 90.000 	 246.319
FHW13058	546.125 	 90.000 	 246.922
FHW13058	546.250 	 90.000 	 246.498
FHW13058	546.375 	 89.537 	 246.319
FHW13058	546.500 	 90.000 	 246.505
FHW13058	546.625 	 90.000 	 246.504
FHW13058	546.750 	 90.000 	 246.739
FHW13058	546.875 	 90.000 	 246.498
FHW13058	547.000 	 90.000 	 246.504
FHW13058	547.125 	 90.000 	 246.314
FHW13058	547.250 	 89.554 	 246.504
FHW13058	547.375 	 90.000 	 246.922
FHW13058	547.500 	 90.000 	 246.314
FHW13058	547.625 	 90.000 	 246.510
FHW13058	547.750 	 90.000 	 246.498
FHW13058	547.875 	 90.000 	 246.739
FHW13058	548.000 	 90.000 	 246.505
FHW13058	548.125 	 89.540 	 246.498
FHW13058	548.250 	 90.000 	 246.319
FHW13058	548.375 	 90.000 	 246.498
FHW13058	548.500 	 90.000 	 246.922
FHW13058	548.625 	 90.000 	 246.319
FHW13058	548.750 	 90.000 	 246.498
FHW13058	548.875 	 90.000 	 246.510
FHW13058	549.000 	 89.535 	 246.733
FHW13058	549.125 	 90.000 	 246.510
FHW13058	549.250 	 90.000 	 246.314
FHW13058	549.375 	 90.000 	 246.498
FHW13058	549.500 	 90.000 	 246.504
FHW13058	549.625 	 90.000 	 246.739
FHW13058	549.750 	 90.000 	 246.504
FHW13058	549.875 	 89.540 	 246.498
FHW13058	550.000 	 90.000 	 246.314
FHW13058	550.125 	 90.000 	 246.510
FHW13058	550.250 	 90.000 	 246.915
FHW13058	550.375 	 90.000 	 246.326
FHW13058	550.500 	 90.000 	 246.498
FHW13058	550.625 	 90.000 	 246.498
FHW13058	550.750 	 89.549 	 246.745
FHW13058	550.875 	 90.000 	 246.498
FHW13058	551.000 	 90.000 	 246.504
FHW13058	551.125 	 90.000 	 246.314
FHW13058	551.250 	 90.000 	 246.505
FHW13058	551.375 	 90.000 	 246.921
FHW13058	551.500 	 90.000 	 246.314
FHW13058	551.625 	 89.540 	 246.510
FHW13058	551.750 	 90.000 	 246.498
FHW13058	551.875 	 90.000 	 246.314
FHW13058	552.000 	 90.000 	 246.927
FHW13058	552.125 	 90.000 	 246.498
FHW13058	552.250 	 90.000 	 246.319
FHW13058	552.375 	 90.000 	 246.498
FHW13058	552.500 	 89.538 	 246.922
FHW13058	552.625 	 90.000 	 246.319
FHW13058	552.750 	 90.000 	 246.505
FHW13058	552.875 	 90.000 	 246.498
FHW13058	553.000 	 90.000 	 246.319
FHW13058	553.125 	 90.000 	 246.922
FHW13058	553.250 	 90.000 	 246.504
FHW13058	553.375 	 89.536 	 246.314
FHW13058	553.500 	 90.000 	 246.504
FHW13058	553.625 	 90.000 	 246.922
FHW13058	553.750 	 90.000 	 246.314
FHW13058	553.875 	 90.000 	 246.504
FHW13058	554.000 	 90.000 	 246.320
FHW13058	554.125 	 90.000 	 246.504
FHW13058	554.250 	 89.538 	 246.922
FHW13058	554.375 	 90.000 	 246.314
FHW13058	554.500 	 90.000 	 246.504
FHW13058	554.625 	 90.000 	 246.498
FHW13058	554.750 	 90.000 	 246.319
FHW13058	554.875 	 90.000 	 246.922
FHW13058	555.000 	 90.000 	 246.498
FHW13058	555.125 	 89.551 	 246.319
FHW13058	555.250 	 90.000 	 246.505
FHW13058	555.375 	 90.000 	 246.915
FHW13058	555.500 	 90.000 	 246.326
FHW13058	555.625 	 90.000 	 246.498
FHW13058	555.750 	 90.000 	 246.504
FHW13058	555.875 	 90.000 	 246.314
FHW13058	556.000 	 89.538 	 246.927
FHW13058	556.125 	 90.000 	 246.498
FHW13058	556.250 	 90.000 	 246.314
FHW13058	556.375 	 90.000 	 246.510
FHW13058	556.500 	 90.000 	 246.915
FHW13058	556.625 	 90.000 	 246.319
FHW13058	556.750 	 90.000 	 246.505
FHW13058	556.875 	 89.540 	 246.498
FHW13058	557.000 	 90.000 	 246.319
FHW13058	557.125 	 90.000 	 246.922
FHW13058	557.250 	 90.000 	 246.498
FHW13058	557.375 	 90.000 	 246.319
FHW13058	557.500 	 90.000 	 246.498
FHW13058	557.625 	 90.000 	 246.510
FHW13058	557.750 	 89.535 	 246.733
FHW13058	557.875 	 90.000 	 246.510
FHW13058	558.000 	 90.000 	 246.498
FHW13058	558.125 	 90.000 	 246.314
FHW13058	558.250 	 90.000 	 246.927
FHW13058	558.375 	 90.000 	 246.498
FHW13058	558.500 	 90.000 	 246.319
FHW13058	558.625 	 89.554 	 246.498
FHW13058	558.750 	 90.000 	 246.314
FHW13058	558.875 	 90.000 	 246.927
FHW13058	559.000 	 90.000 	 246.498
FHW13058	559.125 	 90.000 	 246.326
FHW13058	559.250 	 89.540 	 246.498
FHW13058	559.375 	 90.000 	 246.922
FHW13058	559.500 	 90.000 	 246.319
FHW13058	559.625 	 90.000 	 246.498
FHW13058	559.750 	 89.540 	 246.498
FHW13058	559.875 	 90.000 	 246.319
FHW13058	560.000 	 90.000 	 246.922
FHW13058	560.125 	 89.540 	 246.504
FHW13058	560.250 	 90.000 	 246.320
FHW13058	560.375 	 90.000 	 246.504
FHW13058	560.500 	 90.000 	 246.498
FHW13058	560.625 	 89.549 	 246.739
FHW13058	560.750 	 90.000 	 246.504
FHW13058	560.875 	 90.000 	 246.498
FHW13058	561.000 	 89.537 	 246.319
FHW13058	561.125 	 90.000 	 246.922
FHW13058	561.250 	 90.000 	 246.498
FHW13058	561.375 	 90.000 	 246.319
FHW13058	561.500 	 89.540 	 246.505
FHW13058	561.625 	 90.000 	 246.498
FHW13058	561.750 	 90.000 	 246.745
FHW13058	561.875 	 89.540 	 246.498
FHW13058	562.000 	 90.000 	 246.504
FHW13058	562.125 	 90.000 	 246.314
FHW13058	562.250 	 90.000 	 246.498
FHW13058	562.375 	 89.538 	 246.927
FHW13058	562.500 	 90.000 	 246.314
FHW13058	562.625 	 90.000 	 246.504
FHW13058	562.750 	 89.554 	 246.505
FHW13058	562.875 	 90.000 	 246.739
FHW13058	563.000 	 90.000 	 246.505
FHW13058	563.125 	 90.000 	 246.314
FHW13058	563.250 	 89.540 	 246.504
FHW13058	563.375 	 90.000 	 246.498
FHW13058	563.500 	 90.000 	 246.745
FHW13058	563.625 	 89.540 	 246.498
FHW13058	563.750 	 90.000 	 246.498
FHW13058	563.875 	 90.000 	 246.326
FHW13058	564.000 	 90.000 	 246.915
FHW13058	564.125 	 89.540 	 246.498
FHW13058	564.250 	 90.000 	 246.326
FHW13058	564.375 	 90.000 	 246.498
FHW13058	564.500 	 89.554 	 246.504
FHW13058	564.625 	 90.000 	 246.739
FHW13058	564.750 	 90.000 	 246.504
FHW13058	564.875 	 90.000 	 246.498
FHW13058	565.000 	 89.536 	 246.314
FHW13058	565.125 	 90.000 	 246.510
FHW13058	565.250 	 90.000 	 246.915
FHW13058	565.375 	 89.537 	 246.326
FHW13058	565.500 	 90.000 	 246.498
FHW13058	565.625 	 90.000 	 246.498
FHW13058	565.750 	 90.000 	 246.745
FHW13058	565.875 	 89.540 	 246.498
FHW13058	566.000 	 90.000 	 246.498
FHW13058	566.125 	 90.000 	 246.319
FHW13058	566.250 	 90.000 	 246.498
FHW13058	566.375 	 89.552 	 246.927
FHW13058	566.500 	 90.000 	 246.314
FHW13058	566.625 	 90.000 	 246.505
FHW13058	566.750 	 89.540 	 246.504
FHW13058	566.875 	 90.000 	 246.739
FHW13058	567.000 	 90.000 	 246.504
FHW13058	567.125 	 90.000 	 246.498
FHW13058	567.250 	 89.537 	 246.319
FHW13058	567.375 	 90.000 	 246.498
FHW13058	567.500 	 90.000 	 246.922
FHW13058	567.625 	 89.537 	 246.319
FHW13058	567.750 	 90.000 	 246.498
FHW13058	567.875 	 90.000 	 246.326
FHW13058	568.000 	 90.000 	 246.498
FHW13058	568.125 	 89.538 	 246.922
FHW13058	568.250 	 90.000 	 246.319
FHW13058	568.375 	 90.000 	 246.498
FHW13058	568.500 	 89.554 	 246.498
FHW13058	568.625 	 90.000 	 246.745
FHW13058	568.750 	 90.000 	 246.498
FHW13058	568.875 	 90.000 	 246.504
FHW13058	569.000 	 89.536 	 246.320
FHW13058	569.125 	 90.000 	 246.504
FHW13058	569.250 	 90.000 	 246.915
FHW13058	569.375 	 89.536 	 246.320
FHW13058	569.500 	 90.000 	 246.504
FHW13058	569.625 	 90.000 	 246.498
FHW13058	569.750 	 90.000 	 246.319
FHW13058	569.875 	 89.538 	 246.922
FHW13058	570.000 	 90.000 	 246.498
FHW13058	570.125 	 90.000 	 246.319
FHW13058	570.250 	 89.554 	 246.505
FHW13058	570.375 	 90.000 	 246.915
FHW13058	570.500 	 90.000 	 246.326
FHW13058	570.625 	 90.000 	 246.498
FHW13058	570.750 	 89.540 	 246.504
FHW13058	570.875 	 90.000 	 246.314
FHW13058	571.000 	 90.000 	 246.922
FHW13058	571.125 	 89.540 	 246.504
FHW13058	571.250 	 90.000 	 246.314
FHW13058	571.375 	 90.000 	 246.504
FHW13058	571.500 	 90.000 	 246.922
FHW13058	571.625 	 89.537 	 246.319
FHW13058	571.750 	 90.000 	 246.505
FHW13058	571.875 	 90.000 	 246.498
FHW13058	572.000 	 89.551 	 246.319
FHW13058	572.125 	 90.000 	 246.922
FHW13058	572.250 	 90.000 	 246.319
FHW13058	572.375 	 90.000 	 246.498
FHW13058	572.500 	 89.540 	 246.498
FHW13058	572.625 	 90.000 	 246.326
FHW13058	572.750 	 90.000 	 246.915
FHW13058	572.875 	 89.540 	 246.498
FHW13058	573.000 	 90.000 	 246.326
FHW13058	573.125 	 90.000 	 246.498
FHW13058	573.250 	 90.000 	 246.927
FHW13058	573.375 	 89.536 	 246.314
FHW13058	573.500 	 90.000 	 246.498
FHW13058	573.625 	 90.000 	 246.504
FHW13058	573.750 	 89.536 	 246.314
FHW13058	573.875 	 90.000 	 246.927
FHW13058	574.000 	 90.000 	 246.498
FHW13058	574.125 	 90.000 	 246.326
FHW13058	574.250 	 89.554 	 246.498
FHW13058	574.375 	 90.000 	 246.922
FHW13058	574.500 	 90.000 	 246.319
FHW13058	574.625 	 89.540 	 246.498
FHW13058	574.750 	 90.000 	 246.498
FHW13058	574.875 	 90.000 	 246.319
FHW13058	575.000 	 90.000 	 246.922
FHW13058	575.125 	 89.540 	 246.504
FHW13058	575.250 	 90.000 	 246.314
FHW13058	575.375 	 90.000 	 246.505
FHW13058	575.500 	 90.000 	 246.504
FHW13058	575.625 	 89.535 	 246.739
FHW13058	575.750 	 90.000 	 246.504
FHW13058	575.875 	 90.000 	 246.498
FHW13058	576.000 	 89.551 	 246.319
FHW13058	576.125 	 90.000 	 246.922
FHW13058	576.250 	 90.000 	 246.498
FHW13058	576.375 	 90.000 	 246.319
FHW13058	576.500 	 89.540 	 246.505
FHW13058	576.625 	 90.000 	 246.498
FHW13058	576.750 	 90.000 	 246.739
FHW13058	576.875 	 89.540 	 246.505
FHW13058	577.000 	 90.000 	 246.319
FHW13058	577.125 	 90.000 	 246.498
FHW13058	577.250 	 90.000 	 246.922
FHW13058	577.375 	 89.537 	 246.319
FHW13058	577.500 	 90.000 	 246.498
FHW13058	577.625 	 90.000 	 246.504
FHW13058	577.750 	 89.550 	 246.320
FHW13058	577.875 	 90.000 	 246.915
FHW13058	578.000 	 90.000 	 246.510
FHW13058	578.125 	 90.000 	 246.314
FHW13058	578.250 	 90.000 	 246.504
FHW13058	578.375 	 90.000 	 246.498
FHW13058	578.500 	 90.451 	 246.745
FHW13058	578.625 	 90.000 	 246.498
FHW13058	578.750 	 90.460 	 246.498
FHW13058	578.875 	 90.000 	 246.319
FHW13058	579.000 	 90.460 	 246.505
FHW13058	579.125 	 90.000 	 246.915
FHW13058	579.250 	 90.463 	 246.326
FHW13058	579.375 	 90.446 	 246.498
FHW13058	579.500 	 90.000 	 246.504
FHW13058	579.625 	 90.465 	 246.739
FHW13058	579.750 	 90.000 	 246.498
FHW13058	579.875 	 90.460 	 246.504
FHW13058	580.000 	 90.000 	 246.314
FHW13058	580.125 	 90.460 	 246.510
FHW13058	580.250 	 90.000 	 246.733
FHW13058	580.375 	 90.446 	 246.498
FHW13058	580.500 	 90.000 	 246.510
FHW13058	580.625 	 90.464 	 246.314
FHW13058	580.750 	 90.000 	 246.504
FHW13058	580.875 	 90.462 	 246.922
FHW13058	581.000 	 90.000 	 246.319
FHW13058	581.125 	 90.460 	 246.498
FHW13058	581.250 	 90.000 	 246.498
FHW13058	581.375 	 90.463 	 246.326
FHW13058	581.500 	 90.000 	 246.915
FHW13058	581.625 	 90.446 	 246.505
FHW13058	581.750 	 90.463 	 246.319
FHW13058	581.875 	 90.000 	 246.498
FHW13058	582.000 	 90.460 	 246.504
FHW13058	582.125 	 90.000 	 246.739
FHW13058	582.250 	 90.460 	 246.498
FHW13058	582.375 	 90.000 	 246.504
FHW13058	582.500 	 90.450 	 246.314
FHW13058	582.625 	 90.000 	 246.510
FHW13058	582.750 	 90.462 	 246.915
FHW13058	582.875 	 90.000 	 246.326
FHW13058	583.000 	 90.460 	 246.498
FHW13058	583.125 	 90.000 	 246.314
FHW13058	583.250 	 90.462 	 246.927
FHW13058	583.375 	 90.000 	 246.498
FHW13058	583.500 	 90.449 	 246.319
FHW13058	583.625 	 90.000 	 246.498
FHW13058	583.750 	 90.460 	 246.505
FHW13058	583.875 	 90.000 	 246.739
FHW13058	584.000 	 90.460 	 246.498
FHW13058	584.125 	 90.000 	 246.505
FHW13058	584.250 	 90.463 	 246.319
FHW13058	584.375 	 90.000 	 246.498
FHW13058	584.500 	 90.462 	 246.927
FHW13058	584.625 	 90.450 	 246.314
FHW13058	584.750 	 90.000 	 246.498
FHW13058	584.875 	 90.460 	 246.504
FHW13058	585.000 	 90.000 	 246.320
FHW13058	585.125 	 90.462 	 246.921
FHW13058	585.250 	 90.000 	 246.505
FHW13058	585.375 	 90.463 	 246.319
FHW13058	585.500 	 90.000 	 246.498
FHW13058	585.625 	 90.446 	 246.498
FHW13058	585.750 	 90.000 	 246.745
FHW13058	585.875 	 90.460 	 246.498
FHW13058	586.000 	 90.000 	 246.319
FHW13058	586.125 	 90.460 	 246.498
FHW13058	586.250 	 90.000 	 246.922
FHW13058	586.375 	 90.463 	 246.319
FHW13058	586.500 	 90.000 	 246.505
FHW13058	586.625 	 90.446 	 246.498
FHW13058	586.750 	 90.000 	 246.319
FHW13058	586.875 	 90.462 	 246.922
FHW13058	587.000 	 90.460 	 246.504
FHW13058	587.125 	 90.000 	 246.314
FHW13058	587.250 	 90.460 	 246.504
FHW13058	587.375 	 90.000 	 246.505
FHW13058	587.500 	 90.465 	 246.733
FHW13058	587.625 	 90.000 	 246.504
FHW13058	587.750 	 90.446 	 246.505
FHW13058	587.875 	 90.000 	 246.319
FHW13058	588.000 	 90.460 	 246.498
FHW13058	588.125 	 90.000 	 246.922
FHW13058	588.250 	 90.463 	 246.319
FHW13058	588.375 	 90.000 	 246.498
FHW13058	588.500 	 90.463 	 246.319
FHW13058	588.625 	 90.000 	 246.505
FHW13058	588.750 	 90.448 	 246.915
FHW13058	588.875 	 90.000 	 246.326
FHW13058	589.000 	 90.460 	 246.498
FHW13058	589.125 	 90.000 	 246.498
FHW13058	589.250 	 90.463 	 246.319
FHW13058	589.375 	 90.000 	 246.922
FHW13058	589.500 	 90.460 	 246.504
FHW13058	589.625 	 90.000 	 246.314
FHW13058	589.750 	 90.446 	 246.510
FHW13058	589.875 	 90.462 	 246.915
FHW13058	590.000 	 90.000 	 246.314
FHW13058	590.125 	 90.460 	 246.510
FHW13058	590.250 	 90.000 	 246.498
FHW13058	590.375 	 90.463 	 246.319
FHW13058	590.500 	 90.000 	 246.922
FHW13058	590.625 	 90.460 	 246.498
FHW13058	590.750 	 90.000 	 246.319
FHW13058	590.875 	 90.446 	 246.498
FHW13058	591.000 	 90.000 	 246.505
FHW13058	591.125 	 90.465 	 246.739
FHW13058	591.250 	 90.000 	 246.505
FHW13058	591.375 	 90.463 	 246.319
FHW13058	591.500 	 90.000 	 246.498
FHW13058	591.625 	 90.460 	 246.498
FHW13058	591.750 	 90.000 	 246.745
FHW13058	591.875 	 90.446 	 246.498
FHW13058	592.000 	 90.000 	 246.504
FHW13058	592.125 	 90.464 	 246.314
FHW13058	592.250 	 90.000 	 246.510
FHW13058	592.375 	 90.462 	 246.915
FHW13058	592.500 	 90.464 	 246.320
FHW13058	592.625 	 90.000 	 246.504
FHW13058	592.750 	 90.446 	 246.498
FHW13058	592.875 	 90.000 	 246.745
FHW13058	593.000 	 90.460 	 246.498
FHW13058	593.125 	 90.000 	 246.498
FHW13058	593.250 	 90.463 	 246.319
FHW13058	593.375 	 90.000 	 246.505
FHW13058	593.500 	 90.462 	 246.915
FHW13058	593.625 	 90.000 	 246.319
FHW13058	593.750 	 90.446 	 246.505
FHW13058	593.875 	 90.000 	 246.504
FHW13058	594.000 	 90.464 	 246.314
FHW13058	594.125 	 90.000 	 246.927
FHW13058	594.250 	 90.464 	 246.314
FHW13058	594.375 	 90.000 	 246.498
FHW13058	594.500 	 90.460 	 246.504
FHW13058	594.625 	 90.000 	 246.320
FHW13058	594.750 	 90.462 	 246.921
FHW13058	594.875 	 90.446 	 246.505
FHW13058	595.000 	 90.000 	 246.314
FHW13058	595.125 	 90.460 	 246.504
FHW13058	595.250 	 90.000 	 246.498
FHW13058	595.375 	 90.465 	 246.745
FHW13058	595.500 	 90.000 	 246.498
FHW13058	595.625 	 90.460 	 246.498
FHW13058	595.750 	 90.000 	 246.319
FHW13058	595.875 	 90.446 	 246.505
FHW13058	596.000 	 90.000 	 246.915
FHW13058	596.125 	 90.463 	 246.326
FHW13058	596.250 	 90.000 	 246.498
FHW13058	596.375 	 90.460 	 246.504
FHW13058	596.500 	 90.000 	 246.739
FHW13058	596.625 	 90.460 	 246.504
FHW13058	596.750 	 90.000 	 246.498
FHW13058	596.875 	 90.450 	 246.314
FHW13058	597.000 	 90.000 	 246.510
FHW13058	597.125 	 90.465 	 246.733
FHW13058	597.250 	 90.000 	 246.504
FHW13058	597.375 	 90.460 	 246.505
FHW13058	597.500 	 90.462 	 245.890
FHW13058	597.625 	 90.463 	 246.326
FHW13058	597.750 	 90.445 	 246.078
FHW13058	597.875 	 90.924 	 245.902
FHW13058	598.000 	 90.464 	 246.314
FHW13058	598.125 	 90.448 	 245.902
FHW13058	598.250 	 90.459 	 246.078
FHW13058	598.375 	 90.463 	 246.326
FHW13058	598.500 	 90.462 	 245.890
FHW13058	598.625 	 90.446 	 246.504
FHW13058	598.750 	 90.462 	 245.897
FHW13058	598.875 	 90.462 	 245.902
FHW13058	599.000 	 90.927 	 246.314
FHW13058	599.125 	 90.445 	 246.090
FHW13058	599.250 	 90.464 	 246.314
FHW13058	599.375 	 90.462 	 245.902
FHW13058	599.500 	 90.459 	 246.078
FHW13058	599.625 	 90.449 	 246.319
FHW13058	599.750 	 90.462 	 245.897
FHW13058	599.875 	 90.463 	 246.319
FHW13058	600.000 	 90.459 	 246.084
FHW13058	600.125 	 90.910 	 245.902
FHW13058	600.250 	 90.464 	 246.314
FHW13058	600.375 	 90.459 	 246.083
FHW13058	600.500 	 90.464 	 246.320
FHW13058	600.625 	 90.448 	 245.896
FHW13058	600.750 	 90.462 	 245.897
FHW13058	600.875 	 90.460 	 246.504
FHW13058	601.000 	 90.462 	 245.897
FHW13058	601.125 	 90.448 	 245.896
FHW13058	601.250 	 90.460 	 246.505
FHW13058	601.375 	 90.924 	 245.890
FHW13058	601.500 	 90.449 	 246.326
FHW13058	601.625 	 90.462 	 245.896
FHW13058	601.750 	 90.459 	 246.084
FHW13058	601.875 	 90.464 	 246.314
FHW13058	602.000 	 90.448 	 245.902
FHW13058	602.125 	 90.460 	 246.498
FHW13058	602.250 	 90.462 	 245.902
FHW13058	602.375 	 90.462 	 245.890
FHW13058	602.500 	 90.913 	 246.319
FHW13058	602.625 	 90.459 	 246.084
FHW13058	602.750 	 90.463 	 246.319
FHW13058	602.875 	 90.462 	 245.897
FHW13058	603.000 	 90.445 	 246.090
FHW13058	603.125 	 90.464 	 246.314
FHW13058	603.250 	 90.462 	 245.902
FHW13058	603.375 	 90.462 	 245.890
FHW13058	603.500 	 90.446 	 246.504
FHW13058	603.625 	 90.924 	 245.897
FHW13058	603.750 	 90.463 	 246.319
FHW13058	603.875 	 90.459 	 246.084
FHW13058	604.000 	 90.448 	 245.902
FHW13058	604.125 	 90.464 	 246.314
FHW13058	604.250 	 90.462 	 245.896
FHW13058	604.375 	 90.460 	 246.505
FHW13058	604.500 	 90.448 	 245.896
FHW13058	604.625 	 90.462 	 245.897
FHW13058	604.750 	 90.460 	 246.504
FHW13058	604.875 	 90.910 	 245.897
FHW13058	605.000 	 90.463 	 246.319
FHW13058	605.125 	 90.462 	 245.897
FHW13058	605.250 	 90.459 	 246.083
FHW13058	605.375 	 90.464 	 246.320
FHW13058	605.500 	 90.448 	 245.896
FHW13058	605.625 	 90.460 	 246.498
FHW13058	605.750 	 90.462 	 245.897
FHW13058	605.875 	 90.462 	 245.902
FHW13058	606.000 	 90.913 	 246.319
FHW13058	606.125 	 90.459 	 246.084
FHW13058	606.250 	 90.462 	 245.890
FHW13058	606.375 	 90.449 	 246.319
FHW13058	606.500 	 90.459 	 246.084
FHW13058	606.625 	 90.463 	 246.319
FHW13058	606.750 	 90.462 	 245.897
FHW13058	606.875 	 90.462 	 245.902
FHW13058	607.000 	 90.446 	 246.498
FHW13058	607.125 	 90.924 	 245.902
FHW13058	607.250 	 90.464 	 246.314
FHW13058	607.375 	 90.445 	 246.083
FHW13058	607.500 	 90.462 	 245.897
FHW13058	607.625 	 90.463 	 246.319
FHW13058	607.750 	 90.459 	 246.084
FHW13058	607.875 	 90.449 	 246.319
FHW13058	608.000 	 90.462 	 245.897
FHW13058	608.125 	 90.462 	 245.896
FHW13058	608.250 	 90.460 	 246.505
FHW13058	608.375 	 90.910 	 245.896
FHW13058	608.500 	 90.464 	 246.320
FHW13058	608.625 	 90.462 	 245.896
FHW13058	608.750 	 90.459 	 246.084
FHW13058	608.875 	 90.449 	 246.319
FHW13058	609.000 	 90.462 	 245.897
FHW13058	609.125 	 90.459 	 246.083
FHW13058	609.250 	 90.464 	 246.320
FHW13058	609.375 	 90.448 	 245.896
FHW13058	609.500 	 90.920 	 246.498
FHW13058	609.625 	 90.462 	 245.902
FHW13058	609.750 	 90.448 	 245.897
FHW13058	609.875 	 90.463 	 246.319
FHW13058	610.000 	 90.459 	 246.084
FHW13058	610.125 	 90.464 	 246.314
FHW13058	610.250 	 90.462 	 245.902
FHW13058	610.375 	 90.445 	 246.078
FHW13058	610.500 	 90.463 	 246.319
FHW13058	610.625 	 90.924 	 245.897
FHW13058	610.750 	 90.449 	 246.319
FHW13058	610.875 	 90.459 	 246.084
FHW13058	611.000 	 90.462 	 245.902
FHW13058	611.125 	 90.464 	 246.314
FHW13058	611.250 	 90.445 	 246.083
FHW13058	611.375 	 90.464 	 246.320
FHW13058	611.500 	 90.462 	 245.896
FHW13058	611.625 	 90.462 	 245.897
FHW13058	611.750 	 90.906 	 246.504
FHW13058	611.875 	 90.462 	 245.897
FHW13058	612.000 	 90.462 	 245.896
FHW13058	612.125 	 90.460 	 246.505
FHW13058	612.250 	 90.448 	 245.896
FHW13058	612.375 	 90.464 	 246.320
FHW13058	612.500 	 90.462 	 245.896
FHW13058	612.625 	 90.459 	 246.084
FHW13058	612.750 	 90.449 	 246.319
FHW13058	612.875 	 90.462 	 245.897
FHW13058	613.000 	 90.920 	 246.504
FHW13058	613.125 	 90.462 	 245.897
FHW13058	613.250 	 90.448 	 245.896
FHW13058	613.375 	 90.464 	 246.314
FHW13058	613.500 	 90.459 	 246.090
FHW13058	613.625 	 90.464 	 246.314
FHW13058	613.750 	 90.448 	 245.902
FHW13058	613.875 	 90.459 	 246.084
FHW13058	614.000 	 90.463 	 246.319
FHW13058	614.125 	 90.910 	 245.897
FHW13058	614.250 	 90.462 	 245.896
FHW13058	614.375 	 90.460 	 246.498
FHW13058	614.500 	 90.462 	 245.897
FHW13058	614.625 	 90.463 	 246.319
FHW13058	614.750 	 90.445 	 246.084
FHW13058	614.875 	 90.462 	 245.902
FHW13058	615.000 	 90.464 	 246.314
FHW13058	615.125 	 90.462 	 245.896
FHW13058	615.250 	 90.906 	 246.505
FHW13058	615.375 	 90.462 	 245.896
FHW13058	615.500 	 90.462 	 245.897
FHW13058	615.625 	 90.446 	 246.504
FHW13058	615.750 	 90.462 	 245.897
FHW13058	615.875 	 90.463 	 246.319
FHW13058	616.000 	 90.462 	 245.897
FHW13058	616.125 	 90.445 	 246.083
FHW13058	616.250 	 90.464 	 246.320
FHW13058	616.375 	 90.462 	 245.896
FHW13058	616.500 	 90.920 	 246.498
FHW13058	616.625 	 90.450 	 245.296
FHW13058	616.750 	 90.000 	 245.065
FHW13058	616.875 	 90.462 	 244.870
FHW13058	617.000 	 90.464 	 245.290
FHW13058	617.125 	 90.459 	 245.065
FHW13058	617.250 	 90.448 	 244.870
FHW13058	617.375 	 90.000 	 244.876
FHW13058	617.500 	 90.459 	 245.065
FHW13058	617.625 	 90.464 	 245.290
FHW13058	617.750 	 90.462 	 244.870
FHW13058	617.875 	 90.445 	 245.071
FHW13058	618.000 	 90.000 	 244.870
FHW13058	618.125 	 90.464 	 245.284
FHW13058	618.250 	 90.462 	 244.876
FHW13058	618.375 	 90.459 	 245.065
FHW13058	618.500 	 90.462 	 244.876
FHW13058	618.625 	 90.000 	 245.284
FHW13058	618.750 	 90.445 	 245.071
FHW13058	618.875 	 90.462 	 244.870
FHW13058	619.000 	 90.462 	 244.870
FHW13058	619.125 	 90.460 	 245.482
FHW13058	619.250 	 90.000 	 244.876
FHW13058	619.375 	 90.448 	 244.870
FHW13058	619.500 	 90.459 	 245.065
FHW13058	619.625 	 90.464 	 245.290
FHW13058	619.750 	 90.462 	 244.876
FHW13058	619.875 	 90.445 	 245.059
FHW13058	620.000 	 90.000 	 244.876
FHW13058	620.125 	 90.464 	 245.290
FHW13058	620.250 	 90.459 	 245.059
FHW13058	620.375 	 90.462 	 244.876
FHW13058	620.500 	 90.462 	 244.876
FHW13058	620.625 	 90.000 	 245.476
FHW13058	620.750 	 90.448 	 244.870
FHW13058	620.875 	 90.462 	 244.876
FHW13058	621.000 	 90.462 	 244.876
FHW13058	621.125 	 90.461 	 245.476
FHW13058	621.250 	 90.000 	 244.870
FHW13058	621.375 	 90.448 	 244.876
FHW13058	621.500 	 90.459 	 245.065
FHW13058	621.625 	 90.464 	 245.290
FHW13058	621.750 	 90.462 	 244.870
FHW13058	621.875 	 90.000 	 245.071
FHW13058	622.000 	 90.448 	 244.864
FHW13058	622.125 	 90.464 	 245.290
FHW13058	622.250 	 90.459 	 245.071
FHW13058	622.375 	 90.462 	 244.876
FHW13058	622.500 	 90.462 	 244.864
FHW13058	622.625 	 90.000 	 245.071
FHW13058	622.750 	 90.450 	 245.290
FHW13058	622.875 	 90.462 	 244.870
FHW13058	623.000 	 90.459 	 245.065
FHW13058	623.125 	 90.462 	 244.876
FHW13058	623.250 	 90.000 	 245.290
FHW13058	623.375 	 90.445 	 245.059
FHW13058	623.500 	 90.462 	 244.876
FHW13058	623.625 	 90.462 	 244.876
FHW13058	623.750 	 90.464 	 245.284
FHW13058	623.875 	 90.000 	 245.065
FHW13058	624.000 	 90.448 	 244.876
FHW13058	624.125 	 90.462 	 244.876
FHW13058	624.250 	 90.461 	 245.476
FHW13058	624.375 	 90.462 	 244.870
FHW13058	624.500 	 90.000 	 244.876
FHW13058	624.625 	 90.459 	 245.059
FHW13058	624.750 	 90.450 	 245.296
FHW13058	624.875 	 90.462 	 244.870
FHW13058	625.000 	 90.459 	 245.065
FHW13058	625.125 	 90.000 	 244.870
FHW13058	625.250 	 90.464 	 245.296
FHW13058	625.375 	 90.445 	 245.059
FHW13058	625.500 	 90.462 	 244.876
FHW13058	625.625 	 90.462 	 244.870
FHW13058	625.750 	 90.460 	 245.482
FHW13058	625.875 	 90.000 	 244.870
FHW13058	626.000 	 90.448 	 244.876
FHW13058	626.125 	 90.459 	 245.065
FHW13058	626.250 	 90.464 	 245.290
FHW13058	626.375 	 90.462 	 244.870
FHW13058	626.500 	 90.000 	 244.876
FHW13058	626.625 	 90.445 	 245.065
FHW13058	626.750 	 90.464 	 245.284
FHW13058	626.875 	 90.462 	 244.876
FHW13058	627.000 	 90.459 	 245.065
FHW13058	627.125 	 90.000 	 244.876
FHW13058	627.250 	 90.462 	 244.870
FHW13058	627.375 	 90.446 	 245.482
FHW13058	627.500 	 90.462 	 244.870
FHW13058	627.625 	 90.462 	 244.870
FHW13058	627.750 	 90.000 	 245.065
FHW13058	627.875 	 90.464 	 245.296
FHW13058	628.000 	 90.448 	 244.870
FHW13058	628.125 	 90.459 	 245.065
FHW13058	628.250 	 90.462 	 244.870
FHW13058	628.375 	 90.000 	 245.296
FHW13058	628.500 	 90.459 	 245.059
FHW13058	628.625 	 90.448 	 244.876
FHW13058	628.750 	 90.462 	 244.870
FHW13058	628.875 	 90.461 	 245.476
FHW13058	629.000 	 90.462 	 244.876
FHW13058	629.125 	 90.000 	 244.876
FHW13058	629.250 	 90.462 	 244.870
FHW13058	629.375 	 90.447 	 245.476
FHW13058	629.500 	 90.462 	 244.876
FHW13058	629.625 	 90.462 	 244.876
FHW13058	629.750 	 90.000 	 245.059
FHW13058	629.875 	 90.464 	 245.290
FHW13058	630.000 	 90.448 	 244.876
FHW13058	630.125 	 90.459 	 245.065
FHW13058	630.250 	 90.462 	 244.870
FHW13058	630.375 	 90.000 	 245.290
FHW13058	630.500 	 90.459 	 245.071
FHW13058	630.625 	 90.448 	 244.864
FHW13058	630.750 	 90.462 	 244.876
FHW13058	630.875 	 90.460 	 245.482
FHW13058	631.000 	 90.000 	 244.876
FHW13058	631.125 	 90.462 	 244.864
FHW13058	631.250 	 90.459 	 245.071
FHW13058	631.375 	 90.450 	 245.290
FHW13058	631.500 	 90.462 	 244.870
FHW13058	631.625 	 90.000 	 244.870
FHW13058	631.750 	 90.459 	 245.071
FHW13058	631.875 	 90.462 	 244.870
FHW13058	632.000 	 90.450 	 245.284
FHW13058	632.125 	 90.459 	 245.071
FHW13058	632.250 	 90.462 	 244.876
FHW13058	632.375 	 90.000 	 244.864
FHW13058	632.500 	 90.460 	 245.482
FHW13058	632.625 	 90.448 	 244.876
FHW13058	632.750 	 90.462 	 244.876
FHW13058	632.875 	 90.459 	 245.059
FHW13058	633.000 	 90.000 	 245.290
FHW13058	633.125 	 90.462 	 244.876
FHW13058	633.250 	 90.459 	 245.059
FHW13058	633.375 	 90.448 	 244.876
FHW13058	633.500 	 90.464 	 245.290
FHW13058	633.625 	 90.000 	 245.065
FHW13058	633.750 	 90.462 	 244.870
FHW13058	633.875 	 90.462 	 244.876
FHW13058	634.000 	 90.447 	 245.476
FHW13058	634.125 	 90.462 	 244.876
FHW13058	634.250 	 90.000 	 244.870
FHW13058	634.375 	 90.462 	 244.876
FHW13058	634.500 	 90.461 	 245.476
FHW13058	634.625 	 90.448 	 244.876
FHW13058	634.750 	 90.462 	 244.870
FHW13058	634.875 	 90.000 	 245.071
FHW13058	635.000 	 90.464 	 245.284
FHW13058	635.125 	 90.462 	 244.870
FHW13058	635.250 	 90.445 	 245.071
FHW13058	635.375 	 90.000 	 244.870
FHW13058	635.500 	 90.462 	 244.870
FHW13058	635.625 	 90.000 	 244.459
FHW13058	635.750 	 90.462 	 244.876
FHW13058	635.875 	 90.462 	 244.870
FHW13058	636.000 	 90.000 	 244.870
FHW13058	636.125 	 90.459 	 245.071
FHW13058	636.250 	 90.000 	 244.870
FHW13058	636.375 	 90.447 	 244.453
FHW13058	636.500 	 90.462 	 244.876
FHW13058	636.625 	 90.000 	 244.870
FHW13058	636.750 	 90.462 	 244.876
FHW13058	636.875 	 90.000 	 244.876
FHW13058	637.000 	 90.462 	 244.864
FHW13058	637.125 	 90.000 	 245.071
FHW13058	637.250 	 90.447 	 244.459
FHW13058	637.375 	 90.462 	 244.870
FHW13058	637.500 	 90.000 	 244.870
FHW13058	637.625 	 90.462 	 244.876
FHW13058	637.750 	 90.000 	 244.870
FHW13058	637.875 	 90.462 	 244.876
FHW13058	638.000 	 90.000 	 244.650
FHW13058	638.125 	 90.448 	 244.876
FHW13058	638.250 	 90.462 	 244.870
FHW13058	638.375 	 90.000 	 244.876
FHW13058	638.500 	 90.462 	 244.864
FHW13058	638.625 	 90.000 	 244.876
FHW13058	638.750 	 90.462 	 244.870
FHW13058	638.875 	 90.461 	 244.465
FHW13058	639.000 	 90.000 	 245.059
FHW13058	639.125 	 90.448 	 244.876
FHW13058	639.250 	 90.000 	 244.870
FHW13058	639.375 	 90.462 	 244.876
FHW13058	639.500 	 90.000 	 244.870
FHW13058	639.625 	 90.461 	 244.459
FHW13058	639.750 	 90.462 	 244.870
FHW13058	639.875 	 90.000 	 245.065
FHW13058	640.000 	 90.448 	 244.870
FHW13058	640.125 	 90.000 	 244.876
FHW13058	640.250 	 90.462 	 244.876
FHW13058	640.375 	 90.000 	 244.870
FHW13058	640.500 	 90.461 	 244.453
FHW13058	640.625 	 90.462 	 244.876
FHW13058	640.750 	 90.000 	 245.065
FHW13058	640.875 	 90.448 	 244.876
FHW13058	641.000 	 90.000 	 244.870
FHW13058	641.125 	 90.462 	 244.870
FHW13058	641.250 	 90.462 	 244.876
FHW13058	641.375 	 90.000 	 244.459
FHW13058	641.500 	 90.462 	 244.864
FHW13058	641.625 	 90.000 	 244.876
FHW13058	641.750 	 90.459 	 245.071
FHW13058	641.875 	 90.000 	 244.870
FHW13058	642.000 	 90.448 	 244.870
FHW13058	642.125 	 90.461 	 244.459
FHW13058	642.250 	 90.000 	 244.870
FHW13058	642.375 	 90.462 	 244.876
FHW13058	642.500 	 90.000 	 244.870
FHW13058	642.625 	 90.459 	 245.065
FHW13058	642.750 	 90.000 	 244.876
FHW13058	642.875 	 90.448 	 244.870
FHW13058	643.000 	 90.461 	 244.453
FHW13058	643.125 	 90.000 	 244.876
FHW13058	643.250 	 90.462 	 244.876
FHW13058	643.375 	 90.000 	 244.870
FHW13058	643.500 	 90.462 	 244.876
FHW13058	643.625 	 90.000 	 245.059
FHW13058	643.750 	 90.447 	 244.459
FHW13058	643.875 	 90.462 	 244.876
FHW13058	644.000 	 90.000 	 244.870
FHW13058	644.125 	 90.462 	 244.870
FHW13058	644.250 	 90.000 	 244.876
FHW13058	644.375 	 90.462 	 244.870
FHW13058	644.500 	 90.459 	 245.065
FHW13058	644.625 	 90.000 	 244.459
FHW13058	644.750 	 90.448 	 244.876
FHW13058	644.875 	 90.000 	 244.870
FHW13058	645.000 	 90.462 	 244.870
FHW13058	645.125 	 90.000 	 244.870
FHW13058	645.250 	 90.462 	 244.876
FHW13058	645.375 	 90.461 	 244.459
FHW13058	645.500 	 90.000 	 245.065
FHW13058	645.625 	 90.448 	 244.870
FHW13058	645.750 	 90.000 	 244.876
FHW13058	645.875 	 90.462 	 244.870
FHW13058	646.000 	 90.000 	 244.876
FHW13058	646.125 	 90.462 	 244.870
FHW13058	646.250 	 90.461 	 244.459
FHW13058	646.375 	 90.000 	 245.065
FHW13058	646.500 	 90.448 	 244.870
FHW13058	646.625 	 90.000 	 244.870
FHW13058	646.750 	 90.462 	 244.876
FHW13058	646.875 	 90.462 	 244.876
FHW13058	647.000 	 90.000 	 244.459
FHW13058	647.125 	 90.462 	 244.864
FHW13058	647.250 	 90.000 	 245.071
FHW13058	647.375 	 90.462 	 244.870
FHW13058	647.500 	 90.000 	 244.870
FHW13058	647.625 	 90.448 	 244.876
FHW13058	647.750 	 90.462 	 244.870
FHW13058	647.875 	 90.000 	 244.459
FHW13058	648.000 	 90.462 	 244.876
FHW13058	648.125 	 90.000 	 244.864
FHW13058	648.250 	 90.459 	 245.071
FHW13058	648.375 	 90.000 	 244.876
FHW13058	648.500 	 90.448 	 244.864
FHW13058	648.625 	 90.461 	 244.459
FHW13058	648.750 	 90.000 	 244.876
FHW13058	648.875 	 90.462 	 244.870
FHW13058	649.000 	 90.000 	 244.876
FHW13058	649.125 	 90.459 	 245.065
FHW13058	649.250 	 90.448 	 244.870
FHW13058	649.375 	 90.000 	 244.876
FHW13058	649.500 	 90.461 	 244.459
FHW13058	649.625 	 90.000 	 244.864
FHW13058	649.750 	 90.462 	 244.876
FHW13058	649.875 	 90.000 	 244.876
FHW13058	650.000 	 90.462 	 244.870
FHW13058	650.125 	 90.445 	 245.065
FHW13058	650.250 	 90.000 	 244.870
FHW13058	650.375 	 90.461 	 244.465
FHW13058	650.500 	 90.000 	 244.870
FHW13058	650.625 	 90.462 	 244.870
FHW13058	650.750 	 90.000 	 244.870
FHW13058	650.875 	 90.462 	 244.876
FHW13058	651.000 	 90.459 	 245.059
FHW13058	651.125 	 90.000 	 244.465
FHW13058	651.250 	 90.448 	 244.870
FHW13058	651.375 	 90.000 	 244.876
FHW13058	651.500 	 90.462 	 244.870
FHW13058	651.625 	 90.462 	 244.870
FHW13058	651.750 	 90.000 	 244.870
FHW13058	651.875 	 90.462 	 244.876
FHW13058	652.000 	 90.000 	 244.656
FHW13058	652.125 	 90.448 	 244.870
FHW13058	652.250 	 90.000 	 244.870
FHW13058	652.375 	 90.462 	 244.876
FHW13058	652.500 	 90.462 	 244.870
FHW13058	652.625 	 90.000 	 244.870
FHW13058	652.750 	 90.461 	 244.459
FHW13058	652.875 	 90.000 	 245.071
FHW13058	653.000 	 90.448 	 244.870
FHW13058	653.125 	 90.000 	 244.870
FHW13058	653.250 	 90.462 	 244.876
FHW13058	653.375 	 90.462 	 244.870
FHW13058	653.500 	 90.000 	 244.876
FHW13058	653.625 	 90.461 	 244.453
FHW13058	653.750 	 90.000 	 245.065
FHW13058	653.875 	 90.462 	 244.876
FHW13058	654.000 	 90.448 	 244.876
FHW13058	654.125 	 90.000 	 244.864
FHW13058	654.250 	 90.462 	 244.876
FHW13058	654.375 	 90.000 	 244.459
FHW13058	654.500 	 90.462 	 244.870
FHW13058	654.625 	 90.000 	 245.476
FHW13058	654.750 	 90.462 	 244.876
FHW13058	654.875 	 90.448 	 244.876
FHW13058	655.000 	 90.000 	 244.870
FHW13058	655.125 	 90.459 	 245.065
FHW13058	655.250 	 90.000 	 244.870
FHW13058	655.375 	 90.462 	 244.876
FHW13058	655.500 	 90.462 	 244.876
FHW13058	655.625 	 90.000 	 245.059
FHW13058	655.750 	 90.448 	 244.876
FHW13058	655.875 	 90.462 	 244.870
FHW13058	656.000 	 90.000 	 245.290
FHW13058	656.125 	 90.459 	 245.065
FHW13058	656.250 	 90.000 	 244.876
FHW13058	656.375 	 90.462 	 244.870
FHW13058	656.500 	 90.462 	 244.870
FHW13058	656.625 	 90.000 	 245.065
FHW13058	656.750 	 90.448 	 244.876
FHW13058	656.875 	 90.000 	 244.870
FHW13058	657.000 	 90.462 	 244.870
FHW13058	657.125 	 90.459 	 245.071
FHW13058	657.250 	 90.000 	 244.870
FHW13058	657.375 	 90.464 	 245.290
FHW13058	657.500 	 90.000 	 244.870
FHW13058	657.625 	 90.445 	 245.071
FHW13058	657.750 	 90.462 	 244.864
FHW13058	657.875 	 90.000 	 244.876
FHW13058	658.000 	 90.462 	 244.876
FHW13058	658.125 	 90.000 	 245.065
FHW13058	658.250 	 90.462 	 244.870
FHW13058	658.375 	 90.448 	 244.870
FHW13058	658.500 	 90.000 	 244.876
FHW13058	658.625 	 90.460 	 245.482
FHW13058	658.750 	 90.000 	 244.870
FHW13058	658.875 	 90.462 	 244.870
FHW13058	659.000 	 90.462 	 244.876
FHW13058	659.125 	 90.000 	 245.059
FHW13058	659.250 	 90.462 	 244.876
FHW13058	659.375 	 90.448 	 244.876
FHW13058	659.500 	 90.000 	 244.870
FHW13058	659.625 	 90.459 	 245.065
FHW13058	659.750 	 90.000 	 244.870
FHW13058	659.875 	 90.462 	 244.876
FHW13058	660.000 	 90.464 	 245.290
FHW13058	660.125 	 90.000 	 245.065
FHW13058	660.250 	 90.448 	 244.870
FHW13058	660.375 	 90.000 	 244.876
FHW13058	660.500 	 90.462 	 244.870
FHW13058	660.625 	 90.459 	 245.065
FHW13058	660.750 	 90.000 	 244.876
FHW13058	660.875 	 90.462 	 244.870
FHW13058	661.000 	 90.000 	 244.870
FHW13058	661.125 	 90.445 	 245.065
FHW13058	661.250 	 90.464 	 245.296
FHW13058	661.375 	 90.000 	 244.870
FHW13058	661.500 	 90.462 	 244.870
FHW13058	661.625 	 90.000 	 245.065
FHW13058	661.750 	 90.462 	 244.876
FHW13058	661.875 	 90.448 	 244.876
FHW13058	662.000 	 90.000 	 244.864
FHW13058	662.125 	 90.459 	 245.071
FHW13058	662.250 	 90.462 	 244.870
FHW13058	662.375 	 90.000 	 244.870
FHW13058	662.500 	 90.462 	 244.870
FHW13058	662.625 	 90.000 	 245.488
FHW13058	662.750 	 90.462 	 244.870
FHW13058	662.875 	 90.448 	 244.870
FHW13058	663.000 	 90.000 	 244.870
FHW13058	663.125 	 90.459 	 245.071
FHW13058	663.250 	 90.000 	 244.870
FHW13058	663.375 	 90.462 	 244.870
FHW13058	663.500 	 90.462 	 244.876
FHW13058	663.625 	 90.000 	 245.065
FHW13058	663.750 	 90.448 	 244.870
FHW13058	663.875 	 90.000 	 244.876
FHW13058	664.000 	 90.464 	 245.290
