#WellName	 Depth.M	 INCL	 AZIM 
WellName	 Depth.M	 INCL	 AZIM 
FHW13166	0.000 	 0.000 	 0.000
FHW13166	0.125 	 0.000 	 90.000
FHW13166	0.250 	 0.000 	 90.000
FHW13166	0.375 	 0.000 	 90.000
FHW13166	0.500 	 0.000 	 90.000
FHW13166	0.625 	 0.000 	 90.000
FHW13166	0.750 	 0.000 	 90.000
FHW13166	0.875 	 0.000 	 90.000
FHW13166	1.000 	 0.000 	 90.000
FHW13166	1.125 	 0.000 	 90.000
FHW13166	1.250 	 0.000 	 90.000
FHW13166	1.375 	 0.000 	 90.000
FHW13166	1.500 	 0.000 	 90.000
FHW13166	1.625 	 0.000 	 90.000
FHW13166	1.750 	 0.000 	 90.000
FHW13166	1.875 	 0.000 	 90.000
FHW13166	2.000 	 0.000 	 90.000
FHW13166	2.125 	 0.000 	 90.000
FHW13166	2.250 	 0.000 	 90.000
FHW13166	2.375 	 0.000 	 90.000
FHW13166	2.500 	 0.000 	 90.000
FHW13166	2.625 	 0.000 	 90.000
FHW13166	2.750 	 0.000 	 90.000
FHW13166	2.875 	 0.000 	 90.000
FHW13166	3.000 	 0.000 	 90.000
FHW13166	3.125 	 0.000 	 90.000
FHW13166	3.250 	 0.000 	 90.000
FHW13166	3.375 	 0.000 	 90.000
FHW13166	3.500 	 0.000 	 90.000
FHW13166	3.625 	 0.000 	 90.000
FHW13166	3.750 	 0.000 	 90.000
FHW13166	3.875 	 0.000 	 90.000
FHW13166	4.000 	 0.000 	 90.000
FHW13166	4.125 	 0.000 	 90.000
FHW13166	4.250 	 0.000 	 90.000
FHW13166	4.375 	 0.000 	 90.000
FHW13166	4.500 	 0.000 	 90.000
FHW13166	4.625 	 0.000 	 90.000
FHW13166	4.750 	 0.000 	 90.000
FHW13166	4.875 	 0.000 	 90.000
FHW13166	5.000 	 0.000 	 90.000
FHW13166	5.125 	 0.000 	 90.000
FHW13166	5.250 	 0.000 	 90.000
FHW13166	5.375 	 0.000 	 90.000
FHW13166	5.500 	 0.000 	 90.000
FHW13166	5.625 	 0.000 	 90.000
FHW13166	5.750 	 0.000 	 90.000
FHW13166	5.875 	 0.000 	 90.000
FHW13166	6.000 	 0.000 	 90.000
FHW13166	6.125 	 0.000 	 90.000
FHW13166	6.250 	 0.000 	 90.000
FHW13166	6.375 	 0.000 	 90.000
FHW13166	6.500 	 0.000 	 90.000
FHW13166	6.625 	 0.000 	 90.000
FHW13166	6.750 	 0.000 	 90.000
FHW13166	6.875 	 0.000 	 90.000
FHW13166	7.000 	 0.000 	 90.000
FHW13166	7.125 	 0.000 	 90.000
FHW13166	7.250 	 0.000 	 90.000
FHW13166	7.375 	 0.000 	 90.000
FHW13166	7.500 	 0.000 	 90.000
FHW13166	7.625 	 0.000 	 90.000
FHW13166	7.750 	 0.000 	 90.000
FHW13166	7.875 	 0.000 	 90.000
FHW13166	8.000 	 0.000 	 90.000
FHW13166	8.125 	 0.000 	 90.000
FHW13166	8.250 	 0.000 	 90.000
FHW13166	8.375 	 0.000 	 90.000
FHW13166	8.500 	 0.000 	 90.000
FHW13166	8.625 	 0.000 	 90.000
FHW13166	8.750 	 0.000 	 90.000
FHW13166	8.875 	 0.000 	 90.000
FHW13166	9.000 	 0.000 	 90.000
FHW13166	9.125 	 0.000 	 90.000
FHW13166	9.250 	 0.000 	 90.000
FHW13166	9.375 	 0.000 	 90.000
FHW13166	9.500 	 0.000 	 90.000
FHW13166	9.625 	 0.000 	 90.000
FHW13166	9.750 	 0.000 	 90.000
FHW13166	9.875 	 0.000 	 90.000
FHW13166	10.000 	 0.000 	 90.000
FHW13166	10.125 	 0.000 	 90.000
FHW13166	10.250 	 0.000 	 90.000
FHW13166	10.375 	 0.000 	 90.000
FHW13166	10.500 	 0.000 	 90.000
FHW13166	10.625 	 0.000 	 90.000
FHW13166	10.750 	 0.000 	 90.000
FHW13166	10.875 	 0.000 	 90.000
FHW13166	11.000 	 0.000 	 90.000
FHW13166	11.125 	 0.000 	 90.000
FHW13166	11.250 	 0.000 	 90.000
FHW13166	11.375 	 0.000 	 90.000
FHW13166	11.500 	 0.000 	 90.000
FHW13166	11.625 	 0.000 	 90.000
FHW13166	11.750 	 0.000 	 90.000
FHW13166	11.875 	 0.000 	 90.000
FHW13166	12.000 	 0.000 	 90.000
FHW13166	12.125 	 0.000 	 90.000
FHW13166	12.250 	 0.000 	 90.000
FHW13166	12.375 	 0.000 	 90.000
FHW13166	12.500 	 0.000 	 90.000
FHW13166	12.625 	 0.000 	 90.000
FHW13166	12.750 	 0.000 	 90.000
FHW13166	12.875 	 0.000 	 90.000
FHW13166	13.000 	 0.000 	 90.000
FHW13166	13.125 	 0.000 	 90.000
FHW13166	13.250 	 0.000 	 90.000
FHW13166	13.375 	 0.000 	 90.000
FHW13166	13.500 	 0.000 	 90.000
FHW13166	13.625 	 0.000 	 90.000
FHW13166	13.750 	 0.000 	 90.000
FHW13166	13.875 	 0.000 	 90.000
FHW13166	14.000 	 0.000 	 90.000
FHW13166	14.125 	 0.000 	 90.000
FHW13166	14.250 	 0.000 	 90.000
FHW13166	14.375 	 0.000 	 90.000
FHW13166	14.500 	 0.000 	 90.000
FHW13166	14.625 	 0.000 	 90.000
FHW13166	14.750 	 0.000 	 90.000
FHW13166	14.875 	 0.000 	 90.000
FHW13166	15.000 	 0.000 	 90.000
FHW13166	15.125 	 0.000 	 90.000
FHW13166	15.250 	 0.000 	 90.000
FHW13166	15.375 	 0.000 	 90.000
FHW13166	15.500 	 0.000 	 90.000
FHW13166	15.625 	 0.000 	 90.000
FHW13166	15.750 	 0.000 	 90.000
FHW13166	15.875 	 0.000 	 90.000
FHW13166	16.000 	 0.000 	 90.000
FHW13166	16.125 	 0.000 	 90.000
FHW13166	16.250 	 0.000 	 90.000
FHW13166	16.375 	 0.000 	 90.000
FHW13166	16.500 	 0.000 	 90.000
FHW13166	16.625 	 0.000 	 90.000
FHW13166	16.750 	 0.000 	 90.000
FHW13166	16.875 	 0.000 	 90.000
FHW13166	17.000 	 0.000 	 90.000
FHW13166	17.125 	 0.000 	 90.000
FHW13166	17.250 	 0.000 	 90.000
FHW13166	17.375 	 0.000 	 90.000
FHW13166	17.500 	 0.000 	 90.000
FHW13166	17.625 	 0.000 	 90.000
FHW13166	17.750 	 0.000 	 90.000
FHW13166	17.875 	 0.000 	 90.000
FHW13166	18.000 	 0.000 	 90.000
FHW13166	18.125 	 0.000 	 90.000
FHW13166	18.250 	 0.000 	 90.000
FHW13166	18.375 	 0.000 	 90.000
FHW13166	18.500 	 0.000 	 90.000
FHW13166	18.625 	 0.000 	 90.000
FHW13166	18.750 	 0.000 	 90.000
FHW13166	18.875 	 0.000 	 90.000
FHW13166	19.000 	 0.000 	 90.000
FHW13166	19.125 	 0.000 	 90.000
FHW13166	19.250 	 0.000 	 90.000
FHW13166	19.375 	 0.000 	 90.000
FHW13166	19.500 	 0.000 	 90.000
FHW13166	19.625 	 0.000 	 90.000
FHW13166	19.750 	 0.000 	 90.000
FHW13166	19.875 	 0.000 	 90.000
FHW13166	20.000 	 0.000 	 90.000
FHW13166	20.125 	 0.000 	 90.000
FHW13166	20.250 	 0.000 	 90.000
FHW13166	20.375 	 0.000 	 90.000
FHW13166	20.500 	 0.000 	 90.000
FHW13166	20.625 	 0.000 	 90.000
FHW13166	20.750 	 0.000 	 90.000
FHW13166	20.875 	 0.000 	 90.000
FHW13166	21.000 	 0.000 	 90.000
FHW13166	21.125 	 0.000 	 90.000
FHW13166	21.250 	 0.000 	 90.000
FHW13166	21.375 	 0.000 	 90.000
FHW13166	21.500 	 0.000 	 90.000
FHW13166	21.625 	 0.000 	 90.000
FHW13166	21.750 	 0.000 	 90.000
FHW13166	21.875 	 0.000 	 90.000
FHW13166	22.000 	 0.000 	 90.000
FHW13166	22.125 	 0.000 	 90.000
FHW13166	22.250 	 0.000 	 90.000
FHW13166	22.375 	 0.000 	 90.000
FHW13166	22.500 	 0.000 	 90.000
FHW13166	22.625 	 0.000 	 90.000
FHW13166	22.750 	 0.000 	 90.000
FHW13166	22.875 	 0.000 	 90.000
FHW13166	23.000 	 0.000 	 90.000
FHW13166	23.125 	 0.000 	 90.000
FHW13166	23.250 	 0.000 	 90.000
FHW13166	23.375 	 0.000 	 90.000
FHW13166	23.500 	 0.000 	 90.000
FHW13166	23.625 	 0.000 	 90.000
FHW13166	23.750 	 0.000 	 90.000
FHW13166	23.875 	 0.000 	 90.000
FHW13166	24.000 	 0.000 	 90.000
FHW13166	24.125 	 0.000 	 90.000
FHW13166	24.250 	 0.000 	 90.000
FHW13166	24.375 	 0.000 	 90.000
FHW13166	24.500 	 0.000 	 90.000
FHW13166	24.625 	 0.000 	 90.000
FHW13166	24.750 	 0.000 	 90.000
FHW13166	24.875 	 0.000 	 90.000
FHW13166	25.000 	 0.000 	 90.000
FHW13166	25.125 	 0.000 	 90.000
FHW13166	25.250 	 0.000 	 90.000
FHW13166	25.375 	 0.000 	 90.000
FHW13166	25.500 	 0.000 	 90.000
FHW13166	25.625 	 0.000 	 90.000
FHW13166	25.750 	 0.000 	 90.000
FHW13166	25.875 	 0.000 	 90.000
FHW13166	26.000 	 0.000 	 90.000
FHW13166	26.125 	 0.000 	 90.000
FHW13166	26.250 	 0.000 	 90.000
FHW13166	26.375 	 0.000 	 90.000
FHW13166	26.500 	 0.000 	 90.000
FHW13166	26.625 	 0.000 	 90.000
FHW13166	26.750 	 0.000 	 90.000
FHW13166	26.875 	 0.000 	 90.000
FHW13166	27.000 	 0.000 	 90.000
FHW13166	27.125 	 0.000 	 90.000
FHW13166	27.250 	 0.000 	 90.000
FHW13166	27.375 	 0.000 	 90.000
FHW13166	27.500 	 0.000 	 90.000
FHW13166	27.625 	 0.000 	 90.000
FHW13166	27.750 	 0.000 	 90.000
FHW13166	27.875 	 0.000 	 90.000
FHW13166	28.000 	 0.000 	 90.000
FHW13166	28.125 	 0.000 	 90.000
FHW13166	28.250 	 0.000 	 90.000
FHW13166	28.375 	 0.000 	 90.000
FHW13166	28.500 	 0.000 	 90.000
FHW13166	28.625 	 0.000 	 90.000
FHW13166	28.750 	 0.000 	 90.000
FHW13166	28.875 	 0.000 	 90.000
FHW13166	29.000 	 0.000 	 90.000
FHW13166	29.125 	 0.000 	 90.000
FHW13166	29.250 	 0.000 	 90.000
FHW13166	29.375 	 0.000 	 90.000
FHW13166	29.500 	 0.000 	 90.000
FHW13166	29.625 	 0.000 	 90.000
FHW13166	29.750 	 0.000 	 90.000
FHW13166	29.875 	 0.000 	 90.000
FHW13166	30.000 	 0.000 	 90.000
FHW13166	30.125 	 0.000 	 90.000
FHW13166	30.250 	 0.000 	 90.000
FHW13166	30.375 	 0.000 	 90.000
FHW13166	30.500 	 0.000 	 90.000
FHW13166	30.625 	 0.000 	 90.000
FHW13166	30.750 	 0.000 	 90.000
FHW13166	30.875 	 0.000 	 90.000
FHW13166	31.000 	 0.000 	 90.000
FHW13166	31.125 	 0.000 	 90.000
FHW13166	31.250 	 0.000 	 90.000
FHW13166	31.375 	 0.000 	 90.000
FHW13166	31.500 	 0.000 	 90.000
FHW13166	31.625 	 0.000 	 90.000
FHW13166	31.750 	 0.000 	 90.000
FHW13166	31.875 	 0.000 	 90.000
FHW13166	32.000 	 0.000 	 90.000
FHW13166	32.125 	 0.000 	 90.000
FHW13166	32.250 	 0.000 	 90.000
FHW13166	32.375 	 0.000 	 90.000
FHW13166	32.500 	 0.000 	 90.000
FHW13166	32.625 	 0.000 	 90.000
FHW13166	32.750 	 0.000 	 90.000
FHW13166	32.875 	 0.000 	 90.000
FHW13166	33.000 	 0.000 	 90.000
FHW13166	33.125 	 0.000 	 90.000
FHW13166	33.250 	 0.000 	 90.000
FHW13166	33.375 	 0.000 	 90.000
FHW13166	33.500 	 0.000 	 90.000
FHW13166	33.625 	 0.000 	 90.000
FHW13166	33.750 	 0.000 	 90.000
FHW13166	33.875 	 0.000 	 90.000
FHW13166	34.000 	 0.000 	 90.000
FHW13166	34.125 	 0.000 	 90.000
FHW13166	34.250 	 0.000 	 90.000
FHW13166	34.375 	 0.000 	 90.000
FHW13166	34.500 	 0.000 	 90.000
FHW13166	34.625 	 0.000 	 90.000
FHW13166	34.750 	 0.458 	 180.000
FHW13166	34.875 	 0.458 	 180.000
FHW13166	35.000 	 0.458 	 180.000
FHW13166	35.125 	 0.648 	 225.000
FHW13166	35.250 	 0.458 	 180.000
FHW13166	35.375 	 0.458 	 180.000
FHW13166	35.500 	 0.458 	 180.000
FHW13166	35.625 	 0.458 	 180.000
FHW13166	35.750 	 0.458 	 180.000
FHW13166	35.875 	 0.458 	 180.000
FHW13166	36.000 	 0.648 	 225.000
FHW13166	36.125 	 0.458 	 180.000
FHW13166	36.250 	 0.458 	 180.000
FHW13166	36.375 	 0.458 	 180.000
FHW13166	36.500 	 0.458 	 180.000
FHW13166	36.625 	 0.458 	 180.000
FHW13166	36.750 	 0.458 	 270.000
FHW13166	36.875 	 0.458 	 180.000
FHW13166	37.000 	 0.458 	 180.000
FHW13166	37.125 	 0.458 	 180.000
FHW13166	37.250 	 0.458 	 180.000
FHW13166	37.375 	 0.458 	 180.000
FHW13166	37.500 	 0.458 	 180.000
FHW13166	37.625 	 0.648 	 225.000
FHW13166	37.750 	 0.458 	 180.000
FHW13166	37.875 	 0.458 	 180.000
FHW13166	38.000 	 0.458 	 180.000
FHW13166	38.125 	 0.458 	 180.000
FHW13166	38.250 	 0.458 	 180.000
FHW13166	38.375 	 0.458 	 180.000
FHW13166	38.500 	 0.648 	 225.000
FHW13166	38.625 	 0.458 	 180.000
FHW13166	38.750 	 0.458 	 180.000
FHW13166	38.875 	 0.000 	 90.000
FHW13166	39.000 	 0.458 	 180.000
FHW13166	39.125 	 0.458 	 180.000
FHW13166	39.250 	 0.458 	 180.000
FHW13166	39.375 	 0.648 	 225.000
FHW13166	39.500 	 0.458 	 180.000
FHW13166	39.625 	 0.458 	 180.000
FHW13166	39.750 	 0.458 	 180.000
FHW13166	39.875 	 0.458 	 180.000
FHW13166	40.000 	 0.458 	 180.000
FHW13166	40.125 	 0.458 	 180.000
FHW13166	40.250 	 0.648 	 225.000
FHW13166	40.375 	 0.458 	 180.000
FHW13166	40.500 	 0.458 	 180.000
FHW13166	40.625 	 0.458 	 180.000
FHW13166	40.750 	 0.458 	 180.000
FHW13166	40.875 	 0.458 	 180.000
FHW13166	41.000 	 0.458 	 180.000
FHW13166	41.125 	 0.458 	 270.000
FHW13166	41.250 	 0.458 	 180.000
FHW13166	41.375 	 0.458 	 180.000
FHW13166	41.500 	 0.458 	 180.000
FHW13166	41.625 	 0.458 	 180.000
FHW13166	41.750 	 0.458 	 180.000
FHW13166	41.875 	 0.458 	 180.000
FHW13166	42.000 	 0.648 	 225.000
FHW13166	42.125 	 0.458 	 180.000
FHW13166	42.250 	 0.458 	 180.000
FHW13166	42.375 	 0.458 	 180.000
FHW13166	42.500 	 0.458 	 180.000
FHW13166	42.625 	 0.458 	 180.000
FHW13166	42.750 	 0.458 	 180.000
FHW13166	42.875 	 0.648 	 225.000
FHW13166	43.000 	 0.458 	 180.000
FHW13166	43.125 	 0.458 	 180.000
FHW13166	43.250 	 0.000 	 90.000
FHW13166	43.375 	 0.458 	 180.000
FHW13166	43.500 	 0.458 	 180.000
FHW13166	43.625 	 1.296 	 225.000
FHW13166	43.750 	 1.025 	 243.435
FHW13166	43.875 	 1.296 	 225.000
FHW13166	44.000 	 0.648 	 225.000
FHW13166	44.125 	 1.296 	 225.000
FHW13166	44.250 	 1.025 	 243.435
FHW13166	44.375 	 1.296 	 225.000
FHW13166	44.500 	 1.025 	 243.435
FHW13166	44.625 	 1.307 	 225.000
FHW13166	44.750 	 0.648 	 225.000
FHW13166	44.875 	 1.296 	 225.000
FHW13166	45.000 	 1.025 	 243.435
FHW13166	45.125 	 1.296 	 225.000
FHW13166	45.250 	 1.025 	 243.435
FHW13166	45.375 	 1.296 	 225.000
FHW13166	45.500 	 0.648 	 225.000
FHW13166	45.625 	 1.296 	 225.000
FHW13166	45.750 	 1.025 	 243.435
FHW13166	45.875 	 1.296 	 225.000
FHW13166	46.000 	 1.025 	 243.435
FHW13166	46.125 	 1.296 	 225.000
FHW13166	46.250 	 0.648 	 225.000
FHW13166	46.375 	 1.296 	 225.000
FHW13166	46.500 	 1.025 	 243.435
FHW13166	46.625 	 1.296 	 225.000
FHW13166	46.750 	 1.025 	 243.435
FHW13166	46.875 	 1.296 	 225.000
FHW13166	47.000 	 0.648 	 225.000
FHW13166	47.125 	 1.296 	 225.000
FHW13166	47.250 	 1.025 	 243.435
FHW13166	47.375 	 1.296 	 225.000
FHW13166	47.500 	 1.025 	 243.435
FHW13166	47.625 	 1.296 	 225.000
FHW13166	47.750 	 0.648 	 225.000
FHW13166	47.875 	 1.296 	 225.000
FHW13166	48.000 	 1.025 	 243.435
FHW13166	48.125 	 1.296 	 225.000
FHW13166	48.250 	 1.025 	 243.435
FHW13166	48.375 	 1.296 	 225.000
FHW13166	48.500 	 0.648 	 225.000
FHW13166	48.625 	 1.296 	 225.000
FHW13166	48.750 	 1.025 	 243.435
FHW13166	48.875 	 1.296 	 225.000
FHW13166	49.000 	 1.025 	 243.435
FHW13166	49.125 	 1.296 	 225.000
FHW13166	49.250 	 0.648 	 225.000
FHW13166	49.375 	 1.296 	 225.000
FHW13166	49.500 	 1.033 	 243.435
FHW13166	49.625 	 1.296 	 225.000
FHW13166	49.750 	 1.025 	 243.435
FHW13166	49.875 	 1.296 	 225.000
FHW13166	50.000 	 0.648 	 225.000
FHW13166	50.125 	 2.467 	 248.199
FHW13166	50.250 	 1.889 	 255.964
FHW13166	50.375 	 2.049 	 243.435
FHW13166	50.500 	 1.889 	 255.964
FHW13166	50.625 	 2.049 	 243.435
FHW13166	50.750 	 2.336 	 258.690
FHW13166	50.875 	 2.049 	 243.435
FHW13166	51.000 	 1.889 	 255.964
FHW13166	51.125 	 2.049 	 243.435
FHW13166	51.250 	 1.889 	 255.964
FHW13166	51.375 	 2.066 	 243.435
FHW13166	51.500 	 2.336 	 258.690
FHW13166	51.625 	 2.049 	 243.435
FHW13166	51.750 	 1.889 	 255.964
FHW13166	51.875 	 2.049 	 243.435
FHW13166	52.000 	 1.889 	 255.964
FHW13166	52.125 	 2.467 	 248.199
FHW13166	52.250 	 1.889 	 255.964
FHW13166	52.375 	 2.049 	 243.435
FHW13166	52.500 	 1.889 	 255.964
FHW13166	52.625 	 2.049 	 243.435
FHW13166	52.750 	 2.467 	 248.199
FHW13166	52.875 	 4.375 	 251.565
FHW13166	53.000 	 4.340 	 251.565
FHW13166	53.125 	 4.375 	 251.565
FHW13166	53.250 	 4.340 	 251.565
FHW13166	53.375 	 4.340 	 251.565
FHW13166	53.500 	 4.375 	 251.565
FHW13166	53.625 	 4.340 	 251.565
FHW13166	53.750 	 3.910 	 249.444
FHW13166	53.875 	 4.375 	 251.565
FHW13166	54.000 	 4.340 	 251.565
FHW13166	54.125 	 4.375 	 251.565
FHW13166	54.250 	 4.340 	 251.565
FHW13166	54.375 	 4.218 	 257.471
FHW13166	54.500 	 4.375 	 251.565
FHW13166	54.625 	 4.340 	 251.565
FHW13166	54.750 	 4.340 	 251.565
FHW13166	54.875 	 4.375 	 251.565
FHW13166	55.000 	 3.910 	 249.444
FHW13166	55.125 	 4.375 	 251.565
FHW13166	55.250 	 4.340 	 251.565
FHW13166	55.375 	 4.340 	 251.565
FHW13166	55.500 	 4.375 	 251.565
FHW13166	55.625 	 4.340 	 251.565
FHW13166	55.750 	 4.340 	 251.565
FHW13166	55.875 	 4.375 	 251.565
FHW13166	56.000 	 4.340 	 251.565
FHW13166	56.125 	 3.942 	 249.444
FHW13166	56.250 	 4.340 	 251.565
FHW13166	56.375 	 4.340 	 251.565
FHW13166	56.500 	 4.375 	 251.565
FHW13166	56.625 	 4.340 	 251.565
FHW13166	56.750 	 4.375 	 251.565
FHW13166	56.875 	 4.340 	 251.565
FHW13166	57.000 	 4.340 	 251.565
FHW13166	57.125 	 4.375 	 251.565
FHW13166	57.250 	 4.340 	 251.565
FHW13166	57.375 	 3.910 	 249.444
FHW13166	57.500 	 4.375 	 251.565
FHW13166	57.625 	 4.340 	 251.565
FHW13166	57.750 	 4.375 	 251.565
FHW13166	57.875 	 4.340 	 251.565
FHW13166	58.000 	 4.340 	 251.565
FHW13166	58.125 	 4.375 	 251.565
FHW13166	58.250 	 4.340 	 251.565
FHW13166	58.375 	 4.340 	 251.565
FHW13166	58.500 	 3.942 	 249.444
FHW13166	58.625 	 4.340 	 251.565
FHW13166	58.750 	 4.375 	 251.565
FHW13166	58.875 	 4.340 	 251.565
FHW13166	59.000 	 4.340 	 251.565
FHW13166	59.125 	 4.375 	 251.565
FHW13166	59.250 	 4.340 	 251.565
FHW13166	59.375 	 4.340 	 251.565
FHW13166	59.500 	 4.375 	 251.565
FHW13166	59.625 	 3.910 	 249.444
FHW13166	59.750 	 4.375 	 251.565
FHW13166	59.875 	 4.340 	 251.565
FHW13166	60.000 	 4.340 	 251.565
FHW13166	60.125 	 4.375 	 251.565
FHW13166	60.250 	 4.340 	 251.565
FHW13166	60.375 	 4.340 	 251.565
FHW13166	60.500 	 4.375 	 251.565
FHW13166	60.625 	 4.340 	 251.565
FHW13166	60.750 	 4.375 	 251.565
FHW13166	60.875 	 3.910 	 249.444
FHW13166	61.000 	 4.340 	 251.565
FHW13166	61.125 	 4.375 	 251.565
FHW13166	61.250 	 4.340 	 251.565
FHW13166	61.375 	 4.340 	 251.565
FHW13166	61.500 	 4.375 	 251.565
FHW13166	61.625 	 4.340 	 251.565
FHW13166	61.750 	 4.375 	 251.565
FHW13166	61.875 	 4.340 	 251.565
FHW13166	62.000 	 7.699 	 252.646
FHW13166	62.125 	 7.846 	 249.444
FHW13166	62.250 	 7.909 	 249.444
FHW13166	62.375 	 8.272 	 250.560
FHW13166	62.500 	 7.846 	 249.444
FHW13166	62.625 	 8.272 	 250.560
FHW13166	62.750 	 7.909 	 249.444
FHW13166	62.875 	 7.846 	 249.444
FHW13166	63.000 	 8.272 	 250.560
FHW13166	63.125 	 7.846 	 249.444
FHW13166	63.250 	 8.338 	 250.560
FHW13166	63.375 	 7.699 	 252.646
FHW13166	63.500 	 7.846 	 249.444
FHW13166	63.625 	 8.272 	 250.560
FHW13166	63.750 	 7.909 	 249.444
FHW13166	63.875 	 8.272 	 250.560
FHW13166	64.000 	 7.846 	 249.444
FHW13166	64.125 	 7.846 	 249.444
FHW13166	64.250 	 8.338 	 250.560
FHW13166	64.375 	 7.846 	 249.444
FHW13166	64.500 	 8.272 	 250.560
FHW13166	64.625 	 7.846 	 249.444
FHW13166	64.750 	 7.909 	 249.444
FHW13166	64.875 	 8.272 	 250.560
FHW13166	65.000 	 7.699 	 252.646
FHW13166	65.125 	 8.272 	 250.560
FHW13166	65.250 	 7.846 	 249.444
FHW13166	65.375 	 7.909 	 249.444
FHW13166	65.500 	 8.272 	 250.560
FHW13166	65.625 	 7.846 	 249.444
FHW13166	65.750 	 8.272 	 250.560
FHW13166	65.875 	 7.909 	 249.444
FHW13166	66.000 	 7.846 	 249.444
FHW13166	66.125 	 8.272 	 250.560
FHW13166	66.250 	 7.846 	 249.444
FHW13166	66.375 	 8.338 	 250.560
FHW13166	66.500 	 7.847 	 249.444
FHW13166	66.625 	 7.699 	 252.646
FHW13166	66.750 	 8.272 	 250.560
FHW13166	66.875 	 7.909 	 249.444
FHW13166	67.000 	 8.272 	 250.560
FHW13166	67.125 	 7.846 	 249.444
FHW13166	67.250 	 7.846 	 249.444
FHW13166	67.375 	 8.338 	 250.560
FHW13166	67.500 	 7.846 	 249.444
FHW13166	67.625 	 8.272 	 250.560
FHW13166	67.750 	 7.846 	 249.444
FHW13166	67.875 	 7.910 	 249.444
FHW13166	68.000 	 8.272 	 250.560
FHW13166	68.125 	 7.699 	 252.646
FHW13166	68.250 	 8.272 	 250.560
FHW13166	68.375 	 7.909 	 249.444
FHW13166	68.500 	 7.846 	 249.444
FHW13166	68.625 	 8.272 	 250.560
FHW13166	68.750 	 7.846 	 249.444
FHW13166	68.875 	 8.272 	 250.560
FHW13166	69.000 	 7.909 	 249.444
FHW13166	69.125 	 7.846 	 249.444
FHW13166	69.250 	 8.272 	 250.560
FHW13166	69.375 	 7.847 	 249.444
FHW13166	69.500 	 8.338 	 250.560
FHW13166	69.625 	 7.846 	 249.444
FHW13166	69.750 	 7.699 	 252.646
FHW13166	69.875 	 8.272 	 250.560
FHW13166	70.000 	 7.909 	 249.444
FHW13166	70.125 	 8.272 	 250.560
FHW13166	70.250 	 7.846 	 249.444
FHW13166	70.375 	 7.846 	 249.444
FHW13166	70.500 	 8.338 	 250.560
FHW13166	70.625 	 7.846 	 249.444
FHW13166	70.750 	 8.272 	 250.560
FHW13166	70.875 	 8.923 	 248.749
FHW13166	71.000 	 11.354 	 248.629
FHW13166	71.125 	 11.444 	 248.629
FHW13166	71.250 	 11.354 	 248.629
FHW13166	71.375 	 11.025 	 247.751
FHW13166	71.500 	 11.354 	 248.629
FHW13166	71.625 	 11.354 	 248.629
FHW13166	71.750 	 11.444 	 248.629
FHW13166	71.875 	 10.937 	 247.751
FHW13166	72.000 	 11.444 	 248.630
FHW13166	72.125 	 11.354 	 248.629
FHW13166	72.250 	 11.445 	 248.629
FHW13166	72.375 	 10.938 	 247.751
FHW13166	72.500 	 11.354 	 248.629
FHW13166	72.625 	 11.444 	 248.629
FHW13166	72.750 	 11.354 	 248.629
FHW13166	72.875 	 11.026 	 247.751
FHW13166	73.000 	 11.354 	 248.629
FHW13166	73.125 	 11.444 	 248.629
FHW13166	73.250 	 11.354 	 248.629
FHW13166	73.375 	 10.937 	 247.751
FHW13166	73.500 	 11.616 	 246.501
FHW13166	73.625 	 11.354 	 248.630
FHW13166	73.750 	 11.444 	 248.630
FHW13166	73.875 	 10.938 	 247.751
FHW13166	74.000 	 11.444 	 248.630
FHW13166	74.125 	 11.354 	 248.629
FHW13166	74.250 	 11.444 	 248.630
FHW13166	74.375 	 10.938 	 247.751
FHW13166	74.500 	 11.354 	 248.630
FHW13166	74.625 	 11.444 	 248.629
FHW13166	74.750 	 11.354 	 248.630
FHW13166	74.875 	 11.025 	 247.751
FHW13166	75.000 	 11.354 	 248.630
FHW13166	75.125 	 11.445 	 248.629
FHW13166	75.250 	 11.354 	 248.630
FHW13166	75.375 	 10.938 	 247.751
FHW13166	75.500 	 11.444 	 248.630
FHW13166	75.625 	 11.354 	 248.629
FHW13166	75.750 	 11.445 	 248.630
FHW13166	75.875 	 10.937 	 247.751
FHW13166	76.000 	 11.444 	 248.629
FHW13166	76.125 	 11.354 	 248.630
FHW13166	76.250 	 11.444 	 248.629
FHW13166	76.375 	 10.937 	 247.751
FHW13166	76.500 	 11.354 	 248.629
FHW13166	76.625 	 11.444 	 248.630
FHW13166	76.750 	 11.354 	 248.629
FHW13166	76.875 	 11.025 	 247.751
FHW13166	77.000 	 11.354 	 248.629
FHW13166	77.125 	 11.444 	 248.630
FHW13166	77.250 	 11.354 	 248.629
FHW13166	77.375 	 10.937 	 247.751
FHW13166	77.500 	 11.616 	 246.501
FHW13166	77.625 	 11.354 	 248.629
FHW13166	77.750 	 11.444 	 248.630
FHW13166	77.875 	 10.938 	 247.751
FHW13166	78.000 	 11.444 	 248.630
FHW13166	78.125 	 11.354 	 248.629
FHW13166	78.250 	 11.354 	 248.630
FHW13166	78.375 	 11.444 	 248.629
FHW13166	78.500 	 10.937 	 247.751
FHW13166	78.625 	 11.445 	 248.630
FHW13166	78.750 	 11.354 	 248.629
FHW13166	78.875 	 11.444 	 248.630
FHW13166	79.000 	 10.938 	 247.751
FHW13166	79.125 	 11.444 	 248.630
FHW13166	79.250 	 11.354 	 248.629
FHW13166	79.375 	 11.354 	 248.630
FHW13166	79.500 	 11.025 	 247.751
FHW13166	79.625 	 11.354 	 248.630
FHW13166	79.750 	 11.444 	 248.629
FHW13166	79.875 	 11.354 	 248.630
FHW13166	80.000 	 11.026 	 247.751
FHW13166	80.125 	 14.200 	 245.095
FHW13166	80.250 	 14.131 	 246.801
FHW13166	80.375 	 14.312 	 245.095
FHW13166	80.500 	 14.541 	 247.520
FHW13166	80.625 	 14.312 	 245.095
FHW13166	80.750 	 14.131 	 246.801
FHW13166	80.875 	 14.312 	 245.095
FHW13166	81.000 	 14.021 	 246.801
FHW13166	81.125 	 14.312 	 245.095
FHW13166	81.250 	 14.131 	 246.801
FHW13166	81.375 	 14.313 	 245.095
FHW13166	81.500 	 14.131 	 246.801
FHW13166	81.625 	 14.312 	 245.095
FHW13166	81.750 	 14.020 	 246.801
FHW13166	81.875 	 14.313 	 245.095
FHW13166	82.000 	 14.312 	 245.095
FHW13166	82.125 	 14.131 	 246.802
FHW13166	82.250 	 14.312 	 245.095
FHW13166	82.375 	 14.132 	 246.801
FHW13166	82.500 	 14.716 	 245.854
FHW13166	82.625 	 14.020 	 246.802
FHW13166	82.750 	 14.313 	 245.095
FHW13166	82.875 	 14.131 	 246.801
FHW13166	83.000 	 14.312 	 245.095
FHW13166	83.125 	 14.131 	 246.802
FHW13166	83.250 	 14.313 	 245.095
FHW13166	83.375 	 14.131 	 246.801
FHW13166	83.500 	 14.200 	 245.095
FHW13166	83.625 	 14.132 	 246.801
FHW13166	83.750 	 14.312 	 245.095
FHW13166	83.875 	 14.131 	 246.801
FHW13166	84.000 	 14.312 	 245.096
FHW13166	84.125 	 14.132 	 246.801
FHW13166	84.250 	 14.200 	 245.095
FHW13166	84.375 	 14.131 	 246.801
FHW13166	84.500 	 14.716 	 245.855
FHW13166	84.625 	 14.132 	 246.801
FHW13166	84.750 	 14.312 	 245.095
FHW13166	84.875 	 14.312 	 245.095
FHW13166	85.000 	 14.132 	 246.802
FHW13166	85.125 	 14.200 	 245.095
FHW13166	85.250 	 14.131 	 246.801
FHW13166	85.375 	 14.312 	 245.095
FHW13166	85.500 	 14.132 	 246.802
FHW13166	85.625 	 14.312 	 245.095
FHW13166	85.750 	 14.131 	 246.801
FHW13166	85.875 	 14.313 	 245.095
FHW13166	86.000 	 14.020 	 246.801
FHW13166	86.125 	 14.312 	 245.096
FHW13166	86.250 	 14.131 	 246.801
FHW13166	86.375 	 14.313 	 245.095
FHW13166	86.500 	 14.540 	 247.520
FHW13166	86.625 	 14.312 	 245.095
FHW13166	86.750 	 14.020 	 246.802
FHW13166	86.875 	 14.313 	 245.095
FHW13166	87.000 	 14.131 	 246.801
FHW13166	87.125 	 14.312 	 245.095
FHW13166	87.250 	 14.132 	 246.801
FHW13166	87.375 	 14.312 	 245.096
FHW13166	87.500 	 14.312 	 245.095
FHW13166	87.625 	 14.020 	 246.801
FHW13166	87.750 	 14.313 	 245.095
FHW13166	87.875 	 14.131 	 246.801
FHW13166	88.000 	 14.312 	 245.095
FHW13166	88.125 	 14.132 	 246.802
FHW13166	88.250 	 14.312 	 245.095
FHW13166	88.375 	 14.131 	 246.801
FHW13166	88.500 	 14.601 	 245.854
FHW13166	88.625 	 14.132 	 246.802
FHW13166	88.750 	 14.312 	 245.095
FHW13166	88.875 	 14.131 	 246.801
FHW13166	89.000 	 14.312 	 245.095
FHW13166	89.125 	 14.132 	 246.801
FHW13166	89.250 	 15.302 	 244.983
FHW13166	89.375 	 17.325 	 242.745
FHW13166	89.500 	 16.995 	 244.134
FHW13166	89.625 	 17.128 	 244.134
FHW13166	89.750 	 16.995 	 244.134
FHW13166	89.875 	 17.128 	 244.134
FHW13166	90.000 	 17.715 	 243.435
FHW13166	90.125 	 16.995 	 244.134
FHW13166	90.250 	 17.128 	 244.134
FHW13166	90.375 	 16.995 	 244.134
FHW13166	90.500 	 17.325 	 242.745
FHW13166	90.625 	 17.129 	 244.134
FHW13166	90.750 	 16.994 	 244.134
FHW13166	90.875 	 17.128 	 244.134
FHW13166	91.000 	 17.388 	 244.799
FHW13166	91.125 	 17.325 	 242.745
FHW13166	91.250 	 16.994 	 244.134
FHW13166	91.375 	 17.129 	 244.134
FHW13166	91.500 	 17.128 	 244.134
FHW13166	91.625 	 17.190 	 242.745
FHW13166	91.750 	 17.128 	 244.134
FHW13166	91.875 	 16.994 	 244.134
FHW13166	92.000 	 17.129 	 244.134
FHW13166	92.125 	 17.387 	 244.799
FHW13166	92.250 	 17.326 	 242.744
FHW13166	92.375 	 17.128 	 244.134
FHW13166	92.500 	 16.994 	 244.134
FHW13166	92.625 	 17.129 	 244.134
FHW13166	92.750 	 17.189 	 242.745
FHW13166	92.875 	 17.129 	 244.134
FHW13166	93.000 	 17.128 	 244.134
FHW13166	93.125 	 16.995 	 244.134
FHW13166	93.250 	 17.524 	 244.799
FHW13166	93.375 	 17.189 	 242.745
FHW13166	93.500 	 17.129 	 244.134
FHW13166	93.625 	 16.994 	 244.134
FHW13166	93.750 	 17.129 	 244.134
FHW13166	93.875 	 17.325 	 242.744
FHW13166	94.000 	 16.994 	 244.134
FHW13166	94.125 	 17.129 	 244.134
FHW13166	94.250 	 17.387 	 244.799
FHW13166	94.375 	 17.129 	 244.134
FHW13166	94.500 	 17.189 	 242.745
FHW13166	94.625 	 17.128 	 244.134
FHW13166	94.750 	 17.129 	 244.134
FHW13166	94.875 	 16.994 	 244.134
FHW13166	95.000 	 17.326 	 242.745
FHW13166	95.125 	 16.994 	 244.134
FHW13166	95.250 	 17.128 	 244.134
FHW13166	95.375 	 17.525 	 244.799
FHW13166	95.500 	 16.994 	 244.134
FHW13166	95.625 	 17.326 	 242.744
FHW13166	95.750 	 16.994 	 244.134
FHW13166	95.875 	 17.128 	 244.134
FHW13166	96.000 	 16.995 	 244.134
FHW13166	96.125 	 17.325 	 242.745
FHW13166	96.250 	 17.129 	 244.134
FHW13166	96.375 	 16.994 	 244.134
FHW13166	96.500 	 17.524 	 244.799
FHW13166	96.625 	 17.190 	 242.745
FHW13166	96.750 	 17.128 	 244.134
FHW13166	96.875 	 16.995 	 244.134
FHW13166	97.000 	 17.128 	 244.134
FHW13166	97.125 	 17.128 	 244.134
FHW13166	97.250 	 17.190 	 242.745
FHW13166	97.375 	 17.128 	 244.134
FHW13166	97.500 	 17.388 	 244.799
FHW13166	97.625 	 17.128 	 244.134
FHW13166	97.750 	 17.325 	 242.745
FHW13166	97.875 	 16.995 	 244.134
FHW13166	98.000 	 17.128 	 244.134
FHW13166	98.125 	 16.995 	 244.134
FHW13166	98.250 	 17.128 	 244.134
FHW13166	98.375 	 17.189 	 242.745
FHW13166	98.500 	 19.768 	 244.654
FHW13166	98.625 	 19.800 	 243.435
FHW13166	98.750 	 20.345 	 244.026
FHW13166	98.875 	 19.613 	 244.654
FHW13166	99.000 	 20.343 	 244.026
FHW13166	99.125 	 19.958 	 243.435
FHW13166	99.250 	 20.185 	 244.026
FHW13166	99.375 	 20.160 	 245.225
FHW13166	99.500 	 19.801 	 243.435
FHW13166	99.625 	 20.344 	 244.025
FHW13166	99.750 	 19.956 	 243.435
FHW13166	99.875 	 20.186 	 244.026
FHW13166	100.000 	 19.767 	 244.654
FHW13166	100.125 	 20.186 	 244.025
FHW13166	100.250 	 19.958 	 243.435
FHW13166	100.375 	 20.344 	 244.026
FHW13166	100.500 	 19.801 	 243.434
FHW13166	100.625 	 20.159 	 245.225
FHW13166	100.750 	 20.186 	 244.026
FHW13166	100.875 	 19.956 	 243.435
FHW13166	101.000 	 20.345 	 244.026
FHW13166	101.125 	 19.801 	 243.435
FHW13166	101.250 	 20.160 	 245.224
FHW13166	101.375 	 19.801 	 243.435
FHW13166	101.500 	 20.344 	 244.025
FHW13166	101.625 	 19.958 	 243.435
FHW13166	101.750 	 20.185 	 244.026
FHW13166	101.875 	 19.768 	 244.654
FHW13166	102.000 	 20.185 	 244.025
FHW13166	102.125 	 19.958 	 243.435
FHW13166	102.250 	 20.343 	 244.025
FHW13166	102.375 	 20.186 	 244.026
FHW13166	102.500 	 19.767 	 244.654
FHW13166	102.625 	 20.186 	 244.025
FHW13166	102.750 	 19.958 	 243.436
FHW13166	102.875 	 20.344 	 244.026
FHW13166	103.000 	 19.802 	 243.435
FHW13166	103.125 	 20.159 	 245.224
FHW13166	103.250 	 19.802 	 243.435
FHW13166	103.375 	 20.343 	 244.025
FHW13166	103.500 	 19.958 	 243.435
FHW13166	103.625 	 20.185 	 244.026
FHW13166	103.750 	 20.160 	 245.225
FHW13166	103.875 	 19.801 	 243.435
FHW13166	104.000 	 20.344 	 244.025
FHW13166	104.125 	 19.958 	 243.435
FHW13166	104.250 	 20.185 	 244.026
FHW13166	104.375 	 19.768 	 244.654
FHW13166	104.500 	 20.185 	 244.026
FHW13166	104.625 	 19.958 	 243.435
FHW13166	104.750 	 20.344 	 244.026
FHW13166	104.875 	 19.801 	 243.434
FHW13166	105.000 	 20.159 	 245.225
FHW13166	105.125 	 19.802 	 243.435
FHW13166	105.250 	 20.343 	 244.025
FHW13166	105.375 	 20.345 	 244.026
FHW13166	105.500 	 19.802 	 243.435
FHW13166	105.625 	 20.159 	 245.224
FHW13166	105.750 	 19.802 	 243.435
FHW13166	105.875 	 20.343 	 244.025
FHW13166	106.000 	 19.958 	 243.435
FHW13166	106.125 	 20.185 	 244.026
FHW13166	106.250 	 19.768 	 244.654
FHW13166	106.375 	 20.185 	 244.025
FHW13166	106.500 	 19.958 	 243.435
FHW13166	106.625 	 20.343 	 244.025
FHW13166	106.750 	 20.186 	 244.026
FHW13166	106.875 	 19.768 	 244.654
FHW13166	107.000 	 20.185 	 244.025
FHW13166	107.125 	 19.958 	 243.436
FHW13166	107.250 	 20.185 	 244.026
FHW13166	107.375 	 19.958 	 243.435
FHW13166	107.500 	 20.159 	 245.224
FHW13166	107.625 	 20.344 	 244.025
FHW13166	107.750 	 22.982 	 243.435
FHW13166	107.875 	 22.592 	 243.971
FHW13166	108.000 	 22.975 	 244.486
FHW13166	108.125 	 22.783 	 242.905
FHW13166	108.250 	 22.973 	 244.486
FHW13166	108.375 	 22.975 	 244.486
FHW13166	108.500 	 22.418 	 243.970
FHW13166	108.625 	 23.160 	 243.435
FHW13166	108.750 	 22.974 	 244.487
FHW13166	108.875 	 22.594 	 243.971
FHW13166	109.000 	 23.160 	 243.434
FHW13166	109.125 	 22.417 	 243.971
FHW13166	109.250 	 22.975 	 244.486
FHW13166	109.375 	 22.975 	 244.486
FHW13166	109.500 	 22.782 	 242.904
FHW13166	109.625 	 22.975 	 244.487
FHW13166	109.750 	 22.975 	 244.486
FHW13166	109.875 	 22.418 	 243.971
FHW13166	110.000 	 23.159 	 243.435
FHW13166	110.125 	 22.975 	 244.486
FHW13166	110.250 	 22.594 	 243.971
FHW13166	110.375 	 23.159 	 243.435
FHW13166	110.500 	 22.594 	 243.971
FHW13166	110.625 	 22.798 	 244.486
FHW13166	110.750 	 22.975 	 244.486
FHW13166	110.875 	 22.782 	 242.905
FHW13166	111.000 	 22.975 	 244.486
FHW13166	111.125 	 22.975 	 244.486
FHW13166	111.250 	 22.606 	 242.904
FHW13166	111.375 	 22.975 	 244.486
FHW13166	111.500 	 22.594 	 243.971
FHW13166	111.625 	 22.974 	 244.487
FHW13166	111.750 	 23.160 	 243.434
FHW13166	111.875 	 22.594 	 243.971
FHW13166	112.000 	 22.797 	 244.486
FHW13166	112.125 	 23.159 	 243.435
FHW13166	112.250 	 22.594 	 243.970
FHW13166	112.375 	 22.975 	 244.486
FHW13166	112.500 	 22.974 	 244.487
FHW13166	112.625 	 22.783 	 242.905
FHW13166	112.750 	 22.797 	 244.486
FHW13166	112.875 	 22.594 	 243.971
FHW13166	113.000 	 23.159 	 243.435
FHW13166	113.125 	 22.975 	 244.486
FHW13166	113.250 	 22.594 	 243.971
FHW13166	113.375 	 22.974 	 244.486
FHW13166	113.500 	 22.982 	 243.435
FHW13166	113.625 	 22.594 	 243.971
FHW13166	113.750 	 22.975 	 244.486
FHW13166	113.875 	 22.592 	 243.970
FHW13166	114.000 	 23.160 	 243.435
FHW13166	114.125 	 22.797 	 244.486
FHW13166	114.250 	 22.592 	 243.971
FHW13166	114.375 	 23.160 	 243.435
FHW13166	114.500 	 22.975 	 244.486
FHW13166	114.625 	 22.592 	 243.971
FHW13166	114.750 	 22.975 	 244.486
FHW13166	114.875 	 22.981 	 243.434
FHW13166	115.000 	 22.594 	 243.971
FHW13166	115.125 	 22.973 	 244.486
FHW13166	115.250 	 22.783 	 242.905
FHW13166	115.375 	 22.975 	 244.486
FHW13166	115.500 	 22.973 	 244.486
FHW13166	115.625 	 22.418 	 243.971
FHW13166	115.750 	 23.160 	 243.435
FHW13166	115.875 	 22.975 	 244.486
FHW13166	116.000 	 22.592 	 243.970
FHW13166	116.125 	 23.160 	 243.435
FHW13166	116.250 	 22.418 	 243.971
FHW13166	116.375 	 22.974 	 244.487
FHW13166	116.500 	 22.975 	 244.486
FHW13166	116.625 	 22.783 	 242.905
FHW13166	116.750 	 22.975 	 244.486
FHW13166	116.875 	 25.221 	 244.398
FHW13166	117.000 	 25.774 	 243.905
FHW13166	117.125 	 26.345 	 244.359
FHW13166	117.250 	 25.974 	 243.904
FHW13166	117.375 	 26.344 	 244.359
FHW13166	117.500 	 26.345 	 244.359
FHW13166	117.625 	 25.973 	 243.905
FHW13166	117.750 	 26.143 	 244.359
FHW13166	117.875 	 25.974 	 243.904
FHW13166	118.000 	 26.344 	 244.359
FHW13166	118.125 	 26.344 	 244.358
FHW13166	118.250 	 25.974 	 243.905
FHW13166	118.375 	 26.141 	 244.359
FHW13166	118.500 	 25.974 	 243.905
FHW13166	118.625 	 26.344 	 244.358
FHW13166	118.750 	 26.344 	 244.359
FHW13166	118.875 	 25.974 	 243.904
FHW13166	119.000 	 26.345 	 244.359
FHW13166	119.125 	 25.774 	 243.905
FHW13166	119.250 	 26.345 	 244.359
FHW13166	119.375 	 25.794 	 244.855
FHW13166	119.500 	 26.345 	 244.359
FHW13166	119.625 	 26.345 	 244.359
FHW13166	119.750 	 25.774 	 243.905
FHW13166	119.875 	 26.343 	 244.359
FHW13166	120.000 	 25.974 	 243.904
FHW13166	120.125 	 26.344 	 244.359
FHW13166	120.250 	 26.345 	 244.359
FHW13166	120.375 	 25.774 	 243.904
FHW13166	120.500 	 26.344 	 244.359
FHW13166	120.625 	 25.974 	 243.904
FHW13166	120.750 	 26.345 	 244.359
FHW13166	120.875 	 26.344 	 244.359
FHW13166	121.000 	 25.974 	 243.904
FHW13166	121.125 	 26.143 	 244.359
FHW13166	121.250 	 25.974 	 243.904
FHW13166	121.375 	 26.344 	 244.358
FHW13166	121.500 	 25.974 	 243.906
FHW13166	121.625 	 26.343 	 244.358
FHW13166	121.750 	 26.142 	 244.358
FHW13166	121.875 	 25.973 	 243.905
FHW13166	122.000 	 26.345 	 244.359
FHW13166	122.125 	 25.974 	 243.904
FHW13166	122.250 	 26.344 	 244.359
FHW13166	122.375 	 26.345 	 244.359
FHW13166	122.500 	 25.774 	 243.904
FHW13166	122.625 	 26.344 	 244.359
FHW13166	122.750 	 25.974 	 243.904
FHW13166	122.875 	 26.345 	 244.359
FHW13166	123.000 	 26.344 	 244.359
FHW13166	123.125 	 25.772 	 243.904
FHW13166	123.250 	 26.345 	 244.360
FHW13166	123.375 	 25.974 	 243.904
FHW13166	123.500 	 26.344 	 244.358
FHW13166	123.625 	 25.973 	 243.905
FHW13166	123.750 	 26.143 	 244.359
FHW13166	123.875 	 26.169 	 245.297
FHW13166	124.000 	 25.973 	 243.905
FHW13166	124.125 	 26.345 	 244.359
FHW13166	124.250 	 25.974 	 243.904
FHW13166	124.375 	 26.344 	 244.358
FHW13166	124.500 	 26.143 	 244.360
FHW13166	124.625 	 25.974 	 243.904
FHW13166	124.750 	 26.343 	 244.358
FHW13166	124.875 	 25.974 	 243.904
FHW13166	125.000 	 26.345 	 244.359
FHW13166	125.125 	 26.142 	 244.358
FHW13166	125.250 	 25.973 	 243.905
FHW13166	125.375 	 26.344 	 244.358
FHW13166	125.500 	 25.974 	 243.905
FHW13166	125.625 	 26.344 	 244.358
FHW13166	125.750 	 25.974 	 243.904
FHW13166	125.875 	 26.142 	 244.359
FHW13166	126.000 	 29.756 	 245.096
FHW13166	126.125 	 29.955 	 246.317
FHW13166	126.250 	 29.888 	 245.480
FHW13166	126.375 	 30.480 	 245.855
FHW13166	126.500 	 29.955 	 246.319
FHW13166	126.625 	 30.117 	 245.480
FHW13166	126.750 	 30.117 	 245.480
FHW13166	126.875 	 30.118 	 245.481
FHW13166	127.000 	 29.956 	 246.317
FHW13166	127.125 	 29.889 	 245.482
FHW13166	127.250 	 30.117 	 245.480
FHW13166	127.375 	 30.117 	 245.480
FHW13166	127.500 	 30.321 	 246.682
FHW13166	127.625 	 30.118 	 245.481
FHW13166	127.750 	 30.117 	 245.480
FHW13166	127.875 	 29.955 	 246.318
FHW13166	128.000 	 29.889 	 245.481
FHW13166	128.125 	 30.119 	 245.480
FHW13166	128.250 	 30.118 	 245.481
FHW13166	128.375 	 29.955 	 246.317
FHW13166	128.500 	 30.118 	 245.481
FHW13166	128.625 	 30.477 	 245.855
FHW13166	128.750 	 30.119 	 245.481
FHW13166	128.875 	 29.727 	 246.317
FHW13166	129.000 	 30.117 	 245.480
FHW13166	129.125 	 30.118 	 245.481
FHW13166	129.250 	 29.956 	 246.318
FHW13166	129.375 	 30.118 	 245.481
FHW13166	129.500 	 30.117 	 245.480
FHW13166	129.625 	 30.118 	 245.481
FHW13166	129.750 	 30.089 	 246.681
FHW13166	129.875 	 30.119 	 245.481
FHW13166	130.000 	 30.117 	 245.481
FHW13166	130.125 	 29.955 	 246.318
FHW13166	130.250 	 30.117 	 245.480
FHW13166	130.375 	 30.117 	 245.480
FHW13166	130.500 	 30.119 	 245.481
FHW13166	130.625 	 29.727 	 246.318
FHW13166	130.750 	 30.118 	 245.481
FHW13166	130.875 	 30.477 	 245.854
FHW13166	131.000 	 30.119 	 245.481
FHW13166	131.125 	 29.955 	 246.317
FHW13166	131.250 	 30.118 	 245.481
FHW13166	131.375 	 30.117 	 245.481
FHW13166	131.500 	 29.727 	 246.317
FHW13166	131.625 	 30.119 	 245.481
FHW13166	131.750 	 30.117 	 245.480
FHW13166	131.875 	 30.118 	 245.481
FHW13166	132.000 	 29.955 	 246.318
FHW13166	132.125 	 30.480 	 245.855
FHW13166	132.250 	 30.117 	 245.480
FHW13166	132.375 	 29.887 	 245.481
FHW13166	132.500 	 29.958 	 246.317
FHW13166	132.625 	 30.117 	 245.480
FHW13166	132.750 	 30.118 	 245.481
FHW13166	132.875 	 29.955 	 246.318
FHW13166	133.000 	 30.118 	 245.481
FHW13166	133.125 	 30.117 	 245.480
FHW13166	133.250 	 30.249 	 245.855
FHW13166	133.375 	 29.955 	 246.318
FHW13166	133.500 	 30.118 	 245.481
FHW13166	133.625 	 30.117 	 245.480
FHW13166	133.750 	 30.117 	 245.480
FHW13166	133.875 	 29.955 	 246.318
FHW13166	134.000 	 30.117 	 245.480
FHW13166	134.125 	 29.891 	 245.481
FHW13166	134.250 	 29.955 	 246.318
FHW13166	134.375 	 30.478 	 245.855
FHW13166	134.500 	 30.117 	 245.480
FHW13166	134.625 	 30.118 	 245.481
FHW13166	134.750 	 29.955 	 246.318
FHW13166	134.875 	 30.120 	 245.480
FHW13166	135.000 	 32.780 	 246.467
FHW13166	135.125 	 32.988 	 247.574
FHW13166	135.250 	 33.137 	 246.802
FHW13166	135.375 	 33.386 	 246.801
FHW13166	135.500 	 33.137 	 246.802
FHW13166	135.625 	 33.237 	 247.574
FHW13166	135.750 	 33.137 	 246.801
FHW13166	135.875 	 33.133 	 246.802
FHW13166	136.000 	 33.390 	 246.801
FHW13166	136.125 	 32.985 	 247.575
FHW13166	136.250 	 33.390 	 246.801
FHW13166	136.375 	 33.133 	 246.802
FHW13166	136.500 	 33.137 	 246.801
FHW13166	136.625 	 33.237 	 247.574
FHW13166	136.750 	 33.137 	 246.802
FHW13166	136.875 	 33.386 	 246.801
FHW13166	137.000 	 33.137 	 246.802
FHW13166	137.125 	 33.237 	 247.574
FHW13166	137.250 	 33.137 	 246.801
FHW13166	137.375 	 33.137 	 246.802
FHW13166	137.500 	 33.386 	 246.801
FHW13166	137.625 	 32.988 	 247.574
FHW13166	137.750 	 33.386 	 246.802
FHW13166	137.875 	 33.137 	 246.802
FHW13166	138.000 	 32.984 	 247.574
FHW13166	138.125 	 33.390 	 246.801
FHW13166	138.250 	 33.133 	 246.802
FHW13166	138.375 	 33.390 	 246.801
FHW13166	138.500 	 32.984 	 247.574
FHW13166	138.625 	 33.137 	 246.802
FHW13166	138.750 	 33.387 	 246.802
FHW13166	138.875 	 33.137 	 246.802
FHW13166	139.000 	 33.237 	 247.574
FHW13166	139.125 	 33.137 	 246.801
FHW13166	139.250 	 33.386 	 246.802
FHW13166	139.375 	 33.137 	 246.801
FHW13166	139.500 	 32.989 	 247.575
FHW13166	139.625 	 33.386 	 246.802
FHW13166	139.750 	 33.137 	 246.801
FHW13166	139.875 	 33.386 	 246.801
FHW13166	140.000 	 32.988 	 247.574
FHW13166	140.125 	 33.133 	 246.802
FHW13166	140.250 	 33.390 	 246.801
FHW13166	140.375 	 33.133 	 246.802
FHW13166	140.500 	 33.241 	 247.574
FHW13166	140.625 	 33.133 	 246.801
FHW13166	140.750 	 33.137 	 246.802
FHW13166	140.875 	 33.386 	 246.801
FHW13166	141.000 	 32.988 	 247.574
FHW13166	141.125 	 33.386 	 246.802
FHW13166	141.250 	 33.137 	 246.802
FHW13166	141.375 	 33.137 	 246.802
FHW13166	141.500 	 33.237 	 247.574
FHW13166	141.625 	 33.137 	 246.801
FHW13166	141.750 	 33.386 	 246.801
FHW13166	141.875 	 32.988 	 247.575
FHW13166	142.000 	 33.386 	 246.801
FHW13166	142.125 	 33.137 	 246.802
FHW13166	142.250 	 33.133 	 246.802
FHW13166	142.375 	 33.241 	 247.574
FHW13166	142.500 	 33.133 	 246.801
FHW13166	142.625 	 33.390 	 246.802
FHW13166	142.750 	 33.133 	 246.801
FHW13166	142.875 	 32.988 	 247.574
FHW13166	143.000 	 33.387 	 246.802
FHW13166	143.125 	 33.137 	 246.801
FHW13166	143.250 	 33.386 	 246.802
FHW13166	143.375 	 32.988 	 247.574
FHW13166	143.500 	 33.137 	 246.801
FHW13166	143.625 	 33.386 	 246.802
FHW13166	143.750 	 33.137 	 246.801
FHW13166	143.875 	 33.238 	 247.575
FHW13166	144.000 	 33.137 	 246.801
FHW13166	144.125 	 35.789 	 247.620
FHW13166	144.250 	 35.573 	 248.052
FHW13166	144.375 	 36.059 	 247.620
FHW13166	144.500 	 35.651 	 248.344
FHW13166	144.625 	 36.059 	 247.620
FHW13166	144.750 	 35.574 	 248.051
FHW13166	144.875 	 35.789 	 247.620
FHW13166	145.000 	 35.920 	 248.345
FHW13166	145.125 	 35.446 	 247.319
FHW13166	145.250 	 35.920 	 248.344
FHW13166	145.375 	 36.059 	 247.620
FHW13166	145.500 	 35.651 	 248.344
FHW13166	145.625 	 35.715 	 247.319
FHW13166	145.750 	 35.655 	 248.345
FHW13166	145.875 	 36.055 	 247.620
FHW13166	146.000 	 35.574 	 248.051
FHW13166	146.125 	 35.793 	 247.620
FHW13166	146.250 	 35.916 	 248.344
FHW13166	146.375 	 36.059 	 247.620
FHW13166	146.500 	 35.309 	 248.052
FHW13166	146.625 	 36.059 	 247.620
FHW13166	146.750 	 35.651 	 248.344
FHW13166	146.875 	 36.059 	 247.620
FHW13166	147.000 	 35.574 	 248.051
FHW13166	147.125 	 35.789 	 247.620
FHW13166	147.250 	 35.920 	 248.345
FHW13166	147.375 	 35.446 	 247.319
FHW13166	147.500 	 35.920 	 248.345
FHW13166	147.625 	 36.059 	 247.620
FHW13166	147.750 	 35.651 	 248.344
FHW13166	147.875 	 35.715 	 247.319
FHW13166	148.000 	 35.920 	 248.345
FHW13166	148.125 	 35.789 	 247.619
FHW13166	148.250 	 35.573 	 248.052
FHW13166	148.375 	 35.789 	 247.620
FHW13166	148.500 	 35.920 	 248.344
FHW13166	148.625 	 36.059 	 247.620
FHW13166	148.750 	 35.305 	 248.052
FHW13166	148.875 	 36.059 	 247.619
FHW13166	149.000 	 35.655 	 248.345
FHW13166	149.125 	 36.059 	 247.620
FHW13166	149.250 	 35.570 	 248.051
FHW13166	149.375 	 35.793 	 247.620
FHW13166	149.500 	 35.920 	 248.344
FHW13166	149.625 	 35.711 	 247.319
FHW13166	149.750 	 35.655 	 248.345
FHW13166	149.875 	 36.059 	 247.620
FHW13166	150.000 	 35.651 	 248.344
FHW13166	150.125 	 35.715 	 247.319
FHW13166	150.250 	 35.920 	 248.344
FHW13166	150.375 	 35.789 	 247.620
FHW13166	150.500 	 35.573 	 248.052
FHW13166	150.625 	 36.059 	 247.620
FHW13166	150.750 	 35.651 	 248.344
FHW13166	150.875 	 36.059 	 247.620
FHW13166	151.000 	 35.305 	 248.051
FHW13166	151.125 	 35.920 	 248.344
FHW13166	151.250 	 36.060 	 247.620
FHW13166	151.375 	 35.651 	 248.344
FHW13166	151.500 	 35.715 	 247.319
FHW13166	151.625 	 35.654 	 248.343
FHW13166	151.750 	 36.055 	 247.620
FHW13166	151.875 	 35.573 	 248.052
FHW13166	152.000 	 35.794 	 247.620
FHW13166	152.125 	 35.916 	 248.343
FHW13166	152.250 	 36.060 	 247.620
FHW13166	152.375 	 35.308 	 248.051
FHW13166	152.500 	 36.060 	 247.620
FHW13166	152.625 	 35.651 	 248.345
FHW13166	152.750 	 36.811 	 247.203
FHW13166	152.875 	 39.624 	 248.600
FHW13166	153.000 	 39.000 	 248.334
FHW13166	153.125 	 39.461 	 247.931
FHW13166	153.250 	 39.288 	 248.334
FHW13166	153.375 	 39.330 	 248.600
FHW13166	153.500 	 39.000 	 248.334
FHW13166	153.625 	 39.461 	 247.933
FHW13166	153.750 	 39.293 	 248.334
FHW13166	153.875 	 39.330 	 248.600
FHW13166	154.000 	 39.134 	 247.659
FHW13166	154.125 	 39.331 	 248.601
FHW13166	154.250 	 39.288 	 248.333
FHW13166	154.375 	 39.461 	 247.933
FHW13166	154.500 	 38.999 	 248.333
FHW13166	154.625 	 39.331 	 248.600
FHW13166	154.750 	 39.427 	 247.660
FHW13166	154.875 	 39.330 	 248.599
FHW13166	155.000 	 39.001 	 248.335
FHW13166	155.125 	 39.460 	 247.931
FHW13166	155.250 	 39.293 	 248.335
FHW13166	155.375 	 39.331 	 248.600
FHW13166	155.500 	 39.133 	 247.659
FHW13166	155.625 	 39.331 	 248.600
FHW13166	155.750 	 39.288 	 248.333
FHW13166	155.875 	 39.461 	 247.933
FHW13166	156.000 	 38.999 	 248.333
FHW13166	156.125 	 39.624 	 248.600
FHW13166	156.250 	 39.134 	 247.660
FHW13166	156.375 	 39.330 	 248.599
FHW13166	156.500 	 39.001 	 248.335
FHW13166	156.625 	 39.619 	 248.599
FHW13166	156.750 	 39.134 	 247.660
FHW13166	156.875 	 39.331 	 248.600
FHW13166	157.000 	 38.999 	 248.333
FHW13166	157.125 	 39.427 	 247.660
FHW13166	157.250 	 39.330 	 248.599
FHW13166	157.375 	 39.001 	 248.335
FHW13166	157.500 	 39.460 	 247.931
FHW13166	157.625 	 39.289 	 248.335
FHW13166	157.750 	 39.331 	 248.600
FHW13166	157.875 	 39.133 	 247.659
FHW13166	158.000 	 39.331 	 248.600
FHW13166	158.125 	 39.292 	 248.333
FHW13166	158.250 	 39.461 	 247.933
FHW13166	158.375 	 38.999 	 248.333
FHW13166	158.500 	 39.624 	 248.601
FHW13166	158.625 	 39.134 	 247.659
FHW13166	158.750 	 39.329 	 248.600
FHW13166	158.875 	 39.001 	 248.334
FHW13166	159.000 	 39.749 	 247.932
FHW13166	159.125 	 39.001 	 248.334
FHW13166	159.250 	 39.331 	 248.600
FHW13166	159.375 	 39.133 	 247.659
FHW13166	159.500 	 39.624 	 248.600
FHW13166	159.625 	 38.999 	 248.334
FHW13166	159.750 	 39.331 	 248.600
FHW13166	159.875 	 39.133 	 247.659
FHW13166	160.000 	 39.620 	 248.600
FHW13166	160.125 	 39.001 	 248.334
FHW13166	160.250 	 39.460 	 247.932
FHW13166	160.375 	 39.001 	 248.334
FHW13166	160.500 	 39.623 	 248.599
FHW13166	160.625 	 39.134 	 247.660
FHW13166	160.750 	 39.331 	 248.600
FHW13166	160.875 	 38.999 	 248.334
FHW13166	161.000 	 39.751 	 247.932
FHW13166	161.125 	 38.999 	 248.334
FHW13166	161.250 	 39.331 	 248.601
FHW13166	161.375 	 39.426 	 247.658
FHW13166	161.500 	 39.331 	 248.601
FHW13166	161.625 	 39.001 	 248.334
FHW13166	161.750 	 39.460 	 247.932
FHW13166	161.875 	 39.294 	 248.334
FHW13166	162.000 	 42.686 	 248.574
FHW13166	162.125 	 43.435 	 248.199
FHW13166	162.250 	 43.439 	 248.198
FHW13166	162.375 	 43.439 	 247.950
FHW13166	162.500 	 43.439 	 248.197
FHW13166	162.625 	 43.314 	 248.819
FHW13166	162.750 	 43.125 	 247.949
FHW13166	162.875 	 43.434 	 248.198
FHW13166	163.000 	 43.440 	 248.199
FHW13166	163.125 	 43.749 	 248.199
FHW13166	163.250 	 43.005 	 248.574
FHW13166	163.375 	 43.434 	 248.197
FHW13166	163.500 	 43.435 	 248.199
FHW13166	163.625 	 43.434 	 248.198
FHW13166	163.750 	 43.126 	 247.950
FHW13166	163.875 	 43.753 	 248.198
FHW13166	164.000 	 43.314 	 248.819
FHW13166	164.125 	 43.130 	 247.948
FHW13166	164.250 	 43.435 	 248.199
FHW13166	164.375 	 43.434 	 248.198
FHW13166	164.500 	 43.435 	 248.199
FHW13166	164.625 	 43.319 	 248.574
FHW13166	164.750 	 43.435 	 248.199
FHW13166	164.875 	 43.439 	 248.197
FHW13166	165.000 	 43.126 	 247.950
FHW13166	165.125 	 43.434 	 248.198
FHW13166	165.250 	 43.314 	 248.819
FHW13166	165.375 	 43.753 	 248.198
FHW13166	165.500 	 43.126 	 247.950
FHW13166	165.625 	 43.434 	 248.197
FHW13166	165.750 	 43.440 	 248.199
FHW13166	165.875 	 43.312 	 248.818
FHW13166	166.000 	 43.125 	 247.949
FHW13166	166.125 	 43.754 	 248.199
FHW13166	166.250 	 43.435 	 248.199
FHW13166	166.375 	 43.125 	 247.948
FHW13166	166.500 	 43.317 	 248.819
FHW13166	166.625 	 43.436 	 248.198
FHW13166	166.750 	 43.434 	 248.198
FHW13166	166.875 	 43.444 	 247.950
FHW13166	167.000 	 43.434 	 248.198
FHW13166	167.125 	 43.314 	 248.819
FHW13166	167.250 	 43.125 	 247.949
FHW13166	167.375 	 43.440 	 248.198
FHW13166	167.500 	 43.434 	 248.198
FHW13166	167.625 	 43.754 	 248.199
FHW13166	167.750 	 43.125 	 247.949
FHW13166	167.875 	 43.314 	 248.819
FHW13166	168.000 	 43.434 	 248.198
FHW13166	168.125 	 43.436 	 248.198
FHW13166	168.250 	 43.130 	 247.949
FHW13166	168.375 	 43.749 	 248.199
FHW13166	168.500 	 43.317 	 248.818
FHW13166	168.625 	 43.126 	 247.950
FHW13166	168.750 	 43.434 	 248.197
FHW13166	168.875 	 43.435 	 248.199
FHW13166	169.000 	 43.439 	 248.198
FHW13166	169.125 	 43.314 	 248.574
FHW13166	169.250 	 43.440 	 248.199
FHW13166	169.375 	 43.435 	 248.199
FHW13166	169.500 	 43.434 	 248.197
FHW13166	169.625 	 43.125 	 247.949
FHW13166	169.750 	 43.314 	 248.819
FHW13166	169.875 	 43.753 	 248.198
FHW13166	170.000 	 43.126 	 247.950
FHW13166	170.125 	 43.439 	 248.198
FHW13166	170.250 	 43.436 	 248.198
FHW13166	170.375 	 43.312 	 248.819
FHW13166	170.500 	 43.126 	 247.949
FHW13166	170.625 	 43.753 	 248.198
FHW13166	170.750 	 43.435 	 248.199
FHW13166	170.875 	 43.130 	 247.949
FHW13166	171.000 	 43.314 	 248.819
FHW13166	171.125 	 46.048 	 248.552
FHW13166	171.250 	 47.462 	 248.198
FHW13166	171.375 	 47.415 	 248.429
FHW13166	171.500 	 47.751 	 248.429
FHW13166	171.625 	 47.298 	 249.006
FHW13166	171.750 	 47.462 	 248.199
FHW13166	171.875 	 47.411 	 248.429
FHW13166	172.000 	 47.638 	 249.006
FHW13166	172.125 	 47.751 	 248.429
FHW13166	172.250 	 47.126 	 248.199
FHW13166	172.375 	 47.638 	 249.006
FHW13166	172.500 	 47.411 	 248.429
FHW13166	172.625 	 47.750 	 248.429
FHW13166	172.750 	 47.012 	 248.781
FHW13166	172.875 	 47.751 	 248.429
FHW13166	173.000 	 47.410 	 248.429
FHW13166	173.125 	 47.347 	 248.781
FHW13166	173.250 	 47.411 	 248.429
FHW13166	173.375 	 47.750 	 248.428
FHW13166	173.500 	 47.415 	 248.429
FHW13166	173.625 	 47.348 	 248.782
FHW13166	173.750 	 47.410 	 248.428
FHW13166	173.875 	 47.750 	 248.429
FHW13166	174.000 	 47.639 	 249.007
FHW13166	174.125 	 47.127 	 248.198
FHW13166	174.250 	 47.750 	 248.428
FHW13166	174.375 	 47.298 	 249.008
FHW13166	174.500 	 47.750 	 248.428
FHW13166	174.625 	 47.127 	 248.198
FHW13166	174.750 	 47.633 	 249.008
FHW13166	174.875 	 47.415 	 248.428
FHW13166	175.000 	 47.462 	 248.198
FHW13166	175.125 	 47.298 	 249.008
FHW13166	175.250 	 47.750 	 248.428
FHW13166	175.375 	 47.416 	 248.429
FHW13166	175.500 	 47.347 	 248.782
FHW13166	175.625 	 47.410 	 248.428
FHW13166	175.750 	 47.751 	 248.429
FHW13166	175.875 	 47.750 	 248.428
FHW13166	176.000 	 47.012 	 248.782
FHW13166	176.125 	 47.751 	 248.429
FHW13166	176.250 	 47.410 	 248.428
FHW13166	176.375 	 47.638 	 249.007
FHW13166	176.500 	 47.123 	 248.199
FHW13166	176.625 	 47.750 	 248.428
FHW13166	176.750 	 47.302 	 249.007
FHW13166	176.875 	 47.463 	 248.199
FHW13166	177.000 	 47.410 	 248.428
FHW13166	177.125 	 47.638 	 249.007
FHW13166	177.250 	 47.416 	 248.429
FHW13166	177.375 	 47.462 	 248.198
FHW13166	177.500 	 47.638 	 249.006
FHW13166	177.625 	 47.411 	 248.430
FHW13166	177.750 	 47.750 	 248.428
FHW13166	177.875 	 47.007 	 248.781
FHW13166	178.000 	 47.751 	 248.430
FHW13166	178.125 	 47.415 	 248.428
FHW13166	178.250 	 47.462 	 248.198
FHW13166	178.375 	 47.298 	 249.008
FHW13166	178.500 	 47.750 	 248.428
FHW13166	178.625 	 47.416 	 248.429
FHW13166	178.750 	 47.347 	 248.781
FHW13166	178.875 	 47.410 	 248.429
FHW13166	179.000 	 47.751 	 248.429
FHW13166	179.125 	 47.303 	 249.006
FHW13166	179.250 	 47.462 	 248.199
FHW13166	179.375 	 47.746 	 248.429
FHW13166	179.500 	 47.303 	 249.006
FHW13166	179.625 	 47.750 	 248.428
FHW13166	179.750 	 47.122 	 248.200
FHW13166	179.875 	 47.638 	 249.006
FHW13166	180.000 	 48.490 	 248.085
FHW13166	180.125 	 50.981 	 248.963
FHW13166	180.250 	 51.181 	 248.199
FHW13166	180.375 	 50.980 	 248.962
FHW13166	180.500 	 50.716 	 248.749
FHW13166	180.625 	 51.176 	 248.199
FHW13166	180.750 	 50.985 	 248.962
FHW13166	180.875 	 50.817 	 248.199
FHW13166	181.000 	 51.344 	 248.962
FHW13166	181.125 	 50.817 	 248.198
FHW13166	181.250 	 50.985 	 248.962
FHW13166	181.375 	 51.070 	 248.750
FHW13166	181.500 	 50.822 	 248.199
FHW13166	181.625 	 50.985 	 248.962
FHW13166	181.750 	 51.176 	 248.198
FHW13166	181.875 	 50.980 	 248.962
FHW13166	182.000 	 50.822 	 248.199
FHW13166	182.125 	 51.339 	 248.962
FHW13166	182.250 	 50.822 	 248.198
FHW13166	182.375 	 50.716 	 248.750
FHW13166	182.500 	 51.339 	 248.962
FHW13166	182.625 	 50.817 	 248.199
FHW13166	182.750 	 50.985 	 248.962
FHW13166	182.875 	 51.176 	 248.198
FHW13166	183.000 	 50.985 	 248.962
FHW13166	183.125 	 50.822 	 248.199
FHW13166	183.250 	 51.070 	 248.750
FHW13166	183.375 	 51.084 	 248.415
FHW13166	183.500 	 50.716 	 248.750
FHW13166	183.625 	 51.339 	 248.962
FHW13166	183.750 	 50.822 	 248.199
FHW13166	183.875 	 50.985 	 248.962
FHW13166	184.000 	 51.176 	 248.198
FHW13166	184.125 	 50.710 	 248.750
FHW13166	184.250 	 51.448 	 248.416
FHW13166	184.375 	 50.710 	 248.750
FHW13166	184.500 	 50.985 	 248.962
FHW13166	184.625 	 51.176 	 248.199
FHW13166	184.750 	 50.985 	 248.961
FHW13166	184.875 	 50.817 	 248.199
FHW13166	185.000 	 51.075 	 248.750
FHW13166	185.125 	 51.084 	 248.416
FHW13166	185.250 	 50.716 	 248.750
FHW13166	185.375 	 51.443 	 248.415
FHW13166	185.500 	 50.716 	 248.750
FHW13166	185.625 	 50.981 	 248.963
FHW13166	185.750 	 51.180 	 248.198
FHW13166	185.875 	 50.710 	 248.750
FHW13166	186.000 	 51.090 	 248.416
FHW13166	186.125 	 51.070 	 248.750
FHW13166	186.250 	 51.089 	 248.416
FHW13166	186.375 	 50.710 	 248.750
FHW13166	186.500 	 51.075 	 248.750
FHW13166	186.625 	 51.084 	 248.415
FHW13166	186.750 	 50.716 	 248.750
FHW13166	186.875 	 51.443 	 248.416
FHW13166	187.000 	 50.716 	 248.750
FHW13166	187.125 	 51.084 	 248.415
FHW13166	187.250 	 51.075 	 248.750
FHW13166	187.375 	 50.817 	 248.199
FHW13166	187.500 	 50.985 	 248.962
FHW13166	187.625 	 51.070 	 248.750
FHW13166	187.750 	 51.089 	 248.415
FHW13166	187.875 	 50.710 	 248.750
FHW13166	188.000 	 51.448 	 248.416
FHW13166	188.125 	 50.710 	 248.750
FHW13166	188.250 	 50.822 	 248.198
FHW13166	188.375 	 51.339 	 248.962
FHW13166	188.500 	 50.716 	 248.750
FHW13166	188.625 	 51.084 	 248.416
FHW13166	188.750 	 51.075 	 248.750
FHW13166	188.875 	 51.084 	 248.415
FHW13166	189.000 	 50.716 	 248.750
FHW13166	189.125 	 51.176 	 248.199
FHW13166	189.250 	 53.875 	 247.989
FHW13166	189.375 	 54.869 	 248.198
FHW13166	189.500 	 54.248 	 247.989
FHW13166	189.625 	 54.618 	 247.988
FHW13166	189.750 	 54.349 	 247.467
FHW13166	189.875 	 54.495 	 248.199
FHW13166	190.000 	 54.618 	 247.988
FHW13166	190.125 	 54.349 	 247.467
FHW13166	190.250 	 54.623 	 247.988
FHW13166	190.375 	 54.489 	 248.199
FHW13166	190.500 	 54.247 	 247.988
FHW13166	190.625 	 54.725 	 247.467
FHW13166	190.750 	 54.247 	 247.988
FHW13166	190.875 	 54.864 	 248.199
FHW13166	191.000 	 54.248 	 247.989
FHW13166	191.125 	 54.348 	 247.467
FHW13166	191.250 	 54.619 	 247.989
FHW13166	191.375 	 54.494 	 248.198
FHW13166	191.500 	 54.719 	 247.467
FHW13166	191.625 	 54.247 	 247.988
FHW13166	191.750 	 54.248 	 247.989
FHW13166	191.875 	 54.870 	 248.199
FHW13166	192.000 	 54.342 	 247.467
FHW13166	192.125 	 54.624 	 247.989
FHW13166	192.250 	 54.247 	 247.988
FHW13166	192.375 	 54.495 	 248.199
FHW13166	192.500 	 54.718 	 247.467
FHW13166	192.625 	 54.248 	 247.989
FHW13166	192.750 	 54.619 	 247.989
FHW13166	192.875 	 54.593 	 247.679
FHW13166	193.000 	 54.624 	 247.989
FHW13166	193.125 	 54.241 	 247.989
FHW13166	193.250 	 54.248 	 247.989
FHW13166	193.375 	 54.969 	 247.680
FHW13166	193.500 	 54.247 	 247.988
FHW13166	193.625 	 54.619 	 247.989
FHW13166	193.750 	 54.494 	 248.198
FHW13166	193.875 	 54.349 	 247.467
FHW13166	194.000 	 54.618 	 247.988
FHW13166	194.125 	 54.248 	 247.989
FHW13166	194.250 	 54.963 	 247.681
FHW13166	194.375 	 54.247 	 247.988
FHW13166	194.500 	 54.248 	 247.989
FHW13166	194.625 	 54.623 	 247.988
FHW13166	194.750 	 54.588 	 247.681
FHW13166	194.875 	 54.623 	 247.988
FHW13166	195.000 	 54.248 	 247.989
FHW13166	195.125 	 54.247 	 247.988
FHW13166	195.250 	 54.963 	 247.681
FHW13166	195.375 	 54.248 	 247.989
FHW13166	195.500 	 54.618 	 247.988
FHW13166	195.625 	 54.349 	 247.467
FHW13166	195.750 	 54.869 	 248.198
FHW13166	195.875 	 54.242 	 247.989
FHW13166	196.000 	 54.247 	 247.988
FHW13166	196.125 	 54.725 	 247.467
FHW13166	196.250 	 54.495 	 248.199
FHW13166	196.375 	 54.618 	 247.988
FHW13166	196.500 	 54.248 	 247.989
FHW13166	196.625 	 54.348 	 247.467
FHW13166	196.750 	 54.864 	 248.199
FHW13166	196.875 	 54.248 	 247.989
FHW13166	197.000 	 54.718 	 247.467
FHW13166	197.125 	 54.248 	 247.989
FHW13166	197.250 	 54.494 	 248.198
FHW13166	197.375 	 54.624 	 247.989
FHW13166	197.500 	 54.342 	 247.467
FHW13166	197.625 	 54.624 	 247.989
FHW13166	197.750 	 54.495 	 248.199
FHW13166	197.875 	 54.247 	 247.988
FHW13166	198.000 	 54.719 	 247.467
FHW13166	198.125 	 54.962 	 247.679
FHW13166	198.250 	 58.513 	 246.093
FHW13166	198.375 	 58.726 	 246.310
FHW13166	198.500 	 58.113 	 246.092
FHW13166	198.625 	 58.732 	 246.310
FHW13166	198.750 	 58.507 	 246.092
FHW13166	198.875 	 58.334 	 246.310
FHW13166	199.000 	 58.507 	 246.093
FHW13166	199.125 	 58.732 	 246.309
FHW13166	199.250 	 58.507 	 246.093
FHW13166	199.375 	 58.334 	 246.309
FHW13166	199.500 	 58.611 	 245.601
FHW13166	199.625 	 58.507 	 246.092
FHW13166	199.750 	 58.333 	 246.310
FHW13166	199.875 	 58.513 	 246.093
FHW13166	200.000 	 58.726 	 246.309
FHW13166	200.125 	 58.507 	 246.093
FHW13166	200.250 	 58.334 	 246.309
FHW13166	200.375 	 58.513 	 246.093
FHW13166	200.500 	 58.726 	 246.310
FHW13166	200.625 	 58.507 	 246.092
FHW13166	200.750 	 58.339 	 246.310
FHW13166	200.875 	 58.605 	 245.600
FHW13166	201.000 	 58.507 	 246.093
FHW13166	201.125 	 58.340 	 246.309
FHW13166	201.250 	 58.507 	 246.093
FHW13166	201.375 	 58.726 	 246.310
FHW13166	201.500 	 58.507 	 246.092
FHW13166	201.625 	 58.339 	 246.310
FHW13166	201.750 	 58.507 	 246.093
FHW13166	201.875 	 58.726 	 246.309
FHW13166	202.000 	 58.119 	 246.093
FHW13166	202.125 	 58.726 	 246.309
FHW13166	202.250 	 58.507 	 246.093
FHW13166	202.375 	 58.822 	 245.820
FHW13166	202.500 	 58.119 	 246.093
FHW13166	202.625 	 58.507 	 246.093
FHW13166	202.750 	 58.726 	 246.309
FHW13166	202.875 	 58.507 	 246.093
FHW13166	203.000 	 58.340 	 246.309
FHW13166	203.125 	 58.507 	 246.093
FHW13166	203.250 	 58.726 	 246.310
FHW13166	203.375 	 58.119 	 246.092
FHW13166	203.500 	 58.726 	 246.310
FHW13166	203.625 	 58.507 	 246.093
FHW13166	203.750 	 58.822 	 245.820
FHW13166	203.875 	 58.119 	 246.092
FHW13166	204.000 	 58.726 	 246.310
FHW13166	204.125 	 58.507 	 246.093
FHW13166	204.250 	 58.119 	 246.092
FHW13166	204.375 	 58.727 	 246.311
FHW13166	204.500 	 58.507 	 246.093
FHW13166	204.625 	 58.726 	 246.309
FHW13166	204.750 	 58.119 	 246.093
FHW13166	204.875 	 58.726 	 246.309
FHW13166	205.000 	 58.507 	 246.093
FHW13166	205.125 	 58.726 	 246.310
FHW13166	205.250 	 58.218 	 245.600
FHW13166	205.375 	 58.726 	 246.310
FHW13166	205.500 	 58.507 	 246.092
FHW13166	205.625 	 58.339 	 246.310
FHW13166	205.750 	 58.507 	 246.092
FHW13166	205.875 	 58.507 	 246.093
FHW13166	206.000 	 58.726 	 246.310
FHW13166	206.125 	 58.119 	 246.092
FHW13166	206.250 	 58.726 	 246.310
FHW13166	206.375 	 58.507 	 246.093
FHW13166	206.500 	 58.340 	 246.309
FHW13166	206.625 	 58.605 	 245.600
FHW13166	206.750 	 58.726 	 246.310
FHW13166	206.875 	 58.507 	 246.093
FHW13166	207.000 	 58.340 	 246.309
FHW13166	207.125 	 60.503 	 245.336
FHW13166	207.250 	 62.994 	 244.581
FHW13166	207.375 	 62.396 	 244.358
FHW13166	207.500 	 62.711 	 244.827
FHW13166	207.625 	 62.396 	 244.358
FHW13166	207.750 	 62.806 	 244.359
FHW13166	207.875 	 62.491 	 245.044
FHW13166	208.000 	 62.397 	 244.360
FHW13166	208.125 	 62.806 	 244.358
FHW13166	208.250 	 62.305 	 244.827
FHW13166	208.375 	 62.800 	 244.358
FHW13166	208.500 	 62.586 	 244.580
FHW13166	208.625 	 62.717 	 244.828
FHW13166	208.750 	 62.390 	 244.358
FHW13166	208.875 	 62.806 	 244.358
FHW13166	209.000 	 62.305 	 244.826
FHW13166	209.125 	 62.800 	 244.359
FHW13166	209.250 	 62.587 	 244.582
FHW13166	209.375 	 62.716 	 244.826
FHW13166	209.500 	 62.396 	 244.358
FHW13166	209.625 	 62.800 	 244.359
FHW13166	209.750 	 62.396 	 244.358
FHW13166	209.875 	 62.901 	 245.046
FHW13166	210.000 	 62.396 	 244.358
FHW13166	210.125 	 62.806 	 244.359
FHW13166	210.250 	 62.305 	 244.826
FHW13166	210.375 	 62.801 	 244.360
FHW13166	210.500 	 62.586 	 244.580
FHW13166	210.625 	 62.709 	 244.827
FHW13166	210.750 	 62.396 	 244.358
FHW13166	210.875 	 62.806 	 244.358
FHW13166	211.000 	 62.306 	 244.828
FHW13166	211.125 	 62.800 	 244.358
FHW13166	211.250 	 62.586 	 244.580
FHW13166	211.375 	 62.716 	 244.826
FHW13166	211.500 	 62.390 	 244.359
FHW13166	211.625 	 62.807 	 244.360
FHW13166	211.750 	 62.305 	 244.826
FHW13166	211.875 	 62.988 	 244.580
FHW13166	212.000 	 62.396 	 244.359
FHW13166	212.125 	 62.717 	 244.827
FHW13166	212.250 	 62.396 	 244.358
FHW13166	212.375 	 62.800 	 244.358
FHW13166	212.500 	 62.497 	 245.045
FHW13166	212.625 	 62.800 	 244.358
FHW13166	212.750 	 62.397 	 244.360
FHW13166	212.875 	 62.396 	 244.358
FHW13166	213.000 	 62.716 	 244.827
FHW13166	213.125 	 62.390 	 244.358
FHW13166	213.250 	 62.994 	 244.580
FHW13166	213.375 	 62.306 	 244.828
FHW13166	213.500 	 62.800 	 244.358
FHW13166	213.625 	 62.396 	 244.358
FHW13166	213.750 	 62.716 	 244.827
FHW13166	213.875 	 62.587 	 244.582
FHW13166	214.000 	 62.800 	 244.358
FHW13166	214.125 	 62.305 	 244.827
FHW13166	214.250 	 62.800 	 244.358
FHW13166	214.375 	 62.396 	 244.358
FHW13166	214.500 	 62.907 	 245.046
FHW13166	214.625 	 62.396 	 244.358
FHW13166	214.750 	 62.800 	 244.358
FHW13166	214.875 	 62.304 	 244.828
FHW13166	215.000 	 62.800 	 244.358
FHW13166	215.125 	 62.397 	 244.360
FHW13166	215.250 	 62.906 	 245.044
FHW13166	215.375 	 62.396 	 244.358
FHW13166	215.500 	 62.800 	 244.358
FHW13166	215.625 	 62.305 	 244.826
FHW13166	215.750 	 62.807 	 244.360
FHW13166	215.875 	 62.580 	 244.580
FHW13166	216.000 	 63.901 	 244.119
FHW13166	216.125 	 65.825 	 243.888
FHW13166	216.250 	 65.985 	 244.106
FHW13166	216.375 	 66.248 	 243.886
FHW13166	216.500 	 65.987 	 244.108
FHW13166	216.625 	 65.907 	 243.433
FHW13166	216.750 	 65.987 	 244.108
FHW13166	216.875 	 65.823 	 243.886
FHW13166	217.000 	 65.992 	 244.106
FHW13166	217.125 	 65.819 	 243.886
FHW13166	217.250 	 66.073 	 243.658
FHW13166	217.375 	 65.823 	 243.886
FHW13166	217.500 	 65.987 	 244.108
FHW13166	217.625 	 66.248 	 243.886
FHW13166	217.750 	 66.068 	 243.658
FHW13166	217.875 	 65.823 	 243.886
FHW13166	218.000 	 65.992 	 244.106
FHW13166	218.125 	 65.818 	 243.888
FHW13166	218.250 	 65.992 	 244.104
FHW13166	218.375 	 65.907 	 243.435
FHW13166	218.500 	 65.987 	 244.108
FHW13166	218.625 	 65.823 	 243.886
FHW13166	218.750 	 65.993 	 244.106
FHW13166	218.875 	 65.900 	 243.435
FHW13166	219.000 	 66.414 	 244.106
FHW13166	219.125 	 65.818 	 243.888
FHW13166	219.250 	 65.992 	 244.106
FHW13166	219.375 	 65.824 	 243.884
FHW13166	219.500 	 66.068 	 243.659
FHW13166	219.625 	 65.823 	 243.886
FHW13166	219.750 	 65.993 	 244.108
FHW13166	219.875 	 65.986 	 244.104
FHW13166	220.000 	 65.907 	 243.435
FHW13166	220.125 	 65.987 	 244.108
FHW13166	220.250 	 65.823 	 243.886
FHW13166	220.375 	 66.409 	 244.106
FHW13166	220.500 	 65.823 	 243.886
FHW13166	220.625 	 66.073 	 243.658
FHW13166	220.750 	 65.818 	 243.888
FHW13166	220.875 	 65.992 	 244.104
FHW13166	221.000 	 65.823 	 243.886
FHW13166	221.125 	 66.068 	 243.659
FHW13166	221.250 	 65.823 	 243.886
FHW13166	221.375 	 65.993 	 244.108
FHW13166	221.500 	 65.817 	 243.884
FHW13166	221.625 	 65.992 	 244.106
FHW13166	221.750 	 66.325 	 243.437
FHW13166	221.875 	 65.992 	 244.106
FHW13166	222.000 	 65.824 	 243.884
FHW13166	222.125 	 65.987 	 244.108
FHW13166	222.250 	 65.823 	 243.886
FHW13166	222.375 	 66.074 	 243.659
FHW13166	222.500 	 65.817 	 243.884
FHW13166	222.625 	 65.992 	 244.106
FHW13166	222.750 	 65.825 	 243.888
FHW13166	222.875 	 66.067 	 243.658
FHW13166	223.000 	 66.242 	 243.888
FHW13166	223.125 	 65.992 	 244.104
FHW13166	223.250 	 65.823 	 243.886
FHW13166	223.375 	 65.987 	 244.108
FHW13166	223.500 	 65.907 	 243.435
FHW13166	223.625 	 65.992 	 244.104
FHW13166	223.750 	 65.818 	 243.888
FHW13166	223.875 	 65.992 	 244.106
FHW13166	224.000 	 65.908 	 243.437
FHW13166	224.125 	 65.986 	 244.104
FHW13166	224.250 	 65.823 	 243.886
FHW13166	224.375 	 66.408 	 244.108
FHW13166	224.500 	 65.823 	 243.886
FHW13166	224.625 	 66.074 	 243.656
FHW13166	224.750 	 65.818 	 243.888
FHW13166	224.875 	 68.344 	 243.877
FHW13166	225.000 	 68.564 	 243.654
FHW13166	225.125 	 68.843 	 243.435
FHW13166	225.250 	 68.414 	 243.435
FHW13166	225.375 	 68.843 	 243.435
FHW13166	225.500 	 68.564 	 243.654
FHW13166	225.625 	 68.843 	 243.435
FHW13166	225.750 	 68.420 	 243.437
FHW13166	225.875 	 68.763 	 243.875
FHW13166	226.000 	 68.992 	 243.655
FHW13166	226.125 	 68.420 	 243.433
FHW13166	226.250 	 68.844 	 243.437
FHW13166	226.375 	 68.413 	 243.433
FHW13166	226.500 	 68.992 	 243.655
FHW13166	226.625 	 68.413 	 243.433
FHW13166	226.750 	 68.770 	 243.879
FHW13166	226.875 	 68.843 	 243.433
FHW13166	227.000 	 68.564 	 243.655
FHW13166	227.125 	 68.843 	 243.433
FHW13166	227.250 	 68.414 	 243.437
FHW13166	227.375 	 68.843 	 243.433
FHW13166	227.500 	 68.570 	 243.655
FHW13166	227.625 	 68.769 	 243.877
FHW13166	227.750 	 68.838 	 243.435
FHW13166	227.875 	 68.419 	 243.435
FHW13166	228.000 	 68.992 	 243.654
FHW13166	228.125 	 68.414 	 243.437
FHW13166	228.250 	 68.843 	 243.433
FHW13166	228.375 	 68.413 	 243.435
FHW13166	228.500 	 68.992 	 243.654
FHW13166	228.625 	 68.770 	 243.879
FHW13166	228.750 	 68.413 	 243.433
FHW13166	228.875 	 68.844 	 243.437
FHW13166	229.000 	 68.569 	 243.652
FHW13166	229.125 	 68.838 	 243.437
FHW13166	229.250 	 68.420 	 243.433
FHW13166	229.375 	 68.844 	 243.437
FHW13166	229.500 	 68.489 	 244.093
FHW13166	229.625 	 68.844 	 243.435
FHW13166	229.750 	 68.843 	 243.435
FHW13166	229.875 	 68.414 	 243.435
FHW13166	230.000 	 68.991 	 243.654
FHW13166	230.125 	 68.414 	 243.435
FHW13166	230.250 	 68.843 	 243.435
FHW13166	230.375 	 68.346 	 243.877
FHW13166	230.500 	 68.984 	 243.654
FHW13166	230.625 	 68.844 	 243.435
FHW13166	230.750 	 68.419 	 243.435
FHW13166	230.875 	 68.844 	 243.435
FHW13166	231.000 	 68.563 	 243.654
FHW13166	231.125 	 68.844 	 243.435
FHW13166	231.250 	 68.413 	 243.435
FHW13166	231.375 	 68.770 	 243.879
FHW13166	231.500 	 68.991 	 243.652
FHW13166	231.625 	 68.414 	 243.437
FHW13166	231.750 	 68.843 	 243.433
FHW13166	231.875 	 68.414 	 243.437
FHW13166	232.000 	 68.991 	 243.652
FHW13166	232.125 	 68.420 	 243.437
FHW13166	232.250 	 68.770 	 243.875
FHW13166	232.375 	 68.838 	 243.437
FHW13166	232.500 	 68.569 	 243.652
FHW13166	232.625 	 68.844 	 243.437
FHW13166	232.750 	 68.413 	 243.433
FHW13166	232.875 	 68.844 	 243.437
FHW13166	233.000 	 68.563 	 243.652
FHW13166	233.125 	 70.283 	 243.655
FHW13166	233.250 	 69.918 	 243.216
FHW13166	233.375 	 70.346 	 243.219
FHW13166	233.500 	 69.849 	 243.654
FHW13166	233.625 	 70.352 	 243.216
FHW13166	233.750 	 69.848 	 243.655
FHW13166	233.875 	 70.916 	 243.433
FHW13166	234.000 	 72.218 	 243.437
FHW13166	234.125 	 71.912 	 243.649
FHW13166	234.250 	 72.224 	 243.433
FHW13166	234.375 	 71.912 	 243.651
FHW13166	234.500 	 72.225 	 243.435
FHW13166	234.625 	 72.342 	 243.649
FHW13166	234.750 	 71.784 	 243.435
FHW13166	234.875 	 72.350 	 243.649
FHW13166	235.000 	 71.783 	 243.435
FHW13166	235.125 	 72.350 	 243.649
FHW13166	235.250 	 71.784 	 243.435
FHW13166	235.375 	 72.342 	 243.649
FHW13166	235.500 	 72.225 	 243.435
FHW13166	235.625 	 71.784 	 243.437
FHW13166	235.750 	 72.349 	 243.648
FHW13166	235.875 	 71.784 	 243.435
FHW13166	236.000 	 72.349 	 243.651
FHW13166	236.125 	 71.783 	 243.433
FHW13166	236.250 	 72.343 	 243.649
FHW13166	236.375 	 71.784 	 243.437
FHW13166	236.500 	 72.349 	 243.648
FHW13166	236.625 	 72.162 	 243.870
FHW13166	236.750 	 71.912 	 243.649
FHW13166	236.875 	 72.217 	 243.433
FHW13166	237.000 	 71.912 	 243.651
FHW13166	237.125 	 72.225 	 243.435
FHW13166	237.250 	 71.911 	 243.648
FHW13166	237.375 	 72.225 	 243.437
FHW13166	237.500 	 72.343 	 243.649
FHW13166	237.625 	 71.790 	 243.435
FHW13166	237.750 	 72.343 	 243.649
FHW13166	237.875 	 71.784 	 243.435
FHW13166	238.000 	 72.224 	 243.435
FHW13166	238.125 	 71.912 	 243.649
FHW13166	238.250 	 72.225 	 243.435
FHW13166	238.375 	 72.342 	 243.649
FHW13166	238.500 	 71.784 	 243.435
FHW13166	238.625 	 72.349 	 243.651
FHW13166	238.750 	 71.783 	 243.433
FHW13166	238.875 	 72.350 	 243.649
FHW13166	239.000 	 71.784 	 243.437
FHW13166	239.125 	 72.342 	 243.648
FHW13166	239.250 	 71.791 	 243.435
FHW13166	239.375 	 72.343 	 243.651
FHW13166	239.500 	 72.224 	 243.433
FHW13166	239.625 	 71.912 	 243.649
FHW13166	239.750 	 72.225 	 243.437
FHW13166	239.875 	 71.911 	 243.648
FHW13166	240.000 	 72.218 	 243.437
FHW13166	240.125 	 71.912 	 243.649
FHW13166	240.250 	 72.224 	 243.433
FHW13166	240.375 	 72.225 	 243.437
FHW13166	240.500 	 71.912 	 243.649
FHW13166	240.625 	 72.217 	 243.433
FHW13166	240.750 	 71.849 	 244.082
FHW13166	240.875 	 72.225 	 243.435
FHW13166	241.000 	 71.911 	 243.649
FHW13166	241.125 	 72.225 	 243.435
FHW13166	241.250 	 72.343 	 243.649
FHW13166	241.375 	 71.790 	 243.435
FHW13166	241.500 	 72.343 	 243.649
FHW13166	241.625 	 71.784 	 243.435
FHW13166	241.750 	 72.348 	 243.649
FHW13166	241.875 	 71.784 	 243.435
FHW13166	242.000 	 72.349 	 243.651
FHW13166	242.125 	 72.217 	 243.433
FHW13166	242.250 	 71.912 	 243.649
FHW13166	242.375 	 72.225 	 243.437
FHW13166	242.500 	 71.911 	 243.648
FHW13166	242.625 	 73.662 	 243.649
FHW13166	242.750 	 75.707 	 243.647
FHW13166	242.875 	 75.999 	 243.861
FHW13166	243.000 	 76.146 	 243.644
FHW13166	243.125 	 76.091 	 244.070
FHW13166	243.250 	 75.707 	 243.645
FHW13166	243.375 	 76.098 	 244.069
FHW13166	243.500 	 76.048 	 243.435
FHW13166	243.625 	 76.098 	 244.070
FHW13166	243.750 	 75.700 	 243.644
FHW13166	243.875 	 76.147 	 243.645
FHW13166	244.000 	 76.098 	 244.070
FHW13166	244.125 	 75.599 	 243.435
FHW13166	244.250 	 76.098 	 244.069
FHW13166	244.375 	 76.147 	 243.645
FHW13166	244.500 	 76.097 	 244.069
FHW13166	244.625 	 75.700 	 243.645
FHW13166	244.750 	 75.999 	 243.861
FHW13166	244.875 	 76.146 	 243.647
FHW13166	245.000 	 75.657 	 244.069
FHW13166	245.125 	 76.147 	 243.645
FHW13166	245.250 	 75.991 	 243.861
FHW13166	245.375 	 76.147 	 243.645
FHW13166	245.500 	 75.657 	 244.069
FHW13166	245.625 	 76.147 	 243.645
FHW13166	245.750 	 76.146 	 243.647
FHW13166	245.875 	 75.992 	 243.861
FHW13166	246.000 	 75.706 	 243.644
FHW13166	246.125 	 76.098 	 244.070
FHW13166	246.250 	 76.147 	 243.645
FHW13166	246.375 	 75.651 	 244.069
FHW13166	246.500 	 76.048 	 243.435
FHW13166	246.625 	 76.098 	 244.070
FHW13166	246.750 	 76.146 	 243.644
FHW13166	246.875 	 75.651 	 244.069
FHW13166	247.000 	 76.146 	 243.647
FHW13166	247.125 	 75.999 	 243.861
FHW13166	247.250 	 75.700 	 243.645
FHW13166	247.375 	 76.098 	 244.070
FHW13166	247.500 	 76.146 	 243.644
FHW13166	247.625 	 76.147 	 243.645
FHW13166	247.750 	 75.555 	 243.861
FHW13166	247.875 	 76.146 	 243.647
FHW13166	248.000 	 76.091 	 244.069
FHW13166	248.125 	 76.147 	 243.645
FHW13166	248.250 	 75.656 	 244.069
FHW13166	248.375 	 76.048 	 243.435
FHW13166	248.500 	 76.098 	 244.069
FHW13166	248.625 	 75.700 	 243.645
FHW13166	248.750 	 76.098 	 244.070
FHW13166	248.875 	 76.147 	 243.645
FHW13166	249.000 	 75.998 	 243.859
FHW13166	249.125 	 75.700 	 243.647
FHW13166	249.250 	 76.098 	 244.069
FHW13166	249.375 	 76.147 	 243.645
FHW13166	249.500 	 76.048 	 243.435
FHW13166	249.625 	 75.650 	 244.070
FHW13166	249.750 	 76.146 	 243.644
FHW13166	249.875 	 76.098 	 244.069
FHW13166	250.000 	 75.700 	 243.647
FHW13166	250.125 	 75.999 	 243.861
FHW13166	250.250 	 76.147 	 243.645
FHW13166	250.375 	 76.098 	 244.069
FHW13166	250.500 	 75.706 	 243.645
FHW13166	250.625 	 76.098 	 244.069
FHW13166	250.750 	 76.041 	 243.435
FHW13166	250.875 	 75.657 	 244.070
FHW13166	251.000 	 76.147 	 243.645
FHW13166	251.125 	 76.098 	 244.069
FHW13166	251.250 	 76.146 	 243.644
FHW13166	251.375 	 75.599 	 243.437
FHW13166	251.500 	 76.098 	 244.069
FHW13166	251.625 	 76.147 	 243.645
FHW13166	251.750 	 76.098 	 244.070
FHW13166	251.875 	 75.700 	 243.645
FHW13166	252.000 	 75.998 	 243.859
FHW13166	252.125 	 76.147 	 243.645
FHW13166	252.250 	 75.650 	 244.070
FHW13166	252.375 	 79.900 	 244.057
FHW13166	252.500 	 79.858 	 244.476
FHW13166	252.625 	 79.328 	 244.276
FHW13166	252.750 	 79.865 	 244.476
FHW13166	252.875 	 79.404 	 244.478
FHW13166	253.000 	 79.900 	 244.057
FHW13166	253.125 	 79.858 	 244.476
FHW13166	253.250 	 79.404 	 244.478
FHW13166	253.375 	 79.865 	 244.476
FHW13166	253.500 	 79.365 	 243.853
FHW13166	253.625 	 79.865 	 244.476
FHW13166	253.750 	 79.858 	 244.478
FHW13166	253.875 	 79.404 	 244.476
FHW13166	254.000 	 79.865 	 244.478
FHW13166	254.125 	 79.441 	 244.057
FHW13166	254.250 	 79.785 	 244.274
FHW13166	254.375 	 79.865 	 244.478
FHW13166	254.500 	 79.404 	 244.476
FHW13166	254.625 	 79.900 	 244.057
FHW13166	254.750 	 79.404 	 244.476
FHW13166	254.875 	 79.858 	 244.478
FHW13166	255.000 	 79.792 	 244.274
FHW13166	255.125 	 79.404 	 244.478
FHW13166	255.250 	 79.900 	 244.057
FHW13166	255.375 	 79.404 	 244.476
FHW13166	255.500 	 79.858 	 244.478
FHW13166	255.625 	 79.865 	 244.476
FHW13166	255.750 	 79.365 	 243.853
FHW13166	255.875 	 79.865 	 244.478
FHW13166	256.000 	 79.404 	 244.474
FHW13166	256.125 	 79.858 	 244.476
FHW13166	256.250 	 79.865 	 244.478
FHW13166	256.375 	 79.441 	 244.057
FHW13166	256.500 	 79.858 	 244.476
FHW13166	256.625 	 79.335 	 244.276
FHW13166	256.750 	 79.858 	 244.476
FHW13166	256.875 	 79.900 	 244.057
FHW13166	257.000 	 79.404 	 244.478
FHW13166	257.125 	 79.858 	 244.476
FHW13166	257.250 	 79.411 	 244.476
FHW13166	257.375 	 79.785 	 244.276
FHW13166	257.500 	 79.900 	 244.057
FHW13166	257.625 	 79.404 	 244.476
FHW13166	257.750 	 79.858 	 244.478
FHW13166	257.875 	 79.411 	 244.476
FHW13166	258.000 	 79.893 	 244.057
FHW13166	258.125 	 79.785 	 244.276
FHW13166	258.250 	 79.411 	 244.476
FHW13166	258.375 	 79.858 	 244.476
FHW13166	258.500 	 79.447 	 244.059
FHW13166	258.625 	 79.858 	 244.476
FHW13166	258.750 	 79.858 	 244.476
FHW13166	258.875 	 79.335 	 244.276
FHW13166	259.000 	 79.858 	 244.476
FHW13166	259.125 	 79.448 	 244.057
FHW13166	259.250 	 79.858 	 244.478
FHW13166	259.375 	 79.858 	 244.476
FHW13166	259.500 	 79.411 	 244.476
FHW13166	259.625 	 79.893 	 244.059
FHW13166	259.750 	 79.335 	 244.274
FHW13166	259.875 	 79.858 	 244.476
FHW13166	260.000 	 79.858 	 244.478
FHW13166	260.125 	 79.411 	 244.476
FHW13166	260.250 	 79.893 	 244.057
FHW13166	260.375 	 79.411 	 244.478
FHW13166	260.500 	 79.785 	 244.274
FHW13166	260.625 	 79.858 	 244.476
FHW13166	260.750 	 79.447 	 244.059
FHW13166	260.875 	 79.858 	 244.476
FHW13166	261.000 	 79.411 	 244.476
FHW13166	261.125 	 79.858 	 244.478
FHW13166	261.250 	 79.785 	 244.274
FHW13166	261.375 	 79.448 	 244.057
FHW13166	261.500 	 79.858 	 244.478
FHW13166	261.625 	 79.411 	 244.476
FHW13166	261.750 	 79.858 	 244.476
FHW13166	261.875 	 80.763 	 244.478
FHW13166	262.000 	 83.102 	 245.708
FHW13166	262.125 	 83.124 	 245.290
FHW13166	262.250 	 83.101 	 245.709
FHW13166	262.375 	 83.102 	 245.708
FHW13166	262.500 	 83.124 	 245.290
FHW13166	262.625 	 83.102 	 245.708
FHW13166	262.750 	 83.102 	 245.711
FHW13166	262.875 	 83.124 	 245.290
FHW13166	263.000 	 83.102 	 245.708
FHW13166	263.125 	 83.101 	 245.709
FHW13166	263.250 	 83.124 	 245.288
FHW13166	263.375 	 83.101 	 245.709
FHW13166	263.500 	 83.124 	 245.290
FHW13166	263.625 	 83.102 	 245.709
FHW13166	263.750 	 83.101 	 245.709
FHW13166	263.875 	 83.124 	 245.288
FHW13166	264.000 	 83.051 	 245.518
FHW13166	264.125 	 83.101 	 245.709
FHW13166	264.250 	 83.124 	 245.288
FHW13166	264.375 	 83.101 	 245.709
FHW13166	264.500 	 83.101 	 245.709
FHW13166	264.625 	 83.118 	 245.290
FHW13166	264.750 	 83.101 	 245.709
FHW13166	264.875 	 83.102 	 245.708
FHW13166	265.000 	 83.124 	 245.290
FHW13166	265.125 	 83.101 	 245.709
FHW13166	265.250 	 83.102 	 245.708
FHW13166	265.375 	 83.124 	 245.290
FHW13166	265.500 	 83.102 	 245.708
FHW13166	265.625 	 83.125 	 245.291
FHW13166	265.750 	 83.102 	 245.708
FHW13166	265.875 	 83.101 	 245.709
FHW13166	266.000 	 83.124 	 245.290
FHW13166	266.125 	 83.102 	 245.708
FHW13166	266.250 	 83.051 	 245.518
FHW13166	266.375 	 83.124 	 245.288
FHW13166	266.500 	 83.102 	 245.711
FHW13166	266.625 	 83.101 	 245.709
FHW13166	266.750 	 83.124 	 245.288
FHW13166	266.875 	 83.101 	 245.709
FHW13166	267.000 	 83.101 	 245.709
FHW13166	267.125 	 83.124 	 245.288
FHW13166	267.250 	 83.101 	 245.709
FHW13166	267.375 	 83.102 	 245.708
FHW13166	267.500 	 83.125 	 245.291
FHW13166	267.625 	 83.101 	 245.709
FHW13166	267.750 	 83.117 	 245.288
FHW13166	267.875 	 83.101 	 245.709
FHW13166	268.000 	 83.102 	 245.708
FHW13166	268.125 	 83.124 	 245.290
FHW13166	268.250 	 82.650 	 245.709
FHW13166	268.375 	 83.102 	 245.709
FHW13166	268.500 	 83.124 	 245.290
FHW13166	268.625 	 83.051 	 245.516
FHW13166	268.750 	 83.101 	 245.709
FHW13166	268.875 	 83.124 	 245.290
FHW13166	269.000 	 83.102 	 245.708
FHW13166	269.125 	 83.101 	 245.709
FHW13166	269.250 	 83.117 	 245.288
FHW13166	269.375 	 83.102 	 245.711
FHW13166	269.500 	 83.101 	 245.709
FHW13166	269.625 	 83.124 	 245.288
FHW13166	269.750 	 83.101 	 245.709
FHW13166	269.875 	 83.124 	 245.288
FHW13166	270.000 	 83.101 	 245.709
FHW13166	270.125 	 83.101 	 245.709
FHW13166	270.250 	 83.125 	 245.290
FHW13166	270.375 	 83.101 	 245.709
FHW13166	270.500 	 83.101 	 245.709
FHW13166	270.625 	 83.124 	 245.288
FHW13166	270.750 	 83.101 	 245.709
FHW13166	270.875 	 83.051 	 245.516
FHW13166	271.000 	 83.124 	 245.290
FHW13166	271.125 	 83.101 	 245.709
FHW13166	271.250 	 83.102 	 245.709
FHW13166	271.375 	 83.124 	 245.290
FHW13166	271.500 	 83.102 	 245.708
FHW13166	271.625 	 85.877 	 245.898
FHW13166	271.750 	 86.780 	 246.318
FHW13166	271.875 	 86.337 	 245.896
FHW13166	272.000 	 86.780 	 246.319
FHW13166	272.125 	 86.803 	 246.501
FHW13166	272.250 	 86.337 	 245.898
FHW13166	272.375 	 86.780 	 246.318
FHW13166	272.500 	 86.337 	 245.898
FHW13166	272.625 	 86.780 	 246.318
FHW13166	272.750 	 86.337 	 245.898
FHW13166	272.875 	 86.780 	 246.316
FHW13166	273.000 	 86.337 	 245.898
FHW13166	273.125 	 86.780 	 246.319
FHW13166	273.250 	 86.325 	 246.318
FHW13166	273.375 	 86.813 	 246.082
FHW13166	273.500 	 86.325 	 246.318
FHW13166	273.625 	 86.790 	 245.898
FHW13166	273.750 	 86.325 	 246.319
FHW13166	273.875 	 86.790 	 245.896
FHW13166	274.000 	 86.325 	 246.318
FHW13166	274.125 	 86.790 	 245.898
FHW13166	274.250 	 86.325 	 246.319
FHW13166	274.375 	 86.780 	 246.316
FHW13166	274.500 	 86.363 	 246.084
FHW13166	274.625 	 86.780 	 246.318
FHW13166	274.750 	 86.337 	 245.896
FHW13166	274.875 	 86.780 	 246.319
FHW13166	275.000 	 86.790 	 245.898
FHW13166	275.125 	 86.325 	 246.318
FHW13166	275.250 	 86.790 	 245.896
FHW13166	275.375 	 86.325 	 246.318
FHW13166	275.500 	 86.780 	 246.319
FHW13166	275.625 	 86.337 	 245.898
FHW13166	275.750 	 86.803 	 246.500
FHW13166	275.875 	 86.337 	 245.898
FHW13166	276.000 	 86.780 	 246.318
FHW13166	276.125 	 86.337 	 245.898
FHW13166	276.250 	 86.780 	 246.316
FHW13166	276.375 	 86.337 	 245.901
FHW13166	276.500 	 86.780 	 246.318
FHW13166	276.625 	 86.325 	 246.318
FHW13166	276.750 	 86.790 	 245.896
FHW13166	276.875 	 86.325 	 246.318
FHW13166	277.000 	 86.814 	 246.085
FHW13166	277.125 	 86.325 	 246.316
FHW13166	277.250 	 86.790 	 245.898
FHW13166	277.375 	 86.325 	 246.318
FHW13166	277.500 	 86.790 	 245.898
FHW13166	277.625 	 86.325 	 246.316
FHW13166	277.750 	 86.780 	 246.318
FHW13166	277.875 	 86.790 	 245.898
FHW13166	278.000 	 86.325 	 246.318
FHW13166	278.125 	 86.814 	 246.084
FHW13166	278.250 	 86.325 	 246.318
FHW13166	278.375 	 86.790 	 245.898
FHW13166	278.500 	 86.325 	 246.318
FHW13166	278.625 	 86.791 	 245.899
FHW13166	278.750 	 86.325 	 246.318
FHW13166	278.875 	 86.780 	 246.318
FHW13166	279.000 	 86.337 	 245.896
FHW13166	279.125 	 86.780 	 246.318
FHW13166	279.250 	 86.337 	 245.898
FHW13166	279.375 	 86.803 	 246.503
FHW13166	279.500 	 86.330 	 245.896
FHW13166	279.625 	 86.787 	 246.318
FHW13166	279.750 	 86.330 	 245.898
FHW13166	279.875 	 86.787 	 246.318
FHW13166	280.000 	 86.330 	 245.896
FHW13166	280.125 	 86.787 	 246.318
FHW13166	280.250 	 86.318 	 246.318
FHW13166	280.375 	 86.797 	 245.901
FHW13166	280.500 	 86.780 	 246.316
FHW13166	280.625 	 86.363 	 246.082
FHW13166	280.750 	 86.780 	 246.318
FHW13166	280.875 	 86.337 	 245.896
FHW13166	281.000 	 86.780 	 246.321
FHW13166	281.125 	 86.330 	 245.898
FHW13166	281.250 	 86.787 	 246.318
FHW13166	281.375 	 86.318 	 246.318
FHW13166	281.500 	 86.797 	 245.896
FHW13166	281.625 	 88.174 	 246.503
FHW13166	281.750 	 88.621 	 245.898
FHW13166	281.875 	 88.161 	 246.316
FHW13166	282.000 	 88.166 	 245.898
FHW13166	282.125 	 88.174 	 246.503
FHW13166	282.250 	 88.160 	 245.898
FHW13166	282.375 	 88.161 	 246.316
FHW13166	282.500 	 88.638 	 246.082
FHW13166	282.625 	 88.160 	 245.901
FHW13166	282.750 	 88.161 	 246.316
FHW13166	282.875 	 88.166 	 245.898
FHW13166	283.000 	 88.174 	 246.500
FHW13166	283.125 	 88.167 	 245.901
FHW13166	283.250 	 88.617 	 246.316
FHW13166	283.375 	 88.166 	 245.898
FHW13166	283.500 	 88.174 	 246.500
FHW13166	283.625 	 88.167 	 245.896
FHW13166	283.750 	 88.161 	 246.321
FHW13166	283.875 	 88.631 	 246.082
FHW13166	284.000 	 88.161 	 246.318
FHW13166	284.125 	 88.167 	 245.896
FHW13166	284.250 	 88.161 	 246.321
FHW13166	284.375 	 88.180 	 246.082
FHW13166	284.500 	 88.154 	 246.318
FHW13166	284.625 	 88.628 	 245.896
FHW13166	284.750 	 88.161 	 246.318
FHW13166	284.875 	 88.173 	 246.085
FHW13166	285.000 	 88.161 	 246.318
FHW13166	285.125 	 88.174 	 246.501
FHW13166	285.250 	 88.161 	 246.318
FHW13166	285.375 	 88.174 	 246.503
FHW13166	285.500 	 88.155 	 246.741
FHW13166	285.625 	 88.174 	 246.500
FHW13166	285.750 	 88.167 	 246.503
FHW13166	285.875 	 88.155 	 246.739
FHW13166	286.000 	 88.174 	 246.503
FHW13166	286.125 	 88.174 	 246.500
FHW13166	286.250 	 88.161 	 246.318
FHW13166	286.375 	 88.168 	 246.923
FHW13166	286.500 	 88.161 	 246.318
FHW13166	286.625 	 88.167 	 246.501
FHW13166	286.750 	 88.168 	 246.920
FHW13166	286.875 	 88.161 	 246.321
FHW13166	287.000 	 88.174 	 246.500
FHW13166	287.125 	 88.161 	 246.318
FHW13166	287.250 	 88.168 	 246.923
FHW13166	287.375 	 88.174 	 246.501
FHW13166	287.500 	 88.154 	 246.318
FHW13166	287.625 	 88.168 	 246.920
FHW13166	287.750 	 88.174 	 246.503
FHW13166	287.875 	 88.161 	 246.318
FHW13166	288.000 	 88.174 	 246.503
FHW13166	288.125 	 88.155 	 246.741
FHW13166	288.250 	 88.174 	 246.498
FHW13166	288.375 	 88.627 	 246.503
FHW13166	288.500 	 88.155 	 246.741
FHW13166	288.625 	 88.174 	 246.503
FHW13166	288.750 	 88.161 	 246.318
FHW13166	288.875 	 88.167 	 246.503
FHW13166	289.000 	 88.168 	 246.919
FHW13166	289.125 	 88.161 	 246.318
FHW13166	289.250 	 88.174 	 246.503
FHW13166	289.375 	 88.174 	 246.503
FHW13166	289.500 	 88.155 	 246.741
FHW13166	289.625 	 88.174 	 246.500
FHW13166	289.750 	 88.154 	 246.316
FHW13166	289.875 	 88.168 	 246.923
FHW13166	290.000 	 88.174 	 246.503
FHW13166	290.125 	 88.161 	 246.318
FHW13166	290.250 	 88.174 	 246.503
FHW13166	290.375 	 88.168 	 246.920
FHW13166	290.500 	 88.161 	 246.316
FHW13166	290.625 	 88.167 	 246.503
FHW13166	290.750 	 88.155 	 246.741
FHW13166	290.875 	 88.174 	 246.503
FHW13166	291.000 	 88.161 	 246.318
FHW13166	291.125 	 88.174 	 246.500
FHW13166	291.250 	 88.174 	 246.501
FHW13166	291.375 	 88.161 	 246.318
FHW13166	291.500 	 88.623 	 246.923
FHW13166	291.625 	 88.161 	 246.318
FHW13166	291.750 	 88.174 	 246.501
FHW13166	291.875 	 88.167 	 246.502
FHW13166	292.000 	 88.161 	 246.316
FHW13166	292.125 	 88.174 	 246.504
FHW13166	292.250 	 88.155 	 246.739
FHW13166	292.375 	 88.174 	 246.501
FHW13166	292.500 	 88.617 	 246.320
FHW13166	292.625 	 88.174 	 246.498
FHW13166	292.750 	 88.174 	 246.504
FHW13166	292.875 	 88.155 	 246.739
FHW13166	293.000 	 88.174 	 246.504
FHW13166	293.125 	 88.161 	 246.316
FHW13166	293.250 	 88.167 	 246.501
FHW13166	293.375 	 88.161 	 246.320
FHW13166	293.500 	 88.174 	 246.498
FHW13166	293.625 	 88.629 	 246.924
FHW13166	293.750 	 88.154 	 246.316
FHW13166	293.875 	 88.174 	 246.501
FHW13166	294.000 	 88.161 	 246.320
FHW13166	294.125 	 88.174 	 246.498
FHW13166	294.250 	 88.155 	 246.742
FHW13166	294.375 	 88.174 	 246.501
FHW13166	294.500 	 88.174 	 246.501
FHW13166	294.625 	 88.617 	 246.320
FHW13166	294.750 	 88.174 	 246.501
FHW13166	294.875 	 88.161 	 246.320
FHW13166	295.000 	 88.168 	 246.919
FHW13166	295.125 	 88.167 	 246.504
FHW13166	295.250 	 88.161 	 246.316
FHW13166	295.375 	 88.174 	 246.501
FHW13166	295.500 	 88.161 	 246.320
FHW13166	295.625 	 88.168 	 246.919
FHW13166	295.750 	 88.617 	 246.320
FHW13166	295.875 	 88.174 	 246.501
FHW13166	296.000 	 88.174 	 246.501
FHW13166	296.125 	 88.161 	 246.320
FHW13166	296.250 	 88.174 	 246.501
FHW13166	296.375 	 88.148 	 246.742
FHW13166	296.500 	 88.174 	 246.498
FHW13166	296.625 	 88.161 	 246.316
FHW13166	296.750 	 88.174 	 246.504
FHW13166	296.875 	 88.627 	 246.501
FHW13166	297.000 	 88.155 	 246.742
FHW13166	297.125 	 88.174 	 246.498
FHW13166	297.250 	 88.161 	 246.320
FHW13166	297.375 	 88.174 	 246.501
FHW13166	297.500 	 88.161 	 246.316
FHW13166	297.625 	 88.174 	 246.504
FHW13166	297.750 	 88.161 	 246.921
FHW13166	297.875 	 88.624 	 246.320
FHW13166	298.000 	 88.174 	 246.498
FHW13166	298.125 	 88.161 	 246.316
FHW13166	298.250 	 88.167 	 246.504
FHW13166	298.375 	 88.168 	 246.921
FHW13166	298.500 	 88.161 	 246.320
FHW13166	298.625 	 88.174 	 246.498
FHW13166	298.750 	 88.161 	 246.320
FHW13166	298.875 	 88.174 	 246.501
FHW13166	299.000 	 88.617 	 246.316
FHW13166	299.125 	 88.168 	 246.924
FHW13166	299.250 	 88.174 	 246.501
FHW13166	299.375 	 88.161 	 246.320
FHW13166	299.500 	 88.167 	 246.498
FHW13166	299.625 	 88.161 	 246.316
FHW13166	299.750 	 88.168 	 246.924
FHW13166	299.875 	 88.628 	 245.896
FHW13166	300.000 	 88.153 	 246.320
FHW13166	300.125 	 88.638 	 246.084
FHW13166	300.250 	 88.621 	 245.896
FHW13166	300.375 	 88.166 	 245.900
FHW13166	300.500 	 88.621 	 245.896
FHW13166	300.625 	 88.167 	 245.896
FHW13166	300.750 	 88.624 	 246.320
FHW13166	300.875 	 88.621 	 245.896
FHW13166	301.000 	 88.180 	 246.084
FHW13166	301.125 	 88.621 	 245.900
FHW13166	301.250 	 88.628 	 245.896
FHW13166	301.375 	 88.167 	 245.896
FHW13166	301.500 	 88.617 	 246.322
FHW13166	301.625 	 88.621 	 245.896
FHW13166	301.750 	 88.180 	 246.081
FHW13166	301.875 	 88.628 	 245.900
FHW13166	302.000 	 88.621 	 245.896
FHW13166	302.125 	 88.161 	 246.319
FHW13166	302.250 	 88.621 	 245.900
FHW13166	302.375 	 88.628 	 245.896
FHW13166	302.500 	 88.167 	 245.896
FHW13166	302.625 	 88.631 	 246.087
FHW13166	302.750 	 88.621 	 245.896
FHW13166	302.875 	 88.161 	 246.316
FHW13166	303.000 	 88.628 	 245.900
FHW13166	303.125 	 88.621 	 245.896
FHW13166	303.250 	 88.167 	 245.896
FHW13166	303.375 	 88.631 	 246.087
FHW13166	303.500 	 88.167 	 245.896
FHW13166	303.625 	 88.617 	 246.316
FHW13166	303.750 	 88.628 	 245.900
FHW13166	303.875 	 88.167 	 245.896
FHW13166	304.000 	 88.621 	 245.896
FHW13166	304.125 	 88.621 	 245.900
FHW13166	304.250 	 88.180 	 246.084
FHW13166	304.375 	 88.624 	 246.316
FHW13166	304.500 	 88.621 	 245.900
FHW13166	304.625 	 88.167 	 245.896
FHW13166	304.750 	 88.621 	 245.896
FHW13166	304.875 	 88.628 	 245.900
FHW13166	305.000 	 88.174 	 246.501
FHW13166	305.125 	 88.621 	 245.900
FHW13166	305.250 	 88.621 	 245.896
FHW13166	305.375 	 88.167 	 245.896
FHW13166	305.500 	 88.628 	 245.902
FHW13166	305.625 	 88.621 	 245.896
FHW13166	305.750 	 88.161 	 246.316
FHW13166	305.875 	 88.631 	 246.084
FHW13166	306.000 	 88.628 	 245.896
FHW13166	306.125 	 88.167 	 245.899
FHW13166	306.250 	 88.621 	 245.900
FHW13166	306.375 	 88.167 	 245.896
FHW13166	306.500 	 88.617 	 246.316
FHW13166	306.625 	 88.628 	 245.900
FHW13166	306.750 	 88.173 	 246.084
FHW13166	306.875 	 88.628 	 245.896
FHW13166	307.000 	 88.621 	 245.900
FHW13166	307.125 	 88.161 	 246.316
FHW13166	307.250 	 88.621 	 245.896
FHW13166	307.375 	 88.628 	 245.900
FHW13166	307.500 	 88.180 	 246.084
FHW13166	307.625 	 88.621 	 245.896
FHW13166	307.750 	 88.621 	 245.900
FHW13166	307.875 	 88.161 	 246.316
FHW13166	308.000 	 88.628 	 245.896
FHW13166	308.125 	 88.621 	 245.900
FHW13166	308.250 	 88.167 	 245.896
FHW13166	308.375 	 88.631 	 246.084
FHW13166	308.500 	 88.628 	 245.900
FHW13166	308.625 	 88.161 	 246.316
FHW13166	308.750 	 88.621 	 245.896
FHW13166	308.875 	 88.166 	 245.900
FHW13166	309.000 	 88.621 	 245.899
FHW13166	309.125 	 89.083 	 245.896
FHW13166	309.250 	 89.086 	 245.482
FHW13166	309.375 	 89.545 	 245.896
FHW13166	309.500 	 89.079 	 245.479
FHW13166	309.625 	 89.083 	 245.900
FHW13166	309.750 	 89.546 	 245.479
FHW13166	309.875 	 89.083 	 245.896
FHW13166	310.000 	 89.079 	 245.290
FHW13166	310.125 	 89.083 	 245.900
FHW13166	310.250 	 89.539 	 245.479
FHW13166	310.375 	 89.083 	 245.896
FHW13166	310.500 	 89.086 	 245.482
FHW13166	310.625 	 89.539 	 245.479
FHW13166	310.750 	 89.083 	 245.899
FHW13166	310.875 	 89.079 	 245.287
FHW13166	311.000 	 89.545 	 245.900
FHW13166	311.125 	 89.086 	 245.479
FHW13166	311.250 	 89.083 	 245.896
FHW13166	311.375 	 89.539 	 245.482
FHW13166	311.500 	 89.083 	 245.899
FHW13166	311.625 	 89.086 	 245.479
FHW13166	311.750 	 89.538 	 245.896
FHW13166	311.875 	 89.079 	 245.290
FHW13166	312.000 	 89.083 	 245.896
FHW13166	312.125 	 89.547 	 245.482
FHW13166	312.250 	 89.083 	 245.900
FHW13166	312.375 	 89.086 	 245.479
FHW13166	312.500 	 89.538 	 245.896
FHW13166	312.625 	 89.086 	 245.479
FHW13166	312.750 	 89.079 	 245.293
FHW13166	312.875 	 89.538 	 245.896
FHW13166	313.000 	 89.086 	 245.479
FHW13166	313.125 	 89.083 	 245.900
FHW13166	313.250 	 89.086 	 245.479
FHW13166	313.375 	 89.545 	 245.896
FHW13166	313.500 	 89.086 	 245.482
FHW13166	313.625 	 89.076 	 245.896
FHW13166	313.750 	 89.543 	 245.290
FHW13166	313.875 	 89.083 	 245.896
FHW13166	314.000 	 89.086 	 245.482
FHW13166	314.125 	 89.538 	 245.896
FHW13166	314.250 	 89.086 	 245.479
FHW13166	314.375 	 89.083 	 245.900
FHW13166	314.500 	 89.546 	 245.479
FHW13166	314.625 	 89.086 	 245.482
FHW13166	314.750 	 89.069 	 245.706
FHW13166	314.875 	 89.546 	 245.482
FHW13166	315.000 	 89.083 	 245.896
FHW13166	315.125 	 89.086 	 245.479
FHW13166	315.250 	 89.538 	 245.902
FHW13166	315.375 	 89.086 	 245.479
FHW13166	315.500 	 89.083 	 245.896
FHW13166	315.625 	 89.543 	 245.287
FHW13166	315.750 	 89.076 	 245.900
FHW13166	315.875 	 89.086 	 245.482
FHW13166	316.000 	 89.545 	 245.896
FHW13166	316.125 	 89.086 	 245.482
FHW13166	316.250 	 89.083 	 245.896
FHW13166	316.375 	 89.086 	 245.479
FHW13166	316.500 	 89.539 	 245.479
FHW13166	316.625 	 89.076 	 245.712
FHW13166	316.750 	 89.086 	 245.479
FHW13166	316.875 	 89.538 	 245.896
FHW13166	317.000 	 89.086 	 245.482
FHW13166	317.125 	 89.083 	 245.896
FHW13166	317.250 	 89.546 	 245.479
FHW13166	317.375 	 89.083 	 245.900
FHW13166	317.500 	 89.079 	 245.290
FHW13166	317.625 	 89.538 	 245.896
FHW13166	317.750 	 89.086 	 245.479
FHW13166	317.875 	 89.083 	 245.900
FHW13166	318.000 	 89.539 	 245.479
FHW13166	318.125 	 89.083 	 245.896
FHW13166	318.250 	 89.545 	 244.873
FHW13166	318.375 	 90.454 	 245.482
FHW13166	318.500 	 90.000 	 244.873
FHW13166	318.625 	 90.000 	 244.870
FHW13166	318.750 	 90.000 	 245.065
FHW13166	318.875 	 90.464 	 245.293
FHW13166	319.000 	 90.000 	 244.870
FHW13166	319.125 	 90.000 	 245.068
FHW13166	319.250 	 90.457 	 245.287
FHW13166	319.375 	 90.000 	 244.873
FHW13166	319.500 	 90.000 	 245.068
FHW13166	319.625 	 90.000 	 244.870
FHW13166	319.750 	 90.464 	 245.290
FHW13166	319.875 	 90.000 	 245.065
FHW13166	320.000 	 90.000 	 244.873
FHW13166	320.125 	 90.455 	 244.873
FHW13166	320.250 	 90.000 	 245.479
FHW13166	320.375 	 90.000 	 244.873
FHW13166	320.500 	 90.000 	 244.870
FHW13166	320.625 	 90.461 	 245.479
FHW13166	320.750 	 90.000 	 244.876
FHW13166	320.875 	 90.000 	 244.873
FHW13166	321.000 	 90.459 	 245.065
FHW13166	321.125 	 90.000 	 245.287
FHW13166	321.250 	 90.000 	 244.873
FHW13166	321.375 	 90.000 	 245.068
FHW13166	321.500 	 90.455 	 244.873
FHW13166	321.625 	 90.000 	 245.287
FHW13166	321.750 	 90.000 	 245.065
FHW13166	321.875 	 90.000 	 244.873
FHW13166	322.000 	 90.464 	 245.290
FHW13166	322.125 	 90.000 	 245.065
FHW13166	322.250 	 90.000 	 244.873
FHW13166	322.375 	 90.455 	 244.873
FHW13166	322.500 	 90.000 	 245.479
FHW13166	322.625 	 90.000 	 244.873
FHW13166	322.750 	 90.000 	 244.873
FHW13166	322.875 	 90.459 	 245.065
FHW13166	323.000 	 90.000 	 245.287
FHW13166	323.125 	 90.000 	 244.873
FHW13166	323.250 	 90.452 	 245.068
FHW13166	323.375 	 90.000 	 245.290
FHW13166	323.500 	 90.000 	 244.870
FHW13166	323.625 	 90.000 	 245.065
FHW13166	323.750 	 90.462 	 244.873
FHW13166	323.875 	 90.000 	 245.293
FHW13166	324.000 	 90.000 	 245.065
FHW13166	324.125 	 90.455 	 244.870
FHW13166	324.250 	 90.000 	 244.873
FHW13166	324.375 	 90.000 	 245.479
FHW13166	324.500 	 90.000 	 244.873
FHW13166	324.625 	 90.462 	 244.873
FHW13166	324.750 	 90.000 	 245.479
FHW13166	324.875 	 90.000 	 244.873
FHW13166	325.000 	 90.455 	 244.870
FHW13166	325.125 	 90.000 	 245.068
FHW13166	325.250 	 90.000 	 245.290
FHW13166	325.375 	 90.000 	 244.870
FHW13166	325.500 	 90.459 	 245.068
FHW13166	325.625 	 90.000 	 244.870
FHW13166	325.750 	 90.000 	 245.293
FHW13166	325.875 	 90.452 	 245.065
FHW13166	326.000 	 90.000 	 244.870
FHW13166	326.125 	 90.000 	 245.290
FHW13166	326.250 	 90.000 	 245.068
FHW13166	326.375 	 90.462 	 244.873
FHW13166	326.500 	 90.000 	 244.870
FHW13166	326.625 	 90.000 	 245.479
FHW13166	326.750 	 90.462 	 244.873
FHW13166	326.875 	 90.000 	 244.873
FHW13166	327.000 	 90.000 	 245.068
FHW13166	327.125 	 90.000 	 245.287
FHW13166	327.250 	 90.454 	 244.459
FHW13166	327.375 	 90.914 	 244.456
FHW13166	327.500 	 90.462 	 244.873
FHW13166	327.625 	 90.921 	 244.259
FHW13166	327.750 	 90.454 	 244.459
FHW13166	327.875 	 90.461 	 244.459
FHW13166	328.000 	 90.914 	 244.459
FHW13166	328.125 	 90.455 	 244.870
FHW13166	328.250 	 90.914 	 244.459
FHW13166	328.375 	 90.464 	 244.259
FHW13166	328.500 	 90.461 	 244.456
FHW13166	328.625 	 90.914 	 244.459
FHW13166	328.750 	 90.455 	 244.873
FHW13166	328.875 	 90.461 	 244.459
FHW13166	329.000 	 90.921 	 244.259
FHW13166	329.125 	 90.454 	 244.459
FHW13166	329.250 	 90.914 	 244.456
FHW13166	329.375 	 90.461 	 244.459
FHW13166	329.500 	 90.455 	 244.870
FHW13166	329.625 	 90.928 	 244.259
FHW13166	329.750 	 90.454 	 244.462
FHW13166	329.875 	 90.914 	 244.456
FHW13166	330.000 	 90.461 	 244.459
FHW13166	330.125 	 90.455 	 244.873
FHW13166	330.250 	 90.914 	 244.456
FHW13166	330.375 	 90.464 	 244.259
FHW13166	330.500 	 90.454 	 244.459
FHW13166	330.625 	 90.914 	 244.456
FHW13166	330.750 	 90.462 	 244.876
FHW13166	330.875 	 90.914 	 244.456
FHW13166	331.000 	 90.464 	 244.262
FHW13166	331.125 	 90.454 	 244.456
FHW13166	331.250 	 90.914 	 244.459
FHW13166	331.375 	 90.462 	 244.870
FHW13166	331.500 	 90.914 	 244.459
FHW13166	331.625 	 90.454 	 244.456
FHW13166	331.750 	 90.464 	 244.262
FHW13166	331.875 	 90.914 	 244.459
FHW13166	332.000 	 90.454 	 244.459
FHW13166	332.125 	 90.925 	 244.870
FHW13166	332.250 	 90.454 	 244.459
FHW13166	332.375 	 90.464 	 244.259
FHW13166	332.500 	 90.914 	 244.456
FHW13166	332.625 	 90.454 	 244.459
FHW13166	332.750 	 90.462 	 244.873
FHW13166	332.875 	 90.914 	 244.459
FHW13166	333.000 	 90.454 	 244.459
FHW13166	333.125 	 90.921 	 244.259
FHW13166	333.250 	 90.461 	 244.456
FHW13166	333.375 	 90.455 	 244.873
FHW13166	333.500 	 90.921 	 244.456
FHW13166	333.625 	 90.454 	 244.462
FHW13166	333.750 	 90.921 	 244.259
FHW13166	333.875 	 90.461 	 244.456
FHW13166	334.000 	 90.454 	 244.459
FHW13166	334.125 	 90.917 	 244.873
FHW13166	334.250 	 90.461 	 244.456
FHW13166	334.375 	 90.454 	 244.459
FHW13166	334.500 	 90.921 	 244.259
FHW13166	334.625 	 90.461 	 244.456
FHW13166	334.750 	 90.918 	 244.876
FHW13166	334.875 	 90.461 	 244.456
FHW13166	335.000 	 90.454 	 244.459
FHW13166	335.125 	 90.921 	 244.259
FHW13166	335.250 	 90.461 	 244.459
FHW13166	335.375 	 90.918 	 244.870
FHW13166	335.500 	 90.454 	 244.459
FHW13166	335.625 	 90.461 	 244.459
FHW13166	335.750 	 90.921 	 244.259
FHW13166	335.875 	 90.454 	 244.459
FHW13166	336.000 	 90.462 	 244.870
FHW13166	336.125 	 90.914 	 244.459
FHW13166	336.250 	 90.917 	 244.873
FHW13166	336.375 	 90.918 	 244.870
FHW13166	336.500 	 90.911 	 245.068
FHW13166	336.625 	 90.917 	 244.873
FHW13166	336.750 	 90.921 	 245.287
FHW13166	336.875 	 90.918 	 245.068
FHW13166	337.000 	 90.918 	 244.870
FHW13166	337.125 	 90.918 	 244.876
FHW13166	337.250 	 90.918 	 244.870
FHW13166	337.375 	 90.454 	 245.479
FHW13166	337.500 	 90.917 	 244.873
FHW13166	337.625 	 90.918 	 244.870
FHW13166	337.750 	 90.925 	 244.876
FHW13166	337.875 	 90.911 	 245.065
FHW13166	338.000 	 90.917 	 244.873
FHW13166	338.125 	 90.921 	 245.287
FHW13166	338.250 	 90.911 	 245.065
FHW13166	338.375 	 90.918 	 244.876
FHW13166	338.500 	 90.917 	 244.873
FHW13166	338.625 	 90.918 	 244.870
FHW13166	338.750 	 90.914 	 245.479
FHW13166	338.875 	 90.917 	 244.873
FHW13166	339.000 	 90.918 	 244.873
FHW13166	339.125 	 90.917 	 244.873
FHW13166	339.250 	 90.911 	 245.065
FHW13166	339.375 	 90.917 	 244.873
FHW13166	339.500 	 90.928 	 245.287
FHW13166	339.625 	 90.911 	 245.068
FHW13166	339.750 	 90.917 	 244.873
FHW13166	339.875 	 90.918 	 244.870
FHW13166	340.000 	 90.917 	 244.873
FHW13166	340.125 	 90.914 	 245.479
FHW13166	340.250 	 90.918 	 244.876
FHW13166	340.375 	 90.918 	 244.870
FHW13166	340.500 	 90.917 	 244.873
FHW13166	340.625 	 90.459 	 245.065
FHW13166	340.750 	 90.918 	 244.870
FHW13166	340.875 	 90.921 	 245.293
FHW13166	341.000 	 90.911 	 245.065
FHW13166	341.125 	 90.917 	 244.873
FHW13166	341.250 	 90.918 	 244.870
FHW13166	341.375 	 90.917 	 244.873
FHW13166	341.500 	 90.911 	 245.065
FHW13166	341.625 	 90.921 	 245.290
FHW13166	341.750 	 90.917 	 244.873
FHW13166	341.875 	 90.917 	 244.873
FHW13166	342.000 	 90.911 	 245.065
FHW13166	342.125 	 90.918 	 244.870
FHW13166	342.250 	 90.928 	 245.293
FHW13166	342.375 	 90.911 	 245.065
FHW13166	342.500 	 90.917 	 244.873
FHW13166	342.625 	 90.918 	 244.870
FHW13166	342.750 	 90.917 	 244.873
FHW13166	342.875 	 90.911 	 245.068
FHW13166	343.000 	 90.921 	 245.287
FHW13166	343.125 	 90.917 	 244.873
FHW13166	343.250 	 90.918 	 244.870
FHW13166	343.375 	 90.911 	 245.068
FHW13166	343.500 	 90.918 	 244.873
FHW13166	343.625 	 90.921 	 245.290
FHW13166	343.750 	 90.911 	 245.065
FHW13166	343.875 	 90.918 	 244.870
FHW13166	344.000 	 90.462 	 244.873
FHW13166	344.125 	 90.918 	 244.876
FHW13166	344.250 	 90.911 	 245.065
FHW13166	344.375 	 90.921 	 245.287
FHW13166	344.500 	 90.917 	 244.873
FHW13166	344.625 	 90.918 	 244.870
FHW13166	344.750 	 90.911 	 245.068
FHW13166	344.875 	 90.924 	 244.873
FHW13166	345.000 	 90.921 	 245.290
FHW13166	345.125 	 90.911 	 245.065
FHW13166	345.250 	 90.918 	 244.870
FHW13166	345.375 	 90.917 	 245.900
FHW13166	345.500 	 90.917 	 245.896
FHW13166	345.625 	 90.455 	 245.899
FHW13166	345.750 	 90.924 	 245.900
FHW13166	345.875 	 90.910 	 246.081
FHW13166	346.000 	 90.917 	 245.896
FHW13166	346.125 	 90.455 	 245.900
FHW13166	346.250 	 90.920 	 246.319
FHW13166	346.375 	 90.917 	 245.896
FHW13166	346.500 	 90.462 	 245.900
FHW13166	346.625 	 90.917 	 245.896
FHW13166	346.750 	 90.910 	 246.084
FHW13166	346.875 	 90.917 	 245.900
FHW13166	347.000 	 90.462 	 245.896
FHW13166	347.125 	 90.917 	 245.896
FHW13166	347.250 	 90.917 	 245.900
FHW13166	347.375 	 90.917 	 245.896
FHW13166	347.500 	 90.455 	 245.896
FHW13166	347.625 	 90.917 	 245.900
FHW13166	347.750 	 90.917 	 246.084
FHW13166	347.875 	 90.917 	 245.896
FHW13166	348.000 	 90.455 	 245.900
FHW13166	348.125 	 90.920 	 246.316
FHW13166	348.250 	 90.917 	 245.896
FHW13166	348.375 	 90.462 	 245.900
FHW13166	348.500 	 90.917 	 245.899
FHW13166	348.625 	 90.910 	 246.081
FHW13166	348.750 	 90.917 	 245.900
FHW13166	348.875 	 90.462 	 245.896
FHW13166	349.000 	 90.917 	 245.896
FHW13166	349.125 	 90.917 	 245.902
FHW13166	349.250 	 90.917 	 245.896
FHW13166	349.375 	 90.455 	 245.896
FHW13166	349.500 	 90.910 	 246.084
FHW13166	349.625 	 90.917 	 245.899
FHW13166	349.750 	 90.924 	 245.896
FHW13166	349.875 	 90.455 	 245.900
FHW13166	350.000 	 90.917 	 245.896
FHW13166	350.125 	 90.920 	 246.316
FHW13166	350.250 	 90.462 	 245.900
FHW13166	350.375 	 90.910 	 246.084
FHW13166	350.500 	 90.917 	 245.896
FHW13166	350.625 	 90.917 	 245.900
FHW13166	350.750 	 90.455 	 245.896
FHW13166	350.875 	 90.924 	 245.896
FHW13166	351.000 	 90.917 	 245.900
FHW13166	351.125 	 90.917 	 245.896
FHW13166	351.250 	 90.455 	 245.896
FHW13166	351.375 	 90.910 	 246.087
FHW13166	351.500 	 90.917 	 245.896
FHW13166	351.625 	 90.917 	 245.896
FHW13166	351.750 	 90.462 	 245.900
FHW13166	351.875 	 90.917 	 245.896
FHW13166	352.000 	 90.917 	 245.899
FHW13166	352.125 	 90.464 	 246.320
FHW13166	352.250 	 90.910 	 246.081
FHW13166	352.375 	 90.917 	 245.896
FHW13166	352.500 	 90.917 	 245.902
FHW13166	352.625 	 90.455 	 245.896
FHW13166	352.750 	 90.917 	 245.896
FHW13166	352.875 	 90.924 	 245.900
FHW13166	353.000 	 90.917 	 245.896
FHW13166	353.125 	 90.452 	 246.084
FHW13166	353.250 	 90.917 	 245.900
FHW13166	353.375 	 90.917 	 245.896
FHW13166	353.500 	 90.917 	 245.896
FHW13166	353.625 	 90.462 	 245.900
FHW13166	353.750 	 90.917 	 245.896
FHW13166	353.875 	 90.917 	 245.896
FHW13166	354.000 	 90.460 	 246.504
FHW13166	354.125 	 90.920 	 246.316
FHW13166	354.250 	 90.910 	 246.084
FHW13166	354.375 	 90.920 	 246.320
FHW13166	354.500 	 90.456 	 246.316
FHW13166	354.625 	 90.913 	 246.502
FHW13166	354.750 	 90.924 	 245.899
FHW13166	354.875 	 90.453 	 246.498
FHW13166	355.000 	 90.920 	 246.320
FHW13166	355.125 	 90.913 	 246.501
FHW13166	355.250 	 90.462 	 245.900
FHW13166	355.375 	 90.913 	 246.501
FHW13166	355.500 	 90.920 	 246.316
FHW13166	355.625 	 90.457 	 246.320
FHW13166	355.750 	 90.910 	 246.084
FHW13166	355.875 	 90.927 	 246.316
FHW13166	356.000 	 90.453 	 246.502
FHW13166	356.125 	 90.920 	 246.316
FHW13166	356.250 	 90.913 	 246.504
FHW13166	356.375 	 90.462 	 245.896
FHW13166	356.500 	 90.913 	 246.501
FHW13166	356.625 	 90.920 	 246.320
FHW13166	356.750 	 90.456 	 246.316
FHW13166	356.875 	 90.917 	 246.084
FHW13166	357.000 	 90.920 	 246.320
FHW13166	357.125 	 90.913 	 246.498
FHW13166	357.250 	 90.457 	 246.320
FHW13166	357.375 	 90.910 	 246.084
FHW13166	357.500 	 90.920 	 246.316
FHW13166	357.625 	 90.460 	 246.504
FHW13166	357.750 	 90.920 	 246.316
FHW13166	357.875 	 90.917 	 245.900
FHW13166	358.000 	 90.460 	 246.501
FHW13166	358.125 	 90.920 	 246.316
FHW13166	358.250 	 90.913 	 246.502
FHW13166	358.375 	 90.455 	 245.899
FHW13166	358.500 	 90.913 	 246.498
FHW13166	358.625 	 90.920 	 246.320
FHW13166	358.750 	 90.460 	 246.501
FHW13166	358.875 	 90.920 	 246.320
FHW13166	359.000 	 90.910 	 246.084
FHW13166	359.125 	 90.464 	 246.316
FHW13166	359.250 	 90.920 	 246.320
FHW13166	359.375 	 90.913 	 246.501
FHW13166	359.500 	 90.455 	 245.900
FHW13166	359.625 	 90.913 	 246.498
FHW13166	359.750 	 90.920 	 246.316
FHW13166	359.875 	 90.460 	 246.504
FHW13166	360.000 	 90.917 	 245.896
FHW13166	360.125 	 90.913 	 246.501
FHW13166	360.250 	 90.464 	 246.320
FHW13166	360.375 	 90.920 	 246.316
FHW13166	360.500 	 90.910 	 246.087
FHW13166	360.625 	 90.920 	 246.316
FHW13166	360.750 	 90.453 	 246.498
FHW13166	360.875 	 90.920 	 246.320
FHW13166	361.000 	 90.917 	 246.084
FHW13166	361.125 	 90.457 	 246.320
FHW13166	361.250 	 90.913 	 246.501
FHW13166	361.375 	 90.920 	 246.316
FHW13166	361.500 	 90.464 	 246.320
FHW13166	361.625 	 90.910 	 246.084
FHW13166	361.750 	 90.920 	 246.316
FHW13166	361.875 	 90.453 	 246.502
FHW13166	362.000 	 90.920 	 246.319
FHW13166	362.125 	 90.917 	 246.084
FHW13166	362.250 	 90.456 	 246.316
FHW13166	362.375 	 90.913 	 246.501
FHW13166	362.500 	 90.920 	 246.320
FHW13166	362.625 	 90.462 	 245.896
FHW13166	362.750 	 90.913 	 246.501
FHW13166	362.875 	 90.920 	 246.320
FHW13166	363.000 	 90.453 	 246.501
FHW13166	363.125 	 90.924 	 245.900
FHW13166	363.250 	 91.366 	 246.498
FHW13166	363.375 	 90.920 	 246.316
FHW13166	363.500 	 91.373 	 246.504
FHW13166	363.625 	 91.376 	 246.316
FHW13166	363.750 	 90.920 	 246.504
FHW13166	363.875 	 91.376 	 246.316
FHW13166	364.000 	 91.373 	 246.498
FHW13166	364.125 	 90.920 	 246.322
FHW13166	364.250 	 91.366 	 246.498
FHW13166	364.375 	 91.383 	 246.320
FHW13166	364.500 	 91.373 	 246.501
FHW13166	364.625 	 90.920 	 246.316
FHW13166	364.750 	 91.366 	 246.504
FHW13166	364.875 	 91.373 	 246.498
FHW13166	365.000 	 90.920 	 246.320
FHW13166	365.125 	 91.373 	 246.501
FHW13166	365.250 	 91.376 	 246.316
FHW13166	365.375 	 90.913 	 246.504
FHW13166	365.500 	 91.383 	 246.316
FHW13166	365.625 	 91.366 	 246.504
FHW13166	365.750 	 90.927 	 246.316
FHW13166	365.875 	 91.366 	 246.498
FHW13166	366.000 	 91.383 	 246.320
FHW13166	366.125 	 90.913 	 246.501
FHW13166	366.250 	 91.376 	 246.320
FHW13166	366.375 	 91.373 	 246.501
FHW13166	366.500 	 90.920 	 246.316
FHW13166	366.625 	 91.369 	 246.087
FHW13166	366.750 	 91.376 	 246.316
FHW13166	366.875 	 91.373 	 246.502
FHW13166	367.000 	 90.920 	 246.316
FHW13166	367.125 	 91.373 	 246.501
FHW13166	367.250 	 91.376 	 246.320
FHW13166	367.375 	 90.913 	 246.501
FHW13166	367.500 	 91.383 	 246.320
FHW13166	367.625 	 91.373 	 246.501
FHW13166	367.750 	 90.920 	 246.316
FHW13166	367.875 	 91.366 	 246.502
FHW13166	368.000 	 91.383 	 246.316
FHW13166	368.125 	 90.913 	 246.504
FHW13166	368.250 	 91.366 	 246.501
FHW13166	368.375 	 91.383 	 246.316
FHW13166	368.500 	 90.913 	 246.502
FHW13166	368.625 	 91.383 	 246.319
FHW13166	368.750 	 91.366 	 246.502
FHW13166	368.875 	 90.920 	 246.316
FHW13166	369.000 	 91.373 	 246.501
FHW13166	369.125 	 91.383 	 246.320
FHW13166	369.250 	 91.366 	 246.501
FHW13166	369.375 	 90.920 	 246.320
FHW13166	369.500 	 91.373 	 246.498
FHW13166	369.625 	 91.383 	 246.316
FHW13166	369.750 	 90.913 	 246.504
FHW13166	369.875 	 91.376 	 246.316
FHW13166	370.000 	 91.373 	 246.504
FHW13166	370.125 	 90.920 	 246.316
FHW13166	370.250 	 91.373 	 246.501
FHW13166	370.375 	 91.376 	 246.320
FHW13166	370.500 	 90.910 	 246.081
FHW13166	370.625 	 91.383 	 246.316
FHW13166	370.750 	 91.366 	 246.504
FHW13166	370.875 	 90.927 	 246.316
FHW13166	371.000 	 91.366 	 246.504
FHW13166	371.125 	 91.383 	 246.316
FHW13166	371.250 	 90.913 	 246.501
FHW13166	371.375 	 91.376 	 246.320
FHW13166	371.500 	 91.373 	 246.498
FHW13166	371.625 	 91.373 	 246.504
FHW13166	371.750 	 90.920 	 246.316
FHW13166	371.875 	 91.366 	 246.501
FHW13166	372.000 	 91.383 	 246.320
FHW13166	372.125 	 90.913 	 246.498
FHW13166	372.250 	 91.383 	 246.322
FHW13166	372.375 	 91.366 	 246.498
FHW13166	372.500 	 90.920 	 246.316
FHW13166	372.625 	 91.373 	 246.504
FHW13166	372.750 	 91.376 	 246.316
FHW13166	372.875 	 91.369 	 246.087
FHW13166	373.000 	 90.920 	 246.316
FHW13166	373.125 	 91.383 	 246.316
FHW13166	373.250 	 91.366 	 246.504
FHW13166	373.375 	 91.383 	 246.316
FHW13166	373.500 	 90.913 	 246.502
FHW13166	373.625 	 91.383 	 246.316
FHW13166	373.750 	 91.366 	 246.501
FHW13166	373.875 	 90.917 	 245.900
FHW13166	374.000 	 91.373 	 246.501
FHW13166	374.125 	 91.383 	 246.320
FHW13166	374.250 	 91.366 	 246.501
FHW13166	374.375 	 90.920 	 246.316
FHW13166	374.500 	 91.373 	 246.502
FHW13166	374.625 	 91.376 	 246.316
FHW13166	374.750 	 91.373 	 246.504
FHW13166	374.875 	 90.917 	 245.896
FHW13166	375.000 	 91.373 	 246.501
FHW13166	375.125 	 91.376 	 246.320
FHW13166	375.250 	 91.373 	 246.501
FHW13166	375.375 	 90.920 	 246.316
FHW13166	375.500 	 91.383 	 246.320
FHW13166	375.625 	 91.366 	 246.498
FHW13166	375.750 	 91.379 	 245.900
FHW13166	375.875 	 90.913 	 246.501
FHW13166	376.000 	 91.383 	 246.316
FHW13166	376.125 	 91.366 	 246.504
FHW13166	376.250 	 90.920 	 246.316
FHW13166	376.375 	 91.373 	 246.504
FHW13166	376.500 	 91.376 	 246.316
FHW13166	376.625 	 91.373 	 246.498
FHW13166	376.750 	 90.917 	 245.900
FHW13166	376.875 	 91.373 	 246.501
FHW13166	377.000 	 91.376 	 246.320
FHW13166	377.125 	 91.373 	 246.501
FHW13166	377.250 	 90.920 	 246.316
FHW13166	377.375 	 91.373 	 246.504
FHW13166	377.500 	 91.376 	 246.316
FHW13166	377.625 	 91.369 	 246.081
FHW13166	377.750 	 90.920 	 246.320
FHW13166	377.875 	 91.383 	 246.319
FHW13166	378.000 	 91.366 	 246.502
FHW13166	378.125 	 91.383 	 246.316
FHW13166	378.250 	 90.913 	 246.501
FHW13166	378.375 	 91.376 	 246.320
FHW13166	378.500 	 91.373 	 246.501
FHW13166	378.625 	 91.379 	 245.900
FHW13166	378.750 	 90.913 	 246.498
FHW13166	378.875 	 91.376 	 246.316
FHW13166	379.000 	 91.373 	 246.504
FHW13166	379.125 	 90.920 	 246.316
FHW13166	379.250 	 91.373 	 246.504
FHW13166	379.375 	 91.376 	 246.316
FHW13166	379.500 	 91.373 	 246.501
FHW13166	379.625 	 90.917 	 245.900
FHW13166	379.750 	 91.366 	 246.498
FHW13166	379.875 	 91.383 	 246.320
FHW13166	380.000 	 91.383 	 246.319
FHW13166	380.125 	 90.913 	 246.498
FHW13166	380.250 	 91.376 	 246.320
FHW13166	380.375 	 91.373 	 246.501
FHW13166	380.500 	 91.379 	 245.896
FHW13166	380.625 	 90.913 	 246.504
FHW13166	380.750 	 91.376 	 246.316
FHW13166	380.875 	 91.373 	 246.502
FHW13166	381.000 	 91.383 	 246.319
FHW13166	381.125 	 90.913 	 246.498
FHW13166	381.250 	 91.376 	 246.320
FHW13166	381.375 	 91.373 	 246.501
FHW13166	381.500 	 90.917 	 245.900
FHW13166	381.625 	 90.913 	 246.501
FHW13166	381.750 	 90.917 	 245.896
FHW13166	381.875 	 90.464 	 246.320
FHW13166	382.000 	 90.455 	 245.896
FHW13166	382.125 	 90.910 	 246.084
FHW13166	382.250 	 90.464 	 246.320
FHW13166	382.375 	 90.455 	 245.896
FHW13166	382.500 	 90.920 	 246.316
FHW13166	382.625 	 90.459 	 246.087
FHW13166	382.750 	 90.455 	 245.896
FHW13166	382.875 	 90.920 	 246.320
FHW13166	383.000 	 90.459 	 246.081
FHW13166	383.125 	 90.462 	 245.899
FHW13166	383.250 	 90.920 	 246.320
FHW13166	383.375 	 90.455 	 245.896
FHW13166	383.500 	 90.910 	 246.081
FHW13166	383.625 	 90.464 	 246.320
FHW13166	383.750 	 90.455 	 245.899
FHW13166	383.875 	 90.917 	 245.896
FHW13166	384.000 	 90.460 	 246.502
FHW13166	384.125 	 90.455 	 245.896
FHW13166	384.250 	 90.920 	 246.319
FHW13166	384.375 	 90.459 	 246.084
FHW13166	384.500 	 90.462 	 245.896
FHW13166	384.625 	 90.920 	 246.316
FHW13166	384.750 	 90.455 	 245.900
FHW13166	384.875 	 90.459 	 246.084
FHW13166	385.000 	 90.920 	 246.320
FHW13166	385.125 	 90.455 	 245.896
FHW13166	385.250 	 90.462 	 245.896
FHW13166	385.375 	 90.913 	 246.504
FHW13166	385.500 	 90.455 	 245.896
FHW13166	385.625 	 90.464 	 246.316
FHW13166	385.750 	 90.910 	 246.087
FHW13166	385.875 	 90.462 	 245.896
FHW13166	386.000 	 90.456 	 246.316
FHW13166	386.125 	 90.917 	 245.900
FHW13166	386.250 	 90.459 	 246.084
FHW13166	386.375 	 90.456 	 246.316
FHW13166	386.500 	 90.917 	 245.900
FHW13166	386.625 	 90.459 	 246.084
FHW13166	386.750 	 90.456 	 246.316
FHW13166	386.875 	 90.917 	 245.900
FHW13166	387.000 	 90.462 	 245.896
FHW13166	387.125 	 90.460 	 246.504
FHW13166	387.250 	 90.917 	 245.896
FHW13166	387.375 	 90.456 	 246.316
FHW13166	387.500 	 90.462 	 245.900
FHW13166	387.625 	 90.910 	 246.084
FHW13166	387.750 	 90.456 	 246.316
FHW13166	387.875 	 90.462 	 245.900
FHW13166	388.000 	 90.910 	 246.081
FHW13166	388.125 	 90.456 	 246.319
FHW13166	388.250 	 90.462 	 245.900
FHW13166	388.375 	 90.917 	 245.896
FHW13166	388.500 	 90.460 	 246.498
FHW13166	388.625 	 90.917 	 245.902
FHW13166	388.750 	 90.456 	 246.316
FHW13166	388.875 	 90.462 	 245.896
FHW13166	389.000 	 90.910 	 246.084
FHW13166	389.125 	 90.456 	 246.316
FHW13166	389.250 	 90.462 	 245.902
FHW13166	389.375 	 90.910 	 246.081
FHW13166	389.500 	 90.456 	 246.316
FHW13166	389.625 	 90.462 	 245.900
FHW13166	389.750 	 90.917 	 245.899
FHW13166	389.875 	 90.460 	 246.498
FHW13166	390.000 	 90.455 	 245.900
FHW13166	390.125 	 90.917 	 245.896
FHW13166	390.250 	 90.464 	 246.316
FHW13166	390.375 	 90.452 	 246.087
FHW13166	390.500 	 90.920 	 246.316
FHW13166	390.625 	 90.462 	 245.896
FHW13166	390.750 	 90.455 	 245.900
FHW13166	390.875 	 90.000 	 246.084
FHW13166	391.000 	 90.464 	 246.320
FHW13166	391.125 	 90.462 	 245.896
FHW13166	391.250 	 90.455 	 245.896
FHW13166	391.375 	 90.459 	 246.084
FHW13166	391.500 	 90.457 	 246.320
FHW13166	391.625 	 90.462 	 245.896
FHW13166	391.750 	 90.455 	 245.900
FHW13166	391.875 	 90.459 	 246.084
FHW13166	392.000 	 90.456 	 246.316
FHW13166	392.125 	 90.462 	 245.900
FHW13166	392.250 	 90.455 	 245.896
FHW13166	392.375 	 90.459 	 246.084
FHW13166	392.500 	 90.457 	 246.320
FHW13166	392.625 	 90.462 	 245.896
FHW13166	392.750 	 90.462 	 245.896
FHW13166	392.875 	 90.455 	 245.900
FHW13166	393.000 	 90.460 	 246.501
FHW13166	393.125 	 90.455 	 245.896
FHW13166	393.250 	 90.462 	 245.900
FHW13166	393.375 	 90.456 	 246.316
FHW13166	393.500 	 90.459 	 246.084
FHW13166	393.625 	 90.455 	 245.900
FHW13166	393.750 	 90.462 	 245.896
FHW13166	393.875 	 90.456 	 246.316
FHW13166	394.000 	 90.000 	 246.087
FHW13166	394.125 	 90.462 	 245.896
FHW13166	394.250 	 90.455 	 245.896
FHW13166	394.375 	 90.464 	 246.320
FHW13166	394.500 	 90.455 	 245.896
FHW13166	394.625 	 90.459 	 246.087
FHW13166	394.750 	 90.462 	 245.896
FHW13166	394.875 	 90.456 	 246.316
FHW13166	395.000 	 90.462 	 245.900
FHW13166	395.125 	 90.452 	 246.084
FHW13166	395.250 	 90.462 	 245.896
FHW13166	395.375 	 90.457 	 246.320
FHW13166	395.500 	 90.462 	 245.896
FHW13166	395.625 	 90.452 	 246.084
FHW13166	395.750 	 90.462 	 245.900
FHW13166	395.875 	 90.456 	 246.316
FHW13166	396.000 	 90.462 	 245.896
FHW13166	396.125 	 90.452 	 246.087
FHW13166	396.250 	 90.462 	 245.896
FHW13166	396.375 	 90.464 	 246.316
FHW13166	396.500 	 90.455 	 245.900
FHW13166	396.625 	 90.462 	 245.896
FHW13166	396.750 	 90.453 	 246.501
FHW13166	396.875 	 90.462 	 245.900
FHW13166	397.000 	 90.455 	 245.896
FHW13166	397.125 	 90.000 	 245.896
FHW13166	397.250 	 90.460 	 246.504
FHW13166	397.375 	 90.455 	 245.896
FHW13166	397.500 	 90.462 	 245.896
FHW13166	397.625 	 90.455 	 245.900
FHW13166	397.750 	 90.460 	 246.501
FHW13166	397.875 	 90.455 	 245.900
FHW13166	398.000 	 90.462 	 245.896
FHW13166	398.125 	 90.455 	 245.896
FHW13166	398.250 	 90.460 	 246.504
FHW13166	398.375 	 90.462 	 245.896
FHW13166	398.500 	 90.455 	 245.896
FHW13166	398.625 	 90.462 	 245.900
FHW13166	398.750 	 90.456 	 246.316
FHW13166	398.875 	 90.459 	 246.084
FHW13166	399.000 	 90.455 	 245.900
FHW13166	399.125 	 90.462 	 245.896
FHW13166	399.250 	 90.456 	 246.316
FHW13166	399.375 	 90.459 	 246.087
FHW13166	399.500 	 90.000 	 245.896
FHW13166	399.625 	 90.455 	 245.896
FHW13166	399.750 	 90.464 	 246.320
FHW13166	399.875 	 90.452 	 246.084
FHW13166	400.000 	 90.462 	 245.896
FHW13166	400.125 	 90.000 	 246.320
FHW13166	400.250 	 90.462 	 245.896
FHW13166	400.375 	 90.455 	 245.896
FHW13166	400.500 	 90.459 	 246.087
FHW13166	400.625 	 90.000 	 246.316
FHW13166	400.750 	 90.455 	 245.900
FHW13166	400.875 	 90.462 	 245.896
FHW13166	401.000 	 90.452 	 246.084
FHW13166	401.125 	 90.464 	 246.320
FHW13166	401.250 	 90.000 	 245.896
FHW13166	401.375 	 90.455 	 245.896
FHW13166	401.500 	 90.459 	 246.087
FHW13166	401.625 	 90.456 	 246.316
FHW13166	401.750 	 90.000 	 245.896
FHW13166	401.875 	 90.462 	 245.900
FHW13166	402.000 	 90.452 	 246.084
FHW13166	402.125 	 90.464 	 246.316
FHW13166	402.250 	 90.455 	 245.900
FHW13166	402.375 	 90.000 	 245.896
FHW13166	402.500 	 90.462 	 245.896
FHW13166	402.625 	 90.460 	 246.504
FHW13166	402.750 	 90.455 	 245.896
FHW13166	402.875 	 90.000 	 245.896
FHW13166	403.000 	 90.462 	 245.900
FHW13166	403.125 	 90.453 	 246.501
FHW13166	403.250 	 90.462 	 245.896
FHW13166	403.375 	 90.000 	 245.900
FHW13166	403.500 	 90.456 	 246.316
FHW13166	403.625 	 90.459 	 246.087
FHW13166	403.750 	 90.455 	 245.896
FHW13166	403.875 	 90.462 	 245.896
FHW13166	404.000 	 90.000 	 246.320
FHW13166	404.125 	 90.452 	 246.084
FHW13166	404.250 	 90.462 	 245.896
FHW13166	404.375 	 90.455 	 245.900
FHW13166	404.500 	 90.000 	 246.316
FHW13166	404.625 	 90.462 	 245.896
FHW13166	404.750 	 90.459 	 246.087
FHW13166	404.875 	 90.455 	 245.896
FHW13166	405.000 	 90.464 	 246.316
FHW13166	405.125 	 90.000 	 245.900
FHW13166	405.250 	 90.452 	 246.084
FHW13166	405.375 	 90.462 	 245.896
FHW13166	405.500 	 90.457 	 246.320
FHW13166	405.625 	 90.000 	 245.896
FHW13166	405.750 	 90.459 	 246.081
FHW13166	405.875 	 90.455 	 245.902
FHW13166	406.000 	 90.464 	 246.316
FHW13166	406.125 	 90.000 	 245.896
FHW13166	406.250 	 90.452 	 246.084
FHW13166	406.375 	 90.462 	 245.899
FHW13166	406.500 	 90.456 	 246.316
FHW13166	406.625 	 90.462 	 245.900
FHW13166	406.750 	 90.000 	 245.896
FHW13166	406.875 	 90.452 	 246.081
FHW13166	407.000 	 90.463 	 246.322
FHW13166	407.125 	 90.462 	 245.896
FHW13166	407.250 	 90.000 	 245.900
FHW13166	407.375 	 90.453 	 246.498
FHW13166	407.500 	 90.462 	 245.899
FHW13166	407.625 	 90.455 	 245.900
FHW13166	407.750 	 90.462 	 245.896
FHW13166	407.875 	 90.000 	 246.498
FHW13166	408.000 	 90.455 	 245.900
FHW13166	408.125 	 90.462 	 245.899
FHW13166	408.250 	 90.455 	 245.896
FHW13166	408.375 	 90.000 	 246.502
FHW13166	408.500 	 89.545 	 245.896
FHW13166	408.625 	 90.000 	 245.899
FHW13166	408.750 	 89.536 	 246.320
FHW13166	408.875 	 89.548 	 246.081
FHW13166	409.000 	 89.538 	 245.896
FHW13166	409.125 	 90.000 	 246.320
FHW13166	409.250 	 89.545 	 245.899
FHW13166	409.375 	 89.540 	 246.502
FHW13166	409.500 	 90.000 	 245.896
FHW13166	409.625 	 89.545 	 245.896
FHW13166	409.750 	 89.540 	 246.504
FHW13166	409.875 	 89.538 	 245.896
FHW13166	410.000 	 90.000 	 245.896
FHW13166	410.125 	 89.543 	 246.320
FHW13166	410.250 	 89.541 	 246.084
FHW13166	410.375 	 89.545 	 245.896
FHW13166	410.500 	 90.000 	 246.320
FHW13166	410.625 	 89.541 	 246.084
FHW13166	410.750 	 89.545 	 245.896
FHW13166	410.875 	 90.000 	 246.320
FHW13166	411.000 	 89.538 	 245.896
FHW13166	411.125 	 89.547 	 246.501
FHW13166	411.250 	 89.538 	 245.900
FHW13166	411.375 	 90.000 	 245.896
FHW13166	411.500 	 89.547 	 246.504
FHW13166	411.625 	 89.538 	 245.896
FHW13166	411.750 	 90.000 	 245.896
FHW13166	411.875 	 89.543 	 246.320
FHW13166	412.000 	 89.541 	 246.084
FHW13166	412.125 	 89.545 	 245.896
FHW13166	412.250 	 90.000 	 246.320
FHW13166	412.375 	 89.538 	 245.896
FHW13166	412.500 	 89.541 	 246.084
FHW13166	412.625 	 90.000 	 246.320
FHW13166	412.750 	 89.545 	 245.896
FHW13166	412.875 	 89.540 	 246.498
FHW13166	413.000 	 89.545 	 245.902
FHW13166	413.125 	 90.000 	 245.896
FHW13166	413.250 	 89.536 	 246.316
FHW13166	413.375 	 89.548 	 246.084
FHW13166	413.500 	 89.538 	 245.896
FHW13166	413.625 	 90.000 	 246.322
FHW13166	413.750 	 89.548 	 246.081
FHW13166	413.875 	 89.538 	 245.896
FHW13166	414.000 	 90.000 	 246.320
FHW13166	414.125 	 89.545 	 245.899
FHW13166	414.250 	 89.541 	 246.081
FHW13166	414.375 	 89.543 	 246.320
FHW13166	414.500 	 90.000 	 245.896
FHW13166	414.625 	 89.537 	 246.319
FHW13166	414.750 	 89.541 	 246.084
FHW13166	414.875 	 90.000 	 245.896
FHW13166	415.000 	 89.544 	 246.316
FHW13166	415.125 	 89.541 	 246.087
FHW13166	415.250 	 89.545 	 245.896
FHW13166	415.375 	 90.000 	 246.316
FHW13166	415.500 	 89.538 	 245.900
FHW13166	415.625 	 89.548 	 246.084
FHW13166	415.750 	 90.000 	 246.320
FHW13166	415.875 	 89.538 	 245.896
FHW13166	416.000 	 89.547 	 246.501
FHW13166	416.125 	 89.538 	 245.897
FHW13166	416.250 	 90.000 	 245.899
FHW13166	416.375 	 89.544 	 246.319
FHW13166	416.500 	 89.541 	 246.084
FHW13166	416.625 	 90.000 	 245.894
FHW13166	416.750 	 89.544 	 246.319
FHW13166	416.875 	 89.541 	 246.084
FHW13166	417.000 	 89.545 	 245.899
FHW13166	417.125 	 90.000 	 246.314
FHW13166	417.250 	 89.538 	 245.902
FHW13166	417.375 	 89.541 	 246.081
FHW13166	417.500 	 89.544 	 246.322
FHW13166	417.625 	 89.083 	 245.894
FHW13166	417.750 	 89.538 	 245.899
FHW13166	417.875 	 89.090 	 246.081
FHW13166	418.000 	 89.544 	 246.322
FHW13166	418.125 	 89.538 	 245.894
FHW13166	418.250 	 89.083 	 245.902
FHW13166	418.375 	 89.545 	 245.894
FHW13166	418.500 	 89.080 	 246.504
FHW13166	418.625 	 89.545 	 245.897
FHW13166	418.750 	 89.538 	 245.899
FHW13166	418.875 	 89.080 	 246.314
FHW13166	419.000 	 89.548 	 246.090
FHW13166	419.125 	 89.083 	 245.894
FHW13166	419.250 	 89.538 	 245.899
FHW13166	419.375 	 89.543 	 246.317
FHW13166	419.500 	 89.090 	 246.087
FHW13166	419.625 	 89.538 	 245.894
FHW13166	419.750 	 89.083 	 245.902
FHW13166	419.875 	 89.536 	 246.314
FHW13166	420.000 	 89.545 	 245.899
FHW13166	420.125 	 89.090 	 246.084
FHW13166	420.250 	 89.538 	 245.899
FHW13166	420.375 	 89.080 	 246.314
FHW13166	420.500 	 89.545 	 245.902
FHW13166	420.625 	 89.541 	 246.081
FHW13166	420.750 	 89.083 	 245.899
FHW13166	420.875 	 89.543 	 246.317
FHW13166	421.000 	 89.076 	 245.899
FHW13166	421.125 	 89.548 	 246.084
FHW13166	421.250 	 89.538 	 245.899
FHW13166	421.375 	 89.080 	 246.314
FHW13166	421.500 	 89.545 	 245.902
FHW13166	421.625 	 89.083 	 245.894
FHW13166	421.750 	 89.540 	 246.504
FHW13166	421.875 	 89.545 	 245.897
FHW13166	422.000 	 89.083 	 245.899
FHW13166	422.125 	 89.538 	 245.894
FHW13166	422.250 	 89.547 	 246.507
FHW13166	422.375 	 89.076 	 245.894
FHW13166	422.500 	 89.545 	 245.899
FHW13166	422.625 	 89.083 	 245.897
FHW13166	422.750 	 89.537 	 246.319
FHW13166	422.875 	 89.548 	 246.081
FHW13166	423.000 	 89.083 	 245.902
FHW13166	423.125 	 89.538 	 245.894
FHW13166	423.250 	 89.080 	 246.319
FHW13166	423.375 	 89.548 	 246.084
FHW13166	423.500 	 89.538 	 245.899
FHW13166	423.625 	 89.083 	 245.894
FHW13166	423.750 	 89.537 	 246.322
FHW13166	423.875 	 89.090 	 246.081
FHW13166	424.000 	 89.545 	 245.899
FHW13166	424.125 	 89.538 	 245.897
FHW13166	424.250 	 89.080 	 246.319
FHW13166	424.375 	 89.548 	 246.084
FHW13166	424.500 	 89.083 	 245.899
FHW13166	424.625 	 89.536 	 246.314
FHW13166	424.750 	 89.538 	 245.902
FHW13166	424.875 	 89.083 	 245.894
FHW13166	425.000 	 89.548 	 246.087
FHW13166	425.125 	 89.080 	 246.317
FHW13166	425.250 	 89.538 	 245.899
FHW13166	425.375 	 89.545 	 245.894
FHW13166	425.500 	 89.090 	 246.090
FHW13166	425.625 	 89.536 	 246.314
FHW13166	425.750 	 89.083 	 245.899
FHW13166	425.875 	 89.545 	 245.897
FHW13166	426.000 	 89.538 	 245.899
FHW13166	426.125 	 89.087 	 246.498
FHW13166	426.250 	 89.538 	 245.902
FHW13166	426.375 	 89.083 	 245.894
FHW13166	426.500 	 89.545 	 245.899
FHW13166	426.625 	 89.540 	 246.502
FHW13166	426.750 	 89.545 	 245.899
FHW13166	426.875 	 90.000 	 246.317
FHW13166	427.000 	 89.541 	 246.087
FHW13166	427.125 	 89.545 	 245.894
FHW13166	427.250 	 89.537 	 246.322
FHW13166	427.375 	 89.545 	 245.894
FHW13166	427.500 	 89.541 	 246.087
FHW13166	427.625 	 90.000 	 246.317
FHW13166	427.750 	 89.538 	 245.899
FHW13166	427.875 	 89.545 	 245.894
FHW13166	428.000 	 89.540 	 246.507
FHW13166	428.125 	 89.545 	 245.894
FHW13166	428.250 	 90.000 	 245.899
FHW13166	428.375 	 89.540 	 246.502
FHW13166	428.500 	 89.545 	 245.899
FHW13166	428.625 	 89.536 	 246.314
FHW13166	428.750 	 89.545 	 245.902
FHW13166	428.875 	 89.541 	 246.081
FHW13166	429.000 	 90.000 	 246.322
FHW13166	429.125 	 89.545 	 245.894
FHW13166	429.250 	 89.541 	 246.081
FHW13166	429.375 	 89.544 	 246.322
FHW13166	429.500 	 89.538 	 245.894
FHW13166	429.625 	 90.000 	 245.899
FHW13166	429.750 	 89.547 	 246.502
FHW13166	429.875 	 89.538 	 245.899
FHW13166	430.000 	 89.538 	 245.894
FHW13166	430.125 	 89.544 	 246.322
FHW13166	430.250 	 89.541 	 246.081
FHW13166	430.375 	 90.000 	 246.319
FHW13166	430.500 	 89.545 	 245.897
FHW13166	430.625 	 89.541 	 246.087
FHW13166	430.750 	 89.543 	 246.317
FHW13166	430.875 	 89.538 	 245.899
FHW13166	431.000 	 90.000 	 245.894
FHW13166	431.125 	 89.547 	 246.507
FHW13166	431.250 	 89.538 	 245.894
FHW13166	431.375 	 89.545 	 245.899
FHW13166	431.500 	 89.540 	 246.502
FHW13166	431.625 	 89.545 	 245.899
FHW13166	431.750 	 90.000 	 246.314
FHW13166	431.875 	 89.538 	 245.902
FHW13166	432.000 	 89.541 	 246.081
FHW13166	432.125 	 89.544 	 246.319
FHW13166	432.250 	 89.538 	 245.897
FHW13166	432.375 	 90.000 	 246.087
FHW13166	432.500 	 89.543 	 246.314
FHW13166	432.625 	 89.538 	 245.902
FHW13166	432.750 	 89.545 	 245.894
FHW13166	432.875 	 89.540 	 246.507
FHW13166	433.000 	 89.545 	 245.894
FHW13166	433.125 	 90.000 	 245.899
FHW13166	433.250 	 89.536 	 246.317
FHW13166	433.375 	 89.548 	 246.087
FHW13166	433.500 	 89.536 	 246.314
FHW13166	433.625 	 89.545 	 245.902
FHW13166	433.750 	 90.000 	 246.081
FHW13166	433.875 	 89.536 	 246.314
FHW13166	434.000 	 89.545 	 245.902
FHW13166	434.125 	 89.538 	 245.899
FHW13166	434.250 	 89.540 	 246.498
FHW13166	434.375 	 89.545 	 245.897
FHW13166	434.500 	 90.000 	 245.899
FHW13166	434.625 	 89.540 	 246.498
FHW13166	434.750 	 89.545 	 245.902
FHW13166	434.875 	 89.538 	 245.894
FHW13166	435.000 	 89.544 	 246.322
FHW13166	435.125 	 90.000 	 246.081
FHW13166	435.250 	 89.537 	 246.319
FHW13166	435.375 	 89.545 	 245.897
FHW13166	435.500 	 90.000 	 246.087
FHW13166	435.625 	 90.000 	 246.314
FHW13166	435.750 	 90.000 	 246.322
FHW13166	435.875 	 90.000 	 246.081
FHW13166	436.000 	 90.000 	 246.319
FHW13166	436.125 	 90.000 	 246.502
FHW13166	436.250 	 90.000 	 245.899
FHW13166	436.375 	 90.000 	 246.317
FHW13166	436.500 	 90.000 	 246.498
FHW13166	436.625 	 90.000 	 245.899
FHW13166	436.750 	 90.000 	 246.502
FHW13166	436.875 	 90.000 	 246.319
FHW13166	437.000 	 90.000 	 246.081
FHW13166	437.125 	 90.000 	 246.322
FHW13166	437.250 	 90.000 	 246.314
FHW13166	437.375 	 90.000 	 246.090
FHW13166	437.500 	 90.000 	 246.314
FHW13166	437.625 	 90.000 	 246.498
FHW13166	437.750 	 90.000 	 245.902
FHW13166	437.875 	 90.000 	 246.319
FHW13166	438.000 	 90.000 	 246.498
FHW13166	438.125 	 90.000 	 245.897
FHW13166	438.250 	 90.000 	 246.504
FHW13166	438.375 	 90.000 	 246.317
FHW13166	438.500 	 90.000 	 245.899
FHW13166	438.625 	 90.000 	 246.498
FHW13166	438.750 	 90.000 	 245.902
FHW13166	438.875 	 90.000 	 246.498
FHW13166	439.000 	 90.000 	 246.319
FHW13166	439.125 	 90.000 	 246.084
FHW13166	439.250 	 90.000 	 246.319
FHW13166	439.375 	 90.000 	 246.317
FHW13166	439.500 	 90.000 	 246.081
FHW13166	439.625 	 90.000 	 246.319
FHW13166	439.750 	 90.000 	 246.502
FHW13166	439.875 	 90.000 	 245.899
FHW13166	440.000 	 90.000 	 246.314
FHW13166	440.125 	 90.000 	 246.507
FHW13166	440.250 	 90.000 	 245.894
FHW13166	440.375 	 90.000 	 246.507
FHW13166	440.500 	 90.000 	 246.314
FHW13166	440.625 	 90.000 	 246.081
FHW13166	440.750 	 90.000 	 246.322
FHW13166	440.875 	 90.000 	 246.319
FHW13166	441.000 	 90.000 	 246.081
FHW13166	441.125 	 90.000 	 246.317
FHW13166	441.250 	 90.000 	 246.504
FHW13166	441.375 	 90.000 	 245.897
FHW13166	441.500 	 90.000 	 246.319
FHW13166	441.625 	 90.000 	 246.498
FHW13166	441.750 	 90.000 	 245.902
FHW13166	441.875 	 90.000 	 246.498
FHW13166	442.000 	 90.000 	 246.319
FHW13166	442.125 	 90.000 	 246.084
FHW13166	442.250 	 90.000 	 246.314
FHW13166	442.375 	 90.000 	 246.322
FHW13166	442.500 	 90.000 	 246.081
FHW13166	442.625 	 90.000 	 246.319
FHW13166	442.750 	 90.000 	 246.502
FHW13166	442.875 	 90.000 	 245.899
FHW13166	443.000 	 90.000 	 246.314
FHW13166	443.125 	 90.000 	 246.090
FHW13166	443.250 	 90.000 	 246.314
FHW13166	443.375 	 90.000 	 246.502
FHW13166	443.500 	 90.000 	 245.899
FHW13166	443.625 	 90.000 	 246.319
FHW13166	443.750 	 90.000 	 246.502
FHW13166	443.875 	 90.000 	 245.894
FHW13166	444.000 	 90.000 	 246.504
FHW13166	444.125 	 90.000 	 246.317
FHW13166	444.250 	 90.000 	 246.087
FHW13166	444.375 	 90.000 	 246.317
FHW13166	444.500 	 90.000 	 246.319
FHW13166	444.625 	 90.000 	 246.081
FHW13166	444.750 	 90.456 	 246.322
FHW13166	444.875 	 90.462 	 245.894
FHW13166	445.000 	 90.455 	 245.899
FHW13166	445.125 	 90.459 	 246.084
FHW13166	445.250 	 90.456 	 246.319
FHW13166	445.375 	 90.462 	 245.894
FHW13166	445.500 	 90.455 	 245.902
FHW13166	445.625 	 90.459 	 246.081
FHW13166	445.750 	 90.463 	 246.319
FHW13166	445.875 	 90.455 	 245.897
FHW13166	446.000 	 90.462 	 245.899
FHW13166	446.125 	 90.452 	 246.081
FHW13166	446.250 	 90.463 	 246.322
FHW13166	446.375 	 90.455 	 245.894
FHW13166	446.500 	 90.462 	 245.902
FHW13166	446.625 	 90.455 	 245.894
FHW13166	446.750 	 90.460 	 246.504
FHW13166	446.875 	 90.455 	 245.897
FHW13166	447.000 	 90.462 	 245.899
FHW13166	447.125 	 90.455 	 245.894
FHW13166	447.250 	 90.000 	 246.502
FHW13166	447.375 	 90.462 	 245.899
FHW13166	447.500 	 90.455 	 245.899
FHW13166	447.625 	 90.462 	 245.897
FHW13166	447.750 	 90.460 	 246.498
FHW13166	447.875 	 90.455 	 245.899
FHW13166	448.000 	 90.462 	 245.902
FHW13166	448.125 	 90.457 	 246.314
FHW13166	448.250 	 90.462 	 245.899
FHW13166	448.375 	 90.452 	 246.084
FHW13166	448.500 	 90.462 	 245.899
FHW13166	448.625 	 90.457 	 246.314
FHW13166	448.750 	 90.462 	 245.902
FHW13166	448.875 	 90.452 	 246.084
FHW13166	449.000 	 90.462 	 245.896
FHW13166	449.125 	 90.457 	 246.314
FHW13166	449.250 	 90.462 	 245.902
FHW13166	449.375 	 90.459 	 246.084
FHW13166	449.500 	 90.455 	 245.896
FHW13166	449.625 	 90.464 	 246.320
FHW13166	449.750 	 90.455 	 245.896
FHW13166	449.875 	 90.459 	 246.084
FHW13166	450.000 	 90.455 	 245.897
FHW13166	450.125 	 90.463 	 246.319
FHW13166	450.250 	 90.455 	 245.896
FHW13166	450.375 	 90.462 	 245.897
FHW13166	450.500 	 90.452 	 246.084
FHW13166	450.625 	 90.463 	 246.319
FHW13166	450.750 	 90.455 	 245.902
FHW13166	450.875 	 90.462 	 245.890
FHW13166	451.000 	 90.452 	 246.084
FHW13166	451.125 	 90.463 	 246.319
FHW13166	451.250 	 90.462 	 245.902
FHW13166	451.375 	 90.455 	 245.897
FHW13166	451.500 	 90.460 	 246.498
FHW13166	451.625 	 90.455 	 245.896
FHW13166	451.750 	 90.462 	 245.902
FHW13166	451.875 	 90.455 	 245.897
FHW13166	452.000 	 90.460 	 246.498
FHW13166	452.125 	 90.455 	 245.902
FHW13166	452.250 	 90.462 	 245.890
FHW13166	452.375 	 90.455 	 245.902
FHW13166	452.500 	 90.463 	 246.319
FHW13166	452.625 	 90.452 	 246.084
FHW13166	452.750 	 90.462 	 245.890
FHW13166	452.875 	 90.462 	 245.902
FHW13166	453.000 	 90.456 	 246.319
FHW13166	453.125 	 90.459 	 246.084
FHW13166	453.250 	 90.455 	 245.897
FHW13166	453.375 	 90.462 	 245.896
FHW13166	453.500 	 90.456 	 246.319
FHW13166	453.625 	 90.459 	 246.084
FHW13166	453.750 	 90.455 	 245.897
FHW13166	453.875 	 90.462 	 245.896
FHW13166	454.000 	 90.456 	 246.326
FHW13166	454.125 	 90.462 	 245.890
FHW13166	454.250 	 90.452 	 246.084
FHW13166	454.375 	 90.462 	 245.902
FHW13166	454.500 	 90.917 	 245.890
FHW13166	454.625 	 90.917 	 245.902
FHW13166	454.750 	 90.917 	 245.902
FHW13166	454.875 	 90.917 	 245.890
FHW13166	455.000 	 90.917 	 245.902
FHW13166	455.125 	 90.462 	 245.897
FHW13166	455.250 	 90.917 	 245.896
FHW13166	455.375 	 90.910 	 246.084
FHW13166	455.500 	 90.917 	 245.902
FHW13166	455.625 	 90.917 	 245.890
FHW13166	455.750 	 90.917 	 245.902
FHW13166	455.875 	 90.462 	 245.897
FHW13166	456.000 	 90.917 	 245.896
FHW13166	456.125 	 90.917 	 245.897
FHW13166	456.250 	 90.917 	 245.902
FHW13166	456.375 	 90.917 	 245.896
FHW13166	456.500 	 90.917 	 245.897
FHW13166	456.625 	 90.462 	 245.902
FHW13166	456.750 	 90.907 	 245.666
FHW13166	456.875 	 90.917 	 245.896
FHW13166	457.000 	 90.917 	 245.897
FHW13166	457.125 	 90.917 	 245.902
FHW13166	457.250 	 90.917 	 245.890
FHW13166	457.375 	 90.462 	 245.902
FHW13166	457.500 	 90.917 	 245.897
FHW13166	457.625 	 90.917 	 245.896
FHW13166	457.750 	 90.917 	 245.897
FHW13166	457.875 	 90.917 	 245.902
FHW13166	458.000 	 90.917 	 245.890
FHW13166	458.125 	 90.452 	 246.090
FHW13166	458.250 	 90.924 	 245.897
FHW13166	458.375 	 90.917 	 245.896
FHW13166	458.500 	 90.917 	 245.897
FHW13166	458.625 	 90.917 	 245.902
FHW13166	458.750 	 90.917 	 245.896
FHW13166	458.875 	 90.455 	 245.897
FHW13166	459.000 	 90.917 	 245.902
FHW13166	459.125 	 90.917 	 245.890
FHW13166	459.250 	 90.924 	 245.902
FHW13166	459.375 	 90.917 	 245.897
FHW13166	459.500 	 90.910 	 246.083
FHW13166	459.625 	 90.455 	 245.897
FHW13166	459.750 	 90.917 	 245.902
FHW13166	459.875 	 90.917 	 245.890
FHW13166	460.000 	 90.917 	 245.902
FHW13166	460.125 	 90.924 	 245.897
FHW13166	460.250 	 90.914 	 245.482
FHW13166	460.375 	 90.455 	 245.896
FHW13166	460.500 	 90.917 	 245.897
FHW13166	460.625 	 90.917 	 245.902
FHW13166	460.750 	 90.917 	 245.890
FHW13166	460.875 	 90.910 	 246.084
FHW13166	461.000 	 90.917 	 245.902
FHW13166	461.125 	 90.462 	 245.896
FHW13166	461.250 	 90.917 	 245.897
FHW13166	461.375 	 90.917 	 245.902
FHW13166	461.500 	 90.917 	 245.890
FHW13166	461.625 	 90.917 	 245.902
FHW13166	461.750 	 90.917 	 245.897
FHW13166	461.875 	 90.462 	 245.896
FHW13166	462.000 	 90.917 	 245.897
FHW13166	462.125 	 90.917 	 245.902
FHW13166	462.250 	 90.910 	 246.078
FHW13166	462.375 	 90.917 	 245.902
FHW13166	462.500 	 90.462 	 245.897
FHW13166	462.625 	 90.917 	 245.896
FHW13166	462.750 	 90.917 	 245.902
FHW13166	462.875 	 90.917 	 245.897
FHW13166	463.000 	 90.917 	 245.896
FHW13166	463.125 	 90.917 	 245.897
FHW13166	463.250 	 90.462 	 245.902
FHW13166	463.375 	 90.917 	 245.890
FHW13166	463.500 	 90.917 	 245.902
FHW13166	463.625 	 90.910 	 246.084
FHW13166	463.750 	 90.914 	 245.482
FHW13166	463.875 	 90.917 	 245.897
FHW13166	464.000 	 90.462 	 245.896
FHW13166	464.125 	 90.917 	 245.897
FHW13166	464.250 	 90.917 	 245.902
FHW13166	464.375 	 90.917 	 245.890
FHW13166	464.500 	 90.917 	 245.902
FHW13166	464.625 	 90.917 	 245.902
FHW13166	464.750 	 90.455 	 245.890
FHW13166	464.875 	 90.924 	 245.902
FHW13166	465.000 	 90.910 	 246.078
FHW13166	465.125 	 90.917 	 245.902
FHW13166	465.250 	 90.917 	 245.897
FHW13166	465.375 	 90.917 	 245.896
FHW13166	465.500 	 90.455 	 245.897
FHW13166	465.625 	 90.917 	 245.902
FHW13166	465.750 	 90.917 	 245.890
FHW13166	465.875 	 90.924 	 245.902
FHW13166	466.000 	 90.917 	 245.897
