#WellName	 Depth.M	 INCL	 AZIM 
WellName	 Depth.M	 INCL	 AZIM 
FHW11239	0.000 	 0.000 	 0.000
FHW11239	0.125 	 0.588 	 0.000
FHW11239	0.250 	 0.588 	 0.000
FHW11239	0.375 	 0.588 	 0.000
FHW11239	0.500 	 0.588 	 0.000
FHW11239	0.625 	 0.588 	 0.000
FHW11239	0.750 	 0.588 	 0.000
FHW11239	0.875 	 0.588 	 0.000
FHW11239	1.000 	 0.588 	 0.000
FHW11239	1.125 	 0.588 	 0.000
FHW11239	1.250 	 0.588 	 0.000
FHW11239	1.375 	 0.588 	 0.000
FHW11239	1.500 	 0.588 	 0.000
FHW11239	1.625 	 0.588 	 0.000
FHW11239	1.750 	 0.588 	 0.000
FHW11239	1.875 	 0.588 	 0.000
FHW11239	2.000 	 0.588 	 0.000
FHW11239	2.125 	 0.588 	 0.000
FHW11239	2.250 	 0.588 	 0.000
FHW11239	2.375 	 0.588 	 0.000
FHW11239	2.500 	 0.588 	 0.000
FHW11239	2.625 	 0.588 	 0.000
FHW11239	2.750 	 0.588 	 0.000
FHW11239	2.875 	 0.588 	 0.000
FHW11239	3.000 	 0.588 	 0.000
FHW11239	3.125 	 0.588 	 0.000
FHW11239	3.250 	 0.588 	 0.000
FHW11239	3.375 	 0.588 	 0.000
FHW11239	3.500 	 0.588 	 0.000
FHW11239	3.625 	 0.588 	 0.000
FHW11239	3.750 	 0.588 	 0.000
FHW11239	3.875 	 0.588 	 0.000
FHW11239	4.000 	 0.588 	 0.000
FHW11239	4.125 	 0.588 	 0.000
FHW11239	4.250 	 0.588 	 0.000
FHW11239	4.375 	 0.588 	 0.000
FHW11239	4.500 	 0.588 	 0.000
FHW11239	4.625 	 0.588 	 0.000
FHW11239	4.750 	 0.588 	 0.000
FHW11239	4.875 	 0.588 	 0.000
FHW11239	5.000 	 0.588 	 0.000
FHW11239	5.125 	 0.588 	 0.000
FHW11239	5.250 	 0.588 	 0.000
FHW11239	5.375 	 0.588 	 0.000
FHW11239	5.500 	 0.588 	 0.000
FHW11239	5.625 	 0.588 	 0.000
FHW11239	5.750 	 0.588 	 0.000
FHW11239	5.875 	 0.588 	 0.000
FHW11239	6.000 	 0.588 	 0.000
FHW11239	6.125 	 0.588 	 0.000
FHW11239	6.250 	 0.588 	 0.000
FHW11239	6.375 	 0.588 	 0.000
FHW11239	6.500 	 0.588 	 0.000
FHW11239	6.625 	 0.588 	 0.000
FHW11239	6.750 	 0.588 	 0.000
FHW11239	6.875 	 0.588 	 0.000
FHW11239	7.000 	 0.588 	 0.000
FHW11239	7.125 	 0.588 	 0.000
FHW11239	7.250 	 0.588 	 0.000
FHW11239	7.375 	 0.588 	 0.000
FHW11239	7.500 	 0.588 	 0.000
FHW11239	7.625 	 0.588 	 0.000
FHW11239	7.750 	 0.588 	 0.000
FHW11239	7.875 	 0.588 	 0.000
FHW11239	8.000 	 0.588 	 0.000
FHW11239	8.125 	 0.588 	 0.000
FHW11239	8.250 	 0.588 	 0.000
FHW11239	8.375 	 0.588 	 0.000
FHW11239	8.500 	 0.588 	 0.000
FHW11239	8.625 	 0.588 	 0.000
FHW11239	8.750 	 0.588 	 0.000
FHW11239	8.875 	 0.588 	 0.000
FHW11239	9.000 	 0.588 	 0.000
FHW11239	9.125 	 0.588 	 0.000
FHW11239	9.250 	 0.588 	 0.000
FHW11239	9.375 	 0.588 	 0.000
FHW11239	9.500 	 0.588 	 0.000
FHW11239	9.625 	 0.588 	 0.000
FHW11239	9.750 	 0.588 	 0.000
FHW11239	9.875 	 0.588 	 0.000
FHW11239	10.000 	 0.588 	 0.000
FHW11239	10.125 	 0.588 	 0.000
FHW11239	10.250 	 0.588 	 0.000
FHW11239	10.375 	 0.588 	 0.000
FHW11239	10.500 	 0.588 	 0.000
FHW11239	10.625 	 0.588 	 0.000
FHW11239	10.750 	 0.588 	 0.000
FHW11239	10.875 	 0.588 	 0.000
FHW11239	11.000 	 0.588 	 0.000
FHW11239	11.125 	 0.588 	 0.000
FHW11239	11.250 	 0.588 	 0.000
FHW11239	11.375 	 0.588 	 0.000
FHW11239	11.500 	 0.588 	 0.000
FHW11239	11.625 	 0.588 	 0.000
FHW11239	11.750 	 0.588 	 0.000
FHW11239	11.875 	 0.588 	 0.000
FHW11239	12.000 	 0.588 	 0.000
FHW11239	12.125 	 0.588 	 0.000
FHW11239	12.250 	 0.588 	 0.000
FHW11239	12.375 	 0.588 	 0.000
FHW11239	12.500 	 0.588 	 0.000
FHW11239	12.625 	 0.588 	 0.000
FHW11239	12.750 	 0.588 	 0.000
FHW11239	12.875 	 0.588 	 0.000
FHW11239	13.000 	 0.588 	 0.000
FHW11239	13.125 	 0.588 	 0.000
FHW11239	13.250 	 0.588 	 0.000
FHW11239	13.375 	 0.588 	 0.000
FHW11239	13.500 	 0.588 	 0.000
FHW11239	13.625 	 0.588 	 0.000
FHW11239	13.750 	 0.588 	 0.000
FHW11239	13.875 	 0.588 	 0.000
FHW11239	14.000 	 0.588 	 0.000
FHW11239	14.125 	 0.588 	 0.000
FHW11239	14.250 	 0.588 	 0.000
FHW11239	14.375 	 0.588 	 0.000
FHW11239	14.500 	 0.588 	 0.000
FHW11239	14.625 	 0.588 	 0.000
FHW11239	14.750 	 0.588 	 0.000
FHW11239	14.875 	 0.588 	 0.000
FHW11239	15.000 	 0.588 	 0.000
FHW11239	15.125 	 0.588 	 0.000
FHW11239	15.250 	 0.588 	 0.000
FHW11239	15.375 	 0.588 	 0.000
FHW11239	15.500 	 0.588 	 0.000
FHW11239	15.625 	 0.588 	 0.000
FHW11239	15.750 	 0.588 	 0.000
FHW11239	15.875 	 0.588 	 0.000
FHW11239	16.000 	 0.588 	 0.000
FHW11239	16.125 	 0.588 	 0.000
FHW11239	16.250 	 0.588 	 0.000
FHW11239	16.375 	 0.588 	 0.000
FHW11239	16.500 	 0.588 	 0.000
FHW11239	16.625 	 0.588 	 0.000
FHW11239	16.750 	 0.588 	 0.000
FHW11239	16.875 	 0.588 	 0.000
FHW11239	17.000 	 0.588 	 0.000
FHW11239	17.125 	 0.588 	 0.000
FHW11239	17.250 	 0.588 	 0.000
FHW11239	17.375 	 0.588 	 0.000
FHW11239	17.500 	 0.588 	 0.000
FHW11239	17.625 	 0.588 	 0.000
FHW11239	17.750 	 0.588 	 0.000
FHW11239	17.875 	 0.588 	 0.000
FHW11239	18.000 	 0.588 	 0.000
FHW11239	18.125 	 0.588 	 0.000
FHW11239	18.250 	 0.588 	 0.000
FHW11239	18.375 	 0.588 	 0.000
FHW11239	18.500 	 0.588 	 0.000
FHW11239	18.625 	 0.588 	 0.000
FHW11239	18.750 	 0.588 	 0.000
FHW11239	18.875 	 0.588 	 0.000
FHW11239	19.000 	 0.588 	 0.000
FHW11239	19.125 	 0.588 	 0.000
FHW11239	19.250 	 0.588 	 0.000
FHW11239	19.375 	 0.588 	 0.000
FHW11239	19.500 	 0.588 	 0.000
FHW11239	19.625 	 0.588 	 0.000
FHW11239	19.750 	 0.588 	 0.000
FHW11239	19.875 	 0.588 	 0.000
FHW11239	20.000 	 0.588 	 0.000
FHW11239	20.125 	 0.588 	 0.000
FHW11239	20.250 	 0.588 	 0.000
FHW11239	20.375 	 0.588 	 0.000
FHW11239	20.500 	 0.588 	 0.000
FHW11239	20.625 	 0.588 	 0.000
FHW11239	20.750 	 0.588 	 0.000
FHW11239	20.875 	 0.588 	 0.000
FHW11239	21.000 	 0.588 	 0.000
FHW11239	21.125 	 0.588 	 0.000
FHW11239	21.250 	 0.588 	 0.000
FHW11239	21.375 	 0.588 	 0.000
FHW11239	21.500 	 0.588 	 0.000
FHW11239	21.625 	 0.588 	 0.000
FHW11239	21.750 	 0.588 	 0.000
FHW11239	21.875 	 0.588 	 0.000
FHW11239	22.000 	 0.588 	 0.000
FHW11239	22.125 	 0.588 	 0.000
FHW11239	22.250 	 0.588 	 0.000
FHW11239	22.375 	 0.588 	 0.000
FHW11239	22.500 	 0.588 	 0.000
FHW11239	22.625 	 0.588 	 0.000
FHW11239	22.750 	 0.588 	 0.000
FHW11239	22.875 	 0.588 	 0.000
FHW11239	23.000 	 0.588 	 0.000
FHW11239	23.125 	 0.588 	 0.000
FHW11239	23.250 	 0.588 	 0.000
FHW11239	23.375 	 0.588 	 0.000
FHW11239	23.500 	 0.588 	 0.000
FHW11239	23.625 	 0.588 	 0.000
FHW11239	23.750 	 0.588 	 0.000
FHW11239	23.875 	 0.588 	 0.000
FHW11239	24.000 	 0.588 	 0.000
FHW11239	24.125 	 0.588 	 0.000
FHW11239	24.250 	 0.588 	 0.000
FHW11239	24.375 	 0.588 	 0.000
FHW11239	24.500 	 0.588 	 0.000
FHW11239	24.625 	 0.588 	 0.000
FHW11239	24.750 	 0.588 	 0.000
FHW11239	24.875 	 0.588 	 0.000
FHW11239	25.000 	 0.588 	 0.000
FHW11239	25.125 	 0.588 	 0.000
FHW11239	25.250 	 0.588 	 0.000
FHW11239	25.375 	 0.588 	 0.000
FHW11239	25.500 	 0.588 	 0.000
FHW11239	25.625 	 0.588 	 0.000
FHW11239	25.750 	 0.588 	 0.000
FHW11239	25.875 	 0.588 	 0.000
FHW11239	26.000 	 0.588 	 0.000
FHW11239	26.125 	 0.588 	 0.000
FHW11239	26.250 	 0.588 	 0.000
FHW11239	26.375 	 0.588 	 0.000
FHW11239	26.500 	 0.588 	 0.000
FHW11239	26.625 	 0.588 	 0.000
FHW11239	26.750 	 0.588 	 0.000
FHW11239	26.875 	 0.588 	 0.000
FHW11239	27.000 	 0.588 	 0.000
FHW11239	27.125 	 0.588 	 0.000
FHW11239	27.250 	 0.588 	 0.000
FHW11239	27.375 	 0.588 	 0.000
FHW11239	27.500 	 0.588 	 0.000
FHW11239	27.625 	 0.588 	 0.000
FHW11239	27.750 	 0.588 	 0.000
FHW11239	27.875 	 0.588 	 0.000
FHW11239	28.000 	 0.588 	 0.000
FHW11239	28.125 	 0.588 	 0.000
FHW11239	28.250 	 0.588 	 0.000
FHW11239	28.375 	 0.588 	 0.000
FHW11239	28.500 	 0.588 	 0.000
FHW11239	28.625 	 0.588 	 0.000
FHW11239	28.750 	 0.588 	 0.000
FHW11239	28.875 	 0.588 	 0.000
FHW11239	29.000 	 0.588 	 0.000
FHW11239	29.125 	 0.588 	 0.000
FHW11239	29.250 	 0.588 	 0.000
FHW11239	29.375 	 0.588 	 0.000
FHW11239	29.500 	 0.588 	 0.000
FHW11239	29.625 	 0.588 	 0.000
FHW11239	29.750 	 0.588 	 0.000
FHW11239	29.875 	 0.588 	 0.000
FHW11239	30.000 	 0.588 	 0.000
FHW11239	30.125 	 0.588 	 0.000
FHW11239	30.250 	 0.588 	 0.000
FHW11239	30.375 	 0.588 	 0.000
FHW11239	30.500 	 0.588 	 0.000
FHW11239	30.625 	 0.588 	 0.000
FHW11239	30.750 	 0.588 	 0.000
FHW11239	30.875 	 0.588 	 0.000
FHW11239	31.000 	 0.588 	 0.000
FHW11239	31.125 	 0.588 	 0.000
FHW11239	31.250 	 0.588 	 0.000
FHW11239	31.375 	 0.588 	 0.000
FHW11239	31.500 	 0.588 	 0.000
FHW11239	31.625 	 0.588 	 0.000
FHW11239	31.750 	 0.588 	 0.000
FHW11239	31.875 	 0.588 	 0.000
FHW11239	32.000 	 0.588 	 0.000
FHW11239	32.125 	 0.588 	 0.000
FHW11239	32.250 	 0.588 	 0.000
FHW11239	32.375 	 0.588 	 0.000
FHW11239	32.500 	 0.588 	 0.000
FHW11239	32.625 	 0.588 	 0.000
FHW11239	32.750 	 0.588 	 0.000
FHW11239	32.875 	 0.588 	 0.000
FHW11239	33.000 	 0.588 	 0.000
FHW11239	33.125 	 0.588 	 0.000
FHW11239	33.250 	 0.588 	 0.000
FHW11239	33.375 	 0.588 	 0.000
FHW11239	33.500 	 0.588 	 0.000
FHW11239	33.625 	 0.588 	 0.000
FHW11239	33.750 	 0.588 	 0.000
FHW11239	33.875 	 0.588 	 0.000
FHW11239	34.000 	 0.588 	 0.000
FHW11239	34.125 	 0.588 	 0.000
FHW11239	34.250 	 0.588 	 0.000
FHW11239	34.375 	 0.588 	 0.000
FHW11239	34.500 	 0.588 	 0.000
FHW11239	34.625 	 0.588 	 0.000
FHW11239	34.750 	 0.588 	 0.000
FHW11239	34.875 	 0.588 	 0.000
FHW11239	35.000 	 0.588 	 0.000
FHW11239	35.125 	 0.588 	 0.000
FHW11239	35.250 	 0.588 	 0.000
FHW11239	35.375 	 0.588 	 0.000
FHW11239	35.500 	 0.588 	 0.000
FHW11239	35.625 	 0.588 	 0.000
FHW11239	35.750 	 0.588 	 0.000
FHW11239	35.875 	 0.588 	 0.000
FHW11239	36.000 	 0.588 	 0.000
FHW11239	36.125 	 0.835 	 11.075
FHW11239	36.250 	 1.293 	 17.526
FHW11239	36.375 	 1.293 	 17.526
FHW11239	36.500 	 1.293 	 17.525
FHW11239	36.625 	 1.293 	 17.526
FHW11239	36.750 	 1.293 	 17.526
FHW11239	36.875 	 1.293 	 17.526
FHW11239	37.000 	 1.293 	 17.526
FHW11239	37.125 	 1.293 	 17.525
FHW11239	37.250 	 1.293 	 17.526
FHW11239	37.375 	 1.293 	 17.526
FHW11239	37.500 	 1.293 	 17.526
FHW11239	37.625 	 1.293 	 17.526
FHW11239	37.750 	 1.293 	 17.526
FHW11239	37.875 	 1.293 	 17.525
FHW11239	38.000 	 1.293 	 17.526
FHW11239	38.125 	 1.293 	 17.526
FHW11239	38.250 	 1.293 	 17.526
FHW11239	38.375 	 1.293 	 17.526
FHW11239	38.500 	 1.293 	 17.525
FHW11239	38.625 	 1.293 	 17.526
FHW11239	38.750 	 1.293 	 17.526
FHW11239	38.875 	 1.293 	 17.526
FHW11239	39.000 	 1.293 	 17.526
FHW11239	39.125 	 1.293 	 17.525
FHW11239	39.250 	 1.293 	 17.526
FHW11239	39.375 	 1.293 	 17.526
FHW11239	39.500 	 1.293 	 17.526
FHW11239	39.625 	 1.293 	 17.526
FHW11239	39.750 	 1.293 	 17.525
FHW11239	39.875 	 1.293 	 17.526
FHW11239	40.000 	 1.293 	 17.525
FHW11239	40.125 	 1.293 	 17.526
FHW11239	40.250 	 1.293 	 17.526
FHW11239	40.375 	 1.293 	 17.526
FHW11239	40.500 	 1.293 	 17.526
FHW11239	40.625 	 1.293 	 17.525
FHW11239	40.750 	 1.293 	 17.526
FHW11239	40.875 	 1.293 	 17.526
FHW11239	41.000 	 1.293 	 17.526
FHW11239	41.125 	 1.293 	 17.526
FHW11239	41.250 	 1.293 	 17.525
FHW11239	41.375 	 1.293 	 17.526
FHW11239	41.500 	 1.293 	 17.525
FHW11239	41.625 	 1.293 	 17.526
FHW11239	41.750 	 1.293 	 17.526
FHW11239	41.875 	 1.293 	 17.525
FHW11239	42.000 	 1.293 	 17.526
FHW11239	42.125 	 1.293 	 17.525
FHW11239	42.250 	 1.293 	 17.526
FHW11239	42.375 	 1.293 	 17.525
FHW11239	42.500 	 1.293 	 17.525
FHW11239	42.625 	 1.293 	 17.526
FHW11239	42.750 	 1.293 	 17.525
FHW11239	42.875 	 1.293 	 17.526
FHW11239	43.000 	 1.293 	 17.525
FHW11239	43.125 	 1.293 	 17.525
FHW11239	43.250 	 1.293 	 17.526
FHW11239	43.375 	 1.293 	 17.525
FHW11239	43.500 	 1.293 	 17.526
FHW11239	43.625 	 1.293 	 17.525
FHW11239	43.750 	 1.293 	 17.525
FHW11239	43.875 	 1.293 	 17.526
FHW11239	44.000 	 1.293 	 17.525
FHW11239	44.125 	 1.293 	 17.526
FHW11239	44.250 	 1.293 	 17.525
FHW11239	44.375 	 1.293 	 17.525
FHW11239	44.500 	 1.293 	 17.526
FHW11239	44.625 	 1.293 	 17.525
FHW11239	44.750 	 1.293 	 17.526
FHW11239	44.875 	 1.293 	 17.525
FHW11239	45.000 	 9.974 	 83.679
FHW11239	45.125 	 13.575 	 85.601
FHW11239	45.250 	 13.575 	 85.601
FHW11239	45.375 	 13.574 	 85.601
FHW11239	45.500 	 13.575 	 85.601
FHW11239	45.625 	 13.574 	 85.601
FHW11239	45.750 	 13.575 	 85.601
FHW11239	45.875 	 13.574 	 85.601
FHW11239	46.000 	 13.575 	 85.601
FHW11239	46.125 	 1.337 	 0.000
FHW11239	46.250 	 1.337 	 0.000
FHW11239	46.375 	 1.337 	 0.000
FHW11239	46.500 	 1.337 	 0.000
FHW11239	46.625 	 1.337 	 0.000
FHW11239	46.750 	 1.337 	 0.000
FHW11239	46.875 	 1.337 	 0.000
FHW11239	47.000 	 1.337 	 0.000
FHW11239	47.125 	 1.337 	 0.000
FHW11239	47.250 	 1.337 	 0.000
FHW11239	47.375 	 1.337 	 0.000
FHW11239	47.500 	 1.337 	 0.000
FHW11239	47.625 	 1.337 	 0.000
FHW11239	47.750 	 1.337 	 0.000
FHW11239	47.875 	 1.337 	 0.000
FHW11239	48.000 	 1.337 	 0.000
FHW11239	48.125 	 1.337 	 0.000
FHW11239	48.250 	 1.337 	 0.000
FHW11239	48.375 	 1.337 	 0.000
FHW11239	48.500 	 1.337 	 0.000
FHW11239	48.625 	 1.337 	 0.000
FHW11239	48.750 	 1.337 	 0.000
FHW11239	48.875 	 1.337 	 0.000
FHW11239	49.000 	 1.337 	 0.000
FHW11239	49.125 	 1.337 	 0.000
FHW11239	49.250 	 1.337 	 0.000
FHW11239	49.375 	 1.337 	 0.000
FHW11239	49.500 	 1.337 	 0.000
FHW11239	49.625 	 1.337 	 0.000
FHW11239	49.750 	 1.337 	 0.000
FHW11239	49.875 	 1.337 	 0.000
FHW11239	50.000 	 1.337 	 0.000
FHW11239	50.125 	 1.337 	 0.000
FHW11239	50.250 	 1.337 	 0.000
FHW11239	50.375 	 1.337 	 0.000
FHW11239	50.500 	 1.337 	 0.000
FHW11239	50.625 	 1.337 	 0.000
FHW11239	50.750 	 1.337 	 0.000
FHW11239	50.875 	 1.337 	 0.000
FHW11239	51.000 	 1.337 	 0.000
FHW11239	51.125 	 1.337 	 0.000
FHW11239	51.250 	 1.337 	 0.000
FHW11239	51.375 	 1.337 	 0.000
FHW11239	51.500 	 1.337 	 0.000
FHW11239	51.625 	 1.337 	 0.000
FHW11239	51.750 	 1.337 	 0.000
FHW11239	51.875 	 1.337 	 0.000
FHW11239	52.000 	 1.337 	 0.000
FHW11239	52.125 	 1.337 	 0.000
FHW11239	52.250 	 1.337 	 0.000
FHW11239	52.375 	 1.337 	 0.000
FHW11239	52.500 	 1.337 	 0.000
FHW11239	52.625 	 1.337 	 0.000
FHW11239	52.750 	 1.337 	 0.000
FHW11239	52.875 	 1.337 	 0.000
FHW11239	53.000 	 1.337 	 0.000
FHW11239	53.125 	 1.337 	 0.000
FHW11239	53.250 	 1.337 	 0.000
FHW11239	53.375 	 1.337 	 0.000
FHW11239	53.500 	 1.337 	 0.000
FHW11239	53.625 	 1.337 	 0.000
FHW11239	53.750 	 1.922 	 41.460
FHW11239	53.875 	 4.312 	 67.380
FHW11239	54.000 	 4.312 	 67.380
FHW11239	54.125 	 4.312 	 67.380
FHW11239	54.250 	 4.312 	 67.380
FHW11239	54.375 	 4.312 	 67.380
FHW11239	54.500 	 4.312 	 67.380
FHW11239	54.625 	 4.312 	 67.380
FHW11239	54.750 	 4.312 	 67.380
FHW11239	54.875 	 4.312 	 67.380
FHW11239	55.000 	 4.312 	 67.380
FHW11239	55.125 	 4.312 	 67.380
FHW11239	55.250 	 4.312 	 67.380
FHW11239	55.375 	 4.312 	 67.380
FHW11239	55.500 	 4.312 	 67.380
FHW11239	55.625 	 4.312 	 67.380
FHW11239	55.750 	 4.312 	 67.380
FHW11239	55.875 	 4.312 	 67.380
FHW11239	56.000 	 4.312 	 67.380
FHW11239	56.125 	 4.312 	 67.380
FHW11239	56.250 	 4.312 	 67.380
FHW11239	56.375 	 4.312 	 67.380
FHW11239	56.500 	 4.312 	 67.380
FHW11239	56.625 	 4.312 	 67.380
FHW11239	56.750 	 4.312 	 67.380
FHW11239	56.875 	 4.312 	 67.380
FHW11239	57.000 	 4.312 	 67.380
FHW11239	57.125 	 4.312 	 67.380
FHW11239	57.250 	 4.312 	 67.380
FHW11239	57.375 	 4.312 	 67.380
FHW11239	57.500 	 4.312 	 67.380
FHW11239	57.625 	 4.312 	 67.380
FHW11239	57.750 	 4.312 	 67.380
FHW11239	57.875 	 4.312 	 67.380
FHW11239	58.000 	 4.312 	 67.380
FHW11239	58.125 	 4.312 	 67.380
FHW11239	58.250 	 4.312 	 67.380
FHW11239	58.375 	 4.312 	 67.380
FHW11239	58.500 	 4.312 	 67.380
FHW11239	58.625 	 4.312 	 67.380
FHW11239	58.750 	 4.312 	 67.380
FHW11239	58.875 	 4.312 	 67.380
FHW11239	59.000 	 4.312 	 67.380
FHW11239	59.125 	 4.312 	 67.380
FHW11239	59.250 	 4.312 	 67.380
FHW11239	59.375 	 4.312 	 67.380
FHW11239	59.500 	 4.312 	 67.380
FHW11239	59.625 	 4.312 	 67.380
FHW11239	59.750 	 4.312 	 67.380
FHW11239	59.875 	 4.312 	 67.380
FHW11239	60.000 	 4.312 	 67.380
FHW11239	60.125 	 4.312 	 67.380
FHW11239	60.250 	 4.312 	 67.380
FHW11239	60.375 	 4.312 	 67.380
FHW11239	60.500 	 4.312 	 67.380
FHW11239	60.625 	 4.312 	 67.380
FHW11239	60.750 	 4.312 	 67.380
FHW11239	60.875 	 4.312 	 67.380
FHW11239	61.000 	 4.312 	 67.380
FHW11239	61.125 	 4.312 	 67.380
FHW11239	61.250 	 4.312 	 67.380
FHW11239	61.375 	 4.312 	 67.380
FHW11239	61.500 	 4.312 	 67.380
FHW11239	61.625 	 4.312 	 67.380
FHW11239	61.750 	 4.312 	 67.380
FHW11239	61.875 	 4.312 	 67.380
FHW11239	62.000 	 4.312 	 67.380
FHW11239	62.125 	 4.312 	 67.380
FHW11239	62.250 	 4.312 	 67.380
FHW11239	62.375 	 4.628 	 68.289
FHW11239	62.500 	 6.967 	 72.420
FHW11239	62.625 	 6.967 	 72.420
FHW11239	62.750 	 6.967 	 72.420
FHW11239	62.875 	 6.967 	 72.421
FHW11239	63.000 	 6.967 	 72.420
FHW11239	63.125 	 6.967 	 72.420
FHW11239	63.250 	 6.967 	 72.420
FHW11239	63.375 	 6.967 	 72.421
FHW11239	63.500 	 6.967 	 72.420
FHW11239	63.625 	 6.967 	 72.420
FHW11239	63.750 	 6.967 	 72.420
FHW11239	63.875 	 6.967 	 72.420
FHW11239	64.000 	 6.967 	 72.420
FHW11239	64.125 	 6.967 	 72.421
FHW11239	64.250 	 6.967 	 72.420
FHW11239	64.375 	 6.967 	 72.420
FHW11239	64.500 	 6.967 	 72.420
FHW11239	64.625 	 6.967 	 72.421
FHW11239	64.750 	 6.967 	 72.420
FHW11239	64.875 	 6.967 	 72.420
FHW11239	65.000 	 6.967 	 72.420
FHW11239	65.125 	 6.967 	 72.420
FHW11239	65.250 	 6.967 	 72.420
FHW11239	65.375 	 6.967 	 72.421
FHW11239	65.500 	 6.967 	 72.420
FHW11239	65.625 	 6.967 	 72.420
FHW11239	65.750 	 6.967 	 72.420
FHW11239	65.875 	 6.967 	 72.421
FHW11239	66.000 	 6.967 	 72.420
FHW11239	66.125 	 6.967 	 72.420
FHW11239	66.250 	 6.967 	 72.420
FHW11239	66.375 	 6.967 	 72.420
FHW11239	66.500 	 6.967 	 72.420
FHW11239	66.625 	 6.967 	 72.421
FHW11239	66.750 	 6.967 	 72.420
FHW11239	66.875 	 6.967 	 72.420
FHW11239	67.000 	 6.967 	 72.420
FHW11239	67.125 	 6.967 	 72.421
FHW11239	67.250 	 6.967 	 72.420
FHW11239	67.375 	 6.967 	 72.420
FHW11239	67.500 	 6.967 	 72.420
FHW11239	67.625 	 6.967 	 72.420
FHW11239	67.750 	 6.967 	 72.420
FHW11239	67.875 	 6.967 	 72.421
FHW11239	68.000 	 6.967 	 72.420
FHW11239	68.125 	 6.967 	 72.420
FHW11239	68.250 	 6.967 	 72.420
FHW11239	68.375 	 6.967 	 72.421
FHW11239	68.500 	 6.967 	 72.420
FHW11239	68.625 	 6.967 	 72.420
FHW11239	68.750 	 6.967 	 72.420
FHW11239	68.875 	 6.967 	 72.420
FHW11239	69.000 	 6.967 	 72.420
FHW11239	69.125 	 6.967 	 72.421
FHW11239	69.250 	 6.967 	 72.420
FHW11239	69.375 	 6.967 	 72.420
FHW11239	69.500 	 6.967 	 72.420
FHW11239	69.625 	 6.967 	 72.421
FHW11239	69.750 	 6.967 	 72.420
FHW11239	69.875 	 6.967 	 72.420
FHW11239	70.000 	 6.967 	 72.420
FHW11239	70.125 	 6.967 	 72.420
FHW11239	70.250 	 6.967 	 72.420
FHW11239	70.375 	 6.967 	 72.420
FHW11239	70.500 	 6.967 	 72.420
FHW11239	70.625 	 6.967 	 72.420
FHW11239	70.750 	 6.967 	 72.420
FHW11239	70.875 	 6.967 	 72.420
FHW11239	71.000 	 6.967 	 72.420
FHW11239	71.125 	 7.883 	 73.032
FHW11239	71.250 	 10.241 	 74.105
FHW11239	71.375 	 10.241 	 74.105
FHW11239	71.500 	 10.241 	 74.104
FHW11239	71.625 	 10.241 	 74.105
FHW11239	71.750 	 10.241 	 74.105
FHW11239	71.875 	 10.241 	 74.105
FHW11239	72.000 	 10.241 	 74.105
FHW11239	72.125 	 10.241 	 74.105
FHW11239	72.250 	 10.241 	 74.105
FHW11239	72.375 	 10.241 	 74.105
FHW11239	72.500 	 10.241 	 74.105
FHW11239	72.625 	 10.241 	 74.105
FHW11239	72.750 	 10.241 	 74.105
FHW11239	72.875 	 10.241 	 74.105
FHW11239	73.000 	 10.241 	 74.105
FHW11239	73.125 	 10.241 	 74.105
FHW11239	73.250 	 10.241 	 74.104
FHW11239	73.375 	 10.241 	 74.105
FHW11239	73.500 	 10.241 	 74.105
FHW11239	73.625 	 10.241 	 74.105
FHW11239	73.750 	 10.241 	 74.105
FHW11239	73.875 	 10.241 	 74.105
FHW11239	74.000 	 10.241 	 74.105
FHW11239	74.125 	 10.241 	 74.104
FHW11239	74.250 	 10.241 	 74.105
FHW11239	74.375 	 10.241 	 74.105
FHW11239	74.500 	 10.241 	 74.105
FHW11239	74.625 	 10.241 	 74.105
FHW11239	74.750 	 10.241 	 74.105
FHW11239	74.875 	 10.241 	 74.105
FHW11239	75.000 	 10.241 	 74.104
FHW11239	75.125 	 10.241 	 74.105
FHW11239	75.250 	 10.241 	 74.105
FHW11239	75.375 	 10.241 	 74.105
FHW11239	75.500 	 10.241 	 74.105
FHW11239	75.625 	 10.241 	 74.105
FHW11239	75.750 	 10.241 	 74.105
FHW11239	75.875 	 10.241 	 74.104
FHW11239	76.000 	 10.241 	 74.105
FHW11239	76.125 	 10.241 	 74.105
FHW11239	76.250 	 10.241 	 74.105
FHW11239	76.375 	 10.241 	 74.105
FHW11239	76.500 	 10.241 	 74.105
FHW11239	76.625 	 10.241 	 74.105
FHW11239	76.750 	 10.241 	 74.105
FHW11239	76.875 	 10.241 	 74.105
FHW11239	77.000 	 10.241 	 74.104
FHW11239	77.125 	 10.241 	 74.105
FHW11239	77.250 	 10.241 	 74.105
FHW11239	77.375 	 10.241 	 74.105
FHW11239	77.500 	 10.241 	 74.105
FHW11239	77.625 	 10.241 	 74.105
FHW11239	77.750 	 10.241 	 74.105
FHW11239	77.875 	 10.241 	 74.104
FHW11239	78.000 	 10.241 	 74.105
FHW11239	78.125 	 10.241 	 74.105
FHW11239	78.250 	 10.241 	 74.105
FHW11239	78.375 	 10.241 	 74.105
FHW11239	78.500 	 10.241 	 74.105
FHW11239	78.625 	 10.241 	 74.105
FHW11239	78.750 	 10.241 	 74.105
FHW11239	78.875 	 10.241 	 74.105
FHW11239	79.000 	 10.241 	 74.105
FHW11239	79.125 	 10.241 	 74.105
FHW11239	79.250 	 10.241 	 74.105
FHW11239	79.375 	 10.241 	 74.104
FHW11239	79.500 	 10.241 	 74.105
FHW11239	79.625 	 10.241 	 74.105
FHW11239	79.750 	 10.241 	 74.105
FHW11239	79.875 	 10.241 	 74.105
FHW11239	80.000 	 12.631 	 74.174
FHW11239	80.125 	 13.976 	 74.203
FHW11239	80.250 	 13.976 	 74.202
FHW11239	80.375 	 13.976 	 74.202
FHW11239	80.500 	 13.976 	 74.202
FHW11239	80.625 	 13.976 	 74.202
FHW11239	80.750 	 13.976 	 74.202
FHW11239	80.875 	 13.976 	 74.202
FHW11239	81.000 	 13.976 	 74.203
FHW11239	81.125 	 13.976 	 74.202
FHW11239	81.250 	 13.976 	 74.202
FHW11239	81.375 	 13.976 	 74.202
FHW11239	81.500 	 13.976 	 74.202
FHW11239	81.625 	 13.976 	 74.202
FHW11239	81.750 	 13.976 	 74.202
FHW11239	81.875 	 13.975 	 74.202
FHW11239	82.000 	 13.977 	 74.203
FHW11239	82.125 	 13.975 	 74.202
FHW11239	82.250 	 13.976 	 74.202
FHW11239	82.375 	 13.976 	 74.202
FHW11239	82.500 	 13.976 	 74.202
FHW11239	82.625 	 13.976 	 74.202
FHW11239	82.750 	 13.976 	 74.203
FHW11239	82.875 	 13.976 	 74.202
FHW11239	83.000 	 13.976 	 74.202
FHW11239	83.125 	 13.976 	 74.202
FHW11239	83.250 	 13.976 	 74.202
FHW11239	83.375 	 13.976 	 74.203
FHW11239	83.500 	 13.976 	 74.202
FHW11239	83.625 	 13.976 	 74.202
FHW11239	83.750 	 13.976 	 74.202
FHW11239	83.875 	 13.976 	 74.202
FHW11239	84.000 	 13.976 	 74.202
FHW11239	84.125 	 13.976 	 74.202
FHW11239	84.250 	 13.976 	 74.203
FHW11239	84.375 	 13.976 	 74.203
FHW11239	84.500 	 13.976 	 74.202
FHW11239	84.625 	 13.976 	 74.202
FHW11239	84.750 	 13.976 	 74.202
FHW11239	84.875 	 13.976 	 74.202
FHW11239	85.000 	 13.976 	 74.203
FHW11239	85.125 	 13.976 	 74.202
FHW11239	85.250 	 13.976 	 74.202
FHW11239	85.375 	 13.976 	 74.202
FHW11239	85.500 	 13.976 	 74.202
FHW11239	85.625 	 13.976 	 74.202
FHW11239	85.750 	 13.976 	 74.202
FHW11239	85.875 	 13.976 	 74.202
FHW11239	86.000 	 13.976 	 74.203
FHW11239	86.125 	 13.976 	 74.202
FHW11239	86.250 	 13.976 	 74.202
FHW11239	86.375 	 13.976 	 74.202
FHW11239	86.500 	 13.976 	 74.202
FHW11239	86.625 	 13.976 	 74.203
FHW11239	86.750 	 13.976 	 74.202
FHW11239	86.875 	 13.976 	 74.202
FHW11239	87.000 	 13.976 	 74.202
FHW11239	87.125 	 13.976 	 74.202
FHW11239	87.250 	 13.976 	 74.202
FHW11239	87.375 	 13.976 	 74.202
FHW11239	87.500 	 13.976 	 74.202
FHW11239	87.625 	 13.976 	 74.203
FHW11239	87.750 	 13.976 	 74.202
FHW11239	87.875 	 13.976 	 74.202
FHW11239	88.000 	 13.976 	 74.202
FHW11239	88.125 	 13.976 	 74.203
FHW11239	88.250 	 13.976 	 74.203
FHW11239	88.375 	 13.976 	 74.202
FHW11239	88.500 	 13.976 	 74.202
FHW11239	88.625 	 13.976 	 74.202
FHW11239	88.750 	 13.976 	 74.202
FHW11239	88.875 	 18.132 	 73.920
FHW11239	89.000 	 18.133 	 73.920
FHW11239	89.125 	 18.133 	 73.920
FHW11239	89.250 	 18.132 	 73.920
FHW11239	89.375 	 18.133 	 73.920
FHW11239	89.500 	 18.132 	 73.920
FHW11239	89.625 	 18.132 	 73.920
FHW11239	89.750 	 18.133 	 73.920
FHW11239	89.875 	 18.133 	 73.920
FHW11239	90.000 	 18.132 	 73.920
FHW11239	90.125 	 18.132 	 73.920
FHW11239	90.250 	 18.133 	 73.920
FHW11239	90.375 	 18.133 	 73.920
FHW11239	90.500 	 18.132 	 73.920
FHW11239	90.625 	 18.132 	 73.920
FHW11239	90.750 	 18.133 	 73.920
FHW11239	90.875 	 18.132 	 73.920
FHW11239	91.000 	 18.133 	 73.920
FHW11239	91.125 	 18.133 	 73.920
FHW11239	91.250 	 18.132 	 73.920
FHW11239	91.375 	 18.132 	 73.920
FHW11239	91.500 	 18.133 	 73.920
FHW11239	91.625 	 18.133 	 73.920
FHW11239	91.750 	 18.132 	 73.920
FHW11239	91.875 	 18.132 	 73.920
FHW11239	92.000 	 18.133 	 73.920
FHW11239	92.125 	 18.132 	 73.920
FHW11239	92.250 	 18.133 	 73.920
FHW11239	92.375 	 18.132 	 73.920
FHW11239	92.500 	 18.133 	 73.920
FHW11239	92.625 	 18.132 	 73.920
FHW11239	92.750 	 18.133 	 73.920
FHW11239	92.875 	 18.133 	 73.920
FHW11239	93.000 	 18.132 	 73.920
FHW11239	93.125 	 18.132 	 73.920
FHW11239	93.250 	 18.132 	 73.920
FHW11239	93.375 	 18.133 	 73.920
FHW11239	93.500 	 18.133 	 73.920
FHW11239	93.625 	 18.133 	 73.920
FHW11239	93.750 	 18.132 	 73.920
FHW11239	93.875 	 18.132 	 73.920
FHW11239	94.000 	 18.133 	 73.920
FHW11239	94.125 	 18.132 	 73.920
FHW11239	94.250 	 18.133 	 73.920
FHW11239	94.375 	 18.132 	 73.920
FHW11239	94.500 	 18.133 	 73.920
FHW11239	94.625 	 18.133 	 73.920
FHW11239	94.750 	 18.132 	 73.920
FHW11239	94.875 	 18.132 	 73.920
FHW11239	95.000 	 18.133 	 73.920
FHW11239	95.125 	 18.132 	 73.920
FHW11239	95.250 	 18.133 	 73.920
FHW11239	95.375 	 18.133 	 73.920
FHW11239	95.500 	 18.132 	 73.920
FHW11239	95.625 	 18.132 	 73.920
FHW11239	95.750 	 18.132 	 73.920
FHW11239	95.875 	 18.134 	 73.920
FHW11239	96.000 	 18.132 	 73.920
FHW11239	96.125 	 18.133 	 73.920
FHW11239	96.250 	 18.132 	 73.920
FHW11239	96.375 	 18.132 	 73.920
FHW11239	96.500 	 18.133 	 73.920
FHW11239	96.625 	 18.132 	 73.920
FHW11239	96.750 	 18.133 	 73.920
FHW11239	96.875 	 18.133 	 73.920
FHW11239	97.000 	 18.132 	 73.920
FHW11239	97.125 	 18.133 	 73.920
FHW11239	97.250 	 18.132 	 73.920
FHW11239	97.375 	 18.132 	 73.920
FHW11239	97.500 	 18.132 	 73.920
FHW11239	97.625 	 18.132 	 73.920
FHW11239	97.750 	 18.133 	 73.920
FHW11239	97.875 	 18.133 	 73.920
FHW11239	98.000 	 18.132 	 73.920
FHW11239	98.125 	 18.132 	 73.920
FHW11239	98.250 	 21.743 	 74.340
FHW11239	98.375 	 22.645 	 74.425
FHW11239	98.500 	 22.643 	 74.425
FHW11239	98.625 	 22.645 	 74.425
FHW11239	98.750 	 22.645 	 74.425
FHW11239	98.875 	 22.643 	 74.425
FHW11239	99.000 	 22.645 	 74.425
FHW11239	99.125 	 22.643 	 74.425
FHW11239	99.250 	 22.645 	 74.425
FHW11239	99.375 	 22.645 	 74.425
FHW11239	99.500 	 22.643 	 74.425
FHW11239	99.625 	 22.645 	 74.425
FHW11239	99.750 	 22.643 	 74.425
FHW11239	99.875 	 22.645 	 74.425
FHW11239	100.000 	 22.645 	 74.425
FHW11239	100.125 	 22.643 	 74.425
FHW11239	100.250 	 22.645 	 74.425
FHW11239	100.375 	 22.643 	 74.425
FHW11239	100.500 	 22.645 	 74.425
FHW11239	100.625 	 22.645 	 74.425
FHW11239	100.750 	 22.643 	 74.425
FHW11239	100.875 	 22.645 	 74.425
FHW11239	101.000 	 22.643 	 74.425
FHW11239	101.125 	 22.645 	 74.425
FHW11239	101.250 	 22.645 	 74.425
FHW11239	101.375 	 22.643 	 74.425
FHW11239	101.500 	 22.645 	 74.425
FHW11239	101.625 	 22.645 	 74.425
FHW11239	101.750 	 22.643 	 74.425
FHW11239	101.875 	 22.645 	 74.425
FHW11239	102.000 	 22.643 	 74.425
FHW11239	102.125 	 22.645 	 74.425
FHW11239	102.250 	 22.645 	 74.425
FHW11239	102.375 	 22.643 	 74.425
FHW11239	102.500 	 22.645 	 74.425
FHW11239	102.625 	 22.643 	 74.425
FHW11239	102.750 	 22.645 	 74.425
FHW11239	102.875 	 22.645 	 74.425
FHW11239	103.000 	 22.643 	 74.425
FHW11239	103.125 	 22.645 	 74.425
FHW11239	103.250 	 22.645 	 74.425
FHW11239	103.375 	 22.643 	 74.425
FHW11239	103.500 	 22.645 	 74.425
FHW11239	103.625 	 22.643 	 74.425
FHW11239	103.750 	 22.645 	 74.425
FHW11239	103.875 	 22.645 	 74.425
FHW11239	104.000 	 22.643 	 74.425
FHW11239	104.125 	 22.645 	 74.425
FHW11239	104.250 	 22.643 	 74.425
FHW11239	104.375 	 22.645 	 74.425
FHW11239	104.500 	 22.645 	 74.425
FHW11239	104.625 	 22.643 	 74.425
FHW11239	104.750 	 22.645 	 74.425
FHW11239	104.875 	 22.643 	 74.425
FHW11239	105.000 	 22.645 	 74.425
FHW11239	105.125 	 22.645 	 74.425
FHW11239	105.250 	 22.643 	 74.425
FHW11239	105.375 	 22.645 	 74.425
FHW11239	105.500 	 22.643 	 74.425
FHW11239	105.625 	 22.645 	 74.425
FHW11239	105.750 	 22.645 	 74.425
FHW11239	105.875 	 22.643 	 74.425
FHW11239	106.000 	 22.645 	 74.425
FHW11239	106.125 	 22.643 	 74.425
FHW11239	106.250 	 22.645 	 74.425
FHW11239	106.375 	 22.645 	 74.425
FHW11239	106.500 	 22.643 	 74.425
FHW11239	106.625 	 22.645 	 74.425
FHW11239	106.750 	 22.645 	 74.425
FHW11239	106.875 	 22.644 	 74.425
FHW11239	107.000 	 22.645 	 74.425
FHW11239	107.125 	 22.643 	 74.425
FHW11239	107.250 	 22.645 	 74.425
FHW11239	107.375 	 22.643 	 74.425
FHW11239	107.500 	 22.645 	 74.425
FHW11239	107.625 	 25.998 	 74.990
FHW11239	107.750 	 27.057 	 75.142
FHW11239	107.875 	 27.057 	 75.141
FHW11239	108.000 	 27.057 	 75.142
FHW11239	108.125 	 27.057 	 75.141
FHW11239	108.250 	 27.057 	 75.141
FHW11239	108.375 	 27.057 	 75.141
FHW11239	108.500 	 27.057 	 75.142
FHW11239	108.625 	 27.057 	 75.141
FHW11239	108.750 	 27.057 	 75.141
FHW11239	108.875 	 27.057 	 75.141
FHW11239	109.000 	 27.059 	 75.141
FHW11239	109.125 	 27.057 	 75.142
FHW11239	109.250 	 27.057 	 75.142
FHW11239	109.375 	 27.057 	 75.141
FHW11239	109.500 	 27.057 	 75.141
FHW11239	109.625 	 27.057 	 75.141
FHW11239	109.750 	 27.057 	 75.141
FHW11239	109.875 	 27.057 	 75.141
FHW11239	110.000 	 27.057 	 75.141
FHW11239	110.125 	 27.057 	 75.142
FHW11239	110.250 	 27.057 	 75.141
FHW11239	110.375 	 27.057 	 75.141
FHW11239	110.500 	 27.057 	 75.141
FHW11239	110.625 	 27.057 	 75.141
FHW11239	110.750 	 27.057 	 75.142
FHW11239	110.875 	 27.057 	 75.141
FHW11239	111.000 	 27.057 	 75.141
FHW11239	111.125 	 27.057 	 75.142
FHW11239	111.250 	 27.057 	 75.141
FHW11239	111.375 	 27.057 	 75.141
FHW11239	111.500 	 27.057 	 75.141
FHW11239	111.625 	 27.057 	 75.142
FHW11239	111.750 	 27.057 	 75.141
FHW11239	111.875 	 27.057 	 75.141
FHW11239	112.000 	 27.059 	 75.141
FHW11239	112.125 	 27.057 	 75.142
FHW11239	112.250 	 27.057 	 75.141
FHW11239	112.375 	 27.057 	 75.141
FHW11239	112.500 	 27.057 	 75.142
FHW11239	112.625 	 27.057 	 75.141
FHW11239	112.750 	 27.057 	 75.141
FHW11239	112.875 	 27.057 	 75.141
FHW11239	113.000 	 27.057 	 75.141
FHW11239	113.125 	 27.057 	 75.142
FHW11239	113.250 	 27.057 	 75.142
FHW11239	113.375 	 27.057 	 75.142
FHW11239	113.500 	 27.057 	 75.141
FHW11239	113.625 	 27.057 	 75.141
FHW11239	113.750 	 27.057 	 75.141
FHW11239	113.875 	 27.057 	 75.141
FHW11239	114.000 	 27.057 	 75.142
FHW11239	114.125 	 27.057 	 75.141
FHW11239	114.250 	 27.057 	 75.142
FHW11239	114.375 	 27.057 	 75.141
FHW11239	114.500 	 27.057 	 75.141
FHW11239	114.625 	 27.057 	 75.142
FHW11239	114.750 	 27.057 	 75.141
FHW11239	114.875 	 27.059 	 75.141
FHW11239	115.000 	 27.057 	 75.141
FHW11239	115.125 	 27.057 	 75.141
FHW11239	115.250 	 27.057 	 75.141
FHW11239	115.375 	 27.057 	 75.142
FHW11239	115.500 	 27.057 	 75.142
FHW11239	115.625 	 27.057 	 75.141
FHW11239	115.750 	 27.057 	 75.141
FHW11239	115.875 	 27.057 	 75.141
FHW11239	116.000 	 27.057 	 75.141
FHW11239	116.125 	 27.057 	 75.141
FHW11239	116.250 	 27.057 	 75.142
FHW11239	116.375 	 27.057 	 75.142
FHW11239	116.500 	 28.822 	 74.899
FHW11239	116.625 	 31.471 	 74.582
FHW11239	116.750 	 31.470 	 74.582
FHW11239	116.875 	 31.469 	 74.582
FHW11239	117.000 	 31.472 	 74.582
FHW11239	117.125 	 31.469 	 74.582
FHW11239	117.250 	 31.471 	 74.582
FHW11239	117.375 	 31.470 	 74.582
FHW11239	117.500 	 31.471 	 74.582
FHW11239	117.625 	 31.469 	 74.582
FHW11239	117.750 	 31.471 	 74.582
FHW11239	117.875 	 31.470 	 74.582
FHW11239	118.000 	 31.471 	 74.582
FHW11239	118.125 	 31.469 	 74.582
FHW11239	118.250 	 31.471 	 74.582
FHW11239	118.375 	 31.470 	 74.582
FHW11239	118.500 	 31.471 	 74.582
FHW11239	118.625 	 31.469 	 74.582
FHW11239	118.750 	 31.471 	 74.582
FHW11239	118.875 	 31.470 	 74.582
FHW11239	119.000 	 31.471 	 74.582
FHW11239	119.125 	 31.469 	 74.582
FHW11239	119.250 	 31.469 	 74.582
FHW11239	119.375 	 31.472 	 74.582
FHW11239	119.500 	 31.469 	 74.582
FHW11239	119.625 	 31.471 	 74.582
FHW11239	119.750 	 31.469 	 74.582
FHW11239	119.875 	 31.472 	 74.582
FHW11239	120.000 	 31.469 	 74.582
FHW11239	120.125 	 31.471 	 74.582
FHW11239	120.250 	 31.469 	 74.582
FHW11239	120.375 	 31.472 	 74.582
FHW11239	120.500 	 31.469 	 74.582
FHW11239	120.625 	 31.471 	 74.582
FHW11239	120.750 	 31.470 	 74.582
FHW11239	120.875 	 31.471 	 74.582
FHW11239	121.000 	 31.469 	 74.582
FHW11239	121.125 	 31.471 	 74.582
FHW11239	121.250 	 31.469 	 74.582
FHW11239	121.375 	 31.470 	 74.582
FHW11239	121.500 	 31.471 	 74.582
FHW11239	121.625 	 31.469 	 74.582
FHW11239	121.750 	 31.472 	 74.582
FHW11239	121.875 	 31.469 	 74.582
FHW11239	122.000 	 31.471 	 74.582
FHW11239	122.125 	 31.469 	 74.582
FHW11239	122.250 	 31.472 	 74.582
FHW11239	122.375 	 31.469 	 74.582
FHW11239	122.500 	 31.471 	 74.582
FHW11239	122.625 	 31.469 	 74.582
FHW11239	122.750 	 31.472 	 74.582
FHW11239	122.875 	 31.469 	 74.582
FHW11239	123.000 	 31.471 	 74.582
FHW11239	123.125 	 31.469 	 74.582
FHW11239	123.250 	 31.472 	 74.582
FHW11239	123.375 	 31.469 	 74.582
FHW11239	123.500 	 31.469 	 74.582
FHW11239	123.625 	 31.472 	 74.582
FHW11239	123.750 	 31.469 	 74.582
FHW11239	123.875 	 31.471 	 74.582
FHW11239	124.000 	 31.469 	 74.582
FHW11239	124.125 	 31.471 	 74.582
FHW11239	124.250 	 31.470 	 74.582
FHW11239	124.375 	 31.471 	 74.582
FHW11239	124.500 	 31.469 	 74.582
FHW11239	124.625 	 31.472 	 74.582
FHW11239	124.750 	 31.469 	 74.582
FHW11239	124.875 	 31.471 	 74.582
FHW11239	125.000 	 31.469 	 74.582
FHW11239	125.125 	 31.471 	 74.582
FHW11239	125.250 	 31.470 	 74.582
FHW11239	125.375 	 31.471 	 74.582
FHW11239	125.500 	 31.469 	 74.582
FHW11239	125.625 	 31.472 	 74.582
FHW11239	125.750 	 31.469 	 74.582
FHW11239	125.875 	 31.471 	 74.582
FHW11239	126.000 	 35.524 	 73.721
FHW11239	126.125 	 36.074 	 73.617
FHW11239	126.250 	 36.077 	 73.617
FHW11239	126.375 	 36.077 	 73.617
FHW11239	126.500 	 36.075 	 73.617
FHW11239	126.625 	 36.077 	 73.617
FHW11239	126.750 	 36.077 	 73.617
FHW11239	126.875 	 36.075 	 73.617
FHW11239	127.000 	 36.077 	 73.617
FHW11239	127.125 	 36.077 	 73.617
FHW11239	127.250 	 36.075 	 73.617
FHW11239	127.375 	 36.077 	 73.617
FHW11239	127.500 	 36.077 	 73.617
FHW11239	127.625 	 36.075 	 73.617
FHW11239	127.750 	 36.077 	 73.617
FHW11239	127.875 	 36.077 	 73.617
FHW11239	128.000 	 36.075 	 73.617
FHW11239	128.125 	 36.077 	 73.617
FHW11239	128.250 	 36.077 	 73.617
FHW11239	128.375 	 36.075 	 73.617
FHW11239	128.500 	 36.077 	 73.617
FHW11239	128.625 	 36.077 	 73.617
FHW11239	128.750 	 36.075 	 73.617
FHW11239	128.875 	 36.077 	 73.617
FHW11239	129.000 	 36.077 	 73.617
FHW11239	129.125 	 36.075 	 73.617
FHW11239	129.250 	 36.077 	 73.617
FHW11239	129.375 	 36.077 	 73.617
FHW11239	129.500 	 36.074 	 73.617
FHW11239	129.625 	 36.077 	 73.617
FHW11239	129.750 	 36.077 	 73.617
FHW11239	129.875 	 36.074 	 73.617
FHW11239	130.000 	 36.077 	 73.617
FHW11239	130.125 	 36.077 	 73.617
FHW11239	130.250 	 36.077 	 73.617
FHW11239	130.375 	 36.074 	 73.617
FHW11239	130.500 	 36.077 	 73.617
FHW11239	130.625 	 36.077 	 73.617
FHW11239	130.750 	 36.075 	 73.617
FHW11239	130.875 	 36.077 	 73.617
FHW11239	131.000 	 36.077 	 73.617
FHW11239	131.125 	 36.075 	 73.617
FHW11239	131.250 	 36.077 	 73.617
FHW11239	131.375 	 36.077 	 73.617
FHW11239	131.500 	 36.075 	 73.617
FHW11239	131.625 	 36.077 	 73.617
FHW11239	131.750 	 36.077 	 73.617
FHW11239	131.875 	 36.075 	 73.617
FHW11239	132.000 	 36.077 	 73.617
FHW11239	132.125 	 36.077 	 73.617
FHW11239	132.250 	 36.075 	 73.617
FHW11239	132.375 	 36.077 	 73.617
FHW11239	132.500 	 36.077 	 73.617
FHW11239	132.625 	 36.075 	 73.617
FHW11239	132.750 	 36.077 	 73.617
FHW11239	132.875 	 36.077 	 73.617
FHW11239	133.000 	 36.075 	 73.617
FHW11239	133.125 	 36.077 	 73.617
FHW11239	133.250 	 36.077 	 73.617
FHW11239	133.375 	 36.074 	 73.617
FHW11239	133.500 	 36.077 	 73.617
FHW11239	133.625 	 36.077 	 73.617
FHW11239	133.750 	 36.075 	 73.617
FHW11239	133.875 	 36.079 	 73.617
FHW11239	134.000 	 36.075 	 73.617
FHW11239	134.125 	 36.074 	 73.617
FHW11239	134.250 	 36.079 	 73.617
FHW11239	134.375 	 36.075 	 73.617
FHW11239	134.500 	 38.270 	 73.611
FHW11239	134.625 	 40.643 	 73.605
FHW11239	134.750 	 40.643 	 73.605
FHW11239	134.875 	 40.644 	 73.606
FHW11239	135.000 	 40.643 	 73.605
FHW11239	135.125 	 40.643 	 73.605
FHW11239	135.250 	 40.648 	 73.606
FHW11239	135.375 	 40.643 	 73.605
FHW11239	135.500 	 40.643 	 73.605
FHW11239	135.625 	 40.643 	 73.605
FHW11239	135.750 	 40.644 	 73.606
FHW11239	135.875 	 40.648 	 73.605
FHW11239	136.000 	 40.643 	 73.605
FHW11239	136.125 	 40.644 	 73.606
FHW11239	136.250 	 40.643 	 73.605
FHW11239	136.375 	 40.643 	 73.605
FHW11239	136.500 	 40.643 	 73.605
FHW11239	136.625 	 40.648 	 73.606
FHW11239	136.750 	 40.643 	 73.605
FHW11239	136.875 	 40.643 	 73.605
FHW11239	137.000 	 40.644 	 73.606
FHW11239	137.125 	 40.643 	 73.605
FHW11239	137.250 	 40.648 	 73.605
FHW11239	137.375 	 40.643 	 73.605
FHW11239	137.500 	 40.644 	 73.606
FHW11239	137.625 	 40.643 	 73.605
FHW11239	137.750 	 40.643 	 73.605
FHW11239	137.875 	 40.643 	 73.605
FHW11239	138.000 	 40.648 	 73.606
FHW11239	138.125 	 40.643 	 73.605
FHW11239	138.250 	 40.643 	 73.605
FHW11239	138.375 	 40.644 	 73.606
FHW11239	138.500 	 40.643 	 73.605
FHW11239	138.625 	 40.648 	 73.605
FHW11239	138.750 	 40.644 	 73.606
FHW11239	138.875 	 40.643 	 73.605
FHW11239	139.000 	 40.643 	 73.605
FHW11239	139.125 	 40.643 	 73.605
FHW11239	139.250 	 40.644 	 73.605
FHW11239	139.375 	 40.647 	 73.605
FHW11239	139.500 	 40.643 	 73.605
FHW11239	139.625 	 40.644 	 73.606
FHW11239	139.750 	 40.643 	 73.605
FHW11239	139.875 	 40.643 	 73.605
FHW11239	140.000 	 40.647 	 73.605
FHW11239	140.125 	 40.644 	 73.606
FHW11239	140.250 	 40.643 	 73.605
FHW11239	140.375 	 40.643 	 73.605
FHW11239	140.500 	 40.644 	 73.606
FHW11239	140.625 	 40.643 	 73.605
FHW11239	140.750 	 40.648 	 73.605
FHW11239	140.875 	 40.644 	 73.606
FHW11239	141.000 	 40.643 	 73.605
FHW11239	141.125 	 40.643 	 73.605
FHW11239	141.250 	 40.643 	 73.605
FHW11239	141.375 	 40.648 	 73.605
FHW11239	141.500 	 40.644 	 73.606
FHW11239	141.625 	 40.643 	 73.605
FHW11239	141.750 	 40.643 	 73.605
FHW11239	141.875 	 40.644 	 73.606
FHW11239	142.000 	 40.643 	 73.605
FHW11239	142.125 	 40.647 	 73.605
FHW11239	142.250 	 40.644 	 73.606
FHW11239	142.375 	 40.643 	 73.605
FHW11239	142.500 	 40.643 	 73.605
FHW11239	142.625 	 40.644 	 73.605
FHW11239	142.750 	 40.647 	 73.605
FHW11239	142.875 	 40.643 	 73.605
FHW11239	143.000 	 40.643 	 73.605
FHW11239	143.125 	 40.643 	 73.605
FHW11239	143.250 	 40.644 	 73.606
FHW11239	143.375 	 40.643 	 73.605
FHW11239	143.500 	 40.647 	 73.605
FHW11239	143.625 	 40.644 	 73.606
FHW11239	143.750 	 40.643 	 73.605
FHW11239	143.875 	 41.618 	 73.647
FHW11239	144.000 	 45.533 	 73.803
FHW11239	144.125 	 45.533 	 73.803
FHW11239	144.250 	 45.528 	 73.803
FHW11239	144.375 	 45.533 	 73.803
FHW11239	144.500 	 45.528 	 73.803
FHW11239	144.625 	 45.533 	 73.803
FHW11239	144.750 	 45.533 	 73.803
FHW11239	144.875 	 45.528 	 73.803
FHW11239	145.000 	 45.533 	 73.803
FHW11239	145.125 	 45.527 	 73.802
FHW11239	145.250 	 45.533 	 73.803
FHW11239	145.375 	 45.533 	 73.803
FHW11239	145.500 	 45.528 	 73.803
FHW11239	145.625 	 45.533 	 73.803
FHW11239	145.750 	 45.528 	 73.803
FHW11239	145.875 	 45.533 	 73.803
FHW11239	146.000 	 45.533 	 73.803
FHW11239	146.125 	 45.528 	 73.803
FHW11239	146.250 	 45.533 	 73.803
FHW11239	146.375 	 45.528 	 73.803
FHW11239	146.500 	 45.533 	 73.803
FHW11239	146.625 	 45.533 	 73.803
FHW11239	146.750 	 45.528 	 73.803
FHW11239	146.875 	 45.533 	 73.803
FHW11239	147.000 	 45.528 	 73.803
FHW11239	147.125 	 45.533 	 73.803
FHW11239	147.250 	 45.528 	 73.803
FHW11239	147.375 	 45.533 	 73.803
FHW11239	147.500 	 45.533 	 73.803
FHW11239	147.625 	 45.528 	 73.803
FHW11239	147.750 	 45.532 	 73.802
FHW11239	147.875 	 45.529 	 73.803
FHW11239	148.000 	 45.532 	 73.802
FHW11239	148.125 	 45.533 	 73.803
FHW11239	148.250 	 45.528 	 73.803
FHW11239	148.375 	 45.533 	 73.803
FHW11239	148.500 	 45.528 	 73.803
FHW11239	148.625 	 45.533 	 73.803
FHW11239	148.750 	 45.533 	 73.803
FHW11239	148.875 	 45.528 	 73.803
FHW11239	149.000 	 45.533 	 73.803
FHW11239	149.125 	 45.528 	 73.803
FHW11239	149.250 	 45.533 	 73.803
FHW11239	149.375 	 45.533 	 73.803
FHW11239	149.500 	 45.528 	 73.803
FHW11239	149.625 	 45.533 	 73.803
FHW11239	149.750 	 45.528 	 73.803
FHW11239	149.875 	 45.533 	 73.803
FHW11239	150.000 	 45.533 	 73.803
FHW11239	150.125 	 45.528 	 73.803
FHW11239	150.250 	 45.533 	 73.803
FHW11239	150.375 	 45.528 	 73.803
FHW11239	150.500 	 45.533 	 73.803
FHW11239	150.625 	 45.533 	 73.803
FHW11239	150.750 	 45.528 	 73.803
FHW11239	150.875 	 45.532 	 73.802
FHW11239	151.000 	 45.529 	 73.803
FHW11239	151.125 	 45.531 	 73.803
FHW11239	151.250 	 45.534 	 73.803
FHW11239	151.375 	 45.527 	 73.802
FHW11239	151.500 	 45.533 	 73.803
FHW11239	151.625 	 45.528 	 73.803
FHW11239	151.750 	 45.533 	 73.803
FHW11239	151.875 	 45.533 	 73.803
FHW11239	152.000 	 45.528 	 73.803
FHW11239	152.125 	 45.533 	 73.803
FHW11239	152.250 	 45.528 	 73.803
FHW11239	152.375 	 45.533 	 73.803
FHW11239	152.500 	 45.533 	 73.803
FHW11239	152.625 	 45.528 	 73.803
FHW11239	152.750 	 45.533 	 73.803
FHW11239	152.875 	 45.528 	 73.803
FHW11239	153.000 	 45.533 	 73.803
FHW11239	153.125 	 48.438 	 73.773
FHW11239	153.250 	 50.378 	 73.757
FHW11239	153.375 	 50.377 	 73.756
FHW11239	153.500 	 50.377 	 73.756
FHW11239	153.625 	 50.378 	 73.757
FHW11239	153.750 	 50.377 	 73.756
FHW11239	153.875 	 50.378 	 73.756
FHW11239	154.000 	 50.377 	 73.756
FHW11239	154.125 	 50.376 	 73.756
FHW11239	154.250 	 50.378 	 73.756
FHW11239	154.375 	 50.377 	 73.756
FHW11239	154.500 	 50.378 	 73.756
FHW11239	154.625 	 50.376 	 73.756
FHW11239	154.750 	 50.377 	 73.756
FHW11239	154.875 	 50.378 	 73.756
FHW11239	155.000 	 50.382 	 73.756
FHW11239	155.125 	 50.378 	 73.757
FHW11239	155.250 	 50.377 	 73.756
FHW11239	155.375 	 50.377 	 73.756
FHW11239	155.500 	 50.378 	 73.756
FHW11239	155.625 	 50.376 	 73.756
FHW11239	155.750 	 50.378 	 73.756
FHW11239	155.875 	 50.377 	 73.756
FHW11239	156.000 	 50.376 	 73.756
FHW11239	156.125 	 50.378 	 73.756
FHW11239	156.250 	 50.377 	 73.756
FHW11239	156.375 	 50.378 	 73.756
FHW11239	156.500 	 50.376 	 73.756
FHW11239	156.625 	 50.377 	 73.756
FHW11239	156.750 	 50.378 	 73.756
FHW11239	156.875 	 50.377 	 73.756
FHW11239	157.000 	 50.378 	 73.757
FHW11239	157.125 	 50.377 	 73.756
FHW11239	157.250 	 50.378 	 73.756
FHW11239	157.375 	 50.377 	 73.756
FHW11239	157.500 	 50.376 	 73.756
FHW11239	157.625 	 50.378 	 73.756
FHW11239	157.750 	 50.377 	 73.756
FHW11239	157.875 	 50.377 	 73.756
FHW11239	158.000 	 50.378 	 73.757
FHW11239	158.125 	 50.377 	 73.756
FHW11239	158.250 	 50.383 	 73.756
FHW11239	158.375 	 50.376 	 73.756
FHW11239	158.500 	 50.377 	 73.756
FHW11239	158.625 	 50.378 	 73.756
FHW11239	158.750 	 50.377 	 73.756
FHW11239	158.875 	 50.378 	 73.757
FHW11239	159.000 	 50.377 	 73.756
FHW11239	159.125 	 50.377 	 73.756
FHW11239	159.250 	 50.378 	 73.756
FHW11239	159.375 	 50.376 	 73.756
FHW11239	159.500 	 50.378 	 73.756
FHW11239	159.625 	 50.377 	 73.756
FHW11239	159.750 	 50.378 	 73.756
FHW11239	159.875 	 50.376 	 73.756
FHW11239	160.000 	 50.377 	 73.756
FHW11239	160.125 	 50.378 	 73.756
FHW11239	160.250 	 50.377 	 73.756
FHW11239	160.375 	 50.376 	 73.756
FHW11239	160.500 	 50.378 	 73.756
FHW11239	160.625 	 50.377 	 73.756
FHW11239	160.750 	 50.378 	 73.757
FHW11239	160.875 	 50.377 	 73.756
FHW11239	161.000 	 50.378 	 73.756
FHW11239	161.125 	 50.377 	 73.756
FHW11239	161.250 	 50.377 	 73.756
FHW11239	161.375 	 50.383 	 73.757
FHW11239	161.500 	 50.377 	 73.756
FHW11239	161.625 	 50.377 	 73.756
FHW11239	161.750 	 50.378 	 73.757
FHW11239	161.875 	 50.377 	 73.756
FHW11239	162.000 	 50.378 	 73.756
FHW11239	162.125 	 50.377 	 73.756
FHW11239	162.250 	 50.376 	 73.756
FHW11239	162.375 	 53.717 	 73.652
FHW11239	162.500 	 55.295 	 73.607
FHW11239	162.625 	 55.289 	 73.606
FHW11239	162.750 	 55.295 	 73.606
FHW11239	162.875 	 55.289 	 73.607
FHW11239	163.000 	 55.295 	 73.606
FHW11239	163.125 	 55.289 	 73.607
FHW11239	163.250 	 55.295 	 73.606
FHW11239	163.375 	 55.295 	 73.607
FHW11239	163.500 	 55.289 	 73.606
FHW11239	163.625 	 55.295 	 73.607
FHW11239	163.750 	 55.289 	 73.606
FHW11239	163.875 	 55.294 	 73.606
FHW11239	164.000 	 55.289 	 73.606
FHW11239	164.125 	 55.295 	 73.607
FHW11239	164.250 	 55.289 	 73.606
FHW11239	164.375 	 55.295 	 73.607
FHW11239	164.500 	 55.289 	 73.606
FHW11239	164.625 	 55.295 	 73.607
FHW11239	164.750 	 55.289 	 73.606
FHW11239	164.875 	 55.295 	 73.607
FHW11239	165.000 	 55.289 	 73.606
FHW11239	165.125 	 55.295 	 73.607
FHW11239	165.250 	 55.289 	 73.606
FHW11239	165.375 	 55.294 	 73.605
FHW11239	165.500 	 55.295 	 73.607
FHW11239	165.625 	 55.289 	 73.607
FHW11239	165.750 	 55.295 	 73.606
FHW11239	165.875 	 55.289 	 73.606
FHW11239	166.000 	 55.295 	 73.607
FHW11239	166.125 	 55.289 	 73.606
FHW11239	166.250 	 55.295 	 73.607
FHW11239	166.375 	 55.289 	 73.606
FHW11239	166.500 	 55.295 	 73.607
FHW11239	166.625 	 55.289 	 73.606
FHW11239	166.750 	 55.295 	 73.607
FHW11239	166.875 	 55.288 	 73.605
FHW11239	167.000 	 55.295 	 73.607
FHW11239	167.125 	 55.289 	 73.606
FHW11239	167.250 	 55.295 	 73.607
FHW11239	167.375 	 55.295 	 73.606
FHW11239	167.500 	 55.289 	 73.607
FHW11239	167.625 	 55.295 	 73.606
FHW11239	167.750 	 55.289 	 73.607
FHW11239	167.875 	 55.295 	 73.606
FHW11239	168.000 	 55.289 	 73.606
FHW11239	168.125 	 55.295 	 73.607
FHW11239	168.250 	 55.288 	 73.606
FHW11239	168.375 	 55.296 	 73.607
FHW11239	168.500 	 55.288 	 73.605
FHW11239	168.625 	 55.295 	 73.607
FHW11239	168.750 	 55.289 	 73.606
FHW11239	168.875 	 55.295 	 73.607
FHW11239	169.000 	 55.289 	 73.606
FHW11239	169.125 	 55.295 	 73.607
FHW11239	169.250 	 55.289 	 73.606
FHW11239	169.375 	 55.295 	 73.607
FHW11239	169.500 	 55.295 	 73.606
FHW11239	169.625 	 55.289 	 73.607
FHW11239	169.750 	 55.295 	 73.606
FHW11239	169.875 	 55.288 	 73.606
FHW11239	170.000 	 55.295 	 73.606
FHW11239	170.125 	 55.289 	 73.607
FHW11239	170.250 	 55.295 	 73.606
FHW11239	170.375 	 55.289 	 73.607
FHW11239	170.500 	 55.295 	 73.606
FHW11239	170.625 	 55.289 	 73.606
FHW11239	170.750 	 55.295 	 73.607
FHW11239	170.875 	 55.289 	 73.606
FHW11239	171.000 	 55.295 	 73.607
FHW11239	171.125 	 55.289 	 73.606
FHW11239	171.250 	 55.295 	 73.607
FHW11239	171.375 	 55.289 	 73.606
FHW11239	171.500 	 55.294 	 73.606
FHW11239	171.625 	 55.295 	 73.606
FHW11239	171.750 	 57.477 	 73.016
FHW11239	171.875 	 59.860 	 72.405
FHW11239	172.000 	 59.854 	 72.405
FHW11239	172.125 	 59.855 	 72.406
FHW11239	172.250 	 59.854 	 72.406
FHW11239	172.375 	 59.861 	 72.406
FHW11239	172.500 	 59.854 	 72.405
FHW11239	172.625 	 59.855 	 72.407
FHW11239	172.750 	 59.854 	 72.405
FHW11239	172.875 	 59.861 	 72.406
FHW11239	173.000 	 59.854 	 72.406
FHW11239	173.125 	 59.855 	 72.406
FHW11239	173.250 	 59.854 	 72.405
FHW11239	173.375 	 59.861 	 72.407
FHW11239	173.500 	 59.854 	 72.405
FHW11239	173.625 	 59.855 	 72.407
FHW11239	173.750 	 59.854 	 72.406
FHW11239	173.875 	 59.861 	 72.406
FHW11239	174.000 	 59.854 	 72.406
FHW11239	174.125 	 59.855 	 72.407
FHW11239	174.250 	 59.854 	 72.405
FHW11239	174.375 	 59.861 	 72.407
FHW11239	174.500 	 59.854 	 72.406
FHW11239	174.625 	 59.855 	 72.406
FHW11239	174.750 	 59.854 	 72.406
FHW11239	174.875 	 59.855 	 72.407
FHW11239	175.000 	 59.860 	 72.405
FHW11239	175.125 	 59.855 	 72.407
FHW11239	175.250 	 59.854 	 72.406
FHW11239	175.375 	 59.855 	 72.406
FHW11239	175.500 	 59.860 	 72.406
FHW11239	175.625 	 59.855 	 72.407
FHW11239	175.750 	 59.854 	 72.405
FHW11239	175.875 	 59.855 	 72.407
FHW11239	176.000 	 59.860 	 72.406
FHW11239	176.125 	 59.855 	 72.406
FHW11239	176.250 	 59.854 	 72.406
FHW11239	176.375 	 59.855 	 72.406
FHW11239	176.500 	 59.860 	 72.406
FHW11239	176.625 	 59.855 	 72.407
FHW11239	176.750 	 59.854 	 72.405
FHW11239	176.875 	 59.855 	 72.407
FHW11239	177.000 	 59.860 	 72.406
FHW11239	177.125 	 59.855 	 72.406
FHW11239	177.250 	 59.854 	 72.406
FHW11239	177.375 	 59.854 	 72.406
FHW11239	177.500 	 59.861 	 72.406
FHW11239	177.625 	 59.855 	 72.407
FHW11239	177.750 	 59.854 	 72.406
FHW11239	177.875 	 59.854 	 72.405
FHW11239	178.000 	 59.855 	 72.407
FHW11239	178.125 	 59.861 	 72.407
FHW11239	178.250 	 59.854 	 72.405
FHW11239	178.375 	 59.854 	 72.406
FHW11239	178.500 	 59.855 	 72.407
FHW11239	178.625 	 59.861 	 72.406
FHW11239	178.750 	 59.854 	 72.406
FHW11239	178.875 	 59.854 	 72.406
FHW11239	179.000 	 59.855 	 72.406
FHW11239	179.125 	 59.860 	 72.406
FHW11239	179.250 	 59.855 	 72.406
FHW11239	179.375 	 59.854 	 72.406
FHW11239	179.500 	 59.855 	 72.407
FHW11239	179.625 	 59.860 	 72.406
FHW11239	179.750 	 59.855 	 72.406
FHW11239	179.875 	 59.854 	 72.406
FHW11239	180.000 	 59.855 	 72.406
FHW11239	180.125 	 59.860 	 72.406
FHW11239	180.250 	 59.855 	 72.407
FHW11239	180.375 	 59.854 	 72.405
FHW11239	180.500 	 59.855 	 72.407
FHW11239	180.625 	 59.860 	 72.406
FHW11239	180.750 	 59.855 	 72.406
FHW11239	180.875 	 59.854 	 72.406
FHW11239	181.000 	 62.867 	 72.475
FHW11239	181.125 	 64.039 	 72.499
FHW11239	181.250 	 64.033 	 72.500
FHW11239	181.375 	 64.039 	 72.499
FHW11239	181.500 	 64.039 	 72.500
FHW11239	181.625 	 64.033 	 72.499
FHW11239	181.750 	 64.039 	 72.500
FHW11239	181.875 	 64.039 	 72.500
FHW11239	182.000 	 64.039 	 72.499
FHW11239	182.125 	 64.033 	 72.500
FHW11239	182.250 	 64.039 	 72.499
FHW11239	182.375 	 64.039 	 72.500
FHW11239	182.500 	 64.039 	 72.499
FHW11239	182.625 	 64.033 	 72.500
FHW11239	182.750 	 64.039 	 72.500
FHW11239	182.875 	 64.039 	 72.499
FHW11239	183.000 	 64.032 	 72.500
FHW11239	183.125 	 64.039 	 72.499
FHW11239	183.250 	 64.039 	 72.500
FHW11239	183.375 	 64.039 	 72.499
FHW11239	183.500 	 64.032 	 72.500
FHW11239	183.625 	 64.039 	 72.499
FHW11239	183.750 	 64.039 	 72.500
FHW11239	183.875 	 64.032 	 72.500
FHW11239	184.000 	 64.039 	 72.499
FHW11239	184.125 	 64.039 	 72.500
FHW11239	184.250 	 64.039 	 72.499
FHW11239	184.375 	 64.032 	 72.500
FHW11239	184.500 	 64.039 	 72.499
FHW11239	184.625 	 64.039 	 72.500
FHW11239	184.750 	 64.039 	 72.500
FHW11239	184.875 	 64.032 	 72.499
FHW11239	185.000 	 64.039 	 72.500
FHW11239	185.125 	 64.039 	 72.499
FHW11239	185.250 	 64.033 	 72.500
FHW11239	185.375 	 64.039 	 72.499
FHW11239	185.500 	 64.039 	 72.500
FHW11239	185.625 	 64.039 	 72.499
FHW11239	185.750 	 64.032 	 72.500
FHW11239	185.875 	 64.039 	 72.500
FHW11239	186.000 	 64.039 	 72.499
FHW11239	186.125 	 64.033 	 72.500
FHW11239	186.250 	 64.039 	 72.499
FHW11239	186.375 	 64.040 	 72.501
FHW11239	186.500 	 64.038 	 72.498
FHW11239	186.625 	 64.033 	 72.500
FHW11239	186.750 	 64.039 	 72.500
FHW11239	186.875 	 64.039 	 72.499
FHW11239	187.000 	 64.039 	 72.500
FHW11239	187.125 	 64.033 	 72.499
FHW11239	187.250 	 64.039 	 72.500
FHW11239	187.375 	 64.038 	 72.498
FHW11239	187.500 	 64.033 	 72.500
FHW11239	187.625 	 64.039 	 72.500
FHW11239	187.750 	 64.039 	 72.499
FHW11239	187.875 	 64.039 	 72.500
FHW11239	188.000 	 64.033 	 72.499
FHW11239	188.125 	 64.039 	 72.500
FHW11239	188.250 	 64.039 	 72.499
FHW11239	188.375 	 64.032 	 72.499
FHW11239	188.500 	 64.039 	 72.499
FHW11239	188.625 	 64.039 	 72.500
FHW11239	188.750 	 64.039 	 72.500
FHW11239	188.875 	 64.033 	 72.499
FHW11239	189.000 	 64.039 	 72.500
FHW11239	189.125 	 64.039 	 72.499
FHW11239	189.250 	 64.039 	 72.500
FHW11239	189.375 	 64.032 	 72.498
FHW11239	189.500 	 64.039 	 72.500
FHW11239	189.625 	 64.039 	 72.499
FHW11239	189.750 	 64.033 	 72.500
FHW11239	189.875 	 67.944 	 74.333
FHW11239	190.000 	 68.284 	 74.486
FHW11239	190.125 	 68.284 	 74.486
FHW11239	190.250 	 68.284 	 74.486
FHW11239	190.375 	 68.285 	 74.487
FHW11239	190.500 	 68.284 	 74.486
FHW11239	190.625 	 68.284 	 74.486
FHW11239	190.750 	 68.284 	 74.486
FHW11239	190.875 	 68.284 	 74.486
FHW11239	191.000 	 68.285 	 74.487
FHW11239	191.125 	 68.284 	 74.486
FHW11239	191.250 	 68.278 	 74.486
FHW11239	191.375 	 68.284 	 74.486
FHW11239	191.500 	 68.284 	 74.486
FHW11239	191.625 	 68.285 	 74.487
FHW11239	191.750 	 68.284 	 74.486
FHW11239	191.875 	 68.284 	 74.486
FHW11239	192.000 	 68.284 	 74.486
FHW11239	192.125 	 68.285 	 74.487
FHW11239	192.250 	 68.284 	 74.486
FHW11239	192.375 	 68.284 	 74.486
FHW11239	192.500 	 68.284 	 74.486
FHW11239	192.625 	 68.284 	 74.486
FHW11239	192.750 	 68.279 	 74.487
FHW11239	192.875 	 68.284 	 74.486
FHW11239	193.000 	 68.284 	 74.486
FHW11239	193.125 	 68.284 	 74.486
FHW11239	193.250 	 68.284 	 74.486
FHW11239	193.375 	 68.285 	 74.487
FHW11239	193.500 	 68.284 	 74.486
FHW11239	193.625 	 68.284 	 74.486
FHW11239	193.750 	 68.284 	 74.486
FHW11239	193.875 	 68.284 	 74.486
FHW11239	194.000 	 68.285 	 74.487
FHW11239	194.125 	 68.278 	 74.486
FHW11239	194.250 	 68.284 	 74.486
FHW11239	194.375 	 68.284 	 74.486
FHW11239	194.500 	 68.285 	 74.487
FHW11239	194.625 	 68.284 	 74.486
FHW11239	194.750 	 68.284 	 74.486
FHW11239	194.875 	 68.284 	 74.486
FHW11239	195.000 	 68.284 	 74.486
FHW11239	195.125 	 68.285 	 74.487
FHW11239	195.250 	 68.284 	 74.486
FHW11239	195.375 	 68.284 	 74.486
FHW11239	195.500 	 68.284 	 74.486
FHW11239	195.625 	 68.279 	 74.487
FHW11239	195.750 	 68.284 	 74.486
FHW11239	195.875 	 68.284 	 74.486
FHW11239	196.000 	 68.284 	 74.486
FHW11239	196.125 	 68.284 	 74.486
FHW11239	196.250 	 68.284 	 74.486
FHW11239	196.375 	 68.285 	 74.487
FHW11239	196.500 	 68.284 	 74.486
FHW11239	196.625 	 68.284 	 74.486
FHW11239	196.750 	 68.284 	 74.486
FHW11239	196.875 	 68.285 	 74.487
FHW11239	197.000 	 68.278 	 74.486
FHW11239	197.125 	 68.284 	 74.486
FHW11239	197.250 	 68.284 	 74.486
FHW11239	197.375 	 68.284 	 74.486
FHW11239	197.500 	 68.285 	 74.487
FHW11239	197.625 	 68.284 	 74.486
FHW11239	197.750 	 68.284 	 74.486
FHW11239	197.875 	 68.284 	 74.486
FHW11239	198.000 	 68.285 	 74.487
FHW11239	198.125 	 68.284 	 74.486
FHW11239	198.250 	 68.284 	 74.486
FHW11239	198.375 	 68.284 	 74.486
FHW11239	198.500 	 68.278 	 74.487
FHW11239	198.625 	 68.284 	 74.486
FHW11239	198.750 	 68.285 	 74.488
FHW11239	198.875 	 68.284 	 74.486
FHW11239	199.000 	 69.262 	 74.800
FHW11239	199.125 	 72.357 	 75.767
FHW11239	199.250 	 72.356 	 75.766
FHW11239	199.375 	 72.363 	 75.766
FHW11239	199.500 	 72.357 	 75.767
FHW11239	199.625 	 72.363 	 75.766
FHW11239	199.750 	 72.356 	 75.765
FHW11239	199.875 	 72.357 	 75.767
FHW11239	200.000 	 72.363 	 75.766
FHW11239	200.125 	 72.357 	 75.767
FHW11239	200.250 	 72.363 	 75.766
FHW11239	200.375 	 72.356 	 75.766
FHW11239	200.500 	 72.357 	 75.767
FHW11239	200.625 	 72.363 	 75.766
FHW11239	200.750 	 72.356 	 75.766
FHW11239	200.875 	 72.364 	 75.767
FHW11239	201.000 	 72.356 	 75.766
FHW11239	201.125 	 72.357 	 75.767
FHW11239	201.250 	 72.363 	 75.766
FHW11239	201.375 	 72.356 	 75.766
FHW11239	201.500 	 72.364 	 75.767
FHW11239	201.625 	 72.356 	 75.766
FHW11239	201.750 	 72.356 	 75.766
FHW11239	201.875 	 72.364 	 75.767
FHW11239	202.000 	 72.356 	 75.766
FHW11239	202.125 	 72.364 	 75.767
FHW11239	202.250 	 72.356 	 75.766
FHW11239	202.375 	 72.356 	 75.766
FHW11239	202.500 	 72.364 	 75.767
FHW11239	202.625 	 72.356 	 75.766
FHW11239	202.750 	 72.363 	 75.766
FHW11239	202.875 	 72.357 	 75.767
FHW11239	203.000 	 72.356 	 75.766
FHW11239	203.125 	 72.363 	 75.766
FHW11239	203.250 	 72.357 	 75.767
FHW11239	203.375 	 72.356 	 75.766
FHW11239	203.500 	 72.364 	 75.767
FHW11239	203.625 	 72.356 	 75.766
FHW11239	203.750 	 72.363 	 75.766
FHW11239	203.875 	 72.357 	 75.767
FHW11239	204.000 	 72.356 	 75.766
FHW11239	204.125 	 72.363 	 75.766
FHW11239	204.250 	 72.357 	 75.767
FHW11239	204.375 	 72.363 	 75.766
FHW11239	204.500 	 72.357 	 75.767
FHW11239	204.625 	 72.356 	 75.766
FHW11239	204.750 	 72.363 	 75.766
FHW11239	204.875 	 72.357 	 75.767
FHW11239	205.000 	 72.363 	 75.766
FHW11239	205.125 	 72.356 	 75.766
FHW11239	205.250 	 72.357 	 75.767
FHW11239	205.375 	 72.363 	 75.766
FHW11239	205.500 	 72.357 	 75.767
FHW11239	205.625 	 72.363 	 75.766
FHW11239	205.750 	 72.356 	 75.766
FHW11239	205.875 	 72.357 	 75.767
FHW11239	206.000 	 72.363 	 75.766
FHW11239	206.125 	 72.356 	 75.766
FHW11239	206.250 	 72.364 	 75.767
FHW11239	206.375 	 72.356 	 75.766
FHW11239	206.500 	 72.356 	 75.766
FHW11239	206.625 	 72.364 	 75.767
FHW11239	206.750 	 72.356 	 75.766
FHW11239	206.875 	 72.364 	 75.767
FHW11239	207.000 	 72.356 	 75.766
FHW11239	207.125 	 72.356 	 75.766
FHW11239	207.250 	 72.364 	 75.767
FHW11239	207.375 	 72.356 	 75.766
FHW11239	207.500 	 72.357 	 75.766
FHW11239	207.625 	 72.363 	 75.766
FHW11239	207.750 	 72.356 	 75.766
FHW11239	207.875 	 72.364 	 75.767
FHW11239	208.000 	 72.356 	 75.766
FHW11239	208.125 	 72.356 	 75.766
FHW11239	208.250 	 72.364 	 75.767
FHW11239	208.375 	 72.356 	 75.766
FHW11239	208.500 	 72.363 	 75.766
FHW11239	208.625 	 73.287 	 75.866
FHW11239	208.750 	 74.937 	 76.042
FHW11239	208.875 	 74.936 	 76.041
FHW11239	209.000 	 74.943 	 76.042
FHW11239	209.125 	 74.937 	 76.042
FHW11239	209.250 	 74.936 	 76.041
FHW11239	209.375 	 74.936 	 76.041
FHW11239	209.500 	 74.936 	 76.041
FHW11239	209.625 	 74.937 	 76.042
FHW11239	209.750 	 74.943 	 76.041
FHW11239	209.875 	 74.936 	 76.041
FHW11239	210.000 	 74.937 	 76.042
FHW11239	210.125 	 74.936 	 76.041
FHW11239	210.250 	 74.936 	 76.041
FHW11239	210.375 	 74.944 	 76.042
FHW11239	210.500 	 74.936 	 76.041
FHW11239	210.625 	 74.936 	 76.041
FHW11239	210.750 	 74.936 	 76.041
FHW11239	210.875 	 74.937 	 76.042
FHW11239	211.000 	 74.943 	 76.041
FHW11239	211.125 	 74.936 	 76.041
FHW11239	211.250 	 74.937 	 76.042
FHW11239	211.375 	 74.936 	 76.041
FHW11239	211.500 	 74.936 	 76.041
FHW11239	211.625 	 74.937 	 76.042
FHW11239	211.750 	 74.943 	 76.041
FHW11239	211.875 	 74.936 	 76.041
FHW11239	212.000 	 74.936 	 76.041
FHW11239	212.125 	 74.937 	 76.042
FHW11239	212.250 	 74.936 	 76.041
FHW11239	212.375 	 74.943 	 76.041
FHW11239	212.500 	 74.937 	 76.042
FHW11239	212.625 	 74.936 	 76.041
FHW11239	212.750 	 74.936 	 76.041
FHW11239	212.875 	 74.937 	 76.042
FHW11239	213.000 	 74.936 	 76.041
FHW11239	213.125 	 74.943 	 76.041
FHW11239	213.250 	 74.936 	 76.041
FHW11239	213.375 	 74.937 	 76.042
FHW11239	213.500 	 74.936 	 76.041
FHW11239	213.625 	 74.936 	 76.041
FHW11239	213.750 	 74.944 	 76.042
FHW11239	213.875 	 74.936 	 76.042
FHW11239	214.000 	 74.936 	 76.041
FHW11239	214.125 	 74.936 	 76.041
FHW11239	214.250 	 74.937 	 76.042
FHW11239	214.375 	 74.943 	 76.041
FHW11239	214.500 	 74.936 	 76.041
FHW11239	214.625 	 74.937 	 76.042
FHW11239	214.750 	 74.936 	 76.041
FHW11239	214.875 	 74.936 	 76.041
FHW11239	215.000 	 74.944 	 76.042
FHW11239	215.125 	 74.936 	 76.041
FHW11239	215.250 	 74.936 	 76.041
FHW11239	215.375 	 74.937 	 76.042
FHW11239	215.500 	 74.936 	 76.041
FHW11239	215.625 	 74.936 	 76.041
FHW11239	215.750 	 74.943 	 76.041
FHW11239	215.875 	 74.937 	 76.042
FHW11239	216.000 	 74.936 	 76.041
FHW11239	216.125 	 75.534 	 75.897
FHW11239	216.250 	 75.534 	 75.897
FHW11239	216.375 	 75.534 	 75.898
FHW11239	216.500 	 75.534 	 75.897
FHW11239	216.625 	 75.533 	 75.896
FHW11239	216.750 	 75.534 	 75.897
FHW11239	216.875 	 75.534 	 75.898
FHW11239	217.000 	 75.534 	 75.897
FHW11239	217.125 	 75.534 	 75.897
FHW11239	217.250 	 75.534 	 75.897
FHW11239	217.375 	 75.534 	 75.898
FHW11239	217.500 	 75.534 	 75.897
FHW11239	217.625 	 75.534 	 75.897
FHW11239	217.750 	 75.533 	 75.896
FHW11239	217.875 	 75.534 	 75.898
FHW11239	218.000 	 75.534 	 75.897
FHW11239	218.125 	 75.534 	 75.897
FHW11239	218.250 	 76.812 	 75.553
FHW11239	218.375 	 77.303 	 75.420
FHW11239	218.500 	 77.303 	 75.420
FHW11239	218.625 	 77.303 	 75.420
FHW11239	218.750 	 77.303 	 75.420
FHW11239	218.875 	 77.310 	 75.420
FHW11239	219.000 	 77.303 	 75.420
FHW11239	219.125 	 77.303 	 75.420
FHW11239	219.250 	 77.303 	 75.420
FHW11239	219.375 	 77.303 	 75.420
FHW11239	219.500 	 77.303 	 75.420
FHW11239	219.625 	 77.303 	 75.420
FHW11239	219.750 	 77.303 	 75.420
FHW11239	219.875 	 77.310 	 75.420
FHW11239	220.000 	 77.303 	 75.420
FHW11239	220.125 	 77.303 	 75.420
FHW11239	220.250 	 77.303 	 75.420
FHW11239	220.375 	 77.303 	 75.420
FHW11239	220.500 	 77.303 	 75.421
FHW11239	220.625 	 77.304 	 75.421
FHW11239	220.750 	 77.309 	 75.419
FHW11239	220.875 	 77.304 	 75.421
FHW11239	221.000 	 77.303 	 75.420
FHW11239	221.125 	 77.303 	 75.420
FHW11239	221.250 	 77.303 	 75.420
FHW11239	221.375 	 77.303 	 75.420
FHW11239	221.500 	 77.303 	 75.420
FHW11239	221.625 	 77.303 	 75.420
FHW11239	221.750 	 77.310 	 75.420
FHW11239	221.875 	 77.303 	 75.420
FHW11239	222.000 	 77.303 	 75.420
FHW11239	222.125 	 77.303 	 75.420
FHW11239	222.250 	 77.303 	 75.420
FHW11239	222.375 	 77.303 	 75.420
FHW11239	222.500 	 77.303 	 75.420
FHW11239	222.625 	 77.310 	 75.420
FHW11239	222.750 	 77.303 	 75.420
FHW11239	222.875 	 77.303 	 75.420
FHW11239	223.000 	 77.303 	 75.420
FHW11239	223.125 	 77.303 	 75.420
FHW11239	223.250 	 77.303 	 75.420
FHW11239	223.375 	 77.303 	 75.420
FHW11239	223.500 	 77.303 	 75.420
FHW11239	223.625 	 77.310 	 75.420
FHW11239	223.750 	 77.303 	 75.420
FHW11239	223.875 	 77.303 	 75.420
FHW11239	224.000 	 77.303 	 75.420
FHW11239	224.125 	 77.303 	 75.420
FHW11239	224.250 	 77.303 	 75.420
FHW11239	224.375 	 77.303 	 75.420
FHW11239	224.500 	 77.310 	 75.421
FHW11239	224.625 	 77.303 	 75.420
FHW11239	224.750 	 77.303 	 75.420
FHW11239	224.875 	 77.303 	 75.420
FHW11239	225.000 	 77.303 	 75.420
FHW11239	225.125 	 77.303 	 75.420
FHW11239	225.250 	 77.303 	 75.420
FHW11239	225.375 	 77.303 	 75.420
FHW11239	225.500 	 77.310 	 75.420
FHW11239	225.625 	 77.303 	 75.420
FHW11239	225.750 	 77.303 	 75.420
FHW11239	225.875 	 77.303 	 75.420
FHW11239	226.000 	 77.303 	 75.420
FHW11239	226.125 	 77.303 	 75.420
FHW11239	226.250 	 77.303 	 75.420
FHW11239	226.375 	 77.310 	 75.420
FHW11239	226.500 	 77.303 	 75.420
FHW11239	226.625 	 77.303 	 75.420
FHW11239	226.750 	 77.303 	 75.420
FHW11239	226.875 	 77.303 	 75.420
FHW11239	227.000 	 77.303 	 75.420
FHW11239	227.125 	 77.303 	 75.420
FHW11239	227.250 	 77.304 	 75.421
FHW11239	227.375 	 77.309 	 75.419
FHW11239	227.500 	 77.304 	 75.421
FHW11239	227.625 	 77.302 	 75.420
FHW11239	227.750 	 77.304 	 75.420
FHW11239	227.875 	 77.518 	 75.239
FHW11239	228.000 	 79.075 	 73.930
FHW11239	228.125 	 79.075 	 73.930
FHW11239	228.250 	 79.068 	 73.930
FHW11239	228.375 	 79.075 	 73.930
FHW11239	228.500 	 79.075 	 73.929
FHW11239	228.625 	 79.075 	 73.931
FHW11239	228.750 	 79.075 	 73.929
FHW11239	228.875 	 79.075 	 73.929
FHW11239	229.000 	 79.075 	 73.931
FHW11239	229.125 	 79.075 	 73.929
FHW11239	229.250 	 79.075 	 73.931
FHW11239	229.375 	 79.075 	 73.929
FHW11239	229.500 	 79.075 	 73.929
FHW11239	229.625 	 79.075 	 73.931
FHW11239	229.750 	 79.075 	 73.929
FHW11239	229.875 	 79.075 	 73.931
FHW11239	230.000 	 79.075 	 73.929
FHW11239	230.125 	 79.075 	 73.930
FHW11239	230.250 	 79.075 	 73.930
FHW11239	230.375 	 79.068 	 73.929
FHW11239	230.500 	 79.075 	 73.931
FHW11239	230.625 	 79.075 	 73.929
FHW11239	230.750 	 79.075 	 73.930
FHW11239	230.875 	 79.075 	 73.930
FHW11239	231.000 	 79.075 	 73.930
FHW11239	231.125 	 79.075 	 73.929
FHW11239	231.250 	 79.075 	 73.930
FHW11239	231.375 	 79.075 	 73.930
FHW11239	231.500 	 79.075 	 73.930
FHW11239	231.625 	 79.075 	 73.930
FHW11239	231.750 	 79.075 	 73.929
FHW11239	231.875 	 79.075 	 73.930
FHW11239	232.000 	 79.075 	 73.930
FHW11239	232.125 	 79.075 	 73.930
FHW11239	232.250 	 79.075 	 73.930
FHW11239	232.375 	 79.075 	 73.929
FHW11239	232.500 	 79.068 	 73.930
FHW11239	232.625 	 79.075 	 73.930
FHW11239	232.750 	 79.075 	 73.929
FHW11239	232.875 	 79.075 	 73.931
FHW11239	233.000 	 79.075 	 73.929
FHW11239	233.125 	 79.075 	 73.931
FHW11239	233.250 	 79.075 	 73.929
FHW11239	233.375 	 79.075 	 73.929
FHW11239	233.500 	 79.075 	 73.931
FHW11239	233.625 	 79.075 	 73.929
FHW11239	233.750 	 79.075 	 73.931
FHW11239	233.875 	 79.075 	 73.929
FHW11239	234.000 	 79.075 	 73.930
FHW11239	234.125 	 79.075 	 73.930
FHW11239	234.250 	 79.075 	 73.929
FHW11239	234.375 	 79.075 	 73.930
FHW11239	234.500 	 79.075 	 73.930
FHW11239	234.625 	 79.068 	 73.930
FHW11239	234.750 	 79.075 	 73.930
FHW11239	234.875 	 79.075 	 73.929
FHW11239	235.000 	 79.075 	 73.930
FHW11239	235.125 	 79.075 	 73.930
FHW11239	235.250 	 79.075 	 73.930
FHW11239	235.375 	 79.075 	 73.930
FHW11239	235.500 	 79.075 	 73.930
FHW11239	235.625 	 79.075 	 73.929
FHW11239	235.750 	 79.075 	 73.930
FHW11239	235.875 	 79.075 	 73.930
FHW11239	236.000 	 79.075 	 73.929
FHW11239	236.125 	 79.075 	 73.931
FHW11239	236.250 	 79.075 	 73.929
FHW11239	236.375 	 79.075 	 73.931
FHW11239	236.500 	 79.075 	 73.929
FHW11239	236.625 	 79.075 	 73.929
FHW11239	236.750 	 79.068 	 73.931
FHW11239	236.875 	 79.075 	 73.930
FHW11239	237.000 	 79.075 	 73.930
FHW11239	237.125 	 79.075 	 73.929
FHW11239	237.250 	 79.075 	 73.929
FHW11239	237.375 	 79.075 	 73.930
FHW11239	237.500 	 79.461 	 73.335
FHW11239	237.625 	 80.289 	 72.077
FHW11239	237.750 	 80.296 	 72.075
FHW11239	237.875 	 80.289 	 72.075
FHW11239	238.000 	 80.289 	 72.075
FHW11239	238.125 	 80.289 	 72.075
FHW11239	238.250 	 80.296 	 72.076
FHW11239	238.375 	 80.289 	 72.075
FHW11239	238.500 	 80.289 	 72.075
FHW11239	238.625 	 80.289 	 72.075
FHW11239	238.750 	 80.296 	 72.075
FHW11239	238.875 	 80.289 	 72.077
FHW11239	239.000 	 80.289 	 72.074
FHW11239	239.125 	 80.289 	 72.075
FHW11239	239.250 	 80.289 	 72.075
FHW11239	239.375 	 80.296 	 72.075
FHW11239	239.500 	 80.289 	 72.075
FHW11239	239.625 	 80.289 	 72.077
FHW11239	239.750 	 80.289 	 72.074
FHW11239	239.875 	 80.296 	 72.075
FHW11239	240.000 	 80.289 	 72.075
FHW11239	240.125 	 80.289 	 72.075
FHW11239	240.250 	 80.289 	 72.077
FHW11239	240.375 	 80.296 	 72.075
FHW11239	240.500 	 80.289 	 72.075
FHW11239	240.625 	 80.289 	 72.074
FHW11239	240.750 	 80.289 	 72.075
FHW11239	240.875 	 80.289 	 72.077
FHW11239	241.000 	 80.296 	 72.075
FHW11239	241.125 	 80.289 	 72.075
FHW11239	241.250 	 80.289 	 72.075
FHW11239	241.375 	 80.289 	 72.074
FHW11239	241.500 	 80.296 	 72.077
FHW11239	241.625 	 80.289 	 72.075
FHW11239	241.750 	 80.289 	 72.075
FHW11239	241.875 	 80.289 	 72.075
FHW11239	242.000 	 80.296 	 72.075
FHW11239	242.125 	 80.289 	 72.076
FHW11239	242.250 	 80.289 	 72.075
FHW11239	242.375 	 80.289 	 72.075
FHW11239	242.500 	 80.289 	 72.075
FHW11239	242.625 	 80.296 	 72.075
FHW11239	242.750 	 80.289 	 72.077
FHW11239	242.875 	 80.289 	 72.075
FHW11239	243.000 	 80.289 	 72.074
FHW11239	243.125 	 80.296 	 72.075
FHW11239	243.250 	 80.289 	 72.075
FHW11239	243.375 	 80.289 	 72.075
FHW11239	243.500 	 80.289 	 72.077
FHW11239	243.625 	 80.296 	 72.075
FHW11239	243.750 	 80.289 	 72.074
FHW11239	243.875 	 80.289 	 72.075
FHW11239	244.000 	 80.289 	 72.075
FHW11239	244.125 	 80.289 	 72.077
FHW11239	244.250 	 80.296 	 72.075
FHW11239	244.375 	 80.289 	 72.075
FHW11239	244.500 	 80.289 	 72.074
FHW11239	244.625 	 80.289 	 72.075
FHW11239	244.750 	 80.296 	 72.077
FHW11239	244.875 	 80.289 	 72.075
FHW11239	245.000 	 80.289 	 72.075
FHW11239	245.125 	 80.289 	 72.075
FHW11239	245.250 	 80.296 	 72.075
FHW11239	245.375 	 80.289 	 72.076
FHW11239	245.500 	 80.289 	 72.075
FHW11239	245.625 	 80.289 	 72.075
FHW11239	245.750 	 80.289 	 72.075
FHW11239	245.875 	 80.296 	 72.075
FHW11239	246.000 	 80.289 	 72.076
FHW11239	246.125 	 80.289 	 72.075
FHW11239	246.250 	 80.289 	 72.075
FHW11239	246.375 	 80.296 	 72.075
FHW11239	246.500 	 80.289 	 72.075
FHW11239	246.625 	 80.289 	 72.077
FHW11239	246.750 	 80.289 	 72.075
FHW11239	246.875 	 80.296 	 72.074
FHW11239	247.000 	 80.289 	 72.075
FHW11239	247.125 	 80.289 	 72.075
FHW11239	247.250 	 81.403 	 71.283
FHW11239	247.375 	 82.609 	 70.428
FHW11239	247.500 	 82.603 	 70.429
FHW11239	247.625 	 82.609 	 70.428
FHW11239	247.750 	 82.610 	 70.429
FHW11239	247.875 	 82.609 	 70.426
FHW11239	248.000 	 82.609 	 70.428
FHW11239	248.125 	 82.603 	 70.429
FHW11239	248.250 	 82.609 	 70.428
FHW11239	248.375 	 82.610 	 70.429
FHW11239	248.500 	 82.609 	 70.428
FHW11239	248.625 	 82.603 	 70.429
FHW11239	248.750 	 82.609 	 70.428
FHW11239	248.875 	 82.610 	 70.429
FHW11239	249.000 	 82.609 	 70.428
FHW11239	249.125 	 82.603 	 70.429
FHW11239	249.250 	 82.609 	 70.426
FHW11239	249.375 	 82.609 	 70.428
FHW11239	249.500 	 82.610 	 70.429
FHW11239	249.625 	 82.602 	 70.428
FHW11239	249.750 	 82.610 	 70.429
FHW11239	249.875 	 82.609 	 70.428
FHW11239	250.000 	 82.610 	 70.429
FHW11239	250.125 	 82.602 	 70.428
FHW11239	250.250 	 82.610 	 70.429
FHW11239	250.375 	 82.609 	 70.428
FHW11239	250.500 	 82.610 	 70.429
FHW11239	250.625 	 82.602 	 70.426
FHW11239	250.750 	 82.609 	 70.428
FHW11239	250.875 	 82.610 	 70.429
FHW11239	251.000 	 82.609 	 70.428
FHW11239	251.125 	 82.603 	 70.429
FHW11239	251.250 	 82.609 	 70.428
FHW11239	251.375 	 82.610 	 70.429
FHW11239	251.500 	 82.609 	 70.428
FHW11239	251.625 	 82.603 	 70.429
FHW11239	251.750 	 82.609 	 70.428
FHW11239	251.875 	 82.610 	 70.427
FHW11239	252.000 	 82.609 	 70.428
FHW11239	252.125 	 82.603 	 70.429
FHW11239	252.250 	 82.609 	 70.428
FHW11239	252.375 	 82.609 	 70.428
FHW11239	252.500 	 82.610 	 70.429
FHW11239	252.625 	 82.602 	 70.428
FHW11239	252.750 	 82.610 	 70.429
FHW11239	252.875 	 82.609 	 70.428
FHW11239	253.000 	 82.610 	 70.429
FHW11239	253.125 	 82.602 	 70.428
FHW11239	253.250 	 82.610 	 70.427
FHW11239	253.375 	 82.609 	 70.428
FHW11239	253.500 	 82.609 	 70.428
FHW11239	253.625 	 82.610 	 70.429
FHW11239	253.750 	 82.602 	 70.428
FHW11239	253.875 	 82.610 	 70.429
FHW11239	254.000 	 82.609 	 70.428
FHW11239	254.125 	 82.610 	 70.429
FHW11239	254.250 	 82.602 	 70.428
FHW11239	254.375 	 82.610 	 70.429
FHW11239	254.500 	 82.609 	 70.426
FHW11239	254.625 	 82.610 	 70.429
FHW11239	254.750 	 82.602 	 70.428
FHW11239	254.875 	 82.609 	 70.428
FHW11239	255.000 	 82.610 	 70.429
FHW11239	255.125 	 82.609 	 70.428
FHW11239	255.250 	 82.603 	 70.429
FHW11239	255.375 	 82.609 	 70.428
FHW11239	255.500 	 82.610 	 70.429
FHW11239	255.625 	 82.609 	 70.428
FHW11239	255.750 	 82.602 	 70.428
FHW11239	255.875 	 82.610 	 70.428
FHW11239	256.000 	 82.609 	 70.428
FHW11239	256.125 	 82.609 	 70.428
FHW11239	256.250 	 82.602 	 70.428
FHW11239	256.375 	 82.610 	 70.430
FHW11239	256.500 	 82.609 	 70.428
FHW11239	256.625 	 82.609 	 70.428
FHW11239	256.750 	 84.287 	 69.365
FHW11239	256.875 	 85.229 	 68.772
FHW11239	257.000 	 85.230 	 68.773
FHW11239	257.125 	 85.236 	 68.772
FHW11239	257.250 	 85.229 	 68.770
FHW11239	257.375 	 85.236 	 68.772
FHW11239	257.500 	 85.230 	 68.773
FHW11239	257.625 	 85.236 	 68.770
FHW11239	257.750 	 85.229 	 68.772
FHW11239	257.875 	 85.237 	 68.773
FHW11239	258.000 	 85.229 	 68.772
FHW11239	258.125 	 85.236 	 68.770
FHW11239	258.250 	 85.229 	 68.772
FHW11239	258.375 	 85.237 	 68.773
FHW11239	258.500 	 85.229 	 68.772
FHW11239	258.625 	 85.236 	 68.770
FHW11239	258.750 	 85.229 	 68.770
FHW11239	258.875 	 85.237 	 68.774
FHW11239	259.000 	 85.229 	 68.770
FHW11239	259.125 	 85.236 	 68.772
FHW11239	259.250 	 85.229 	 68.770
FHW11239	259.375 	 85.237 	 68.774
FHW11239	259.500 	 85.229 	 68.770
FHW11239	259.625 	 85.236 	 68.772
FHW11239	259.750 	 85.229 	 68.770
FHW11239	259.875 	 85.230 	 68.773
FHW11239	260.000 	 85.236 	 68.772
FHW11239	260.125 	 85.229 	 68.770
FHW11239	260.250 	 85.236 	 68.772
FHW11239	260.375 	 85.230 	 68.773
FHW11239	260.500 	 85.236 	 68.772
FHW11239	260.625 	 85.229 	 68.770
FHW11239	260.750 	 85.236 	 68.772
FHW11239	260.875 	 85.230 	 68.773
FHW11239	261.000 	 85.236 	 68.770
FHW11239	261.125 	 85.229 	 68.772
FHW11239	261.250 	 85.237 	 68.773
FHW11239	261.375 	 85.229 	 68.772
FHW11239	261.500 	 85.236 	 68.770
FHW11239	261.625 	 85.229 	 68.772
FHW11239	261.750 	 85.237 	 68.773
FHW11239	261.875 	 85.229 	 68.770
FHW11239	262.000 	 85.236 	 68.772
FHW11239	262.125 	 85.229 	 68.770
FHW11239	262.250 	 85.237 	 68.774
FHW11239	262.375 	 85.229 	 68.770
FHW11239	262.500 	 85.236 	 68.772
FHW11239	262.625 	 85.229 	 68.770
FHW11239	262.750 	 85.230 	 68.774
FHW11239	262.875 	 85.236 	 68.770
FHW11239	263.000 	 85.229 	 68.770
FHW11239	263.125 	 85.236 	 68.772
FHW11239	263.250 	 85.230 	 68.773
FHW11239	263.375 	 85.236 	 68.772
FHW11239	263.500 	 85.229 	 68.770
FHW11239	263.625 	 85.236 	 68.772
FHW11239	263.750 	 85.230 	 68.773
FHW11239	263.875 	 85.236 	 68.772
FHW11239	264.000 	 85.229 	 68.770
FHW11239	264.125 	 85.237 	 68.773
FHW11239	264.250 	 85.229 	 68.772
FHW11239	264.375 	 85.236 	 68.770
FHW11239	264.500 	 85.229 	 68.772
FHW11239	264.625 	 85.237 	 68.773
FHW11239	264.750 	 85.229 	 68.772
FHW11239	264.875 	 85.236 	 68.770
FHW11239	265.000 	 85.229 	 68.770
FHW11239	265.125 	 85.237 	 68.774
FHW11239	265.250 	 85.229 	 68.770
FHW11239	265.375 	 85.236 	 68.772
FHW11239	265.500 	 85.229 	 68.770
FHW11239	265.625 	 85.230 	 68.774
FHW11239	265.750 	 85.236 	 68.770
FHW11239	265.875 	 85.229 	 68.772
FHW11239	266.000 	 85.236 	 68.770
FHW11239	266.125 	 85.230 	 68.773
FHW11239	266.250 	 87.073 	 67.949
FHW11239	266.375 	 88.524 	 67.309
FHW11239	266.500 	 88.517 	 67.305
FHW11239	266.625 	 88.517 	 67.307
FHW11239	266.750 	 88.517 	 67.309
FHW11239	266.875 	 88.517 	 67.305
FHW11239	267.000 	 88.524 	 67.309
FHW11239	267.125 	 88.517 	 67.305
FHW11239	267.250 	 88.517 	 67.309
FHW11239	267.375 	 88.517 	 67.307
FHW11239	267.500 	 88.517 	 67.306
FHW11239	267.625 	 88.524 	 67.307
FHW11239	267.750 	 88.517 	 67.307
FHW11239	267.875 	 88.517 	 67.306
FHW11239	268.000 	 88.517 	 67.307
FHW11239	268.125 	 88.524 	 67.306
FHW11239	268.250 	 88.517 	 67.307
FHW11239	268.375 	 88.517 	 67.309
FHW11239	268.500 	 88.517 	 67.305
FHW11239	268.625 	 88.517 	 67.309
FHW11239	268.750 	 88.524 	 67.307
FHW11239	268.875 	 88.517 	 67.306
FHW11239	269.000 	 88.517 	 67.307
FHW11239	269.125 	 88.517 	 67.305
FHW11239	269.250 	 88.517 	 67.309
FHW11239	269.375 	 88.524 	 67.307
FHW11239	269.500 	 88.517 	 67.306
FHW11239	269.625 	 88.517 	 67.307
FHW11239	269.750 	 88.517 	 67.309
FHW11239	269.875 	 88.524 	 67.305
FHW11239	270.000 	 88.517 	 67.309
FHW11239	270.125 	 88.517 	 67.305
FHW11239	270.250 	 88.517 	 67.307
FHW11239	270.375 	 88.517 	 67.309
FHW11239	270.500 	 88.524 	 67.305
FHW11239	270.625 	 88.517 	 67.309
FHW11239	270.750 	 88.517 	 67.305
FHW11239	270.875 	 88.517 	 67.309
FHW11239	271.000 	 88.517 	 67.307
FHW11239	271.125 	 88.524 	 67.306
FHW11239	271.250 	 88.517 	 67.307
FHW11239	271.375 	 88.517 	 67.309
FHW11239	271.500 	 88.517 	 67.305
FHW11239	271.625 	 88.517 	 67.307
FHW11239	271.750 	 88.524 	 67.309
FHW11239	271.875 	 88.517 	 67.305
FHW11239	272.000 	 88.517 	 67.309
FHW11239	272.125 	 88.517 	 67.305
FHW11239	272.250 	 88.524 	 67.309
FHW11239	272.375 	 88.517 	 67.307
FHW11239	272.500 	 88.517 	 67.306
FHW11239	272.625 	 88.517 	 67.307
FHW11239	272.750 	 88.517 	 67.305
FHW11239	272.875 	 88.524 	 67.309
FHW11239	273.000 	 88.517 	 67.307
FHW11239	273.125 	 88.517 	 67.306
FHW11239	273.250 	 88.517 	 67.307
FHW11239	273.375 	 88.517 	 67.309
FHW11239	273.500 	 88.524 	 67.305
FHW11239	273.625 	 88.517 	 67.309
FHW11239	273.750 	 88.517 	 67.305
FHW11239	273.875 	 88.517 	 67.307
FHW11239	274.000 	 88.517 	 67.309
FHW11239	274.125 	 88.524 	 67.305
FHW11239	274.250 	 88.517 	 67.309
FHW11239	274.375 	 88.517 	 67.307
FHW11239	274.500 	 88.517 	 67.306
FHW11239	274.625 	 88.524 	 67.307
FHW11239	274.750 	 88.517 	 67.306
FHW11239	274.875 	 88.517 	 67.307
FHW11239	275.000 	 88.517 	 67.309
FHW11239	275.125 	 88.517 	 67.305
FHW11239	275.250 	 88.524 	 67.309
FHW11239	275.375 	 88.517 	 67.307
FHW11239	275.500 	 88.517 	 67.305
FHW11239	275.625 	 88.517 	 67.309
FHW11239	275.750 	 88.517 	 67.305
FHW11239	275.875 	 89.000 	 67.002
FHW11239	276.000 	 90.888 	 65.761
FHW11239	276.125 	 90.895 	 65.766
FHW11239	276.250 	 90.895 	 65.766
FHW11239	276.375 	 90.895 	 65.766
FHW11239	276.500 	 90.895 	 65.764
FHW11239	276.625 	 90.895 	 65.766
FHW11239	276.750 	 90.895 	 65.766
FHW11239	276.875 	 90.895 	 65.763
FHW11239	277.000 	 90.895 	 65.764
FHW11239	277.125 	 90.888 	 65.766
FHW11239	277.250 	 90.895 	 65.766
FHW11239	277.375 	 90.895 	 65.766
FHW11239	277.500 	 90.895 	 65.766
FHW11239	277.625 	 90.895 	 65.764
FHW11239	277.750 	 90.895 	 65.763
FHW11239	277.875 	 90.895 	 65.766
FHW11239	278.000 	 90.895 	 65.766
FHW11239	278.125 	 90.888 	 65.764
FHW11239	278.250 	 90.895 	 65.766
FHW11239	278.375 	 90.895 	 65.766
FHW11239	278.500 	 90.895 	 65.766
FHW11239	278.625 	 90.895 	 65.761
FHW11239	278.750 	 90.895 	 65.766
FHW11239	278.875 	 90.895 	 65.766
FHW11239	279.000 	 90.895 	 65.766
FHW11239	279.125 	 90.888 	 65.764
FHW11239	279.250 	 90.895 	 65.766
FHW11239	279.375 	 90.895 	 65.766
FHW11239	279.500 	 90.895 	 65.763
FHW11239	279.625 	 90.895 	 65.764
FHW11239	279.750 	 90.895 	 65.766
FHW11239	279.875 	 90.895 	 65.766
FHW11239	280.000 	 90.895 	 65.766
FHW11239	280.125 	 90.895 	 65.766
FHW11239	280.250 	 90.888 	 65.764
FHW11239	280.375 	 90.895 	 65.763
FHW11239	280.500 	 90.895 	 65.766
FHW11239	280.625 	 90.895 	 65.766
FHW11239	280.750 	 90.895 	 65.764
FHW11239	280.875 	 90.895 	 65.766
FHW11239	281.000 	 90.895 	 65.766
FHW11239	281.125 	 90.895 	 65.766
FHW11239	281.250 	 90.888 	 65.761
FHW11239	281.375 	 90.895 	 65.766
FHW11239	281.500 	 90.895 	 65.766
FHW11239	281.625 	 90.895 	 65.766
FHW11239	281.750 	 90.895 	 65.764
FHW11239	281.875 	 90.895 	 65.766
FHW11239	282.000 	 90.895 	 65.766
FHW11239	282.125 	 90.895 	 65.763
FHW11239	282.250 	 90.895 	 65.766
FHW11239	282.375 	 90.888 	 65.764
FHW11239	282.500 	 90.895 	 65.766
FHW11239	282.625 	 90.895 	 65.766
FHW11239	282.750 	 90.895 	 65.766
FHW11239	282.875 	 90.895 	 65.764
FHW11239	283.000 	 90.895 	 65.763
FHW11239	283.125 	 90.895 	 65.766
FHW11239	283.250 	 90.895 	 65.766
FHW11239	283.375 	 90.888 	 65.764
FHW11239	283.500 	 90.895 	 65.766
FHW11239	283.625 	 90.895 	 65.766
FHW11239	283.750 	 90.895 	 65.766
FHW11239	283.875 	 90.895 	 65.761
FHW11239	284.000 	 90.895 	 65.766
FHW11239	284.125 	 90.895 	 65.766
FHW11239	284.250 	 90.895 	 65.766
FHW11239	284.375 	 90.888 	 65.764
FHW11239	284.500 	 90.895 	 65.766
FHW11239	284.625 	 90.895 	 65.766
FHW11239	284.750 	 90.895 	 65.763
FHW11239	284.875 	 90.895 	 65.764
FHW11239	285.000 	 90.895 	 65.766
FHW11239	285.125 	 90.895 	 65.766
FHW11239	285.250 	 90.895 	 65.766
FHW11239	285.375 	 90.895 	 65.766
FHW11239	285.500 	 90.888 	 65.764
FHW11239	285.625 	 90.895 	 65.763
FHW11239	285.750 	 90.895 	 65.766
FHW11239	285.875 	 90.895 	 65.766
FHW11239	286.000 	 90.895 	 65.764
FHW11239	286.125 	 90.895 	 65.766
FHW11239	286.250 	 90.895 	 65.766
FHW11239	286.375 	 90.895 	 65.766
FHW11239	286.500 	 90.888 	 65.761
FHW11239	286.625 	 90.895 	 65.766
FHW11239	286.750 	 90.888 	 65.716
FHW11239	286.875 	 90.756 	 65.137
FHW11239	287.000 	 90.763 	 65.134
FHW11239	287.125 	 90.762 	 65.137
FHW11239	287.250 	 90.762 	 65.137
FHW11239	287.375 	 90.755 	 65.136
FHW11239	287.500 	 90.763 	 65.134
FHW11239	287.625 	 90.762 	 65.137
FHW11239	287.750 	 90.762 	 65.137
FHW11239	287.875 	 90.756 	 65.137
FHW11239	288.000 	 90.763 	 65.134
FHW11239	288.125 	 90.762 	 65.137
FHW11239	288.250 	 90.762 	 65.137
FHW11239	288.375 	 90.756 	 65.134
FHW11239	288.500 	 90.762 	 65.136
FHW11239	288.625 	 90.762 	 65.137
FHW11239	288.750 	 90.762 	 65.137
FHW11239	288.875 	 90.756 	 65.134
FHW11239	289.000 	 90.762 	 65.137
FHW11239	289.125 	 90.630 	 65.401
FHW11239	289.250 	 90.623 	 65.399
FHW11239	289.375 	 90.630 	 65.401
FHW11239	289.500 	 90.630 	 65.402
FHW11239	289.625 	 90.623 	 65.401
FHW11239	289.750 	 90.630 	 65.399
FHW11239	289.875 	 90.623 	 65.401
FHW11239	290.000 	 90.630 	 65.399
FHW11239	290.125 	 90.630 	 65.401
FHW11239	290.250 	 90.623 	 65.401
FHW11239	290.375 	 90.630 	 65.399
FHW11239	290.500 	 90.630 	 65.403
FHW11239	290.625 	 90.623 	 65.399
FHW11239	290.750 	 90.630 	 65.401
FHW11239	290.875 	 90.630 	 65.399
FHW11239	291.000 	 90.623 	 65.401
FHW11239	291.125 	 90.630 	 65.399
FHW11239	291.250 	 90.623 	 65.401
FHW11239	291.375 	 90.630 	 65.401
FHW11239	291.500 	 90.630 	 65.402
FHW11239	291.625 	 90.623 	 65.401
FHW11239	291.750 	 90.630 	 65.399
FHW11239	291.875 	 90.630 	 65.401
FHW11239	292.000 	 90.623 	 65.399
FHW11239	292.125 	 90.630 	 65.401
FHW11239	292.250 	 90.623 	 65.399
FHW11239	292.375 	 90.630 	 65.401
FHW11239	292.500 	 90.630 	 65.402
FHW11239	292.625 	 90.623 	 65.401
FHW11239	292.750 	 90.630 	 65.401
FHW11239	292.875 	 90.630 	 65.399
FHW11239	293.000 	 90.623 	 65.401
FHW11239	293.125 	 90.630 	 65.399
FHW11239	293.250 	 90.630 	 65.401
FHW11239	293.375 	 90.623 	 65.402
FHW11239	293.500 	 90.630 	 65.401
FHW11239	293.625 	 90.693 	 65.416
FHW11239	293.750 	 90.783 	 65.445
FHW11239	293.875 	 90.783 	 65.443
FHW11239	294.000 	 90.776 	 65.442
FHW11239	294.125 	 90.783 	 65.443
FHW11239	294.250 	 90.783 	 65.442
FHW11239	294.375 	 90.776 	 65.443
FHW11239	294.500 	 90.783 	 65.445
FHW11239	294.625 	 90.783 	 65.440
FHW11239	294.750 	 90.776 	 65.443
FHW11239	294.875 	 90.783 	 65.442
FHW11239	295.000 	 90.783 	 65.443
FHW11239	295.125 	 90.783 	 65.445
FHW11239	295.250 	 90.776 	 65.440
FHW11239	295.375 	 90.783 	 65.445
FHW11239	295.500 	 90.783 	 65.440
FHW11239	295.625 	 90.776 	 65.445
FHW11239	295.750 	 90.783 	 65.440
FHW11239	295.875 	 90.783 	 65.445
FHW11239	296.000 	 90.783 	 65.443
FHW11239	296.125 	 90.776 	 65.442
FHW11239	296.250 	 90.783 	 65.443
FHW11239	296.375 	 90.783 	 65.442
FHW11239	296.500 	 90.776 	 65.443
FHW11239	296.625 	 90.783 	 65.445
FHW11239	296.750 	 90.783 	 65.440
FHW11239	296.875 	 90.776 	 65.445
FHW11239	297.000 	 90.783 	 65.440
FHW11239	297.125 	 90.783 	 65.443
FHW11239	297.250 	 90.783 	 65.442
FHW11239	297.375 	 90.776 	 65.443
FHW11239	297.500 	 90.783 	 65.445
FHW11239	297.625 	 90.783 	 65.440
FHW11239	297.750 	 90.776 	 65.445
FHW11239	297.875 	 90.783 	 65.440
FHW11239	298.000 	 90.783 	 65.445
FHW11239	298.125 	 90.783 	 65.443
FHW11239	298.250 	 90.776 	 65.442
FHW11239	298.375 	 90.783 	 65.443
FHW11239	298.500 	 90.783 	 65.442
FHW11239	298.625 	 90.776 	 65.443
FHW11239	298.750 	 90.783 	 65.445
FHW11239	298.875 	 90.783 	 65.440
FHW11239	299.000 	 90.776 	 65.445
FHW11239	299.125 	 90.783 	 65.440
FHW11239	299.250 	 90.783 	 65.445
FHW11239	299.375 	 90.783 	 65.440
FHW11239	299.500 	 90.776 	 65.443
FHW11239	299.625 	 90.783 	 65.445
FHW11239	299.750 	 90.783 	 65.440
FHW11239	299.875 	 90.776 	 65.445
FHW11239	300.000 	 90.783 	 65.440
FHW11239	300.125 	 90.783 	 65.445
FHW11239	300.250 	 90.776 	 65.443
FHW11239	300.375 	 90.783 	 65.442
FHW11239	300.500 	 90.783 	 65.443
FHW11239	300.625 	 90.783 	 65.442
FHW11239	300.750 	 90.776 	 65.443
FHW11239	300.875 	 90.783 	 65.445
FHW11239	301.000 	 90.783 	 65.440
FHW11239	301.125 	 90.776 	 65.445
FHW11239	301.250 	 90.783 	 65.440
FHW11239	301.375 	 90.783 	 65.445
FHW11239	301.500 	 90.783 	 65.440
FHW11239	301.625 	 90.776 	 65.445
FHW11239	301.750 	 90.783 	 65.443
FHW11239	301.875 	 90.783 	 65.440
FHW11239	302.000 	 90.776 	 65.445
FHW11239	302.125 	 90.783 	 65.440
FHW11239	302.250 	 90.783 	 65.445
FHW11239	302.375 	 90.769 	 65.445
FHW11239	302.500 	 90.532 	 65.541
FHW11239	302.625 	 90.532 	 65.538
FHW11239	302.750 	 90.525 	 65.540
FHW11239	302.875 	 90.532 	 65.541
FHW11239	303.000 	 90.532 	 65.538
FHW11239	303.125 	 90.532 	 65.538
FHW11239	303.250 	 90.525 	 65.541
FHW11239	303.375 	 90.532 	 65.540
FHW11239	303.500 	 90.532 	 65.538
FHW11239	303.625 	 90.532 	 65.541
FHW11239	303.750 	 90.525 	 65.538
FHW11239	303.875 	 90.532 	 65.540
FHW11239	304.000 	 90.532 	 65.541
FHW11239	304.125 	 90.532 	 65.538
FHW11239	304.250 	 90.532 	 65.538
FHW11239	304.375 	 90.525 	 65.538
FHW11239	304.500 	 90.532 	 65.543
FHW11239	304.625 	 90.532 	 65.538
FHW11239	304.750 	 90.532 	 65.538
FHW11239	304.875 	 90.525 	 65.541
FHW11239	305.000 	 90.532 	 65.538
FHW11239	305.125 	 90.532 	 65.540
FHW11239	305.250 	 90.532 	 65.541
FHW11239	305.375 	 90.525 	 65.538
FHW11239	305.500 	 90.532 	 65.538
FHW11239	305.625 	 90.532 	 65.543
FHW11239	305.750 	 90.532 	 65.538
FHW11239	305.875 	 90.525 	 65.538
FHW11239	306.000 	 90.532 	 65.541
FHW11239	306.125 	 90.532 	 65.538
FHW11239	306.250 	 90.532 	 65.540
FHW11239	306.375 	 90.532 	 65.538
FHW11239	306.500 	 90.525 	 65.541
FHW11239	306.625 	 90.532 	 65.538
FHW11239	306.750 	 90.532 	 65.538
FHW11239	306.875 	 90.532 	 65.543
FHW11239	307.000 	 90.525 	 65.538
FHW11239	307.125 	 90.532 	 65.538
FHW11239	307.250 	 90.532 	 65.541
FHW11239	307.375 	 90.532 	 65.540
FHW11239	307.500 	 90.525 	 65.538
FHW11239	307.625 	 90.532 	 65.541
FHW11239	307.750 	 90.532 	 65.538
FHW11239	307.875 	 90.532 	 65.538
FHW11239	308.000 	 90.532 	 65.543
FHW11239	308.125 	 90.525 	 65.538
FHW11239	308.250 	 90.532 	 65.538
FHW11239	308.375 	 90.532 	 65.541
FHW11239	308.500 	 90.532 	 65.538
FHW11239	308.625 	 90.525 	 65.540
FHW11239	308.750 	 90.532 	 65.538
FHW11239	308.875 	 90.532 	 65.541
FHW11239	309.000 	 90.532 	 65.538
FHW11239	309.125 	 90.525 	 65.538
FHW11239	309.250 	 90.532 	 65.543
FHW11239	309.375 	 90.532 	 65.538
FHW11239	309.500 	 90.532 	 65.538
FHW11239	309.625 	 90.525 	 65.541
FHW11239	309.750 	 90.532 	 65.540
FHW11239	309.875 	 90.532 	 65.538
FHW11239	310.000 	 90.532 	 65.541
FHW11239	310.125 	 90.532 	 65.538
FHW11239	310.250 	 90.525 	 65.538
FHW11239	310.375 	 90.532 	 65.543
FHW11239	310.500 	 90.532 	 65.538
FHW11239	310.625 	 90.532 	 65.538
FHW11239	310.750 	 90.525 	 65.538
FHW11239	310.875 	 90.532 	 65.541
FHW11239	311.000 	 90.532 	 65.540
FHW11239	311.125 	 89.671 	 65.661
FHW11239	311.250 	 89.510 	 65.682
FHW11239	311.375 	 89.510 	 65.683
FHW11239	311.500 	 89.510 	 65.682
FHW11239	311.625 	 89.510 	 65.685
FHW11239	311.750 	 89.510 	 65.683
FHW11239	311.875 	 89.510 	 65.682
FHW11239	312.000 	 89.510 	 65.683
FHW11239	312.125 	 89.510 	 65.685
FHW11239	312.250 	 89.510 	 65.682
FHW11239	312.375 	 89.510 	 65.683
FHW11239	312.500 	 89.510 	 65.682
FHW11239	312.625 	 89.517 	 65.683
FHW11239	312.750 	 89.510 	 65.685
FHW11239	312.875 	 89.510 	 65.682
FHW11239	313.000 	 89.510 	 65.683
FHW11239	313.125 	 89.510 	 65.682
FHW11239	313.250 	 89.510 	 65.686
FHW11239	313.375 	 89.510 	 65.682
FHW11239	313.500 	 89.510 	 65.682
FHW11239	313.625 	 89.510 	 65.683
FHW11239	313.750 	 89.510 	 65.685
FHW11239	313.875 	 89.510 	 65.682
FHW11239	314.000 	 89.510 	 65.683
FHW11239	314.125 	 89.510 	 65.682
FHW11239	314.250 	 89.510 	 65.686
FHW11239	314.375 	 89.510 	 65.682
FHW11239	314.500 	 89.510 	 65.682
FHW11239	314.625 	 89.510 	 65.683
FHW11239	314.750 	 89.510 	 65.685
FHW11239	314.875 	 89.510 	 65.683
FHW11239	315.000 	 89.510 	 65.682
FHW11239	315.125 	 89.510 	 65.682
FHW11239	315.250 	 89.510 	 65.683
FHW11239	315.375 	 89.510 	 65.685
FHW11239	315.500 	 89.510 	 65.683
FHW11239	315.625 	 89.510 	 65.682
FHW11239	315.750 	 89.510 	 65.682
FHW11239	315.875 	 89.510 	 65.686
FHW11239	316.000 	 89.510 	 65.682
FHW11239	316.125 	 89.510 	 65.682
FHW11239	316.250 	 89.510 	 65.683
FHW11239	316.375 	 89.510 	 65.685
FHW11239	316.500 	 89.510 	 65.683
FHW11239	316.625 	 89.510 	 65.682
FHW11239	316.750 	 89.510 	 65.682
FHW11239	316.875 	 89.510 	 65.686
FHW11239	317.000 	 89.510 	 65.682
FHW11239	317.125 	 89.510 	 65.683
FHW11239	317.250 	 89.510 	 65.682
FHW11239	317.375 	 89.510 	 65.685
FHW11239	317.500 	 89.517 	 65.683
FHW11239	317.625 	 89.510 	 65.682
FHW11239	317.750 	 89.510 	 65.683
FHW11239	317.875 	 89.510 	 65.682
FHW11239	318.000 	 89.510 	 65.685
FHW11239	318.125 	 89.510 	 65.683
FHW11239	318.250 	 89.510 	 65.682
FHW11239	318.375 	 89.510 	 65.683
FHW11239	318.500 	 89.510 	 65.685
FHW11239	318.625 	 89.510 	 65.682
FHW11239	318.750 	 89.510 	 65.683
FHW11239	318.875 	 89.510 	 65.682
FHW11239	319.000 	 89.510 	 65.686
FHW11239	319.125 	 89.510 	 65.682
FHW11239	319.250 	 89.510 	 65.682
FHW11239	319.375 	 89.510 	 65.683
FHW11239	319.500 	 89.510 	 65.685
FHW11239	319.625 	 89.510 	 65.682
FHW11239	319.750 	 89.510 	 65.683
FHW11239	319.875 	 89.510 	 65.682
FHW11239	320.000 	 89.510 	 65.683
FHW11239	320.125 	 89.510 	 65.685
FHW11239	320.250 	 89.510 	 65.682
FHW11239	320.375 	 89.510 	 65.683
FHW11239	320.500 	 89.510 	 65.682
FHW11239	320.625 	 89.510 	 65.686
FHW11239	320.750 	 89.510 	 65.683
FHW11239	320.875 	 89.510 	 65.682
FHW11239	321.000 	 89.510 	 65.682
FHW11239	321.125 	 89.510 	 65.685
FHW11239	321.250 	 89.510 	 65.682
FHW11239	321.375 	 89.510 	 65.682
FHW11239	321.500 	 89.510 	 65.685
FHW11239	321.625 	 89.510 	 65.685
FHW11239	321.750 	 89.510 	 65.682
FHW11239	321.875 	 89.510 	 65.682
FHW11239	322.000 	 89.510 	 65.682
FHW11239	322.125 	 89.510 	 65.688
FHW11239	322.250 	 89.510 	 65.682
FHW11239	322.375 	 89.517 	 65.682
FHW11239	322.500 	 89.510 	 65.682
FHW11239	322.625 	 89.510 	 65.685
FHW11239	322.750 	 89.510 	 65.685
FHW11239	322.875 	 89.510 	 65.682
FHW11239	323.000 	 89.510 	 65.682
FHW11239	323.125 	 89.510 	 65.682
FHW11239	323.250 	 89.510 	 65.685
FHW11239	323.375 	 89.510 	 65.685
FHW11239	323.500 	 89.510 	 65.682
FHW11239	323.625 	 89.510 	 65.682
FHW11239	323.750 	 89.510 	 65.685
FHW11239	323.875 	 89.510 	 65.682
FHW11239	324.000 	 89.510 	 65.685
FHW11239	324.125 	 89.510 	 65.682
FHW11239	324.250 	 89.510 	 65.685
FHW11239	324.375 	 89.510 	 65.682
FHW11239	324.500 	 89.510 	 65.682
FHW11239	324.625 	 89.510 	 65.685
FHW11239	324.750 	 89.510 	 65.685
FHW11239	324.875 	 89.510 	 65.682
FHW11239	325.000 	 89.510 	 65.682
FHW11239	325.125 	 89.510 	 65.682
FHW11239	325.250 	 89.510 	 65.682
FHW11239	325.375 	 89.510 	 65.688
FHW11239	325.500 	 89.510 	 65.682
FHW11239	325.625 	 89.510 	 65.682
FHW11239	325.750 	 89.510 	 65.682
FHW11239	325.875 	 89.510 	 65.688
FHW11239	326.000 	 89.510 	 65.682
FHW11239	326.125 	 89.510 	 65.682
FHW11239	326.250 	 89.510 	 65.682
FHW11239	326.375 	 89.510 	 65.685
FHW11239	326.500 	 89.510 	 65.682
FHW11239	326.625 	 89.510 	 65.685
FHW11239	326.750 	 89.510 	 65.682
FHW11239	326.875 	 89.510 	 65.685
FHW11239	327.000 	 89.510 	 65.682
FHW11239	327.125 	 89.510 	 65.682
FHW11239	327.250 	 89.517 	 65.685
FHW11239	327.375 	 89.510 	 65.685
FHW11239	327.500 	 89.510 	 65.682
FHW11239	327.625 	 89.510 	 65.682
FHW11239	327.750 	 89.510 	 65.682
FHW11239	327.875 	 89.510 	 65.688
FHW11239	328.000 	 89.510 	 65.682
FHW11239	328.125 	 89.510 	 65.682
FHW11239	328.250 	 89.510 	 65.682
FHW11239	328.375 	 89.510 	 65.682
FHW11239	328.500 	 89.510 	 65.688
FHW11239	328.625 	 89.336 	 65.753
FHW11239	328.750 	 89.028 	 65.881
FHW11239	328.875 	 89.028 	 65.884
FHW11239	329.000 	 89.021 	 65.884
FHW11239	329.125 	 89.028 	 65.884
FHW11239	329.250 	 89.028 	 65.884
FHW11239	329.375 	 89.028 	 65.878
FHW11239	329.500 	 89.028 	 65.884
FHW11239	329.625 	 89.028 	 65.884
FHW11239	329.750 	 89.028 	 65.884
FHW11239	329.875 	 89.021 	 65.884
FHW11239	330.000 	 89.028 	 65.881
FHW11239	330.125 	 89.028 	 65.884
FHW11239	330.250 	 89.028 	 65.884
FHW11239	330.375 	 89.028 	 65.881
FHW11239	330.500 	 89.028 	 65.884
FHW11239	330.625 	 89.028 	 65.881
FHW11239	330.750 	 89.021 	 65.884
FHW11239	330.875 	 89.028 	 65.884
FHW11239	331.000 	 89.028 	 65.884
FHW11239	331.125 	 89.028 	 65.881
FHW11239	331.250 	 89.028 	 65.884
FHW11239	331.375 	 89.028 	 65.884
FHW11239	331.500 	 89.028 	 65.881
FHW11239	331.625 	 89.021 	 65.884
FHW11239	331.750 	 89.028 	 65.881
FHW11239	331.875 	 89.028 	 65.884
FHW11239	332.000 	 89.028 	 65.884
FHW11239	332.125 	 89.028 	 65.884
FHW11239	332.250 	 89.028 	 65.884
FHW11239	332.375 	 89.028 	 65.881
FHW11239	332.500 	 89.021 	 65.881
FHW11239	332.625 	 89.028 	 65.884
FHW11239	332.750 	 89.028 	 65.884
FHW11239	332.875 	 89.028 	 65.884
FHW11239	333.000 	 89.028 	 65.881
FHW11239	333.125 	 89.028 	 65.884
FHW11239	333.250 	 89.028 	 65.884
FHW11239	333.375 	 89.021 	 65.884
FHW11239	333.500 	 89.028 	 65.881
FHW11239	333.625 	 89.028 	 65.881
FHW11239	333.750 	 89.028 	 65.884
FHW11239	333.875 	 89.028 	 65.884
FHW11239	334.000 	 89.028 	 65.884
FHW11239	334.125 	 89.028 	 65.881
FHW11239	334.250 	 89.021 	 65.884
FHW11239	334.375 	 89.028 	 65.884
FHW11239	334.500 	 89.028 	 65.881
FHW11239	334.625 	 89.028 	 65.884
FHW11239	334.750 	 89.028 	 65.881
FHW11239	334.875 	 89.028 	 65.884
FHW11239	335.000 	 89.021 	 65.884
FHW11239	335.125 	 89.028 	 65.884
FHW11239	335.250 	 89.028 	 65.884
FHW11239	335.375 	 89.028 	 65.881
FHW11239	335.500 	 89.028 	 65.881
FHW11239	335.625 	 89.028 	 65.884
FHW11239	335.750 	 89.028 	 65.884
FHW11239	335.875 	 89.021 	 65.884
FHW11239	336.000 	 89.028 	 65.881
FHW11239	336.125 	 89.028 	 65.884
FHW11239	336.250 	 89.028 	 65.884
FHW11239	336.375 	 89.028 	 65.884
FHW11239	336.500 	 89.028 	 65.881
FHW11239	336.625 	 89.028 	 65.881
FHW11239	336.750 	 89.021 	 65.884
FHW11239	336.875 	 89.028 	 65.884
FHW11239	337.000 	 89.028 	 65.884
FHW11239	337.125 	 89.028 	 65.881
FHW11239	337.250 	 89.028 	 65.884
FHW11239	337.375 	 89.028 	 65.884
FHW11239	337.500 	 89.028 	 65.881
FHW11239	337.625 	 89.021 	 65.884
FHW11239	337.750 	 89.028 	 65.881
FHW11239	337.875 	 89.028 	 65.884
FHW11239	338.000 	 89.028 	 65.884
FHW11239	338.125 	 89.216 	 65.792
FHW11239	338.250 	 89.223 	 65.793
FHW11239	338.375 	 89.216 	 65.792
FHW11239	338.500 	 89.223 	 65.796
FHW11239	338.625 	 89.216 	 65.792
FHW11239	338.750 	 89.223 	 65.793
FHW11239	338.875 	 89.216 	 65.792
FHW11239	339.000 	 89.216 	 65.796
FHW11239	339.125 	 89.223 	 65.789
FHW11239	339.250 	 89.216 	 65.796
FHW11239	339.375 	 89.223 	 65.792
FHW11239	339.500 	 89.216 	 65.796
FHW11239	339.625 	 89.216 	 65.789
FHW11239	339.750 	 89.223 	 65.792
FHW11239	339.875 	 89.216 	 65.796
FHW11239	340.000 	 89.223 	 65.789
FHW11239	340.125 	 89.216 	 65.796
FHW11239	340.250 	 89.223 	 65.792
FHW11239	340.375 	 89.216 	 65.796
FHW11239	340.500 	 89.216 	 65.789
FHW11239	340.625 	 89.223 	 65.796
FHW11239	340.750 	 89.216 	 65.792
FHW11239	340.875 	 89.223 	 65.793
FHW11239	341.000 	 89.216 	 65.792
FHW11239	341.125 	 89.223 	 65.796
FHW11239	341.250 	 89.216 	 65.792
FHW11239	341.375 	 89.216 	 65.789
FHW11239	341.500 	 89.223 	 65.796
FHW11239	341.625 	 89.216 	 65.792
FHW11239	341.750 	 89.223 	 65.793
FHW11239	341.875 	 89.216 	 65.792
FHW11239	342.000 	 89.223 	 65.796
FHW11239	342.125 	 89.216 	 65.792
FHW11239	342.250 	 89.216 	 65.793
FHW11239	342.375 	 89.223 	 65.792
FHW11239	342.500 	 89.216 	 65.796
FHW11239	342.625 	 89.223 	 65.789
FHW11239	342.750 	 89.216 	 65.796
FHW11239	342.875 	 89.216 	 65.792
FHW11239	343.000 	 89.223 	 65.792
FHW11239	343.125 	 89.216 	 65.793
FHW11239	343.250 	 89.223 	 65.792
FHW11239	343.375 	 89.216 	 65.796
FHW11239	343.500 	 89.223 	 65.792
FHW11239	343.625 	 89.216 	 65.793
FHW11239	343.750 	 89.216 	 65.792
FHW11239	343.875 	 89.223 	 65.796
FHW11239	344.000 	 89.216 	 65.789
FHW11239	344.125 	 89.223 	 65.796
FHW11239	344.250 	 89.216 	 65.792
FHW11239	344.375 	 89.223 	 65.796
FHW11239	344.500 	 89.216 	 65.789
FHW11239	344.625 	 89.216 	 65.796
FHW11239	344.750 	 89.223 	 65.792
FHW11239	344.875 	 89.216 	 65.789
FHW11239	345.000 	 89.223 	 65.796
FHW11239	345.125 	 89.216 	 65.792
FHW11239	345.250 	 89.216 	 65.796
FHW11239	345.375 	 89.223 	 65.789
FHW11239	345.500 	 89.216 	 65.796
FHW11239	345.625 	 89.223 	 65.792
FHW11239	345.750 	 89.216 	 65.793
FHW11239	345.875 	 89.223 	 65.792
FHW11239	346.000 	 89.216 	 65.796
FHW11239	346.125 	 89.216 	 65.792
FHW11239	346.250 	 89.223 	 65.793
FHW11239	346.375 	 89.216 	 65.792
FHW11239	346.500 	 89.223 	 65.792
FHW11239	346.625 	 89.216 	 65.793
FHW11239	346.750 	 89.223 	 65.792
FHW11239	346.875 	 89.209 	 65.532
FHW11239	347.000 	 89.203 	 65.294
FHW11239	347.125 	 89.210 	 65.294
FHW11239	347.250 	 89.203 	 65.294
FHW11239	347.375 	 89.210 	 65.294
FHW11239	347.500 	 89.203 	 65.294
FHW11239	347.625 	 89.210 	 65.294
FHW11239	347.750 	 89.203 	 65.294
FHW11239	347.875 	 89.210 	 65.294
FHW11239	348.000 	 89.203 	 65.294
FHW11239	348.125 	 89.210 	 65.294
FHW11239	348.250 	 89.203 	 65.294
FHW11239	348.375 	 89.203 	 65.291
FHW11239	348.500 	 89.210 	 65.294
FHW11239	348.625 	 89.203 	 65.294
FHW11239	348.750 	 89.210 	 65.294
FHW11239	348.875 	 89.203 	 65.294
FHW11239	349.000 	 89.210 	 65.294
FHW11239	349.125 	 89.203 	 65.290
FHW11239	349.250 	 89.210 	 65.294
FHW11239	349.375 	 89.203 	 65.294
FHW11239	349.500 	 89.210 	 65.294
FHW11239	349.625 	 89.203 	 65.294
FHW11239	349.750 	 89.210 	 65.294
FHW11239	349.875 	 89.203 	 65.294
FHW11239	350.000 	 89.203 	 65.291
FHW11239	350.125 	 89.210 	 65.294
FHW11239	350.250 	 89.203 	 65.294
FHW11239	350.375 	 89.210 	 65.294
FHW11239	350.500 	 89.203 	 65.294
FHW11239	350.625 	 89.210 	 65.294
FHW11239	350.750 	 89.203 	 65.294
FHW11239	350.875 	 89.210 	 65.294
FHW11239	351.000 	 89.203 	 65.294
FHW11239	351.125 	 89.210 	 65.294
FHW11239	351.250 	 89.203 	 65.294
FHW11239	351.375 	 89.210 	 65.294
FHW11239	351.500 	 89.203 	 65.290
FHW11239	351.625 	 89.203 	 65.291
FHW11239	351.750 	 89.210 	 65.294
FHW11239	351.875 	 89.203 	 65.294
FHW11239	352.000 	 89.210 	 65.294
FHW11239	352.125 	 89.203 	 65.294
FHW11239	352.250 	 89.210 	 65.294
FHW11239	352.375 	 89.203 	 65.294
FHW11239	352.500 	 89.210 	 65.294
FHW11239	352.625 	 89.203 	 65.294
FHW11239	352.750 	 89.210 	 65.294
FHW11239	352.875 	 89.203 	 65.294
FHW11239	353.000 	 89.210 	 65.294
FHW11239	353.125 	 89.203 	 65.291
FHW11239	353.250 	 89.203 	 65.294
FHW11239	353.375 	 89.210 	 65.294
FHW11239	353.500 	 89.203 	 65.294
FHW11239	353.625 	 89.210 	 65.294
FHW11239	353.750 	 89.203 	 65.294
FHW11239	353.875 	 89.210 	 65.294
FHW11239	354.000 	 89.203 	 65.290
FHW11239	354.125 	 89.210 	 65.294
FHW11239	354.250 	 89.203 	 65.294
FHW11239	354.375 	 89.210 	 65.294
FHW11239	354.500 	 89.203 	 65.294
FHW11239	354.625 	 89.210 	 65.291
FHW11239	354.750 	 89.203 	 65.294
FHW11239	354.875 	 89.203 	 65.294
FHW11239	355.000 	 89.210 	 65.294
FHW11239	355.125 	 89.203 	 65.294
FHW11239	355.250 	 89.210 	 65.294
FHW11239	355.375 	 89.203 	 65.294
FHW11239	355.500 	 89.210 	 65.294
FHW11239	355.625 	 89.203 	 65.294
FHW11239	355.750 	 89.210 	 65.294
FHW11239	355.875 	 89.203 	 65.294
FHW11239	356.000 	 89.210 	 65.294
FHW11239	356.125 	 89.203 	 65.294
FHW11239	356.250 	 89.182 	 65.221
FHW11239	356.375 	 89.161 	 65.151
FHW11239	356.500 	 89.161 	 65.148
FHW11239	356.625 	 89.168 	 65.151
FHW11239	356.750 	 89.161 	 65.148
FHW11239	356.875 	 89.161 	 65.151
FHW11239	357.000 	 89.161 	 65.148
FHW11239	357.125 	 89.161 	 65.148
FHW11239	357.250 	 89.161 	 65.148
FHW11239	357.375 	 89.161 	 65.151
FHW11239	357.500 	 89.161 	 65.148
FHW11239	357.625 	 89.161 	 65.151
FHW11239	357.750 	 89.161 	 65.148
FHW11239	357.875 	 89.161 	 65.151
FHW11239	358.000 	 89.161 	 65.148
FHW11239	358.125 	 89.161 	 65.151
FHW11239	358.250 	 89.161 	 65.148
FHW11239	358.375 	 89.161 	 65.151
FHW11239	358.500 	 89.161 	 65.148
FHW11239	358.625 	 89.161 	 65.151
FHW11239	358.750 	 89.161 	 65.145
FHW11239	358.875 	 89.161 	 65.151
FHW11239	359.000 	 89.161 	 65.148
FHW11239	359.125 	 89.161 	 65.151
FHW11239	359.250 	 89.161 	 65.148
FHW11239	359.375 	 89.161 	 65.151
FHW11239	359.500 	 89.161 	 65.148
FHW11239	359.625 	 89.161 	 65.151
FHW11239	359.750 	 89.161 	 65.148
FHW11239	359.875 	 89.161 	 65.151
FHW11239	360.000 	 89.161 	 65.148
FHW11239	360.125 	 89.161 	 65.151
FHW11239	360.250 	 89.168 	 65.145
FHW11239	360.375 	 89.161 	 65.151
FHW11239	360.500 	 89.161 	 65.148
FHW11239	360.625 	 89.161 	 65.151
FHW11239	360.750 	 89.161 	 65.148
FHW11239	360.875 	 89.161 	 65.151
FHW11239	361.000 	 89.161 	 65.148
FHW11239	361.125 	 89.161 	 65.151
FHW11239	361.250 	 89.161 	 65.148
FHW11239	361.375 	 89.161 	 65.151
FHW11239	361.500 	 89.161 	 65.148
FHW11239	361.625 	 89.161 	 65.151
FHW11239	361.750 	 89.161 	 65.148
FHW11239	361.875 	 89.161 	 65.148
FHW11239	362.000 	 89.161 	 65.148
FHW11239	362.125 	 89.161 	 65.151
FHW11239	362.250 	 89.161 	 65.148
FHW11239	362.375 	 89.161 	 65.151
FHW11239	362.500 	 89.161 	 65.148
FHW11239	362.625 	 89.161 	 65.151
FHW11239	362.750 	 89.161 	 65.148
FHW11239	362.875 	 89.161 	 65.151
FHW11239	363.000 	 89.161 	 65.148
FHW11239	363.125 	 89.161 	 65.151
FHW11239	363.250 	 89.161 	 65.148
FHW11239	363.375 	 89.161 	 65.148
FHW11239	363.500 	 89.161 	 65.148
FHW11239	363.625 	 89.161 	 65.151
FHW11239	363.750 	 89.161 	 65.148
FHW11239	363.875 	 89.161 	 65.151
FHW11239	364.000 	 89.168 	 65.148
FHW11239	364.125 	 89.161 	 65.151
FHW11239	364.250 	 89.161 	 65.148
FHW11239	364.375 	 89.161 	 65.151
FHW11239	364.500 	 89.161 	 65.148
FHW11239	364.625 	 89.161 	 65.151
FHW11239	364.750 	 89.161 	 65.148
FHW11239	364.875 	 89.161 	 65.151
FHW11239	365.000 	 89.161 	 65.145
FHW11239	365.125 	 89.161 	 65.151
FHW11239	365.250 	 89.161 	 65.148
FHW11239	365.375 	 89.161 	 65.148
FHW11239	365.500 	 89.161 	 65.151
FHW11239	365.625 	 89.161 	 65.151
FHW11239	365.750 	 89.161 	 65.148
FHW11239	365.875 	 89.664 	 65.235
FHW11239	366.000 	 89.664 	 65.235
FHW11239	366.125 	 89.664 	 65.231
FHW11239	366.250 	 89.664 	 65.235
FHW11239	366.375 	 89.664 	 65.235
FHW11239	366.500 	 89.671 	 65.238
FHW11239	366.625 	 89.664 	 65.231
FHW11239	366.750 	 89.664 	 65.235
FHW11239	366.875 	 89.664 	 65.235
FHW11239	367.000 	 89.664 	 65.235
FHW11239	367.125 	 89.664 	 65.235
FHW11239	367.250 	 89.664 	 65.231
FHW11239	367.375 	 89.664 	 65.235
FHW11239	367.500 	 89.664 	 65.235
FHW11239	367.625 	 89.664 	 65.235
FHW11239	367.750 	 89.664 	 65.238
FHW11239	367.875 	 89.671 	 65.231
FHW11239	368.000 	 89.664 	 65.235
FHW11239	368.125 	 89.664 	 65.235
FHW11239	368.250 	 89.664 	 65.235
FHW11239	368.375 	 89.664 	 65.235
FHW11239	368.500 	 89.664 	 65.231
FHW11239	368.625 	 89.664 	 65.235
FHW11239	368.750 	 89.664 	 65.235
FHW11239	368.875 	 89.664 	 65.235
FHW11239	369.000 	 89.664 	 65.234
FHW11239	369.125 	 89.664 	 65.235
FHW11239	369.250 	 89.671 	 65.235
FHW11239	369.375 	 89.664 	 65.235
FHW11239	369.500 	 89.664 	 65.235
FHW11239	369.625 	 89.664 	 65.231
FHW11239	369.750 	 89.664 	 65.235
FHW11239	369.875 	 89.664 	 65.235
FHW11239	370.000 	 89.664 	 65.235
FHW11239	370.125 	 89.664 	 65.231
FHW11239	370.250 	 89.664 	 65.238
FHW11239	370.375 	 89.664 	 65.235
FHW11239	370.500 	 89.664 	 65.235
FHW11239	370.625 	 89.671 	 65.235
FHW11239	370.750 	 89.664 	 65.231
FHW11239	370.875 	 89.664 	 65.235
FHW11239	371.000 	 89.664 	 65.235
FHW11239	371.125 	 89.664 	 65.235
FHW11239	371.250 	 89.664 	 65.235
FHW11239	371.375 	 89.664 	 65.231
FHW11239	371.500 	 89.664 	 65.238
FHW11239	371.625 	 89.664 	 65.235
FHW11239	371.750 	 89.664 	 65.235
FHW11239	371.875 	 89.664 	 65.235
FHW11239	372.000 	 89.671 	 65.231
FHW11239	372.125 	 89.664 	 65.235
FHW11239	372.250 	 89.664 	 65.235
FHW11239	372.375 	 89.664 	 65.235
FHW11239	372.500 	 89.664 	 65.231
FHW11239	372.625 	 89.664 	 65.235
FHW11239	372.750 	 89.664 	 65.235
FHW11239	372.875 	 89.664 	 65.238
FHW11239	373.000 	 89.664 	 65.235
FHW11239	373.125 	 89.664 	 65.231
FHW11239	373.250 	 89.664 	 65.235
FHW11239	373.375 	 89.671 	 65.235
FHW11239	373.500 	 89.664 	 65.235
FHW11239	373.625 	 89.664 	 65.231
FHW11239	373.750 	 89.664 	 65.235
FHW11239	373.875 	 89.664 	 65.235
FHW11239	374.000 	 89.664 	 65.238
FHW11239	374.125 	 89.664 	 65.235
FHW11239	374.250 	 89.664 	 65.231
FHW11239	374.375 	 90.266 	 65.447
FHW11239	374.500 	 90.671 	 65.587
FHW11239	374.625 	 90.671 	 65.587
FHW11239	374.750 	 90.671 	 65.584
FHW11239	374.875 	 90.671 	 65.587
FHW11239	375.000 	 90.664 	 65.587
FHW11239	375.125 	 90.671 	 65.584
FHW11239	375.250 	 90.671 	 65.587
FHW11239	375.375 	 90.671 	 65.587
FHW11239	375.500 	 90.664 	 65.587
FHW11239	375.625 	 90.671 	 65.584
FHW11239	375.750 	 90.671 	 65.587
FHW11239	375.875 	 90.671 	 65.587
FHW11239	376.000 	 90.664 	 65.584
FHW11239	376.125 	 90.671 	 65.587
FHW11239	376.250 	 90.671 	 65.587
FHW11239	376.375 	 90.671 	 65.587
FHW11239	376.500 	 90.664 	 65.584
FHW11239	376.625 	 90.671 	 65.587
FHW11239	376.750 	 90.671 	 65.587
FHW11239	376.875 	 90.671 	 65.584
FHW11239	377.000 	 90.664 	 65.587
FHW11239	377.125 	 90.671 	 65.587
FHW11239	377.250 	 90.671 	 65.587
FHW11239	377.375 	 90.671 	 65.584
FHW11239	377.500 	 90.671 	 65.587
FHW11239	377.625 	 90.664 	 65.587
FHW11239	377.750 	 90.671 	 65.587
FHW11239	377.875 	 90.671 	 65.584
FHW11239	378.000 	 90.671 	 65.587
FHW11239	378.125 	 90.664 	 65.587
FHW11239	378.250 	 90.671 	 65.584
FHW11239	378.375 	 90.671 	 65.587
FHW11239	378.500 	 90.671 	 65.587
FHW11239	378.625 	 90.664 	 65.587
FHW11239	378.750 	 90.671 	 65.584
FHW11239	378.875 	 90.671 	 65.587
FHW11239	379.000 	 90.671 	 65.587
FHW11239	379.125 	 90.664 	 65.584
FHW11239	379.250 	 90.671 	 65.587
FHW11239	379.375 	 90.671 	 65.587
FHW11239	379.500 	 90.671 	 65.587
FHW11239	379.625 	 90.664 	 65.584
FHW11239	379.750 	 90.671 	 65.587
FHW11239	379.875 	 90.671 	 65.587
FHW11239	380.000 	 90.671 	 65.587
FHW11239	380.125 	 90.671 	 65.587
FHW11239	380.250 	 90.664 	 65.587
FHW11239	380.375 	 90.671 	 65.587
FHW11239	380.500 	 90.671 	 65.584
FHW11239	380.625 	 90.671 	 65.587
FHW11239	380.750 	 90.664 	 65.587
FHW11239	380.875 	 90.671 	 65.584
FHW11239	381.000 	 90.671 	 65.587
FHW11239	381.125 	 90.671 	 65.587
FHW11239	381.250 	 90.664 	 65.587
FHW11239	381.375 	 90.671 	 65.584
FHW11239	381.500 	 90.671 	 65.587
FHW11239	381.625 	 90.671 	 65.587
FHW11239	381.750 	 90.664 	 65.584
FHW11239	381.875 	 90.671 	 65.587
FHW11239	382.000 	 90.671 	 65.587
FHW11239	382.125 	 90.671 	 65.587
FHW11239	382.250 	 90.671 	 65.584
FHW11239	382.375 	 90.664 	 65.587
FHW11239	382.500 	 90.671 	 65.587
FHW11239	382.625 	 90.671 	 65.587
FHW11239	382.750 	 90.671 	 65.584
FHW11239	382.875 	 90.664 	 65.587
FHW11239	383.000 	 90.671 	 65.587
FHW11239	383.125 	 90.671 	 65.584
FHW11239	383.250 	 90.671 	 65.587
FHW11239	383.375 	 90.664 	 65.587
FHW11239	383.500 	 90.671 	 65.584
FHW11239	383.625 	 90.671 	 65.587
FHW11239	383.750 	 90.811 	 65.829
FHW11239	383.875 	 91.127 	 66.332
FHW11239	384.000 	 91.120 	 66.338
FHW11239	384.125 	 91.120 	 66.332
FHW11239	384.250 	 91.120 	 66.335
FHW11239	384.375 	 91.127 	 66.338
FHW11239	384.500 	 91.120 	 66.332
FHW11239	384.625 	 91.120 	 66.338
FHW11239	384.750 	 91.127 	 66.332
FHW11239	384.875 	 91.120 	 66.338
FHW11239	385.000 	 91.120 	 66.335
FHW11239	385.125 	 91.120 	 66.335
FHW11239	385.250 	 91.127 	 66.335
FHW11239	385.375 	 91.120 	 66.335
FHW11239	385.500 	 91.120 	 66.335
FHW11239	385.625 	 91.127 	 66.335
FHW11239	385.750 	 91.120 	 66.335
FHW11239	385.875 	 91.120 	 66.335
FHW11239	386.000 	 91.120 	 66.335
FHW11239	386.125 	 91.127 	 66.335
FHW11239	386.250 	 91.120 	 66.338
FHW11239	386.375 	 91.120 	 66.332
FHW11239	386.500 	 91.127 	 66.338
FHW11239	386.625 	 91.120 	 66.332
FHW11239	386.750 	 91.120 	 66.335
FHW11239	386.875 	 91.120 	 66.338
FHW11239	387.000 	 91.127 	 66.332
FHW11239	387.125 	 91.120 	 66.338
FHW11239	387.250 	 91.120 	 66.332
FHW11239	387.375 	 91.127 	 66.338
FHW11239	387.500 	 91.120 	 66.335
FHW11239	387.625 	 91.120 	 66.335
FHW11239	387.750 	 91.120 	 66.335
FHW11239	387.875 	 91.127 	 66.335
FHW11239	388.000 	 91.120 	 66.335
FHW11239	388.125 	 91.120 	 66.335
FHW11239	388.250 	 91.127 	 66.335
FHW11239	388.375 	 91.120 	 66.335
FHW11239	388.500 	 91.120 	 66.335
FHW11239	388.625 	 91.120 	 66.335
FHW11239	388.750 	 91.127 	 66.338
FHW11239	388.875 	 91.120 	 66.332
FHW11239	389.000 	 91.120 	 66.338
FHW11239	389.125 	 91.127 	 66.332
FHW11239	389.250 	 91.120 	 66.335
FHW11239	389.375 	 91.120 	 66.338
FHW11239	389.500 	 91.120 	 66.332
FHW11239	389.625 	 91.127 	 66.338
FHW11239	389.750 	 91.120 	 66.332
FHW11239	389.875 	 91.120 	 66.338
FHW11239	390.000 	 91.127 	 66.332
FHW11239	390.125 	 91.120 	 66.338
FHW11239	390.250 	 91.120 	 66.335
FHW11239	390.375 	 91.120 	 66.332
FHW11239	390.500 	 91.127 	 66.338
FHW11239	390.625 	 91.120 	 66.332
FHW11239	390.750 	 91.120 	 66.338
FHW11239	390.875 	 91.127 	 66.335
FHW11239	391.000 	 91.120 	 66.335
FHW11239	391.125 	 91.120 	 66.335
FHW11239	391.250 	 91.120 	 66.335
FHW11239	391.375 	 91.127 	 66.335
FHW11239	391.500 	 91.120 	 66.338
FHW11239	391.625 	 91.120 	 66.332
FHW11239	391.750 	 91.127 	 66.335
FHW11239	391.875 	 91.120 	 66.335
FHW11239	392.000 	 91.120 	 66.335
FHW11239	392.125 	 91.120 	 66.338
FHW11239	392.250 	 91.127 	 66.332
FHW11239	392.375 	 91.120 	 66.338
FHW11239	392.500 	 91.120 	 66.332
FHW11239	392.625 	 91.127 	 66.338
FHW11239	392.750 	 91.120 	 66.335
FHW11239	392.875 	 91.120 	 66.335
FHW11239	393.000 	 90.812 	 66.669
FHW11239	393.125 	 90.692 	 66.803
FHW11239	393.250 	 90.685 	 66.800
FHW11239	393.375 	 90.692 	 66.803
FHW11239	393.500 	 90.685 	 66.803
FHW11239	393.625 	 90.693 	 66.800
FHW11239	393.750 	 90.692 	 66.803
FHW11239	393.875 	 90.685 	 66.800
FHW11239	394.000 	 90.692 	 66.803
FHW11239	394.125 	 90.686 	 66.800
FHW11239	394.250 	 90.692 	 66.803
FHW11239	394.375 	 90.685 	 66.800
FHW11239	394.500 	 90.692 	 66.803
FHW11239	394.625 	 90.692 	 66.803
FHW11239	394.750 	 90.686 	 66.800
FHW11239	394.875 	 90.692 	 66.800
FHW11239	395.000 	 90.685 	 66.803
FHW11239	395.125 	 90.692 	 66.803
FHW11239	395.250 	 90.693 	 66.800
FHW11239	395.375 	 90.685 	 66.803
FHW11239	395.500 	 90.692 	 66.800
FHW11239	395.625 	 90.685 	 66.803
FHW11239	395.750 	 90.693 	 66.800
FHW11239	395.875 	 90.692 	 66.806
FHW11239	396.000 	 90.686 	 66.797
FHW11239	396.125 	 90.693 	 66.800
FHW11239	396.250 	 90.685 	 66.806
FHW11239	396.375 	 90.693 	 66.800
FHW11239	396.500 	 90.692 	 66.806
FHW11239	396.625 	 90.686 	 66.797
FHW11239	396.750 	 90.693 	 66.800
FHW11239	396.875 	 90.685 	 66.806
FHW11239	397.000 	 90.693 	 66.800
FHW11239	397.125 	 90.692 	 66.802
FHW11239	397.250 	 90.686 	 66.800
FHW11239	397.375 	 90.693 	 66.800
FHW11239	397.500 	 90.685 	 66.806
FHW11239	397.625 	 90.693 	 66.800
FHW11239	397.750 	 90.686 	 66.797
FHW11239	397.875 	 90.692 	 66.806
FHW11239	398.000 	 90.693 	 66.800
FHW11239	398.125 	 90.685 	 66.806
FHW11239	398.250 	 90.693 	 66.797
FHW11239	398.375 	 90.686 	 66.800
FHW11239	398.500 	 90.692 	 66.806
FHW11239	398.625 	 90.693 	 66.800
FHW11239	398.750 	 90.685 	 66.806
FHW11239	398.875 	 90.693 	 66.797
FHW11239	399.000 	 90.686 	 66.800
FHW11239	399.125 	 90.692 	 66.806
FHW11239	399.250 	 90.693 	 66.800
FHW11239	399.375 	 90.686 	 66.797
FHW11239	399.500 	 90.692 	 66.806
FHW11239	399.625 	 90.686 	 66.800
FHW11239	399.750 	 90.692 	 66.806
FHW11239	399.875 	 90.693 	 66.797
FHW11239	400.000 	 90.686 	 66.800
FHW11239	400.125 	 90.692 	 66.806
FHW11239	400.250 	 90.686 	 66.800
FHW11239	400.375 	 90.692 	 66.806
FHW11239	400.500 	 90.686 	 66.797
FHW11239	400.625 	 90.693 	 66.800
FHW11239	400.750 	 90.692 	 66.806
FHW11239	400.875 	 90.686 	 66.800
FHW11239	401.000 	 90.692 	 66.802
FHW11239	401.125 	 90.686 	 66.800
FHW11239	401.250 	 90.693 	 66.800
FHW11239	401.375 	 90.692 	 66.806
FHW11239	401.500 	 90.686 	 66.800
FHW11239	401.625 	 90.693 	 66.797
FHW11239	401.750 	 90.685 	 66.806
FHW11239	401.875 	 90.693 	 66.800
FHW11239	402.000 	 90.692 	 66.806
FHW11239	402.125 	 90.420 	 66.814
FHW11239	402.250 	 90.238 	 66.837
FHW11239	402.375 	 90.245 	 66.832
FHW11239	402.500 	 90.238 	 66.832
FHW11239	402.625 	 90.245 	 66.837
FHW11239	402.750 	 90.238 	 66.832
FHW11239	402.875 	 90.245 	 66.832
FHW11239	403.000 	 90.238 	 66.834
FHW11239	403.125 	 90.245 	 66.832
FHW11239	403.250 	 90.238 	 66.832
FHW11239	403.375 	 90.245 	 66.837
FHW11239	403.500 	 90.238 	 66.832
FHW11239	403.625 	 90.245 	 66.832
FHW11239	403.750 	 90.238 	 66.832
FHW11239	403.875 	 90.245 	 66.837
FHW11239	404.000 	 90.238 	 66.832
FHW11239	404.125 	 90.238 	 66.828
FHW11239	404.250 	 90.245 	 66.837
FHW11239	404.375 	 90.238 	 66.832
FHW11239	404.500 	 90.245 	 66.832
FHW11239	404.625 	 90.238 	 66.837
FHW11239	404.750 	 90.245 	 66.832
FHW11239	404.875 	 90.238 	 66.832
FHW11239	405.000 	 90.245 	 66.837
FHW11239	405.125 	 90.238 	 66.828
FHW11239	405.250 	 90.245 	 66.832
FHW11239	405.375 	 90.238 	 66.837
FHW11239	405.500 	 90.245 	 66.832
FHW11239	405.625 	 90.238 	 66.832
FHW11239	405.750 	 90.245 	 66.837
FHW11239	405.875 	 90.238 	 66.832
FHW11239	406.000 	 90.245 	 66.832
FHW11239	406.125 	 90.238 	 66.832
FHW11239	406.250 	 90.245 	 66.834
FHW11239	406.375 	 90.238 	 66.832
FHW11239	406.500 	 90.245 	 66.832
FHW11239	406.625 	 90.238 	 66.837
FHW11239	406.750 	 90.245 	 66.832
FHW11239	406.875 	 90.238 	 66.832
FHW11239	407.000 	 90.245 	 66.837
FHW11239	407.125 	 90.238 	 66.832
FHW11239	407.250 	 90.245 	 66.828
FHW11239	407.375 	 90.238 	 66.837
FHW11239	407.500 	 90.245 	 66.832
FHW11239	407.625 	 90.238 	 66.832
FHW11239	407.750 	 90.245 	 66.837
FHW11239	407.875 	 90.238 	 66.832
FHW11239	408.000 	 90.245 	 66.832
FHW11239	408.125 	 90.238 	 66.837
FHW11239	408.250 	 90.245 	 66.828
FHW11239	408.375 	 90.238 	 66.832
FHW11239	408.500 	 90.245 	 66.832
FHW11239	408.625 	 90.238 	 66.837
FHW11239	408.750 	 90.238 	 66.832
FHW11239	408.875 	 90.245 	 66.832
FHW11239	409.000 	 90.238 	 66.837
FHW11239	409.125 	 90.245 	 66.832
FHW11239	409.250 	 90.238 	 66.832
FHW11239	409.375 	 90.245 	 66.834
FHW11239	409.500 	 90.238 	 66.832
FHW11239	409.625 	 90.245 	 66.832
FHW11239	409.750 	 90.238 	 66.837
FHW11239	409.875 	 90.245 	 66.832
FHW11239	410.000 	 90.238 	 66.832
FHW11239	410.125 	 90.245 	 66.837
FHW11239	410.250 	 90.238 	 66.832
FHW11239	410.375 	 90.245 	 66.828
FHW11239	410.500 	 90.238 	 66.837
FHW11239	410.625 	 90.245 	 66.832
FHW11239	410.750 	 90.238 	 66.832
FHW11239	410.875 	 90.245 	 66.832
FHW11239	411.000 	 90.238 	 66.837
FHW11239	411.125 	 90.245 	 66.832
FHW11239	411.250 	 90.238 	 66.832
FHW11239	411.375 	 90.245 	 66.837
FHW11239	411.500 	 90.238 	 66.828
FHW11239	411.625 	 90.175 	 66.617
FHW11239	411.750 	 90.119 	 66.465
FHW11239	411.875 	 90.126 	 66.468
FHW11239	412.000 	 90.126 	 66.468
FHW11239	412.125 	 90.126 	 66.460
FHW11239	412.250 	 90.126 	 66.468
FHW11239	412.375 	 90.119 	 66.465
FHW11239	412.500 	 90.126 	 66.468
FHW11239	412.625 	 90.126 	 66.468
FHW11239	412.750 	 90.126 	 66.465
FHW11239	412.875 	 90.119 	 66.468
FHW11239	413.000 	 90.126 	 66.468
FHW11239	413.125 	 90.126 	 66.465
FHW11239	413.250 	 90.126 	 66.468
FHW11239	413.375 	 90.126 	 66.465
FHW11239	413.500 	 90.119 	 66.468
FHW11239	413.625 	 90.126 	 66.468
FHW11239	413.750 	 90.126 	 66.465
FHW11239	413.875 	 90.126 	 66.463
FHW11239	414.000 	 90.119 	 66.465
FHW11239	414.125 	 90.126 	 66.468
FHW11239	414.250 	 90.126 	 66.468
FHW11239	414.375 	 90.126 	 66.465
FHW11239	414.500 	 90.119 	 66.468
FHW11239	414.625 	 90.126 	 66.468
FHW11239	414.750 	 90.126 	 66.465
FHW11239	414.875 	 90.126 	 66.468
FHW11239	415.000 	 90.126 	 66.465
FHW11239	415.125 	 90.119 	 66.468
FHW11239	415.250 	 90.126 	 66.468
FHW11239	415.375 	 90.126 	 66.465
FHW11239	415.500 	 90.126 	 66.468
FHW11239	415.625 	 90.119 	 66.465
FHW11239	415.750 	 90.126 	 66.463
FHW11239	415.875 	 90.126 	 66.468
FHW11239	416.000 	 90.126 	 66.465
FHW11239	416.125 	 90.126 	 66.468
FHW11239	416.250 	 90.119 	 66.468
FHW11239	416.375 	 90.126 	 66.465
FHW11239	416.500 	 90.126 	 66.468
FHW11239	416.625 	 90.126 	 66.465
FHW11239	416.750 	 90.119 	 66.468
FHW11239	416.875 	 90.126 	 66.468
FHW11239	417.000 	 90.126 	 66.465
FHW11239	417.125 	 90.126 	 66.468
FHW11239	417.250 	 90.119 	 66.465
FHW11239	417.375 	 90.126 	 66.468
FHW11239	417.500 	 90.126 	 66.463
FHW11239	417.625 	 90.126 	 66.465
FHW11239	417.750 	 90.126 	 66.468
FHW11239	417.875 	 90.119 	 66.468
FHW11239	418.000 	 90.126 	 66.465
FHW11239	418.125 	 90.126 	 66.468
FHW11239	418.250 	 90.126 	 66.465
FHW11239	418.375 	 90.119 	 66.468
FHW11239	418.500 	 90.126 	 66.468
FHW11239	418.625 	 90.126 	 66.465
FHW11239	418.750 	 90.126 	 66.468
FHW11239	418.875 	 90.126 	 66.465
FHW11239	419.000 	 90.119 	 66.468
FHW11239	419.125 	 90.126 	 66.468
FHW11239	419.250 	 90.126 	 66.465
FHW11239	419.375 	 90.126 	 66.463
FHW11239	419.500 	 90.119 	 66.468
FHW11239	419.625 	 90.126 	 66.465
FHW11239	419.750 	 90.126 	 66.468
FHW11239	419.875 	 90.126 	 66.465
FHW11239	420.000 	 90.126 	 66.468
FHW11239	420.125 	 90.119 	 66.468
FHW11239	420.250 	 90.126 	 66.465
FHW11239	420.375 	 90.126 	 66.468
FHW11239	420.500 	 90.126 	 66.468
FHW11239	420.625 	 90.119 	 66.465
FHW11239	420.750 	 90.126 	 66.468
FHW11239	420.875 	 89.909 	 65.767
FHW11239	421.000 	 89.874 	 65.635
FHW11239	421.125 	 89.867 	 65.641
FHW11239	421.250 	 89.874 	 65.635
FHW11239	421.375 	 89.867 	 65.632
FHW11239	421.500 	 89.874 	 65.641
FHW11239	421.625 	 89.867 	 65.635
FHW11239	421.750 	 89.874 	 65.635
FHW11239	421.875 	 89.867 	 65.638
FHW11239	422.000 	 89.874 	 65.635
FHW11239	422.125 	 89.867 	 65.635
FHW11239	422.250 	 89.874 	 65.641
FHW11239	422.375 	 89.867 	 65.632
FHW11239	422.500 	 89.874 	 65.641
FHW11239	422.625 	 89.867 	 65.635
FHW11239	422.750 	 89.874 	 65.635
FHW11239	422.875 	 89.867 	 65.638
FHW11239	423.000 	 89.874 	 65.635
FHW11239	423.125 	 89.867 	 65.635
FHW11239	423.250 	 89.874 	 65.641
FHW11239	423.375 	 89.867 	 65.635
FHW11239	423.500 	 89.874 	 65.632
FHW11239	423.625 	 89.867 	 65.641
FHW11239	423.750 	 89.874 	 65.635
FHW11239	423.875 	 89.867 	 65.641
FHW11239	424.000 	 89.874 	 65.632
FHW11239	424.125 	 89.867 	 65.635
FHW11239	424.250 	 89.867 	 65.641
FHW11239	424.375 	 89.874 	 65.635
FHW11239	424.500 	 89.867 	 65.632
FHW11239	424.625 	 89.874 	 65.641
FHW11239	424.750 	 89.867 	 65.635
FHW11239	424.875 	 89.874 	 65.641
FHW11239	425.000 	 89.867 	 65.632
FHW11239	425.125 	 89.874 	 65.635
FHW11239	425.250 	 89.867 	 65.641
FHW11239	425.375 	 89.874 	 65.635
FHW11239	425.500 	 89.867 	 65.632
FHW11239	425.625 	 89.874 	 65.641
FHW11239	425.750 	 89.867 	 65.635
FHW11239	425.875 	 89.874 	 65.635
FHW11239	426.000 	 89.867 	 65.638
FHW11239	426.125 	 89.874 	 65.635
FHW11239	426.250 	 89.867 	 65.641
FHW11239	426.375 	 89.874 	 65.635
FHW11239	426.500 	 89.867 	 65.632
FHW11239	426.625 	 89.874 	 65.641
FHW11239	426.750 	 89.867 	 65.635
FHW11239	426.875 	 89.874 	 65.635
FHW11239	427.000 	 89.867 	 65.641
FHW11239	427.125 	 89.874 	 65.632
FHW11239	427.250 	 89.867 	 65.635
FHW11239	427.375 	 89.874 	 65.641
FHW11239	427.500 	 89.867 	 65.635
FHW11239	427.625 	 89.874 	 65.638
FHW11239	427.750 	 89.867 	 65.635
FHW11239	427.875 	 89.867 	 65.635
FHW11239	428.000 	 89.874 	 65.641
FHW11239	428.125 	 89.867 	 65.632
FHW11239	428.250 	 89.874 	 65.635
FHW11239	428.375 	 89.867 	 65.641
FHW11239	428.500 	 89.874 	 65.635
FHW11239	428.625 	 89.867 	 65.632
FHW11239	428.750 	 89.874 	 65.641
FHW11239	428.875 	 89.867 	 65.635
FHW11239	429.000 	 89.874 	 65.641
FHW11239	429.125 	 89.867 	 65.632
FHW11239	429.250 	 89.874 	 65.635
FHW11239	429.375 	 89.867 	 65.641
FHW11239	429.500 	 89.874 	 65.635
FHW11239	429.625 	 89.867 	 65.626
FHW11239	429.750 	 89.811 	 65.439
FHW11239	429.875 	 89.818 	 65.439
FHW11239	430.000 	 89.811 	 65.436
FHW11239	430.125 	 89.811 	 65.439
FHW11239	430.250 	 89.818 	 65.439
FHW11239	430.375 	 89.811 	 65.430
FHW11239	430.500 	 89.811 	 65.439
FHW11239	430.625 	 89.811 	 65.439
FHW11239	430.750 	 89.818 	 65.436
FHW11239	430.875 	 89.811 	 65.439
FHW11239	431.000 	 89.811 	 65.439
FHW11239	431.125 	 89.818 	 65.436
FHW11239	431.250 	 89.811 	 65.439
FHW11239	431.375 	 89.811 	 65.434
FHW11239	431.500 	 89.818 	 65.436
FHW11239	431.625 	 89.811 	 65.439
FHW11239	431.750 	 89.811 	 65.439
FHW11239	431.875 	 89.818 	 65.436
FHW11239	432.000 	 89.811 	 65.439
FHW11239	432.125 	 89.811 	 65.439
FHW11239	432.250 	 89.818 	 65.436
FHW11239	432.375 	 89.811 	 65.439
FHW11239	432.500 	 89.811 	 65.434
FHW11239	432.625 	 89.818 	 65.436
FHW11239	432.750 	 89.811 	 65.439
FHW11239	432.875 	 89.811 	 65.436
FHW11239	433.000 	 89.811 	 65.439
FHW11239	433.125 	 89.818 	 65.439
FHW11239	433.250 	 89.811 	 65.436
FHW11239	433.375 	 89.811 	 65.439
FHW11239	433.500 	 89.818 	 65.434
FHW11239	433.625 	 89.811 	 65.436
FHW11239	433.750 	 89.811 	 65.439
FHW11239	433.875 	 89.818 	 65.439
FHW11239	434.000 	 89.811 	 65.436
FHW11239	434.125 	 89.811 	 65.439
FHW11239	434.250 	 89.818 	 65.439
FHW11239	434.375 	 89.811 	 65.439
FHW11239	434.500 	 89.811 	 65.430
FHW11239	434.625 	 89.818 	 65.439
FHW11239	434.750 	 89.811 	 65.436
FHW11239	434.875 	 89.811 	 65.439
FHW11239	435.000 	 89.818 	 65.439
FHW11239	435.125 	 89.811 	 65.436
FHW11239	435.250 	 89.811 	 65.439
FHW11239	435.375 	 89.818 	 65.439
FHW11239	435.500 	 89.811 	 65.430
FHW11239	435.625 	 89.811 	 65.439
FHW11239	435.750 	 89.811 	 65.439
FHW11239	435.875 	 89.818 	 65.436
FHW11239	436.000 	 89.811 	 65.439
FHW11239	436.125 	 89.811 	 65.439
FHW11239	436.250 	 89.818 	 65.436
FHW11239	436.375 	 89.811 	 65.439
FHW11239	436.500 	 89.811 	 65.434
FHW11239	436.625 	 89.818 	 65.436
FHW11239	436.750 	 89.811 	 65.439
FHW11239	436.875 	 89.811 	 65.439
FHW11239	437.000 	 89.818 	 65.436
FHW11239	437.125 	 89.811 	 65.439
FHW11239	437.250 	 89.811 	 65.439
FHW11239	437.375 	 89.818 	 65.436
FHW11239	437.500 	 89.811 	 65.434
FHW11239	437.625 	 89.811 	 65.439
FHW11239	437.750 	 89.818 	 65.436
FHW11239	437.875 	 89.811 	 65.439
FHW11239	438.000 	 89.811 	 65.439
FHW11239	438.125 	 89.811 	 65.436
FHW11239	438.250 	 89.818 	 65.439
FHW11239	438.375 	 89.811 	 65.439
FHW11239	438.500 	 89.811 	 65.430
FHW11239	438.625 	 89.818 	 65.439
FHW11239	438.750 	 89.811 	 65.439
FHW11239	438.875 	 89.818 	 65.587
FHW11239	439.000 	 89.818 	 65.844
FHW11239	439.125 	 89.818 	 65.839
FHW11239	439.250 	 89.825 	 65.844
FHW11239	439.375 	 89.818 	 65.841
FHW11239	439.500 	 89.825 	 65.844
FHW11239	439.625 	 89.818 	 65.844
FHW11239	439.750 	 89.818 	 65.844
FHW11239	439.875 	 89.825 	 65.839
FHW11239	440.000 	 89.818 	 65.844
FHW11239	440.125 	 89.818 	 65.844
FHW11239	440.250 	 89.825 	 65.844
FHW11239	440.375 	 89.818 	 65.844
FHW11239	440.500 	 89.818 	 65.844
FHW11239	440.625 	 89.825 	 65.839
FHW11239	440.750 	 89.818 	 65.844
FHW11239	440.875 	 89.818 	 65.841
FHW11239	441.000 	 89.825 	 65.844
FHW11239	441.125 	 89.818 	 65.844
FHW11239	441.250 	 89.818 	 65.844
FHW11239	441.375 	 89.825 	 65.839
FHW11239	441.500 	 89.818 	 65.844
FHW11239	441.625 	 89.818 	 65.844
FHW11239	441.750 	 89.825 	 65.844
FHW11239	441.875 	 89.818 	 65.844
FHW11239	442.000 	 89.818 	 65.844
FHW11239	442.125 	 89.825 	 65.844
FHW11239	442.250 	 89.818 	 65.839
FHW11239	442.375 	 89.818 	 65.841
FHW11239	442.500 	 89.825 	 65.844
FHW11239	442.625 	 89.818 	 65.844
FHW11239	442.750 	 89.825 	 65.844
FHW11239	442.875 	 89.818 	 65.844
FHW11239	443.000 	 89.818 	 65.839
FHW11239	443.125 	 89.825 	 65.844
FHW11239	443.250 	 89.818 	 65.844
FHW11239	443.375 	 89.818 	 65.844
FHW11239	443.500 	 89.825 	 65.844
FHW11239	443.625 	 89.818 	 65.844
FHW11239	443.750 	 89.818 	 65.835
FHW11239	443.875 	 89.825 	 65.844
FHW11239	444.000 	 89.818 	 65.844
FHW11239	444.125 	 89.818 	 65.844
FHW11239	444.250 	 89.825 	 65.844
FHW11239	444.375 	 89.818 	 65.844
FHW11239	444.500 	 89.818 	 65.844
FHW11239	444.625 	 89.825 	 65.839
FHW11239	444.750 	 89.818 	 65.844
FHW11239	444.875 	 89.818 	 65.844
FHW11239	445.000 	 89.825 	 65.844
FHW11239	445.125 	 89.818 	 65.844
FHW11239	445.250 	 89.818 	 65.841
FHW11239	445.375 	 89.825 	 65.839
FHW11239	445.500 	 89.818 	 65.844
FHW11239	445.625 	 89.825 	 65.844
FHW11239	445.750 	 89.818 	 65.844
FHW11239	445.875 	 89.818 	 65.844
FHW11239	446.000 	 89.825 	 65.844
FHW11239	446.125 	 89.818 	 65.839
FHW11239	446.250 	 89.818 	 65.844
FHW11239	446.375 	 89.825 	 65.844
FHW11239	446.500 	 89.818 	 65.844
FHW11239	446.625 	 89.818 	 65.844
FHW11239	446.750 	 89.825 	 65.841
FHW11239	446.875 	 89.818 	 65.839
FHW11239	447.000 	 89.818 	 65.844
FHW11239	447.125 	 89.825 	 65.844
FHW11239	447.250 	 89.818 	 65.844
FHW11239	447.375 	 89.818 	 65.844
FHW11239	447.500 	 89.825 	 65.844
FHW11239	447.625 	 89.818 	 65.844
FHW11239	447.750 	 89.818 	 65.839
FHW11239	447.875 	 89.825 	 65.844
FHW11239	448.000 	 89.818 	 65.844
FHW11239	448.125 	 89.818 	 65.844
FHW11239	448.250 	 89.825 	 65.841
FHW11239	448.375 	 89.818 	 65.844
FHW11239	448.500 	 89.867 	 66.017
FHW11239	448.625 	 89.881 	 66.095
FHW11239	448.750 	 89.881 	 66.095
FHW11239	448.875 	 89.881 	 66.086
FHW11239	449.000 	 89.881 	 66.095
FHW11239	449.125 	 89.881 	 66.092
FHW11239	449.250 	 89.881 	 66.095
FHW11239	449.375 	 89.881 	 66.086
FHW11239	449.500 	 89.881 	 66.095
FHW11239	449.625 	 89.881 	 66.092
FHW11239	449.750 	 89.881 	 66.089
FHW11239	449.875 	 89.881 	 66.092
FHW11239	450.000 	 89.881 	 66.095
FHW11239	450.125 	 89.881 	 66.092
FHW11239	450.250 	 89.881 	 66.089
FHW11239	450.375 	 89.881 	 66.092
FHW11239	450.500 	 89.881 	 66.095
FHW11239	450.625 	 89.881 	 66.086
FHW11239	450.750 	 89.881 	 66.095
FHW11239	450.875 	 89.881 	 66.092
FHW11239	451.000 	 89.881 	 66.095
FHW11239	451.125 	 89.881 	 66.086
FHW11239	451.250 	 89.881 	 66.095
FHW11239	451.375 	 89.881 	 66.092
FHW11239	451.500 	 89.881 	 66.089
FHW11239	451.625 	 89.881 	 66.092
FHW11239	451.750 	 89.881 	 66.095
FHW11239	451.875 	 89.881 	 66.086
FHW11239	452.000 	 89.881 	 66.095
FHW11239	452.125 	 89.881 	 66.092
FHW11239	452.250 	 89.881 	 66.095
FHW11239	452.375 	 89.881 	 66.086
FHW11239	452.500 	 89.881 	 66.095
FHW11239	452.625 	 89.881 	 66.092
FHW11239	452.750 	 89.881 	 66.089
FHW11239	452.875 	 89.881 	 66.092
FHW11239	453.000 	 89.881 	 66.095
FHW11239	453.125 	 89.881 	 66.092
FHW11239	453.250 	 89.881 	 66.089
FHW11239	453.375 	 89.881 	 66.092
FHW11239	453.500 	 89.881 	 66.095
FHW11239	453.625 	 89.888 	 66.086
FHW11239	453.750 	 89.881 	 66.095
FHW11239	453.875 	 89.881 	 66.095
FHW11239	454.000 	 89.881 	 66.086
FHW11239	454.125 	 89.881 	 66.092
FHW11239	454.250 	 89.881 	 66.095
FHW11239	454.375 	 89.881 	 66.095
FHW11239	454.500 	 89.881 	 66.086
FHW11239	454.625 	 89.881 	 66.095
FHW11239	454.750 	 89.881 	 66.092
FHW11239	454.875 	 89.881 	 66.089
FHW11239	455.000 	 89.881 	 66.092
FHW11239	455.125 	 89.881 	 66.095
FHW11239	455.250 	 89.881 	 66.092
FHW11239	455.375 	 89.881 	 66.089
FHW11239	455.500 	 89.881 	 66.092
FHW11239	455.625 	 89.881 	 66.095
FHW11239	455.750 	 89.881 	 66.086
FHW11239	455.875 	 89.881 	 66.095
FHW11239	456.000 	 89.881 	 66.092
FHW11239	456.125 	 89.881 	 66.089
FHW11239	456.250 	 89.881 	 66.092
FHW11239	456.375 	 89.881 	 66.095
FHW11239	456.500 	 89.881 	 66.092
FHW11239	456.625 	 89.881 	 66.089
FHW11239	456.750 	 89.881 	 66.092
FHW11239	456.875 	 89.881 	 66.095
FHW11239	457.000 	 89.881 	 66.086
FHW11239	457.125 	 89.881 	 66.095
FHW11239	457.250 	 89.881 	 66.092
FHW11239	457.375 	 89.881 	 66.095
FHW11239	457.500 	 89.881 	 66.086
FHW11239	457.625 	 89.881 	 66.095
FHW11239	457.750 	 89.881 	 66.092
FHW11239	457.875 	 89.881 	 66.089
FHW11239	458.000 	 89.881 	 66.092
FHW11239	458.125 	 89.818 	 66.016
FHW11239	458.250 	 89.762 	 65.937
FHW11239	458.375 	 89.762 	 65.940
FHW11239	458.500 	 89.762 	 65.946
FHW11239	458.625 	 89.762 	 65.940
FHW11239	458.750 	 89.762 	 65.940
FHW11239	458.875 	 89.762 	 65.940
FHW11239	459.000 	 89.762 	 65.942
FHW11239	459.125 	 89.762 	 65.940
FHW11239	459.250 	 89.755 	 65.940
FHW11239	459.375 	 89.762 	 65.940
FHW11239	459.500 	 89.762 	 65.946
FHW11239	459.625 	 89.762 	 65.940
FHW11239	459.750 	 89.762 	 65.937
FHW11239	459.875 	 89.762 	 65.940
FHW11239	460.000 	 89.762 	 65.940
FHW11239	460.125 	 89.762 	 65.946
FHW11239	460.250 	 89.762 	 65.940
FHW11239	460.375 	 89.762 	 65.940
FHW11239	460.500 	 89.762 	 65.937
FHW11239	460.625 	 89.755 	 65.946
FHW11239	460.750 	 89.762 	 65.940
FHW11239	460.875 	 89.762 	 65.940
FHW11239	461.000 	 89.762 	 65.940
FHW11239	461.125 	 89.762 	 65.946
FHW11239	461.250 	 89.762 	 65.937
FHW11239	461.375 	 89.762 	 65.940
FHW11239	461.500 	 89.762 	 65.940
FHW11239	461.625 	 89.762 	 65.940
FHW11239	461.750 	 89.762 	 65.946
FHW11239	461.875 	 89.762 	 65.940
FHW11239	462.000 	 89.755 	 65.937
FHW11239	462.125 	 89.762 	 65.940
FHW11239	462.250 	 89.762 	 65.946
FHW11239	462.375 	 89.762 	 65.940
FHW11239	462.500 	 89.762 	 65.940
FHW11239	462.625 	 89.762 	 65.937
FHW11239	462.750 	 89.762 	 65.940
FHW11239	462.875 	 89.762 	 65.946
FHW11239	463.000 	 89.762 	 65.940
FHW11239	463.125 	 89.762 	 65.940
FHW11239	463.250 	 89.755 	 65.940
FHW11239	463.375 	 89.762 	 65.942
FHW11239	463.500 	 89.762 	 65.940
FHW11239	463.625 	 89.762 	 65.940
FHW11239	463.750 	 89.762 	 65.940
FHW11239	463.875 	 89.762 	 65.946
FHW11239	464.000 	 89.762 	 65.940
FHW11239	464.125 	 89.762 	 65.937
FHW11239	464.250 	 89.762 	 65.940
FHW11239	464.375 	 89.762 	 65.940
FHW11239	464.500 	 89.762 	 65.946
FHW11239	464.625 	 89.755 	 65.940
FHW11239	464.750 	 89.762 	 65.940
FHW11239	464.875 	 89.762 	 65.937
FHW11239	465.000 	 89.762 	 65.946
FHW11239	465.125 	 89.762 	 65.940
FHW11239	465.250 	 89.762 	 65.940
FHW11239	465.375 	 89.762 	 65.940
FHW11239	465.500 	 89.762 	 65.946
FHW11239	465.625 	 89.762 	 65.937
FHW11239	465.750 	 89.762 	 65.940
FHW11239	465.875 	 89.762 	 65.940
FHW11239	466.000 	 89.755 	 65.940
FHW11239	466.125 	 89.762 	 65.946
FHW11239	466.250 	 89.762 	 65.940
FHW11239	466.375 	 89.762 	 65.937
FHW11239	466.500 	 89.762 	 65.940
FHW11239	466.625 	 89.762 	 65.946
FHW11239	466.750 	 89.762 	 65.940
FHW11239	466.875 	 89.762 	 65.940
FHW11239	467.000 	 89.762 	 65.937
FHW11239	467.125 	 89.762 	 65.940
FHW11239	467.250 	 89.762 	 65.946
FHW11239	467.375 	 89.755 	 65.940
FHW11239	467.500 	 89.762 	 65.940
FHW11239	467.625 	 89.762 	 65.940
FHW11239	467.750 	 89.762 	 65.954
FHW11239	467.875 	 89.762 	 65.968
FHW11239	468.000 	 89.762 	 65.968
FHW11239	468.125 	 89.762 	 65.964
FHW11239	468.250 	 89.762 	 65.962
FHW11239	468.375 	 89.762 	 65.968
FHW11239	468.500 	 89.762 	 65.968
FHW11239	468.625 	 89.762 	 65.959
FHW11239	468.750 	 89.762 	 65.968
FHW11239	468.875 	 89.762 	 65.968
FHW11239	469.000 	 89.762 	 65.964
FHW11239	469.125 	 89.762 	 65.962
FHW11239	469.250 	 89.762 	 65.968
FHW11239	469.375 	 89.762 	 65.964
FHW11239	469.500 	 89.762 	 65.968
FHW11239	469.625 	 89.762 	 65.962
FHW11239	469.750 	 89.762 	 65.964
FHW11239	469.875 	 89.762 	 65.968
FHW11239	470.000 	 89.762 	 65.968
FHW11239	470.125 	 89.762 	 65.962
FHW11239	470.250 	 89.762 	 65.964
FHW11239	470.375 	 89.762 	 65.968
FHW11239	470.500 	 89.755 	 65.962
FHW11239	470.625 	 89.762 	 65.964
FHW11239	470.750 	 89.762 	 65.968
FHW11239	470.875 	 89.762 	 65.968
FHW11239	471.000 	 89.762 	 65.959
FHW11239	471.125 	 89.762 	 65.968
FHW11239	471.250 	 89.762 	 65.968
FHW11239	471.375 	 89.762 	 65.964
FHW11239	471.500 	 89.762 	 65.962
FHW11239	471.625 	 89.762 	 65.968
FHW11239	471.750 	 89.762 	 65.968
FHW11239	471.875 	 89.762 	 65.959
FHW11239	472.000 	 89.762 	 65.968
FHW11239	472.125 	 89.762 	 65.968
FHW11239	472.250 	 89.762 	 65.964
FHW11239	472.375 	 89.762 	 65.962
FHW11239	472.500 	 89.762 	 65.968
FHW11239	472.625 	 89.762 	 65.964
FHW11239	472.750 	 89.762 	 65.968
FHW11239	472.875 	 89.762 	 65.962
FHW11239	473.000 	 89.762 	 65.968
FHW11239	473.125 	 89.762 	 65.964
FHW11239	473.250 	 89.762 	 65.968
FHW11239	473.375 	 89.762 	 65.962
FHW11239	473.500 	 89.762 	 65.964
FHW11239	473.625 	 89.762 	 65.968
FHW11239	473.750 	 89.762 	 65.962
FHW11239	473.875 	 89.762 	 65.964
FHW11239	474.000 	 89.762 	 65.968
FHW11239	474.125 	 89.755 	 65.968
FHW11239	474.250 	 89.762 	 65.959
FHW11239	474.375 	 89.762 	 65.968
FHW11239	474.500 	 89.762 	 65.968
FHW11239	474.625 	 89.762 	 65.964
FHW11239	474.750 	 89.762 	 65.962
FHW11239	474.875 	 89.762 	 65.968
FHW11239	475.000 	 89.762 	 65.968
FHW11239	475.125 	 89.762 	 65.959
FHW11239	475.250 	 89.762 	 65.968
FHW11239	475.375 	 89.762 	 65.968
FHW11239	475.500 	 89.762 	 65.964
FHW11239	475.625 	 89.762 	 65.962
FHW11239	475.750 	 89.762 	 65.968
FHW11239	475.875 	 89.762 	 65.964
FHW11239	476.000 	 89.762 	 65.968
FHW11239	476.125 	 89.762 	 65.962
FHW11239	476.250 	 89.762 	 65.968
FHW11239	476.375 	 89.762 	 65.964
FHW11239	476.500 	 89.762 	 65.962
FHW11239	476.625 	 89.762 	 65.968
FHW11239	476.750 	 89.762 	 65.964
FHW11239	476.875 	 89.762 	 65.968
FHW11239	477.000 	 89.762 	 65.962
FHW11239	477.125 	 89.762 	 65.964
FHW11239	477.250 	 89.762 	 65.968
FHW11239	477.375 	 89.797 	 65.830
FHW11239	477.500 	 89.818 	 65.733
FHW11239	477.625 	 89.825 	 65.738
FHW11239	477.750 	 89.825 	 65.739
FHW11239	477.875 	 89.818 	 65.738
FHW11239	478.000 	 89.825 	 65.733
FHW11239	478.125 	 89.825 	 65.745
FHW11239	478.250 	 89.818 	 65.733
FHW11239	478.375 	 89.825 	 65.738
FHW11239	478.500 	 89.825 	 65.733
FHW11239	478.625 	 89.818 	 65.745
FHW11239	478.750 	 89.825 	 65.733
FHW11239	478.875 	 89.818 	 65.733
FHW11239	479.000 	 89.825 	 65.745
FHW11239	479.125 	 89.825 	 65.733
FHW11239	479.250 	 89.818 	 65.738
FHW11239	479.375 	 89.825 	 65.733
FHW11239	479.500 	 89.825 	 65.745
FHW11239	479.625 	 89.818 	 65.733
FHW11239	479.750 	 89.825 	 65.738
FHW11239	479.875 	 89.825 	 65.733
FHW11239	480.000 	 89.818 	 65.745
FHW11239	480.125 	 89.825 	 65.733
FHW11239	480.250 	 89.818 	 65.738
FHW11239	480.375 	 89.825 	 65.739
FHW11239	480.500 	 89.825 	 65.738
FHW11239	480.625 	 89.818 	 65.733
FHW11239	480.750 	 89.825 	 65.733
FHW11239	480.875 	 89.825 	 65.745
FHW11239	481.000 	 89.818 	 65.733
FHW11239	481.125 	 89.825 	 65.738
FHW11239	481.250 	 89.825 	 65.739
FHW11239	481.375 	 89.818 	 65.738
FHW11239	481.500 	 89.825 	 65.733
FHW11239	481.625 	 89.825 	 65.738
FHW11239	481.750 	 89.818 	 65.739
FHW11239	481.875 	 89.825 	 65.738
FHW11239	482.000 	 89.818 	 65.733
FHW11239	482.125 	 89.825 	 65.745
FHW11239	482.250 	 89.825 	 65.733
FHW11239	482.375 	 89.818 	 65.738
FHW11239	482.500 	 89.825 	 65.733
FHW11239	482.625 	 89.825 	 65.745
FHW11239	482.750 	 89.818 	 65.733
FHW11239	482.875 	 89.825 	 65.733
FHW11239	483.000 	 89.825 	 65.745
FHW11239	483.125 	 89.818 	 65.733
FHW11239	483.250 	 89.825 	 65.738
FHW11239	483.375 	 89.818 	 65.733
FHW11239	483.500 	 89.825 	 65.745
FHW11239	483.625 	 89.825 	 65.733
FHW11239	483.750 	 89.818 	 65.738
FHW11239	483.875 	 89.825 	 65.739
FHW11239	484.000 	 89.825 	 65.738
FHW11239	484.125 	 89.818 	 65.733
FHW11239	484.250 	 89.825 	 65.738
FHW11239	484.375 	 89.825 	 65.739
FHW11239	484.500 	 89.818 	 65.738
FHW11239	484.625 	 89.825 	 65.733
FHW11239	484.750 	 89.818 	 65.733
FHW11239	484.875 	 89.825 	 65.745
FHW11239	485.000 	 89.825 	 65.733
FHW11239	485.125 	 89.818 	 65.738
FHW11239	485.250 	 89.825 	 65.739
FHW11239	485.375 	 89.825 	 65.738
FHW11239	485.500 	 89.818 	 65.733
FHW11239	485.625 	 89.825 	 65.738
FHW11239	485.750 	 89.825 	 65.739
FHW11239	485.875 	 89.818 	 65.738
FHW11239	486.000 	 89.825 	 65.733
FHW11239	486.125 	 89.818 	 65.745
FHW11239	486.250 	 89.825 	 65.733
FHW11239	486.375 	 89.825 	 65.738
FHW11239	486.500 	 89.818 	 65.733
FHW11239	486.625 	 89.825 	 65.739
FHW11239	486.750 	 89.825 	 65.738
FHW11239	486.875 	 89.818 	 65.733
FHW11239	487.000 	 89.839 	 65.738
FHW11239	487.125 	 90.000 	 65.717
FHW11239	487.250 	 90.000 	 65.717
FHW11239	487.375 	 90.000 	 65.712
FHW11239	487.500 	 90.000 	 65.711
FHW11239	487.625 	 90.000 	 65.717
FHW11239	487.750 	 90.000 	 65.712
FHW11239	487.875 	 90.000 	 65.717
FHW11239	488.000 	 90.000 	 65.717
FHW11239	488.125 	 90.000 	 65.717
FHW11239	488.250 	 90.000 	 65.705
FHW11239	488.375 	 90.000 	 65.717
FHW11239	488.500 	 90.000 	 65.717
FHW11239	488.625 	 90.000 	 65.712
FHW11239	488.750 	 90.000 	 65.717
FHW11239	488.875 	 90.000 	 65.717
FHW11239	489.000 	 90.000 	 65.717
FHW11239	489.125 	 90.000 	 65.705
FHW11239	489.250 	 90.000 	 65.717
FHW11239	489.375 	 90.000 	 65.717
FHW11239	489.500 	 90.000 	 65.712
FHW11239	489.625 	 90.000 	 65.717
FHW11239	489.750 	 90.000 	 65.717
FHW11239	489.875 	 90.000 	 65.711
FHW11239	490.000 	 90.000 	 65.712
FHW11239	490.125 	 90.000 	 65.717
FHW11239	490.250 	 90.000 	 65.717
FHW11239	490.375 	 90.000 	 65.712
FHW11239	490.500 	 90.000 	 65.717
FHW11239	490.625 	 90.000 	 65.711
FHW11239	490.750 	 90.000 	 65.717
FHW11239	490.875 	 90.000 	 65.712
FHW11239	491.000 	 90.000 	 65.717
FHW11239	491.125 	 90.000 	 65.717
FHW11239	491.250 	 90.000 	 65.712
FHW11239	491.375 	 90.000 	 65.711
FHW11239	491.500 	 90.000 	 65.717
FHW11239	491.625 	 90.000 	 65.717
FHW11239	491.750 	 90.000 	 65.712
FHW11239	491.875 	 90.000 	 65.717
FHW11239	492.000 	 90.000 	 65.717
FHW11239	492.125 	 90.000 	 65.712
FHW11239	492.250 	 90.000 	 65.711
FHW11239	492.375 	 90.000 	 65.717
FHW11239	492.500 	 90.000 	 65.717
FHW11239	492.625 	 90.000 	 65.712
FHW11239	492.750 	 90.000 	 65.717
FHW11239	492.875 	 90.000 	 65.717
FHW11239	493.000 	 90.000 	 65.705
FHW11239	493.125 	 90.000 	 65.717
FHW11239	493.250 	 90.000 	 65.717
FHW11239	493.375 	 90.000 	 65.717
FHW11239	493.500 	 90.000 	 65.712
FHW11239	493.625 	 90.000 	 65.717
FHW11239	493.750 	 90.000 	 65.711
FHW11239	493.875 	 90.000 	 65.712
FHW11239	494.000 	 90.000 	 65.717
FHW11239	494.125 	 90.000 	 65.717
FHW11239	494.250 	 90.000 	 65.712
FHW11239	494.375 	 90.000 	 65.717
FHW11239	494.500 	 90.000 	 65.717
FHW11239	494.625 	 90.000 	 65.711
FHW11239	494.750 	 90.000 	 65.712
FHW11239	494.875 	 90.000 	 65.717
FHW11239	495.000 	 90.000 	 65.717
FHW11239	495.125 	 90.000 	 65.712
FHW11239	495.250 	 90.000 	 65.717
FHW11239	495.375 	 90.000 	 65.711
FHW11239	495.500 	 90.000 	 65.717
FHW11239	495.625 	 90.000 	 65.712
FHW11239	495.750 	 90.000 	 65.717
FHW11239	495.875 	 90.000 	 65.717
FHW11239	496.000 	 90.000 	 65.712
FHW11239	496.125 	 90.000 	 65.711
FHW11239	496.250 	 90.000 	 65.717
FHW11239	496.375 	 90.000 	 65.717
FHW11239	496.500 	 90.000 	 65.712
FHW11239	496.625 	 90.000 	 65.775
FHW11239	496.750 	 90.000 	 65.801
FHW11239	496.875 	 90.000 	 65.801
FHW11239	497.000 	 90.000 	 65.807
FHW11239	497.125 	 90.000 	 65.801
FHW11239	497.250 	 90.000 	 65.801
FHW11239	497.375 	 90.000 	 65.807
FHW11239	497.500 	 90.000 	 65.795
FHW11239	497.625 	 90.000 	 65.801
FHW11239	497.750 	 90.000 	 65.807
FHW11239	497.875 	 90.000 	 65.801
FHW11239	498.000 	 90.000 	 65.801
FHW11239	498.125 	 90.000 	 65.801
FHW11239	498.250 	 90.000 	 65.802
FHW11239	498.375 	 90.000 	 65.801
FHW11239	498.500 	 90.000 	 65.801
FHW11239	498.625 	 90.000 	 65.807
FHW11239	498.750 	 90.000 	 65.801
FHW11239	498.875 	 90.000 	 65.801
FHW11239	499.000 	 90.000 	 65.807
FHW11239	499.125 	 90.000 	 65.795
FHW11239	499.250 	 90.000 	 65.801
FHW11239	499.375 	 90.000 	 65.807
FHW11239	499.500 	 90.000 	 65.801
FHW11239	499.625 	 90.000 	 65.801
FHW11239	499.750 	 90.000 	 65.807
FHW11239	499.875 	 90.000 	 65.795
FHW11239	500.000 	 90.000 	 65.801
FHW11239	500.125 	 90.000 	 65.807
FHW11239	500.250 	 90.000 	 65.801
FHW11239	500.375 	 90.000 	 65.801
FHW11239	500.500 	 90.000 	 65.801
FHW11239	500.625 	 90.000 	 65.807
FHW11239	500.750 	 90.000 	 65.795
FHW11239	500.875 	 90.000 	 65.801
FHW11239	501.000 	 90.000 	 65.807
FHW11239	501.125 	 90.000 	 65.801
FHW11239	501.250 	 90.000 	 65.801
FHW11239	501.375 	 90.000 	 65.807
FHW11239	501.500 	 90.000 	 65.801
FHW11239	501.625 	 90.000 	 65.795
FHW11239	501.750 	 90.000 	 65.807
FHW11239	501.875 	 90.000 	 65.801
FHW11239	502.000 	 90.000 	 65.801
FHW11239	502.125 	 90.000 	 65.807
FHW11239	502.250 	 90.000 	 65.801
FHW11239	502.375 	 90.000 	 65.795
FHW11239	502.500 	 90.000 	 65.807
FHW11239	502.625 	 90.000 	 65.801
FHW11239	502.750 	 90.000 	 65.801
FHW11239	502.875 	 90.000 	 65.807
FHW11239	503.000 	 90.000 	 65.801
FHW11239	503.125 	 90.000 	 65.801
FHW11239	503.250 	 90.000 	 65.795
FHW11239	503.375 	 90.000 	 65.807
FHW11239	503.500 	 90.000 	 65.801
FHW11239	503.625 	 90.000 	 65.801
FHW11239	503.750 	 90.000 	 65.807
FHW11239	503.875 	 90.000 	 65.801
FHW11239	504.000 	 90.000 	 65.795
FHW11239	504.125 	 90.000 	 65.807
FHW11239	504.250 	 90.000 	 65.801
FHW11239	504.375 	 90.000 	 65.801
FHW11239	504.500 	 90.000 	 65.807
FHW11239	504.625 	 90.000 	 65.801
FHW11239	504.750 	 90.000 	 65.801
FHW11239	504.875 	 90.000 	 65.802
FHW11239	505.000 	 90.000 	 65.801
FHW11239	505.125 	 90.000 	 65.801
FHW11239	505.250 	 90.000 	 65.807
FHW11239	505.375 	 90.000 	 65.801
FHW11239	505.500 	 90.000 	 65.801
FHW11239	505.625 	 90.000 	 65.795
FHW11239	505.750 	 90.000 	 65.807
FHW11239	505.875 	 90.000 	 65.801
FHW11239	506.000 	 90.000 	 65.801
FHW11239	506.125 	 90.000 	 65.807
FHW11239	506.250 	 90.091 	 65.888
FHW11239	506.375 	 90.168 	 65.957
FHW11239	506.500 	 90.168 	 65.951
FHW11239	506.625 	 90.161 	 65.963
FHW11239	506.750 	 90.168 	 65.957
FHW11239	506.875 	 90.168 	 65.963
FHW11239	507.000 	 90.168 	 65.951
FHW11239	507.125 	 90.161 	 65.957
FHW11239	507.250 	 90.168 	 65.963
FHW11239	507.375 	 90.168 	 65.957
FHW11239	507.500 	 90.161 	 65.951
FHW11239	507.625 	 90.168 	 65.963
FHW11239	507.750 	 90.168 	 65.957
FHW11239	507.875 	 90.168 	 65.957
FHW11239	508.000 	 90.161 	 65.957
FHW11239	508.125 	 90.168 	 65.957
FHW11239	508.250 	 90.168 	 65.957
FHW11239	508.375 	 90.161 	 65.957
FHW11239	508.500 	 90.168 	 65.957
FHW11239	508.625 	 90.168 	 65.957
FHW11239	508.750 	 90.168 	 65.963
FHW11239	508.875 	 90.161 	 65.951
FHW11239	509.000 	 90.168 	 65.957
FHW11239	509.125 	 90.168 	 65.963
FHW11239	509.250 	 90.161 	 65.957
FHW11239	509.375 	 90.168 	 65.951
FHW11239	509.500 	 90.168 	 65.963
FHW11239	509.625 	 90.168 	 65.957
FHW11239	509.750 	 90.161 	 65.957
FHW11239	509.875 	 90.168 	 65.957
FHW11239	510.000 	 90.168 	 65.957
FHW11239	510.125 	 90.161 	 65.957
FHW11239	510.250 	 90.168 	 65.963
FHW11239	510.375 	 90.168 	 65.951
FHW11239	510.500 	 90.168 	 65.957
FHW11239	510.625 	 90.161 	 65.963
FHW11239	510.750 	 90.168 	 65.951
FHW11239	510.875 	 90.168 	 65.957
FHW11239	511.000 	 90.161 	 65.963
FHW11239	511.125 	 90.168 	 65.957
FHW11239	511.250 	 90.168 	 65.951
FHW11239	511.375 	 90.168 	 65.963
FHW11239	511.500 	 90.161 	 65.957
FHW11239	511.625 	 90.168 	 65.957
FHW11239	511.750 	 90.168 	 65.957
FHW11239	511.875 	 90.161 	 65.957
FHW11239	512.000 	 90.168 	 65.957
FHW11239	512.125 	 90.168 	 65.963
FHW11239	512.250 	 90.168 	 65.951
FHW11239	512.375 	 90.161 	 65.957
FHW11239	512.500 	 90.168 	 65.963
FHW11239	512.625 	 90.168 	 65.957
FHW11239	512.750 	 90.161 	 65.951
FHW11239	512.875 	 90.168 	 65.963
FHW11239	513.000 	 90.168 	 65.957
FHW11239	513.125 	 90.168 	 65.951
FHW11239	513.250 	 90.161 	 65.963
FHW11239	513.375 	 90.168 	 65.957
FHW11239	513.500 	 90.168 	 65.957
FHW11239	513.625 	 90.168 	 65.957
FHW11239	513.750 	 90.161 	 65.957
FHW11239	513.875 	 90.168 	 65.957
FHW11239	514.000 	 90.168 	 65.963
FHW11239	514.125 	 90.161 	 65.951
FHW11239	514.250 	 90.168 	 65.957
FHW11239	514.375 	 90.168 	 65.963
FHW11239	514.500 	 90.168 	 65.957
FHW11239	514.625 	 90.161 	 65.951
FHW11239	514.750 	 90.168 	 65.963
FHW11239	514.875 	 90.168 	 65.957
FHW11239	515.000 	 90.161 	 65.957
FHW11239	515.125 	 90.168 	 65.957
FHW11239	515.250 	 90.168 	 65.957
FHW11239	515.375 	 90.168 	 65.957
FHW11239	515.500 	 90.161 	 65.957
FHW11239	515.625 	 90.168 	 65.957
FHW11239	515.750 	 90.168 	 65.963
FHW11239	515.875 	 90.161 	 65.957
FHW11239	516.000 	 90.168 	 65.951
FHW11239	516.125 	 90.168 	 65.963
FHW11239	516.250 	 90.168 	 65.957
FHW11239	516.375 	 90.161 	 65.957
FHW11239	516.500 	 90.168 	 65.957
FHW11239	516.625 	 90.168 	 65.957
FHW11239	516.750 	 90.161 	 65.957
FHW11239	516.875 	 90.168 	 65.963
FHW11239	517.000 	 90.168 	 65.951
FHW11239	517.125 	 90.168 	 65.957
FHW11239	517.250 	 90.161 	 65.963
FHW11239	517.375 	 90.168 	 65.957
FHW11239	517.500 	 90.168 	 65.951
FHW11239	517.625 	 90.161 	 65.963
FHW11239	517.750 	 90.168 	 65.957
FHW11239	517.875 	 90.168 	 65.951
FHW11239	518.000 	 90.168 	 65.963
FHW11239	518.125 	 90.161 	 65.957
FHW11239	518.250 	 90.168 	 65.957
FHW11239	518.375 	 90.168 	 65.957
FHW11239	518.500 	 90.161 	 65.957
FHW11239	518.625 	 90.168 	 65.957
FHW11239	518.750 	 90.168 	 65.963
FHW11239	518.875 	 90.168 	 65.951
FHW11239	519.000 	 90.161 	 65.957
FHW11239	519.125 	 90.168 	 65.963
FHW11239	519.250 	 90.168 	 65.957
FHW11239	519.375 	 90.161 	 65.951
FHW11239	519.500 	 90.168 	 65.963
FHW11239	519.625 	 90.168 	 65.957
FHW11239	519.750 	 90.168 	 65.957
FHW11239	519.875 	 90.161 	 65.957
FHW11239	520.000 	 90.168 	 65.957
