#WellName	 Depth.M	 INCL	 AZIM 
WellName	 Depth.M	 INCL	 AZIM 
FHW13121	0.000 	 0.000 	 0.000
FHW13121	0.125 	 0.648 	 315.000
FHW13121	0.250 	 0.648 	 315.000
FHW13121	0.375 	 1.025 	 296.565
FHW13121	0.500 	 0.648 	 315.000
FHW13121	0.625 	 0.648 	 315.000
FHW13121	0.750 	 0.458 	 270.000
FHW13121	0.875 	 0.648 	 315.000
FHW13121	1.000 	 1.025 	 296.565
FHW13121	1.125 	 0.648 	 315.000
FHW13121	1.250 	 0.648 	 315.000
FHW13121	1.375 	 0.648 	 315.000
FHW13121	1.500 	 0.648 	 315.000
FHW13121	1.625 	 1.025 	 296.565
FHW13121	1.750 	 0.648 	 315.000
FHW13121	1.875 	 0.648 	 315.000
FHW13121	2.000 	 0.458 	 270.000
FHW13121	2.125 	 0.648 	 315.000
FHW13121	2.250 	 1.025 	 296.565
FHW13121	2.375 	 0.648 	 315.000
FHW13121	2.500 	 0.648 	 315.000
FHW13121	2.625 	 0.648 	 315.000
FHW13121	2.750 	 0.648 	 315.000
FHW13121	2.875 	 0.648 	 315.000
FHW13121	3.000 	 1.025 	 296.565
FHW13121	3.125 	 0.648 	 315.000
FHW13121	3.250 	 0.458 	 270.000
FHW13121	3.375 	 0.648 	 315.000
FHW13121	3.500 	 0.648 	 315.000
FHW13121	3.625 	 1.025 	 296.565
FHW13121	3.750 	 0.653 	 315.000
FHW13121	3.875 	 0.648 	 315.000
FHW13121	4.000 	 0.648 	 315.000
FHW13121	4.125 	 0.648 	 315.000
FHW13121	4.250 	 1.025 	 296.565
FHW13121	4.375 	 0.648 	 315.000
FHW13121	4.500 	 0.458 	 270.000
FHW13121	4.625 	 0.648 	 315.000
FHW13121	4.750 	 0.648 	 315.000
FHW13121	4.875 	 1.025 	 296.565
FHW13121	5.000 	 0.648 	 315.000
FHW13121	5.125 	 0.648 	 315.000
FHW13121	5.250 	 0.648 	 315.000
FHW13121	5.375 	 0.648 	 315.000
FHW13121	5.500 	 1.025 	 296.565
FHW13121	5.625 	 0.648 	 315.000
FHW13121	5.750 	 0.648 	 315.000
FHW13121	5.875 	 0.458 	 270.000
FHW13121	6.000 	 0.648 	 315.000
FHW13121	6.125 	 1.025 	 296.565
FHW13121	6.250 	 0.648 	 315.000
FHW13121	6.375 	 0.648 	 315.000
FHW13121	6.500 	 0.648 	 315.000
FHW13121	6.625 	 0.648 	 315.000
FHW13121	6.750 	 1.025 	 296.565
FHW13121	6.875 	 0.648 	 315.000
FHW13121	7.000 	 0.648 	 315.000
FHW13121	7.125 	 0.458 	 270.000
FHW13121	7.250 	 0.648 	 315.000
FHW13121	7.375 	 1.025 	 296.565
FHW13121	7.500 	 0.648 	 315.000
FHW13121	7.625 	 0.648 	 315.000
FHW13121	7.750 	 0.648 	 315.000
FHW13121	7.875 	 0.648 	 315.000
FHW13121	8.000 	 1.025 	 296.565
FHW13121	8.125 	 0.648 	 315.000
FHW13121	8.250 	 0.648 	 315.000
FHW13121	8.375 	 0.458 	 270.000
FHW13121	8.500 	 0.648 	 315.000
FHW13121	8.625 	 0.648 	 315.000
FHW13121	8.750 	 1.025 	 296.565
FHW13121	8.875 	 0.648 	 315.000
FHW13121	9.000 	 0.648 	 315.000
FHW13121	9.125 	 0.648 	 315.000
FHW13121	9.250 	 0.648 	 315.000
FHW13121	9.375 	 1.025 	 296.565
FHW13121	9.500 	 0.648 	 315.000
FHW13121	9.625 	 0.458 	 270.000
FHW13121	9.750 	 0.648 	 315.000
FHW13121	9.875 	 0.648 	 315.000
FHW13121	10.000 	 1.025 	 296.565
FHW13121	10.125 	 0.648 	 315.000
FHW13121	10.250 	 0.648 	 315.000
FHW13121	10.375 	 0.648 	 315.000
FHW13121	10.500 	 0.648 	 315.000
FHW13121	10.625 	 1.025 	 296.565
FHW13121	10.750 	 0.648 	 315.000
FHW13121	10.875 	 0.648 	 315.000
FHW13121	11.000 	 0.458 	 270.000
FHW13121	11.125 	 0.653 	 315.000
FHW13121	11.250 	 1.025 	 296.565
FHW13121	11.375 	 0.648 	 315.000
FHW13121	11.500 	 0.648 	 315.000
FHW13121	11.625 	 0.648 	 315.000
FHW13121	11.750 	 0.648 	 315.000
FHW13121	11.875 	 1.025 	 296.565
FHW13121	12.000 	 0.648 	 315.000
FHW13121	12.125 	 0.648 	 315.000
FHW13121	12.250 	 0.458 	 270.000
FHW13121	12.375 	 0.648 	 315.000
FHW13121	12.500 	 1.025 	 296.565
FHW13121	12.625 	 0.648 	 315.000
FHW13121	12.750 	 0.648 	 315.000
FHW13121	12.875 	 0.648 	 315.000
FHW13121	13.000 	 0.648 	 315.000
FHW13121	13.125 	 1.025 	 296.565
FHW13121	13.250 	 0.648 	 315.000
FHW13121	13.375 	 0.648 	 315.000
FHW13121	13.500 	 0.458 	 270.000
FHW13121	13.625 	 0.648 	 315.000
FHW13121	13.750 	 1.025 	 296.565
FHW13121	13.875 	 0.648 	 315.000
FHW13121	14.000 	 0.648 	 315.000
FHW13121	14.125 	 0.648 	 315.000
FHW13121	14.250 	 0.648 	 315.000
FHW13121	14.375 	 0.648 	 315.000
FHW13121	14.500 	 1.025 	 296.565
FHW13121	14.625 	 0.648 	 315.000
FHW13121	14.750 	 0.458 	 270.000
FHW13121	14.875 	 0.648 	 315.000
FHW13121	15.000 	 0.648 	 315.000
FHW13121	15.125 	 1.025 	 296.565
FHW13121	15.250 	 0.648 	 315.000
FHW13121	15.375 	 0.648 	 315.000
FHW13121	15.500 	 0.648 	 315.000
FHW13121	15.625 	 0.648 	 315.000
FHW13121	15.750 	 1.025 	 296.565
FHW13121	15.875 	 0.648 	 315.000
FHW13121	16.000 	 0.648 	 315.000
FHW13121	16.125 	 0.458 	 270.000
FHW13121	16.250 	 0.648 	 315.000
FHW13121	16.375 	 1.025 	 296.565
FHW13121	16.500 	 0.648 	 315.000
FHW13121	16.625 	 0.648 	 315.000
FHW13121	16.750 	 0.648 	 315.000
FHW13121	16.875 	 0.648 	 315.000
FHW13121	17.000 	 1.025 	 296.565
FHW13121	17.125 	 0.648 	 315.000
FHW13121	17.250 	 0.648 	 315.000
FHW13121	17.375 	 0.458 	 270.000
FHW13121	17.500 	 0.648 	 315.000
FHW13121	17.625 	 1.025 	 296.565
FHW13121	17.750 	 0.648 	 315.000
FHW13121	17.875 	 0.648 	 315.000
FHW13121	18.000 	 0.648 	 315.000
FHW13121	18.125 	 0.648 	 315.000
FHW13121	18.250 	 1.025 	 296.565
FHW13121	18.375 	 0.648 	 315.000
FHW13121	18.500 	 0.648 	 315.000
FHW13121	18.625 	 0.462 	 270.000
FHW13121	18.750 	 0.648 	 315.000
FHW13121	18.875 	 1.025 	 296.565
FHW13121	19.000 	 0.648 	 315.000
FHW13121	19.125 	 0.648 	 315.000
FHW13121	19.250 	 0.648 	 315.000
FHW13121	19.375 	 0.648 	 315.000
FHW13121	19.500 	 0.648 	 315.000
FHW13121	19.625 	 1.025 	 296.565
FHW13121	19.750 	 0.648 	 315.000
FHW13121	19.875 	 0.458 	 270.000
FHW13121	20.000 	 0.648 	 315.000
FHW13121	20.125 	 0.648 	 315.000
FHW13121	20.250 	 1.025 	 296.565
FHW13121	20.375 	 0.648 	 315.000
FHW13121	20.500 	 0.648 	 315.000
FHW13121	20.625 	 0.648 	 315.000
FHW13121	20.750 	 0.648 	 315.000
FHW13121	20.875 	 1.025 	 296.565
FHW13121	21.000 	 0.648 	 315.000
FHW13121	21.125 	 0.648 	 315.000
FHW13121	21.250 	 0.458 	 270.000
FHW13121	21.375 	 0.648 	 315.000
FHW13121	21.500 	 1.025 	 296.565
FHW13121	21.625 	 0.648 	 315.000
FHW13121	21.750 	 0.648 	 315.000
FHW13121	21.875 	 0.648 	 315.000
FHW13121	22.000 	 0.648 	 315.000
FHW13121	22.125 	 1.025 	 296.565
FHW13121	22.250 	 0.648 	 315.000
FHW13121	22.375 	 0.648 	 315.000
FHW13121	22.500 	 0.458 	 270.000
FHW13121	22.625 	 0.648 	 315.000
FHW13121	22.750 	 1.025 	 296.565
FHW13121	22.875 	 0.648 	 315.000
FHW13121	23.000 	 0.648 	 315.000
FHW13121	23.125 	 0.648 	 315.000
FHW13121	23.250 	 0.648 	 315.000
FHW13121	23.375 	 1.025 	 296.565
FHW13121	23.500 	 0.648 	 315.000
FHW13121	23.625 	 0.648 	 315.000
FHW13121	23.750 	 0.458 	 270.000
FHW13121	23.875 	 0.648 	 315.000
FHW13121	24.000 	 1.025 	 296.565
FHW13121	24.125 	 0.648 	 315.000
FHW13121	24.250 	 0.648 	 315.000
FHW13121	24.375 	 0.648 	 315.000
FHW13121	24.500 	 0.648 	 315.000
FHW13121	24.625 	 1.025 	 296.565
FHW13121	24.750 	 0.648 	 315.000
FHW13121	24.875 	 0.648 	 315.000
FHW13121	25.000 	 0.648 	 315.000
FHW13121	25.125 	 0.458 	 270.000
FHW13121	25.250 	 0.648 	 315.000
FHW13121	25.375 	 1.025 	 296.565
FHW13121	25.500 	 0.648 	 315.000
FHW13121	25.625 	 0.648 	 315.000
FHW13121	25.750 	 0.648 	 315.000
FHW13121	25.875 	 0.648 	 315.000
FHW13121	26.000 	 1.033 	 296.565
FHW13121	26.125 	 0.648 	 315.000
FHW13121	26.250 	 0.648 	 315.000
FHW13121	26.375 	 0.458 	 270.000
FHW13121	26.500 	 0.648 	 315.000
FHW13121	26.625 	 1.025 	 296.565
FHW13121	26.750 	 0.648 	 315.000
FHW13121	26.875 	 0.648 	 315.000
FHW13121	27.000 	 0.648 	 315.000
FHW13121	27.125 	 0.648 	 315.000
FHW13121	27.250 	 1.025 	 296.565
FHW13121	27.375 	 0.648 	 315.000
FHW13121	27.500 	 0.648 	 315.000
FHW13121	27.625 	 0.458 	 270.000
FHW13121	27.750 	 0.648 	 315.000
FHW13121	27.875 	 1.025 	 296.565
FHW13121	28.000 	 0.648 	 315.000
FHW13121	28.125 	 0.648 	 315.000
FHW13121	28.250 	 0.648 	 315.000
FHW13121	28.375 	 0.648 	 315.000
FHW13121	28.500 	 1.025 	 296.565
FHW13121	28.625 	 0.648 	 315.000
FHW13121	28.750 	 0.648 	 315.000
FHW13121	28.875 	 0.458 	 270.000
FHW13121	29.000 	 0.648 	 315.000
FHW13121	29.125 	 1.025 	 296.565
FHW13121	29.250 	 0.648 	 315.000
FHW13121	29.375 	 0.648 	 315.000
FHW13121	29.500 	 0.648 	 315.000
FHW13121	29.625 	 0.648 	 315.000
FHW13121	29.750 	 1.025 	 296.565
FHW13121	29.875 	 0.648 	 315.000
FHW13121	30.000 	 0.648 	 315.000
FHW13121	30.125 	 0.648 	 315.000
FHW13121	30.250 	 0.458 	 270.000
FHW13121	30.375 	 1.025 	 296.565
FHW13121	30.500 	 0.648 	 315.000
FHW13121	30.625 	 0.648 	 315.000
FHW13121	30.750 	 0.648 	 315.000
FHW13121	30.875 	 0.648 	 315.000
FHW13121	31.000 	 0.648 	 315.000
FHW13121	31.125 	 1.025 	 296.565
FHW13121	31.250 	 0.648 	 315.000
FHW13121	31.375 	 0.648 	 315.000
FHW13121	31.500 	 0.458 	 270.000
FHW13121	31.625 	 0.648 	 315.000
FHW13121	31.750 	 1.025 	 296.565
FHW13121	31.875 	 0.648 	 315.000
FHW13121	32.000 	 0.648 	 315.000
FHW13121	32.125 	 0.648 	 314.999
FHW13121	32.250 	 0.648 	 315.000
FHW13121	32.375 	 1.025 	 296.565
FHW13121	32.500 	 0.648 	 315.000
FHW13121	32.625 	 0.648 	 315.000
FHW13121	32.750 	 0.458 	 270.000
FHW13121	32.875 	 0.648 	 315.000
FHW13121	33.000 	 1.025 	 296.565
FHW13121	33.125 	 0.648 	 315.000
FHW13121	33.250 	 0.648 	 315.000
FHW13121	33.375 	 0.653 	 315.000
FHW13121	33.500 	 0.648 	 315.000
FHW13121	33.625 	 1.025 	 296.565
FHW13121	33.750 	 0.648 	 315.000
FHW13121	33.875 	 0.648 	 315.000
FHW13121	34.000 	 0.458 	 270.000
FHW13121	34.125 	 0.648 	 315.000
FHW13121	34.250 	 1.025 	 296.565
FHW13121	34.375 	 0.648 	 315.000
FHW13121	34.500 	 0.648 	 315.000
FHW13121	34.625 	 0.648 	 315.000
FHW13121	34.750 	 0.648 	 315.000
FHW13121	34.875 	 1.025 	 296.565
FHW13121	35.000 	 0.648 	 314.999
FHW13121	35.125 	 0.648 	 315.001
FHW13121	35.250 	 0.648 	 314.999
FHW13121	35.375 	 0.458 	 270.000
FHW13121	35.500 	 1.025 	 296.565
FHW13121	35.625 	 0.648 	 315.000
FHW13121	35.750 	 0.648 	 314.999
FHW13121	35.875 	 0.648 	 315.001
FHW13121	36.000 	 0.648 	 314.999
FHW13121	36.125 	 0.648 	 315.001
FHW13121	36.250 	 1.025 	 296.565
FHW13121	36.375 	 0.648 	 315.001
FHW13121	36.500 	 0.648 	 314.999
FHW13121	36.625 	 0.458 	 270.000
FHW13121	36.750 	 0.648 	 314.999
FHW13121	36.875 	 1.025 	 296.566
FHW13121	37.000 	 0.648 	 314.999
FHW13121	37.125 	 0.648 	 315.001
FHW13121	37.250 	 0.648 	 314.999
FHW13121	37.375 	 0.648 	 315.001
FHW13121	37.500 	 1.025 	 296.565
FHW13121	37.625 	 0.648 	 315.000
FHW13121	37.750 	 0.648 	 315.000
FHW13121	37.875 	 0.458 	 270.000
FHW13121	38.000 	 0.648 	 314.999
FHW13121	38.125 	 1.025 	 296.565
FHW13121	38.250 	 0.648 	 315.000
FHW13121	38.375 	 0.648 	 315.000
FHW13121	38.500 	 0.648 	 315.000
FHW13121	38.625 	 0.648 	 315.001
FHW13121	38.750 	 1.025 	 296.565
FHW13121	38.875 	 0.648 	 314.999
FHW13121	39.000 	 0.648 	 315.001
FHW13121	39.125 	 0.458 	 270.000
FHW13121	39.250 	 0.648 	 315.000
FHW13121	39.375 	 1.025 	 296.565
FHW13121	39.500 	 0.648 	 315.000
FHW13121	39.625 	 0.648 	 315.000
FHW13121	39.750 	 0.648 	 315.000
FHW13121	39.875 	 0.648 	 314.999
FHW13121	40.000 	 1.025 	 296.566
FHW13121	40.125 	 0.648 	 314.999
FHW13121	40.250 	 0.648 	 315.001
FHW13121	40.375 	 0.648 	 314.999
FHW13121	40.500 	 0.458 	 270.000
FHW13121	40.625 	 1.025 	 296.565
FHW13121	40.750 	 0.648 	 315.000
FHW13121	40.875 	 0.653 	 314.999
FHW13121	41.000 	 0.648 	 315.001
FHW13121	41.125 	 0.648 	 314.999
FHW13121	41.250 	 1.025 	 296.565
FHW13121	41.375 	 0.648 	 315.000
FHW13121	41.500 	 0.648 	 315.000
FHW13121	41.625 	 0.648 	 315.000
FHW13121	41.750 	 0.458 	 270.000
FHW13121	41.875 	 0.648 	 314.999
FHW13121	42.000 	 1.025 	 296.565
FHW13121	42.125 	 0.648 	 315.000
FHW13121	42.250 	 0.648 	 315.000
FHW13121	42.375 	 0.648 	 315.000
FHW13121	42.500 	 0.648 	 315.001
FHW13121	42.625 	 1.025 	 296.565
FHW13121	42.750 	 0.648 	 314.999
FHW13121	42.875 	 0.648 	 315.001
FHW13121	43.000 	 0.458 	 270.000
FHW13121	43.125 	 0.648 	 315.000
FHW13121	43.250 	 1.025 	 296.565
FHW13121	43.375 	 0.648 	 315.000
FHW13121	43.500 	 0.648 	 315.000
FHW13121	43.625 	 0.648 	 315.000
FHW13121	43.750 	 0.648 	 315.000
FHW13121	43.875 	 1.025 	 296.565
FHW13121	44.000 	 0.648 	 314.999
FHW13121	44.125 	 0.648 	 315.001
FHW13121	44.250 	 0.458 	 270.000
FHW13121	44.375 	 0.648 	 315.000
FHW13121	44.500 	 1.025 	 296.565
FHW13121	44.625 	 0.648 	 315.000
FHW13121	44.750 	 0.648 	 315.000
FHW13121	44.875 	 0.648 	 315.000
FHW13121	45.000 	 0.648 	 314.999
FHW13121	45.125 	 1.025 	 296.565
FHW13121	45.250 	 0.648 	 315.000
FHW13121	45.375 	 0.648 	 315.001
FHW13121	45.500 	 0.648 	 314.999
FHW13121	45.625 	 0.458 	 270.000
FHW13121	45.750 	 1.025 	 296.565
FHW13121	45.875 	 0.648 	 314.999
FHW13121	46.000 	 0.648 	 315.000
FHW13121	46.125 	 0.648 	 315.000
FHW13121	46.250 	 0.648 	 315.000
FHW13121	46.375 	 1.025 	 296.565
FHW13121	46.500 	 0.648 	 315.000
FHW13121	46.625 	 0.648 	 315.000
FHW13121	46.750 	 0.648 	 315.000
FHW13121	46.875 	 0.458 	 270.000
FHW13121	47.000 	 1.025 	 296.565
FHW13121	47.125 	 0.648 	 315.000
FHW13121	47.250 	 0.648 	 315.000
FHW13121	47.375 	 0.648 	 315.000
FHW13121	47.500 	 0.648 	 315.000
FHW13121	47.625 	 0.648 	 315.000
FHW13121	47.750 	 1.025 	 296.565
FHW13121	47.875 	 0.648 	 314.999
FHW13121	48.000 	 0.648 	 315.001
FHW13121	48.125 	 0.458 	 270.000
FHW13121	48.250 	 0.653 	 315.000
FHW13121	48.375 	 1.025 	 296.565
FHW13121	48.500 	 0.648 	 315.000
FHW13121	48.625 	 0.648 	 315.000
FHW13121	48.750 	 0.648 	 315.000
FHW13121	48.875 	 0.648 	 314.999
FHW13121	49.000 	 1.025 	 296.565
FHW13121	49.125 	 0.648 	 315.000
FHW13121	49.250 	 0.648 	 315.001
FHW13121	49.375 	 0.458 	 270.000
FHW13121	49.500 	 0.648 	 315.000
FHW13121	49.625 	 1.025 	 296.565
FHW13121	49.750 	 0.648 	 314.999
FHW13121	49.875 	 0.648 	 315.001
FHW13121	50.000 	 0.648 	 315.000
FHW13121	50.125 	 0.648 	 314.999
FHW13121	50.250 	 1.025 	 296.565
FHW13121	50.375 	 0.648 	 315.000
FHW13121	50.500 	 0.648 	 315.000
FHW13121	50.625 	 0.648 	 315.000
FHW13121	50.750 	 0.458 	 270.000
FHW13121	50.875 	 1.025 	 296.566
FHW13121	51.000 	 0.648 	 314.999
FHW13121	51.125 	 0.648 	 315.000
FHW13121	51.250 	 0.648 	 315.000
FHW13121	51.375 	 0.648 	 315.000
FHW13121	51.500 	 1.025 	 296.565
FHW13121	51.625 	 0.648 	 315.000
FHW13121	51.750 	 0.648 	 315.000
FHW13121	51.875 	 0.648 	 315.000
FHW13121	52.000 	 0.458 	 270.000
FHW13121	52.125 	 1.025 	 296.565
FHW13121	52.250 	 0.648 	 315.001
FHW13121	52.375 	 0.648 	 315.000
FHW13121	52.500 	 0.648 	 315.001
FHW13121	52.625 	 0.648 	 314.998
FHW13121	52.750 	 0.648 	 315.001
FHW13121	52.875 	 1.025 	 296.565
FHW13121	53.000 	 0.648 	 314.998
FHW13121	53.125 	 0.648 	 315.001
FHW13121	53.250 	 0.458 	 270.000
FHW13121	53.375 	 0.648 	 315.000
FHW13121	53.500 	 1.025 	 296.565
FHW13121	53.625 	 0.648 	 315.000
FHW13121	53.750 	 0.648 	 315.001
FHW13121	53.875 	 0.648 	 315.000
FHW13121	54.000 	 0.648 	 315.000
FHW13121	54.125 	 1.025 	 296.565
FHW13121	54.250 	 0.648 	 315.000
FHW13121	54.375 	 0.648 	 315.001
FHW13121	54.500 	 0.458 	 270.000
FHW13121	54.625 	 0.648 	 315.000
FHW13121	54.750 	 1.025 	 296.566
FHW13121	54.875 	 0.648 	 315.000
FHW13121	55.000 	 0.648 	 314.999
FHW13121	55.125 	 0.648 	 315.000
FHW13121	55.250 	 0.648 	 315.000
FHW13121	55.375 	 2.487 	 248.199
FHW13121	55.500 	 1.889 	 255.964
FHW13121	55.625 	 2.467 	 248.199
FHW13121	55.750 	 2.049 	 243.435
FHW13121	55.875 	 1.889 	 255.964
FHW13121	56.000 	 2.467 	 248.199
FHW13121	56.125 	 2.049 	 243.435
FHW13121	56.250 	 2.336 	 258.690
FHW13121	56.375 	 2.049 	 243.435
FHW13121	56.500 	 2.467 	 248.199
FHW13121	56.625 	 2.049 	 243.435
FHW13121	56.750 	 2.355 	 258.690
FHW13121	56.875 	 2.049 	 243.435
FHW13121	57.000 	 2.467 	 248.199
FHW13121	57.125 	 1.889 	 255.964
FHW13121	57.250 	 2.467 	 248.199
FHW13121	57.375 	 2.049 	 243.435
FHW13121	57.500 	 2.336 	 258.690
FHW13121	57.625 	 2.049 	 243.435
FHW13121	57.750 	 2.049 	 243.435
FHW13121	57.875 	 2.467 	 248.199
FHW13121	58.000 	 1.889 	 255.964
FHW13121	58.125 	 2.487 	 248.199
FHW13121	58.250 	 2.049 	 243.435
FHW13121	58.375 	 2.336 	 258.690
FHW13121	58.500 	 2.049 	 243.435
FHW13121	58.625 	 2.467 	 248.199
FHW13121	58.750 	 1.889 	 255.964
FHW13121	58.875 	 2.467 	 248.199
FHW13121	59.000 	 2.049 	 243.435
FHW13121	59.125 	 2.467 	 248.199
FHW13121	59.250 	 1.889 	 255.964
FHW13121	59.375 	 2.066 	 243.435
FHW13121	59.500 	 2.467 	 248.199
FHW13121	59.625 	 1.889 	 255.964
FHW13121	59.750 	 2.467 	 248.199
FHW13121	59.875 	 2.049 	 243.435
FHW13121	60.000 	 2.336 	 258.690
FHW13121	60.125 	 2.049 	 243.435
FHW13121	60.250 	 2.467 	 248.199
FHW13121	60.375 	 2.049 	 243.435
FHW13121	60.500 	 2.336 	 258.690
FHW13121	60.625 	 2.049 	 243.435
FHW13121	60.750 	 2.487 	 248.199
FHW13121	60.875 	 1.889 	 255.964
FHW13121	61.000 	 2.049 	 243.435
FHW13121	61.125 	 2.467 	 248.199
FHW13121	61.250 	 2.467 	 248.199
FHW13121	61.375 	 2.897 	 251.565
FHW13121	61.500 	 2.896 	 251.565
FHW13121	61.625 	 3.072 	 243.435
FHW13121	61.750 	 2.487 	 248.199
FHW13121	61.875 	 2.897 	 251.565
FHW13121	62.000 	 3.072 	 243.435
FHW13121	62.125 	 5.212 	 254.745
FHW13121	62.250 	 5.392 	 250.017
FHW13121	62.375 	 5.392 	 250.017
FHW13121	62.500 	 4.925 	 248.199
FHW13121	62.625 	 5.392 	 250.017
FHW13121	62.750 	 5.212 	 254.745
FHW13121	62.875 	 5.392 	 250.017
FHW13121	63.000 	 5.349 	 250.017
FHW13121	63.125 	 4.964 	 248.199
FHW13121	63.250 	 5.392 	 250.017
FHW13121	63.375 	 5.212 	 254.745
FHW13121	63.500 	 5.392 	 250.017
FHW13121	63.625 	 5.349 	 250.017
FHW13121	63.750 	 4.964 	 248.199
FHW13121	63.875 	 5.349 	 250.017
FHW13121	64.000 	 5.254 	 254.745
FHW13121	64.125 	 5.350 	 250.017
FHW13121	64.250 	 5.392 	 250.017
FHW13121	64.375 	 5.392 	 250.017
FHW13121	64.500 	 4.925 	 248.199
FHW13121	64.625 	 5.254 	 254.745
FHW13121	64.750 	 5.349 	 250.017
FHW13121	64.875 	 5.392 	 250.017
FHW13121	65.000 	 5.349 	 250.017
FHW13121	65.125 	 4.964 	 248.199
FHW13121	65.250 	 5.349 	 250.017
FHW13121	65.375 	 5.254 	 254.745
FHW13121	65.500 	 5.392 	 250.017
FHW13121	65.625 	 5.349 	 250.017
FHW13121	65.750 	 5.392 	 250.017
FHW13121	65.875 	 4.925 	 248.199
FHW13121	66.000 	 5.253 	 254.745
FHW13121	66.125 	 5.349 	 250.017
FHW13121	66.250 	 5.392 	 250.017
FHW13121	66.375 	 5.392 	 250.017
FHW13121	66.500 	 4.925 	 248.199
FHW13121	66.625 	 5.253 	 254.745
FHW13121	66.750 	 5.349 	 250.017
FHW13121	66.875 	 5.393 	 250.017
FHW13121	67.000 	 5.349 	 250.017
FHW13121	67.125 	 4.964 	 248.199
FHW13121	67.250 	 5.212 	 254.745
FHW13121	67.375 	 5.392 	 250.017
FHW13121	67.500 	 5.392 	 250.017
FHW13121	67.625 	 5.349 	 250.017
FHW13121	67.750 	 5.392 	 250.017
FHW13121	67.875 	 4.774 	 253.301
FHW13121	68.000 	 5.392 	 250.017
FHW13121	68.125 	 5.349 	 250.017
FHW13121	68.250 	 5.392 	 250.017
FHW13121	68.375 	 5.349 	 250.017
FHW13121	68.500 	 4.964 	 248.199
FHW13121	68.625 	 5.253 	 254.745
FHW13121	68.750 	 5.349 	 250.017
FHW13121	68.875 	 5.392 	 250.017
FHW13121	69.000 	 5.349 	 250.017
FHW13121	69.125 	 5.392 	 250.017
FHW13121	69.250 	 4.774 	 253.301
FHW13121	69.375 	 5.392 	 250.017
FHW13121	69.500 	 5.392 	 250.017
FHW13121	69.625 	 5.349 	 250.017
FHW13121	69.750 	 5.392 	 250.017
FHW13121	69.875 	 4.774 	 253.301
FHW13121	70.000 	 5.393 	 250.017
FHW13121	70.125 	 5.349 	 250.017
FHW13121	70.250 	 5.392 	 250.017
FHW13121	70.375 	 5.349 	 250.017
FHW13121	70.500 	 4.813 	 253.301
FHW13121	70.625 	 5.392 	 250.017
FHW13121	70.750 	 5.349 	 250.017
FHW13121	70.875 	 5.392 	 250.017
FHW13121	71.000 	 5.349 	 250.017
FHW13121	71.125 	 5.253 	 254.745
FHW13121	71.250 	 4.925 	 248.199
FHW13121	71.375 	 5.392 	 250.017
FHW13121	71.500 	 5.392 	 250.017
FHW13121	71.625 	 5.349 	 250.017
FHW13121	71.750 	 5.392 	 250.017
FHW13121	71.875 	 4.774 	 253.301
FHW13121	72.000 	 5.392 	 250.017
FHW13121	72.125 	 5.349 	 250.017
FHW13121	72.250 	 5.392 	 250.017
FHW13121	72.375 	 5.349 	 250.017
FHW13121	72.500 	 4.813 	 253.301
FHW13121	72.625 	 5.392 	 250.017
FHW13121	72.750 	 5.349 	 250.017
FHW13121	72.875 	 5.392 	 250.017
FHW13121	73.000 	 5.349 	 250.017
FHW13121	73.125 	 5.254 	 254.745
FHW13121	73.250 	 4.925 	 248.199
FHW13121	73.375 	 5.392 	 250.017
FHW13121	73.500 	 5.349 	 250.017
FHW13121	73.625 	 5.392 	 250.017
FHW13121	73.750 	 5.253 	 254.745
FHW13121	73.875 	 4.925 	 248.199
FHW13121	74.000 	 5.392 	 250.017
FHW13121	74.125 	 5.349 	 250.017
FHW13121	74.250 	 5.392 	 250.017
FHW13121	74.375 	 5.212 	 254.745
FHW13121	74.500 	 5.392 	 250.017
FHW13121	74.625 	 4.964 	 248.199
FHW13121	74.750 	 5.349 	 250.017
FHW13121	74.875 	 5.392 	 250.017
FHW13121	75.000 	 5.212 	 254.745
FHW13121	75.125 	 5.392 	 250.017
FHW13121	75.250 	 4.925 	 248.199
FHW13121	75.375 	 5.392 	 250.017
FHW13121	75.500 	 5.349 	 250.017
FHW13121	75.625 	 5.392 	 250.017
FHW13121	75.750 	 5.254 	 254.745
FHW13121	75.875 	 4.925 	 248.199
FHW13121	76.000 	 5.392 	 250.017
FHW13121	76.125 	 5.349 	 250.017
FHW13121	76.250 	 5.393 	 250.017
FHW13121	76.375 	 5.212 	 254.745
FHW13121	76.500 	 5.392 	 250.017
FHW13121	76.625 	 4.925 	 248.199
FHW13121	76.750 	 5.392 	 250.017
FHW13121	76.875 	 5.392 	 250.017
FHW13121	77.000 	 5.212 	 254.745
FHW13121	77.125 	 5.392 	 250.017
FHW13121	77.250 	 4.925 	 248.199
FHW13121	77.375 	 5.392 	 250.017
FHW13121	77.500 	 5.349 	 250.017
FHW13121	77.625 	 5.254 	 254.745
FHW13121	77.750 	 5.392 	 250.017
FHW13121	77.875 	 4.925 	 248.199
FHW13121	78.000 	 5.392 	 250.017
FHW13121	78.125 	 5.350 	 250.017
FHW13121	78.250 	 5.253 	 254.745
FHW13121	78.375 	 5.349 	 250.017
FHW13121	78.500 	 5.392 	 250.017
FHW13121	78.625 	 4.925 	 248.199
FHW13121	78.750 	 5.392 	 250.017
FHW13121	78.875 	 5.392 	 250.017
FHW13121	79.000 	 5.212 	 254.745
FHW13121	79.125 	 5.392 	 250.017
FHW13121	79.250 	 4.925 	 248.199
FHW13121	79.375 	 5.393 	 250.017
FHW13121	79.500 	 5.350 	 250.017
FHW13121	79.625 	 5.253 	 254.745
FHW13121	79.750 	 5.985 	 247.380
FHW13121	79.875 	 10.202 	 251.565
FHW13121	80.000 	 10.202 	 251.565
FHW13121	80.125 	 9.774 	 250.710
FHW13121	80.250 	 10.354 	 249.145
FHW13121	80.375 	 10.202 	 251.565
FHW13121	80.500 	 10.203 	 251.565
FHW13121	80.625 	 9.774 	 250.710
FHW13121	80.750 	 10.354 	 249.145
FHW13121	80.875 	 10.202 	 251.565
FHW13121	81.000 	 10.202 	 251.565
FHW13121	81.125 	 9.774 	 250.710
FHW13121	81.250 	 10.202 	 251.565
FHW13121	81.375 	 10.354 	 249.146
FHW13121	81.500 	 9.774 	 250.710
FHW13121	81.625 	 10.202 	 251.565
FHW13121	81.750 	 10.202 	 251.565
FHW13121	81.875 	 10.272 	 249.145
FHW13121	82.000 	 9.774 	 250.710
FHW13121	82.125 	 10.202 	 251.565
FHW13121	82.250 	 10.203 	 251.565
FHW13121	82.375 	 10.354 	 249.145
FHW13121	82.500 	 9.775 	 250.710
FHW13121	82.625 	 10.202 	 251.565
FHW13121	82.750 	 10.202 	 251.565
FHW13121	82.875 	 9.774 	 250.710
FHW13121	83.000 	 10.354 	 249.146
FHW13121	83.125 	 10.203 	 251.565
FHW13121	83.250 	 10.202 	 251.565
FHW13121	83.375 	 9.774 	 250.710
FHW13121	83.500 	 10.354 	 249.146
FHW13121	83.625 	 10.202 	 251.565
FHW13121	83.750 	 10.202 	 251.565
FHW13121	83.875 	 9.774 	 250.710
FHW13121	84.000 	 10.354 	 249.145
FHW13121	84.125 	 10.202 	 251.565
FHW13121	84.250 	 9.775 	 250.710
FHW13121	84.375 	 10.202 	 251.565
FHW13121	84.500 	 10.202 	 251.565
FHW13121	84.625 	 10.354 	 249.146
FHW13121	84.750 	 9.775 	 250.710
FHW13121	84.875 	 10.203 	 251.565
FHW13121	85.000 	 10.202 	 251.565
FHW13121	85.125 	 10.354 	 249.145
FHW13121	85.250 	 9.774 	 250.710
FHW13121	85.375 	 10.202 	 251.565
FHW13121	85.500 	 10.202 	 251.565
FHW13121	85.625 	 9.933 	 248.199
FHW13121	85.750 	 10.203 	 251.565
FHW13121	85.875 	 10.202 	 251.565
FHW13121	86.000 	 10.202 	 251.565
FHW13121	86.125 	 9.775 	 250.710
FHW13121	86.250 	 10.354 	 249.145
FHW13121	86.375 	 10.202 	 251.565
FHW13121	86.500 	 10.202 	 251.565
FHW13121	86.625 	 9.775 	 250.710
FHW13121	86.750 	 10.354 	 249.146
FHW13121	86.875 	 10.202 	 251.565
FHW13121	87.000 	 10.202 	 251.565
FHW13121	87.125 	 9.775 	 250.710
FHW13121	87.250 	 10.354 	 249.145
FHW13121	87.375 	 10.202 	 251.565
FHW13121	87.500 	 9.775 	 250.710
FHW13121	87.625 	 10.202 	 251.565
FHW13121	87.750 	 10.202 	 251.565
FHW13121	87.875 	 10.354 	 249.146
FHW13121	88.000 	 9.774 	 250.710
FHW13121	88.125 	 10.202 	 251.565
FHW13121	88.250 	 10.202 	 251.565
FHW13121	88.375 	 10.354 	 249.146
FHW13121	88.500 	 9.775 	 250.710
FHW13121	88.625 	 10.202 	 251.565
FHW13121	88.750 	 10.202 	 251.565
FHW13121	88.875 	 9.933 	 248.199
FHW13121	89.000 	 10.202 	 251.565
FHW13121	89.125 	 10.202 	 251.565
FHW13121	89.250 	 10.203 	 251.565
FHW13121	89.375 	 9.775 	 250.710
FHW13121	89.500 	 10.354 	 249.146
FHW13121	89.625 	 10.202 	 251.565
FHW13121	89.750 	 10.202 	 251.565
FHW13121	89.875 	 9.775 	 250.710
FHW13121	90.000 	 10.354 	 249.146
FHW13121	90.125 	 10.203 	 251.565
FHW13121	90.250 	 9.775 	 250.710
FHW13121	90.375 	 10.202 	 251.565
FHW13121	90.500 	 10.354 	 249.145
FHW13121	90.625 	 10.121 	 251.565
FHW13121	90.750 	 9.775 	 250.710
FHW13121	90.875 	 10.202 	 251.565
FHW13121	91.000 	 10.203 	 251.565
FHW13121	91.125 	 10.354 	 249.145
FHW13121	91.250 	 9.774 	 250.710
FHW13121	91.375 	 10.202 	 251.565
FHW13121	91.500 	 10.202 	 251.565
FHW13121	91.625 	 9.933 	 248.199
FHW13121	91.750 	 10.202 	 251.565
FHW13121	91.875 	 10.203 	 251.565
FHW13121	92.000 	 10.202 	 251.565
FHW13121	92.125 	 9.933 	 248.199
FHW13121	92.250 	 10.202 	 251.565
FHW13121	92.375 	 10.202 	 251.565
FHW13121	92.500 	 10.202 	 251.565
FHW13121	92.625 	 9.774 	 250.710
FHW13121	92.750 	 10.354 	 249.146
FHW13121	92.875 	 10.202 	 251.565
FHW13121	93.000 	 9.774 	 250.710
FHW13121	93.125 	 10.202 	 251.565
FHW13121	93.250 	 10.354 	 249.145
FHW13121	93.375 	 10.202 	 251.565
FHW13121	93.500 	 9.774 	 250.710
FHW13121	93.625 	 10.203 	 251.565
FHW13121	93.750 	 10.354 	 249.145
FHW13121	93.875 	 10.202 	 251.565
FHW13121	94.000 	 9.775 	 250.710
FHW13121	94.125 	 10.202 	 251.565
FHW13121	94.250 	 10.202 	 251.565
FHW13121	94.375 	 9.933 	 248.199
FHW13121	94.500 	 10.203 	 251.565
FHW13121	94.625 	 10.202 	 251.565
FHW13121	94.750 	 10.202 	 251.565
FHW13121	94.875 	 9.933 	 248.199
FHW13121	95.000 	 10.202 	 251.565
FHW13121	95.125 	 10.202 	 251.565
FHW13121	95.250 	 10.202 	 251.565
FHW13121	95.375 	 9.934 	 248.199
FHW13121	95.500 	 10.202 	 251.565
FHW13121	95.625 	 10.202 	 251.565
FHW13121	95.750 	 9.774 	 250.710
FHW13121	95.875 	 10.202 	 251.565
FHW13121	96.000 	 10.354 	 249.146
FHW13121	96.125 	 10.202 	 251.565
FHW13121	96.250 	 9.775 	 250.710
FHW13121	96.375 	 10.202 	 251.565
FHW13121	96.500 	 10.354 	 249.145
FHW13121	96.625 	 10.202 	 251.565
FHW13121	96.750 	 9.774 	 250.710
FHW13121	96.875 	 10.202 	 251.565
FHW13121	97.000 	 10.202 	 251.565
FHW13121	97.125 	 9.934 	 248.199
FHW13121	97.250 	 10.202 	 251.565
FHW13121	97.375 	 10.202 	 251.565
FHW13121	97.500 	 10.202 	 251.565
FHW13121	97.625 	 9.933 	 248.199
FHW13121	97.750 	 10.202 	 251.565
FHW13121	97.875 	 14.378 	 249.228
FHW13121	98.000 	 15.526 	 247.249
FHW13121	98.125 	 15.897 	 249.444
FHW13121	98.250 	 15.484 	 248.839
FHW13121	98.375 	 16.057 	 247.891
FHW13121	98.500 	 15.361 	 248.839
FHW13121	98.625 	 16.058 	 247.891
FHW13121	98.750 	 15.483 	 248.839
FHW13121	98.875 	 16.057 	 247.891
FHW13121	99.000 	 15.362 	 248.839
FHW13121	99.125 	 15.897 	 249.444
FHW13121	99.250 	 15.649 	 247.249
FHW13121	99.375 	 15.362 	 248.839
FHW13121	99.500 	 16.057 	 247.891
FHW13121	99.625 	 15.483 	 248.839
FHW13121	99.750 	 16.058 	 247.891
FHW13121	99.875 	 15.361 	 248.839
FHW13121	100.000 	 16.057 	 247.891
FHW13121	100.125 	 15.484 	 248.839
FHW13121	100.250 	 15.897 	 249.444
FHW13121	100.375 	 15.526 	 247.249
FHW13121	100.500 	 15.897 	 249.444
FHW13121	100.625 	 15.649 	 247.249
FHW13121	100.750 	 15.772 	 249.444
FHW13121	100.875 	 15.650 	 247.249
FHW13121	101.000 	 15.483 	 248.839
FHW13121	101.125 	 16.057 	 247.891
FHW13121	101.250 	 15.362 	 248.839
FHW13121	101.375 	 15.897 	 249.444
FHW13121	101.500 	 15.649 	 247.249
FHW13121	101.625 	 15.897 	 249.444
FHW13121	101.750 	 15.526 	 247.249
FHW13121	101.875 	 15.897 	 249.444
FHW13121	102.000 	 15.650 	 247.249
FHW13121	102.125 	 15.772 	 249.444
FHW13121	102.250 	 15.483 	 248.839
FHW13121	102.375 	 16.058 	 247.891
FHW13121	102.500 	 15.483 	 248.839
FHW13121	102.625 	 15.526 	 247.249
FHW13121	102.750 	 15.898 	 249.444
FHW13121	102.875 	 15.649 	 247.249
FHW13121	103.000 	 15.772 	 249.444
FHW13121	103.125 	 15.650 	 247.249
FHW13121	103.250 	 15.897 	 249.444
FHW13121	103.375 	 15.484 	 248.839
FHW13121	103.500 	 15.931 	 247.891
FHW13121	103.625 	 15.483 	 248.839
FHW13121	103.750 	 16.058 	 247.891
FHW13121	103.875 	 15.483 	 248.839
FHW13121	104.000 	 15.526 	 247.249
FHW13121	104.125 	 15.898 	 249.444
FHW13121	104.250 	 15.649 	 247.249
FHW13121	104.375 	 15.772 	 249.444
FHW13121	104.500 	 15.484 	 248.839
FHW13121	104.625 	 16.057 	 247.891
FHW13121	104.750 	 15.483 	 248.839
FHW13121	104.875 	 15.932 	 247.891
FHW13121	105.000 	 15.483 	 248.839
FHW13121	105.125 	 16.057 	 247.890
FHW13121	105.250 	 15.484 	 248.839
FHW13121	105.375 	 15.772 	 249.444
FHW13121	105.500 	 15.649 	 247.249
FHW13121	105.625 	 15.484 	 248.838
FHW13121	105.750 	 15.931 	 247.891
FHW13121	105.875 	 15.483 	 248.839
FHW13121	106.000 	 16.058 	 247.891
FHW13121	106.125 	 15.483 	 248.839
FHW13121	106.250 	 15.931 	 247.890
FHW13121	106.375 	 15.484 	 248.839
FHW13121	106.500 	 15.897 	 249.444
FHW13121	106.625 	 15.649 	 247.249
FHW13121	106.750 	 15.773 	 249.444
FHW13121	106.875 	 15.649 	 247.249
FHW13121	107.000 	 15.897 	 249.444
FHW13121	107.125 	 15.527 	 247.249
FHW13121	107.250 	 15.483 	 248.839
FHW13121	107.375 	 15.896 	 249.444
FHW13121	107.500 	 15.650 	 247.249
FHW13121	107.625 	 15.772 	 249.444
FHW13121	107.750 	 15.649 	 247.249
FHW13121	107.875 	 15.898 	 249.444
FHW13121	108.000 	 15.649 	 247.249
FHW13121	108.125 	 15.772 	 249.444
FHW13121	108.250 	 15.650 	 247.249
FHW13121	108.375 	 15.897 	 249.444
FHW13121	108.500 	 15.361 	 248.839
FHW13121	108.625 	 16.058 	 247.890
FHW13121	108.750 	 15.483 	 248.839
FHW13121	108.875 	 15.650 	 247.249
FHW13121	109.000 	 15.772 	 249.444
FHW13121	109.125 	 15.649 	 247.249
FHW13121	109.250 	 15.898 	 249.445
FHW13121	109.375 	 15.525 	 247.248
FHW13121	109.500 	 15.897 	 249.444
FHW13121	109.625 	 15.484 	 248.839
FHW13121	109.750 	 16.057 	 247.891
FHW13121	109.875 	 15.361 	 248.839
FHW13121	110.000 	 16.058 	 247.890
FHW13121	110.125 	 15.483 	 248.839
FHW13121	110.250 	 15.649 	 247.249
FHW13121	110.375 	 15.773 	 249.445
FHW13121	110.500 	 15.483 	 248.838
FHW13121	110.625 	 16.057 	 247.891
FHW13121	110.750 	 15.362 	 248.839
FHW13121	110.875 	 16.057 	 247.890
FHW13121	111.000 	 15.483 	 248.839
FHW13121	111.125 	 16.058 	 247.890
FHW13121	111.250 	 15.361 	 248.839
FHW13121	111.375 	 16.057 	 247.891
FHW13121	111.500 	 15.484 	 248.839
FHW13121	111.625 	 15.896 	 249.444
FHW13121	111.750 	 15.526 	 247.249
FHW13121	111.875 	 15.484 	 248.839
FHW13121	112.000 	 16.057 	 247.890
FHW13121	112.125 	 15.361 	 248.839
FHW13121	112.250 	 16.058 	 247.890
FHW13121	112.375 	 15.483 	 248.839
FHW13121	112.500 	 16.057 	 247.891
FHW13121	112.625 	 15.362 	 248.839
FHW13121	112.750 	 15.896 	 249.444
FHW13121	112.875 	 15.649 	 247.249
FHW13121	113.000 	 15.897 	 249.444
FHW13121	113.125 	 15.526 	 247.249
FHW13121	113.250 	 15.897 	 249.445
FHW13121	113.375 	 15.649 	 247.248
FHW13121	113.500 	 15.361 	 248.839
FHW13121	113.625 	 15.897 	 249.444
FHW13121	113.750 	 15.650 	 247.249
FHW13121	113.875 	 15.896 	 249.444
FHW13121	114.000 	 15.526 	 247.249
FHW13121	114.125 	 15.897 	 249.444
FHW13121	114.250 	 15.649 	 247.249
FHW13121	114.375 	 15.898 	 249.445
FHW13121	114.500 	 15.525 	 247.248
FHW13121	114.625 	 15.897 	 249.444
FHW13121	114.750 	 15.484 	 248.839
FHW13121	114.875 	 15.526 	 247.249
FHW13121	115.000 	 15.896 	 249.444
FHW13121	115.125 	 15.650 	 247.249
FHW13121	115.250 	 15.896 	 249.444
FHW13121	115.375 	 15.526 	 247.249
FHW13121	115.500 	 15.898 	 249.445
FHW13121	115.625 	 15.648 	 247.248
FHW13121	115.750 	 15.772 	 249.444
FHW13121	115.875 	 15.484 	 248.839
FHW13121	116.000 	 16.057 	 247.890
FHW13121	116.125 	 15.483 	 248.839
FHW13121	116.250 	 15.932 	 247.891
FHW13121	116.375 	 15.483 	 248.838
FHW13121	116.500 	 21.733 	 248.429
FHW13121	116.625 	 22.127 	 248.875
FHW13121	116.750 	 22.460 	 247.751
FHW13121	116.875 	 21.733 	 248.429
FHW13121	117.000 	 22.127 	 248.875
FHW13121	117.125 	 22.129 	 248.875
FHW13121	117.250 	 21.733 	 248.429
FHW13121	117.375 	 22.301 	 248.875
FHW13121	117.500 	 22.286 	 247.751
FHW13121	117.625 	 21.733 	 248.428
FHW13121	117.750 	 22.128 	 248.876
FHW13121	117.875 	 22.302 	 248.875
FHW13121	118.000 	 21.733 	 248.429
FHW13121	118.125 	 22.284 	 247.751
FHW13121	118.250 	 22.129 	 248.876
FHW13121	118.375 	 21.731 	 248.428
FHW13121	118.500 	 22.303 	 248.875
FHW13121	118.625 	 22.129 	 248.875
FHW13121	118.750 	 21.894 	 247.286
FHW13121	118.875 	 22.127 	 248.875
FHW13121	119.000 	 22.303 	 248.875
FHW13121	119.125 	 21.733 	 248.428
FHW13121	119.250 	 22.128 	 248.876
FHW13121	119.375 	 22.285 	 247.751
FHW13121	119.500 	 21.732 	 248.429
FHW13121	119.625 	 22.302 	 248.875
FHW13121	119.750 	 22.129 	 248.875
FHW13121	119.875 	 21.732 	 248.429
FHW13121	120.000 	 22.129 	 248.876
FHW13121	120.125 	 22.460 	 247.751
FHW13121	120.250 	 21.732 	 248.429
FHW13121	120.375 	 22.129 	 248.875
FHW13121	120.500 	 22.129 	 248.875
FHW13121	120.625 	 21.732 	 248.429
FHW13121	120.750 	 22.460 	 247.751
FHW13121	120.875 	 22.129 	 248.876
FHW13121	121.000 	 21.732 	 248.429
FHW13121	121.125 	 22.129 	 248.875
FHW13121	121.250 	 22.302 	 248.875
FHW13121	121.375 	 21.892 	 247.286
FHW13121	121.500 	 22.129 	 248.875
FHW13121	121.625 	 22.129 	 248.876
FHW13121	121.750 	 21.732 	 248.429
FHW13121	121.875 	 22.302 	 248.875
FHW13121	122.000 	 22.129 	 248.875
FHW13121	122.125 	 21.892 	 247.286
FHW13121	122.250 	 22.129 	 248.875
FHW13121	122.375 	 22.303 	 248.875
FHW13121	122.500 	 21.731 	 248.428
FHW13121	122.625 	 22.129 	 248.876
FHW13121	122.750 	 22.285 	 247.751
FHW13121	122.875 	 21.732 	 248.429
FHW13121	123.000 	 22.302 	 248.875
FHW13121	123.125 	 22.129 	 248.875
FHW13121	123.250 	 21.732 	 248.428
FHW13121	123.375 	 22.286 	 247.752
FHW13121	123.500 	 22.129 	 248.875
FHW13121	123.625 	 21.903 	 248.429
FHW13121	123.750 	 22.129 	 248.875
FHW13121	123.875 	 22.129 	 248.875
FHW13121	124.000 	 21.732 	 248.429
FHW13121	124.125 	 22.460 	 247.751
FHW13121	124.250 	 22.129 	 248.875
FHW13121	124.375 	 21.732 	 248.429
FHW13121	124.500 	 22.129 	 248.875
FHW13121	124.625 	 22.129 	 248.875
FHW13121	124.750 	 22.064 	 247.286
FHW13121	124.875 	 22.129 	 248.875
FHW13121	125.000 	 22.129 	 248.875
FHW13121	125.125 	 21.732 	 248.429
FHW13121	125.250 	 22.302 	 248.875
FHW13121	125.375 	 22.285 	 247.751
FHW13121	125.500 	 21.732 	 248.429
FHW13121	125.625 	 22.129 	 248.875
FHW13121	125.750 	 22.129 	 248.875
FHW13121	125.875 	 21.903 	 248.429
FHW13121	126.000 	 22.129 	 248.875
FHW13121	126.125 	 22.285 	 247.751
FHW13121	126.250 	 21.732 	 248.429
FHW13121	126.375 	 22.302 	 248.875
FHW13121	126.500 	 22.129 	 248.876
FHW13121	126.625 	 21.732 	 248.428
FHW13121	126.750 	 22.286 	 247.751
FHW13121	126.875 	 22.129 	 248.875
FHW13121	127.000 	 21.903 	 248.429
FHW13121	127.125 	 22.129 	 248.875
FHW13121	127.250 	 22.129 	 248.876
FHW13121	127.375 	 21.892 	 247.285
FHW13121	127.500 	 22.303 	 248.876
FHW13121	127.625 	 22.129 	 248.875
FHW13121	127.750 	 21.732 	 248.429
FHW13121	127.875 	 22.129 	 248.875
FHW13121	128.000 	 22.285 	 247.751
FHW13121	128.125 	 21.903 	 248.429
FHW13121	128.250 	 22.129 	 248.876
FHW13121	128.375 	 22.129 	 248.875
FHW13121	128.500 	 21.732 	 248.429
FHW13121	128.625 	 22.302 	 248.875
FHW13121	128.750 	 22.285 	 247.751
FHW13121	128.875 	 21.732 	 248.429
FHW13121	129.000 	 22.129 	 248.875
FHW13121	129.125 	 22.129 	 248.875
FHW13121	129.250 	 21.903 	 248.429
FHW13121	129.375 	 22.285 	 247.751
FHW13121	129.500 	 22.129 	 248.875
FHW13121	129.625 	 21.732 	 248.429
FHW13121	129.750 	 22.302 	 248.875
FHW13121	129.875 	 22.129 	 248.875
FHW13121	130.000 	 21.892 	 247.286
FHW13121	130.125 	 22.127 	 248.875
FHW13121	130.250 	 22.129 	 248.875
FHW13121	130.375 	 21.906 	 248.429
FHW13121	130.500 	 22.126 	 248.875
FHW13121	130.625 	 22.129 	 248.875
FHW13121	130.750 	 21.893 	 247.286
FHW13121	130.875 	 22.129 	 248.875
FHW13121	131.000 	 22.301 	 248.875
FHW13121	131.125 	 21.733 	 248.429
FHW13121	131.250 	 22.129 	 248.875
FHW13121	131.375 	 22.286 	 247.752
FHW13121	131.500 	 21.903 	 248.428
FHW13121	131.625 	 22.129 	 248.875
FHW13121	131.750 	 22.129 	 248.875
FHW13121	131.875 	 21.733 	 248.429
FHW13121	132.000 	 22.283 	 247.751
FHW13121	132.125 	 22.304 	 248.876
FHW13121	132.250 	 21.733 	 248.428
FHW13121	132.375 	 22.127 	 248.876
FHW13121	132.500 	 22.129 	 248.875
FHW13121	132.625 	 22.304 	 248.875
FHW13121	132.750 	 21.891 	 247.286
FHW13121	132.875 	 22.129 	 248.875
FHW13121	133.000 	 22.129 	 248.876
FHW13121	133.125 	 21.733 	 248.429
FHW13121	133.250 	 22.301 	 248.875
FHW13121	133.375 	 22.285 	 247.751
FHW13121	133.500 	 21.733 	 248.429
FHW13121	133.625 	 22.129 	 248.875
FHW13121	133.750 	 22.301 	 248.875
FHW13121	133.875 	 21.733 	 248.428
FHW13121	134.000 	 22.286 	 247.752
FHW13121	134.125 	 22.129 	 248.875
FHW13121	134.250 	 21.730 	 248.428
FHW13121	134.375 	 22.304 	 248.876
FHW13121	134.500 	 22.128 	 248.874
FHW13121	134.625 	 21.891 	 247.287
FHW13121	134.750 	 23.820 	 249.044
FHW13121	134.875 	 28.677 	 248.552
FHW13121	135.000 	 28.899 	 248.552
FHW13121	135.125 	 28.827 	 247.672
FHW13121	135.250 	 28.523 	 248.198
FHW13121	135.375 	 28.678 	 248.553
FHW13121	135.500 	 28.896 	 248.552
FHW13121	135.625 	 28.826 	 247.671
FHW13121	135.750 	 28.899 	 248.552
FHW13121	135.875 	 28.677 	 248.552
FHW13121	136.000 	 28.896 	 248.552
FHW13121	136.125 	 28.826 	 247.671
FHW13121	136.250 	 28.899 	 248.552
FHW13121	136.375 	 28.900 	 248.553
FHW13121	136.500 	 28.302 	 248.198
FHW13121	136.625 	 29.047 	 247.672
FHW13121	136.750 	 28.677 	 248.552
FHW13121	136.875 	 28.899 	 248.552
FHW13121	137.000 	 28.677 	 248.552
FHW13121	137.125 	 29.046 	 247.671
FHW13121	137.250 	 28.677 	 248.552
FHW13121	137.375 	 28.899 	 248.552
FHW13121	137.500 	 28.677 	 248.552
FHW13121	137.625 	 28.677 	 247.306
FHW13121	137.750 	 28.677 	 248.552
FHW13121	137.875 	 28.897 	 248.553
FHW13121	138.000 	 28.677 	 248.552
FHW13121	138.125 	 29.049 	 247.671
FHW13121	138.250 	 28.677 	 248.552
FHW13121	138.375 	 28.899 	 248.552
FHW13121	138.500 	 28.677 	 248.552
FHW13121	138.625 	 29.046 	 247.671
FHW13121	138.750 	 28.677 	 248.552
FHW13121	138.875 	 28.524 	 248.198
FHW13121	139.000 	 28.677 	 248.552
FHW13121	139.125 	 28.897 	 248.553
FHW13121	139.250 	 28.826 	 247.671
FHW13121	139.375 	 28.899 	 248.552
FHW13121	139.500 	 28.677 	 248.552
FHW13121	139.625 	 28.899 	 248.552
FHW13121	139.750 	 28.826 	 247.671
FHW13121	139.875 	 28.896 	 248.552
FHW13121	140.000 	 28.677 	 248.552
FHW13121	140.125 	 28.524 	 248.199
FHW13121	140.250 	 29.046 	 247.671
FHW13121	140.375 	 28.678 	 248.553
FHW13121	140.500 	 28.899 	 248.552
FHW13121	140.625 	 28.677 	 248.552
FHW13121	140.750 	 29.049 	 247.671
FHW13121	140.875 	 28.677 	 248.552
FHW13121	141.000 	 28.896 	 248.552
FHW13121	141.125 	 28.677 	 248.552
FHW13121	141.250 	 29.049 	 247.671
FHW13121	141.375 	 28.303 	 248.199
FHW13121	141.500 	 28.896 	 248.552
FHW13121	141.625 	 28.681 	 248.553
FHW13121	141.750 	 29.046 	 247.671
FHW13121	141.875 	 28.677 	 248.552
FHW13121	142.000 	 28.899 	 248.552
FHW13121	142.125 	 28.677 	 248.552
FHW13121	142.250 	 29.046 	 247.671
FHW13121	142.375 	 28.677 	 248.552
FHW13121	142.500 	 28.899 	 248.552
FHW13121	142.625 	 28.303 	 248.199
FHW13121	142.750 	 29.049 	 247.671
FHW13121	142.875 	 28.678 	 248.553
FHW13121	143.000 	 28.896 	 248.552
FHW13121	143.125 	 28.677 	 248.552
FHW13121	143.250 	 29.049 	 247.671
FHW13121	143.375 	 28.677 	 248.552
FHW13121	143.500 	 28.896 	 248.552
FHW13121	143.625 	 28.677 	 248.552
FHW13121	143.750 	 29.049 	 247.671
FHW13121	143.875 	 28.303 	 248.199
FHW13121	144.000 	 28.899 	 248.552
FHW13121	144.125 	 28.678 	 248.553
FHW13121	144.250 	 29.046 	 247.671
FHW13121	144.375 	 28.899 	 248.552
FHW13121	144.500 	 28.677 	 248.552
FHW13121	144.625 	 28.896 	 248.552
FHW13121	144.750 	 28.826 	 247.671
FHW13121	144.875 	 28.899 	 248.552
FHW13121	145.000 	 28.677 	 248.552
FHW13121	145.125 	 28.524 	 248.198
FHW13121	145.250 	 28.677 	 248.552
FHW13121	145.375 	 29.047 	 247.672
FHW13121	145.500 	 28.677 	 248.552
FHW13121	145.625 	 28.899 	 248.552
FHW13121	145.750 	 28.677 	 248.552
FHW13121	145.875 	 29.049 	 247.671
FHW13121	146.000 	 28.677 	 248.552
FHW13121	146.125 	 28.896 	 248.552
FHW13121	146.250 	 28.677 	 248.552
FHW13121	146.375 	 28.677 	 247.306
FHW13121	146.500 	 28.677 	 248.552
FHW13121	146.625 	 28.896 	 248.552
FHW13121	146.750 	 28.678 	 248.553
FHW13121	146.875 	 29.049 	 247.671
FHW13121	147.000 	 28.677 	 248.552
FHW13121	147.125 	 28.899 	 248.552
FHW13121	147.250 	 28.677 	 248.552
FHW13121	147.375 	 29.046 	 247.671
FHW13121	147.500 	 28.677 	 248.552
FHW13121	147.625 	 28.524 	 248.199
FHW13121	147.750 	 28.677 	 248.552
FHW13121	147.875 	 29.046 	 247.671
FHW13121	148.000 	 28.678 	 248.553
FHW13121	148.125 	 28.899 	 248.553
FHW13121	148.250 	 28.677 	 248.552
FHW13121	148.375 	 29.049 	 247.671
FHW13121	148.500 	 28.896 	 248.552
FHW13121	148.625 	 28.677 	 248.552
FHW13121	148.750 	 28.899 	 248.553
FHW13121	148.875 	 28.456 	 247.306
FHW13121	149.000 	 28.896 	 248.553
FHW13121	149.125 	 28.680 	 248.552
FHW13121	149.250 	 28.897 	 248.553
FHW13121	149.375 	 28.826 	 247.671
FHW13121	149.500 	 28.899 	 248.552
FHW13121	149.625 	 28.677 	 248.553
FHW13121	149.750 	 28.896 	 248.552
FHW13121	149.875 	 28.826 	 247.671
FHW13121	150.000 	 28.899 	 248.552
FHW13121	150.125 	 28.303 	 248.198
FHW13121	150.250 	 28.899 	 248.553
FHW13121	150.375 	 28.826 	 247.671
FHW13121	150.500 	 28.897 	 248.553
FHW13121	150.625 	 28.677 	 248.552
FHW13121	150.750 	 28.899 	 248.553
FHW13121	150.875 	 28.826 	 247.671
FHW13121	151.000 	 28.896 	 248.553
FHW13121	151.125 	 28.677 	 248.552
FHW13121	151.250 	 28.899 	 248.552
FHW13121	151.375 	 28.456 	 247.307
FHW13121	151.500 	 28.899 	 248.552
FHW13121	151.625 	 28.677 	 248.553
FHW13121	151.750 	 28.897 	 248.553
FHW13121	151.875 	 28.677 	 248.552
FHW13121	152.000 	 29.049 	 247.671
FHW13121	152.125 	 28.677 	 248.552
FHW13121	152.250 	 28.896 	 248.553
FHW13121	152.375 	 28.680 	 248.552
FHW13121	152.500 	 29.046 	 247.671
FHW13121	152.625 	 28.524 	 248.198
FHW13121	152.750 	 28.677 	 248.552
FHW13121	152.875 	 30.165 	 247.521
FHW13121	153.000 	 33.592 	 247.890
FHW13121	153.125 	 33.137 	 246.802
FHW13121	153.250 	 33.592 	 247.890
FHW13121	153.375 	 32.988 	 247.574
FHW13121	153.500 	 33.386 	 246.802
FHW13121	153.625 	 33.342 	 247.891
FHW13121	153.750 	 33.386 	 246.801
FHW13121	153.875 	 33.237 	 247.574
FHW13121	154.000 	 33.487 	 247.126
FHW13121	154.125 	 33.238 	 247.575
FHW13121	154.250 	 33.487 	 247.126
FHW13121	154.375 	 33.237 	 247.574
FHW13121	154.500 	 33.386 	 246.802
FHW13121	154.625 	 33.342 	 247.891
FHW13121	154.750 	 33.386 	 246.801
FHW13121	154.875 	 33.342 	 247.890
FHW13121	155.000 	 33.237 	 247.574
FHW13121	155.125 	 33.137 	 246.802
FHW13121	155.250 	 33.592 	 247.891
FHW13121	155.375 	 33.390 	 246.801
FHW13121	155.500 	 33.339 	 247.891
FHW13121	155.625 	 33.390 	 246.801
FHW13121	155.750 	 32.984 	 247.574
FHW13121	155.875 	 33.742 	 247.126
FHW13121	156.000 	 32.985 	 247.575
FHW13121	156.125 	 33.742 	 247.126
FHW13121	156.250 	 33.237 	 247.574
FHW13121	156.375 	 33.137 	 246.802
FHW13121	156.500 	 33.593 	 247.891
FHW13121	156.625 	 32.988 	 247.574
FHW13121	156.750 	 33.738 	 247.126
FHW13121	156.875 	 33.237 	 247.574
FHW13121	157.000 	 33.137 	 246.802
FHW13121	157.125 	 33.592 	 247.890
FHW13121	157.250 	 33.137 	 246.801
FHW13121	157.375 	 33.593 	 247.891
FHW13121	157.500 	 33.137 	 246.802
FHW13121	157.625 	 33.237 	 247.574
FHW13121	157.750 	 33.738 	 247.126
FHW13121	157.875 	 32.988 	 247.574
FHW13121	158.000 	 33.593 	 247.891
FHW13121	158.125 	 33.137 	 246.802
FHW13121	158.250 	 33.237 	 247.574
FHW13121	158.375 	 33.488 	 247.126
FHW13121	158.500 	 33.237 	 247.574
FHW13121	158.625 	 33.738 	 247.126
FHW13121	158.750 	 32.988 	 247.574
FHW13121	158.875 	 33.386 	 246.801
FHW13121	159.000 	 33.342 	 247.891
FHW13121	159.125 	 36.960 	 246.502
FHW13121	159.250 	 36.472 	 246.903
FHW13121	159.375 	 36.956 	 246.502
FHW13121	159.500 	 36.816 	 247.203
FHW13121	159.625 	 36.956 	 246.502
FHW13121	159.750 	 36.816 	 247.203
FHW13121	159.875 	 36.956 	 246.502
FHW13121	160.000 	 36.812 	 247.203
FHW13121	160.125 	 36.623 	 246.194
FHW13121	160.250 	 36.812 	 247.203
FHW13121	160.375 	 36.960 	 246.502
FHW13121	160.500 	 36.812 	 247.203
FHW13121	160.625 	 36.956 	 246.502
FHW13121	160.750 	 36.816 	 247.203
FHW13121	160.875 	 36.956 	 246.502
FHW13121	161.000 	 36.477 	 246.903
FHW13121	161.125 	 36.956 	 246.502
FHW13121	161.250 	 36.812 	 247.203
FHW13121	161.375 	 36.960 	 246.502
FHW13121	161.500 	 36.811 	 247.203
FHW13121	161.625 	 36.960 	 246.502
FHW13121	161.750 	 36.812 	 247.203
FHW13121	161.875 	 36.472 	 246.904
FHW13121	162.000 	 36.960 	 246.501
FHW13121	162.125 	 36.811 	 247.203
FHW13121	162.250 	 36.960 	 246.501
FHW13121	162.375 	 36.812 	 247.204
FHW13121	162.500 	 36.956 	 246.501
FHW13121	162.625 	 36.816 	 247.204
FHW13121	162.750 	 36.620 	 246.194
FHW13121	162.875 	 36.815 	 247.203
FHW13121	163.000 	 36.956 	 246.501
FHW13121	163.125 	 36.812 	 247.204
FHW13121	163.250 	 36.960 	 246.501
FHW13121	163.375 	 36.812 	 247.204
FHW13121	163.500 	 36.685 	 246.501
FHW13121	163.625 	 36.472 	 246.903
FHW13121	163.750 	 36.960 	 246.501
FHW13121	163.875 	 36.812 	 247.204
FHW13121	164.000 	 36.960 	 246.501
FHW13121	164.125 	 36.812 	 247.204
FHW13121	164.250 	 36.956 	 246.502
FHW13121	164.375 	 36.816 	 247.203
FHW13121	164.500 	 36.955 	 246.501
FHW13121	164.625 	 36.477 	 246.903
FHW13121	164.750 	 36.956 	 246.502
FHW13121	164.875 	 36.812 	 247.203
FHW13121	165.000 	 36.960 	 246.502
FHW13121	165.125 	 36.812 	 247.203
FHW13121	165.250 	 36.960 	 246.501
FHW13121	165.375 	 36.812 	 247.203
FHW13121	165.500 	 36.620 	 246.195
FHW13121	165.625 	 36.816 	 247.203
FHW13121	165.750 	 36.956 	 246.502
FHW13121	165.875 	 36.816 	 247.203
FHW13121	166.000 	 36.955 	 246.501
FHW13121	166.125 	 36.812 	 247.203
FHW13121	166.250 	 36.960 	 246.502
FHW13121	166.375 	 36.473 	 246.903
FHW13121	166.500 	 36.960 	 246.502
FHW13121	166.625 	 36.811 	 247.203
FHW13121	166.750 	 36.956 	 246.502
FHW13121	166.875 	 36.816 	 247.203
FHW13121	167.000 	 36.956 	 246.502
FHW13121	167.125 	 36.816 	 247.203
FHW13121	167.250 	 36.620 	 246.195
FHW13121	167.375 	 36.812 	 247.203
FHW13121	167.500 	 36.960 	 246.502
FHW13121	167.625 	 36.812 	 247.203
FHW13121	167.750 	 36.960 	 246.502
FHW13121	167.875 	 36.811 	 247.202
FHW13121	168.000 	 36.956 	 246.502
FHW13121	168.125 	 36.477 	 246.903
FHW13121	168.250 	 36.956 	 246.502
FHW13121	168.375 	 36.816 	 247.203
FHW13121	168.500 	 36.956 	 246.502
FHW13121	168.625 	 36.541 	 247.203
FHW13121	168.750 	 36.956 	 246.502
FHW13121	168.875 	 36.816 	 247.203
FHW13121	169.000 	 36.620 	 246.195
FHW13121	169.125 	 36.812 	 247.203
FHW13121	169.250 	 36.959 	 246.501
FHW13121	169.375 	 36.812 	 247.203
FHW13121	169.500 	 36.816 	 247.203
FHW13121	169.625 	 36.956 	 246.502
FHW13121	169.750 	 36.812 	 247.203
FHW13121	169.875 	 36.624 	 246.195
FHW13121	170.000 	 36.812 	 247.203
FHW13121	170.125 	 36.960 	 246.502
FHW13121	170.250 	 36.812 	 247.203
FHW13121	170.375 	 36.956 	 246.502
FHW13121	170.500 	 36.816 	 247.203
FHW13121	170.625 	 36.956 	 246.502
FHW13121	170.750 	 36.475 	 246.902
FHW13121	170.875 	 36.956 	 246.502
FHW13121	171.000 	 36.812 	 247.204
FHW13121	171.125 	 36.960 	 246.501
FHW13121	171.250 	 36.812 	 247.204
FHW13121	171.375 	 36.960 	 246.501
FHW13121	171.500 	 36.812 	 247.204
FHW13121	171.625 	 42.457 	 246.175
FHW13121	171.750 	 42.943 	 247.068
FHW13121	171.875 	 43.074 	 246.714
FHW13121	172.000 	 43.076 	 246.448
FHW13121	172.125 	 42.633 	 247.068
FHW13121	172.250 	 43.076 	 246.447
FHW13121	172.375 	 43.383 	 246.715
FHW13121	172.500 	 42.766 	 246.447
FHW13121	172.625 	 42.943 	 247.068
FHW13121	172.750 	 43.076 	 246.447
FHW13121	172.875 	 43.073 	 246.715
FHW13121	173.000 	 42.943 	 247.068
FHW13121	173.125 	 43.076 	 246.447
FHW13121	173.250 	 42.767 	 246.449
FHW13121	173.375 	 43.252 	 247.328
FHW13121	173.500 	 43.076 	 246.447
FHW13121	173.625 	 42.766 	 246.447
FHW13121	173.750 	 42.944 	 247.069
FHW13121	173.875 	 43.081 	 246.448
FHW13121	174.000 	 43.068 	 246.713
FHW13121	174.125 	 42.943 	 247.068
FHW13121	174.250 	 43.082 	 246.449
FHW13121	174.375 	 42.761 	 246.447
FHW13121	174.500 	 43.387 	 246.714
FHW13121	174.625 	 42.630 	 247.069
FHW13121	174.750 	 43.081 	 246.447
FHW13121	174.875 	 43.076 	 246.447
FHW13121	175.000 	 42.938 	 247.328
FHW13121	175.125 	 43.082 	 246.449
FHW13121	175.250 	 43.076 	 246.447
FHW13121	175.375 	 42.633 	 247.068
FHW13121	175.500 	 43.382 	 246.714
FHW13121	175.625 	 43.077 	 246.448
FHW13121	175.750 	 42.633 	 247.068
FHW13121	175.875 	 43.076 	 246.447
FHW13121	176.000 	 43.383 	 246.715
FHW13121	176.125 	 42.633 	 247.068
FHW13121	176.250 	 43.076 	 246.447
FHW13121	176.375 	 43.076 	 246.448
FHW13121	176.500 	 43.074 	 246.714
FHW13121	176.625 	 42.943 	 247.068
FHW13121	176.750 	 42.766 	 246.448
FHW13121	176.875 	 43.076 	 246.447
FHW13121	177.000 	 43.253 	 247.329
FHW13121	177.125 	 42.766 	 246.447
FHW13121	177.250 	 43.076 	 246.448
FHW13121	177.375 	 42.943 	 247.068
FHW13121	177.500 	 42.767 	 246.448
FHW13121	177.625 	 43.382 	 246.714
FHW13121	177.750 	 42.948 	 247.068
FHW13121	177.875 	 42.761 	 246.447
FHW13121	178.000 	 43.082 	 246.448
FHW13121	178.125 	 43.252 	 247.328
FHW13121	178.250 	 42.761 	 246.448
FHW13121	178.375 	 43.081 	 246.447
FHW13121	178.500 	 43.077 	 246.449
FHW13121	178.625 	 42.942 	 247.328
FHW13121	178.750 	 43.076 	 246.447
FHW13121	178.875 	 43.077 	 246.448
FHW13121	179.000 	 42.633 	 247.068
FHW13121	179.125 	 43.382 	 246.714
FHW13121	179.250 	 42.766 	 246.447
FHW13121	179.375 	 42.944 	 247.069
FHW13121	179.500 	 43.076 	 246.448
FHW13121	179.625 	 43.072 	 246.713
FHW13121	179.750 	 42.943 	 247.068
FHW13121	179.875 	 43.077 	 246.449
FHW13121	180.000 	 42.766 	 246.447
FHW13121	180.125 	 43.382 	 246.713
FHW13121	180.250 	 42.944 	 247.069
FHW13121	180.375 	 42.766 	 246.448
FHW13121	180.500 	 43.076 	 246.447
FHW13121	180.625 	 43.252 	 247.328
FHW13121	180.750 	 42.767 	 246.449
FHW13121	180.875 	 43.076 	 246.447
FHW13121	181.000 	 42.948 	 247.068
FHW13121	181.125 	 42.761 	 246.447
FHW13121	181.250 	 43.388 	 246.715
FHW13121	181.375 	 42.629 	 247.068
FHW13121	181.500 	 43.076 	 246.447
FHW13121	181.625 	 43.081 	 246.448
FHW13121	181.750 	 42.939 	 247.329
FHW13121	181.875 	 43.081 	 246.447
FHW13121	182.000 	 43.076 	 246.447
FHW13121	182.125 	 42.761 	 246.448
FHW13121	182.250 	 43.258 	 247.329
FHW13121	182.375 	 43.076 	 246.447
FHW13121	182.500 	 42.766 	 246.447
FHW13121	182.625 	 42.944 	 247.069
FHW13121	182.750 	 43.382 	 246.713
FHW13121	182.875 	 42.766 	 246.447
FHW13121	183.000 	 42.943 	 247.068
FHW13121	183.125 	 43.077 	 246.448
FHW13121	183.250 	 43.072 	 246.713
FHW13121	183.375 	 42.943 	 247.068
FHW13121	183.500 	 43.076 	 246.447
FHW13121	183.625 	 42.767 	 246.448
FHW13121	183.750 	 43.252 	 247.329
FHW13121	183.875 	 42.766 	 246.447
FHW13121	184.000 	 43.077 	 246.448
FHW13121	184.125 	 43.076 	 246.447
FHW13121	184.250 	 42.942 	 247.329
FHW13121	184.375 	 43.076 	 246.447
FHW13121	184.500 	 43.082 	 246.448
FHW13121	184.625 	 42.628 	 247.068
FHW13121	184.750 	 43.382 	 246.713
FHW13121	184.875 	 43.081 	 246.447
FHW13121	185.000 	 42.630 	 247.069
FHW13121	185.125 	 43.081 	 246.447
FHW13121	185.250 	 43.076 	 246.447
FHW13121	185.375 	 42.939 	 247.329
FHW13121	185.500 	 43.080 	 246.448
FHW13121	185.625 	 43.076 	 246.447
FHW13121	185.750 	 42.633 	 247.067
FHW13121	185.875 	 43.383 	 246.715
FHW13121	186.000 	 42.766 	 246.447
FHW13121	186.125 	 43.076 	 246.447
FHW13121	186.250 	 42.943 	 247.067
FHW13121	186.375 	 43.073 	 246.715
FHW13121	186.500 	 43.076 	 246.447
FHW13121	186.625 	 42.943 	 247.067
FHW13121	186.750 	 42.766 	 246.448
FHW13121	186.875 	 43.384 	 246.714
FHW13121	187.000 	 42.943 	 247.067
FHW13121	187.125 	 42.766 	 246.448
FHW13121	187.250 	 43.076 	 246.447
FHW13121	187.375 	 43.254 	 247.329
FHW13121	187.500 	 42.766 	 246.447
FHW13121	187.625 	 43.076 	 246.448
FHW13121	187.750 	 42.948 	 247.067
FHW13121	187.875 	 43.069 	 246.714
FHW13121	188.000 	 43.076 	 246.448
FHW13121	188.125 	 43.081 	 246.447
FHW13121	188.250 	 42.630 	 247.068
FHW13121	188.375 	 43.387 	 246.713
FHW13121	188.500 	 42.761 	 246.448
FHW13121	188.625 	 42.943 	 247.067
FHW13121	188.750 	 43.082 	 246.448
FHW13121	188.875 	 42.761 	 246.448
FHW13121	189.000 	 43.257 	 247.328
FHW13121	189.125 	 43.076 	 246.447
FHW13121	189.250 	 42.767 	 246.448
FHW13121	189.375 	 42.943 	 247.068
FHW13121	189.500 	 43.382 	 246.713
FHW13121	189.625 	 42.767 	 246.448
FHW13121	189.750 	 42.943 	 247.068
FHW13121	189.875 	 43.076 	 246.447
FHW13121	190.000 	 43.072 	 246.713
FHW13121	190.125 	 43.077 	 246.449
FHW13121	190.250 	 50.775 	 246.878
FHW13121	190.375 	 51.245 	 246.336
FHW13121	190.500 	 50.776 	 246.879
FHW13121	190.625 	 50.885 	 246.337
FHW13121	190.750 	 50.508 	 246.645
FHW13121	190.875 	 50.769 	 246.878
FHW13121	191.000 	 50.891 	 246.337
FHW13121	191.125 	 50.776 	 246.879
FHW13121	191.250 	 50.885 	 246.337
FHW13121	191.375 	 50.507 	 246.644
FHW13121	191.500 	 50.891 	 246.337
FHW13121	191.625 	 50.770 	 246.879
FHW13121	191.750 	 50.891 	 246.337
FHW13121	191.875 	 50.776 	 246.879
FHW13121	192.000 	 50.885 	 246.336
FHW13121	192.125 	 50.507 	 246.644
FHW13121	192.250 	 50.776 	 246.879
FHW13121	192.375 	 50.885 	 246.337
FHW13121	192.500 	 50.776 	 246.879
FHW13121	192.625 	 50.891 	 246.337
FHW13121	192.750 	 50.501 	 246.644
FHW13121	192.875 	 51.250 	 246.337
FHW13121	193.000 	 50.770 	 246.879
FHW13121	193.125 	 50.891 	 246.337
FHW13121	193.250 	 50.769 	 246.878
FHW13121	193.375 	 50.891 	 246.337
FHW13121	193.500 	 50.508 	 246.645
FHW13121	193.625 	 50.770 	 246.879
FHW13121	193.750 	 50.891 	 246.336
FHW13121	193.875 	 50.775 	 246.878
FHW13121	194.000 	 50.885 	 246.337
FHW13121	194.125 	 50.508 	 246.645
FHW13121	194.250 	 50.891 	 246.337
FHW13121	194.375 	 50.769 	 246.878
FHW13121	194.500 	 50.891 	 246.337
FHW13121	194.625 	 50.776 	 246.879
FHW13121	194.750 	 50.885 	 246.337
FHW13121	194.875 	 50.508 	 246.645
FHW13121	195.000 	 50.775 	 246.878
FHW13121	195.125 	 50.885 	 246.337
FHW13121	195.250 	 50.776 	 246.879
FHW13121	195.375 	 51.245 	 246.336
FHW13121	195.500 	 50.508 	 246.645
FHW13121	195.625 	 50.884 	 246.336
FHW13121	195.750 	 50.776 	 246.879
FHW13121	195.875 	 50.891 	 246.337
FHW13121	196.000 	 50.770 	 246.879
FHW13121	196.125 	 50.776 	 246.879
FHW13121	196.250 	 50.624 	 246.098
FHW13121	196.375 	 50.770 	 246.879
FHW13121	196.500 	 50.891 	 246.337
FHW13121	196.625 	 50.776 	 246.879
FHW13121	196.750 	 50.885 	 246.337
FHW13121	196.875 	 50.507 	 246.644
FHW13121	197.000 	 50.891 	 246.336
FHW13121	197.125 	 50.770 	 246.879
FHW13121	197.250 	 50.891 	 246.337
FHW13121	197.375 	 50.776 	 246.879
FHW13121	197.500 	 50.501 	 246.644
FHW13121	197.625 	 50.891 	 246.337
FHW13121	197.750 	 51.130 	 246.879
FHW13121	197.875 	 50.891 	 246.337
FHW13121	198.000 	 50.769 	 246.878
FHW13121	198.125 	 50.891 	 246.337
FHW13121	198.250 	 50.508 	 246.645
FHW13121	198.375 	 50.885 	 246.337
FHW13121	198.500 	 50.776 	 246.879
FHW13121	198.625 	 50.890 	 246.335
FHW13121	198.750 	 50.770 	 246.879
FHW13121	198.875 	 50.508 	 246.646
FHW13121	199.000 	 50.891 	 246.336
FHW13121	199.125 	 50.769 	 246.878
FHW13121	199.250 	 50.891 	 246.337
FHW13121	199.375 	 50.776 	 246.879
FHW13121	199.500 	 50.885 	 246.337
FHW13121	199.625 	 50.508 	 246.645
FHW13121	199.750 	 50.890 	 246.336
FHW13121	199.875 	 50.770 	 246.879
FHW13121	200.000 	 50.891 	 246.337
FHW13121	200.125 	 50.776 	 246.879
FHW13121	200.250 	 50.863 	 246.645
FHW13121	200.375 	 50.884 	 246.335
FHW13121	200.500 	 50.776 	 246.880
FHW13121	200.625 	 50.891 	 246.336
FHW13121	200.750 	 50.770 	 246.879
FHW13121	200.875 	 50.891 	 246.337
FHW13121	201.000 	 50.507 	 246.644
FHW13121	201.125 	 50.885 	 246.337
FHW13121	201.250 	 50.776 	 246.879
FHW13121	201.375 	 50.776 	 246.879
FHW13121	201.500 	 50.885 	 246.337
FHW13121	201.625 	 50.507 	 246.644
FHW13121	201.750 	 50.891 	 246.337
FHW13121	201.875 	 50.770 	 246.879
FHW13121	202.000 	 50.891 	 246.336
FHW13121	202.125 	 50.776 	 246.880
FHW13121	202.250 	 50.884 	 246.335
FHW13121	202.375 	 50.508 	 246.645
FHW13121	202.500 	 50.891 	 246.337
FHW13121	202.625 	 50.770 	 246.879
FHW13121	202.750 	 51.129 	 246.878
FHW13121	202.875 	 50.891 	 246.337
FHW13121	203.000 	 50.508 	 246.645
FHW13121	203.125 	 50.885 	 246.337
FHW13121	203.250 	 50.776 	 246.879
FHW13121	203.375 	 50.890 	 246.336
FHW13121	203.500 	 50.770 	 246.879
FHW13121	203.625 	 50.891 	 246.336
FHW13121	203.750 	 50.508 	 246.646
FHW13121	203.875 	 50.884 	 246.335
FHW13121	204.000 	 50.776 	 246.879
FHW13121	204.125 	 50.776 	 246.879
FHW13121	204.250 	 50.885 	 246.337
FHW13121	204.375 	 50.508 	 246.645
FHW13121	204.500 	 50.890 	 246.336
FHW13121	204.625 	 50.770 	 246.879
FHW13121	204.750 	 50.891 	 246.337
FHW13121	204.875 	 50.776 	 246.879
FHW13121	205.000 	 50.620 	 246.098
FHW13121	205.125 	 51.129 	 246.878
FHW13121	205.250 	 50.891 	 246.336
FHW13121	205.375 	 50.776 	 246.880
FHW13121	205.500 	 50.770 	 246.879
FHW13121	205.625 	 50.891 	 246.336
FHW13121	205.750 	 50.507 	 246.644
FHW13121	205.875 	 50.885 	 246.337
FHW13121	206.000 	 50.776 	 246.879
FHW13121	206.125 	 50.891 	 246.337
FHW13121	206.250 	 50.770 	 246.879
FHW13121	206.375 	 50.624 	 246.098
FHW13121	206.500 	 50.776 	 246.879
FHW13121	206.625 	 50.885 	 246.337
FHW13121	206.750 	 50.776 	 246.879
FHW13121	206.875 	 50.776 	 246.879
FHW13121	207.000 	 50.884 	 246.336
FHW13121	207.125 	 50.508 	 246.645
FHW13121	207.250 	 50.891 	 246.336
FHW13121	207.375 	 50.770 	 246.879
FHW13121	207.500 	 50.890 	 246.336
FHW13121	207.625 	 51.130 	 246.879
FHW13121	207.750 	 50.625 	 246.098
FHW13121	207.875 	 50.770 	 246.879
FHW13121	208.000 	 50.776 	 246.879
FHW13121	208.125 	 50.890 	 246.336
FHW13121	208.250 	 50.770 	 246.879
FHW13121	208.375 	 50.891 	 246.337
FHW13121	208.500 	 50.508 	 246.645
FHW13121	208.625 	 50.884 	 246.336
FHW13121	208.750 	 50.776 	 246.879
FHW13121	208.875 	 50.891 	 246.336
FHW13121	209.000 	 50.770 	 246.879
FHW13121	209.125 	 50.625 	 246.098
FHW13121	209.250 	 50.775 	 246.878
FHW13121	209.375 	 50.770 	 246.879
FHW13121	209.500 	 55.898 	 245.419
FHW13121	209.625 	 58.212 	 245.600
FHW13121	209.750 	 57.998 	 245.377
FHW13121	209.875 	 58.605 	 245.600
FHW13121	210.000 	 57.997 	 245.375
FHW13121	210.125 	 58.212 	 245.601
FHW13121	210.250 	 58.711 	 245.113
FHW13121	210.375 	 57.992 	 245.376
FHW13121	210.500 	 58.218 	 245.600
FHW13121	210.625 	 58.605 	 245.601
FHW13121	210.750 	 57.998 	 245.376
FHW13121	210.875 	 58.212 	 245.600
FHW13121	211.000 	 58.705 	 245.113
FHW13121	211.125 	 57.998 	 245.377
FHW13121	211.250 	 58.218 	 245.600
FHW13121	211.375 	 58.605 	 245.600
FHW13121	211.500 	 57.991 	 245.376
FHW13121	211.625 	 58.218 	 245.600
FHW13121	211.750 	 58.488 	 244.885
FHW13121	211.875 	 58.218 	 245.600
FHW13121	212.000 	 58.218 	 245.601
FHW13121	212.125 	 58.386 	 245.376
FHW13121	212.250 	 58.212 	 245.600
FHW13121	212.375 	 58.218 	 245.601
FHW13121	212.500 	 58.100 	 244.885
FHW13121	212.625 	 58.605 	 245.600
FHW13121	212.750 	 58.212 	 245.600
FHW13121	212.875 	 57.997 	 245.376
FHW13121	213.000 	 58.605 	 245.600
FHW13121	213.125 	 58.218 	 245.600
FHW13121	213.250 	 58.094 	 244.885
FHW13121	213.375 	 58.611 	 245.601
FHW13121	213.500 	 58.212 	 245.600
FHW13121	213.625 	 57.998 	 245.376
FHW13121	213.750 	 58.605 	 245.601
FHW13121	213.875 	 57.998 	 245.376
FHW13121	214.000 	 58.312 	 245.113
FHW13121	214.125 	 58.605 	 245.600
FHW13121	214.250 	 57.998 	 245.377
FHW13121	214.375 	 58.218 	 245.600
FHW13121	214.500 	 58.604 	 245.599
FHW13121	214.625 	 57.992 	 245.377
FHW13121	214.750 	 58.318 	 245.113
FHW13121	214.875 	 58.606 	 245.601
FHW13121	215.000 	 57.998 	 245.376
FHW13121	215.125 	 58.212 	 245.601
FHW13121	215.250 	 58.611 	 245.600
FHW13121	215.375 	 57.990 	 245.375
FHW13121	215.500 	 58.318 	 245.113
FHW13121	215.625 	 57.992 	 245.377
FHW13121	215.750 	 58.611 	 245.600
FHW13121	215.875 	 58.212 	 245.600
FHW13121	216.000 	 57.998 	 245.377
FHW13121	216.125 	 58.605 	 245.600
FHW13121	216.250 	 58.318 	 245.113
FHW13121	216.375 	 57.992 	 245.376
FHW13121	216.500 	 58.605 	 245.601
FHW13121	216.625 	 58.218 	 245.600
FHW13121	216.750 	 57.998 	 245.376
FHW13121	216.875 	 58.605 	 245.601
FHW13121	217.000 	 58.312 	 245.113
FHW13121	217.125 	 57.998 	 245.376
FHW13121	217.250 	 58.605 	 245.600
FHW13121	217.375 	 58.218 	 245.601
FHW13121	217.500 	 57.992 	 245.376
FHW13121	217.625 	 58.611 	 245.600
FHW13121	217.750 	 58.094 	 244.885
FHW13121	217.875 	 58.218 	 245.601
FHW13121	218.000 	 58.605 	 245.600
FHW13121	218.125 	 57.996 	 245.375
FHW13121	218.250 	 58.212 	 245.601
FHW13121	218.375 	 58.605 	 245.600
FHW13121	218.500 	 58.100 	 244.885
FHW13121	218.625 	 58.218 	 245.600
FHW13121	218.750 	 58.212 	 245.601
FHW13121	218.875 	 58.386 	 245.376
FHW13121	219.000 	 58.218 	 245.600
FHW13121	219.125 	 58.218 	 245.601
FHW13121	219.250 	 58.488 	 244.885
FHW13121	219.375 	 58.218 	 245.600
FHW13121	219.500 	 57.992 	 245.376
FHW13121	219.625 	 58.605 	 245.601
FHW13121	219.750 	 58.218 	 245.600
FHW13121	219.875 	 57.998 	 245.376
FHW13121	220.000 	 58.705 	 245.113
FHW13121	220.125 	 58.212 	 245.601
FHW13121	220.250 	 57.998 	 245.376
FHW13121	220.375 	 58.605 	 245.600
FHW13121	220.500 	 58.218 	 245.601
FHW13121	220.625 	 57.992 	 245.376
FHW13121	220.750 	 58.711 	 245.113
FHW13121	220.875 	 58.212 	 245.600
FHW13121	221.000 	 57.998 	 245.377
FHW13121	221.125 	 58.605 	 245.600
FHW13121	221.250 	 57.996 	 245.375
FHW13121	221.375 	 58.212 	 245.601
FHW13121	221.500 	 58.705 	 245.113
FHW13121	221.625 	 57.998 	 245.376
FHW13121	221.750 	 58.218 	 245.600
FHW13121	221.875 	 58.605 	 245.601
FHW13121	222.000 	 57.992 	 245.376
FHW13121	222.125 	 58.218 	 245.600
FHW13121	222.250 	 58.218 	 245.601
FHW13121	222.375 	 58.488 	 244.885
FHW13121	222.500 	 58.212 	 245.600
FHW13121	222.625 	 58.218 	 245.600
FHW13121	222.750 	 58.386 	 245.377
FHW13121	222.875 	 58.218 	 245.600
FHW13121	223.000 	 58.212 	 245.600
FHW13121	223.125 	 58.494 	 244.885
FHW13121	223.250 	 58.212 	 245.601
FHW13121	223.375 	 57.998 	 245.376
FHW13121	223.500 	 58.605 	 245.600
FHW13121	223.625 	 58.218 	 245.601
FHW13121	223.750 	 57.992 	 245.376
FHW13121	223.875 	 58.705 	 245.113
FHW13121	224.000 	 58.218 	 245.600
FHW13121	224.125 	 57.996 	 245.375
FHW13121	224.250 	 58.605 	 245.600
FHW13121	224.375 	 58.212 	 245.600
FHW13121	224.500 	 57.998 	 245.377
FHW13121	224.625 	 58.705 	 245.113
FHW13121	224.750 	 58.218 	 245.600
FHW13121	224.875 	 57.992 	 245.376
FHW13121	225.000 	 58.611 	 245.601
FHW13121	225.125 	 57.992 	 245.376
FHW13121	225.250 	 58.218 	 245.600
FHW13121	225.375 	 58.318 	 245.113
FHW13121	225.500 	 58.386 	 245.377
FHW13121	225.625 	 58.212 	 245.600
FHW13121	225.750 	 58.218 	 245.600
FHW13121	225.875 	 58.386 	 245.377
FHW13121	226.000 	 58.218 	 245.600
FHW13121	226.125 	 58.312 	 245.113
FHW13121	226.250 	 58.386 	 245.376
FHW13121	226.375 	 58.218 	 245.601
FHW13121	226.500 	 58.218 	 245.600
FHW13121	226.625 	 58.386 	 245.376
FHW13121	226.750 	 58.218 	 245.601
FHW13121	226.875 	 58.312 	 245.113
FHW13121	227.000 	 58.386 	 245.376
FHW13121	227.125 	 58.218 	 245.601
FHW13121	227.250 	 57.996 	 245.375
FHW13121	227.375 	 58.605 	 245.600
FHW13121	227.500 	 58.212 	 245.600
FHW13121	227.625 	 58.100 	 244.886
FHW13121	227.750 	 58.605 	 245.600
FHW13121	227.875 	 58.218 	 245.600
FHW13121	228.000 	 57.992 	 245.377
FHW13121	228.125 	 58.611 	 245.600
FHW13121	228.250 	 58.212 	 245.600
FHW13121	228.375 	 58.100 	 244.885
FHW13121	228.500 	 58.212 	 245.601
FHW13121	228.625 	 58.611 	 245.600
FHW13121	228.750 	 57.992 	 245.376
FHW13121	228.875 	 58.218 	 245.601
FHW13121	229.000 	 64.404 	 244.798
FHW13121	229.125 	 65.832 	 245.014
FHW13121	229.250 	 65.825 	 245.013
FHW13121	229.375 	 65.912 	 244.559
FHW13121	229.500 	 66.001 	 245.224
FHW13121	229.625 	 65.825 	 245.013
FHW13121	229.750 	 65.912 	 244.559
FHW13121	229.875 	 65.410 	 245.013
FHW13121	230.000 	 65.832 	 245.015
FHW13121	230.125 	 66.073 	 244.771
FHW13121	230.250 	 65.832 	 245.015
FHW13121	230.375 	 65.831 	 245.013
FHW13121	230.500 	 65.825 	 245.013
FHW13121	230.625 	 65.912 	 244.559
FHW13121	230.750 	 65.581 	 245.224
FHW13121	230.875 	 65.832 	 245.014
FHW13121	231.000 	 65.904 	 244.558
FHW13121	231.125 	 65.832 	 245.014
FHW13121	231.250 	 65.831 	 245.013
FHW13121	231.375 	 66.072 	 244.772
FHW13121	231.500 	 65.832 	 245.014
FHW13121	231.625 	 65.409 	 245.014
FHW13121	231.750 	 65.912 	 244.559
FHW13121	231.875 	 65.831 	 245.013
FHW13121	232.000 	 65.995 	 245.226
FHW13121	232.125 	 65.911 	 244.558
FHW13121	232.250 	 65.831 	 245.013
FHW13121	232.375 	 65.826 	 245.014
FHW13121	232.500 	 65.410 	 245.013
FHW13121	232.625 	 66.080 	 244.773
FHW13121	232.750 	 65.831 	 245.013
FHW13121	232.875 	 65.826 	 245.014
FHW13121	233.000 	 65.911 	 244.558
FHW13121	233.125 	 65.831 	 245.013
FHW13121	233.250 	 65.995 	 245.226
FHW13121	233.375 	 65.911 	 244.558
FHW13121	233.500 	 65.411 	 245.014
FHW13121	233.625 	 65.831 	 245.014
FHW13121	233.750 	 65.906 	 244.558
FHW13121	233.875 	 66.000 	 245.226
FHW13121	234.000 	 65.832 	 245.014
FHW13121	234.125 	 65.825 	 245.013
FHW13121	234.250 	 65.911 	 244.558
FHW13121	234.375 	 65.411 	 245.014
FHW13121	234.500 	 66.001 	 245.224
FHW13121	234.625 	 65.912 	 244.559
FHW13121	234.750 	 65.825 	 245.013
FHW13121	234.875 	 65.831 	 245.013
FHW13121	235.000 	 65.912 	 244.559
FHW13121	235.125 	 65.994 	 245.224
FHW13121	235.250 	 65.411 	 245.014
FHW13121	235.375 	 65.911 	 244.558
FHW13121	235.500 	 65.832 	 245.014
FHW13121	235.625 	 65.825 	 245.013
FHW13121	235.750 	 65.831 	 245.013
FHW13121	235.875 	 66.080 	 244.773
FHW13121	236.000 	 65.825 	 245.013
FHW13121	236.125 	 65.411 	 245.014
FHW13121	236.250 	 65.911 	 244.558
FHW13121	236.375 	 65.832 	 245.014
FHW13121	236.500 	 65.994 	 245.226
FHW13121	236.625 	 65.912 	 244.558
FHW13121	236.750 	 65.831 	 245.014
FHW13121	236.875 	 65.825 	 245.013
FHW13121	237.000 	 65.912 	 244.559
FHW13121	237.125 	 65.581 	 245.224
FHW13121	237.250 	 65.832 	 245.014
FHW13121	237.375 	 65.831 	 245.013
FHW13121	237.500 	 65.906 	 244.559
FHW13121	237.625 	 65.831 	 245.013
FHW13121	237.750 	 66.001 	 245.224
FHW13121	237.875 	 65.906 	 244.559
FHW13121	238.000 	 65.410 	 245.013
FHW13121	238.125 	 65.832 	 245.014
FHW13121	238.250 	 66.079 	 244.772
FHW13121	238.375 	 65.826 	 245.014
FHW13121	238.500 	 65.831 	 245.013
FHW13121	238.625 	 65.911 	 244.558
FHW13121	238.750 	 65.826 	 245.014
FHW13121	238.875 	 65.581 	 245.224
FHW13121	239.000 	 65.912 	 244.559
FHW13121	239.125 	 65.831 	 245.013
FHW13121	239.250 	 65.826 	 245.014
FHW13121	239.375 	 65.831 	 245.014
FHW13121	239.500 	 66.079 	 244.770
FHW13121	239.625 	 65.826 	 245.016
FHW13121	239.750 	 65.416 	 245.013
FHW13121	239.875 	 65.906 	 244.559
FHW13121	240.000 	 65.831 	 245.013
FHW13121	240.125 	 65.832 	 245.014
FHW13121	240.250 	 66.072 	 244.772
FHW13121	240.375 	 65.831 	 245.013
FHW13121	240.500 	 65.832 	 245.014
FHW13121	240.625 	 65.904 	 244.558
FHW13121	240.750 	 65.411 	 245.014
FHW13121	240.875 	 66.001 	 245.224
FHW13121	241.000 	 65.832 	 245.014
FHW13121	241.125 	 65.904 	 244.558
FHW13121	241.250 	 65.831 	 245.013
FHW13121	241.375 	 65.832 	 245.014
FHW13121	241.500 	 66.072 	 244.772
FHW13121	241.625 	 65.411 	 245.014
FHW13121	241.750 	 65.831 	 245.013
FHW13121	241.875 	 65.912 	 244.559
FHW13121	242.000 	 65.825 	 245.013
FHW13121	242.125 	 66.001 	 245.224
FHW13121	242.250 	 65.912 	 244.559
FHW13121	242.375 	 65.824 	 245.014
FHW13121	242.500 	 65.417 	 245.014
FHW13121	242.625 	 65.825 	 245.013
FHW13121	242.750 	 66.080 	 244.773
FHW13121	242.875 	 65.831 	 245.013
FHW13121	243.000 	 65.825 	 245.013
FHW13121	243.125 	 65.912 	 244.559
FHW13121	243.250 	 65.831 	 245.013
FHW13121	243.375 	 65.583 	 245.226
FHW13121	243.500 	 65.904 	 244.558
FHW13121	243.625 	 65.832 	 245.014
FHW13121	243.750 	 65.831 	 245.013
FHW13121	243.875 	 65.904 	 244.558
FHW13121	244.000 	 66.002 	 245.226
FHW13121	244.125 	 65.831 	 245.013
FHW13121	244.250 	 65.492 	 244.559
FHW13121	244.375 	 65.825 	 245.013
FHW13121	244.500 	 65.832 	 245.014
FHW13121	244.625 	 66.001 	 245.224
FHW13121	244.750 	 65.906 	 244.559
FHW13121	244.875 	 65.831 	 245.013
FHW13121	245.000 	 65.831 	 245.013
FHW13121	245.125 	 65.906 	 244.559
FHW13121	245.250 	 65.588 	 245.226
FHW13121	245.375 	 65.826 	 245.014
FHW13121	245.500 	 65.911 	 244.558
FHW13121	245.625 	 65.831 	 245.013
FHW13121	245.750 	 65.826 	 245.014
FHW13121	245.875 	 66.079 	 244.772
FHW13121	246.000 	 65.832 	 245.014
FHW13121	246.125 	 65.410 	 245.013
FHW13121	246.250 	 65.826 	 245.014
FHW13121	246.375 	 65.911 	 244.558
FHW13121	246.500 	 66.002 	 245.226
FHW13121	246.625 	 65.825 	 245.013
FHW13121	246.750 	 65.911 	 244.558
FHW13121	246.875 	 65.832 	 245.014
FHW13121	247.000 	 65.410 	 245.013
FHW13121	247.125 	 66.074 	 244.773
FHW13121	247.250 	 65.831 	 245.013
FHW13121	247.375 	 65.832 	 245.014
FHW13121	247.500 	 65.904 	 244.558
FHW13121	247.625 	 65.831 	 245.013
FHW13121	247.750 	 66.002 	 245.226
FHW13121	247.875 	 65.409 	 245.014
FHW13121	248.000 	 65.912 	 244.558
FHW13121	248.125 	 65.824 	 245.014
FHW13121	248.250 	 65.832 	 245.014
FHW13121	248.375 	 66.079 	 244.772
FHW13121	248.500 	 70.357 	 245.395
FHW13121	248.625 	 70.792 	 245.392
FHW13121	248.750 	 70.793 	 245.395
FHW13121	248.875 	 70.856 	 244.955
FHW13121	249.000 	 70.929 	 245.596
FHW13121	249.125 	 70.362 	 245.394
FHW13121	249.250 	 70.856 	 244.955
FHW13121	249.375 	 70.793 	 245.395
FHW13121	249.500 	 70.928 	 245.595
FHW13121	249.625 	 70.793 	 245.395
FHW13121	249.750 	 70.421 	 244.955
FHW13121	249.875 	 70.793 	 245.394
FHW13121	250.000 	 70.928 	 245.595
FHW13121	250.125 	 70.793 	 245.395
FHW13121	250.250 	 70.856 	 244.955
FHW13121	250.375 	 70.362 	 245.394
FHW13121	250.500 	 70.929 	 245.596
FHW13121	250.625 	 70.793 	 245.395
FHW13121	250.750 	 70.856 	 244.955
FHW13121	250.875 	 70.792 	 245.394
FHW13121	251.000 	 70.929 	 245.596
FHW13121	251.125 	 70.421 	 244.953
FHW13121	251.250 	 70.793 	 245.395
FHW13121	251.375 	 70.792 	 245.394
FHW13121	251.500 	 70.793 	 245.395
FHW13121	251.625 	 70.991 	 245.158
FHW13121	251.750 	 70.362 	 245.394
FHW13121	251.875 	 70.793 	 245.395
FHW13121	252.000 	 70.793 	 245.395
FHW13121	252.125 	 70.991 	 245.158
FHW13121	252.250 	 70.792 	 245.394
FHW13121	252.375 	 70.363 	 245.395
FHW13121	252.500 	 70.856 	 244.953
FHW13121	252.625 	 70.929 	 245.596
FHW13121	252.750 	 70.792 	 245.394
FHW13121	252.875 	 70.793 	 245.395
FHW13121	253.000 	 70.856 	 244.955
FHW13121	253.125 	 74.228 	 245.989
FHW13121	253.250 	 74.679 	 245.988
FHW13121	253.375 	 74.235 	 245.989
FHW13121	253.500 	 74.673 	 245.989
FHW13121	253.625 	 74.673 	 245.989
FHW13121	253.750 	 74.235 	 245.989
FHW13121	253.875 	 74.673 	 245.989
FHW13121	254.000 	 74.729 	 245.555
FHW13121	254.125 	 74.228 	 245.989
FHW13121	254.250 	 74.680 	 245.989
FHW13121	254.375 	 74.228 	 245.989
FHW13121	254.500 	 74.568 	 245.794
FHW13121	254.625 	 74.673 	 245.989
FHW13121	254.750 	 74.234 	 245.988
FHW13121	254.875 	 74.673 	 245.989
FHW13121	255.000 	 74.722 	 245.557
FHW13121	255.125 	 74.235 	 245.989
FHW13121	255.250 	 74.680 	 245.989
FHW13121	255.375 	 74.228 	 245.989
FHW13121	255.500 	 74.680 	 245.989
FHW13121	255.625 	 74.673 	 245.989
FHW13121	255.750 	 74.235 	 245.989
FHW13121	255.875 	 74.723 	 245.555
FHW13121	256.000 	 74.673 	 245.989
FHW13121	256.125 	 74.235 	 245.989
FHW13121	256.250 	 74.672 	 245.988
FHW13121	256.375 	 74.568 	 245.794
FHW13121	256.500 	 74.228 	 245.989
FHW13121	256.625 	 74.680 	 245.989
FHW13121	256.750 	 74.235 	 245.989
FHW13121	256.875 	 74.722 	 245.557
FHW13121	257.000 	 74.673 	 245.989
FHW13121	257.125 	 74.235 	 245.989
FHW13121	257.250 	 74.673 	 245.989
FHW13121	257.375 	 74.680 	 245.989
FHW13121	257.500 	 74.228 	 245.988
FHW13121	257.625 	 74.680 	 245.989
FHW13121	257.750 	 74.227 	 245.988
FHW13121	257.875 	 74.729 	 245.557
FHW13121	258.000 	 74.673 	 245.989
FHW13121	258.125 	 74.121 	 245.794
FHW13121	258.250 	 74.673 	 245.989
FHW13121	258.375 	 74.673 	 245.989
FHW13121	258.500 	 74.235 	 245.989
FHW13121	258.625 	 74.680 	 245.989
FHW13121	258.750 	 74.673 	 245.989
FHW13121	258.875 	 74.286 	 245.557
FHW13121	259.000 	 74.673 	 245.989
FHW13121	259.125 	 74.234 	 245.986
FHW13121	259.250 	 74.673 	 245.989
FHW13121	259.375 	 74.673 	 245.989
FHW13121	259.500 	 74.235 	 245.989
FHW13121	259.625 	 74.673 	 245.989
FHW13121	259.750 	 74.680 	 245.989
FHW13121	259.875 	 74.172 	 245.359
FHW13121	260.000 	 74.673 	 245.989
FHW13121	260.125 	 74.235 	 245.989
FHW13121	260.250 	 74.673 	 245.989
FHW13121	260.375 	 74.673 	 245.989
FHW13121	260.500 	 74.235 	 245.989
FHW13121	260.625 	 74.672 	 245.988
FHW13121	260.750 	 74.729 	 245.555
FHW13121	260.875 	 74.228 	 245.989
FHW13121	261.000 	 74.680 	 245.989
FHW13121	261.125 	 74.235 	 245.989
FHW13121	261.250 	 74.673 	 245.989
FHW13121	261.375 	 74.673 	 245.989
FHW13121	261.500 	 74.235 	 245.989
FHW13121	261.625 	 74.673 	 245.989
FHW13121	261.750 	 74.619 	 245.359
FHW13121	261.875 	 74.228 	 245.989
FHW13121	262.000 	 74.680 	 245.989
FHW13121	262.125 	 74.672 	 245.988
FHW13121	262.250 	 74.235 	 245.989
FHW13121	262.375 	 74.673 	 245.989
FHW13121	262.500 	 74.235 	 245.989
FHW13121	262.625 	 74.673 	 245.988
FHW13121	262.750 	 74.722 	 245.557
FHW13121	262.875 	 74.235 	 245.989
FHW13121	263.000 	 74.680 	 245.989
FHW13121	263.125 	 74.673 	 245.989
FHW13121	263.250 	 74.235 	 245.989
FHW13121	263.375 	 74.673 	 245.989
FHW13121	263.500 	 74.120 	 245.793
FHW13121	263.625 	 74.673 	 245.989
FHW13121	263.750 	 74.722 	 245.557
FHW13121	263.875 	 74.235 	 245.989
FHW13121	264.000 	 74.673 	 245.989
FHW13121	264.125 	 74.680 	 245.988
FHW13121	264.250 	 74.235 	 245.989
FHW13121	264.375 	 74.673 	 245.989
FHW13121	264.500 	 74.235 	 245.989
FHW13121	264.625 	 74.673 	 245.989
FHW13121	264.750 	 74.722 	 245.557
FHW13121	264.875 	 74.235 	 245.989
FHW13121	265.000 	 74.673 	 245.989
FHW13121	265.125 	 74.679 	 245.988
FHW13121	265.250 	 74.114 	 245.794
FHW13121	265.375 	 74.680 	 245.989
FHW13121	265.500 	 74.673 	 245.989
FHW13121	265.625 	 74.286 	 245.557
FHW13121	265.750 	 74.673 	 245.988
FHW13121	265.875 	 74.235 	 245.989
FHW13121	266.000 	 74.673 	 245.989
FHW13121	266.125 	 74.680 	 245.989
FHW13121	266.250 	 74.228 	 245.989
FHW13121	266.375 	 74.680 	 245.989
FHW13121	266.500 	 74.672 	 245.988
FHW13121	266.625 	 74.286 	 245.557
FHW13121	266.750 	 74.673 	 245.989
FHW13121	266.875 	 74.235 	 245.989
FHW13121	267.000 	 74.673 	 245.989
FHW13121	267.125 	 74.561 	 245.794
FHW13121	267.250 	 74.235 	 245.989
FHW13121	267.375 	 74.673 	 245.989
FHW13121	267.500 	 74.680 	 245.989
FHW13121	267.625 	 74.286 	 245.555
FHW13121	267.750 	 81.683 	 246.557
FHW13121	267.875 	 81.710 	 246.132
FHW13121	268.000 	 81.750 	 246.741
FHW13121	268.125 	 81.710 	 246.132
FHW13121	268.250 	 81.710 	 246.132
FHW13121	268.375 	 81.690 	 246.558
FHW13121	268.500 	 81.710 	 246.130
FHW13121	268.625 	 82.200 	 246.741
FHW13121	268.750 	 81.710 	 246.132
FHW13121	268.875 	 81.716 	 246.132
FHW13121	269.000 	 81.683 	 246.557
FHW13121	269.125 	 81.710 	 246.132
FHW13121	269.250 	 81.751 	 246.742
FHW13121	269.375 	 81.710 	 246.130
FHW13121	269.500 	 81.710 	 246.132
FHW13121	269.625 	 82.142 	 246.557
FHW13121	269.750 	 81.716 	 246.132
FHW13121	269.875 	 81.744 	 246.741
FHW13121	270.000 	 81.710 	 246.133
FHW13121	270.125 	 81.716 	 246.132
FHW13121	270.250 	 81.683 	 246.555
FHW13121	270.375 	 81.710 	 246.132
FHW13121	270.500 	 81.777 	 246.318
FHW13121	270.625 	 82.142 	 246.557
FHW13121	270.750 	 81.710 	 246.132
FHW13121	270.875 	 81.683 	 246.558
FHW13121	271.000 	 81.716 	 246.132
FHW13121	271.125 	 81.770 	 246.316
FHW13121	271.250 	 81.683 	 246.557
FHW13121	271.375 	 81.716 	 246.132
FHW13121	271.500 	 81.683 	 246.557
FHW13121	271.625 	 82.167 	 246.132
FHW13121	271.750 	 81.770 	 246.319
FHW13121	271.875 	 81.690 	 246.557
FHW13121	272.000 	 81.710 	 246.130
FHW13121	272.125 	 81.683 	 246.557
FHW13121	272.250 	 81.716 	 246.132
FHW13121	272.375 	 81.770 	 246.318
FHW13121	272.500 	 81.683 	 246.558
FHW13121	272.625 	 82.167 	 246.132
FHW13121	272.750 	 81.690 	 246.557
FHW13121	272.875 	 81.710 	 246.130
FHW13121	273.000 	 81.770 	 246.318
FHW13121	273.125 	 81.690 	 246.557
FHW13121	273.250 	 81.710 	 246.132
FHW13121	273.375 	 81.710 	 246.133
FHW13121	273.500 	 81.690 	 246.557
FHW13121	273.625 	 82.224 	 246.316
FHW13121	273.750 	 81.683 	 246.557
FHW13121	273.875 	 81.710 	 246.132
FHW13121	274.000 	 81.716 	 246.132
FHW13121	274.125 	 81.683 	 246.557
FHW13121	274.250 	 81.770 	 246.319
FHW13121	274.375 	 81.690 	 246.557
FHW13121	274.500 	 81.710 	 246.132
FHW13121	274.625 	 82.167 	 246.130
FHW13121	274.750 	 81.683 	 246.557
FHW13121	274.875 	 81.777 	 246.318
FHW13121	275.000 	 81.683 	 246.558
FHW13121	275.125 	 81.710 	 246.132
FHW13121	275.250 	 81.716 	 246.132
FHW13121	275.375 	 81.683 	 246.557
FHW13121	275.500 	 81.717 	 246.130
FHW13121	275.625 	 82.193 	 246.741
FHW13121	275.750 	 81.716 	 246.132
FHW13121	275.875 	 81.710 	 246.133
FHW13121	276.000 	 81.683 	 246.557
FHW13121	276.125 	 81.716 	 246.132
FHW13121	276.250 	 81.744 	 246.741
FHW13121	276.375 	 81.717 	 246.130
FHW13121	276.500 	 81.710 	 246.132
FHW13121	276.625 	 82.142 	 246.557
FHW13121	276.750 	 81.710 	 246.133
FHW13121	276.875 	 81.770 	 246.318
FHW13121	277.000 	 81.690 	 246.557
FHW13121	277.125 	 81.710 	 246.130
FHW13121	277.250 	 81.690 	 246.557
FHW13121	277.375 	 81.710 	 246.132
FHW13121	277.500 	 81.770 	 246.319
FHW13121	277.625 	 82.142 	 246.557
FHW13121	277.750 	 81.710 	 246.132
FHW13121	277.875 	 81.690 	 246.557
FHW13121	278.000 	 81.710 	 246.132
FHW13121	278.125 	 81.777 	 246.316
FHW13121	278.250 	 81.683 	 246.557
FHW13121	278.375 	 81.710 	 246.133
FHW13121	278.500 	 81.690 	 246.557
FHW13121	278.625 	 82.160 	 246.132
FHW13121	278.750 	 81.777 	 246.318
FHW13121	278.875 	 81.683 	 246.557
FHW13121	279.000 	 81.717 	 246.130
FHW13121	279.125 	 81.683 	 246.558
FHW13121	279.250 	 81.710 	 246.132
FHW13121	279.375 	 81.777 	 246.318
FHW13121	279.500 	 81.683 	 246.557
FHW13121	279.625 	 82.167 	 246.132
FHW13121	279.750 	 81.710 	 246.130
FHW13121	279.875 	 81.690 	 246.557
FHW13121	280.000 	 81.770 	 246.319
FHW13121	280.125 	 81.683 	 246.557
FHW13121	280.250 	 81.716 	 246.132
FHW13121	280.375 	 81.710 	 246.132
FHW13121	280.500 	 81.683 	 246.557
FHW13121	280.625 	 82.224 	 246.316
FHW13121	280.750 	 81.690 	 246.557
FHW13121	280.875 	 81.710 	 246.133
FHW13121	281.000 	 81.710 	 246.132
FHW13121	281.125 	 81.690 	 246.557
FHW13121	281.250 	 81.770 	 246.318
FHW13121	281.375 	 81.683 	 246.557
FHW13121	281.500 	 81.717 	 246.130
FHW13121	281.625 	 82.168 	 246.133
FHW13121	281.750 	 81.683 	 246.557
FHW13121	281.875 	 81.770 	 246.318
FHW13121	282.000 	 81.690 	 246.557
FHW13121	282.125 	 81.710 	 246.132
FHW13121	282.250 	 81.710 	 246.132
FHW13121	282.375 	 81.690 	 246.557
FHW13121	282.500 	 81.770 	 246.318
FHW13121	282.625 	 82.142 	 246.557
FHW13121	282.750 	 81.710 	 246.132
FHW13121	282.875 	 81.716 	 246.132
FHW13121	283.000 	 81.683 	 246.557
FHW13121	283.125 	 81.770 	 246.318
FHW13121	283.250 	 81.717 	 246.130
FHW13121	283.375 	 81.683 	 246.558
FHW13121	283.500 	 81.710 	 246.132
FHW13121	283.625 	 82.142 	 246.557
FHW13121	283.750 	 81.777 	 246.318
FHW13121	283.875 	 81.710 	 246.132
FHW13121	284.000 	 81.683 	 246.557
FHW13121	284.125 	 81.717 	 246.132
FHW13121	284.250 	 81.683 	 246.557
FHW13121	284.375 	 81.770 	 246.318
FHW13121	284.500 	 81.716 	 246.132
FHW13121	284.625 	 82.142 	 246.557
FHW13121	284.750 	 81.710 	 246.132
FHW13121	284.875 	 81.683 	 246.557
FHW13121	285.000 	 81.717 	 246.132
FHW13121	285.125 	 81.770 	 246.318
FHW13121	285.250 	 81.683 	 246.557
FHW13121	285.375 	 81.716 	 246.132
FHW13121	285.500 	 81.683 	 246.557
FHW13121	285.625 	 82.167 	 246.132
FHW13121	285.750 	 81.770 	 246.319
FHW13121	285.875 	 81.690 	 246.557
FHW13121	286.000 	 81.710 	 246.130
FHW13121	286.125 	 81.710 	 246.132
FHW13121	286.250 	 81.690 	 246.557
FHW13121	286.375 	 81.770 	 246.318
FHW13121	286.500 	 81.683 	 246.557
FHW13121	286.625 	 82.168 	 246.133
FHW13121	286.750 	 81.717 	 246.130
FHW13121	286.875 	 81.683 	 246.557
FHW13121	287.000 	 82.673 	 246.318
FHW13121	287.125 	 87.242 	 246.318
FHW13121	287.250 	 87.705 	 245.898
FHW13121	287.375 	 87.262 	 246.501
FHW13121	287.500 	 87.242 	 246.318
FHW13121	287.625 	 87.705 	 245.898
FHW13121	287.750 	 87.242 	 246.318
FHW13121	287.875 	 87.271 	 246.084
FHW13121	288.000 	 87.698 	 246.318
FHW13121	288.125 	 87.242 	 246.318
FHW13121	288.250 	 87.251 	 245.898
FHW13121	288.375 	 87.715 	 246.501
FHW13121	288.500 	 87.242 	 246.318
FHW13121	288.625 	 87.251 	 245.898
FHW13121	288.750 	 87.698 	 246.318
FHW13121	288.875 	 87.271 	 246.082
FHW13121	289.000 	 87.242 	 246.319
FHW13121	289.125 	 87.698 	 246.318
FHW13121	289.250 	 87.251 	 245.898
FHW13121	289.375 	 87.262 	 246.500
FHW13121	289.500 	 87.698 	 246.319
FHW13121	289.625 	 87.251 	 245.898
FHW13121	289.750 	 87.235 	 246.318
FHW13121	289.875 	 87.729 	 246.082
FHW13121	290.000 	 87.235 	 246.318
FHW13121	290.125 	 87.242 	 246.318
FHW13121	290.250 	 87.712 	 245.896
FHW13121	290.375 	 87.255 	 246.503
FHW13121	290.500 	 87.242 	 246.318
FHW13121	290.625 	 87.705 	 245.898
FHW13121	290.750 	 87.242 	 246.318
FHW13121	290.875 	 87.271 	 246.084
FHW13121	291.000 	 87.698 	 246.318
FHW13121	291.125 	 87.242 	 246.318
FHW13121	291.250 	 87.251 	 245.896
FHW13121	291.375 	 87.715 	 246.503
FHW13121	291.500 	 87.242 	 246.318
FHW13121	291.625 	 87.251 	 245.898
FHW13121	291.750 	 87.698 	 246.318
FHW13121	291.875 	 87.271 	 246.084
FHW13121	292.000 	 87.242 	 246.318
FHW13121	292.125 	 87.698 	 246.318
FHW13121	292.250 	 87.251 	 245.896
FHW13121	292.375 	 87.262 	 246.503
FHW13121	292.500 	 87.698 	 246.318
FHW13121	292.625 	 87.251 	 245.898
FHW13121	292.750 	 87.698 	 246.316
FHW13121	292.875 	 87.251 	 245.898
FHW13121	293.000 	 87.262 	 246.503
FHW13121	293.125 	 87.698 	 246.318
FHW13121	293.250 	 87.251 	 245.896
FHW13121	293.375 	 87.235 	 246.318
FHW13121	293.500 	 87.729 	 246.085
FHW13121	293.625 	 87.242 	 246.318
FHW13121	293.750 	 87.235 	 246.316
FHW13121	293.875 	 87.712 	 245.898
FHW13121	294.000 	 87.255 	 246.503
FHW13121	294.125 	 87.242 	 246.318
FHW13121	294.250 	 87.712 	 245.896
FHW13121	294.375 	 87.235 	 246.318
FHW13121	294.500 	 87.271 	 246.085
FHW13121	294.625 	 87.698 	 246.318
FHW13121	294.750 	 87.242 	 246.316
FHW13121	294.875 	 87.251 	 245.898
FHW13121	295.000 	 87.715 	 246.503
FHW13121	295.125 	 87.242 	 246.318
FHW13121	295.250 	 87.251 	 245.896
FHW13121	295.375 	 87.698 	 246.318
FHW13121	295.500 	 87.271 	 246.085
FHW13121	295.625 	 87.242 	 246.318
FHW13121	295.750 	 87.698 	 246.316
FHW13121	295.875 	 87.251 	 245.898
FHW13121	296.000 	 87.262 	 246.503
FHW13121	296.125 	 87.698 	 246.318
FHW13121	296.250 	 87.251 	 245.896
FHW13121	296.375 	 87.242 	 246.318
FHW13121	296.500 	 87.722 	 246.085
FHW13121	296.625 	 87.242 	 246.318
FHW13121	296.750 	 87.235 	 246.316
FHW13121	296.875 	 87.712 	 245.898
FHW13121	297.000 	 87.262 	 246.503
FHW13121	297.125 	 87.235 	 246.318
FHW13121	297.250 	 87.712 	 245.896
FHW13121	297.375 	 87.235 	 246.318
FHW13121	297.500 	 87.271 	 246.082
FHW13121	297.625 	 87.705 	 246.321
FHW13121	297.750 	 87.235 	 246.316
FHW13121	297.875 	 87.712 	 245.898
FHW13121	298.000 	 87.255 	 246.500
FHW13121	298.125 	 87.242 	 246.321
FHW13121	298.250 	 87.712 	 245.896
FHW13121	298.375 	 87.235 	 246.318
FHW13121	298.500 	 87.271 	 246.082
FHW13121	298.625 	 87.698 	 246.319
FHW13121	298.750 	 87.242 	 246.318
FHW13121	298.875 	 87.251 	 245.898
FHW13121	299.000 	 87.714 	 246.500
FHW13121	299.125 	 87.251 	 245.896
FHW13121	299.250 	 87.242 	 246.321
FHW13121	299.375 	 87.698 	 246.318
FHW13121	299.500 	 87.271 	 246.082
FHW13121	299.625 	 87.242 	 246.316
FHW13121	299.750 	 87.698 	 246.321
FHW13121	299.875 	 87.251 	 245.898
FHW13121	300.000 	 87.262 	 246.500
FHW13121	300.125 	 88.621 	 245.896
FHW13121	300.250 	 88.617 	 246.318
FHW13121	300.375 	 89.083 	 245.901
FHW13121	300.500 	 88.638 	 246.081
FHW13121	300.625 	 89.080 	 246.318
FHW13121	300.750 	 89.083 	 245.898
FHW13121	300.875 	 89.083 	 245.901
FHW13121	301.000 	 89.087 	 246.498
FHW13121	301.125 	 89.076 	 245.898
FHW13121	301.250 	 89.083 	 245.898
FHW13121	301.375 	 88.624 	 246.318
FHW13121	301.500 	 89.090 	 246.084
FHW13121	301.625 	 89.083 	 245.898
FHW13121	301.750 	 89.083 	 245.896
FHW13121	301.875 	 89.073 	 246.318
FHW13121	302.000 	 89.090 	 246.085
FHW13121	302.125 	 89.083 	 245.898
FHW13121	302.250 	 88.624 	 246.316
FHW13121	302.375 	 89.083 	 245.898
FHW13121	302.500 	 89.090 	 246.085
FHW13121	302.625 	 89.073 	 246.318
FHW13121	302.750 	 89.083 	 245.896
FHW13121	302.875 	 89.083 	 245.898
FHW13121	303.000 	 89.087 	 246.503
FHW13121	303.125 	 88.628 	 245.896
FHW13121	303.250 	 89.083 	 245.898
FHW13121	303.375 	 89.080 	 246.318
FHW13121	303.500 	 89.076 	 245.896
FHW13121	303.625 	 89.090 	 246.085
FHW13121	303.750 	 89.545 	 245.898
FHW13121	303.875 	 90.000 	 246.316
FHW13121	304.000 	 90.455 	 245.898
FHW13121	304.125 	 90.000 	 246.085
FHW13121	304.250 	 90.462 	 245.896
FHW13121	304.375 	 90.000 	 245.898
FHW13121	304.500 	 90.455 	 245.898
FHW13121	304.625 	 90.464 	 246.318
FHW13121	304.750 	 90.000 	 245.896
FHW13121	304.875 	 90.459 	 246.085
FHW13121	305.000 	 90.000 	 245.898
FHW13121	305.125 	 90.455 	 245.896
FHW13121	305.250 	 90.000 	 245.898
FHW13121	305.375 	 90.463 	 246.321
FHW13121	305.500 	 90.000 	 246.081
FHW13121	305.625 	 90.455 	 245.898
FHW13121	305.750 	 90.000 	 245.898
FHW13121	305.875 	 90.462 	 245.899
FHW13121	306.000 	 90.455 	 245.898
FHW13121	306.125 	 90.000 	 246.082
FHW13121	306.250 	 90.464 	 246.316
FHW13121	306.375 	 90.000 	 245.898
FHW13121	306.500 	 90.455 	 245.901
FHW13121	306.625 	 90.000 	 245.896
FHW13121	306.750 	 90.462 	 245.898
FHW13121	306.875 	 90.000 	 246.082
FHW13121	307.000 	 90.456 	 246.319
FHW13121	307.125 	 90.000 	 245.898
FHW13121	307.250 	 90.462 	 245.898
FHW13121	307.375 	 90.455 	 245.896
FHW13121	307.500 	 90.000 	 246.082
FHW13121	307.625 	 90.462 	 245.901
FHW13121	307.750 	 90.000 	 246.318
FHW13121	307.875 	 90.455 	 245.896
FHW13121	308.000 	 90.000 	 245.898
FHW13121	308.125 	 90.459 	 246.085
FHW13121	308.250 	 90.000 	 245.896
FHW13121	308.375 	 90.462 	 245.898
FHW13121	308.500 	 90.000 	 246.318
FHW13121	308.625 	 90.455 	 245.896
FHW13121	308.750 	 90.462 	 245.898
FHW13121	308.875 	 90.000 	 246.085
FHW13121	309.000 	 90.455 	 245.896
FHW13121	309.125 	 90.000 	 245.898
FHW13121	309.250 	 90.462 	 245.898
FHW13121	309.375 	 90.000 	 246.316
FHW13121	309.500 	 90.452 	 246.085
FHW13121	309.625 	 90.000 	 245.898
FHW13121	309.750 	 90.462 	 245.896
FHW13121	309.875 	 90.000 	 245.898
FHW13121	310.000 	 90.455 	 245.898
FHW13121	310.125 	 90.464 	 246.316
FHW13121	310.250 	 90.000 	 246.085
FHW13121	310.375 	 90.455 	 245.898
FHW13121	310.500 	 90.000 	 245.896
FHW13121	310.625 	 90.462 	 245.898
FHW13121	310.750 	 90.000 	 245.898
FHW13121	310.875 	 90.453 	 246.503
FHW13121	311.000 	 90.000 	 245.896
FHW13121	311.125 	 90.462 	 245.898
FHW13121	311.250 	 90.000 	 245.896
FHW13121	311.375 	 90.462 	 245.898
FHW13121	311.500 	 90.452 	 246.085
FHW13121	311.625 	 90.000 	 246.318
FHW13121	311.750 	 90.462 	 245.896
FHW13121	311.875 	 90.000 	 245.898
FHW13121	312.000 	 90.455 	 245.898
FHW13121	312.125 	 90.000 	 245.899
FHW13121	312.250 	 90.459 	 246.082
FHW13121	312.375 	 90.000 	 246.316
FHW13121	312.500 	 90.455 	 245.900
FHW13121	312.625 	 90.000 	 245.896
FHW13121	312.750 	 90.462 	 245.899
FHW13121	312.875 	 90.452 	 246.084
FHW13121	313.000 	 90.000 	 245.896
FHW13121	313.125 	 90.462 	 245.896
FHW13121	313.250 	 90.000 	 246.322
FHW13121	313.375 	 90.455 	 245.896
FHW13121	313.500 	 90.000 	 246.081
FHW13121	313.625 	 90.462 	 245.900
FHW13121	313.750 	 90.000 	 245.896
FHW13121	313.875 	 90.455 	 245.899
FHW13121	314.000 	 90.000 	 246.320
FHW13121	314.125 	 90.462 	 245.896
FHW13121	314.250 	 90.459 	 246.081
FHW13121	314.375 	 90.000 	 245.902
FHW13121	314.500 	 90.455 	 245.896
FHW13121	314.625 	 90.000 	 245.896
FHW13121	314.750 	 90.464 	 246.320
FHW13121	314.875 	 90.000 	 246.081
FHW13121	315.000 	 90.455 	 245.899
FHW13121	315.125 	 90.000 	 245.900
FHW13121	315.250 	 90.462 	 245.896
FHW13121	315.375 	 90.000 	 245.896
FHW13121	315.500 	 90.453 	 246.504
FHW13121	315.625 	 90.462 	 245.896
FHW13121	315.750 	 90.000 	 245.896
FHW13121	315.875 	 90.455 	 245.900
FHW13121	316.000 	 90.000 	 245.896
FHW13121	316.125 	 90.462 	 245.896
FHW13121	316.250 	 90.000 	 246.087
FHW13121	316.375 	 90.456 	 246.316
FHW13121	316.500 	 90.000 	 245.900
FHW13121	316.625 	 90.462 	 245.896
FHW13121	316.750 	 90.000 	 245.896
FHW13121	316.875 	 90.452 	 246.087
FHW13121	317.000 	 90.462 	 245.896
FHW13121	317.125 	 90.000 	 246.316
FHW13121	317.250 	 90.455 	 245.900
FHW13121	317.375 	 90.000 	 245.896
FHW13121	317.500 	 90.459 	 246.084
FHW13121	317.625 	 90.000 	 245.900
FHW13121	317.750 	 90.462 	 245.896
FHW13121	317.875 	 90.000 	 246.316
FHW13121	318.000 	 90.455 	 245.900
FHW13121	318.125 	 90.000 	 245.896
FHW13121	318.250 	 90.459 	 246.084
FHW13121	318.375 	 90.455 	 245.900
FHW13121	318.500 	 90.000 	 245.896
FHW13121	318.625 	 90.464 	 246.316
FHW13121	318.750 	 90.455 	 245.900
FHW13121	318.875 	 91.826 	 246.501
FHW13121	319.000 	 91.840 	 245.896
FHW13121	319.125 	 92.295 	 246.320
FHW13121	319.250 	 91.826 	 246.501
FHW13121	319.375 	 91.834 	 245.900
FHW13121	319.500 	 91.833 	 246.501
FHW13121	319.625 	 91.839 	 246.316
FHW13121	319.750 	 92.288 	 245.900
FHW13121	319.875 	 91.833 	 246.498
FHW13121	320.000 	 91.839 	 246.319
FHW13121	320.125 	 91.834 	 245.900
FHW13121	320.250 	 91.826 	 246.498
FHW13121	320.375 	 91.839 	 246.320
FHW13121	320.500 	 92.295 	 245.899
FHW13121	320.625 	 91.826 	 246.498
FHW13121	320.750 	 91.839 	 246.320
FHW13121	320.875 	 91.839 	 246.316
FHW13121	321.000 	 91.820 	 246.084
FHW13121	321.125 	 92.302 	 246.320
FHW13121	321.250 	 91.839 	 246.316
FHW13121	321.375 	 91.820 	 246.087
FHW13121	321.500 	 91.846 	 246.316
FHW13121	321.625 	 91.839 	 246.316
FHW13121	321.750 	 92.271 	 246.087
FHW13121	321.875 	 91.846 	 246.316
FHW13121	322.000 	 91.839 	 246.316
FHW13121	322.125 	 91.820 	 246.087
FHW13121	322.250 	 91.839 	 246.316
FHW13121	322.375 	 91.839 	 246.320
FHW13121	322.500 	 92.278 	 246.081
FHW13121	322.625 	 91.839 	 246.319
FHW13121	322.750 	 91.826 	 246.502
FHW13121	322.875 	 91.833 	 245.896
FHW13121	323.000 	 91.839 	 246.316
FHW13121	323.125 	 92.285 	 246.504
FHW13121	323.250 	 91.839 	 246.316
FHW13121	323.375 	 91.834 	 245.900
FHW13121	323.500 	 91.826 	 246.501
FHW13121	323.625 	 91.846 	 246.316
FHW13121	323.750 	 92.288 	 245.900
FHW13121	323.875 	 91.826 	 246.501
FHW13121	324.000 	 91.847 	 246.320
FHW13121	324.125 	 91.833 	 245.896
FHW13121	324.250 	 91.826 	 246.501
FHW13121	324.375 	 91.839 	 246.320
FHW13121	324.500 	 92.295 	 245.896
FHW13121	324.625 	 91.826 	 246.498
FHW13121	324.750 	 91.839 	 246.322
FHW13121	324.875 	 91.833 	 245.896
FHW13121	325.000 	 91.826 	 246.498
FHW13121	325.125 	 92.302 	 246.320
FHW13121	325.250 	 91.839 	 246.316
FHW13121	325.375 	 91.820 	 246.087
FHW13121	325.500 	 91.839 	 246.316
FHW13121	325.625 	 91.846 	 246.316
FHW13121	325.750 	 92.271 	 246.087
FHW13121	325.875 	 91.839 	 246.316
FHW13121	326.000 	 91.826 	 246.504
FHW13121	326.125 	 91.840 	 245.896
FHW13121	326.250 	 91.839 	 246.316
FHW13121	326.375 	 91.826 	 246.504
FHW13121	326.500 	 92.295 	 245.896
FHW13121	326.625 	 91.839 	 246.316
FHW13121	326.750 	 91.826 	 246.502
FHW13121	326.875 	 91.833 	 245.896
FHW13121	327.000 	 91.839 	 246.322
FHW13121	327.125 	 92.286 	 246.498
FHW13121	327.250 	 91.839 	 246.316
FHW13121	327.375 	 91.834 	 245.900
FHW13121	327.500 	 91.826 	 246.501
FHW13121	327.625 	 91.839 	 246.316
FHW13121	327.750 	 92.295 	 245.900
FHW13121	327.875 	 91.826 	 246.501
FHW13121	328.000 	 91.839 	 246.320
FHW13121	328.125 	 91.840 	 245.896
FHW13121	328.250 	 91.826 	 246.501
FHW13121	328.375 	 91.839 	 246.320
FHW13121	328.500 	 92.288 	 245.896
FHW13121	328.625 	 91.833 	 246.501
FHW13121	328.750 	 91.839 	 246.320
FHW13121	328.875 	 91.833 	 245.896
FHW13121	329.000 	 91.826 	 246.502
FHW13121	329.125 	 92.302 	 246.319
FHW13121	329.250 	 91.839 	 246.316
FHW13121	329.375 	 91.820 	 246.084
FHW13121	329.500 	 91.839 	 246.316
FHW13121	329.625 	 91.826 	 246.504
FHW13121	329.750 	 92.295 	 245.896
FHW13121	329.875 	 91.839 	 246.316
FHW13121	330.000 	 91.826 	 246.504
FHW13121	330.125 	 91.833 	 245.896
FHW13121	330.250 	 91.846 	 246.316
FHW13121	330.375 	 91.826 	 246.504
FHW13121	330.500 	 92.288 	 245.896
FHW13121	330.625 	 91.846 	 246.316
FHW13121	330.750 	 91.826 	 246.504
FHW13121	330.875 	 91.833 	 245.896
FHW13121	331.000 	 91.839 	 246.320
FHW13121	331.125 	 92.286 	 246.498
FHW13121	331.250 	 91.833 	 245.899
FHW13121	331.375 	 91.839 	 246.320
FHW13121	331.500 	 91.826 	 246.498
FHW13121	331.625 	 91.839 	 246.320
FHW13121	331.750 	 92.295 	 245.899
FHW13121	331.875 	 91.826 	 246.498
FHW13121	332.000 	 91.839 	 246.320
FHW13121	332.125 	 91.833 	 245.896
FHW13121	332.250 	 91.826 	 246.501
FHW13121	332.375 	 91.847 	 246.320
FHW13121	332.500 	 92.271 	 246.084
FHW13121	332.625 	 91.839 	 246.320
FHW13121	332.750 	 91.846 	 246.316
FHW13121	332.875 	 91.820 	 246.084
FHW13121	333.000 	 91.839 	 246.320
FHW13121	333.125 	 92.302 	 246.316
FHW13121	333.250 	 91.820 	 246.081
FHW13121	333.375 	 91.839 	 246.322
FHW13121	333.500 	 91.839 	 246.316
FHW13121	333.625 	 91.826 	 246.502
FHW13121	333.750 	 92.295 	 245.896
FHW13121	333.875 	 91.839 	 246.316
FHW13121	334.000 	 91.826 	 246.504
FHW13121	334.125 	 91.833 	 245.896
FHW13121	334.250 	 91.839 	 246.316
FHW13121	334.375 	 92.285 	 246.504
FHW13121	334.500 	 91.833 	 245.896
FHW13121	334.625 	 91.839 	 246.320
FHW13121	334.750 	 91.833 	 246.501
FHW13121	334.875 	 91.833 	 245.896
FHW13121	335.000 	 91.839 	 246.320
FHW13121	335.125 	 92.278 	 246.501
FHW13121	335.250 	 91.840 	 245.896
FHW13121	335.375 	 91.839 	 246.320
FHW13121	335.500 	 91.826 	 246.501
FHW13121	335.625 	 91.839 	 246.320
FHW13121	335.750 	 92.295 	 245.896
FHW13121	335.875 	 91.826 	 246.498
FHW13121	336.000 	 91.839 	 246.320
FHW13121	336.125 	 91.820 	 246.084
FHW13121	336.250 	 91.839 	 246.316
FHW13121	336.375 	 92.302 	 246.320
FHW13121	336.500 	 91.820 	 246.084
FHW13121	336.625 	 91.839 	 246.320
FHW13121	336.750 	 91.839 	 246.316
FHW13121	336.875 	 91.827 	 246.084
FHW13121	337.000 	 91.839 	 246.320
FHW13121	337.125 	 92.295 	 246.316
FHW13121	337.250 	 92.285 	 246.504
FHW13121	337.375 	 92.302 	 246.316
FHW13121	337.500 	 92.279 	 246.498
FHW13121	337.625 	 92.765 	 246.322
FHW13121	337.750 	 92.279 	 246.498
FHW13121	337.875 	 92.302 	 246.320
FHW13121	338.000 	 92.285 	 246.501
FHW13121	338.125 	 92.295 	 246.316
FHW13121	338.250 	 92.285 	 246.504
FHW13121	338.375 	 92.302 	 246.316
FHW13121	338.500 	 92.286 	 246.922
FHW13121	338.625 	 92.302 	 246.316
FHW13121	338.750 	 92.285 	 246.501
FHW13121	338.875 	 92.295 	 246.320
FHW13121	339.000 	 92.302 	 246.316
FHW13121	339.125 	 92.738 	 246.504
FHW13121	339.250 	 92.302 	 246.316
FHW13121	339.375 	 92.285 	 246.501
FHW13121	339.500 	 92.295 	 246.320
FHW13121	339.625 	 92.286 	 246.498
FHW13121	339.750 	 92.302 	 246.322
FHW13121	339.875 	 92.279 	 246.498
FHW13121	340.000 	 92.302 	 246.316
FHW13121	340.125 	 92.285 	 246.504
FHW13121	340.250 	 92.295 	 246.316
FHW13121	340.375 	 92.285 	 246.504
FHW13121	340.500 	 92.302 	 246.316
FHW13121	340.625 	 92.738 	 246.498
FHW13121	340.750 	 92.302 	 246.322
FHW13121	340.875 	 92.279 	 246.498
FHW13121	341.000 	 92.302 	 246.320
FHW13121	341.125 	 92.310 	 246.739
FHW13121	341.250 	 92.278 	 246.501
FHW13121	341.375 	 92.302 	 246.320
FHW13121	341.500 	 92.285 	 246.501
FHW13121	341.625 	 92.295 	 246.320
FHW13121	341.750 	 92.285 	 246.501
FHW13121	341.875 	 92.302 	 246.316
FHW13121	342.000 	 92.286 	 246.502
FHW13121	342.125 	 92.758 	 246.316
FHW13121	342.250 	 92.279 	 246.504
FHW13121	342.375 	 92.302 	 246.316
FHW13121	342.500 	 92.285 	 246.501
FHW13121	342.625 	 92.295 	 246.320
FHW13121	342.750 	 92.286 	 246.498
FHW13121	342.875 	 92.302 	 246.322
FHW13121	343.000 	 92.286 	 246.498
FHW13121	343.125 	 92.295 	 246.316
FHW13121	343.250 	 92.302 	 246.320
FHW13121	343.375 	 92.285 	 246.501
FHW13121	343.500 	 92.295 	 246.320
FHW13121	343.625 	 92.746 	 246.921
FHW13121	343.750 	 92.302 	 246.320
FHW13121	343.875 	 92.285 	 246.501
FHW13121	344.000 	 92.295 	 246.316
FHW13121	344.125 	 92.286 	 246.502
FHW13121	344.250 	 92.302 	 246.316
FHW13121	344.375 	 92.285 	 246.504
FHW13121	344.500 	 92.295 	 246.316
FHW13121	344.625 	 92.285 	 246.501
FHW13121	344.750 	 92.302 	 246.320
FHW13121	344.875 	 92.278 	 246.501
FHW13121	345.000 	 92.302 	 246.320
FHW13121	345.125 	 92.286 	 246.498
FHW13121	345.250 	 92.758 	 246.316
FHW13121	345.375 	 92.279 	 246.504
FHW13121	345.500 	 92.302 	 246.316
FHW13121	345.625 	 92.302 	 246.320
FHW13121	345.750 	 92.285 	 246.501
FHW13121	345.875 	 92.295 	 246.316
FHW13121	346.000 	 92.285 	 246.504
FHW13121	346.125 	 92.302 	 246.316
FHW13121	346.250 	 92.286 	 246.922
FHW13121	346.375 	 92.302 	 246.316
FHW13121	346.500 	 92.285 	 246.501
FHW13121	346.625 	 92.295 	 246.320
FHW13121	346.750 	 92.745 	 246.501
FHW13121	346.875 	 92.295 	 246.320
FHW13121	347.000 	 92.285 	 246.501
FHW13121	347.125 	 92.302 	 246.316
FHW13121	347.250 	 92.279 	 246.502
FHW13121	347.375 	 92.302 	 246.316
FHW13121	347.500 	 92.285 	 246.504
FHW13121	347.625 	 92.295 	 246.316
FHW13121	347.750 	 92.302 	 246.316
FHW13121	347.875 	 92.285 	 246.504
FHW13121	348.000 	 92.295 	 246.316
FHW13121	348.125 	 92.285 	 246.504
FHW13121	348.250 	 92.758 	 246.316
FHW13121	348.375 	 92.286 	 246.498
FHW13121	348.500 	 92.302 	 246.322
FHW13121	348.625 	 92.279 	 246.498
FHW13121	348.750 	 92.302 	 246.320
FHW13121	348.875 	 92.293 	 246.921
FHW13121	349.000 	 92.295 	 246.316
FHW13121	349.125 	 92.285 	 246.504
FHW13121	349.250 	 92.302 	 246.316
FHW13121	349.375 	 92.279 	 246.502
FHW13121	349.500 	 92.302 	 246.319
FHW13121	349.625 	 92.286 	 246.498
FHW13121	349.750 	 92.758 	 246.320
FHW13121	349.875 	 92.302 	 246.316
FHW13121	350.000 	 92.279 	 246.504
FHW13121	350.125 	 92.302 	 246.316
FHW13121	350.250 	 92.285 	 246.501
FHW13121	350.375 	 92.295 	 246.320
FHW13121	350.500 	 92.286 	 246.498
FHW13121	350.625 	 92.302 	 246.322
FHW13121	350.750 	 92.279 	 246.498
FHW13121	350.875 	 92.302 	 246.316
FHW13121	351.000 	 92.285 	 246.504
FHW13121	351.125 	 92.295 	 246.316
FHW13121	351.250 	 92.745 	 246.504
FHW13121	351.375 	 92.295 	 246.316
FHW13121	351.500 	 92.293 	 246.922
FHW13121	351.625 	 92.302 	 246.319
FHW13121	351.750 	 92.279 	 246.498
FHW13121	351.875 	 92.302 	 246.320
FHW13121	352.000 	 92.302 	 246.316
FHW13121	352.125 	 92.279 	 246.504
FHW13121	352.250 	 92.302 	 246.316
FHW13121	352.375 	 92.285 	 246.501
FHW13121	352.500 	 92.295 	 246.320
FHW13121	352.625 	 92.285 	 246.501
FHW13121	352.750 	 92.302 	 246.320
FHW13121	352.875 	 92.738 	 246.498
FHW13121	353.000 	 92.302 	 246.316
FHW13121	353.125 	 92.279 	 246.504
FHW13121	353.250 	 92.302 	 246.316
FHW13121	353.375 	 92.285 	 246.504
FHW13121	353.500 	 92.295 	 246.316
FHW13121	353.625 	 92.285 	 246.501
FHW13121	353.750 	 92.302 	 246.320
FHW13121	353.875 	 92.279 	 246.498
FHW13121	354.000 	 92.302 	 246.320
FHW13121	354.125 	 92.293 	 246.921
FHW13121	354.250 	 92.295 	 246.316
FHW13121	354.375 	 92.765 	 246.320
FHW13121	354.500 	 92.278 	 246.501
FHW13121	354.625 	 92.302 	 246.320
FHW13121	354.750 	 92.285 	 246.501
FHW13121	354.875 	 92.295 	 246.316
FHW13121	355.000 	 92.286 	 246.502
FHW13121	355.125 	 92.302 	 246.316
FHW13121	355.250 	 92.279 	 246.504
FHW13121	355.375 	 92.302 	 246.316
FHW13121	355.500 	 92.285 	 246.501
FHW13121	355.625 	 91.832 	 246.922
FHW13121	355.750 	 90.916 	 246.921
FHW13121	355.875 	 91.377 	 246.924
FHW13121	356.000 	 91.371 	 246.919
FHW13121	356.125 	 90.916 	 246.924
FHW13121	356.250 	 91.382 	 247.344
FHW13121	356.375 	 90.916 	 246.922
FHW13121	356.500 	 91.377 	 246.921
FHW13121	356.625 	 91.371 	 246.924
FHW13121	356.750 	 90.916 	 246.919
FHW13121	356.875 	 91.377 	 246.924
FHW13121	357.000 	 90.919 	 247.344
FHW13121	357.125 	 91.378 	 246.922
FHW13121	357.250 	 91.370 	 246.921
FHW13121	357.375 	 90.916 	 246.922
FHW13121	357.500 	 91.377 	 246.921
FHW13121	357.625 	 90.916 	 246.924
FHW13121	357.750 	 91.378 	 246.919
FHW13121	357.875 	 91.375 	 247.347
FHW13121	358.000 	 90.916 	 246.921
FHW13121	358.125 	 91.378 	 246.922
FHW13121	358.250 	 90.916 	 246.921
FHW13121	358.375 	 91.371 	 246.924
FHW13121	358.500 	 91.378 	 246.919
FHW13121	358.625 	 90.919 	 247.347
FHW13121	358.750 	 91.378 	 246.919
FHW13121	358.875 	 90.916 	 246.921
FHW13121	359.000 	 91.371 	 246.924
FHW13121	359.125 	 91.378 	 246.919
FHW13121	359.250 	 90.916 	 246.924
FHW13121	359.375 	 91.377 	 246.921
FHW13121	359.500 	 91.375 	 247.345
FHW13121	359.625 	 90.916 	 246.921
FHW13121	359.750 	 91.377 	 246.924
FHW13121	359.875 	 90.916 	 246.919
FHW13121	360.000 	 91.377 	 246.924
FHW13121	360.125 	 91.370 	 246.921
FHW13121	360.250 	 90.916 	 246.922
FHW13121	360.375 	 91.382 	 247.344
FHW13121	360.500 	 90.916 	 246.922
FHW13121	360.625 	 91.377 	 246.921
FHW13121	360.750 	 91.361 	 247.101
FHW13121	360.875 	 90.916 	 246.921
FHW13121	361.000 	 91.377 	 246.924
FHW13121	361.125 	 90.919 	 247.341
FHW13121	361.250 	 91.377 	 246.924
FHW13121	361.375 	 91.371 	 246.919
FHW13121	361.500 	 90.916 	 246.924
FHW13121	361.625 	 91.377 	 246.921
FHW13121	361.750 	 90.916 	 246.922
FHW13121	361.875 	 91.377 	 246.921
FHW13121	362.000 	 91.375 	 247.347
FHW13121	362.125 	 90.916 	 246.919
FHW13121	362.250 	 91.377 	 246.924
FHW13121	362.375 	 90.916 	 246.921
FHW13121	362.500 	 91.378 	 246.919
FHW13121	362.625 	 91.371 	 246.924
FHW13121	362.750 	 90.919 	 247.341
FHW13121	362.875 	 91.377 	 246.924
FHW13121	363.000 	 90.916 	 246.921
FHW13121	363.125 	 91.378 	 246.922
FHW13121	363.250 	 91.370 	 246.921
FHW13121	363.375 	 90.916 	 246.924
FHW13121	363.500 	 91.378 	 246.919
FHW13121	363.625 	 91.375 	 247.347
FHW13121	363.750 	 90.923 	 246.921
FHW13121	363.875 	 91.371 	 246.922
FHW13121	364.000 	 90.916 	 246.921
FHW13121	364.125 	 91.377 	 246.924
FHW13121	364.250 	 91.371 	 246.919
FHW13121	364.375 	 90.916 	 246.924
FHW13121	364.500 	 91.382 	 247.341
FHW13121	364.625 	 90.916 	 246.924
FHW13121	364.750 	 91.377 	 246.921
FHW13121	364.875 	 91.371 	 246.922
FHW13121	365.000 	 90.916 	 246.921
FHW13121	365.125 	 91.377 	 246.924
FHW13121	365.250 	 90.919 	 247.341
FHW13121	365.375 	 91.377 	 246.924
FHW13121	365.500 	 91.370 	 246.921
FHW13121	365.625 	 90.916 	 246.922
FHW13121	365.750 	 91.377 	 246.921
FHW13121	365.875 	 90.916 	 246.919
FHW13121	366.000 	 91.377 	 246.924
FHW13121	366.125 	 91.375 	 247.344
FHW13121	366.250 	 90.909 	 247.101
FHW13121	366.375 	 91.377 	 246.921
FHW13121	366.500 	 90.916 	 246.922
FHW13121	366.625 	 91.377 	 246.921
FHW13121	366.750 	 91.371 	 246.924
FHW13121	366.875 	 90.919 	 247.341
FHW13121	367.000 	 91.377 	 246.924
FHW13121	367.125 	 91.378 	 246.919
FHW13121	367.250 	 90.916 	 246.924
FHW13121	367.375 	 91.370 	 246.921
FHW13121	367.500 	 90.916 	 246.922
FHW13121	367.625 	 91.377 	 246.921
FHW13121	367.750 	 91.382 	 247.347
FHW13121	367.875 	 90.916 	 246.919
FHW13121	368.000 	 91.371 	 246.924
FHW13121	368.125 	 90.916 	 246.921
FHW13121	368.250 	 91.378 	 246.922
FHW13121	368.375 	 91.377 	 246.921
FHW13121	368.500 	 90.919 	 247.345
FHW13121	368.625 	 91.370 	 246.921
FHW13121	368.750 	 90.916 	 246.924
FHW13121	368.875 	 91.378 	 246.919
FHW13121	369.000 	 91.371 	 246.924
FHW13121	369.125 	 90.923 	 246.921
FHW13121	369.250 	 91.371 	 246.922
FHW13121	369.375 	 90.919 	 247.344
FHW13121	369.500 	 91.377 	 246.924
FHW13121	369.625 	 91.371 	 246.919
FHW13121	369.750 	 90.923 	 246.921
FHW13121	369.875 	 91.371 	 246.924
FHW13121	370.000 	 90.916 	 246.919
FHW13121	370.125 	 91.377 	 246.924
FHW13121	370.250 	 91.375 	 247.341
FHW13121	370.375 	 90.916 	 246.924
FHW13121	370.500 	 91.377 	 246.921
FHW13121	370.625 	 91.378 	 246.922
FHW13121	370.750 	 90.916 	 246.921
FHW13121	370.875 	 91.371 	 246.924
FHW13121	371.000 	 90.919 	 247.341
FHW13121	371.125 	 91.377 	 246.924
FHW13121	371.250 	 91.377 	 246.921
FHW13121	371.375 	 90.916 	 246.922
FHW13121	371.500 	 91.370 	 246.921
FHW13121	371.625 	 90.909 	 247.101
FHW13121	371.750 	 91.377 	 246.921
FHW13121	371.875 	 91.382 	 247.345
FHW13121	372.000 	 90.916 	 246.921
FHW13121	372.125 	 91.371 	 246.924
FHW13121	372.250 	 90.916 	 246.919
FHW13121	372.375 	 91.377 	 246.924
FHW13121	372.500 	 91.378 	 246.919
FHW13121	372.625 	 90.919 	 247.347
FHW13121	372.750 	 91.370 	 246.921
FHW13121	372.875 	 90.916 	 246.922
FHW13121	373.000 	 91.377 	 246.921
FHW13121	373.125 	 91.377 	 246.924
FHW13121	373.250 	 90.916 	 246.919
FHW13121	373.375 	 91.370 	 246.921
FHW13121	373.500 	 90.919 	 247.347
FHW13121	373.625 	 91.378 	 246.919
FHW13121	373.750 	 91.377 	 246.924
FHW13121	373.875 	 90.916 	 246.921
FHW13121	374.000 	 91.371 	 246.922
FHW13121	374.125 	 90.916 	 246.921
FHW13121	374.250 	 90.919 	 247.345
FHW13121	374.375 	 90.461 	 247.947
FHW13121	374.500 	 90.454 	 247.941
FHW13121	374.625 	 90.922 	 247.944
FHW13121	374.750 	 90.454 	 247.941
FHW13121	374.875 	 90.464 	 247.773
FHW13121	375.000 	 90.454 	 247.944
FHW13121	375.125 	 90.461 	 247.941
FHW13121	375.250 	 90.454 	 247.944
FHW13121	375.375 	 90.464 	 247.769
FHW13121	375.500 	 90.453 	 247.522
FHW13121	375.625 	 90.915 	 247.944
FHW13121	375.750 	 90.461 	 247.941
FHW13121	375.875 	 90.454 	 247.947
FHW13121	376.000 	 90.464 	 247.767
FHW13121	376.125 	 90.454 	 247.944
FHW13121	376.250 	 90.461 	 247.947
FHW13121	376.375 	 90.461 	 247.941
FHW13121	376.500 	 90.457 	 247.770
FHW13121	376.625 	 90.460 	 247.521
FHW13121	376.750 	 90.915 	 247.944
FHW13121	376.875 	 90.454 	 247.944
FHW13121	377.000 	 90.461 	 247.941
FHW13121	377.125 	 90.457 	 247.773
FHW13121	377.250 	 90.461 	 247.944
FHW13121	377.375 	 90.454 	 247.941
FHW13121	377.500 	 90.461 	 247.944
FHW13121	377.625 	 90.457 	 247.769
FHW13121	377.750 	 90.460 	 247.522
FHW13121	377.875 	 90.915 	 247.944
FHW13121	378.000 	 90.461 	 247.944
FHW13121	378.125 	 90.454 	 247.944
FHW13121	378.250 	 90.464 	 247.767
FHW13121	378.375 	 90.454 	 247.944
FHW13121	378.500 	 90.461 	 247.947
FHW13121	378.625 	 90.454 	 247.941
FHW13121	378.750 	 90.464 	 247.770
FHW13121	378.875 	 90.454 	 247.944
FHW13121	379.000 	 90.912 	 247.522
FHW13121	379.125 	 90.461 	 247.944
FHW13121	379.250 	 90.454 	 247.941
FHW13121	379.375 	 90.464 	 247.773
FHW13121	379.500 	 90.461 	 247.941
FHW13121	379.625 	 90.454 	 247.944
FHW13121	379.750 	 90.461 	 247.944
FHW13121	379.875 	 90.457 	 247.769
FHW13121	380.000 	 90.461 	 247.944
FHW13121	380.125 	 90.912 	 247.518
FHW13121	380.250 	 90.454 	 247.947
FHW13121	380.375 	 90.461 	 247.944
FHW13121	380.500 	 90.457 	 247.767
FHW13121	380.625 	 90.461 	 247.947
FHW13121	380.750 	 90.454 	 247.944
FHW13121	380.875 	 90.461 	 247.941
FHW13121	381.000 	 90.464 	 247.773
FHW13121	381.125 	 90.454 	 247.941
FHW13121	381.250 	 90.912 	 247.522
FHW13121	381.375 	 90.461 	 247.944
FHW13121	381.500 	 90.454 	 247.941
FHW13121	381.625 	 90.464 	 247.773
FHW13121	381.750 	 90.454 	 247.941
FHW13121	381.875 	 90.461 	 247.944
FHW13121	382.000 	 90.454 	 247.944
FHW13121	382.125 	 90.464 	 247.769
FHW13121	382.250 	 90.454 	 247.944
FHW13121	382.375 	 90.915 	 247.944
FHW13121	382.500 	 90.460 	 247.521
FHW13121	382.625 	 90.461 	 247.944
FHW13121	382.750 	 90.457 	 247.767
FHW13121	382.875 	 90.461 	 247.947
FHW13121	383.000 	 90.454 	 247.944
FHW13121	383.125 	 90.461 	 247.941
FHW13121	383.250 	 90.457 	 247.773
FHW13121	383.375 	 90.461 	 247.941
FHW13121	383.500 	 90.915 	 247.944
FHW13121	383.625 	 90.453 	 247.522
FHW13121	383.750 	 90.461 	 247.941
FHW13121	383.875 	 90.457 	 247.773
FHW13121	384.000 	 90.461 	 247.941
FHW13121	384.125 	 90.461 	 247.944
FHW13121	384.250 	 90.454 	 247.944
FHW13121	384.375 	 90.464 	 247.769
FHW13121	384.500 	 90.454 	 247.944
FHW13121	384.625 	 90.915 	 247.941
FHW13121	384.750 	 90.460 	 247.524
FHW13121	384.875 	 90.454 	 247.944
FHW13121	385.000 	 90.464 	 247.767
FHW13121	385.125 	 90.454 	 247.947
FHW13121	385.250 	 90.461 	 247.941
FHW13121	385.375 	 90.454 	 247.944
FHW13121	385.500 	 90.464 	 247.773
FHW13121	385.625 	 90.461 	 247.941
FHW13121	385.750 	 90.915 	 247.944
FHW13121	385.875 	 90.454 	 247.944
FHW13121	386.000 	 90.460 	 247.518
FHW13121	386.125 	 90.457 	 247.773
FHW13121	386.250 	 90.461 	 247.941
FHW13121	386.375 	 90.454 	 247.944
FHW13121	386.500 	 90.461 	 247.944
FHW13121	386.625 	 90.457 	 247.769
FHW13121	386.750 	 90.461 	 247.944
FHW13121	386.875 	 90.915 	 247.941
FHW13121	387.000 	 90.454 	 247.947
FHW13121	387.125 	 90.460 	 247.522
FHW13121	387.250 	 90.464 	 247.767
FHW13121	387.375 	 90.454 	 247.947
FHW13121	387.500 	 90.461 	 247.941
FHW13121	387.625 	 90.454 	 247.944
FHW13121	387.750 	 90.464 	 247.773
FHW13121	387.875 	 90.915 	 247.941
FHW13121	388.000 	 90.454 	 247.944
FHW13121	388.125 	 90.461 	 247.941
FHW13121	388.250 	 90.453 	 247.522
FHW13121	388.375 	 90.464 	 247.773
FHW13121	388.500 	 90.454 	 247.941
FHW13121	388.625 	 90.461 	 247.944
FHW13121	388.750 	 90.461 	 247.941
FHW13121	388.875 	 90.457 	 247.773
FHW13121	389.000 	 90.915 	 247.944
FHW13121	389.125 	 90.461 	 247.941
FHW13121	389.250 	 90.454 	 247.947
FHW13121	389.375 	 90.461 	 247.944
FHW13121	389.500 	 90.456 	 247.341
FHW13121	389.625 	 90.461 	 247.947
FHW13121	389.750 	 90.454 	 247.941
FHW13121	389.875 	 90.461 	 247.944
FHW13121	390.000 	 90.457 	 247.773
FHW13121	390.125 	 90.915 	 247.941
FHW13121	390.250 	 90.461 	 247.944
FHW13121	390.375 	 90.461 	 247.941
FHW13121	390.500 	 90.454 	 247.944
FHW13121	390.625 	 90.463 	 247.347
FHW13121	390.750 	 90.454 	 247.941
FHW13121	390.875 	 90.461 	 247.944
FHW13121	391.000 	 90.454 	 247.941
FHW13121	391.125 	 90.464 	 247.773
FHW13121	391.250 	 90.915 	 247.944
FHW13121	391.375 	 90.454 	 247.941
FHW13121	391.500 	 90.461 	 247.947
FHW13121	391.625 	 90.454 	 247.944
FHW13121	391.750 	 90.464 	 247.767
FHW13121	391.875 	 90.460 	 247.524
FHW13121	392.000 	 90.454 	 247.941
FHW13121	392.125 	 90.461 	 247.944
FHW13121	392.250 	 90.457 	 247.773
FHW13121	392.375 	 90.915 	 247.941
FHW13121	392.500 	 90.461 	 247.944
FHW13121	392.625 	 90.454 	 247.941
FHW13121	392.750 	 90.461 	 247.944
FHW13121	392.875 	 90.457 	 247.773
FHW13121	393.000 	 90.460 	 247.518
FHW13121	393.125 	 90.454 	 247.944
FHW13121	393.250 	 90.461 	 247.944
FHW13121	393.375 	 90.457 	 247.770
FHW13121	393.500 	 90.461 	 247.944
FHW13121	393.625 	 90.461 	 247.941
FHW13121	393.750 	 90.453 	 247.524
FHW13121	393.875 	 90.464 	 247.767
FHW13121	394.000 	 90.454 	 247.944
FHW13121	394.125 	 90.461 	 247.947
FHW13121	394.250 	 90.454 	 247.941
FHW13121	394.375 	 90.464 	 247.770
FHW13121	394.500 	 90.453 	 247.521
FHW13121	394.625 	 90.461 	 247.944
FHW13121	394.750 	 90.454 	 247.944
FHW13121	394.875 	 90.464 	 247.769
FHW13121	395.000 	 90.454 	 247.944
FHW13121	395.125 	 90.461 	 247.941
FHW13121	395.250 	 90.460 	 247.522
FHW13121	395.375 	 90.454 	 247.944
FHW13121	395.500 	 90.464 	 247.769
FHW13121	395.625 	 90.454 	 247.944
FHW13121	395.750 	 90.461 	 247.941
FHW13121	395.875 	 90.454 	 247.947
FHW13121	396.000 	 90.463 	 247.345
FHW13121	396.125 	 90.454 	 247.941
FHW13121	396.250 	 90.461 	 247.947
FHW13121	396.375 	 90.454 	 247.941
FHW13121	396.500 	 90.464 	 247.770
FHW13121	396.625 	 90.454 	 247.947
FHW13121	396.750 	 90.460 	 247.518
FHW13121	396.875 	 90.454 	 247.944
FHW13121	397.000 	 90.464 	 247.767
FHW13121	397.125 	 90.461 	 247.947
FHW13121	397.250 	 90.454 	 247.944
FHW13121	397.375 	 90.461 	 247.941
FHW13121	397.500 	 90.456 	 247.347
FHW13121	397.625 	 90.461 	 247.944
FHW13121	397.750 	 90.454 	 247.941
FHW13121	397.875 	 90.461 	 247.944
FHW13121	398.000 	 90.457 	 247.769
FHW13121	398.125 	 90.461 	 247.944
FHW13121	398.250 	 90.453 	 247.522
FHW13121	398.375 	 90.461 	 247.941
FHW13121	398.500 	 90.457 	 247.773
FHW13121	398.625 	 90.461 	 247.941
FHW13121	398.750 	 90.461 	 247.944
FHW13121	398.875 	 90.454 	 247.947
FHW13121	399.000 	 90.463 	 247.341
FHW13121	399.125 	 90.454 	 247.944
FHW13121	399.250 	 90.461 	 247.944
FHW13121	399.375 	 90.454 	 247.944
FHW13121	399.500 	 90.464 	 247.770
FHW13121	399.625 	 90.454 	 247.944
FHW13121	399.750 	 90.460 	 247.522
FHW13121	399.875 	 90.454 	 247.941
FHW13121	400.000 	 90.464 	 247.773
FHW13121	400.125 	 90.454 	 247.944
FHW13121	400.250 	 90.461 	 247.941
FHW13121	400.375 	 90.461 	 247.944
FHW13121	400.500 	 90.456 	 247.344
FHW13121	400.625 	 90.461 	 247.944
FHW13121	400.750 	 90.454 	 247.944
FHW13121	400.875 	 90.461 	 247.941
FHW13121	401.000 	 90.457 	 247.773
FHW13121	401.125 	 90.461 	 247.941
FHW13121	401.250 	 90.453 	 247.522
FHW13121	401.375 	 90.461 	 247.944
FHW13121	401.500 	 90.457 	 247.769
FHW13121	401.625 	 90.461 	 247.944
FHW13121	401.750 	 90.454 	 247.941
FHW13121	401.875 	 90.461 	 247.947
FHW13121	402.000 	 90.453 	 247.522
FHW13121	402.125 	 90.464 	 247.767
FHW13121	402.250 	 90.461 	 247.947
FHW13121	402.375 	 90.454 	 247.941
FHW13121	402.500 	 90.461 	 247.944
FHW13121	402.625 	 90.457 	 247.773
FHW13121	402.750 	 90.460 	 247.518
FHW13121	402.875 	 90.454 	 247.944
FHW13121	403.000 	 90.461 	 247.941
FHW13121	403.125 	 90.457 	 247.773
FHW13121	403.250 	 90.461 	 247.944
FHW13121	403.375 	 90.454 	 247.941
FHW13121	403.500 	 90.460 	 247.522
FHW13121	403.625 	 90.457 	 247.769
FHW13121	403.750 	 90.461 	 247.944
FHW13121	403.875 	 90.461 	 247.944
FHW13121	404.000 	 90.000 	 247.941
FHW13121	404.125 	 90.457 	 247.773
FHW13121	404.250 	 90.460 	 247.522
FHW13121	404.375 	 90.454 	 247.941
FHW13121	404.500 	 90.461 	 247.947
FHW13121	404.625 	 90.457 	 247.767
FHW13121	404.750 	 90.461 	 247.944
FHW13121	404.875 	 90.454 	 247.947
FHW13121	405.000 	 90.460 	 247.518
FHW13121	405.125 	 90.457 	 247.770
FHW13121	405.250 	 90.461 	 247.944
FHW13121	405.375 	 90.454 	 247.944
FHW13121	405.500 	 90.461 	 247.944
FHW13121	405.625 	 90.457 	 247.769
FHW13121	405.750 	 90.460 	 247.522
FHW13121	405.875 	 90.461 	 247.941
FHW13121	406.000 	 90.454 	 247.944
FHW13121	406.125 	 90.464 	 247.773
FHW13121	406.250 	 90.454 	 247.941
FHW13121	406.375 	 90.460 	 247.522
FHW13121	406.500 	 90.454 	 247.941
FHW13121	406.625 	 90.464 	 247.773
FHW13121	406.750 	 90.454 	 247.944
FHW13121	406.875 	 90.461 	 247.941
FHW13121	407.000 	 90.454 	 247.944
FHW13121	407.125 	 90.463 	 247.344
FHW13121	407.250 	 90.454 	 247.944
FHW13121	407.375 	 90.461 	 247.944
FHW13121	407.500 	 90.461 	 247.944
FHW13121	407.625 	 90.457 	 247.770
FHW13121	407.750 	 90.461 	 247.941
FHW13121	407.875 	 90.453 	 247.524
FHW13121	408.000 	 90.461 	 247.944
FHW13121	408.125 	 90.457 	 247.767
FHW13121	408.250 	 90.461 	 247.947
FHW13121	408.375 	 90.454 	 247.941
FHW13121	408.500 	 90.461 	 247.944
FHW13121	408.625 	 90.456 	 247.347
FHW13121	408.750 	 90.461 	 247.941
FHW13121	408.875 	 90.454 	 247.944
FHW13121	409.000 	 90.461 	 247.941
FHW13121	409.125 	 90.454 	 247.944
FHW13121	409.250 	 90.464 	 247.773
FHW13121	409.375 	 90.460 	 247.518
FHW13121	409.500 	 90.454 	 247.944
FHW13121	409.625 	 90.461 	 247.941
FHW13121	409.750 	 90.457 	 247.773
FHW13121	409.875 	 90.461 	 247.944
FHW13121	410.000 	 90.454 	 247.941
FHW13121	410.125 	 90.460 	 247.524
FHW13121	410.250 	 90.457 	 247.767
FHW13121	410.375 	 90.461 	 247.944
FHW13121	410.500 	 90.454 	 247.947
FHW13121	410.625 	 90.461 	 247.941
FHW13121	410.750 	 90.457 	 247.770
FHW13121	410.875 	 90.460 	 247.524
FHW13121	411.000 	 90.461 	 247.941
FHW13121	411.125 	 90.454 	 247.944
FHW13121	411.250 	 90.464 	 247.769
FHW13121	411.375 	 90.454 	 247.944
FHW13121	411.500 	 90.461 	 247.944
FHW13121	411.625 	 90.453 	 247.518
FHW13121	411.750 	 90.464 	 247.773
FHW13121	411.875 	 90.454 	 247.941
FHW13121	412.000 	 90.461 	 247.944
FHW13121	412.125 	 90.454 	 247.944
FHW13121	412.250 	 90.464 	 247.769
FHW13121	412.375 	 90.453 	 247.522
FHW13121	412.500 	 90.460 	 247.518
FHW13121	412.625 	 90.000 	 247.347
FHW13121	412.750 	 90.457 	 247.769
FHW13121	412.875 	 90.000 	 247.522
FHW13121	413.000 	 90.463 	 247.345
FHW13121	413.125 	 90.460 	 247.521
FHW13121	413.250 	 90.000 	 247.345
FHW13121	413.375 	 90.453 	 247.518
FHW13121	413.500 	 90.463 	 247.347
FHW13121	413.625 	 90.000 	 247.518
FHW13121	413.750 	 90.456 	 247.347
FHW13121	413.875 	 90.463 	 247.341
FHW13121	414.000 	 90.000 	 247.524
FHW13121	414.125 	 90.456 	 247.341
FHW13121	414.250 	 90.460 	 247.522
FHW13121	414.375 	 90.000 	 247.347
FHW13121	414.500 	 90.454 	 247.941
FHW13121	414.625 	 90.463 	 247.347
FHW13121	414.750 	 90.000 	 247.518
FHW13121	414.875 	 90.456 	 247.347
FHW13121	415.000 	 90.000 	 247.341
FHW13121	415.125 	 90.460 	 247.524
FHW13121	415.250 	 90.456 	 247.341
FHW13121	415.375 	 90.000 	 247.522
FHW13121	415.500 	 90.463 	 247.344
FHW13121	415.625 	 90.460 	 247.522
FHW13121	415.750 	 90.000 	 247.347
FHW13121	415.875 	 90.453 	 247.518
FHW13121	416.000 	 90.463 	 247.347
FHW13121	416.125 	 90.000 	 247.767
FHW13121	416.250 	 90.453 	 247.522
FHW13121	416.375 	 90.463 	 247.344
FHW13121	416.500 	 90.000 	 247.522
FHW13121	416.625 	 90.456 	 247.344
FHW13121	416.750 	 90.000 	 247.522
FHW13121	416.875 	 90.463 	 247.347
FHW13121	417.000 	 90.453 	 247.518
FHW13121	417.125 	 90.000 	 247.345
FHW13121	417.250 	 90.463 	 247.344
FHW13121	417.375 	 90.453 	 247.522
FHW13121	417.500 	 90.000 	 247.344
FHW13121	417.625 	 90.460 	 247.522
FHW13121	417.750 	 90.457 	 247.769
FHW13121	417.875 	 90.000 	 247.522
FHW13121	418.000 	 90.463 	 247.347
FHW13121	418.125 	 90.460 	 247.518
FHW13121	418.250 	 90.000 	 247.345
FHW13121	418.375 	 90.456 	 247.344
FHW13121	418.500 	 90.000 	 247.522
FHW13121	418.625 	 90.463 	 247.344
FHW13121	418.750 	 90.453 	 247.522
FHW13121	418.875 	 90.000 	 247.344
FHW13121	419.000 	 90.460 	 247.522
FHW13121	419.125 	 90.456 	 247.341
FHW13121	419.250 	 90.000 	 247.524
FHW13121	419.375 	 90.463 	 247.345
FHW13121	419.500 	 90.457 	 247.769
FHW13121	419.625 	 90.000 	 247.522
FHW13121	419.750 	 90.463 	 247.344
FHW13121	419.875 	 90.453 	 247.522
FHW13121	420.000 	 90.000 	 247.344
FHW13121	420.125 	 90.460 	 247.522
FHW13121	420.250 	 90.456 	 247.341
FHW13121	420.375 	 90.000 	 247.524
FHW13121	420.500 	 90.463 	 247.341
FHW13121	420.625 	 90.000 	 247.347
FHW13121	420.750 	 90.453 	 247.522
FHW13121	420.875 	 90.463 	 247.344
FHW13121	421.000 	 90.000 	 247.522
FHW13121	421.125 	 90.464 	 247.767
FHW13121	421.250 	 90.453 	 247.524
FHW13121	421.375 	 90.000 	 247.341
FHW13121	421.500 	 90.460 	 247.522
FHW13121	421.625 	 90.456 	 247.344
FHW13121	421.750 	 90.000 	 247.347
FHW13121	421.875 	 90.460 	 247.522
FHW13121	422.000 	 90.456 	 247.344
FHW13121	422.125 	 90.000 	 247.522
FHW13121	422.250 	 90.463 	 247.341
FHW13121	422.375 	 90.000 	 247.524
FHW13121	422.500 	 90.456 	 247.341
FHW13121	422.625 	 90.460 	 247.522
FHW13121	422.750 	 90.000 	 247.344
FHW13121	422.875 	 90.457 	 247.773
FHW13121	423.000 	 90.460 	 247.518
FHW13121	423.125 	 90.000 	 247.345
FHW13121	423.250 	 90.453 	 247.524
FHW13121	423.375 	 90.463 	 247.341
FHW13121	423.500 	 90.000 	 247.522
FHW13121	423.625 	 90.463 	 247.344
FHW13121	423.750 	 90.453 	 247.522
FHW13121	423.875 	 90.000 	 247.344
FHW13121	424.000 	 90.460 	 247.522
FHW13121	424.125 	 90.000 	 247.344
FHW13121	424.250 	 90.456 	 247.345
FHW13121	424.375 	 90.460 	 247.521
FHW13121	424.500 	 90.000 	 247.770
FHW13121	424.625 	 90.453 	 247.522
FHW13121	424.750 	 90.463 	 247.344
FHW13121	424.875 	 90.000 	 247.522
FHW13121	425.000 	 90.456 	 247.344
FHW13121	425.125 	 90.460 	 247.522
FHW13121	425.250 	 90.000 	 247.344
FHW13121	425.375 	 90.456 	 247.345
FHW13121	425.500 	 90.460 	 247.518
FHW13121	425.625 	 90.000 	 247.347
FHW13121	425.750 	 90.453 	 247.522
FHW13121	425.875 	 90.000 	 247.344
FHW13121	426.000 	 90.460 	 247.522
FHW13121	426.125 	 90.456 	 247.344
FHW13121	426.250 	 90.000 	 247.944
FHW13121	426.375 	 90.463 	 247.344
FHW13121	426.500 	 90.463 	 247.345
FHW13121	426.625 	 90.000 	 247.518
FHW13121	426.750 	 90.456 	 247.347
FHW13121	426.875 	 90.460 	 247.522
FHW13121	427.000 	 90.000 	 247.344
FHW13121	427.125 	 90.453 	 247.522
FHW13121	427.250 	 90.463 	 247.344
FHW13121	427.375 	 90.000 	 247.522
FHW13121	427.500 	 90.456 	 247.341
FHW13121	427.625 	 90.463 	 247.347
FHW13121	427.750 	 90.000 	 247.518
FHW13121	427.875 	 90.457 	 247.773
FHW13121	428.000 	 90.000 	 247.518
FHW13121	428.125 	 90.463 	 247.347
FHW13121	428.250 	 90.453 	 247.522
FHW13121	428.375 	 90.000 	 247.344
FHW13121	428.500 	 90.460 	 247.522
FHW13121	428.625 	 90.456 	 247.341
FHW13121	428.750 	 90.000 	 247.347
FHW13121	428.875 	 90.460 	 247.518
FHW13121	429.000 	 90.463 	 247.347
FHW13121	429.125 	 90.000 	 247.518
FHW13121	429.250 	 90.456 	 247.345
FHW13121	429.375 	 90.460 	 247.518
FHW13121	429.500 	 90.000 	 247.775
FHW13121	429.625 	 90.453 	 247.522
FHW13121	429.750 	 90.000 	 247.341
FHW13121	429.875 	 90.463 	 247.345
FHW13121	430.000 	 90.453 	 247.524
FHW13121	430.125 	 90.000 	 247.345
FHW13121	430.250 	 90.460 	 247.518
FHW13121	430.375 	 90.456 	 247.345
FHW13121	430.500 	 90.000 	 247.518
FHW13121	430.625 	 90.463 	 247.350
FHW13121	430.750 	 90.453 	 247.522
FHW13121	430.875 	 90.000 	 247.341
FHW13121	431.000 	 90.463 	 247.345
FHW13121	431.125 	 90.453 	 247.518
FHW13121	431.250 	 90.000 	 247.775
FHW13121	431.375 	 90.460 	 247.518
FHW13121	431.500 	 90.000 	 247.345
FHW13121	431.625 	 90.453 	 247.518
FHW13121	431.750 	 90.463 	 247.350
FHW13121	431.875 	 90.462 	 246.919
FHW13121	432.000 	 90.913 	 246.502
FHW13121	432.125 	 90.455 	 246.924
FHW13121	432.250 	 90.920 	 246.317
FHW13121	432.375 	 90.462 	 246.919
FHW13121	432.500 	 90.916 	 246.927
FHW13121	432.625 	 90.453 	 246.498
FHW13121	432.750 	 90.916 	 246.919
FHW13121	432.875 	 90.463 	 246.322
FHW13121	433.000 	 90.916 	 246.919
FHW13121	433.125 	 90.913 	 246.507
FHW13121	433.250 	 90.462 	 246.919
FHW13121	433.375 	 90.916 	 246.922
FHW13121	433.500 	 90.456 	 246.319
FHW13121	433.625 	 90.916 	 246.922
FHW13121	433.750 	 90.460 	 246.498
FHW13121	433.875 	 90.916 	 246.924
FHW13121	434.000 	 90.455 	 246.922
FHW13121	434.125 	 90.920 	 246.498
FHW13121	434.250 	 90.458 	 246.745
FHW13121	434.375 	 90.913 	 246.498
FHW13121	434.500 	 90.462 	 246.927
FHW13121	434.625 	 90.916 	 246.919
FHW13121	434.750 	 90.453 	 246.502
FHW13121	434.875 	 90.923 	 246.742
FHW13121	435.000 	 90.460 	 246.498
FHW13121	435.125 	 90.916 	 246.922
FHW13121	435.250 	 90.462 	 246.924
FHW13121	435.375 	 90.913 	 246.502
FHW13121	435.500 	 90.923 	 246.742
FHW13121	435.625 	 90.453 	 246.502
FHW13121	435.750 	 90.916 	 246.919
FHW13121	435.875 	 90.460 	 246.507
FHW13121	436.000 	 90.916 	 246.919
FHW13121	436.125 	 90.458 	 246.736
FHW13121	436.250 	 90.920 	 246.507
FHW13121	436.375 	 90.455 	 246.919
FHW13121	436.500 	 90.913 	 246.502
FHW13121	436.625 	 90.462 	 246.924
FHW13121	436.750 	 90.923 	 246.739
FHW13121	436.875 	 90.453 	 246.504
FHW13121	437.000 	 90.916 	 246.922
FHW13121	437.125 	 90.460 	 246.498
FHW13121	437.250 	 90.916 	 246.924
FHW13121	437.375 	 90.455 	 246.922
FHW13121	437.500 	 90.927 	 246.314
FHW13121	437.625 	 90.455 	 246.927
FHW13121	437.750 	 90.913 	 246.498
FHW13121	437.875 	 90.916 	 246.922
FHW13121	438.000 	 90.462 	 246.924
FHW13121	438.125 	 90.920 	 246.314
FHW13121	438.250 	 90.455 	 246.927
FHW13121	438.375 	 90.913 	 246.498
FHW13121	438.500 	 90.462 	 246.922
FHW13121	438.625 	 90.916 	 246.924
FHW13121	438.750 	 90.464 	 246.317
FHW13121	438.875 	 90.916 	 246.919
FHW13121	439.000 	 90.453 	 246.507
FHW13121	439.125 	 90.916 	 246.919
FHW13121	439.250 	 90.460 	 246.498
FHW13121	439.375 	 90.923 	 246.745
FHW13121	439.500 	 90.455 	 246.919
FHW13121	439.625 	 90.913 	 246.507
FHW13121	439.750 	 90.462 	 246.919
FHW13121	439.875 	 90.913 	 246.502
FHW13121	440.000 	 90.923 	 246.742
FHW13121	440.125 	 90.462 	 246.922
FHW13121	440.250 	 90.913 	 246.498
FHW13121	440.375 	 90.455 	 246.924
FHW13121	440.500 	 90.913 	 246.502
FHW13121	440.625 	 90.462 	 246.919
FHW13121	440.750 	 90.923 	 246.745
FHW13121	440.875 	 90.460 	 246.498
FHW13121	441.000 	 90.916 	 246.927
FHW13121	441.125 	 90.453 	 246.498
FHW13121	441.250 	 90.916 	 246.922
FHW13121	441.375 	 90.465 	 246.742
FHW13121	441.500 	 90.913 	 246.498
FHW13121	441.625 	 90.455 	 246.922
FHW13121	441.750 	 90.913 	 246.504
FHW13121	441.875 	 90.462 	 246.922
FHW13121	442.000 	 90.920 	 246.319
FHW13121	442.125 	 90.462 	 246.922
FHW13121	442.250 	 90.916 	 246.919
FHW13121	442.375 	 90.913 	 246.507
FHW13121	442.500 	 90.455 	 246.919
FHW13121	442.625 	 90.920 	 246.314
FHW13121	442.750 	 90.462 	 246.927
FHW13121	442.875 	 90.916 	 246.919
FHW13121	443.000 	 90.453 	 246.502
FHW13121	443.125 	 90.923 	 246.924
FHW13121	443.250 	 90.457 	 246.317
FHW13121	443.375 	 90.916 	 246.924
FHW13121	443.500 	 90.462 	 246.922
FHW13121	443.625 	 90.913 	 246.498
FHW13121	443.750 	 90.455 	 246.924
FHW13121	443.875 	 90.920 	 246.317
FHW13121	444.000 	 90.462 	 246.919
FHW13121	444.125 	 90.916 	 246.927
FHW13121	444.250 	 90.453 	 246.498
FHW13121	444.375 	 90.923 	 246.922
FHW13121	444.500 	 90.453 	 246.504
FHW13121	444.625 	 90.923 	 246.739
FHW13121	444.750 	 90.916 	 246.924
FHW13121	444.875 	 90.460 	 246.498
FHW13121	445.000 	 90.916 	 246.922
FHW13121	445.125 	 90.453 	 246.504
FHW13121	445.250 	 90.923 	 246.739
FHW13121	445.375 	 90.460 	 246.498
FHW13121	445.500 	 90.916 	 246.927
FHW13121	445.625 	 90.462 	 246.919
FHW13121	445.750 	 90.913 	 246.498
FHW13121	445.875 	 90.458 	 246.745
FHW13121	446.000 	 90.913 	 246.498
FHW13121	446.125 	 90.462 	 246.927
FHW13121	446.250 	 90.916 	 246.919
FHW13121	446.375 	 90.453 	 246.502
FHW13121	446.500 	 90.930 	 246.742
FHW13121	446.625 	 90.453 	 246.502
FHW13121	446.750 	 90.916 	 246.919
FHW13121	446.875 	 90.462 	 246.927
FHW13121	447.000 	 90.913 	 246.498
FHW13121	447.125 	 90.923 	 246.742
FHW13121	447.250 	 90.453 	 246.502
FHW13121	447.375 	 90.916 	 246.919
FHW13121	447.500 	 90.462 	 246.927
FHW13121	447.625 	 90.913 	 246.498
FHW13121	447.750 	 90.462 	 246.922
FHW13121	447.875 	 90.920 	 246.319
FHW13121	448.000 	 90.455 	 246.919
FHW13121	448.125 	 90.913 	 246.502
FHW13121	448.250 	 90.462 	 246.924
FHW13121	448.375 	 90.916 	 246.922
FHW13121	448.500 	 90.456 	 246.319
FHW13121	448.625 	 90.916 	 246.922
FHW13121	448.750 	 90.460 	 246.498
FHW13121	448.875 	 90.916 	 246.922
FHW13121	449.000 	 90.462 	 246.924
FHW13121	449.125 	 90.920 	 246.314
FHW13121	449.250 	 90.916 	 246.927
FHW13121	449.375 	 90.453 	 246.498
FHW13121	449.500 	 90.916 	 246.922
FHW13121	449.625 	 90.462 	 246.924
FHW13121	449.750 	 90.920 	 246.317
FHW13121	449.875 	 90.455 	 246.924
FHW13121	450.000 	 90.920 	 246.502
FHW13121	450.125 	 90.455 	 246.919
FHW13121	450.250 	 90.916 	 246.919
FHW13121	450.375 	 90.463 	 246.322
FHW13121	450.500 	 90.916 	 246.919
FHW13121	450.625 	 90.453 	 246.507
FHW13121	450.750 	 90.916 	 246.919
FHW13121	450.875 	 90.462 	 246.922
FHW13121	451.000 	 90.917 	 245.899
FHW13121	451.125 	 90.461 	 245.476
FHW13121	451.250 	 90.917 	 245.902
FHW13121	451.375 	 90.455 	 245.899
FHW13121	451.500 	 90.917 	 245.894
FHW13121	451.625 	 90.462 	 245.902
FHW13121	451.750 	 90.917 	 245.894
FHW13121	451.875 	 90.455 	 245.899
FHW13121	452.000 	 90.910 	 246.084
FHW13121	452.125 	 90.462 	 245.899
FHW13121	452.250 	 90.917 	 245.894
FHW13121	452.375 	 90.462 	 245.902
FHW13121	452.500 	 90.917 	 245.894
FHW13121	452.625 	 90.455 	 245.899
FHW13121	452.750 	 90.917 	 245.897
FHW13121	452.875 	 90.462 	 245.899
FHW13121	453.000 	 90.917 	 245.894
FHW13121	453.125 	 90.455 	 245.902
FHW13121	453.250 	 90.917 	 245.899
FHW13121	453.375 	 90.459 	 246.081
FHW13121	453.500 	 90.917 	 245.897
FHW13121	453.625 	 90.462 	 245.899
FHW13121	453.750 	 90.453 	 245.482
FHW13121	453.875 	 90.917 	 245.894
FHW13121	454.000 	 90.462 	 245.902
FHW13121	454.125 	 90.917 	 245.894
FHW13121	454.250 	 90.455 	 245.899
FHW13121	454.375 	 90.917 	 245.897
FHW13121	454.500 	 90.462 	 245.899
FHW13121	454.625 	 90.917 	 245.894
FHW13121	454.750 	 90.459 	 246.090
FHW13121	454.875 	 90.917 	 245.894
FHW13121	455.000 	 90.455 	 245.899
FHW13121	455.125 	 90.917 	 245.897
FHW13121	455.250 	 90.462 	 245.899
FHW13121	455.375 	 90.917 	 245.894
FHW13121	455.500 	 90.455 	 245.902
FHW13121	455.625 	 90.917 	 245.899
FHW13121	455.750 	 90.462 	 245.894
FHW13121	455.875 	 90.917 	 245.902
FHW13121	456.000 	 90.462 	 245.894
FHW13121	456.125 	 90.910 	 246.087
FHW13121	456.250 	 90.455 	 245.897
FHW13121	456.375 	 90.917 	 245.899
FHW13121	456.500 	 90.461 	 245.476
FHW13121	456.625 	 90.917 	 245.902
FHW13121	456.750 	 90.455 	 245.894
FHW13121	456.875 	 90.924 	 245.899
FHW13121	457.000 	 90.455 	 245.897
FHW13121	457.125 	 90.917 	 245.899
FHW13121	457.250 	 90.462 	 245.899
FHW13121	457.375 	 90.917 	 245.897
FHW13121	457.500 	 90.455 	 245.899
FHW13121	457.625 	 90.459 	 246.081
FHW13121	457.750 	 90.917 	 245.902
FHW13121	457.875 	 90.455 	 245.894
FHW13121	458.000 	 90.917 	 245.899
FHW13121	458.125 	 90.462 	 245.894
FHW13121	458.250 	 90.917 	 245.902
FHW13121	458.375 	 90.462 	 245.894
FHW13121	458.500 	 90.917 	 245.899
FHW13121	458.625 	 90.455 	 245.897
FHW13121	458.750 	 90.917 	 245.899
FHW13121	458.875 	 90.459 	 246.081
FHW13121	459.000 	 90.917 	 245.902
FHW13121	459.125 	 90.454 	 245.476
FHW13121	459.250 	 90.924 	 245.899
FHW13121	459.375 	 90.455 	 245.897
FHW13121	459.500 	 90.917 	 245.899
FHW13121	459.625 	 90.462 	 245.899
FHW13121	459.750 	 90.917 	 245.897
FHW13121	459.875 	 90.455 	 245.899
FHW13121	460.000 	 90.917 	 245.894
FHW13121	460.125 	 90.462 	 245.902
FHW13121	460.250 	 90.910 	 246.081
FHW13121	460.375 	 90.455 	 245.899
FHW13121	460.500 	 90.924 	 245.897
FHW13121	460.625 	 90.455 	 245.899
FHW13121	460.750 	 90.917 	 245.894
FHW13121	460.875 	 90.462 	 245.902
FHW13121	461.000 	 90.917 	 245.894
FHW13121	461.125 	 90.455 	 245.899
FHW13121	461.250 	 90.462 	 245.902
FHW13121	461.375 	 90.917 	 245.894
FHW13121	461.500 	 90.455 	 245.899
FHW13121	461.625 	 90.924 	 245.897
FHW13121	461.750 	 90.450 	 245.666
FHW13121	461.875 	 90.917 	 245.899
FHW13121	462.000 	 90.462 	 245.902
FHW13121	462.125 	 90.917 	 245.894
FHW13121	462.250 	 90.455 	 245.899
FHW13121	462.375 	 90.917 	 245.897
FHW13121	462.500 	 90.462 	 245.899
FHW13121	462.625 	 90.917 	 245.894
FHW13121	462.750 	 90.455 	 245.899
FHW13121	462.875 	 90.924 	 245.897
FHW13121	463.000 	 90.455 	 245.899
FHW13121	463.125 	 90.910 	 246.081
FHW13121	463.250 	 90.462 	 245.902
FHW13121	463.375 	 90.917 	 245.894
FHW13121	463.500 	 90.455 	 245.899
FHW13121	463.625 	 90.917 	 245.902
FHW13121	463.750 	 90.462 	 245.894
FHW13121	463.875 	 90.917 	 245.899
FHW13121	464.000 	 90.462 	 245.897
FHW13121	464.125 	 90.917 	 245.899
FHW13121	464.250 	 90.455 	 245.894
FHW13121	464.375 	 90.914 	 245.485
FHW13121	464.500 	 90.459 	 246.081
FHW13121	464.625 	 90.917 	 245.899
FHW13121	464.750 	 90.455 	 245.897
FHW13121	464.875 	 90.917 	 245.899
FHW13121	465.000 	 90.462 	 245.894
FHW13121	465.125 	 90.455 	 245.902
FHW13121	465.250 	 90.924 	 245.894
FHW13121	465.375 	 90.455 	 245.899
FHW13121	465.500 	 90.917 	 245.902
FHW13121	465.625 	 90.462 	 245.894
FHW13121	465.750 	 90.917 	 245.899
FHW13121	465.875 	 90.452 	 246.084
FHW13121	466.000 	 90.917 	 245.899
FHW13121	466.125 	 90.462 	 245.894
FHW13121	466.250 	 90.917 	 245.902
FHW13121	466.375 	 90.462 	 245.894
FHW13121	466.500 	 90.917 	 245.899
FHW13121	466.625 	 90.455 	 245.897
FHW13121	466.750 	 90.917 	 245.899
FHW13121	466.875 	 90.462 	 245.894
FHW13121	467.000 	 90.917 	 245.902
FHW13121	467.125 	 90.453 	 245.482
FHW13121	467.250 	 90.910 	 246.081
FHW13121	467.375 	 90.462 	 245.894
FHW13121	467.500 	 90.917 	 245.902
FHW13121	467.625 	 90.462 	 245.894
FHW13121	467.750 	 90.917 	 245.899
FHW13121	467.875 	 90.455 	 245.902
FHW13121	468.000 	 90.917 	 245.894
FHW13121	468.125 	 90.462 	 245.899
FHW13121	468.250 	 90.917 	 245.897
FHW13121	468.375 	 90.455 	 245.899
FHW13121	468.500 	 90.917 	 245.894
FHW13121	468.625 	 90.459 	 246.090
FHW13121	468.750 	 90.462 	 245.894
FHW13121	468.875 	 90.917 	 245.899
FHW13121	469.000 	 90.455 	 245.897
FHW13121	469.125 	 90.917 	 245.899
FHW13121	469.250 	 90.462 	 245.894
FHW13121	469.375 	 90.917 	 245.902
FHW13121	469.500 	 90.455 	 245.899
FHW13121	469.625 	 90.917 	 245.894
FHW13121	469.750 	 90.460 	 245.485
FHW13121	469.875 	 90.917 	 245.894
FHW13121	470.000 	 90.459 	 246.087
FHW13121	470.125 	 90.455 	 245.897
FHW13121	470.250 	 90.465 	 245.709
FHW13121	470.375 	 90.000 	 245.476
FHW13121	470.500 	 90.453 	 245.482
FHW13121	470.625 	 90.462 	 245.902
FHW13121	470.750 	 90.000 	 245.476
FHW13121	470.875 	 90.455 	 245.899
FHW13121	471.000 	 90.000 	 245.480
FHW13121	471.125 	 90.462 	 245.899
FHW13121	471.250 	 90.000 	 245.290
FHW13121	471.375 	 90.455 	 245.897
FHW13121	471.500 	 90.460 	 245.482
FHW13121	471.625 	 90.000 	 245.894
FHW13121	471.750 	 90.453 	 245.482
FHW13121	471.875 	 90.000 	 245.897
FHW13121	472.000 	 90.460 	 245.482
FHW13121	472.125 	 90.000 	 245.476
FHW13121	472.250 	 90.458 	 245.712
FHW13121	472.375 	 90.460 	 245.482
FHW13121	472.500 	 90.000 	 245.894
FHW13121	472.625 	 90.460 	 245.482
FHW13121	472.750 	 90.000 	 245.897
FHW13121	472.875 	 90.453 	 245.482
FHW13121	473.000 	 90.000 	 245.894
FHW13121	473.125 	 90.460 	 245.485
FHW13121	473.250 	 90.458 	 245.709
FHW13121	473.375 	 90.000 	 245.476
FHW13121	473.500 	 90.462 	 245.899
FHW13121	473.625 	 90.000 	 245.480
FHW13121	473.750 	 90.453 	 245.482
FHW13121	473.875 	 90.000 	 245.899
FHW13121	474.000 	 90.461 	 245.480
FHW13121	474.125 	 90.000 	 245.899
FHW13121	474.250 	 90.454 	 245.476
FHW13121	474.375 	 90.465 	 245.709
FHW13121	474.500 	 90.000 	 245.485
FHW13121	474.625 	 90.455 	 245.894
FHW13121	474.750 	 90.000 	 245.482
FHW13121	474.875 	 90.462 	 245.897
FHW13121	475.000 	 90.000 	 245.482
FHW13121	475.125 	 90.455 	 245.894
FHW13121	475.250 	 90.460 	 245.485
FHW13121	475.375 	 90.000 	 245.290
FHW13121	475.500 	 90.462 	 245.897
FHW13121	475.625 	 90.000 	 245.482
FHW13121	475.750 	 90.455 	 245.890
FHW13121	475.875 	 90.000 	 245.482
FHW13121	476.000 	 90.462 	 245.897
FHW13121	476.125 	 90.453 	 245.482
FHW13121	476.250 	 90.000 	 245.902
FHW13121	476.375 	 90.464 	 245.284
FHW13121	476.500 	 90.000 	 245.902
FHW13121	476.625 	 90.454 	 245.476
FHW13121	476.750 	 90.000 	 245.896
FHW13121	476.875 	 90.460 	 245.488
FHW13121	477.000 	 90.454 	 245.476
FHW13121	477.125 	 90.000 	 245.896
FHW13121	477.250 	 90.461 	 245.483
FHW13121	477.375 	 90.000 	 245.896
FHW13121	477.500 	 90.457 	 245.284
FHW13121	477.625 	 90.000 	 245.902
FHW13121	477.750 	 90.460 	 245.482
FHW13121	477.875 	 90.000 	 245.897
FHW13121	478.000 	 90.453 	 245.482
FHW13121	478.125 	 90.462 	 245.897
FHW13121	478.250 	 90.000 	 245.482
FHW13121	478.375 	 90.455 	 245.890
FHW13121	478.500 	 90.000 	 245.296
FHW13121	478.625 	 90.460 	 245.482
FHW13121	478.750 	 90.000 	 245.890
FHW13121	478.875 	 90.460 	 245.482
FHW13121	479.000 	 90.455 	 245.897
FHW13121	479.125 	 90.000 	 245.482
FHW13121	479.250 	 90.462 	 245.897
FHW13121	479.375 	 90.000 	 245.482
FHW13121	479.500 	 90.458 	 245.712
FHW13121	479.625 	 90.000 	 245.476
FHW13121	479.750 	 90.462 	 245.896
FHW13121	479.875 	 90.454 	 245.483
FHW13121	480.000 	 90.000 	 245.896
FHW13121	480.125 	 90.460 	 245.482
FHW13121	480.250 	 90.000 	 245.483
FHW13121	480.375 	 90.455 	 245.896
FHW13121	480.500 	 90.000 	 245.476
FHW13121	480.625 	 90.465 	 245.712
FHW13121	480.750 	 90.453 	 245.482
FHW13121	480.875 	 90.000 	 245.897
FHW13121	481.000 	 90.460 	 245.482
FHW13121	481.125 	 90.000 	 245.897
FHW13121	481.250 	 90.453 	 245.482
FHW13121	481.375 	 90.000 	 245.890
FHW13121	481.500 	 90.460 	 245.482
FHW13121	481.625 	 90.465 	 245.712
FHW13121	481.750 	 90.000 	 245.476
FHW13121	481.875 	 90.453 	 245.482
FHW13121	482.000 	 90.000 	 245.897
FHW13121	482.125 	 90.460 	 245.482
FHW13121	482.250 	 90.000 	 245.897
FHW13121	482.375 	 90.453 	 245.482
FHW13121	482.500 	 90.000 	 245.902
FHW13121	482.625 	 90.464 	 245.284
FHW13121	482.750 	 90.455 	 245.896
FHW13121	482.875 	 90.000 	 245.483
FHW13121	483.000 	 90.462 	 245.896
FHW13121	483.125 	 90.000 	 245.476
FHW13121	483.250 	 90.455 	 245.902
FHW13121	483.375 	 90.000 	 245.482
FHW13121	483.500 	 90.461 	 245.476
FHW13121	483.625 	 90.458 	 245.712
FHW13121	483.750 	 90.000 	 245.476
FHW13121	483.875 	 90.462 	 245.902
FHW13121	484.000 	 90.000 	 245.482
FHW13121	484.125 	 90.455 	 245.897
FHW13121	484.250 	 90.000 	 245.482
FHW13121	484.375 	 90.462 	 245.890
FHW13121	484.500 	 90.453 	 245.482
FHW13121	484.625 	 90.000 	 245.712
FHW13121	484.750 	 90.461 	 245.476
FHW13121	484.875 	 90.000 	 245.482
FHW13121	485.000 	 90.462 	 245.897
FHW13121	485.125 	 90.000 	 245.482
FHW13121	485.250 	 90.455 	 245.897
FHW13121	485.375 	 90.460 	 245.482
FHW13121	485.500 	 90.000 	 245.897
FHW13121	485.625 	 90.453 	 245.482
FHW13121	485.750 	 90.000 	 245.706
FHW13121	485.875 	 90.461 	 245.483
FHW13121	486.000 	 90.000 	 245.896
FHW13121	486.125 	 90.454 	 245.476
FHW13121	486.250 	 90.462 	 245.902
FHW13121	486.375 	 90.000 	 245.482
FHW13121	486.500 	 90.454 	 245.476
FHW13121	486.625 	 90.000 	 245.902
FHW13121	486.750 	 90.464 	 245.284
FHW13121	486.875 	 90.000 	 245.902
FHW13121	487.000 	 90.453 	 245.482
FHW13121	487.125 	 90.000 	 245.890
FHW13121	487.250 	 90.460 	 245.488
FHW13121	487.375 	 90.455 	 245.890
FHW13121	487.500 	 90.000 	 245.482
FHW13121	487.625 	 90.462 	 245.897
FHW13121	487.750 	 90.000 	 245.290
FHW13121	487.875 	 90.462 	 245.902
FHW13121	488.000 	 90.000 	 245.476
FHW13121	488.125 	 90.453 	 245.482
FHW13121	488.250 	 90.462 	 245.897
FHW13121	488.375 	 90.000 	 245.482
FHW13121	488.500 	 90.455 	 245.897
FHW13121	488.625 	 90.000 	 245.482
FHW13121	488.750 	 90.465 	 245.706
FHW13121	488.875 	 90.000 	 245.476
FHW13121	489.000 	 90.455 	 245.902
FHW13121	489.125 	 90.461 	 245.476
FHW13121	489.250 	 90.000 	 245.902
FHW13121	489.375 	 90.454 	 245.476
FHW13121	489.500 	 90.000 	 245.902
FHW13121	489.625 	 90.460 	 245.482
FHW13121	489.750 	 90.000 	 245.284
FHW13121	489.875 	 90.455 	 245.902
FHW13121	490.000 	 90.461 	 245.476
FHW13121	490.125 	 90.000 	 245.896
FHW13121	490.250 	 90.453 	 245.488
FHW13121	490.375 	 90.000 	 245.890
FHW13121	490.500 	 90.460 	 245.482
FHW13121	490.625 	 90.000 	 245.897
FHW13121	490.750 	 90.460 	 245.482
FHW13121	490.875 	 90.458 	 245.712
FHW13121	491.000 	 90.000 	 245.476
FHW13121	491.125 	 90.460 	 245.482
FHW13121	491.250 	 90.000 	 245.897
FHW13121	491.375 	 90.453 	 245.482
FHW13121	491.500 	 90.000 	 245.897
FHW13121	491.625 	 90.460 	 245.482
FHW13121	491.750 	 90.000 	 245.890
FHW13121	491.875 	 90.457 	 245.290
FHW13121	492.000 	 90.462 	 245.902
FHW13121	492.125 	 90.000 	 245.476
FHW13121	492.250 	 90.455 	 245.902
FHW13121	492.375 	 90.000 	 245.476
FHW13121	492.500 	 90.462 	 245.902
FHW13121	492.625 	 90.000 	 245.482
FHW13121	492.750 	 90.454 	 245.476
FHW13121	492.875 	 90.465 	 245.712
FHW13121	493.000 	 90.000 	 245.476
FHW13121	493.125 	 90.455 	 245.896
FHW13121	493.250 	 90.000 	 245.488
FHW13121	493.375 	 90.462 	 245.890
FHW13121	493.500 	 90.000 	 245.482
FHW13121	493.625 	 90.455 	 245.897
FHW13121	493.750 	 90.460 	 245.482
FHW13121	493.875 	 90.000 	 245.712
FHW13121	494.000 	 90.461 	 245.476
FHW13121	494.125 	 90.000 	 245.902
FHW13121	494.250 	 90.454 	 245.476
FHW13121	494.375 	 90.000 	 245.482
FHW13121	494.500 	 90.462 	 245.897
FHW13121	494.625 	 90.453 	 245.482
FHW13121	494.750 	 90.000 	 245.890
FHW13121	494.875 	 90.464 	 245.290
FHW13121	495.000 	 90.000 	 245.902
FHW13121	495.125 	 90.454 	 245.476
FHW13121	495.250 	 90.000 	 245.902
FHW13121	495.375 	 90.461 	 245.476
FHW13121	495.500 	 90.455 	 245.902
FHW13121	495.625 	 90.000 	 245.476
FHW13121	495.750 	 90.460 	 245.482
FHW13121	495.875 	 90.000 	 245.712
FHW13121	496.000 	 90.454 	 245.476
FHW13121	496.125 	 90.000 	 245.896
FHW13121	496.250 	 90.461 	 245.483
FHW13121	496.375 	 90.455 	 245.896
FHW13121	496.500 	 90.000 	 245.482
FHW13121	496.625 	 90.462 	 245.897
FHW13121	496.750 	 90.000 	 245.482
FHW13121	496.875 	 90.462 	 245.897
FHW13121	497.000 	 90.000 	 245.290
FHW13121	497.125 	 90.455 	 245.902
FHW13121	497.250 	 90.000 	 245.476
FHW13121	497.375 	 90.460 	 245.482
FHW13121	497.500 	 90.455 	 245.890
FHW13121	497.625 	 90.000 	 245.488
FHW13121	497.750 	 90.462 	 245.890
FHW13121	497.875 	 90.000 	 245.482
FHW13121	498.000 	 90.458 	 245.712
FHW13121	498.125 	 90.000 	 245.476
FHW13121	498.250 	 90.462 	 245.902
FHW13121	498.375 	 90.454 	 245.476
FHW13121	498.500 	 90.000 	 245.902
FHW13121	498.625 	 90.461 	 245.476
FHW13121	498.750 	 90.000 	 245.896
FHW13121	498.875 	 90.453 	 245.488
FHW13121	499.000 	 90.000 	 245.284
FHW13121	499.125 	 90.462 	 245.896
FHW13121	499.250 	 90.454 	 245.476
FHW13121	499.375 	 90.000 	 245.902
FHW13121	499.500 	 90.460 	 245.482
FHW13121	499.625 	 90.000 	 245.897
FHW13121	499.750 	 90.453 	 245.482
FHW13121	499.875 	 90.000 	 245.897
FHW13121	500.000 	 90.464 	 245.290
FHW13121	500.125 	 90.462 	 245.902
FHW13121	500.250 	 90.000 	 245.476
FHW13121	500.375 	 90.455 	 245.896
FHW13121	500.500 	 90.000 	 245.476
FHW13121	500.625 	 90.460 	 245.488
FHW13121	500.750 	 90.000 	 245.890
FHW13121	500.875 	 90.453 	 245.482
FHW13121	501.000 	 90.462 	 245.897
FHW13121	501.125 	 90.000 	 245.290
FHW13121	501.250 	 90.455 	 245.902
FHW13121	501.375 	 90.000 	 245.476
FHW13121	501.500 	 90.462 	 245.902
FHW13121	501.625 	 90.000 	 245.476
FHW13121	501.750 	 90.455 	 245.896
FHW13121	501.875 	 90.000 	 245.483
FHW13121	502.000 	 90.460 	 245.482
FHW13121	502.125 	 90.458 	 245.706
FHW13121	502.250 	 90.000 	 245.476
FHW13121	502.375 	 90.462 	 245.902
FHW13121	502.500 	 90.000 	 245.476
FHW13121	502.625 	 90.455 	 245.902
FHW13121	502.750 	 90.000 	 245.482
FHW13121	502.875 	 90.462 	 245.897
FHW13121	503.000 	 90.460 	 245.482
FHW13121	503.125 	 90.000 	 245.700
FHW13121	503.250 	 90.453 	 245.488
FHW13121	503.375 	 90.000 	 245.896
FHW13121	503.500 	 90.461 	 245.476
FHW13121	503.625 	 90.000 	 245.488
FHW13121	503.750 	 90.455 	 245.890
FHW13121	503.875 	 90.460 	 245.482
FHW13121	504.000 	 90.000 	 245.897
FHW13121	504.125 	 90.457 	 245.290
FHW13121	504.250 	 90.000 	 245.902
FHW13121	504.375 	 90.461 	 245.476
FHW13121	504.500 	 90.000 	 245.902
FHW13121	504.625 	 90.454 	 245.476
FHW13121	504.750 	 90.462 	 245.896
FHW13121	504.875 	 90.000 	 245.483
FHW13121	505.000 	 90.455 	 245.896
FHW13121	505.125 	 90.000 	 245.290
FHW13121	505.250 	 90.461 	 245.476
FHW13121	505.375 	 90.000 	 245.902
FHW13121	505.500 	 90.454 	 245.476
FHW13121	505.625 	 90.462 	 245.902
FHW13121	505.750 	 90.000 	 245.482
FHW13121	505.875 	 90.455 	 245.897
FHW13121	506.000 	 90.000 	 245.482
FHW13121	506.125 	 90.462 	 245.890
FHW13121	506.250 	 90.000 	 245.296
FHW13121	506.375 	 90.462 	 245.896
FHW13121	506.500 	 90.000 	 245.476
FHW13121	506.625 	 90.453 	 245.488
FHW13121	506.750 	 90.462 	 245.890
FHW13121	506.875 	 90.000 	 245.482
FHW13121	507.000 	 90.455 	 245.897
FHW13121	507.125 	 90.000 	 245.482
FHW13121	507.250 	 90.465 	 245.712
FHW13121	507.375 	 90.000 	 245.476
FHW13121	507.500 	 90.455 	 245.902
FHW13121	507.625 	 90.461 	 245.476
FHW13121	507.750 	 90.000 	 245.896
FHW13121	507.875 	 90.454 	 245.476
FHW13121	508.000 	 90.000 	 245.902
FHW13121	508.125 	 90.461 	 245.476
FHW13121	508.250 	 90.000 	 245.290
FHW13121	508.375 	 90.455 	 245.902
FHW13121	508.500 	 90.461 	 245.476
FHW13121	508.625 	 90.000 	 245.902
FHW13121	508.750 	 90.454 	 245.476
FHW13121	508.875 	 90.000 	 245.902
FHW13121	509.000 	 90.460 	 245.482
FHW13121	509.125 	 90.000 	 245.890
FHW13121	509.250 	 90.464 	 245.296
FHW13121	509.375 	 90.455 	 245.890
FHW13121	509.500 	 90.000 	 245.482
FHW13121	509.625 	 90.462 	 245.902
FHW13121	509.750 	 90.000 	 245.476
FHW13121	509.875 	 90.453 	 245.482
FHW13121	510.000 	 90.000 	 245.897
FHW13121	510.125 	 90.460 	 245.482
FHW13121	510.250 	 90.455 	 245.897
FHW13121	510.375 	 90.000 	 245.290
FHW13121	510.500 	 90.462 	 245.902
FHW13121	510.625 	 90.000 	 245.476
FHW13121	510.750 	 90.455 	 245.896
FHW13121	510.875 	 90.000 	 245.476
FHW13121	511.000 	 90.462 	 245.902
FHW13121	511.125 	 90.000 	 245.476
FHW13121	511.250 	 90.453 	 245.482
FHW13121	511.375 	 90.465 	 245.712
FHW13121	511.500 	 90.000 	 245.476
FHW13121	511.625 	 90.455 	 245.902
FHW13121	511.750 	 90.000 	 245.476
FHW13121	511.875 	 90.462 	 245.902
FHW13121	512.000 	 90.000 	 245.482
FHW13121	512.125 	 90.455 	 245.890
FHW13121	512.250 	 90.460 	 245.488
FHW13121	512.375 	 90.000 	 245.700
FHW13121	512.500 	 90.460 	 245.482
FHW13121	512.625 	 90.000 	 245.897
FHW13121	512.750 	 90.453 	 245.482
FHW13121	512.875 	 90.000 	 245.482
FHW13121	513.000 	 90.462 	 245.897
FHW13121	513.125 	 90.453 	 245.482
FHW13121	513.250 	 90.000 	 245.897
FHW13121	513.375 	 90.464 	 245.290
FHW13121	513.500 	 90.000 	 245.896
FHW13121	513.625 	 90.454 	 245.483
FHW13121	513.750 	 90.000 	 245.896
FHW13121	513.875 	 90.461 	 245.476
FHW13121	514.000 	 90.455 	 245.902
FHW13121	514.125 	 90.000 	 245.476
FHW13121	514.250 	 90.462 	 245.902
FHW13121	514.375 	 90.000 	 245.290
FHW13121	514.500 	 90.454 	 245.476
FHW13121	514.625 	 90.000 	 245.902
FHW13121	514.750 	 90.461 	 245.476
FHW13121	514.875 	 90.455 	 245.902
FHW13121	515.000 	 90.000 	 245.476
FHW13121	515.125 	 90.462 	 245.896
FHW13121	515.250 	 90.000 	 245.482
FHW13121	515.375 	 90.462 	 245.897
FHW13121	515.500 	 90.000 	 245.290
FHW13121	515.625 	 90.455 	 245.897
FHW13121	515.750 	 90.000 	 245.482
FHW13121	515.875 	 90.462 	 245.902
FHW13121	516.000 	 90.454 	 245.476
FHW13121	516.125 	 90.000 	 245.482
FHW13121	516.250 	 90.462 	 245.897
FHW13121	516.375 	 90.000 	 245.482
FHW13121	516.500 	 90.458 	 245.706
FHW13121	516.625 	 90.000 	 245.483
FHW13121	516.750 	 90.462 	 245.896
FHW13121	516.875 	 90.454 	 245.476
FHW13121	517.000 	 90.000 	 245.902
FHW13121	517.125 	 90.461 	 245.476
FHW13121	517.250 	 90.000 	 245.902
FHW13121	517.375 	 90.454 	 245.476
FHW13121	517.500 	 90.000 	 245.290
FHW13121	517.625 	 90.462 	 245.902
FHW13121	517.750 	 90.454 	 245.476
FHW13121	517.875 	 90.000 	 245.902
FHW13121	518.000 	 90.461 	 245.476
FHW13121	518.125 	 90.000 	 245.896
FHW13121	518.250 	 90.461 	 245.476
FHW13121	518.375 	 90.000 	 245.902
FHW13121	518.500 	 90.457 	 245.290
FHW13121	518.625 	 90.462 	 245.897
FHW13121	518.750 	 90.000 	 245.482
FHW13121	518.875 	 90.455 	 245.897
FHW13121	519.000 	 90.000 	 245.482
FHW13121	519.125 	 90.460 	 245.482
FHW13121	519.250 	 90.000 	 245.897
FHW13121	519.375 	 90.453 	 245.482
FHW13121	519.500 	 90.465 	 245.700
FHW13121	519.625 	 90.000 	 245.488
FHW13121	519.750 	 90.455 	 245.896
FHW13121	519.875 	 90.000 	 245.476
FHW13121	520.000 	 90.462 	 245.902
FHW13121	520.125 	 90.000 	 245.476
FHW13121	520.250 	 90.455 	 245.902
FHW13121	520.375 	 90.000 	 245.476
FHW13121	520.500 	 90.465 	 245.712
FHW13121	520.625 	 90.453 	 245.482
FHW13121	520.750 	 90.000 	 245.476
FHW13121	520.875 	 90.462 	 245.902
FHW13121	521.000 	 90.000 	 245.476
FHW13121	521.125 	 90.455 	 245.896
FHW13121	521.250 	 90.000 	 245.476
FHW13121	521.375 	 90.462 	 245.902
FHW13121	521.500 	 90.460 	 245.482
FHW13121	521.625 	 90.000 	 245.707
FHW13121	521.750 	 90.453 	 245.482
FHW13121	521.875 	 90.000 	 245.897
FHW13121	522.000 	 90.460 	 245.482
FHW13121	522.125 	 90.000 	 245.482
FHW13121	522.250 	 90.455 	 245.897
FHW13121	522.375 	 90.460 	 245.482
FHW13121	522.500 	 90.000 	 245.890
FHW13121	522.625 	 90.457 	 245.296
FHW13121	522.750 	 90.000 	 245.896
FHW13121	522.875 	 90.461 	 245.476
FHW13121	523.000 	 90.000 	 245.902
FHW13121	523.125 	 90.454 	 245.476
FHW13121	523.250 	 90.462 	 245.902
FHW13121	523.375 	 90.000 	 245.476
FHW13121	523.500 	 90.455 	 245.902
FHW13121	523.625 	 90.000 	 245.290
FHW13121	523.750 	 90.461 	 245.476
FHW13121	523.875 	 90.000 	 245.896
FHW13121	524.000 	 90.454 	 245.483
FHW13121	524.125 	 90.462 	 245.896
FHW13121	524.250 	 90.000 	 245.476
FHW13121	524.375 	 90.462 	 245.902
FHW13121	524.500 	 90.000 	 245.476
FHW13121	524.625 	 90.458 	 245.712
FHW13121	524.750 	 90.000 	 245.482
FHW13121	524.875 	 90.462 	 245.897
FHW13121	525.000 	 90.000 	 245.482
FHW13121	525.125 	 90.455 	 245.890
FHW13121	525.250 	 90.460 	 245.488
FHW13121	525.375 	 90.000 	 245.482
FHW13121	525.500 	 90.455 	 245.890
FHW13121	525.625 	 90.000 	 245.290
FHW13121	525.750 	 90.462 	 245.897
FHW13121	525.875 	 90.000 	 245.482
FHW13121	526.000 	 90.455 	 245.902
FHW13121	526.125 	 90.461 	 245.476
FHW13121	526.250 	 90.000 	 245.902
FHW13121	526.375 	 90.454 	 245.476
FHW13121	526.500 	 90.000 	 245.902
FHW13121	526.625 	 90.461 	 245.476
FHW13121	526.750 	 90.000 	 245.706
FHW13121	526.875 	 90.453 	 245.482
FHW13121	527.000 	 90.461 	 245.483
FHW13121	527.125 	 90.000 	 245.896
FHW13121	527.250 	 90.454 	 245.476
FHW13121	527.375 	 90.000 	 245.902
FHW13121	527.500 	 90.461 	 245.476
FHW13121	527.625 	 90.000 	 245.902
FHW13121	527.750 	 90.464 	 245.290
FHW13121	527.875 	 90.455 	 245.897
FHW13121	528.000 	 90.000 	 245.482
FHW13121	528.125 	 90.462 	 245.890
FHW13121	528.250 	 90.000 	 245.488
FHW13121	528.375 	 90.453 	 245.482
FHW13121	528.500 	 90.000 	 245.890
FHW13121	528.625 	 90.460 	 245.482
FHW13121	528.750 	 90.458 	 245.707
FHW13121	528.875 	 90.000 	 245.482
FHW13121	529.000 	 90.462 	 245.902
FHW13121	529.125 	 90.000 	 245.476
FHW13121	529.250 	 90.455 	 245.902
FHW13121	529.375 	 90.000 	 245.476
FHW13121	529.500 	 90.462 	 245.896
FHW13121	529.625 	 90.000 	 245.483
FHW13121	529.750 	 90.458 	 245.706
FHW13121	529.875 	 90.460 	 245.482
FHW13121	530.000 	 90.000 	 245.483
FHW13121	530.125 	 90.455 	 245.896
FHW13121	530.250 	 90.000 	 245.476
FHW13121	530.375 	 90.462 	 245.902
FHW13121	530.500 	 90.000 	 245.476
FHW13121	530.625 	 90.462 	 245.902
FHW13121	530.750 	 90.457 	 245.290
FHW13121	530.875 	 90.000 	 245.897
FHW13121	531.000 	 90.460 	 245.482
FHW13121	531.125 	 90.000 	 245.890
FHW13121	531.250 	 90.453 	 245.488
FHW13121	531.375 	 90.000 	 245.890
FHW13121	531.500 	 90.460 	 245.482
FHW13121	531.625 	 90.453 	 245.482
FHW13121	531.750 	 90.000 	 245.897
FHW13121	531.875 	 90.464 	 245.290
FHW13121	532.000 	 90.000 	 245.897
FHW13121	532.125 	 90.453 	 245.482
FHW13121	532.250 	 90.000 	 245.902
FHW13121	532.375 	 90.461 	 245.476
FHW13121	532.500 	 90.455 	 245.896
FHW13121	532.625 	 90.000 	 245.483
FHW13121	532.750 	 90.462 	 245.896
FHW13121	532.875 	 90.000 	 245.290
FHW13121	533.000 	 90.454 	 245.483
FHW13121	533.125 	 90.000 	 245.896
FHW13121	533.250 	 90.461 	 245.476
FHW13121	533.375 	 90.455 	 245.902
FHW13121	533.500 	 90.000 	 245.476
FHW13121	533.625 	 90.462 	 245.902
FHW13121	533.750 	 90.000 	 245.476
FHW13121	533.875 	 90.465 	 245.712
FHW13121	534.000 	 90.000 	 245.482
FHW13121	534.125 	 90.455 	 245.890
FHW13121	534.250 	 90.460 	 245.482
FHW13121	534.375 	 90.000 	 245.897
FHW13121	534.500 	 90.453 	 245.482
FHW13121	534.625 	 90.000 	 245.482
FHW13121	534.750 	 90.462 	 245.897
FHW13121	534.875 	 90.000 	 245.290
FHW13121	535.000 	 90.455 	 245.897
FHW13121	535.125 	 90.000 	 245.482
FHW13121	535.250 	 90.462 	 245.902
FHW13121	535.375 	 90.454 	 245.476
FHW13121	535.500 	 90.000 	 245.896
FHW13121	535.625 	 90.461 	 245.483
FHW13121	535.750 	 90.000 	 245.896
FHW13121	535.875 	 90.454 	 245.476
FHW13121	536.000 	 90.000 	 245.712
FHW13121	536.125 	 90.460 	 245.482
FHW13121	536.250 	 90.454 	 245.476
FHW13121	536.375 	 90.000 	 245.902
FHW13121	536.500 	 90.461 	 245.476
FHW13121	536.625 	 90.000 	 245.902
FHW13121	536.750 	 90.461 	 245.476
FHW13121	536.875 	 90.000 	 245.902
FHW13121	537.000 	 90.457 	 245.290
FHW13121	537.125 	 90.462 	 245.890
FHW13121	537.250 	 90.000 	 245.482
FHW13121	537.375 	 90.455 	 245.897
FHW13121	537.500 	 90.000 	 245.482
FHW13121	537.625 	 90.461 	 245.476
FHW13121	537.750 	 90.000 	 245.902
FHW13121	537.875 	 90.453 	 245.482
FHW13121	538.000 	 90.466 	 245.707
FHW13121	538.125 	 90.000 	 245.482
FHW13121	538.250 	 90.455 	 245.897
FHW13121	538.375 	 90.000 	 245.482
FHW13121	538.500 	 90.462 	 245.896
FHW13121	538.625 	 90.000 	 245.483
FHW13121	538.750 	 90.455 	 245.896
FHW13121	538.875 	 90.000 	 245.476
FHW13121	539.000 	 90.465 	 245.712
FHW13121	539.125 	 90.453 	 245.482
FHW13121	539.250 	 90.000 	 245.476
FHW13121	539.375 	 90.462 	 245.902
FHW13121	539.500 	 90.000 	 245.476
FHW13121	539.625 	 90.455 	 245.902
FHW13121	539.750 	 90.000 	 245.476
FHW13121	539.875 	 90.462 	 245.896
FHW13121	540.000 	 90.464 	 245.296
FHW13121	540.125 	 90.000 	 245.890
FHW13121	540.250 	 90.453 	 245.482
FHW13121	540.375 	 90.000 	 245.897
FHW13121	540.500 	 90.460 	 245.482
FHW13121	540.625 	 90.000 	 245.897
FHW13121	540.750 	 90.453 	 245.482
FHW13121	540.875 	 90.460 	 245.482
FHW13121	541.000 	 90.000 	 245.897
FHW13121	541.125 	 90.457 	 245.290
FHW13121	541.250 	 90.000 	 245.897
FHW13121	541.375 	 90.460 	 245.482
FHW13121	541.500 	 90.000 	 245.896
FHW13121	541.625 	 90.454 	 245.476
FHW13121	541.750 	 90.462 	 245.902
FHW13121	541.875 	 90.000 	 245.476
FHW13121	542.000 	 90.455 	 245.902
FHW13121	542.125 	 90.000 	 245.284
FHW13121	542.250 	 90.462 	 245.902
FHW13121	542.375 	 90.000 	 245.482
FHW13121	542.500 	 90.454 	 245.476
FHW13121	542.625 	 90.462 	 245.902
FHW13121	542.750 	 90.000 	 245.476
FHW13121	542.875 	 90.462 	 245.896
FHW13121	543.000 	 90.000 	 245.483
FHW13121	543.125 	 90.458 	 245.706
FHW13121	543.250 	 90.000 	 245.482
FHW13121	543.375 	 90.462 	 245.897
FHW13121	543.500 	 90.453 	 245.482
FHW13121	543.625 	 90.000 	 245.897
FHW13121	543.750 	 90.460 	 245.482
FHW13121	543.875 	 90.000 	 245.476
FHW13121	544.000 	 90.455 	 245.902
FHW13121	544.125 	 90.000 	 245.290
FHW13121	544.250 	 90.462 	 245.897
FHW13121	544.375 	 90.000 	 245.482
FHW13121	544.500 	 90.455 	 245.890
FHW13121	544.625 	 90.460 	 245.482
FHW13121	544.750 	 90.000 	 245.902
FHW13121	544.875 	 90.454 	 245.476
FHW13121	545.000 	 90.000 	 245.902
FHW13121	545.125 	 90.461 	 245.476
FHW13121	545.250 	 90.000 	 245.712
FHW13121	545.375 	 90.453 	 245.482
FHW13121	545.500 	 90.461 	 245.476
FHW13121	545.625 	 90.000 	 245.902
FHW13121	545.750 	 90.461 	 245.476
FHW13121	545.875 	 90.000 	 245.896
FHW13121	546.000 	 90.454 	 245.483
FHW13121	546.125 	 90.000 	 245.896
FHW13121	546.250 	 90.464 	 245.290
FHW13121	546.375 	 90.455 	 245.897
FHW13121	546.500 	 90.000 	 245.482
FHW13121	546.625 	 90.462 	 245.897
FHW13121	546.750 	 90.000 	 245.482
FHW13121	546.875 	 90.455 	 245.897
FHW13121	547.000 	 90.000 	 245.482
FHW13121	547.125 	 90.460 	 245.482
FHW13121	547.250 	 90.458 	 245.707
FHW13121	547.375 	 90.000 	 245.482
FHW13121	547.500 	 90.462 	 245.890
FHW13121	547.625 	 90.000 	 245.482
FHW13121	547.750 	 90.455 	 245.897
FHW13121	547.875 	 90.000 	 245.482
FHW13121	548.000 	 90.462 	 245.902
FHW13121	548.125 	 90.454 	 245.476
FHW13121	548.250 	 90.000 	 245.712
FHW13121	548.375 	 90.461 	 245.476
FHW13121	548.500 	 90.000 	 245.896
FHW13121	548.625 	 90.453 	 245.488
FHW13121	548.750 	 90.000 	 245.476
FHW13121	548.875 	 90.462 	 245.896
FHW13121	549.000 	 90.000 	 245.483
FHW13121	549.125 	 90.462 	 245.896
FHW13121	549.250 	 90.457 	 245.290
FHW13121	549.375 	 90.000 	 245.897
FHW13121	549.500 	 90.460 	 245.482
FHW13121	549.625 	 90.000 	 245.897
FHW13121	549.750 	 90.453 	 245.482
FHW13121	549.875 	 90.000 	 245.897
FHW13121	550.000 	 90.460 	 245.482
FHW13121	550.125 	 90.454 	 245.476
FHW13121	550.250 	 90.000 	 245.706
FHW13121	550.375 	 90.460 	 245.488
FHW13121	550.500 	 90.000 	 245.890
FHW13121	550.625 	 90.453 	 245.482
FHW13121	550.750 	 90.000 	 245.897
FHW13121	550.875 	 90.460 	 245.482
FHW13121	551.000 	 90.455 	 245.902
FHW13121	551.125 	 90.000 	 245.476
FHW13121	551.250 	 90.462 	 245.902
FHW13121	551.375 	 90.000 	 245.284
FHW13121	551.500 	 90.455 	 245.896
FHW13121	551.625 	 90.000 	 245.488
FHW13121	551.750 	 90.461 	 245.476
FHW13121	551.875 	 90.462 	 245.896
FHW13121	552.000 	 90.000 	 245.476
FHW13121	552.125 	 90.455 	 245.902
FHW13121	552.250 	 90.000 	 245.476
FHW13121	552.375 	 90.465 	 245.712
FHW13121	552.500 	 90.000 	 245.482
FHW13121	552.625 	 90.455 	 245.897
FHW13121	552.750 	 90.460 	 245.482
FHW13121	552.875 	 90.000 	 245.897
FHW13121	553.000 	 90.453 	 245.482
FHW13121	553.125 	 90.000 	 245.890
FHW13121	553.250 	 90.460 	 245.482
FHW13121	553.375 	 90.000 	 245.296
FHW13121	553.500 	 90.455 	 245.890
FHW13121	553.625 	 90.000 	 245.482
FHW13121	553.750 	 90.462 	 245.897
FHW13121	553.875 	 90.453 	 245.482
FHW13121	554.000 	 90.000 	 245.897
FHW13121	554.125 	 90.460 	 245.482
FHW13121	554.250 	 90.000 	 245.902
FHW13121	554.375 	 90.457 	 245.284
FHW13121	554.500 	 90.000 	 245.896
FHW13121	554.625 	 90.461 	 245.483
FHW13121	554.750 	 90.453 	 245.482
FHW13121	554.875 	 90.000 	 245.896
FHW13121	555.000 	 90.461 	 245.476
FHW13121	555.125 	 90.000 	 245.902
FHW13121	555.250 	 90.461 	 245.476
FHW13121	555.375 	 90.000 	 245.712
FHW13121	555.500 	 90.453 	 245.482
FHW13121	555.625 	 90.462 	 245.897
FHW13121	555.750 	 90.000 	 245.482
FHW13121	555.875 	 90.455 	 245.890
FHW13121	556.000 	 90.000 	 245.488
FHW13121	556.125 	 90.462 	 245.890
FHW13121	556.250 	 90.000 	 245.482
FHW13121	556.375 	 90.454 	 245.483
FHW13121	556.500 	 90.465 	 245.706
FHW13121	556.625 	 90.000 	 245.482
FHW13121	556.750 	 90.455 	 245.897
FHW13121	556.875 	 90.000 	 245.482
FHW13121	557.000 	 90.462 	 245.897
FHW13121	557.125 	 90.000 	 245.482
FHW13121	557.250 	 90.455 	 245.902
FHW13121	557.375 	 90.461 	 245.476
FHW13121	557.500 	 90.000 	 245.706
FHW13121	557.625 	 90.454 	 245.483
FHW13121	557.750 	 90.000 	 245.896
FHW13121	557.875 	 90.460 	 245.482
FHW13121	558.000 	 90.000 	 245.476
FHW13121	558.125 	 90.462 	 245.902
FHW13121	558.250 	 90.000 	 245.476
FHW13121	558.375 	 90.455 	 245.902
FHW13121	558.500 	 90.464 	 245.290
FHW13121	558.625 	 90.000 	 245.897
FHW13121	558.750 	 90.453 	 245.482
FHW13121	558.875 	 90.000 	 245.890
FHW13121	559.000 	 90.460 	 245.488
FHW13121	559.125 	 90.000 	 245.890
FHW13121	559.250 	 90.453 	 245.482
FHW13121	559.375 	 90.461 	 245.483
FHW13121	559.500 	 90.000 	 245.706
FHW13121	559.625 	 90.453 	 245.482
FHW13121	559.750 	 90.000 	 245.897
FHW13121	559.875 	 90.460 	 245.482
FHW13121	560.000 	 90.000 	 245.897
FHW13121	560.125 	 90.453 	 245.482
FHW13121	560.250 	 90.462 	 245.897
FHW13121	560.375 	 90.000 	 245.482
FHW13121	560.500 	 90.458 	 245.706
FHW13121	560.625 	 90.000 	 245.476
FHW13121	560.750 	 90.462 	 245.902
FHW13121	560.875 	 90.000 	 245.476
FHW13121	561.000 	 90.453 	 245.482
FHW13121	561.125 	 90.462 	 245.902
FHW13121	561.250 	 90.000 	 245.476
FHW13121	561.375 	 90.462 	 245.902
FHW13121	561.500 	 90.000 	 245.476
FHW13121	561.625 	 90.458 	 245.712
FHW13121	561.750 	 90.000 	 245.482
FHW13121	561.875 	 90.462 	 245.890
FHW13121	562.000 	 90.453 	 245.488
FHW13121	562.125 	 90.000 	 245.890
FHW13121	562.250 	 90.460 	 245.482
FHW13121	562.375 	 90.000 	 245.897
FHW13121	562.500 	 90.453 	 245.482
FHW13121	562.625 	 90.000 	 245.290
FHW13121	562.750 	 90.462 	 245.897
FHW13121	562.875 	 90.000 	 245.482
FHW13121	563.000 	 90.455 	 245.897
FHW13121	563.125 	 90.460 	 245.482
FHW13121	563.250 	 90.000 	 245.897
FHW13121	563.375 	 90.453 	 245.482
FHW13121	563.500 	 90.000 	 245.896
FHW13121	563.625 	 90.464 	 245.284
FHW13121	563.750 	 90.000 	 245.902
FHW13121	563.875 	 90.454 	 245.476
FHW13121	564.000 	 90.460 	 245.482
FHW13121	564.125 	 90.000 	 245.902
FHW13121	564.250 	 90.461 	 245.476
FHW13121	564.375 	 90.000 	 245.902
FHW13121	564.500 	 90.454 	 245.476
FHW13121	564.625 	 90.000 	 245.712
FHW13121	564.750 	 90.460 	 245.482
FHW13121	564.875 	 90.455 	 245.890
FHW13121	565.000 	 90.000 	 245.488
FHW13121	565.125 	 90.462 	 245.890
FHW13121	565.250 	 90.000 	 245.482
FHW13121	565.375 	 90.455 	 245.897
FHW13121	565.500 	 90.000 	 245.482
FHW13121	565.625 	 90.461 	 245.476
FHW13121	565.750 	 90.458 	 245.712
FHW13121	565.875 	 90.000 	 245.482
FHW13121	566.000 	 90.462 	 245.897
FHW13121	566.125 	 90.000 	 245.482
FHW13121	566.250 	 90.455 	 245.890
FHW13121	566.375 	 90.000 	 245.488
FHW13121	566.500 	 90.462 	 245.890
FHW13121	566.625 	 90.453 	 245.482
FHW13121	566.750 	 90.000 	 245.712
FHW13121	566.875 	 90.461 	 245.476
FHW13121	567.000 	 90.000 	 245.902
FHW13121	567.125 	 90.454 	 245.476
FHW13121	567.250 	 90.000 	 245.482
FHW13121	567.375 	 90.462 	 245.902
FHW13121	567.500 	 90.000 	 245.476
FHW13121	567.625 	 90.462 	 245.902
FHW13121	567.750 	 90.457 	 245.284
FHW13121	567.875 	 90.000 	 245.896
FHW13121	568.000 	 90.460 	 245.482
FHW13121	568.125 	 90.000 	 245.897
FHW13121	568.250 	 90.453 	 245.482
FHW13121	568.375 	 90.000 	 245.897
FHW13121	568.500 	 90.460 	 245.482
FHW13121	568.625 	 90.455 	 245.897
FHW13121	568.750 	 90.000 	 245.290
FHW13121	568.875 	 90.460 	 245.482
FHW13121	569.000 	 90.000 	 245.897
FHW13121	569.125 	 90.453 	 245.482
FHW13121	569.250 	 90.000 	 245.890
FHW13121	569.375 	 90.460 	 245.488
FHW13121	569.500 	 90.455 	 245.890
FHW13121	569.625 	 90.000 	 245.482
FHW13121	569.750 	 90.465 	 245.712
FHW13121	569.875 	 90.000 	 245.476
FHW13121	570.000 	 90.455 	 245.902
FHW13121	570.125 	 90.000 	 245.476
FHW13121	570.250 	 90.460 	 245.482
FHW13121	570.375 	 90.462 	 245.902
FHW13121	570.500 	 90.000 	 245.476
FHW13121	570.625 	 90.455 	 245.902
FHW13121	570.750 	 90.000 	 245.476
FHW13121	570.875 	 90.465 	 245.706
FHW13121	571.000 	 90.000 	 245.482
FHW13121	571.125 	 90.455 	 245.897
FHW13121	571.250 	 90.460 	 245.482
FHW13121	571.375 	 90.000 	 245.897
FHW13121	571.500 	 90.453 	 245.482
FHW13121	571.625 	 90.000 	 245.897
FHW13121	571.750 	 90.460 	 245.482
FHW13121	571.875 	 90.000 	 245.290
FHW13121	572.000 	 90.455 	 245.897
FHW13121	572.125 	 90.000 	 245.482
FHW13121	572.250 	 90.462 	 245.890
FHW13121	572.375 	 90.453 	 245.488
FHW13121	572.500 	 90.000 	 245.890
FHW13121	572.625 	 90.460 	 245.482
FHW13121	572.750 	 90.000 	 245.897
FHW13121	572.875 	 90.457 	 245.290
FHW13121	573.000 	 90.000 	 245.902
FHW13121	573.125 	 90.461 	 245.476
FHW13121	573.250 	 90.462 	 245.902
FHW13121	573.375 	 90.000 	 245.476
FHW13121	573.500 	 90.453 	 245.482
FHW13121	573.625 	 90.000 	 245.902
FHW13121	573.750 	 90.461 	 245.476
FHW13121	573.875 	 90.000 	 245.706
FHW13121	574.000 	 90.454 	 245.476
FHW13121	574.125 	 90.462 	 245.902
FHW13121	574.250 	 90.000 	 245.482
FHW13121	574.375 	 90.455 	 245.897
FHW13121	574.500 	 90.000 	 245.482
FHW13121	574.625 	 90.462 	 245.897
FHW13121	574.750 	 90.000 	 245.482
FHW13121	574.875 	 90.458 	 245.706
FHW13121	575.000 	 90.461 	 245.483
FHW13121	575.125 	 90.000 	 245.482
FHW13121	575.250 	 90.455 	 245.890
FHW13121	575.375 	 90.000 	 245.488
FHW13121	575.500 	 90.462 	 245.890
FHW13121	575.625 	 90.000 	 245.482
FHW13121	575.750 	 90.455 	 245.897
FHW13121	575.875 	 90.460 	 245.482
FHW13121	576.000 	 90.000 	 245.712
FHW13121	576.125 	 90.454 	 245.476
FHW13121	576.250 	 90.000 	 245.902
FHW13121	576.375 	 90.461 	 245.476
FHW13121	576.500 	 90.000 	 245.482
FHW13121	576.625 	 90.462 	 245.896
FHW13121	576.750 	 90.000 	 245.483
FHW13121	576.875 	 90.455 	 245.896
FHW13121	577.000 	 90.464 	 245.284
FHW13121	577.125 	 90.000 	 245.902
FHW13121	577.250 	 90.454 	 245.476
FHW13121	577.375 	 90.000 	 245.902
FHW13121	577.500 	 90.460 	 245.482
FHW13121	577.625 	 90.000 	 245.897
FHW13121	577.750 	 90.453 	 245.482
FHW13121	577.875 	 90.462 	 245.890
FHW13121	578.000 	 90.000 	 245.296
FHW13121	578.125 	 90.453 	 245.482
FHW13121	578.250 	 90.000 	 245.890
FHW13121	578.375 	 90.460 	 245.482
FHW13121	578.500 	 90.000 	 245.897
FHW13121	578.625 	 90.453 	 245.482
FHW13121	578.750 	 90.462 	 245.897
FHW13121	578.875 	 90.000 	 245.482
FHW13121	579.000 	 90.458 	 245.712
FHW13121	579.125 	 90.000 	 245.476
FHW13121	579.250 	 90.462 	 245.902
FHW13121	579.375 	 90.000 	 245.476
FHW13121	579.500 	 90.462 	 245.896
FHW13121	579.625 	 90.454 	 245.476
FHW13121	579.750 	 90.000 	 245.488
FHW13121	579.875 	 90.462 	 245.896
FHW13121	580.000 	 90.000 	 245.284
FHW13121	580.125 	 90.455 	 245.902
FHW13121	580.250 	 90.000 	 245.476
FHW13121	580.375 	 90.462 	 245.902
FHW13121	580.500 	 90.453 	 245.482
FHW13121	580.625 	 90.000 	 245.897
FHW13121	580.750 	 90.460 	 245.482
FHW13121	580.875 	 90.000 	 245.890
FHW13121	581.000 	 90.453 	 245.488
FHW13121	581.125 	 90.000 	 245.290
FHW13121	581.250 	 90.462 	 245.890
FHW13121	581.375 	 90.453 	 245.482
FHW13121	581.500 	 90.000 	 245.897
FHW13121	581.625 	 90.460 	 245.482
FHW13121	581.750 	 90.000 	 245.897
FHW13121	581.875 	 90.453 	 245.482
FHW13121	582.000 	 90.000 	 245.897
FHW13121	582.125 	 90.464 	 245.290
FHW13121	582.250 	 90.000 	 245.896
FHW13121	582.375 	 90.454 	 245.483
FHW13121	582.500 	 90.462 	 245.896
FHW13121	582.625 	 90.000 	 245.476
FHW13121	582.750 	 90.460 	 245.488
FHW13121	582.875 	 90.000 	 245.890
FHW13121	583.000 	 90.453 	 245.482
FHW13121	583.125 	 90.000 	 245.712
FHW13121	583.250 	 90.461 	 245.476
FHW13121	583.375 	 90.455 	 245.902
FHW13121	583.500 	 90.000 	 245.476
FHW13121	583.625 	 90.462 	 245.902
FHW13121	583.750 	 90.000 	 245.482
FHW13121	583.875 	 90.455 	 245.890
FHW13121	584.000 	 90.000 	 245.488
FHW13121	584.125 	 90.465 	 245.700
FHW13121	584.250 	 90.453 	 245.482
FHW13121	584.375 	 90.000 	 245.482
FHW13121	584.500 	 90.462 	 245.897
FHW13121	584.625 	 90.000 	 245.482
FHW13121	584.750 	 90.455 	 245.897
FHW13121	584.875 	 90.000 	 245.482
FHW13121	585.000 	 90.462 	 245.897
FHW13121	585.125 	 90.457 	 245.290
FHW13121	585.250 	 90.000 	 245.896
FHW13121	585.375 	 90.461 	 245.483
FHW13121	585.500 	 90.000 	 245.896
FHW13121	585.625 	 90.461 	 245.476
FHW13121	585.750 	 90.000 	 245.488
FHW13121	585.875 	 90.455 	 245.890
FHW13121	586.000 	 90.460 	 245.482
FHW13121	586.125 	 90.000 	 245.902
FHW13121	586.250 	 90.457 	 245.284
FHW13121	586.375 	 90.000 	 245.902
FHW13121	586.500 	 90.461 	 245.476
FHW13121	586.625 	 90.000 	 245.902
FHW13121	586.750 	 90.453 	 245.482
FHW13121	586.875 	 90.000 	 245.890
FHW13121	587.000 	 90.460 	 245.482
FHW13121	587.125 	 90.455 	 245.897
FHW13121	587.250 	 90.000 	 245.290
FHW13121	587.375 	 90.460 	 245.482
FHW13121	587.500 	 90.000 	 245.897
FHW13121	587.625 	 90.453 	 245.482
FHW13121	587.750 	 90.000 	 245.897
FHW13121	587.875 	 90.460 	 245.482
FHW13121	588.000 	 90.455 	 245.897
FHW13121	588.125 	 90.000 	 245.482
FHW13121	588.250 	 90.465 	 245.706
FHW13121	588.375 	 90.000 	 245.483
FHW13121	588.500 	 90.455 	 245.896
FHW13121	588.625 	 90.000 	 245.476
FHW13121	588.750 	 90.462 	 245.902
FHW13121	588.875 	 90.461 	 245.476
FHW13121	589.000 	 90.000 	 245.482
FHW13121	589.125 	 90.455 	 245.897
FHW13121	589.250 	 90.000 	 245.290
FHW13121	589.375 	 90.462 	 245.902
FHW13121	589.500 	 90.000 	 245.476
FHW13121	589.625 	 90.455 	 245.902
FHW13121	589.750 	 90.461 	 245.476
FHW13121	589.875 	 90.000 	 245.896
FHW13121	590.000 	 90.453 	 245.482
FHW13121	590.125 	 90.000 	 245.897
FHW13121	590.250 	 90.464 	 245.290
FHW13121	590.375 	 90.000 	 245.476
FHW13121	590.500 	 90.455 	 245.902
FHW13121	590.625 	 90.460 	 245.482
FHW13121	590.750 	 90.000 	 245.897
FHW13121	590.875 	 90.453 	 245.482
FHW13121	591.000 	 90.000 	 245.897
FHW13121	591.125 	 90.460 	 245.482
FHW13121	591.250 	 90.000 	 245.890
FHW13121	591.375 	 90.457 	 245.296
FHW13121	591.500 	 90.000 	 245.896
FHW13121	591.625 	 90.461 	 245.476
FHW13121	591.750 	 90.462 	 245.902
FHW13121	591.875 	 90.000 	 245.476
FHW13121	592.000 	 90.453 	 245.482
FHW13121	592.125 	 90.000 	 245.897
FHW13121	592.250 	 90.460 	 245.482
FHW13121	592.375 	 90.000 	 245.712
FHW13121	592.500 	 90.454 	 245.476
FHW13121	592.625 	 90.462 	 245.896
FHW13121	592.750 	 90.000 	 245.483
FHW13121	592.875 	 90.455 	 245.896
FHW13121	593.000 	 90.000 	 245.482
FHW13121	593.125 	 90.462 	 245.897
FHW13121	593.250 	 90.000 	 245.482
FHW13121	593.375 	 90.458 	 245.707
FHW13121	593.500 	 90.460 	 245.482
FHW13121	593.625 	 90.000 	 245.482
FHW13121	593.750 	 90.455 	 245.897
FHW13121	593.875 	 90.000 	 245.482
FHW13121	594.000 	 90.462 	 245.897
FHW13121	594.125 	 90.000 	 245.482
FHW13121	594.250 	 90.455 	 245.890
FHW13121	594.375 	 90.464 	 245.290
FHW13121	594.500 	 90.000 	 245.902
FHW13121	594.625 	 90.454 	 245.476
FHW13121	594.750 	 90.000 	 245.902
FHW13121	594.875 	 90.461 	 245.476
FHW13121	595.000 	 90.000 	 245.902
FHW13121	595.125 	 90.461 	 245.476
FHW13121	595.250 	 90.453 	 245.482
FHW13121	595.375 	 90.000 	 245.712
FHW13121	595.500 	 90.461 	 245.476
FHW13121	595.625 	 90.000 	 245.896
FHW13121	595.750 	 90.454 	 245.483
FHW13121	595.875 	 90.000 	 245.896
FHW13121	596.000 	 90.461 	 245.476
FHW13121	596.125 	 90.000 	 245.902
FHW13121	596.250 	 90.453 	 245.482
FHW13121	596.375 	 90.462 	 245.897
FHW13121	596.500 	 90.000 	 245.290
FHW13121	596.625 	 90.454 	 245.476
FHW13121	596.750 	 90.000 	 245.902
FHW13121	596.875 	 90.460 	 245.482
FHW13121	597.000 	 90.000 	 245.897
FHW13121	597.125 	 90.453 	 245.482
FHW13121	597.250 	 90.462 	 245.890
FHW13121	597.375 	 90.000 	 245.482
FHW13121	597.500 	 90.458 	 245.712
FHW13121	597.625 	 90.000 	 245.476
FHW13121	597.750 	 90.462 	 245.902
FHW13121	597.875 	 90.000 	 245.476
FHW13121	598.000 	 90.462 	 245.902
FHW13121	598.125 	 90.454 	 245.476
FHW13121	598.250 	 90.000 	 245.482
FHW13121	598.375 	 90.462 	 245.897
FHW13121	598.500 	 90.000 	 245.290
FHW13121	598.625 	 90.455 	 245.896
FHW13121	598.750 	 90.000 	 245.483
FHW13121	598.875 	 90.462 	 245.896
FHW13121	599.000 	 90.454 	 245.476
FHW13121	599.125 	 90.000 	 245.902
FHW13121	599.250 	 90.460 	 245.482
FHW13121	599.375 	 90.000 	 245.897
FHW13121	599.500 	 90.457 	 245.290
FHW13121	599.625 	 90.000 	 245.897
FHW13121	599.750 	 90.460 	 245.482
FHW13121	599.875 	 90.453 	 245.482
FHW13121	600.000 	 90.000 	 245.897
FHW13121	600.125 	 90.460 	 245.482
FHW13121	600.250 	 90.000 	 245.890
FHW13121	600.375 	 90.453 	 245.482
FHW13121	600.500 	 90.000 	 245.897
FHW13121	600.625 	 90.464 	 245.290
FHW13121	600.750 	 90.000 	 245.902
FHW13121	600.875 	 90.461 	 245.476
FHW13121	601.000 	 90.455 	 245.902
FHW13121	601.125 	 90.000 	 245.476
FHW13121	601.250 	 90.462 	 245.896
FHW13121	601.375 	 90.000 	 245.483
FHW13121	601.500 	 90.453 	 245.482
FHW13121	601.625 	 90.000 	 245.706
FHW13121	601.750 	 90.461 	 245.483
FHW13121	601.875 	 90.455 	 245.896
FHW13121	602.000 	 90.000 	 245.476
FHW13121	602.125 	 90.462 	 245.902
FHW13121	602.250 	 90.000 	 245.476
FHW13121	602.375 	 90.455 	 245.902
FHW13121	602.500 	 90.000 	 245.482
FHW13121	602.625 	 90.466 	 245.707
FHW13121	602.750 	 90.453 	 245.482
FHW13121	602.875 	 90.000 	 245.476
FHW13121	603.000 	 90.462 	 245.896
FHW13121	603.125 	 90.000 	 245.488
FHW13121	603.250 	 90.455 	 245.890
FHW13121	603.375 	 90.000 	 245.482
FHW13121	603.500 	 90.462 	 245.897
FHW13121	603.625 	 90.457 	 245.290
FHW13121	603.750 	 90.000 	 245.902
FHW13121	603.875 	 90.461 	 245.476
FHW13121	604.000 	 90.000 	 245.902
FHW13121	604.125 	 90.461 	 245.476
FHW13121	604.250 	 90.000 	 245.896
FHW13121	604.375 	 90.454 	 245.483
FHW13121	604.500 	 90.460 	 245.482
FHW13121	604.625 	 90.000 	 245.706
FHW13121	604.750 	 90.454 	 245.476
FHW13121	604.875 	 90.000 	 245.902
FHW13121	605.000 	 90.461 	 245.476
FHW13121	605.125 	 90.000 	 245.902
FHW13121	605.250 	 90.454 	 245.476
FHW13121	605.375 	 90.462 	 245.902
FHW13121	605.500 	 90.000 	 245.482
FHW13121	605.625 	 90.455 	 245.897
FHW13121	605.750 	 90.000 	 245.290
FHW13121	605.875 	 90.462 	 245.890
FHW13121	606.000 	 90.000 	 245.482
FHW13121	606.125 	 90.453 	 245.488
FHW13121	606.250 	 90.000 	 245.890
FHW13121	606.375 	 90.460 	 245.482
FHW13121	606.500 	 90.455 	 245.897
FHW13121	606.625 	 90.000 	 245.482
FHW13121	606.750 	 90.466 	 245.707
FHW13121	606.875 	 90.000 	 245.482
FHW13121	607.000 	 90.462 	 245.902
FHW13121	607.125 	 90.000 	 245.476
FHW13121	607.250 	 90.455 	 245.896
FHW13121	607.375 	 90.461 	 245.483
FHW13121	607.500 	 90.000 	 245.482
FHW13121	607.625 	 90.455 	 245.890
FHW13121	607.750 	 90.000 	 245.290
FHW13121	607.875 	 90.462 	 245.902
FHW13121	608.000 	 90.000 	 245.476
FHW13121	608.125 	 90.455 	 245.902
FHW13121	608.250 	 90.461 	 245.476
FHW13121	608.375 	 90.000 	 245.902
FHW13121	608.500 	 90.454 	 245.476
FHW13121	608.625 	 90.000 	 245.896
FHW13121	608.750 	 90.464 	 245.296
FHW13121	608.875 	 90.000 	 245.890
FHW13121	609.000 	 90.453 	 245.482
FHW13121	609.125 	 90.461 	 245.483
FHW13121	609.250 	 90.000 	 245.896
FHW13121	609.375 	 90.453 	 245.482
FHW13121	609.500 	 90.000 	 245.897
FHW13121	609.625 	 90.460 	 245.482
FHW13121	609.750 	 90.000 	 245.707
FHW13121	609.875 	 90.453 	 245.482
FHW13121	610.000 	 90.000 	 245.902
FHW13121	610.125 	 90.461 	 245.476
FHW13121	610.250 	 90.462 	 245.896
FHW13121	610.375 	 90.000 	 245.483
FHW13121	610.500 	 90.455 	 245.896
FHW13121	610.625 	 90.000 	 245.476
FHW13121	610.750 	 90.460 	 245.482
FHW13121	610.875 	 90.000 	 245.712
FHW13121	611.000 	 90.454 	 245.476
FHW13121	611.125 	 90.462 	 245.902
FHW13121	611.250 	 90.000 	 245.476
FHW13121	611.375 	 90.455 	 245.902
FHW13121	611.500 	 90.000 	 245.476
FHW13121	611.625 	 90.462 	 245.896
FHW13121	611.750 	 90.000 	 245.488
FHW13121	611.875 	 90.458 	 245.700
FHW13121	612.000 	 90.460 	 245.482
FHW13121	612.125 	 90.000 	 245.483
FHW13121	612.250 	 90.455 	 245.896
FHW13121	612.375 	 90.000 	 245.476
FHW13121	612.500 	 90.462 	 245.902
FHW13121	612.625 	 90.000 	 245.482
FHW13121	612.750 	 90.455 	 245.897
FHW13121	612.875 	 90.464 	 245.290
FHW13121	613.000 	 90.000 	 245.897
FHW13121	613.125 	 90.460 	 245.482
FHW13121	613.250 	 90.000 	 245.896
FHW13121	613.375 	 90.454 	 245.476
FHW13121	613.500 	 90.000 	 245.902
FHW13121	613.625 	 90.461 	 245.476
FHW13121	613.750 	 90.453 	 245.482
FHW13121	613.875 	 90.000 	 245.712
FHW13121	614.000 	 90.461 	 245.476
FHW13121	614.125 	 90.000 	 245.902
FHW13121	614.250 	 90.454 	 245.476
FHW13121	614.375 	 90.000 	 245.902
FHW13121	614.500 	 90.461 	 245.476
FHW13121	614.625 	 90.000 	 245.896
FHW13121	614.750 	 90.454 	 245.483
FHW13121	614.875 	 90.465 	 245.706
FHW13121	615.000 	 90.000 	 245.482
FHW13121	615.125 	 90.455 	 245.897
FHW13121	615.250 	 90.000 	 245.482
FHW13121	615.375 	 90.461 	 245.476
FHW13121	615.500 	 90.000 	 245.902
FHW13121	615.625 	 90.453 	 245.482
FHW13121	615.750 	 90.462 	 245.897
FHW13121	615.875 	 90.000 	 245.482
FHW13121	616.000 	 90.458 	 245.707
FHW13121	616.125 	 90.000 	 245.482
FHW13121	616.250 	 90.462 	 245.896
FHW13121	616.375 	 90.000 	 245.476
FHW13121	616.500 	 90.462 	 245.902
FHW13121	616.625 	 90.454 	 245.476
FHW13121	616.750 	 90.000 	 245.902
FHW13121	616.875 	 90.461 	 245.476
FHW13121	617.000 	 90.000 	 245.290
FHW13121	617.125 	 90.455 	 245.902
FHW13121	617.250 	 90.000 	 245.476
FHW13121	617.375 	 90.462 	 245.902
FHW13121	617.500 	 90.454 	 245.476
FHW13121	617.625 	 90.000 	 245.896
FHW13121	617.750 	 90.461 	 245.483
FHW13121	617.875 	 90.000 	 245.896
FHW13121	618.000 	 90.457 	 245.290
FHW13121	618.125 	 90.000 	 245.897
FHW13121	618.250 	 90.460 	 245.482
FHW13121	618.375 	 90.454 	 245.476
FHW13121	618.500 	 90.000 	 245.902
FHW13121	618.625 	 90.461 	 245.476
FHW13121	618.750 	 90.000 	 245.902
FHW13121	618.875 	 90.453 	 245.482
FHW13121	619.000 	 90.000 	 245.700
FHW13121	619.125 	 90.460 	 245.488
FHW13121	619.250 	 90.462 	 245.890
FHW13121	619.375 	 90.000 	 245.482
FHW13121	619.500 	 90.455 	 245.902
FHW13121	619.625 	 90.000 	 245.476
FHW13121	619.750 	 90.462 	 245.902
FHW13121	619.875 	 90.000 	 245.476
FHW13121	620.000 	 90.457 	 245.290
FHW13121	620.125 	 90.000 	 245.902
FHW13121	620.250 	 90.461 	 245.476
FHW13121	620.375 	 90.455 	 245.902
FHW13121	620.500 	 90.000 	 245.476
FHW13121	620.625 	 90.462 	 245.896
FHW13121	620.750 	 90.000 	 245.476
FHW13121	620.875 	 90.455 	 245.902
FHW13121	621.000 	 90.000 	 245.476
FHW13121	621.125 	 90.465 	 245.712
FHW13121	621.250 	 90.453 	 245.482
FHW13121	621.375 	 90.000 	 245.897
FHW13121	621.500 	 90.460 	 245.482
FHW13121	621.625 	 90.000 	 245.476
FHW13121	621.750 	 90.455 	 245.902
FHW13121	621.875 	 90.000 	 245.482
FHW13121	622.000 	 90.462 	 245.890
FHW13121	622.125 	 90.457 	 245.296
FHW13121	622.250 	 90.000 	 245.890
FHW13121	622.375 	 90.460 	 245.482
FHW13121	622.500 	 90.000 	 245.902
FHW13121	622.625 	 90.461 	 245.476
FHW13121	622.750 	 90.000 	 245.902
FHW13121	622.875 	 90.454 	 245.476
FHW13121	623.000 	 90.460 	 245.482
FHW13121	623.125 	 90.000 	 245.712
FHW13121	623.250 	 90.454 	 245.476
FHW13121	623.375 	 90.000 	 245.902
FHW13121	623.500 	 90.461 	 245.476
FHW13121	623.625 	 90.000 	 245.896
FHW13121	623.750 	 90.454 	 245.476
FHW13121	623.875 	 90.000 	 245.902
FHW13121	624.000 	 90.461 	 245.476
FHW13121	624.125 	 90.458 	 245.712
FHW13121	624.250 	 90.000 	 245.482
FHW13121	624.375 	 90.462 	 245.897
FHW13121	624.500 	 90.000 	 245.482
FHW13121	624.625 	 90.454 	 245.476
FHW13121	624.750 	 90.000 	 245.902
FHW13121	624.875 	 90.461 	 245.476
FHW13121	625.000 	 90.455 	 245.896
FHW13121	625.125 	 90.000 	 245.296
FHW13121	625.250 	 90.462 	 245.890
FHW13121	625.375 	 90.000 	 245.482
FHW13121	625.500 	 90.462 	 245.897
FHW13121	625.625 	 90.000 	 245.482
FHW13121	625.750 	 90.455 	 245.902
FHW13121	625.875 	 90.461 	 245.476
FHW13121	626.000 	 90.000 	 245.902
FHW13121	626.125 	 90.454 	 245.476
FHW13121	626.250 	 90.000 	 245.290
FHW13121	626.375 	 90.462 	 245.902
FHW13121	626.500 	 90.000 	 245.476
FHW13121	626.625 	 90.455 	 245.896
FHW13121	626.750 	 90.461 	 245.476
FHW13121	626.875 	 90.000 	 245.902
FHW13121	627.000 	 90.454 	 245.476
FHW13121	627.125 	 90.000 	 245.902
FHW13121	627.250 	 90.464 	 245.290
FHW13121	627.375 	 90.000 	 245.897
FHW13121	627.500 	 90.453 	 245.482
FHW13121	627.625 	 90.462 	 245.890
FHW13121	627.750 	 90.000 	 245.488
FHW13121	627.875 	 90.454 	 245.476
FHW13121	628.000 	 90.000 	 245.896
FHW13121	628.125 	 90.460 	 245.488
FHW13121	628.250 	 90.000 	 245.700
FHW13121	628.375 	 90.460 	 245.482
FHW13121	628.500 	 90.455 	 245.897
FHW13121	628.625 	 90.000 	 245.482
FHW13121	628.750 	 90.462 	 245.902
FHW13121	628.875 	 90.000 	 245.476
FHW13121	629.000 	 90.455 	 245.902
FHW13121	629.125 	 90.000 	 245.476
FHW13121	629.250 	 90.464 	 245.290
FHW13121	629.375 	 90.000 	 245.896
FHW13121	629.500 	 90.454 	 245.483
FHW13121	629.625 	 90.462 	 245.896
FHW13121	629.750 	 90.000 	 245.476
FHW13121	629.875 	 90.455 	 245.902
FHW13121	630.000 	 90.000 	 245.476
FHW13121	630.125 	 90.462 	 245.902
FHW13121	630.250 	 90.000 	 245.476
FHW13121	630.375 	 90.458 	 245.712
FHW13121	630.500 	 90.460 	 245.482
FHW13121	630.625 	 90.000 	 245.890
FHW13121	630.750 	 90.453 	 245.488
FHW13121	630.875 	 90.000 	 245.476
FHW13121	631.000 	 90.462 	 245.896
FHW13121	631.125 	 90.000 	 245.476
FHW13121	631.250 	 90.455 	 245.902
FHW13121	631.375 	 90.464 	 245.290
FHW13121	631.500 	 90.000 	 245.897
FHW13121	631.625 	 90.460 	 245.482
FHW13121	631.750 	 90.000 	 245.897
FHW13121	631.875 	 90.453 	 245.482
FHW13121	632.000 	 90.000 	 245.902
FHW13121	632.125 	 90.461 	 245.476
FHW13121	632.250 	 90.455 	 245.896
FHW13121	632.375 	 90.000 	 245.284
FHW13121	632.500 	 90.460 	 245.488
FHW13121	632.625 	 90.000 	 245.896
FHW13121	632.750 	 90.454 	 245.476
FHW13121	632.875 	 90.000 	 245.902
FHW13121	633.000 	 90.461 	 245.476
FHW13121	633.125 	 90.455 	 245.902
FHW13121	633.250 	 90.000 	 245.476
FHW13121	633.375 	 90.465 	 245.712
FHW13121	633.500 	 90.000 	 245.482
FHW13121	633.625 	 90.455 	 245.890
FHW13121	633.750 	 90.000 	 245.488
FHW13121	633.875 	 90.461 	 245.476
FHW13121	634.000 	 90.000 	 245.896
FHW13121	634.125 	 90.454 	 245.476
FHW13121	634.250 	 90.462 	 245.902
FHW13121	634.375 	 90.000 	 245.290
FHW13121	634.500 	 90.462 	 245.897
FHW13121	634.625 	 90.000 	 245.482
FHW13121	634.750 	 90.455 	 245.897
FHW13121	634.875 	 90.000 	 245.482
FHW13121	635.000 	 90.462 	 245.896
FHW13121	635.125 	 90.454 	 245.483
FHW13121	635.250 	 90.000 	 245.896
FHW13121	635.375 	 90.461 	 245.476
FHW13121	635.500 	 90.000 	 245.296
FHW13121	635.625 	 90.455 	 245.896
FHW13121	635.750 	 90.000 	 245.476
FHW13121	635.875 	 90.462 	 245.902
FHW13121	636.000 	 90.454 	 245.476
FHW13121	636.125 	 90.000 	 245.902
FHW13121	636.250 	 90.461 	 245.476
FHW13121	636.375 	 90.000 	 245.902
FHW13121	636.500 	 90.457 	 245.290
FHW13121	636.625 	 90.000 	 245.890
FHW13121	636.750 	 90.460 	 245.488
FHW13121	636.875 	 90.455 	 245.890
FHW13121	637.000 	 90.000 	 245.482
FHW13121	637.125 	 90.461 	 245.476
FHW13121	637.250 	 90.000 	 245.902
FHW13121	637.375 	 90.454 	 245.476
FHW13121	637.500 	 90.000 	 245.712
FHW13121	637.625 	 90.460 	 245.482
FHW13121	637.750 	 90.462 	 245.897
FHW13121	637.875 	 90.000 	 245.482
FHW13121	638.000 	 90.455 	 245.890
FHW13121	638.125 	 90.000 	 245.488
FHW13121	638.250 	 90.462 	 245.896
FHW13121	638.375 	 90.000 	 245.476
FHW13121	638.500 	 90.457 	 245.296
FHW13121	638.625 	 90.000 	 245.890
FHW13121	638.750 	 90.460 	 245.482
FHW13121	638.875 	 90.455 	 245.902
FHW13121	639.000 	 90.000 	 245.476
FHW13121	639.125 	 90.462 	 245.902
FHW13121	639.250 	 90.000 	 245.476
FHW13121	639.375 	 90.455 	 245.902
FHW13121	639.500 	 90.000 	 245.290
FHW13121	639.625 	 90.462 	 245.890
FHW13121	639.750 	 90.453 	 245.482
FHW13121	639.875 	 90.000 	 245.897
FHW13121	640.000 	 90.460 	 245.482
FHW13121	640.125 	 90.000 	 245.476
FHW13121	640.250 	 90.455 	 245.902
FHW13121	640.375 	 90.000 	 245.476
FHW13121	640.500 	 90.462 	 245.902
FHW13121	640.625 	 90.464 	 245.290
FHW13121	640.750 	 90.000 	 245.897
FHW13121	640.875 	 90.453 	 245.482
FHW13121	641.000 	 90.000 	 245.890
FHW13121	641.125 	 90.460 	 245.488
FHW13121	641.250 	 90.000 	 245.896
FHW13121	641.375 	 90.454 	 245.476
FHW13121	641.500 	 90.462 	 245.902
FHW13121	641.625 	 90.000 	 245.284
FHW13121	641.750 	 90.453 	 245.482
FHW13121	641.875 	 90.000 	 245.897
FHW13121	642.000 	 90.460 	 245.482
FHW13121	642.125 	 90.000 	 245.902
FHW13121	642.250 	 90.454 	 245.476
FHW13121	642.375 	 90.462 	 245.902
FHW13121	642.500 	 90.000 	 245.476
FHW13121	642.625 	 90.458 	 245.706
FHW13121	642.750 	 90.000 	 245.482
FHW13121	642.875 	 90.462 	 245.897
FHW13121	643.000 	 90.000 	 245.482
FHW13121	643.125 	 90.455 	 245.897
FHW13121	643.250 	 90.000 	 245.482
FHW13121	643.375 	 90.461 	 245.476
FHW13121	643.500 	 90.455 	 245.902
FHW13121	643.625 	 90.000 	 245.290
FHW13121	643.750 	 90.462 	 245.897
FHW13121	643.875 	 90.000 	 245.482
FHW13121	644.000 	 90.462 	 245.890
FHW13121	644.125 	 90.000 	 245.488
FHW13121	644.250 	 90.455 	 245.890
FHW13121	644.375 	 90.460 	 245.482
FHW13121	644.500 	 90.000 	 245.902
FHW13121	644.625 	 90.457 	 245.284
FHW13121	644.750 	 90.000 	 245.482
FHW13121	644.875 	 90.462 	 245.897
FHW13121	645.000 	 90.000 	 245.482
FHW13121	645.125 	 90.455 	 245.902
FHW13121	645.250 	 90.461 	 245.476
FHW13121	645.375 	 90.000 	 245.896
FHW13121	645.500 	 90.454 	 245.483
FHW13121	645.625 	 90.000 	 245.896
FHW13121	645.750 	 90.464 	 245.290
FHW13121	645.875 	 90.000 	 245.897
FHW13121	646.000 	 90.453 	 245.482
FHW13121	646.125 	 90.462 	 245.897
FHW13121	646.250 	 90.000 	 245.482
FHW13121	646.375 	 90.454 	 245.476
FHW13121	646.500 	 90.000 	 245.902
FHW13121	646.625 	 90.461 	 245.476
FHW13121	646.750 	 90.000 	 245.712
FHW13121	646.875 	 90.460 	 245.482
FHW13121	647.000 	 90.455 	 245.890
FHW13121	647.125 	 90.000 	 245.482
FHW13121	647.250 	 90.462 	 245.897
FHW13121	647.375 	 90.000 	 245.482
FHW13121	647.500 	 90.455 	 245.897
FHW13121	647.625 	 90.000 	 245.482
FHW13121	647.750 	 90.465 	 245.712
FHW13121	647.875 	 90.000 	 245.476
FHW13121	648.000 	 90.453 	 245.482
FHW13121	648.125 	 90.462 	 245.897
FHW13121	648.250 	 90.000 	 245.482
FHW13121	648.375 	 90.455 	 245.896
FHW13121	648.500 	 90.000 	 245.483
FHW13121	648.625 	 90.462 	 245.896
FHW13121	648.750 	 90.000 	 245.284
FHW13121	648.875 	 90.455 	 245.902
FHW13121	649.000 	 90.460 	 245.482
