#WellName	 Depth.M	 INCL	 AZIM 
WellName	 Depth.M	 INCL	 AZIM 
FHW12140	0.000 	 0.000 	 0.000
FHW12140	0.125 	 0.000 	 90.000
FHW12140	0.250 	 0.648 	 45.000
FHW12140	0.375 	 0.000 	 90.000
FHW12140	0.500 	 0.000 	 90.000
FHW12140	0.625 	 0.458 	 90.000
FHW12140	0.750 	 0.458 	 0.000
FHW12140	0.875 	 0.000 	 90.000
FHW12140	1.000 	 0.458 	 90.000
FHW12140	1.125 	 0.458 	 0.000
FHW12140	1.250 	 0.000 	 90.000
FHW12140	1.375 	 0.458 	 90.000
FHW12140	1.500 	 0.458 	 0.000
FHW12140	1.625 	 0.000 	 90.000
FHW12140	1.750 	 0.458 	 90.000
FHW12140	1.875 	 0.000 	 90.000
FHW12140	2.000 	 0.458 	 0.000
FHW12140	2.125 	 0.458 	 90.000
FHW12140	2.250 	 0.000 	 90.000
FHW12140	2.375 	 0.458 	 0.000
FHW12140	2.500 	 0.458 	 90.000
FHW12140	2.625 	 0.000 	 90.000
FHW12140	2.750 	 0.458 	 0.000
FHW12140	2.875 	 0.458 	 90.000
FHW12140	3.000 	 0.000 	 90.000
FHW12140	3.125 	 0.458 	 90.000
FHW12140	3.250 	 0.458 	 0.000
FHW12140	3.375 	 0.000 	 90.000
FHW12140	3.500 	 0.458 	 90.000
FHW12140	3.625 	 0.458 	 0.000
FHW12140	3.750 	 0.000 	 90.000
FHW12140	3.875 	 0.458 	 90.000
FHW12140	4.000 	 0.458 	 0.000
FHW12140	4.125 	 0.000 	 90.000
FHW12140	4.250 	 0.458 	 90.000
FHW12140	4.375 	 0.000 	 90.000
FHW12140	4.500 	 0.458 	 0.000
FHW12140	4.625 	 0.458 	 90.000
FHW12140	4.750 	 0.000 	 90.000
FHW12140	4.875 	 0.458 	 0.000
FHW12140	5.000 	 0.458 	 90.000
FHW12140	5.125 	 0.000 	 90.000
FHW12140	5.250 	 0.458 	 0.000
FHW12140	5.375 	 0.458 	 90.000
FHW12140	5.500 	 0.000 	 90.000
FHW12140	5.625 	 0.000 	 90.000
FHW12140	5.750 	 0.648 	 45.000
FHW12140	5.875 	 0.000 	 90.000
FHW12140	6.000 	 0.000 	 90.000
FHW12140	6.125 	 0.648 	 45.000
FHW12140	6.250 	 0.000 	 90.000
FHW12140	6.375 	 0.000 	 90.000
FHW12140	6.500 	 0.648 	 45.000
FHW12140	6.625 	 0.000 	 90.000
FHW12140	6.750 	 0.000 	 90.000
FHW12140	6.875 	 0.458 	 90.000
FHW12140	7.000 	 0.458 	 0.000
FHW12140	7.125 	 0.000 	 90.000
FHW12140	7.250 	 0.458 	 90.000
FHW12140	7.375 	 0.458 	 0.000
FHW12140	7.500 	 0.000 	 90.000
FHW12140	7.625 	 0.458 	 90.000
FHW12140	7.750 	 0.000 	 90.000
FHW12140	7.875 	 0.458 	 0.000
FHW12140	8.000 	 0.458 	 90.000
FHW12140	8.125 	 0.000 	 90.000
FHW12140	8.250 	 0.458 	 0.000
FHW12140	8.375 	 0.458 	 90.000
FHW12140	8.500 	 0.000 	 90.000
FHW12140	8.625 	 0.648 	 45.000
FHW12140	8.750 	 0.000 	 90.000
FHW12140	8.875 	 0.000 	 90.000
FHW12140	9.000 	 0.458 	 90.000
FHW12140	9.125 	 0.458 	 0.000
FHW12140	9.250 	 0.000 	 90.000
FHW12140	9.375 	 0.458 	 90.000
FHW12140	9.500 	 0.458 	 0.000
FHW12140	9.625 	 0.000 	 90.000
FHW12140	9.750 	 0.458 	 90.000
FHW12140	9.875 	 0.458 	 0.000
FHW12140	10.000 	 0.000 	 90.000
FHW12140	10.125 	 0.458 	 90.000
FHW12140	10.250 	 0.000 	 90.000
FHW12140	10.375 	 0.458 	 0.000
FHW12140	10.500 	 0.458 	 90.000
FHW12140	10.625 	 0.000 	 90.000
FHW12140	10.750 	 0.458 	 0.000
FHW12140	10.875 	 0.458 	 90.000
FHW12140	11.000 	 0.000 	 90.000
FHW12140	11.125 	 0.458 	 0.000
FHW12140	11.250 	 0.458 	 90.000
FHW12140	11.375 	 0.000 	 90.000
FHW12140	11.500 	 0.000 	 90.000
FHW12140	11.625 	 0.648 	 45.000
FHW12140	11.750 	 0.000 	 90.000
FHW12140	11.875 	 0.000 	 90.000
FHW12140	12.000 	 0.648 	 45.000
FHW12140	12.125 	 0.000 	 90.000
FHW12140	12.250 	 0.000 	 90.000
FHW12140	12.375 	 0.648 	 45.000
FHW12140	12.500 	 0.000 	 90.000
FHW12140	12.625 	 0.000 	 90.000
FHW12140	12.750 	 0.458 	 90.000
FHW12140	12.875 	 0.458 	 0.000
FHW12140	13.000 	 0.000 	 90.000
FHW12140	13.125 	 0.458 	 90.000
FHW12140	13.250 	 0.458 	 0.000
FHW12140	13.375 	 0.000 	 90.000
FHW12140	13.500 	 0.458 	 90.000
FHW12140	13.625 	 0.458 	 0.000
FHW12140	13.750 	 0.000 	 90.000
FHW12140	13.875 	 0.458 	 90.000
FHW12140	14.000 	 0.000 	 90.000
FHW12140	14.125 	 0.648 	 45.000
FHW12140	14.250 	 0.000 	 90.000
FHW12140	14.375 	 0.000 	 90.000
FHW12140	14.500 	 0.648 	 45.000
FHW12140	14.625 	 0.000 	 90.000
FHW12140	14.750 	 0.000 	 90.000
FHW12140	14.875 	 0.648 	 45.000
FHW12140	15.000 	 0.000 	 90.000
FHW12140	15.125 	 0.000 	 90.000
FHW12140	15.250 	 0.458 	 90.000
FHW12140	15.375 	 0.458 	 0.000
FHW12140	15.500 	 0.000 	 90.000
FHW12140	15.625 	 0.458 	 90.000
FHW12140	15.750 	 0.458 	 0.000
FHW12140	15.875 	 0.000 	 90.000
FHW12140	16.000 	 0.458 	 90.000
FHW12140	16.125 	 0.000 	 90.000
FHW12140	16.250 	 0.458 	 0.000
FHW12140	16.375 	 0.458 	 90.000
FHW12140	16.500 	 0.000 	 90.000
FHW12140	16.625 	 0.458 	 0.000
FHW12140	16.750 	 0.458 	 90.000
FHW12140	16.875 	 0.000 	 90.000
FHW12140	17.000 	 0.458 	 0.000
FHW12140	17.125 	 0.458 	 90.000
FHW12140	17.250 	 0.000 	 90.000
FHW12140	17.375 	 0.000 	 90.000
FHW12140	17.500 	 0.648 	 45.000
FHW12140	17.625 	 0.000 	 90.000
FHW12140	17.750 	 0.000 	 90.000
FHW12140	17.875 	 0.648 	 45.000
FHW12140	18.000 	 0.000 	 90.000
FHW12140	18.125 	 0.000 	 90.000
FHW12140	18.250 	 0.648 	 45.000
FHW12140	18.375 	 0.000 	 90.000
FHW12140	18.500 	 0.000 	 90.000
FHW12140	18.625 	 0.458 	 90.000
FHW12140	18.750 	 0.458 	 0.000
FHW12140	18.875 	 0.000 	 90.000
FHW12140	19.000 	 0.458 	 90.000
FHW12140	19.125 	 0.458 	 0.000
FHW12140	19.250 	 0.000 	 90.000
FHW12140	19.375 	 0.458 	 90.000
FHW12140	19.500 	 0.458 	 0.000
FHW12140	19.625 	 0.458 	 90.000
FHW12140	19.750 	 0.000 	 90.000
FHW12140	19.875 	 0.000 	 90.000
FHW12140	20.000 	 0.648 	 45.000
FHW12140	20.125 	 0.000 	 90.000
FHW12140	20.250 	 0.000 	 90.000
FHW12140	20.375 	 0.648 	 45.000
FHW12140	20.500 	 0.000 	 90.000
FHW12140	20.625 	 0.000 	 90.000
FHW12140	20.750 	 0.648 	 45.000
FHW12140	20.875 	 0.000 	 90.000
FHW12140	21.000 	 0.000 	 90.000
FHW12140	21.125 	 0.458 	 90.000
FHW12140	21.250 	 0.458 	 0.000
FHW12140	21.375 	 0.000 	 90.000
FHW12140	21.500 	 0.458 	 90.000
FHW12140	21.625 	 0.458 	 0.000
FHW12140	21.750 	 0.000 	 90.000
FHW12140	21.875 	 0.458 	 90.000
FHW12140	22.000 	 0.458 	 0.000
FHW12140	22.125 	 0.000 	 90.000
FHW12140	22.250 	 0.458 	 90.000
FHW12140	22.375 	 0.000 	 90.000
FHW12140	22.500 	 0.458 	 0.000
FHW12140	22.625 	 0.458 	 90.000
FHW12140	22.750 	 0.000 	 90.000
FHW12140	22.875 	 0.458 	 0.000
FHW12140	23.000 	 0.458 	 90.000
FHW12140	23.125 	 0.000 	 90.000
FHW12140	23.250 	 0.000 	 90.000
FHW12140	23.375 	 0.648 	 45.000
FHW12140	23.500 	 0.000 	 90.000
FHW12140	23.625 	 0.000 	 90.000
FHW12140	23.750 	 0.648 	 45.000
FHW12140	23.875 	 0.000 	 90.000
FHW12140	24.000 	 0.000 	 90.000
FHW12140	24.125 	 0.648 	 45.000
FHW12140	24.250 	 0.000 	 90.000
FHW12140	24.375 	 0.000 	 90.000
FHW12140	24.500 	 0.458 	 90.000
FHW12140	24.625 	 0.458 	 0.000
FHW12140	24.750 	 0.000 	 90.000
FHW12140	24.875 	 0.458 	 90.000
FHW12140	25.000 	 0.458 	 0.000
FHW12140	25.125 	 0.000 	 90.000
FHW12140	25.250 	 0.458 	 90.000
FHW12140	25.375 	 0.458 	 0.000
FHW12140	25.500 	 0.458 	 90.000
FHW12140	25.625 	 0.000 	 90.000
FHW12140	25.750 	 0.000 	 90.000
FHW12140	25.875 	 0.648 	 45.000
FHW12140	26.000 	 0.000 	 90.000
FHW12140	26.125 	 0.000 	 90.000
FHW12140	26.250 	 0.648 	 45.000
FHW12140	26.375 	 0.000 	 90.000
FHW12140	26.500 	 0.000 	 90.000
FHW12140	26.625 	 0.648 	 45.000
FHW12140	26.750 	 0.000 	 90.000
FHW12140	26.875 	 0.000 	 90.000
FHW12140	27.000 	 0.458 	 90.000
FHW12140	27.125 	 0.458 	 0.000
FHW12140	27.250 	 0.000 	 90.000
FHW12140	27.375 	 0.458 	 90.000
FHW12140	27.500 	 0.458 	 0.000
FHW12140	27.625 	 0.000 	 90.000
FHW12140	27.750 	 0.458 	 90.000
FHW12140	27.875 	 0.458 	 0.000
FHW12140	28.000 	 0.000 	 90.000
FHW12140	28.125 	 0.458 	 90.000
FHW12140	28.250 	 0.000 	 90.000
FHW12140	28.375 	 0.458 	 0.000
FHW12140	28.500 	 0.458 	 90.000
FHW12140	28.625 	 0.000 	 90.000
FHW12140	28.750 	 0.458 	 0.000
FHW12140	28.875 	 0.458 	 90.000
FHW12140	29.000 	 0.000 	 90.000
FHW12140	29.125 	 0.458 	 0.000
FHW12140	29.250 	 0.458 	 90.000
FHW12140	29.375 	 0.000 	 90.000
FHW12140	29.500 	 0.000 	 90.000
FHW12140	29.625 	 0.648 	 45.000
FHW12140	29.750 	 0.000 	 90.000
FHW12140	29.875 	 0.000 	 90.000
FHW12140	30.000 	 0.648 	 45.000
FHW12140	30.125 	 0.000 	 90.000
FHW12140	30.250 	 0.000 	 90.000
FHW12140	30.375 	 0.458 	 90.000
FHW12140	30.500 	 0.458 	 0.000
FHW12140	30.625 	 0.000 	 90.000
FHW12140	30.750 	 0.458 	 90.000
FHW12140	30.875 	 0.458 	 0.000
FHW12140	31.000 	 0.458 	 90.000
FHW12140	31.125 	 0.000 	 90.000
FHW12140	31.250 	 0.458 	 0.000
FHW12140	31.375 	 0.458 	 90.000
FHW12140	31.500 	 0.000 	 90.000
FHW12140	31.625 	 0.000 	 90.000
FHW12140	31.750 	 0.648 	 45.000
FHW12140	31.875 	 0.000 	 90.000
FHW12140	32.000 	 0.000 	 90.000
FHW12140	32.125 	 0.648 	 45.000
FHW12140	32.250 	 0.000 	 90.000
FHW12140	32.375 	 0.000 	 90.000
FHW12140	32.500 	 0.648 	 45.000
FHW12140	32.625 	 0.000 	 90.000
FHW12140	32.750 	 0.000 	 90.000
FHW12140	32.875 	 0.458 	 90.000
FHW12140	33.000 	 0.458 	 0.000
FHW12140	33.125 	 0.000 	 90.000
FHW12140	33.250 	 0.458 	 90.000
FHW12140	33.375 	 0.458 	 0.000
FHW12140	33.500 	 0.000 	 90.000
FHW12140	33.625 	 0.458 	 90.000
FHW12140	33.750 	 0.458 	 0.000
FHW12140	33.875 	 0.000 	 90.000
FHW12140	34.000 	 0.458 	 90.000
FHW12140	34.125 	 0.000 	 90.000
FHW12140	34.250 	 0.458 	 0.000
FHW12140	34.375 	 0.458 	 90.000
FHW12140	34.500 	 0.000 	 90.000
FHW12140	34.625 	 0.458 	 0.000
FHW12140	34.750 	 0.458 	 90.000
FHW12140	34.875 	 0.000 	 90.000
FHW12140	35.000 	 0.458 	 0.000
FHW12140	35.125 	 0.458 	 90.000
FHW12140	35.250 	 0.000 	 90.000
FHW12140	35.375 	 0.000 	 90.000
FHW12140	35.500 	 0.648 	 45.000
FHW12140	35.625 	 0.000 	 90.000
FHW12140	35.750 	 0.000 	 90.000
FHW12140	35.875 	 0.648 	 45.000
FHW12140	36.000 	 0.000 	 90.000
FHW12140	36.125 	 0.000 	 90.000
FHW12140	36.250 	 0.648 	 45.000
FHW12140	36.375 	 0.000 	 90.000
FHW12140	36.500 	 0.458 	 90.000
FHW12140	36.625 	 0.000 	 90.000
FHW12140	36.750 	 0.458 	 0.000
FHW12140	36.875 	 0.458 	 90.000
FHW12140	37.000 	 0.000 	 90.000
FHW12140	37.125 	 0.458 	 0.000
FHW12140	37.250 	 0.458 	 90.000
FHW12140	37.375 	 0.000 	 90.000
FHW12140	37.500 	 0.000 	 90.000
FHW12140	37.625 	 0.648 	 45.000
FHW12140	37.750 	 0.000 	 90.000
FHW12140	37.875 	 0.000 	 90.000
FHW12140	38.000 	 0.648 	 45.000
FHW12140	38.125 	 0.000 	 90.000
FHW12140	38.250 	 0.000 	 90.000
FHW12140	38.375 	 0.648 	 45.000
FHW12140	38.500 	 0.000 	 90.000
FHW12140	38.625 	 0.000 	 90.000
FHW12140	38.750 	 0.458 	 90.000
FHW12140	38.875 	 0.458 	 0.000
FHW12140	39.000 	 0.000 	 90.000
FHW12140	39.125 	 0.458 	 90.000
FHW12140	39.250 	 0.458 	 0.000
FHW12140	39.375 	 0.000 	 90.000
FHW12140	39.500 	 0.458 	 90.000
FHW12140	39.625 	 0.458 	 0.000
FHW12140	39.750 	 0.000 	 90.000
FHW12140	39.875 	 0.458 	 90.000
FHW12140	40.000 	 0.000 	 90.000
FHW12140	40.125 	 0.458 	 0.000
FHW12140	40.250 	 0.458 	 90.000
FHW12140	40.375 	 0.000 	 90.000
FHW12140	40.500 	 0.458 	 0.000
FHW12140	40.625 	 0.458 	 90.000
FHW12140	40.750 	 0.000 	 90.000
FHW12140	40.875 	 0.458 	 0.000
FHW12140	41.000 	 0.458 	 90.000
FHW12140	41.125 	 0.000 	 90.000
FHW12140	41.250 	 0.000 	 90.000
FHW12140	41.375 	 0.648 	 45.000
FHW12140	41.500 	 0.000 	 90.000
FHW12140	41.625 	 0.000 	 90.000
FHW12140	41.750 	 0.648 	 45.000
FHW12140	41.875 	 0.000 	 90.000
FHW12140	42.000 	 0.458 	 90.000
FHW12140	42.125 	 0.458 	 0.000
FHW12140	42.250 	 0.000 	 90.000
FHW12140	42.375 	 0.458 	 90.000
FHW12140	42.500 	 0.000 	 90.000
FHW12140	42.625 	 0.458 	 0.000
FHW12140	42.750 	 0.458 	 90.000
FHW12140	42.875 	 0.000 	 90.000
FHW12140	43.000 	 0.458 	 0.000
FHW12140	43.125 	 0.458 	 90.000
FHW12140	43.250 	 0.000 	 90.000
FHW12140	43.375 	 0.458 	 0.000
FHW12140	43.500 	 0.458 	 90.000
FHW12140	43.625 	 0.000 	 90.000
FHW12140	43.750 	 0.000 	 90.000
FHW12140	43.875 	 0.648 	 45.000
FHW12140	44.000 	 0.000 	 90.000
FHW12140	44.125 	 0.000 	 90.000
FHW12140	44.250 	 0.648 	 45.000
FHW12140	44.375 	 0.000 	 90.000
FHW12140	44.500 	 0.000 	 90.000
FHW12140	44.625 	 0.653 	 45.000
FHW12140	44.750 	 0.000 	 90.000
FHW12140	44.875 	 0.000 	 90.000
FHW12140	45.000 	 0.458 	 90.000
FHW12140	45.125 	 0.458 	 0.000
FHW12140	45.250 	 0.000 	 90.000
FHW12140	45.375 	 0.458 	 90.000
FHW12140	45.500 	 0.458 	 0.000
FHW12140	45.625 	 0.000 	 90.000
FHW12140	45.750 	 0.458 	 90.000
FHW12140	45.875 	 0.000 	 90.000
FHW12140	46.000 	 0.458 	 0.000
FHW12140	46.125 	 0.458 	 90.000
FHW12140	46.250 	 0.000 	 90.000
FHW12140	46.375 	 0.458 	 0.000
FHW12140	46.500 	 0.458 	 90.000
FHW12140	46.625 	 0.000 	 90.000
FHW12140	46.750 	 0.458 	 0.000
FHW12140	46.875 	 0.458 	 90.000
FHW12140	47.000 	 0.000 	 90.000
FHW12140	47.125 	 0.000 	 90.000
FHW12140	47.250 	 0.648 	 45.000
FHW12140	47.375 	 0.000 	 90.000
FHW12140	47.500 	 0.000 	 90.000
FHW12140	47.625 	 0.648 	 45.000
FHW12140	47.750 	 0.000 	 90.000
FHW12140	47.875 	 0.458 	 90.000
FHW12140	48.000 	 0.458 	 0.000
FHW12140	48.125 	 0.000 	 90.000
FHW12140	48.250 	 0.458 	 90.000
FHW12140	48.375 	 0.000 	 90.000
FHW12140	48.500 	 0.458 	 0.000
FHW12140	48.625 	 0.458 	 90.000
FHW12140	48.750 	 0.000 	 90.000
FHW12140	48.875 	 0.458 	 0.000
FHW12140	49.000 	 0.458 	 90.000
FHW12140	49.125 	 0.000 	 90.000
FHW12140	49.250 	 0.458 	 0.000
FHW12140	49.375 	 0.458 	 90.000
FHW12140	49.500 	 0.000 	 90.000
FHW12140	49.625 	 0.000 	 90.000
FHW12140	49.750 	 0.648 	 45.000
FHW12140	49.875 	 0.000 	 90.000
FHW12140	50.000 	 0.000 	 90.000
FHW12140	50.125 	 0.648 	 45.000
FHW12140	50.250 	 0.000 	 90.000
FHW12140	50.375 	 0.000 	 90.000
FHW12140	50.500 	 0.648 	 45.000
FHW12140	50.625 	 0.000 	 90.000
FHW12140	50.750 	 0.000 	 90.000
FHW12140	50.875 	 0.458 	 90.000
FHW12140	51.000 	 0.458 	 0.000
FHW12140	51.125 	 0.000 	 90.000
FHW12140	51.250 	 0.458 	 90.000
FHW12140	51.375 	 0.458 	 0.000
FHW12140	51.500 	 0.000 	 90.000
FHW12140	51.625 	 0.458 	 90.000
FHW12140	51.750 	 0.458 	 0.000
FHW12140	51.875 	 0.000 	 90.000
FHW12140	52.000 	 0.458 	 90.000
FHW12140	52.125 	 0.000 	 90.000
FHW12140	52.250 	 0.458 	 0.000
FHW12140	52.375 	 0.458 	 90.000
FHW12140	52.500 	 0.000 	 90.000
FHW12140	52.625 	 0.458 	 0.000
FHW12140	52.750 	 0.458 	 90.000
FHW12140	52.875 	 0.000 	 90.000
FHW12140	53.000 	 0.000 	 90.000
FHW12140	53.125 	 0.648 	 45.000
FHW12140	53.250 	 0.000 	 90.000
FHW12140	53.375 	 0.458 	 90.000
FHW12140	53.500 	 0.458 	 0.000
FHW12140	53.625 	 0.000 	 90.000
FHW12140	53.750 	 0.458 	 90.000
FHW12140	53.875 	 0.458 	 0.000
FHW12140	54.000 	 0.000 	 90.000
FHW12140	54.125 	 0.458 	 90.000
FHW12140	54.250 	 0.000 	 90.000
FHW12140	54.375 	 0.458 	 0.000
FHW12140	54.500 	 0.458 	 90.000
FHW12140	54.625 	 0.000 	 90.000
FHW12140	54.750 	 0.458 	 0.000
FHW12140	54.875 	 0.458 	 90.000
FHW12140	55.000 	 0.000 	 90.000
FHW12140	55.125 	 0.458 	 0.000
FHW12140	55.250 	 0.458 	 90.000
FHW12140	55.375 	 0.000 	 90.000
FHW12140	55.500 	 0.000 	 90.000
FHW12140	55.625 	 0.648 	 45.000
FHW12140	55.750 	 0.000 	 90.000
FHW12140	55.875 	 0.000 	 90.000
FHW12140	56.000 	 0.648 	 45.000
FHW12140	56.125 	 0.000 	 90.000
FHW12140	56.250 	 0.000 	 90.000
FHW12140	56.375 	 0.648 	 45.000
FHW12140	56.500 	 0.000 	 90.000
FHW12140	56.625 	 0.000 	 90.000
FHW12140	56.750 	 0.458 	 90.000
FHW12140	56.875 	 0.458 	 0.000
FHW12140	57.000 	 0.000 	 90.000
FHW12140	57.125 	 0.458 	 90.000
FHW12140	57.250 	 0.458 	 0.000
FHW12140	57.375 	 0.000 	 90.000
FHW12140	57.500 	 0.458 	 90.000
FHW12140	57.625 	 0.458 	 0.000
FHW12140	57.750 	 0.000 	 90.000
FHW12140	57.875 	 0.458 	 90.000
FHW12140	58.000 	 0.000 	 90.000
FHW12140	58.125 	 0.458 	 0.000
FHW12140	58.250 	 0.458 	 90.000
FHW12140	58.375 	 0.000 	 90.000
FHW12140	58.500 	 0.458 	 0.000
FHW12140	58.625 	 0.458 	 90.000
FHW12140	58.750 	 0.000 	 90.000
FHW12140	58.875 	 0.648 	 45.000
FHW12140	59.000 	 0.000 	 90.000
FHW12140	59.125 	 0.000 	 90.000
FHW12140	59.250 	 0.458 	 90.000
FHW12140	59.375 	 0.458 	 0.000
FHW12140	59.500 	 0.000 	 90.000
FHW12140	59.625 	 0.458 	 90.000
FHW12140	59.750 	 0.458 	 0.000
FHW12140	59.875 	 0.000 	 90.000
FHW12140	60.000 	 0.458 	 90.000
FHW12140	60.125 	 0.000 	 90.000
FHW12140	60.250 	 0.458 	 0.000
FHW12140	60.375 	 0.458 	 90.000
FHW12140	60.500 	 0.000 	 90.000
FHW12140	60.625 	 0.458 	 0.000
FHW12140	60.750 	 0.458 	 90.000
FHW12140	60.875 	 0.000 	 90.000
FHW12140	61.000 	 0.458 	 0.000
FHW12140	61.125 	 0.458 	 90.000
FHW12140	61.250 	 0.000 	 90.000
FHW12140	61.375 	 0.000 	 90.000
FHW12140	61.500 	 0.648 	 45.000
FHW12140	61.625 	 0.000 	 90.000
FHW12140	61.750 	 0.000 	 90.000
FHW12140	61.875 	 0.648 	 45.000
FHW12140	62.000 	 0.000 	 90.000
FHW12140	62.125 	 0.000 	 90.000
FHW12140	62.250 	 0.648 	 45.000
FHW12140	62.375 	 0.000 	 90.000
FHW12140	62.500 	 0.000 	 90.000
FHW12140	62.625 	 0.458 	 90.000
FHW12140	62.750 	 0.458 	 0.000
FHW12140	62.875 	 0.000 	 90.000
FHW12140	63.000 	 0.458 	 90.000
FHW12140	63.125 	 0.458 	 0.000
FHW12140	63.250 	 0.000 	 90.000
FHW12140	63.375 	 0.458 	 90.000
FHW12140	63.500 	 0.458 	 0.000
FHW12140	63.625 	 0.000 	 90.000
FHW12140	63.750 	 0.458 	 90.000
FHW12140	63.875 	 0.000 	 90.000
FHW12140	64.000 	 0.458 	 0.000
FHW12140	64.125 	 0.458 	 90.000
FHW12140	64.250 	 0.000 	 90.000
FHW12140	64.375 	 0.648 	 45.000
FHW12140	64.500 	 0.000 	 90.000
FHW12140	64.625 	 0.000 	 90.000
FHW12140	64.750 	 0.648 	 45.000
FHW12140	64.875 	 0.000 	 90.000
FHW12140	65.000 	 0.000 	 90.000
FHW12140	65.125 	 0.458 	 90.000
FHW12140	65.250 	 0.458 	 0.000
FHW12140	65.375 	 0.000 	 90.000
FHW12140	65.500 	 0.458 	 90.000
FHW12140	65.625 	 0.458 	 0.000
FHW12140	65.750 	 0.000 	 90.000
FHW12140	65.875 	 0.458 	 90.000
FHW12140	66.000 	 0.458 	 0.000
FHW12140	66.125 	 0.000 	 90.000
FHW12140	66.250 	 0.458 	 90.000
FHW12140	66.375 	 0.000 	 90.000
FHW12140	66.500 	 0.458 	 0.000
FHW12140	66.625 	 0.458 	 90.000
FHW12140	66.750 	 0.000 	 90.000
FHW12140	66.875 	 0.458 	 0.000
FHW12140	67.000 	 0.458 	 90.000
FHW12140	67.125 	 0.000 	 90.000
FHW12140	67.250 	 0.458 	 0.000
FHW12140	67.375 	 0.458 	 90.000
FHW12140	67.500 	 0.000 	 90.000
FHW12140	67.625 	 0.000 	 90.000
FHW12140	67.750 	 0.648 	 45.000
FHW12140	67.875 	 0.000 	 90.000
FHW12140	68.000 	 0.000 	 90.000
FHW12140	68.125 	 0.648 	 45.000
FHW12140	68.250 	 0.000 	 90.000
FHW12140	68.375 	 0.000 	 90.000
FHW12140	68.500 	 0.458 	 90.000
FHW12140	68.625 	 0.458 	 0.000
FHW12140	68.750 	 0.000 	 90.000
FHW12140	68.875 	 0.458 	 90.000
FHW12140	69.000 	 0.458 	 0.000
FHW12140	69.125 	 0.000 	 90.000
FHW12140	69.250 	 0.458 	 90.000
FHW12140	69.375 	 0.458 	 0.000
FHW12140	69.500 	 0.000 	 90.000
FHW12140	69.625 	 0.458 	 90.000
FHW12140	69.750 	 0.000 	 90.000
FHW12140	69.875 	 0.458 	 0.000
FHW12140	70.000 	 0.458 	 90.000
FHW12140	70.125 	 0.000 	 90.000
FHW12140	70.250 	 0.648 	 45.000
FHW12140	70.375 	 0.000 	 90.000
FHW12140	70.500 	 0.000 	 90.000
FHW12140	70.625 	 0.648 	 45.000
FHW12140	70.750 	 0.000 	 90.000
FHW12140	70.875 	 0.000 	 90.000
FHW12140	71.000 	 0.458 	 90.000
FHW12140	71.125 	 0.458 	 0.000
FHW12140	71.250 	 0.000 	 90.000
FHW12140	71.375 	 0.458 	 90.000
FHW12140	71.500 	 0.458 	 0.000
FHW12140	71.625 	 0.000 	 90.000
FHW12140	71.750 	 0.458 	 90.000
FHW12140	71.875 	 0.458 	 0.000
FHW12140	72.000 	 0.000 	 90.000
FHW12140	72.125 	 0.458 	 90.000
FHW12140	72.250 	 0.000 	 90.000
FHW12140	72.375 	 0.458 	 0.000
FHW12140	72.500 	 0.458 	 90.000
FHW12140	72.625 	 0.000 	 90.000
FHW12140	72.750 	 0.458 	 0.000
FHW12140	72.875 	 0.458 	 90.000
FHW12140	73.000 	 0.000 	 90.000
FHW12140	73.125 	 0.458 	 0.000
FHW12140	73.250 	 0.458 	 90.000
FHW12140	73.375 	 0.000 	 90.000
FHW12140	73.500 	 0.000 	 90.000
FHW12140	73.625 	 0.648 	 45.000
FHW12140	73.750 	 0.000 	 90.000
FHW12140	73.875 	 0.000 	 90.000
FHW12140	74.000 	 0.648 	 45.000
FHW12140	74.125 	 0.000 	 90.000
FHW12140	74.250 	 0.000 	 90.000
FHW12140	74.375 	 0.648 	 45.000
FHW12140	74.500 	 0.000 	 90.000
FHW12140	74.625 	 0.000 	 90.000
FHW12140	74.750 	 0.458 	 90.000
FHW12140	74.875 	 0.458 	 0.000
FHW12140	75.000 	 0.000 	 90.000
FHW12140	75.125 	 0.458 	 90.000
FHW12140	75.250 	 0.458 	 0.000
FHW12140	75.375 	 0.000 	 90.000
FHW12140	75.500 	 0.458 	 90.000
FHW12140	75.625 	 0.000 	 90.000
FHW12140	75.750 	 0.648 	 45.000
FHW12140	75.875 	 0.000 	 90.000
FHW12140	76.000 	 0.000 	 90.000
FHW12140	76.125 	 0.648 	 45.000
FHW12140	76.250 	 0.000 	 90.000
FHW12140	76.375 	 0.000 	 90.000
FHW12140	76.500 	 0.648 	 45.000
FHW12140	76.625 	 0.000 	 90.000
FHW12140	76.750 	 0.000 	 90.000
FHW12140	76.875 	 0.458 	 90.000
FHW12140	77.000 	 0.458 	 0.000
FHW12140	77.125 	 0.000 	 90.000
FHW12140	77.250 	 0.458 	 90.000
FHW12140	77.375 	 0.458 	 0.000
FHW12140	77.500 	 0.000 	 90.000
FHW12140	77.625 	 0.458 	 90.000
FHW12140	77.750 	 0.458 	 0.000
FHW12140	77.875 	 0.000 	 90.000
FHW12140	78.000 	 0.458 	 90.000
FHW12140	78.125 	 0.458 	 90.000
FHW12140	78.250 	 0.458 	 90.000
FHW12140	78.375 	 0.458 	 90.000
FHW12140	78.500 	 0.917 	 90.000
FHW12140	78.625 	 0.458 	 90.000
FHW12140	78.750 	 0.458 	 90.000
FHW12140	78.875 	 1.025 	 116.565
FHW12140	79.000 	 0.458 	 90.000
FHW12140	79.125 	 0.458 	 90.000
FHW12140	79.250 	 0.458 	 90.000
FHW12140	79.375 	 0.917 	 90.000
FHW12140	79.500 	 0.458 	 90.000
FHW12140	79.625 	 0.458 	 90.000
FHW12140	79.750 	 0.458 	 90.000
FHW12140	79.875 	 0.917 	 90.000
FHW12140	80.000 	 0.458 	 90.000
FHW12140	80.125 	 0.458 	 90.000
FHW12140	80.250 	 1.025 	 116.565
FHW12140	80.375 	 0.458 	 90.000
FHW12140	80.500 	 0.458 	 90.000
FHW12140	80.625 	 0.458 	 90.000
FHW12140	80.750 	 0.917 	 90.000
FHW12140	80.875 	 0.458 	 90.000
FHW12140	81.000 	 0.458 	 90.000
FHW12140	81.125 	 0.458 	 90.000
FHW12140	81.250 	 0.917 	 90.000
FHW12140	81.375 	 0.458 	 90.000
FHW12140	81.500 	 0.648 	 135.000
FHW12140	81.625 	 0.917 	 90.000
FHW12140	81.750 	 0.458 	 90.000
FHW12140	81.875 	 0.458 	 90.000
FHW12140	82.000 	 0.458 	 90.000
FHW12140	82.125 	 0.917 	 90.000
FHW12140	82.250 	 0.458 	 90.000
FHW12140	82.375 	 0.458 	 90.000
FHW12140	82.500 	 0.458 	 90.000
FHW12140	82.625 	 0.917 	 90.000
FHW12140	82.750 	 0.648 	 135.000
FHW12140	82.875 	 0.458 	 90.000
FHW12140	83.000 	 0.917 	 90.000
FHW12140	83.125 	 0.458 	 90.000
FHW12140	83.250 	 0.458 	 90.000
FHW12140	83.375 	 0.458 	 90.000
FHW12140	83.500 	 0.917 	 90.000
FHW12140	83.625 	 0.458 	 90.000
FHW12140	83.750 	 0.458 	 90.000
FHW12140	83.875 	 0.458 	 90.000
FHW12140	84.000 	 0.917 	 90.000
FHW12140	84.125 	 0.648 	 135.000
FHW12140	84.250 	 0.458 	 90.000
FHW12140	84.375 	 0.917 	 90.000
FHW12140	84.500 	 0.458 	 90.000
FHW12140	84.625 	 0.458 	 90.000
FHW12140	84.750 	 0.458 	 90.000
FHW12140	84.875 	 0.917 	 90.000
FHW12140	85.000 	 0.458 	 90.000
FHW12140	85.125 	 0.458 	 90.000
FHW12140	85.250 	 0.458 	 90.000
FHW12140	85.375 	 1.025 	 116.565
FHW12140	85.500 	 0.458 	 90.000
FHW12140	85.625 	 0.458 	 90.000
FHW12140	85.750 	 0.917 	 90.000
FHW12140	85.875 	 0.458 	 90.000
FHW12140	86.000 	 0.458 	 90.000
FHW12140	86.125 	 0.458 	 90.000
FHW12140	86.250 	 0.917 	 90.000
FHW12140	86.375 	 0.458 	 90.000
FHW12140	86.500 	 0.458 	 90.000
FHW12140	86.625 	 0.648 	 135.000
FHW12140	86.750 	 0.917 	 90.000
FHW12140	86.875 	 0.458 	 90.000
FHW12140	87.000 	 0.458 	 90.000
FHW12140	87.125 	 0.458 	 90.000
FHW12140	87.250 	 0.917 	 90.000
FHW12140	87.375 	 0.458 	 90.000
FHW12140	87.500 	 0.458 	 90.000
FHW12140	87.625 	 0.917 	 90.000
FHW12140	87.750 	 0.458 	 90.000
FHW12140	87.875 	 0.458 	 90.000
FHW12140	88.000 	 0.648 	 135.000
FHW12140	88.125 	 0.917 	 90.000
FHW12140	88.250 	 0.458 	 90.000
FHW12140	88.375 	 0.458 	 90.000
FHW12140	88.500 	 0.458 	 90.000
FHW12140	88.625 	 0.917 	 90.000
FHW12140	88.750 	 0.458 	 90.000
FHW12140	88.875 	 0.458 	 90.000
FHW12140	89.000 	 0.917 	 90.000
FHW12140	89.125 	 1.025 	 116.565
FHW12140	89.250 	 0.458 	 90.000
FHW12140	89.375 	 0.917 	 90.000
FHW12140	89.500 	 0.924 	 90.000
FHW12140	89.625 	 0.458 	 90.000
FHW12140	89.750 	 0.917 	 90.000
FHW12140	89.875 	 0.458 	 90.000
FHW12140	90.000 	 1.025 	 116.565
FHW12140	90.125 	 0.917 	 90.000
FHW12140	90.250 	 0.458 	 90.000
FHW12140	90.375 	 0.917 	 90.000
FHW12140	90.500 	 0.917 	 90.000
FHW12140	90.625 	 0.458 	 90.000
FHW12140	90.750 	 0.917 	 90.000
FHW12140	90.875 	 0.648 	 135.000
FHW12140	91.000 	 0.917 	 90.000
FHW12140	91.125 	 0.917 	 90.000
FHW12140	91.250 	 0.458 	 90.000
FHW12140	91.375 	 0.917 	 90.000
FHW12140	91.500 	 0.458 	 90.000
FHW12140	91.625 	 0.917 	 90.000
FHW12140	91.750 	 1.025 	 116.565
FHW12140	91.875 	 0.458 	 90.000
FHW12140	92.000 	 0.917 	 90.000
FHW12140	92.125 	 0.917 	 90.000
FHW12140	92.250 	 0.458 	 90.000
FHW12140	92.375 	 0.917 	 90.000
FHW12140	92.500 	 0.458 	 90.000
FHW12140	92.625 	 0.917 	 90.000
FHW12140	92.750 	 1.025 	 116.565
FHW12140	92.875 	 0.458 	 90.000
FHW12140	93.000 	 0.917 	 90.000
FHW12140	93.125 	 0.458 	 90.000
FHW12140	93.250 	 0.917 	 90.000
FHW12140	93.375 	 0.917 	 90.000
FHW12140	93.500 	 0.458 	 90.000
FHW12140	93.625 	 1.025 	 116.565
FHW12140	93.750 	 0.917 	 90.000
FHW12140	93.875 	 0.458 	 90.000
FHW12140	94.000 	 0.917 	 90.000
FHW12140	94.125 	 0.458 	 90.000
FHW12140	94.250 	 0.917 	 90.000
FHW12140	94.375 	 0.917 	 90.000
FHW12140	94.500 	 0.648 	 135.000
FHW12140	94.625 	 0.917 	 90.000
FHW12140	94.750 	 0.917 	 90.000
FHW12140	94.875 	 0.458 	 90.000
FHW12140	95.000 	 0.917 	 90.000
FHW12140	95.125 	 0.458 	 90.000
FHW12140	95.250 	 0.917 	 90.000
FHW12140	95.375 	 1.025 	 116.565
FHW12140	95.500 	 0.458 	 90.000
FHW12140	95.625 	 0.917 	 90.000
FHW12140	95.750 	 0.458 	 90.000
FHW12140	95.875 	 0.917 	 90.000
FHW12140	96.000 	 0.917 	 90.000
FHW12140	96.125 	 0.458 	 90.000
FHW12140	96.250 	 1.025 	 116.565
FHW12140	96.375 	 0.917 	 90.000
FHW12140	96.500 	 0.458 	 90.000
FHW12140	96.625 	 0.917 	 90.000
FHW12140	96.750 	 0.458 	 90.000
FHW12140	96.875 	 0.917 	 90.000
FHW12140	97.000 	 0.917 	 90.000
FHW12140	97.125 	 0.648 	 135.000
FHW12140	97.250 	 0.917 	 90.000
FHW12140	97.375 	 0.917 	 90.000
FHW12140	97.500 	 0.458 	 90.000
FHW12140	97.625 	 0.917 	 90.000
FHW12140	97.750 	 0.458 	 90.000
FHW12140	97.875 	 0.917 	 90.000
FHW12140	98.000 	 1.025 	 116.565
FHW12140	98.125 	 0.917 	 90.000
FHW12140	98.250 	 1.375 	 90.000
FHW12140	98.375 	 0.917 	 90.000
FHW12140	98.500 	 1.375 	 90.000
FHW12140	98.625 	 0.917 	 90.000
FHW12140	98.750 	 1.375 	 90.000
FHW12140	98.875 	 1.025 	 116.565
FHW12140	99.000 	 1.375 	 90.000
FHW12140	99.125 	 0.917 	 90.000
FHW12140	99.250 	 1.375 	 90.000
FHW12140	99.375 	 0.924 	 90.000
FHW12140	99.500 	 1.375 	 90.000
FHW12140	99.625 	 0.917 	 90.000
FHW12140	99.750 	 1.449 	 108.435
FHW12140	99.875 	 0.917 	 90.000
FHW12140	100.000 	 1.375 	 90.000
FHW12140	100.125 	 0.917 	 90.000
FHW12140	100.250 	 1.375 	 90.000
FHW12140	100.375 	 0.917 	 90.000
FHW12140	100.500 	 1.449 	 108.435
FHW12140	100.625 	 0.917 	 90.000
FHW12140	100.750 	 1.375 	 90.000
FHW12140	100.875 	 0.917 	 90.000
FHW12140	101.000 	 1.375 	 90.000
FHW12140	101.125 	 0.917 	 90.000
FHW12140	101.250 	 1.375 	 90.000
FHW12140	101.375 	 1.025 	 116.565
FHW12140	101.500 	 1.375 	 90.000
FHW12140	101.625 	 0.917 	 90.000
FHW12140	101.750 	 1.375 	 90.000
FHW12140	101.875 	 0.917 	 90.000
FHW12140	102.000 	 1.375 	 90.000
FHW12140	102.125 	 1.833 	 90.000
FHW12140	102.250 	 1.833 	 90.000
FHW12140	102.375 	 1.889 	 75.964
FHW12140	102.500 	 2.291 	 90.000
FHW12140	102.625 	 1.833 	 90.000
FHW12140	102.750 	 1.848 	 90.000
FHW12140	102.875 	 2.336 	 78.690
FHW12140	103.000 	 1.833 	 90.000
FHW12140	103.125 	 1.833 	 90.000
FHW12140	103.250 	 1.889 	 75.964
FHW12140	103.375 	 2.291 	 90.000
FHW12140	103.500 	 1.833 	 90.000
FHW12140	103.625 	 1.889 	 75.964
FHW12140	103.750 	 1.833 	 90.000
FHW12140	103.875 	 2.291 	 90.000
FHW12140	104.000 	 1.833 	 90.000
FHW12140	104.125 	 1.889 	 75.964
FHW12140	104.250 	 2.291 	 90.000
FHW12140	104.375 	 1.833 	 90.000
FHW12140	104.500 	 1.904 	 75.964
FHW12140	104.625 	 1.833 	 90.000
FHW12140	104.750 	 2.291 	 90.000
FHW12140	104.875 	 1.889 	 75.964
FHW12140	105.000 	 1.833 	 90.000
FHW12140	105.125 	 1.833 	 90.000
FHW12140	105.250 	 2.336 	 78.690
FHW12140	105.375 	 1.833 	 90.000
FHW12140	105.500 	 1.833 	 90.000
FHW12140	105.625 	 2.291 	 90.000
FHW12140	105.750 	 1.889 	 75.964
FHW12140	105.875 	 1.833 	 90.000
FHW12140	106.000 	 1.833 	 90.000
FHW12140	106.125 	 2.355 	 78.690
FHW12140	106.250 	 1.833 	 90.000
FHW12140	106.375 	 1.833 	 90.000
FHW12140	106.500 	 1.889 	 75.964
FHW12140	106.625 	 2.291 	 90.000
FHW12140	106.750 	 1.833 	 90.000
FHW12140	106.875 	 1.833 	 90.000
FHW12140	107.000 	 2.786 	 80.538
FHW12140	107.125 	 3.774 	 75.964
FHW12140	107.250 	 4.177 	 83.660
FHW12140	107.375 	 4.218 	 77.471
FHW12140	107.500 	 4.143 	 83.660
FHW12140	107.625 	 4.252 	 77.471
FHW12140	107.750 	 3.690 	 82.875
FHW12140	107.875 	 4.218 	 77.471
FHW12140	108.000 	 4.177 	 83.660
FHW12140	108.125 	 4.218 	 77.471
FHW12140	108.250 	 3.690 	 82.875
FHW12140	108.375 	 4.252 	 77.471
FHW12140	108.500 	 4.143 	 83.660
FHW12140	108.625 	 4.218 	 77.471
FHW12140	108.750 	 4.177 	 83.660
FHW12140	108.875 	 3.774 	 75.964
FHW12140	109.000 	 4.143 	 83.660
FHW12140	109.125 	 4.252 	 77.471
FHW12140	109.250 	 4.143 	 83.660
FHW12140	109.375 	 3.774 	 75.964
FHW12140	109.500 	 4.177 	 83.660
FHW12140	109.625 	 4.218 	 77.471
FHW12140	109.750 	 4.177 	 83.660
FHW12140	109.875 	 4.218 	 77.471
FHW12140	110.000 	 3.690 	 82.875
FHW12140	110.125 	 4.252 	 77.471
FHW12140	110.250 	 4.143 	 83.660
FHW12140	110.375 	 4.218 	 77.471
FHW12140	110.500 	 4.177 	 83.660
FHW12140	110.625 	 3.774 	 75.964
FHW12140	110.750 	 4.143 	 83.660
FHW12140	110.875 	 4.252 	 77.471
FHW12140	111.000 	 4.143 	 83.660
FHW12140	111.125 	 3.774 	 75.964
FHW12140	111.250 	 4.177 	 83.660
FHW12140	111.375 	 4.218 	 77.471
FHW12140	111.500 	 4.143 	 83.660
FHW12140	111.625 	 4.252 	 77.471
FHW12140	111.750 	 3.690 	 82.875
FHW12140	111.875 	 4.218 	 77.471
FHW12140	112.000 	 4.177 	 83.660
FHW12140	112.125 	 4.218 	 77.471
FHW12140	112.250 	 3.690 	 82.875
FHW12140	112.375 	 4.252 	 77.471
FHW12140	112.500 	 4.143 	 83.660
FHW12140	112.625 	 4.218 	 77.471
FHW12140	112.750 	 4.177 	 83.660
FHW12140	112.875 	 3.774 	 75.964
FHW12140	113.000 	 4.143 	 83.660
FHW12140	113.125 	 4.252 	 77.471
FHW12140	113.250 	 4.143 	 83.660
FHW12140	113.375 	 3.774 	 75.964
FHW12140	113.500 	 4.177 	 83.660
FHW12140	113.625 	 4.218 	 77.471
FHW12140	113.750 	 4.218 	 77.471
FHW12140	113.875 	 4.177 	 83.660
FHW12140	114.000 	 3.774 	 75.964
FHW12140	114.125 	 4.143 	 83.660
FHW12140	114.250 	 4.252 	 77.471
FHW12140	114.375 	 4.143 	 83.660
FHW12140	114.500 	 3.774 	 75.964
FHW12140	114.625 	 4.177 	 83.660
FHW12140	114.750 	 4.218 	 77.471
FHW12140	114.875 	 4.143 	 83.660
FHW12140	115.000 	 4.252 	 77.471
FHW12140	115.125 	 3.690 	 82.875
FHW12140	115.250 	 4.218 	 77.471
FHW12140	115.375 	 4.177 	 83.660
FHW12140	115.500 	 4.218 	 77.471
FHW12140	115.625 	 3.690 	 82.875
FHW12140	115.750 	 4.252 	 77.471
FHW12140	115.875 	 6.455 	 81.870
FHW12140	116.000 	 7.637 	 75.964
FHW12140	116.125 	 7.576 	 75.964
FHW12140	116.250 	 7.576 	 75.964
FHW12140	116.375 	 7.926 	 79.992
FHW12140	116.500 	 7.576 	 75.964
FHW12140	116.625 	 7.576 	 75.964
FHW12140	116.750 	 7.576 	 75.964
FHW12140	116.875 	 7.989 	 79.992
FHW12140	117.000 	 7.576 	 75.964
FHW12140	117.125 	 7.576 	 75.964
FHW12140	117.250 	 7.479 	 79.380
FHW12140	117.375 	 8.017 	 76.759
FHW12140	117.500 	 7.576 	 75.964
FHW12140	117.625 	 7.576 	 75.964
FHW12140	117.750 	 7.539 	 79.380
FHW12140	117.875 	 8.017 	 76.759
FHW12140	118.000 	 7.576 	 75.964
FHW12140	118.125 	 7.576 	 75.964
FHW12140	118.250 	 7.479 	 79.380
FHW12140	118.375 	 8.017 	 76.759
FHW12140	118.500 	 7.576 	 75.964
FHW12140	118.625 	 7.539 	 79.380
FHW12140	118.750 	 7.576 	 75.964
FHW12140	118.875 	 8.017 	 76.759
FHW12140	119.000 	 7.576 	 75.964
FHW12140	119.125 	 7.479 	 79.380
FHW12140	119.250 	 8.017 	 76.760
FHW12140	119.375 	 7.576 	 75.964
FHW12140	119.500 	 7.540 	 79.380
FHW12140	119.625 	 7.576 	 75.964
FHW12140	119.750 	 8.017 	 76.760
FHW12140	119.875 	 7.576 	 75.964
FHW12140	120.000 	 7.479 	 79.380
FHW12140	120.125 	 7.576 	 75.964
FHW12140	120.250 	 8.017 	 76.760
FHW12140	120.375 	 7.637 	 75.964
FHW12140	120.500 	 7.479 	 79.380
FHW12140	120.625 	 7.576 	 75.964
FHW12140	120.750 	 8.017 	 76.760
FHW12140	120.875 	 7.479 	 79.380
FHW12140	121.000 	 7.577 	 75.964
FHW12140	121.125 	 7.576 	 75.964
FHW12140	121.250 	 8.081 	 76.759
FHW12140	121.375 	 7.479 	 79.380
FHW12140	121.500 	 7.576 	 75.964
FHW12140	121.625 	 7.576 	 75.964
FHW12140	121.750 	 7.925 	 79.992
FHW12140	121.875 	 7.576 	 75.964
FHW12140	122.000 	 7.576 	 75.964
FHW12140	122.125 	 7.637 	 75.964
FHW12140	122.250 	 7.925 	 79.992
FHW12140	122.375 	 7.576 	 75.964
FHW12140	122.500 	 7.577 	 75.964
FHW12140	122.625 	 8.017 	 76.759
FHW12140	122.750 	 7.479 	 79.380
FHW12140	122.875 	 7.576 	 75.964
FHW12140	123.000 	 7.637 	 75.964
FHW12140	123.125 	 7.926 	 79.992
FHW12140	123.250 	 7.576 	 75.964
FHW12140	123.375 	 7.576 	 75.964
FHW12140	123.500 	 7.576 	 75.964
FHW12140	123.625 	 7.925 	 79.992
FHW12140	123.750 	 7.576 	 75.964
FHW12140	123.875 	 7.637 	 75.964
FHW12140	124.000 	 7.577 	 75.964
FHW12140	124.125 	 7.925 	 79.992
FHW12140	124.250 	 7.576 	 75.964
FHW12140	124.375 	 7.576 	 75.964
FHW12140	124.500 	 7.479 	 79.380
FHW12140	124.625 	 8.017 	 76.759
FHW12140	124.750 	 8.081 	 76.760
FHW12140	124.875 	 11.272 	 78.232
FHW12140	125.000 	 11.463 	 75.964
FHW12140	125.125 	 11.711 	 78.690
FHW12140	125.250 	 11.463 	 75.964
FHW12140	125.375 	 11.272 	 78.232
FHW12140	125.500 	 11.900 	 76.504
FHW12140	125.625 	 11.272 	 78.232
FHW12140	125.750 	 11.463 	 75.964
FHW12140	125.875 	 11.710 	 78.690
FHW12140	126.000 	 11.463 	 75.964
FHW12140	126.125 	 11.362 	 78.232
FHW12140	126.250 	 11.806 	 76.504
FHW12140	126.375 	 11.362 	 78.232
FHW12140	126.500 	 11.373 	 75.964
FHW12140	126.625 	 11.803 	 78.690
FHW12140	126.750 	 11.272 	 78.232
FHW12140	126.875 	 11.463 	 75.964
FHW12140	127.000 	 11.710 	 78.690
FHW12140	127.125 	 11.463 	 75.964
FHW12140	127.250 	 11.272 	 78.232
FHW12140	127.375 	 11.900 	 76.504
FHW12140	127.500 	 11.272 	 78.232
FHW12140	127.625 	 11.463 	 75.964
FHW12140	127.750 	 11.803 	 78.690
FHW12140	127.875 	 11.373 	 75.964
FHW12140	128.000 	 11.362 	 78.232
FHW12140	128.125 	 11.806 	 76.504
FHW12140	128.250 	 11.362 	 78.232
FHW12140	128.375 	 11.710 	 78.690
FHW12140	128.500 	 11.463 	 75.964
FHW12140	128.625 	 11.272 	 78.232
FHW12140	128.750 	 11.899 	 76.504
FHW12140	128.875 	 11.273 	 78.232
FHW12140	129.000 	 11.462 	 75.964
FHW12140	129.125 	 11.710 	 78.690
FHW12140	129.250 	 11.463 	 75.964
FHW12140	129.375 	 11.361 	 78.232
FHW12140	129.500 	 11.806 	 76.504
FHW12140	129.625 	 11.363 	 78.232
FHW12140	129.750 	 11.372 	 75.964
FHW12140	129.875 	 11.804 	 78.690
FHW12140	130.000 	 11.272 	 78.232
FHW12140	130.125 	 11.462 	 75.964
FHW12140	130.250 	 11.712 	 78.690
FHW12140	130.375 	 11.462 	 75.964
FHW12140	130.500 	 11.272 	 78.232
FHW12140	130.625 	 11.901 	 76.504
FHW12140	130.750 	 11.272 	 78.232
FHW12140	130.875 	 11.462 	 75.964
FHW12140	131.000 	 11.804 	 78.690
FHW12140	131.125 	 11.372 	 75.964
FHW12140	131.250 	 11.363 	 78.232
FHW12140	131.375 	 11.806 	 76.504
FHW12140	131.500 	 11.361 	 78.232
FHW12140	131.625 	 11.373 	 75.964
FHW12140	131.750 	 11.803 	 78.690
FHW12140	131.875 	 11.272 	 78.232
FHW12140	132.000 	 11.463 	 75.964
FHW12140	132.125 	 11.710 	 78.690
FHW12140	132.250 	 11.463 	 75.964
FHW12140	132.375 	 11.272 	 78.232
FHW12140	132.500 	 11.899 	 76.504
FHW12140	132.625 	 11.363 	 78.232
FHW12140	132.750 	 11.806 	 76.504
FHW12140	132.875 	 11.361 	 78.232
FHW12140	133.000 	 11.373 	 75.964
FHW12140	133.125 	 11.803 	 78.690
FHW12140	133.250 	 11.372 	 75.964
FHW12140	133.375 	 11.363 	 78.232
FHW12140	133.500 	 11.710 	 78.690
FHW12140	133.625 	 11.463 	 75.964
FHW12140	133.750 	 11.272 	 78.232
FHW12140	133.875 	 12.773 	 77.471
FHW12140	134.000 	 14.834 	 77.276
FHW12140	134.125 	 15.147 	 77.661
FHW12140	134.250 	 15.248 	 75.964
FHW12140	134.375 	 14.834 	 77.276
FHW12140	134.500 	 15.148 	 77.661
FHW12140	134.625 	 14.716 	 77.276
FHW12140	134.750 	 15.148 	 77.661
FHW12140	134.875 	 15.269 	 77.661
FHW12140	135.000 	 14.716 	 77.276
FHW12140	135.125 	 15.148 	 77.661
FHW12140	135.250 	 15.269 	 77.661
FHW12140	135.375 	 14.716 	 77.276
FHW12140	135.500 	 15.147 	 77.661
FHW12140	135.625 	 14.834 	 77.276
FHW12140	135.750 	 15.148 	 77.661
FHW12140	135.875 	 15.148 	 77.661
FHW12140	136.000 	 14.716 	 77.276
FHW12140	136.125 	 15.370 	 75.964
FHW12140	136.250 	 15.148 	 77.661
FHW12140	136.375 	 14.716 	 77.276
FHW12140	136.500 	 15.269 	 77.661
FHW12140	136.625 	 15.148 	 77.661
FHW12140	136.750 	 14.716 	 77.276
FHW12140	136.875 	 15.148 	 77.661
FHW12140	137.000 	 14.834 	 77.276
FHW12140	137.125 	 15.148 	 77.661
FHW12140	137.250 	 15.148 	 77.661
FHW12140	137.375 	 14.834 	 77.276
FHW12140	137.500 	 15.148 	 77.661
FHW12140	137.625 	 15.148 	 77.661
FHW12140	137.750 	 14.716 	 77.276
FHW12140	137.875 	 15.370 	 75.964
FHW12140	138.000 	 14.716 	 77.276
FHW12140	138.125 	 15.148 	 77.661
FHW12140	138.250 	 15.269 	 77.661
FHW12140	138.375 	 14.716 	 77.276
FHW12140	138.500 	 15.148 	 77.661
FHW12140	138.625 	 15.269 	 77.661
FHW12140	138.750 	 14.716 	 77.275
FHW12140	138.875 	 15.148 	 77.661
FHW12140	139.000 	 14.718 	 77.276
FHW12140	139.125 	 15.267 	 77.661
FHW12140	139.250 	 15.148 	 77.661
FHW12140	139.375 	 14.716 	 77.276
FHW12140	139.500 	 15.269 	 77.661
FHW12140	139.625 	 15.248 	 75.964
FHW12140	139.750 	 14.716 	 77.276
FHW12140	139.875 	 15.149 	 77.661
FHW12140	140.000 	 15.267 	 77.661
FHW12140	140.125 	 14.716 	 77.276
FHW12140	140.250 	 15.149 	 77.661
FHW12140	140.375 	 14.832 	 77.276
FHW12140	140.500 	 15.148 	 77.661
FHW12140	140.625 	 15.149 	 77.661
FHW12140	140.750 	 14.716 	 77.276
FHW12140	140.875 	 15.267 	 77.661
FHW12140	141.000 	 15.149 	 77.661
FHW12140	141.125 	 14.716 	 77.276
FHW12140	141.250 	 15.267 	 77.661
FHW12140	141.375 	 14.820 	 75.530
FHW12140	141.500 	 15.149 	 77.661
FHW12140	141.625 	 15.267 	 77.661
FHW12140	141.750 	 14.716 	 77.276
FHW12140	141.875 	 15.149 	 77.661
FHW12140	142.000 	 15.147 	 77.661
FHW12140	142.125 	 14.832 	 77.276
FHW12140	142.250 	 15.149 	 77.661
FHW12140	142.375 	 15.148 	 77.661
FHW12140	142.500 	 14.832 	 77.276
FHW12140	142.625 	 15.149 	 77.661
FHW12140	142.750 	 14.716 	 77.276
FHW12140	142.875 	 15.148 	 77.661
FHW12140	143.000 	 16.788 	 77.125
FHW12140	143.125 	 18.073 	 78.111
FHW12140	143.250 	 17.744 	 76.329
FHW12140	143.375 	 18.075 	 78.111
FHW12140	143.500 	 17.646 	 77.799
FHW12140	143.625 	 17.646 	 77.800
FHW12140	143.750 	 18.167 	 76.675
FHW12140	143.875 	 17.648 	 77.800
FHW12140	144.000 	 18.073 	 78.111
FHW12140	144.125 	 17.646 	 77.800
FHW12140	144.250 	 17.646 	 77.799
FHW12140	144.375 	 18.167 	 76.676
FHW12140	144.500 	 17.648 	 77.800
FHW12140	144.625 	 18.072 	 78.111
FHW12140	144.750 	 17.646 	 77.800
FHW12140	144.875 	 17.744 	 76.329
FHW12140	145.000 	 18.072 	 78.111
FHW12140	145.125 	 17.648 	 77.800
FHW12140	145.250 	 18.073 	 78.111
FHW12140	145.375 	 17.646 	 77.799
FHW12140	145.500 	 17.744 	 76.329
FHW12140	145.625 	 18.075 	 78.111
FHW12140	145.750 	 17.646 	 77.799
FHW12140	145.875 	 18.073 	 78.111
FHW12140	146.000 	 17.744 	 76.329
FHW12140	146.125 	 17.646 	 77.799
FHW12140	146.250 	 18.075 	 78.111
FHW12140	146.375 	 17.646 	 77.800
FHW12140	146.500 	 18.073 	 78.111
FHW12140	146.625 	 17.744 	 76.329
FHW12140	146.750 	 17.648 	 77.800
FHW12140	146.875 	 18.073 	 78.111
FHW12140	147.000 	 17.646 	 77.799
FHW12140	147.125 	 18.167 	 76.676
FHW12140	147.250 	 17.787 	 77.800
FHW12140	147.375 	 17.646 	 77.799
FHW12140	147.500 	 18.073 	 78.111
FHW12140	147.625 	 17.648 	 77.800
FHW12140	147.750 	 18.167 	 76.675
FHW12140	147.875 	 17.646 	 77.800
FHW12140	148.000 	 17.646 	 77.799
FHW12140	148.125 	 18.073 	 78.111
FHW12140	148.250 	 17.746 	 76.329
FHW12140	148.375 	 18.073 	 78.111
FHW12140	148.500 	 17.646 	 77.799
FHW12140	148.625 	 17.646 	 77.800
FHW12140	148.750 	 18.074 	 78.111
FHW12140	148.875 	 17.744 	 76.329
FHW12140	149.000 	 18.073 	 78.111
FHW12140	149.125 	 17.646 	 77.799
FHW12140	149.250 	 17.646 	 77.799
FHW12140	149.375 	 18.170 	 76.676
FHW12140	149.500 	 17.646 	 77.799
FHW12140	149.625 	 18.073 	 78.111
FHW12140	149.750 	 17.646 	 77.800
FHW12140	149.875 	 17.646 	 77.799
FHW12140	150.000 	 18.170 	 76.676
FHW12140	150.125 	 17.646 	 77.799
FHW12140	150.250 	 18.073 	 78.111
FHW12140	150.375 	 17.646 	 77.799
FHW12140	150.500 	 17.746 	 76.329
FHW12140	150.625 	 18.073 	 78.111
FHW12140	150.750 	 17.646 	 77.799
FHW12140	150.875 	 17.646 	 77.799
FHW12140	151.000 	 18.073 	 78.111
FHW12140	151.125 	 17.746 	 76.329
FHW12140	151.250 	 18.073 	 78.111
FHW12140	151.375 	 17.646 	 77.800
FHW12140	151.500 	 17.646 	 77.800
FHW12140	151.625 	 18.167 	 76.675
FHW12140	151.750 	 17.648 	 77.800
FHW12140	151.875 	 18.073 	 78.111
FHW12140	152.000 	 20.073 	 79.216
FHW12140	152.125 	 20.003 	 77.905
FHW12140	152.250 	 20.073 	 79.216
FHW12140	152.375 	 19.582 	 77.619
FHW12140	152.500 	 20.073 	 79.216
FHW12140	152.625 	 20.003 	 77.905
FHW12140	152.750 	 20.073 	 79.215
FHW12140	152.875 	 20.003 	 77.905
FHW12140	153.000 	 19.648 	 78.959
FHW12140	153.125 	 20.003 	 77.905
FHW12140	153.250 	 20.073 	 79.215
FHW12140	153.375 	 20.003 	 77.905
FHW12140	153.500 	 20.073 	 79.216
FHW12140	153.625 	 19.738 	 77.619
FHW12140	153.750 	 19.915 	 79.216
FHW12140	153.875 	 20.075 	 79.215
FHW12140	154.000 	 20.003 	 77.906
FHW12140	154.125 	 20.073 	 79.215
FHW12140	154.250 	 19.582 	 77.619
FHW12140	154.375 	 20.073 	 79.216
FHW12140	154.500 	 20.003 	 77.905
FHW12140	154.625 	 20.073 	 79.216
FHW12140	154.750 	 20.003 	 77.905
FHW12140	154.875 	 19.648 	 78.959
FHW12140	155.000 	 20.003 	 77.905
FHW12140	155.125 	 20.073 	 79.216
FHW12140	155.250 	 20.003 	 77.905
FHW12140	155.375 	 20.073 	 79.216
FHW12140	155.500 	 19.582 	 77.619
FHW12140	155.625 	 20.073 	 79.215
FHW12140	155.750 	 19.918 	 79.216
FHW12140	155.875 	 20.159 	 77.905
FHW12140	156.000 	 19.918 	 79.216
FHW12140	156.125 	 19.736 	 77.619
FHW12140	156.250 	 19.918 	 79.215
FHW12140	156.375 	 20.159 	 77.905
FHW12140	156.500 	 19.918 	 79.215
FHW12140	156.625 	 20.159 	 77.905
FHW12140	156.750 	 19.495 	 78.959
FHW12140	156.875 	 20.159 	 77.905
FHW12140	157.000 	 19.918 	 79.216
FHW12140	157.125 	 20.159 	 77.905
FHW12140	157.250 	 19.918 	 79.216
FHW12140	157.375 	 19.736 	 77.619
FHW12140	157.500 	 19.918 	 79.216
FHW12140	157.625 	 20.073 	 79.216
FHW12140	157.750 	 20.003 	 77.905
FHW12140	157.875 	 19.647 	 78.959
FHW12140	158.000 	 20.003 	 77.905
FHW12140	158.125 	 20.073 	 79.216
FHW12140	158.250 	 20.003 	 77.905
FHW12140	158.375 	 20.073 	 79.216
FHW12140	158.500 	 19.583 	 77.619
FHW12140	158.625 	 20.075 	 79.215
FHW12140	158.750 	 20.000 	 77.905
FHW12140	158.875 	 20.075 	 79.215
FHW12140	159.000 	 20.001 	 77.906
FHW12140	159.125 	 19.650 	 78.959
FHW12140	159.250 	 19.915 	 79.216
FHW12140	159.375 	 20.161 	 77.905
FHW12140	159.500 	 19.915 	 79.216
FHW12140	159.625 	 20.161 	 77.905
FHW12140	159.750 	 19.493 	 78.959
FHW12140	159.875 	 20.161 	 77.905
FHW12140	160.000 	 19.915 	 79.215
FHW12140	160.125 	 20.161 	 77.905
FHW12140	160.250 	 19.918 	 79.216
FHW12140	160.375 	 19.736 	 77.619
FHW12140	160.500 	 19.918 	 79.216
FHW12140	160.625 	 20.159 	 77.905
FHW12140	160.750 	 19.918 	 79.216
FHW12140	160.875 	 20.159 	 77.905
FHW12140	161.000 	 20.918 	 79.695
FHW12140	161.125 	 22.003 	 78.930
FHW12140	161.250 	 21.506 	 79.919
FHW12140	161.375 	 22.002 	 78.930
FHW12140	161.500 	 22.000 	 78.930
FHW12140	161.625 	 21.925 	 80.134
FHW12140	161.750 	 22.177 	 78.930
FHW12140	161.875 	 22.000 	 78.930
FHW12140	162.000 	 21.926 	 80.134
FHW12140	162.125 	 22.002 	 78.930
FHW12140	162.250 	 21.585 	 78.690
FHW12140	162.375 	 21.925 	 80.134
FHW12140	162.500 	 22.003 	 78.930
FHW12140	162.625 	 22.000 	 78.930
FHW12140	162.750 	 21.926 	 80.134
FHW12140	162.875 	 22.002 	 78.930
FHW12140	163.000 	 22.003 	 78.930
FHW12140	163.125 	 21.925 	 80.134
FHW12140	163.250 	 21.585 	 78.690
FHW12140	163.375 	 22.000 	 78.930
FHW12140	163.500 	 21.925 	 80.134
FHW12140	163.625 	 22.003 	 78.930
FHW12140	163.750 	 22.002 	 78.930
FHW12140	163.875 	 21.926 	 80.134
FHW12140	164.000 	 22.000 	 78.930
FHW12140	164.125 	 21.585 	 78.690
FHW12140	164.250 	 22.099 	 80.134
FHW12140	164.375 	 22.000 	 78.930
FHW12140	164.500 	 22.003 	 78.930
FHW12140	164.625 	 21.925 	 80.134
FHW12140	164.750 	 22.003 	 78.930
FHW12140	164.875 	 22.002 	 78.930
FHW12140	165.000 	 21.926 	 80.134
FHW12140	165.125 	 21.582 	 78.690
FHW12140	165.250 	 22.002 	 78.930
FHW12140	165.375 	 21.926 	 80.134
FHW12140	165.500 	 22.002 	 78.930
FHW12140	165.625 	 22.003 	 78.930
FHW12140	165.750 	 21.925 	 80.134
FHW12140	165.875 	 22.000 	 78.930
FHW12140	166.000 	 22.002 	 78.930
FHW12140	166.125 	 21.506 	 79.920
FHW12140	166.250 	 22.003 	 78.930
FHW12140	166.375 	 22.002 	 78.930
FHW12140	166.500 	 21.923 	 80.134
FHW12140	166.625 	 22.177 	 78.930
FHW12140	166.750 	 22.002 	 78.930
FHW12140	166.875 	 21.926 	 80.134
FHW12140	167.000 	 21.582 	 78.690
FHW12140	167.125 	 22.002 	 78.930
FHW12140	167.250 	 21.926 	 80.134
FHW12140	167.375 	 22.002 	 78.930
FHW12140	167.500 	 22.003 	 78.930
FHW12140	167.625 	 21.923 	 80.134
FHW12140	167.750 	 22.003 	 78.930
FHW12140	167.875 	 22.002 	 78.930
FHW12140	168.000 	 21.506 	 79.919
FHW12140	168.125 	 22.003 	 78.930
FHW12140	168.250 	 22.002 	 78.930
FHW12140	168.375 	 21.923 	 80.134
FHW12140	168.500 	 22.002 	 78.930
FHW12140	168.625 	 22.003 	 78.930
FHW12140	168.750 	 21.925 	 80.134
FHW12140	168.875 	 22.003 	 78.930
FHW12140	169.000 	 21.754 	 78.690
FHW12140	169.125 	 21.925 	 80.134
FHW12140	169.250 	 22.003 	 78.930
FHW12140	169.375 	 22.002 	 78.930
FHW12140	169.500 	 21.923 	 80.134
FHW12140	169.625 	 22.002 	 78.930
FHW12140	169.750 	 22.003 	 78.930
FHW12140	169.875 	 22.418 	 79.160
FHW12140	170.000 	 24.621 	 79.992
FHW12140	170.125 	 24.432 	 79.992
FHW12140	170.250 	 24.432 	 79.992
FHW12140	170.375 	 24.621 	 79.992
FHW12140	170.500 	 24.432 	 79.992
FHW12140	170.625 	 24.432 	 79.992
FHW12140	170.750 	 24.624 	 79.992
FHW12140	170.875 	 24.432 	 79.992
FHW12140	171.000 	 24.838 	 80.181
FHW12140	171.125 	 24.432 	 79.992
FHW12140	171.250 	 24.623 	 79.992
FHW12140	171.375 	 24.432 	 79.992
FHW12140	171.500 	 24.432 	 79.992
FHW12140	171.625 	 24.620 	 79.992
FHW12140	171.750 	 24.432 	 79.992
FHW12140	171.875 	 24.508 	 78.906
FHW12140	172.000 	 25.032 	 80.181
FHW12140	172.125 	 24.431 	 79.992
FHW12140	172.250 	 24.432 	 79.992
FHW12140	172.375 	 24.621 	 79.992
FHW12140	172.500 	 24.431 	 79.992
FHW12140	172.625 	 24.432 	 79.992
FHW12140	172.750 	 24.432 	 79.992
FHW12140	172.875 	 24.623 	 79.992
FHW12140	173.000 	 24.841 	 80.181
FHW12140	173.125 	 24.429 	 79.992
FHW12140	173.250 	 24.624 	 79.992
FHW12140	173.375 	 24.431 	 79.992
FHW12140	173.500 	 24.432 	 79.992
FHW12140	173.625 	 24.621 	 79.992
FHW12140	173.750 	 24.432 	 79.992
FHW12140	173.875 	 24.431 	 79.992
FHW12140	174.000 	 25.107 	 79.115
FHW12140	174.125 	 24.432 	 79.992
FHW12140	174.250 	 24.432 	 79.992
FHW12140	174.375 	 24.431 	 79.992
FHW12140	174.500 	 24.621 	 79.992
FHW12140	174.625 	 24.432 	 79.992
FHW12140	174.750 	 24.431 	 79.992
FHW12140	174.875 	 24.624 	 79.992
FHW12140	175.000 	 24.432 	 79.992
FHW12140	175.125 	 24.838 	 80.181
FHW12140	175.250 	 24.623 	 79.992
FHW12140	175.375 	 24.432 	 79.992
FHW12140	175.500 	 24.432 	 79.992
FHW12140	175.625 	 24.620 	 79.992
FHW12140	175.750 	 24.432 	 79.992
FHW12140	175.875 	 24.432 	 79.992
FHW12140	176.000 	 24.508 	 78.906
FHW12140	176.125 	 25.031 	 80.181
FHW12140	176.250 	 24.432 	 79.992
FHW12140	176.375 	 24.432 	 79.992
FHW12140	176.500 	 24.621 	 79.992
FHW12140	176.625 	 24.431 	 79.992
FHW12140	176.750 	 24.432 	 79.992
FHW12140	176.875 	 24.624 	 79.992
FHW12140	177.000 	 24.431 	 79.992
FHW12140	177.125 	 24.838 	 80.181
FHW12140	177.250 	 24.624 	 79.992
FHW12140	177.375 	 24.432 	 79.992
FHW12140	177.500 	 24.431 	 79.992
FHW12140	177.625 	 24.432 	 79.992
FHW12140	177.750 	 24.621 	 79.992
FHW12140	177.875 	 24.431 	 79.992
FHW12140	178.000 	 24.432 	 79.992
FHW12140	178.125 	 25.107 	 79.114
FHW12140	178.250 	 24.432 	 79.992
FHW12140	178.375 	 24.431 	 79.992
FHW12140	178.500 	 24.621 	 79.992
FHW12140	178.625 	 24.432 	 79.992
FHW12140	178.750 	 24.432 	 79.992
FHW12140	178.875 	 26.455 	 80.706
FHW12140	179.000 	 28.149 	 80.218
FHW12140	179.125 	 27.537 	 80.049
FHW12140	179.250 	 28.084 	 81.180
FHW12140	179.375 	 27.534 	 80.050
FHW12140	179.500 	 28.083 	 81.179
FHW12140	179.625 	 27.936 	 80.218
FHW12140	179.750 	 27.748 	 80.049
FHW12140	179.875 	 27.867 	 81.179
FHW12140	180.000 	 27.749 	 80.050
FHW12140	180.125 	 27.935 	 80.217
FHW12140	180.250 	 27.682 	 81.028
FHW12140	180.375 	 27.932 	 80.217
FHW12140	180.500 	 27.682 	 81.028
FHW12140	180.625 	 27.935 	 80.218
FHW12140	180.750 	 28.149 	 80.217
FHW12140	180.875 	 27.471 	 81.028
FHW12140	181.000 	 28.148 	 80.217
FHW12140	181.125 	 27.534 	 80.050
FHW12140	181.250 	 28.083 	 81.179
FHW12140	181.375 	 27.538 	 80.050
FHW12140	181.500 	 28.149 	 80.217
FHW12140	181.625 	 27.867 	 81.180
FHW12140	181.750 	 27.749 	 80.049
FHW12140	181.875 	 27.870 	 81.180
FHW12140	182.000 	 27.749 	 80.049
FHW12140	182.125 	 27.932 	 80.218
FHW12140	182.250 	 27.682 	 81.028
FHW12140	182.375 	 27.936 	 80.217
FHW12140	182.500 	 28.148 	 80.217
FHW12140	182.625 	 27.468 	 81.028
FHW12140	182.750 	 28.148 	 80.218
FHW12140	182.875 	 27.538 	 80.049
FHW12140	183.000 	 28.084 	 81.180
FHW12140	183.125 	 27.534 	 80.049
FHW12140	183.250 	 27.871 	 81.180
FHW12140	183.375 	 27.748 	 80.049
FHW12140	183.500 	 27.933 	 80.218
FHW12140	183.625 	 28.087 	 81.179
FHW12140	183.750 	 27.534 	 80.049
FHW12140	183.875 	 28.149 	 80.217
FHW12140	184.000 	 27.470 	 81.027
FHW12140	184.125 	 28.149 	 80.217
FHW12140	184.250 	 27.467 	 81.027
FHW12140	184.375 	 28.149 	 80.218
FHW12140	184.500 	 27.936 	 80.217
FHW12140	184.625 	 27.681 	 81.027
FHW12140	184.750 	 27.933 	 80.217
FHW12140	184.875 	 27.748 	 80.049
FHW12140	185.000 	 27.871 	 81.179
FHW12140	185.125 	 27.748 	 80.049
FHW12140	185.250 	 27.933 	 80.217
FHW12140	185.375 	 28.084 	 81.180
FHW12140	185.500 	 27.537 	 80.049
FHW12140	185.625 	 28.084 	 81.180
FHW12140	185.750 	 27.534 	 80.049
FHW12140	185.875 	 28.149 	 80.218
FHW12140	186.000 	 27.470 	 81.027
FHW12140	186.125 	 28.149 	 80.217
FHW12140	186.250 	 27.534 	 80.049
FHW12140	186.375 	 28.087 	 81.179
FHW12140	186.500 	 27.933 	 80.218
FHW12140	186.625 	 27.748 	 80.049
FHW12140	186.750 	 27.871 	 81.180
FHW12140	186.875 	 27.748 	 80.049
FHW12140	187.000 	 27.867 	 81.180
FHW12140	187.125 	 27.748 	 80.049
FHW12140	187.250 	 27.936 	 80.218
FHW12140	187.375 	 28.084 	 81.179
FHW12140	187.500 	 27.534 	 80.049
FHW12140	187.625 	 27.936 	 80.217
FHW12140	187.750 	 28.765 	 80.380
FHW12140	187.875 	 31.255 	 80.247
FHW12140	188.000 	 31.562 	 79.380
FHW12140	188.125 	 31.324 	 79.381
FHW12140	188.250 	 31.252 	 80.248
FHW12140	188.375 	 31.565 	 79.380
FHW12140	188.500 	 31.321 	 79.380
FHW12140	188.625 	 31.639 	 80.395
FHW12140	188.750 	 31.562 	 79.380
FHW12140	188.875 	 31.324 	 79.380
FHW12140	189.000 	 31.252 	 80.248
FHW12140	189.125 	 31.565 	 79.380
FHW12140	189.250 	 31.251 	 80.248
FHW12140	189.375 	 31.324 	 79.380
FHW12140	189.500 	 31.561 	 79.380
FHW12140	189.625 	 31.255 	 80.248
FHW12140	189.750 	 31.320 	 79.381
FHW12140	189.875 	 31.950 	 79.540
FHW12140	190.000 	 31.251 	 80.247
FHW12140	190.125 	 31.324 	 79.380
FHW12140	190.250 	 31.561 	 79.380
FHW12140	190.375 	 31.255 	 80.248
FHW12140	190.500 	 31.561 	 79.380
FHW12140	190.625 	 31.321 	 79.380
FHW12140	190.750 	 31.255 	 80.248
FHW12140	190.875 	 31.561 	 79.380
FHW12140	191.000 	 31.324 	 79.380
FHW12140	191.125 	 31.639 	 80.395
FHW12140	191.250 	 31.561 	 79.380
FHW12140	191.375 	 31.320 	 79.381
FHW12140	191.500 	 31.255 	 80.248
FHW12140	191.625 	 31.561 	 79.380
FHW12140	191.750 	 31.255 	 80.248
FHW12140	191.875 	 31.324 	 79.381
FHW12140	192.000 	 31.562 	 79.380
FHW12140	192.125 	 31.251 	 80.247
FHW12140	192.250 	 31.324 	 79.380
FHW12140	192.375 	 31.946 	 79.540
FHW12140	192.500 	 31.255 	 80.248
FHW12140	192.625 	 31.324 	 79.380
FHW12140	192.750 	 31.561 	 79.380
FHW12140	192.875 	 31.252 	 80.248
FHW12140	193.000 	 31.324 	 79.381
FHW12140	193.125 	 31.562 	 79.380
FHW12140	193.250 	 31.255 	 80.247
FHW12140	193.375 	 31.321 	 79.380
FHW12140	193.500 	 31.949 	 79.540
FHW12140	193.625 	 31.252 	 80.248
FHW12140	193.750 	 31.561 	 79.380
FHW12140	193.875 	 31.255 	 80.248
FHW12140	194.000 	 31.324 	 79.380
FHW12140	194.125 	 31.561 	 79.381
FHW12140	194.250 	 31.255 	 80.248
FHW12140	194.375 	 31.320 	 79.380
FHW12140	194.500 	 31.562 	 79.380
FHW12140	194.625 	 31.255 	 80.248
FHW12140	194.750 	 31.707 	 79.540
FHW12140	194.875 	 31.561 	 79.380
FHW12140	195.000 	 31.255 	 80.248
FHW12140	195.125 	 31.320 	 79.380
FHW12140	195.250 	 31.562 	 79.381
FHW12140	195.375 	 31.255 	 80.247
FHW12140	195.500 	 31.324 	 79.380
FHW12140	195.625 	 31.561 	 79.380
FHW12140	195.750 	 31.255 	 80.248
FHW12140	195.875 	 31.321 	 79.380
FHW12140	196.000 	 31.946 	 79.540
FHW12140	196.125 	 31.255 	 80.247
FHW12140	196.250 	 31.324 	 79.381
FHW12140	196.375 	 31.493 	 80.248
FHW12140	196.500 	 31.320 	 79.380
FHW12140	196.625 	 31.324 	 79.380
FHW12140	196.750 	 31.492 	 80.248
FHW12140	196.875 	 31.324 	 79.380
FHW12140	197.000 	 33.650 	 79.177
FHW12140	197.125 	 35.288 	 79.624
FHW12140	197.250 	 34.650 	 79.479
FHW12140	197.375 	 35.288 	 79.624
FHW12140	197.500 	 34.985 	 78.690
FHW12140	197.625 	 34.655 	 79.479
FHW12140	197.750 	 35.284 	 79.624
FHW12140	197.875 	 34.654 	 79.479
FHW12140	198.000 	 35.354 	 78.846
FHW12140	198.125 	 34.918 	 79.479
FHW12140	198.250 	 35.019 	 79.624
FHW12140	198.375 	 34.918 	 79.479
FHW12140	198.500 	 34.721 	 78.690
FHW12140	198.625 	 35.288 	 79.624
FHW12140	198.750 	 34.914 	 79.479
FHW12140	198.875 	 35.023 	 79.624
FHW12140	199.000 	 34.985 	 78.690
FHW12140	199.125 	 34.654 	 79.479
FHW12140	199.250 	 35.284 	 79.624
FHW12140	199.375 	 34.918 	 79.479
FHW12140	199.500 	 35.093 	 78.845
FHW12140	199.625 	 34.914 	 79.479
FHW12140	199.750 	 35.023 	 79.625
FHW12140	199.875 	 34.914 	 79.479
FHW12140	200.000 	 34.985 	 78.690
FHW12140	200.125 	 35.023 	 79.624
FHW12140	200.250 	 34.914 	 79.479
FHW12140	200.375 	 35.023 	 79.624
FHW12140	200.500 	 34.989 	 78.690
FHW12140	200.625 	 34.914 	 79.479
FHW12140	200.750 	 35.023 	 79.624
FHW12140	200.875 	 34.914 	 79.479
FHW12140	201.000 	 35.023 	 79.624
FHW12140	201.125 	 34.985 	 78.690
FHW12140	201.250 	 35.284 	 79.624
FHW12140	201.375 	 34.654 	 79.479
FHW12140	201.500 	 34.918 	 79.479
FHW12140	201.625 	 35.089 	 78.846
FHW12140	201.750 	 34.918 	 79.479
FHW12140	201.875 	 35.284 	 79.624
FHW12140	202.000 	 34.654 	 79.479
FHW12140	202.125 	 34.986 	 78.690
FHW12140	202.250 	 35.023 	 79.624
FHW12140	202.375 	 34.914 	 79.479
FHW12140	202.500 	 35.288 	 79.624
FHW12140	202.625 	 34.721 	 78.690
FHW12140	202.750 	 35.288 	 79.624
FHW12140	202.875 	 34.650 	 79.479
FHW12140	203.000 	 34.919 	 79.479
FHW12140	203.125 	 35.353 	 78.845
FHW12140	203.250 	 34.654 	 79.479
FHW12140	203.375 	 35.284 	 79.624
FHW12140	203.500 	 34.654 	 79.479
FHW12140	203.625 	 34.985 	 78.690
FHW12140	203.750 	 35.288 	 79.624
FHW12140	203.875 	 34.651 	 79.479
FHW12140	204.000 	 35.288 	 79.624
FHW12140	204.125 	 34.725 	 78.690
FHW12140	204.250 	 35.284 	 79.624
FHW12140	204.375 	 34.654 	 79.479
FHW12140	204.500 	 34.914 	 79.479
FHW12140	204.625 	 35.285 	 79.625
FHW12140	204.750 	 34.725 	 78.690
FHW12140	204.875 	 35.284 	 79.624
FHW12140	205.000 	 34.654 	 79.479
FHW12140	205.125 	 34.918 	 79.479
FHW12140	205.250 	 35.353 	 78.845
FHW12140	205.375 	 34.654 	 79.479
FHW12140	205.500 	 35.285 	 79.625
FHW12140	205.625 	 34.654 	 79.479
FHW12140	205.750 	 35.353 	 78.845
FHW12140	205.875 	 36.558 	 79.902
FHW12140	206.000 	 38.323 	 78.835
FHW12140	206.125 	 38.260 	 79.562
FHW12140	206.250 	 38.256 	 79.563
FHW12140	206.375 	 37.976 	 79.563
FHW12140	206.500 	 38.256 	 79.563
FHW12140	206.625 	 38.260 	 79.563
FHW12140	206.750 	 38.323 	 78.835
FHW12140	206.875 	 37.976 	 79.563
FHW12140	207.000 	 38.260 	 79.562
FHW12140	207.125 	 38.256 	 79.563
FHW12140	207.250 	 38.260 	 79.563
FHW12140	207.375 	 38.256 	 79.563
FHW12140	207.500 	 37.976 	 79.563
FHW12140	207.625 	 38.328 	 78.835
FHW12140	207.750 	 38.256 	 79.562
FHW12140	207.875 	 38.260 	 79.563
FHW12140	208.000 	 38.256 	 79.563
FHW12140	208.125 	 37.974 	 79.562
FHW12140	208.250 	 38.256 	 79.563
FHW12140	208.375 	 38.328 	 78.835
FHW12140	208.500 	 38.256 	 79.563
FHW12140	208.625 	 38.260 	 79.562
FHW12140	208.750 	 37.976 	 79.563
FHW12140	208.875 	 38.256 	 79.563
FHW12140	209.000 	 38.260 	 79.563
FHW12140	209.125 	 38.256 	 79.563
FHW12140	209.250 	 38.328 	 78.835
FHW12140	209.375 	 37.976 	 79.563
FHW12140	209.500 	 38.256 	 79.562
FHW12140	209.625 	 38.260 	 79.563
FHW12140	209.750 	 38.256 	 79.563
FHW12140	209.875 	 38.256 	 79.563
FHW12140	210.000 	 38.043 	 78.835
FHW12140	210.125 	 38.260 	 79.563
FHW12140	210.250 	 38.256 	 79.562
FHW12140	210.375 	 38.259 	 79.562
FHW12140	210.500 	 37.976 	 79.563
FHW12140	210.625 	 38.256 	 79.563
FHW12140	210.750 	 38.260 	 79.563
FHW12140	210.875 	 38.323 	 78.835
FHW12140	211.000 	 38.260 	 79.563
FHW12140	211.125 	 37.976 	 79.562
FHW12140	211.250 	 38.256 	 79.563
FHW12140	211.375 	 38.260 	 79.563
FHW12140	211.500 	 38.256 	 79.563
FHW12140	211.625 	 38.323 	 78.835
FHW12140	211.750 	 37.976 	 79.563
FHW12140	211.875 	 38.260 	 79.562
FHW12140	212.000 	 38.256 	 79.563
FHW12140	212.125 	 38.260 	 79.563
FHW12140	212.250 	 38.256 	 79.563
FHW12140	212.375 	 38.043 	 78.835
FHW12140	212.500 	 38.260 	 79.563
FHW12140	212.625 	 38.255 	 79.562
FHW12140	212.750 	 38.260 	 79.562
FHW12140	212.875 	 38.256 	 79.563
FHW12140	213.000 	 37.976 	 79.563
FHW12140	213.125 	 38.260 	 79.563
FHW12140	213.250 	 38.323 	 78.835
FHW12140	213.375 	 38.256 	 79.563
FHW12140	213.500 	 37.976 	 79.563
FHW12140	213.625 	 38.260 	 79.562
FHW12140	213.750 	 38.256 	 79.563
FHW12140	213.875 	 38.260 	 79.563
FHW12140	214.000 	 38.323 	 78.835
FHW12140	214.125 	 37.976 	 79.563
FHW12140	214.250 	 38.260 	 79.563
FHW12140	214.375 	 38.256 	 79.562
FHW12140	214.500 	 38.260 	 79.563
FHW12140	214.625 	 38.256 	 79.563
FHW12140	214.750 	 38.679 	 78.977
FHW12140	214.875 	 41.870 	 79.633
FHW12140	215.000 	 41.227 	 79.508
FHW12140	215.125 	 41.876 	 79.634
FHW12140	215.250 	 41.565 	 79.634
FHW12140	215.375 	 41.532 	 79.508
FHW12140	215.500 	 41.569 	 79.634
FHW12140	215.625 	 41.533 	 79.509
FHW12140	215.750 	 41.569 	 79.634
FHW12140	215.875 	 41.597 	 78.826
FHW12140	216.000 	 41.565 	 79.634
FHW12140	216.125 	 41.538 	 79.509
FHW12140	216.250 	 41.565 	 79.634
FHW12140	216.375 	 41.532 	 79.508
FHW12140	216.500 	 41.569 	 79.634
FHW12140	216.625 	 41.533 	 79.509
FHW12140	216.750 	 41.569 	 79.634
FHW12140	216.875 	 41.933 	 78.959
FHW12140	217.000 	 41.232 	 79.509
FHW12140	217.125 	 41.871 	 79.634
FHW12140	217.250 	 41.227 	 79.509
FHW12140	217.375 	 41.870 	 79.633
FHW12140	217.500 	 41.232 	 79.508
FHW12140	217.625 	 41.871 	 79.634
FHW12140	217.750 	 41.231 	 79.508
FHW12140	217.875 	 41.871 	 79.634
FHW12140	218.000 	 41.297 	 78.826
FHW12140	218.125 	 41.871 	 79.634
FHW12140	218.250 	 41.226 	 79.508
FHW12140	218.375 	 41.871 	 79.634
FHW12140	218.500 	 41.569 	 79.634
FHW12140	218.625 	 41.533 	 79.509
FHW12140	218.750 	 41.569 	 79.634
FHW12140	218.875 	 41.532 	 79.508
FHW12140	219.000 	 41.569 	 79.634
FHW12140	219.125 	 41.598 	 78.826
FHW12140	219.250 	 41.563 	 79.633
FHW12140	219.375 	 41.538 	 79.509
FHW12140	219.500 	 41.565 	 79.634
FHW12140	219.625 	 41.534 	 79.508
FHW12140	219.750 	 41.568 	 79.634
FHW12140	219.875 	 41.534 	 79.508
FHW12140	220.000 	 41.569 	 79.634
FHW12140	220.125 	 41.871 	 79.634
FHW12140	220.250 	 41.291 	 78.825
FHW12140	220.375 	 41.876 	 79.634
FHW12140	220.500 	 41.227 	 79.508
FHW12140	220.625 	 41.871 	 79.634
FHW12140	220.750 	 41.231 	 79.508
FHW12140	220.875 	 41.871 	 79.634
FHW12140	221.000 	 41.232 	 79.509
FHW12140	221.125 	 41.871 	 79.634
FHW12140	221.250 	 41.231 	 79.508
FHW12140	221.375 	 41.934 	 78.959
FHW12140	221.500 	 41.227 	 79.508
FHW12140	221.625 	 41.871 	 79.634
FHW12140	221.750 	 41.568 	 79.633
FHW12140	221.875 	 41.533 	 79.509
FHW12140	222.000 	 41.569 	 79.634
FHW12140	222.125 	 41.532 	 79.508
FHW12140	222.250 	 41.569 	 79.634
FHW12140	222.375 	 41.534 	 79.508
FHW12140	222.500 	 41.628 	 78.959
FHW12140	222.625 	 41.537 	 79.508
FHW12140	222.750 	 41.565 	 79.634
FHW12140	222.875 	 41.533 	 79.509
FHW12140	223.000 	 41.569 	 79.634
FHW12140	223.125 	 41.532 	 79.509
FHW12140	223.250 	 41.569 	 79.634
FHW12140	223.375 	 41.871 	 79.634
FHW12140	223.500 	 41.227 	 79.509
FHW12140	223.625 	 41.938 	 78.958
FHW12140	223.750 	 42.843 	 79.876
FHW12140	223.875 	 45.479 	 79.579
FHW12140	224.000 	 45.467 	 79.695
FHW12140	224.125 	 45.144 	 79.579
FHW12140	224.250 	 45.797 	 79.695
FHW12140	224.375 	 45.467 	 79.695
FHW12140	224.500 	 45.144 	 79.579
FHW12140	224.625 	 45.741 	 80.327
FHW12140	224.750 	 45.466 	 79.695
FHW12140	224.875 	 45.146 	 79.579
FHW12140	225.000 	 45.797 	 79.695
FHW12140	225.125 	 45.466 	 79.695
FHW12140	225.250 	 45.475 	 79.580
FHW12140	225.375 	 45.467 	 79.695
FHW12140	225.500 	 45.466 	 79.694
FHW12140	225.625 	 45.475 	 79.580
FHW12140	225.750 	 45.466 	 79.695
FHW12140	225.875 	 45.150 	 79.580
FHW12140	226.000 	 45.792 	 79.695
FHW12140	226.125 	 45.466 	 79.695
FHW12140	226.250 	 45.150 	 79.580
FHW12140	226.375 	 45.735 	 80.326
FHW12140	226.500 	 45.467 	 79.695
FHW12140	226.625 	 45.150 	 79.580
FHW12140	226.750 	 45.791 	 79.695
FHW12140	226.875 	 45.467 	 79.695
FHW12140	227.000 	 45.150 	 79.579
FHW12140	227.125 	 45.791 	 79.695
FHW12140	227.250 	 45.467 	 79.695
FHW12140	227.375 	 45.149 	 79.579
FHW12140	227.500 	 45.792 	 79.695
FHW12140	227.625 	 45.150 	 79.580
FHW12140	227.750 	 45.466 	 79.695
FHW12140	227.875 	 45.792 	 79.695
FHW12140	228.000 	 45.149 	 79.579
FHW12140	228.125 	 45.411 	 80.327
FHW12140	228.250 	 45.792 	 79.695
FHW12140	228.375 	 45.149 	 79.579
FHW12140	228.500 	 45.467 	 79.695
FHW12140	228.625 	 45.792 	 79.695
FHW12140	228.750 	 45.149 	 79.579
FHW12140	228.875 	 45.467 	 79.695
FHW12140	229.000 	 45.792 	 79.695
FHW12140	229.125 	 45.149 	 79.579
FHW12140	229.250 	 45.467 	 79.695
FHW12140	229.375 	 45.474 	 79.579
FHW12140	229.500 	 45.467 	 79.695
FHW12140	229.625 	 45.467 	 79.695
FHW12140	229.750 	 45.474 	 79.579
FHW12140	229.875 	 45.411 	 80.327
FHW12140	230.000 	 45.797 	 79.695
FHW12140	230.125 	 45.144 	 79.579
FHW12140	230.250 	 45.467 	 79.695
FHW12140	230.375 	 45.796 	 79.695
FHW12140	230.500 	 45.146 	 79.579
FHW12140	230.625 	 45.467 	 79.695
FHW12140	230.750 	 45.479 	 79.579
FHW12140	230.875 	 45.462 	 79.695
FHW12140	231.000 	 45.466 	 79.695
FHW12140	231.125 	 45.480 	 79.579
FHW12140	231.250 	 45.462 	 79.695
FHW12140	231.375 	 45.466 	 79.695
FHW12140	231.500 	 45.423 	 80.218
FHW12140	231.625 	 45.467 	 79.695
FHW12140	231.750 	 45.461 	 79.695
FHW12140	231.875 	 45.480 	 79.580
FHW12140	232.000 	 45.466 	 79.694
FHW12140	232.125 	 45.462 	 79.695
FHW12140	232.250 	 45.480 	 79.580
FHW12140	232.375 	 45.466 	 79.695
FHW12140	232.500 	 45.145 	 79.580
FHW12140	232.625 	 45.796 	 79.694
FHW12140	232.750 	 45.467 	 79.695
FHW12140	232.875 	 45.145 	 79.580
FHW12140	233.000 	 48.124 	 79.418
FHW12140	233.125 	 49.705 	 79.748
FHW12140	233.250 	 49.755 	 79.160
FHW12140	233.375 	 50.107 	 79.160
FHW12140	233.500 	 49.761 	 79.160
FHW12140	233.625 	 49.463 	 79.046
FHW12140	233.750 	 50.060 	 79.749
FHW12140	233.875 	 49.754 	 79.160
FHW12140	234.000 	 49.761 	 79.160
FHW12140	234.125 	 49.816 	 79.046
FHW12140	234.250 	 49.755 	 79.160
FHW12140	234.375 	 49.705 	 79.748
FHW12140	234.500 	 50.108 	 79.160
FHW12140	234.625 	 49.468 	 79.046
FHW12140	234.750 	 49.755 	 79.160
FHW12140	234.875 	 50.107 	 79.159
FHW12140	235.000 	 49.707 	 79.749
FHW12140	235.125 	 49.468 	 79.045
FHW12140	235.250 	 50.108 	 79.160
FHW12140	235.375 	 49.754 	 79.159
FHW12140	235.500 	 49.761 	 79.160
FHW12140	235.625 	 50.053 	 79.748
FHW12140	235.750 	 49.469 	 79.046
FHW12140	235.875 	 49.754 	 79.160
FHW12140	236.000 	 50.108 	 79.160
FHW12140	236.125 	 49.760 	 79.160
FHW12140	236.250 	 49.409 	 79.641
FHW12140	236.375 	 50.113 	 79.160
FHW12140	236.500 	 49.755 	 79.160
FHW12140	236.625 	 49.760 	 79.160
FHW12140	236.750 	 49.762 	 79.641
FHW12140	236.875 	 49.754 	 79.160
FHW12140	237.000 	 49.761 	 79.160
FHW12140	237.125 	 50.107 	 79.160
FHW12140	237.250 	 49.761 	 79.160
FHW12140	237.375 	 49.407 	 79.641
FHW12140	237.500 	 50.108 	 79.160
FHW12140	237.625 	 49.760 	 79.160
FHW12140	237.750 	 49.761 	 79.160
FHW12140	237.875 	 49.816 	 79.045
FHW12140	238.000 	 49.701 	 79.749
FHW12140	238.125 	 49.760 	 79.159
FHW12140	238.250 	 50.108 	 79.160
FHW12140	238.375 	 49.468 	 79.045
FHW12140	238.500 	 49.755 	 79.160
FHW12140	238.625 	 50.053 	 79.748
FHW12140	238.750 	 49.761 	 79.160
FHW12140	238.875 	 49.463 	 79.046
FHW12140	239.000 	 50.114 	 79.160
FHW12140	239.125 	 49.754 	 79.160
FHW12140	239.250 	 49.707 	 79.749
FHW12140	239.375 	 50.108 	 79.160
FHW12140	239.500 	 49.463 	 79.045
FHW12140	239.625 	 49.760 	 79.160
FHW12140	239.750 	 50.108 	 79.160
FHW12140	239.875 	 49.707 	 79.749
FHW12140	240.000 	 49.463 	 79.045
FHW12140	240.125 	 50.107 	 79.160
FHW12140	240.250 	 49.761 	 79.160
FHW12140	240.375 	 49.707 	 79.749
FHW12140	240.500 	 49.816 	 79.046
FHW12140	240.625 	 49.754 	 79.159
FHW12140	240.750 	 49.761 	 79.160
FHW12140	240.875 	 50.108 	 79.160
FHW12140	241.000 	 49.413 	 79.641
FHW12140	241.125 	 49.754 	 79.159
FHW12140	241.250 	 50.108 	 79.160
FHW12140	241.375 	 49.761 	 79.160
FHW12140	241.500 	 49.754 	 79.159
FHW12140	241.625 	 49.767 	 79.641
FHW12140	241.750 	 49.755 	 79.160
FHW12140	241.875 	 49.761 	 79.160
FHW12140	242.000 	 50.107 	 79.159
FHW12140	242.125 	 53.137 	 78.466
FHW12140	242.250 	 54.405 	 78.690
FHW12140	242.375 	 54.136 	 78.579
FHW12140	242.500 	 54.780 	 78.690
FHW12140	242.625 	 54.143 	 78.579
FHW12140	242.750 	 54.404 	 78.690
FHW12140	242.875 	 54.191 	 78.024
FHW12140	243.000 	 54.405 	 78.691
FHW12140	243.125 	 54.142 	 78.578
FHW12140	243.250 	 54.404 	 78.690
FHW12140	243.375 	 54.142 	 78.579
FHW12140	243.500 	 54.776 	 78.690
FHW12140	243.625 	 54.142 	 78.579
FHW12140	243.750 	 54.459 	 78.141
FHW12140	243.875 	 54.142 	 78.578
FHW12140	244.000 	 54.404 	 78.690
FHW12140	244.125 	 54.142 	 78.578
FHW12140	244.250 	 54.405 	 78.691
FHW12140	244.375 	 54.513 	 78.578
FHW12140	244.500 	 54.458 	 78.140
FHW12140	244.625 	 54.143 	 78.579
FHW12140	244.750 	 54.404 	 78.690
FHW12140	244.875 	 54.136 	 78.579
FHW12140	245.000 	 54.405 	 78.690
FHW12140	245.125 	 54.142 	 78.579
FHW12140	245.250 	 54.833 	 78.140
FHW12140	245.375 	 54.137 	 78.579
FHW12140	245.500 	 54.404 	 78.690
FHW12140	245.625 	 54.142 	 78.579
FHW12140	245.750 	 54.405 	 78.690
FHW12140	245.875 	 54.142 	 78.579
FHW12140	246.000 	 54.404 	 78.690
FHW12140	246.125 	 54.198 	 78.024
FHW12140	246.250 	 54.774 	 78.690
FHW12140	246.375 	 54.142 	 78.578
FHW12140	246.500 	 54.405 	 78.691
FHW12140	246.625 	 54.142 	 78.578
FHW12140	246.750 	 54.404 	 78.690
FHW12140	246.875 	 54.192 	 78.024
FHW12140	247.000 	 54.404 	 78.690
FHW12140	247.125 	 54.519 	 78.578
FHW12140	247.250 	 54.405 	 78.691
FHW12140	247.375 	 54.142 	 78.578
FHW12140	247.500 	 54.399 	 78.690
FHW12140	247.625 	 54.143 	 78.579
FHW12140	247.750 	 54.458 	 78.140
FHW12140	247.875 	 54.404 	 78.690
FHW12140	248.000 	 54.514 	 78.579
FHW12140	248.125 	 54.404 	 78.690
FHW12140	248.250 	 54.142 	 78.578
FHW12140	248.375 	 54.405 	 78.691
FHW12140	248.500 	 54.197 	 78.024
FHW12140	248.625 	 54.404 	 78.690
FHW12140	248.750 	 54.143 	 78.579
FHW12140	248.875 	 54.775 	 78.690
FHW12140	249.000 	 54.142 	 78.579
FHW12140	249.125 	 54.405 	 78.690
FHW12140	249.250 	 54.142 	 78.578
FHW12140	249.375 	 54.458 	 78.140
FHW12140	249.500 	 54.137 	 78.579
FHW12140	249.625 	 54.404 	 78.690
FHW12140	249.750 	 54.142 	 78.579
FHW12140	249.875 	 54.781 	 78.690
FHW12140	250.000 	 54.136 	 78.579
FHW12140	250.125 	 54.459 	 78.141
FHW12140	250.250 	 54.142 	 78.578
FHW12140	250.375 	 54.404 	 78.690
FHW12140	250.500 	 54.142 	 78.578
FHW12140	250.625 	 54.404 	 78.690
FHW12140	250.750 	 54.513 	 78.578
FHW12140	250.875 	 54.406 	 78.691
FHW12140	251.000 	 54.197 	 78.023
FHW12140	251.125 	 57.049 	 79.011
FHW12140	251.250 	 58.795 	 78.167
FHW12140	251.375 	 59.129 	 78.690
FHW12140	251.500 	 58.513 	 78.585
FHW12140	251.625 	 58.739 	 78.690
FHW12140	251.750 	 59.178 	 78.167
FHW12140	251.875 	 58.745 	 78.690
FHW12140	252.000 	 59.130 	 78.690
FHW12140	252.125 	 58.741 	 78.690
FHW12140	252.250 	 58.560 	 78.055
FHW12140	252.375 	 59.130 	 78.690
FHW12140	252.500 	 58.739 	 78.690
FHW12140	252.625 	 59.136 	 78.690
FHW12140	252.750 	 58.739 	 78.690
FHW12140	252.875 	 58.789 	 78.167
FHW12140	253.000 	 58.902 	 78.584
FHW12140	253.125 	 58.741 	 78.690
FHW12140	253.250 	 58.739 	 78.690
FHW12140	253.375 	 59.184 	 78.167
FHW12140	253.500 	 58.741 	 78.690
FHW12140	253.625 	 59.135 	 78.690
FHW12140	253.750 	 58.507 	 78.585
FHW12140	253.875 	 58.787 	 78.166
FHW12140	254.000 	 59.136 	 78.690
FHW12140	254.125 	 58.739 	 78.690
FHW12140	254.250 	 59.136 	 78.690
FHW12140	254.375 	 58.787 	 78.166
FHW12140	254.500 	 58.507 	 78.585
FHW12140	254.625 	 59.136 	 78.690
FHW12140	254.750 	 58.739 	 78.690
FHW12140	254.875 	 59.136 	 78.690
FHW12140	255.000 	 58.787 	 78.166
FHW12140	255.125 	 58.741 	 78.690
FHW12140	255.250 	 59.135 	 78.690
FHW12140	255.375 	 58.507 	 78.585
FHW12140	255.500 	 58.787 	 78.166
FHW12140	255.625 	 59.136 	 78.690
FHW12140	255.750 	 58.739 	 78.690
FHW12140	255.875 	 59.136 	 78.690
FHW12140	256.000 	 58.789 	 78.167
FHW12140	256.125 	 58.505 	 78.584
FHW12140	256.250 	 59.136 	 78.690
FHW12140	256.375 	 58.739 	 78.690
FHW12140	256.500 	 59.130 	 78.690
FHW12140	256.625 	 58.793 	 78.166
FHW12140	256.750 	 58.741 	 78.690
FHW12140	256.875 	 58.902 	 78.584
FHW12140	257.000 	 58.741 	 78.690
FHW12140	257.125 	 58.787 	 78.166
FHW12140	257.250 	 59.136 	 78.690
FHW12140	257.375 	 58.741 	 78.690
FHW12140	257.500 	 59.129 	 78.690
FHW12140	257.625 	 58.561 	 78.056
FHW12140	257.750 	 58.739 	 78.690
FHW12140	257.875 	 59.130 	 78.690
FHW12140	258.000 	 58.745 	 78.690
FHW12140	258.125 	 59.178 	 78.167
FHW12140	258.250 	 58.739 	 78.689
FHW12140	258.375 	 58.513 	 78.585
FHW12140	258.500 	 59.130 	 78.690
FHW12140	258.625 	 58.739 	 78.690
FHW12140	258.750 	 58.795 	 78.167
FHW12140	258.875 	 59.129 	 78.690
FHW12140	259.000 	 58.741 	 78.690
FHW12140	259.125 	 58.902 	 78.584
FHW12140	259.250 	 58.789 	 78.167
FHW12140	259.375 	 58.739 	 78.690
FHW12140	259.500 	 59.136 	 78.690
FHW12140	259.625 	 58.739 	 78.690
FHW12140	259.750 	 59.184 	 78.167
FHW12140	259.875 	 58.507 	 78.584
FHW12140	260.000 	 58.739 	 78.690
FHW12140	260.125 	 59.136 	 78.690
FHW12140	260.250 	 58.739 	 78.690
FHW12140	260.375 	 58.789 	 78.167
FHW12140	260.500 	 59.135 	 78.690
FHW12140	260.625 	 58.507 	 78.585
FHW12140	260.750 	 61.844 	 78.487
FHW12140	260.875 	 63.311 	 78.084
FHW12140	261.000 	 63.512 	 78.190
FHW12140	261.125 	 63.721 	 78.085
FHW12140	261.250 	 63.512 	 78.190
FHW12140	261.375 	 63.312 	 78.085
FHW12140	261.500 	 63.925 	 78.190
FHW12140	261.625 	 63.312 	 78.085
FHW12140	261.750 	 63.512 	 78.190
FHW12140	261.875 	 63.721 	 78.085
FHW12140	262.000 	 63.511 	 78.190
FHW12140	262.125 	 63.312 	 78.085
FHW12140	262.250 	 63.925 	 78.190
FHW12140	262.375 	 63.312 	 78.085
FHW12140	262.500 	 63.506 	 78.190
FHW12140	262.625 	 63.727 	 78.085
FHW12140	262.750 	 63.512 	 78.190
FHW12140	262.875 	 63.312 	 78.085
FHW12140	263.000 	 63.925 	 78.190
FHW12140	263.125 	 63.304 	 78.084
FHW12140	263.250 	 63.512 	 78.190
FHW12140	263.375 	 63.727 	 78.085
FHW12140	263.500 	 63.512 	 78.190
FHW12140	263.625 	 63.312 	 78.085
FHW12140	263.750 	 63.919 	 78.190
FHW12140	263.875 	 63.312 	 78.085
FHW12140	264.000 	 63.512 	 78.190
FHW12140	264.125 	 63.725 	 78.084
FHW12140	264.250 	 63.512 	 78.190
FHW12140	264.375 	 63.312 	 78.085
FHW12140	264.500 	 63.919 	 78.190
FHW12140	264.625 	 63.312 	 78.085
FHW12140	264.750 	 63.512 	 78.190
FHW12140	264.875 	 63.312 	 78.085
FHW12140	265.000 	 63.925 	 78.190
FHW12140	265.125 	 63.310 	 78.084
FHW12140	265.250 	 63.472 	 78.690
FHW12140	265.375 	 63.721 	 78.085
FHW12140	265.500 	 63.512 	 78.190
FHW12140	265.625 	 63.312 	 78.085
FHW12140	265.750 	 63.925 	 78.190
FHW12140	265.875 	 63.312 	 78.085
FHW12140	266.000 	 63.512 	 78.190
FHW12140	266.125 	 63.721 	 78.085
FHW12140	266.250 	 63.511 	 78.189
FHW12140	266.375 	 63.312 	 78.085
FHW12140	266.500 	 63.925 	 78.190
FHW12140	266.625 	 63.312 	 78.085
FHW12140	266.750 	 63.513 	 78.190
FHW12140	266.875 	 63.721 	 78.085
FHW12140	267.000 	 63.512 	 78.190
FHW12140	267.125 	 63.312 	 78.085
FHW12140	267.250 	 63.925 	 78.190
FHW12140	267.375 	 63.310 	 78.084
FHW12140	267.500 	 63.512 	 78.190
FHW12140	267.625 	 63.721 	 78.085
FHW12140	267.750 	 63.513 	 78.190
FHW12140	267.875 	 63.312 	 78.085
FHW12140	268.000 	 63.925 	 78.190
FHW12140	268.125 	 63.312 	 78.085
FHW12140	268.250 	 63.312 	 78.085
FHW12140	268.375 	 63.917 	 78.190
FHW12140	268.500 	 63.312 	 78.085
FHW12140	268.625 	 63.512 	 78.190
FHW12140	268.750 	 63.727 	 78.085
FHW12140	268.875 	 63.512 	 78.190
FHW12140	269.000 	 63.312 	 78.085
FHW12140	269.125 	 63.919 	 78.190
FHW12140	269.250 	 63.312 	 78.085
FHW12140	269.375 	 63.512 	 78.190
FHW12140	269.500 	 63.725 	 78.084
FHW12140	269.625 	 63.512 	 78.190
FHW12140	269.750 	 63.312 	 78.085
FHW12140	269.875 	 63.919 	 78.190
FHW12140	270.000 	 63.270 	 78.589
FHW12140	270.125 	 63.512 	 78.190
FHW12140	270.250 	 63.727 	 78.085
FHW12140	270.375 	 63.555 	 77.692
FHW12140	270.500 	 67.899 	 77.525
FHW12140	270.625 	 67.339 	 76.931
FHW12140	270.750 	 67.472 	 77.525
FHW12140	270.875 	 67.936 	 77.042
FHW12140	271.000 	 67.472 	 77.525
FHW12140	271.125 	 67.768 	 76.931
FHW12140	271.250 	 67.472 	 77.525
FHW12140	271.375 	 67.518 	 77.043
FHW12140	271.500 	 67.722 	 77.417
FHW12140	271.625 	 67.517 	 77.043
FHW12140	271.750 	 67.892 	 77.524
FHW12140	271.875 	 67.346 	 76.931
FHW12140	272.000 	 67.472 	 77.525
FHW12140	272.125 	 67.937 	 77.042
FHW12140	272.250 	 67.472 	 77.525
FHW12140	272.375 	 67.768 	 76.931
FHW12140	272.500 	 67.473 	 77.525
FHW12140	272.625 	 67.510 	 77.043
FHW12140	272.750 	 67.729 	 77.417
FHW12140	272.875 	 67.510 	 77.042
FHW12140	273.000 	 67.899 	 77.525
FHW12140	273.125 	 67.517 	 77.042
FHW12140	273.250 	 67.300 	 77.417
FHW12140	273.375 	 67.936 	 77.043
FHW12140	273.500 	 67.473 	 77.526
FHW12140	273.625 	 67.768 	 76.930
FHW12140	273.750 	 67.472 	 77.525
FHW12140	273.875 	 67.510 	 77.042
FHW12140	274.000 	 67.899 	 77.525
FHW12140	274.125 	 67.339 	 76.931
FHW12140	274.250 	 67.478 	 77.525
FHW12140	274.375 	 67.930 	 77.042
FHW12140	274.500 	 67.306 	 77.417
FHW12140	274.625 	 67.931 	 77.043
FHW12140	274.750 	 67.478 	 77.525
FHW12140	274.875 	 67.339 	 76.931
FHW12140	275.000 	 67.937 	 77.042
FHW12140	275.125 	 67.472 	 77.525
FHW12140	275.250 	 67.937 	 77.042
FHW12140	275.375 	 67.300 	 77.417
FHW12140	275.500 	 67.510 	 77.043
FHW12140	275.625 	 67.899 	 77.525
FHW12140	275.750 	 67.347 	 76.931
FHW12140	275.875 	 67.892 	 77.525
FHW12140	276.000 	 67.517 	 77.042
FHW12140	276.125 	 67.472 	 77.525
FHW12140	276.250 	 67.768 	 76.931
FHW12140	276.375 	 67.472 	 77.525
FHW12140	276.500 	 67.937 	 77.042
FHW12140	276.625 	 67.300 	 77.417
FHW12140	276.750 	 67.510 	 77.042
FHW12140	276.875 	 67.900 	 77.526
FHW12140	277.000 	 67.339 	 76.931
FHW12140	277.125 	 67.899 	 77.524
FHW12140	277.250 	 67.510 	 77.043
FHW12140	277.375 	 67.478 	 77.525
FHW12140	277.500 	 67.768 	 76.930
FHW12140	277.625 	 67.472 	 77.525
FHW12140	277.750 	 67.936 	 77.043
FHW12140	277.875 	 67.300 	 77.416
FHW12140	278.000 	 67.512 	 77.044
FHW12140	278.125 	 69.845 	 76.675
FHW12140	278.250 	 69.963 	 77.261
FHW12140	278.375 	 69.845 	 76.675
FHW12140	278.500 	 69.846 	 76.676
FHW12140	278.625 	 69.845 	 76.675
FHW12140	278.750 	 69.845 	 76.676
FHW12140	278.875 	 69.963 	 77.260
FHW12140	279.000 	 69.412 	 76.675
FHW12140	279.125 	 69.846 	 76.677
FHW12140	279.250 	 69.845 	 76.675
FHW12140	279.375 	 69.998 	 76.787
FHW12140	279.500 	 69.809 	 77.152
FHW12140	279.625 	 69.846 	 76.677
FHW12140	279.750 	 69.845 	 76.675
FHW12140	279.875 	 69.998 	 76.787
FHW12140	280.000 	 69.845 	 76.675
FHW12140	280.125 	 70.274 	 76.676
FHW12140	280.250 	 71.331 	 76.317
FHW12140	280.375 	 71.365 	 75.846
FHW12140	280.500 	 71.465 	 76.429
FHW12140	280.625 	 71.763 	 76.317
FHW12140	280.750 	 71.330 	 76.316
FHW12140	280.875 	 71.358 	 75.847
FHW12140	281.000 	 71.762 	 76.316
FHW12140	281.125 	 71.331 	 76.317
FHW12140	281.250 	 71.323 	 76.315
FHW12140	281.375 	 71.365 	 75.847
FHW12140	281.500 	 71.763 	 76.317
FHW12140	281.625 	 71.330 	 76.316
FHW12140	281.750 	 71.323 	 76.316
FHW12140	281.875 	 71.935 	 75.965
FHW12140	282.000 	 71.330 	 76.315
FHW12140	282.125 	 71.323 	 76.316
FHW12140	282.250 	 71.365 	 75.847
FHW12140	282.375 	 71.763 	 76.317
FHW12140	282.500 	 71.330 	 76.316
FHW12140	282.625 	 71.323 	 76.316
FHW12140	282.750 	 71.365 	 75.847
FHW12140	282.875 	 71.763 	 76.316
FHW12140	283.000 	 71.323 	 76.316
FHW12140	283.125 	 71.330 	 76.316
FHW12140	283.250 	 71.797 	 75.848
FHW12140	283.375 	 71.471 	 76.429
FHW12140	283.500 	 71.323 	 76.316
FHW12140	283.625 	 71.366 	 75.847
FHW12140	283.750 	 71.762 	 76.316
FHW12140	283.875 	 71.323 	 76.316
FHW12140	284.000 	 71.330 	 76.316
FHW12140	284.125 	 71.797 	 75.848
FHW12140	284.250 	 71.330 	 76.316
FHW12140	284.375 	 71.323 	 76.316
FHW12140	284.500 	 71.330 	 76.316
FHW12140	284.625 	 71.797 	 75.847
FHW12140	284.750 	 71.465 	 76.429
FHW12140	284.875 	 71.330 	 76.316
FHW12140	285.000 	 71.331 	 76.317
FHW12140	285.125 	 71.796 	 75.847
FHW12140	285.250 	 71.323 	 76.316
FHW12140	285.375 	 71.330 	 76.316
FHW12140	285.500 	 71.797 	 75.847
FHW12140	285.625 	 71.323 	 76.316
FHW12140	285.750 	 71.330 	 76.316
FHW12140	285.875 	 71.331 	 76.317
FHW12140	286.000 	 71.796 	 75.847
FHW12140	286.125 	 71.465 	 76.429
FHW12140	286.250 	 71.331 	 76.317
FHW12140	286.375 	 71.323 	 76.316
FHW12140	286.500 	 71.796 	 75.846
FHW12140	286.625 	 71.330 	 76.316
FHW12140	286.750 	 71.331 	 76.317
FHW12140	286.875 	 71.762 	 76.316
FHW12140	287.000 	 71.358 	 75.847
FHW12140	287.125 	 71.330 	 76.316
FHW12140	287.250 	 71.324 	 76.317
FHW12140	287.375 	 71.796 	 75.846
FHW12140	287.500 	 71.471 	 76.429
FHW12140	287.625 	 71.331 	 76.317
FHW12140	287.750 	 71.762 	 76.316
FHW12140	287.875 	 71.358 	 75.847
FHW12140	288.000 	 71.331 	 76.317
FHW12140	288.125 	 71.323 	 76.316
FHW12140	288.250 	 71.762 	 76.316
FHW12140	288.375 	 71.365 	 75.846
FHW12140	288.500 	 71.331 	 76.317
FHW12140	288.625 	 71.323 	 76.316
FHW12140	288.750 	 71.796 	 75.847
FHW12140	288.875 	 71.472 	 76.430
FHW12140	289.000 	 71.323 	 76.316
FHW12140	289.125 	 71.762 	 76.316
FHW12140	289.250 	 71.365 	 75.846
FHW12140	289.375 	 71.331 	 76.317
FHW12140	289.500 	 71.323 	 76.316
FHW12140	289.625 	 71.762 	 76.316
FHW12140	289.750 	 71.366 	 75.848
FHW12140	289.875 	 73.239 	 75.963
FHW12140	290.000 	 73.754 	 75.037
FHW12140	290.125 	 74.153 	 75.501
FHW12140	290.250 	 73.877 	 75.160
FHW12140	290.375 	 73.714 	 75.499
FHW12140	290.500 	 74.160 	 75.500
FHW12140	290.625 	 73.747 	 75.038
FHW12140	290.750 	 74.159 	 75.499
FHW12140	290.875 	 73.839 	 75.619
FHW12140	291.000 	 73.747 	 75.037
FHW12140	291.125 	 74.160 	 75.501
FHW12140	291.250 	 73.747 	 75.037
FHW12140	291.375 	 74.159 	 75.499
FHW12140	291.500 	 73.839 	 75.620
FHW12140	291.625 	 74.191 	 75.037
FHW12140	291.750 	 73.714 	 75.499
FHW12140	291.875 	 73.722 	 75.500
FHW12140	292.000 	 74.184 	 75.037
FHW12140	292.125 	 73.845 	 75.619
FHW12140	292.250 	 74.185 	 75.038
FHW12140	292.375 	 73.721 	 75.499
FHW12140	292.500 	 73.715 	 75.501
FHW12140	292.625 	 74.191 	 75.037
FHW12140	292.750 	 73.838 	 75.618
FHW12140	292.875 	 74.160 	 75.500
FHW12140	293.000 	 73.747 	 75.037
FHW12140	293.125 	 73.714 	 75.500
FHW12140	293.250 	 74.192 	 75.038
FHW12140	293.375 	 73.838 	 75.618
FHW12140	293.500 	 74.160 	 75.501
FHW12140	293.625 	 73.747 	 75.037
FHW12140	293.750 	 74.159 	 75.499
FHW12140	293.875 	 73.715 	 75.500
FHW12140	294.000 	 73.870 	 75.160
FHW12140	294.125 	 74.159 	 75.500
FHW12140	294.250 	 73.748 	 75.038
FHW12140	294.375 	 74.159 	 75.499
FHW12140	294.500 	 73.714 	 75.500
FHW12140	294.625 	 73.877 	 75.161
FHW12140	294.750 	 74.152 	 75.499
FHW12140	294.875 	 73.722 	 75.500
FHW12140	295.000 	 74.184 	 75.037
FHW12140	295.125 	 73.721 	 75.500
FHW12140	295.250 	 73.871 	 75.161
FHW12140	295.375 	 74.159 	 75.499
FHW12140	295.500 	 73.714 	 75.500
FHW12140	295.625 	 74.192 	 75.038
FHW12140	295.750 	 73.838 	 75.618
FHW12140	295.875 	 74.159 	 75.499
FHW12140	296.000 	 73.748 	 75.038
FHW12140	296.125 	 73.714 	 75.500
FHW12140	296.250 	 74.192 	 75.038
FHW12140	296.375 	 73.838 	 75.618
FHW12140	296.500 	 74.159 	 75.500
FHW12140	296.625 	 73.748 	 75.038
FHW12140	296.750 	 73.714 	 75.499
FHW12140	296.875 	 74.159 	 75.499
FHW12140	297.000 	 73.871 	 75.161
FHW12140	297.125 	 74.159 	 75.500
FHW12140	297.250 	 73.747 	 75.037
FHW12140	297.375 	 73.722 	 75.500
FHW12140	297.500 	 74.159 	 75.500
FHW12140	297.625 	 73.871 	 75.161
FHW12140	297.750 	 74.159 	 75.499
FHW12140	297.875 	 73.714 	 75.499
FHW12140	298.000 	 74.192 	 75.038
FHW12140	298.125 	 73.714 	 75.500
FHW12140	298.250 	 73.870 	 75.160
FHW12140	298.375 	 74.160 	 75.500
FHW12140	298.500 	 73.714 	 75.500
FHW12140	298.625 	 74.192 	 75.038
FHW12140	298.750 	 73.714 	 75.499
FHW12140	298.875 	 73.870 	 75.160
FHW12140	299.000 	 74.160 	 75.500
FHW12140	299.125 	 73.714 	 75.500
FHW12140	299.250 	 74.191 	 75.037
FHW12140	299.375 	 73.715 	 75.500
FHW12140	299.500 	 73.845 	 75.619
FHW12140	299.625 	 77.002 	 74.703
FHW12140	299.750 	 77.074 	 75.280
FHW12140	299.875 	 77.001 	 74.703
FHW12140	300.000 	 77.075 	 75.281
FHW12140	300.125 	 77.100 	 74.827
FHW12140	300.250 	 76.975 	 75.161
FHW12140	300.375 	 76.653 	 74.827
FHW12140	300.500 	 77.101 	 74.828
FHW12140	300.625 	 76.974 	 75.160
FHW12140	300.750 	 77.101 	 74.828
FHW12140	300.875 	 76.974 	 75.160
FHW12140	301.000 	 77.101 	 74.827
FHW12140	301.125 	 77.074 	 75.281
FHW12140	301.250 	 76.551 	 74.703
FHW12140	301.375 	 77.074 	 75.280
FHW12140	301.500 	 77.101 	 74.828
FHW12140	301.625 	 76.974 	 75.160
FHW12140	301.750 	 77.101 	 74.828
FHW12140	301.875 	 76.974 	 75.160
FHW12140	302.000 	 77.100 	 74.827
FHW12140	302.125 	 76.633 	 75.281
FHW12140	302.250 	 77.001 	 74.703
FHW12140	302.375 	 77.075 	 75.281
FHW12140	302.500 	 77.001 	 74.703
FHW12140	302.625 	 77.075 	 75.281
FHW12140	302.750 	 77.100 	 74.826
FHW12140	302.875 	 76.975 	 75.161
FHW12140	303.000 	 76.653 	 74.826
FHW12140	303.125 	 77.075 	 75.281
FHW12140	303.250 	 77.001 	 74.703
FHW12140	303.375 	 77.075 	 75.281
FHW12140	303.500 	 77.001 	 74.703
FHW12140	303.625 	 77.075 	 75.281
FHW12140	303.750 	 76.660 	 74.827
FHW12140	303.875 	 76.974 	 75.160
FHW12140	304.000 	 77.101 	 74.828
FHW12140	304.125 	 77.074 	 75.280
FHW12140	304.250 	 77.002 	 74.704
FHW12140	304.375 	 77.100 	 74.826
FHW12140	304.500 	 76.975 	 75.161
FHW12140	304.625 	 76.653 	 74.827
FHW12140	304.750 	 77.075 	 75.281
FHW12140	304.875 	 77.001 	 74.703
FHW12140	305.000 	 77.075 	 75.281
FHW12140	305.125 	 77.100 	 74.827
FHW12140	305.250 	 76.975 	 75.161
FHW12140	305.375 	 77.100 	 74.827
FHW12140	305.500 	 76.524 	 75.161
FHW12140	305.625 	 77.100 	 74.827
FHW12140	305.750 	 77.075 	 75.281
FHW12140	305.875 	 77.001 	 74.703
FHW12140	306.000 	 77.074 	 75.280
FHW12140	306.125 	 77.002 	 74.703
FHW12140	306.250 	 77.074 	 75.280
FHW12140	306.375 	 76.660 	 74.828
FHW12140	306.500 	 76.974 	 75.160
FHW12140	306.625 	 77.101 	 74.828
FHW12140	306.750 	 77.074 	 75.280
FHW12140	306.875 	 77.002 	 74.704
FHW12140	307.000 	 77.074 	 75.280
FHW12140	307.125 	 77.002 	 74.704
FHW12140	307.250 	 76.626 	 75.280
FHW12140	307.375 	 77.101 	 74.828
FHW12140	307.500 	 76.974 	 75.160
FHW12140	307.625 	 77.101 	 74.828
FHW12140	307.750 	 77.074 	 75.280
FHW12140	307.875 	 77.001 	 74.702
FHW12140	308.000 	 77.101 	 74.828
FHW12140	308.125 	 76.530 	 75.160
FHW12140	308.250 	 77.101 	 74.828
FHW12140	308.375 	 77.074 	 75.280
FHW12140	308.500 	 77.002 	 74.704
FHW12140	308.625 	 77.074 	 75.280
FHW12140	308.750 	 77.101 	 74.828
FHW12140	308.875 	 76.974 	 75.160
FHW12140	309.000 	 76.654 	 74.828
FHW12140	309.125 	 76.974 	 75.160
FHW12140	309.250 	 78.978 	 74.949
FHW12140	309.375 	 80.779 	 74.948
FHW12140	309.500 	 80.331 	 74.949
FHW12140	309.625 	 80.330 	 74.948
FHW12140	309.750 	 80.779 	 74.949
FHW12140	309.875 	 80.331 	 74.949
FHW12140	310.000 	 80.779 	 74.948
FHW12140	310.125 	 80.331 	 74.949
FHW12140	310.250 	 80.330 	 74.948
FHW12140	310.375 	 80.780 	 74.949
FHW12140	310.500 	 80.330 	 74.948
FHW12140	310.625 	 80.331 	 74.949
FHW12140	310.750 	 80.779 	 74.949
FHW12140	310.875 	 80.330 	 74.948
FHW12140	311.000 	 80.324 	 74.949
FHW12140	311.125 	 80.786 	 74.948
FHW12140	311.250 	 80.324 	 74.949
FHW12140	311.375 	 80.786 	 74.948
FHW12140	311.500 	 80.324 	 74.949
FHW12140	311.625 	 80.405 	 75.068
FHW12140	311.750 	 80.779 	 74.948
FHW12140	311.875 	 80.331 	 74.949
FHW12140	312.000 	 80.330 	 74.948
FHW12140	312.125 	 80.780 	 74.949
FHW12140	312.250 	 80.330 	 74.948
FHW12140	312.375 	 80.779 	 74.949
FHW12140	312.500 	 80.331 	 74.949
FHW12140	312.625 	 80.330 	 74.948
FHW12140	312.750 	 80.780 	 74.949
FHW12140	312.875 	 80.330 	 74.948
FHW12140	313.000 	 80.324 	 74.949
FHW12140	313.125 	 80.786 	 74.948
FHW12140	313.250 	 80.324 	 74.949
FHW12140	313.375 	 80.786 	 74.949
FHW12140	313.500 	 80.323 	 74.948
FHW12140	313.625 	 80.331 	 74.949
FHW12140	313.750 	 80.779 	 74.948
FHW12140	313.875 	 80.331 	 74.949
FHW12140	314.000 	 80.330 	 74.948
FHW12140	314.125 	 80.779 	 74.949
FHW12140	314.250 	 80.331 	 74.949
FHW12140	314.375 	 80.779 	 74.948
FHW12140	314.500 	 80.331 	 74.949
FHW12140	314.625 	 80.330 	 74.948
FHW12140	314.750 	 80.779 	 74.949
FHW12140	314.875 	 80.404 	 75.068
FHW12140	315.000 	 80.331 	 74.949
FHW12140	315.125 	 80.780 	 74.949
FHW12140	315.250 	 80.330 	 74.948
FHW12140	315.375 	 80.779 	 74.949
FHW12140	315.500 	 80.330 	 74.948
FHW12140	315.625 	 80.324 	 74.949
FHW12140	315.750 	 80.786 	 74.948
FHW12140	315.875 	 80.324 	 74.949
FHW12140	316.000 	 80.331 	 74.949
FHW12140	316.125 	 80.779 	 74.948
FHW12140	316.250 	 80.331 	 74.949
FHW12140	316.375 	 80.330 	 74.948
FHW12140	316.500 	 80.779 	 74.949
FHW12140	316.625 	 80.330 	 74.948
FHW12140	316.750 	 80.780 	 74.949
FHW12140	316.875 	 80.331 	 74.949
FHW12140	317.000 	 80.330 	 74.948
FHW12140	317.125 	 80.779 	 74.949
FHW12140	317.250 	 80.330 	 74.948
FHW12140	317.375 	 80.324 	 74.949
FHW12140	317.500 	 80.786 	 74.948
FHW12140	317.625 	 80.324 	 74.949
FHW12140	317.750 	 80.786 	 74.948
FHW12140	317.875 	 80.324 	 74.949
FHW12140	318.000 	 80.331 	 74.949
FHW12140	318.125 	 80.849 	 75.068
FHW12140	318.250 	 80.331 	 74.949
FHW12140	318.375 	 80.330 	 74.948
FHW12140	318.500 	 80.799 	 74.501
FHW12140	318.625 	 80.331 	 74.949
FHW12140	318.750 	 80.779 	 74.948
FHW12140	318.875 	 82.146 	 74.949
FHW12140	319.000 	 83.599 	 74.180
FHW12140	319.125 	 83.990 	 74.501
FHW12140	319.250 	 83.592 	 74.181
FHW12140	319.375 	 83.585 	 74.624
FHW12140	319.500 	 84.004 	 74.055
FHW12140	319.625 	 83.592 	 74.180
FHW12140	319.750 	 83.585 	 74.625
FHW12140	319.875 	 84.004 	 74.055
FHW12140	320.000 	 83.578 	 74.624
FHW12140	320.125 	 84.004 	 74.055
FHW12140	320.250 	 83.585 	 74.623
FHW12140	320.375 	 83.592 	 74.181
FHW12140	320.500 	 83.990 	 74.502
FHW12140	320.625 	 83.599 	 74.180
FHW12140	320.750 	 83.578 	 74.624
FHW12140	320.875 	 84.004 	 74.055
FHW12140	321.000 	 83.586 	 74.625
FHW12140	321.125 	 83.542 	 74.054
FHW12140	321.250 	 84.037 	 74.625
FHW12140	321.375 	 83.599 	 74.180
FHW12140	321.500 	 83.529 	 74.502
FHW12140	321.625 	 84.049 	 74.180
FHW12140	321.750 	 83.585 	 74.623
FHW12140	321.875 	 83.543 	 74.056
FHW12140	322.000 	 84.037 	 74.625
FHW12140	322.125 	 83.549 	 74.053
FHW12140	322.250 	 83.579 	 74.625
FHW12140	322.375 	 84.049 	 74.180
FHW12140	322.500 	 83.536 	 74.502
FHW12140	322.625 	 83.592 	 74.180
FHW12140	322.750 	 84.036 	 74.623
FHW12140	322.875 	 83.550 	 74.055
FHW12140	323.000 	 83.578 	 74.624
FHW12140	323.125 	 84.050 	 74.182
FHW12140	323.250 	 83.536 	 74.502
FHW12140	323.375 	 83.592 	 74.180
FHW12140	323.500 	 83.990 	 74.501
FHW12140	323.625 	 83.599 	 74.181
FHW12140	323.750 	 83.578 	 74.623
FHW12140	323.875 	 84.011 	 74.055
FHW12140	324.000 	 83.578 	 74.624
FHW12140	324.125 	 83.593 	 74.182
FHW12140	324.250 	 84.011 	 74.055
FHW12140	324.375 	 83.578 	 74.624
FHW12140	324.500 	 83.550 	 74.055
FHW12140	324.625 	 84.036 	 74.623
FHW12140	324.750 	 83.592 	 74.181
FHW12140	324.875 	 83.536 	 74.501
FHW12140	325.000 	 84.049 	 74.180
FHW12140	325.125 	 83.579 	 74.625
FHW12140	325.250 	 83.549 	 74.053
FHW12140	325.375 	 84.037 	 74.625
FHW12140	325.500 	 83.543 	 74.055
FHW12140	325.625 	 83.585 	 74.623
FHW12140	325.750 	 84.049 	 74.180
FHW12140	325.875 	 83.529 	 74.502
FHW12140	326.000 	 83.599 	 74.180
FHW12140	326.125 	 84.037 	 74.625
FHW12140	326.250 	 83.542 	 74.053
FHW12140	326.375 	 83.586 	 74.625
FHW12140	326.500 	 84.049 	 74.181
FHW12140	326.625 	 83.529 	 74.501
FHW12140	326.750 	 83.599 	 74.180
FHW12140	326.875 	 83.990 	 74.502
FHW12140	327.000 	 83.592 	 74.180
FHW12140	327.125 	 83.586 	 74.625
FHW12140	327.250 	 84.003 	 74.054
FHW12140	327.375 	 83.579 	 74.625
FHW12140	327.500 	 84.049 	 74.180
FHW12140	327.625 	 83.536 	 74.502
FHW12140	327.750 	 83.592 	 74.180
FHW12140	327.875 	 83.990 	 74.502
FHW12140	328.000 	 83.599 	 74.180
FHW12140	328.125 	 83.579 	 74.625
FHW12140	328.250 	 84.003 	 74.053
FHW12140	328.375 	 83.586 	 74.625
FHW12140	328.500 	 86.320 	 73.167
FHW12140	328.625 	 86.801 	 73.302
FHW12140	328.750 	 86.322 	 72.729
FHW12140	328.875 	 86.807 	 73.300
FHW12140	329.000 	 86.776 	 73.169
FHW12140	329.125 	 86.320 	 73.166
FHW12140	329.250 	 86.801 	 73.302
FHW12140	329.375 	 86.776 	 73.169
FHW12140	329.500 	 86.357 	 72.863
FHW12140	329.625 	 86.776 	 73.169
FHW12140	329.750 	 86.800 	 73.300
FHW12140	329.875 	 86.320 	 73.169
FHW12140	330.000 	 86.776 	 73.169
FHW12140	330.125 	 86.807 	 73.300
FHW12140	330.250 	 86.783 	 72.729
FHW12140	330.375 	 86.348 	 73.300
FHW12140	330.500 	 86.776 	 73.169
FHW12140	330.625 	 86.776 	 73.168
FHW12140	330.750 	 86.348 	 73.300
FHW12140	330.875 	 86.776 	 73.169
FHW12140	331.000 	 86.808 	 72.863
FHW12140	331.125 	 86.320 	 73.169
FHW12140	331.250 	 86.776 	 73.168
FHW12140	331.375 	 86.800 	 73.300
FHW12140	331.500 	 86.783 	 73.169
FHW12140	331.625 	 86.341 	 73.300
FHW12140	331.750 	 86.790 	 72.729
FHW12140	331.875 	 86.800 	 73.300
FHW12140	332.000 	 86.320 	 73.169
FHW12140	332.125 	 86.776 	 73.169
FHW12140	332.250 	 86.800 	 73.300
FHW12140	332.375 	 86.320 	 73.169
FHW12140	332.500 	 86.808 	 72.863
FHW12140	332.625 	 86.776 	 73.169
FHW12140	332.750 	 86.320 	 73.168
FHW12140	332.875 	 86.800 	 73.300
FHW12140	333.000 	 86.783 	 73.169
FHW12140	333.125 	 86.808 	 72.863
FHW12140	333.250 	 86.313 	 73.169
FHW12140	333.375 	 86.807 	 73.300
FHW12140	333.500 	 86.776 	 73.169
FHW12140	333.625 	 86.320 	 73.169
FHW12140	333.750 	 86.800 	 73.300
FHW12140	333.875 	 86.783 	 72.728
FHW12140	334.000 	 86.348 	 73.300
FHW12140	334.125 	 86.776 	 73.169
FHW12140	334.250 	 86.776 	 73.168
FHW12140	334.375 	 86.807 	 73.300
FHW12140	334.500 	 86.313 	 73.169
FHW12140	334.625 	 86.815 	 72.863
FHW12140	334.750 	 86.776 	 73.169
FHW12140	334.875 	 86.320 	 73.168
FHW12140	335.000 	 86.800 	 73.300
FHW12140	335.125 	 88.625 	 71.855
FHW12140	335.250 	 88.167 	 72.291
FHW12140	335.375 	 88.614 	 71.710
FHW12140	335.500 	 88.167 	 72.292
FHW12140	335.625 	 88.632 	 71.852
FHW12140	335.750 	 88.172 	 71.856
FHW12140	335.875 	 88.622 	 72.290
FHW12140	336.000 	 88.172 	 71.854
FHW12140	336.125 	 88.614 	 71.711
FHW12140	336.250 	 88.167 	 72.290
FHW12140	336.375 	 88.625 	 71.856
FHW12140	336.500 	 88.167 	 72.288
FHW12140	336.625 	 88.632 	 71.856
FHW12140	336.750 	 88.172 	 71.854
FHW12140	336.875 	 88.146 	 72.150
FHW12140	337.000 	 88.632 	 71.854
FHW12140	337.125 	 88.167 	 72.290
FHW12140	337.250 	 88.625 	 71.854
FHW12140	337.375 	 88.172 	 71.854
FHW12140	337.500 	 88.622 	 72.292
FHW12140	337.625 	 88.157 	 71.710
FHW12140	337.750 	 88.629 	 72.292
FHW12140	337.875 	 88.165 	 71.854
FHW12140	338.000 	 88.632 	 71.854
FHW12140	338.125 	 88.167 	 72.289
FHW12140	338.250 	 88.625 	 71.854
FHW12140	338.375 	 88.157 	 71.711
FHW12140	338.500 	 88.622 	 72.290
FHW12140	338.625 	 88.172 	 71.856
FHW12140	338.750 	 88.629 	 72.290
FHW12140	338.875 	 88.165 	 71.856
FHW12140	339.000 	 88.632 	 71.852
FHW12140	339.125 	 88.153 	 72.150
FHW12140	339.250 	 88.625 	 71.854
FHW12140	339.375 	 88.167 	 72.290
FHW12140	339.500 	 88.625 	 71.856
FHW12140	339.625 	 88.172 	 71.854
FHW12140	339.750 	 88.629 	 72.292
FHW12140	339.875 	 88.150 	 71.710
FHW12140	340.000 	 88.629 	 72.292
FHW12140	340.125 	 88.171 	 71.852
FHW12140	340.250 	 88.625 	 71.854
FHW12140	340.375 	 88.167 	 72.292
FHW12140	340.500 	 88.625 	 71.854
FHW12140	340.625 	 88.157 	 71.711
FHW12140	340.750 	 88.629 	 72.290
FHW12140	340.875 	 88.165 	 71.856
FHW12140	341.000 	 88.628 	 72.288
FHW12140	341.125 	 88.172 	 71.854
FHW12140	341.250 	 88.625 	 71.856
FHW12140	341.375 	 88.153 	 72.148
FHW12140	341.500 	 88.625 	 71.856
FHW12140	341.625 	 88.167 	 72.290
FHW12140	341.750 	 88.632 	 71.856
FHW12140	341.875 	 88.164 	 71.852
FHW12140	342.000 	 88.629 	 72.292
FHW12140	342.125 	 88.157 	 71.710
FHW12140	342.250 	 88.622 	 72.292
FHW12140	342.375 	 88.172 	 71.854
FHW12140	342.500 	 88.625 	 71.854
FHW12140	342.625 	 88.167 	 72.289
FHW12140	342.750 	 88.632 	 71.854
FHW12140	342.875 	 88.150 	 71.711
FHW12140	343.000 	 88.629 	 72.290
FHW12140	343.125 	 88.172 	 71.856
FHW12140	343.250 	 88.622 	 72.290
FHW12140	343.375 	 88.172 	 71.854
FHW12140	343.500 	 88.625 	 71.854
FHW12140	343.625 	 88.153 	 72.150
FHW12140	343.750 	 88.632 	 71.854
FHW12140	343.875 	 88.160 	 72.290
FHW12140	344.000 	 88.632 	 71.856
FHW12140	344.125 	 88.172 	 71.854
FHW12140	344.250 	 88.622 	 72.292
FHW12140	344.375 	 88.157 	 71.710
FHW12140	344.500 	 88.622 	 72.290
FHW12140	344.625 	 88.171 	 71.854
FHW12140	344.750 	 88.625 	 71.854
FHW12140	344.875 	 88.625 	 71.273
FHW12140	345.000 	 88.622 	 70.843
FHW12140	345.125 	 88.629 	 70.839
FHW12140	345.250 	 88.622 	 70.839
FHW12140	345.375 	 88.622 	 70.839
FHW12140	345.500 	 88.629 	 70.841
FHW12140	345.625 	 88.622 	 70.839
FHW12140	345.750 	 88.629 	 70.839
FHW12140	345.875 	 88.625 	 70.407
FHW12140	346.000 	 88.622 	 70.841
FHW12140	346.125 	 88.629 	 70.839
FHW12140	346.250 	 88.622 	 70.839
FHW12140	346.375 	 88.629 	 70.839
FHW12140	346.500 	 88.622 	 70.843
FHW12140	346.625 	 88.622 	 70.839
FHW12140	346.750 	 88.632 	 70.407
FHW12140	346.875 	 88.622 	 70.839
FHW12140	347.000 	 88.629 	 70.841
FHW12140	347.125 	 88.622 	 70.839
FHW12140	347.250 	 89.083 	 70.839
FHW12140	347.375 	 88.622 	 70.839
FHW12140	347.500 	 88.629 	 70.841
FHW12140	347.625 	 88.622 	 70.839
FHW12140	347.750 	 88.625 	 70.407
FHW12140	347.875 	 88.629 	 70.839
FHW12140	348.000 	 88.622 	 70.841
FHW12140	348.125 	 88.628 	 70.841
FHW12140	348.250 	 88.622 	 70.839
FHW12140	348.375 	 88.622 	 70.839
FHW12140	348.500 	 88.629 	 70.841
FHW12140	348.625 	 88.622 	 70.839
FHW12140	348.750 	 88.632 	 70.407
FHW12140	348.875 	 88.622 	 70.839
FHW12140	349.000 	 88.622 	 70.841
FHW12140	349.125 	 88.629 	 70.839
FHW12140	349.250 	 88.622 	 70.839
FHW12140	349.375 	 88.629 	 70.839
FHW12140	349.500 	 88.622 	 70.841
FHW12140	349.625 	 88.621 	 70.841
FHW12140	349.750 	 88.632 	 70.406
FHW12140	349.875 	 88.621 	 70.841
FHW12140	350.000 	 88.622 	 70.841
FHW12140	350.125 	 88.625 	 69.818
FHW12140	350.250 	 88.622 	 69.392
FHW12140	350.375 	 88.640 	 69.550
FHW12140	350.500 	 88.622 	 69.390
FHW12140	350.625 	 88.619 	 69.822
FHW12140	350.750 	 88.629 	 69.389
FHW12140	350.875 	 88.622 	 69.392
FHW12140	351.000 	 88.626 	 69.820
FHW12140	351.125 	 88.622 	 69.392
FHW12140	351.250 	 88.622 	 69.389
FHW12140	351.375 	 88.163 	 69.822
FHW12140	351.500 	 88.629 	 69.390
FHW12140	351.625 	 88.622 	 69.389
FHW12140	351.750 	 88.619 	 69.822
FHW12140	351.875 	 88.629 	 69.390
FHW12140	352.000 	 88.622 	 69.392
FHW12140	352.125 	 88.640 	 69.550
FHW12140	352.250 	 88.618 	 69.818
FHW12140	352.375 	 88.622 	 69.392
FHW12140	352.500 	 88.629 	 69.392
FHW12140	352.625 	 88.163 	 69.822
FHW12140	352.750 	 88.622 	 69.387
FHW12140	352.875 	 88.622 	 69.392
FHW12140	353.000 	 88.626 	 69.822
FHW12140	353.125 	 88.622 	 69.387
FHW12140	353.250 	 88.629 	 69.392
FHW12140	353.375 	 88.619 	 69.822
FHW12140	353.500 	 88.622 	 69.392
FHW12140	353.625 	 88.629 	 69.387
FHW12140	353.750 	 88.633 	 69.553
FHW12140	353.875 	 88.625 	 69.819
FHW12140	354.000 	 88.153 	 68.796
FHW12140	354.125 	 88.637 	 68.539
FHW12140	354.250 	 88.616 	 68.796
FHW12140	354.375 	 88.623 	 68.800
FHW12140	354.500 	 88.630 	 68.535
FHW12140	354.625 	 88.616 	 68.798
FHW12140	354.750 	 88.633 	 68.962
FHW12140	354.875 	 88.616 	 68.798
FHW12140	355.000 	 88.637 	 68.537
FHW12140	355.125 	 88.616 	 68.796
FHW12140	355.250 	 88.626 	 68.964
FHW12140	355.375 	 88.627 	 68.368
FHW12140	355.500 	 88.626 	 68.964
FHW12140	355.625 	 88.623 	 68.796
FHW12140	355.750 	 88.630 	 68.539
FHW12140	355.875 	 88.616 	 68.796
FHW12140	356.000 	 88.633 	 68.964
FHW12140	356.125 	 88.616 	 68.796
FHW12140	356.250 	 88.620 	 68.370
FHW12140	356.375 	 88.633 	 68.962
FHW12140	356.500 	 88.616 	 68.798
FHW12140	356.625 	 88.637 	 68.537
FHW12140	356.750 	 88.616 	 68.798
FHW12140	356.875 	 88.626 	 68.960
FHW12140	357.000 	 88.623 	 68.800
FHW12140	357.125 	 88.630 	 68.535
FHW12140	357.250 	 88.623 	 68.798
FHW12140	357.375 	 88.626 	 68.962
FHW12140	357.500 	 88.620 	 68.368
FHW12140	357.625 	 88.633 	 68.964
FHW12140	357.750 	 88.616 	 68.798
FHW12140	357.875 	 88.633 	 68.962
FHW12140	358.000 	 88.620 	 68.368
FHW12140	358.125 	 88.616 	 68.798
FHW12140	358.250 	 88.633 	 68.962
FHW12140	358.375 	 88.620 	 68.370
FHW12140	358.500 	 88.633 	 68.962
FHW12140	358.625 	 88.616 	 68.798
FHW12140	358.750 	 88.626 	 68.962
FHW12140	358.875 	 88.627 	 68.370
FHW12140	359.000 	 88.626 	 68.962
FHW12140	359.125 	 88.623 	 68.798
FHW12140	359.250 	 88.630 	 68.537
FHW12140	359.375 	 88.616 	 68.798
FHW12140	359.500 	 88.633 	 68.960
FHW12140	359.625 	 88.165 	 68.372
FHW12140	359.750 	 88.626 	 68.960
FHW12140	359.875 	 88.616 	 68.800
FHW12140	360.000 	 88.623 	 68.796
FHW12140	360.125 	 88.630 	 68.536
FHW12140	360.250 	 88.616 	 68.798
FHW12140	360.375 	 88.633 	 68.961
FHW12140	360.500 	 88.620 	 68.368
FHW12140	360.625 	 88.633 	 68.962
FHW12140	360.750 	 88.616 	 68.798
FHW12140	360.875 	 88.626 	 68.964
FHW12140	361.000 	 88.627 	 68.368
FHW12140	361.125 	 88.626 	 68.962
FHW12140	361.250 	 88.623 	 68.798
FHW12140	361.375 	 88.630 	 68.537
FHW12140	361.500 	 88.616 	 68.798
FHW12140	361.625 	 88.633 	 68.962
FHW12140	361.750 	 88.616 	 68.798
FHW12140	361.875 	 88.627 	 68.368
FHW12140	362.000 	 88.626 	 68.964
FHW12140	362.125 	 88.616 	 68.796
FHW12140	362.250 	 88.637 	 68.539
FHW12140	362.375 	 88.616 	 68.796
FHW12140	362.500 	 88.633 	 68.964
FHW12140	362.625 	 88.620 	 68.368
FHW12140	362.750 	 88.626 	 68.961
FHW12140	362.875 	 88.627 	 68.371
FHW12140	363.000 	 89.082 	 68.368
FHW12140	363.125 	 89.085 	 67.944
FHW12140	363.250 	 88.624 	 67.943
FHW12140	363.375 	 89.082 	 68.368
FHW12140	363.500 	 89.085 	 67.945
FHW12140	363.625 	 88.620 	 68.370
FHW12140	363.750 	 89.085 	 67.943
FHW12140	363.875 	 89.082 	 68.368
FHW12140	364.000 	 88.624 	 67.944
FHW12140	364.125 	 89.085 	 67.943
FHW12140	364.250 	 89.082 	 68.371
FHW12140	364.375 	 88.631 	 67.943
FHW12140	364.500 	 89.082 	 68.370
FHW12140	364.625 	 89.085 	 67.943
FHW12140	364.750 	 88.620 	 68.368
FHW12140	364.875 	 89.085 	 67.944
FHW12140	365.000 	 88.620 	 68.371
FHW12140	365.125 	 89.085 	 67.943
FHW12140	365.250 	 89.085 	 67.944
FHW12140	365.375 	 88.617 	 68.199
FHW12140	365.500 	 89.078 	 67.943
FHW12140	365.625 	 89.082 	 68.370
FHW12140	365.750 	 88.631 	 67.943
FHW12140	365.875 	 89.082 	 68.368
FHW12140	366.000 	 89.085 	 67.943
FHW12140	366.125 	 88.624 	 67.947
FHW12140	366.250 	 89.082 	 68.368
FHW12140	366.375 	 89.085 	 67.943
FHW12140	366.500 	 88.620 	 68.370
FHW12140	366.625 	 89.085 	 67.943
FHW12140	366.750 	 89.082 	 68.371
FHW12140	366.875 	 88.631 	 67.943
FHW12140	367.000 	 89.075 	 68.370
FHW12140	367.125 	 89.085 	 67.943
FHW12140	367.250 	 88.631 	 67.943
FHW12140	367.375 	 89.082 	 68.370
FHW12140	367.500 	 89.085 	 67.945
FHW12140	367.625 	 88.620 	 68.368
FHW12140	367.750 	 89.085 	 67.943
FHW12140	367.875 	 89.082 	 68.370
FHW12140	368.000 	 88.624 	 67.943
FHW12140	368.125 	 89.085 	 67.943
FHW12140	368.250 	 88.627 	 68.372
FHW12140	368.375 	 89.085 	 67.943
FHW12140	368.500 	 89.075 	 68.368
FHW12140	368.625 	 88.631 	 67.944
FHW12140	368.750 	 89.082 	 68.368
FHW12140	368.875 	 89.085 	 67.945
FHW12140	369.000 	 88.624 	 67.943
FHW12140	369.125 	 89.082 	 68.370
FHW12140	369.250 	 89.085 	 67.943
FHW12140	369.375 	 88.620 	 68.368
FHW12140	369.500 	 89.085 	 67.944
FHW12140	369.625 	 89.082 	 68.371
FHW12140	369.750 	 88.631 	 67.943
FHW12140	369.875 	 89.082 	 68.370
FHW12140	370.000 	 89.078 	 67.943
FHW12140	370.125 	 88.631 	 67.943
FHW12140	370.250 	 89.082 	 68.368
FHW12140	370.375 	 89.085 	 67.947
FHW12140	370.500 	 88.620 	 68.368
FHW12140	370.625 	 89.085 	 67.943
FHW12140	370.750 	 89.082 	 68.370
FHW12140	370.875 	 88.624 	 67.943
FHW12140	371.000 	 89.085 	 67.945
FHW12140	371.125 	 89.075 	 68.196
FHW12140	371.250 	 88.631 	 67.944
FHW12140	371.375 	 89.082 	 68.371
FHW12140	371.500 	 88.624 	 67.943
FHW12140	371.625 	 89.082 	 68.370
FHW12140	371.750 	 89.085 	 67.943
FHW12140	371.875 	 89.085 	 67.943
FHW12140	372.000 	 89.085 	 67.943
FHW12140	372.125 	 89.540 	 67.523
FHW12140	372.250 	 89.078 	 67.770
FHW12140	372.375 	 89.085 	 67.943
FHW12140	372.500 	 89.085 	 67.945
FHW12140	372.625 	 89.537 	 67.343
FHW12140	372.750 	 89.085 	 67.943
FHW12140	372.875 	 89.085 	 67.947
FHW12140	373.000 	 89.546 	 67.943
FHW12140	373.125 	 89.078 	 67.768
FHW12140	373.250 	 89.081 	 67.523
FHW12140	373.375 	 89.085 	 67.943
FHW12140	373.500 	 89.543 	 67.770
FHW12140	373.625 	 89.085 	 67.945
FHW12140	373.750 	 89.088 	 67.520
FHW12140	373.875 	 89.085 	 67.943
FHW12140	374.000 	 89.536 	 67.773
FHW12140	374.125 	 89.085 	 67.943
FHW12140	374.250 	 89.085 	 67.943
FHW12140	374.375 	 89.540 	 67.520
FHW12140	374.500 	 89.078 	 67.771
FHW12140	374.625 	 89.085 	 67.944
FHW12140	374.750 	 89.085 	 67.943
FHW12140	374.875 	 89.544 	 67.346
FHW12140	375.000 	 89.085 	 67.943
FHW12140	375.125 	 89.085 	 67.943
FHW12140	375.250 	 89.078 	 67.944
FHW12140	375.375 	 89.543 	 67.771
FHW12140	375.500 	 89.088 	 67.520
FHW12140	375.625 	 89.085 	 67.943
FHW12140	375.750 	 89.539 	 67.943
FHW12140	375.875 	 89.078 	 67.773
FHW12140	376.000 	 89.088 	 67.520
FHW12140	376.125 	 89.085 	 67.943
FHW12140	376.250 	 89.543 	 67.771
FHW12140	376.375 	 89.078 	 67.943
FHW12140	376.500 	 89.088 	 67.520
FHW12140	376.625 	 89.546 	 67.947
FHW12140	376.750 	 89.078 	 67.768
FHW12140	376.875 	 89.085 	 67.943
FHW12140	377.000 	 89.085 	 67.945
FHW12140	377.125 	 89.537 	 67.343
FHW12140	377.250 	 89.085 	 67.944
FHW12140	377.375 	 89.085 	 67.945
FHW12140	377.500 	 89.085 	 67.943
FHW12140	377.625 	 89.537 	 67.343
FHW12140	377.750 	 89.085 	 67.945
FHW12140	377.875 	 89.085 	 67.944
FHW12140	378.000 	 89.546 	 67.943
FHW12140	378.125 	 89.078 	 67.771
FHW12140	378.250 	 89.088 	 67.520
FHW12140	378.375 	 89.078 	 67.943
FHW12140	378.500 	 89.543 	 67.773
FHW12140	378.625 	 89.085 	 67.943
FHW12140	378.750 	 89.088 	 67.520
FHW12140	378.875 	 89.085 	 67.943
FHW12140	379.000 	 89.536 	 67.771
FHW12140	379.125 	 89.085 	 67.944
FHW12140	379.250 	 89.085 	 67.943
FHW12140	379.375 	 89.537 	 67.346
FHW12140	379.500 	 89.085 	 67.943
FHW12140	379.625 	 89.085 	 67.944
FHW12140	379.750 	 89.085 	 67.943
FHW12140	379.875 	 89.544 	 67.346
FHW12140	380.000 	 89.085 	 67.943
FHW12140	380.125 	 89.085 	 67.943
FHW12140	380.250 	 89.085 	 67.944
FHW12140	380.375 	 89.536 	 67.771
FHW12140	380.500 	 89.088 	 67.520
FHW12140	380.625 	 89.085 	 67.943
FHW12140	380.750 	 89.078 	 67.771
FHW12140	380.875 	 89.088 	 67.520
FHW12140	381.000 	 88.624 	 67.944
FHW12140	381.125 	 89.078 	 67.771
FHW12140	381.250 	 88.628 	 67.520
FHW12140	381.375 	 89.085 	 67.943
FHW12140	381.500 	 88.621 	 67.771
FHW12140	381.625 	 89.085 	 67.944
FHW12140	381.750 	 89.088 	 67.520
FHW12140	381.875 	 88.614 	 67.771
FHW12140	382.000 	 89.085 	 67.943
FHW12140	382.125 	 88.628 	 67.520
FHW12140	382.250 	 89.078 	 67.773
FHW12140	382.375 	 88.631 	 67.943
FHW12140	382.500 	 89.088 	 67.520
FHW12140	382.625 	 88.614 	 67.771
FHW12140	382.750 	 89.085 	 67.943
FHW12140	382.875 	 89.088 	 67.520
FHW12140	383.000 	 88.614 	 67.773
FHW12140	383.125 	 89.085 	 67.943
FHW12140	383.250 	 88.628 	 67.520
FHW12140	383.375 	 89.078 	 67.771
FHW12140	383.500 	 88.631 	 67.943
FHW12140	383.625 	 89.088 	 67.520
FHW12140	383.750 	 88.614 	 67.773
FHW12140	383.875 	 89.085 	 67.943
FHW12140	384.000 	 89.088 	 67.520
FHW12140	384.125 	 88.614 	 67.771
FHW12140	384.250 	 89.085 	 67.944
FHW12140	384.375 	 88.635 	 67.520
FHW12140	384.500 	 89.078 	 67.771
FHW12140	384.625 	 88.624 	 67.943
FHW12140	384.750 	 89.088 	 67.520
FHW12140	384.875 	 88.614 	 67.771
FHW12140	385.000 	 89.085 	 67.944
FHW12140	385.125 	 89.085 	 67.943
FHW12140	385.250 	 88.625 	 67.346
FHW12140	385.375 	 89.085 	 67.943
FHW12140	385.500 	 88.624 	 67.943
FHW12140	385.625 	 89.088 	 67.520
FHW12140	385.750 	 88.614 	 67.773
FHW12140	385.875 	 89.085 	 67.943
FHW12140	386.000 	 88.635 	 67.520
FHW12140	386.125 	 89.071 	 67.771
FHW12140	386.250 	 89.085 	 67.943
FHW12140	386.375 	 88.635 	 67.522
FHW12140	386.500 	 89.078 	 67.771
FHW12140	386.625 	 88.624 	 67.943
FHW12140	386.750 	 89.088 	 67.520
FHW12140	386.875 	 88.614 	 67.771
FHW12140	387.000 	 89.085 	 67.944
FHW12140	387.125 	 89.088 	 67.520
FHW12140	387.250 	 88.621 	 67.771
FHW12140	387.375 	 89.085 	 67.943
FHW12140	387.500 	 88.628 	 67.520
FHW12140	387.625 	 89.078 	 67.771
FHW12140	387.750 	 88.624 	 67.944
FHW12140	387.875 	 89.088 	 67.520
FHW12140	388.000 	 88.621 	 67.771
FHW12140	388.125 	 89.085 	 67.943
FHW12140	388.250 	 89.081 	 67.520
FHW12140	388.375 	 88.621 	 67.773
FHW12140	388.500 	 89.085 	 67.943
FHW12140	388.625 	 88.628 	 67.520
FHW12140	388.750 	 89.078 	 67.771
FHW12140	388.875 	 88.631 	 67.943
FHW12140	389.000 	 89.078 	 67.944
FHW12140	389.125 	 88.625 	 67.346
FHW12140	389.250 	 89.085 	 67.943
FHW12140	389.375 	 89.085 	 67.943
FHW12140	389.500 	 88.618 	 67.346
FHW12140	389.625 	 89.085 	 67.943
FHW12140	389.750 	 88.624 	 67.944
FHW12140	389.875 	 89.081 	 67.346
FHW12140	390.000 	 88.631 	 67.943
FHW12140	390.125 	 89.085 	 67.943
FHW12140	390.250 	 88.624 	 67.945
FHW12140	390.375 	 89.078 	 67.770
FHW12140	390.500 	 88.624 	 67.943
FHW12140	390.625 	 89.085 	 67.945
FHW12140	390.750 	 88.631 	 67.943
FHW12140	390.875 	 89.085 	 67.944
FHW12140	391.000 	 88.614 	 67.771
FHW12140	391.125 	 89.085 	 67.943
FHW12140	391.250 	 88.624 	 67.943
FHW12140	391.375 	 89.085 	 67.944
FHW12140	391.500 	 88.631 	 67.943
FHW12140	391.625 	 89.078 	 67.771
FHW12140	391.750 	 88.624 	 67.943
FHW12140	391.875 	 89.085 	 67.943
FHW12140	392.000 	 88.624 	 67.944
FHW12140	392.125 	 89.085 	 67.945
FHW12140	392.250 	 88.621 	 67.768
FHW12140	392.375 	 89.085 	 67.943
FHW12140	392.500 	 89.078 	 67.947
FHW12140	392.625 	 88.631 	 67.943
FHW12140	392.750 	 89.078 	 67.768
FHW12140	392.875 	 88.624 	 67.945
FHW12140	393.000 	 89.085 	 67.944
FHW12140	393.125 	 88.631 	 67.943
FHW12140	393.250 	 89.078 	 67.943
FHW12140	393.375 	 88.621 	 67.771
FHW12140	393.500 	 89.085 	 67.944
FHW12140	393.625 	 88.624 	 67.943
FHW12140	393.750 	 89.085 	 67.943
FHW12140	393.875 	 88.624 	 67.943
FHW12140	394.000 	 89.078 	 67.771
FHW12140	394.125 	 88.631 	 67.944
FHW12140	394.250 	 89.085 	 67.943
FHW12140	394.375 	 88.624 	 67.945
FHW12140	394.500 	 89.085 	 67.943
FHW12140	394.625 	 88.614 	 67.770
FHW12140	394.750 	 89.085 	 67.945
FHW12140	394.875 	 88.631 	 67.943
FHW12140	395.000 	 89.085 	 67.943
FHW12140	395.125 	 88.624 	 67.944
FHW12140	395.250 	 89.078 	 67.771
FHW12140	395.375 	 88.628 	 67.520
FHW12140	395.500 	 89.085 	 67.943
FHW12140	395.625 	 88.631 	 67.943
FHW12140	395.750 	 89.085 	 67.944
FHW12140	395.875 	 88.614 	 67.771
FHW12140	396.000 	 89.085 	 67.943
FHW12140	396.125 	 88.624 	 67.943
FHW12140	396.250 	 89.085 	 67.945
FHW12140	396.375 	 88.621 	 67.770
FHW12140	396.500 	 89.085 	 67.943
FHW12140	396.625 	 88.624 	 67.945
FHW12140	396.750 	 89.085 	 67.943
FHW12140	396.875 	 88.624 	 67.944
FHW12140	397.000 	 89.078 	 67.771
FHW12140	397.125 	 89.085 	 67.943
FHW12140	397.250 	 88.631 	 67.943
FHW12140	397.375 	 89.078 	 67.944
FHW12140	397.500 	 88.631 	 67.943
FHW12140	397.625 	 89.078 	 67.771
FHW12140	397.750 	 88.624 	 67.943
FHW12140	397.875 	 89.085 	 67.943
FHW12140	398.000 	 88.631 	 67.944
FHW12140	398.125 	 89.078 	 67.945
FHW12140	398.250 	 88.621 	 67.768
FHW12140	398.375 	 89.085 	 67.943
FHW12140	398.500 	 88.624 	 67.947
FHW12140	398.625 	 89.085 	 67.943
FHW12140	398.750 	 88.624 	 67.943
FHW12140	398.875 	 89.545 	 68.368
FHW12140	399.000 	 89.539 	 67.944
FHW12140	399.125 	 89.545 	 68.371
FHW12140	399.250 	 89.538 	 68.368
FHW12140	399.375 	 89.546 	 67.944
FHW12140	399.500 	 89.538 	 68.368
FHW12140	399.625 	 89.546 	 67.943
FHW12140	399.750 	 89.538 	 68.370
FHW12140	399.875 	 89.545 	 68.371
FHW12140	400.000 	 89.539 	 67.943
FHW12140	400.125 	 89.545 	 68.370
FHW12140	400.250 	 89.082 	 68.368
FHW12140	400.375 	 89.539 	 67.943
FHW12140	400.500 	 89.541 	 68.539
FHW12140	400.625 	 89.546 	 67.943
FHW12140	400.750 	 89.538 	 68.368
FHW12140	400.875 	 89.545 	 68.372
FHW12140	401.000 	 89.539 	 67.943
FHW12140	401.125 	 89.545 	 68.368
FHW12140	401.250 	 89.538 	 68.370
FHW12140	401.375 	 89.546 	 67.943
FHW12140	401.500 	 89.538 	 68.368
FHW12140	401.625 	 89.545 	 68.372
FHW12140	401.750 	 89.539 	 67.943
FHW12140	401.875 	 89.545 	 68.368
FHW12140	402.000 	 89.542 	 68.115
FHW12140	402.125 	 89.538 	 68.370
FHW12140	402.250 	 89.545 	 68.368
FHW12140	402.375 	 89.085 	 67.943
FHW12140	402.500 	 89.538 	 68.370
FHW12140	402.625 	 89.545 	 68.371
FHW12140	402.750 	 89.539 	 67.943
FHW12140	402.875 	 89.545 	 68.370
FHW12140	403.000 	 89.539 	 67.943
FHW12140	403.125 	 89.545 	 68.368
FHW12140	403.250 	 89.538 	 68.370
FHW12140	403.375 	 89.546 	 67.945
FHW12140	403.500 	 89.538 	 68.368
FHW12140	403.625 	 89.538 	 68.370
FHW12140	403.750 	 89.549 	 68.115
FHW12140	403.875 	 89.538 	 68.368
FHW12140	404.000 	 89.545 	 68.370
FHW12140	404.125 	 89.539 	 67.943
FHW12140	404.250 	 89.545 	 68.368
FHW12140	404.375 	 89.539 	 67.947
FHW12140	404.500 	 89.545 	 68.368
FHW12140	404.625 	 89.082 	 68.368
FHW12140	404.750 	 89.539 	 67.944
FHW12140	404.875 	 89.545 	 68.368
FHW12140	405.000 	 89.538 	 68.368
FHW12140	405.125 	 89.546 	 67.947
FHW12140	405.250 	 89.538 	 68.368
FHW12140	405.375 	 89.542 	 68.112
FHW12140	405.500 	 89.545 	 68.372
FHW12140	405.625 	 89.538 	 68.368
FHW12140	405.750 	 89.546 	 67.943
FHW12140	405.875 	 89.538 	 68.370
FHW12140	406.000 	 89.545 	 68.368
FHW12140	406.125 	 89.539 	 67.945
FHW12140	406.250 	 89.545 	 68.370
FHW12140	406.375 	 89.538 	 68.368
FHW12140	406.500 	 89.546 	 67.943
FHW12140	406.625 	 89.538 	 68.368
FHW12140	406.750 	 89.085 	 67.944
FHW12140	406.875 	 89.538 	 68.371
FHW12140	407.000 	 89.548 	 68.535
FHW12140	407.125 	 89.539 	 67.944
FHW12140	407.250 	 89.545 	 68.371
FHW12140	407.375 	 89.538 	 68.368
FHW12140	407.500 	 89.546 	 67.944
FHW12140	407.625 	 89.538 	 68.368
FHW12140	407.750 	 90.000 	 68.368
FHW12140	407.875 	 90.000 	 68.372
FHW12140	408.000 	 90.000 	 68.535
FHW12140	408.125 	 90.000 	 68.370
FHW12140	408.250 	 90.000 	 68.798
FHW12140	408.375 	 90.000 	 68.535
FHW12140	408.500 	 90.000 	 68.370
FHW12140	408.625 	 90.000 	 68.371
FHW12140	408.750 	 90.000 	 68.536
FHW12140	408.875 	 90.000 	 68.371
FHW12140	409.000 	 90.000 	 68.796
FHW12140	409.125 	 90.000 	 68.370
FHW12140	409.250 	 90.000 	 68.537
FHW12140	409.375 	 90.000 	 68.370
FHW12140	409.500 	 90.000 	 68.368
FHW12140	409.625 	 90.000 	 68.964
FHW12140	409.750 	 90.000 	 68.368
FHW12140	409.875 	 90.000 	 68.368
FHW12140	410.000 	 90.000 	 68.539
FHW12140	410.125 	 90.000 	 68.368
FHW12140	410.250 	 90.000 	 68.798
FHW12140	410.375 	 90.000 	 68.368
FHW12140	410.500 	 90.000 	 68.537
FHW12140	410.625 	 90.000 	 68.370
FHW12140	410.750 	 90.000 	 68.368
FHW12140	410.875 	 90.000 	 68.537
FHW12140	411.000 	 90.000 	 68.798
FHW12140	411.125 	 90.000 	 68.368
FHW12140	411.250 	 90.000 	 68.539
FHW12140	411.375 	 90.000 	 68.368
FHW12140	411.500 	 90.000 	 68.368
FHW12140	411.625 	 90.000 	 68.800
FHW12140	411.750 	 90.000 	 68.535
FHW12140	411.875 	 90.000 	 68.372
FHW12140	412.000 	 90.000 	 68.368
FHW12140	412.125 	 90.000 	 68.535
FHW12140	412.250 	 90.000 	 68.800
FHW12140	412.375 	 90.000 	 68.368
FHW12140	412.500 	 90.000 	 68.536
FHW12140	412.625 	 90.000 	 68.371
FHW12140	412.750 	 90.000 	 68.368
FHW12140	412.875 	 90.000 	 68.539
FHW12140	413.000 	 90.464 	 68.796
FHW12140	413.125 	 90.000 	 68.370
FHW12140	413.250 	 90.000 	 68.368
FHW12140	413.375 	 90.000 	 68.539
FHW12140	413.500 	 90.000 	 68.368
FHW12140	413.625 	 90.000 	 68.796
FHW12140	413.750 	 90.000 	 68.539
FHW12140	413.875 	 90.000 	 68.368
FHW12140	414.000 	 90.000 	 68.370
FHW12140	414.125 	 90.000 	 68.537
FHW12140	414.250 	 90.000 	 68.796
FHW12140	414.375 	 90.000 	 68.370
FHW12140	414.500 	 90.000 	 68.368
FHW12140	414.625 	 90.000 	 68.539
FHW12140	414.750 	 90.000 	 68.368
FHW12140	414.875 	 90.000 	 68.368
FHW12140	415.000 	 90.000 	 68.964
FHW12140	415.125 	 90.000 	 68.368
FHW12140	415.250 	 90.000 	 68.372
FHW12140	415.375 	 90.000 	 68.535
FHW12140	415.500 	 90.000 	 68.368
FHW12140	415.625 	 90.000 	 68.800
FHW12140	415.750 	 90.000 	 68.368
FHW12140	415.875 	 90.000 	 68.536
FHW12140	416.000 	 90.000 	 68.371
FHW12140	416.125 	 90.000 	 68.368
FHW12140	416.250 	 90.000 	 68.964
FHW12140	416.375 	 90.000 	 68.368
FHW12140	416.500 	 90.000 	 68.370
FHW12140	416.625 	 90.000 	 68.537
FHW12140	416.750 	 90.000 	 68.798
FHW12140	416.875 	 89.538 	 68.368
FHW12140	417.000 	 89.547 	 68.962
FHW12140	417.125 	 90.000 	 68.370
FHW12140	417.250 	 89.540 	 68.962
FHW12140	417.375 	 89.543 	 68.798
FHW12140	417.500 	 90.000 	 68.535
FHW12140	417.625 	 89.536 	 68.800
FHW12140	417.750 	 89.548 	 68.535
FHW12140	417.875 	 90.000 	 68.800
FHW12140	418.000 	 89.540 	 68.960
FHW12140	418.125 	 89.545 	 68.370
FHW12140	418.250 	 90.000 	 68.798
FHW12140	418.375 	 89.541 	 68.535
FHW12140	418.500 	 89.536 	 68.798
FHW12140	418.625 	 90.000 	 68.962
FHW12140	418.750 	 89.545 	 68.370
FHW12140	418.875 	 89.540 	 68.962
FHW12140	419.000 	 90.000 	 68.370
FHW12140	419.125 	 89.547 	 68.962
FHW12140	419.250 	 90.000 	 68.798
FHW12140	419.375 	 89.541 	 68.537
FHW12140	419.500 	 89.543 	 68.798
FHW12140	419.625 	 90.000 	 68.537
FHW12140	419.750 	 89.536 	 68.798
FHW12140	419.875 	 89.545 	 68.368
FHW12140	420.000 	 90.000 	 68.962
FHW12140	420.125 	 89.536 	 68.798
FHW12140	420.250 	 89.548 	 68.537
FHW12140	420.375 	 90.000 	 68.798
FHW12140	420.500 	 89.541 	 68.537
FHW12140	420.625 	 89.543 	 68.798
FHW12140	420.750 	 90.000 	 68.960
FHW12140	420.875 	 89.538 	 68.372
FHW12140	421.000 	 89.540 	 68.960
FHW12140	421.125 	 90.000 	 68.372
FHW12140	421.250 	 89.543 	 68.796
FHW12140	421.375 	 89.540 	 68.961
FHW12140	421.500 	 90.000 	 68.371
FHW12140	421.625 	 89.547 	 68.961
FHW12140	421.750 	 89.538 	 68.368
FHW12140	421.875 	 90.000 	 68.962
FHW12140	422.000 	 89.543 	 68.798
FHW12140	422.125 	 89.541 	 68.537
FHW12140	422.250 	 90.000 	 68.798
FHW12140	422.375 	 89.548 	 68.537
FHW12140	422.500 	 90.000 	 68.798
FHW12140	422.625 	 89.540 	 68.962
FHW12140	422.750 	 89.545 	 68.370
FHW12140	422.875 	 90.000 	 68.796
FHW12140	423.000 	 89.541 	 68.539
FHW12140	423.125 	 89.543 	 68.796
FHW12140	423.250 	 90.000 	 68.964
FHW12140	423.375 	 89.538 	 68.368
FHW12140	423.500 	 89.547 	 68.962
FHW12140	423.625 	 90.000 	 68.370
FHW12140	423.750 	 89.540 	 68.962
FHW12140	423.875 	 89.536 	 68.798
FHW12140	424.000 	 90.000 	 68.535
FHW12140	424.125 	 89.543 	 68.800
FHW12140	424.250 	 89.538 	 68.368
FHW12140	424.375 	 90.000 	 68.964
FHW12140	424.500 	 89.545 	 68.370
FHW12140	424.625 	 89.540 	 68.958
FHW12140	424.750 	 90.000 	 68.800
FHW12140	424.875 	 89.548 	 68.536
FHW12140	425.000 	 89.536 	 68.794
FHW12140	425.125 	 90.000 	 68.539
FHW12140	425.250 	 89.543 	 68.798
FHW12140	425.375 	 89.540 	 68.964
FHW12140	425.500 	 90.000 	 68.366
FHW12140	425.625 	 89.547 	 68.964
FHW12140	425.750 	 90.000 	 68.370
FHW12140	425.875 	 89.536 	 68.798
FHW12140	426.000 	 89.086 	 68.961
FHW12140	426.125 	 89.086 	 68.964
FHW12140	426.250 	 89.080 	 68.798
FHW12140	426.375 	 89.084 	 69.392
FHW12140	426.500 	 89.086 	 68.958
FHW12140	426.625 	 88.616 	 68.800
FHW12140	426.750 	 89.086 	 68.961
FHW12140	426.875 	 89.086 	 68.964
FHW12140	427.000 	 89.080 	 68.794
FHW12140	427.125 	 89.084 	 69.392
FHW12140	427.250 	 89.086 	 68.964
FHW12140	427.375 	 89.080 	 68.798
FHW12140	427.500 	 89.086 	 68.961
FHW12140	427.625 	 89.086 	 68.961
FHW12140	427.750 	 89.073 	 68.798
FHW12140	427.875 	 89.084 	 69.392
FHW12140	428.000 	 89.086 	 68.964
FHW12140	428.125 	 88.623 	 68.794
FHW12140	428.250 	 89.086 	 68.964
FHW12140	428.375 	 89.086 	 68.961
FHW12140	428.500 	 89.073 	 68.800
FHW12140	428.625 	 89.084 	 69.389
FHW12140	428.750 	 89.086 	 68.961
FHW12140	428.875 	 89.080 	 68.798
FHW12140	429.000 	 89.086 	 68.964
FHW12140	429.125 	 89.086 	 68.964
FHW12140	429.250 	 89.080 	 68.794
FHW12140	429.375 	 89.086 	 68.961
FHW12140	429.500 	 89.084 	 69.392
FHW12140	429.625 	 88.616 	 68.798
FHW12140	429.750 	 89.086 	 68.964
FHW12140	429.875 	 89.086 	 68.961
FHW12140	430.000 	 89.080 	 68.798
FHW12140	430.125 	 89.086 	 68.964
FHW12140	430.250 	 89.084 	 69.389
FHW12140	430.375 	 89.080 	 68.797
FHW12140	430.500 	 89.086 	 68.961
FHW12140	430.625 	 89.086 	 68.964
FHW12140	430.750 	 89.080 	 68.798
FHW12140	430.875 	 89.086 	 68.961
FHW12140	431.000 	 89.084 	 69.392
FHW12140	431.125 	 88.616 	 68.798
FHW12140	431.250 	 89.086 	 68.961
FHW12140	431.375 	 89.086 	 68.964
FHW12140	431.500 	 89.080 	 68.794
FHW12140	431.625 	 89.086 	 68.964
FHW12140	431.750 	 89.084 	 69.392
FHW12140	431.875 	 89.073 	 68.798
FHW12140	432.000 	 89.086 	 68.961
FHW12140	432.125 	 89.080 	 68.798
FHW12140	432.250 	 89.086 	 68.964
FHW12140	432.375 	 89.086 	 68.961
FHW12140	432.500 	 89.080 	 68.794
FHW12140	432.625 	 88.629 	 69.392
FHW12140	432.750 	 89.079 	 68.964
FHW12140	432.875 	 89.080 	 68.798
FHW12140	433.000 	 89.086 	 68.964
FHW12140	433.125 	 89.086 	 68.958
FHW12140	433.250 	 89.080 	 68.800
FHW12140	433.375 	 89.084 	 69.389
FHW12140	433.500 	 89.086 	 68.964
FHW12140	433.625 	 89.080 	 68.794
FHW12140	433.750 	 89.086 	 68.964
FHW12140	433.875 	 89.086 	 68.964
FHW12140	434.000 	 89.080 	 68.798
FHW12140	434.125 	 88.622 	 69.392
FHW12140	434.250 	 89.086 	 68.958
FHW12140	434.375 	 89.080 	 68.798
FHW12140	434.500 	 89.086 	 68.964
FHW12140	434.625 	 89.086 	 68.964
FHW12140	434.750 	 89.080 	 68.794
FHW12140	434.875 	 89.086 	 68.964
FHW12140	435.000 	 89.084 	 69.389
FHW12140	435.125 	 89.080 	 68.800
FHW12140	435.250 	 89.079 	 68.958
FHW12140	435.375 	 89.084 	 69.392
FHW12140	435.500 	 89.547 	 68.964
FHW12140	435.625 	 89.084 	 69.389
FHW12140	435.750 	 89.080 	 68.800
FHW12140	435.875 	 89.084 	 69.386
FHW12140	436.000 	 89.086 	 68.964
FHW12140	436.125 	 89.079 	 68.964
FHW12140	436.250 	 89.542 	 69.228
FHW12140	436.375 	 89.086 	 68.964
FHW12140	436.500 	 89.084 	 69.386
FHW12140	436.625 	 89.086 	 68.964
FHW12140	436.750 	 89.080 	 68.798
FHW12140	436.875 	 89.084 	 69.392
FHW12140	437.000 	 89.540 	 68.964
FHW12140	437.125 	 89.084 	 69.386
FHW12140	437.250 	 89.080 	 68.800
FHW12140	437.375 	 89.086 	 68.961
FHW12140	437.500 	 89.084 	 69.392
FHW12140	437.625 	 89.086 	 68.961
FHW12140	437.750 	 89.535 	 69.228
FHW12140	437.875 	 89.086 	 68.964
FHW12140	438.000 	 89.084 	 69.389
FHW12140	438.125 	 89.086 	 68.964
FHW12140	438.250 	 89.086 	 68.961
FHW12140	438.375 	 89.077 	 69.228
FHW12140	438.500 	 89.540 	 68.964
FHW12140	438.625 	 89.084 	 69.389
FHW12140	438.750 	 89.086 	 68.964
FHW12140	438.875 	 89.080 	 68.794
FHW12140	439.000 	 89.084 	 69.392
FHW12140	439.125 	 89.086 	 68.964
FHW12140	439.250 	 89.538 	 69.389
FHW12140	439.375 	 89.080 	 68.800
FHW12140	439.500 	 89.084 	 69.386
FHW12140	439.625 	 89.086 	 68.964
FHW12140	439.750 	 89.086 	 68.964
FHW12140	439.875 	 89.077 	 69.228
FHW12140	440.000 	 89.540 	 68.961
FHW12140	440.125 	 89.084 	 69.389
FHW12140	440.250 	 89.086 	 68.964
FHW12140	440.375 	 89.080 	 68.798
FHW12140	440.500 	 89.084 	 69.392
FHW12140	440.625 	 89.086 	 68.961
FHW12140	440.750 	 89.545 	 69.389
FHW12140	440.875 	 89.086 	 68.964
FHW12140	441.000 	 89.073 	 68.798
FHW12140	441.125 	 89.084 	 69.392
FHW12140	441.250 	 89.086 	 68.961
FHW12140	441.375 	 89.084 	 69.389
FHW12140	441.500 	 89.543 	 68.800
FHW12140	441.625 	 89.084 	 69.389
FHW12140	441.750 	 89.086 	 68.964
FHW12140	441.875 	 89.080 	 68.961
FHW12140	442.000 	 89.077 	 69.228
FHW12140	442.125 	 89.086 	 68.964
FHW12140	442.250 	 89.545 	 69.389
FHW12140	442.375 	 89.086 	 68.961
FHW12140	442.500 	 89.080 	 68.798
FHW12140	442.625 	 89.084 	 69.392
FHW12140	442.750 	 89.086 	 68.964
FHW12140	442.875 	 89.077 	 69.389
FHW12140	443.000 	 89.543 	 68.794
FHW12140	443.125 	 89.086 	 68.964
FHW12140	443.250 	 89.084 	 69.392
FHW12140	443.375 	 89.086 	 68.964
FHW12140	443.500 	 89.084 	 69.389
FHW12140	443.625 	 89.080 	 68.794
FHW12140	443.750 	 89.538 	 69.392
FHW12140	443.875 	 89.086 	 68.964
FHW12140	444.000 	 89.086 	 68.964
FHW12140	444.125 	 89.536 	 68.794
FHW12140	444.250 	 90.000 	 68.370
FHW12140	444.375 	 89.547 	 68.964
FHW12140	444.500 	 89.538 	 68.370
FHW12140	444.625 	 90.000 	 68.961
FHW12140	444.750 	 89.545 	 68.370
FHW12140	444.875 	 90.000 	 68.961
FHW12140	445.000 	 89.538 	 68.372
FHW12140	445.125 	 89.543 	 68.794
FHW12140	445.250 	 90.000 	 68.539
FHW12140	445.375 	 89.536 	 68.798
FHW12140	445.500 	 89.548 	 68.533
FHW12140	445.625 	 90.000 	 68.800
FHW12140	445.750 	 89.538 	 68.370
FHW12140	445.875 	 90.000 	 68.961
FHW12140	446.000 	 89.538 	 68.369
FHW12140	446.125 	 89.547 	 68.961
FHW12140	446.250 	 90.000 	 68.372
FHW12140	446.375 	 89.540 	 68.961
FHW12140	446.500 	 89.545 	 68.366
FHW12140	446.625 	 90.000 	 68.800
FHW12140	446.750 	 89.541 	 68.536
FHW12140	446.875 	 90.000 	 68.794
FHW12140	447.000 	 89.548 	 68.539
FHW12140	447.125 	 89.536 	 68.798
FHW12140	447.250 	 90.000 	 68.372
FHW12140	447.375 	 89.547 	 68.958
FHW12140	447.500 	 89.538 	 68.370
FHW12140	447.625 	 90.000 	 68.964
FHW12140	447.750 	 89.545 	 68.366
FHW12140	447.875 	 90.000 	 68.964
FHW12140	448.000 	 89.538 	 68.370
FHW12140	448.125 	 89.543 	 68.798
FHW12140	448.250 	 90.000 	 68.536
FHW12140	448.375 	 89.536 	 68.798
FHW12140	448.500 	 90.000 	 68.539
FHW12140	448.625 	 89.543 	 68.798
FHW12140	448.750 	 89.541 	 68.536
FHW12140	448.875 	 90.000 	 68.798
FHW12140	449.000 	 89.538 	 68.370
FHW12140	449.125 	 89.547 	 68.961
FHW12140	449.250 	 90.000 	 68.370
FHW12140	449.375 	 89.540 	 68.964
FHW12140	449.500 	 90.000 	 68.370
FHW12140	449.625 	 89.543 	 68.794
FHW12140	449.750 	 89.541 	 68.539
FHW12140	449.875 	 90.000 	 68.798
FHW12140	450.000 	 89.548 	 68.536
FHW12140	450.125 	 89.536 	 68.798
FHW12140	450.250 	 90.000 	 68.539
FHW12140	450.375 	 89.543 	 68.798
FHW12140	450.500 	 90.000 	 68.366
FHW12140	450.625 	 89.541 	 68.539
FHW12140	450.750 	 89.543 	 68.798
FHW12140	450.875 	 90.000 	 68.539
FHW12140	451.000 	 89.536 	 68.794
FHW12140	451.125 	 89.545 	 68.370
FHW12140	451.250 	 90.000 	 68.964
FHW12140	451.375 	 89.538 	 68.366
FHW12140	451.500 	 90.000 	 68.964
FHW12140	451.625 	 89.538 	 68.370
FHW12140	451.750 	 89.547 	 68.961
FHW12140	451.875 	 90.000 	 68.369
FHW12140	452.000 	 89.536 	 68.798
FHW12140	452.125 	 89.548 	 68.539
FHW12140	452.250 	 90.000 	 68.798
FHW12140	452.375 	 89.541 	 68.533
FHW12140	452.500 	 90.000 	 68.800
FHW12140	452.625 	 89.548 	 68.536
FHW12140	452.750 	 89.536 	 68.794
FHW12140	452.875 	 90.000 	 68.372
FHW12140	453.000 	 89.547 	 68.961
FHW12140	453.125 	 90.000 	 68.372
FHW12140	453.250 	 89.540 	 68.958
FHW12140	453.375 	 89.545 	 68.370
FHW12140	453.500 	 90.000 	 68.800
FHW12140	453.625 	 90.000 	 68.533
FHW12140	453.750 	 90.000 	 68.370
FHW12140	453.875 	 90.000 	 68.372
FHW12140	454.000 	 90.000 	 68.370
FHW12140	454.125 	 90.000 	 68.536
FHW12140	454.250 	 90.455 	 68.370
FHW12140	454.375 	 90.000 	 68.370
FHW12140	454.500 	 90.000 	 68.366
FHW12140	454.625 	 90.000 	 68.539
FHW12140	454.750 	 90.000 	 68.370
FHW12140	454.875 	 90.462 	 68.366
FHW12140	455.000 	 90.000 	 68.370
FHW12140	455.125 	 90.000 	 68.539
FHW12140	455.250 	 90.000 	 68.366
FHW12140	455.375 	 90.000 	 68.798
FHW12140	455.500 	 90.455 	 68.372
FHW12140	455.625 	 90.000 	 68.536
FHW12140	455.750 	 90.000 	 68.366
FHW12140	455.875 	 90.000 	 68.372
FHW12140	456.000 	 90.000 	 68.370
FHW12140	456.125 	 90.459 	 68.536
FHW12140	456.250 	 90.000 	 68.370
FHW12140	456.375 	 90.000 	 68.370
FHW12140	456.500 	 90.000 	 68.366
FHW12140	456.625 	 90.000 	 68.539
FHW12140	456.750 	 90.000 	 68.370
FHW12140	456.875 	 90.455 	 68.366
FHW12140	457.000 	 90.000 	 68.370
FHW12140	457.125 	 90.000 	 68.539
FHW12140	457.250 	 90.000 	 68.366
FHW12140	457.375 	 90.000 	 68.370
FHW12140	457.500 	 90.462 	 68.370
FHW12140	457.625 	 90.000 	 68.370
FHW12140	457.750 	 90.000 	 68.536
FHW12140	457.875 	 90.000 	 68.370
FHW12140	458.000 	 90.000 	 68.370
FHW12140	458.125 	 90.455 	 68.366
FHW12140	458.250 	 90.000 	 68.539
FHW12140	458.375 	 90.000 	 68.370
FHW12140	458.500 	 90.000 	 68.366
FHW12140	458.625 	 90.000 	 68.375
FHW12140	458.750 	 90.459 	 68.534
FHW12140	458.875 	 90.000 	 68.372
FHW12140	459.000 	 90.000 	 68.798
FHW12140	459.125 	 90.000 	 68.370
FHW12140	459.250 	 90.000 	 68.539
FHW12140	459.375 	 90.455 	 68.366
FHW12140	459.500 	 90.000 	 68.370
FHW12140	459.625 	 90.000 	 68.370
FHW12140	459.750 	 90.000 	 68.536
FHW12140	459.875 	 90.000 	 68.370
FHW12140	460.000 	 90.462 	 68.370
FHW12140	460.125 	 90.000 	 68.366
FHW12140	460.250 	 90.000 	 68.539
FHW12140	460.375 	 90.000 	 68.370
FHW12140	460.500 	 90.000 	 68.366
FHW12140	460.625 	 90.462 	 68.370
FHW12140	460.750 	 90.000 	 68.539
FHW12140	460.875 	 90.000 	 68.366
FHW12140	461.000 	 90.000 	 68.370
FHW12140	461.125 	 90.000 	 68.370
FHW12140	461.250 	 90.452 	 68.539
FHW12140	461.375 	 90.000 	 68.366
FHW12140	461.500 	 90.000 	 68.370
FHW12140	461.625 	 90.000 	 68.370
FHW12140	461.750 	 90.000 	 68.366
FHW12140	461.875 	 90.459 	 68.539
FHW12140	462.000 	 90.000 	 68.370
FHW12140	462.125 	 90.000 	 68.366
FHW12140	462.250 	 90.000 	 68.375
FHW12140	462.375 	 90.000 	 68.534
FHW12140	462.500 	 90.457 	 68.798
FHW12140	462.625 	 90.000 	 68.372
FHW12140	462.750 	 90.000 	 68.370
FHW12140	462.875 	 90.000 	 68.534
FHW12140	463.000 	 90.000 	 68.372
FHW12140	463.125 	 90.462 	 68.370
FHW12140	463.250 	 90.000 	 68.370
FHW12140	463.375 	 90.911 	 68.536
FHW12140	463.500 	 90.918 	 68.370
FHW12140	463.625 	 90.918 	 68.370
FHW12140	463.750 	 90.914 	 68.961
FHW12140	463.875 	 90.918 	 68.370
FHW12140	464.000 	 90.462 	 68.370
FHW12140	464.125 	 90.918 	 68.370
FHW12140	464.250 	 90.911 	 68.536
FHW12140	464.375 	 90.920 	 68.798
FHW12140	464.500 	 90.918 	 68.370
FHW12140	464.625 	 90.911 	 68.536
FHW12140	464.750 	 90.918 	 68.370
FHW12140	464.875 	 90.918 	 68.370
FHW12140	465.000 	 90.462 	 68.366
FHW12140	465.125 	 90.914 	 68.964
FHW12140	465.250 	 90.918 	 68.370
FHW12140	465.375 	 90.918 	 68.370
FHW12140	465.500 	 90.911 	 68.536
FHW12140	465.625 	 90.918 	 68.370
FHW12140	465.750 	 90.920 	 68.798
FHW12140	465.875 	 90.918 	 68.366
FHW12140	466.000 	 90.459 	 68.539
FHW12140	466.125 	 90.918 	 68.370
FHW12140	466.250 	 90.918 	 68.366
FHW12140	466.375 	 90.914 	 68.964
FHW12140	466.500 	 90.918 	 68.370
FHW12140	466.625 	 90.918 	 68.370
FHW12140	466.750 	 90.918 	 68.366
FHW12140	466.875 	 90.911 	 68.539
FHW12140	467.000 	 90.464 	 68.798
FHW12140	467.125 	 90.918 	 68.366
FHW12140	467.250 	 90.911 	 68.539
FHW12140	467.375 	 90.918 	 68.370
FHW12140	467.500 	 90.918 	 68.366
FHW12140	467.625 	 90.920 	 68.803
FHW12140	467.750 	 90.911 	 68.534
FHW12140	467.875 	 90.918 	 68.370
FHW12140	468.000 	 90.462 	 68.372
FHW12140	468.125 	 90.911 	 68.534
FHW12140	468.250 	 90.920 	 68.798
FHW12140	468.375 	 90.918 	 68.372
FHW12140	468.500 	 90.918 	 68.370
FHW12140	468.625 	 90.911 	 68.539
FHW12140	468.750 	 90.918 	 68.366
FHW12140	468.875 	 90.918 	 68.370
FHW12140	469.000 	 90.460 	 68.964
FHW12140	469.125 	 90.918 	 68.370
FHW12140	469.250 	 90.918 	 68.366
FHW12140	469.375 	 90.918 	 68.370
FHW12140	469.500 	 90.911 	 68.539
FHW12140	469.625 	 90.920 	 68.794
FHW12140	469.750 	 90.918 	 68.370
FHW12140	469.875 	 90.911 	 68.539
FHW12140	470.000 	 90.462 	 68.370
FHW12140	470.125 	 90.918 	 68.366
FHW12140	470.250 	 90.920 	 68.798
FHW12140	470.375 	 90.911 	 68.539
FHW12140	470.500 	 90.918 	 68.366
FHW12140	470.625 	 90.918 	 68.370
FHW12140	470.750 	 90.911 	 68.539
FHW12140	470.875 	 90.920 	 68.794
FHW12140	471.000 	 90.462 	 68.370
FHW12140	471.125 	 90.918 	 68.370
FHW12140	471.250 	 90.911 	 68.539
FHW12140	471.375 	 90.918 	 68.366
FHW12140	471.500 	 90.920 	 68.798
FHW12140	471.625 	 90.911 	 68.539
FHW12140	471.750 	 90.918 	 68.366
FHW12140	471.875 	 90.918 	 68.370
FHW12140	472.000 	 90.462 	 68.370
FHW12140	472.125 	 90.914 	 68.961
FHW12140	472.250 	 90.918 	 68.370
FHW12140	472.375 	 90.918 	 68.370
FHW12140	472.500 	 90.911 	 68.539
FHW12140	472.625 	 90.918 	 68.366
FHW12140	472.750 	 90.918 	 68.370
FHW12140	472.875 	 90.920 	 68.798
FHW12140	473.000 	 91.376 	 67.946
FHW12140	473.125 	 91.830 	 67.944
FHW12140	473.250 	 91.830 	 67.944
FHW12140	473.375 	 91.380 	 68.366
FHW12140	473.500 	 91.830 	 67.944
FHW12140	473.625 	 91.376 	 67.941
FHW12140	473.750 	 91.835 	 68.370
FHW12140	473.875 	 91.830 	 67.944
FHW12140	474.000 	 91.386 	 67.767
FHW12140	474.125 	 91.835 	 68.375
FHW12140	474.250 	 91.369 	 67.944
FHW12140	474.375 	 91.830 	 67.941
FHW12140	474.500 	 91.837 	 67.944
FHW12140	474.625 	 91.373 	 68.370
FHW12140	474.750 	 91.830 	 67.941
FHW12140	474.875 	 91.376 	 67.944
FHW12140	475.000 	 91.835 	 68.370
FHW12140	475.125 	 91.843 	 67.767
FHW12140	475.250 	 91.376 	 67.950
FHW12140	475.375 	 91.830 	 67.941
FHW12140	475.500 	 91.380 	 68.370
FHW12140	475.625 	 91.830 	 67.944
FHW12140	475.750 	 91.830 	 67.941
FHW12140	475.875 	 91.380 	 68.370
FHW12140	476.000 	 91.830 	 67.944
FHW12140	476.125 	 91.369 	 67.941
FHW12140	476.250 	 91.849 	 68.198
FHW12140	476.375 	 91.836 	 67.950
FHW12140	476.500 	 91.369 	 67.941
FHW12140	476.625 	 91.830 	 67.944
FHW12140	476.750 	 91.380 	 68.366
FHW12140	476.875 	 91.830 	 67.944
FHW12140	477.000 	 91.830 	 67.944
FHW12140	477.125 	 91.380 	 68.366
FHW12140	477.250 	 91.830 	 67.944
FHW12140	477.375 	 91.386 	 67.775
FHW12140	477.500 	 91.830 	 67.941
FHW12140	477.625 	 91.835 	 68.370
FHW12140	477.750 	 91.369 	 67.944
FHW12140	477.875 	 91.836 	 67.941
FHW12140	478.000 	 91.373 	 68.370
FHW12140	478.125 	 91.830 	 67.941
FHW12140	478.250 	 91.837 	 67.944
FHW12140	478.375 	 91.373 	 68.370
FHW12140	478.500 	 91.843 	 67.772
FHW12140	478.625 	 91.376 	 67.944
FHW12140	478.750 	 91.830 	 67.944
FHW12140	478.875 	 91.835 	 68.366
FHW12140	479.000 	 91.376 	 67.944
FHW12140	479.125 	 91.830 	 67.944
FHW12140	479.250 	 91.380 	 68.366
FHW12140	479.375 	 91.830 	 67.944
FHW12140	479.500 	 91.830 	 67.941
FHW12140	479.625 	 91.383 	 68.203
FHW12140	479.750 	 91.837 	 67.944
FHW12140	479.875 	 91.369 	 67.941
FHW12140	480.000 	 91.830 	 67.944
FHW12140	480.125 	 91.835 	 68.370
FHW12140	480.250 	 91.376 	 67.941
FHW12140	480.375 	 91.830 	 67.944
FHW12140	480.500 	 91.380 	 68.370
FHW12140	480.625 	 91.830 	 67.941
FHW12140	480.750 	 91.843 	 67.775
FHW12140	480.875 	 91.376 	 67.941
FHW12140	481.000 	 91.835 	 68.370
FHW12140	481.125 	 91.369 	 67.944
FHW12140	481.250 	 91.836 	 67.941
FHW12140	481.375 	 91.835 	 68.370
FHW12140	481.500 	 91.369 	 67.944
FHW12140	481.625 	 91.830 	 67.941
FHW12140	481.750 	 91.380 	 68.370
FHW12140	481.875 	 91.843 	 67.775
FHW12140	482.000 	 91.830 	 67.941
FHW12140	482.125 	 91.376 	 67.944
FHW12140	482.250 	 91.835 	 68.366
FHW12140	482.375 	 91.376 	 67.944
FHW12140	482.500 	 91.830 	 67.944
FHW12140	482.625 	 91.843 	 67.767
FHW12140	482.750 	 91.824 	 67.522
FHW12140	482.875 	 91.837 	 67.347
FHW12140	483.000 	 91.382 	 67.345
FHW12140	483.125 	 91.824 	 67.522
FHW12140	483.250 	 91.837 	 67.347
FHW12140	483.375 	 91.824 	 67.522
FHW12140	483.500 	 91.845 	 67.341
FHW12140	483.625 	 91.838 	 67.345
FHW12140	483.750 	 91.824 	 67.518
FHW12140	483.875 	 91.837 	 67.350
FHW12140	484.000 	 91.838 	 67.341
FHW12140	484.125 	 91.372 	 67.522
FHW12140	484.250 	 91.838 	 67.341
FHW12140	484.375 	 91.837 	 67.350
FHW12140	484.500 	 91.824 	 67.518
FHW12140	484.625 	 91.838 	 67.345
FHW12140	484.750 	 91.838 	 67.345
FHW12140	484.875 	 91.831 	 67.524
FHW12140	485.000 	 91.838 	 67.345
FHW12140	485.125 	 91.375 	 67.341
FHW12140	485.250 	 91.824 	 67.522
FHW12140	485.375 	 91.844 	 67.347
FHW12140	485.500 	 91.832 	 66.922
FHW12140	485.625 	 91.824 	 67.518
FHW12140	485.750 	 91.838 	 67.345
FHW12140	485.875 	 91.837 	 67.347
FHW12140	486.000 	 91.824 	 67.522
FHW12140	486.125 	 91.838 	 67.341
FHW12140	486.250 	 91.382 	 67.345
FHW12140	486.375 	 91.824 	 67.522
FHW12140	486.500 	 91.837 	 67.347
FHW12140	486.625 	 91.831 	 67.522
FHW12140	486.750 	 91.838 	 67.341
FHW12140	486.875 	 91.838 	 67.345
FHW12140	487.000 	 91.824 	 67.524
FHW12140	487.125 	 91.838 	 67.345
FHW12140	487.250 	 91.838 	 67.341
FHW12140	487.375 	 91.372 	 67.522
FHW12140	487.500 	 91.837 	 67.347
FHW12140	487.625 	 91.838 	 67.345
FHW12140	487.750 	 91.824 	 67.522
FHW12140	487.875 	 91.838 	 67.341
FHW12140	488.000 	 91.844 	 67.350
FHW12140	488.125 	 91.824 	 67.518
FHW12140	488.250 	 91.838 	 67.345
FHW12140	488.375 	 91.838 	 67.341
FHW12140	488.500 	 91.372 	 67.522
FHW12140	488.625 	 91.837 	 67.347
FHW12140	488.750 	 91.838 	 67.345
FHW12140	488.875 	 91.824 	 67.518
FHW12140	489.000 	 91.837 	 67.350
FHW12140	489.125 	 91.838 	 67.345
FHW12140	489.250 	 91.824 	 67.518
FHW12140	489.375 	 91.845 	 67.345
FHW12140	489.500 	 91.837 	 67.347
FHW12140	489.625 	 91.365 	 67.522
FHW12140	489.750 	 91.838 	 67.341
FHW12140	489.875 	 91.845 	 67.345
FHW12140	490.000 	 91.824 	 67.518
FHW12140	490.125 	 91.837 	 67.350
FHW12140	490.250 	 91.824 	 67.518
FHW12140	490.375 	 91.838 	 67.345
FHW12140	490.500 	 91.838 	 67.345
FHW12140	490.625 	 91.831 	 67.524
FHW12140	490.750 	 91.375 	 67.345
FHW12140	490.875 	 91.838 	 67.341
FHW12140	491.000 	 91.824 	 67.522
FHW12140	491.125 	 91.844 	 67.347
FHW12140	491.250 	 91.838 	 67.345
FHW12140	491.375 	 91.824 	 67.518
FHW12140	491.500 	 91.838 	 67.345
FHW12140	491.625 	 91.837 	 67.347
FHW12140	491.750 	 91.824 	 67.522
FHW12140	491.875 	 91.382 	 67.345
FHW12140	492.000 	 91.838 	 67.341
FHW12140	492.125 	 91.824 	 67.522
FHW12140	492.250 	 91.837 	 67.347
FHW12140	492.375 	 90.915 	 67.944
FHW12140	492.500 	 91.382 	 67.341
FHW12140	492.625 	 90.915 	 67.944
FHW12140	492.750 	 91.376 	 67.944
FHW12140	492.875 	 90.919 	 67.347
FHW12140	493.000 	 91.369 	 67.944
FHW12140	493.125 	 90.915 	 67.941
FHW12140	493.250 	 91.382 	 67.345
FHW12140	493.375 	 90.915 	 67.941
FHW12140	493.500 	 91.376 	 67.944
FHW12140	493.625 	 90.919 	 67.350
FHW12140	493.750 	 91.369 	 67.941
FHW12140	493.875 	 90.915 	 67.944
FHW12140	494.000 	 91.382 	 67.341
FHW12140	494.125 	 90.915 	 67.944
FHW12140	494.250 	 91.376 	 67.944
FHW12140	494.375 	 90.919 	 67.347
FHW12140	494.500 	 91.369 	 67.944
FHW12140	494.625 	 90.915 	 67.941
FHW12140	494.750 	 91.382 	 67.345
FHW12140	494.875 	 90.915 	 67.944
FHW12140	495.000 	 91.376 	 67.941
FHW12140	495.125 	 90.922 	 67.775
FHW12140	495.250 	 91.365 	 67.518
FHW12140	495.375 	 90.922 	 67.944
FHW12140	495.500 	 90.922 	 67.770
FHW12140	495.625 	 91.365 	 67.518
FHW12140	495.750 	 90.915 	 67.944
FHW12140	495.875 	 91.386 	 67.772
FHW12140	496.000 	 90.912 	 67.522
FHW12140	496.125 	 91.376 	 67.944
FHW12140	496.250 	 90.922 	 67.767
FHW12140	496.375 	 91.365 	 67.522
FHW12140	496.500 	 90.915 	 67.941
FHW12140	496.625 	 91.386 	 67.775
FHW12140	496.750 	 90.912 	 67.518
FHW12140	496.875 	 91.376 	 67.944
FHW12140	497.000 	 90.922 	 67.770
FHW12140	497.125 	 91.365 	 67.518
FHW12140	497.250 	 90.915 	 67.944
FHW12140	497.375 	 91.386 	 67.772
FHW12140	497.500 	 90.912 	 67.522
FHW12140	497.625 	 91.376 	 67.944
FHW12140	497.750 	 90.922 	 67.767
FHW12140	497.875 	 91.365 	 67.522
FHW12140	498.000 	 90.915 	 67.941
FHW12140	498.125 	 91.386 	 67.775
FHW12140	498.250 	 90.915 	 67.944
FHW12140	498.375 	 91.372 	 67.518
FHW12140	498.500 	 90.922 	 67.770
FHW12140	498.625 	 91.369 	 67.941
FHW12140	498.750 	 90.912 	 67.522
FHW12140	498.875 	 91.386 	 67.775
FHW12140	499.000 	 90.915 	 67.941
FHW12140	499.125 	 91.372 	 67.522
FHW12140	499.250 	 90.922 	 67.767
FHW12140	499.375 	 91.369 	 67.944
FHW12140	499.500 	 90.912 	 67.522
FHW12140	499.625 	 91.386 	 67.772
FHW12140	499.750 	 90.915 	 67.944
FHW12140	499.875 	 91.372 	 67.518
FHW12140	500.000 	 90.922 	 67.770
FHW12140	500.125 	 91.369 	 67.944
FHW12140	500.250 	 90.919 	 67.518
FHW12140	500.375 	 90.922 	 67.775
FHW12140	500.500 	 91.369 	 67.941
FHW12140	500.625 	 90.912 	 67.522
FHW12140	500.750 	 91.386 	 67.767
FHW12140	500.875 	 90.915 	 67.944
FHW12140	501.000 	 91.372 	 67.522
FHW12140	501.125 	 90.922 	 67.772
FHW12140	501.250 	 91.369 	 67.944
FHW12140	501.375 	 90.915 	 67.941
FHW12140	501.500 	 91.382 	 67.345
FHW12140	501.625 	 90.915 	 67.944
FHW12140	501.750 	 90.915 	 67.941
FHW12140	501.875 	 90.000 	 67.944
FHW12140	502.000 	 90.000 	 68.370
FHW12140	502.125 	 90.461 	 67.946
FHW12140	502.250 	 90.000 	 68.370
FHW12140	502.375 	 90.000 	 67.941
FHW12140	502.500 	 90.000 	 68.370
FHW12140	502.625 	 90.000 	 67.944
FHW12140	502.750 	 90.000 	 68.366
FHW12140	502.875 	 90.000 	 67.944
FHW12140	503.000 	 90.000 	 68.370
FHW12140	503.125 	 90.000 	 67.941
FHW12140	503.250 	 90.000 	 67.944
FHW12140	503.375 	 90.000 	 68.370
FHW12140	503.500 	 90.000 	 67.941
FHW12140	503.625 	 90.455 	 68.375
FHW12140	503.750 	 90.000 	 67.944
FHW12140	503.875 	 90.000 	 68.366
FHW12140	504.000 	 90.000 	 67.944
FHW12140	504.125 	 90.000 	 68.370
FHW12140	504.250 	 90.000 	 67.941
FHW12140	504.375 	 90.000 	 68.370
FHW12140	504.500 	 90.000 	 67.944
FHW12140	504.625 	 90.000 	 68.366
FHW12140	504.750 	 90.000 	 67.944
FHW12140	504.875 	 90.000 	 68.366
FHW12140	505.000 	 90.461 	 67.950
FHW12140	505.125 	 90.000 	 68.370
FHW12140	505.250 	 90.000 	 67.941
FHW12140	505.375 	 90.000 	 68.370
FHW12140	505.500 	 90.000 	 67.944
FHW12140	505.625 	 90.000 	 68.366
FHW12140	505.750 	 90.000 	 67.944
FHW12140	505.875 	 90.000 	 68.370
FHW12140	506.000 	 90.000 	 67.941
FHW12140	506.125 	 90.000 	 67.944
FHW12140	506.250 	 90.000 	 68.370
FHW12140	506.375 	 90.000 	 67.941
FHW12140	506.500 	 90.455 	 68.375
FHW12140	506.625 	 90.000 	 67.944
FHW12140	506.750 	 90.000 	 68.536
FHW12140	506.875 	 90.000 	 67.944
FHW12140	507.000 	 90.000 	 68.370
FHW12140	507.125 	 90.000 	 67.941
FHW12140	507.250 	 90.000 	 68.370
FHW12140	507.375 	 90.000 	 67.941
FHW12140	507.500 	 90.000 	 68.370
FHW12140	507.625 	 90.000 	 67.944
FHW12140	507.750 	 90.000 	 68.366
FHW12140	507.875 	 90.461 	 67.944
FHW12140	508.000 	 90.000 	 68.370
FHW12140	508.125 	 90.000 	 67.941
FHW12140	508.250 	 90.000 	 68.375
FHW12140	508.375 	 90.000 	 67.944
FHW12140	508.500 	 90.000 	 68.366
FHW12140	508.625 	 90.000 	 67.944
FHW12140	508.750 	 90.000 	 68.370
FHW12140	508.875 	 90.000 	 67.941
FHW12140	509.000 	 90.000 	 67.944
FHW12140	509.125 	 90.000 	 68.370
FHW12140	509.250 	 90.454 	 67.941
FHW12140	509.375 	 90.000 	 68.370
FHW12140	509.500 	 90.000 	 67.944
FHW12140	509.625 	 90.000 	 68.372
FHW12140	509.750 	 90.000 	 67.944
FHW12140	509.875 	 90.000 	 68.370
FHW12140	510.000 	 90.000 	 67.941
FHW12140	510.125 	 90.000 	 68.370
FHW12140	510.250 	 90.000 	 67.941
FHW12140	510.375 	 90.000 	 68.370
FHW12140	510.500 	 90.000 	 67.944
FHW12140	510.625 	 90.000 	 68.366
FHW12140	510.750 	 90.461 	 67.944
FHW12140	510.875 	 90.000 	 68.370
FHW12140	511.000 	 90.000 	 67.946
FHW12140	511.125 	 90.000 	 68.370
FHW12140	511.250 	 90.000 	 67.944
FHW12140	511.375 	 90.000 	 68.366
FHW12140	511.500 	 89.540 	 67.522
FHW12140	511.625 	 89.546 	 67.941
FHW12140	511.750 	 89.081 	 67.345
FHW12140	511.875 	 89.539 	 67.944
FHW12140	512.000 	 89.544 	 67.347
FHW12140	512.125 	 89.539 	 67.944
FHW12140	512.250 	 89.088 	 67.518
FHW12140	512.375 	 89.536 	 67.770
FHW12140	512.500 	 89.547 	 67.522
FHW12140	512.625 	 89.537 	 67.347
FHW12140	512.750 	 89.085 	 67.944
FHW12140	512.875 	 89.547 	 67.518
FHW12140	513.000 	 89.536 	 67.770
FHW12140	513.125 	 89.547 	 67.518
FHW12140	513.250 	 89.078 	 67.770
FHW12140	513.375 	 89.540 	 67.527
FHW12140	513.500 	 89.546 	 67.941
FHW12140	513.625 	 89.537 	 67.345
FHW12140	513.750 	 89.085 	 67.941
FHW12140	513.875 	 89.537 	 67.345
FHW12140	514.000 	 89.546 	 67.941
FHW12140	514.125 	 89.540 	 67.527
FHW12140	514.250 	 89.078 	 67.770
FHW12140	514.375 	 89.547 	 67.518
FHW12140	514.500 	 89.536 	 67.770
FHW12140	514.625 	 89.547 	 67.518
FHW12140	514.750 	 89.088 	 67.522
FHW12140	514.875 	 89.536 	 67.772
FHW12140	515.000 	 89.547 	 67.522
FHW12140	515.125 	 89.536 	 67.770
FHW12140	515.250 	 89.088 	 67.518
FHW12140	515.375 	 89.539 	 67.944
FHW12140	515.500 	 89.544 	 67.347
FHW12140	515.625 	 89.539 	 67.944
FHW12140	515.750 	 89.081 	 67.345
FHW12140	515.875 	 89.546 	 67.941
FHW12140	516.000 	 89.540 	 67.522
FHW12140	516.125 	 89.543 	 67.772
FHW12140	516.250 	 89.088 	 67.522
FHW12140	516.375 	 89.536 	 67.767
FHW12140	516.500 	 89.540 	 67.522
FHW12140	516.625 	 89.546 	 67.944
FHW12140	516.750 	 89.081 	 67.347
FHW12140	516.875 	 89.540 	 67.522
FHW12140	517.000 	 89.543 	 67.767
FHW12140	517.125 	 89.540 	 67.522
FHW12140	517.250 	 89.085 	 67.941
FHW12140	517.375 	 89.544 	 67.345
FHW12140	517.500 	 89.539 	 67.950
FHW12140	517.625 	 89.544 	 67.341
FHW12140	517.750 	 89.085 	 67.944
FHW12140	517.875 	 89.540 	 67.518
FHW12140	518.000 	 89.536 	 67.770
FHW12140	518.125 	 89.547 	 67.522
FHW12140	518.250 	 89.078 	 67.772
FHW12140	518.375 	 89.540 	 67.522
FHW12140	518.500 	 89.546 	 67.941
FHW12140	518.625 	 89.537 	 67.345
FHW12140	518.750 	 89.088 	 67.518
FHW12140	518.875 	 89.543 	 67.775
FHW12140	519.000 	 89.540 	 67.522
FHW12140	519.125 	 89.546 	 67.941
FHW12140	519.250 	 89.074 	 67.345
FHW12140	519.375 	 89.546 	 67.941
FHW12140	519.500 	 89.540 	 67.522
FHW12140	519.625 	 89.078 	 67.772
FHW12140	519.750 	 89.547 	 67.522
FHW12140	519.875 	 89.536 	 67.770
FHW12140	520.000 	 89.547 	 67.518
FHW12140	520.125 	 89.085 	 67.944
FHW12140	520.250 	 89.537 	 67.347
FHW12140	520.375 	 89.546 	 67.944
FHW12140	520.500 	 89.537 	 67.341
FHW12140	520.625 	 89.085 	 67.944
FHW12140	520.750 	 89.540 	 67.522
FHW12140	520.875 	 89.544 	 67.341
FHW12140	521.000 	 89.539 	 67.950
FHW12140	521.125 	 89.081 	 67.341
FHW12140	521.250 	 89.544 	 67.345
FHW12140	521.375 	 89.542 	 67.098
FHW12140	521.500 	 89.544 	 67.350
FHW12140	521.625 	 89.537 	 67.341
FHW12140	521.750 	 89.549 	 67.101
FHW12140	521.875 	 89.537 	 67.341
FHW12140	522.000 	 89.544 	 67.350
FHW12140	522.125 	 89.538 	 66.919
FHW12140	522.250 	 89.540 	 67.522
FHW12140	522.375 	 89.081 	 67.345
FHW12140	522.500 	 89.545 	 66.924
FHW12140	522.625 	 89.537 	 67.345
FHW12140	522.750 	 89.547 	 67.518
FHW12140	522.875 	 89.538 	 66.922
FHW12140	523.000 	 89.544 	 67.347
FHW12140	523.125 	 89.540 	 67.522
FHW12140	523.250 	 89.545 	 66.919
FHW12140	523.375 	 89.537 	 67.345
FHW12140	523.500 	 89.544 	 67.347
FHW12140	523.625 	 89.091 	 67.101
FHW12140	523.750 	 89.537 	 67.341
FHW12140	523.875 	 89.537 	 67.345
FHW12140	524.000 	 89.545 	 66.924
FHW12140	524.125 	 89.540 	 67.522
FHW12140	524.250 	 89.544 	 67.341
FHW12140	524.375 	 89.538 	 66.927
FHW12140	524.500 	 89.544 	 67.341
FHW12140	524.625 	 89.540 	 67.522
FHW12140	524.750 	 89.545 	 66.919
FHW12140	524.875 	 89.081 	 67.350
FHW12140	525.000 	 89.540 	 67.518
FHW12140	525.125 	 89.545 	 66.922
FHW12140	525.250 	 89.537 	 67.345
FHW12140	525.375 	 89.537 	 67.347
FHW12140	525.500 	 89.549 	 67.101
FHW12140	525.625 	 89.537 	 67.341
FHW12140	525.750 	 89.544 	 67.345
FHW12140	525.875 	 89.538 	 66.924
FHW12140	526.000 	 89.547 	 67.522
FHW12140	526.125 	 89.081 	 67.341
FHW12140	526.250 	 89.538 	 66.922
FHW12140	526.375 	 89.547 	 67.518
FHW12140	526.500 	 89.537 	 67.350
FHW12140	526.625 	 89.545 	 66.919
FHW12140	526.750 	 89.537 	 67.345
FHW12140	526.875 	 89.540 	 67.524
FHW12140	527.000 	 89.545 	 66.922
FHW12140	527.125 	 89.537 	 67.341
FHW12140	527.250 	 89.544 	 67.350
FHW12140	527.375 	 89.091 	 67.098
FHW12140	527.500 	 89.537 	 67.345
FHW12140	527.625 	 89.544 	 67.341
FHW12140	527.750 	 89.542 	 67.101
FHW12140	527.875 	 89.544 	 67.347
FHW12140	528.000 	 89.537 	 67.345
FHW12140	528.125 	 89.545 	 66.919
FHW12140	528.250 	 89.540 	 67.522
FHW12140	528.375 	 89.544 	 67.350
FHW12140	528.500 	 89.538 	 66.919
FHW12140	528.625 	 89.081 	 67.345
FHW12140	528.750 	 89.540 	 67.518
FHW12140	528.875 	 89.545 	 66.927
FHW12140	529.000 	 89.537 	 67.341
FHW12140	529.125 	 89.544 	 67.345
FHW12140	529.250 	 89.542 	 67.098
FHW12140	529.375 	 89.544 	 67.350
FHW12140	529.500 	 89.538 	 66.919
FHW12140	529.625 	 89.547 	 67.522
FHW12140	529.750 	 89.081 	 67.347
FHW12140	529.875 	 89.538 	 66.922
FHW12140	530.000 	 89.537 	 67.341
FHW12140	530.125 	 89.547 	 67.522
FHW12140	530.250 	 89.538 	 66.924
FHW12140	530.375 	 89.544 	 67.345
FHW12140	530.500 	 89.537 	 67.341
FHW12140	530.625 	 89.547 	 67.522
FHW12140	530.750 	 89.538 	 66.924
FHW12140	530.875 	 89.544 	 67.345
FHW12140	531.000 	 90.000 	 67.518
FHW12140	531.125 	 89.537 	 67.345
FHW12140	531.250 	 89.547 	 67.522
FHW12140	531.375 	 90.000 	 67.347
FHW12140	531.500 	 89.537 	 67.345
FHW12140	531.625 	 89.549 	 67.098
FHW12140	531.750 	 89.537 	 67.345
FHW12140	531.875 	 90.000 	 67.347
FHW12140	532.000 	 89.547 	 67.522
FHW12140	532.125 	 89.537 	 67.341
FHW12140	532.250 	 89.537 	 67.350
FHW12140	532.375 	 90.000 	 67.518
FHW12140	532.500 	 89.545 	 66.922
FHW12140	532.625 	 89.537 	 67.341
FHW12140	532.750 	 90.000 	 67.522
FHW12140	532.875 	 89.544 	 67.347
FHW12140	533.000 	 89.540 	 67.522
FHW12140	533.125 	 89.544 	 67.345
FHW12140	533.250 	 90.000 	 67.341
FHW12140	533.375 	 89.542 	 67.101
FHW12140	533.500 	 89.544 	 67.347
FHW12140	533.625 	 90.000 	 67.345
FHW12140	533.750 	 89.540 	 67.518
FHW12140	533.875 	 89.544 	 67.350
FHW12140	534.000 	 89.537 	 67.341
FHW12140	534.125 	 90.000 	 67.522
FHW12140	534.250 	 89.544 	 67.341
FHW12140	534.375 	 89.538 	 66.927
FHW12140	534.500 	 90.000 	 67.518
FHW12140	534.625 	 89.537 	 67.345
FHW12140	534.750 	 89.547 	 67.518
FHW12140	534.875 	 89.537 	 67.345
FHW12140	535.000 	 90.000 	 67.350
FHW12140	535.125 	 89.547 	 67.518
FHW12140	535.250 	 89.538 	 66.922
FHW12140	535.375 	 89.544 	 67.341
FHW12140	535.500 	 90.000 	 67.527
FHW12140	535.625 	 89.537 	 67.341
FHW12140	535.750 	 89.546 	 67.944
FHW12140	535.875 	 89.081 	 67.341
FHW12140	536.000 	 89.539 	 67.944
FHW12140	536.125 	 89.085 	 67.944
FHW12140	536.250 	 89.544 	 67.347
FHW12140	536.375 	 89.078 	 67.944
FHW12140	536.500 	 89.546 	 67.941
FHW12140	536.625 	 89.081 	 67.345
FHW12140	536.750 	 89.085 	 67.944
FHW12140	536.875 	 89.539 	 67.941
FHW12140	537.000 	 89.081 	 67.350
FHW12140	537.125 	 89.546 	 67.941
FHW12140	537.250 	 89.085 	 67.944
FHW12140	537.375 	 89.540 	 67.518
FHW12140	537.500 	 89.078 	 67.770
FHW12140	537.625 	 89.539 	 67.944
FHW12140	537.750 	 89.088 	 67.518
FHW12140	537.875 	 89.543 	 67.775
FHW12140	538.000 	 89.085 	 67.941
FHW12140	538.125 	 89.540 	 67.522
FHW12140	538.250 	 89.078 	 67.770
FHW12140	538.375 	 89.546 	 67.941
FHW12140	538.500 	 89.088 	 67.522
FHW12140	538.625 	 89.536 	 67.772
FHW12140	538.750 	 89.085 	 67.944
FHW12140	538.875 	 89.540 	 67.522
FHW12140	539.000 	 89.078 	 67.767
FHW12140	539.125 	 89.085 	 67.944
FHW12140	539.250 	 89.547 	 67.518
FHW12140	539.375 	 89.078 	 67.775
FHW12140	539.500 	 89.539 	 67.944
FHW12140	539.625 	 89.088 	 67.518
FHW12140	539.750 	 89.539 	 67.944
FHW12140	539.875 	 89.078 	 67.767
FHW12140	540.000 	 89.547 	 67.522
FHW12140	540.125 	 89.085 	 67.950
FHW12140	540.250 	 89.536 	 67.767
FHW12140	540.375 	 89.088 	 67.522
FHW12140	540.500 	 89.546 	 67.941
FHW12140	540.625 	 89.078 	 67.770
FHW12140	540.750 	 89.540 	 67.518
FHW12140	540.875 	 89.085 	 67.950
FHW12140	541.000 	 89.536 	 67.770
FHW12140	541.125 	 89.088 	 67.518
FHW12140	541.250 	 89.085 	 67.944
FHW12140	541.375 	 89.543 	 67.767
FHW12140	541.500 	 89.088 	 67.522
FHW12140	541.625 	 89.539 	 67.950
FHW12140	541.750 	 89.078 	 67.767
FHW12140	541.875 	 89.546 	 67.944
FHW12140	542.000 	 89.081 	 67.518
FHW12140	542.125 	 89.546 	 67.944
FHW12140	542.250 	 89.078 	 67.770
FHW12140	542.375 	 89.540 	 67.524
FHW12140	542.500 	 89.085 	 67.944
FHW12140	542.625 	 89.543 	 67.767
FHW12140	542.750 	 89.088 	 67.522
FHW12140	542.875 	 89.539 	 67.944
FHW12140	543.000 	 89.078 	 67.767
FHW12140	543.125 	 89.540 	 67.527
FHW12140	543.250 	 89.085 	 67.941
FHW12140	543.375 	 89.543 	 67.770
FHW12140	543.500 	 89.088 	 67.522
FHW12140	543.625 	 89.085 	 67.941
FHW12140	543.750 	 89.536 	 67.770
FHW12140	543.875 	 89.088 	 67.524
FHW12140	544.000 	 89.546 	 67.944
FHW12140	544.125 	 89.078 	 67.770
FHW12140	544.250 	 89.540 	 67.518
FHW12140	544.375 	 89.085 	 67.944
FHW12140	544.500 	 89.536 	 67.767
FHW12140	544.625 	 89.088 	 67.527
FHW12140	544.750 	 89.546 	 67.941
FHW12140	544.875 	 89.085 	 67.944
FHW12140	545.000 	 89.537 	 67.345
FHW12140	545.125 	 89.085 	 67.941
FHW12140	545.250 	 89.546 	 67.944
FHW12140	545.375 	 89.074 	 67.347
FHW12140	545.500 	 89.546 	 67.944
FHW12140	545.625 	 89.085 	 67.944
FHW12140	545.750 	 89.537 	 67.341
FHW12140	545.875 	 89.085 	 67.944
FHW12140	546.000 	 89.085 	 67.941
FHW12140	546.125 	 89.544 	 67.345
FHW12140	546.250 	 89.085 	 67.950
FHW12140	546.375 	 89.539 	 67.941
FHW12140	546.500 	 89.081 	 67.345
FHW12140	546.625 	 89.539 	 67.941
FHW12140	546.750 	 89.085 	 67.944
FHW12140	546.875 	 89.544 	 67.345
FHW12140	547.000 	 89.085 	 67.946
FHW12140	547.125 	 89.539 	 67.944
FHW12140	547.250 	 89.088 	 67.518
FHW12140	547.375 	 89.543 	 67.770
FHW12140	547.500 	 89.085 	 67.944
FHW12140	547.625 	 89.540 	 67.518
FHW12140	547.750 	 89.078 	 67.775
FHW12140	547.875 	 89.539 	 67.941
FHW12140	548.000 	 89.088 	 67.522
FHW12140	548.125 	 89.543 	 67.767
FHW12140	548.250 	 89.085 	 67.944
FHW12140	548.375 	 89.088 	 67.522
FHW12140	548.500 	 89.536 	 67.772
FHW12140	548.625 	 89.085 	 67.944
FHW12140	548.750 	 89.546 	 67.941
FHW12140	548.875 	 89.074 	 67.345
FHW12140	549.000 	 89.546 	 67.944
FHW12140	549.125 	 89.085 	 67.941
FHW12140	549.250 	 89.537 	 67.350
FHW12140	549.375 	 89.085 	 67.941
FHW12140	549.500 	 89.546 	 67.944
FHW12140	549.625 	 89.081 	 67.345
FHW12140	549.750 	 89.539 	 67.941
FHW12140	549.875 	 89.085 	 67.944
FHW12140	550.000 	 89.540 	 67.518
