#WellName	 Depth.M	 INCL	 AZIM 
WellName	 Depth.M	 INCL	 AZIM 
FHW13150	0.000 	 0.000 	 0.000
FHW13150	0.125 	 0.000 	 90.000
FHW13150	0.250 	 0.000 	 90.000
FHW13150	0.375 	 0.000 	 90.000
FHW13150	0.500 	 0.000 	 90.000
FHW13150	0.625 	 0.000 	 90.000
FHW13150	0.750 	 0.000 	 90.000
FHW13150	0.875 	 0.000 	 90.000
FHW13150	1.000 	 0.000 	 90.000
FHW13150	1.125 	 0.000 	 90.000
FHW13150	1.250 	 0.000 	 90.000
FHW13150	1.375 	 0.000 	 90.000
FHW13150	1.500 	 0.000 	 90.000
FHW13150	1.625 	 0.000 	 90.000
FHW13150	1.750 	 0.000 	 90.000
FHW13150	1.875 	 0.000 	 90.000
FHW13150	2.000 	 0.000 	 90.000
FHW13150	2.125 	 0.000 	 90.000
FHW13150	2.250 	 0.000 	 90.000
FHW13150	2.375 	 0.000 	 90.000
FHW13150	2.500 	 0.000 	 90.000
FHW13150	2.625 	 0.000 	 90.000
FHW13150	2.750 	 0.000 	 90.000
FHW13150	2.875 	 0.000 	 90.000
FHW13150	3.000 	 0.000 	 90.000
FHW13150	3.125 	 0.000 	 90.000
FHW13150	3.250 	 0.000 	 90.000
FHW13150	3.375 	 0.000 	 90.000
FHW13150	3.500 	 0.000 	 90.000
FHW13150	3.625 	 0.000 	 90.000
FHW13150	3.750 	 0.000 	 90.000
FHW13150	3.875 	 0.000 	 90.000
FHW13150	4.000 	 0.000 	 90.000
FHW13150	4.125 	 0.000 	 90.000
FHW13150	4.250 	 0.000 	 90.000
FHW13150	4.375 	 0.000 	 90.000
FHW13150	4.500 	 0.000 	 90.000
FHW13150	4.625 	 0.000 	 90.000
FHW13150	4.750 	 0.000 	 90.000
FHW13150	4.875 	 0.000 	 90.000
FHW13150	5.000 	 0.000 	 90.000
FHW13150	5.125 	 0.000 	 90.000
FHW13150	5.250 	 0.000 	 90.000
FHW13150	5.375 	 0.000 	 90.000
FHW13150	5.500 	 0.000 	 90.000
FHW13150	5.625 	 0.000 	 90.000
FHW13150	5.750 	 0.000 	 90.000
FHW13150	5.875 	 0.000 	 90.000
FHW13150	6.000 	 0.000 	 90.000
FHW13150	6.125 	 0.000 	 90.000
FHW13150	6.250 	 0.000 	 90.000
FHW13150	6.375 	 0.000 	 90.000
FHW13150	6.500 	 0.000 	 90.000
FHW13150	6.625 	 0.000 	 90.000
FHW13150	6.750 	 0.000 	 90.000
FHW13150	6.875 	 0.000 	 90.000
FHW13150	7.000 	 0.000 	 90.000
FHW13150	7.125 	 0.000 	 90.000
FHW13150	7.250 	 0.000 	 90.000
FHW13150	7.375 	 0.000 	 90.000
FHW13150	7.500 	 0.000 	 90.000
FHW13150	7.625 	 0.000 	 90.000
FHW13150	7.750 	 0.000 	 90.000
FHW13150	7.875 	 0.000 	 90.000
FHW13150	8.000 	 0.000 	 90.000
FHW13150	8.125 	 0.000 	 90.000
FHW13150	8.250 	 0.000 	 90.000
FHW13150	8.375 	 0.000 	 90.000
FHW13150	8.500 	 0.000 	 90.000
FHW13150	8.625 	 0.000 	 90.000
FHW13150	8.750 	 0.000 	 90.000
FHW13150	8.875 	 0.000 	 90.000
FHW13150	9.000 	 0.000 	 90.000
FHW13150	9.125 	 0.000 	 90.000
FHW13150	9.250 	 0.000 	 90.000
FHW13150	9.375 	 0.000 	 90.000
FHW13150	9.500 	 0.000 	 90.000
FHW13150	9.625 	 0.000 	 90.000
FHW13150	9.750 	 0.000 	 90.000
FHW13150	9.875 	 0.000 	 90.000
FHW13150	10.000 	 0.000 	 90.000
FHW13150	10.125 	 0.000 	 90.000
FHW13150	10.250 	 0.000 	 90.000
FHW13150	10.375 	 0.000 	 90.000
FHW13150	10.500 	 0.000 	 90.000
FHW13150	10.625 	 0.000 	 90.000
FHW13150	10.750 	 0.000 	 90.000
FHW13150	10.875 	 0.000 	 90.000
FHW13150	11.000 	 0.000 	 90.000
FHW13150	11.125 	 0.000 	 90.000
FHW13150	11.250 	 0.000 	 90.000
FHW13150	11.375 	 0.000 	 90.000
FHW13150	11.500 	 0.000 	 90.000
FHW13150	11.625 	 0.000 	 90.000
FHW13150	11.750 	 0.000 	 90.000
FHW13150	11.875 	 0.000 	 90.000
FHW13150	12.000 	 0.000 	 90.000
FHW13150	12.125 	 0.000 	 90.000
FHW13150	12.250 	 0.000 	 90.000
FHW13150	12.375 	 0.000 	 90.000
FHW13150	12.500 	 0.000 	 90.000
FHW13150	12.625 	 0.000 	 90.000
FHW13150	12.750 	 0.000 	 90.000
FHW13150	12.875 	 0.000 	 90.000
FHW13150	13.000 	 0.000 	 90.000
FHW13150	13.125 	 0.000 	 90.000
FHW13150	13.250 	 0.000 	 90.000
FHW13150	13.375 	 0.000 	 90.000
FHW13150	13.500 	 0.000 	 90.000
FHW13150	13.625 	 0.000 	 90.000
FHW13150	13.750 	 0.000 	 90.000
FHW13150	13.875 	 0.000 	 90.000
FHW13150	14.000 	 0.000 	 90.000
FHW13150	14.125 	 0.000 	 90.000
FHW13150	14.250 	 0.000 	 90.000
FHW13150	14.375 	 0.000 	 90.000
FHW13150	14.500 	 0.000 	 90.000
FHW13150	14.625 	 0.000 	 90.000
FHW13150	14.750 	 0.000 	 90.000
FHW13150	14.875 	 0.000 	 90.000
FHW13150	15.000 	 0.000 	 90.000
FHW13150	15.125 	 0.000 	 90.000
FHW13150	15.250 	 0.000 	 90.000
FHW13150	15.375 	 0.000 	 90.000
FHW13150	15.500 	 0.000 	 90.000
FHW13150	15.625 	 0.000 	 90.000
FHW13150	15.750 	 0.000 	 90.000
FHW13150	15.875 	 0.000 	 90.000
FHW13150	16.000 	 0.000 	 90.000
FHW13150	16.125 	 0.000 	 90.000
FHW13150	16.250 	 0.000 	 90.000
FHW13150	16.375 	 0.000 	 90.000
FHW13150	16.500 	 0.000 	 90.000
FHW13150	16.625 	 0.000 	 90.000
FHW13150	16.750 	 0.000 	 90.000
FHW13150	16.875 	 0.000 	 90.000
FHW13150	17.000 	 0.000 	 90.000
FHW13150	17.125 	 0.000 	 90.000
FHW13150	17.250 	 0.000 	 90.000
FHW13150	17.375 	 0.000 	 90.000
FHW13150	17.500 	 0.000 	 90.000
FHW13150	17.625 	 0.000 	 90.000
FHW13150	17.750 	 0.000 	 90.000
FHW13150	17.875 	 0.000 	 90.000
FHW13150	18.000 	 0.000 	 90.000
FHW13150	18.125 	 0.000 	 90.000
FHW13150	18.250 	 0.000 	 90.000
FHW13150	18.375 	 0.000 	 90.000
FHW13150	18.500 	 0.000 	 90.000
FHW13150	18.625 	 0.000 	 90.000
FHW13150	18.750 	 0.000 	 90.000
FHW13150	18.875 	 0.000 	 90.000
FHW13150	19.000 	 0.000 	 90.000
FHW13150	19.125 	 0.000 	 90.000
FHW13150	19.250 	 0.000 	 90.000
FHW13150	19.375 	 0.000 	 90.000
FHW13150	19.500 	 0.000 	 90.000
FHW13150	19.625 	 0.000 	 90.000
FHW13150	19.750 	 0.000 	 90.000
FHW13150	19.875 	 0.000 	 90.000
FHW13150	20.000 	 0.000 	 90.000
FHW13150	20.125 	 0.000 	 90.000
FHW13150	20.250 	 0.000 	 90.000
FHW13150	20.375 	 0.000 	 90.000
FHW13150	20.500 	 0.000 	 90.000
FHW13150	20.625 	 0.000 	 90.000
FHW13150	20.750 	 0.000 	 90.000
FHW13150	20.875 	 0.000 	 90.000
FHW13150	21.000 	 0.000 	 90.000
FHW13150	21.125 	 0.000 	 90.000
FHW13150	21.250 	 0.000 	 90.000
FHW13150	21.375 	 0.000 	 90.000
FHW13150	21.500 	 0.000 	 90.000
FHW13150	21.625 	 0.000 	 90.000
FHW13150	21.750 	 0.000 	 90.000
FHW13150	21.875 	 0.000 	 90.000
FHW13150	22.000 	 0.000 	 90.000
FHW13150	22.125 	 0.000 	 90.000
FHW13150	22.250 	 0.000 	 90.000
FHW13150	22.375 	 0.000 	 90.000
FHW13150	22.500 	 0.000 	 90.000
FHW13150	22.625 	 0.000 	 90.000
FHW13150	22.750 	 0.000 	 90.000
FHW13150	22.875 	 0.000 	 90.000
FHW13150	23.000 	 0.000 	 90.000
FHW13150	23.125 	 0.000 	 90.000
FHW13150	23.250 	 0.000 	 90.000
FHW13150	23.375 	 0.000 	 90.000
FHW13150	23.500 	 0.000 	 90.000
FHW13150	23.625 	 0.000 	 90.000
FHW13150	23.750 	 0.000 	 90.000
FHW13150	23.875 	 0.000 	 90.000
FHW13150	24.000 	 0.000 	 90.000
FHW13150	24.125 	 0.000 	 90.000
FHW13150	24.250 	 0.000 	 90.000
FHW13150	24.375 	 0.000 	 90.000
FHW13150	24.500 	 0.000 	 90.000
FHW13150	24.625 	 0.000 	 90.000
FHW13150	24.750 	 0.000 	 90.000
FHW13150	24.875 	 0.000 	 90.000
FHW13150	25.000 	 0.000 	 90.000
FHW13150	25.125 	 0.000 	 90.000
FHW13150	25.250 	 0.000 	 90.000
FHW13150	25.375 	 0.000 	 90.000
FHW13150	25.500 	 0.000 	 90.000
FHW13150	25.625 	 0.000 	 90.000
FHW13150	25.750 	 0.000 	 90.000
FHW13150	25.875 	 0.000 	 90.000
FHW13150	26.000 	 0.000 	 90.000
FHW13150	26.125 	 0.000 	 90.000
FHW13150	26.250 	 0.000 	 90.000
FHW13150	26.375 	 0.000 	 90.000
FHW13150	26.500 	 0.000 	 90.000
FHW13150	26.625 	 0.000 	 90.000
FHW13150	26.750 	 0.000 	 90.000
FHW13150	26.875 	 0.000 	 90.000
FHW13150	27.000 	 0.000 	 90.000
FHW13150	27.125 	 0.000 	 90.000
FHW13150	27.250 	 0.000 	 90.000
FHW13150	27.375 	 0.000 	 90.000
FHW13150	27.500 	 0.000 	 90.000
FHW13150	27.625 	 0.000 	 90.000
FHW13150	27.750 	 0.000 	 90.000
FHW13150	27.875 	 0.000 	 90.000
FHW13150	28.000 	 0.000 	 90.000
FHW13150	28.125 	 0.000 	 90.000
FHW13150	28.250 	 0.000 	 90.000
FHW13150	28.375 	 0.000 	 90.000
FHW13150	28.500 	 0.000 	 90.000
FHW13150	28.625 	 0.000 	 90.000
FHW13150	28.750 	 0.000 	 90.000
FHW13150	28.875 	 0.000 	 90.000
FHW13150	29.000 	 0.000 	 90.000
FHW13150	29.125 	 0.000 	 90.000
FHW13150	29.250 	 0.000 	 90.000
FHW13150	29.375 	 0.000 	 90.000
FHW13150	29.500 	 0.000 	 90.000
FHW13150	29.625 	 0.000 	 90.000
FHW13150	29.750 	 0.000 	 90.000
FHW13150	29.875 	 0.458 	 270.000
FHW13150	30.000 	 0.458 	 270.000
FHW13150	30.125 	 0.458 	 270.000
FHW13150	30.250 	 0.458 	 270.000
FHW13150	30.375 	 0.458 	 270.000
FHW13150	30.500 	 0.648 	 315.000
FHW13150	30.625 	 0.458 	 270.000
FHW13150	30.750 	 0.458 	 270.000
FHW13150	30.875 	 0.458 	 270.000
FHW13150	31.000 	 0.458 	 270.000
FHW13150	31.125 	 0.458 	 270.000
FHW13150	31.250 	 0.458 	 270.000
FHW13150	31.375 	 0.458 	 270.000
FHW13150	31.500 	 0.458 	 270.000
FHW13150	31.625 	 0.458 	 270.000
FHW13150	31.750 	 0.648 	 315.000
FHW13150	31.875 	 0.458 	 270.000
FHW13150	32.000 	 0.458 	 270.000
FHW13150	32.125 	 0.458 	 270.000
FHW13150	32.250 	 0.458 	 270.000
FHW13150	32.375 	 0.458 	 270.000
FHW13150	32.500 	 0.917 	 270.000
FHW13150	32.625 	 0.458 	 270.000
FHW13150	32.750 	 0.458 	 270.000
FHW13150	32.875 	 0.458 	 270.000
FHW13150	33.000 	 0.648 	 315.000
FHW13150	33.125 	 0.458 	 270.000
FHW13150	33.250 	 0.458 	 270.000
FHW13150	33.375 	 0.458 	 270.000
FHW13150	33.500 	 0.458 	 270.000
FHW13150	33.625 	 0.458 	 270.000
FHW13150	33.750 	 0.458 	 270.000
FHW13150	33.875 	 0.458 	 270.000
FHW13150	34.000 	 0.458 	 270.000
FHW13150	34.125 	 0.458 	 270.000
FHW13150	34.250 	 0.648 	 315.000
FHW13150	34.375 	 0.458 	 270.000
FHW13150	34.500 	 0.458 	 270.000
FHW13150	34.625 	 0.458 	 270.000
FHW13150	34.750 	 0.458 	 270.000
FHW13150	34.875 	 0.458 	 270.000
FHW13150	35.000 	 0.458 	 270.000
FHW13150	35.125 	 0.458 	 270.000
FHW13150	35.250 	 0.458 	 270.000
FHW13150	35.375 	 0.458 	 270.000
FHW13150	35.500 	 1.025 	 296.565
FHW13150	35.625 	 0.458 	 270.000
FHW13150	35.750 	 0.458 	 270.000
FHW13150	35.875 	 0.458 	 270.000
FHW13150	36.000 	 0.458 	 270.000
FHW13150	36.125 	 0.458 	 270.000
FHW13150	36.250 	 0.458 	 270.000
FHW13150	36.375 	 0.458 	 270.000
FHW13150	36.500 	 0.458 	 270.000
FHW13150	36.625 	 0.458 	 270.000
FHW13150	36.750 	 0.648 	 315.000
FHW13150	36.875 	 0.458 	 270.000
FHW13150	37.000 	 0.458 	 270.000
FHW13150	37.125 	 0.458 	 270.000
FHW13150	37.250 	 0.458 	 270.000
FHW13150	37.375 	 0.458 	 270.000
FHW13150	37.500 	 0.458 	 270.000
FHW13150	37.625 	 0.458 	 270.000
FHW13150	37.750 	 0.458 	 270.000
FHW13150	37.875 	 0.458 	 270.000
FHW13150	38.000 	 0.648 	 315.000
FHW13150	38.125 	 0.458 	 270.000
FHW13150	38.250 	 0.458 	 270.000
FHW13150	38.375 	 0.917 	 270.000
FHW13150	38.500 	 0.458 	 270.000
FHW13150	38.625 	 0.458 	 270.000
FHW13150	38.750 	 0.458 	 270.000
FHW13150	38.875 	 0.458 	 270.000
FHW13150	39.000 	 0.458 	 270.000
FHW13150	39.125 	 0.458 	 270.000
FHW13150	39.250 	 0.648 	 315.000
FHW13150	39.375 	 0.458 	 270.000
FHW13150	39.500 	 0.458 	 270.000
FHW13150	39.625 	 0.458 	 270.000
FHW13150	39.750 	 0.458 	 270.000
FHW13150	39.875 	 0.458 	 270.000
FHW13150	40.000 	 0.458 	 270.000
FHW13150	40.125 	 0.458 	 270.000
FHW13150	40.250 	 0.458 	 270.000
FHW13150	40.375 	 0.458 	 270.000
FHW13150	40.500 	 0.648 	 315.000
FHW13150	40.625 	 0.458 	 270.000
FHW13150	40.750 	 0.458 	 270.000
FHW13150	40.875 	 0.458 	 270.000
FHW13150	41.000 	 0.458 	 270.000
FHW13150	41.125 	 0.458 	 270.000
FHW13150	41.250 	 0.458 	 270.000
FHW13150	41.375 	 0.917 	 270.000
FHW13150	41.500 	 0.458 	 270.000
FHW13150	41.625 	 0.458 	 270.000
FHW13150	41.750 	 0.648 	 315.000
FHW13150	41.875 	 0.458 	 270.000
FHW13150	42.000 	 0.458 	 270.000
FHW13150	42.125 	 0.458 	 270.000
FHW13150	42.250 	 0.458 	 270.000
FHW13150	42.375 	 0.458 	 270.000
FHW13150	42.500 	 0.458 	 270.000
FHW13150	42.625 	 0.458 	 270.000
FHW13150	42.750 	 0.458 	 270.000
FHW13150	42.875 	 0.458 	 270.000
FHW13150	43.000 	 0.648 	 315.000
FHW13150	43.125 	 0.458 	 270.000
FHW13150	43.250 	 0.458 	 270.000
FHW13150	43.375 	 0.458 	 270.000
FHW13150	43.500 	 0.458 	 270.000
FHW13150	43.625 	 0.462 	 270.000
FHW13150	43.750 	 0.458 	 270.000
FHW13150	43.875 	 0.458 	 270.000
FHW13150	44.000 	 0.458 	 270.000
FHW13150	44.125 	 0.458 	 270.000
FHW13150	44.250 	 0.917 	 270.000
FHW13150	44.375 	 0.648 	 315.000
FHW13150	44.500 	 0.458 	 270.000
FHW13150	44.625 	 0.458 	 270.000
FHW13150	44.750 	 0.458 	 270.000
FHW13150	44.875 	 0.458 	 270.000
FHW13150	45.000 	 0.458 	 270.000
FHW13150	45.125 	 0.458 	 270.000
FHW13150	45.250 	 0.458 	 270.000
FHW13150	45.375 	 0.458 	 270.000
FHW13150	45.500 	 0.458 	 270.000
FHW13150	45.625 	 0.648 	 315.000
FHW13150	45.750 	 0.458 	 270.000
FHW13150	45.875 	 0.458 	 270.000
FHW13150	46.000 	 0.458 	 270.000
FHW13150	46.125 	 0.458 	 270.000
FHW13150	46.250 	 0.458 	 270.000
FHW13150	46.375 	 0.458 	 270.000
FHW13150	46.500 	 0.458 	 270.000
FHW13150	46.625 	 0.458 	 270.000
FHW13150	46.750 	 0.458 	 270.000
FHW13150	46.875 	 0.648 	 315.000
FHW13150	47.000 	 0.458 	 270.000
FHW13150	47.125 	 0.458 	 270.000
FHW13150	47.250 	 0.917 	 270.000
FHW13150	47.375 	 0.458 	 270.000
FHW13150	47.500 	 0.458 	 270.000
FHW13150	47.625 	 0.458 	 270.000
FHW13150	47.750 	 0.458 	 270.000
FHW13150	47.875 	 0.458 	 270.000
FHW13150	48.000 	 0.458 	 270.000
FHW13150	48.125 	 0.648 	 315.000
FHW13150	48.250 	 0.458 	 270.000
FHW13150	48.375 	 0.458 	 270.000
FHW13150	48.500 	 0.458 	 270.000
FHW13150	48.625 	 0.458 	 270.000
FHW13150	48.750 	 0.458 	 270.000
FHW13150	48.875 	 0.458 	 270.000
FHW13150	49.000 	 0.458 	 270.000
FHW13150	49.125 	 0.458 	 270.000
FHW13150	49.250 	 0.458 	 270.000
FHW13150	49.375 	 0.648 	 315.000
FHW13150	49.500 	 0.458 	 270.000
FHW13150	49.625 	 0.458 	 270.000
FHW13150	49.750 	 0.458 	 270.000
FHW13150	49.875 	 0.458 	 270.000
FHW13150	50.000 	 0.458 	 270.000
FHW13150	50.125 	 0.917 	 270.000
FHW13150	50.250 	 0.458 	 270.000
FHW13150	50.375 	 0.458 	 270.000
FHW13150	50.500 	 0.458 	 270.000
FHW13150	50.625 	 0.648 	 315.000
FHW13150	50.750 	 0.458 	 270.000
FHW13150	50.875 	 0.458 	 270.000
FHW13150	51.000 	 0.458 	 270.000
FHW13150	51.125 	 0.458 	 270.000
FHW13150	51.250 	 0.458 	 270.000
FHW13150	51.375 	 0.458 	 270.000
FHW13150	51.500 	 0.458 	 270.000
FHW13150	51.625 	 0.458 	 270.000
FHW13150	51.750 	 0.458 	 270.000
FHW13150	51.875 	 0.648 	 315.000
FHW13150	52.000 	 0.458 	 270.000
FHW13150	52.125 	 0.458 	 270.000
FHW13150	52.250 	 0.458 	 270.000
FHW13150	52.375 	 0.458 	 270.000
FHW13150	52.500 	 0.458 	 270.000
FHW13150	52.625 	 0.458 	 270.000
FHW13150	52.750 	 0.458 	 270.000
FHW13150	52.875 	 0.458 	 270.000
FHW13150	53.000 	 0.458 	 270.000
FHW13150	53.125 	 1.025 	 296.565
FHW13150	53.250 	 0.458 	 270.000
FHW13150	53.375 	 0.458 	 270.000
FHW13150	53.500 	 0.458 	 270.000
FHW13150	53.625 	 0.458 	 270.000
FHW13150	53.750 	 0.458 	 270.000
FHW13150	53.875 	 0.458 	 270.000
FHW13150	54.000 	 0.458 	 270.000
FHW13150	54.125 	 0.458 	 270.000
FHW13150	54.250 	 0.458 	 270.000
FHW13150	54.375 	 0.648 	 315.000
FHW13150	54.500 	 0.458 	 270.000
FHW13150	54.625 	 0.458 	 270.000
FHW13150	54.750 	 0.458 	 270.000
FHW13150	54.875 	 0.458 	 270.000
FHW13150	55.000 	 0.458 	 270.000
FHW13150	55.125 	 0.458 	 270.000
FHW13150	55.250 	 0.458 	 270.000
FHW13150	55.375 	 0.458 	 270.000
FHW13150	55.500 	 0.458 	 270.000
FHW13150	55.625 	 0.648 	 315.000
FHW13150	55.750 	 0.458 	 270.000
FHW13150	55.875 	 0.458 	 270.000
FHW13150	56.000 	 0.458 	 270.000
FHW13150	56.125 	 0.917 	 270.000
FHW13150	56.250 	 0.458 	 270.000
FHW13150	56.375 	 0.458 	 270.000
FHW13150	56.500 	 0.458 	 270.000
FHW13150	56.625 	 0.458 	 270.000
FHW13150	56.750 	 0.458 	 270.000
FHW13150	56.875 	 0.648 	 315.000
FHW13150	57.000 	 0.458 	 270.000
FHW13150	57.125 	 0.458 	 270.000
FHW13150	57.250 	 0.458 	 270.000
FHW13150	57.375 	 0.458 	 270.000
FHW13150	57.500 	 0.458 	 270.000
FHW13150	57.625 	 0.458 	 270.000
FHW13150	57.750 	 0.917 	 270.000
FHW13150	57.875 	 0.648 	 315.000
FHW13150	58.000 	 0.458 	 270.000
FHW13150	58.125 	 0.917 	 270.000
FHW13150	58.250 	 0.458 	 270.000
FHW13150	58.375 	 0.917 	 270.000
FHW13150	58.500 	 0.648 	 315.000
FHW13150	58.625 	 0.458 	 270.000
FHW13150	58.750 	 0.917 	 270.000
FHW13150	58.875 	 0.458 	 270.000
FHW13150	59.000 	 0.917 	 270.000
FHW13150	59.125 	 0.648 	 315.000
FHW13150	59.250 	 0.458 	 270.000
FHW13150	59.375 	 0.917 	 270.000
FHW13150	59.500 	 0.458 	 270.000
FHW13150	59.625 	 0.917 	 270.000
FHW13150	59.750 	 0.648 	 315.000
FHW13150	59.875 	 0.458 	 270.000
FHW13150	60.000 	 0.917 	 270.000
FHW13150	60.125 	 0.458 	 270.000
FHW13150	60.250 	 1.025 	 296.565
FHW13150	60.375 	 0.458 	 270.000
FHW13150	60.500 	 0.458 	 270.000
FHW13150	60.625 	 0.917 	 270.000
FHW13150	60.750 	 0.458 	 270.000
FHW13150	60.875 	 0.648 	 315.000
FHW13150	61.000 	 0.917 	 270.000
FHW13150	61.125 	 0.458 	 270.000
FHW13150	61.250 	 0.917 	 270.000
FHW13150	61.375 	 0.458 	 270.000
FHW13150	61.500 	 0.648 	 314.999
FHW13150	61.625 	 0.917 	 270.000
FHW13150	61.750 	 0.458 	 270.000
FHW13150	61.875 	 0.917 	 270.000
FHW13150	62.000 	 0.458 	 270.000
FHW13150	62.125 	 0.648 	 315.000
FHW13150	62.250 	 0.917 	 270.000
FHW13150	62.375 	 0.458 	 270.000
FHW13150	62.500 	 0.917 	 270.000
FHW13150	62.625 	 0.458 	 270.000
FHW13150	62.750 	 0.648 	 315.000
FHW13150	62.875 	 0.917 	 270.000
FHW13150	63.000 	 0.458 	 270.000
FHW13150	63.125 	 0.917 	 270.000
FHW13150	63.250 	 0.458 	 270.000
FHW13150	63.375 	 0.648 	 315.000
FHW13150	63.500 	 0.917 	 270.000
FHW13150	63.625 	 0.458 	 270.000
FHW13150	63.750 	 0.458 	 270.000
FHW13150	63.875 	 0.917 	 270.000
FHW13150	64.000 	 0.648 	 314.999
FHW13150	64.125 	 0.917 	 270.000
FHW13150	64.250 	 0.458 	 270.000
FHW13150	64.375 	 0.458 	 270.000
FHW13150	64.500 	 0.917 	 270.000
FHW13150	64.625 	 0.648 	 315.000
FHW13150	64.750 	 0.917 	 270.000
FHW13150	64.875 	 0.458 	 270.000
FHW13150	65.000 	 0.458 	 270.000
FHW13150	65.125 	 1.025 	 296.565
FHW13150	65.250 	 0.462 	 270.000
FHW13150	65.375 	 0.917 	 270.000
FHW13150	65.500 	 0.458 	 270.000
FHW13150	65.625 	 0.458 	 270.000
FHW13150	65.750 	 1.025 	 296.565
FHW13150	65.875 	 0.458 	 270.000
FHW13150	66.000 	 0.917 	 270.000
FHW13150	66.125 	 0.458 	 270.000
FHW13150	66.250 	 0.458 	 270.000
FHW13150	66.375 	 1.025 	 296.565
FHW13150	66.500 	 0.458 	 270.000
FHW13150	66.625 	 0.458 	 270.000
FHW13150	66.750 	 0.917 	 270.000
FHW13150	66.875 	 0.458 	 270.000
FHW13150	67.000 	 1.025 	 296.565
FHW13150	67.125 	 0.458 	 270.000
FHW13150	67.250 	 0.458 	 270.000
FHW13150	67.375 	 0.917 	 270.000
FHW13150	67.500 	 0.458 	 270.000
FHW13150	67.625 	 1.025 	 296.565
FHW13150	67.750 	 0.458 	 270.000
FHW13150	67.875 	 0.458 	 270.000
FHW13150	68.000 	 0.917 	 270.000
FHW13150	68.125 	 0.458 	 270.000
FHW13150	68.250 	 1.025 	 296.565
FHW13150	68.375 	 0.458 	 270.000
FHW13150	68.500 	 0.458 	 270.000
FHW13150	68.625 	 0.917 	 270.000
FHW13150	68.750 	 0.458 	 270.000
FHW13150	68.875 	 1.025 	 296.565
FHW13150	69.000 	 0.458 	 270.000
FHW13150	69.125 	 0.458 	 270.000
FHW13150	69.250 	 0.917 	 270.000
FHW13150	69.375 	 0.458 	 270.000
FHW13150	69.500 	 0.648 	 315.000
FHW13150	69.625 	 0.917 	 270.000
FHW13150	69.750 	 0.458 	 270.000
FHW13150	69.875 	 0.917 	 270.000
FHW13150	70.000 	 0.648 	 315.000
FHW13150	70.125 	 0.458 	 270.000
FHW13150	70.250 	 0.917 	 270.000
FHW13150	70.375 	 0.648 	 314.999
FHW13150	70.500 	 0.458 	 0.000
FHW13150	70.625 	 0.458 	 270.000
FHW13150	70.750 	 0.648 	 315.000
FHW13150	70.875 	 0.648 	 314.999
FHW13150	71.000 	 0.458 	 0.000
FHW13150	71.125 	 0.648 	 315.000
FHW13150	71.250 	 0.648 	 315.000
FHW13150	71.375 	 0.648 	 315.000
FHW13150	71.500 	 0.458 	 270.000
FHW13150	71.625 	 0.458 	 0.000
FHW13150	71.750 	 0.648 	 315.000
FHW13150	71.875 	 0.648 	 315.000
FHW13150	72.000 	 0.648 	 314.999
FHW13150	72.125 	 0.458 	 0.000
FHW13150	72.250 	 0.648 	 315.000
FHW13150	72.375 	 0.458 	 270.000
FHW13150	72.500 	 0.648 	 315.000
FHW13150	72.625 	 0.648 	 315.000
FHW13150	72.750 	 0.458 	 0.000
FHW13150	72.875 	 0.648 	 315.000
FHW13150	73.000 	 0.648 	 315.000
FHW13150	73.125 	 0.648 	 315.000
FHW13150	73.250 	 0.000 	 90.000
FHW13150	73.375 	 0.648 	 315.000
FHW13150	73.500 	 0.648 	 314.999
FHW13150	73.625 	 0.648 	 315.000
FHW13150	73.750 	 0.458 	 0.000
FHW13150	73.875 	 0.648 	 315.000
FHW13150	74.000 	 0.648 	 315.000
FHW13150	74.125 	 0.458 	 270.000
FHW13150	74.250 	 0.648 	 315.000
FHW13150	74.375 	 0.458 	 0.000
FHW13150	74.500 	 0.648 	 315.000
FHW13150	74.625 	 0.648 	 315.000
FHW13150	74.750 	 0.648 	 315.000
FHW13150	74.875 	 0.000 	 90.000
FHW13150	75.000 	 0.648 	 315.000
FHW13150	75.125 	 0.648 	 315.000
FHW13150	75.250 	 0.648 	 315.000
FHW13150	75.375 	 0.458 	 0.000
FHW13150	75.500 	 0.648 	 315.000
FHW13150	75.625 	 0.648 	 315.000
FHW13150	75.750 	 0.458 	 270.000
FHW13150	75.875 	 0.648 	 315.000
FHW13150	76.000 	 0.458 	 0.000
FHW13150	76.125 	 0.648 	 314.999
FHW13150	76.250 	 0.648 	 315.000
FHW13150	76.375 	 0.648 	 315.000
FHW13150	76.500 	 0.458 	 0.000
FHW13150	76.625 	 0.458 	 270.000
FHW13150	76.750 	 0.648 	 315.000
FHW13150	76.875 	 0.648 	 315.000
FHW13150	77.000 	 0.458 	 0.000
FHW13150	77.125 	 0.648 	 315.000
FHW13150	77.250 	 0.648 	 314.999
FHW13150	77.375 	 0.648 	 315.000
FHW13150	77.500 	 0.458 	 270.000
FHW13150	77.625 	 0.458 	 0.000
FHW13150	77.750 	 0.648 	 315.000
FHW13150	77.875 	 0.648 	 315.000
FHW13150	78.000 	 0.648 	 315.000
FHW13150	78.125 	 0.458 	 0.000
FHW13150	78.250 	 0.648 	 315.000
FHW13150	78.375 	 0.458 	 270.000
FHW13150	78.500 	 0.648 	 315.000
FHW13150	78.625 	 0.458 	 0.000
FHW13150	78.750 	 0.648 	 315.000
FHW13150	78.875 	 0.648 	 315.000
FHW13150	79.000 	 0.648 	 315.000
FHW13150	79.125 	 0.648 	 315.000
FHW13150	79.250 	 0.000 	 90.000
FHW13150	79.375 	 0.648 	 315.000
FHW13150	79.500 	 0.648 	 315.000
FHW13150	79.625 	 0.458 	 0.000
FHW13150	79.750 	 0.648 	 45.000
FHW13150	79.875 	 0.917 	 0.000
FHW13150	80.000 	 0.648 	 45.000
FHW13150	80.125 	 0.458 	 0.000
FHW13150	80.250 	 0.648 	 45.001
FHW13150	80.375 	 0.917 	 0.000
FHW13150	80.500 	 0.648 	 45.000
FHW13150	80.625 	 0.458 	 0.000
FHW13150	80.750 	 0.648 	 45.000
FHW13150	80.875 	 0.458 	 0.000
FHW13150	81.000 	 1.025 	 26.565
FHW13150	81.125 	 0.458 	 0.000
FHW13150	81.250 	 0.648 	 45.000
FHW13150	81.375 	 0.458 	 0.000
FHW13150	81.500 	 1.025 	 26.565
FHW13150	81.625 	 0.458 	 0.000
FHW13150	81.750 	 0.648 	 45.000
FHW13150	81.875 	 0.458 	 0.000
FHW13150	82.000 	 1.025 	 26.565
FHW13150	82.125 	 0.458 	 0.000
FHW13150	82.250 	 0.648 	 45.000
FHW13150	82.375 	 0.458 	 0.000
FHW13150	82.500 	 0.648 	 45.000
FHW13150	82.625 	 0.917 	 0.000
FHW13150	82.750 	 0.648 	 45.000
FHW13150	82.875 	 0.458 	 0.000
FHW13150	83.000 	 0.648 	 45.000
FHW13150	83.125 	 0.917 	 0.000
FHW13150	83.250 	 0.653 	 45.000
FHW13150	83.375 	 0.458 	 0.000
FHW13150	83.500 	 0.648 	 45.000
FHW13150	83.625 	 0.917 	 0.000
FHW13150	83.750 	 0.648 	 45.000
FHW13150	83.875 	 0.458 	 0.000
FHW13150	84.000 	 0.648 	 45.000
FHW13150	84.125 	 0.458 	 0.000
FHW13150	84.250 	 1.025 	 26.565
FHW13150	84.375 	 0.458 	 0.000
FHW13150	84.500 	 0.648 	 45.000
FHW13150	84.625 	 0.458 	 0.000
FHW13150	84.750 	 1.025 	 26.565
FHW13150	84.875 	 0.458 	 0.000
FHW13150	85.000 	 0.648 	 45.000
FHW13150	85.125 	 0.458 	 0.000
FHW13150	85.250 	 1.025 	 26.565
FHW13150	85.375 	 0.458 	 0.000
FHW13150	85.500 	 0.648 	 45.000
FHW13150	85.625 	 0.458 	 0.000
FHW13150	85.750 	 0.648 	 45.000
FHW13150	85.875 	 1.025 	 26.565
FHW13150	86.000 	 0.458 	 0.000
FHW13150	86.125 	 0.648 	 45.000
FHW13150	86.250 	 1.025 	 26.565
FHW13150	86.375 	 1.296 	 45.000
FHW13150	86.500 	 1.025 	 63.435
FHW13150	86.625 	 1.296 	 45.000
FHW13150	86.750 	 1.652 	 56.310
FHW13150	86.875 	 1.025 	 63.435
FHW13150	87.000 	 1.296 	 45.000
FHW13150	87.125 	 1.296 	 45.000
FHW13150	87.250 	 1.025 	 63.435
FHW13150	87.375 	 1.296 	 45.000
FHW13150	87.500 	 1.296 	 45.000
FHW13150	87.625 	 1.025 	 63.435
FHW13150	87.750 	 1.296 	 45.000
FHW13150	87.875 	 1.296 	 45.000
FHW13150	88.000 	 1.296 	 45.000
FHW13150	88.125 	 1.025 	 63.435
FHW13150	88.250 	 1.296 	 45.000
FHW13150	88.375 	 1.296 	 45.000
FHW13150	88.500 	 1.025 	 63.435
FHW13150	88.625 	 1.296 	 45.000
FHW13150	88.750 	 2.291 	 53.130
FHW13150	88.875 	 2.956 	 51.340
FHW13150	89.000 	 2.932 	 51.340
FHW13150	89.125 	 2.291 	 53.130
FHW13150	89.250 	 2.932 	 51.340
FHW13150	89.375 	 2.932 	 51.340
FHW13150	89.500 	 2.932 	 51.340
FHW13150	89.625 	 2.932 	 51.340
FHW13150	89.750 	 2.309 	 53.130
FHW13150	89.875 	 2.932 	 51.340
FHW13150	90.000 	 2.932 	 51.340
FHW13150	90.125 	 2.932 	 51.340
FHW13150	90.250 	 2.932 	 51.340
FHW13150	90.375 	 2.291 	 53.130
FHW13150	90.500 	 2.956 	 51.340
FHW13150	90.625 	 2.932 	 51.340
FHW13150	90.750 	 2.932 	 51.340
FHW13150	90.875 	 2.932 	 51.340
FHW13150	91.000 	 2.671 	 59.036
FHW13150	91.125 	 2.591 	 45.000
FHW13150	91.250 	 2.956 	 51.340
FHW13150	91.375 	 2.932 	 51.340
FHW13150	91.500 	 2.932 	 51.340
FHW13150	91.625 	 2.671 	 59.036
FHW13150	91.750 	 2.591 	 45.000
FHW13150	91.875 	 2.932 	 51.340
FHW13150	92.000 	 2.956 	 51.340
FHW13150	92.125 	 2.671 	 59.036
FHW13150	92.250 	 2.932 	 51.340
FHW13150	92.375 	 2.591 	 45.000
FHW13150	92.500 	 2.932 	 51.340
FHW13150	92.625 	 2.932 	 51.340
FHW13150	92.750 	 2.671 	 59.036
FHW13150	92.875 	 2.956 	 51.340
FHW13150	93.000 	 2.591 	 45.000
FHW13150	93.125 	 2.932 	 51.340
FHW13150	93.250 	 2.932 	 51.340
FHW13150	93.375 	 2.671 	 59.036
FHW13150	93.500 	 2.932 	 51.340
FHW13150	93.625 	 2.956 	 51.340
FHW13150	93.750 	 2.591 	 45.000
FHW13150	93.875 	 2.932 	 51.340
FHW13150	94.000 	 2.671 	 59.036
FHW13150	94.125 	 2.932 	 51.340
FHW13150	94.250 	 2.932 	 51.340
FHW13150	94.375 	 2.612 	 45.000
FHW13150	94.500 	 2.932 	 51.340
FHW13150	94.625 	 2.671 	 59.036
FHW13150	94.750 	 2.932 	 51.340
FHW13150	94.875 	 2.932 	 51.340
FHW13150	95.000 	 2.591 	 45.000
FHW13150	95.125 	 2.932 	 51.340
FHW13150	95.250 	 2.692 	 59.036
FHW13150	95.375 	 2.932 	 51.340
FHW13150	95.500 	 2.932 	 51.340
FHW13150	95.625 	 2.932 	 51.340
FHW13150	95.750 	 2.291 	 53.130
FHW13150	95.875 	 2.932 	 51.340
FHW13150	96.000 	 2.956 	 51.340
FHW13150	96.125 	 2.932 	 51.340
FHW13150	96.250 	 2.932 	 51.340
FHW13150	96.375 	 2.291 	 53.130
FHW13150	96.500 	 2.932 	 51.340
FHW13150	96.625 	 2.932 	 51.340
FHW13150	96.750 	 2.956 	 51.340
FHW13150	96.875 	 2.932 	 51.340
FHW13150	97.000 	 2.291 	 53.130
FHW13150	97.125 	 2.932 	 51.340
FHW13150	97.250 	 2.932 	 51.340
FHW13150	97.375 	 2.932 	 51.340
FHW13150	97.500 	 2.956 	 51.340
FHW13150	97.625 	 2.671 	 59.036
FHW13150	97.750 	 2.591 	 45.000
FHW13150	97.875 	 3.937 	 54.462
FHW13150	98.000 	 5.254 	 52.125
FHW13150	98.125 	 4.946 	 56.310
FHW13150	98.250 	 5.254 	 52.125
FHW13150	98.375 	 4.946 	 56.310
FHW13150	98.500 	 5.254 	 52.125
FHW13150	98.625 	 4.946 	 56.310
FHW13150	98.750 	 5.254 	 52.125
FHW13150	98.875 	 5.212 	 52.125
FHW13150	99.000 	 4.985 	 56.310
FHW13150	99.125 	 5.212 	 52.125
FHW13150	99.250 	 4.986 	 56.310
FHW13150	99.375 	 5.212 	 52.125
FHW13150	99.500 	 4.985 	 56.310
FHW13150	99.625 	 5.212 	 52.125
FHW13150	99.750 	 4.985 	 56.310
FHW13150	99.875 	 5.212 	 52.125
FHW13150	100.000 	 5.254 	 52.125
FHW13150	100.125 	 4.946 	 56.310
FHW13150	100.250 	 5.254 	 52.125
FHW13150	100.375 	 4.946 	 56.310
FHW13150	100.500 	 5.254 	 52.125
FHW13150	100.625 	 4.946 	 56.310
FHW13150	100.750 	 5.254 	 52.125
FHW13150	100.875 	 5.212 	 52.125
FHW13150	101.000 	 4.985 	 56.310
FHW13150	101.125 	 5.212 	 52.125
FHW13150	101.250 	 4.985 	 56.310
FHW13150	101.375 	 5.577 	 55.008
FHW13150	101.500 	 4.985 	 56.310
FHW13150	101.625 	 5.212 	 52.125
FHW13150	101.750 	 4.985 	 56.310
FHW13150	101.875 	 5.212 	 52.125
FHW13150	102.000 	 5.254 	 52.125
FHW13150	102.125 	 4.946 	 56.310
FHW13150	102.250 	 5.254 	 52.125
FHW13150	102.375 	 4.946 	 56.310
FHW13150	102.500 	 5.254 	 52.125
FHW13150	102.625 	 4.946 	 56.310
FHW13150	102.750 	 5.254 	 52.125
FHW13150	102.875 	 5.212 	 52.125
FHW13150	103.000 	 4.985 	 56.310
FHW13150	103.125 	 5.212 	 52.125
FHW13150	103.250 	 4.985 	 56.310
FHW13150	103.375 	 5.212 	 52.125
FHW13150	103.500 	 4.985 	 56.310
FHW13150	103.625 	 5.212 	 52.125
FHW13150	103.750 	 5.254 	 52.125
FHW13150	103.875 	 4.985 	 56.310
FHW13150	104.000 	 5.212 	 52.125
FHW13150	104.125 	 4.985 	 56.310
FHW13150	104.250 	 5.212 	 52.125
FHW13150	104.375 	 4.985 	 56.310
FHW13150	104.500 	 5.212 	 52.125
FHW13150	104.625 	 4.985 	 56.310
FHW13150	104.750 	 5.212 	 52.125
FHW13150	104.875 	 5.254 	 52.125
FHW13150	105.000 	 4.946 	 56.310
FHW13150	105.125 	 5.254 	 52.125
FHW13150	105.250 	 4.946 	 56.310
FHW13150	105.375 	 5.622 	 55.008
FHW13150	105.500 	 4.946 	 56.310
FHW13150	105.625 	 5.254 	 52.125
FHW13150	105.750 	 5.212 	 52.125
FHW13150	105.875 	 4.985 	 56.310
FHW13150	106.000 	 5.212 	 52.125
FHW13150	106.125 	 4.986 	 56.310
FHW13150	106.250 	 5.212 	 52.125
FHW13150	106.375 	 4.985 	 56.310
FHW13150	106.500 	 5.212 	 52.125
FHW13150	106.625 	 5.254 	 52.125
FHW13150	106.750 	 4.946 	 56.310
FHW13150	106.875 	 5.254 	 52.125
FHW13150	107.000 	 4.946 	 56.310
FHW13150	107.125 	 7.899 	 54.462
FHW13150	107.250 	 7.706 	 57.265
FHW13150	107.375 	 7.899 	 54.462
FHW13150	107.500 	 7.267 	 55.305
FHW13150	107.625 	 7.645 	 57.265
FHW13150	107.750 	 7.899 	 54.462
FHW13150	107.875 	 7.645 	 57.265
FHW13150	108.000 	 7.267 	 55.305
FHW13150	108.125 	 7.899 	 54.462
FHW13150	108.250 	 7.645 	 57.265
FHW13150	108.375 	 7.706 	 57.265
FHW13150	108.500 	 7.535 	 52.431
FHW13150	108.625 	 7.645 	 57.265
FHW13150	108.750 	 7.645 	 57.265
FHW13150	108.875 	 7.899 	 54.462
FHW13150	109.000 	 7.267 	 55.305
FHW13150	109.125 	 7.645 	 57.265
FHW13150	109.250 	 7.899 	 54.462
FHW13150	109.375 	 7.706 	 57.265
FHW13150	109.500 	 7.535 	 52.431
FHW13150	109.625 	 7.645 	 57.265
FHW13150	109.750 	 7.645 	 57.265
FHW13150	109.875 	 7.899 	 54.462
FHW13150	110.000 	 7.645 	 57.265
FHW13150	110.125 	 7.267 	 55.305
FHW13150	110.250 	 7.899 	 54.462
FHW13150	110.375 	 7.706 	 57.264
FHW13150	110.500 	 7.645 	 57.265
FHW13150	110.625 	 7.535 	 52.431
FHW13150	110.750 	 7.645 	 57.264
FHW13150	110.875 	 7.645 	 57.265
FHW13150	111.000 	 7.899 	 54.462
FHW13150	111.125 	 7.267 	 55.305
FHW13150	111.250 	 7.645 	 57.265
FHW13150	111.375 	 7.963 	 54.462
FHW13150	111.500 	 7.645 	 57.265
FHW13150	111.625 	 7.535 	 52.431
FHW13150	111.750 	 7.645 	 57.265
FHW13150	111.875 	 7.645 	 57.265
FHW13150	112.000 	 7.899 	 54.462
FHW13150	112.125 	 7.267 	 55.305
FHW13150	112.250 	 7.645 	 57.264
FHW13150	112.375 	 7.963 	 54.462
FHW13150	112.500 	 7.644 	 57.265
FHW13150	112.625 	 7.267 	 55.305
FHW13150	112.750 	 7.899 	 54.462
FHW13150	112.875 	 7.645 	 57.265
FHW13150	113.000 	 7.645 	 57.265
FHW13150	113.125 	 7.535 	 52.431
FHW13150	113.250 	 7.644 	 57.265
FHW13150	113.375 	 7.963 	 54.462
FHW13150	113.500 	 7.645 	 57.264
FHW13150	113.625 	 7.645 	 57.265
FHW13150	113.750 	 7.535 	 52.431
FHW13150	113.875 	 7.645 	 57.264
FHW13150	114.000 	 7.645 	 57.265
FHW13150	114.125 	 7.899 	 54.462
FHW13150	114.250 	 7.267 	 55.305
FHW13150	114.375 	 7.706 	 57.265
FHW13150	114.500 	 7.899 	 54.462
FHW13150	114.625 	 7.645 	 57.265
FHW13150	114.750 	 7.267 	 55.305
FHW13150	114.875 	 7.899 	 54.462
FHW13150	115.000 	 7.645 	 57.265
FHW13150	115.125 	 7.644 	 57.265
FHW13150	115.250 	 7.535 	 52.431
FHW13150	115.375 	 7.706 	 57.265
FHW13150	115.500 	 7.899 	 54.462
FHW13150	115.625 	 7.645 	 57.265
FHW13150	115.750 	 7.267 	 55.305
FHW13150	115.875 	 7.900 	 54.462
FHW13150	116.000 	 7.645 	 57.265
FHW13150	116.125 	 7.644 	 57.265
FHW13150	116.250 	 9.975 	 56.310
FHW13150	116.375 	 10.354 	 57.724
FHW13150	116.500 	 10.823 	 59.036
FHW13150	116.625 	 10.737 	 59.036
FHW13150	116.750 	 10.737 	 59.036
FHW13150	116.875 	 10.354 	 57.724
FHW13150	117.000 	 10.737 	 59.036
FHW13150	117.125 	 10.737 	 59.036
FHW13150	117.250 	 10.437 	 57.724
FHW13150	117.375 	 10.737 	 59.036
FHW13150	117.500 	 10.737 	 59.036
FHW13150	117.625 	 10.354 	 57.724
FHW13150	117.750 	 10.737 	 59.036
FHW13150	117.875 	 10.737 	 59.036
FHW13150	118.000 	 10.823 	 59.036
FHW13150	118.125 	 10.354 	 57.724
FHW13150	118.250 	 10.737 	 59.036
FHW13150	118.375 	 10.737 	 59.036
FHW13150	118.500 	 10.602 	 55.620
FHW13150	118.625 	 10.737 	 59.036
FHW13150	118.750 	 10.823 	 59.036
FHW13150	118.875 	 10.354 	 57.724
FHW13150	119.000 	 10.737 	 59.036
FHW13150	119.125 	 10.737 	 59.036
FHW13150	119.250 	 10.738 	 59.036
FHW13150	119.375 	 10.354 	 57.724
FHW13150	119.500 	 10.823 	 59.036
FHW13150	119.625 	 10.737 	 59.036
FHW13150	119.750 	 10.354 	 57.724
FHW13150	119.875 	 10.737 	 59.036
FHW13150	120.000 	 10.737 	 59.037
FHW13150	120.125 	 10.354 	 57.724
FHW13150	120.250 	 10.823 	 59.036
FHW13150	120.375 	 10.737 	 59.037
FHW13150	120.500 	 10.737 	 59.036
FHW13150	120.625 	 10.354 	 57.724
FHW13150	120.750 	 10.737 	 59.037
FHW13150	120.875 	 10.976 	 56.976
FHW13150	121.000 	 10.437 	 57.724
FHW13150	121.125 	 10.737 	 59.036
FHW13150	121.250 	 10.737 	 59.037
FHW13150	121.375 	 10.354 	 57.724
FHW13150	121.500 	 10.737 	 59.037
FHW13150	121.625 	 10.824 	 59.036
FHW13150	121.750 	 10.737 	 59.036
FHW13150	121.875 	 10.354 	 57.725
FHW13150	122.000 	 10.737 	 59.036
FHW13150	122.125 	 10.737 	 59.036
FHW13150	122.250 	 10.354 	 57.725
FHW13150	122.375 	 10.823 	 59.036
FHW13150	122.500 	 10.738 	 59.036
FHW13150	122.625 	 10.354 	 57.725
FHW13150	122.750 	 10.737 	 59.036
FHW13150	122.875 	 10.737 	 59.036
FHW13150	123.000 	 10.737 	 59.037
FHW13150	123.125 	 10.437 	 57.724
FHW13150	123.250 	 10.738 	 59.036
FHW13150	123.375 	 10.975 	 56.977
FHW13150	123.500 	 10.354 	 57.724
FHW13150	123.625 	 10.737 	 59.036
FHW13150	123.750 	 10.737 	 59.037
FHW13150	123.875 	 10.437 	 57.724
FHW13150	124.000 	 10.738 	 59.036
FHW13150	124.125 	 10.737 	 59.037
FHW13150	124.250 	 10.737 	 59.036
FHW13150	124.375 	 10.354 	 57.724
FHW13150	124.500 	 10.737 	 59.037
FHW13150	124.625 	 10.823 	 59.036
FHW13150	124.750 	 10.354 	 57.724
FHW13150	124.875 	 10.738 	 59.037
FHW13150	125.000 	 10.737 	 59.036
FHW13150	125.125 	 10.737 	 59.036
FHW13150	125.250 	 10.354 	 57.725
FHW13150	125.375 	 12.219 	 60.524
FHW13150	125.500 	 14.320 	 60.945
FHW13150	125.625 	 13.715 	 61.699
FHW13150	125.750 	 14.207 	 60.945
FHW13150	125.875 	 13.715 	 61.699
FHW13150	126.000 	 14.110 	 62.592
FHW13150	126.125 	 14.319 	 60.945
FHW13150	126.250 	 13.606 	 61.699
FHW13150	126.375 	 14.109 	 62.592
FHW13150	126.500 	 13.933 	 60.018
FHW13150	126.625 	 14.109 	 62.592
FHW13150	126.750 	 14.207 	 60.946
FHW13150	126.875 	 13.715 	 61.699
FHW13150	127.000 	 14.110 	 62.592
FHW13150	127.125 	 13.932 	 60.018
FHW13150	127.250 	 13.998 	 62.592
FHW13150	127.375 	 13.715 	 61.699
FHW13150	127.500 	 14.319 	 60.945
FHW13150	127.625 	 13.998 	 62.592
FHW13150	127.750 	 13.715 	 61.699
FHW13150	127.875 	 14.320 	 60.945
FHW13150	128.000 	 13.715 	 61.699
FHW13150	128.125 	 14.207 	 60.945
FHW13150	128.250 	 14.109 	 62.593
FHW13150	128.375 	 13.715 	 61.699
FHW13150	128.500 	 14.320 	 60.945
FHW13150	128.625 	 13.606 	 61.699
FHW13150	128.750 	 14.109 	 62.592
FHW13150	128.875 	 14.319 	 60.945
FHW13150	129.000 	 13.607 	 61.699
FHW13150	129.125 	 14.319 	 60.946
FHW13150	129.250 	 13.715 	 61.699
FHW13150	129.375 	 14.109 	 62.592
FHW13150	129.500 	 14.208 	 60.945
FHW13150	129.625 	 13.715 	 61.699
FHW13150	129.750 	 14.109 	 62.592
FHW13150	129.875 	 13.932 	 60.018
FHW13150	130.000 	 13.999 	 62.592
FHW13150	130.125 	 14.319 	 60.946
FHW13150	130.250 	 13.715 	 61.699
FHW13150	130.375 	 14.111 	 62.593
FHW13150	130.500 	 13.821 	 60.018
FHW13150	130.625 	 14.109 	 62.593
FHW13150	130.750 	 14.109 	 62.592
FHW13150	130.875 	 13.823 	 60.018
FHW13150	131.000 	 14.109 	 62.592
FHW13150	131.125 	 13.932 	 60.019
FHW13150	131.250 	 14.109 	 62.592
FHW13150	131.375 	 13.999 	 62.592
FHW13150	131.500 	 13.932 	 60.019
FHW13150	131.625 	 14.109 	 62.592
FHW13150	131.750 	 13.715 	 61.699
FHW13150	131.875 	 14.208 	 60.945
FHW13150	132.000 	 14.109 	 62.592
FHW13150	132.125 	 13.932 	 60.019
FHW13150	132.250 	 14.111 	 62.592
FHW13150	132.375 	 13.606 	 61.699
FHW13150	132.500 	 14.319 	 60.946
FHW13150	132.625 	 14.109 	 62.592
FHW13150	132.750 	 13.607 	 61.699
FHW13150	132.875 	 14.319 	 60.945
FHW13150	133.000 	 13.715 	 61.699
FHW13150	133.125 	 14.319 	 60.946
FHW13150	133.250 	 13.999 	 62.592
FHW13150	133.375 	 13.714 	 61.699
FHW13150	133.500 	 14.320 	 60.946
FHW13150	133.625 	 13.716 	 61.699
FHW13150	133.750 	 13.997 	 62.592
FHW13150	133.875 	 14.319 	 60.946
FHW13150	134.000 	 13.715 	 61.699
FHW13150	134.125 	 14.208 	 60.946
FHW13150	134.250 	 13.715 	 61.699
FHW13150	134.375 	 14.109 	 62.592
FHW13150	134.500 	 13.932 	 60.019
FHW13150	134.625 	 17.388 	 64.799
FHW13150	134.750 	 17.715 	 63.435
FHW13150	134.875 	 17.717 	 63.435
FHW13150	135.000 	 17.128 	 64.134
FHW13150	135.125 	 17.715 	 63.435
FHW13150	135.250 	 17.578 	 63.435
FHW13150	135.375 	 17.128 	 64.134
FHW13150	135.500 	 17.715 	 63.435
FHW13150	135.625 	 17.524 	 64.799
FHW13150	135.750 	 17.327 	 62.745
FHW13150	135.875 	 17.715 	 63.435
FHW13150	136.000 	 17.386 	 64.799
FHW13150	136.125 	 17.327 	 62.745
FHW13150	136.250 	 17.715 	 63.435
FHW13150	136.375 	 17.524 	 64.799
FHW13150	136.500 	 17.715 	 63.435
FHW13150	136.625 	 16.995 	 64.134
FHW13150	136.750 	 17.715 	 63.435
FHW13150	136.875 	 17.715 	 63.435
FHW13150	137.000 	 17.130 	 64.134
FHW13150	137.125 	 17.576 	 63.435
FHW13150	137.250 	 17.717 	 63.435
FHW13150	137.375 	 17.128 	 64.134
FHW13150	137.500 	 17.715 	 63.435
FHW13150	137.625 	 17.715 	 63.435
FHW13150	137.750 	 17.128 	 64.134
FHW13150	137.875 	 17.578 	 63.435
FHW13150	138.000 	 17.524 	 64.799
FHW13150	138.125 	 17.325 	 62.744
FHW13150	138.250 	 17.717 	 63.435
FHW13150	138.375 	 17.524 	 64.799
FHW13150	138.500 	 17.578 	 63.435
FHW13150	138.625 	 17.325 	 62.745
FHW13150	138.750 	 17.524 	 64.798
FHW13150	138.875 	 17.715 	 63.435
FHW13150	139.000 	 17.128 	 64.133
FHW13150	139.125 	 17.578 	 63.435
FHW13150	139.250 	 17.715 	 63.435
FHW13150	139.375 	 17.130 	 64.134
FHW13150	139.500 	 17.715 	 63.435
FHW13150	139.625 	 17.715 	 63.435
FHW13150	139.750 	 16.995 	 64.133
FHW13150	139.875 	 17.715 	 63.435
FHW13150	140.000 	 17.715 	 63.435
FHW13150	140.125 	 17.524 	 64.799
FHW13150	140.250 	 17.327 	 62.744
FHW13150	140.375 	 17.386 	 64.799
FHW13150	140.500 	 17.715 	 63.435
FHW13150	140.625 	 17.327 	 62.744
FHW13150	140.750 	 17.524 	 64.799
FHW13150	140.875 	 17.715 	 63.435
FHW13150	141.000 	 17.190 	 62.745
FHW13150	141.125 	 17.524 	 64.798
FHW13150	141.250 	 17.715 	 63.435
FHW13150	141.375 	 17.128 	 64.133
FHW13150	141.500 	 17.717 	 63.436
FHW13150	141.625 	 17.576 	 63.435
FHW13150	141.750 	 17.130 	 64.134
FHW13150	141.875 	 17.715 	 63.435
FHW13150	142.000 	 17.715 	 63.435
FHW13150	142.125 	 17.524 	 64.798
FHW13150	142.250 	 17.190 	 62.745
FHW13150	142.375 	 17.715 	 63.435
FHW13150	142.500 	 17.524 	 64.799
FHW13150	142.625 	 17.327 	 62.744
FHW13150	142.750 	 17.524 	 64.799
FHW13150	142.875 	 17.576 	 63.435
FHW13150	143.000 	 17.327 	 62.744
FHW13150	143.125 	 17.524 	 64.799
FHW13150	143.250 	 17.715 	 63.435
FHW13150	143.375 	 17.325 	 62.745
FHW13150	143.500 	 17.388 	 64.799
FHW13150	143.625 	 17.715 	 63.435
FHW13150	143.750 	 19.767 	 64.654
FHW13150	143.875 	 21.120 	 65.136
FHW13150	144.000 	 20.730 	 64.592
FHW13150	144.125 	 21.468 	 63.997
FHW13150	144.250 	 20.730 	 64.592
FHW13150	144.375 	 21.117 	 65.136
FHW13150	144.500 	 20.895 	 64.593
FHW13150	144.625 	 21.120 	 65.136
FHW13150	144.750 	 21.117 	 65.136
FHW13150	144.875 	 21.084 	 63.435
FHW13150	145.000 	 21.117 	 65.136
FHW13150	145.125 	 20.895 	 64.592
FHW13150	145.250 	 21.117 	 65.136
FHW13150	145.375 	 21.117 	 65.136
FHW13150	145.500 	 20.895 	 64.592
FHW13150	145.625 	 21.300 	 63.997
FHW13150	145.750 	 20.733 	 64.592
FHW13150	145.875 	 21.284 	 65.137
FHW13150	146.000 	 21.117 	 65.136
FHW13150	146.125 	 20.730 	 64.592
FHW13150	146.250 	 21.284 	 65.136
FHW13150	146.375 	 20.918 	 63.435
FHW13150	146.500 	 21.284 	 65.136
FHW13150	146.625 	 21.117 	 65.136
FHW13150	146.750 	 20.733 	 64.592
FHW13150	146.875 	 21.282 	 65.136
FHW13150	147.000 	 20.733 	 64.592
FHW13150	147.125 	 21.300 	 63.997
FHW13150	147.250 	 21.284 	 65.136
FHW13150	147.375 	 20.730 	 64.593
FHW13150	147.500 	 21.117 	 65.136
FHW13150	147.625 	 20.895 	 64.592
FHW13150	147.750 	 21.119 	 65.136
FHW13150	147.875 	 20.918 	 63.435
FHW13150	148.000 	 21.284 	 65.136
FHW13150	148.125 	 21.117 	 65.136
FHW13150	148.250 	 20.895 	 64.592
FHW13150	148.375 	 21.117 	 65.136
FHW13150	148.500 	 20.730 	 64.592
FHW13150	148.625 	 21.468 	 63.997
FHW13150	148.750 	 21.117 	 65.136
FHW13150	148.875 	 20.733 	 64.593
FHW13150	149.000 	 21.284 	 65.136
FHW13150	149.125 	 20.730 	 64.592
FHW13150	149.250 	 21.117 	 65.136
FHW13150	149.375 	 21.468 	 63.997
FHW13150	149.500 	 20.730 	 64.592
FHW13150	149.625 	 21.284 	 65.136
FHW13150	149.750 	 20.730 	 64.592
FHW13150	149.875 	 21.120 	 65.136
FHW13150	150.000 	 21.284 	 65.136
FHW13150	150.125 	 20.918 	 63.435
FHW13150	150.250 	 21.117 	 65.136
FHW13150	150.375 	 20.895 	 64.592
FHW13150	150.500 	 21.117 	 65.136
FHW13150	150.625 	 21.117 	 65.136
FHW13150	150.750 	 20.895 	 64.593
FHW13150	150.875 	 21.302 	 63.996
FHW13150	151.000 	 20.892 	 64.592
FHW13150	151.125 	 21.120 	 65.136
FHW13150	151.250 	 20.730 	 64.592
FHW13150	151.375 	 21.284 	 65.136
FHW13150	151.500 	 21.117 	 65.136
FHW13150	151.625 	 20.918 	 63.435
FHW13150	151.750 	 21.284 	 65.137
FHW13150	151.875 	 20.733 	 64.592
FHW13150	152.000 	 21.117 	 65.136
FHW13150	152.125 	 21.284 	 65.136
FHW13150	152.250 	 20.730 	 64.592
FHW13150	152.375 	 21.300 	 63.997
FHW13150	152.500 	 20.895 	 64.592
FHW13150	152.625 	 21.117 	 65.136
FHW13150	152.750 	 21.284 	 65.136
FHW13150	152.875 	 21.852 	 64.537
FHW13150	153.000 	 24.476 	 64.917
FHW13150	153.125 	 24.476 	 64.917
FHW13150	153.250 	 24.491 	 65.924
FHW13150	153.375 	 24.853 	 65.377
FHW13150	153.500 	 24.476 	 64.917
FHW13150	153.625 	 24.665 	 64.916
FHW13150	153.750 	 24.476 	 64.917
FHW13150	153.875 	 24.476 	 64.917
FHW13150	154.000 	 24.494 	 65.924
FHW13150	154.125 	 24.853 	 65.377
FHW13150	154.250 	 24.473 	 64.917
FHW13150	154.375 	 24.668 	 64.916
FHW13150	154.500 	 24.476 	 64.917
FHW13150	154.625 	 24.476 	 64.917
FHW13150	154.750 	 24.491 	 65.925
FHW13150	154.875 	 24.476 	 64.916
FHW13150	155.000 	 24.853 	 65.377
FHW13150	155.125 	 24.665 	 64.917
FHW13150	155.250 	 24.476 	 64.916
FHW13150	155.375 	 24.302 	 65.925
FHW13150	155.500 	 24.668 	 64.917
FHW13150	155.625 	 24.473 	 64.916
FHW13150	155.750 	 24.853 	 65.377
FHW13150	155.875 	 24.668 	 64.917
FHW13150	156.000 	 24.476 	 64.916
FHW13150	156.125 	 24.302 	 65.925
FHW13150	156.250 	 24.665 	 64.917
FHW13150	156.375 	 24.476 	 64.916
FHW13150	156.500 	 24.476 	 64.917
FHW13150	156.625 	 25.044 	 65.377
FHW13150	156.750 	 24.476 	 64.916
FHW13150	156.875 	 24.302 	 65.925
FHW13150	157.000 	 24.665 	 64.917
FHW13150	157.125 	 24.476 	 64.916
FHW13150	157.250 	 24.476 	 64.917
FHW13150	157.375 	 25.047 	 65.377
FHW13150	157.500 	 24.302 	 65.925
FHW13150	157.625 	 24.473 	 64.916
FHW13150	157.750 	 24.668 	 64.917
FHW13150	157.875 	 24.476 	 64.917
FHW13150	158.000 	 24.476 	 64.917
FHW13150	158.125 	 24.665 	 64.917
FHW13150	158.250 	 24.683 	 66.370
FHW13150	158.375 	 24.476 	 64.916
FHW13150	158.500 	 24.665 	 64.917
FHW13150	158.625 	 24.476 	 64.917
FHW13150	158.750 	 24.476 	 64.917
FHW13150	158.875 	 24.668 	 64.917
FHW13150	159.000 	 24.680 	 66.370
FHW13150	159.125 	 24.476 	 64.916
FHW13150	159.250 	 24.668 	 64.917
FHW13150	159.375 	 24.476 	 64.917
FHW13150	159.500 	 24.476 	 64.917
FHW13150	159.625 	 24.491 	 65.925
FHW13150	159.750 	 24.476 	 64.917
FHW13150	159.875 	 24.852 	 65.376
FHW13150	160.000 	 24.665 	 64.916
FHW13150	160.125 	 24.476 	 64.917
FHW13150	160.250 	 24.476 	 64.917
FHW13150	160.375 	 24.491 	 65.925
FHW13150	160.500 	 24.476 	 64.917
FHW13150	160.625 	 24.476 	 64.917
FHW13150	160.750 	 25.047 	 65.376
FHW13150	160.875 	 24.476 	 64.917
FHW13150	161.000 	 24.300 	 65.925
FHW13150	161.125 	 24.668 	 64.916
FHW13150	161.250 	 24.476 	 64.917
FHW13150	161.375 	 24.476 	 64.917
FHW13150	161.500 	 25.044 	 65.376
FHW13150	161.625 	 24.476 	 64.917
FHW13150	161.750 	 24.303 	 65.925
FHW13150	161.875 	 24.665 	 64.916
FHW13150	162.000 	 24.476 	 64.917
FHW13150	162.125 	 27.663 	 65.637
FHW13150	162.250 	 28.046 	 64.747
FHW13150	162.375 	 27.660 	 65.637
FHW13150	162.500 	 28.245 	 66.037
FHW13150	162.625 	 28.046 	 64.747
FHW13150	162.750 	 27.663 	 65.637
FHW13150	162.875 	 27.875 	 65.638
FHW13150	163.000 	 28.194 	 65.157
FHW13150	163.125 	 27.875 	 65.638
FHW13150	163.250 	 27.832 	 64.747
FHW13150	163.375 	 27.875 	 65.638
FHW13150	163.500 	 28.245 	 66.037
FHW13150	163.625 	 27.832 	 64.747
FHW13150	163.750 	 27.875 	 65.638
FHW13150	163.875 	 27.660 	 65.637
FHW13150	164.000 	 28.046 	 64.747
FHW13150	164.125 	 28.245 	 66.037
FHW13150	164.250 	 27.832 	 64.747
FHW13150	164.375 	 27.875 	 65.638
FHW13150	164.500 	 27.660 	 65.638
FHW13150	164.625 	 28.412 	 65.158
FHW13150	164.750 	 27.663 	 65.637
FHW13150	164.875 	 27.875 	 65.638
FHW13150	165.000 	 28.045 	 64.747
FHW13150	165.125 	 28.028 	 66.037
FHW13150	165.250 	 28.046 	 64.747
FHW13150	165.375 	 27.663 	 65.638
FHW13150	165.500 	 27.875 	 65.638
FHW13150	165.625 	 28.194 	 65.157
FHW13150	165.750 	 27.875 	 65.638
FHW13150	165.875 	 27.878 	 65.637
FHW13150	166.000 	 27.830 	 64.747
FHW13150	166.125 	 27.875 	 65.637
FHW13150	166.250 	 28.197 	 65.158
FHW13150	166.375 	 27.875 	 65.638
FHW13150	166.500 	 27.875 	 65.637
FHW13150	166.625 	 27.829 	 64.747
FHW13150	166.750 	 28.245 	 66.037
FHW13150	166.875 	 27.663 	 65.637
FHW13150	167.000 	 28.045 	 64.747
FHW13150	167.125 	 27.660 	 65.638
FHW13150	167.250 	 28.411 	 65.158
FHW13150	167.375 	 27.875 	 65.638
FHW13150	167.500 	 27.663 	 65.637
FHW13150	167.625 	 28.045 	 64.747
FHW13150	167.750 	 28.028 	 66.038
FHW13150	167.875 	 27.875 	 65.637
FHW13150	168.000 	 28.045 	 64.747
FHW13150	168.125 	 27.663 	 65.637
FHW13150	168.250 	 28.412 	 65.157
FHW13150	168.375 	 27.659 	 65.638
FHW13150	168.500 	 27.879 	 65.638
FHW13150	168.625 	 27.829 	 64.746
FHW13150	168.750 	 27.875 	 65.638
FHW13150	168.875 	 28.245 	 66.038
FHW13150	169.000 	 27.832 	 64.746
FHW13150	169.125 	 27.875 	 65.637
FHW13150	169.250 	 27.829 	 64.747
FHW13150	169.375 	 28.245 	 66.038
FHW13150	169.500 	 27.663 	 65.637
FHW13150	169.625 	 28.045 	 64.747
FHW13150	169.750 	 27.875 	 65.638
FHW13150	169.875 	 28.028 	 66.037
FHW13150	170.000 	 28.046 	 64.748
FHW13150	170.125 	 27.663 	 65.637
FHW13150	170.250 	 28.045 	 64.747
FHW13150	170.375 	 28.245 	 66.038
FHW13150	170.500 	 27.660 	 65.637
FHW13150	170.625 	 28.045 	 64.747
FHW13150	170.750 	 27.663 	 65.637
FHW13150	170.875 	 27.875 	 65.638
FHW13150	171.000 	 28.193 	 65.158
FHW13150	171.125 	 27.879 	 65.638
FHW13150	171.250 	 28.045 	 64.746
FHW13150	171.375 	 30.477 	 65.854
FHW13150	171.500 	 31.230 	 65.410
FHW13150	171.625 	 31.234 	 65.410
FHW13150	171.750 	 31.234 	 65.410
FHW13150	171.875 	 31.230 	 65.410
FHW13150	172.000 	 31.113 	 65.038
FHW13150	172.125 	 31.234 	 65.410
FHW13150	172.250 	 31.234 	 65.410
FHW13150	172.375 	 31.230 	 65.410
FHW13150	172.500 	 30.877 	 65.038
FHW13150	172.625 	 31.234 	 65.410
FHW13150	172.750 	 31.230 	 65.410
FHW13150	172.875 	 31.234 	 65.410
FHW13150	173.000 	 30.877 	 65.037
FHW13150	173.125 	 31.230 	 65.410
FHW13150	173.250 	 31.233 	 65.409
FHW13150	173.375 	 31.234 	 65.410
FHW13150	173.500 	 30.874 	 65.037
FHW13150	173.625 	 31.234 	 65.410
FHW13150	173.750 	 31.234 	 65.410
FHW13150	173.875 	 31.230 	 65.410
FHW13150	174.000 	 30.877 	 65.038
FHW13150	174.125 	 31.230 	 65.410
FHW13150	174.250 	 31.234 	 65.410
FHW13150	174.375 	 31.234 	 65.410
FHW13150	174.500 	 30.873 	 65.038
FHW13150	174.625 	 31.234 	 65.410
FHW13150	174.750 	 31.234 	 65.410
FHW13150	174.875 	 31.230 	 65.410
FHW13150	175.000 	 30.877 	 65.036
FHW13150	175.125 	 31.234 	 65.410
FHW13150	175.250 	 31.069 	 66.218
FHW13150	175.375 	 31.471 	 65.410
FHW13150	175.500 	 30.877 	 65.038
FHW13150	175.625 	 31.234 	 65.410
FHW13150	175.750 	 31.230 	 65.410
FHW13150	175.875 	 31.234 	 65.410
FHW13150	176.000 	 30.877 	 65.038
FHW13150	176.125 	 31.230 	 65.410
FHW13150	176.250 	 31.234 	 65.410
FHW13150	176.375 	 31.234 	 65.410
FHW13150	176.500 	 30.873 	 65.036
FHW13150	176.625 	 31.234 	 65.410
FHW13150	176.750 	 31.234 	 65.410
FHW13150	176.875 	 31.230 	 65.410
FHW13150	177.000 	 30.877 	 65.037
FHW13150	177.125 	 31.234 	 65.410
FHW13150	177.250 	 31.230 	 65.410
FHW13150	177.375 	 31.234 	 65.410
FHW13150	177.500 	 31.234 	 65.410
FHW13150	177.625 	 30.874 	 65.037
FHW13150	177.750 	 31.234 	 65.410
FHW13150	177.875 	 31.230 	 65.410
FHW13150	178.000 	 31.234 	 65.410
FHW13150	178.125 	 30.877 	 65.036
FHW13150	178.250 	 31.230 	 65.410
FHW13150	178.375 	 31.234 	 65.410
FHW13150	178.500 	 31.234 	 65.410
FHW13150	178.625 	 30.874 	 65.037
FHW13150	178.750 	 31.234 	 65.410
FHW13150	178.875 	 31.471 	 65.410
FHW13150	179.000 	 31.234 	 65.410
FHW13150	179.125 	 30.873 	 65.038
FHW13150	179.250 	 31.234 	 65.410
FHW13150	179.375 	 31.234 	 65.410
FHW13150	179.500 	 31.230 	 65.410
FHW13150	179.625 	 30.876 	 65.037
FHW13150	179.750 	 31.234 	 65.410
FHW13150	179.875 	 31.230 	 65.410
FHW13150	180.000 	 31.234 	 65.410
FHW13150	180.125 	 30.877 	 65.037
FHW13150	180.250 	 31.069 	 66.218
FHW13150	180.375 	 31.234 	 65.410
FHW13150	180.500 	 31.990 	 64.983
FHW13150	180.625 	 34.461 	 64.885
FHW13150	180.750 	 34.042 	 65.624
FHW13150	180.875 	 34.117 	 64.536
FHW13150	181.000 	 34.043 	 65.624
FHW13150	181.125 	 34.117 	 64.537
FHW13150	181.250 	 34.042 	 65.623
FHW13150	181.375 	 34.460 	 64.886
FHW13150	181.500 	 33.955 	 65.282
FHW13150	181.625 	 34.200 	 64.885
FHW13150	181.750 	 34.302 	 65.624
FHW13150	181.875 	 33.858 	 64.537
FHW13150	182.000 	 34.460 	 64.884
FHW13150	182.125 	 34.043 	 65.624
FHW13150	182.250 	 34.117 	 64.536
FHW13150	182.375 	 34.042 	 65.624
FHW13150	182.500 	 34.117 	 64.536
FHW13150	182.625 	 34.302 	 65.624
FHW13150	182.750 	 34.200 	 64.884
FHW13150	182.875 	 33.955 	 65.283
FHW13150	183.000 	 34.201 	 64.885
FHW13150	183.125 	 34.301 	 65.624
FHW13150	183.250 	 33.858 	 64.536
FHW13150	183.375 	 34.302 	 65.624
FHW13150	183.500 	 34.460 	 64.884
FHW13150	183.625 	 33.697 	 65.283
FHW13150	183.750 	 34.461 	 64.885
FHW13150	183.875 	 34.042 	 65.624
FHW13150	184.000 	 34.118 	 64.537
FHW13150	184.125 	 34.042 	 65.624
FHW13150	184.250 	 34.117 	 64.536
FHW13150	184.375 	 34.043 	 65.624
FHW13150	184.500 	 34.460 	 64.884
FHW13150	184.625 	 33.955 	 65.283
FHW13150	184.750 	 34.201 	 64.885
FHW13150	184.875 	 34.301 	 65.624
FHW13150	185.000 	 33.858 	 64.536
FHW13150	185.125 	 34.460 	 64.886
FHW13150	185.250 	 34.042 	 65.623
FHW13150	185.375 	 34.117 	 64.537
FHW13150	185.500 	 34.043 	 65.624
FHW13150	185.625 	 34.117 	 64.536
FHW13150	185.750 	 34.301 	 65.624
FHW13150	185.875 	 34.201 	 64.885
FHW13150	186.000 	 33.955 	 65.283
FHW13150	186.125 	 34.200 	 64.884
FHW13150	186.250 	 34.302 	 65.624
FHW13150	186.375 	 33.858 	 64.536
FHW13150	186.500 	 34.301 	 65.624
FHW13150	186.625 	 34.201 	 64.885
FHW13150	186.750 	 33.955 	 65.283
FHW13150	186.875 	 34.460 	 64.884
FHW13150	187.000 	 34.043 	 65.624
FHW13150	187.125 	 34.117 	 64.536
FHW13150	187.250 	 34.042 	 65.624
FHW13150	187.375 	 34.117 	 64.536
FHW13150	187.500 	 34.043 	 65.624
FHW13150	187.625 	 34.460 	 64.884
FHW13150	187.750 	 33.955 	 65.283
FHW13150	187.875 	 34.201 	 64.885
FHW13150	188.000 	 34.301 	 65.624
FHW13150	188.125 	 33.858 	 64.536
FHW13150	188.250 	 34.460 	 64.886
FHW13150	188.375 	 34.042 	 65.623
FHW13150	188.500 	 34.117 	 64.537
FHW13150	188.625 	 34.043 	 65.624
FHW13150	188.750 	 34.117 	 64.537
FHW13150	188.875 	 34.301 	 65.623
FHW13150	189.000 	 34.201 	 64.886
FHW13150	189.125 	 33.955 	 65.282
FHW13150	189.250 	 34.200 	 64.885
FHW13150	189.375 	 34.302 	 65.624
FHW13150	189.500 	 33.858 	 64.537
FHW13150	189.625 	 34.301 	 65.623
FHW13150	189.750 	 34.201 	 64.886
FHW13150	189.875 	 37.203 	 64.799
FHW13150	190.000 	 36.770 	 65.493
FHW13150	190.125 	 37.259 	 65.119
FHW13150	190.250 	 37.203 	 64.799
FHW13150	190.375 	 36.925 	 64.799
FHW13150	190.500 	 37.108 	 65.807
FHW13150	190.625 	 36.924 	 64.798
FHW13150	190.750 	 37.203 	 64.799
FHW13150	190.875 	 37.104 	 65.807
FHW13150	191.000 	 36.928 	 64.799
FHW13150	191.125 	 37.204 	 64.799
FHW13150	191.250 	 37.255 	 65.120
FHW13150	191.375 	 36.770 	 65.493
FHW13150	191.500 	 36.928 	 64.798
FHW13150	191.625 	 37.534 	 65.120
FHW13150	191.750 	 36.925 	 64.799
FHW13150	191.875 	 36.774 	 65.492
FHW13150	192.000 	 37.530 	 65.119
FHW13150	192.125 	 36.929 	 64.799
FHW13150	192.250 	 36.924 	 64.798
FHW13150	192.375 	 37.108 	 65.807
FHW13150	192.500 	 37.204 	 64.799
FHW13150	192.625 	 37.255 	 65.120
FHW13150	192.750 	 36.924 	 64.798
FHW13150	192.875 	 37.049 	 65.493
FHW13150	193.000 	 37.259 	 65.120
FHW13150	193.125 	 36.924 	 64.799
FHW13150	193.250 	 36.929 	 64.799
FHW13150	193.375 	 37.379 	 65.807
FHW13150	193.500 	 36.928 	 64.799
FHW13150	193.625 	 36.925 	 64.799
FHW13150	193.750 	 37.534 	 65.120
FHW13150	193.875 	 36.774 	 65.492
FHW13150	194.000 	 36.925 	 64.799
FHW13150	194.125 	 37.255 	 65.119
FHW13150	194.250 	 37.203 	 64.799
FHW13150	194.375 	 36.775 	 65.493
FHW13150	194.500 	 37.255 	 65.120
FHW13150	194.625 	 37.203 	 64.798
FHW13150	194.750 	 36.925 	 64.799
FHW13150	194.875 	 37.108 	 65.807
FHW13150	195.000 	 36.924 	 64.798
FHW13150	195.125 	 37.203 	 64.799
FHW13150	195.250 	 37.259 	 65.120
FHW13150	195.375 	 36.770 	 65.492
FHW13150	195.500 	 37.204 	 64.799
FHW13150	195.625 	 37.255 	 65.120
FHW13150	195.750 	 36.928 	 64.798
FHW13150	195.875 	 37.049 	 65.493
FHW13150	196.000 	 37.255 	 65.119
FHW13150	196.125 	 36.924 	 64.799
FHW13150	196.250 	 37.259 	 65.119
FHW13150	196.375 	 37.049 	 65.493
FHW13150	196.500 	 36.924 	 64.799
FHW13150	196.625 	 37.259 	 65.120
FHW13150	196.750 	 37.204 	 64.799
FHW13150	196.875 	 36.770 	 65.493
FHW13150	197.000 	 37.254 	 65.119
FHW13150	197.125 	 36.929 	 64.799
FHW13150	197.250 	 37.203 	 64.799
FHW13150	197.375 	 37.103 	 65.806
FHW13150	197.500 	 36.929 	 64.799
FHW13150	197.625 	 37.199 	 64.799
FHW13150	197.750 	 37.258 	 65.119
FHW13150	197.875 	 36.770 	 65.493
FHW13150	198.000 	 36.929 	 64.799
FHW13150	198.125 	 37.534 	 65.120
FHW13150	198.250 	 36.924 	 64.799
FHW13150	198.375 	 36.770 	 65.493
FHW13150	198.500 	 37.534 	 65.120
FHW13150	198.625 	 36.928 	 64.797
FHW13150	198.750 	 36.770 	 65.494
FHW13150	198.875 	 37.259 	 65.119
FHW13150	199.000 	 38.909 	 65.072
FHW13150	199.125 	 40.288 	 65.026
FHW13150	199.250 	 39.989 	 65.025
FHW13150	199.375 	 40.460 	 65.967
FHW13150	199.500 	 39.993 	 65.025
FHW13150	199.625 	 40.288 	 65.026
FHW13150	199.750 	 39.842 	 65.674
FHW13150	199.875 	 40.288 	 65.026
FHW13150	200.000 	 40.309 	 65.322
FHW13150	200.125 	 40.141 	 65.676
FHW13150	200.250 	 39.993 	 65.025
FHW13150	200.375 	 40.288 	 65.026
FHW13150	200.500 	 40.306 	 65.323
FHW13150	200.625 	 39.846 	 65.674
FHW13150	200.750 	 40.288 	 65.026
FHW13150	200.875 	 39.989 	 65.025
FHW13150	201.000 	 40.465 	 65.967
FHW13150	201.125 	 39.989 	 65.025
FHW13150	201.250 	 40.288 	 65.026
FHW13150	201.375 	 39.993 	 65.025
FHW13150	201.500 	 40.460 	 65.967
FHW13150	201.625 	 39.989 	 65.025
FHW13150	201.750 	 40.288 	 65.026
FHW13150	201.875 	 39.848 	 65.676
FHW13150	202.000 	 40.603 	 65.322
FHW13150	202.125 	 39.994 	 65.026
FHW13150	202.250 	 40.286 	 65.025
FHW13150	202.375 	 39.843 	 65.676
FHW13150	202.500 	 40.286 	 65.025
FHW13150	202.625 	 40.311 	 65.323
FHW13150	202.750 	 40.139 	 65.674
FHW13150	202.875 	 39.990 	 65.026
FHW13150	203.000 	 40.291 	 65.025
FHW13150	203.125 	 40.162 	 65.967
FHW13150	203.250 	 40.288 	 65.026
FHW13150	203.375 	 39.993 	 65.025
FHW13150	203.500 	 40.288 	 65.026
FHW13150	203.625 	 40.161 	 65.966
FHW13150	203.750 	 40.288 	 65.026
FHW13150	203.875 	 39.993 	 65.025
FHW13150	204.000 	 40.141 	 65.676
FHW13150	204.125 	 40.309 	 65.322
FHW13150	204.250 	 40.288 	 65.026
FHW13150	204.375 	 39.989 	 65.025
FHW13150	204.500 	 40.141 	 65.676
FHW13150	204.625 	 39.994 	 65.026
FHW13150	204.750 	 40.603 	 65.322
FHW13150	204.875 	 39.843 	 65.676
FHW13150	205.000 	 40.286 	 65.025
FHW13150	205.125 	 39.994 	 65.026
FHW13150	205.250 	 40.603 	 65.322
FHW13150	205.375 	 39.848 	 65.676
FHW13150	205.500 	 40.286 	 65.025
FHW13150	205.625 	 39.990 	 65.026
FHW13150	205.750 	 40.460 	 65.967
FHW13150	205.875 	 39.993 	 65.025
FHW13150	206.000 	 40.288 	 65.026
FHW13150	206.125 	 39.846 	 65.674
FHW13150	206.250 	 40.604 	 65.323
FHW13150	206.375 	 39.989 	 65.025
FHW13150	206.500 	 40.288 	 65.026
FHW13150	206.625 	 39.846 	 65.674
FHW13150	206.750 	 40.604 	 65.323
FHW13150	206.875 	 39.989 	 65.025
FHW13150	207.000 	 40.141 	 65.676
FHW13150	207.125 	 39.993 	 65.025
FHW13150	207.250 	 40.288 	 65.026
FHW13150	207.375 	 40.311 	 65.323
FHW13150	207.500 	 40.139 	 65.674
FHW13150	207.625 	 39.990 	 65.026
FHW13150	207.750 	 40.286 	 65.025
FHW13150	207.875 	 40.167 	 65.967
FHW13150	208.000 	 40.286 	 65.025
FHW13150	208.125 	 40.604 	 65.323
FHW13150	208.250 	 43.211 	 65.833
FHW13150	208.375 	 43.354 	 65.225
FHW13150	208.500 	 43.213 	 65.834
FHW13150	208.625 	 43.350 	 65.224
FHW13150	208.750 	 43.211 	 65.833
FHW13150	208.875 	 43.349 	 65.225
FHW13150	209.000 	 43.217 	 65.834
FHW13150	209.125 	 43.964 	 65.500
FHW13150	209.250 	 43.216 	 65.833
FHW13150	209.375 	 43.349 	 65.225
FHW13150	209.500 	 43.213 	 65.834
FHW13150	209.625 	 43.350 	 65.224
FHW13150	209.750 	 43.216 	 65.833
FHW13150	209.875 	 43.349 	 65.225
FHW13150	210.000 	 43.213 	 65.834
FHW13150	210.125 	 43.350 	 65.224
FHW13150	210.250 	 43.211 	 65.833
FHW13150	210.375 	 43.834 	 66.105
FHW13150	210.500 	 43.351 	 65.226
FHW13150	210.625 	 43.216 	 65.833
FHW13150	210.750 	 43.350 	 65.224
FHW13150	210.875 	 43.211 	 65.833
FHW13150	211.000 	 43.351 	 65.226
FHW13150	211.125 	 43.216 	 65.833
FHW13150	211.250 	 43.349 	 65.225
FHW13150	211.375 	 43.212 	 65.832
FHW13150	211.500 	 43.351 	 65.226
FHW13150	211.625 	 43.834 	 66.105
FHW13150	211.750 	 43.349 	 65.225
FHW13150	211.875 	 43.211 	 65.833
FHW13150	212.000 	 43.356 	 65.225
FHW13150	212.125 	 43.211 	 65.833
FHW13150	212.250 	 43.349 	 65.225
FHW13150	212.375 	 43.211 	 65.833
FHW13150	212.500 	 43.217 	 65.834
FHW13150	212.625 	 43.350 	 65.224
FHW13150	212.750 	 43.211 	 65.833
FHW13150	212.875 	 43.969 	 65.501
FHW13150	213.000 	 43.213 	 65.834
FHW13150	213.125 	 43.350 	 65.224
FHW13150	213.250 	 43.211 	 65.833
FHW13150	213.375 	 43.354 	 65.225
FHW13150	213.500 	 43.213 	 65.834
FHW13150	213.625 	 43.350 	 65.224
FHW13150	213.750 	 43.211 	 65.833
FHW13150	213.875 	 43.354 	 65.225
FHW13150	214.000 	 43.516 	 66.106
FHW13150	214.125 	 43.663 	 65.225
FHW13150	214.250 	 43.216 	 65.832
FHW13150	214.375 	 43.349 	 65.225
FHW13150	214.500 	 43.213 	 65.834
FHW13150	214.625 	 43.211 	 65.833
FHW13150	214.750 	 43.354 	 65.225
FHW13150	214.875 	 43.211 	 65.833
FHW13150	215.000 	 43.350 	 65.224
FHW13150	215.125 	 43.213 	 65.834
FHW13150	215.250 	 43.655 	 65.501
FHW13150	215.375 	 43.525 	 65.833
FHW13150	215.500 	 43.351 	 65.225
FHW13150	215.625 	 43.216 	 65.833
FHW13150	215.750 	 43.349 	 65.225
FHW13150	215.875 	 43.211 	 65.833
FHW13150	216.000 	 43.350 	 65.224
FHW13150	216.125 	 43.217 	 65.834
FHW13150	216.250 	 43.349 	 65.225
FHW13150	216.375 	 43.211 	 65.833
FHW13150	216.500 	 43.652 	 65.501
FHW13150	216.625 	 43.530 	 65.833
FHW13150	216.750 	 43.211 	 65.833
FHW13150	216.875 	 43.349 	 65.225
FHW13150	217.000 	 43.216 	 65.833
FHW13150	217.125 	 43.351 	 65.225
FHW13150	217.250 	 43.211 	 65.833
FHW13150	217.375 	 44.268 	 65.772
FHW13150	217.500 	 46.290 	 65.714
FHW13150	217.625 	 46.579 	 65.974
FHW13150	217.750 	 46.422 	 65.136
FHW13150	217.875 	 46.579 	 65.973
FHW13150	218.000 	 45.957 	 65.714
FHW13150	218.125 	 46.579 	 65.974
FHW13150	218.250 	 46.290 	 65.714
FHW13150	218.375 	 46.578 	 65.972
FHW13150	218.500 	 45.957 	 65.715
FHW13150	218.625 	 46.579 	 65.973
FHW13150	218.750 	 46.290 	 65.715
FHW13150	218.875 	 46.579 	 65.973
FHW13150	219.000 	 45.957 	 65.714
FHW13150	219.125 	 46.579 	 65.974
FHW13150	219.250 	 46.422 	 65.136
FHW13150	219.375 	 46.579 	 65.973
FHW13150	219.500 	 46.289 	 65.713
FHW13150	219.625 	 46.246 	 65.974
FHW13150	219.750 	 46.290 	 65.714
FHW13150	219.875 	 46.579 	 65.973
FHW13150	220.000 	 46.579 	 65.974
FHW13150	220.125 	 45.957 	 65.714
FHW13150	220.250 	 46.579 	 65.973
FHW13150	220.375 	 46.290 	 65.715
FHW13150	220.500 	 46.579 	 65.973
FHW13150	220.625 	 46.088 	 65.135
FHW13150	220.750 	 46.579 	 65.973
FHW13150	220.875 	 46.290 	 65.715
FHW13150	221.000 	 46.579 	 65.973
FHW13150	221.125 	 45.957 	 65.714
FHW13150	221.250 	 46.579 	 65.974
FHW13150	221.375 	 46.290 	 65.714
FHW13150	221.500 	 46.579 	 65.974
FHW13150	221.625 	 46.289 	 65.713
FHW13150	221.750 	 46.246 	 65.973
FHW13150	221.875 	 46.290 	 65.715
FHW13150	222.000 	 46.579 	 65.973
FHW13150	222.125 	 46.422 	 65.136
FHW13150	222.250 	 46.246 	 65.973
FHW13150	222.375 	 46.290 	 65.715
FHW13150	222.500 	 46.579 	 65.973
FHW13150	222.625 	 46.579 	 65.973
FHW13150	222.750 	 45.956 	 65.714
FHW13150	222.875 	 46.579 	 65.973
FHW13150	223.000 	 46.290 	 65.714
FHW13150	223.125 	 46.579 	 65.974
FHW13150	223.250 	 46.290 	 65.714
FHW13150	223.375 	 46.246 	 65.973
FHW13150	223.500 	 46.422 	 65.136
FHW13150	223.625 	 46.579 	 65.974
FHW13150	223.750 	 46.289 	 65.713
FHW13150	223.875 	 46.251 	 65.973
FHW13150	224.000 	 46.285 	 65.715
FHW13150	224.125 	 46.579 	 65.973
FHW13150	224.250 	 46.290 	 65.715
FHW13150	224.375 	 46.251 	 65.973
FHW13150	224.500 	 46.285 	 65.714
FHW13150	224.625 	 46.579 	 65.974
FHW13150	224.750 	 46.289 	 65.713
FHW13150	224.875 	 46.579 	 65.973
FHW13150	225.000 	 46.094 	 65.136
FHW13150	225.125 	 46.574 	 65.974
FHW13150	225.250 	 46.290 	 65.714
FHW13150	225.375 	 46.579 	 65.973
FHW13150	225.500 	 46.251 	 65.974
FHW13150	225.625 	 46.290 	 65.714
FHW13150	225.750 	 46.574 	 65.973
FHW13150	225.875 	 46.289 	 65.714
FHW13150	226.000 	 46.251 	 65.973
FHW13150	226.125 	 46.290 	 65.714
FHW13150	226.250 	 46.579 	 65.974
FHW13150	226.375 	 46.417 	 65.136
FHW13150	226.500 	 46.251 	 65.973
FHW13150	226.625 	 49.374 	 65.606
FHW13150	226.750 	 49.030 	 65.607
FHW13150	226.875 	 49.651 	 65.853
FHW13150	227.000 	 49.380 	 65.607
FHW13150	227.125 	 49.301 	 65.854
FHW13150	227.250 	 49.375 	 65.607
FHW13150	227.375 	 49.651 	 65.854
FHW13150	227.500 	 49.029 	 65.605
FHW13150	227.625 	 49.647 	 65.855
FHW13150	227.750 	 49.035 	 65.606
FHW13150	227.875 	 49.647 	 65.855
FHW13150	228.000 	 49.380 	 65.605
FHW13150	228.125 	 49.302 	 65.855
FHW13150	228.250 	 49.374 	 65.606
FHW13150	228.375 	 49.380 	 65.607
FHW13150	228.500 	 49.302 	 65.853
FHW13150	228.625 	 49.379 	 65.606
FHW13150	228.750 	 49.647 	 65.855
FHW13150	228.875 	 49.029 	 65.606
FHW13150	229.000 	 49.652 	 65.854
FHW13150	229.125 	 49.374 	 65.606
FHW13150	229.250 	 49.302 	 65.855
FHW13150	229.375 	 49.379 	 65.606
FHW13150	229.500 	 49.425 	 65.308
FHW13150	229.625 	 49.379 	 65.606
FHW13150	229.750 	 49.647 	 65.855
FHW13150	229.875 	 49.029 	 65.606
FHW13150	230.000 	 49.652 	 65.854
FHW13150	230.125 	 49.374 	 65.606
FHW13150	230.250 	 49.301 	 65.854
FHW13150	230.375 	 49.380 	 65.607
FHW13150	230.500 	 49.380 	 65.605
FHW13150	230.625 	 49.302 	 65.855
FHW13150	230.750 	 49.374 	 65.606
FHW13150	230.875 	 49.302 	 65.855
FHW13150	231.000 	 49.380 	 65.605
FHW13150	231.125 	 49.647 	 65.855
FHW13150	231.250 	 49.029 	 65.606
FHW13150	231.375 	 49.651 	 65.854
FHW13150	231.500 	 49.380 	 65.607
FHW13150	231.625 	 49.302 	 65.853
FHW13150	231.750 	 49.375 	 65.607
FHW13150	231.875 	 49.651 	 65.854
FHW13150	232.000 	 49.030 	 65.607
FHW13150	232.125 	 49.651 	 65.853
FHW13150	232.250 	 49.030 	 65.607
FHW13150	232.375 	 49.646 	 65.854
FHW13150	232.500 	 49.505 	 65.056
FHW13150	232.625 	 49.029 	 65.606
FHW13150	232.750 	 49.646 	 65.854
FHW13150	232.875 	 49.380 	 65.607
FHW13150	233.000 	 49.302 	 65.853
FHW13150	233.125 	 49.380 	 65.607
FHW13150	233.250 	 49.646 	 65.854
FHW13150	233.375 	 49.030 	 65.607
FHW13150	233.500 	 49.651 	 65.854
FHW13150	233.625 	 49.031 	 65.606
FHW13150	233.750 	 49.646 	 65.854
FHW13150	233.875 	 49.379 	 65.606
FHW13150	234.000 	 49.302 	 65.855
FHW13150	234.125 	 49.380 	 65.605
FHW13150	234.250 	 49.647 	 65.855
FHW13150	234.375 	 49.029 	 65.606
FHW13150	234.500 	 49.652 	 65.855
FHW13150	234.625 	 49.374 	 65.605
FHW13150	234.750 	 49.030 	 65.607
FHW13150	234.875 	 49.651 	 65.854
FHW13150	235.000 	 49.379 	 65.606
FHW13150	235.125 	 49.302 	 65.855
FHW13150	235.250 	 49.374 	 65.605
FHW13150	235.375 	 49.425 	 65.309
FHW13150	235.500 	 49.379 	 65.606
FHW13150	235.625 	 49.652 	 65.854
FHW13150	235.750 	 50.739 	 65.557
FHW13150	235.875 	 52.457 	 65.507
FHW13150	236.000 	 52.463 	 65.508
FHW13150	236.125 	 52.826 	 65.226
FHW13150	236.250 	 52.457 	 65.507
FHW13150	236.375 	 52.458 	 65.508
FHW13150	236.500 	 52.580 	 64.983
FHW13150	236.625 	 52.458 	 65.509
FHW13150	236.750 	 52.458 	 65.508
FHW13150	236.875 	 52.831 	 65.225
FHW13150	237.000 	 52.458 	 65.508
FHW13150	237.125 	 52.458 	 65.508
FHW13150	237.250 	 52.575 	 64.983
FHW13150	237.375 	 52.463 	 65.508
FHW13150	237.500 	 52.711 	 65.746
FHW13150	237.625 	 52.575 	 64.983
FHW13150	237.750 	 52.458 	 65.508
FHW13150	237.875 	 52.098 	 65.509
FHW13150	238.000 	 52.458 	 65.508
FHW13150	238.125 	 52.831 	 65.225
FHW13150	238.250 	 52.458 	 65.508
FHW13150	238.375 	 52.458 	 65.508
FHW13150	238.500 	 52.575 	 64.983
FHW13150	238.625 	 52.463 	 65.508
FHW13150	238.750 	 52.711 	 65.746
FHW13150	238.875 	 52.575 	 64.983
FHW13150	239.000 	 52.458 	 65.508
FHW13150	239.125 	 52.463 	 65.509
FHW13150	239.250 	 52.575 	 64.983
FHW13150	239.375 	 52.458 	 65.508
FHW13150	239.500 	 52.717 	 65.746
FHW13150	239.625 	 52.575 	 64.983
FHW13150	239.750 	 52.458 	 65.508
FHW13150	239.875 	 52.458 	 65.508
FHW13150	240.000 	 52.580 	 64.983
FHW13150	240.125 	 52.711 	 65.746
FHW13150	240.250 	 52.458 	 65.509
FHW13150	240.375 	 52.575 	 64.982
FHW13150	240.500 	 52.463 	 65.509
FHW13150	240.625 	 52.458 	 65.508
FHW13150	240.750 	 52.826 	 65.225
FHW13150	240.875 	 52.458 	 65.508
FHW13150	241.000 	 52.463 	 65.508
FHW13150	241.125 	 52.458 	 65.508
FHW13150	241.250 	 52.575 	 64.983
FHW13150	241.375 	 52.463 	 65.508
FHW13150	241.500 	 52.711 	 65.747
FHW13150	241.625 	 52.575 	 64.983
FHW13150	241.750 	 52.458 	 65.508
FHW13150	241.875 	 52.463 	 65.508
FHW13150	242.000 	 52.575 	 64.983
FHW13150	242.125 	 52.711 	 65.746
FHW13150	242.250 	 52.458 	 65.508
FHW13150	242.375 	 52.580 	 64.983
FHW13150	242.500 	 52.458 	 65.508
FHW13150	242.625 	 52.458 	 65.508
FHW13150	242.750 	 52.826 	 65.225
FHW13150	242.875 	 52.098 	 65.509
FHW13150	243.000 	 52.458 	 65.508
FHW13150	243.125 	 52.580 	 64.983
FHW13150	243.250 	 52.458 	 65.508
FHW13150	243.375 	 52.458 	 65.508
FHW13150	243.500 	 52.826 	 65.225
FHW13150	243.625 	 52.463 	 65.508
FHW13150	243.750 	 52.458 	 65.508
FHW13150	243.875 	 52.575 	 64.983
FHW13150	244.000 	 52.463 	 65.508
FHW13150	244.125 	 52.711 	 65.747
FHW13150	244.250 	 52.458 	 65.508
FHW13150	244.375 	 52.575 	 64.983
FHW13150	244.500 	 52.463 	 65.508
FHW13150	244.625 	 52.458 	 65.508
FHW13150	244.750 	 52.826 	 65.225
FHW13150	244.875 	 52.458 	 65.508
FHW13150	245.000 	 52.463 	 65.508
FHW13150	245.125 	 52.575 	 64.983
FHW13150	245.250 	 53.558 	 65.225
FHW13150	245.375 	 55.897 	 65.418
FHW13150	245.500 	 55.625 	 64.917
FHW13150	245.625 	 55.891 	 65.418
FHW13150	245.750 	 55.773 	 64.681
FHW13150	245.875 	 55.516 	 65.418
FHW13150	246.000 	 56.000 	 64.917
FHW13150	246.125 	 55.662 	 65.186
FHW13150	246.250 	 55.620 	 64.917
FHW13150	246.375 	 55.897 	 65.418
FHW13150	246.500 	 56.000 	 64.917
FHW13150	246.625 	 55.280 	 65.186
FHW13150	246.750 	 56.006 	 64.917
FHW13150	246.875 	 55.891 	 65.417
FHW13150	247.000 	 55.625 	 64.917
FHW13150	247.125 	 55.662 	 65.185
FHW13150	247.250 	 56.000 	 64.917
FHW13150	247.375 	 55.898 	 65.418
FHW13150	247.500 	 55.389 	 64.680
FHW13150	247.625 	 55.892 	 65.418
FHW13150	247.750 	 56.006 	 64.917
FHW13150	247.875 	 55.517 	 65.418
FHW13150	248.000 	 55.765 	 64.680
FHW13150	248.125 	 55.898 	 65.418
FHW13150	248.250 	 55.619 	 64.917
FHW13150	248.375 	 55.898 	 65.418
FHW13150	248.500 	 55.765 	 64.679
FHW13150	248.625 	 55.517 	 65.419
FHW13150	248.750 	 56.006 	 64.917
FHW13150	248.875 	 55.657 	 65.187
FHW13150	249.000 	 55.624 	 64.915
FHW13150	249.125 	 55.898 	 65.419
FHW13150	249.250 	 56.000 	 64.917
FHW13150	249.375 	 55.281 	 65.187
FHW13150	249.500 	 56.004 	 64.915
FHW13150	249.625 	 55.892 	 65.419
FHW13150	249.750 	 56.006 	 64.917
FHW13150	249.875 	 55.281 	 65.187
FHW13150	250.000 	 55.998 	 64.915
FHW13150	250.125 	 55.898 	 65.419
FHW13150	250.250 	 55.386 	 64.681
FHW13150	250.375 	 55.898 	 65.419
FHW13150	250.500 	 55.998 	 64.915
FHW13150	250.625 	 55.517 	 65.419
FHW13150	250.750 	 55.773 	 64.681
FHW13150	250.875 	 55.892 	 65.419
FHW13150	251.000 	 55.624 	 64.915
FHW13150	251.125 	 55.898 	 65.418
FHW13150	251.250 	 55.767 	 64.682
FHW13150	251.375 	 55.517 	 65.419
FHW13150	251.500 	 56.004 	 64.914
FHW13150	251.625 	 55.657 	 65.187
FHW13150	251.750 	 56.006 	 64.917
FHW13150	251.875 	 55.517 	 65.419
FHW13150	252.000 	 55.998 	 64.914
FHW13150	252.125 	 55.663 	 65.187
FHW13150	252.250 	 55.619 	 64.917
FHW13150	252.375 	 55.898 	 65.419
FHW13150	252.500 	 55.998 	 64.914
FHW13150	252.625 	 55.281 	 65.187
FHW13150	252.750 	 56.006 	 64.917
FHW13150	252.875 	 55.892 	 65.419
FHW13150	253.000 	 55.390 	 64.678
FHW13150	253.125 	 55.898 	 65.419
FHW13150	253.250 	 56.000 	 64.917
FHW13150	253.375 	 55.517 	 65.419
FHW13150	253.500 	 55.771 	 64.678
FHW13150	253.625 	 55.892 	 65.419
FHW13150	253.750 	 55.625 	 64.917
FHW13150	253.875 	 55.898 	 65.417
FHW13150	254.000 	 55.765 	 64.680
FHW13150	254.125 	 55.898 	 65.419
FHW13150	254.250 	 55.511 	 65.419
FHW13150	254.375 	 55.771 	 64.678
FHW13150	254.500 	 55.892 	 65.419
FHW13150	254.625 	 55.625 	 64.917
FHW13150	254.750 	 55.898 	 65.419
FHW13150	254.875 	 59.200 	 64.628
FHW13150	255.000 	 59.094 	 65.113
FHW13150	255.125 	 59.101 	 65.112
FHW13150	255.250 	 59.411 	 64.854
FHW13150	255.375 	 59.094 	 65.113
FHW13150	255.500 	 59.100 	 65.113
FHW13150	255.625 	 58.806 	 64.628
FHW13150	255.750 	 59.313 	 65.335
FHW13150	255.875 	 59.100 	 65.113
FHW13150	256.000 	 59.194 	 64.628
FHW13150	256.125 	 59.313 	 65.337
FHW13150	256.250 	 59.101 	 65.112
FHW13150	256.375 	 59.194 	 64.630
FHW13150	256.500 	 59.101 	 65.112
FHW13150	256.625 	 59.313 	 65.337
FHW13150	256.750 	 59.194 	 64.628
FHW13150	256.875 	 59.100 	 65.113
FHW13150	257.000 	 59.101 	 65.112
FHW13150	257.125 	 59.411 	 64.856
FHW13150	257.250 	 59.095 	 65.112
FHW13150	257.375 	 58.705 	 65.113
FHW13150	257.500 	 59.200 	 64.628
FHW13150	257.625 	 59.313 	 65.335
FHW13150	257.750 	 59.094 	 65.113
FHW13150	257.875 	 59.200 	 64.628
FHW13150	258.000 	 59.100 	 65.113
FHW13150	258.125 	 59.313 	 65.335
FHW13150	258.250 	 59.194 	 64.630
FHW13150	258.375 	 59.101 	 65.112
FHW13150	258.500 	 59.313 	 65.337
FHW13150	258.625 	 59.194 	 64.628
FHW13150	258.750 	 59.100 	 65.113
FHW13150	258.875 	 59.101 	 65.112
FHW13150	259.000 	 59.405 	 64.856
FHW13150	259.125 	 59.101 	 65.112
FHW13150	259.250 	 58.705 	 65.113
FHW13150	259.375 	 59.200 	 64.628
FHW13150	259.500 	 59.313 	 65.337
FHW13150	259.625 	 59.095 	 65.112
FHW13150	259.750 	 59.200 	 64.628
FHW13150	259.875 	 59.100 	 65.113
FHW13150	260.000 	 59.307 	 65.337
FHW13150	260.125 	 59.200 	 64.628
FHW13150	260.250 	 59.101 	 65.112
FHW13150	260.375 	 59.100 	 65.113
FHW13150	260.500 	 59.405 	 64.854
FHW13150	260.625 	 59.100 	 65.113
FHW13150	260.750 	 59.101 	 65.112
FHW13150	260.875 	 59.194 	 64.630
FHW13150	261.000 	 58.919 	 65.335
FHW13150	261.125 	 59.100 	 65.113
FHW13150	261.250 	 59.200 	 64.628
FHW13150	261.375 	 59.313 	 65.337
FHW13150	261.500 	 59.095 	 65.112
FHW13150	261.625 	 59.200 	 64.630
FHW13150	261.750 	 59.101 	 65.112
FHW13150	261.875 	 59.307 	 65.337
FHW13150	262.000 	 59.200 	 64.628
FHW13150	262.125 	 59.101 	 65.112
FHW13150	262.250 	 59.094 	 65.113
FHW13150	262.375 	 59.411 	 64.854
FHW13150	262.500 	 59.100 	 65.113
FHW13150	262.625 	 59.101 	 65.112
FHW13150	262.750 	 58.805 	 64.630
FHW13150	262.875 	 59.307 	 65.335
FHW13150	263.000 	 59.100 	 65.113
FHW13150	263.125 	 59.200 	 64.628
FHW13150	263.250 	 59.094 	 65.113
FHW13150	263.375 	 59.313 	 65.335
FHW13150	263.500 	 59.200 	 64.630
FHW13150	263.625 	 59.101 	 65.112
FHW13150	263.750 	 59.307 	 65.337
FHW13150	263.875 	 59.200 	 64.628
FHW13150	264.000 	 59.100 	 65.113
FHW13150	264.125 	 59.095 	 65.112
FHW13150	264.250 	 59.411 	 64.854
FHW13150	264.375 	 60.201 	 64.856
FHW13150	264.500 	 62.812 	 65.512
FHW13150	264.625 	 62.907 	 65.046
FHW13150	264.750 	 62.496 	 65.046
FHW13150	264.875 	 62.709 	 64.826
FHW13150	265.000 	 62.408 	 65.512
FHW13150	265.125 	 62.901 	 65.048
FHW13150	265.250 	 62.716 	 64.826
FHW13150	265.375 	 62.408 	 65.512
FHW13150	265.500 	 62.899 	 65.044
FHW13150	265.625 	 62.907 	 65.048
FHW13150	265.750 	 62.305 	 64.826
FHW13150	265.875 	 62.812 	 65.512
FHW13150	266.000 	 62.497 	 65.044
FHW13150	266.125 	 62.711 	 64.829
FHW13150	266.250 	 62.408 	 65.512
FHW13150	266.375 	 62.906 	 65.044
FHW13150	266.500 	 62.899 	 65.044
FHW13150	266.625 	 62.306 	 64.829
FHW13150	266.750 	 62.818 	 65.512
FHW13150	266.875 	 62.491 	 65.044
FHW13150	267.000 	 62.715 	 64.828
FHW13150	267.125 	 62.814 	 65.514
FHW13150	267.250 	 62.497 	 65.044
FHW13150	267.375 	 62.906 	 65.044
FHW13150	267.500 	 62.214 	 65.298
FHW13150	267.625 	 62.901 	 65.046
FHW13150	267.750 	 62.906 	 65.044
FHW13150	267.875 	 62.299 	 64.826
FHW13150	268.000 	 62.818 	 65.514
FHW13150	268.125 	 62.498 	 65.046
FHW13150	268.250 	 62.899 	 65.044
FHW13150	268.375 	 62.626 	 65.298
FHW13150	268.500 	 62.497 	 65.044
FHW13150	268.625 	 62.901 	 65.046
FHW13150	268.750 	 62.716 	 64.826
FHW13150	268.875 	 62.402 	 65.514
FHW13150	269.000 	 62.906 	 65.044
FHW13150	269.125 	 62.498 	 65.046
FHW13150	269.250 	 62.620 	 65.298
FHW13150	269.375 	 62.906 	 65.044
FHW13150	269.500 	 62.497 	 65.044
FHW13150	269.625 	 62.711 	 64.827
FHW13150	269.750 	 62.408 	 65.514
FHW13150	269.875 	 62.899 	 65.044
FHW13150	270.000 	 62.497 	 65.044
FHW13150	270.125 	 62.628 	 65.300
FHW13150	270.250 	 62.899 	 65.044
FHW13150	270.375 	 62.497 	 65.044
FHW13150	270.500 	 62.626 	 65.297
FHW13150	270.625 	 62.498 	 65.048
FHW13150	270.750 	 62.899 	 65.044
FHW13150	270.875 	 62.899 	 65.044
FHW13150	271.000 	 62.215 	 65.297
FHW13150	271.125 	 62.907 	 65.048
FHW13150	271.250 	 62.899 	 65.044
FHW13150	271.375 	 62.215 	 65.297
FHW13150	271.500 	 62.905 	 65.046
FHW13150	271.625 	 62.492 	 65.046
FHW13150	271.750 	 62.906 	 65.044
FHW13150	271.875 	 62.620 	 65.297
FHW13150	272.000 	 62.496 	 65.046
FHW13150	272.125 	 62.907 	 65.046
FHW13150	272.250 	 62.215 	 65.297
FHW13150	272.375 	 62.899 	 65.044
FHW13150	272.500 	 62.905 	 65.046
FHW13150	272.625 	 62.492 	 65.046
FHW13150	272.750 	 62.626 	 65.297
FHW13150	272.875 	 62.497 	 65.044
FHW13150	273.000 	 62.899 	 65.046
FHW13150	273.125 	 62.820 	 65.514
FHW13150	273.250 	 62.305 	 64.826
FHW13150	273.375 	 62.899 	 65.046
FHW13150	273.500 	 62.408 	 65.512
FHW13150	273.625 	 62.711 	 64.827
FHW13150	273.750 	 62.497 	 65.044
FHW13150	273.875 	 62.905 	 65.046
FHW13150	274.000 	 63.720 	 65.044
FHW13150	274.125 	 65.924 	 65.681
FHW13150	274.250 	 66.001 	 65.224
FHW13150	274.375 	 65.826 	 65.014
FHW13150	274.500 	 65.581 	 65.224
FHW13150	274.625 	 65.924 	 65.683
FHW13150	274.750 	 65.831 	 65.013
FHW13150	274.875 	 65.995 	 65.226
FHW13150	275.000 	 65.752 	 65.471
FHW13150	275.125 	 66.002 	 65.226
FHW13150	275.250 	 65.994 	 65.224
FHW13150	275.375 	 65.832 	 65.014
FHW13150	275.500 	 65.923 	 65.680
FHW13150	275.625 	 65.824 	 65.014
FHW13150	275.750 	 66.002 	 65.226
FHW13150	275.875 	 65.923 	 65.680
FHW13150	276.000 	 65.826 	 65.014
FHW13150	276.125 	 65.588 	 65.224
FHW13150	276.250 	 65.826 	 65.014
FHW13150	276.375 	 65.923 	 65.680
FHW13150	276.500 	 66.002 	 65.226
FHW13150	276.625 	 65.824 	 65.014
FHW13150	276.750 	 66.002 	 65.226
FHW13150	276.875 	 65.923 	 65.680
FHW13150	277.000 	 65.826 	 65.014
FHW13150	277.125 	 66.001 	 65.224
FHW13150	277.250 	 65.752 	 65.471
FHW13150	277.375 	 65.995 	 65.226
FHW13150	277.500 	 66.001 	 65.224
FHW13150	277.625 	 65.826 	 65.016
FHW13150	277.750 	 65.509 	 65.680
FHW13150	277.875 	 65.826 	 65.014
FHW13150	278.000 	 66.001 	 65.224
FHW13150	278.125 	 65.924 	 65.681
FHW13150	278.250 	 65.825 	 65.013
FHW13150	278.375 	 66.002 	 65.226
FHW13150	278.500 	 65.831 	 65.013
FHW13150	278.625 	 65.918 	 65.683
FHW13150	278.750 	 66.001 	 65.224
FHW13150	278.875 	 65.831 	 65.013
FHW13150	279.000 	 65.995 	 65.226
FHW13150	279.125 	 65.923 	 65.680
FHW13150	279.250 	 65.832 	 65.014
FHW13150	279.375 	 65.581 	 65.224
FHW13150	279.500 	 65.746 	 65.475
FHW13150	279.625 	 66.001 	 65.224
FHW13150	279.750 	 66.002 	 65.226
FHW13150	279.875 	 65.825 	 65.013
FHW13150	280.000 	 65.924 	 65.681
FHW13150	280.125 	 65.831 	 65.013
FHW13150	280.250 	 65.994 	 65.224
FHW13150	280.375 	 65.924 	 65.683
FHW13150	280.500 	 65.831 	 65.013
FHW13150	280.625 	 65.995 	 65.226
FHW13150	280.750 	 65.831 	 65.013
FHW13150	280.875 	 65.924 	 65.681
FHW13150	281.000 	 65.994 	 65.224
FHW13150	281.125 	 65.411 	 65.014
FHW13150	281.250 	 65.923 	 65.680
FHW13150	281.375 	 66.002 	 65.227
FHW13150	281.500 	 65.825 	 65.013
FHW13150	281.625 	 66.002 	 65.226
FHW13150	281.750 	 65.752 	 65.471
FHW13150	281.875 	 65.994 	 65.224
FHW13150	282.000 	 66.002 	 65.226
FHW13150	282.125 	 65.831 	 65.013
FHW13150	282.250 	 65.918 	 65.681
FHW13150	282.375 	 65.831 	 65.013
FHW13150	282.500 	 66.002 	 65.227
FHW13150	282.625 	 65.917 	 65.680
FHW13150	282.750 	 65.417 	 65.014
FHW13150	282.875 	 65.994 	 65.224
FHW13150	283.000 	 65.832 	 65.014
FHW13150	283.125 	 65.923 	 65.680
FHW13150	283.250 	 65.995 	 65.226
FHW13150	283.375 	 65.831 	 65.013
FHW13150	283.500 	 65.923 	 65.681
FHW13150	283.625 	 66.417 	 65.226
FHW13150	283.750 	 68.498 	 65.191
FHW13150	283.875 	 68.857 	 65.636
FHW13150	284.000 	 68.428 	 65.638
FHW13150	284.125 	 68.351 	 64.982
FHW13150	284.250 	 68.858 	 65.638
FHW13150	284.375 	 68.428 	 65.638
FHW13150	284.500 	 68.497 	 65.190
FHW13150	284.625 	 68.435 	 65.638
FHW13150	284.750 	 68.699 	 65.432
FHW13150	284.875 	 68.505 	 65.191
FHW13150	285.000 	 68.428 	 65.638
FHW13150	285.125 	 68.857 	 65.636
FHW13150	285.250 	 68.428 	 65.638
FHW13150	285.375 	 68.505 	 65.191
FHW13150	285.500 	 68.706 	 65.432
FHW13150	285.625 	 68.428 	 65.638
FHW13150	285.750 	 68.497 	 65.190
FHW13150	285.875 	 68.858 	 65.640
FHW13150	286.000 	 68.435 	 65.638
FHW13150	286.125 	 68.497 	 65.190
FHW13150	286.250 	 68.707 	 65.433
FHW13150	286.375 	 68.428 	 65.638
FHW13150	286.500 	 68.497 	 65.190
FHW13150	286.625 	 68.435 	 65.638
FHW13150	286.750 	 68.857 	 65.636
FHW13150	286.875 	 68.498 	 65.191
FHW13150	287.000 	 68.274 	 65.433
FHW13150	287.125 	 68.857 	 65.636
FHW13150	287.250 	 68.505 	 65.191
FHW13150	287.375 	 68.428 	 65.638
FHW13150	287.500 	 68.857 	 65.636
FHW13150	287.625 	 68.498 	 65.191
FHW13150	287.750 	 68.273 	 65.432
FHW13150	287.875 	 68.858 	 65.638
FHW13150	288.000 	 68.505 	 65.191
FHW13150	288.125 	 68.427 	 65.636
FHW13150	288.250 	 68.858 	 65.638
FHW13150	288.375 	 68.428 	 65.638
FHW13150	288.500 	 68.351 	 64.982
FHW13150	288.625 	 68.428 	 65.638
FHW13150	288.750 	 68.857 	 65.638
FHW13150	288.875 	 68.498 	 65.190
FHW13150	289.000 	 68.435 	 65.640
FHW13150	289.125 	 68.851 	 65.636
FHW13150	289.250 	 68.352 	 64.984
FHW13150	289.375 	 68.427 	 65.636
FHW13150	289.500 	 68.858 	 65.638
FHW13150	289.625 	 68.498 	 65.191
FHW13150	289.750 	 68.434 	 65.636
FHW13150	289.875 	 68.858 	 65.638
FHW13150	290.000 	 68.345 	 64.984
FHW13150	290.125 	 68.427 	 65.636
FHW13150	290.250 	 68.858 	 65.638
FHW13150	290.375 	 68.497 	 65.190
FHW13150	290.500 	 68.435 	 65.638
FHW13150	290.625 	 68.858 	 65.638
FHW13150	290.750 	 68.344 	 64.982
FHW13150	290.875 	 68.428 	 65.638
FHW13150	291.000 	 68.435 	 65.638
FHW13150	291.125 	 68.926 	 65.190
FHW13150	291.250 	 68.428 	 65.638
FHW13150	291.375 	 68.427 	 65.636
FHW13150	291.500 	 68.707 	 65.433
FHW13150	291.625 	 68.498 	 65.191
FHW13150	291.750 	 68.433 	 65.638
FHW13150	291.875 	 68.858 	 65.638
FHW13150	292.000 	 68.497 	 65.190
FHW13150	292.125 	 68.428 	 65.638
FHW13150	292.250 	 68.707 	 65.433
FHW13150	292.375 	 68.503 	 65.190
FHW13150	292.500 	 68.428 	 65.638
FHW13150	292.625 	 68.428 	 65.638
FHW13150	292.750 	 68.926 	 65.190
FHW13150	292.875 	 68.435 	 65.638
FHW13150	293.000 	 68.273 	 65.432
FHW13150	293.125 	 68.927 	 65.191
FHW13150	293.250 	 68.428 	 65.638
FHW13150	293.375 	 69.863 	 65.838
FHW13150	293.500 	 71.365 	 65.596
FHW13150	293.625 	 70.868 	 66.038
FHW13150	293.750 	 71.358 	 65.596
FHW13150	293.875 	 70.792 	 65.394
FHW13150	294.000 	 71.305 	 66.038
FHW13150	294.125 	 70.929 	 65.596
FHW13150	294.250 	 71.298 	 66.038
FHW13150	294.375 	 70.929 	 65.596
FHW13150	294.500 	 71.304 	 66.036
FHW13150	294.625 	 71.231 	 65.395
FHW13150	294.750 	 70.868 	 66.038
FHW13150	294.875 	 71.358 	 65.596
FHW13150	295.000 	 70.867 	 66.036
FHW13150	295.125 	 71.365 	 65.596
FHW13150	295.250 	 70.868 	 66.038
FHW13150	295.375 	 71.224 	 65.395
FHW13150	295.500 	 70.867 	 66.036
FHW13150	295.625 	 71.365 	 65.596
FHW13150	295.750 	 70.929 	 65.596
FHW13150	295.875 	 71.298 	 66.038
FHW13150	296.000 	 71.364 	 65.595
FHW13150	296.125 	 70.868 	 66.038
FHW13150	296.250 	 71.231 	 65.395
FHW13150	296.375 	 70.868 	 66.038
FHW13150	296.500 	 71.357 	 65.595
FHW13150	296.625 	 70.868 	 66.038
FHW13150	296.750 	 71.365 	 65.596
FHW13150	296.875 	 70.868 	 66.038
FHW13150	297.000 	 71.224 	 65.395
FHW13150	297.125 	 70.867 	 66.036
FHW13150	297.250 	 71.365 	 65.596
FHW13150	297.375 	 71.298 	 66.038
FHW13150	297.500 	 70.936 	 65.596
FHW13150	297.625 	 71.357 	 65.595
FHW13150	297.750 	 70.730 	 65.839
FHW13150	297.875 	 71.365 	 65.596
FHW13150	298.000 	 70.868 	 66.038
FHW13150	298.125 	 71.357 	 65.595
FHW13150	298.250 	 70.868 	 66.038
FHW13150	298.375 	 71.365 	 65.596
FHW13150	298.500 	 70.868 	 66.039
FHW13150	298.625 	 71.224 	 65.392
FHW13150	298.750 	 71.305 	 66.039
FHW13150	298.875 	 70.929 	 65.595
FHW13150	299.000 	 71.305 	 66.039
FHW13150	299.125 	 70.929 	 65.596
FHW13150	299.250 	 71.297 	 66.036
FHW13150	299.375 	 70.793 	 65.395
FHW13150	299.500 	 71.365 	 65.595
FHW13150	299.625 	 70.868 	 66.039
FHW13150	299.750 	 71.357 	 65.595
FHW13150	299.875 	 70.868 	 66.038
FHW13150	300.000 	 71.365 	 65.596
FHW13150	300.125 	 71.163 	 65.839
FHW13150	300.250 	 70.928 	 65.595
FHW13150	300.375 	 71.305 	 66.038
FHW13150	300.500 	 70.929 	 65.596
FHW13150	300.625 	 71.305 	 66.038
FHW13150	300.750 	 70.929 	 65.596
FHW13150	300.875 	 71.297 	 66.036
FHW13150	301.000 	 70.793 	 65.395
FHW13150	301.125 	 71.365 	 65.596
FHW13150	301.250 	 70.868 	 66.038
FHW13150	301.375 	 71.357 	 65.595
FHW13150	301.500 	 71.305 	 66.038
FHW13150	301.625 	 70.929 	 65.596
FHW13150	301.750 	 71.170 	 65.839
FHW13150	301.875 	 70.928 	 65.595
FHW13150	302.000 	 71.298 	 66.038
FHW13150	302.125 	 70.929 	 65.596
FHW13150	302.250 	 71.305 	 66.038
FHW13150	302.375 	 70.928 	 65.595
FHW13150	302.500 	 71.163 	 65.839
FHW13150	302.625 	 71.926 	 65.794
FHW13150	302.750 	 73.682 	 65.794
FHW13150	302.875 	 73.792 	 65.989
FHW13150	303.000 	 74.235 	 65.989
FHW13150	303.125 	 73.675 	 65.794
FHW13150	303.250 	 73.791 	 65.988
FHW13150	303.375 	 73.740 	 66.425
FHW13150	303.500 	 74.121 	 65.794
FHW13150	303.625 	 73.792 	 65.989
FHW13150	303.750 	 73.799 	 65.988
FHW13150	303.875 	 73.675 	 65.794
FHW13150	304.000 	 73.792 	 65.989
FHW13150	304.125 	 74.121 	 65.794
FHW13150	304.250 	 73.792 	 65.989
FHW13150	304.375 	 73.792 	 65.989
FHW13150	304.500 	 73.681 	 65.793
FHW13150	304.625 	 74.228 	 65.989
FHW13150	304.750 	 73.747 	 66.425
FHW13150	304.875 	 73.675 	 65.794
FHW13150	305.000 	 73.792 	 65.989
FHW13150	305.125 	 73.792 	 65.989
FHW13150	305.250 	 74.121 	 65.794
FHW13150	305.375 	 73.792 	 65.989
FHW13150	305.500 	 73.682 	 65.794
FHW13150	305.625 	 73.791 	 65.988
FHW13150	305.750 	 74.235 	 65.989
FHW13150	305.875 	 73.675 	 65.794
FHW13150	306.000 	 73.740 	 66.425
FHW13150	306.125 	 73.792 	 65.989
FHW13150	306.250 	 74.121 	 65.794
FHW13150	306.375 	 73.792 	 65.989
FHW13150	306.500 	 73.799 	 65.989
FHW13150	306.625 	 73.675 	 65.793
FHW13150	306.750 	 73.792 	 65.989
FHW13150	306.875 	 74.234 	 65.988
FHW13150	307.000 	 73.675 	 65.794
FHW13150	307.125 	 73.792 	 65.989
FHW13150	307.250 	 73.682 	 65.794
FHW13150	307.375 	 74.178 	 66.425
FHW13150	307.500 	 73.799 	 65.989
FHW13150	307.625 	 73.675 	 65.794
FHW13150	307.750 	 73.792 	 65.989
FHW13150	307.875 	 73.792 	 65.989
FHW13150	308.000 	 74.120 	 65.793
FHW13150	308.125 	 73.792 	 65.989
FHW13150	308.250 	 73.799 	 65.989
FHW13150	308.375 	 73.675 	 65.794
FHW13150	308.500 	 74.235 	 65.989
FHW13150	308.625 	 73.675 	 65.794
FHW13150	308.750 	 73.740 	 66.425
FHW13150	308.875 	 73.792 	 65.989
FHW13150	309.000 	 73.675 	 65.794
FHW13150	309.125 	 74.234 	 65.988
FHW13150	309.250 	 73.799 	 65.989
FHW13150	309.375 	 73.675 	 65.794
FHW13150	309.500 	 73.792 	 65.988
FHW13150	309.625 	 74.235 	 65.989
FHW13150	309.750 	 73.675 	 65.794
FHW13150	309.875 	 73.792 	 65.989
FHW13150	310.000 	 73.740 	 66.425
FHW13150	310.125 	 73.682 	 65.794
FHW13150	310.250 	 74.228 	 65.989
FHW13150	310.375 	 73.681 	 65.793
FHW13150	310.500 	 73.792 	 65.989
FHW13150	310.625 	 73.792 	 65.989
FHW13150	310.750 	 74.121 	 65.794
FHW13150	310.875 	 73.792 	 65.989
FHW13150	311.000 	 73.792 	 65.989
FHW13150	311.125 	 73.682 	 65.794
FHW13150	311.250 	 73.792 	 65.989
FHW13150	311.375 	 74.184 	 66.425
FHW13150	311.500 	 73.674 	 65.793
FHW13150	311.625 	 73.792 	 65.989
FHW13150	311.750 	 73.675 	 65.794
FHW13150	311.875 	 74.235 	 65.989
FHW13150	312.000 	 73.792 	 65.989
FHW13150	312.125 	 73.682 	 65.794
FHW13150	312.250 	 73.792 	 65.989
FHW13150	312.375 	 75.561 	 65.988
FHW13150	312.500 	 77.048 	 65.751
FHW13150	312.625 	 76.605 	 65.751
FHW13150	312.750 	 77.048 	 65.751
FHW13150	312.875 	 77.048 	 65.751
FHW13150	313.000 	 77.048 	 65.750
FHW13150	313.125 	 76.598 	 65.751
FHW13150	313.250 	 77.048 	 65.751
FHW13150	313.375 	 77.048 	 65.751
FHW13150	313.500 	 77.048 	 65.751
FHW13150	313.625 	 76.605 	 65.750
FHW13150	313.750 	 77.141 	 65.943
FHW13150	313.875 	 77.048 	 65.751
FHW13150	314.000 	 77.048 	 65.751
FHW13150	314.125 	 76.598 	 65.751
FHW13150	314.250 	 77.048 	 65.750
FHW13150	314.375 	 77.048 	 65.751
FHW13150	314.500 	 77.048 	 65.751
FHW13150	314.625 	 76.605 	 65.751
FHW13150	314.750 	 77.041 	 65.751
FHW13150	314.875 	 77.048 	 65.750
FHW13150	315.000 	 77.048 	 65.751
FHW13150	315.125 	 76.605 	 65.751
FHW13150	315.250 	 77.048 	 65.751
FHW13150	315.375 	 77.048 	 65.751
FHW13150	315.500 	 77.048 	 65.750
FHW13150	315.625 	 76.598 	 65.751
FHW13150	315.750 	 77.048 	 65.751
FHW13150	315.875 	 77.048 	 65.751
FHW13150	316.000 	 77.048 	 65.751
FHW13150	316.125 	 76.605 	 65.750
FHW13150	316.250 	 77.048 	 65.751
FHW13150	316.375 	 77.048 	 65.751
FHW13150	316.500 	 77.048 	 65.751
FHW13150	316.625 	 76.598 	 65.751
FHW13150	316.750 	 77.048 	 65.750
FHW13150	316.875 	 77.048 	 65.751
FHW13150	317.000 	 77.048 	 65.751
FHW13150	317.125 	 76.605 	 65.751
FHW13150	317.250 	 77.048 	 65.751
FHW13150	317.375 	 77.048 	 65.750
FHW13150	317.500 	 76.597 	 65.750
FHW13150	317.625 	 77.048 	 65.751
FHW13150	317.750 	 77.048 	 65.751
FHW13150	317.875 	 77.048 	 65.751
FHW13150	318.000 	 76.605 	 65.750
FHW13150	318.125 	 77.048 	 65.751
FHW13150	318.250 	 77.048 	 65.751
FHW13150	318.375 	 77.048 	 65.751
FHW13150	318.500 	 76.555 	 66.181
FHW13150	318.625 	 77.048 	 65.751
FHW13150	318.750 	 77.048 	 65.750
FHW13150	318.875 	 77.048 	 65.751
FHW13150	319.000 	 76.598 	 65.751
FHW13150	319.125 	 77.048 	 65.751
FHW13150	319.250 	 77.048 	 65.751
FHW13150	319.375 	 77.048 	 65.750
FHW13150	319.500 	 76.605 	 65.751
FHW13150	319.625 	 77.048 	 65.751
FHW13150	319.750 	 77.048 	 65.751
FHW13150	319.875 	 77.048 	 65.751
FHW13150	320.000 	 76.598 	 65.750
FHW13150	320.125 	 77.048 	 65.751
FHW13150	320.250 	 77.048 	 65.751
FHW13150	320.375 	 77.048 	 65.751
FHW13150	320.500 	 76.605 	 65.751
FHW13150	320.625 	 77.048 	 65.750
FHW13150	320.750 	 77.048 	 65.751
FHW13150	320.875 	 77.048 	 65.751
FHW13150	321.000 	 76.598 	 65.751
FHW13150	321.125 	 77.048 	 65.751
FHW13150	321.250 	 77.048 	 65.750
FHW13150	321.375 	 77.048 	 65.751
FHW13150	321.500 	 76.605 	 65.751
FHW13150	321.625 	 77.048 	 65.751
FHW13150	321.750 	 77.048 	 65.751
FHW13150	321.875 	 77.048 	 65.750
FHW13150	322.000 	 76.598 	 65.751
FHW13150	322.125 	 79.863 	 65.518
FHW13150	322.250 	 80.318 	 65.518
FHW13150	322.375 	 80.834 	 65.708
FHW13150	322.500 	 80.318 	 65.519
FHW13150	322.625 	 80.318 	 65.516
FHW13150	322.750 	 80.767 	 65.518
FHW13150	322.875 	 80.350 	 65.096
FHW13150	323.000 	 80.311 	 65.516
FHW13150	323.125 	 80.841 	 65.709
FHW13150	323.250 	 80.318 	 65.518
FHW13150	323.375 	 80.767 	 65.516
FHW13150	323.500 	 80.318 	 65.518
FHW13150	323.625 	 80.311 	 65.518
FHW13150	323.750 	 80.774 	 65.516
FHW13150	323.875 	 80.343 	 65.096
FHW13150	324.000 	 80.388 	 65.708
FHW13150	324.125 	 80.767 	 65.518
FHW13150	324.250 	 80.318 	 65.518
FHW13150	324.375 	 80.318 	 65.516
FHW13150	324.500 	 80.767 	 65.518
FHW13150	324.625 	 80.318 	 65.518
FHW13150	324.750 	 80.834 	 65.709
FHW13150	324.875 	 80.318 	 65.518
FHW13150	325.000 	 80.350 	 65.096
FHW13150	325.125 	 80.767 	 65.516
FHW13150	325.250 	 80.318 	 65.518
FHW13150	325.375 	 80.311 	 65.516
FHW13150	325.500 	 80.841 	 65.711
FHW13150	325.625 	 80.311 	 65.518
FHW13150	325.750 	 80.318 	 65.516
FHW13150	325.875 	 80.767 	 65.518
FHW13150	326.000 	 80.318 	 65.518
FHW13150	326.125 	 80.798 	 65.094
FHW13150	326.250 	 80.387 	 65.708
FHW13150	326.375 	 80.318 	 65.518
FHW13150	326.500 	 80.767 	 65.516
FHW13150	326.625 	 80.319 	 65.521
FHW13150	326.750 	 80.318 	 65.518
FHW13150	326.875 	 80.767 	 65.516
FHW13150	327.000 	 80.387 	 65.708
FHW13150	327.125 	 80.343 	 65.094
FHW13150	327.250 	 80.774 	 65.518
FHW13150	327.375 	 80.311 	 65.518
FHW13150	327.500 	 80.318 	 65.516
FHW13150	327.625 	 80.774 	 65.518
FHW13150	327.750 	 80.381 	 65.711
FHW13150	327.875 	 80.774 	 65.516
FHW13150	328.000 	 80.311 	 65.518
FHW13150	328.125 	 80.318 	 65.518
FHW13150	328.250 	 80.798 	 65.094
FHW13150	328.375 	 80.318 	 65.518
FHW13150	328.500 	 80.388 	 65.709
FHW13150	328.625 	 80.767 	 65.518
FHW13150	328.750 	 80.318 	 65.518
FHW13150	328.875 	 80.318 	 65.516
FHW13150	329.000 	 80.767 	 65.518
FHW13150	329.125 	 80.318 	 65.518
FHW13150	329.250 	 80.864 	 65.287
FHW13150	329.375 	 80.318 	 65.518
FHW13150	329.500 	 80.311 	 65.518
FHW13150	329.625 	 80.774 	 65.516
FHW13150	329.750 	 80.311 	 65.518
FHW13150	329.875 	 80.318 	 65.518
FHW13150	330.000 	 80.834 	 65.709
FHW13150	330.125 	 80.318 	 65.518
FHW13150	330.250 	 80.318 	 65.516
FHW13150	330.375 	 80.798 	 65.096
FHW13150	330.500 	 80.318 	 65.518
FHW13150	330.625 	 80.767 	 65.516
FHW13150	330.750 	 80.388 	 65.711
FHW13150	330.875 	 80.318 	 65.518
FHW13150	331.000 	 80.767 	 65.516
FHW13150	331.125 	 80.318 	 65.518
FHW13150	331.250 	 80.311 	 65.518
FHW13150	331.375 	 80.774 	 65.516
FHW13150	331.500 	 80.413 	 65.291
FHW13150	331.625 	 81.683 	 65.516
FHW13150	331.750 	 84.033 	 65.288
FHW13150	331.875 	 84.486 	 65.290
FHW13150	332.000 	 84.033 	 65.288
FHW13150	332.125 	 84.034 	 65.290
FHW13150	332.250 	 84.040 	 65.288
FHW13150	332.375 	 84.034 	 65.290
FHW13150	332.500 	 84.034 	 65.291
FHW13150	332.625 	 84.013 	 65.708
FHW13150	332.750 	 84.486 	 65.290
FHW13150	332.875 	 83.990 	 65.096
FHW13150	333.000 	 84.033 	 65.287
FHW13150	333.125 	 84.034 	 65.291
FHW13150	333.250 	 84.033 	 65.287
FHW13150	333.375 	 84.034 	 65.291
FHW13150	333.500 	 84.034 	 65.290
FHW13150	333.625 	 84.033 	 65.288
FHW13150	333.750 	 84.493 	 65.290
FHW13150	333.875 	 84.033 	 65.288
FHW13150	334.000 	 84.034 	 65.290
FHW13150	334.125 	 84.033 	 65.288
FHW13150	334.250 	 84.014 	 65.709
FHW13150	334.375 	 84.033 	 65.287
FHW13150	334.500 	 84.034 	 65.293
FHW13150	334.625 	 84.493 	 65.290
FHW13150	334.750 	 84.033 	 65.287
FHW13150	334.875 	 84.034 	 65.293
FHW13150	335.000 	 84.033 	 65.287
FHW13150	335.125 	 84.034 	 65.290
FHW13150	335.250 	 84.033 	 65.287
FHW13150	335.375 	 84.034 	 65.293
FHW13150	335.500 	 84.445 	 65.094
FHW13150	335.625 	 84.041 	 65.290
FHW13150	335.750 	 84.033 	 65.287
FHW13150	335.875 	 84.034 	 65.293
FHW13150	336.000 	 84.013 	 65.706
FHW13150	336.125 	 84.034 	 65.290
FHW13150	336.250 	 84.033 	 65.287
FHW13150	336.375 	 84.486 	 65.293
FHW13150	336.500 	 84.034 	 65.290
FHW13150	336.625 	 84.033 	 65.287
FHW13150	336.750 	 84.034 	 65.290
FHW13150	336.875 	 84.033 	 65.290
FHW13150	337.000 	 84.034 	 65.290
FHW13150	337.125 	 84.033 	 65.287
FHW13150	337.250 	 84.493 	 65.290
FHW13150	337.375 	 84.034 	 65.293
FHW13150	337.500 	 84.033 	 65.287
FHW13150	337.625 	 84.034 	 65.290
FHW13150	337.750 	 84.013 	 65.710
FHW13150	337.875 	 84.034 	 65.290
FHW13150	338.000 	 84.033 	 65.287
FHW13150	338.125 	 84.452 	 65.094
FHW13150	338.250 	 84.034 	 65.293
FHW13150	338.375 	 84.034 	 65.290
FHW13150	338.500 	 84.033 	 65.287
FHW13150	338.625 	 84.034 	 65.290
FHW13150	338.750 	 84.033 	 65.290
FHW13150	338.875 	 84.034 	 65.290
FHW13150	339.000 	 84.492 	 65.287
FHW13150	339.125 	 84.034 	 65.290
FHW13150	339.250 	 84.034 	 65.293
FHW13150	339.375 	 84.033 	 65.287
FHW13150	339.500 	 84.014 	 65.709
FHW13150	339.625 	 84.033 	 65.287
FHW13150	339.750 	 84.034 	 65.293
FHW13150	339.875 	 84.485 	 65.287
FHW13150	340.000 	 84.034 	 65.290
FHW13150	340.125 	 84.034 	 65.290
FHW13150	340.250 	 84.033 	 65.290
FHW13150	340.375 	 84.034 	 65.290
FHW13150	340.500 	 84.033 	 65.287
FHW13150	340.625 	 84.034 	 65.293
FHW13150	340.750 	 84.452 	 65.094
FHW13150	340.875 	 84.033 	 65.287
FHW13150	341.000 	 84.034 	 65.290
FHW13150	341.125 	 84.034 	 65.293
FHW13150	341.250 	 85.406 	 65.287
FHW13150	341.375 	 87.260 	 65.479
FHW13150	341.500 	 87.242 	 64.873
FHW13150	341.625 	 87.240 	 65.287
FHW13150	341.750 	 87.260 	 65.482
FHW13150	341.875 	 87.249 	 64.873
FHW13150	342.000 	 87.233 	 65.290
FHW13150	342.125 	 87.249 	 64.870
FHW13150	342.250 	 87.260 	 65.482
FHW13150	342.375 	 87.249 	 64.873
FHW13150	342.500 	 87.240 	 65.287
FHW13150	342.625 	 87.262 	 65.068
FHW13150	342.750 	 87.240 	 65.287
FHW13150	342.875 	 87.240 	 65.293
FHW13150	343.000 	 87.269 	 65.065
FHW13150	343.125 	 87.240 	 65.287
FHW13150	343.250 	 87.242 	 64.873
FHW13150	343.375 	 87.240 	 65.290
FHW13150	343.500 	 87.269 	 65.068
FHW13150	343.625 	 87.240 	 65.287
FHW13150	343.750 	 87.242 	 64.873
FHW13150	343.875 	 87.260 	 65.482
FHW13150	344.000 	 86.784 	 65.287
FHW13150	344.125 	 87.242 	 64.873
FHW13150	344.250 	 87.240 	 65.290
FHW13150	344.375 	 87.269 	 65.065
FHW13150	344.500 	 87.240 	 65.290
FHW13150	344.625 	 87.242 	 64.873
FHW13150	344.750 	 87.260 	 65.479
FHW13150	344.875 	 87.249 	 64.870
FHW13150	345.000 	 87.240 	 65.293
FHW13150	345.125 	 87.240 	 65.290
FHW13150	345.250 	 87.262 	 65.065
FHW13150	345.375 	 87.240 	 65.287
FHW13150	345.500 	 87.249 	 64.873
FHW13150	345.625 	 87.260 	 65.482
FHW13150	345.750 	 87.242 	 64.870
FHW13150	345.875 	 87.240 	 65.290
FHW13150	346.000 	 87.269 	 65.065
FHW13150	346.125 	 87.240 	 65.293
FHW13150	346.250 	 87.240 	 65.287
FHW13150	346.375 	 87.242 	 64.873
FHW13150	346.500 	 87.260 	 65.479
FHW13150	346.625 	 87.249 	 64.873
FHW13150	346.750 	 87.240 	 65.290
FHW13150	346.875 	 87.269 	 65.065
FHW13150	347.000 	 87.233 	 65.290
FHW13150	347.125 	 87.249 	 64.870
FHW13150	347.250 	 87.240 	 65.293
FHW13150	347.375 	 87.260 	 65.479
FHW13150	347.500 	 87.242 	 64.873
FHW13150	347.625 	 87.240 	 65.287
FHW13150	347.750 	 87.269 	 65.065
FHW13150	347.875 	 87.240 	 65.293
FHW13150	348.000 	 87.249 	 64.870
FHW13150	348.125 	 87.253 	 65.479
FHW13150	348.250 	 87.249 	 64.873
FHW13150	348.375 	 87.240 	 65.293
FHW13150	348.500 	 87.240 	 65.287
FHW13150	348.625 	 87.269 	 65.065
FHW13150	348.750 	 87.233 	 65.290
FHW13150	348.875 	 87.249 	 64.870
FHW13150	349.000 	 87.260 	 65.485
FHW13150	349.125 	 87.249 	 64.870
FHW13150	349.250 	 87.233 	 65.290
FHW13150	349.375 	 87.249 	 64.870
FHW13150	349.500 	 87.720 	 65.482
FHW13150	349.625 	 89.076 	 64.873
FHW13150	349.750 	 88.633 	 65.479
FHW13150	349.875 	 89.083 	 64.873
FHW13150	350.000 	 88.616 	 65.287
FHW13150	350.125 	 89.089 	 65.068
FHW13150	350.250 	 88.620 	 64.873
FHW13150	350.375 	 89.079 	 65.287
FHW13150	350.500 	 88.637 	 65.065
FHW13150	350.625 	 89.079 	 65.293
FHW13150	350.750 	 88.630 	 65.065
FHW13150	350.875 	 89.079 	 65.290
FHW13150	351.000 	 88.620 	 64.870
FHW13150	351.125 	 89.089 	 65.065
FHW13150	351.250 	 88.623 	 65.293
FHW13150	351.375 	 89.083 	 64.873
FHW13150	351.500 	 88.626 	 65.479
FHW13150	351.625 	 89.082 	 64.870
FHW13150	351.750 	 88.630 	 65.065
FHW13150	351.875 	 88.623 	 65.293
FHW13150	352.000 	 89.082 	 64.870
FHW13150	352.125 	 88.626 	 65.482
FHW13150	352.250 	 89.082 	 64.870
FHW13150	352.375 	 88.616 	 65.293
FHW13150	352.500 	 89.089 	 65.065
FHW13150	352.625 	 88.627 	 64.870
FHW13150	352.750 	 89.086 	 65.479
FHW13150	352.875 	 88.620 	 64.873
FHW13150	353.000 	 89.079 	 65.293
FHW13150	353.125 	 89.089 	 65.065
FHW13150	353.250 	 89.538 	 64.870
FHW13150	353.375 	 89.545 	 64.873
FHW13150	353.500 	 89.539 	 65.479
FHW13150	353.625 	 89.082 	 64.876
FHW13150	353.750 	 89.545 	 64.870
FHW13150	353.875 	 89.539 	 65.479
FHW13150	354.000 	 89.545 	 64.873
FHW13150	354.125 	 89.082 	 64.870
FHW13150	354.250 	 89.541 	 65.068
FHW13150	354.375 	 89.543 	 65.290
FHW13150	354.500 	 89.538 	 64.873
FHW13150	354.625 	 89.089 	 65.065
FHW13150	354.750 	 89.538 	 64.870
FHW13150	354.875 	 89.543 	 65.293
FHW13150	355.000 	 89.082 	 64.870
FHW13150	355.125 	 89.541 	 65.065
FHW13150	355.250 	 89.545 	 64.873
FHW13150	355.375 	 89.536 	 65.290
FHW13150	355.500 	 89.089 	 65.068
FHW13150	355.625 	 89.545 	 64.870
FHW13150	355.750 	 89.536 	 65.290
FHW13150	355.875 	 89.541 	 65.065
FHW13150	356.000 	 89.083 	 64.873
FHW13150	356.125 	 89.545 	 64.873
FHW13150	356.250 	 89.539 	 65.479
FHW13150	356.375 	 89.545 	 64.873
FHW13150	356.500 	 89.082 	 64.870
FHW13150	356.625 	 89.541 	 65.065
FHW13150	356.750 	 89.543 	 65.293
FHW13150	356.875 	 89.083 	 64.873
FHW13150	357.000 	 89.541 	 65.065
FHW13150	357.125 	 89.545 	 64.870
FHW13150	357.250 	 89.536 	 65.293
FHW13150	357.375 	 89.089 	 65.065
FHW13150	357.500 	 89.538 	 64.870
FHW13150	357.625 	 89.545 	 64.873
FHW13150	357.750 	 89.539 	 65.479
FHW13150	357.875 	 89.082 	 64.876
FHW13150	358.000 	 89.545 	 64.870
FHW13150	358.125 	 89.539 	 65.479
FHW13150	358.250 	 89.545 	 64.873
FHW13150	358.375 	 89.083 	 64.873
FHW13150	358.500 	 89.541 	 65.065
FHW13150	358.625 	 89.536 	 65.290
FHW13150	358.750 	 89.545 	 64.873
FHW13150	358.875 	 89.082 	 64.870
FHW13150	359.000 	 90.000 	 65.065
FHW13150	359.125 	 89.538 	 64.873
FHW13150	359.250 	 90.000 	 64.876
FHW13150	359.375 	 90.000 	 64.870
FHW13150	359.500 	 89.548 	 65.065
FHW13150	359.625 	 90.000 	 64.873
FHW13150	359.750 	 90.000 	 64.870
FHW13150	359.875 	 90.000 	 64.876
FHW13150	360.000 	 89.538 	 64.873
FHW13150	360.125 	 90.000 	 65.065
FHW13150	360.250 	 90.000 	 64.870
FHW13150	360.375 	 89.545 	 64.873
FHW13150	360.500 	 90.000 	 64.873
FHW13150	360.625 	 90.000 	 64.873
FHW13150	360.750 	 89.541 	 65.065
FHW13150	360.875 	 90.000 	 64.873
FHW13150	361.000 	 90.000 	 64.870
FHW13150	361.125 	 90.000 	 64.873
FHW13150	361.250 	 89.548 	 65.068
FHW13150	361.375 	 90.000 	 64.870
FHW13150	361.500 	 90.000 	 64.873
FHW13150	361.625 	 89.538 	 64.873
FHW13150	361.750 	 90.000 	 64.870
FHW13150	361.875 	 90.000 	 65.068
FHW13150	362.000 	 90.000 	 64.873
FHW13150	362.125 	 89.545 	 64.870
FHW13150	362.250 	 90.000 	 64.873
FHW13150	362.375 	 90.000 	 64.870
FHW13150	362.500 	 89.541 	 65.068
FHW13150	362.625 	 90.000 	 64.873
FHW13150	362.750 	 90.000 	 64.873
FHW13150	362.875 	 89.538 	 64.870
FHW13150	363.000 	 90.000 	 64.873
FHW13150	363.125 	 90.000 	 65.065
FHW13150	363.250 	 90.000 	 64.876
FHW13150	363.375 	 89.545 	 64.870
FHW13150	363.500 	 90.000 	 64.873
FHW13150	363.625 	 90.000 	 65.065
FHW13150	363.750 	 89.538 	 64.870
FHW13150	363.875 	 90.000 	 64.873
FHW13150	364.000 	 90.000 	 64.873
FHW13150	364.125 	 90.000 	 64.873
FHW13150	364.250 	 89.548 	 65.065
FHW13150	364.375 	 90.000 	 64.873
FHW13150	364.500 	 90.000 	 64.870
FHW13150	364.625 	 89.538 	 64.876
FHW13150	364.750 	 90.000 	 64.870
FHW13150	364.875 	 90.000 	 65.065
FHW13150	365.000 	 89.545 	 64.873
FHW13150	365.125 	 90.000 	 64.873
FHW13150	365.250 	 90.000 	 64.873
FHW13150	365.375 	 90.000 	 64.873
FHW13150	365.500 	 89.541 	 65.065
FHW13150	365.625 	 90.000 	 64.870
FHW13150	365.750 	 90.000 	 65.290
FHW13150	365.875 	 89.545 	 64.873
FHW13150	366.000 	 90.000 	 64.873
FHW13150	366.125 	 90.000 	 65.065
FHW13150	366.250 	 89.538 	 64.873
FHW13150	366.375 	 90.000 	 64.870
FHW13150	366.500 	 90.000 	 64.873
FHW13150	366.625 	 90.000 	 65.068
FHW13150	366.750 	 89.545 	 64.873
FHW13150	366.875 	 90.000 	 64.870
FHW13150	367.000 	 90.000 	 64.873
FHW13150	367.125 	 89.538 	 64.870
FHW13150	367.250 	 90.000 	 65.068
FHW13150	367.375 	 90.000 	 64.873
FHW13150	367.500 	 90.000 	 64.873
FHW13150	367.625 	 89.545 	 64.870
FHW13150	367.750 	 90.000 	 64.873
FHW13150	367.875 	 90.000 	 65.065
FHW13150	368.000 	 89.538 	 64.873
FHW13150	368.125 	 90.000 	 64.873
FHW13150	368.250 	 90.000 	 64.873
FHW13150	368.375 	 90.000 	 64.456
FHW13150	368.500 	 90.000 	 64.873
FHW13150	368.625 	 90.000 	 64.870
FHW13150	368.750 	 90.000 	 64.462
FHW13150	368.875 	 90.000 	 65.065
FHW13150	369.000 	 90.000 	 64.870
FHW13150	369.125 	 90.000 	 64.459
FHW13150	369.250 	 90.000 	 64.873
FHW13150	369.375 	 90.000 	 64.870
FHW13150	369.500 	 90.461 	 64.462
FHW13150	369.625 	 90.000 	 64.870
FHW13150	369.750 	 90.000 	 64.873
FHW13150	369.875 	 90.000 	 64.870
FHW13150	370.000 	 90.000 	 64.459
FHW13150	370.125 	 90.000 	 64.873
FHW13150	370.250 	 90.000 	 64.873
FHW13150	370.375 	 90.000 	 64.459
FHW13150	370.500 	 90.000 	 64.870
FHW13150	370.625 	 90.000 	 64.873
FHW13150	370.750 	 90.000 	 64.653
FHW13150	370.875 	 90.000 	 64.873
FHW13150	371.000 	 90.000 	 64.873
FHW13150	371.125 	 90.000 	 64.873
FHW13150	371.250 	 90.000 	 64.456
FHW13150	371.375 	 90.455 	 64.873
FHW13150	371.500 	 90.000 	 64.870
FHW13150	371.625 	 90.000 	 64.459
FHW13150	371.750 	 90.000 	 64.870
FHW13150	371.875 	 90.000 	 64.876
FHW13150	372.000 	 90.000 	 64.459
FHW13150	372.125 	 90.000 	 64.870
FHW13150	372.250 	 90.000 	 64.873
FHW13150	372.375 	 90.000 	 64.870
FHW13150	372.500 	 90.000 	 64.459
FHW13150	372.625 	 90.000 	 65.068
FHW13150	372.750 	 90.000 	 64.873
FHW13150	372.875 	 90.000 	 64.456
FHW13150	373.000 	 90.000 	 64.873
FHW13150	373.125 	 90.000 	 64.870
FHW13150	373.250 	 90.000 	 64.459
FHW13150	373.375 	 90.462 	 64.873
FHW13150	373.500 	 90.000 	 64.873
FHW13150	373.625 	 90.000 	 64.873
FHW13150	373.750 	 90.000 	 64.456
FHW13150	373.875 	 90.000 	 64.873
FHW13150	374.000 	 90.000 	 64.870
FHW13150	374.125 	 90.000 	 64.462
FHW13150	374.250 	 90.000 	 64.870
FHW13150	374.375 	 90.000 	 64.873
FHW13150	374.500 	 90.000 	 64.653
FHW13150	374.625 	 90.000 	 64.873
FHW13150	374.750 	 90.000 	 64.870
FHW13150	374.875 	 90.000 	 64.876
FHW13150	375.000 	 90.000 	 64.456
FHW13150	375.125 	 90.000 	 64.873
FHW13150	375.250 	 90.455 	 64.870
FHW13150	375.375 	 90.000 	 64.459
FHW13150	375.500 	 90.000 	 64.873
FHW13150	375.625 	 90.000 	 64.873
FHW13150	375.750 	 90.000 	 64.459
FHW13150	375.875 	 90.000 	 64.870
FHW13150	376.000 	 90.000 	 64.873
FHW13150	376.125 	 90.000 	 64.870
FHW13150	376.250 	 90.000 	 64.459
FHW13150	376.375 	 90.000 	 64.876
FHW13150	376.500 	 90.000 	 65.065
FHW13150	376.625 	 90.000 	 64.456
FHW13150	376.750 	 90.000 	 64.873
FHW13150	376.875 	 90.000 	 64.870
FHW13150	377.000 	 90.000 	 64.459
FHW13150	377.125 	 90.462 	 64.873
FHW13150	377.250 	 90.000 	 64.873
FHW13150	377.375 	 90.000 	 64.459
FHW13150	377.500 	 90.000 	 64.870
FHW13150	377.625 	 90.000 	 64.873
FHW13150	377.750 	 90.454 	 64.456
FHW13150	377.875 	 90.000 	 64.873
FHW13150	378.000 	 90.000 	 64.459
FHW13150	378.125 	 90.000 	 64.873
FHW13150	378.250 	 90.462 	 64.873
FHW13150	378.375 	 90.000 	 64.456
FHW13150	378.500 	 90.000 	 64.873
FHW13150	378.625 	 90.000 	 64.456
FHW13150	378.750 	 90.455 	 64.876
FHW13150	378.875 	 90.000 	 64.870
FHW13150	379.000 	 90.000 	 64.459
FHW13150	379.125 	 90.462 	 64.873
FHW13150	379.250 	 90.000 	 64.456
FHW13150	379.375 	 90.000 	 64.873
FHW13150	379.500 	 90.000 	 64.870
FHW13150	379.625 	 90.454 	 64.462
FHW13150	379.750 	 90.000 	 64.870
FHW13150	379.875 	 90.000 	 64.459
FHW13150	380.000 	 90.000 	 64.873
FHW13150	380.125 	 90.462 	 64.870
FHW13150	380.250 	 90.000 	 64.459
FHW13150	380.375 	 90.000 	 64.873
FHW13150	380.500 	 90.454 	 64.459
FHW13150	380.625 	 90.000 	 64.870
FHW13150	380.750 	 90.000 	 65.068
FHW13150	380.875 	 90.000 	 64.456
FHW13150	381.000 	 90.462 	 64.873
FHW13150	381.125 	 90.000 	 64.456
FHW13150	381.250 	 90.000 	 64.876
FHW13150	381.375 	 90.000 	 64.870
FHW13150	381.500 	 90.461 	 64.459
FHW13150	381.625 	 90.000 	 64.873
FHW13150	381.750 	 90.000 	 64.456
FHW13150	381.875 	 90.455 	 64.873
FHW13150	382.000 	 90.000 	 64.873
FHW13150	382.125 	 90.000 	 64.459
FHW13150	382.250 	 90.000 	 64.870
FHW13150	382.375 	 90.461 	 64.459
FHW13150	382.500 	 90.000 	 64.870
FHW13150	382.625 	 90.000 	 64.873
FHW13150	382.750 	 90.000 	 64.459
FHW13150	382.875 	 90.455 	 64.873
FHW13150	383.000 	 90.000 	 64.459
FHW13150	383.125 	 90.000 	 64.870
FHW13150	383.250 	 90.462 	 64.873
FHW13150	383.375 	 90.000 	 64.456
FHW13150	383.500 	 90.000 	 64.873
FHW13150	383.625 	 90.000 	 64.462
FHW13150	383.750 	 90.455 	 64.870
FHW13150	383.875 	 90.000 	 64.873
FHW13150	384.000 	 90.000 	 64.456
FHW13150	384.125 	 90.000 	 64.873
FHW13150	384.250 	 90.461 	 64.456
FHW13150	384.375 	 90.000 	 64.873
FHW13150	384.500 	 90.000 	 64.876
FHW13150	384.625 	 90.454 	 64.456
FHW13150	384.750 	 90.000 	 64.873
FHW13150	384.875 	 90.000 	 64.456
FHW13150	385.000 	 90.000 	 64.873
FHW13150	385.125 	 90.462 	 64.870
FHW13150	385.250 	 90.000 	 64.462
FHW13150	385.375 	 90.000 	 64.873
FHW13150	385.500 	 90.000 	 64.456
FHW13150	385.625 	 90.455 	 64.873
FHW13150	385.750 	 90.000 	 64.870
FHW13150	385.875 	 90.000 	 64.459
FHW13150	386.000 	 90.000 	 64.873
FHW13150	386.125 	 90.461 	 64.459
FHW13150	386.250 	 90.000 	 64.873
FHW13150	386.375 	 90.000 	 64.870
FHW13150	386.500 	 90.454 	 64.459
FHW13150	386.625 	 90.000 	 64.870
FHW13150	386.750 	 90.000 	 65.065
FHW13150	386.875 	 90.000 	 64.462
FHW13150	387.000 	 90.462 	 64.870
FHW13150	387.125 	 90.000 	 64.873
FHW13150	387.250 	 90.000 	 64.873
FHW13150	387.375 	 90.461 	 64.456
FHW13150	387.500 	 90.000 	 64.873
FHW13150	387.625 	 90.000 	 64.873
FHW13150	387.750 	 90.000 	 64.873
FHW13150	387.875 	 90.454 	 64.456
FHW13150	388.000 	 90.000 	 64.873
FHW13150	388.125 	 90.000 	 64.873
FHW13150	388.250 	 90.459 	 65.065
FHW13150	388.375 	 90.000 	 64.459
FHW13150	388.500 	 90.000 	 64.873
FHW13150	388.625 	 90.000 	 64.870
FHW13150	388.750 	 90.454 	 64.459
FHW13150	388.875 	 90.000 	 64.873
FHW13150	389.000 	 90.000 	 64.870
FHW13150	389.125 	 90.000 	 64.876
FHW13150	389.250 	 90.461 	 64.456
FHW13150	389.375 	 90.000 	 64.873
FHW13150	389.500 	 90.000 	 64.870
FHW13150	389.625 	 90.452 	 65.065
FHW13150	389.750 	 90.000 	 64.459
FHW13150	389.875 	 90.000 	 64.876
FHW13150	390.000 	 90.000 	 64.870
FHW13150	390.125 	 90.462 	 64.873
FHW13150	390.250 	 90.000 	 64.456
FHW13150	390.375 	 90.000 	 64.873
FHW13150	390.500 	 90.455 	 64.870
FHW13150	390.625 	 90.000 	 64.876
FHW13150	390.750 	 90.000 	 64.459
FHW13150	390.875 	 90.000 	 64.870
FHW13150	391.000 	 90.462 	 64.873
FHW13150	391.125 	 90.000 	 65.065
FHW13150	391.250 	 90.000 	 64.456
FHW13150	391.375 	 90.000 	 64.876
FHW13150	391.500 	 90.455 	 64.873
FHW13150	391.625 	 90.000 	 64.456
FHW13150	391.750 	 90.000 	 64.873
FHW13150	391.875 	 90.462 	 64.870
FHW13150	392.000 	 90.000 	 64.873
FHW13150	392.125 	 90.000 	 64.459
FHW13150	392.250 	 90.000 	 64.873
FHW13150	392.375 	 90.455 	 64.870
FHW13150	392.500 	 90.000 	 64.873
FHW13150	392.625 	 90.000 	 64.653
FHW13150	392.750 	 90.462 	 64.873
FHW13150	392.875 	 90.000 	 64.873
FHW13150	393.000 	 90.000 	 64.873
FHW13150	393.125 	 90.000 	 64.456
FHW13150	393.250 	 90.462 	 64.873
FHW13150	393.375 	 90.000 	 64.873
FHW13150	393.500 	 90.000 	 64.870
FHW13150	393.625 	 90.454 	 64.462
FHW13150	393.750 	 90.000 	 64.870
FHW13150	393.875 	 90.000 	 64.873
FHW13150	394.000 	 90.000 	 64.456
FHW13150	394.125 	 90.459 	 65.068
FHW13150	394.250 	 90.000 	 64.870
FHW13150	394.375 	 90.000 	 64.876
FHW13150	394.500 	 90.000 	 64.456
FHW13150	394.625 	 90.455 	 64.873
FHW13150	394.750 	 90.000 	 64.870
FHW13150	394.875 	 90.000 	 64.873
FHW13150	395.000 	 90.461 	 64.456
FHW13150	395.125 	 90.000 	 64.876
FHW13150	395.250 	 90.000 	 64.873
FHW13150	395.375 	 90.000 	 64.870
FHW13150	395.500 	 90.454 	 64.459
FHW13150	395.625 	 90.000 	 65.065
FHW13150	395.750 	 90.000 	 64.870
FHW13150	395.875 	 90.000 	 64.876
FHW13150	396.000 	 90.000 	 64.459
FHW13150	396.125 	 90.000 	 64.870
FHW13150	396.250 	 90.000 	 64.873
FHW13150	396.375 	 90.000 	 64.870
FHW13150	396.500 	 90.000 	 64.873
FHW13150	396.625 	 89.545 	 64.873
FHW13150	396.750 	 90.000 	 64.656
FHW13150	396.875 	 90.000 	 64.870
FHW13150	397.000 	 90.000 	 64.873
FHW13150	397.125 	 90.000 	 64.870
FHW13150	397.250 	 90.000 	 64.873
FHW13150	397.375 	 90.000 	 64.459
FHW13150	397.500 	 90.000 	 64.873
FHW13150	397.625 	 90.000 	 64.870
FHW13150	397.750 	 90.000 	 65.068
FHW13150	397.875 	 89.538 	 64.870
FHW13150	398.000 	 90.000 	 64.873
FHW13150	398.125 	 90.000 	 64.459
FHW13150	398.250 	 90.000 	 64.873
FHW13150	398.375 	 90.000 	 64.870
FHW13150	398.500 	 90.000 	 64.873
FHW13150	398.625 	 90.000 	 64.873
FHW13150	398.750 	 90.000 	 64.653
FHW13150	398.875 	 90.000 	 64.873
FHW13150	399.000 	 89.545 	 64.873
FHW13150	399.125 	 90.000 	 64.870
FHW13150	399.250 	 90.000 	 64.873
FHW13150	399.375 	 90.000 	 64.873
FHW13150	399.500 	 90.000 	 64.456
FHW13150	399.625 	 90.000 	 64.876
FHW13150	399.750 	 90.000 	 65.065
FHW13150	399.875 	 90.000 	 64.870
FHW13150	400.000 	 90.000 	 64.873
FHW13150	400.125 	 89.539 	 64.456
FHW13150	400.250 	 90.000 	 64.873
FHW13150	400.375 	 90.000 	 64.876
FHW13150	400.500 	 90.000 	 64.870
FHW13150	400.625 	 90.000 	 64.873
FHW13150	400.750 	 90.000 	 65.065
FHW13150	400.875 	 90.000 	 64.456
FHW13150	401.000 	 90.000 	 64.876
FHW13150	401.125 	 90.000 	 64.873
FHW13150	401.250 	 89.545 	 64.870
FHW13150	401.375 	 90.000 	 64.873
FHW13150	401.500 	 90.000 	 64.456
FHW13150	401.625 	 90.000 	 64.873
FHW13150	401.750 	 90.000 	 64.873
FHW13150	401.875 	 90.000 	 65.065
FHW13150	402.000 	 90.000 	 64.873
FHW13150	402.125 	 90.000 	 64.873
FHW13150	402.250 	 90.000 	 64.456
FHW13150	402.375 	 89.538 	 64.873
FHW13150	402.500 	 90.000 	 64.873
FHW13150	402.625 	 90.000 	 64.873
FHW13150	402.750 	 90.000 	 64.870
FHW13150	402.875 	 90.000 	 64.656
FHW13150	403.000 	 90.000 	 64.870
FHW13150	403.125 	 90.000 	 64.873
FHW13150	403.250 	 90.000 	 64.873
FHW13150	403.375 	 90.000 	 64.873
FHW13150	403.500 	 89.539 	 64.456
FHW13150	403.625 	 90.000 	 64.873
FHW13150	403.750 	 90.000 	 64.873
FHW13150	403.875 	 90.000 	 65.065
FHW13150	404.000 	 90.000 	 64.873
FHW13150	404.125 	 90.000 	 64.873
FHW13150	404.250 	 90.000 	 64.456
FHW13150	404.375 	 90.000 	 64.873
FHW13150	404.500 	 90.000 	 64.870
FHW13150	404.625 	 89.545 	 64.873
FHW13150	404.750 	 90.000 	 64.876
FHW13150	404.875 	 90.000 	 64.653
FHW13150	405.000 	 90.000 	 64.870
FHW13150	405.125 	 90.000 	 64.873
FHW13150	405.250 	 89.538 	 64.870
FHW13150	405.375 	 90.000 	 64.876
FHW13150	405.500 	 89.546 	 64.459
FHW13150	405.625 	 90.000 	 64.870
FHW13150	405.750 	 90.000 	 64.873
FHW13150	405.875 	 89.539 	 64.456
FHW13150	406.000 	 90.000 	 64.873
FHW13150	406.125 	 89.545 	 64.870
FHW13150	406.250 	 90.000 	 65.071
FHW13150	406.375 	 90.000 	 64.456
FHW13150	406.500 	 89.538 	 64.873
FHW13150	406.625 	 90.000 	 64.870
FHW13150	406.750 	 89.545 	 64.873
FHW13150	406.875 	 90.000 	 64.456
FHW13150	407.000 	 89.538 	 64.876
FHW13150	407.125 	 90.000 	 64.870
FHW13150	407.250 	 90.000 	 64.873
FHW13150	407.375 	 89.546 	 64.459
FHW13150	407.500 	 90.000 	 64.870
FHW13150	407.625 	 89.541 	 65.065
FHW13150	407.750 	 90.000 	 64.876
FHW13150	407.875 	 90.000 	 64.456
FHW13150	408.000 	 89.545 	 64.873
FHW13150	408.125 	 90.000 	 64.873
FHW13150	408.250 	 89.538 	 64.870
FHW13150	408.375 	 90.000 	 64.459
FHW13150	408.500 	 90.000 	 64.873
FHW13150	408.625 	 89.538 	 64.873
FHW13150	408.750 	 90.000 	 64.870
FHW13150	408.875 	 89.546 	 64.459
FHW13150	409.000 	 90.000 	 64.873
FHW13150	409.125 	 90.000 	 65.065
FHW13150	409.250 	 89.538 	 64.873
FHW13150	409.375 	 90.000 	 64.459
FHW13150	409.500 	 89.545 	 64.870
FHW13150	409.625 	 90.000 	 64.873
FHW13150	409.750 	 90.000 	 64.870
FHW13150	409.875 	 89.539 	 64.459
FHW13150	410.000 	 90.000 	 64.876
FHW13150	410.125 	 89.545 	 64.870
FHW13150	410.250 	 90.000 	 64.873
FHW13150	410.375 	 89.539 	 64.456
FHW13150	410.500 	 90.000 	 65.065
FHW13150	410.625 	 90.000 	 64.873
FHW13150	410.750 	 89.545 	 64.876
FHW13150	410.875 	 90.000 	 64.456
FHW13150	411.000 	 89.538 	 64.873
FHW13150	411.125 	 90.000 	 64.870
FHW13150	411.250 	 90.000 	 64.873
FHW13150	411.375 	 89.546 	 64.456
FHW13150	411.500 	 90.000 	 64.876
FHW13150	411.625 	 89.538 	 64.873
FHW13150	411.750 	 90.000 	 64.870
FHW13150	411.875 	 90.000 	 64.653
FHW13150	412.000 	 89.545 	 64.873
FHW13150	412.125 	 90.000 	 64.870
FHW13150	412.250 	 89.538 	 64.876
FHW13150	412.375 	 90.000 	 64.456
FHW13150	412.500 	 90.000 	 64.873
FHW13150	412.625 	 89.538 	 64.873
FHW13150	412.750 	 90.000 	 64.870
FHW13150	412.875 	 89.546 	 64.459
FHW13150	413.000 	 90.000 	 64.873
FHW13150	413.125 	 90.000 	 64.873
FHW13150	413.250 	 89.538 	 64.870
FHW13150	413.375 	 90.000 	 64.656
FHW13150	413.500 	 89.545 	 64.870
FHW13150	413.625 	 90.000 	 64.873
FHW13150	413.750 	 89.538 	 64.873
FHW13150	413.875 	 90.000 	 64.459
FHW13150	414.000 	 90.000 	 64.870
FHW13150	414.125 	 89.545 	 64.873
FHW13150	414.250 	 90.000 	 64.459
FHW13150	414.375 	 90.000 	 64.870
FHW13150	414.500 	 90.000 	 64.876
FHW13150	414.625 	 89.539 	 64.456
FHW13150	414.750 	 90.000 	 64.873
FHW13150	414.875 	 90.000 	 64.870
FHW13150	415.000 	 90.000 	 64.459
FHW13150	415.125 	 89.545 	 64.873
FHW13150	415.250 	 90.000 	 64.873
FHW13150	415.375 	 90.000 	 64.653
FHW13150	415.500 	 90.000 	 64.873
FHW13150	415.625 	 90.000 	 64.870
FHW13150	415.750 	 89.539 	 64.459
FHW13150	415.875 	 90.000 	 64.870
FHW13150	416.000 	 90.000 	 64.876
FHW13150	416.125 	 90.000 	 64.459
FHW13150	416.250 	 89.545 	 64.870
FHW13150	416.375 	 90.000 	 64.873
FHW13150	416.500 	 90.000 	 64.456
FHW13150	416.625 	 90.000 	 64.873
FHW13150	416.750 	 89.539 	 64.456
FHW13150	416.875 	 90.000 	 64.876
FHW13150	417.000 	 90.000 	 64.873
FHW13150	417.125 	 90.000 	 64.456
FHW13150	417.250 	 89.545 	 64.873
FHW13150	417.375 	 90.000 	 64.870
FHW13150	417.500 	 90.000 	 64.459
FHW13150	417.625 	 90.000 	 64.873
FHW13150	417.750 	 89.538 	 64.873
FHW13150	417.875 	 90.000 	 64.459
FHW13150	418.000 	 90.000 	 64.870
FHW13150	418.125 	 90.000 	 64.873
FHW13150	418.250 	 90.000 	 64.653
FHW13150	418.375 	 89.545 	 64.870
FHW13150	418.500 	 90.000 	 64.876
FHW13150	418.625 	 90.000 	 64.456
FHW13150	418.750 	 90.000 	 64.873
FHW13150	418.875 	 89.538 	 64.873
FHW13150	419.000 	 90.000 	 64.456
FHW13150	419.125 	 90.000 	 64.873
FHW13150	419.250 	 90.000 	 64.459
FHW13150	419.375 	 89.538 	 64.873
FHW13150	419.500 	 90.000 	 64.870
FHW13150	419.625 	 90.000 	 64.459
FHW13150	419.750 	 90.000 	 64.873
FHW13150	419.875 	 89.545 	 64.870
FHW13150	420.000 	 90.000 	 64.462
FHW13150	420.125 	 90.000 	 64.870
FHW13150	420.250 	 90.000 	 64.873
FHW13150	420.375 	 89.539 	 64.456
FHW13150	420.500 	 90.000 	 64.873
FHW13150	420.625 	 90.000 	 64.873
FHW13150	420.750 	 90.000 	 64.456
FHW13150	420.875 	 90.000 	 64.876
FHW13150	421.000 	 89.545 	 64.870
FHW13150	421.125 	 90.000 	 64.459
FHW13150	421.250 	 90.000 	 65.065
FHW13150	421.375 	 90.000 	 64.873
FHW13150	421.500 	 89.539 	 64.456
FHW13150	421.625 	 90.000 	 64.876
FHW13150	421.750 	 90.000 	 64.456
FHW13150	421.875 	 90.000 	 64.873
FHW13150	422.000 	 89.545 	 64.870
FHW13150	422.125 	 90.000 	 64.459
FHW13150	422.250 	 90.000 	 64.873
FHW13150	422.375 	 90.000 	 64.873
FHW13150	422.500 	 89.539 	 64.459
FHW13150	422.625 	 90.000 	 64.870
FHW13150	422.750 	 90.000 	 64.873
FHW13150	422.875 	 90.000 	 64.456
FHW13150	423.000 	 89.545 	 64.873
FHW13150	423.125 	 90.000 	 64.873
FHW13150	423.250 	 90.000 	 64.459
FHW13150	423.375 	 90.000 	 64.873
FHW13150	423.500 	 90.000 	 64.456
FHW13150	423.625 	 90.000 	 64.873
FHW13150	423.750 	 89.539 	 64.456
FHW13150	423.875 	 90.000 	 64.873
FHW13150	424.000 	 90.000 	 64.873
FHW13150	424.125 	 90.000 	 64.459
FHW13150	424.250 	 90.000 	 64.873
FHW13150	424.375 	 90.000 	 64.456
FHW13150	424.500 	 90.000 	 64.873
FHW13150	424.625 	 89.546 	 64.456
FHW13150	424.750 	 90.000 	 64.876
FHW13150	424.875 	 90.000 	 64.456
FHW13150	425.000 	 90.000 	 64.873
FHW13150	425.125 	 90.000 	 64.873
FHW13150	425.250 	 90.000 	 64.456
FHW13150	425.375 	 90.000 	 64.873
FHW13150	425.500 	 90.000 	 64.456
FHW13150	425.625 	 89.538 	 64.876
FHW13150	425.750 	 90.000 	 64.456
FHW13150	425.875 	 90.000 	 64.873
FHW13150	426.000 	 90.000 	 64.459
FHW13150	426.125 	 90.000 	 64.870
FHW13150	426.250 	 90.000 	 64.459
FHW13150	426.375 	 90.000 	 64.870
FHW13150	426.500 	 89.545 	 64.876
FHW13150	426.625 	 90.000 	 64.456
FHW13150	426.750 	 90.000 	 64.873
FHW13150	426.875 	 90.000 	 64.459
FHW13150	427.000 	 90.000 	 64.870
FHW13150	427.125 	 90.000 	 64.459
FHW13150	427.250 	 90.000 	 64.873
FHW13150	427.375 	 89.539 	 64.459
FHW13150	427.500 	 90.000 	 64.870
FHW13150	427.625 	 90.000 	 64.873
FHW13150	427.750 	 90.000 	 64.456
FHW13150	427.875 	 90.000 	 64.873
FHW13150	428.000 	 90.000 	 64.459
FHW13150	428.125 	 90.000 	 64.873
FHW13150	428.250 	 89.539 	 64.459
FHW13150	428.375 	 90.000 	 64.870
FHW13150	428.500 	 90.000 	 64.459
FHW13150	428.625 	 90.000 	 64.870
FHW13150	428.750 	 90.000 	 64.459
FHW13150	428.875 	 90.000 	 64.876
FHW13150	429.000 	 90.000 	 64.870
FHW13150	429.125 	 89.546 	 64.459
FHW13150	429.250 	 90.000 	 64.870
FHW13150	429.375 	 90.000 	 64.459
FHW13150	429.500 	 90.000 	 64.870
FHW13150	429.625 	 90.000 	 64.459
FHW13150	429.750 	 90.000 	 64.876
FHW13150	429.875 	 90.000 	 64.456
FHW13150	430.000 	 89.538 	 64.873
FHW13150	430.125 	 90.000 	 64.870
FHW13150	430.250 	 90.000 	 64.459
FHW13150	430.375 	 90.000 	 64.870
FHW13150	430.500 	 90.000 	 64.459
FHW13150	430.625 	 90.000 	 64.876
FHW13150	430.750 	 90.000 	 64.456
FHW13150	430.875 	 90.000 	 64.873
FHW13150	431.000 	 89.546 	 64.456
FHW13150	431.125 	 90.000 	 64.873
FHW13150	431.250 	 90.000 	 64.870
FHW13150	431.375 	 90.000 	 64.462
FHW13150	431.500 	 90.000 	 64.873
FHW13150	431.625 	 90.000 	 64.456
FHW13150	431.750 	 90.000 	 64.873
FHW13150	431.875 	 89.539 	 64.456
FHW13150	432.000 	 90.000 	 64.873
FHW13150	432.125 	 90.000 	 64.456
FHW13150	432.250 	 90.000 	 64.876
FHW13150	432.375 	 90.000 	 64.459
FHW13150	432.500 	 89.545 	 64.870
FHW13150	432.625 	 90.000 	 64.873
FHW13150	432.750 	 89.539 	 64.456
FHW13150	432.875 	 90.000 	 64.873
FHW13150	433.000 	 89.546 	 64.456
FHW13150	433.125 	 89.538 	 64.876
FHW13150	433.250 	 90.000 	 64.456
FHW13150	433.375 	 89.545 	 64.873
FHW13150	433.500 	 90.000 	 64.459
FHW13150	433.625 	 89.538 	 64.870
FHW13150	433.750 	 89.546 	 64.459
FHW13150	433.875 	 90.000 	 64.873
FHW13150	434.000 	 89.539 	 64.459
FHW13150	434.125 	 90.000 	 64.870
FHW13150	434.250 	 89.546 	 64.459
FHW13150	434.375 	 89.538 	 64.873
FHW13150	434.500 	 90.000 	 64.870
FHW13150	434.625 	 89.539 	 64.459
FHW13150	434.750 	 90.000 	 64.873
FHW13150	434.875 	 89.546 	 64.459
FHW13150	435.000 	 89.538 	 64.870
FHW13150	435.125 	 90.000 	 64.459
FHW13150	435.250 	 89.545 	 64.873
FHW13150	435.375 	 90.000 	 64.456
FHW13150	435.500 	 89.538 	 64.876
FHW13150	435.625 	 89.546 	 64.456
FHW13150	435.750 	 90.000 	 64.873
FHW13150	435.875 	 89.539 	 64.456
FHW13150	436.000 	 90.000 	 64.873
FHW13150	436.125 	 89.546 	 64.459
FHW13150	436.250 	 89.534 	 64.675
FHW13150	436.375 	 90.000 	 64.459
FHW13150	436.500 	 89.545 	 64.873
FHW13150	436.625 	 90.000 	 64.870
FHW13150	436.750 	 89.539 	 64.459
FHW13150	436.875 	 89.545 	 64.870
FHW13150	437.000 	 90.000 	 64.459
FHW13150	437.125 	 89.538 	 64.873
FHW13150	437.250 	 90.000 	 64.459
FHW13150	437.375 	 89.538 	 64.873
FHW13150	437.500 	 89.546 	 64.456
FHW13150	437.625 	 90.000 	 64.873
FHW13150	437.750 	 89.539 	 64.456
FHW13150	437.875 	 90.000 	 64.873
FHW13150	438.000 	 89.546 	 64.459
FHW13150	438.125 	 89.538 	 64.873
FHW13150	438.250 	 90.000 	 64.459
FHW13150	438.375 	 89.545 	 64.870
FHW13150	438.500 	 90.000 	 64.873
FHW13150	438.625 	 89.539 	 64.456
FHW13150	438.750 	 89.545 	 64.873
FHW13150	438.875 	 90.000 	 64.462
FHW13150	439.000 	 89.538 	 64.870
FHW13150	439.125 	 90.000 	 64.459
FHW13150	439.250 	 89.545 	 64.870
FHW13150	439.375 	 89.539 	 64.459
FHW13150	439.500 	 90.000 	 64.870
FHW13150	439.625 	 89.546 	 64.459
FHW13150	439.750 	 90.000 	 64.873
FHW13150	439.875 	 89.539 	 64.459
FHW13150	440.000 	 89.545 	 64.873
FHW13150	440.125 	 90.000 	 64.456
FHW13150	440.250 	 89.538 	 64.873
FHW13150	440.375 	 90.000 	 64.456
FHW13150	440.500 	 89.538 	 64.876
FHW13150	440.625 	 89.545 	 64.870
FHW13150	440.750 	 90.000 	 64.459
FHW13150	440.875 	 89.538 	 64.873
FHW13150	441.000 	 90.000 	 64.456
FHW13150	441.125 	 89.545 	 64.873
FHW13150	441.250 	 89.539 	 64.456
FHW13150	441.375 	 90.000 	 64.876
FHW13150	441.500 	 89.546 	 64.456
FHW13150	441.625 	 90.000 	 64.873
FHW13150	441.750 	 89.539 	 64.459
FHW13150	441.875 	 89.545 	 64.870
FHW13150	442.000 	 90.000 	 64.873
FHW13150	442.125 	 89.539 	 64.456
FHW13150	442.250 	 89.545 	 64.876
FHW13150	442.375 	 90.000 	 64.456
FHW13150	442.500 	 89.538 	 64.873
FHW13150	442.625 	 89.545 	 64.873
FHW13150	442.750 	 90.000 	 64.456
FHW13150	442.875 	 89.538 	 64.873
FHW13150	443.000 	 89.538 	 64.873
FHW13150	443.125 	 90.000 	 64.459
FHW13150	443.250 	 89.545 	 64.870
FHW13150	443.375 	 89.539 	 64.459
FHW13150	443.500 	 90.000 	 64.873
FHW13150	443.625 	 89.545 	 64.870
FHW13150	443.750 	 89.539 	 64.462
FHW13150	443.875 	 90.000 	 64.870
FHW13150	444.000 	 89.546 	 64.459
FHW13150	444.125 	 89.538 	 64.870
FHW13150	444.250 	 90.000 	 64.873
FHW13150	444.375 	 89.546 	 64.459
FHW13150	444.500 	 89.538 	 64.870
FHW13150	444.625 	 90.000 	 64.462
FHW13150	444.750 	 89.545 	 64.870
FHW13150	444.875 	 89.538 	 64.873
FHW13150	445.000 	 90.000 	 64.456
FHW13150	445.125 	 89.548 	 65.065
FHW13150	445.250 	 89.538 	 64.873
FHW13150	445.375 	 90.000 	 64.462
FHW13150	445.500 	 89.545 	 64.870
FHW13150	445.625 	 89.539 	 64.459
FHW13150	445.750 	 90.000 	 64.870
FHW13150	445.875 	 89.538 	 64.873
FHW13150	446.000 	 89.546 	 64.456
FHW13150	446.125 	 90.000 	 64.876
FHW13150	446.250 	 89.539 	 64.459
FHW13150	446.375 	 89.545 	 64.870
FHW13150	446.500 	 90.000 	 64.873
FHW13150	446.625 	 89.539 	 64.456
FHW13150	446.750 	 89.545 	 64.873
FHW13150	446.875 	 90.000 	 64.456
FHW13150	447.000 	 89.538 	 64.876
FHW13150	447.125 	 89.545 	 64.873
FHW13150	447.250 	 90.000 	 64.456
FHW13150	447.375 	 89.538 	 64.873
FHW13150	447.500 	 89.545 	 64.870
FHW13150	447.625 	 90.000 	 64.459
FHW13150	447.750 	 89.538 	 64.873
FHW13150	447.875 	 89.546 	 64.459
FHW13150	448.000 	 90.000 	 64.873
FHW13150	448.125 	 89.538 	 64.870
FHW13150	448.250 	 89.539 	 64.459
FHW13150	448.375 	 90.000 	 64.870
FHW13150	448.500 	 89.546 	 64.459
FHW13150	448.625 	 89.538 	 64.873
FHW13150	448.750 	 90.000 	 64.873
FHW13150	448.875 	 89.546 	 64.456
FHW13150	449.000 	 89.538 	 64.873
FHW13150	449.125 	 90.000 	 64.459
FHW13150	449.250 	 89.545 	 64.870
FHW13150	449.375 	 89.538 	 64.876
FHW13150	449.500 	 90.000 	 64.456
FHW13150	449.625 	 89.545 	 64.873
FHW13150	449.750 	 89.538 	 64.870
FHW13150	449.875 	 90.000 	 64.459
FHW13150	450.000 	 89.545 	 64.873
FHW13150	450.125 	 89.539 	 64.456
FHW13150	450.250 	 90.000 	 64.876
FHW13150	450.375 	 89.545 	 64.870
FHW13150	450.500 	 89.539 	 64.459
FHW13150	450.625 	 90.000 	 64.870
FHW13150	450.750 	 89.543 	 64.656
FHW13150	450.875 	 90.000 	 64.870
FHW13150	451.000 	 90.000 	 64.876
FHW13150	451.125 	 90.000 	 64.456
FHW13150	451.250 	 90.000 	 64.873
FHW13150	451.375 	 90.000 	 64.456
FHW13150	451.500 	 90.000 	 64.873
FHW13150	451.625 	 89.546 	 64.459
FHW13150	451.750 	 90.000 	 64.870
FHW13150	451.875 	 90.000 	 64.462
FHW13150	452.000 	 90.000 	 64.870
FHW13150	452.125 	 90.000 	 64.873
FHW13150	452.250 	 90.000 	 64.456
FHW13150	452.375 	 90.000 	 64.873
FHW13150	452.500 	 90.000 	 64.456
FHW13150	452.625 	 90.000 	 64.876
FHW13150	452.750 	 90.000 	 64.459
FHW13150	452.875 	 89.538 	 64.870
FHW13150	453.000 	 90.000 	 64.873
FHW13150	453.125 	 90.000 	 64.456
FHW13150	453.250 	 90.000 	 64.873
FHW13150	453.375 	 90.000 	 64.456
FHW13150	453.500 	 90.000 	 64.876
FHW13150	453.625 	 90.000 	 64.459
FHW13150	453.750 	 90.000 	 64.870
FHW13150	453.875 	 90.000 	 64.459
FHW13150	454.000 	 90.000 	 64.870
FHW13150	454.125 	 89.545 	 64.873
FHW13150	454.250 	 90.000 	 64.459
FHW13150	454.375 	 90.000 	 64.873
FHW13150	454.500 	 90.000 	 64.459
FHW13150	454.625 	 90.000 	 64.870
FHW13150	454.750 	 90.000 	 64.459
FHW13150	454.875 	 90.000 	 64.870
FHW13150	455.000 	 90.000 	 64.459
FHW13150	455.125 	 90.000 	 64.873
FHW13150	455.250 	 90.000 	 64.873
FHW13150	455.375 	 89.539 	 64.459
FHW13150	455.500 	 90.000 	 64.870
FHW13150	455.625 	 90.000 	 64.459
FHW13150	455.750 	 90.000 	 64.870
FHW13150	455.875 	 90.000 	 64.459
FHW13150	456.000 	 90.000 	 64.873
FHW13150	456.125 	 90.000 	 64.873
FHW13150	456.250 	 90.000 	 64.459
FHW13150	456.375 	 90.000 	 64.870
FHW13150	456.500 	 90.000 	 64.459
FHW13150	456.625 	 89.545 	 64.870
FHW13150	456.750 	 90.000 	 64.462
FHW13150	456.875 	 90.000 	 64.870
FHW13150	457.000 	 90.000 	 64.459
FHW13150	457.125 	 90.000 	 64.873
FHW13150	457.250 	 90.000 	 64.870
FHW13150	457.375 	 90.000 	 64.459
FHW13150	457.500 	 90.000 	 64.873
FHW13150	457.625 	 90.000 	 64.459
FHW13150	457.750 	 90.000 	 64.870
FHW13150	457.875 	 89.539 	 64.459
FHW13150	458.000 	 90.000 	 64.870
FHW13150	458.125 	 90.000 	 64.459
FHW13150	458.250 	 90.000 	 64.873
FHW13150	458.375 	 90.000 	 64.873
FHW13150	458.500 	 90.000 	 64.459
FHW13150	458.625 	 90.000 	 64.870
FHW13150	458.750 	 90.000 	 64.459
FHW13150	458.875 	 90.000 	 64.870
FHW13150	459.000 	 90.000 	 64.459
FHW13150	459.125 	 90.000 	 64.873
FHW13150	459.250 	 89.545 	 64.873
FHW13150	459.375 	 90.000 	 64.459
FHW13150	459.500 	 90.000 	 64.870
FHW13150	459.625 	 90.000 	 64.459
FHW13150	459.750 	 90.000 	 64.870
FHW13150	459.875 	 90.000 	 64.459
FHW13150	460.000 	 90.000 	 64.876
FHW13150	460.125 	 90.000 	 64.259
FHW13150	460.250 	 90.000 	 64.456
FHW13150	460.375 	 90.000 	 64.873
FHW13150	460.500 	 90.000 	 64.456
FHW13150	460.625 	 90.454 	 64.459
FHW13150	460.750 	 90.000 	 64.870
FHW13150	460.875 	 90.000 	 64.459
FHW13150	461.000 	 90.000 	 64.462
FHW13150	461.125 	 90.000 	 64.675
FHW13150	461.250 	 90.000 	 64.456
FHW13150	461.375 	 90.000 	 64.459
FHW13150	461.500 	 90.000 	 64.456
FHW13150	461.625 	 90.000 	 64.873
FHW13150	461.750 	 90.000 	 64.456
FHW13150	461.875 	 90.461 	 64.462
FHW13150	462.000 	 90.000 	 64.873
FHW13150	462.125 	 90.000 	 64.456
FHW13150	462.250 	 90.000 	 64.259
FHW13150	462.375 	 90.000 	 64.873
FHW13150	462.500 	 90.000 	 64.456
FHW13150	462.625 	 90.000 	 64.459
FHW13150	462.750 	 90.000 	 64.873
FHW13150	462.875 	 90.000 	 64.459
FHW13150	463.000 	 90.454 	 64.459
FHW13150	463.125 	 90.000 	 64.870
FHW13150	463.250 	 90.000 	 64.259
FHW13150	463.375 	 90.000 	 64.459
FHW13150	463.500 	 90.000 	 64.456
FHW13150	463.625 	 90.000 	 64.873
FHW13150	463.750 	 90.000 	 64.459
FHW13150	463.875 	 90.000 	 64.459
FHW13150	464.000 	 90.000 	 64.873
FHW13150	464.125 	 90.000 	 64.456
FHW13150	464.250 	 90.461 	 64.459
FHW13150	464.375 	 90.000 	 64.675
FHW13150	464.500 	 90.000 	 64.456
FHW13150	464.625 	 90.000 	 64.459
FHW13150	464.750 	 90.000 	 64.873
FHW13150	464.875 	 90.000 	 64.459
FHW13150	465.000 	 90.000 	 64.459
FHW13150	465.125 	 90.000 	 64.870
FHW13150	465.250 	 90.000 	 64.459
FHW13150	465.375 	 90.454 	 64.456
FHW13150	465.500 	 90.000 	 64.675
FHW13150	465.625 	 90.000 	 64.462
FHW13150	465.750 	 90.000 	 64.459
FHW13150	465.875 	 90.000 	 64.459
FHW13150	466.000 	 90.000 	 64.867
FHW13150	466.125 	 90.000 	 64.459
FHW13150	466.250 	 90.000 	 64.459
FHW13150	466.375 	 90.000 	 64.873
FHW13150	466.500 	 90.464 	 64.262
FHW13150	466.625 	 90.000 	 64.453
FHW13150	466.750 	 90.000 	 64.873
FHW13150	466.875 	 90.000 	 64.459
FHW13150	467.000 	 90.000 	 64.459
FHW13150	467.125 	 90.000 	 64.873
FHW13150	467.250 	 90.000 	 64.453
FHW13150	467.375 	 90.000 	 64.459
FHW13150	467.500 	 90.000 	 64.876
FHW13150	467.625 	 90.000 	 64.259
FHW13150	467.750 	 90.454 	 64.459
FHW13150	467.875 	 90.000 	 64.459
FHW13150	468.000 	 90.000 	 64.867
FHW13150	468.125 	 90.000 	 64.459
FHW13150	468.250 	 90.000 	 64.459
FHW13150	468.375 	 90.000 	 64.876
FHW13150	468.500 	 90.000 	 64.453
FHW13150	468.625 	 90.000 	 64.259
FHW13150	468.750 	 90.000 	 64.873
FHW13150	468.875 	 90.461 	 64.459
FHW13150	469.000 	 90.000 	 64.459
FHW13150	469.125 	 90.000 	 64.873
FHW13150	469.250 	 90.000 	 64.453
FHW13150	469.375 	 90.000 	 64.462
FHW13150	469.500 	 90.000 	 64.259
FHW13150	469.625 	 90.461 	 64.459
FHW13150	469.750 	 90.000 	 64.459
FHW13150	469.875 	 90.000 	 64.873
FHW13150	470.000 	 90.000 	 64.453
FHW13150	470.125 	 90.454 	 64.459
FHW13150	470.250 	 90.000 	 64.259
FHW13150	470.375 	 90.000 	 64.462
FHW13150	470.500 	 90.000 	 64.459
FHW13150	470.625 	 90.000 	 64.867
FHW13150	470.750 	 90.461 	 64.459
FHW13150	470.875 	 90.000 	 64.259
FHW13150	471.000 	 90.000 	 64.459
FHW13150	471.125 	 90.000 	 64.459
FHW13150	471.250 	 90.454 	 64.459
FHW13150	471.375 	 90.000 	 64.870
FHW13150	471.500 	 90.000 	 64.259
FHW13150	471.625 	 90.000 	 64.459
FHW13150	471.750 	 90.000 	 64.459
FHW13150	471.875 	 90.461 	 64.459
FHW13150	472.000 	 90.000 	 64.459
FHW13150	472.125 	 90.000 	 64.867
FHW13150	472.250 	 90.000 	 64.259
FHW13150	472.375 	 90.454 	 64.462
FHW13150	472.500 	 90.000 	 64.459
FHW13150	472.625 	 90.000 	 64.459
FHW13150	472.750 	 90.000 	 64.459
FHW13150	472.875 	 90.000 	 64.675
FHW13150	473.000 	 90.461 	 64.453
FHW13150	473.125 	 90.000 	 64.459
FHW13150	473.250 	 90.000 	 64.459
FHW13150	473.375 	 90.000 	 64.462
FHW13150	473.500 	 90.457 	 64.259
FHW13150	473.625 	 90.000 	 64.867
FHW13150	473.750 	 90.000 	 64.459
FHW13150	473.875 	 90.000 	 64.459
FHW13150	474.000 	 90.000 	 64.459
FHW13150	474.125 	 90.461 	 64.459
FHW13150	474.250 	 90.000 	 64.259
FHW13150	474.375 	 90.000 	 64.870
FHW13150	474.500 	 90.000 	 64.459
FHW13150	474.625 	 90.454 	 64.459
FHW13150	474.750 	 90.000 	 64.459
FHW13150	474.875 	 90.000 	 64.259
FHW13150	475.000 	 90.000 	 64.459
FHW13150	475.125 	 90.000 	 64.867
FHW13150	475.250 	 90.461 	 64.459
FHW13150	475.375 	 90.000 	 64.462
FHW13150	475.500 	 90.000 	 64.259
FHW13150	475.625 	 90.000 	 64.459
FHW13150	475.750 	 90.000 	 64.453
FHW13150	475.875 	 90.455 	 64.873
FHW13150	476.000 	 90.000 	 64.459
FHW13150	476.125 	 90.000 	 64.459
FHW13150	476.250 	 90.000 	 64.259
FHW13150	476.375 	 90.461 	 64.462
FHW13150	476.500 	 90.000 	 64.453
FHW13150	476.625 	 90.000 	 64.873
FHW13150	476.750 	 90.000 	 64.459
FHW13150	476.875 	 90.000 	 64.259
FHW13150	477.000 	 90.461 	 64.459
FHW13150	477.125 	 90.000 	 64.459
FHW13150	477.250 	 90.000 	 64.453
FHW13150	477.375 	 90.000 	 64.876
FHW13150	477.500 	 90.457 	 64.259
FHW13150	477.625 	 90.000 	 64.459
FHW13150	477.750 	 90.000 	 64.459
FHW13150	477.875 	 90.000 	 64.459
FHW13150	478.000 	 90.000 	 64.453
FHW13150	478.125 	 90.462 	 64.873
FHW13150	478.250 	 90.000 	 64.259
FHW13150	478.375 	 90.000 	 64.462
FHW13150	478.500 	 90.000 	 64.459
FHW13150	478.625 	 90.454 	 64.453
FHW13150	478.750 	 90.000 	 64.873
FHW13150	478.875 	 90.000 	 64.459
FHW13150	479.000 	 90.464 	 64.259
FHW13150	479.125 	 90.000 	 64.459
FHW13150	479.250 	 90.000 	 64.459
FHW13150	479.375 	 90.455 	 64.870
FHW13150	479.500 	 90.000 	 64.459
FHW13150	479.625 	 90.000 	 64.459
FHW13150	479.750 	 90.464 	 64.259
FHW13150	479.875 	 90.000 	 64.459
FHW13150	480.000 	 90.000 	 64.873
FHW13150	480.125 	 90.454 	 64.453
FHW13150	480.250 	 90.000 	 64.459
FHW13150	480.375 	 90.000 	 64.462
FHW13150	480.500 	 90.466 	 64.675
FHW13150	480.625 	 90.000 	 64.459
FHW13150	480.750 	 90.000 	 64.453
FHW13150	480.875 	 90.000 	 64.459
FHW13150	481.000 	 90.454 	 64.459
FHW13150	481.125 	 90.000 	 64.873
FHW13150	481.250 	 90.000 	 64.259
FHW13150	481.375 	 90.461 	 64.462
FHW13150	481.500 	 90.000 	 64.453
FHW13150	481.625 	 90.000 	 64.459
FHW13150	481.750 	 90.455 	 64.873
FHW13150	481.875 	 90.000 	 64.459
FHW13150	482.000 	 90.000 	 64.259
FHW13150	482.125 	 90.461 	 64.459
FHW13150	482.250 	 90.000 	 64.870
FHW13150	482.375 	 90.000 	 64.459
FHW13150	482.500 	 90.461 	 64.459
FHW13150	482.625 	 90.000 	 64.459
FHW13150	482.750 	 90.000 	 64.259
FHW13150	482.875 	 90.455 	 64.867
FHW13150	483.000 	 90.000 	 64.459
FHW13150	483.125 	 90.000 	 64.459
FHW13150	483.250 	 90.461 	 64.459
FHW13150	483.375 	 90.000 	 64.876
FHW13150	483.500 	 90.000 	 64.259
FHW13150	483.625 	 90.000 	 64.453
FHW13150	483.750 	 90.454 	 64.459
FHW13150	483.875 	 90.000 	 64.459
FHW13150	484.000 	 90.000 	 64.873
FHW13150	484.125 	 90.461 	 64.459
FHW13150	484.250 	 90.000 	 64.456
FHW13150	484.375 	 90.000 	 64.256
FHW13150	484.500 	 90.454 	 64.459
FHW13150	484.625 	 90.000 	 64.876
FHW13150	484.750 	 90.000 	 64.459
FHW13150	484.875 	 90.461 	 64.453
FHW13150	485.000 	 90.000 	 64.459
FHW13150	485.125 	 90.000 	 64.678
FHW13150	485.250 	 90.454 	 64.459
FHW13150	485.375 	 90.000 	 64.459
FHW13150	485.500 	 90.000 	 64.459
FHW13150	485.625 	 90.461 	 64.453
FHW13150	485.750 	 90.000 	 64.876
FHW13150	485.875 	 90.000 	 64.259
FHW13150	486.000 	 90.000 	 64.459
FHW13150	486.125 	 90.454 	 64.459
FHW13150	486.250 	 90.000 	 64.459
FHW13150	486.375 	 90.000 	 64.864
FHW13150	486.500 	 90.461 	 64.459
FHW13150	486.625 	 90.000 	 64.259
FHW13150	486.750 	 90.000 	 64.465
FHW13150	486.875 	 90.455 	 64.870
FHW13150	487.000 	 90.000 	 64.459
FHW13150	487.125 	 90.000 	 64.453
FHW13150	487.250 	 90.461 	 64.459
FHW13150	487.375 	 90.000 	 64.259
FHW13150	487.500 	 90.000 	 64.876
FHW13150	487.625 	 90.454 	 64.459
FHW13150	487.750 	 90.000 	 64.453
FHW13150	487.875 	 90.461 	 64.459
FHW13150	488.000 	 90.000 	 64.876
FHW13150	488.125 	 90.000 	 64.459
FHW13150	488.250 	 90.464 	 64.259
FHW13150	488.375 	 90.000 	 64.459
FHW13150	488.500 	 90.455 	 64.864
FHW13150	488.625 	 90.000 	 64.465
FHW13150	488.750 	 90.000 	 64.459
FHW13150	488.875 	 90.461 	 64.459
FHW13150	489.000 	 90.000 	 64.259
FHW13150	489.125 	 90.455 	 64.870
FHW13150	489.250 	 90.000 	 64.453
FHW13150	489.375 	 90.000 	 64.459
FHW13150	489.500 	 90.461 	 64.459
FHW13150	489.625 	 90.000 	 64.876
FHW13150	489.750 	 90.454 	 64.453
FHW13150	489.875 	 90.000 	 64.259
FHW13150	490.000 	 90.000 	 64.459
FHW13150	490.125 	 90.462 	 64.876
FHW13150	490.250 	 90.000 	 64.459
FHW13150	490.375 	 90.454 	 64.459
FHW13150	490.500 	 90.000 	 64.453
FHW13150	490.625 	 90.000 	 64.678
FHW13150	490.750 	 90.461 	 64.459
FHW13150	490.875 	 90.000 	 64.459
FHW13150	491.000 	 90.454 	 64.459
FHW13150	491.125 	 90.000 	 64.459
FHW13150	491.250 	 90.000 	 64.864
FHW13150	491.375 	 90.461 	 64.459
FHW13150	491.500 	 90.000 	 64.259
FHW13150	491.625 	 90.454 	 64.465
FHW13150	491.750 	 90.000 	 64.870
FHW13150	491.875 	 90.000 	 64.453
FHW13150	492.000 	 90.461 	 64.459
FHW13150	492.125 	 90.000 	 64.459
FHW13150	492.250 	 90.466 	 64.678
FHW13150	492.375 	 90.000 	 64.459
FHW13150	492.500 	 90.000 	 64.459
FHW13150	492.625 	 90.454 	 64.453
FHW13150	492.750 	 90.000 	 64.876
FHW13150	492.875 	 90.461 	 64.459
FHW13150	493.000 	 90.000 	 64.459
FHW13150	493.125 	 90.000 	 64.259
FHW13150	493.250 	 90.454 	 64.459
FHW13150	493.375 	 90.000 	 64.864
FHW13150	493.500 	 90.461 	 64.465
FHW13150	493.625 	 90.000 	 64.459
FHW13150	493.750 	 90.000 	 64.459
FHW13150	493.875 	 90.459 	 64.672
FHW13150	494.000 	 90.000 	 64.459
FHW13150	494.125 	 90.461 	 64.453
FHW13150	494.250 	 90.000 	 64.459
FHW13150	494.375 	 90.000 	 64.876
FHW13150	494.500 	 90.454 	 64.459
FHW13150	494.625 	 90.000 	 64.453
FHW13150	494.750 	 90.464 	 64.259
FHW13150	494.875 	 90.000 	 64.876
FHW13150	495.000 	 90.000 	 64.459
FHW13150	495.125 	 90.454 	 64.459
FHW13150	495.250 	 90.000 	 64.459
FHW13150	495.375 	 90.461 	 64.453
FHW13150	495.500 	 90.000 	 64.678
FHW13150	495.625 	 90.000 	 64.459
FHW13150	495.750 	 90.454 	 64.459
FHW13150	495.875 	 90.000 	 64.459
FHW13150	496.000 	 90.462 	 64.870
FHW13150	496.125 	 90.000 	 64.453
FHW13150	496.250 	 90.000 	 64.459
FHW13150	496.375 	 90.457 	 64.259
FHW13150	496.500 	 90.000 	 64.876
FHW13150	496.625 	 90.461 	 64.459
FHW13150	496.750 	 90.000 	 64.453
FHW13150	496.875 	 90.000 	 64.459
FHW13150	497.000 	 90.464 	 64.259
FHW13150	497.125 	 90.000 	 64.459
FHW13150	497.250 	 90.455 	 64.876
FHW13150	497.375 	 90.000 	 64.459
FHW13150	497.500 	 90.461 	 64.453
FHW13150	497.625 	 90.000 	 64.459
FHW13150	497.750 	 90.457 	 64.259
FHW13150	497.875 	 90.000 	 64.459
FHW13150	498.000 	 90.462 	 64.876
FHW13150	498.125 	 90.000 	 64.459
FHW13150	498.250 	 90.454 	 64.453
FHW13150	498.375 	 90.000 	 64.259
FHW13150	498.500 	 90.461 	 64.459
FHW13150	498.625 	 90.000 	 64.459
FHW13150	498.750 	 90.000 	 64.876
FHW13150	498.875 	 90.454 	 64.453
FHW13150	499.000 	 90.000 	 64.259
FHW13150	499.125 	 90.461 	 64.459
FHW13150	499.250 	 90.000 	 64.459
FHW13150	499.375 	 90.454 	 64.459
FHW13150	499.500 	 90.000 	 64.459
FHW13150	499.625 	 90.466 	 64.678
FHW13150	499.750 	 90.000 	 64.453
FHW13150	499.875 	 90.454 	 64.459
FHW13150	500.000 	 90.000 	 64.459
FHW13150	500.125 	 90.461 	 64.459
FHW13150	500.250 	 90.000 	 64.459
FHW13150	500.375 	 90.000 	 64.672
FHW13150	500.500 	 90.461 	 64.459
FHW13150	500.625 	 90.000 	 64.459
FHW13150	500.750 	 90.454 	 64.459
FHW13150	500.875 	 90.000 	 64.459
FHW13150	501.000 	 90.464 	 64.259
FHW13150	501.125 	 90.000 	 64.870
FHW13150	501.250 	 90.454 	 64.453
FHW13150	501.375 	 90.000 	 64.459
FHW13150	501.500 	 90.461 	 64.465
FHW13150	501.625 	 90.000 	 64.259
FHW13150	501.750 	 90.454 	 64.459
FHW13150	501.875 	 90.000 	 64.453
FHW13150	502.000 	 90.462 	 64.870
FHW13150	502.125 	 90.000 	 64.459
FHW13150	502.250 	 90.000 	 64.259
FHW13150	502.375 	 90.454 	 64.459
FHW13150	502.500 	 90.000 	 64.465
FHW13150	502.625 	 90.461 	 64.453
FHW13150	502.750 	 90.000 	 64.870
FHW13150	502.875 	 90.457 	 64.259
FHW13150	503.000 	 90.000 	 64.459
FHW13150	503.125 	 90.461 	 64.459
FHW13150	503.250 	 90.000 	 64.459
FHW13150	503.375 	 90.454 	 64.453
FHW13150	503.500 	 90.000 	 64.459
FHW13150	503.625 	 90.466 	 64.678
FHW13150	503.750 	 90.000 	 64.459
FHW13150	503.875 	 90.454 	 64.459
FHW13150	504.000 	 90.000 	 64.453
FHW13150	504.125 	 90.000 	 64.459
FHW13150	504.250 	 90.464 	 64.259
FHW13150	504.375 	 90.000 	 64.876
FHW13150	504.500 	 90.461 	 64.459
FHW13150	504.625 	 90.000 	 64.459
FHW13150	504.750 	 90.454 	 64.453
FHW13150	504.875 	 90.000 	 64.259
FHW13150	505.000 	 90.461 	 64.459
FHW13150	505.125 	 90.000 	 64.876
FHW13150	505.250 	 90.454 	 64.459
FHW13150	505.375 	 90.000 	 64.459
FHW13150	505.500 	 90.464 	 64.259
FHW13150	505.625 	 90.000 	 64.453
FHW13150	505.750 	 90.000 	 64.459
FHW13150	505.875 	 90.454 	 64.459
FHW13150	506.000 	 90.462 	 64.876
FHW13150	506.125 	 90.000 	 64.259
FHW13150	506.250 	 90.454 	 64.459
FHW13150	506.375 	 90.000 	 64.453
FHW13150	506.500 	 90.461 	 64.459
FHW13150	506.625 	 90.454 	 64.459
FHW13150	506.750 	 90.000 	 64.259
FHW13150	506.875 	 90.462 	 64.876
FHW13150	507.000 	 90.000 	 64.453
FHW13150	507.125 	 90.454 	 64.459
FHW13150	507.250 	 90.461 	 64.459
FHW13150	507.375 	 90.000 	 64.259
FHW13150	507.500 	 90.461 	 64.459
FHW13150	507.625 	 90.000 	 64.459
FHW13150	507.750 	 90.455 	 64.870
FHW13150	507.875 	 90.461 	 64.459
FHW13150	508.000 	 90.000 	 64.259
FHW13150	508.125 	 90.454 	 64.459
FHW13150	508.250 	 90.000 	 64.459
FHW13150	508.375 	 90.461 	 64.459
FHW13150	508.500 	 90.454 	 64.453
FHW13150	508.625 	 90.000 	 64.259
FHW13150	508.750 	 90.462 	 64.876
FHW13150	508.875 	 90.000 	 64.459
FHW13150	509.000 	 90.454 	 64.459
FHW13150	509.125 	 90.461 	 64.453
FHW13150	509.250 	 90.000 	 64.259
FHW13150	509.375 	 90.454 	 64.459
FHW13150	509.500 	 90.000 	 64.459
FHW13150	509.625 	 90.462 	 64.876
FHW13150	509.750 	 90.454 	 64.459
FHW13150	509.875 	 90.000 	 64.259
FHW13150	510.000 	 90.461 	 64.453
FHW13150	510.125 	 90.000 	 64.459
FHW13150	510.250 	 90.454 	 64.459
FHW13150	510.375 	 90.461 	 64.459
FHW13150	510.500 	 90.000 	 64.672
FHW13150	510.625 	 90.461 	 64.465
FHW13150	510.750 	 90.000 	 64.453
FHW13150	510.875 	 90.454 	 64.459
FHW13150	511.000 	 90.461 	 64.459
FHW13150	511.125 	 90.000 	 64.259
FHW13150	511.250 	 90.454 	 64.459
FHW13150	511.375 	 90.000 	 64.870
FHW13150	511.500 	 90.461 	 64.453
FHW13150	511.625 	 90.454 	 64.459
FHW13150	511.750 	 90.000 	 64.265
FHW13150	511.875 	 90.461 	 64.459
FHW13150	512.000 	 90.000 	 64.459
FHW13150	512.125 	 90.454 	 64.453
FHW13150	512.250 	 90.461 	 64.459
FHW13150	512.375 	 90.000 	 64.672
FHW13150	512.500 	 90.454 	 64.459
FHW13150	512.625 	 90.000 	 64.459
FHW13150	512.750 	 90.461 	 64.465
FHW13150	512.875 	 90.454 	 64.453
FHW13150	513.000 	 90.000 	 64.259
FHW13150	513.125 	 90.461 	 64.459
FHW13150	513.250 	 90.000 	 64.870
FHW13150	513.375 	 90.461 	 64.459
FHW13150	513.500 	 90.454 	 64.459
FHW13150	513.625 	 90.000 	 64.259
FHW13150	513.750 	 90.461 	 64.459
FHW13150	513.875 	 90.000 	 64.459
FHW13150	514.000 	 90.454 	 64.459
FHW13150	514.125 	 90.462 	 64.870
FHW13150	514.250 	 90.000 	 64.259
FHW13150	514.375 	 90.454 	 64.453
FHW13150	514.500 	 90.000 	 64.459
FHW13150	514.625 	 90.461 	 64.459
FHW13150	514.750 	 90.454 	 64.465
FHW13150	514.875 	 90.000 	 64.259
FHW13150	515.000 	 90.462 	 64.870
FHW13150	515.125 	 90.454 	 64.453
FHW13150	515.250 	 90.461 	 64.459
FHW13150	515.375 	 90.454 	 64.459
FHW13150	515.500 	 90.000 	 64.459
FHW13150	515.625 	 90.466 	 64.678
FHW13150	515.750 	 90.461 	 64.459
FHW13150	515.875 	 90.454 	 64.453
FHW13150	516.000 	 90.461 	 64.459
FHW13150	516.125 	 90.455 	 64.876
FHW13150	516.250 	 90.461 	 64.459
FHW13150	516.375 	 90.457 	 64.259
FHW13150	516.500 	 90.000 	 64.459
FHW13150	516.625 	 90.461 	 64.453
FHW13150	516.750 	 90.455 	 64.876
FHW13150	516.875 	 90.461 	 64.459
FHW13150	517.000 	 90.454 	 64.459
FHW13150	517.125 	 90.464 	 64.259
FHW13150	517.250 	 90.454 	 64.453
FHW13150	517.375 	 90.462 	 64.870
FHW13150	517.500 	 90.000 	 64.459
FHW13150	517.625 	 90.454 	 64.459
FHW13150	517.750 	 90.461 	 64.465
FHW13150	517.875 	 90.466 	 64.672
FHW13150	518.000 	 90.454 	 64.453
FHW13150	518.125 	 90.461 	 64.459
FHW13150	518.250 	 90.454 	 64.459
FHW13150	518.375 	 90.000 	 64.459
FHW13150	518.500 	 90.462 	 64.876
FHW13150	518.625 	 90.457 	 64.259
FHW13150	518.750 	 90.461 	 64.453
FHW13150	518.875 	 90.454 	 64.459
FHW13150	519.000 	 90.461 	 64.459
FHW13150	519.125 	 90.455 	 64.876
FHW13150	519.250 	 90.461 	 64.453
FHW13150	519.375 	 90.000 	 64.259
FHW13150	519.500 	 90.454 	 64.459
FHW13150	519.625 	 90.462 	 64.876
FHW13150	519.750 	 90.461 	 64.459
FHW13150	519.875 	 90.454 	 64.459
FHW13150	520.000 	 90.461 	 64.453
FHW13150	520.125 	 90.457 	 64.259
FHW13150	520.250 	 90.462 	 64.870
FHW13150	520.375 	 90.000 	 64.459
FHW13150	520.500 	 90.454 	 64.459
FHW13150	520.625 	 90.461 	 64.459
FHW13150	520.750 	 90.455 	 64.870
FHW13150	520.875 	 90.464 	 64.259
FHW13150	521.000 	 90.454 	 64.459
FHW13150	521.125 	 90.461 	 64.459
FHW13150	521.250 	 90.454 	 64.459
FHW13150	521.375 	 90.000 	 64.870
FHW13150	521.500 	 90.461 	 64.459
FHW13150	521.625 	 90.457 	 64.259
FHW13150	521.750 	 90.461 	 64.459
FHW13150	521.875 	 90.461 	 64.459
FHW13150	522.000 	 90.455 	 64.876
FHW13150	522.125 	 90.461 	 64.453
FHW13150	522.250 	 90.000 	 64.459
FHW13150	522.375 	 90.457 	 64.259
FHW13150	522.500 	 90.462 	 64.870
FHW13150	522.625 	 90.454 	 64.465
FHW13150	522.750 	 90.461 	 64.459
FHW13150	522.875 	 90.454 	 64.453
FHW13150	523.000 	 90.461 	 64.459
FHW13150	523.125 	 90.459 	 64.672
FHW13150	523.250 	 90.000 	 64.459
FHW13150	523.375 	 90.461 	 64.459
FHW13150	523.500 	 90.454 	 64.459
FHW13150	523.625 	 90.462 	 64.870
FHW13150	523.750 	 90.461 	 64.459
FHW13150	523.875 	 90.457 	 64.259
FHW13150	524.000 	 90.461 	 64.459
FHW13150	524.125 	 90.454 	 64.459
FHW13150	524.250 	 90.462 	 64.870
FHW13150	524.375 	 90.454 	 64.459
FHW13150	524.500 	 90.462 	 64.876
FHW13150	524.625 	 90.454 	 64.459
FHW13150	524.750 	 90.462 	 64.870
FHW13150	524.875 	 90.454 	 64.453
FHW13150	525.000 	 90.461 	 64.459
FHW13150	525.125 	 90.455 	 64.876
FHW13150	525.250 	 90.000 	 64.459
FHW13150	525.375 	 90.466 	 64.678
FHW13150	525.500 	 90.454 	 64.459
FHW13150	525.625 	 90.462 	 64.864
FHW13150	525.750 	 90.461 	 64.459
FHW13150	525.875 	 90.454 	 64.459
FHW13150	526.000 	 90.462 	 64.876
FHW13150	526.125 	 90.454 	 64.453
FHW13150	526.250 	 90.462 	 64.876
FHW13150	526.375 	 90.454 	 64.459
FHW13150	526.500 	 90.462 	 64.870
FHW13150	526.625 	 90.454 	 64.459
FHW13150	526.750 	 90.461 	 64.453
FHW13150	526.875 	 90.455 	 64.876
FHW13150	527.000 	 90.461 	 64.459
FHW13150	527.125 	 90.455 	 64.876
FHW13150	527.250 	 90.464 	 64.259
FHW13150	527.375 	 90.461 	 64.459
FHW13150	527.500 	 90.455 	 64.864
FHW13150	527.625 	 90.461 	 64.459
FHW13150	527.750 	 90.455 	 64.876
FHW13150	527.875 	 90.461 	 64.459
FHW13150	528.000 	 90.455 	 64.870
FHW13150	528.125 	 90.461 	 64.459
FHW13150	528.250 	 90.454 	 64.459
FHW13150	528.375 	 90.462 	 64.870
FHW13150	528.500 	 90.454 	 64.459
FHW13150	528.625 	 90.462 	 64.870
FHW13150	528.750 	 90.454 	 64.459
FHW13150	528.875 	 90.462 	 64.876
FHW13150	529.000 	 90.457 	 64.259
FHW13150	529.125 	 90.461 	 64.459
FHW13150	529.250 	 90.462 	 64.870
FHW13150	529.375 	 90.454 	 64.453
FHW13150	529.500 	 90.462 	 64.876
FHW13150	529.625 	 90.454 	 64.459
FHW13150	529.750 	 90.462 	 64.876
FHW13150	529.875 	 90.454 	 64.453
FHW13150	530.000 	 90.461 	 64.459
FHW13150	530.125 	 90.455 	 64.870
FHW13150	530.250 	 90.461 	 64.459
FHW13150	530.375 	 90.455 	 64.876
FHW13150	530.500 	 90.461 	 64.453
FHW13150	530.625 	 90.455 	 64.876
FHW13150	530.750 	 90.461 	 64.459
FHW13150	530.875 	 90.464 	 64.259
FHW13150	531.000 	 90.455 	 64.870
FHW13150	531.125 	 90.461 	 64.453
FHW13150	531.250 	 90.455 	 64.876
FHW13150	531.375 	 90.461 	 64.459
FHW13150	531.500 	 90.454 	 64.459
FHW13150	531.625 	 90.462 	 64.876
FHW13150	531.750 	 90.454 	 64.453
FHW13150	531.875 	 90.462 	 64.870
FHW13150	532.000 	 90.454 	 64.459
FHW13150	532.125 	 90.462 	 64.876
FHW13150	532.250 	 90.454 	 64.459
FHW13150	532.375 	 90.461 	 64.453
FHW13150	532.500 	 90.462 	 64.876
FHW13150	532.625 	 90.454 	 64.459
FHW13150	532.750 	 90.466 	 64.672
FHW13150	532.875 	 90.454 	 64.459
FHW13150	533.000 	 90.462 	 64.870
FHW13150	533.125 	 90.454 	 64.459
FHW13150	533.250 	 90.461 	 64.459
FHW13150	533.375 	 90.455 	 64.876
FHW13150	533.500 	 90.000 	 64.870
FHW13150	533.625 	 90.459 	 65.065
FHW13150	533.750 	 90.455 	 64.870
FHW13150	533.875 	 90.461 	 64.459
FHW13150	534.000 	 90.455 	 64.876
FHW13150	534.125 	 90.000 	 64.870
FHW13150	534.250 	 90.462 	 64.870
FHW13150	534.375 	 90.454 	 64.459
FHW13150	534.500 	 90.462 	 64.876
FHW13150	534.625 	 90.462 	 64.864
FHW13150	534.750 	 90.455 	 64.876
FHW13150	534.875 	 90.000 	 65.071
FHW13150	535.000 	 90.461 	 64.459
FHW13150	535.125 	 90.455 	 64.864
FHW13150	535.250 	 90.462 	 64.876
FHW13150	535.375 	 90.455 	 64.870
FHW13150	535.500 	 90.000 	 64.459
FHW13150	535.625 	 90.462 	 64.870
FHW13150	535.750 	 90.455 	 64.876
FHW13150	535.875 	 90.462 	 64.870
FHW13150	536.000 	 90.455 	 64.876
FHW13150	536.125 	 90.457 	 64.650
FHW13150	536.250 	 90.000 	 64.876
FHW13150	536.375 	 90.455 	 64.870
FHW13150	536.500 	 90.462 	 64.876
FHW13150	536.625 	 90.461 	 64.459
FHW13150	536.750 	 90.455 	 64.864
FHW13150	536.875 	 90.000 	 64.876
FHW13150	537.000 	 90.462 	 64.876
FHW13150	537.125 	 90.455 	 64.870
FHW13150	537.250 	 90.461 	 64.453
FHW13150	537.375 	 90.452 	 65.071
FHW13150	537.500 	 90.462 	 64.870
FHW13150	537.625 	 90.000 	 64.876
FHW13150	537.750 	 90.454 	 64.453
FHW13150	537.875 	 90.462 	 64.876
FHW13150	538.000 	 90.455 	 64.870
FHW13150	538.125 	 90.462 	 64.876
FHW13150	538.250 	 90.000 	 64.864
FHW13150	538.375 	 90.454 	 64.459
FHW13150	538.500 	 90.462 	 64.876
FHW13150	538.625 	 90.452 	 65.071
FHW13150	538.750 	 90.462 	 64.864
FHW13150	538.875 	 90.461 	 64.459
FHW13150	539.000 	 90.000 	 64.876
FHW13150	539.125 	 90.455 	 64.870
FHW13150	539.250 	 90.462 	 64.876
FHW13150	539.375 	 90.455 	 64.870
FHW13150	539.500 	 90.461 	 64.459
FHW13150	539.625 	 90.000 	 64.870
FHW13150	539.750 	 90.455 	 64.876
FHW13150	539.875 	 90.459 	 65.059
FHW13150	540.000 	 90.455 	 64.876
FHW13150	540.125 	 90.461 	 64.459
FHW13150	540.250 	 90.000 	 64.876
FHW13150	540.375 	 90.455 	 64.864
FHW13150	540.500 	 90.462 	 64.876
FHW13150	540.625 	 90.454 	 64.459
FHW13150	540.750 	 90.462 	 64.876
FHW13150	540.875 	 90.462 	 64.864
FHW13150	541.000 	 90.000 	 64.876
FHW13150	541.125 	 90.452 	 65.065
FHW13150	541.250 	 90.461 	 64.459
FHW13150	541.375 	 90.455 	 64.870
FHW13150	541.500 	 90.462 	 64.876
FHW13150	541.625 	 90.000 	 64.870
FHW13150	541.750 	 90.454 	 64.459
FHW13150	541.875 	 90.462 	 64.876
FHW13150	542.000 	 90.455 	 64.864
FHW13150	542.125 	 90.462 	 64.876
FHW13150	542.250 	 90.455 	 64.876
FHW13150	542.375 	 90.000 	 64.650
FHW13150	542.500 	 90.462 	 64.870
FHW13150	542.625 	 90.457 	 65.290
FHW13150	542.750 	 90.462 	 64.876
FHW13150	542.875 	 90.000 	 65.065
FHW13150	543.000 	 90.455 	 64.870
FHW13150	543.125 	 90.462 	 64.876
FHW13150	543.250 	 90.000 	 64.870
FHW13150	543.375 	 90.462 	 64.870
FHW13150	543.500 	 90.452 	 65.065
FHW13150	543.625 	 90.462 	 64.876
FHW13150	543.750 	 90.000 	 64.876
FHW13150	543.875 	 90.455 	 64.864
FHW13150	544.000 	 90.462 	 64.876
FHW13150	544.125 	 90.452 	 65.065
FHW13150	544.250 	 90.000 	 64.870
FHW13150	544.375 	 90.462 	 64.876
FHW13150	544.500 	 90.455 	 64.870
FHW13150	544.625 	 90.000 	 65.071
FHW13150	544.750 	 90.462 	 64.864
FHW13150	544.875 	 90.455 	 64.876
FHW13150	545.000 	 90.462 	 64.876
FHW13150	545.125 	 90.000 	 64.870
FHW13150	545.250 	 90.452 	 65.065
FHW13150	545.375 	 90.462 	 64.870
FHW13150	545.500 	 90.462 	 64.876
FHW13150	545.625 	 90.000 	 64.876
FHW13150	545.750 	 90.452 	 65.059
FHW13150	545.875 	 90.462 	 64.876
FHW13150	546.000 	 90.000 	 64.870
FHW13150	546.125 	 90.455 	 64.876
FHW13150	546.250 	 90.462 	 64.870
FHW13150	546.375 	 90.452 	 65.065
FHW13150	546.500 	 90.000 	 64.876
FHW13150	546.625 	 90.462 	 64.864
FHW13150	546.750 	 90.455 	 64.876
FHW13150	546.875 	 90.462 	 64.870
FHW13150	547.000 	 90.000 	 65.071
FHW13150	547.125 	 90.455 	 64.870
FHW13150	547.250 	 90.462 	 64.870
FHW13150	547.375 	 90.455 	 64.876
FHW13150	547.500 	 90.000 	 65.059
FHW13150	547.625 	 90.464 	 65.296
FHW13150	547.750 	 90.455 	 64.870
FHW13150	547.875 	 90.000 	 64.876
FHW13150	548.000 	 90.462 	 64.870
FHW13150	548.125 	 90.459 	 65.065
FHW13150	548.250 	 90.455 	 64.876
FHW13150	548.375 	 90.000 	 64.870
FHW13150	548.500 	 90.462 	 64.876
FHW13150	548.625 	 90.455 	 64.864
FHW13150	548.750 	 90.459 	 65.071
FHW13150	548.875 	 90.000 	 64.870
FHW13150	549.000 	 90.455 	 64.870
FHW13150	549.125 	 90.462 	 64.876
FHW13150	549.250 	 90.000 	 65.065
FHW13150	549.375 	 90.455 	 64.876
FHW13150	549.500 	 90.462 	 64.864
FHW13150	549.625 	 90.455 	 64.876
FHW13150	549.750 	 90.000 	 64.876
FHW13150	549.875 	 90.459 	 65.059
FHW13150	550.000 	 90.455 	 64.876
FHW13150	550.125 	 90.462 	 64.870
FHW13150	550.250 	 90.000 	 64.876
FHW13150	550.375 	 90.459 	 65.065
FHW13150	550.500 	 90.455 	 64.870
FHW13150	550.625 	 90.000 	 64.876
FHW13150	550.750 	 90.462 	 64.870
FHW13150	550.875 	 90.455 	 64.870
FHW13150	551.000 	 90.459 	 65.071
FHW13150	551.125 	 90.000 	 64.870
FHW13150	551.250 	 90.455 	 64.876
FHW13150	551.375 	 90.462 	 64.864
FHW13150	551.500 	 90.455 	 64.876
FHW13150	551.625 	 90.000 	 65.071
FHW13150	551.750 	 90.462 	 64.870
FHW13150	551.875 	 90.455 	 64.870
FHW13150	552.000 	 90.462 	 64.870
FHW13150	552.125 	 90.453 	 65.482
FHW13150	552.250 	 90.462 	 64.870
FHW13150	552.375 	 90.462 	 64.876
FHW13150	552.500 	 90.455 	 64.870
FHW13150	552.625 	 90.459 	 65.071
FHW13150	552.750 	 90.455 	 64.864
FHW13150	552.875 	 90.462 	 64.876
FHW13150	553.000 	 90.455 	 64.876
FHW13150	553.125 	 90.462 	 64.870
FHW13150	553.250 	 90.911 	 65.065
FHW13150	553.375 	 90.455 	 64.870
FHW13150	553.500 	 90.462 	 64.876
FHW13150	553.625 	 90.455 	 64.876
FHW13150	553.750 	 90.461 	 65.476
FHW13150	553.875 	 90.455 	 64.870
FHW13150	554.000 	 90.462 	 64.876
FHW13150	554.125 	 90.462 	 64.864
FHW13150	554.250 	 90.452 	 65.071
FHW13150	554.375 	 90.462 	 64.876
FHW13150	554.500 	 90.455 	 64.870
FHW13150	554.625 	 90.918 	 64.870
FHW13150	554.750 	 90.459 	 65.065
FHW13150	554.875 	 90.455 	 64.876
FHW13150	555.000 	 90.462 	 64.876
FHW13150	555.125 	 90.455 	 64.864
FHW13150	555.250 	 90.459 	 65.071
FHW13150	555.375 	 90.455 	 64.870
FHW13150	555.500 	 90.464 	 65.284
FHW13150	555.625 	 90.462 	 64.876
FHW13150	555.750 	 90.455 	 64.876
FHW13150	555.875 	 90.459 	 65.065
FHW13150	556.000 	 90.918 	 64.870
FHW13150	556.125 	 90.455 	 64.870
FHW13150	556.250 	 90.462 	 64.876
FHW13150	556.375 	 90.452 	 65.065
FHW13150	556.500 	 90.462 	 64.870
FHW13150	556.625 	 90.455 	 64.876
FHW13150	556.750 	 90.462 	 64.870
FHW13150	556.875 	 90.452 	 65.065
FHW13150	557.000 	 90.462 	 64.876
FHW13150	557.125 	 90.457 	 65.290
FHW13150	557.250 	 90.462 	 64.870
FHW13150	557.375 	 90.911 	 65.065
FHW13150	557.500 	 90.462 	 64.870
FHW13150	557.625 	 90.455 	 64.876
FHW13150	557.750 	 90.462 	 64.876
FHW13150	557.875 	 90.452 	 65.059
FHW13150	558.000 	 90.462 	 64.876
FHW13150	558.125 	 90.455 	 64.870
FHW13150	558.250 	 90.462 	 64.876
FHW13150	558.375 	 90.455 	 64.870
FHW13150	558.500 	 90.459 	 65.065
FHW13150	558.625 	 90.455 	 64.876
FHW13150	558.750 	 90.928 	 65.284
FHW13150	558.875 	 90.455 	 64.876
FHW13150	559.000 	 90.459 	 65.065
FHW13150	559.125 	 90.455 	 64.876
FHW13150	559.250 	 90.462 	 64.864
FHW13150	559.375 	 90.455 	 64.876
FHW13150	559.500 	 90.459 	 65.065
FHW13150	559.625 	 90.455 	 64.870
FHW13150	559.750 	 90.918 	 64.876
FHW13150	559.875 	 90.462 	 64.870
FHW13150	560.000 	 90.911 	 65.071
FHW13150	560.125 	 90.455 	 64.864
FHW13150	560.250 	 90.925 	 64.876
FHW13150	560.375 	 90.921 	 65.290
FHW13150	560.500 	 90.455 	 64.876
FHW13150	560.625 	 90.911 	 65.059
FHW13150	560.750 	 90.462 	 64.876
FHW13150	560.875 	 90.918 	 64.876
FHW13150	561.000 	 90.455 	 64.870
FHW13150	561.125 	 90.911 	 65.065
FHW13150	561.250 	 90.924 	 64.870
FHW13150	561.375 	 90.455 	 64.876
FHW13150	561.500 	 90.918 	 64.864
FHW13150	561.625 	 90.459 	 65.071
FHW13150	561.750 	 90.918 	 64.876
FHW13150	561.875 	 90.455 	 64.870
FHW13150	562.000 	 90.921 	 65.284
FHW13150	562.125 	 90.911 	 65.071
FHW13150	562.250 	 90.462 	 64.876
FHW13150	562.375 	 90.917 	 64.870
FHW13150	562.500 	 90.462 	 64.870
FHW13150	562.625 	 90.917 	 64.870
FHW13150	562.750 	 90.452 	 65.071
FHW13150	562.875 	 90.918 	 64.870
FHW13150	563.000 	 90.917 	 64.870
FHW13150	563.125 	 90.462 	 64.876
FHW13150	563.250 	 90.911 	 65.065
FHW13150	563.375 	 90.918 	 64.870
FHW13150	563.500 	 90.917 	 64.870
FHW13150	563.625 	 90.464 	 65.296
FHW13150	563.750 	 90.911 	 65.059
FHW13150	563.875 	 90.918 	 64.876
FHW13150	564.000 	 90.917 	 64.870
