#WellName	 Depth.M	 INCL	 AZIM 
WellName	 Depth.M	 INCL	 AZIM 
FHW12026	0.000 	 0.000 	 0.000
FHW12026	0.125 	 0.000 	 90.000
FHW12026	0.250 	 0.000 	 90.000
FHW12026	0.375 	 0.000 	 90.000
FHW12026	0.500 	 0.000 	 90.000
FHW12026	0.625 	 0.000 	 90.000
FHW12026	0.750 	 0.000 	 90.000
FHW12026	0.875 	 0.000 	 90.000
FHW12026	1.000 	 0.000 	 90.000
FHW12026	1.125 	 0.000 	 90.000
FHW12026	1.250 	 0.000 	 90.000
FHW12026	1.375 	 0.000 	 90.000
FHW12026	1.500 	 0.000 	 90.000
FHW12026	1.625 	 0.000 	 90.000
FHW12026	1.750 	 0.000 	 90.000
FHW12026	1.875 	 0.000 	 90.000
FHW12026	2.000 	 0.000 	 90.000
FHW12026	2.125 	 0.000 	 90.000
FHW12026	2.250 	 0.000 	 90.000
FHW12026	2.375 	 0.000 	 90.000
FHW12026	2.500 	 0.000 	 90.000
FHW12026	2.625 	 0.000 	 90.000
FHW12026	2.750 	 0.000 	 90.000
FHW12026	2.875 	 0.000 	 90.000
FHW12026	3.000 	 0.000 	 90.000
FHW12026	3.125 	 0.000 	 90.000
FHW12026	3.250 	 0.000 	 90.000
FHW12026	3.375 	 0.000 	 90.000
FHW12026	3.500 	 0.000 	 90.000
FHW12026	3.625 	 0.000 	 90.000
FHW12026	3.750 	 0.000 	 90.000
FHW12026	3.875 	 0.000 	 90.000
FHW12026	4.000 	 0.000 	 90.000
FHW12026	4.125 	 0.000 	 90.000
FHW12026	4.250 	 0.000 	 90.000
FHW12026	4.375 	 0.000 	 90.000
FHW12026	4.500 	 0.000 	 90.000
FHW12026	4.625 	 0.000 	 90.000
FHW12026	4.750 	 0.000 	 90.000
FHW12026	4.875 	 0.000 	 90.000
FHW12026	5.000 	 0.000 	 90.000
FHW12026	5.125 	 0.000 	 90.000
FHW12026	5.250 	 0.000 	 90.000
FHW12026	5.375 	 0.000 	 90.000
FHW12026	5.500 	 0.000 	 90.000
FHW12026	5.625 	 0.000 	 90.000
FHW12026	5.750 	 0.000 	 90.000
FHW12026	5.875 	 0.000 	 90.000
FHW12026	6.000 	 0.000 	 90.000
FHW12026	6.125 	 0.000 	 90.000
FHW12026	6.250 	 0.000 	 90.000
FHW12026	6.375 	 0.000 	 90.000
FHW12026	6.500 	 0.000 	 90.000
FHW12026	6.625 	 0.000 	 90.000
FHW12026	6.750 	 0.000 	 90.000
FHW12026	6.875 	 0.000 	 90.000
FHW12026	7.000 	 0.000 	 90.000
FHW12026	7.125 	 0.000 	 90.000
FHW12026	7.250 	 0.000 	 90.000
FHW12026	7.375 	 0.000 	 90.000
FHW12026	7.500 	 0.000 	 90.000
FHW12026	7.625 	 0.000 	 90.000
FHW12026	7.750 	 0.000 	 90.000
FHW12026	7.875 	 0.000 	 90.000
FHW12026	8.000 	 0.000 	 90.000
FHW12026	8.125 	 0.000 	 90.000
FHW12026	8.250 	 0.000 	 90.000
FHW12026	8.375 	 0.000 	 90.000
FHW12026	8.500 	 0.000 	 90.000
FHW12026	8.625 	 0.000 	 90.000
FHW12026	8.750 	 0.000 	 90.000
FHW12026	8.875 	 0.000 	 90.000
FHW12026	9.000 	 0.000 	 90.000
FHW12026	9.125 	 0.000 	 90.000
FHW12026	9.250 	 0.000 	 90.000
FHW12026	9.375 	 0.000 	 90.000
FHW12026	9.500 	 0.000 	 90.000
FHW12026	9.625 	 0.000 	 90.000
FHW12026	9.750 	 0.000 	 90.000
FHW12026	9.875 	 0.000 	 90.000
FHW12026	10.000 	 0.000 	 90.000
FHW12026	10.125 	 0.000 	 90.000
FHW12026	10.250 	 0.000 	 90.000
FHW12026	10.375 	 0.000 	 90.000
FHW12026	10.500 	 0.000 	 90.000
FHW12026	10.625 	 0.000 	 90.000
FHW12026	10.750 	 0.000 	 90.000
FHW12026	10.875 	 0.000 	 90.000
FHW12026	11.000 	 0.000 	 90.000
FHW12026	11.125 	 0.000 	 90.000
FHW12026	11.250 	 0.000 	 90.000
FHW12026	11.375 	 0.000 	 90.000
FHW12026	11.500 	 0.000 	 90.000
FHW12026	11.625 	 0.000 	 90.000
FHW12026	11.750 	 0.000 	 90.000
FHW12026	11.875 	 0.000 	 90.000
FHW12026	12.000 	 0.000 	 90.000
FHW12026	12.125 	 0.000 	 90.000
FHW12026	12.250 	 0.000 	 90.000
FHW12026	12.375 	 0.000 	 90.000
FHW12026	12.500 	 0.000 	 90.000
FHW12026	12.625 	 0.000 	 90.000
FHW12026	12.750 	 0.000 	 90.000
FHW12026	12.875 	 0.000 	 90.000
FHW12026	13.000 	 0.000 	 90.000
FHW12026	13.125 	 0.000 	 90.000
FHW12026	13.250 	 0.000 	 90.000
FHW12026	13.375 	 0.000 	 90.000
FHW12026	13.500 	 0.000 	 90.000
FHW12026	13.625 	 0.000 	 90.000
FHW12026	13.750 	 0.000 	 90.000
FHW12026	13.875 	 0.000 	 90.000
FHW12026	14.000 	 0.000 	 90.000
FHW12026	14.125 	 0.000 	 90.000
FHW12026	14.250 	 0.000 	 90.000
FHW12026	14.375 	 0.000 	 90.000
FHW12026	14.500 	 0.000 	 90.000
FHW12026	14.625 	 0.000 	 90.000
FHW12026	14.750 	 0.000 	 90.000
FHW12026	14.875 	 0.000 	 90.000
FHW12026	15.000 	 0.000 	 90.000
FHW12026	15.125 	 0.000 	 90.000
FHW12026	15.250 	 0.000 	 90.000
FHW12026	15.375 	 0.000 	 90.000
FHW12026	15.500 	 0.000 	 90.000
FHW12026	15.625 	 0.000 	 90.000
FHW12026	15.750 	 0.000 	 90.000
FHW12026	15.875 	 0.000 	 90.000
FHW12026	16.000 	 0.000 	 90.000
FHW12026	16.125 	 0.000 	 90.000
FHW12026	16.250 	 0.000 	 90.000
FHW12026	16.375 	 0.000 	 90.000
FHW12026	16.500 	 0.000 	 90.000
FHW12026	16.625 	 0.000 	 90.000
FHW12026	16.750 	 0.000 	 90.000
FHW12026	16.875 	 0.000 	 90.000
FHW12026	17.000 	 0.000 	 90.000
FHW12026	17.125 	 0.000 	 90.000
FHW12026	17.250 	 0.000 	 90.000
FHW12026	17.375 	 0.000 	 90.000
FHW12026	17.500 	 0.000 	 90.000
FHW12026	17.625 	 0.000 	 90.000
FHW12026	17.750 	 0.000 	 90.000
FHW12026	17.875 	 0.000 	 90.000
FHW12026	18.000 	 0.000 	 90.000
FHW12026	18.125 	 0.000 	 90.000
FHW12026	18.250 	 0.000 	 90.000
FHW12026	18.375 	 0.000 	 90.000
FHW12026	18.500 	 0.000 	 90.000
FHW12026	18.625 	 0.000 	 90.000
FHW12026	18.750 	 0.000 	 90.000
FHW12026	18.875 	 0.000 	 90.000
FHW12026	19.000 	 0.000 	 90.000
FHW12026	19.125 	 0.000 	 90.000
FHW12026	19.250 	 0.000 	 90.000
FHW12026	19.375 	 0.000 	 90.000
FHW12026	19.500 	 0.000 	 90.000
FHW12026	19.625 	 0.000 	 90.000
FHW12026	19.750 	 0.000 	 90.000
FHW12026	19.875 	 0.000 	 90.000
FHW12026	20.000 	 0.000 	 90.000
FHW12026	20.125 	 0.000 	 90.000
FHW12026	20.250 	 0.000 	 90.000
FHW12026	20.375 	 0.000 	 90.000
FHW12026	20.500 	 0.000 	 90.000
FHW12026	20.625 	 0.000 	 90.000
FHW12026	20.750 	 0.000 	 90.000
FHW12026	20.875 	 0.000 	 90.000
FHW12026	21.000 	 0.000 	 90.000
FHW12026	21.125 	 0.000 	 90.000
FHW12026	21.250 	 0.000 	 90.000
FHW12026	21.375 	 0.000 	 90.000
FHW12026	21.500 	 0.000 	 90.000
FHW12026	21.625 	 0.000 	 90.000
FHW12026	21.750 	 0.000 	 90.000
FHW12026	21.875 	 0.000 	 90.000
FHW12026	22.000 	 0.000 	 90.000
FHW12026	22.125 	 0.000 	 90.000
FHW12026	22.250 	 0.000 	 90.000
FHW12026	22.375 	 0.000 	 90.000
FHW12026	22.500 	 0.000 	 90.000
FHW12026	22.625 	 0.000 	 90.000
FHW12026	22.750 	 0.000 	 90.000
FHW12026	22.875 	 0.000 	 90.000
FHW12026	23.000 	 0.000 	 90.000
FHW12026	23.125 	 0.000 	 90.000
FHW12026	23.250 	 0.000 	 90.000
FHW12026	23.375 	 0.000 	 90.000
FHW12026	23.500 	 0.000 	 90.000
FHW12026	23.625 	 0.000 	 90.000
FHW12026	23.750 	 0.000 	 90.000
FHW12026	23.875 	 0.000 	 90.000
FHW12026	24.000 	 0.000 	 90.000
FHW12026	24.125 	 0.000 	 90.000
FHW12026	24.250 	 0.000 	 90.000
FHW12026	24.375 	 0.000 	 90.000
FHW12026	24.500 	 0.000 	 90.000
FHW12026	24.625 	 0.000 	 90.000
FHW12026	24.750 	 0.000 	 90.000
FHW12026	24.875 	 0.000 	 90.000
FHW12026	25.000 	 0.000 	 90.000
FHW12026	25.125 	 0.000 	 90.000
FHW12026	25.250 	 0.000 	 90.000
FHW12026	25.375 	 0.000 	 90.000
FHW12026	25.500 	 0.000 	 90.000
FHW12026	25.625 	 0.000 	 90.000
FHW12026	25.750 	 0.000 	 90.000
FHW12026	25.875 	 0.000 	 90.000
FHW12026	26.000 	 0.000 	 90.000
FHW12026	26.125 	 0.000 	 90.000
FHW12026	26.250 	 0.000 	 90.000
FHW12026	26.375 	 0.000 	 90.000
FHW12026	26.500 	 0.000 	 90.000
FHW12026	26.625 	 0.000 	 90.000
FHW12026	26.750 	 0.000 	 90.000
FHW12026	26.875 	 0.000 	 90.000
FHW12026	27.000 	 0.000 	 90.000
FHW12026	27.125 	 0.000 	 90.000
FHW12026	27.250 	 0.000 	 90.000
FHW12026	27.375 	 0.000 	 90.000
FHW12026	27.500 	 0.000 	 90.000
FHW12026	27.625 	 0.000 	 90.000
FHW12026	27.750 	 0.000 	 90.000
FHW12026	27.875 	 0.000 	 90.000
FHW12026	28.000 	 0.000 	 90.000
FHW12026	28.125 	 0.000 	 90.000
FHW12026	28.250 	 0.000 	 90.000
FHW12026	28.375 	 0.000 	 90.000
FHW12026	28.500 	 0.000 	 90.000
FHW12026	28.625 	 0.000 	 90.000
FHW12026	28.750 	 0.000 	 90.000
FHW12026	28.875 	 0.000 	 90.000
FHW12026	29.000 	 0.000 	 90.000
FHW12026	29.125 	 0.000 	 90.000
FHW12026	29.250 	 0.000 	 90.000
FHW12026	29.375 	 0.000 	 90.000
FHW12026	29.500 	 0.000 	 90.000
FHW12026	29.625 	 0.000 	 90.000
FHW12026	29.750 	 0.000 	 90.000
FHW12026	29.875 	 0.000 	 90.000
FHW12026	30.000 	 0.000 	 90.000
FHW12026	30.125 	 0.000 	 90.000
FHW12026	30.250 	 0.000 	 90.000
FHW12026	30.375 	 0.000 	 90.000
FHW12026	30.500 	 0.000 	 90.000
FHW12026	30.625 	 0.000 	 90.000
FHW12026	30.750 	 0.000 	 90.000
FHW12026	30.875 	 0.000 	 90.000
FHW12026	31.000 	 0.000 	 90.000
FHW12026	31.125 	 0.000 	 90.000
FHW12026	31.250 	 0.000 	 90.000
FHW12026	31.375 	 0.000 	 90.000
FHW12026	31.500 	 0.000 	 90.000
FHW12026	31.625 	 0.000 	 90.000
FHW12026	31.750 	 0.000 	 90.000
FHW12026	31.875 	 0.000 	 90.000
FHW12026	32.000 	 0.000 	 90.000
FHW12026	32.125 	 0.000 	 90.000
FHW12026	32.250 	 0.000 	 90.000
FHW12026	32.375 	 0.000 	 90.000
FHW12026	32.500 	 0.000 	 90.000
FHW12026	32.625 	 0.000 	 90.000
FHW12026	32.750 	 0.000 	 90.000
FHW12026	32.875 	 0.000 	 90.000
FHW12026	33.000 	 0.000 	 90.000
FHW12026	33.125 	 0.000 	 90.000
FHW12026	33.250 	 0.000 	 90.000
FHW12026	33.375 	 0.000 	 90.000
FHW12026	33.500 	 0.000 	 90.000
FHW12026	33.625 	 0.000 	 90.000
FHW12026	33.750 	 0.000 	 90.000
FHW12026	33.875 	 0.000 	 90.000
FHW12026	34.000 	 0.000 	 90.000
FHW12026	34.125 	 0.000 	 90.000
FHW12026	34.250 	 0.000 	 90.000
FHW12026	34.375 	 0.000 	 90.000
FHW12026	34.500 	 0.000 	 90.000
FHW12026	34.625 	 0.000 	 90.000
FHW12026	34.750 	 0.000 	 90.000
FHW12026	34.875 	 0.000 	 90.000
FHW12026	35.000 	 0.000 	 90.000
FHW12026	35.125 	 0.000 	 90.000
FHW12026	35.250 	 0.000 	 90.000
FHW12026	35.375 	 0.000 	 90.000
FHW12026	35.500 	 0.000 	 90.000
FHW12026	35.625 	 0.000 	 90.000
FHW12026	35.750 	 0.000 	 90.000
FHW12026	35.875 	 0.000 	 90.000
FHW12026	36.000 	 0.000 	 90.000
FHW12026	36.125 	 0.000 	 90.000
FHW12026	36.250 	 0.000 	 90.000
FHW12026	36.375 	 0.000 	 90.000
FHW12026	36.500 	 0.000 	 90.000
FHW12026	36.625 	 0.000 	 90.000
FHW12026	36.750 	 0.000 	 90.000
FHW12026	36.875 	 0.000 	 90.000
FHW12026	37.000 	 0.000 	 90.000
FHW12026	37.125 	 0.000 	 90.000
FHW12026	37.250 	 0.000 	 90.000
FHW12026	37.375 	 0.000 	 90.000
FHW12026	37.500 	 0.000 	 90.000
FHW12026	37.625 	 0.000 	 90.000
FHW12026	37.750 	 0.000 	 90.000
FHW12026	37.875 	 0.000 	 90.000
FHW12026	38.000 	 0.000 	 90.000
FHW12026	38.125 	 0.000 	 90.000
FHW12026	38.250 	 0.000 	 90.000
FHW12026	38.375 	 0.000 	 90.000
FHW12026	38.500 	 0.000 	 90.000
FHW12026	38.625 	 0.000 	 90.000
FHW12026	38.750 	 0.000 	 90.000
FHW12026	38.875 	 0.000 	 90.000
FHW12026	39.000 	 0.000 	 90.000
FHW12026	39.125 	 0.000 	 90.000
FHW12026	39.250 	 0.000 	 90.000
FHW12026	39.375 	 0.000 	 90.000
FHW12026	39.500 	 0.000 	 90.000
FHW12026	39.625 	 0.000 	 90.000
FHW12026	39.750 	 0.000 	 90.000
FHW12026	39.875 	 0.000 	 90.000
FHW12026	40.000 	 0.000 	 90.000
FHW12026	40.125 	 0.000 	 90.000
FHW12026	40.250 	 0.000 	 90.000
FHW12026	40.375 	 0.000 	 90.000
FHW12026	40.500 	 0.000 	 90.000
FHW12026	40.625 	 0.000 	 90.000
FHW12026	40.750 	 0.000 	 90.000
FHW12026	40.875 	 0.000 	 90.000
FHW12026	41.000 	 0.000 	 90.000
FHW12026	41.125 	 0.000 	 90.000
FHW12026	41.250 	 0.000 	 90.000
FHW12026	41.375 	 0.000 	 90.000
FHW12026	41.500 	 0.000 	 90.000
FHW12026	41.625 	 0.000 	 90.000
FHW12026	41.750 	 0.000 	 90.000
FHW12026	41.875 	 0.000 	 90.000
FHW12026	42.000 	 0.000 	 90.000
FHW12026	42.125 	 0.000 	 90.000
FHW12026	42.250 	 0.000 	 90.000
FHW12026	42.375 	 0.000 	 90.000
FHW12026	42.500 	 0.000 	 90.000
FHW12026	42.625 	 0.000 	 90.000
FHW12026	42.750 	 0.000 	 90.000
FHW12026	42.875 	 0.000 	 90.000
FHW12026	43.000 	 0.000 	 90.000
FHW12026	43.125 	 0.000 	 90.000
FHW12026	43.250 	 0.000 	 90.000
FHW12026	43.375 	 0.000 	 90.000
FHW12026	43.500 	 0.000 	 90.000
FHW12026	43.625 	 0.000 	 90.000
FHW12026	43.750 	 0.000 	 90.000
FHW12026	43.875 	 0.000 	 90.000
FHW12026	44.000 	 0.000 	 90.000
FHW12026	44.125 	 0.000 	 90.000
FHW12026	44.250 	 0.000 	 90.000
FHW12026	44.375 	 0.000 	 90.000
FHW12026	44.500 	 0.000 	 90.000
FHW12026	44.625 	 0.000 	 90.000
FHW12026	44.750 	 0.000 	 90.000
FHW12026	44.875 	 0.000 	 90.000
FHW12026	45.000 	 0.000 	 90.000
FHW12026	45.125 	 0.000 	 90.000
FHW12026	45.250 	 0.000 	 90.000
FHW12026	45.375 	 0.000 	 90.000
FHW12026	45.500 	 0.000 	 90.000
FHW12026	45.625 	 0.000 	 90.000
FHW12026	45.750 	 0.000 	 90.000
FHW12026	45.875 	 0.000 	 90.000
FHW12026	46.000 	 0.000 	 90.000
FHW12026	46.125 	 0.000 	 90.000
FHW12026	46.250 	 0.000 	 90.000
FHW12026	46.375 	 0.000 	 90.000
FHW12026	46.500 	 0.000 	 90.000
FHW12026	46.625 	 0.000 	 90.000
FHW12026	46.750 	 0.000 	 90.000
FHW12026	46.875 	 0.000 	 90.000
FHW12026	47.000 	 0.000 	 90.000
FHW12026	47.125 	 0.000 	 90.000
FHW12026	47.250 	 0.000 	 90.000
FHW12026	47.375 	 0.000 	 90.000
FHW12026	47.500 	 0.000 	 90.000
FHW12026	47.625 	 0.000 	 90.000
FHW12026	47.750 	 0.000 	 90.000
FHW12026	47.875 	 0.000 	 90.000
FHW12026	48.000 	 0.000 	 90.000
FHW12026	48.125 	 0.000 	 90.000
FHW12026	48.250 	 0.000 	 90.000
FHW12026	48.375 	 0.000 	 90.000
FHW12026	48.500 	 0.000 	 90.000
FHW12026	48.625 	 0.000 	 90.000
FHW12026	48.750 	 0.000 	 90.000
FHW12026	48.875 	 0.000 	 90.000
FHW12026	49.000 	 0.000 	 90.000
FHW12026	49.125 	 0.000 	 90.000
FHW12026	49.250 	 0.000 	 90.000
FHW12026	49.375 	 0.000 	 90.000
FHW12026	49.500 	 0.000 	 90.000
FHW12026	49.625 	 0.000 	 90.000
FHW12026	49.750 	 0.000 	 90.000
FHW12026	49.875 	 0.000 	 90.000
FHW12026	50.000 	 0.000 	 90.000
FHW12026	50.125 	 0.000 	 90.000
FHW12026	50.250 	 0.000 	 90.000
FHW12026	50.375 	 0.000 	 90.000
FHW12026	50.500 	 0.000 	 90.000
FHW12026	50.625 	 0.000 	 90.000
FHW12026	50.750 	 0.000 	 90.000
FHW12026	50.875 	 0.000 	 90.000
FHW12026	51.000 	 0.000 	 90.000
FHW12026	51.125 	 0.000 	 90.000
FHW12026	51.250 	 0.000 	 90.000
FHW12026	51.375 	 0.000 	 90.000
FHW12026	51.500 	 0.000 	 90.000
FHW12026	51.625 	 0.000 	 90.000
FHW12026	51.750 	 0.000 	 90.000
FHW12026	51.875 	 0.000 	 90.000
FHW12026	52.000 	 0.000 	 90.000
FHW12026	52.125 	 0.000 	 90.000
FHW12026	52.250 	 0.000 	 90.000
FHW12026	52.375 	 0.000 	 90.000
FHW12026	52.500 	 0.000 	 90.000
FHW12026	52.625 	 0.000 	 90.000
FHW12026	52.750 	 0.000 	 90.000
FHW12026	52.875 	 0.000 	 90.000
FHW12026	53.000 	 0.000 	 90.000
FHW12026	53.125 	 0.000 	 90.000
FHW12026	53.250 	 0.000 	 90.000
FHW12026	53.375 	 0.000 	 90.000
FHW12026	53.500 	 0.000 	 90.000
FHW12026	53.625 	 0.000 	 90.000
FHW12026	53.750 	 0.000 	 90.000
FHW12026	53.875 	 0.000 	 90.000
FHW12026	54.000 	 0.000 	 90.000
FHW12026	54.125 	 0.000 	 90.000
FHW12026	54.250 	 0.000 	 90.000
FHW12026	54.375 	 0.000 	 90.000
FHW12026	54.500 	 0.000 	 90.000
FHW12026	54.625 	 0.000 	 90.000
FHW12026	54.750 	 0.000 	 90.000
FHW12026	54.875 	 0.000 	 90.000
FHW12026	55.000 	 0.000 	 90.000
FHW12026	55.125 	 0.000 	 90.000
FHW12026	55.250 	 0.000 	 90.000
FHW12026	55.375 	 0.000 	 90.000
FHW12026	55.500 	 0.000 	 90.000
FHW12026	55.625 	 0.000 	 90.000
FHW12026	55.750 	 0.000 	 90.000
FHW12026	55.875 	 0.000 	 90.000
FHW12026	56.000 	 0.000 	 90.000
FHW12026	56.125 	 0.000 	 90.000
FHW12026	56.250 	 0.000 	 90.000
FHW12026	56.375 	 0.000 	 90.000
FHW12026	56.500 	 0.000 	 90.000
FHW12026	56.625 	 0.000 	 90.000
FHW12026	56.750 	 0.000 	 90.000
FHW12026	56.875 	 0.000 	 90.000
FHW12026	57.000 	 0.000 	 90.000
FHW12026	57.125 	 0.000 	 90.000
FHW12026	57.250 	 0.000 	 90.000
FHW12026	57.375 	 0.000 	 90.000
FHW12026	57.500 	 0.000 	 90.000
FHW12026	57.625 	 0.000 	 90.000
FHW12026	57.750 	 0.000 	 90.000
FHW12026	57.875 	 0.000 	 90.000
FHW12026	58.000 	 0.000 	 90.000
FHW12026	58.125 	 0.000 	 90.000
FHW12026	58.250 	 0.000 	 90.000
FHW12026	58.375 	 0.000 	 90.000
FHW12026	58.500 	 0.000 	 90.000
FHW12026	58.625 	 0.000 	 90.000
FHW12026	58.750 	 0.000 	 90.000
FHW12026	58.875 	 0.000 	 90.000
FHW12026	59.000 	 0.000 	 90.000
FHW12026	59.125 	 0.000 	 90.000
FHW12026	59.250 	 0.000 	 90.000
FHW12026	59.375 	 0.000 	 90.000
FHW12026	59.500 	 0.000 	 90.000
FHW12026	59.625 	 0.000 	 90.000
FHW12026	59.750 	 0.000 	 90.000
FHW12026	59.875 	 0.000 	 90.000
FHW12026	60.000 	 0.000 	 90.000
FHW12026	60.125 	 3.937 	 54.462
FHW12026	60.250 	 4.252 	 49.399
FHW12026	60.375 	 3.937 	 54.462
FHW12026	60.500 	 4.574 	 53.130
FHW12026	60.625 	 3.968 	 54.462
FHW12026	60.750 	 4.218 	 49.399
FHW12026	60.875 	 3.937 	 54.462
FHW12026	61.000 	 4.252 	 49.399
FHW12026	61.125 	 3.937 	 54.462
FHW12026	61.250 	 4.574 	 53.130
FHW12026	61.375 	 3.969 	 54.462
FHW12026	61.500 	 4.218 	 49.399
FHW12026	61.625 	 3.937 	 54.462
FHW12026	61.750 	 4.252 	 49.399
FHW12026	61.875 	 3.937 	 54.462
FHW12026	62.000 	 4.574 	 53.130
FHW12026	62.125 	 3.968 	 54.462
FHW12026	62.250 	 3.937 	 54.462
FHW12026	62.375 	 4.218 	 49.399
FHW12026	62.500 	 3.968 	 54.462
FHW12026	62.625 	 4.218 	 49.399
FHW12026	62.750 	 3.937 	 54.462
FHW12026	62.875 	 4.611 	 53.130
FHW12026	63.000 	 3.937 	 54.462
FHW12026	63.125 	 4.218 	 49.399
FHW12026	63.250 	 3.968 	 54.462
FHW12026	63.375 	 4.218 	 49.399
FHW12026	63.500 	 3.937 	 54.462
FHW12026	63.625 	 4.611 	 53.130
FHW12026	63.750 	 3.937 	 54.462
FHW12026	63.875 	 4.218 	 49.399
FHW12026	64.000 	 3.969 	 54.462
FHW12026	64.125 	 4.218 	 49.399
FHW12026	64.250 	 3.937 	 54.462
FHW12026	64.375 	 4.351 	 57.995
FHW12026	64.500 	 4.218 	 49.399
FHW12026	64.625 	 3.937 	 54.462
FHW12026	64.750 	 4.252 	 49.399
FHW12026	64.875 	 3.937 	 54.462
FHW12026	65.000 	 4.218 	 49.399
FHW12026	65.125 	 4.351 	 57.995
FHW12026	65.250 	 4.218 	 49.399
FHW12026	65.375 	 3.937 	 54.462
FHW12026	65.500 	 4.252 	 49.399
FHW12026	65.625 	 3.937 	 54.462
FHW12026	65.750 	 4.218 	 49.399
FHW12026	65.875 	 3.968 	 54.462
FHW12026	66.000 	 4.574 	 53.130
FHW12026	66.125 	 3.937 	 54.462
FHW12026	66.250 	 4.252 	 49.399
FHW12026	66.375 	 3.937 	 54.462
FHW12026	66.500 	 3.937 	 54.462
FHW12026	66.625 	 4.252 	 49.399
FHW12026	66.750 	 4.316 	 57.995
FHW12026	66.875 	 4.218 	 49.399
FHW12026	67.000 	 3.968 	 54.462
FHW12026	67.125 	 4.218 	 49.399
FHW12026	67.250 	 3.937 	 54.462
FHW12026	67.375 	 4.252 	 49.399
FHW12026	67.500 	 4.316 	 57.995
FHW12026	67.625 	 4.218 	 49.399
FHW12026	67.750 	 3.969 	 54.462
FHW12026	67.875 	 4.218 	 49.399
FHW12026	68.000 	 3.937 	 54.462
FHW12026	68.125 	 4.252 	 49.399
FHW12026	68.250 	 3.937 	 54.462
FHW12026	68.375 	 4.574 	 53.130
FHW12026	68.500 	 3.968 	 54.462
FHW12026	68.625 	 3.937 	 54.462
FHW12026	68.750 	 4.218 	 49.399
FHW12026	68.875 	 3.968 	 54.462
FHW12026	69.000 	 4.218 	 49.399
FHW12026	69.125 	 4.316 	 57.995
FHW12026	69.250 	 4.252 	 49.399
FHW12026	69.375 	 3.937 	 54.462
FHW12026	69.500 	 4.218 	 49.399
FHW12026	69.625 	 3.968 	 54.462
FHW12026	69.750 	 4.218 	 49.399
FHW12026	69.875 	 4.316 	 57.994
FHW12026	70.000 	 4.252 	 49.399
FHW12026	70.125 	 3.937 	 54.462
FHW12026	70.250 	 4.218 	 49.399
FHW12026	70.375 	 6.688 	 56.310
FHW12026	70.500 	 9.274 	 57.095
FHW12026	70.625 	 9.348 	 57.095
FHW12026	70.750 	 8.970 	 55.491
FHW12026	70.875 	 9.275 	 57.095
FHW12026	71.000 	 9.348 	 57.095
FHW12026	71.125 	 8.970 	 55.491
FHW12026	71.250 	 9.602 	 54.782
FHW12026	71.375 	 9.274 	 57.095
FHW12026	71.500 	 8.970 	 55.492
FHW12026	71.625 	 9.348 	 57.095
FHW12026	71.750 	 9.274 	 57.095
FHW12026	71.875 	 8.971 	 55.492
FHW12026	72.000 	 9.348 	 57.095
FHW12026	72.125 	 9.274 	 57.095
FHW12026	72.250 	 8.970 	 55.491
FHW12026	72.375 	 9.348 	 57.095
FHW12026	72.500 	 9.348 	 57.095
FHW12026	72.625 	 9.274 	 57.095
FHW12026	72.750 	 9.235 	 53.130
FHW12026	72.875 	 9.349 	 57.095
FHW12026	73.000 	 9.274 	 57.095
FHW12026	73.125 	 8.970 	 55.492
FHW12026	73.250 	 9.348 	 57.095
FHW12026	73.375 	 9.348 	 57.095
FHW12026	73.500 	 8.899 	 55.491
FHW12026	73.625 	 9.348 	 57.095
FHW12026	73.750 	 9.348 	 57.095
FHW12026	73.875 	 8.899 	 55.491
FHW12026	74.000 	 9.349 	 57.095
FHW12026	74.125 	 9.348 	 57.095
FHW12026	74.250 	 9.235 	 53.130
FHW12026	74.375 	 9.274 	 57.095
FHW12026	74.500 	 9.348 	 57.095
FHW12026	74.625 	 9.348 	 57.095
FHW12026	74.750 	 8.899 	 55.491
FHW12026	74.875 	 9.348 	 57.095
FHW12026	75.000 	 9.349 	 57.095
FHW12026	75.125 	 8.970 	 55.491
FHW12026	75.250 	 9.274 	 57.095
FHW12026	75.375 	 9.348 	 57.095
FHW12026	75.500 	 8.970 	 55.491
FHW12026	75.625 	 9.274 	 57.095
FHW12026	75.750 	 9.602 	 54.782
FHW12026	75.875 	 8.970 	 55.491
FHW12026	76.000 	 9.349 	 57.095
FHW12026	76.125 	 9.274 	 57.095
FHW12026	76.250 	 8.970 	 55.492
FHW12026	76.375 	 9.348 	 57.095
FHW12026	76.500 	 9.274 	 57.095
FHW12026	76.625 	 9.348 	 57.095
FHW12026	76.750 	 8.970 	 55.492
FHW12026	76.875 	 9.348 	 57.095
FHW12026	77.000 	 9.275 	 57.095
FHW12026	77.125 	 8.970 	 55.492
FHW12026	77.250 	 9.602 	 54.782
FHW12026	77.375 	 9.274 	 57.095
FHW12026	77.500 	 8.970 	 55.491
FHW12026	77.625 	 9.348 	 57.095
FHW12026	77.750 	 9.348 	 57.095
FHW12026	77.875 	 8.899 	 55.491
FHW12026	78.000 	 9.349 	 57.095
FHW12026	78.125 	 9.348 	 57.095
FHW12026	78.250 	 8.899 	 55.492
FHW12026	78.375 	 9.348 	 57.095
FHW12026	78.500 	 9.348 	 57.095
FHW12026	78.625 	 9.274 	 57.095
FHW12026	78.750 	 9.236 	 53.130
FHW12026	78.875 	 9.348 	 57.095
FHW12026	79.000 	 9.349 	 57.095
FHW12026	79.125 	 8.899 	 55.491
FHW12026	79.250 	 9.348 	 57.095
FHW12026	79.375 	 9.348 	 57.095
FHW12026	79.500 	 8.899 	 55.491
FHW12026	79.625 	 9.348 	 57.095
FHW12026	79.750 	 9.348 	 57.095
FHW12026	79.875 	 8.970 	 55.491
FHW12026	80.000 	 9.275 	 57.095
FHW12026	80.125 	 9.348 	 57.095
FHW12026	80.250 	 9.235 	 53.130
FHW12026	80.375 	 9.274 	 57.095
FHW12026	80.500 	 9.348 	 57.095
FHW12026	80.625 	 9.348 	 57.095
FHW12026	80.750 	 8.970 	 55.492
FHW12026	80.875 	 9.274 	 57.095
FHW12026	81.000 	 9.349 	 57.095
FHW12026	81.125 	 8.970 	 55.492
FHW12026	81.250 	 9.274 	 57.095
FHW12026	81.375 	 9.348 	 57.095
FHW12026	81.500 	 8.970 	 55.492
FHW12026	81.625 	 9.348 	 57.095
FHW12026	81.750 	 9.526 	 54.782
FHW12026	81.875 	 8.970 	 55.491
FHW12026	82.000 	 9.349 	 57.095
FHW12026	82.125 	 9.274 	 57.095
FHW12026	82.250 	 8.970 	 55.491
FHW12026	82.375 	 9.348 	 57.095
FHW12026	82.500 	 9.348 	 57.095
FHW12026	82.625 	 9.274 	 57.095
FHW12026	82.750 	 8.970 	 55.491
FHW12026	82.875 	 9.348 	 57.095
FHW12026	83.000 	 9.274 	 57.095
FHW12026	83.125 	 8.971 	 55.491
FHW12026	83.250 	 9.602 	 54.782
FHW12026	83.375 	 9.348 	 57.095
FHW12026	83.500 	 8.899 	 55.491
FHW12026	83.625 	 9.348 	 57.095
FHW12026	83.750 	 9.348 	 57.095
FHW12026	83.875 	 8.899 	 55.491
FHW12026	84.000 	 9.348 	 57.095
FHW12026	84.125 	 9.349 	 57.095
FHW12026	84.250 	 8.970 	 55.491
FHW12026	84.375 	 9.274 	 57.095
FHW12026	84.500 	 9.348 	 57.095
FHW12026	84.625 	 9.348 	 57.095
FHW12026	84.750 	 9.162 	 53.130
FHW12026	84.875 	 9.348 	 57.095
FHW12026	85.000 	 9.348 	 57.095
FHW12026	85.125 	 8.971 	 55.491
FHW12026	85.250 	 9.274 	 57.095
FHW12026	85.375 	 9.348 	 57.095
FHW12026	85.500 	 8.970 	 55.491
FHW12026	85.625 	 9.274 	 57.095
FHW12026	85.750 	 9.348 	 57.095
FHW12026	85.875 	 8.970 	 55.492
FHW12026	86.000 	 9.274 	 57.095
FHW12026	86.125 	 9.349 	 57.095
FHW12026	86.250 	 9.235 	 53.130
FHW12026	86.375 	 9.348 	 57.095
FHW12026	86.500 	 9.274 	 57.095
FHW12026	86.625 	 9.348 	 57.095
FHW12026	86.750 	 8.970 	 55.491
FHW12026	86.875 	 9.274 	 57.095
FHW12026	87.000 	 9.348 	 57.095
FHW12026	87.125 	 8.971 	 55.491
FHW12026	87.250 	 9.348 	 57.095
FHW12026	87.375 	 9.274 	 57.095
FHW12026	87.500 	 8.970 	 55.491
FHW12026	87.625 	 9.348 	 57.095
FHW12026	87.750 	 9.526 	 54.782
FHW12026	87.875 	 8.970 	 55.491
FHW12026	88.000 	 9.348 	 57.095
FHW12026	88.125 	 9.349 	 57.095
FHW12026	88.250 	 8.899 	 55.491
FHW12026	88.375 	 9.348 	 57.095
FHW12026	88.500 	 9.348 	 57.095
FHW12026	88.625 	 9.274 	 57.094
FHW12026	88.750 	 8.970 	 55.492
FHW12026	88.875 	 9.348 	 57.095
FHW12026	89.000 	 9.348 	 57.094
FHW12026	89.125 	 11.831 	 59.421
FHW12026	89.250 	 16.416 	 61.260
FHW12026	89.375 	 16.416 	 61.260
FHW12026	89.500 	 16.417 	 61.260
FHW12026	89.625 	 16.601 	 63.435
FHW12026	89.750 	 16.547 	 61.260
FHW12026	89.875 	 16.416 	 61.260
FHW12026	90.000 	 16.416 	 61.260
FHW12026	90.125 	 16.602 	 63.435
FHW12026	90.250 	 16.546 	 61.260
FHW12026	90.375 	 16.416 	 61.260
FHW12026	90.500 	 16.417 	 61.260
FHW12026	90.625 	 16.601 	 63.435
FHW12026	90.750 	 16.416 	 61.260
FHW12026	90.875 	 16.547 	 61.260
FHW12026	91.000 	 16.416 	 61.260
FHW12026	91.125 	 16.602 	 63.435
FHW12026	91.250 	 16.416 	 61.260
FHW12026	91.375 	 16.547 	 61.260
FHW12026	91.500 	 16.803 	 62.020
FHW12026	91.625 	 16.210 	 62.701
FHW12026	91.750 	 16.417 	 61.260
FHW12026	91.875 	 16.416 	 61.260
FHW12026	92.000 	 16.935 	 62.020
FHW12026	92.125 	 16.211 	 62.701
FHW12026	92.250 	 16.416 	 61.260
FHW12026	92.375 	 16.416 	 61.260
FHW12026	92.500 	 16.734 	 63.435
FHW12026	92.625 	 16.416 	 61.260
FHW12026	92.750 	 16.417 	 61.260
FHW12026	92.875 	 16.416 	 61.260
FHW12026	93.000 	 16.601 	 63.435
FHW12026	93.125 	 16.547 	 61.260
FHW12026	93.250 	 16.416 	 61.260
FHW12026	93.375 	 16.416 	 61.260
FHW12026	93.500 	 16.602 	 63.435
FHW12026	93.625 	 16.546 	 61.260
FHW12026	93.750 	 16.417 	 61.260
FHW12026	93.875 	 16.416 	 61.260
FHW12026	94.000 	 16.601 	 63.435
FHW12026	94.125 	 16.417 	 61.260
FHW12026	94.250 	 16.547 	 61.260
FHW12026	94.375 	 16.416 	 61.260
FHW12026	94.500 	 16.602 	 63.435
FHW12026	94.625 	 16.416 	 61.260
FHW12026	94.750 	 16.547 	 61.260
FHW12026	94.875 	 16.802 	 62.021
FHW12026	95.000 	 16.210 	 62.701
FHW12026	95.125 	 16.417 	 61.260
FHW12026	95.250 	 16.416 	 61.260
FHW12026	95.375 	 16.935 	 62.020
FHW12026	95.500 	 16.210 	 62.701
FHW12026	95.625 	 16.416 	 61.260
FHW12026	95.750 	 16.417 	 61.260
FHW12026	95.875 	 16.733 	 63.435
FHW12026	96.000 	 16.416 	 61.260
FHW12026	96.125 	 16.417 	 61.260
FHW12026	96.250 	 16.416 	 61.260
FHW12026	96.375 	 16.601 	 63.435
FHW12026	96.500 	 16.547 	 61.260
FHW12026	96.625 	 16.416 	 61.260
FHW12026	96.750 	 16.417 	 61.260
FHW12026	96.875 	 16.601 	 63.435
FHW12026	97.000 	 16.547 	 61.260
FHW12026	97.125 	 16.417 	 61.260
FHW12026	97.250 	 16.416 	 61.260
FHW12026	97.375 	 16.601 	 63.435
FHW12026	97.500 	 16.417 	 61.260
FHW12026	97.625 	 16.546 	 61.260
FHW12026	97.750 	 16.803 	 62.021
FHW12026	97.875 	 16.210 	 62.701
FHW12026	98.000 	 16.416 	 61.260
FHW12026	98.125 	 16.417 	 61.260
FHW12026	98.250 	 16.935 	 62.020
FHW12026	98.375 	 16.209 	 62.701
FHW12026	98.500 	 16.417 	 61.260
FHW12026	98.625 	 16.416 	 61.260
FHW12026	98.750 	 16.734 	 63.435
FHW12026	98.875 	 16.416 	 61.260
FHW12026	99.000 	 16.416 	 61.260
FHW12026	99.125 	 16.417 	 61.260
FHW12026	99.250 	 16.601 	 63.435
FHW12026	99.375 	 16.546 	 61.260
FHW12026	99.500 	 16.417 	 61.260
FHW12026	99.625 	 16.416 	 61.260
FHW12026	99.750 	 16.602 	 63.435
FHW12026	99.875 	 16.547 	 61.260
FHW12026	100.000 	 16.416 	 61.260
FHW12026	100.125 	 16.417 	 61.260
FHW12026	100.250 	 16.601 	 63.435
FHW12026	100.375 	 16.416 	 61.260
FHW12026	100.500 	 16.547 	 61.260
FHW12026	100.625 	 16.802 	 62.021
FHW12026	100.750 	 16.210 	 62.700
FHW12026	100.875 	 16.416 	 61.260
FHW12026	101.000 	 16.546 	 61.260
FHW12026	101.125 	 16.803 	 62.020
FHW12026	101.250 	 16.209 	 62.700
FHW12026	101.375 	 16.416 	 61.260
FHW12026	101.500 	 16.417 	 61.260
FHW12026	101.625 	 16.935 	 62.021
FHW12026	101.750 	 16.210 	 62.700
FHW12026	101.875 	 16.416 	 61.260
FHW12026	102.000 	 16.416 	 61.260
FHW12026	102.125 	 16.734 	 63.435
FHW12026	102.250 	 16.416 	 61.260
FHW12026	102.375 	 16.416 	 61.260
FHW12026	102.500 	 16.417 	 61.260
FHW12026	102.625 	 16.601 	 63.435
FHW12026	102.750 	 16.547 	 61.260
FHW12026	102.875 	 16.416 	 61.260
FHW12026	103.000 	 16.416 	 61.260
FHW12026	103.125 	 16.602 	 63.435
FHW12026	103.250 	 16.546 	 61.260
FHW12026	103.375 	 16.417 	 61.260
FHW12026	103.500 	 16.802 	 62.021
FHW12026	103.625 	 16.210 	 62.700
FHW12026	103.750 	 16.417 	 61.260
FHW12026	103.875 	 16.547 	 61.260
FHW12026	104.000 	 16.802 	 62.021
FHW12026	104.125 	 16.211 	 62.700
FHW12026	104.250 	 16.416 	 61.260
FHW12026	104.375 	 16.548 	 61.260
FHW12026	104.500 	 16.802 	 62.020
FHW12026	104.625 	 16.209 	 62.701
FHW12026	104.750 	 16.417 	 61.260
FHW12026	104.875 	 16.416 	 61.261
FHW12026	105.000 	 16.935 	 62.020
FHW12026	105.125 	 16.210 	 62.701
FHW12026	105.250 	 16.416 	 61.260
FHW12026	105.375 	 16.416 	 61.261
FHW12026	105.500 	 16.734 	 63.435
FHW12026	105.625 	 16.416 	 61.261
FHW12026	105.750 	 16.417 	 61.260
FHW12026	105.875 	 16.416 	 61.261
FHW12026	106.000 	 16.601 	 63.435
FHW12026	106.125 	 16.547 	 61.261
FHW12026	106.250 	 16.416 	 61.260
FHW12026	106.375 	 16.417 	 61.260
FHW12026	106.500 	 16.601 	 63.435
FHW12026	106.625 	 16.547 	 61.260
FHW12026	106.750 	 16.417 	 61.260
FHW12026	106.875 	 16.802 	 62.020
FHW12026	107.000 	 16.209 	 62.701
FHW12026	107.125 	 16.417 	 61.260
FHW12026	107.250 	 16.546 	 61.260
FHW12026	107.375 	 16.803 	 62.020
FHW12026	107.500 	 16.209 	 62.701
FHW12026	107.625 	 16.416 	 61.260
FHW12026	107.750 	 16.547 	 61.260
FHW12026	107.875 	 16.802 	 62.021
FHW12026	108.000 	 21.336 	 67.964
FHW12026	108.125 	 22.284 	 67.751
FHW12026	108.250 	 22.625 	 66.645
FHW12026	108.375 	 22.285 	 67.751
FHW12026	108.500 	 22.459 	 67.751
FHW12026	108.625 	 22.285 	 67.751
FHW12026	108.750 	 22.285 	 67.751
FHW12026	108.875 	 22.459 	 67.751
FHW12026	109.000 	 22.285 	 67.751
FHW12026	109.125 	 22.460 	 67.751
FHW12026	109.250 	 22.284 	 67.752
FHW12026	109.375 	 22.460 	 67.751
FHW12026	109.500 	 22.285 	 67.751
FHW12026	109.625 	 22.460 	 67.751
FHW12026	109.750 	 22.284 	 67.751
FHW12026	109.875 	 22.285 	 67.751
FHW12026	110.000 	 22.460 	 67.751
FHW12026	110.125 	 22.284 	 67.751
FHW12026	110.250 	 22.460 	 67.751
FHW12026	110.375 	 22.286 	 67.751
FHW12026	110.500 	 22.458 	 67.751
FHW12026	110.625 	 22.285 	 67.751
FHW12026	110.750 	 22.460 	 67.751
FHW12026	110.875 	 22.284 	 67.751
FHW12026	111.000 	 22.286 	 67.751
FHW12026	111.125 	 22.460 	 67.751
FHW12026	111.250 	 22.284 	 67.751
FHW12026	111.375 	 22.460 	 67.751
FHW12026	111.500 	 22.285 	 67.751
FHW12026	111.625 	 22.458 	 67.751
FHW12026	111.750 	 22.286 	 67.751
FHW12026	111.875 	 22.460 	 67.751
FHW12026	112.000 	 22.284 	 67.751
FHW12026	112.125 	 22.449 	 66.645
FHW12026	112.250 	 22.460 	 67.751
FHW12026	112.375 	 22.284 	 67.751
FHW12026	112.500 	 22.460 	 67.751
FHW12026	112.625 	 22.285 	 67.751
FHW12026	112.750 	 22.853 	 68.198
FHW12026	112.875 	 22.284 	 67.751
FHW12026	113.000 	 22.460 	 67.751
FHW12026	113.125 	 22.285 	 67.751
FHW12026	113.250 	 22.284 	 67.751
FHW12026	113.375 	 22.460 	 67.751
FHW12026	113.500 	 22.285 	 67.751
FHW12026	113.625 	 22.458 	 67.751
FHW12026	113.750 	 22.286 	 67.751
FHW12026	113.875 	 22.460 	 67.751
FHW12026	114.000 	 22.284 	 67.751
FHW12026	114.125 	 22.460 	 67.751
FHW12026	114.250 	 22.285 	 67.751
FHW12026	114.375 	 22.284 	 67.751
FHW12026	114.500 	 22.460 	 67.752
FHW12026	114.625 	 22.285 	 67.751
FHW12026	114.750 	 22.458 	 67.751
FHW12026	114.875 	 22.286 	 67.751
FHW12026	115.000 	 22.460 	 67.751
FHW12026	115.125 	 22.284 	 67.751
FHW12026	115.250 	 22.460 	 67.751
FHW12026	115.375 	 22.285 	 67.751
FHW12026	115.500 	 22.460 	 67.751
FHW12026	115.625 	 22.284 	 67.751
FHW12026	115.750 	 22.285 	 67.751
FHW12026	115.875 	 22.460 	 67.752
FHW12026	116.000 	 22.284 	 67.751
FHW12026	116.125 	 22.625 	 66.644
FHW12026	116.250 	 22.286 	 67.751
FHW12026	116.375 	 22.458 	 67.751
FHW12026	116.500 	 22.285 	 67.751
FHW12026	116.625 	 22.460 	 67.751
FHW12026	116.750 	 22.284 	 67.751
FHW12026	116.875 	 22.285 	 67.751
FHW12026	117.000 	 22.460 	 67.752
FHW12026	117.125 	 22.284 	 67.751
FHW12026	117.250 	 22.460 	 67.751
FHW12026	117.375 	 22.286 	 67.752
FHW12026	117.500 	 22.458 	 67.751
FHW12026	117.625 	 22.285 	 67.751
FHW12026	117.750 	 22.460 	 67.751
FHW12026	117.875 	 22.284 	 67.751
FHW12026	118.000 	 22.285 	 67.751
FHW12026	118.125 	 22.460 	 67.751
FHW12026	118.250 	 22.284 	 67.751
FHW12026	118.375 	 22.460 	 67.751
FHW12026	118.500 	 22.286 	 67.751
FHW12026	118.625 	 22.460 	 67.751
FHW12026	118.750 	 22.284 	 67.751
FHW12026	118.875 	 22.460 	 67.752
FHW12026	119.000 	 22.285 	 67.751
FHW12026	119.125 	 22.284 	 67.751
FHW12026	119.250 	 22.460 	 67.752
FHW12026	119.375 	 22.285 	 67.751
FHW12026	119.500 	 22.458 	 67.751
FHW12026	119.625 	 22.286 	 67.751
FHW12026	119.750 	 22.460 	 67.751
FHW12026	119.875 	 22.284 	 67.751
FHW12026	120.000 	 22.625 	 66.644
FHW12026	120.125 	 22.285 	 67.751
FHW12026	120.250 	 22.284 	 67.751
FHW12026	120.375 	 22.460 	 67.751
FHW12026	120.500 	 22.285 	 67.751
FHW12026	120.625 	 22.459 	 67.751
FHW12026	120.750 	 22.285 	 67.751
FHW12026	120.875 	 22.460 	 67.751
FHW12026	121.000 	 22.284 	 67.751
FHW12026	121.125 	 22.460 	 67.751
FHW12026	121.250 	 22.285 	 67.751
FHW12026	121.375 	 22.284 	 67.751
FHW12026	121.500 	 22.460 	 67.751
FHW12026	121.625 	 22.285 	 67.751
FHW12026	121.750 	 22.459 	 67.752
FHW12026	121.875 	 22.285 	 67.751
FHW12026	122.000 	 22.460 	 67.751
FHW12026	122.125 	 22.286 	 67.751
FHW12026	122.250 	 22.458 	 67.751
FHW12026	122.375 	 22.285 	 67.751
FHW12026	122.500 	 22.286 	 67.751
FHW12026	122.625 	 22.458 	 67.751
FHW12026	122.750 	 22.285 	 67.751
FHW12026	122.875 	 22.460 	 67.751
FHW12026	123.000 	 22.284 	 67.751
FHW12026	123.125 	 22.460 	 67.751
FHW12026	123.250 	 22.286 	 67.751
FHW12026	123.375 	 22.458 	 67.751
FHW12026	123.500 	 22.285 	 67.751
FHW12026	123.625 	 22.460 	 67.752
FHW12026	123.750 	 22.284 	 67.751
FHW12026	123.875 	 22.449 	 66.645
FHW12026	124.000 	 22.460 	 67.751
FHW12026	124.125 	 22.284 	 67.751
FHW12026	124.250 	 22.460 	 67.752
FHW12026	124.375 	 22.285 	 67.751
FHW12026	124.500 	 22.458 	 67.751
FHW12026	124.625 	 22.286 	 67.752
FHW12026	124.750 	 22.853 	 68.198
FHW12026	124.875 	 22.284 	 67.751
FHW12026	125.000 	 22.285 	 67.751
FHW12026	125.125 	 22.460 	 67.752
FHW12026	125.250 	 22.285 	 67.751
FHW12026	125.375 	 22.458 	 67.751
FHW12026	125.500 	 22.286 	 67.751
FHW12026	125.625 	 22.460 	 67.751
FHW12026	125.750 	 22.284 	 67.751
FHW12026	125.875 	 22.460 	 67.751
FHW12026	126.000 	 22.285 	 67.751
FHW12026	126.125 	 22.284 	 67.751
FHW12026	126.250 	 22.460 	 67.751
FHW12026	126.375 	 22.285 	 67.751
FHW12026	126.500 	 22.458 	 67.751
FHW12026	126.625 	 22.286 	 67.751
FHW12026	126.750 	 25.679 	 68.198
FHW12026	126.875 	 28.303 	 68.198
FHW12026	127.000 	 28.303 	 68.199
FHW12026	127.125 	 27.941 	 69.102
FHW12026	127.250 	 28.303 	 68.199
FHW12026	127.375 	 28.303 	 68.198
FHW12026	127.500 	 27.777 	 68.750
FHW12026	127.625 	 28.303 	 68.199
FHW12026	127.750 	 28.303 	 68.198
FHW12026	127.875 	 28.158 	 69.102
FHW12026	128.000 	 28.303 	 68.199
FHW12026	128.125 	 28.303 	 68.198
FHW12026	128.250 	 28.156 	 69.102
FHW12026	128.375 	 28.303 	 68.199
FHW12026	128.500 	 28.303 	 68.199
FHW12026	128.625 	 27.941 	 69.102
FHW12026	128.750 	 28.303 	 68.199
FHW12026	128.875 	 28.303 	 68.199
FHW12026	129.000 	 28.156 	 69.102
FHW12026	129.125 	 28.303 	 68.199
FHW12026	129.250 	 28.303 	 68.199
FHW12026	129.375 	 28.156 	 69.102
FHW12026	129.500 	 28.305 	 68.198
FHW12026	129.625 	 27.927 	 67.834
FHW12026	129.750 	 28.156 	 69.102
FHW12026	129.875 	 28.303 	 68.198
FHW12026	130.000 	 28.303 	 68.199
FHW12026	130.125 	 27.941 	 69.102
FHW12026	130.250 	 28.303 	 68.198
FHW12026	130.375 	 28.304 	 68.199
FHW12026	130.500 	 28.155 	 69.102
FHW12026	130.625 	 28.303 	 68.198
FHW12026	130.750 	 28.303 	 68.199
FHW12026	130.875 	 28.156 	 69.102
FHW12026	131.000 	 28.303 	 68.198
FHW12026	131.125 	 28.303 	 68.198
FHW12026	131.250 	 28.155 	 69.102
FHW12026	131.375 	 28.303 	 68.198
FHW12026	131.500 	 28.303 	 68.199
FHW12026	131.625 	 27.943 	 69.102
FHW12026	131.750 	 28.303 	 68.198
FHW12026	131.875 	 27.927 	 67.833
FHW12026	132.000 	 28.156 	 69.102
FHW12026	132.125 	 28.303 	 68.199
FHW12026	132.250 	 28.303 	 68.198
FHW12026	132.375 	 28.156 	 69.102
FHW12026	132.500 	 28.303 	 68.198
FHW12026	132.625 	 28.303 	 68.198
FHW12026	132.750 	 28.156 	 69.102
FHW12026	132.875 	 28.303 	 68.199
FHW12026	133.000 	 28.303 	 68.198
FHW12026	133.125 	 27.943 	 69.102
FHW12026	133.250 	 28.303 	 68.198
FHW12026	133.375 	 28.302 	 68.199
FHW12026	133.500 	 28.156 	 69.102
FHW12026	133.625 	 28.303 	 68.199
FHW12026	133.750 	 28.303 	 68.198
FHW12026	133.875 	 28.156 	 69.102
FHW12026	134.000 	 27.927 	 67.833
FHW12026	134.125 	 28.303 	 68.199
FHW12026	134.250 	 28.156 	 69.102
FHW12026	134.375 	 28.303 	 68.198
FHW12026	134.500 	 28.303 	 68.198
FHW12026	134.625 	 27.943 	 69.102
FHW12026	134.750 	 28.303 	 68.198
FHW12026	134.875 	 28.303 	 68.199
FHW12026	135.000 	 28.156 	 69.102
FHW12026	135.125 	 28.303 	 68.198
FHW12026	135.250 	 28.156 	 69.102
FHW12026	135.375 	 28.303 	 68.198
FHW12026	135.500 	 28.302 	 68.199
FHW12026	135.625 	 28.156 	 69.102
FHW12026	135.750 	 28.303 	 68.199
FHW12026	135.875 	 28.303 	 68.198
FHW12026	136.000 	 28.156 	 69.102
FHW12026	136.125 	 28.089 	 68.198
FHW12026	136.250 	 27.927 	 67.834
FHW12026	136.375 	 28.156 	 69.102
FHW12026	136.500 	 28.303 	 68.198
FHW12026	136.625 	 28.303 	 68.198
FHW12026	136.750 	 28.155 	 69.102
FHW12026	136.875 	 28.303 	 68.198
FHW12026	137.000 	 28.303 	 68.199
FHW12026	137.125 	 28.156 	 69.102
FHW12026	137.250 	 28.303 	 68.198
FHW12026	137.375 	 28.303 	 68.198
FHW12026	137.500 	 28.156 	 69.102
FHW12026	137.625 	 28.088 	 68.199
FHW12026	137.750 	 28.303 	 68.198
FHW12026	137.875 	 28.156 	 69.102
FHW12026	138.000 	 28.303 	 68.198
FHW12026	138.125 	 28.303 	 68.198
FHW12026	138.250 	 28.156 	 69.102
FHW12026	138.375 	 28.302 	 68.199
FHW12026	138.500 	 27.928 	 67.834
FHW12026	138.625 	 28.156 	 69.102
FHW12026	138.750 	 28.303 	 68.198
FHW12026	138.875 	 28.302 	 68.199
FHW12026	139.000 	 28.156 	 69.102
FHW12026	139.125 	 28.089 	 68.198
FHW12026	139.250 	 28.303 	 68.198
FHW12026	139.375 	 28.156 	 69.102
FHW12026	139.500 	 28.303 	 68.198
FHW12026	139.625 	 28.303 	 68.199
FHW12026	139.750 	 28.155 	 69.102
FHW12026	139.875 	 28.303 	 68.198
FHW12026	140.000 	 28.303 	 68.198
FHW12026	140.125 	 28.156 	 69.102
FHW12026	140.250 	 28.303 	 68.199
FHW12026	140.375 	 28.303 	 68.198
FHW12026	140.500 	 28.155 	 69.102
FHW12026	140.625 	 27.715 	 67.834
FHW12026	140.750 	 28.303 	 68.198
FHW12026	140.875 	 28.156 	 69.102
FHW12026	141.000 	 28.302 	 68.199
FHW12026	141.125 	 28.303 	 68.198
FHW12026	141.250 	 28.156 	 69.102
FHW12026	141.375 	 28.303 	 68.198
FHW12026	141.500 	 28.303 	 68.199
FHW12026	141.625 	 28.156 	 69.102
FHW12026	141.750 	 28.303 	 68.199
FHW12026	141.875 	 28.303 	 68.198
FHW12026	142.000 	 28.156 	 69.102
FHW12026	142.125 	 28.086 	 68.198
FHW12026	142.250 	 28.306 	 68.199
FHW12026	142.375 	 28.156 	 69.102
FHW12026	142.500 	 28.303 	 68.198
FHW12026	142.625 	 28.303 	 68.198
FHW12026	142.750 	 28.156 	 69.102
FHW12026	142.875 	 27.928 	 67.834
FHW12026	143.000 	 28.303 	 68.199
FHW12026	143.125 	 28.155 	 69.102
FHW12026	143.250 	 28.303 	 68.198
FHW12026	143.375 	 28.303 	 68.198
FHW12026	143.500 	 28.156 	 69.102
FHW12026	143.625 	 28.086 	 68.199
FHW12026	143.750 	 28.303 	 68.198
FHW12026	143.875 	 28.159 	 69.102
FHW12026	144.000 	 28.303 	 68.198
FHW12026	144.125 	 28.303 	 68.198
FHW12026	144.250 	 28.156 	 69.102
FHW12026	144.375 	 28.303 	 68.199
FHW12026	144.500 	 28.303 	 68.198
FHW12026	144.625 	 28.156 	 69.102
FHW12026	144.750 	 28.303 	 68.198
FHW12026	144.875 	 28.303 	 68.199
FHW12026	145.000 	 27.777 	 68.749
FHW12026	145.125 	 28.086 	 68.199
FHW12026	145.250 	 28.303 	 68.198
FHW12026	145.375 	 28.156 	 69.102
FHW12026	145.500 	 28.303 	 68.198
FHW12026	145.625 	 34.495 	 66.695
FHW12026	145.750 	 35.254 	 66.280
FHW12026	145.875 	 35.101 	 67.011
FHW12026	146.000 	 35.250 	 66.280
FHW12026	146.125 	 34.841 	 67.011
FHW12026	146.250 	 34.906 	 65.956
FHW12026	146.375 	 35.105 	 67.011
FHW12026	146.500 	 35.250 	 66.279
FHW12026	146.625 	 34.841 	 67.011
FHW12026	146.750 	 35.250 	 66.279
FHW12026	146.875 	 35.101 	 67.011
FHW12026	147.000 	 35.254 	 66.279
FHW12026	147.125 	 34.494 	 66.695
FHW12026	147.250 	 35.250 	 66.280
FHW12026	147.375 	 35.101 	 67.011
FHW12026	147.500 	 34.989 	 66.280
FHW12026	147.625 	 35.101 	 67.011
FHW12026	147.750 	 35.254 	 66.279
FHW12026	147.875 	 34.754 	 66.695
FHW12026	148.000 	 34.989 	 66.279
FHW12026	148.125 	 35.250 	 66.279
FHW12026	148.250 	 35.101 	 67.011
FHW12026	148.375 	 35.254 	 66.280
FHW12026	148.500 	 34.841 	 67.011
FHW12026	148.625 	 34.906 	 65.956
FHW12026	148.750 	 35.101 	 67.011
FHW12026	148.875 	 35.254 	 66.279
FHW12026	149.000 	 34.837 	 67.011
FHW12026	149.125 	 35.254 	 66.279
FHW12026	149.250 	 35.101 	 67.011
FHW12026	149.375 	 35.250 	 66.279
FHW12026	149.500 	 34.495 	 66.695
FHW12026	149.625 	 35.250 	 66.279
FHW12026	149.750 	 35.105 	 67.011
FHW12026	149.875 	 35.250 	 66.280
FHW12026	150.000 	 34.841 	 67.011
FHW12026	150.125 	 35.250 	 66.280
FHW12026	150.250 	 34.758 	 66.695
FHW12026	150.375 	 35.250 	 66.279
FHW12026	150.500 	 34.989 	 66.279
FHW12026	150.625 	 35.101 	 67.011
FHW12026	150.750 	 35.250 	 66.279
FHW12026	150.875 	 35.105 	 67.011
FHW12026	151.000 	 34.985 	 66.279
FHW12026	151.125 	 34.758 	 66.695
FHW12026	151.250 	 35.250 	 66.280
FHW12026	151.375 	 35.101 	 67.011
FHW12026	151.500 	 34.989 	 66.279
FHW12026	151.625 	 35.105 	 67.011
FHW12026	151.750 	 35.250 	 66.279
FHW12026	151.875 	 34.754 	 66.695
FHW12026	152.000 	 34.989 	 66.279
FHW12026	152.125 	 35.101 	 67.011
FHW12026	152.250 	 35.254 	 66.279
FHW12026	152.375 	 34.837 	 67.011
FHW12026	152.500 	 35.254 	 66.279
FHW12026	152.625 	 34.906 	 65.956
FHW12026	152.750 	 35.101 	 67.011
FHW12026	152.875 	 34.989 	 66.279
FHW12026	153.000 	 35.105 	 67.011
FHW12026	153.125 	 35.250 	 66.279
FHW12026	153.250 	 35.101 	 67.011
FHW12026	153.375 	 34.989 	 66.279
FHW12026	153.500 	 34.754 	 66.695
FHW12026	153.625 	 35.254 	 66.279
FHW12026	153.750 	 35.102 	 67.012
FHW12026	153.875 	 34.989 	 66.280
FHW12026	154.000 	 35.101 	 67.011
FHW12026	154.125 	 35.250 	 66.279
FHW12026	154.250 	 34.758 	 66.695
FHW12026	154.375 	 34.989 	 66.279
FHW12026	154.500 	 35.101 	 67.011
FHW12026	154.625 	 35.250 	 66.279
FHW12026	154.750 	 35.105 	 67.011
FHW12026	154.875 	 34.985 	 66.279
FHW12026	155.000 	 34.910 	 65.956
FHW12026	155.125 	 35.101 	 67.011
FHW12026	155.250 	 35.250 	 66.280
FHW12026	155.375 	 34.841 	 67.011
FHW12026	155.500 	 35.250 	 66.279
FHW12026	155.625 	 35.105 	 67.011
FHW12026	155.750 	 35.250 	 66.279
FHW12026	155.875 	 34.495 	 66.695
FHW12026	156.000 	 35.250 	 66.279
FHW12026	156.125 	 35.105 	 67.011
FHW12026	156.250 	 35.250 	 66.279
FHW12026	156.375 	 34.841 	 67.011
FHW12026	156.500 	 35.250 	 66.280
FHW12026	156.625 	 34.754 	 66.695
FHW12026	156.750 	 34.989 	 66.280
FHW12026	156.875 	 35.101 	 67.011
FHW12026	157.000 	 35.254 	 66.279
FHW12026	157.125 	 35.101 	 67.011
FHW12026	157.250 	 34.989 	 66.279
FHW12026	157.375 	 35.250 	 66.279
FHW12026	157.500 	 34.758 	 66.695
FHW12026	157.625 	 35.250 	 66.280
FHW12026	157.750 	 34.841 	 67.011
FHW12026	157.875 	 35.250 	 66.280
FHW12026	158.000 	 35.101 	 67.011
FHW12026	158.125 	 35.254 	 66.279
FHW12026	158.250 	 34.491 	 66.695
FHW12026	158.375 	 35.254 	 66.279
FHW12026	158.500 	 35.101 	 67.011
FHW12026	158.625 	 35.250 	 66.279
FHW12026	158.750 	 34.841 	 67.011
FHW12026	158.875 	 35.254 	 66.279
FHW12026	159.000 	 34.754 	 66.695
FHW12026	159.125 	 35.250 	 66.280
FHW12026	159.250 	 34.841 	 67.011
FHW12026	159.375 	 35.250 	 66.280
FHW12026	159.500 	 35.254 	 66.279
FHW12026	159.625 	 35.101 	 67.011
FHW12026	159.750 	 34.989 	 66.279
FHW12026	159.875 	 34.754 	 66.695
FHW12026	160.000 	 35.250 	 66.279
FHW12026	160.125 	 35.105 	 67.011
FHW12026	160.250 	 34.989 	 66.280
FHW12026	160.375 	 35.101 	 67.011
FHW12026	160.500 	 35.250 	 66.280
FHW12026	160.625 	 34.758 	 66.695
FHW12026	160.750 	 34.985 	 66.279
FHW12026	160.875 	 35.105 	 67.011
FHW12026	161.000 	 35.250 	 66.279
FHW12026	161.125 	 35.101 	 67.011
FHW12026	161.250 	 34.989 	 66.279
FHW12026	161.375 	 35.101 	 67.011
FHW12026	161.500 	 34.910 	 65.956
FHW12026	161.625 	 34.841 	 67.011
FHW12026	161.750 	 35.250 	 66.280
FHW12026	161.875 	 35.250 	 66.279
FHW12026	162.000 	 35.105 	 67.011
FHW12026	162.125 	 34.985 	 66.279
FHW12026	162.250 	 34.758 	 66.695
FHW12026	162.375 	 35.250 	 66.279
FHW12026	162.500 	 35.101 	 67.011
FHW12026	162.625 	 34.989 	 66.279
FHW12026	162.750 	 35.101 	 67.011
FHW12026	162.875 	 35.254 	 66.280
FHW12026	163.000 	 34.754 	 66.695
FHW12026	163.125 	 34.989 	 66.280
FHW12026	163.250 	 35.101 	 67.011
FHW12026	163.375 	 35.255 	 66.280
FHW12026	163.500 	 35.101 	 67.011
FHW12026	163.625 	 34.990 	 66.280
FHW12026	163.750 	 35.101 	 67.011
FHW12026	163.875 	 34.907 	 65.956
FHW12026	164.000 	 35.105 	 67.011
FHW12026	164.125 	 34.986 	 66.280
FHW12026	164.250 	 35.253 	 66.279
FHW12026	164.375 	 36.473 	 66.903
FHW12026	164.500 	 41.977 	 65.273
FHW12026	164.625 	 41.836 	 65.898
FHW12026	164.750 	 42.596 	 65.556
FHW12026	164.875 	 41.836 	 65.898
FHW12026	165.000 	 41.836 	 65.898
FHW12026	165.125 	 42.290 	 65.556
FHW12026	165.250 	 42.141 	 65.898
FHW12026	165.375 	 41.977 	 65.273
FHW12026	165.500 	 42.152 	 66.175
FHW12026	165.625 	 41.977 	 65.273
FHW12026	165.750 	 42.141 	 65.898
FHW12026	165.875 	 41.841 	 65.898
FHW12026	166.000 	 42.285 	 65.556
FHW12026	166.125 	 42.141 	 65.898
FHW12026	166.250 	 41.982 	 65.273
FHW12026	166.375 	 42.147 	 66.176
FHW12026	166.500 	 41.977 	 65.272
FHW12026	166.625 	 42.146 	 65.898
FHW12026	166.750 	 42.147 	 66.175
FHW12026	166.875 	 41.977 	 65.273
FHW12026	167.000 	 42.146 	 65.898
FHW12026	167.125 	 41.977 	 65.272
FHW12026	167.250 	 42.147 	 66.176
FHW12026	167.375 	 41.977 	 65.273
FHW12026	167.500 	 42.146 	 65.898
FHW12026	167.625 	 42.285 	 65.556
FHW12026	167.750 	 41.836 	 65.898
FHW12026	167.875 	 41.836 	 65.898
FHW12026	168.000 	 42.596 	 65.556
FHW12026	168.125 	 41.836 	 65.898
FHW12026	168.250 	 41.977 	 65.273
FHW12026	168.375 	 42.146 	 65.898
FHW12026	168.500 	 42.285 	 65.556
FHW12026	168.625 	 41.836 	 65.898
FHW12026	168.750 	 41.835 	 65.897
FHW12026	168.875 	 42.597 	 65.557
FHW12026	169.000 	 41.836 	 65.899
FHW12026	169.125 	 41.976 	 65.271
FHW12026	169.250 	 42.148 	 66.178
FHW12026	169.375 	 42.286 	 65.272
FHW12026	169.500 	 41.836 	 65.898
FHW12026	169.625 	 41.836 	 65.898
FHW12026	169.750 	 42.596 	 65.556
FHW12026	169.875 	 41.836 	 65.898
FHW12026	170.000 	 41.977 	 65.273
FHW12026	170.125 	 42.152 	 66.175
FHW12026	170.250 	 42.283 	 65.273
FHW12026	170.375 	 41.836 	 65.898
FHW12026	170.500 	 41.982 	 65.273
FHW12026	170.625 	 42.452 	 66.177
FHW12026	170.750 	 41.836 	 65.898
FHW12026	170.875 	 41.982 	 65.273
FHW12026	171.000 	 42.147 	 66.175
FHW12026	171.125 	 42.283 	 65.273
FHW12026	171.250 	 41.841 	 65.898
FHW12026	171.375 	 42.285 	 65.556
FHW12026	171.500 	 41.836 	 65.898
FHW12026	171.625 	 42.146 	 65.898
FHW12026	171.750 	 41.977 	 65.273
FHW12026	171.875 	 42.147 	 66.175
FHW12026	172.000 	 42.287 	 65.273
FHW12026	172.125 	 41.836 	 65.899
FHW12026	172.250 	 42.285 	 65.556
FHW12026	172.375 	 41.836 	 65.898
FHW12026	172.500 	 42.146 	 65.898
FHW12026	172.625 	 42.285 	 65.556
FHW12026	172.750 	 41.836 	 65.898
FHW12026	172.875 	 42.287 	 65.273
FHW12026	173.000 	 41.836 	 65.898
FHW12026	173.125 	 42.285 	 65.556
FHW12026	173.250 	 41.836 	 65.898
FHW12026	173.375 	 42.287 	 65.273
FHW12026	173.500 	 42.147 	 66.175
FHW12026	173.625 	 41.836 	 65.899
FHW12026	173.750 	 41.977 	 65.273
FHW12026	173.875 	 42.457 	 66.175
FHW12026	174.000 	 41.977 	 65.273
FHW12026	174.125 	 41.836 	 65.898
FHW12026	174.250 	 42.287 	 65.273
FHW12026	174.375 	 42.147 	 66.175
FHW12026	174.500 	 41.836 	 65.898
FHW12026	174.625 	 41.977 	 65.273
FHW12026	174.750 	 42.457 	 66.175
FHW12026	174.875 	 41.977 	 65.273
FHW12026	175.000 	 41.836 	 65.899
FHW12026	175.125 	 42.290 	 65.555
FHW12026	175.250 	 42.141 	 65.899
FHW12026	175.375 	 41.836 	 65.898
FHW12026	175.500 	 41.982 	 65.273
FHW12026	175.625 	 42.453 	 66.175
FHW12026	175.750 	 41.977 	 65.273
FHW12026	175.875 	 41.841 	 65.898
FHW12026	176.000 	 42.285 	 65.556
FHW12026	176.125 	 42.141 	 65.898
FHW12026	176.250 	 41.841 	 65.898
FHW12026	176.375 	 42.285 	 65.556
FHW12026	176.500 	 42.141 	 65.899
FHW12026	176.625 	 41.982 	 65.272
FHW12026	176.750 	 41.836 	 65.899
FHW12026	176.875 	 42.285 	 65.556
FHW12026	177.000 	 42.146 	 65.898
FHW12026	177.125 	 41.977 	 65.273
FHW12026	177.250 	 42.147 	 66.175
FHW12026	177.375 	 41.836 	 65.898
FHW12026	177.500 	 42.287 	 65.273
FHW12026	177.625 	 42.147 	 66.175
FHW12026	177.750 	 41.977 	 65.273
FHW12026	177.875 	 42.146 	 65.898
FHW12026	178.000 	 41.977 	 65.273
FHW12026	178.125 	 42.147 	 66.177
FHW12026	178.250 	 41.836 	 65.898
FHW12026	178.375 	 42.286 	 65.272
FHW12026	178.500 	 42.148 	 66.176
FHW12026	178.625 	 41.977 	 65.273
FHW12026	178.750 	 41.835 	 65.897
FHW12026	178.875 	 42.597 	 65.557
FHW12026	179.000 	 41.835 	 65.897
FHW12026	179.125 	 41.836 	 65.898
FHW12026	179.250 	 42.287 	 65.273
FHW12026	179.375 	 42.147 	 66.175
FHW12026	179.500 	 41.977 	 65.273
FHW12026	179.625 	 41.836 	 65.899
FHW12026	179.750 	 42.596 	 65.556
FHW12026	179.875 	 41.836 	 65.898
FHW12026	180.000 	 41.977 	 65.273
FHW12026	180.125 	 42.146 	 65.898
FHW12026	180.250 	 42.147 	 66.175
FHW12026	180.375 	 41.977 	 65.273
FHW12026	180.500 	 41.841 	 65.898
FHW12026	180.625 	 42.591 	 65.556
FHW12026	180.750 	 41.836 	 65.898
FHW12026	180.875 	 41.982 	 65.273
FHW12026	181.000 	 42.147 	 66.175
FHW12026	181.125 	 42.141 	 65.899
FHW12026	181.250 	 41.982 	 65.273
FHW12026	181.375 	 41.836 	 65.898
FHW12026	181.500 	 42.591 	 65.556
FHW12026	181.625 	 41.841 	 65.898
FHW12026	181.750 	 41.977 	 65.273
FHW12026	181.875 	 42.147 	 66.175
FHW12026	182.000 	 42.146 	 65.898
FHW12026	182.125 	 41.977 	 65.273
FHW12026	182.250 	 42.147 	 66.175
FHW12026	182.375 	 41.977 	 65.273
FHW12026	182.500 	 42.146 	 65.898
FHW12026	182.625 	 41.977 	 65.273
FHW12026	182.750 	 42.147 	 66.177
FHW12026	182.875 	 42.287 	 65.273
FHW12026	183.000 	 41.836 	 65.898
FHW12026	183.125 	 42.147 	 66.175
FHW12026	183.250 	 46.290 	 65.714
FHW12026	183.375 	 49.526 	 66.405
FHW12026	183.500 	 49.652 	 65.855
FHW12026	183.625 	 49.879 	 66.405
FHW12026	183.750 	 49.921 	 66.098
FHW12026	183.875 	 49.527 	 66.406
FHW12026	184.000 	 49.651 	 65.854
FHW12026	184.125 	 49.527 	 66.406
FHW12026	184.250 	 49.885 	 66.405
FHW12026	184.375 	 49.647 	 65.855
FHW12026	184.500 	 49.531 	 66.405
FHW12026	184.625 	 49.916 	 66.097
FHW12026	184.750 	 49.532 	 66.407
FHW12026	184.875 	 49.879 	 66.405
FHW12026	185.000 	 49.652 	 65.854
FHW12026	185.125 	 49.526 	 66.405
FHW12026	185.250 	 49.652 	 65.855
FHW12026	185.375 	 49.526 	 66.405
FHW12026	185.500 	 50.274 	 66.098
FHW12026	185.625 	 49.526 	 66.405
FHW12026	185.750 	 49.532 	 66.406
FHW12026	185.875 	 49.646 	 65.854
FHW12026	186.000 	 49.532 	 66.406
FHW12026	186.125 	 49.999 	 65.854
FHW12026	186.250 	 49.532 	 66.406
FHW12026	186.375 	 49.798 	 66.645
FHW12026	186.500 	 49.651 	 65.854
FHW12026	186.625 	 49.527 	 66.406
FHW12026	186.750 	 49.999 	 65.853
FHW12026	186.875 	 49.532 	 66.406
FHW12026	187.000 	 49.531 	 66.406
FHW12026	187.125 	 49.647 	 65.854
FHW12026	187.250 	 49.804 	 66.645
FHW12026	187.375 	 49.646 	 65.854
FHW12026	187.500 	 49.880 	 66.406
FHW12026	187.625 	 49.651 	 65.854
FHW12026	187.750 	 49.532 	 66.406
FHW12026	187.875 	 49.526 	 66.405
FHW12026	188.000 	 49.652 	 65.855
FHW12026	188.125 	 49.879 	 66.405
FHW12026	188.250 	 49.921 	 66.098
FHW12026	188.375 	 49.526 	 66.405
FHW12026	188.500 	 49.532 	 66.406
FHW12026	188.625 	 49.646 	 65.854
FHW12026	188.750 	 49.880 	 66.406
FHW12026	188.875 	 49.652 	 65.854
FHW12026	189.000 	 49.531 	 66.405
FHW12026	189.125 	 49.916 	 66.098
FHW12026	189.250 	 49.531 	 66.405
FHW12026	189.375 	 49.880 	 66.406
FHW12026	189.500 	 49.646 	 65.854
FHW12026	189.625 	 49.532 	 66.406
FHW12026	189.750 	 49.651 	 65.854
FHW12026	189.875 	 49.527 	 66.406
FHW12026	190.000 	 50.151 	 66.645
FHW12026	190.125 	 49.651 	 65.854
FHW12026	190.250 	 49.527 	 66.406
FHW12026	190.375 	 49.651 	 65.854
FHW12026	190.500 	 49.532 	 66.406
FHW12026	190.625 	 49.999 	 65.853
FHW12026	190.750 	 49.527 	 66.406
FHW12026	190.875 	 49.802 	 66.645
FHW12026	191.000 	 49.652 	 65.854
FHW12026	191.125 	 49.526 	 66.405
FHW12026	191.250 	 49.652 	 65.855
FHW12026	191.375 	 49.880 	 66.406
FHW12026	191.500 	 49.526 	 66.405
FHW12026	191.625 	 49.652 	 65.855
FHW12026	191.750 	 49.803 	 66.644
FHW12026	191.875 	 49.647 	 65.855
FHW12026	192.000 	 49.879 	 66.405
FHW12026	192.125 	 49.652 	 65.855
FHW12026	192.250 	 49.526 	 66.405
FHW12026	192.375 	 49.532 	 66.406
FHW12026	192.500 	 49.651 	 65.854
FHW12026	192.625 	 50.151 	 66.645
FHW12026	192.750 	 49.647 	 65.854
FHW12026	192.875 	 49.531 	 66.405
FHW12026	193.000 	 49.527 	 66.406
FHW12026	193.125 	 49.651 	 65.854
FHW12026	193.250 	 49.880 	 66.406
FHW12026	193.375 	 49.651 	 65.854
FHW12026	193.500 	 49.798 	 66.645
FHW12026	193.625 	 49.531 	 66.405
FHW12026	193.750 	 49.652 	 65.855
FHW12026	193.875 	 49.880 	 66.406
FHW12026	194.000 	 49.646 	 65.854
FHW12026	194.125 	 49.532 	 66.406
FHW12026	194.250 	 49.646 	 65.854
FHW12026	194.375 	 49.532 	 66.406
FHW12026	194.500 	 50.150 	 66.644
FHW12026	194.625 	 49.652 	 65.854
FHW12026	194.750 	 49.525 	 66.406
FHW12026	194.875 	 49.652 	 65.854
FHW12026	195.000 	 49.526 	 66.405
FHW12026	195.125 	 49.886 	 66.406
FHW12026	195.250 	 49.646 	 65.854
FHW12026	195.375 	 49.804 	 66.645
FHW12026	195.500 	 49.647 	 65.855
FHW12026	195.625 	 49.531 	 66.405
FHW12026	195.750 	 49.647 	 65.855
FHW12026	195.875 	 49.885 	 66.405
FHW12026	196.000 	 49.527 	 66.406
FHW12026	196.125 	 49.651 	 65.854
FHW12026	196.250 	 49.798 	 66.645
FHW12026	196.375 	 49.651 	 65.854
FHW12026	196.500 	 49.880 	 66.406
FHW12026	196.625 	 49.532 	 66.406
FHW12026	196.750 	 49.646 	 65.853
FHW12026	196.875 	 49.532 	 66.406
FHW12026	197.000 	 49.646 	 65.854
FHW12026	197.125 	 50.151 	 66.645
FHW12026	197.250 	 49.651 	 65.854
FHW12026	197.375 	 49.532 	 66.406
FHW12026	197.500 	 49.526 	 66.405
FHW12026	197.625 	 49.652 	 65.855
FHW12026	197.750 	 49.879 	 66.405
FHW12026	197.875 	 49.652 	 65.855
FHW12026	198.000 	 49.798 	 66.645
FHW12026	198.125 	 49.531 	 66.405
FHW12026	198.250 	 49.647 	 65.855
FHW12026	198.375 	 49.879 	 66.405
FHW12026	198.500 	 49.652 	 65.854
FHW12026	198.625 	 49.531 	 66.406
FHW12026	198.750 	 49.647 	 65.854
FHW12026	198.875 	 49.803 	 66.644
FHW12026	199.000 	 49.880 	 66.406
FHW12026	199.125 	 49.647 	 65.855
FHW12026	199.250 	 49.531 	 66.405
FHW12026	199.375 	 49.652 	 65.855
FHW12026	199.500 	 49.526 	 66.405
FHW12026	199.625 	 49.532 	 66.406
FHW12026	199.750 	 50.268 	 66.098
FHW12026	199.875 	 49.527 	 66.406
FHW12026	200.000 	 49.651 	 65.854
FHW12026	200.125 	 49.532 	 66.406
FHW12026	200.250 	 49.526 	 66.405
FHW12026	200.375 	 50.000 	 65.855
FHW12026	200.500 	 49.531 	 66.405
FHW12026	200.625 	 49.652 	 65.854
FHW12026	200.750 	 49.798 	 66.645
FHW12026	200.875 	 49.651 	 65.854
FHW12026	201.000 	 49.880 	 66.406
FHW12026	201.125 	 49.526 	 66.405
FHW12026	201.250 	 49.652 	 65.855
FHW12026	201.375 	 49.531 	 66.405
FHW12026	201.500 	 49.647 	 65.855
FHW12026	201.625 	 50.151 	 66.645
FHW12026	201.750 	 49.531 	 66.405
FHW12026	201.875 	 49.647 	 65.855
FHW12026	202.000 	 49.531 	 66.405
FHW12026	202.125 	 60.733 	 66.732
FHW12026	202.250 	 60.827 	 66.251
FHW12026	202.375 	 61.131 	 66.731
FHW12026	202.500 	 60.739 	 66.733
FHW12026	202.625 	 60.525 	 66.523
FHW12026	202.750 	 60.732 	 66.731
FHW12026	202.875 	 60.739 	 66.733
FHW12026	203.000 	 60.821 	 66.250
FHW12026	203.125 	 60.733 	 66.733
FHW12026	203.250 	 60.738 	 66.731
FHW12026	203.375 	 60.732 	 66.732
FHW12026	203.500 	 61.138 	 66.733
FHW12026	203.625 	 60.732 	 66.731
FHW12026	203.750 	 60.525 	 66.523
FHW12026	203.875 	 60.828 	 66.251
FHW12026	204.000 	 60.732 	 66.732
FHW12026	204.125 	 60.733 	 66.732
FHW12026	204.250 	 60.738 	 66.732
FHW12026	204.375 	 60.732 	 66.732
FHW12026	204.500 	 60.733 	 66.732
FHW12026	204.625 	 61.225 	 66.251
FHW12026	204.750 	 60.733 	 66.732
FHW12026	204.875 	 60.531 	 66.523
FHW12026	205.000 	 60.732 	 66.731
FHW12026	205.125 	 60.733 	 66.733
FHW12026	205.250 	 60.738 	 66.732
FHW12026	205.375 	 60.732 	 66.731
FHW12026	205.500 	 60.822 	 66.252
FHW12026	205.625 	 60.732 	 66.731
FHW12026	205.750 	 61.138 	 66.733
FHW12026	205.875 	 60.738 	 66.732
FHW12026	206.000 	 60.525 	 66.522
FHW12026	206.125 	 60.733 	 66.733
FHW12026	206.250 	 60.732 	 66.731
FHW12026	206.375 	 60.828 	 66.252
FHW12026	206.500 	 60.732 	 66.731
FHW12026	206.625 	 60.732 	 66.732
FHW12026	206.750 	 60.739 	 66.733
FHW12026	206.875 	 61.137 	 66.731
FHW12026	207.000 	 60.733 	 66.733
FHW12026	207.125 	 60.616 	 66.037
FHW12026	207.250 	 60.732 	 66.732
FHW12026	207.375 	 60.739 	 66.732
FHW12026	207.500 	 60.732 	 66.732
FHW12026	207.625 	 60.732 	 66.732
FHW12026	207.750 	 60.739 	 66.732
FHW12026	207.875 	 61.137 	 66.732
FHW12026	208.000 	 60.822 	 66.251
FHW12026	208.125 	 60.525 	 66.523
FHW12026	208.250 	 60.732 	 66.731
FHW12026	208.375 	 60.739 	 66.733
FHW12026	208.500 	 60.732 	 66.732
FHW12026	208.625 	 60.732 	 66.731
FHW12026	208.750 	 60.828 	 66.252
FHW12026	208.875 	 60.732 	 66.731
FHW12026	209.000 	 61.138 	 66.733
FHW12026	209.125 	 60.732 	 66.731
FHW12026	209.250 	 60.525 	 66.523
FHW12026	209.375 	 60.739 	 66.733
FHW12026	209.500 	 60.732 	 66.731
FHW12026	209.625 	 60.822 	 66.252
FHW12026	209.750 	 60.738 	 66.731
FHW12026	209.875 	 60.732 	 66.732
FHW12026	210.000 	 60.733 	 66.732
FHW12026	210.125 	 61.137 	 66.732
FHW12026	210.250 	 60.733 	 66.733
FHW12026	210.375 	 60.622 	 66.037
FHW12026	210.500 	 60.733 	 66.733
FHW12026	210.625 	 60.732 	 66.731
FHW12026	210.750 	 60.738 	 66.732
FHW12026	210.875 	 60.732 	 66.731
FHW12026	211.000 	 60.732 	 66.732
FHW12026	211.125 	 60.734 	 66.734
FHW12026	211.250 	 61.226 	 66.250
FHW12026	211.375 	 60.738 	 66.732
FHW12026	211.500 	 60.525 	 66.522
FHW12026	211.625 	 60.732 	 66.732
FHW12026	211.750 	 60.740 	 66.733
FHW12026	211.875 	 60.732 	 66.732
FHW12026	212.000 	 60.821 	 66.250
FHW12026	212.125 	 60.732 	 66.732
FHW12026	212.250 	 60.738 	 66.732
FHW12026	212.375 	 61.139 	 66.733
FHW12026	212.500 	 60.732 	 66.732
FHW12026	212.625 	 60.525 	 66.522
FHW12026	212.750 	 60.738 	 66.732
FHW12026	212.875 	 60.821 	 66.250
FHW12026	213.000 	 60.732 	 66.732
FHW12026	213.125 	 60.734 	 66.734
FHW12026	213.250 	 60.738 	 66.731
FHW12026	213.375 	 60.732 	 66.732
FHW12026	213.500 	 61.137 	 66.731
FHW12026	213.625 	 60.732 	 66.732
FHW12026	213.750 	 60.618 	 66.039
FHW12026	213.875 	 60.738 	 66.732
FHW12026	214.000 	 60.732 	 66.732
FHW12026	214.125 	 60.732 	 66.731
FHW12026	214.250 	 60.738 	 66.732
FHW12026	214.375 	 60.734 	 66.734
FHW12026	214.500 	 61.226 	 66.250
FHW12026	214.625 	 60.732 	 66.731
FHW12026	214.750 	 60.732 	 66.732
FHW12026	214.875 	 60.531 	 66.523
FHW12026	215.000 	 60.732 	 66.731
FHW12026	215.125 	 60.734 	 66.734
FHW12026	215.250 	 60.738 	 66.732
FHW12026	215.375 	 60.821 	 66.250
FHW12026	215.500 	 60.732 	 66.731
FHW12026	215.625 	 61.137 	 66.732
FHW12026	215.750 	 60.734 	 66.734
FHW12026	215.875 	 60.531 	 66.522
FHW12026	216.000 	 60.732 	 66.732
FHW12026	216.125 	 60.821 	 66.250
FHW12026	216.250 	 60.738 	 66.732
FHW12026	216.375 	 60.734 	 66.734
FHW12026	216.500 	 60.732 	 66.731
FHW12026	216.625 	 60.738 	 66.732
FHW12026	216.750 	 61.131 	 66.731
FHW12026	216.875 	 60.738 	 66.732
FHW12026	217.000 	 60.618 	 66.039
FHW12026	217.125 	 60.732 	 66.732
FHW12026	217.250 	 60.738 	 66.732
FHW12026	217.375 	 60.732 	 66.731
FHW12026	217.500 	 60.732 	 66.732
FHW12026	217.625 	 60.740 	 66.733
FHW12026	217.750 	 60.821 	 66.251
FHW12026	217.875 	 61.137 	 66.731
FHW12026	218.000 	 60.732 	 66.732
FHW12026	218.125 	 60.525 	 66.523
FHW12026	218.250 	 60.738 	 66.731
FHW12026	218.375 	 60.734 	 66.734
FHW12026	218.500 	 60.732 	 66.731
FHW12026	218.625 	 60.821 	 66.251
FHW12026	218.750 	 60.738 	 66.731
FHW12026	218.875 	 60.732 	 66.732
FHW12026	219.000 	 61.139 	 66.734
FHW12026	219.125 	 60.732 	 66.731
FHW12026	219.250 	 60.531 	 66.523
FHW12026	219.375 	 60.821 	 66.250
FHW12026	219.500 	 60.732 	 66.732
FHW12026	219.625 	 60.734 	 66.733
FHW12026	219.750 	 60.738 	 66.732
FHW12026	219.875 	 60.732 	 66.732
FHW12026	220.000 	 61.137 	 66.732
FHW12026	220.125 	 60.732 	 66.730
FHW12026	220.250 	 60.829 	 66.252
FHW12026	220.375 	 60.525 	 66.523
FHW12026	220.500 	 60.732 	 66.732
FHW12026	220.625 	 60.732 	 66.732
FHW12026	220.750 	 60.738 	 66.730
FHW12026	220.875 	 60.734 	 66.734
FHW12026	221.000 	 60.732 	 66.732
FHW12026	221.125 	 61.225 	 66.251
FHW12026	221.250 	 60.732 	 66.730
FHW12026	221.375 	 60.738 	 66.732
FHW12026	221.500 	 60.525 	 66.523
FHW12026	221.625 	 60.734 	 66.734
FHW12026	221.750 	 60.738 	 66.732
FHW12026	221.875 	 60.822 	 66.249
FHW12026	222.000 	 60.732 	 66.732
FHW12026	222.125 	 60.738 	 66.732
FHW12026	222.250 	 61.132 	 66.734
FHW12026	222.375 	 60.738 	 66.732
FHW12026	222.500 	 60.732 	 66.730
FHW12026	222.625 	 60.525 	 66.523
FHW12026	222.750 	 60.827 	 66.251
FHW12026	222.875 	 60.734 	 66.734
FHW12026	223.000 	 60.732 	 66.730
FHW12026	223.125 	 60.738 	 66.732
FHW12026	223.250 	 60.732 	 66.732
FHW12026	223.375 	 61.137 	 66.732
FHW12026	223.500 	 60.823 	 66.252
FHW12026	223.625 	 60.525 	 66.521
FHW12026	223.750 	 60.738 	 66.732
FHW12026	223.875 	 60.732 	 66.732
FHW12026	224.000 	 60.732 	 66.732
FHW12026	224.125 	 60.740 	 66.734
FHW12026	224.250 	 60.732 	 66.730
FHW12026	224.375 	 60.821 	 66.251
FHW12026	224.500 	 61.137 	 66.732
FHW12026	224.625 	 60.732 	 66.732
FHW12026	224.750 	 60.531 	 66.521
FHW12026	224.875 	 60.734 	 66.734
FHW12026	225.000 	 60.732 	 66.732
FHW12026	225.125 	 60.827 	 66.251
FHW12026	225.250 	 60.732 	 66.732
FHW12026	225.375 	 60.732 	 66.730
FHW12026	225.500 	 60.734 	 66.734
FHW12026	225.625 	 61.137 	 66.732
FHW12026	225.750 	 60.738 	 66.732
FHW12026	225.875 	 60.525 	 66.523
FHW12026	226.000 	 60.822 	 66.249
FHW12026	226.125 	 60.734 	 66.734
FHW12026	226.250 	 60.738 	 66.732
FHW12026	226.375 	 60.732 	 66.732
FHW12026	226.500 	 60.732 	 66.730
FHW12026	226.625 	 61.137 	 66.732
FHW12026	226.750 	 60.829 	 66.252
FHW12026	226.875 	 60.732 	 66.732
FHW12026	227.000 	 60.525 	 66.523
FHW12026	227.125 	 60.732 	 66.730
FHW12026	227.250 	 60.738 	 66.732
FHW12026	227.375 	 60.734 	 66.734
FHW12026	227.500 	 60.732 	 66.732
FHW12026	227.625 	 60.828 	 66.249
FHW12026	227.750 	 61.137 	 66.732
FHW12026	227.875 	 60.732 	 66.732
FHW12026	228.000 	 60.734 	 66.734
FHW12026	228.125 	 60.525 	 66.523
FHW12026	228.250 	 60.738 	 66.730
FHW12026	228.375 	 60.732 	 66.732
FHW12026	228.500 	 60.821 	 66.251
FHW12026	228.625 	 60.738 	 66.732
FHW12026	228.750 	 60.734 	 66.734
FHW12026	228.875 	 61.137 	 66.730
FHW12026	229.000 	 60.732 	 66.732
FHW12026	229.125 	 60.732 	 66.732
FHW12026	229.250 	 60.622 	 66.038
FHW12026	229.375 	 60.734 	 66.732
FHW12026	229.500 	 60.732 	 66.732
FHW12026	229.625 	 60.738 	 66.732
FHW12026	229.750 	 60.732 	 66.732
FHW12026	229.875 	 60.732 	 66.732
FHW12026	230.000 	 61.139 	 66.734
FHW12026	230.125 	 60.822 	 66.249
FHW12026	230.250 	 60.738 	 66.732
FHW12026	230.375 	 60.525 	 66.523
FHW12026	230.500 	 60.732 	 66.732
FHW12026	230.625 	 60.738 	 66.730
FHW12026	230.750 	 60.734 	 66.734
FHW12026	230.875 	 60.821 	 66.251
FHW12026	231.000 	 60.732 	 66.732
FHW12026	231.125 	 61.137 	 66.732
FHW12026	231.250 	 60.738 	 66.730
FHW12026	231.375 	 60.526 	 66.524
FHW12026	231.500 	 60.732 	 66.732
FHW12026	231.625 	 60.738 	 66.732
FHW12026	231.750 	 60.822 	 66.249
FHW12026	231.875 	 60.732 	 66.732
FHW12026	232.000 	 60.734 	 66.734
FHW12026	232.125 	 61.137 	 66.732
FHW12026	232.250 	 60.738 	 66.732
FHW12026	232.375 	 60.732 	 66.730
FHW12026	232.500 	 60.616 	 66.038
FHW12026	232.625 	 60.740 	 66.734
FHW12026	232.750 	 60.732 	 66.732
FHW12026	232.875 	 60.732 	 66.732
FHW12026	233.000 	 60.732 	 66.730
FHW12026	233.125 	 60.738 	 66.732
FHW12026	233.250 	 61.139 	 66.734
FHW12026	233.375 	 60.821 	 66.251
FHW12026	233.500 	 60.732 	 66.730
FHW12026	233.625 	 60.525 	 66.523
FHW12026	233.750 	 60.738 	 66.732
FHW12026	233.875 	 60.732 	 66.732
FHW12026	234.000 	 60.734 	 66.734
FHW12026	234.125 	 60.828 	 66.249
FHW12026	234.250 	 60.732 	 66.732
FHW12026	234.375 	 61.137 	 66.732
FHW12026	234.500 	 60.732 	 66.732
FHW12026	234.625 	 60.734 	 66.734
FHW12026	234.750 	 60.531 	 66.521
FHW12026	234.875 	 60.732 	 66.732
FHW12026	235.000 	 60.821 	 66.251
FHW12026	235.125 	 60.738 	 66.732
FHW12026	235.250 	 60.734 	 66.732
FHW12026	235.375 	 60.732 	 66.732
FHW12026	235.500 	 61.137 	 66.732
FHW12026	235.625 	 60.732 	 66.732
FHW12026	235.750 	 60.738 	 66.732
FHW12026	235.875 	 60.618 	 66.038
FHW12026	236.000 	 60.732 	 66.732
FHW12026	236.125 	 60.738 	 66.732
FHW12026	236.250 	 60.732 	 66.732
FHW12026	236.375 	 60.732 	 66.732
FHW12026	236.500 	 60.740 	 66.732
FHW12026	236.625 	 61.219 	 66.251
FHW12026	236.750 	 60.738 	 66.732
FHW12026	236.875 	 60.732 	 66.732
FHW12026	237.000 	 60.525 	 66.521
FHW12026	237.125 	 60.738 	 66.732
FHW12026	237.250 	 60.734 	 66.734
FHW12026	237.375 	 60.732 	 66.732
FHW12026	237.500 	 60.827 	 66.251
FHW12026	237.625 	 61.131 	 66.730
FHW12026	237.750 	 60.738 	 66.732
FHW12026	237.875 	 60.734 	 66.734
FHW12026	238.000 	 60.732 	 66.732
FHW12026	238.125 	 60.531 	 66.523
FHW12026	238.250 	 60.822 	 66.249
FHW12026	238.375 	 60.732 	 66.732
FHW12026	238.500 	 60.734 	 66.734
FHW12026	238.625 	 60.738 	 66.732
FHW12026	238.750 	 61.137 	 66.730
FHW12026	238.875 	 60.732 	 66.732
FHW12026	239.000 	 60.732 	 66.732
FHW12026	239.125 	 60.624 	 66.040
FHW12026	239.250 	 60.732 	 66.732
FHW12026	239.375 	 60.732 	 66.730
FHW12026	239.500 	 60.732 	 66.732
FHW12026	239.625 	 60.738 	 66.732
FHW12026	239.750 	 70.807 	 66.482
FHW12026	239.875 	 70.868 	 66.038
FHW12026	240.000 	 70.807 	 66.484
FHW12026	240.125 	 70.944 	 66.673
FHW12026	240.250 	 71.239 	 66.482
FHW12026	240.375 	 70.807 	 66.482
FHW12026	240.500 	 70.868 	 66.038
FHW12026	240.625 	 70.945 	 66.676
FHW12026	240.750 	 71.244 	 66.480
FHW12026	240.875 	 70.807 	 66.482
FHW12026	241.000 	 70.868 	 66.038
FHW12026	241.125 	 70.945 	 66.674
FHW12026	241.250 	 71.245 	 66.484
FHW12026	241.375 	 70.806 	 66.480
FHW12026	241.500 	 70.868 	 66.038
FHW12026	241.625 	 70.945 	 66.674
FHW12026	241.750 	 71.239 	 66.482
FHW12026	241.875 	 70.807 	 66.484
FHW12026	242.000 	 70.867 	 66.036
FHW12026	242.125 	 70.945 	 66.674
FHW12026	242.250 	 71.245 	 66.482
FHW12026	242.375 	 70.807 	 66.482
FHW12026	242.500 	 70.807 	 66.484
FHW12026	242.625 	 71.003 	 66.232
FHW12026	242.750 	 71.245 	 66.482
FHW12026	242.875 	 70.807 	 66.482
FHW12026	243.000 	 70.807 	 66.482
FHW12026	243.125 	 71.004 	 66.233
FHW12026	243.250 	 71.238 	 66.482
FHW12026	243.375 	 70.807 	 66.482
FHW12026	243.500 	 70.807 	 66.482
FHW12026	243.625 	 71.004 	 66.233
FHW12026	243.750 	 70.806 	 66.482
FHW12026	243.875 	 71.245 	 66.482
FHW12026	244.000 	 70.807 	 66.482
FHW12026	244.125 	 70.868 	 66.038
FHW12026	244.250 	 70.945 	 66.674
FHW12026	244.375 	 71.238 	 66.482
FHW12026	244.500 	 70.814 	 66.482
FHW12026	244.625 	 70.807 	 66.482
FHW12026	244.750 	 71.004 	 66.233
FHW12026	244.875 	 71.239 	 66.482
FHW12026	245.000 	 70.806 	 66.482
FHW12026	245.125 	 70.807 	 66.482
FHW12026	245.250 	 71.004 	 66.233
FHW12026	245.375 	 71.245 	 66.482
FHW12026	245.500 	 70.807 	 66.482
FHW12026	245.625 	 70.806 	 66.482
FHW12026	245.750 	 71.004 	 66.233
FHW12026	245.875 	 71.239 	 66.482
FHW12026	246.000 	 70.807 	 66.482
FHW12026	246.125 	 70.807 	 66.482
FHW12026	246.250 	 70.944 	 66.675
FHW12026	246.375 	 71.305 	 66.038
FHW12026	246.500 	 70.807 	 66.482
FHW12026	246.625 	 70.807 	 66.482
FHW12026	246.750 	 70.945 	 66.674
FHW12026	246.875 	 71.304 	 66.036
FHW12026	247.000 	 70.807 	 66.484
FHW12026	247.125 	 70.807 	 66.482
FHW12026	247.250 	 70.945 	 66.674
FHW12026	247.375 	 71.298 	 66.038
FHW12026	247.500 	 70.806 	 66.480
FHW12026	247.625 	 70.807 	 66.484
FHW12026	247.750 	 70.945 	 66.674
FHW12026	247.875 	 70.868 	 66.038
FHW12026	248.000 	 71.244 	 66.480
FHW12026	248.125 	 70.807 	 66.482
FHW12026	248.250 	 70.945 	 66.676
FHW12026	248.375 	 70.807 	 66.482
FHW12026	248.500 	 71.305 	 66.038
FHW12026	248.625 	 70.806 	 66.480
FHW12026	248.750 	 70.945 	 66.674
FHW12026	248.875 	 70.807 	 66.484
FHW12026	249.000 	 71.298 	 66.038
FHW12026	249.125 	 70.807 	 66.482
FHW12026	249.250 	 70.944 	 66.673
FHW12026	249.375 	 70.807 	 66.484
FHW12026	249.500 	 71.305 	 66.038
FHW12026	249.625 	 70.807 	 66.482
FHW12026	249.750 	 70.807 	 66.482
FHW12026	249.875 	 70.944 	 66.673
FHW12026	250.000 	 71.298 	 66.038
FHW12026	250.125 	 70.807 	 66.484
FHW12026	250.250 	 70.814 	 66.482
FHW12026	250.375 	 70.945 	 66.674
FHW12026	250.500 	 71.238 	 66.480
FHW12026	250.625 	 70.868 	 66.038
FHW12026	250.750 	 70.807 	 66.484
FHW12026	250.875 	 70.945 	 66.674
FHW12026	251.000 	 71.245 	 66.482
FHW12026	251.125 	 70.867 	 66.036
FHW12026	251.250 	 70.807 	 66.482
FHW12026	251.375 	 70.945 	 66.676
FHW12026	251.500 	 71.239 	 66.482
FHW12026	251.625 	 70.867 	 66.036
FHW12026	251.750 	 70.807 	 66.482
FHW12026	251.875 	 70.945 	 66.674
FHW12026	252.000 	 70.807 	 66.484
FHW12026	252.125 	 71.305 	 66.038
FHW12026	252.250 	 70.806 	 66.480
FHW12026	252.375 	 70.945 	 66.674
FHW12026	252.500 	 70.807 	 66.482
FHW12026	252.625 	 71.245 	 66.484
FHW12026	252.750 	 70.868 	 66.038
FHW12026	252.875 	 70.944 	 66.673
FHW12026	253.000 	 70.807 	 66.482
FHW12026	253.125 	 71.239 	 66.482
FHW12026	253.250 	 70.868 	 66.039
FHW12026	253.375 	 70.945 	 66.674
FHW12026	253.500 	 70.806 	 66.480
FHW12026	253.625 	 71.245 	 66.482
FHW12026	253.750 	 70.868 	 66.038
FHW12026	253.875 	 70.945 	 66.676
FHW12026	254.000 	 70.807 	 66.482
FHW12026	254.125 	 71.244 	 66.480
FHW12026	254.250 	 70.868 	 66.038
FHW12026	254.375 	 70.945 	 66.674
FHW12026	254.500 	 70.807 	 66.484
FHW12026	254.625 	 71.239 	 66.482
FHW12026	254.750 	 70.806 	 66.480
FHW12026	254.875 	 71.004 	 66.233
FHW12026	255.000 	 70.807 	 66.482
FHW12026	255.125 	 71.245 	 66.484
FHW12026	255.250 	 70.806 	 66.480
FHW12026	255.375 	 70.868 	 66.038
FHW12026	255.500 	 70.945 	 66.674
FHW12026	255.625 	 71.239 	 66.482
FHW12026	255.750 	 70.807 	 66.484
FHW12026	255.875 	 70.867 	 66.036
FHW12026	256.000 	 70.951 	 66.674
FHW12026	256.125 	 70.807 	 66.482
FHW12026	256.250 	 71.239 	 66.482
FHW12026	256.375 	 70.807 	 66.484
FHW12026	256.500 	 71.003 	 66.232
FHW12026	256.625 	 70.807 	 66.482
FHW12026	256.750 	 71.245 	 66.482
FHW12026	256.875 	 70.807 	 66.482
FHW12026	257.000 	 71.004 	 66.235
FHW12026	257.125 	 70.806 	 66.480
FHW12026	257.250 	 71.239 	 66.482
FHW12026	257.375 	 70.807 	 66.482
FHW12026	257.500 	 71.004 	 66.233
FHW12026	257.625 	 70.807 	 66.484
FHW12026	257.750 	 71.244 	 66.480
FHW12026	257.875 	 70.807 	 66.482
FHW12026	258.000 	 71.004 	 66.233
FHW12026	258.125 	 70.807 	 66.482
FHW12026	258.250 	 71.245 	 66.484
FHW12026	258.375 	 70.806 	 66.480
FHW12026	258.500 	 73.792 	 65.989
FHW12026	258.625 	 77.944 	 65.751
FHW12026	258.750 	 78.437 	 65.322
FHW12026	258.875 	 78.070 	 65.518
FHW12026	259.000 	 78.391 	 65.751
FHW12026	259.125 	 77.984 	 65.322
FHW12026	259.250 	 77.944 	 65.751
FHW12026	259.375 	 78.520 	 65.518
FHW12026	259.500 	 77.944 	 65.751
FHW12026	259.625 	 77.984 	 65.322
FHW12026	259.750 	 78.520 	 65.518
FHW12026	259.875 	 77.944 	 65.751
FHW12026	260.000 	 77.984 	 65.322
FHW12026	260.125 	 78.391 	 65.751
FHW12026	260.250 	 78.070 	 65.518
FHW12026	260.375 	 78.437 	 65.322
FHW12026	260.500 	 77.944 	 65.751
FHW12026	260.625 	 78.070 	 65.518
FHW12026	260.750 	 78.398 	 65.751
FHW12026	260.875 	 77.984 	 65.322
FHW12026	261.000 	 77.944 	 65.751
FHW12026	261.125 	 78.520 	 65.518
FHW12026	261.250 	 77.984 	 65.322
FHW12026	261.375 	 77.944 	 65.751
FHW12026	261.500 	 78.430 	 65.324
FHW12026	261.625 	 78.032 	 65.944
FHW12026	261.750 	 78.437 	 65.322
FHW12026	261.875 	 77.984 	 65.324
FHW12026	262.000 	 78.031 	 65.943
FHW12026	262.125 	 78.437 	 65.322
FHW12026	262.250 	 77.944 	 65.751
FHW12026	262.375 	 77.984 	 65.324
FHW12026	262.500 	 78.475 	 65.943
FHW12026	262.625 	 77.984 	 65.322
FHW12026	262.750 	 77.984 	 65.324
FHW12026	262.875 	 78.398 	 65.751
FHW12026	263.000 	 78.070 	 65.516
FHW12026	263.125 	 78.398 	 65.751
FHW12026	263.250 	 77.984 	 65.324
FHW12026	263.375 	 78.070 	 65.518
FHW12026	263.500 	 78.391 	 65.750
FHW12026	263.625 	 77.991 	 65.324
FHW12026	263.750 	 77.944 	 65.751
FHW12026	263.875 	 78.513 	 65.518
FHW12026	264.000 	 77.944 	 65.750
FHW12026	264.125 	 77.984 	 65.324
FHW12026	264.250 	 78.520 	 65.518
FHW12026	264.375 	 77.944 	 65.750
FHW12026	264.500 	 78.436 	 65.324
FHW12026	264.625 	 77.944 	 65.751
FHW12026	264.750 	 78.070 	 65.518
FHW12026	264.875 	 78.430 	 65.322
FHW12026	265.000 	 77.944 	 65.751
FHW12026	265.125 	 77.984 	 65.324
FHW12026	265.250 	 78.482 	 65.941
FHW12026	265.375 	 77.984 	 65.324
FHW12026	265.500 	 77.944 	 65.751
FHW12026	265.625 	 78.520 	 65.518
FHW12026	265.750 	 77.984 	 65.322
FHW12026	265.875 	 78.391 	 65.751
FHW12026	266.000 	 77.991 	 65.324
FHW12026	266.125 	 78.031 	 65.941
FHW12026	266.250 	 78.430 	 65.324
FHW12026	266.375 	 77.984 	 65.324
FHW12026	266.500 	 78.031 	 65.943
FHW12026	266.625 	 78.437 	 65.322
FHW12026	266.750 	 77.944 	 65.751
FHW12026	266.875 	 77.984 	 65.324
FHW12026	267.000 	 78.482 	 65.941
FHW12026	267.125 	 77.984 	 65.324
FHW12026	267.250 	 78.430 	 65.324
FHW12026	267.375 	 77.944 	 65.751
FHW12026	267.500 	 78.070 	 65.516
FHW12026	267.625 	 78.398 	 65.751
FHW12026	267.750 	 77.984 	 65.324
FHW12026	267.875 	 78.070 	 65.516
FHW12026	268.000 	 78.398 	 65.751
FHW12026	268.125 	 77.984 	 65.324
FHW12026	268.250 	 77.944 	 65.751
FHW12026	268.375 	 78.513 	 65.516
FHW12026	268.500 	 77.951 	 65.751
FHW12026	268.625 	 78.430 	 65.324
FHW12026	268.750 	 78.070 	 65.516
FHW12026	268.875 	 77.944 	 65.751
FHW12026	269.000 	 78.436 	 65.324
FHW12026	269.125 	 77.944 	 65.751
FHW12026	269.250 	 78.070 	 65.516
FHW12026	269.375 	 78.436 	 65.324
FHW12026	269.500 	 77.944 	 65.751
FHW12026	269.625 	 77.984 	 65.322
FHW12026	269.750 	 78.475 	 65.943
FHW12026	269.875 	 77.984 	 65.324
FHW12026	270.000 	 78.398 	 65.751
FHW12026	270.125 	 78.070 	 65.516
FHW12026	270.250 	 77.984 	 65.324
FHW12026	270.375 	 78.398 	 65.751
FHW12026	270.500 	 77.984 	 65.322
FHW12026	270.625 	 78.031 	 65.943
FHW12026	270.750 	 78.430 	 65.324
FHW12026	270.875 	 77.991 	 65.324
FHW12026	271.000 	 77.944 	 65.750
FHW12026	271.125 	 78.513 	 65.518
FHW12026	271.250 	 77.944 	 65.751
FHW12026	271.375 	 78.437 	 65.322
FHW12026	271.500 	 78.031 	 65.943
FHW12026	271.625 	 77.984 	 65.324
FHW12026	271.750 	 78.436 	 65.324
FHW12026	271.875 	 77.944 	 65.750
FHW12026	272.000 	 78.071 	 65.519
FHW12026	272.125 	 78.391 	 65.751
FHW12026	272.250 	 77.984 	 65.322
FHW12026	272.375 	 78.070 	 65.518
FHW12026	272.500 	 78.398 	 65.751
FHW12026	272.625 	 77.984 	 65.324
FHW12026	272.750 	 78.398 	 65.750
FHW12026	272.875 	 78.070 	 65.518
FHW12026	273.000 	 77.944 	 65.751
FHW12026	273.125 	 78.430 	 65.324
FHW12026	273.250 	 77.984 	 65.322
FHW12026	273.375 	 78.038 	 65.943
FHW12026	273.500 	 78.430 	 65.324
FHW12026	273.625 	 77.944 	 65.750
FHW12026	273.750 	 78.070 	 65.518
FHW12026	273.875 	 78.436 	 65.324
FHW12026	274.000 	 77.944 	 65.751
FHW12026	274.125 	 78.437 	 65.322
FHW12026	274.250 	 78.031 	 65.943
FHW12026	274.375 	 77.984 	 65.324
FHW12026	274.500 	 78.391 	 65.750
FHW12026	274.625 	 78.070 	 65.518
FHW12026	274.750 	 77.984 	 65.324
FHW12026	274.875 	 78.398 	 65.751
FHW12026	275.000 	 77.984 	 65.322
FHW12026	275.125 	 78.031 	 65.943
FHW12026	275.250 	 78.436 	 65.324
FHW12026	275.375 	 77.984 	 65.322
FHW12026	275.500 	 78.391 	 65.751
FHW12026	275.625 	 78.070 	 65.518
FHW12026	275.750 	 77.951 	 65.751
FHW12026	275.875 	 78.430 	 65.322
FHW12026	276.000 	 78.031 	 65.943
FHW12026	276.125 	 77.984 	 65.324
FHW12026	276.250 	 78.437 	 65.322
FHW12026	276.375 	 77.944 	 65.751
FHW12026	276.500 	 78.070 	 65.518
FHW12026	276.625 	 78.398 	 65.751
FHW12026	276.750 	 77.984 	 65.322
FHW12026	276.875 	 78.513 	 65.518
FHW12026	277.000 	 77.944 	 65.751
FHW12026	277.125 	 77.984 	 65.322
FHW12026	277.250 	 78.847 	 65.751
FHW12026	277.375 	 84.081 	 64.457
FHW12026	277.500 	 84.010 	 64.677
FHW12026	277.625 	 84.504 	 64.871
FHW12026	277.750 	 84.010 	 64.677
FHW12026	277.875 	 84.511 	 64.873
FHW12026	278.000 	 84.010 	 64.675
FHW12026	278.125 	 84.010 	 64.677
FHW12026	278.250 	 84.504 	 64.871
FHW12026	278.375 	 84.010 	 64.675
FHW12026	278.500 	 84.511 	 64.873
FHW12026	278.625 	 84.010 	 64.675
FHW12026	278.750 	 84.053 	 64.871
FHW12026	278.875 	 84.490 	 64.260
FHW12026	279.000 	 84.053 	 64.871
FHW12026	279.125 	 84.464 	 64.675
FHW12026	279.250 	 84.011 	 64.678
FHW12026	279.375 	 84.053 	 64.871
FHW12026	279.500 	 84.471 	 64.677
FHW12026	279.625 	 84.053 	 64.871
FHW12026	279.750 	 84.010 	 64.675
FHW12026	279.875 	 84.504 	 64.873
FHW12026	280.000 	 84.010 	 64.675
FHW12026	280.125 	 84.471 	 64.675
FHW12026	280.250 	 84.074 	 64.459
FHW12026	280.375 	 84.010 	 64.675
FHW12026	280.500 	 84.511 	 64.873
FHW12026	280.625 	 84.010 	 64.677
FHW12026	280.750 	 84.504 	 64.871
FHW12026	280.875 	 84.010 	 64.675
FHW12026	281.000 	 84.010 	 64.677
FHW12026	281.125 	 84.511 	 64.871
FHW12026	281.250 	 84.010 	 64.677
FHW12026	281.375 	 84.511 	 64.871
FHW12026	281.500 	 84.010 	 64.675
FHW12026	281.625 	 84.074 	 64.457
FHW12026	281.750 	 84.464 	 64.677
FHW12026	281.875 	 84.010 	 64.675
FHW12026	282.000 	 84.511 	 64.874
FHW12026	282.125 	 84.010 	 64.675
FHW12026	282.250 	 84.053 	 64.871
FHW12026	282.375 	 84.464 	 64.677
FHW12026	282.500 	 84.053 	 64.871
FHW12026	282.625 	 84.471 	 64.675
FHW12026	282.750 	 84.053 	 64.873
FHW12026	282.875 	 84.010 	 64.675
FHW12026	283.000 	 84.471 	 64.677
FHW12026	283.125 	 84.074 	 64.457
FHW12026	283.250 	 84.011 	 64.677
FHW12026	283.375 	 84.504 	 64.871
FHW12026	283.500 	 84.010 	 64.677
FHW12026	283.625 	 84.511 	 64.871
FHW12026	283.750 	 84.010 	 64.677
FHW12026	283.875 	 84.010 	 64.675
FHW12026	284.000 	 84.504 	 64.871
FHW12026	284.125 	 84.017 	 64.677
FHW12026	284.250 	 84.504 	 64.871
FHW12026	284.375 	 84.010 	 64.675
FHW12026	284.500 	 84.074 	 64.461
FHW12026	284.625 	 84.471 	 64.675
FHW12026	284.750 	 84.010 	 64.675
FHW12026	284.875 	 84.504 	 64.873
FHW12026	285.000 	 84.010 	 64.675
FHW12026	285.125 	 84.053 	 64.873
FHW12026	285.250 	 84.471 	 64.675
FHW12026	285.375 	 84.053 	 64.871
FHW12026	285.500 	 84.471 	 64.677
FHW12026	285.625 	 84.010 	 64.675
FHW12026	285.750 	 84.053 	 64.871
FHW12026	285.875 	 84.465 	 64.678
FHW12026	286.000 	 84.073 	 64.456
FHW12026	286.125 	 84.010 	 64.675
FHW12026	286.250 	 84.511 	 64.874
FHW12026	286.375 	 84.010 	 64.675
FHW12026	286.500 	 84.505 	 64.873
FHW12026	286.625 	 84.010 	 64.677
FHW12026	286.750 	 84.010 	 64.675
FHW12026	286.875 	 84.511 	 64.871
FHW12026	287.000 	 84.010 	 64.675
FHW12026	287.125 	 84.511 	 64.873
FHW12026	287.250 	 84.010 	 64.677
FHW12026	287.375 	 84.073 	 64.456
FHW12026	287.500 	 84.464 	 64.675
FHW12026	287.625 	 84.010 	 64.677
FHW12026	287.750 	 84.511 	 64.873
FHW12026	287.875 	 84.010 	 64.675
FHW12026	288.000 	 84.963 	 64.874
FHW12026	288.125 	 87.711 	 64.456
FHW12026	288.250 	 87.694 	 64.675
FHW12026	288.375 	 87.712 	 64.459
FHW12026	288.500 	 87.704 	 64.871
FHW12026	288.625 	 87.719 	 64.459
FHW12026	288.750 	 87.704 	 64.870
FHW12026	288.875 	 87.695 	 64.263
FHW12026	289.000 	 87.718 	 64.456
FHW12026	289.125 	 87.704 	 64.873
FHW12026	289.250 	 87.711 	 64.456
FHW12026	289.375 	 87.711 	 64.874
FHW12026	289.500 	 87.711 	 64.456
FHW12026	289.625 	 88.152 	 64.675
FHW12026	289.750 	 87.712 	 64.461
FHW12026	289.875 	 87.712 	 64.459
FHW12026	290.000 	 87.711 	 64.870
FHW12026	290.125 	 87.712 	 64.459
FHW12026	290.250 	 87.687 	 64.677
FHW12026	290.375 	 87.718 	 64.456
FHW12026	290.500 	 87.704 	 64.873
FHW12026	290.625 	 87.711 	 64.457
FHW12026	290.750 	 87.719 	 64.459
FHW12026	290.875 	 87.704 	 64.873
FHW12026	291.000 	 87.695 	 64.259
FHW12026	291.125 	 87.711 	 64.871
FHW12026	291.250 	 87.712 	 64.459
FHW12026	291.375 	 88.165 	 64.870
FHW12026	291.500 	 87.712 	 64.461
FHW12026	291.625 	 87.695 	 64.259
FHW12026	291.750 	 87.711 	 64.870
FHW12026	291.875 	 87.712 	 64.459
FHW12026	292.000 	 87.704 	 64.874
FHW12026	292.125 	 87.718 	 64.456
FHW12026	292.250 	 87.704 	 64.873
FHW12026	292.375 	 87.695 	 64.260
FHW12026	292.500 	 87.718 	 64.456
FHW12026	292.625 	 87.704 	 64.873
FHW12026	292.750 	 87.711 	 64.456
FHW12026	292.875 	 87.711 	 64.874
FHW12026	293.000 	 87.695 	 64.259
FHW12026	293.125 	 88.166 	 64.873
FHW12026	293.250 	 87.711 	 64.457
FHW12026	293.375 	 87.704 	 64.873
FHW12026	293.500 	 87.718 	 64.456
FHW12026	293.625 	 87.712 	 64.459
FHW12026	293.750 	 87.687 	 64.677
FHW12026	293.875 	 89.083 	 65.898
FHW12026	294.000 	 89.086 	 65.479
FHW12026	294.125 	 89.083 	 65.898
FHW12026	294.250 	 89.086 	 65.479
FHW12026	294.375 	 89.083 	 65.898
FHW12026	294.500 	 89.086 	 65.482
FHW12026	294.625 	 89.083 	 65.898
FHW12026	294.750 	 88.626 	 65.481
FHW12026	294.875 	 89.076 	 65.706
FHW12026	295.000 	 89.086 	 65.481
FHW12026	295.125 	 89.083 	 65.899
FHW12026	295.250 	 89.083 	 65.898
FHW12026	295.375 	 89.086 	 65.481
FHW12026	295.500 	 89.083 	 65.896
FHW12026	295.625 	 89.086 	 65.481
FHW12026	295.750 	 89.083 	 65.896
FHW12026	295.875 	 89.086 	 65.481
FHW12026	296.000 	 89.076 	 65.711
FHW12026	296.125 	 89.079 	 65.479
FHW12026	296.250 	 88.628 	 65.898
FHW12026	296.375 	 89.083 	 65.896
FHW12026	296.500 	 89.086 	 65.481
FHW12026	296.625 	 89.083 	 65.898
FHW12026	296.750 	 89.086 	 65.479
FHW12026	296.875 	 89.076 	 65.898
FHW12026	297.000 	 89.086 	 65.482
FHW12026	297.125 	 89.083 	 65.898
FHW12026	297.250 	 89.079 	 65.287
FHW12026	297.375 	 89.083 	 65.898
FHW12026	297.500 	 89.083 	 65.898
FHW12026	297.625 	 89.086 	 65.482
FHW12026	297.750 	 88.621 	 65.898
FHW12026	297.875 	 89.086 	 65.479
FHW12026	298.000 	 89.083 	 65.898
FHW12026	298.125 	 89.086 	 65.481
FHW12026	298.250 	 89.083 	 65.896
FHW12026	298.375 	 89.079 	 65.291
FHW12026	298.500 	 89.083 	 65.896
FHW12026	298.625 	 89.086 	 65.481
FHW12026	298.750 	 89.083 	 65.898
FHW12026	298.875 	 89.083 	 65.896
FHW12026	299.000 	 89.086 	 65.481
FHW12026	299.125 	 89.083 	 65.896
FHW12026	299.250 	 88.626 	 65.481
FHW12026	299.375 	 89.083 	 65.898
FHW12026	299.500 	 89.086 	 65.482
FHW12026	299.625 	 89.076 	 65.708
FHW12026	299.750 	 89.086 	 65.479
FHW12026	299.875 	 89.083 	 65.898
FHW12026	300.000 	 89.083 	 65.896
FHW12026	300.125 	 89.086 	 65.484
FHW12026	300.250 	 89.076 	 65.898
FHW12026	300.375 	 89.086 	 65.479
FHW12026	300.500 	 89.083 	 65.898
FHW12026	300.625 	 89.086 	 65.479
FHW12026	300.750 	 88.618 	 65.711
FHW12026	300.875 	 89.086 	 65.481
FHW12026	301.000 	 89.076 	 65.896
FHW12026	301.125 	 89.086 	 65.481
FHW12026	301.250 	 89.083 	 65.896
FHW12026	301.375 	 89.083 	 65.898
FHW12026	301.500 	 89.086 	 65.481
FHW12026	301.625 	 89.083 	 65.896
FHW12026	301.750 	 89.086 	 65.481
FHW12026	301.875 	 89.076 	 65.709
FHW12026	302.000 	 89.086 	 65.481
FHW12026	302.125 	 89.083 	 65.896
FHW12026	302.250 	 88.626 	 65.482
FHW12026	302.375 	 89.083 	 65.896
FHW12026	302.500 	 89.083 	 65.896
FHW12026	302.625 	 89.086 	 65.482
FHW12026	302.750 	 89.083 	 65.900
FHW12026	302.875 	 89.086 	 65.479
FHW12026	303.000 	 89.083 	 65.896
FHW12026	303.125 	 89.079 	 65.290
FHW12026	303.250 	 89.083 	 65.899
FHW12026	303.375 	 89.086 	 65.479
FHW12026	303.500 	 89.083 	 65.896
FHW12026	303.625 	 89.076 	 65.900
FHW12026	303.750 	 88.633 	 65.479
FHW12026	303.875 	 89.083 	 65.896
FHW12026	304.000 	 89.086 	 65.482
FHW12026	304.125 	 89.083 	 65.896
FHW12026	304.250 	 89.079 	 65.290
FHW12026	304.375 	 89.076 	 65.900
FHW12026	304.500 	 89.086 	 65.479
FHW12026	304.625 	 89.083 	 65.896
FHW12026	304.750 	 89.086 	 65.479
FHW12026	304.875 	 89.083 	 65.900
FHW12026	305.000 	 89.083 	 65.896
FHW12026	305.125 	 89.086 	 65.482
FHW12026	305.250 	 88.621 	 65.900
FHW12026	305.375 	 89.086 	 65.479
FHW12026	305.500 	 89.076 	 65.706
FHW12026	305.625 	 89.086 	 65.479
FHW12026	305.750 	 89.083 	 65.902
FHW12026	305.875 	 89.086 	 65.479
FHW12026	306.000 	 89.083 	 65.896
FHW12026	306.125 	 89.083 	 65.900
FHW12026	306.250 	 89.086 	 65.479
FHW12026	306.375 	 89.083 	 65.896
FHW12026	306.500 	 89.086 	 65.482
FHW12026	306.625 	 89.076 	 65.709
FHW12026	306.750 	 88.626 	 65.479
FHW12026	306.875 	 89.540 	 66.502
FHW12026	307.000 	 89.080 	 66.319
FHW12026	307.125 	 89.084 	 66.919
FHW12026	307.250 	 89.545 	 66.924
FHW12026	307.375 	 89.087 	 66.498
FHW12026	307.500 	 89.538 	 66.924
FHW12026	307.625 	 89.080 	 66.316
FHW12026	307.750 	 89.545 	 66.924
FHW12026	307.875 	 89.087 	 66.501
FHW12026	308.000 	 89.077 	 66.922
FHW12026	308.125 	 89.545 	 66.921
FHW12026	308.250 	 89.080 	 66.316
FHW12026	308.375 	 89.538 	 66.924
FHW12026	308.500 	 89.087 	 66.498
FHW12026	308.625 	 89.545 	 66.924
FHW12026	308.750 	 89.087 	 66.498
FHW12026	308.875 	 89.077 	 66.745
FHW12026	309.000 	 89.540 	 66.498
FHW12026	309.125 	 89.084 	 66.921
FHW12026	309.250 	 89.538 	 66.922
FHW12026	309.375 	 89.087 	 66.501
FHW12026	309.500 	 89.077 	 66.742
FHW12026	309.625 	 89.547 	 66.501
FHW12026	309.750 	 89.084 	 66.924
FHW12026	309.875 	 89.540 	 66.498
FHW12026	310.000 	 89.084 	 66.924
FHW12026	310.125 	 89.544 	 66.316
FHW12026	310.250 	 89.077 	 66.921
FHW12026	310.375 	 89.084 	 66.922
FHW12026	310.500 	 89.547 	 66.501
FHW12026	310.625 	 89.084 	 66.922
FHW12026	310.750 	 89.537 	 66.319
FHW12026	310.875 	 89.084 	 66.922
FHW12026	311.000 	 89.087 	 66.501
FHW12026	311.125 	 89.545 	 66.922
FHW12026	311.250 	 89.077 	 66.921
FHW12026	311.375 	 89.544 	 66.316
FHW12026	311.500 	 89.084 	 66.924
FHW12026	311.625 	 89.540 	 66.501
FHW12026	311.750 	 89.084 	 66.922
FHW12026	311.875 	 89.087 	 66.501
FHW12026	312.000 	 89.542 	 66.742
FHW12026	312.125 	 89.087 	 66.501
FHW12026	312.250 	 89.538 	 66.919
FHW12026	312.375 	 89.084 	 66.924
FHW12026	312.500 	 89.080 	 66.316
FHW12026	312.625 	 89.538 	 66.924
FHW12026	312.750 	 89.087 	 66.498
FHW12026	312.875 	 89.545 	 66.924
FHW12026	313.000 	 89.087 	 66.498
FHW12026	313.125 	 89.535 	 66.745
FHW12026	313.250 	 89.084 	 66.919
FHW12026	313.375 	 89.087 	 66.501
FHW12026	313.500 	 89.538 	 66.922
FHW12026	313.625 	 89.087 	 66.501
FHW12026	313.750 	 89.542 	 66.742
FHW12026	313.875 	 89.087 	 66.501
FHW12026	314.000 	 89.538 	 66.924
FHW12026	314.125 	 89.087 	 66.498
FHW12026	314.250 	 89.084 	 66.924
FHW12026	314.375 	 89.542 	 66.739
FHW12026	314.500 	 89.080 	 66.501
FHW12026	314.625 	 89.545 	 66.922
FHW12026	314.750 	 89.087 	 66.501
FHW12026	314.875 	 89.084 	 66.922
FHW12026	315.000 	 89.537 	 66.319
FHW12026	315.125 	 89.084 	 66.922
FHW12026	315.250 	 89.545 	 66.921
FHW12026	315.375 	 89.087 	 66.498
FHW12026	315.500 	 89.538 	 66.924
FHW12026	315.625 	 89.080 	 66.316
FHW12026	315.750 	 89.084 	 66.924
FHW12026	315.875 	 89.540 	 66.501
FHW12026	316.000 	 89.084 	 66.922
FHW12026	316.125 	 89.547 	 66.501
FHW12026	316.250 	 89.077 	 66.742
FHW12026	316.375 	 89.084 	 66.921
FHW12026	316.500 	 89.540 	 66.498
FHW12026	316.625 	 89.084 	 66.924
FHW12026	316.750 	 89.540 	 66.498
FHW12026	316.875 	 89.077 	 66.745
FHW12026	317.000 	 89.547 	 66.498
FHW12026	317.125 	 89.084 	 66.924
FHW12026	317.250 	 89.087 	 66.498
FHW12026	317.375 	 89.538 	 66.924
FHW12026	317.500 	 89.077 	 66.739
FHW12026	317.625 	 89.547 	 66.501
FHW12026	317.750 	 89.084 	 66.924
FHW12026	317.875 	 89.080 	 66.498
FHW12026	318.000 	 89.542 	 66.742
FHW12026	318.125 	 89.087 	 66.501
FHW12026	318.250 	 89.538 	 66.924
FHW12026	318.375 	 89.084 	 66.919
FHW12026	318.500 	 89.547 	 66.504
FHW12026	318.625 	 89.077 	 66.739
FHW12026	318.750 	 89.087 	 66.501
FHW12026	318.875 	 89.538 	 66.922
FHW12026	319.000 	 89.087 	 66.501
FHW12026	319.125 	 89.538 	 66.922
FHW12026	319.250 	 89.080 	 66.319
FHW12026	319.375 	 89.084 	 66.922
FHW12026	319.500 	 89.545 	 66.921
FHW12026	319.625 	 89.087 	 66.498
FHW12026	319.750 	 89.538 	 66.924
FHW12026	319.875 	 89.080 	 66.316
FHW12026	320.000 	 89.545 	 66.924
FHW12026	320.125 	 89.080 	 66.501
FHW12026	320.250 	 89.084 	 66.922
FHW12026	320.375 	 89.545 	 66.921
FHW12026	320.500 	 89.080 	 66.320
FHW12026	320.625 	 89.538 	 66.921
FHW12026	320.750 	 89.087 	 66.498
FHW12026	320.875 	 89.545 	 66.924
FHW12026	321.000 	 89.087 	 66.498
FHW12026	321.125 	 89.070 	 66.745
FHW12026	321.250 	 89.547 	 66.498
FHW12026	321.375 	 89.084 	 66.924
FHW12026	321.500 	 89.538 	 66.919
FHW12026	321.625 	 89.087 	 66.504
FHW12026	321.750 	 89.077 	 66.739
FHW12026	321.875 	 89.547 	 66.501
FHW12026	322.000 	 89.084 	 66.924
FHW12026	322.125 	 89.540 	 66.498
FHW12026	322.250 	 89.084 	 66.924
FHW12026	322.375 	 89.536 	 66.316
FHW12026	322.500 	 89.084 	 66.924
FHW12026	322.625 	 89.084 	 66.919
FHW12026	322.750 	 89.547 	 66.501
FHW12026	322.875 	 89.084 	 66.922
FHW12026	323.000 	 89.537 	 66.319
FHW12026	323.125 	 89.084 	 66.922
FHW12026	323.250 	 89.087 	 66.501
FHW12026	323.375 	 89.538 	 66.922
FHW12026	323.500 	 89.077 	 66.742
FHW12026	323.625 	 89.547 	 66.502
FHW12026	323.750 	 89.084 	 66.921
FHW12026	323.875 	 89.540 	 66.501
FHW12026	324.000 	 89.084 	 66.922
FHW12026	324.125 	 89.080 	 66.316
FHW12026	324.250 	 89.545 	 66.924
FHW12026	324.375 	 89.080 	 66.501
FHW12026	324.500 	 89.545 	 66.922
FHW12026	324.625 	 89.084 	 66.921
FHW12026	324.750 	 89.080 	 66.320
FHW12026	324.875 	 89.538 	 66.921
FHW12026	325.000 	 89.087 	 66.498
FHW12026	325.125 	 89.545 	 66.924
FHW12026	325.250 	 89.087 	 66.498
FHW12026	325.375 	 89.535 	 66.745
FHW12026	325.500 	 89.084 	 66.919
FHW12026	325.625 	 89.087 	 66.504
FHW12026	325.750 	 90.000 	 66.316
FHW12026	325.875 	 89.541 	 66.084
FHW12026	326.000 	 89.543 	 66.320
FHW12026	326.125 	 89.540 	 66.498
FHW12026	326.250 	 89.545 	 65.896
FHW12026	326.375 	 90.000 	 66.322
FHW12026	326.500 	 89.540 	 66.498
FHW12026	326.625 	 89.545 	 65.900
FHW12026	326.750 	 89.540 	 66.501
FHW12026	326.875 	 90.000 	 65.896
FHW12026	327.000 	 89.543 	 66.320
FHW12026	327.125 	 89.540 	 66.501
FHW12026	327.250 	 89.545 	 65.896
FHW12026	327.375 	 89.540 	 66.504
FHW12026	327.500 	 90.000 	 65.896
FHW12026	327.625 	 89.536 	 66.320
FHW12026	327.750 	 89.547 	 66.498
FHW12026	327.875 	 89.538 	 65.896
FHW12026	328.000 	 90.000 	 66.504
FHW12026	328.125 	 89.544 	 66.316
FHW12026	328.250 	 89.538 	 65.896
FHW12026	328.375 	 89.547 	 66.504
FHW12026	328.500 	 89.538 	 65.896
FHW12026	328.625 	 90.000 	 66.504
FHW12026	328.750 	 89.544 	 66.316
FHW12026	328.875 	 89.538 	 65.896
FHW12026	329.000 	 89.547 	 66.504
FHW12026	329.125 	 90.000 	 66.316
FHW12026	329.250 	 89.538 	 65.896
FHW12026	329.375 	 89.547 	 66.502
FHW12026	329.500 	 89.538 	 65.899
FHW12026	329.625 	 90.000 	 66.502
FHW12026	329.750 	 89.544 	 66.316
FHW12026	329.875 	 89.538 	 65.896
FHW12026	330.000 	 89.540 	 66.504
FHW12026	330.125 	 89.545 	 65.896
FHW12026	330.250 	 90.000 	 66.501
FHW12026	330.375 	 89.536 	 66.320
FHW12026	330.500 	 89.545 	 65.896
FHW12026	330.625 	 89.540 	 66.504
FHW12026	330.750 	 90.000 	 66.316
FHW12026	330.875 	 89.548 	 66.081
FHW12026	331.000 	 89.536 	 66.320
FHW12026	331.125 	 89.545 	 65.899
FHW12026	331.250 	 89.540 	 66.498
FHW12026	331.375 	 90.000 	 66.320
FHW12026	331.500 	 89.548 	 66.084
FHW12026	331.625 	 89.536 	 66.320
FHW12026	331.750 	 89.545 	 65.896
FHW12026	331.875 	 90.000 	 66.501
FHW12026	332.000 	 89.536 	 66.320
FHW12026	332.125 	 89.541 	 66.084
FHW12026	332.250 	 89.544 	 66.316
FHW12026	332.375 	 89.536 	 66.320
FHW12026	332.500 	 90.000 	 66.081
FHW12026	332.625 	 89.544 	 66.316
FHW12026	332.750 	 89.538 	 65.902
FHW12026	332.875 	 89.547 	 66.498
FHW12026	333.000 	 90.000 	 66.320
FHW12026	333.125 	 89.541 	 66.084
FHW12026	333.250 	 89.544 	 66.316
FHW12026	333.375 	 89.536 	 66.320
FHW12026	333.500 	 89.548 	 66.084
FHW12026	333.625 	 90.000 	 66.316
FHW12026	333.750 	 89.541 	 66.087
FHW12026	333.875 	 89.544 	 66.316
FHW12026	334.000 	 89.536 	 66.320
FHW12026	334.125 	 90.000 	 66.081
FHW12026	334.250 	 89.544 	 66.319
FHW12026	334.375 	 89.541 	 66.084
FHW12026	334.500 	 89.536 	 66.316
FHW12026	334.625 	 90.000 	 66.316
FHW12026	334.750 	 89.548 	 66.087
FHW12026	334.875 	 89.536 	 66.316
FHW12026	335.000 	 89.547 	 66.504
FHW12026	335.125 	 89.538 	 65.896
FHW12026	335.250 	 90.000 	 66.316
FHW12026	335.375 	 89.548 	 66.087
FHW12026	335.500 	 89.536 	 66.316
FHW12026	335.625 	 89.547 	 66.498
FHW12026	335.750 	 90.000 	 65.900
FHW12026	335.875 	 89.537 	 66.319
FHW12026	336.000 	 89.547 	 66.502
FHW12026	336.125 	 89.538 	 65.896
FHW12026	336.250 	 89.544 	 66.316
FHW12026	336.375 	 90.000 	 66.087
FHW12026	336.500 	 89.536 	 66.316
FHW12026	336.625 	 89.540 	 66.501
FHW12026	336.750 	 89.545 	 65.900
FHW12026	336.875 	 90.000 	 66.316
FHW12026	337.000 	 89.541 	 66.084
FHW12026	337.125 	 89.543 	 66.320
FHW12026	337.250 	 89.540 	 66.498
FHW12026	337.375 	 89.545 	 65.900
FHW12026	337.500 	 90.000 	 66.319
FHW12026	337.625 	 89.540 	 66.498
FHW12026	337.750 	 89.545 	 65.900
FHW12026	337.875 	 89.540 	 66.501
FHW12026	338.000 	 90.000 	 65.896
FHW12026	338.125 	 89.543 	 66.320
FHW12026	338.250 	 89.540 	 66.501
FHW12026	338.375 	 89.545 	 65.900
FHW12026	338.500 	 89.540 	 66.501
FHW12026	338.625 	 90.000 	 65.896
FHW12026	338.750 	 89.543 	 66.320
FHW12026	338.875 	 89.540 	 66.498
FHW12026	339.000 	 89.538 	 65.896
FHW12026	339.125 	 90.000 	 66.504
FHW12026	339.250 	 89.544 	 66.316
FHW12026	339.375 	 89.538 	 65.900
FHW12026	339.500 	 89.547 	 66.501
FHW12026	339.625 	 89.538 	 65.896
FHW12026	339.750 	 90.000 	 66.504
FHW12026	339.875 	 89.544 	 66.316
FHW12026	340.000 	 89.538 	 65.896
FHW12026	340.125 	 89.547 	 66.504
FHW12026	340.250 	 90.000 	 66.316
FHW12026	340.375 	 89.538 	 65.900
FHW12026	340.500 	 89.547 	 66.498
FHW12026	340.625 	 89.538 	 65.899
FHW12026	340.750 	 90.000 	 66.502
FHW12026	340.875 	 89.544 	 66.316
FHW12026	341.000 	 89.538 	 65.896
FHW12026	341.125 	 89.540 	 66.504
FHW12026	341.250 	 89.545 	 65.896
FHW12026	341.375 	 90.000 	 66.504
FHW12026	341.500 	 89.536 	 66.316
FHW12026	341.625 	 89.545 	 65.896
FHW12026	341.750 	 89.540 	 66.504
FHW12026	341.875 	 90.000 	 66.316
FHW12026	342.000 	 89.548 	 66.081
FHW12026	342.125 	 89.536 	 66.320
FHW12026	342.250 	 89.545 	 65.899
FHW12026	342.375 	 89.540 	 66.502
FHW12026	342.500 	 90.000 	 66.316
FHW12026	342.625 	 89.548 	 66.084
FHW12026	342.750 	 89.536 	 66.320
FHW12026	342.875 	 89.544 	 66.316
FHW12026	343.000 	 90.000 	 66.084
FHW12026	343.125 	 89.536 	 66.320
FHW12026	343.250 	 89.541 	 66.084
FHW12026	343.375 	 89.543 	 66.320
FHW12026	343.500 	 89.536 	 66.316
FHW12026	343.625 	 90.000 	 66.081
FHW12026	343.750 	 89.543 	 66.320
FHW12026	343.875 	 89.538 	 65.899
FHW12026	344.000 	 89.547 	 66.498
FHW12026	344.125 	 90.000 	 66.320
FHW12026	344.250 	 89.541 	 66.084
FHW12026	344.375 	 89.543 	 66.320
FHW12026	344.500 	 90.000 	 65.896
FHW12026	344.625 	 90.000 	 65.896
FHW12026	344.750 	 90.000 	 65.479
FHW12026	344.875 	 90.000 	 65.900
FHW12026	345.000 	 90.000 	 65.899
FHW12026	345.125 	 90.000 	 65.896
FHW12026	345.250 	 90.454 	 65.482
FHW12026	345.375 	 90.000 	 65.896
FHW12026	345.500 	 90.000 	 65.896
FHW12026	345.625 	 90.000 	 65.482
FHW12026	345.750 	 90.000 	 65.896
FHW12026	345.875 	 90.000 	 65.896
FHW12026	346.000 	 90.000 	 65.479
FHW12026	346.125 	 90.000 	 65.902
FHW12026	346.250 	 90.000 	 65.896
FHW12026	346.375 	 90.462 	 65.896
FHW12026	346.500 	 90.000 	 65.482
FHW12026	346.625 	 90.000 	 65.896
FHW12026	346.750 	 90.000 	 65.896
FHW12026	346.875 	 90.000 	 65.482
FHW12026	347.000 	 90.000 	 65.896
FHW12026	347.125 	 90.000 	 65.896
FHW12026	347.250 	 90.000 	 65.900
FHW12026	347.375 	 90.453 	 65.482
FHW12026	347.500 	 90.000 	 65.896
FHW12026	347.625 	 90.000 	 65.900
FHW12026	347.750 	 90.000 	 65.479
FHW12026	347.875 	 90.000 	 65.896
FHW12026	348.000 	 90.000 	 65.896
FHW12026	348.125 	 90.000 	 65.900
FHW12026	348.250 	 90.000 	 65.479
FHW12026	348.375 	 90.462 	 65.896
FHW12026	348.500 	 90.000 	 65.902
FHW12026	348.625 	 90.000 	 65.479
FHW12026	348.750 	 90.000 	 65.896
FHW12026	348.875 	 90.000 	 65.900
FHW12026	349.000 	 90.000 	 65.896
FHW12026	349.125 	 90.000 	 65.479
FHW12026	349.250 	 90.000 	 65.900
FHW12026	349.375 	 90.455 	 65.896
FHW12026	349.500 	 90.000 	 65.479
FHW12026	349.625 	 90.000 	 65.896
FHW12026	349.750 	 90.000 	 65.902
FHW12026	349.875 	 90.000 	 65.896
FHW12026	350.000 	 90.000 	 65.479
FHW12026	350.125 	 90.000 	 65.900
FHW12026	350.250 	 90.000 	 65.896
FHW12026	350.375 	 90.000 	 65.479
FHW12026	350.500 	 90.462 	 65.900
FHW12026	350.625 	 90.000 	 65.896
FHW12026	350.750 	 90.000 	 65.479
FHW12026	350.875 	 90.000 	 65.896
FHW12026	351.000 	 90.000 	 65.902
FHW12026	351.125 	 90.000 	 65.896
FHW12026	351.250 	 90.000 	 65.479
FHW12026	351.375 	 90.000 	 65.900
FHW12026	351.500 	 90.455 	 65.896
FHW12026	351.625 	 90.000 	 65.479
FHW12026	351.750 	 90.000 	 65.900
FHW12026	351.875 	 90.000 	 65.896
FHW12026	352.000 	 90.000 	 65.896
FHW12026	352.125 	 90.000 	 65.485
FHW12026	352.250 	 90.000 	 65.896
FHW12026	352.375 	 90.000 	 65.896
FHW12026	352.500 	 90.461 	 65.479
FHW12026	352.625 	 90.000 	 65.900
FHW12026	352.750 	 90.000 	 65.896
FHW12026	352.875 	 90.000 	 65.896
FHW12026	353.000 	 90.000 	 65.482
FHW12026	353.125 	 90.000 	 65.896
FHW12026	353.250 	 90.000 	 65.896
FHW12026	353.375 	 90.000 	 65.485
FHW12026	353.500 	 90.000 	 65.896
FHW12026	353.625 	 90.462 	 65.896
FHW12026	353.750 	 90.000 	 65.900
FHW12026	353.875 	 90.000 	 65.479
FHW12026	354.000 	 90.000 	 65.896
FHW12026	354.125 	 90.000 	 65.900
FHW12026	354.250 	 90.000 	 65.479
FHW12026	354.375 	 90.000 	 65.709
FHW12026	354.500 	 90.000 	 65.896
FHW12026	354.625 	 90.455 	 65.900
FHW12026	354.750 	 90.000 	 65.479
FHW12026	354.875 	 90.000 	 65.896
FHW12026	355.000 	 90.000 	 65.900
FHW12026	355.125 	 90.000 	 65.479
FHW12026	355.250 	 90.000 	 65.899
FHW12026	355.375 	 90.000 	 65.900
FHW12026	355.500 	 90.000 	 65.479
FHW12026	355.625 	 90.462 	 65.896
FHW12026	355.750 	 90.000 	 65.896
FHW12026	355.875 	 90.000 	 65.900
FHW12026	356.000 	 90.000 	 65.479
FHW12026	356.125 	 90.000 	 65.896
FHW12026	356.250 	 90.000 	 65.900
FHW12026	356.375 	 90.000 	 65.482
FHW12026	356.500 	 90.000 	 65.896
FHW12026	356.625 	 90.000 	 65.900
FHW12026	356.750 	 90.455 	 65.896
FHW12026	356.875 	 90.000 	 65.479
FHW12026	357.000 	 90.000 	 65.900
FHW12026	357.125 	 90.000 	 65.896
FHW12026	357.250 	 90.000 	 65.479
FHW12026	357.375 	 90.000 	 65.896
FHW12026	357.500 	 90.000 	 65.900
FHW12026	357.625 	 90.000 	 65.899
FHW12026	357.750 	 90.461 	 65.479
FHW12026	357.875 	 90.000 	 65.900
FHW12026	358.000 	 90.000 	 65.896
FHW12026	358.125 	 90.000 	 65.479
FHW12026	358.250 	 90.000 	 65.900
FHW12026	358.375 	 90.000 	 65.896
FHW12026	358.500 	 90.000 	 65.896
FHW12026	358.625 	 90.000 	 65.482
FHW12026	358.750 	 90.455 	 65.899
FHW12026	358.875 	 90.000 	 65.896
FHW12026	359.000 	 90.000 	 65.479
FHW12026	359.125 	 90.000 	 65.900
FHW12026	359.250 	 90.000 	 65.896
FHW12026	359.375 	 90.000 	 65.896
FHW12026	359.500 	 90.000 	 65.482
FHW12026	359.625 	 90.000 	 65.896
FHW12026	359.750 	 90.000 	 65.896
FHW12026	359.875 	 90.461 	 65.482
FHW12026	360.000 	 90.000 	 65.899
FHW12026	360.125 	 90.000 	 65.896
FHW12026	360.250 	 90.000 	 65.479
FHW12026	360.375 	 90.000 	 65.900
FHW12026	360.500 	 90.000 	 65.896
FHW12026	360.625 	 90.000 	 65.896
FHW12026	360.750 	 90.000 	 65.482
FHW12026	360.875 	 90.455 	 65.896
FHW12026	361.000 	 90.000 	 65.896
FHW12026	361.125 	 90.000 	 65.482
FHW12026	361.250 	 90.000 	 65.899
FHW12026	361.375 	 90.000 	 65.896
FHW12026	361.500 	 90.000 	 65.900
FHW12026	361.625 	 90.000 	 65.479
FHW12026	361.750 	 90.000 	 65.896
FHW12026	361.875 	 90.462 	 65.900
FHW12026	362.000 	 90.000 	 65.479
FHW12026	362.125 	 90.000 	 65.896
FHW12026	362.250 	 90.000 	 65.896
FHW12026	362.375 	 90.000 	 65.902
FHW12026	362.500 	 90.000 	 65.479
FHW12026	362.625 	 90.000 	 65.896
FHW12026	362.750 	 90.000 	 65.900
FHW12026	362.875 	 90.000 	 65.479
FHW12026	363.000 	 90.455 	 65.896
FHW12026	363.125 	 90.000 	 65.900
FHW12026	363.250 	 90.000 	 65.479
FHW12026	363.375 	 90.000 	 65.290
FHW12026	363.500 	 90.461 	 65.479
FHW12026	363.625 	 90.455 	 64.873
FHW12026	363.750 	 90.000 	 65.482
FHW12026	363.875 	 90.464 	 65.287
FHW12026	364.000 	 90.459 	 65.065
FHW12026	364.125 	 90.000 	 65.293
FHW12026	364.250 	 90.452 	 65.065
FHW12026	364.375 	 90.000 	 65.290
FHW12026	364.500 	 90.461 	 65.479
FHW12026	364.625 	 90.455 	 64.870
FHW12026	364.750 	 90.000 	 65.482
FHW12026	364.875 	 90.464 	 65.290
FHW12026	365.000 	 90.000 	 65.065
FHW12026	365.125 	 90.457 	 65.290
FHW12026	365.250 	 90.461 	 65.482
FHW12026	365.375 	 90.000 	 64.870
FHW12026	365.500 	 90.454 	 65.479
FHW12026	365.625 	 90.000 	 64.873
FHW12026	365.750 	 90.461 	 65.479
FHW12026	365.875 	 90.457 	 65.293
FHW12026	366.000 	 90.000 	 65.065
FHW12026	366.125 	 90.464 	 65.287
FHW12026	366.250 	 90.454 	 65.479
FHW12026	366.375 	 90.000 	 64.876
FHW12026	366.500 	 90.461 	 65.479
FHW12026	366.625 	 90.000 	 64.873
FHW12026	366.750 	 90.461 	 65.479
FHW12026	366.875 	 90.457 	 65.290
FHW12026	367.000 	 90.000 	 65.065
FHW12026	367.125 	 90.464 	 65.290
FHW12026	367.250 	 90.000 	 65.479
FHW12026	367.375 	 90.455 	 64.873
FHW12026	367.500 	 90.461 	 65.482
FHW12026	367.625 	 90.000 	 64.870
FHW12026	367.750 	 90.454 	 65.479
FHW12026	367.875 	 90.000 	 65.290
FHW12026	368.000 	 90.459 	 65.068
FHW12026	368.125 	 90.457 	 65.290
FHW12026	368.250 	 90.000 	 65.479
FHW12026	368.375 	 90.462 	 64.870
FHW12026	368.500 	 90.454 	 65.482
FHW12026	368.625 	 90.000 	 65.290
FHW12026	368.750 	 90.459 	 65.065
FHW12026	368.875 	 90.000 	 65.290
FHW12026	369.000 	 90.452 	 65.065
FHW12026	369.125 	 90.464 	 65.290
FHW12026	369.250 	 90.000 	 65.479
FHW12026	369.375 	 90.455 	 64.873
FHW12026	369.500 	 90.000 	 65.479
FHW12026	369.625 	 90.464 	 65.293
FHW12026	369.750 	 90.459 	 65.065
FHW12026	369.875 	 90.000 	 65.287
FHW12026	370.000 	 90.452 	 65.065
FHW12026	370.125 	 90.000 	 65.293
FHW12026	370.250 	 90.461 	 65.479
FHW12026	370.375 	 90.455 	 64.873
FHW12026	370.500 	 90.000 	 65.479
FHW12026	370.625 	 90.464 	 65.287
FHW12026	370.750 	 90.452 	 65.068
FHW12026	370.875 	 90.000 	 65.290
FHW12026	371.000 	 90.459 	 65.065
FHW12026	371.125 	 90.000 	 65.290
FHW12026	371.250 	 90.454 	 65.482
FHW12026	371.375 	 90.462 	 64.870
FHW12026	371.500 	 90.000 	 65.479
FHW12026	371.625 	 90.457 	 65.290
FHW12026	371.750 	 90.000 	 65.065
FHW12026	371.875 	 90.464 	 65.293
FHW12026	372.000 	 90.452 	 65.065
FHW12026	372.125 	 90.000 	 65.287
FHW12026	372.250 	 90.461 	 65.479
FHW12026	372.375 	 90.000 	 64.876
FHW12026	372.500 	 90.461 	 65.479
FHW12026	372.625 	 90.457 	 65.290
FHW12026	372.750 	 90.000 	 65.065
FHW12026	372.875 	 90.464 	 65.290
FHW12026	373.000 	 90.454 	 65.479
FHW12026	373.125 	 90.000 	 64.873
FHW12026	373.250 	 90.461 	 65.479
FHW12026	373.375 	 90.000 	 64.873
FHW12026	373.500 	 90.454 	 65.482
FHW12026	373.625 	 90.464 	 65.287
FHW12026	373.750 	 90.000 	 65.065
FHW12026	373.875 	 90.457 	 65.290
FHW12026	374.000 	 90.000 	 65.482
FHW12026	374.125 	 90.462 	 64.873
FHW12026	374.250 	 90.454 	 65.479
FHW12026	374.375 	 90.000 	 64.870
FHW12026	374.500 	 90.461 	 65.482
FHW12026	374.625 	 90.000 	 65.290
FHW12026	374.750 	 90.452 	 65.065
FHW12026	374.875 	 90.464 	 65.290
FHW12026	375.000 	 90.000 	 65.479
FHW12026	375.125 	 90.455 	 64.873
FHW12026	375.250 	 90.460 	 65.482
FHW12026	375.375 	 90.000 	 64.870
FHW12026	375.500 	 90.461 	 65.479
FHW12026	375.625 	 90.000 	 65.293
FHW12026	375.750 	 90.455 	 64.870
FHW12026	375.875 	 90.461 	 65.479
FHW12026	376.000 	 90.000 	 65.290
FHW12026	376.125 	 90.452 	 65.065
FHW12026	376.250 	 90.000 	 65.293
FHW12026	376.375 	 90.461 	 65.479
FHW12026	376.500 	 90.455 	 64.870
FHW12026	376.625 	 90.000 	 65.479
FHW12026	376.750 	 90.462 	 64.876
FHW12026	376.875 	 90.000 	 65.479
FHW12026	377.000 	 90.457 	 65.290
FHW12026	377.125 	 90.459 	 65.065
FHW12026	377.250 	 90.000 	 65.290
FHW12026	377.375 	 90.454 	 65.479
FHW12026	377.500 	 90.462 	 64.873
FHW12026	377.625 	 90.000 	 65.479
FHW12026	377.750 	 90.455 	 64.873
FHW12026	377.875 	 90.000 	 65.482
FHW12026	378.000 	 90.464 	 65.287
FHW12026	378.125 	 90.459 	 65.065
FHW12026	378.250 	 90.000 	 65.290
FHW12026	378.375 	 90.454 	 65.482
FHW12026	378.500 	 90.000 	 64.873
FHW12026	378.625 	 90.461 	 65.479
FHW12026	378.750 	 90.455 	 64.870
FHW12026	378.875 	 90.000 	 65.482
FHW12026	379.000 	 90.464 	 65.290
FHW12026	379.125 	 90.000 	 65.065
FHW12026	379.250 	 90.457 	 65.290
FHW12026	379.375 	 90.461 	 65.482
FHW12026	379.500 	 90.000 	 64.870
FHW12026	379.625 	 90.454 	 65.479
FHW12026	379.750 	 90.464 	 65.290
FHW12026	379.875 	 90.000 	 65.065
FHW12026	380.000 	 90.457 	 65.293
FHW12026	380.125 	 90.000 	 65.065
FHW12026	380.250 	 90.464 	 65.287
FHW12026	380.375 	 90.453 	 65.482
FHW12026	380.500 	 90.000 	 64.873
FHW12026	380.625 	 90.461 	 65.479
FHW12026	380.750 	 90.000 	 65.290
FHW12026	380.875 	 90.452 	 65.065
FHW12026	381.000 	 90.464 	 65.287
FHW12026	381.125 	 90.000 	 65.071
FHW12026	381.250 	 90.464 	 65.287
FHW12026	381.375 	 90.000 	 65.479
FHW12026	381.500 	 90.455 	 64.873
FHW12026	381.625 	 90.461 	 65.482
FHW12026	381.750 	 90.000 	 65.287
FHW12026	381.875 	 90.452 	 65.068
FHW12026	382.000 	 90.464 	 65.287
FHW12026	382.125 	 90.000 	 64.873
FHW12026	382.250 	 90.454 	 64.459
FHW12026	382.375 	 90.000 	 64.873
FHW12026	382.500 	 90.000 	 64.456
FHW12026	382.625 	 90.462 	 64.873
FHW12026	382.750 	 90.000 	 64.459
FHW12026	382.875 	 90.455 	 64.870
FHW12026	383.000 	 90.000 	 64.459
FHW12026	383.125 	 90.461 	 64.459
FHW12026	383.250 	 90.000 	 64.873
FHW12026	383.375 	 90.454 	 64.456
FHW12026	383.500 	 90.000 	 64.873
FHW12026	383.625 	 90.461 	 64.456
FHW12026	383.750 	 90.000 	 64.873
FHW12026	383.875 	 90.454 	 64.459
FHW12026	384.000 	 90.000 	 64.873
FHW12026	384.125 	 90.461 	 64.459
FHW12026	384.250 	 90.000 	 64.870
FHW12026	384.375 	 90.461 	 64.459
FHW12026	384.500 	 90.000 	 64.870
FHW12026	384.625 	 90.000 	 64.459
FHW12026	384.750 	 90.455 	 64.876
FHW12026	384.875 	 90.000 	 64.456
FHW12026	385.000 	 90.466 	 64.675
FHW12026	385.125 	 90.000 	 64.459
FHW12026	385.250 	 90.454 	 64.456
FHW12026	385.375 	 90.000 	 64.873
FHW12026	385.500 	 90.461 	 64.456
FHW12026	385.625 	 90.000 	 64.876
FHW12026	385.750 	 90.454 	 64.459
FHW12026	385.875 	 90.000 	 64.870
FHW12026	386.000 	 90.461 	 64.459
FHW12026	386.125 	 90.000 	 64.870
FHW12026	386.250 	 90.454 	 64.459
FHW12026	386.375 	 90.000 	 64.870
FHW12026	386.500 	 90.000 	 64.462
FHW12026	386.625 	 90.462 	 64.873
FHW12026	386.750 	 90.000 	 64.456
FHW12026	386.875 	 90.455 	 64.873
FHW12026	387.000 	 90.000 	 64.456
FHW12026	387.125 	 90.462 	 64.873
FHW12026	387.250 	 90.000 	 64.456
FHW12026	387.375 	 90.455 	 64.876
FHW12026	387.500 	 90.000 	 64.459
FHW12026	387.625 	 90.461 	 64.456
FHW12026	387.750 	 90.000 	 64.873
FHW12026	387.875 	 90.454 	 64.456
FHW12026	388.000 	 90.000 	 64.675
FHW12026	388.125 	 90.461 	 64.459
FHW12026	388.250 	 90.000 	 64.873
FHW12026	388.375 	 90.461 	 64.459
FHW12026	388.500 	 90.000 	 64.873
FHW12026	388.625 	 90.000 	 64.456
FHW12026	388.750 	 90.455 	 64.873
FHW12026	388.875 	 90.000 	 64.456
FHW12026	389.000 	 90.462 	 64.876
FHW12026	389.125 	 90.000 	 64.456
FHW12026	389.250 	 90.455 	 64.873
FHW12026	389.375 	 90.000 	 64.459
FHW12026	389.500 	 90.462 	 64.870
FHW12026	389.625 	 90.000 	 64.459
FHW12026	389.750 	 90.455 	 64.870
FHW12026	389.875 	 90.000 	 64.462
FHW12026	390.000 	 90.461 	 64.456
FHW12026	390.125 	 90.000 	 64.873
FHW12026	390.250 	 90.454 	 64.459
FHW12026	390.375 	 90.000 	 64.870
FHW12026	390.500 	 90.000 	 64.459
FHW12026	390.625 	 90.462 	 64.870
FHW12026	390.750 	 90.000 	 64.462
FHW12026	390.875 	 90.455 	 64.870
FHW12026	391.000 	 90.000 	 64.259
FHW12026	391.125 	 90.462 	 64.873
FHW12026	391.250 	 90.000 	 64.459
FHW12026	391.375 	 90.455 	 64.870
FHW12026	391.500 	 90.000 	 64.459
FHW12026	391.625 	 90.462 	 64.873
FHW12026	391.750 	 90.000 	 64.459
FHW12026	391.875 	 90.462 	 64.870
FHW12026	392.000 	 90.000 	 64.459
FHW12026	392.125 	 90.454 	 64.459
FHW12026	392.250 	 90.000 	 64.870
FHW12026	392.375 	 90.461 	 64.459
FHW12026	392.500 	 90.000 	 64.873
FHW12026	392.625 	 90.000 	 64.459
FHW12026	392.750 	 90.455 	 64.870
FHW12026	392.875 	 90.000 	 64.459
FHW12026	393.000 	 90.462 	 64.870
FHW12026	393.125 	 90.000 	 64.459
FHW12026	393.250 	 90.455 	 64.873
FHW12026	393.375 	 90.000 	 64.459
FHW12026	393.500 	 90.462 	 64.873
FHW12026	393.625 	 90.000 	 64.456
FHW12026	393.750 	 90.455 	 64.873
FHW12026	393.875 	 90.000 	 64.456
FHW12026	394.000 	 90.466 	 64.675
FHW12026	394.125 	 90.000 	 64.459
FHW12026	394.250 	 90.455 	 64.876
FHW12026	394.375 	 90.000 	 64.456
FHW12026	394.500 	 90.461 	 64.459
FHW12026	394.625 	 90.000 	 64.870
FHW12026	394.750 	 90.000 	 64.459
FHW12026	394.875 	 90.455 	 64.870
FHW12026	395.000 	 90.000 	 64.459
FHW12026	395.125 	 90.462 	 64.876
FHW12026	395.250 	 90.000 	 64.456
FHW12026	395.375 	 90.462 	 64.873
FHW12026	395.500 	 90.000 	 64.456
FHW12026	395.625 	 90.455 	 64.873
FHW12026	395.750 	 90.000 	 64.456
FHW12026	395.875 	 90.462 	 64.876
FHW12026	396.000 	 90.000 	 64.459
FHW12026	396.125 	 90.455 	 64.870
FHW12026	396.250 	 90.000 	 64.459
FHW12026	396.375 	 90.462 	 64.870
FHW12026	396.500 	 90.000 	 64.459
FHW12026	396.625 	 90.000 	 64.456
FHW12026	396.750 	 90.455 	 64.876
FHW12026	396.875 	 90.000 	 64.259
FHW12026	397.000 	 90.462 	 64.873
FHW12026	397.125 	 90.000 	 64.456
FHW12026	397.250 	 90.455 	 64.873
FHW12026	397.375 	 90.000 	 64.456
FHW12026	397.500 	 90.462 	 64.873
FHW12026	397.625 	 90.000 	 64.459
FHW12026	397.750 	 90.455 	 64.873
FHW12026	397.875 	 90.000 	 64.459
FHW12026	398.000 	 90.462 	 64.870
FHW12026	398.125 	 90.000 	 64.459
FHW12026	398.250 	 90.455 	 64.870
FHW12026	398.375 	 90.000 	 64.459
FHW12026	398.500 	 90.462 	 64.873
FHW12026	398.625 	 90.000 	 64.459
FHW12026	398.750 	 90.000 	 64.873
FHW12026	398.875 	 90.454 	 64.456
FHW12026	399.000 	 90.000 	 64.459
FHW12026	399.125 	 90.462 	 64.870
FHW12026	399.250 	 90.000 	 64.459
FHW12026	399.375 	 90.462 	 64.873
FHW12026	399.500 	 90.000 	 64.459
FHW12026	399.625 	 90.455 	 64.873
FHW12026	399.750 	 90.000 	 64.456
FHW12026	399.875 	 90.466 	 64.675
FHW12026	400.000 	 90.000 	 64.459
FHW12026	400.125 	 90.455 	 64.873
FHW12026	400.250 	 90.000 	 64.459
FHW12026	400.375 	 90.462 	 64.870
FHW12026	400.500 	 90.000 	 64.459
FHW12026	400.625 	 90.455 	 64.873
FHW12026	400.750 	 90.000 	 64.456
FHW12026	400.875 	 90.917 	 64.873
FHW12026	401.000 	 90.914 	 64.459
FHW12026	401.125 	 90.917 	 64.873
FHW12026	401.250 	 91.375 	 64.456
FHW12026	401.375 	 90.917 	 64.873
FHW12026	401.500 	 90.917 	 64.873
FHW12026	401.625 	 90.914 	 64.456
FHW12026	401.750 	 91.380 	 64.873
FHW12026	401.875 	 90.914 	 64.459
FHW12026	402.000 	 90.917 	 64.873
FHW12026	402.125 	 91.380 	 64.870
FHW12026	402.250 	 90.914 	 64.459
FHW12026	402.375 	 90.918 	 64.870
FHW12026	402.500 	 91.368 	 64.459
FHW12026	402.625 	 90.918 	 64.876
FHW12026	402.750 	 90.921 	 64.456
FHW12026	402.875 	 91.373 	 64.873
FHW12026	403.000 	 90.918 	 64.870
FHW12026	403.125 	 90.914 	 64.459
FHW12026	403.250 	 90.918 	 64.870
FHW12026	403.375 	 91.375 	 64.459
FHW12026	403.500 	 90.918 	 64.876
FHW12026	403.625 	 90.918 	 64.870
FHW12026	403.750 	 91.375 	 64.459
FHW12026	403.875 	 90.918 	 64.870
FHW12026	404.000 	 90.914 	 64.459
FHW12026	404.125 	 91.373 	 64.870
FHW12026	404.250 	 90.925 	 64.876
FHW12026	404.375 	 90.914 	 64.459
FHW12026	404.500 	 90.918 	 64.870
FHW12026	404.625 	 91.368 	 64.459
FHW12026	404.750 	 90.918 	 64.870
FHW12026	404.875 	 90.917 	 64.873
FHW12026	405.000 	 91.375 	 64.456
FHW12026	405.125 	 90.918 	 64.876
FHW12026	405.250 	 90.914 	 64.459
FHW12026	405.375 	 91.380 	 64.870
FHW12026	405.500 	 90.914 	 64.459
FHW12026	405.625 	 90.918 	 64.870
FHW12026	405.750 	 90.917 	 64.873
FHW12026	405.875 	 91.375 	 64.459
FHW12026	406.000 	 90.917 	 64.873
FHW12026	406.125 	 90.914 	 64.459
FHW12026	406.250 	 91.373 	 64.870
FHW12026	406.375 	 90.917 	 64.873
FHW12026	406.500 	 90.921 	 64.456
FHW12026	406.625 	 91.373 	 64.873
FHW12026	406.750 	 90.914 	 64.459
FHW12026	406.875 	 90.917 	 64.873
FHW12026	407.000 	 90.918 	 64.870
FHW12026	407.125 	 91.375 	 64.459
FHW12026	407.250 	 90.917 	 64.873
FHW12026	407.375 	 90.914 	 64.456
FHW12026	407.500 	 91.380 	 64.876
FHW12026	407.625 	 90.918 	 64.870
FHW12026	407.750 	 90.914 	 64.459
FHW12026	407.875 	 91.373 	 64.870
FHW12026	408.000 	 90.921 	 64.459
FHW12026	408.125 	 90.917 	 64.873
FHW12026	408.250 	 90.921 	 64.259
FHW12026	408.375 	 91.373 	 64.873
FHW12026	408.500 	 90.917 	 64.873
FHW12026	408.625 	 90.914 	 64.456
FHW12026	408.750 	 91.380 	 64.873
FHW12026	408.875 	 90.914 	 64.456
FHW12026	409.000 	 90.917 	 64.873
FHW12026	409.125 	 91.380 	 64.876
FHW12026	409.250 	 90.914 	 64.456
FHW12026	409.375 	 90.917 	 64.873
FHW12026	409.500 	 90.914 	 64.456
FHW12026	409.625 	 91.380 	 64.873
FHW12026	409.750 	 90.918 	 64.870
FHW12026	409.875 	 90.914 	 64.459
FHW12026	410.000 	 91.373 	 64.876
FHW12026	410.125 	 90.914 	 64.456
FHW12026	410.250 	 90.917 	 64.873
FHW12026	410.375 	 91.380 	 64.870
FHW12026	410.500 	 90.914 	 64.459
FHW12026	410.625 	 90.918 	 64.870
FHW12026	410.750 	 90.914 	 64.462
FHW12026	410.875 	 91.380 	 64.873
FHW12026	411.000 	 90.914 	 64.456
FHW12026	411.125 	 90.917 	 64.873
FHW12026	411.250 	 91.380 	 64.870
FHW12026	411.375 	 90.914 	 64.459
FHW12026	411.500 	 90.918 	 64.873
FHW12026	411.625 	 91.368 	 64.459
FHW12026	411.750 	 90.917 	 64.873
FHW12026	411.875 	 90.925 	 64.870
FHW12026	412.000 	 91.368 	 64.459
FHW12026	412.125 	 90.918 	 64.870
FHW12026	412.250 	 90.914 	 64.459
FHW12026	412.375 	 90.918 	 64.873
FHW12026	412.500 	 91.380 	 64.873
FHW12026	412.625 	 90.914 	 64.459
FHW12026	412.750 	 90.918 	 64.870
FHW12026	412.875 	 91.375 	 64.459
FHW12026	413.000 	 90.918 	 64.870
FHW12026	413.125 	 90.914 	 64.459
FHW12026	413.250 	 91.380 	 64.873
FHW12026	413.375 	 90.917 	 64.873
FHW12026	413.500 	 90.914 	 64.456
FHW12026	413.625 	 90.917 	 64.873
FHW12026	413.750 	 91.368 	 64.459
FHW12026	413.875 	 90.918 	 64.870
FHW12026	414.000 	 90.918 	 64.876
FHW12026	414.125 	 91.375 	 64.456
FHW12026	414.250 	 90.917 	 64.873
FHW12026	414.375 	 90.914 	 64.456
FHW12026	414.500 	 91.380 	 64.873
FHW12026	414.625 	 90.917 	 64.873
FHW12026	414.750 	 90.914 	 64.459
FHW12026	414.875 	 90.917 	 64.873
FHW12026	415.000 	 91.375 	 64.456
FHW12026	415.125 	 90.917 	 64.873
FHW12026	415.250 	 90.918 	 64.870
FHW12026	415.375 	 91.368 	 64.459
FHW12026	415.500 	 90.917 	 64.873
FHW12026	415.625 	 90.921 	 64.459
FHW12026	415.750 	 91.373 	 64.873
FHW12026	415.875 	 90.914 	 64.456
FHW12026	416.000 	 90.917 	 64.873
FHW12026	416.125 	 90.918 	 64.870
FHW12026	416.250 	 91.375 	 64.459
FHW12026	416.375 	 90.918 	 64.876
FHW12026	416.500 	 90.914 	 64.456
FHW12026	416.625 	 91.380 	 64.873
FHW12026	416.750 	 90.918 	 64.870
FHW12026	416.875 	 90.914 	 64.459
FHW12026	417.000 	 91.373 	 64.870
FHW12026	417.125 	 90.921 	 64.459
FHW12026	417.250 	 90.918 	 64.876
FHW12026	417.375 	 90.918 	 64.870
FHW12026	417.500 	 91.368 	 64.459
FHW12026	417.625 	 90.918 	 64.870
FHW12026	417.750 	 90.914 	 64.459
FHW12026	417.875 	 91.380 	 64.870
FHW12026	418.000 	 90.918 	 64.876
FHW12026	418.125 	 90.914 	 64.459
FHW12026	418.250 	 91.380 	 64.870
FHW12026	418.375 	 90.914 	 64.459
FHW12026	418.500 	 90.918 	 64.870
FHW12026	418.625 	 90.914 	 64.459
FHW12026	418.750 	 91.380 	 64.870
FHW12026	418.875 	 90.918 	 64.876
FHW12026	419.000 	 90.914 	 64.456
FHW12026	419.125 	 91.383 	 64.678
FHW12026	419.250 	 90.914 	 64.456
FHW12026	419.375 	 90.924 	 64.873
FHW12026	419.500 	 91.373 	 64.870
FHW12026	419.625 	 90.914 	 64.462
FHW12026	419.750 	 91.374 	 65.479
FHW12026	419.875 	 90.918 	 64.870
FHW12026	420.000 	 91.370 	 65.068
FHW12026	420.125 	 91.377 	 65.287
FHW12026	420.250 	 91.380 	 64.876
FHW12026	420.375 	 90.911 	 65.065
FHW12026	420.500 	 91.377 	 65.287
FHW12026	420.625 	 91.380 	 64.873
FHW12026	420.750 	 91.374 	 65.479
FHW12026	420.875 	 90.918 	 64.876
FHW12026	421.000 	 91.373 	 64.870
FHW12026	421.125 	 91.374 	 65.479
FHW12026	421.250 	 91.380 	 64.873
FHW12026	421.375 	 90.918 	 64.870
FHW12026	421.500 	 91.367 	 65.485
FHW12026	421.625 	 91.380 	 64.870
FHW12026	421.750 	 90.917 	 64.873
FHW12026	421.875 	 91.367 	 65.479
FHW12026	422.000 	 91.380 	 64.873
FHW12026	422.125 	 91.384 	 65.290
FHW12026	422.250 	 90.911 	 65.065
FHW12026	422.375 	 91.373 	 64.873
FHW12026	422.500 	 91.384 	 65.287
FHW12026	422.625 	 91.370 	 65.068
FHW12026	422.750 	 90.917 	 64.873
FHW12026	422.875 	 91.377 	 65.287
FHW12026	423.000 	 91.370 	 65.065
FHW12026	423.125 	 91.373 	 64.873
FHW12026	423.250 	 90.928 	 65.293
FHW12026	423.375 	 91.363 	 65.065
FHW12026	423.500 	 91.384 	 65.287
FHW12026	423.625 	 91.373 	 64.873
FHW12026	423.750 	 90.911 	 65.065
FHW12026	423.875 	 91.384 	 65.293
FHW12026	424.000 	 91.380 	 64.870
FHW12026	424.125 	 91.363 	 65.065
FHW12026	424.250 	 90.921 	 65.290
FHW12026	424.375 	 91.370 	 65.068
FHW12026	424.500 	 91.380 	 64.870
FHW12026	424.625 	 90.921 	 65.290
FHW12026	424.750 	 91.363 	 65.065
FHW12026	424.875 	 91.384 	 65.290
FHW12026	425.000 	 91.373 	 64.873
FHW12026	425.125 	 90.918 	 65.065
FHW12026	425.250 	 91.377 	 65.290
FHW12026	425.375 	 91.380 	 64.870
FHW12026	425.500 	 91.363 	 65.068
FHW12026	425.625 	 90.921 	 65.290
FHW12026	425.750 	 91.380 	 64.873
FHW12026	425.875 	 91.370 	 65.065
FHW12026	426.000 	 91.377 	 65.287
FHW12026	426.125 	 90.917 	 64.873
FHW12026	426.250 	 91.374 	 65.482
FHW12026	426.375 	 91.380 	 64.873
FHW12026	426.500 	 91.373 	 64.873
FHW12026	426.625 	 90.914 	 65.476
FHW12026	426.750 	 91.380 	 64.876
FHW12026	426.875 	 91.373 	 64.873
FHW12026	427.000 	 90.921 	 65.476
FHW12026	427.125 	 91.373 	 64.873
FHW12026	427.250 	 91.384 	 65.290
FHW12026	427.375 	 91.363 	 65.065
FHW12026	427.500 	 90.917 	 64.873
FHW12026	427.625 	 91.384 	 65.290
FHW12026	427.750 	 91.370 	 65.068
FHW12026	427.875 	 91.373 	 64.867
FHW12026	428.000 	 90.921 	 65.293
FHW12026	428.125 	 91.370 	 65.068
FHW12026	428.250 	 91.380 	 64.867
FHW12026	428.375 	 91.377 	 65.290
FHW12026	428.500 	 90.911 	 65.068
FHW12026	428.625 	 91.384 	 65.293
FHW12026	428.750 	 91.363 	 65.062
FHW12026	428.875 	 91.380 	 64.873
FHW12026	429.000 	 90.921 	 65.290
FHW12026	429.125 	 91.370 	 65.065
FHW12026	429.250 	 91.373 	 64.873
FHW12026	429.375 	 90.921 	 65.290
FHW12026	429.500 	 91.370 	 65.062
FHW12026	429.625 	 91.380 	 64.873
FHW12026	429.750 	 91.377 	 65.293
FHW12026	429.875 	 90.911 	 65.062
FHW12026	430.000 	 91.384 	 65.290
FHW12026	430.125 	 91.373 	 64.873
FHW12026	430.250 	 91.370 	 65.068
FHW12026	430.375 	 90.921 	 65.287
FHW12026	430.500 	 91.380 	 64.873
FHW12026	430.625 	 91.363 	 65.068
FHW12026	430.750 	 91.385 	 65.284
FHW12026	430.875 	 90.917 	 64.873
FHW12026	431.000 	 91.370 	 65.071
FHW12026	431.125 	 91.377 	 65.290
FHW12026	431.250 	 91.380 	 64.867
FHW12026	431.375 	 90.914 	 65.482
FHW12026	431.500 	 91.380 	 64.876
FHW12026	431.625 	 91.373 	 64.873
FHW12026	431.750 	 91.374 	 65.476
FHW12026	431.875 	 90.917 	 64.873
FHW12026	432.000 	 91.373 	 64.873
FHW12026	432.125 	 91.374 	 65.480
FHW12026	432.250 	 90.917 	 64.873
FHW12026	432.375 	 91.380 	 64.873
FHW12026	432.500 	 91.367 	 65.476
FHW12026	432.625 	 91.380 	 64.873
FHW12026	432.750 	 90.921 	 65.293
FHW12026	432.875 	 91.370 	 65.062
FHW12026	433.000 	 91.373 	 64.873
FHW12026	433.125 	 91.384 	 65.290
FHW12026	433.250 	 90.911 	 65.068
FHW12026	433.375 	 91.380 	 64.870
FHW12026	433.500 	 91.367 	 65.482
FHW12026	433.625 	 91.380 	 64.873
FHW12026	433.750 	 90.918 	 64.867
FHW12026	433.875 	 91.367 	 65.485
FHW12026	434.000 	 91.380 	 64.873
FHW12026	434.125 	 91.384 	 65.290
FHW12026	434.250 	 90.911 	 65.062
FHW12026	434.375 	 91.373 	 64.873
FHW12026	434.500 	 91.384 	 65.293
FHW12026	434.625 	 91.370 	 65.062
FHW12026	434.750 	 90.917 	 64.873
FHW12026	434.875 	 91.377 	 65.290
FHW12026	435.000 	 91.370 	 65.062
FHW12026	435.125 	 90.918 	 64.876
FHW12026	435.250 	 91.384 	 65.290
FHW12026	435.375 	 91.363 	 65.062
FHW12026	435.500 	 91.384 	 65.290
FHW12026	435.625 	 90.917 	 64.873
FHW12026	435.750 	 91.363 	 65.071
FHW12026	435.875 	 91.385 	 65.284
FHW12026	436.000 	 91.380 	 64.873
FHW12026	436.125 	 90.911 	 65.068
FHW12026	436.250 	 91.378 	 65.287
FHW12026	436.375 	 91.380 	 64.873
FHW12026	436.500 	 91.370 	 65.068
FHW12026	436.625 	 90.921 	 65.290
FHW12026	436.750 	 91.373 	 64.867
FHW12026	436.875 	 91.374 	 65.485
FHW12026	437.000 	 91.373 	 64.873
FHW12026	437.125 	 90.924 	 64.873
FHW12026	437.250 	 91.367 	 65.476
FHW12026	437.375 	 91.380 	 64.873
FHW12026	437.500 	 90.918 	 64.876
FHW12026	437.625 	 91.367 	 65.476
FHW12026	437.750 	 91.380 	 64.873
FHW12026	437.875 	 91.370 	 65.068
FHW12026	438.000 	 90.921 	 65.284
FHW12026	438.125 	 91.373 	 64.876
FHW12026	438.250 	 91.374 	 65.482
FHW12026	438.375 	 91.380 	 64.867
FHW12026	438.500 	 90.917 	 64.873
FHW12026	438.625 	 90.917 	 64.873
FHW12026	438.750 	 90.452 	 65.071
FHW12026	438.875 	 90.918 	 64.867
FHW12026	439.000 	 90.917 	 64.873
FHW12026	439.125 	 90.917 	 64.873
FHW12026	439.250 	 90.462 	 64.873
FHW12026	439.375 	 90.911 	 65.065
FHW12026	439.500 	 90.917 	 64.873
FHW12026	439.625 	 90.462 	 64.873
FHW12026	439.750 	 90.917 	 64.873
FHW12026	439.875 	 90.918 	 64.867
FHW12026	440.000 	 90.911 	 65.068
FHW12026	440.125 	 90.455 	 64.876
FHW12026	440.250 	 90.921 	 65.284
FHW12026	440.375 	 90.924 	 64.873
FHW12026	440.500 	 90.455 	 64.873
FHW12026	440.625 	 90.911 	 65.068
FHW12026	440.750 	 90.918 	 64.870
FHW12026	440.875 	 90.917 	 64.873
FHW12026	441.000 	 90.462 	 64.873
FHW12026	441.125 	 90.911 	 65.068
FHW12026	441.250 	 90.918 	 64.867
FHW12026	441.375 	 90.918 	 64.876
FHW12026	441.500 	 90.462 	 64.873
FHW12026	441.625 	 90.917 	 64.873
FHW12026	441.750 	 90.911 	 65.062
FHW12026	441.875 	 90.455 	 64.873
FHW12026	442.000 	 90.918 	 64.876
FHW12026	442.125 	 90.917 	 64.873
FHW12026	442.250 	 90.918 	 64.867
FHW12026	442.375 	 90.459 	 65.068
FHW12026	442.500 	 90.917 	 64.873
FHW12026	442.625 	 90.918 	 64.867
FHW12026	442.750 	 90.918 	 64.876
FHW12026	442.875 	 90.462 	 64.873
FHW12026	443.000 	 90.911 	 65.068
FHW12026	443.125 	 90.918 	 64.867
FHW12026	443.250 	 90.455 	 64.873
FHW12026	443.375 	 90.918 	 64.876
FHW12026	443.500 	 90.924 	 64.873
FHW12026	443.625 	 90.911 	 65.062
FHW12026	443.750 	 90.455 	 64.873
FHW12026	443.875 	 90.917 	 64.873
FHW12026	444.000 	 90.917 	 64.873
FHW12026	444.125 	 90.459 	 65.065
FHW12026	444.250 	 90.917 	 64.873
FHW12026	444.375 	 90.921 	 65.290
FHW12026	444.500 	 90.917 	 64.873
FHW12026	444.625 	 90.462 	 64.867
FHW12026	444.750 	 90.911 	 65.071
FHW12026	444.875 	 90.917 	 64.873
FHW12026	445.000 	 90.918 	 64.867
FHW12026	445.125 	 90.455 	 64.873
FHW12026	445.250 	 90.917 	 64.873
FHW12026	445.375 	 90.918 	 65.071
FHW12026	445.500 	 90.455 	 64.867
FHW12026	445.625 	 90.917 	 64.873
FHW12026	445.750 	 90.917 	 64.873
FHW12026	445.875 	 90.917 	 64.873
FHW12026	446.000 	 90.459 	 65.062
FHW12026	446.125 	 90.918 	 64.876
FHW12026	446.250 	 90.917 	 64.873
FHW12026	446.375 	 90.455 	 64.873
FHW12026	446.500 	 90.925 	 64.867
FHW12026	446.625 	 90.911 	 65.068
FHW12026	446.750 	 90.918 	 64.876
FHW12026	446.875 	 90.455 	 64.867
FHW12026	447.000 	 90.917 	 64.873
FHW12026	447.125 	 90.917 	 64.873
FHW12026	447.250 	 90.911 	 65.068
FHW12026	447.375 	 90.462 	 64.867
FHW12026	447.500 	 90.918 	 64.876
FHW12026	447.625 	 90.917 	 64.873
FHW12026	447.750 	 90.459 	 65.068
FHW12026	447.875 	 90.918 	 64.867
FHW12026	448.000 	 90.917 	 64.873
FHW12026	448.125 	 90.918 	 64.876
FHW12026	448.250 	 90.455 	 64.873
FHW12026	448.375 	 90.911 	 65.062
FHW12026	448.500 	 90.928 	 65.290
FHW12026	448.625 	 90.917 	 64.873
FHW12026	448.750 	 90.455 	 64.876
FHW12026	448.875 	 90.918 	 64.867
FHW12026	449.000 	 90.911 	 65.068
FHW12026	449.125 	 90.462 	 64.873
FHW12026	449.250 	 90.918 	 64.867
FHW12026	449.375 	 90.918 	 64.876
FHW12026	449.500 	 90.917 	 64.873
FHW12026	449.625 	 90.459 	 65.068
FHW12026	449.750 	 90.918 	 64.867
FHW12026	449.875 	 90.917 	 64.873
FHW12026	450.000 	 90.455 	 64.873
FHW12026	450.125 	 90.918 	 64.876
FHW12026	450.250 	 90.911 	 65.062
FHW12026	450.375 	 90.917 	 64.873
FHW12026	450.500 	 90.462 	 64.873
FHW12026	450.625 	 90.917 	 64.873
FHW12026	450.750 	 90.911 	 65.065
FHW12026	450.875 	 90.917 	 64.873
FHW12026	451.000 	 90.462 	 64.873
FHW12026	451.125 	 90.917 	 64.873
FHW12026	451.250 	 90.918 	 64.867
FHW12026	451.375 	 90.452 	 65.068
FHW12026	451.500 	 90.925 	 64.876
FHW12026	451.625 	 90.918 	 64.867
FHW12026	451.750 	 90.917 	 64.873
FHW12026	451.875 	 90.455 	 64.873
FHW12026	452.000 	 90.911 	 65.068
FHW12026	452.125 	 90.918 	 64.870
FHW12026	452.250 	 90.917 	 64.873
FHW12026	452.375 	 90.462 	 64.873
FHW12026	452.500 	 90.917 	 64.873
FHW12026	452.625 	 90.911 	 65.062
FHW12026	452.750 	 90.464 	 65.293
FHW12026	452.875 	 90.917 	 64.873
FHW12026	453.000 	 90.917 	 64.873
FHW12026	453.125 	 90.918 	 64.867
FHW12026	453.250 	 90.452 	 65.068
FHW12026	453.375 	 90.917 	 64.873
FHW12026	453.500 	 90.925 	 64.870
FHW12026	453.625 	 90.455 	 64.873
FHW12026	453.750 	 90.917 	 64.873
FHW12026	453.875 	 90.911 	 65.068
FHW12026	454.000 	 90.918 	 64.867
FHW12026	454.125 	 90.462 	 64.876
FHW12026	454.250 	 90.917 	 64.873
FHW12026	454.375 	 90.917 	 64.873
FHW12026	454.500 	 90.911 	 65.062
FHW12026	454.625 	 90.462 	 64.873
FHW12026	454.750 	 90.917 	 64.873
FHW12026	454.875 	 90.918 	 64.876
FHW12026	455.000 	 90.452 	 65.062
FHW12026	455.125 	 90.917 	 64.873
FHW12026	455.250 	 90.917 	 64.873
FHW12026	455.375 	 90.917 	 64.873
FHW12026	455.500 	 90.462 	 64.870
FHW12026	455.625 	 90.911 	 65.068
FHW12026	455.750 	 90.917 	 64.873
FHW12026	455.875 	 90.918 	 64.867
FHW12026	456.000 	 90.462 	 64.876
FHW12026	456.125 	 90.917 	 64.870
FHW12026	456.250 	 90.911 	 65.071
FHW12026	456.375 	 90.455 	 64.864
FHW12026	456.500 	 90.925 	 64.876
FHW12026	456.625 	 90.918 	 64.876
FHW12026	456.750 	 90.917 	 64.870
FHW12026	456.875 	 90.454 	 65.476
FHW12026	457.000 	 90.918 	 64.876
FHW12026	457.125 	 90.918 	 64.876
FHW12026	457.250 	 90.462 	 64.870
FHW12026	457.375 	 90.452 	 65.065
FHW12026	457.500 	 89.543 	 65.290
FHW12026	457.625 	 90.000 	 65.482
FHW12026	457.750 	 90.000 	 65.476
FHW12026	457.875 	 90.000 	 65.290
FHW12026	458.000 	 89.539 	 65.476
FHW12026	458.125 	 90.000 	 64.876
FHW12026	458.250 	 90.000 	 65.482
FHW12026	458.375 	 90.000 	 65.476
FHW12026	458.500 	 89.543 	 65.290
FHW12026	458.625 	 90.000 	 65.482
FHW12026	458.750 	 90.000 	 65.290
FHW12026	458.875 	 90.000 	 65.482
FHW12026	459.000 	 89.538 	 64.870
FHW12026	459.125 	 90.000 	 65.476
FHW12026	459.250 	 90.000 	 65.488
FHW12026	459.375 	 90.000 	 65.290
FHW12026	459.500 	 89.546 	 65.476
FHW12026	459.625 	 90.000 	 65.290
FHW12026	459.750 	 90.000 	 65.071
FHW12026	459.875 	 90.000 	 65.476
FHW12026	460.000 	 89.536 	 65.290
FHW12026	460.125 	 90.000 	 65.476
FHW12026	460.250 	 90.000 	 65.290
FHW12026	460.375 	 90.000 	 65.482
FHW12026	460.500 	 89.546 	 65.476
FHW12026	460.625 	 90.000 	 64.876
FHW12026	460.750 	 90.000 	 65.482
FHW12026	460.875 	 90.000 	 65.284
FHW12026	461.000 	 89.540 	 65.482
FHW12026	461.125 	 90.000 	 65.482
FHW12026	461.250 	 90.000 	 65.290
FHW12026	461.375 	 90.000 	 65.482
FHW12026	461.500 	 89.545 	 64.870
FHW12026	461.625 	 90.000 	 65.476
FHW12026	461.750 	 90.000 	 65.488
FHW12026	461.875 	 90.000 	 65.290
FHW12026	462.000 	 89.539 	 65.476
FHW12026	462.125 	 90.000 	 65.290
FHW12026	462.250 	 90.000 	 65.059
FHW12026	462.375 	 90.000 	 65.296
FHW12026	462.500 	 89.547 	 65.482
FHW12026	462.625 	 90.000 	 65.476
FHW12026	462.750 	 90.000 	 65.290
FHW12026	462.875 	 90.000 	 65.482
FHW12026	463.000 	 89.536 	 65.284
FHW12026	463.125 	 90.000 	 65.071
FHW12026	463.250 	 90.000 	 65.482
FHW12026	463.375 	 90.000 	 65.284
FHW12026	463.500 	 89.540 	 65.482
FHW12026	463.625 	 90.000 	 65.290
FHW12026	463.750 	 90.000 	 65.476
FHW12026	463.875 	 90.000 	 65.488
FHW12026	464.000 	 89.545 	 64.870
FHW12026	464.125 	 90.000 	 65.476
FHW12026	464.250 	 90.000 	 65.290
FHW12026	464.375 	 90.000 	 65.483
FHW12026	464.500 	 89.540 	 65.482
FHW12026	464.625 	 90.000 	 65.290
FHW12026	464.750 	 90.000 	 65.059
FHW12026	464.875 	 90.000 	 65.296
FHW12026	465.000 	 89.547 	 65.482
FHW12026	465.125 	 90.000 	 65.284
FHW12026	465.250 	 90.000 	 65.482
FHW12026	465.375 	 90.000 	 65.482
FHW12026	465.500 	 89.536 	 65.284
FHW12026	465.625 	 90.000 	 65.071
FHW12026	465.750 	 90.000 	 65.290
FHW12026	465.875 	 90.000 	 65.476
FHW12026	466.000 	 89.547 	 65.482
FHW12026	466.125 	 90.000 	 65.290
FHW12026	466.250 	 90.000 	 65.476
FHW12026	466.375 	 90.000 	 65.296
FHW12026	466.500 	 89.541 	 65.059
FHW12026	466.625 	 90.000 	 65.482
FHW12026	466.750 	 90.000 	 65.290
FHW12026	466.875 	 89.546 	 65.483
FHW12026	467.000 	 90.000 	 65.290
FHW12026	467.125 	 90.000 	 65.482
FHW12026	467.250 	 90.000 	 65.059
FHW12026	467.375 	 90.000 	 65.296
FHW12026	467.500 	 89.540 	 65.482
FHW12026	467.625 	 90.000 	 65.284
FHW12026	467.750 	 90.000 	 65.482
FHW12026	467.875 	 89.543 	 65.290
FHW12026	468.000 	 90.000 	 65.476
FHW12026	468.125 	 90.000 	 65.071
FHW12026	468.250 	 90.000 	 65.290
FHW12026	468.375 	 89.539 	 65.476
FHW12026	468.500 	 90.000 	 65.290
FHW12026	468.625 	 90.000 	 65.476
FHW12026	468.750 	 90.000 	 65.482
FHW12026	468.875 	 89.543 	 65.296
FHW12026	469.000 	 90.000 	 65.059
FHW12026	469.125 	 90.000 	 65.290
FHW12026	469.250 	 90.000 	 65.482
FHW12026	469.375 	 89.539 	 65.476
FHW12026	469.500 	 90.000 	 65.296
FHW12026	469.625 	 90.000 	 65.482
FHW12026	469.750 	 90.000 	 64.864
FHW12026	469.875 	 89.540 	 65.482
FHW12026	470.000 	 90.000 	 65.483
FHW12026	470.125 	 90.000 	 65.290
FHW12026	470.250 	 90.000 	 65.482
FHW12026	470.375 	 89.543 	 65.290
FHW12026	470.500 	 90.000 	 65.476
FHW12026	470.625 	 90.000 	 64.876
FHW12026	470.750 	 90.000 	 65.476
FHW12026	470.875 	 89.540 	 65.482
FHW12026	471.000 	 90.000 	 65.290
FHW12026	471.125 	 90.000 	 65.476
FHW12026	471.250 	 90.000 	 65.290
FHW12026	471.375 	 89.547 	 65.482
FHW12026	471.500 	 90.000 	 65.065
FHW12026	471.625 	 90.000 	 65.290
FHW12026	471.750 	 90.000 	 65.482
FHW12026	471.875 	 89.536 	 65.284
FHW12026	472.000 	 90.000 	 65.488
FHW12026	472.125 	 90.000 	 65.476
FHW12026	472.250 	 90.000 	 64.870
FHW12026	472.375 	 89.547 	 65.482
FHW12026	472.500 	 90.000 	 65.296
FHW12026	472.625 	 90.000 	 65.476
FHW12026	472.750 	 90.000 	 65.482
FHW12026	472.875 	 89.536 	 65.284
FHW12026	473.000 	 90.000 	 65.482
FHW12026	473.125 	 90.000 	 64.876
FHW12026	473.250 	 90.000 	 65.476
FHW12026	473.375 	 89.543 	 65.290
FHW12026	473.500 	 90.000 	 65.482
FHW12026	473.625 	 90.000 	 65.476
FHW12026	473.750 	 90.000 	 65.290
FHW12026	473.875 	 89.540 	 65.482
FHW12026	474.000 	 90.000 	 64.870
FHW12026	474.125 	 90.000 	 65.482
FHW12026	474.250 	 90.000 	 65.476
FHW12026	474.375 	 89.543 	 65.290
FHW12026	474.500 	 90.000 	 65.488
FHW12026	474.625 	 90.000 	 65.290
FHW12026	474.750 	 90.000 	 65.059
FHW12026	474.875 	 89.540 	 65.482
FHW12026	475.000 	 90.000 	 65.290
FHW12026	475.125 	 90.000 	 65.482
FHW12026	475.250 	 90.000 	 65.290
FHW12026	475.375 	 89.546 	 65.476
FHW12026	475.500 	 90.000 	 65.482
FHW12026	475.625 	 90.000 	 64.876
FHW12026	475.750 	 90.000 	 65.476
FHW12026	475.875 	 89.536 	 65.290
FHW12026	476.000 	 89.545 	 65.902
FHW12026	476.125 	 89.538 	 65.890
FHW12026	476.250 	 89.090 	 66.084
FHW12026	476.375 	 89.538 	 65.902
FHW12026	476.500 	 89.080 	 66.319
FHW12026	476.625 	 89.083 	 65.890
FHW12026	476.750 	 89.545 	 65.902
FHW12026	476.875 	 89.090 	 66.084
FHW12026	477.000 	 89.538 	 65.896
FHW12026	477.125 	 89.080 	 66.320
FHW12026	477.250 	 89.083 	 65.896
FHW12026	477.375 	 89.541 	 66.084
FHW12026	477.500 	 89.083 	 65.902
FHW12026	477.625 	 89.083 	 65.890
FHW12026	477.750 	 89.544 	 66.319
FHW12026	477.875 	 89.083 	 65.897
FHW12026	478.000 	 89.541 	 66.084
FHW12026	478.125 	 89.083 	 65.896
FHW12026	478.250 	 89.080 	 66.326
FHW12026	478.375 	 89.538 	 65.890
FHW12026	478.500 	 89.083 	 65.902
FHW12026	478.625 	 89.548 	 66.084
FHW12026	478.750 	 89.083 	 65.896
FHW12026	478.875 	 89.080 	 66.314
FHW12026	479.000 	 89.538 	 65.902
FHW12026	479.125 	 89.083 	 65.897
FHW12026	479.250 	 89.090 	 66.083
FHW12026	479.375 	 89.538 	 65.897
FHW12026	479.500 	 89.080 	 66.319
FHW12026	479.625 	 89.545 	 65.897
FHW12026	479.750 	 89.083 	 65.902
FHW12026	479.875 	 89.090 	 66.078
FHW12026	480.000 	 89.537 	 66.326
FHW12026	480.125 	 89.083 	 65.890
FHW12026	480.250 	 89.545 	 65.902
FHW12026	480.375 	 89.076 	 65.897
FHW12026	480.500 	 89.090 	 66.083
FHW12026	480.625 	 89.543 	 66.314
FHW12026	480.750 	 89.083 	 65.902
FHW12026	480.875 	 89.083 	 65.897
FHW12026	481.000 	 89.538 	 65.896
FHW12026	481.125 	 89.090 	 66.084
FHW12026	481.250 	 89.544 	 66.319
FHW12026	481.375 	 89.083 	 65.897
FHW12026	481.500 	 89.076 	 65.902
FHW12026	481.625 	 89.545 	 65.890
FHW12026	481.750 	 89.090 	 66.090
FHW12026	481.875 	 89.536 	 66.314
FHW12026	482.000 	 89.083 	 65.902
FHW12026	482.125 	 89.083 	 65.890
FHW12026	482.250 	 89.548 	 66.090
FHW12026	482.375 	 89.080 	 66.314
FHW12026	482.500 	 89.076 	 65.902
FHW12026	482.625 	 89.545 	 65.897
FHW12026	482.750 	 89.083 	 65.896
FHW12026	482.875 	 89.541 	 66.084
FHW12026	483.000 	 89.080 	 66.319
FHW12026	483.125 	 89.083 	 65.897
FHW12026	483.250 	 89.545 	 65.896
FHW12026	483.375 	 89.083 	 65.897
FHW12026	483.500 	 89.541 	 66.090
FHW12026	483.625 	 89.080 	 66.314
FHW12026	483.750 	 89.083 	 65.902
FHW12026	483.875 	 89.538 	 65.890
FHW12026	484.000 	 89.083 	 65.902
FHW12026	484.125 	 89.547 	 66.498
FHW12026	484.250 	 89.083 	 65.902
FHW12026	484.375 	 89.083 	 65.897
FHW12026	484.500 	 89.538 	 65.896
FHW12026	484.625 	 89.083 	 65.897
FHW12026	484.750 	 89.087 	 66.504
FHW12026	484.875 	 89.538 	 65.897
FHW12026	485.000 	 89.083 	 65.896
FHW12026	485.125 	 89.545 	 65.897
FHW12026	485.250 	 89.083 	 65.902
FHW12026	485.375 	 89.087 	 66.498
FHW12026	485.500 	 89.538 	 65.902
FHW12026	485.625 	 89.083 	 65.890
FHW12026	485.750 	 89.545 	 65.902
FHW12026	485.875 	 89.076 	 65.897
FHW12026	486.000 	 89.087 	 66.504
FHW12026	486.125 	 89.545 	 65.890
FHW12026	486.250 	 89.083 	 65.902
FHW12026	486.375 	 89.083 	 65.897
FHW12026	486.500 	 89.537 	 66.319
FHW12026	486.625 	 89.090 	 66.084
FHW12026	486.750 	 89.545 	 65.896
FHW12026	486.875 	 89.076 	 65.897
FHW12026	487.000 	 89.083 	 65.902
FHW12026	487.125 	 89.547 	 66.498
FHW12026	487.250 	 89.083 	 65.896
FHW12026	487.375 	 89.538 	 65.897
FHW12026	487.500 	 89.083 	 65.902
FHW12026	487.625 	 89.083 	 65.896
FHW12026	487.750 	 89.547 	 66.505
FHW12026	487.875 	 89.076 	 65.890
FHW12026	488.000 	 90.000 	 65.902
FHW12026	488.125 	 89.545 	 65.897
FHW12026	488.250 	 90.000 	 65.896
FHW12026	488.375 	 89.538 	 65.902
FHW12026	488.500 	 90.000 	 65.897
FHW12026	488.625 	 89.545 	 65.896
FHW12026	488.750 	 90.000 	 65.897
FHW12026	488.875 	 89.543 	 65.672
FHW12026	489.000 	 90.000 	 65.897
FHW12026	489.125 	 89.545 	 65.896
FHW12026	489.250 	 90.000 	 65.897
FHW12026	489.375 	 89.538 	 65.902
FHW12026	489.500 	 90.000 	 65.890
FHW12026	489.625 	 89.545 	 65.902
FHW12026	489.750 	 90.000 	 65.897
FHW12026	489.875 	 89.538 	 65.896
FHW12026	490.000 	 90.000 	 65.902
FHW12026	490.125 	 89.548 	 66.084
FHW12026	490.250 	 90.000 	 65.890
FHW12026	490.375 	 89.538 	 65.902
FHW12026	490.500 	 90.000 	 65.902
FHW12026	490.625 	 89.545 	 65.890
FHW12026	490.750 	 90.000 	 65.902
FHW12026	490.875 	 89.538 	 65.897
FHW12026	491.000 	 90.000 	 65.896
FHW12026	491.125 	 89.545 	 65.897
FHW12026	491.250 	 90.000 	 65.902
FHW12026	491.375 	 89.541 	 66.078
FHW12026	491.500 	 90.000 	 65.902
FHW12026	491.625 	 89.538 	 65.897
FHW12026	491.750 	 90.000 	 65.896
FHW12026	491.875 	 89.545 	 65.897
FHW12026	492.000 	 90.000 	 65.482
FHW12026	492.125 	 89.538 	 65.897
FHW12026	492.250 	 90.000 	 65.896
FHW12026	492.375 	 89.545 	 65.902
FHW12026	492.500 	 90.000 	 66.084
FHW12026	492.625 	 89.538 	 65.890
FHW12026	492.750 	 90.000 	 65.902
FHW12026	492.875 	 89.545 	 65.902
FHW12026	493.000 	 90.000 	 65.890
FHW12026	493.125 	 89.538 	 65.902
FHW12026	493.250 	 90.000 	 65.897
FHW12026	493.375 	 89.545 	 65.896
FHW12026	493.500 	 90.000 	 65.897
FHW12026	493.625 	 89.538 	 65.902
FHW12026	493.750 	 90.000 	 66.078
FHW12026	493.875 	 89.545 	 65.902
FHW12026	494.000 	 90.000 	 65.897
FHW12026	494.125 	 89.538 	 65.896
FHW12026	494.250 	 90.000 	 65.897
FHW12026	494.375 	 89.545 	 65.902
FHW12026	494.500 	 90.000 	 65.890
FHW12026	494.625 	 89.538 	 65.902
FHW12026	494.750 	 90.000 	 65.902
FHW12026	494.875 	 89.538 	 65.890
FHW12026	495.000 	 90.000 	 65.672
