#WellName	 Depth.M	 INCL	 AZIM 
WellName	 Depth.M	 INCL	 AZIM 
FHW12125	0.000 	 0.000 	 0.000
FHW12125	0.125 	 0.000 	 90.000
FHW12125	0.250 	 0.000 	 90.000
FHW12125	0.375 	 0.458 	 0.000
FHW12125	0.500 	 0.458 	 90.000
FHW12125	0.625 	 0.000 	 90.000
FHW12125	0.750 	 0.000 	 90.000
FHW12125	0.875 	 0.458 	 0.000
FHW12125	1.000 	 0.000 	 90.000
FHW12125	1.125 	 0.000 	 90.000
FHW12125	1.250 	 0.000 	 90.000
FHW12125	1.375 	 0.458 	 0.000
FHW12125	1.500 	 0.458 	 90.000
FHW12125	1.625 	 0.000 	 90.000
FHW12125	1.750 	 0.000 	 90.000
FHW12125	1.875 	 0.458 	 0.000
FHW12125	2.000 	 0.000 	 90.000
FHW12125	2.125 	 0.000 	 90.000
FHW12125	2.250 	 0.000 	 90.000
FHW12125	2.375 	 0.648 	 45.000
FHW12125	2.500 	 0.000 	 90.000
FHW12125	2.625 	 0.000 	 90.000
FHW12125	2.750 	 0.000 	 90.000
FHW12125	2.875 	 0.458 	 0.000
FHW12125	3.000 	 0.000 	 90.000
FHW12125	3.125 	 0.000 	 90.000
FHW12125	3.250 	 0.000 	 90.000
FHW12125	3.375 	 0.648 	 45.000
FHW12125	3.500 	 0.000 	 90.000
FHW12125	3.625 	 0.000 	 90.000
FHW12125	3.750 	 0.000 	 90.000
FHW12125	3.875 	 0.000 	 90.000
FHW12125	4.000 	 0.458 	 0.000
FHW12125	4.125 	 0.000 	 90.000
FHW12125	4.250 	 0.000 	 90.000
FHW12125	4.375 	 0.458 	 90.000
FHW12125	4.500 	 0.458 	 0.000
FHW12125	4.625 	 0.000 	 90.000
FHW12125	4.750 	 0.000 	 90.000
FHW12125	4.875 	 0.000 	 90.000
FHW12125	5.000 	 0.458 	 0.000
FHW12125	5.125 	 0.000 	 90.000
FHW12125	5.250 	 0.458 	 90.000
FHW12125	5.375 	 0.000 	 90.000
FHW12125	5.500 	 0.458 	 0.000
FHW12125	5.625 	 0.000 	 90.000
FHW12125	5.750 	 0.000 	 90.000
FHW12125	5.875 	 0.000 	 90.000
FHW12125	6.000 	 0.458 	 0.000
FHW12125	6.125 	 0.000 	 90.000
FHW12125	6.250 	 0.458 	 90.000
FHW12125	6.375 	 0.000 	 90.000
FHW12125	6.500 	 0.458 	 0.000
FHW12125	6.625 	 0.000 	 90.000
FHW12125	6.750 	 0.000 	 90.000
FHW12125	6.875 	 0.000 	 90.000
FHW12125	7.000 	 0.458 	 0.000
FHW12125	7.125 	 0.458 	 90.000
FHW12125	7.250 	 0.000 	 90.000
FHW12125	7.375 	 0.000 	 90.000
FHW12125	7.500 	 0.000 	 90.000
FHW12125	7.625 	 0.458 	 0.000
FHW12125	7.750 	 0.000 	 90.000
FHW12125	7.875 	 0.000 	 90.000
FHW12125	8.000 	 0.000 	 90.000
FHW12125	8.125 	 0.648 	 45.000
FHW12125	8.250 	 0.000 	 90.000
FHW12125	8.375 	 0.000 	 90.000
FHW12125	8.500 	 0.000 	 90.000
FHW12125	8.625 	 0.458 	 0.000
FHW12125	8.750 	 0.000 	 90.000
FHW12125	8.875 	 0.000 	 90.000
FHW12125	9.000 	 0.000 	 90.000
FHW12125	9.125 	 0.648 	 45.000
FHW12125	9.250 	 0.000 	 90.000
FHW12125	9.375 	 0.000 	 90.000
FHW12125	9.500 	 0.000 	 90.000
FHW12125	9.625 	 0.458 	 0.000
FHW12125	9.750 	 0.000 	 90.000
FHW12125	9.875 	 0.000 	 90.000
FHW12125	10.000 	 0.458 	 90.000
FHW12125	10.125 	 0.458 	 0.000
FHW12125	10.250 	 0.000 	 90.000
FHW12125	10.375 	 0.000 	 90.000
FHW12125	10.500 	 0.000 	 90.000
FHW12125	10.625 	 0.458 	 0.000
FHW12125	10.750 	 0.000 	 90.000
FHW12125	10.875 	 0.000 	 90.000
FHW12125	11.000 	 0.458 	 90.000
FHW12125	11.125 	 0.000 	 90.000
FHW12125	11.250 	 0.458 	 0.000
FHW12125	11.375 	 0.000 	 90.000
FHW12125	11.500 	 0.000 	 90.000
FHW12125	11.625 	 0.000 	 90.000
FHW12125	11.750 	 0.458 	 0.000
FHW12125	11.875 	 0.458 	 90.000
FHW12125	12.000 	 0.000 	 90.000
FHW12125	12.125 	 0.000 	 90.000
FHW12125	12.250 	 0.458 	 0.000
FHW12125	12.375 	 0.000 	 90.000
FHW12125	12.500 	 0.000 	 90.000
FHW12125	12.625 	 0.000 	 90.000
FHW12125	12.750 	 0.458 	 0.000
FHW12125	12.875 	 0.458 	 90.000
FHW12125	13.000 	 0.000 	 90.000
FHW12125	13.125 	 0.000 	 90.000
FHW12125	13.250 	 0.458 	 0.000
FHW12125	13.375 	 0.000 	 90.000
FHW12125	13.500 	 0.000 	 90.000
FHW12125	13.625 	 0.000 	 90.000
FHW12125	13.750 	 0.648 	 45.000
FHW12125	13.875 	 0.000 	 90.000
FHW12125	14.000 	 0.000 	 90.000
FHW12125	14.125 	 0.000 	 90.000
FHW12125	14.250 	 0.458 	 0.000
FHW12125	14.375 	 0.000 	 90.000
FHW12125	14.500 	 0.000 	 90.000
FHW12125	14.625 	 0.000 	 90.000
FHW12125	14.750 	 0.458 	 90.000
FHW12125	14.875 	 0.458 	 0.000
FHW12125	15.000 	 0.000 	 90.000
FHW12125	15.125 	 0.000 	 90.000
FHW12125	15.250 	 0.000 	 90.000
FHW12125	15.375 	 0.458 	 0.000
FHW12125	15.500 	 0.000 	 90.000
FHW12125	15.625 	 0.000 	 90.000
FHW12125	15.750 	 0.458 	 90.000
FHW12125	15.875 	 0.458 	 0.000
FHW12125	16.000 	 0.000 	 90.000
FHW12125	16.125 	 0.000 	 90.000
FHW12125	16.250 	 0.000 	 90.000
FHW12125	16.375 	 0.458 	 0.000
FHW12125	16.500 	 0.000 	 90.000
FHW12125	16.625 	 0.458 	 90.000
FHW12125	16.750 	 0.000 	 90.000
FHW12125	16.875 	 0.458 	 0.000
FHW12125	17.000 	 0.000 	 90.000
FHW12125	17.125 	 0.000 	 90.000
FHW12125	17.250 	 0.000 	 90.000
FHW12125	17.375 	 0.458 	 0.000
FHW12125	17.500 	 0.000 	 90.000
FHW12125	17.625 	 0.458 	 90.000
FHW12125	17.750 	 0.000 	 90.000
FHW12125	17.875 	 0.458 	 0.000
FHW12125	18.000 	 0.000 	 90.000
FHW12125	18.125 	 0.000 	 90.000
FHW12125	18.250 	 0.000 	 90.000
FHW12125	18.375 	 0.000 	 90.000
FHW12125	18.500 	 0.648 	 45.000
FHW12125	18.625 	 0.000 	 90.000
FHW12125	18.750 	 0.000 	 90.000
FHW12125	18.875 	 0.000 	 90.000
FHW12125	19.000 	 0.458 	 0.000
FHW12125	19.125 	 0.000 	 90.000
FHW12125	19.250 	 0.000 	 90.000
FHW12125	19.375 	 0.000 	 90.000
FHW12125	19.500 	 0.648 	 45.000
FHW12125	19.625 	 0.000 	 90.000
FHW12125	19.750 	 0.000 	 90.000
FHW12125	19.875 	 0.000 	 90.000
FHW12125	20.000 	 0.458 	 0.000
FHW12125	20.125 	 0.000 	 90.000
FHW12125	20.250 	 0.000 	 90.000
FHW12125	20.375 	 0.000 	 90.000
FHW12125	20.500 	 0.648 	 45.000
FHW12125	20.625 	 0.000 	 90.000
FHW12125	20.750 	 0.000 	 90.000
FHW12125	20.875 	 0.000 	 90.000
FHW12125	21.000 	 0.458 	 0.000
FHW12125	21.125 	 0.000 	 90.000
FHW12125	21.250 	 0.000 	 90.000
FHW12125	21.375 	 0.458 	 90.000
FHW12125	21.500 	 0.458 	 0.000
FHW12125	21.625 	 0.000 	 90.000
FHW12125	21.750 	 0.000 	 90.000
FHW12125	21.875 	 0.000 	 90.000
FHW12125	22.000 	 0.000 	 90.000
FHW12125	22.125 	 0.458 	 0.000
FHW12125	22.250 	 0.000 	 90.000
FHW12125	22.375 	 0.458 	 90.000
FHW12125	22.500 	 0.000 	 90.000
FHW12125	22.625 	 0.458 	 0.000
FHW12125	22.750 	 0.000 	 90.000
FHW12125	22.875 	 0.000 	 90.000
FHW12125	23.000 	 0.000 	 90.000
FHW12125	23.125 	 0.458 	 0.000
FHW12125	23.250 	 0.458 	 90.000
FHW12125	23.375 	 0.000 	 90.000
FHW12125	23.500 	 0.000 	 90.000
FHW12125	23.625 	 0.458 	 0.000
FHW12125	23.750 	 0.000 	 90.000
FHW12125	23.875 	 0.000 	 90.000
FHW12125	24.000 	 0.000 	 90.000
FHW12125	24.125 	 0.458 	 0.000
FHW12125	24.250 	 0.458 	 90.000
FHW12125	24.375 	 0.000 	 90.000
FHW12125	24.500 	 0.000 	 90.000
FHW12125	24.625 	 0.458 	 0.000
FHW12125	24.750 	 0.000 	 90.000
FHW12125	24.875 	 0.000 	 90.000
FHW12125	25.000 	 0.000 	 90.000
FHW12125	25.125 	 0.648 	 45.000
FHW12125	25.250 	 0.000 	 90.000
FHW12125	25.375 	 0.000 	 90.000
FHW12125	25.500 	 0.000 	 90.000
FHW12125	25.625 	 0.000 	 90.000
FHW12125	25.750 	 0.458 	 0.000
FHW12125	25.875 	 0.000 	 90.000
FHW12125	26.000 	 0.000 	 90.000
FHW12125	26.125 	 0.458 	 90.000
FHW12125	26.250 	 0.458 	 0.000
FHW12125	26.375 	 0.000 	 90.000
FHW12125	26.500 	 0.000 	 90.000
FHW12125	26.625 	 0.000 	 90.000
FHW12125	26.750 	 0.458 	 0.000
FHW12125	26.875 	 0.000 	 90.000
FHW12125	27.000 	 0.000 	 90.000
FHW12125	27.125 	 0.458 	 90.000
FHW12125	27.250 	 0.458 	 0.000
FHW12125	27.375 	 0.000 	 90.000
FHW12125	27.500 	 0.000 	 90.000
FHW12125	27.625 	 0.000 	 90.000
FHW12125	27.750 	 0.458 	 0.000
FHW12125	27.875 	 0.000 	 90.000
FHW12125	28.000 	 0.458 	 90.000
FHW12125	28.125 	 0.000 	 90.000
FHW12125	28.250 	 0.458 	 0.000
FHW12125	28.375 	 0.000 	 90.000
FHW12125	28.500 	 0.000 	 90.000
FHW12125	28.625 	 0.000 	 90.000
FHW12125	28.750 	 0.458 	 0.000
FHW12125	28.875 	 0.000 	 90.000
FHW12125	29.000 	 0.458 	 90.000
FHW12125	29.125 	 0.000 	 90.000
FHW12125	29.250 	 0.000 	 90.000
FHW12125	29.375 	 0.458 	 0.000
FHW12125	29.500 	 0.000 	 90.000
FHW12125	29.625 	 0.000 	 90.000
FHW12125	29.750 	 0.000 	 90.000
FHW12125	29.875 	 0.648 	 45.000
FHW12125	30.000 	 0.000 	 90.000
FHW12125	30.125 	 0.000 	 90.000
FHW12125	30.250 	 0.000 	 90.000
FHW12125	30.375 	 0.458 	 0.000
FHW12125	30.500 	 0.000 	 90.000
FHW12125	30.625 	 0.000 	 90.000
FHW12125	30.750 	 0.000 	 90.000
FHW12125	30.875 	 0.648 	 45.000
FHW12125	31.000 	 0.000 	 90.000
FHW12125	31.125 	 0.000 	 90.000
FHW12125	31.250 	 0.000 	 90.000
FHW12125	31.375 	 0.458 	 0.000
FHW12125	31.500 	 0.000 	 90.000
FHW12125	31.625 	 0.000 	 90.000
FHW12125	31.750 	 0.000 	 90.000
FHW12125	31.875 	 0.648 	 45.000
FHW12125	32.000 	 0.000 	 90.000
FHW12125	32.125 	 0.000 	 90.000
FHW12125	32.250 	 0.000 	 90.000
FHW12125	32.375 	 0.458 	 0.000
FHW12125	32.500 	 0.000 	 90.000
FHW12125	32.625 	 0.000 	 90.000
FHW12125	32.750 	 0.458 	 90.000
FHW12125	32.875 	 0.000 	 90.000
FHW12125	33.000 	 0.458 	 0.000
FHW12125	33.125 	 0.000 	 90.000
FHW12125	33.250 	 0.000 	 90.000
FHW12125	33.375 	 0.000 	 90.000
FHW12125	33.500 	 0.458 	 0.000
FHW12125	33.625 	 0.000 	 90.000
FHW12125	33.750 	 0.458 	 90.000
FHW12125	33.875 	 0.000 	 90.000
FHW12125	34.000 	 0.458 	 0.000
FHW12125	34.125 	 0.000 	 90.000
FHW12125	34.250 	 0.000 	 90.000
FHW12125	34.375 	 0.000 	 90.000
FHW12125	34.500 	 0.458 	 0.000
FHW12125	34.625 	 0.458 	 90.000
FHW12125	34.750 	 0.000 	 90.000
FHW12125	34.875 	 0.000 	 90.000
FHW12125	35.000 	 0.458 	 0.000
FHW12125	35.125 	 0.000 	 90.000
FHW12125	35.250 	 0.000 	 90.000
FHW12125	35.375 	 0.000 	 90.000
FHW12125	35.500 	 0.458 	 0.000
FHW12125	35.625 	 0.458 	 90.000
FHW12125	35.750 	 0.000 	 90.000
FHW12125	35.875 	 0.000 	 90.000
FHW12125	36.000 	 0.458 	 0.000
FHW12125	36.125 	 0.000 	 90.000
FHW12125	36.250 	 0.000 	 90.000
FHW12125	36.375 	 0.000 	 90.000
FHW12125	36.500 	 0.458 	 90.000
FHW12125	36.625 	 0.458 	 0.000
FHW12125	36.750 	 0.000 	 90.000
FHW12125	36.875 	 0.000 	 90.000
FHW12125	37.000 	 0.000 	 90.000
FHW12125	37.125 	 0.458 	 0.000
FHW12125	37.250 	 0.000 	 90.000
FHW12125	37.375 	 0.000 	 90.000
FHW12125	37.500 	 0.458 	 90.000
FHW12125	37.625 	 0.458 	 0.000
FHW12125	37.750 	 0.000 	 90.000
FHW12125	37.875 	 0.458 	 90.000
FHW12125	38.000 	 0.458 	 0.000
FHW12125	38.125 	 0.458 	 90.000
FHW12125	38.250 	 0.458 	 0.000
FHW12125	38.375 	 0.458 	 90.000
FHW12125	38.500 	 0.000 	 90.000
FHW12125	38.625 	 0.648 	 45.000
FHW12125	38.750 	 0.000 	 90.000
FHW12125	38.875 	 0.458 	 90.000
FHW12125	39.000 	 0.458 	 0.000
FHW12125	39.125 	 0.458 	 90.000
FHW12125	39.250 	 0.458 	 0.000
FHW12125	39.375 	 0.458 	 90.000
FHW12125	39.500 	 0.000 	 90.000
FHW12125	39.625 	 0.648 	 45.000
FHW12125	39.750 	 0.000 	 90.000
FHW12125	39.875 	 0.648 	 45.000
FHW12125	40.000 	 0.000 	 90.000
FHW12125	40.125 	 0.458 	 90.000
FHW12125	40.250 	 0.458 	 0.000
FHW12125	40.375 	 0.458 	 90.000
FHW12125	40.500 	 0.458 	 0.000
FHW12125	40.625 	 0.458 	 90.000
FHW12125	40.750 	 0.000 	 90.000
FHW12125	40.875 	 0.648 	 45.000
FHW12125	41.000 	 0.000 	 90.000
FHW12125	41.125 	 0.458 	 90.000
FHW12125	41.250 	 0.458 	 0.000
FHW12125	41.375 	 0.458 	 90.000
FHW12125	41.500 	 0.458 	 0.000
FHW12125	41.625 	 0.458 	 90.000
FHW12125	41.750 	 0.000 	 90.000
FHW12125	41.875 	 0.648 	 45.000
FHW12125	42.000 	 0.000 	 90.000
FHW12125	42.125 	 0.648 	 45.000
FHW12125	42.250 	 0.000 	 90.000
FHW12125	42.375 	 0.458 	 90.000
FHW12125	42.500 	 0.458 	 0.000
FHW12125	42.625 	 0.458 	 90.000
FHW12125	42.750 	 0.458 	 0.000
FHW12125	42.875 	 0.458 	 90.000
FHW12125	43.000 	 0.000 	 90.000
FHW12125	43.125 	 0.648 	 45.000
FHW12125	43.250 	 0.000 	 90.000
FHW12125	43.375 	 0.458 	 90.000
FHW12125	43.500 	 0.458 	 0.000
FHW12125	43.625 	 0.458 	 90.000
FHW12125	43.750 	 0.458 	 0.000
FHW12125	43.875 	 0.458 	 90.000
FHW12125	44.000 	 0.000 	 90.000
FHW12125	44.125 	 0.648 	 45.000
FHW12125	44.250 	 0.000 	 90.000
FHW12125	44.375 	 0.648 	 45.000
FHW12125	44.500 	 0.000 	 90.000
FHW12125	44.625 	 0.458 	 90.000
FHW12125	44.750 	 0.458 	 0.000
FHW12125	44.875 	 0.458 	 90.000
FHW12125	45.000 	 0.000 	 90.000
FHW12125	45.125 	 0.648 	 45.000
FHW12125	45.250 	 0.000 	 90.000
FHW12125	45.375 	 0.648 	 45.000
FHW12125	45.500 	 0.000 	 90.000
FHW12125	45.625 	 0.458 	 90.000
FHW12125	45.750 	 0.458 	 0.000
FHW12125	45.875 	 0.458 	 90.000
FHW12125	46.000 	 0.458 	 0.000
FHW12125	46.125 	 0.458 	 90.000
FHW12125	46.250 	 0.000 	 90.000
FHW12125	46.375 	 0.648 	 45.000
FHW12125	46.500 	 0.000 	 90.000
FHW12125	46.625 	 0.648 	 45.000
FHW12125	46.750 	 0.000 	 90.000
FHW12125	46.875 	 0.000 	 90.000
FHW12125	47.000 	 0.648 	 45.000
FHW12125	47.125 	 0.458 	 90.000
FHW12125	47.250 	 0.458 	 0.000
FHW12125	47.375 	 0.458 	 90.000
FHW12125	47.500 	 0.458 	 0.000
FHW12125	47.625 	 0.458 	 90.000
FHW12125	47.750 	 0.458 	 0.000
FHW12125	47.875 	 0.458 	 90.000
FHW12125	48.000 	 0.648 	 45.000
FHW12125	48.125 	 0.000 	 90.000
FHW12125	48.250 	 0.648 	 45.000
FHW12125	48.375 	 0.000 	 90.000
FHW12125	48.500 	 0.648 	 45.000
FHW12125	48.625 	 0.458 	 90.000
FHW12125	48.750 	 0.458 	 0.000
FHW12125	48.875 	 0.458 	 90.000
FHW12125	49.000 	 0.458 	 0.000
FHW12125	49.125 	 0.458 	 90.000
FHW12125	49.250 	 0.648 	 45.000
FHW12125	49.375 	 0.000 	 90.000
FHW12125	49.500 	 0.648 	 45.000
FHW12125	49.625 	 0.000 	 90.000
FHW12125	49.750 	 0.648 	 45.000
FHW12125	49.875 	 0.458 	 90.000
FHW12125	50.000 	 0.458 	 0.000
FHW12125	50.125 	 0.458 	 90.000
FHW12125	50.250 	 0.458 	 0.000
FHW12125	50.375 	 0.458 	 90.000
FHW12125	50.500 	 0.458 	 0.000
FHW12125	50.625 	 0.458 	 90.000
FHW12125	50.750 	 0.648 	 45.000
FHW12125	50.875 	 0.000 	 90.000
FHW12125	51.000 	 0.648 	 45.000
FHW12125	51.125 	 0.000 	 90.000
FHW12125	51.250 	 0.648 	 45.000
FHW12125	51.375 	 0.458 	 90.000
FHW12125	51.500 	 0.458 	 0.000
FHW12125	51.625 	 0.458 	 90.000
FHW12125	51.750 	 0.458 	 0.000
FHW12125	51.875 	 0.458 	 90.000
FHW12125	52.000 	 0.648 	 45.000
FHW12125	52.125 	 0.000 	 90.000
FHW12125	52.250 	 0.648 	 45.000
FHW12125	52.375 	 0.000 	 90.000
FHW12125	52.500 	 0.648 	 45.000
FHW12125	52.625 	 0.000 	 90.000
FHW12125	52.750 	 0.648 	 45.000
FHW12125	52.875 	 0.458 	 90.000
FHW12125	53.000 	 0.458 	 0.000
FHW12125	53.125 	 0.458 	 90.000
FHW12125	53.250 	 0.458 	 0.000
FHW12125	53.375 	 0.458 	 90.000
FHW12125	53.500 	 0.648 	 45.000
FHW12125	53.625 	 0.000 	 90.000
FHW12125	53.750 	 0.648 	 45.000
FHW12125	53.875 	 0.000 	 90.000
FHW12125	54.000 	 0.648 	 45.000
FHW12125	54.125 	 0.458 	 90.000
FHW12125	54.250 	 0.458 	 0.000
FHW12125	54.375 	 0.458 	 90.000
FHW12125	54.500 	 0.458 	 0.000
FHW12125	54.625 	 0.458 	 90.000
FHW12125	54.750 	 0.648 	 45.000
FHW12125	54.875 	 0.000 	 90.000
FHW12125	55.000 	 0.648 	 45.000
FHW12125	55.125 	 0.000 	 90.000
FHW12125	55.250 	 0.648 	 45.000
FHW12125	55.375 	 0.000 	 90.000
FHW12125	55.500 	 0.648 	 45.000
FHW12125	55.625 	 0.458 	 90.000
FHW12125	55.750 	 0.458 	 0.000
FHW12125	55.875 	 0.458 	 90.000
FHW12125	56.000 	 0.458 	 0.000
FHW12125	56.125 	 0.458 	 90.000
FHW12125	56.250 	 0.648 	 45.000
FHW12125	56.375 	 0.000 	 90.000
FHW12125	56.500 	 0.648 	 45.000
FHW12125	56.625 	 0.000 	 90.000
FHW12125	56.750 	 0.648 	 45.000
FHW12125	56.875 	 0.648 	 45.000
FHW12125	57.000 	 0.000 	 90.000
FHW12125	57.125 	 0.648 	 45.000
FHW12125	57.250 	 0.458 	 90.000
FHW12125	57.375 	 0.458 	 0.000
FHW12125	57.500 	 0.648 	 45.000
FHW12125	57.625 	 0.458 	 90.000
FHW12125	57.750 	 0.458 	 0.000
FHW12125	57.875 	 0.648 	 45.000
FHW12125	58.000 	 0.458 	 90.000
FHW12125	58.125 	 0.458 	 0.000
FHW12125	58.250 	 0.648 	 45.000
FHW12125	58.375 	 0.458 	 90.000
FHW12125	58.500 	 0.458 	 0.000
FHW12125	58.625 	 0.458 	 90.000
FHW12125	58.750 	 0.648 	 45.000
FHW12125	58.875 	 0.458 	 0.000
FHW12125	59.000 	 0.458 	 90.000
FHW12125	59.125 	 0.648 	 45.000
FHW12125	59.250 	 0.462 	 0.000
FHW12125	59.375 	 0.458 	 90.000
FHW12125	59.500 	 0.648 	 45.000
FHW12125	59.625 	 0.000 	 90.000
FHW12125	59.750 	 0.648 	 45.000
FHW12125	59.875 	 0.648 	 45.000
FHW12125	60.000 	 0.000 	 90.000
FHW12125	60.125 	 0.648 	 45.000
FHW12125	60.250 	 0.648 	 45.000
FHW12125	60.375 	 0.000 	 90.000
FHW12125	60.500 	 0.648 	 45.000
FHW12125	60.625 	 0.458 	 90.000
FHW12125	60.750 	 0.458 	 0.000
FHW12125	60.875 	 0.648 	 45.000
FHW12125	61.000 	 0.458 	 90.000
FHW12125	61.125 	 0.458 	 0.000
FHW12125	61.250 	 0.648 	 45.000
FHW12125	61.375 	 0.458 	 90.000
FHW12125	61.500 	 0.458 	 0.000
FHW12125	61.625 	 0.458 	 90.000
FHW12125	61.750 	 0.648 	 45.000
FHW12125	61.875 	 0.458 	 0.000
FHW12125	62.000 	 0.458 	 90.000
FHW12125	62.125 	 0.648 	 45.000
FHW12125	62.250 	 0.458 	 0.000
FHW12125	62.375 	 0.458 	 90.000
FHW12125	62.500 	 0.648 	 45.000
FHW12125	62.625 	 0.458 	 0.000
FHW12125	62.750 	 0.458 	 90.000
FHW12125	62.875 	 0.648 	 45.000
FHW12125	63.000 	 0.000 	 90.000
FHW12125	63.125 	 0.648 	 45.000
FHW12125	63.250 	 0.648 	 45.000
FHW12125	63.375 	 0.000 	 90.000
FHW12125	63.500 	 0.648 	 45.000
FHW12125	63.625 	 0.648 	 45.000
FHW12125	63.750 	 0.000 	 90.000
FHW12125	63.875 	 0.648 	 45.000
FHW12125	64.000 	 0.458 	 90.000
FHW12125	64.125 	 0.458 	 0.000
FHW12125	64.250 	 0.648 	 45.000
FHW12125	64.375 	 0.458 	 90.000
FHW12125	64.500 	 0.458 	 0.000
FHW12125	64.625 	 0.648 	 45.000
FHW12125	64.750 	 0.458 	 90.000
FHW12125	64.875 	 0.458 	 0.000
FHW12125	65.000 	 0.458 	 90.000
FHW12125	65.125 	 0.648 	 45.000
FHW12125	65.250 	 0.458 	 0.000
FHW12125	65.375 	 0.458 	 90.000
FHW12125	65.500 	 0.648 	 45.000
FHW12125	65.625 	 0.458 	 0.000
FHW12125	65.750 	 0.458 	 90.000
FHW12125	65.875 	 0.648 	 45.000
FHW12125	66.000 	 0.458 	 0.000
FHW12125	66.125 	 0.458 	 90.000
FHW12125	66.250 	 0.648 	 45.000
FHW12125	66.375 	 0.648 	 45.000
FHW12125	66.500 	 0.458 	 90.000
FHW12125	66.625 	 0.648 	 45.000
FHW12125	66.750 	 0.458 	 0.000
FHW12125	66.875 	 0.458 	 90.000
FHW12125	67.000 	 0.648 	 45.000
FHW12125	67.125 	 0.648 	 45.000
FHW12125	67.250 	 0.458 	 90.000
FHW12125	67.375 	 0.458 	 0.000
FHW12125	67.500 	 0.648 	 45.000
FHW12125	67.625 	 0.458 	 90.000
FHW12125	67.750 	 0.648 	 45.000
FHW12125	67.875 	 0.648 	 45.000
FHW12125	68.000 	 0.458 	 90.000
FHW12125	68.125 	 0.458 	 0.000
FHW12125	68.250 	 0.648 	 45.000
FHW12125	68.375 	 0.458 	 90.000
FHW12125	68.500 	 0.648 	 45.000
FHW12125	68.625 	 0.648 	 45.000
FHW12125	68.750 	 0.000 	 90.000
FHW12125	68.875 	 0.648 	 45.000
FHW12125	69.000 	 0.648 	 45.000
FHW12125	69.125 	 0.458 	 90.000
FHW12125	69.250 	 0.648 	 45.000
FHW12125	69.375 	 0.648 	 45.000
FHW12125	69.500 	 0.000 	 90.000
FHW12125	69.625 	 0.648 	 45.000
FHW12125	69.750 	 0.648 	 45.000
FHW12125	69.875 	 0.458 	 90.000
FHW12125	70.000 	 0.648 	 45.000
FHW12125	70.125 	 0.458 	 0.000
FHW12125	70.250 	 0.458 	 90.000
FHW12125	70.375 	 0.648 	 45.000
FHW12125	70.500 	 0.648 	 45.000
FHW12125	70.625 	 0.458 	 90.000
FHW12125	70.750 	 0.648 	 45.000
FHW12125	70.875 	 0.458 	 0.000
FHW12125	71.000 	 0.458 	 90.000
FHW12125	71.125 	 0.648 	 45.000
FHW12125	71.250 	 0.648 	 45.000
FHW12125	71.375 	 0.458 	 90.000
FHW12125	71.500 	 0.458 	 0.000
FHW12125	71.625 	 0.648 	 45.000
FHW12125	71.750 	 0.458 	 90.000
FHW12125	71.875 	 0.648 	 45.000
FHW12125	72.000 	 0.648 	 45.000
FHW12125	72.125 	 0.458 	 90.000
FHW12125	72.250 	 0.458 	 0.000
FHW12125	72.375 	 0.648 	 45.000
FHW12125	72.500 	 0.458 	 90.000
FHW12125	72.625 	 0.648 	 45.000
FHW12125	72.750 	 0.648 	 45.000
FHW12125	72.875 	 0.000 	 90.000
FHW12125	73.000 	 0.648 	 45.000
FHW12125	73.125 	 0.648 	 45.000
FHW12125	73.250 	 0.458 	 90.000
FHW12125	73.375 	 0.648 	 45.000
FHW12125	73.500 	 0.458 	 0.000
FHW12125	73.625 	 0.458 	 90.000
FHW12125	73.750 	 0.648 	 45.000
FHW12125	73.875 	 0.648 	 45.000
FHW12125	74.000 	 0.458 	 90.000
FHW12125	74.125 	 0.648 	 45.000
FHW12125	74.250 	 0.458 	 0.000
FHW12125	74.375 	 0.458 	 90.000
FHW12125	74.500 	 0.648 	 45.000
FHW12125	74.625 	 0.648 	 45.000
FHW12125	74.750 	 0.458 	 90.000
FHW12125	74.875 	 0.458 	 0.000
FHW12125	75.000 	 0.648 	 45.000
FHW12125	75.125 	 0.458 	 90.000
FHW12125	75.250 	 0.648 	 45.000
FHW12125	75.375 	 0.648 	 45.000
FHW12125	75.500 	 0.458 	 90.000
FHW12125	75.625 	 0.648 	 45.000
FHW12125	75.750 	 0.648 	 45.000
FHW12125	75.875 	 0.648 	 45.000
FHW12125	76.000 	 0.458 	 90.000
FHW12125	76.125 	 0.648 	 45.000
FHW12125	76.250 	 0.648 	 45.000
FHW12125	76.375 	 0.458 	 90.000
FHW12125	76.500 	 0.648 	 45.000
FHW12125	76.625 	 0.458 	 0.000
FHW12125	76.750 	 0.458 	 90.000
FHW12125	76.875 	 0.648 	 45.000
FHW12125	77.000 	 0.648 	 45.000
FHW12125	77.125 	 0.648 	 45.000
FHW12125	77.250 	 0.458 	 90.000
FHW12125	77.375 	 0.648 	 45.000
FHW12125	77.500 	 0.648 	 45.000
FHW12125	77.625 	 0.458 	 90.000
FHW12125	77.750 	 0.648 	 45.001
FHW12125	77.875 	 0.648 	 44.999
FHW12125	78.000 	 0.648 	 45.001
FHW12125	78.125 	 0.458 	 90.000
FHW12125	78.250 	 0.648 	 45.000
FHW12125	78.375 	 0.648 	 45.000
FHW12125	78.500 	 0.458 	 90.000
FHW12125	78.625 	 0.648 	 45.000
FHW12125	78.750 	 0.648 	 45.000
FHW12125	78.875 	 0.458 	 90.000
FHW12125	79.000 	 0.648 	 45.000
FHW12125	79.125 	 0.648 	 45.000
FHW12125	79.250 	 0.648 	 45.000
FHW12125	79.375 	 0.458 	 90.000
FHW12125	79.500 	 0.648 	 45.000
FHW12125	79.625 	 0.648 	 45.000
FHW12125	79.750 	 0.458 	 90.000
FHW12125	79.875 	 0.648 	 44.999
FHW12125	80.000 	 0.648 	 45.001
FHW12125	80.125 	 0.458 	 90.000
FHW12125	80.250 	 0.648 	 45.001
FHW12125	80.375 	 0.648 	 44.999
FHW12125	80.500 	 0.648 	 45.000
FHW12125	80.625 	 0.458 	 90.000
FHW12125	80.750 	 0.648 	 44.999
FHW12125	80.875 	 0.648 	 45.001
FHW12125	81.000 	 0.458 	 90.000
FHW12125	81.125 	 0.458 	 0.000
FHW12125	81.250 	 0.648 	 45.001
FHW12125	81.375 	 0.458 	 90.000
FHW12125	81.500 	 0.648 	 44.999
FHW12125	81.625 	 0.648 	 45.001
FHW12125	81.750 	 0.648 	 45.000
FHW12125	81.875 	 0.458 	 90.000
FHW12125	82.000 	 0.648 	 44.999
FHW12125	82.125 	 0.648 	 45.001
FHW12125	82.250 	 0.458 	 90.000
FHW12125	82.375 	 0.648 	 44.999
FHW12125	82.500 	 0.648 	 45.001
FHW12125	82.625 	 0.648 	 44.999
FHW12125	82.750 	 0.458 	 90.000
FHW12125	82.875 	 0.648 	 45.000
FHW12125	83.000 	 0.648 	 45.001
FHW12125	83.125 	 0.458 	 90.000
FHW12125	83.250 	 0.648 	 44.999
FHW12125	83.375 	 0.648 	 45.001
FHW12125	83.500 	 0.458 	 90.000
FHW12125	83.625 	 0.648 	 45.000
FHW12125	83.750 	 0.648 	 45.000
FHW12125	83.875 	 0.648 	 45.000
FHW12125	84.000 	 0.458 	 90.000
FHW12125	84.125 	 0.648 	 45.000
FHW12125	84.250 	 0.648 	 45.001
FHW12125	84.375 	 0.458 	 90.000
FHW12125	84.500 	 0.648 	 45.000
FHW12125	84.625 	 0.648 	 45.000
FHW12125	84.750 	 0.458 	 90.000
FHW12125	84.875 	 0.648 	 44.999
FHW12125	85.000 	 0.648 	 45.000
FHW12125	85.125 	 0.648 	 45.000
FHW12125	85.250 	 0.648 	 45.000
FHW12125	85.375 	 0.458 	 90.000
FHW12125	85.500 	 0.648 	 45.000
FHW12125	85.625 	 0.653 	 45.000
FHW12125	85.750 	 0.648 	 45.000
FHW12125	85.875 	 0.648 	 45.000
FHW12125	86.000 	 0.917 	 90.000
FHW12125	86.125 	 0.648 	 45.001
FHW12125	86.250 	 0.648 	 44.999
FHW12125	86.375 	 0.648 	 45.001
FHW12125	86.500 	 0.458 	 90.000
FHW12125	86.625 	 0.648 	 45.001
FHW12125	86.750 	 0.648 	 44.999
FHW12125	86.875 	 0.648 	 45.000
FHW12125	87.000 	 0.648 	 45.000
FHW12125	87.125 	 0.458 	 90.000
FHW12125	87.250 	 0.648 	 45.001
FHW12125	87.375 	 0.648 	 44.999
FHW12125	87.500 	 1.025 	 63.435
FHW12125	87.625 	 0.648 	 45.000
FHW12125	87.750 	 0.458 	 90.000
FHW12125	87.875 	 0.648 	 44.999
FHW12125	88.000 	 0.648 	 45.001
FHW12125	88.125 	 0.648 	 44.999
FHW12125	88.250 	 0.458 	 90.000
FHW12125	88.375 	 0.648 	 45.000
FHW12125	88.500 	 0.648 	 44.999
FHW12125	88.625 	 0.648 	 45.001
FHW12125	88.750 	 0.648 	 44.999
FHW12125	88.875 	 0.917 	 90.000
FHW12125	89.000 	 0.648 	 45.001
FHW12125	89.125 	 0.648 	 45.000
FHW12125	89.250 	 0.648 	 44.999
FHW12125	89.375 	 0.648 	 45.001
FHW12125	89.500 	 0.458 	 90.000
FHW12125	89.625 	 0.648 	 45.000
FHW12125	89.750 	 0.648 	 45.000
FHW12125	89.875 	 0.648 	 45.000
FHW12125	90.000 	 0.458 	 90.000
FHW12125	90.125 	 0.648 	 45.000
FHW12125	90.250 	 1.025 	 63.435
FHW12125	90.375 	 0.648 	 45.000
FHW12125	90.500 	 0.648 	 45.000
FHW12125	90.625 	 0.458 	 90.000
FHW12125	90.750 	 0.648 	 44.999
FHW12125	90.875 	 0.648 	 45.001
FHW12125	91.000 	 0.648 	 44.999
FHW12125	91.125 	 0.648 	 45.000
FHW12125	91.250 	 0.458 	 90.000
FHW12125	91.375 	 0.648 	 45.000
FHW12125	91.500 	 0.648 	 45.000
FHW12125	91.625 	 0.648 	 45.000
FHW12125	91.750 	 0.917 	 90.000
FHW12125	91.875 	 0.648 	 44.999
FHW12125	92.000 	 0.648 	 45.001
FHW12125	92.125 	 0.648 	 44.999
FHW12125	92.250 	 0.648 	 45.001
FHW12125	92.375 	 0.458 	 90.000
FHW12125	92.500 	 0.648 	 45.001
FHW12125	92.625 	 0.648 	 44.999
FHW12125	92.750 	 0.648 	 45.000
FHW12125	92.875 	 0.458 	 90.000
FHW12125	93.000 	 0.648 	 44.999
FHW12125	93.125 	 1.025 	 63.435
FHW12125	93.250 	 0.648 	 45.000
FHW12125	93.375 	 0.648 	 45.000
FHW12125	93.500 	 0.458 	 90.000
FHW12125	93.625 	 0.648 	 45.001
FHW12125	93.750 	 0.648 	 44.999
FHW12125	93.875 	 0.648 	 45.001
FHW12125	94.000 	 0.648 	 44.999
FHW12125	94.125 	 0.458 	 90.000
FHW12125	94.250 	 0.648 	 45.000
FHW12125	94.375 	 1.025 	 63.435
FHW12125	94.500 	 0.648 	 45.000
FHW12125	94.625 	 1.025 	 63.435
FHW12125	94.750 	 0.648 	 45.000
FHW12125	94.875 	 0.648 	 45.000
FHW12125	95.000 	 1.025 	 63.435
FHW12125	95.125 	 0.648 	 45.000
FHW12125	95.250 	 0.917 	 90.000
FHW12125	95.375 	 0.648 	 45.000
FHW12125	95.500 	 1.025 	 63.435
FHW12125	95.625 	 0.648 	 44.999
FHW12125	95.750 	 0.648 	 45.000
FHW12125	95.875 	 1.025 	 63.435
FHW12125	96.000 	 0.648 	 45.000
FHW12125	96.125 	 1.025 	 63.435
FHW12125	96.250 	 0.648 	 44.999
FHW12125	96.375 	 0.648 	 45.000
FHW12125	96.500 	 1.025 	 63.435
FHW12125	96.625 	 0.458 	 90.000
FHW12125	96.750 	 1.025 	 63.435
FHW12125	96.875 	 0.648 	 45.000
FHW12125	97.000 	 1.025 	 63.435
FHW12125	97.125 	 0.648 	 45.000
FHW12125	97.250 	 0.648 	 45.000
FHW12125	97.375 	 1.025 	 63.435
FHW12125	97.500 	 0.648 	 44.999
FHW12125	97.625 	 1.025 	 63.435
FHW12125	97.750 	 0.648 	 45.000
FHW12125	97.875 	 0.648 	 45.000
FHW12125	98.000 	 0.917 	 90.000
FHW12125	98.125 	 0.648 	 45.000
FHW12125	98.250 	 1.025 	 63.435
FHW12125	98.375 	 0.648 	 45.000
FHW12125	98.500 	 0.648 	 45.000
FHW12125	98.625 	 1.025 	 63.435
FHW12125	98.750 	 0.648 	 45.000
FHW12125	98.875 	 1.025 	 63.435
FHW12125	99.000 	 0.648 	 45.000
FHW12125	99.125 	 1.025 	 63.435
FHW12125	99.250 	 0.458 	 90.000
FHW12125	99.375 	 0.648 	 45.000
FHW12125	99.500 	 1.025 	 63.435
FHW12125	99.625 	 0.648 	 45.000
FHW12125	99.750 	 1.033 	 63.435
FHW12125	99.875 	 0.648 	 45.000
FHW12125	100.000 	 0.648 	 45.000
FHW12125	100.125 	 1.025 	 63.435
FHW12125	100.250 	 0.648 	 45.000
FHW12125	100.375 	 1.025 	 63.435
FHW12125	100.500 	 0.648 	 45.001
FHW12125	100.625 	 0.917 	 90.000
FHW12125	100.750 	 0.648 	 44.999
FHW12125	100.875 	 0.648 	 45.000
FHW12125	101.000 	 1.025 	 63.435
FHW12125	101.125 	 0.648 	 45.000
FHW12125	101.250 	 1.025 	 63.435
FHW12125	101.375 	 0.648 	 44.999
FHW12125	101.500 	 0.648 	 45.000
FHW12125	101.625 	 1.025 	 63.435
FHW12125	101.750 	 0.648 	 45.001
FHW12125	101.875 	 1.025 	 63.435
FHW12125	102.000 	 0.458 	 90.000
FHW12125	102.125 	 0.648 	 44.999
FHW12125	102.250 	 1.025 	 63.435
FHW12125	102.375 	 0.648 	 45.000
FHW12125	102.500 	 1.025 	 63.435
FHW12125	102.625 	 0.648 	 44.999
FHW12125	102.750 	 1.025 	 63.435
FHW12125	102.875 	 0.648 	 45.000
FHW12125	103.000 	 0.648 	 45.000
FHW12125	103.125 	 1.025 	 63.435
FHW12125	103.250 	 0.648 	 44.999
FHW12125	103.375 	 0.917 	 90.000
FHW12125	103.500 	 0.648 	 45.000
FHW12125	103.625 	 0.648 	 45.000
FHW12125	103.750 	 1.652 	 56.310
FHW12125	103.875 	 1.449 	 71.565
FHW12125	104.000 	 1.652 	 56.310
FHW12125	104.125 	 1.025 	 63.435
FHW12125	104.250 	 1.652 	 56.310
FHW12125	104.375 	 1.449 	 71.565
FHW12125	104.500 	 1.652 	 56.310
FHW12125	104.625 	 1.296 	 45.000
FHW12125	104.750 	 1.449 	 71.565
FHW12125	104.875 	 1.652 	 56.310
FHW12125	105.000 	 1.449 	 71.565
FHW12125	105.125 	 1.296 	 45.000
FHW12125	105.250 	 1.449 	 71.565
FHW12125	105.375 	 1.652 	 56.310
FHW12125	105.500 	 1.025 	 63.435
FHW12125	105.625 	 1.665 	 56.310
FHW12125	105.750 	 1.449 	 71.565
FHW12125	105.875 	 1.652 	 56.310
FHW12125	106.000 	 1.025 	 63.435
FHW12125	106.125 	 1.652 	 56.310
FHW12125	106.250 	 1.449 	 71.565
FHW12125	106.375 	 1.652 	 56.310
FHW12125	106.500 	 1.296 	 45.000
FHW12125	106.625 	 1.449 	 71.565
FHW12125	106.750 	 1.652 	 56.310
FHW12125	106.875 	 1.025 	 63.434
FHW12125	107.000 	 1.652 	 56.310
FHW12125	107.125 	 1.449 	 71.565
FHW12125	107.250 	 1.652 	 56.310
FHW12125	107.375 	 1.025 	 63.436
FHW12125	107.500 	 1.652 	 56.310
FHW12125	107.625 	 1.449 	 71.565
FHW12125	107.750 	 1.652 	 56.310
FHW12125	107.875 	 1.025 	 63.435
FHW12125	108.000 	 1.652 	 56.310
FHW12125	108.125 	 1.449 	 71.565
FHW12125	108.250 	 1.296 	 45.000
FHW12125	108.375 	 1.652 	 56.310
FHW12125	108.500 	 1.449 	 71.565
FHW12125	108.625 	 1.666 	 56.310
FHW12125	108.750 	 1.025 	 63.434
FHW12125	108.875 	 1.652 	 56.310
FHW12125	109.000 	 1.449 	 71.565
FHW12125	109.125 	 1.652 	 56.310
FHW12125	109.250 	 1.025 	 63.435
FHW12125	109.375 	 1.652 	 56.310
FHW12125	109.500 	 1.449 	 71.565
FHW12125	109.625 	 1.296 	 45.000
FHW12125	109.750 	 1.449 	 71.565
FHW12125	109.875 	 1.652 	 56.310
FHW12125	110.000 	 1.449 	 71.565
FHW12125	110.125 	 1.296 	 45.000
FHW12125	110.250 	 1.652 	 56.310
FHW12125	110.375 	 1.449 	 71.565
FHW12125	110.500 	 1.652 	 56.310
FHW12125	110.625 	 1.025 	 63.435
FHW12125	110.750 	 1.652 	 56.310
FHW12125	110.875 	 1.449 	 71.564
FHW12125	111.000 	 1.296 	 45.001
FHW12125	111.125 	 1.449 	 71.565
FHW12125	111.250 	 1.652 	 56.310
FHW12125	111.375 	 1.449 	 71.565
FHW12125	111.500 	 1.296 	 45.000
FHW12125	111.625 	 1.449 	 71.565
FHW12125	111.750 	 1.666 	 56.309
FHW12125	111.875 	 1.449 	 71.565
FHW12125	112.000 	 1.296 	 44.999
FHW12125	112.125 	 1.652 	 56.310
FHW12125	112.250 	 1.449 	 71.565
FHW12125	112.375 	 1.296 	 44.999
FHW12125	112.500 	 1.449 	 71.565
FHW12125	112.625 	 1.652 	 56.310
FHW12125	112.750 	 1.449 	 71.565
FHW12125	112.875 	 1.296 	 45.000
FHW12125	113.000 	 1.449 	 71.565
FHW12125	113.125 	 2.049 	 63.435
FHW12125	113.250 	 2.049 	 63.435
FHW12125	113.375 	 2.049 	 63.435
FHW12125	113.500 	 2.049 	 63.435
FHW12125	113.625 	 2.049 	 63.435
FHW12125	113.750 	 2.049 	 63.434
FHW12125	113.875 	 2.066 	 63.435
FHW12125	114.000 	 2.291 	 53.130
FHW12125	114.125 	 2.049 	 63.435
FHW12125	114.250 	 2.049 	 63.435
FHW12125	114.375 	 2.467 	 68.199
FHW12125	114.500 	 2.049 	 63.435
FHW12125	114.625 	 2.049 	 63.435
FHW12125	114.750 	 2.049 	 63.435
FHW12125	114.875 	 2.049 	 63.434
FHW12125	115.000 	 2.049 	 63.435
FHW12125	115.125 	 3.072 	 63.435
FHW12125	115.250 	 3.097 	 63.435
FHW12125	115.375 	 3.486 	 66.802
FHW12125	115.500 	 3.072 	 63.435
FHW12125	115.625 	 3.072 	 63.435
FHW12125	115.750 	 3.072 	 63.435
FHW12125	115.875 	 3.515 	 66.801
FHW12125	116.000 	 3.302 	 56.310
FHW12125	116.125 	 3.072 	 63.435
FHW12125	116.250 	 3.072 	 63.435
FHW12125	116.375 	 3.486 	 66.801
FHW12125	116.500 	 3.097 	 63.435
FHW12125	116.625 	 3.072 	 63.435
FHW12125	116.750 	 3.072 	 63.435
FHW12125	116.875 	 3.487 	 66.802
FHW12125	117.000 	 3.072 	 63.435
FHW12125	117.125 	 3.097 	 63.435
FHW12125	117.250 	 3.072 	 63.435
FHW12125	117.375 	 3.487 	 66.801
FHW12125	117.500 	 3.072 	 63.435
FHW12125	117.625 	 3.072 	 63.435
FHW12125	117.750 	 3.328 	 56.310
FHW12125	117.875 	 3.486 	 66.801
FHW12125	118.000 	 3.072 	 63.435
FHW12125	118.125 	 3.072 	 63.435
FHW12125	118.250 	 3.072 	 63.435
FHW12125	118.375 	 3.097 	 63.435
FHW12125	118.500 	 3.486 	 66.801
FHW12125	118.625 	 3.072 	 63.435
FHW12125	118.750 	 3.072 	 63.435
FHW12125	118.875 	 3.072 	 63.435
FHW12125	119.000 	 3.515 	 66.802
FHW12125	119.125 	 3.072 	 63.435
FHW12125	119.250 	 3.072 	 63.435
FHW12125	119.375 	 3.072 	 63.435
FHW12125	119.500 	 3.690 	 60.255
FHW12125	119.625 	 3.097 	 63.435
FHW12125	119.750 	 3.072 	 63.435
FHW12125	119.875 	 3.072 	 63.435
FHW12125	120.000 	 3.486 	 66.801
FHW12125	120.125 	 3.072 	 63.435
FHW12125	120.250 	 3.097 	 63.435
FHW12125	120.375 	 3.072 	 63.435
FHW12125	120.500 	 3.486 	 66.802
FHW12125	120.625 	 3.072 	 63.435
FHW12125	120.750 	 3.072 	 63.435
FHW12125	120.875 	 3.097 	 63.435
FHW12125	121.000 	 3.487 	 66.802
FHW12125	121.125 	 3.072 	 63.435
FHW12125	121.250 	 3.302 	 56.310
FHW12125	121.375 	 3.072 	 63.435
FHW12125	121.500 	 3.515 	 66.802
FHW12125	121.625 	 3.072 	 63.435
FHW12125	121.750 	 3.072 	 63.435
FHW12125	121.875 	 3.072 	 63.435
FHW12125	122.000 	 3.072 	 63.435
FHW12125	122.125 	 3.515 	 66.802
FHW12125	122.250 	 3.072 	 63.435
FHW12125	122.375 	 3.072 	 63.435
FHW12125	122.500 	 4.093 	 63.435
FHW12125	122.625 	 5.565 	 65.556
FHW12125	122.750 	 5.770 	 61.389
FHW12125	122.875 	 5.521 	 65.556
FHW12125	123.000 	 5.565 	 65.556
FHW12125	123.125 	 5.521 	 65.556
FHW12125	123.250 	 5.770 	 61.390
FHW12125	123.375 	 5.566 	 65.556
FHW12125	123.500 	 5.521 	 65.556
FHW12125	123.625 	 5.770 	 61.389
FHW12125	123.750 	 5.521 	 65.556
FHW12125	123.875 	 5.565 	 65.556
FHW12125	124.000 	 5.566 	 65.556
FHW12125	124.125 	 5.330 	 59.036
FHW12125	124.250 	 5.566 	 65.556
FHW12125	124.375 	 5.521 	 65.556
FHW12125	124.500 	 5.770 	 61.389
FHW12125	124.625 	 5.566 	 65.556
FHW12125	124.750 	 5.521 	 65.556
FHW12125	124.875 	 5.565 	 65.556
FHW12125	125.000 	 5.770 	 61.390
FHW12125	125.125 	 5.521 	 65.556
FHW12125	125.250 	 5.565 	 65.556
FHW12125	125.375 	 5.724 	 61.389
FHW12125	125.500 	 5.566 	 65.556
FHW12125	125.625 	 5.566 	 65.556
FHW12125	125.750 	 5.724 	 61.390
FHW12125	125.875 	 5.566 	 65.556
FHW12125	126.000 	 5.521 	 65.556
FHW12125	126.125 	 5.566 	 65.556
FHW12125	126.250 	 5.770 	 61.389
FHW12125	126.375 	 5.521 	 65.556
FHW12125	126.500 	 5.566 	 65.556
FHW12125	126.625 	 5.724 	 61.390
FHW12125	126.750 	 5.566 	 65.556
FHW12125	126.875 	 5.565 	 65.556
FHW12125	127.000 	 5.521 	 65.556
FHW12125	127.125 	 5.770 	 61.389
FHW12125	127.250 	 5.521 	 65.556
FHW12125	127.375 	 5.566 	 65.556
FHW12125	127.500 	 5.770 	 61.390
FHW12125	127.625 	 5.111 	 63.435
FHW12125	127.750 	 5.565 	 65.556
FHW12125	127.875 	 5.566 	 65.556
FHW12125	128.000 	 5.724 	 61.389
FHW12125	128.125 	 5.565 	 65.556
FHW12125	128.250 	 5.521 	 65.556
FHW12125	128.375 	 5.770 	 61.390
FHW12125	128.500 	 5.565 	 65.556
FHW12125	128.625 	 5.521 	 65.556
FHW12125	128.750 	 5.770 	 61.389
FHW12125	128.875 	 5.521 	 65.556
FHW12125	129.000 	 5.565 	 65.556
FHW12125	129.125 	 5.566 	 65.556
FHW12125	129.250 	 5.724 	 61.390
FHW12125	129.375 	 5.565 	 65.555
FHW12125	129.500 	 5.521 	 65.556
FHW12125	129.625 	 5.770 	 61.390
FHW12125	129.750 	 5.565 	 65.556
FHW12125	129.875 	 5.521 	 65.556
FHW12125	130.000 	 5.566 	 65.556
FHW12125	130.125 	 5.724 	 61.389
FHW12125	130.250 	 5.566 	 65.556
FHW12125	130.375 	 5.565 	 65.556
FHW12125	130.500 	 5.724 	 61.389
FHW12125	130.625 	 5.566 	 65.556
FHW12125	130.750 	 5.521 	 65.556
FHW12125	130.875 	 5.770 	 61.390
FHW12125	131.000 	 5.566 	 65.556
FHW12125	131.125 	 5.111 	 63.434
FHW12125	131.250 	 5.565 	 65.556
FHW12125	131.375 	 5.724 	 61.390
FHW12125	131.500 	 5.566 	 65.556
FHW12125	131.625 	 5.565 	 65.556
FHW12125	131.750 	 5.724 	 61.389
FHW12125	131.875 	 5.566 	 65.556
FHW12125	132.000 	 8.615 	 64.799
FHW12125	132.125 	 8.685 	 64.799
FHW12125	132.250 	 9.027 	 66.038
FHW12125	132.375 	 8.685 	 64.799
FHW12125	132.500 	 8.818 	 62.103
FHW12125	132.625 	 8.685 	 64.799
FHW12125	132.750 	 9.026 	 66.038
FHW12125	132.875 	 8.685 	 64.799
FHW12125	133.000 	 8.616 	 64.799
FHW12125	133.125 	 8.888 	 62.103
FHW12125	133.250 	 8.615 	 64.799
FHW12125	133.375 	 9.098 	 66.038
FHW12125	133.500 	 8.616 	 64.799
FHW12125	133.625 	 8.685 	 64.799
FHW12125	133.750 	 8.616 	 64.799
FHW12125	133.875 	 9.292 	 63.435
FHW12125	134.000 	 8.615 	 64.799
FHW12125	134.125 	 8.685 	 64.799
FHW12125	134.250 	 8.616 	 64.799
FHW12125	134.375 	 8.685 	 64.799
FHW12125	134.500 	 9.218 	 63.435
FHW12125	134.625 	 8.686 	 64.799
FHW12125	134.750 	 8.615 	 64.799
FHW12125	134.875 	 8.616 	 64.799
FHW12125	135.000 	 9.098 	 66.038
FHW12125	135.125 	 8.817 	 62.103
FHW12125	135.250 	 8.685 	 64.799
FHW12125	135.375 	 8.616 	 64.799
FHW12125	135.500 	 8.685 	 64.799
FHW12125	135.625 	 9.026 	 66.038
FHW12125	135.750 	 8.685 	 64.799
FHW12125	135.875 	 8.818 	 62.103
FHW12125	136.000 	 8.685 	 64.799
FHW12125	136.125 	 9.027 	 66.038
FHW12125	136.250 	 8.685 	 64.799
FHW12125	136.375 	 8.615 	 64.799
FHW12125	136.500 	 8.888 	 62.103
FHW12125	136.625 	 8.616 	 64.799
FHW12125	136.750 	 9.098 	 66.037
FHW12125	136.875 	 8.615 	 64.799
FHW12125	137.000 	 8.686 	 64.799
FHW12125	137.125 	 8.615 	 64.799
FHW12125	137.250 	 9.292 	 63.435
FHW12125	137.375 	 8.616 	 64.799
FHW12125	137.500 	 8.685 	 64.799
FHW12125	137.625 	 8.615 	 64.799
FHW12125	137.750 	 8.685 	 64.799
FHW12125	137.875 	 9.219 	 63.435
FHW12125	138.000 	 8.685 	 64.799
FHW12125	138.125 	 8.616 	 64.799
FHW12125	138.250 	 8.685 	 64.799
FHW12125	138.375 	 8.615 	 64.799
FHW12125	138.500 	 9.027 	 66.037
FHW12125	138.625 	 8.888 	 62.103
FHW12125	138.750 	 8.615 	 64.799
FHW12125	138.875 	 8.685 	 64.799
FHW12125	139.000 	 9.027 	 66.037
FHW12125	139.125 	 8.685 	 64.799
FHW12125	139.250 	 8.817 	 62.103
FHW12125	139.375 	 8.686 	 64.799
FHW12125	139.500 	 8.615 	 64.799
FHW12125	139.625 	 9.098 	 66.037
FHW12125	139.750 	 8.616 	 64.799
FHW12125	139.875 	 8.888 	 62.103
FHW12125	140.000 	 8.615 	 64.799
FHW12125	140.125 	 9.098 	 66.037
FHW12125	140.250 	 8.616 	 64.799
FHW12125	140.375 	 8.685 	 64.799
FHW12125	140.500 	 8.616 	 64.799
FHW12125	140.625 	 8.888 	 62.103
FHW12125	140.750 	 9.026 	 66.038
FHW12125	140.875 	 8.685 	 64.799
FHW12125	141.000 	 8.616 	 64.799
FHW12125	141.125 	 8.685 	 64.799
FHW12125	141.250 	 9.218 	 63.435
FHW12125	141.375 	 10.708 	 64.537
FHW12125	141.500 	 12.211 	 65.376
FHW12125	141.625 	 12.405 	 63.435
FHW12125	141.750 	 12.403 	 63.435
FHW12125	141.875 	 12.211 	 65.377
FHW12125	142.000 	 12.403 	 63.435
FHW12125	142.125 	 12.405 	 63.435
FHW12125	142.250 	 12.211 	 65.376
FHW12125	142.375 	 12.403 	 63.435
FHW12125	142.500 	 12.114 	 65.377
FHW12125	142.625 	 12.005 	 62.447
FHW12125	142.750 	 12.405 	 63.435
FHW12125	142.875 	 12.210 	 65.376
FHW12125	143.000 	 12.405 	 63.435
FHW12125	143.125 	 12.210 	 65.377
FHW12125	143.250 	 12.405 	 63.435
FHW12125	143.375 	 12.405 	 63.435
FHW12125	143.500 	 12.210 	 65.377
FHW12125	143.625 	 12.306 	 63.435
FHW12125	143.750 	 12.405 	 63.435
FHW12125	143.875 	 12.210 	 65.377
FHW12125	144.000 	 12.405 	 63.435
FHW12125	144.125 	 12.211 	 65.377
FHW12125	144.250 	 12.403 	 63.435
FHW12125	144.375 	 12.405 	 63.435
FHW12125	144.500 	 12.211 	 65.377
FHW12125	144.625 	 12.403 	 63.435
FHW12125	144.750 	 12.306 	 63.435
FHW12125	144.875 	 12.211 	 65.377
FHW12125	145.000 	 12.403 	 63.435
FHW12125	145.125 	 12.211 	 65.377
FHW12125	145.250 	 12.405 	 63.435
FHW12125	145.375 	 12.403 	 63.435
FHW12125	145.500 	 12.211 	 65.376
FHW12125	145.625 	 12.403 	 63.435
FHW12125	145.750 	 12.405 	 63.435
FHW12125	145.875 	 12.114 	 65.376
FHW12125	146.000 	 12.405 	 63.435
FHW12125	146.125 	 12.210 	 65.376
FHW12125	146.250 	 12.405 	 63.435
FHW12125	146.375 	 12.005 	 62.447
FHW12125	146.500 	 12.209 	 65.376
FHW12125	146.625 	 12.405 	 63.435
FHW12125	146.750 	 12.403 	 63.435
FHW12125	146.875 	 12.211 	 65.376
FHW12125	147.000 	 12.405 	 63.435
FHW12125	147.125 	 12.114 	 65.376
FHW12125	147.250 	 12.403 	 63.435
FHW12125	147.375 	 12.405 	 63.435
FHW12125	147.500 	 12.211 	 65.376
FHW12125	147.625 	 12.403 	 63.435
FHW12125	147.750 	 12.211 	 65.376
FHW12125	147.875 	 12.403 	 63.435
FHW12125	148.000 	 12.405 	 63.435
FHW12125	148.125 	 12.211 	 65.377
FHW12125	148.250 	 12.306 	 63.435
FHW12125	148.375 	 12.403 	 63.435
FHW12125	148.500 	 12.211 	 65.377
FHW12125	148.625 	 12.403 	 63.435
FHW12125	148.750 	 12.211 	 65.377
FHW12125	148.875 	 12.405 	 63.435
FHW12125	149.000 	 12.403 	 63.435
FHW12125	149.125 	 12.211 	 65.376
FHW12125	149.250 	 12.403 	 63.435
FHW12125	149.375 	 12.308 	 63.435
FHW12125	149.500 	 12.210 	 65.377
FHW12125	149.625 	 12.405 	 63.435
FHW12125	149.750 	 12.210 	 65.377
FHW12125	149.875 	 12.405 	 63.435
FHW12125	150.000 	 12.005 	 62.447
FHW12125	150.125 	 12.210 	 65.376
FHW12125	150.250 	 12.405 	 63.435
FHW12125	150.375 	 12.403 	 63.435
FHW12125	150.500 	 12.116 	 65.377
FHW12125	150.625 	 12.403 	 63.435
FHW12125	150.750 	 13.314 	 65.225
FHW12125	150.875 	 16.013 	 64.179
FHW12125	151.000 	 15.493 	 63.435
FHW12125	151.125 	 16.013 	 64.179
FHW12125	151.250 	 16.209 	 62.701
FHW12125	151.375 	 16.013 	 64.179
FHW12125	151.500 	 16.013 	 64.179
FHW12125	151.625 	 15.493 	 63.435
FHW12125	151.750 	 16.013 	 64.179
FHW12125	151.875 	 16.011 	 64.179
FHW12125	152.000 	 16.013 	 64.179
FHW12125	152.125 	 15.617 	 63.435
FHW12125	152.250 	 15.887 	 64.179
FHW12125	152.375 	 16.011 	 64.179
FHW12125	152.500 	 16.013 	 64.179
FHW12125	152.625 	 16.013 	 64.179
FHW12125	152.750 	 15.820 	 61.927
FHW12125	152.875 	 16.012 	 64.179
FHW12125	153.000 	 15.887 	 64.179
FHW12125	153.125 	 16.013 	 64.179
FHW12125	153.250 	 15.617 	 63.435
FHW12125	153.375 	 16.011 	 64.179
FHW12125	153.500 	 16.013 	 64.179
FHW12125	153.625 	 15.887 	 64.179
FHW12125	153.750 	 15.617 	 63.435
FHW12125	153.875 	 16.013 	 64.179
FHW12125	154.000 	 16.012 	 64.179
FHW12125	154.125 	 16.013 	 64.179
FHW12125	154.250 	 15.887 	 64.179
FHW12125	154.375 	 15.820 	 61.928
FHW12125	154.500 	 16.011 	 64.179
FHW12125	154.625 	 16.013 	 64.179
FHW12125	154.750 	 16.013 	 64.179
FHW12125	154.875 	 15.615 	 63.435
FHW12125	155.000 	 15.889 	 64.179
FHW12125	155.125 	 16.011 	 64.179
FHW12125	155.250 	 16.013 	 64.179
FHW12125	155.375 	 16.013 	 64.179
FHW12125	155.500 	 15.615 	 63.435
FHW12125	155.625 	 15.887 	 64.179
FHW12125	155.750 	 16.013 	 64.179
FHW12125	155.875 	 16.210 	 62.700
FHW12125	156.000 	 15.617 	 63.435
FHW12125	156.125 	 16.011 	 64.179
FHW12125	156.250 	 15.887 	 64.179
FHW12125	156.375 	 16.013 	 64.179
FHW12125	156.500 	 16.013 	 64.179
FHW12125	156.625 	 15.615 	 63.435
FHW12125	156.750 	 16.013 	 64.179
FHW12125	156.875 	 16.013 	 64.179
FHW12125	157.000 	 15.887 	 64.179
FHW12125	157.125 	 15.617 	 63.435
FHW12125	157.250 	 16.011 	 64.179
FHW12125	157.375 	 16.013 	 64.179
FHW12125	157.500 	 16.211 	 62.701
FHW12125	157.625 	 15.887 	 64.179
FHW12125	157.750 	 15.615 	 63.435
FHW12125	157.875 	 16.013 	 64.179
FHW12125	158.000 	 16.013 	 64.179
FHW12125	158.125 	 16.011 	 64.179
FHW12125	158.250 	 15.495 	 63.435
FHW12125	158.375 	 16.011 	 64.179
FHW12125	158.500 	 16.013 	 64.179
FHW12125	158.625 	 16.013 	 64.179
FHW12125	158.750 	 15.615 	 63.435
FHW12125	158.875 	 15.887 	 64.179
FHW12125	159.000 	 16.013 	 64.179
FHW12125	159.125 	 16.211 	 62.701
FHW12125	159.250 	 16.013 	 64.179
FHW12125	159.375 	 15.615 	 63.435
FHW12125	159.500 	 16.013 	 64.179
FHW12125	159.625 	 15.887 	 64.179
FHW12125	159.750 	 16.013 	 64.179
FHW12125	159.875 	 15.615 	 63.435
FHW12125	160.000 	 16.013 	 64.179
FHW12125	160.125 	 16.013 	 64.179
FHW12125	160.250 	 19.224 	 64.058
FHW12125	160.375 	 20.000 	 65.225
FHW12125	160.500 	 19.769 	 64.654
FHW12125	160.625 	 20.000 	 65.225
FHW12125	160.750 	 19.613 	 64.654
FHW12125	160.875 	 19.767 	 64.654
FHW12125	161.000 	 20.003 	 65.225
FHW12125	161.125 	 19.767 	 64.654
FHW12125	161.250 	 19.613 	 64.654
FHW12125	161.375 	 20.158 	 65.225
FHW12125	161.500 	 19.613 	 64.654
FHW12125	161.625 	 20.159 	 65.225
FHW12125	161.750 	 19.613 	 64.654
FHW12125	161.875 	 19.613 	 64.654
FHW12125	162.000 	 20.159 	 65.225
FHW12125	162.125 	 19.613 	 64.653
FHW12125	162.250 	 19.767 	 64.655
FHW12125	162.375 	 20.003 	 65.224
FHW12125	162.500 	 19.767 	 64.654
FHW12125	162.625 	 20.003 	 65.224
FHW12125	162.750 	 19.613 	 64.654
FHW12125	162.875 	 19.767 	 64.654
FHW12125	163.000 	 20.003 	 65.225
FHW12125	163.125 	 19.767 	 64.654
FHW12125	163.250 	 19.613 	 64.653
FHW12125	163.375 	 20.159 	 65.225
FHW12125	163.500 	 19.613 	 64.654
FHW12125	163.625 	 20.158 	 65.225
FHW12125	163.750 	 19.613 	 64.654
FHW12125	163.875 	 19.613 	 64.654
FHW12125	164.000 	 20.159 	 65.224
FHW12125	164.125 	 19.613 	 64.654
FHW12125	164.250 	 19.767 	 64.654
FHW12125	164.375 	 20.003 	 65.225
FHW12125	164.500 	 19.767 	 64.654
FHW12125	164.625 	 20.002 	 65.225
FHW12125	164.750 	 19.613 	 64.654
FHW12125	164.875 	 19.767 	 64.654
FHW12125	165.000 	 20.003 	 65.224
FHW12125	165.125 	 19.767 	 64.654
FHW12125	165.250 	 19.613 	 64.654
FHW12125	165.375 	 20.159 	 65.225
FHW12125	165.500 	 19.613 	 64.654
FHW12125	165.625 	 20.159 	 65.225
FHW12125	165.750 	 19.613 	 64.654
FHW12125	165.875 	 19.613 	 64.654
FHW12125	166.000 	 20.158 	 65.225
FHW12125	166.125 	 19.613 	 64.654
FHW12125	166.250 	 19.956 	 63.435
FHW12125	166.375 	 20.003 	 65.224
FHW12125	166.500 	 19.767 	 64.654
FHW12125	166.625 	 20.003 	 65.225
FHW12125	166.750 	 19.611 	 64.654
FHW12125	166.875 	 19.769 	 64.654
FHW12125	167.000 	 20.000 	 65.225
FHW12125	167.125 	 19.769 	 64.654
FHW12125	167.250 	 19.611 	 64.654
FHW12125	167.375 	 20.161 	 65.224
FHW12125	167.500 	 19.613 	 64.654
FHW12125	167.625 	 20.159 	 65.225
FHW12125	167.750 	 19.613 	 64.653
FHW12125	167.875 	 19.611 	 64.654
FHW12125	168.000 	 20.161 	 65.226
FHW12125	168.125 	 19.611 	 64.654
FHW12125	168.250 	 20.161 	 65.224
FHW12125	168.375 	 19.611 	 64.654
FHW12125	168.500 	 19.769 	 64.654
FHW12125	168.625 	 20.000 	 65.224
FHW12125	168.750 	 19.613 	 64.654
FHW12125	168.875 	 19.767 	 64.654
FHW12125	169.000 	 20.003 	 65.225
FHW12125	169.125 	 19.769 	 64.654
FHW12125	169.250 	 20.000 	 65.224
FHW12125	169.375 	 19.769 	 64.654
FHW12125	169.500 	 19.611 	 64.654
FHW12125	169.625 	 22.062 	 66.161
FHW12125	169.750 	 23.921 	 65.462
FHW12125	169.875 	 23.921 	 65.463
FHW12125	170.000 	 23.735 	 65.462
FHW12125	170.125 	 23.921 	 65.463
FHW12125	170.250 	 23.921 	 65.462
FHW12125	170.375 	 23.921 	 65.463
FHW12125	170.500 	 23.564 	 66.501
FHW12125	170.625 	 24.302 	 65.925
FHW12125	170.750 	 23.921 	 65.462
FHW12125	170.875 	 23.921 	 65.462
FHW12125	171.000 	 23.735 	 65.463
FHW12125	171.125 	 23.921 	 65.462
FHW12125	171.250 	 23.921 	 65.463
FHW12125	171.375 	 23.749 	 66.501
FHW12125	171.500 	 23.735 	 65.462
FHW12125	171.625 	 23.921 	 65.462
FHW12125	171.750 	 24.302 	 65.925
FHW12125	171.875 	 23.738 	 65.463
FHW12125	172.000 	 23.918 	 65.462
FHW12125	172.125 	 23.921 	 65.462
FHW12125	172.250 	 23.749 	 66.501
FHW12125	172.375 	 23.738 	 65.463
FHW12125	172.500 	 23.921 	 65.462
FHW12125	172.625 	 23.918 	 65.463
FHW12125	172.750 	 23.921 	 65.462
FHW12125	172.875 	 24.117 	 65.924
FHW12125	173.000 	 23.921 	 65.463
FHW12125	173.125 	 23.918 	 65.462
FHW12125	173.250 	 23.750 	 66.502
FHW12125	173.375 	 23.737 	 65.462
FHW12125	173.500 	 23.921 	 65.463
FHW12125	173.625 	 23.921 	 65.462
FHW12125	173.750 	 23.735 	 65.463
FHW12125	173.875 	 23.921 	 65.462
FHW12125	174.000 	 24.302 	 65.925
FHW12125	174.125 	 23.750 	 66.502
FHW12125	174.250 	 23.734 	 65.462
FHW12125	174.375 	 23.921 	 65.462
FHW12125	174.500 	 23.921 	 65.462
FHW12125	174.625 	 23.921 	 65.463
FHW12125	174.750 	 23.734 	 65.462
FHW12125	174.875 	 23.921 	 65.463
FHW12125	175.000 	 23.921 	 65.462
FHW12125	175.125 	 23.948 	 66.949
FHW12125	175.250 	 23.921 	 65.463
FHW12125	175.375 	 23.921 	 65.462
FHW12125	175.500 	 23.921 	 65.463
FHW12125	175.625 	 23.734 	 65.462
FHW12125	175.750 	 23.921 	 65.462
FHW12125	175.875 	 23.921 	 65.462
FHW12125	176.000 	 23.750 	 66.502
FHW12125	176.125 	 23.734 	 65.462
FHW12125	176.250 	 24.302 	 65.925
FHW12125	176.375 	 23.921 	 65.463
FHW12125	176.500 	 23.921 	 65.462
FHW12125	176.625 	 23.735 	 65.463
FHW12125	176.750 	 23.921 	 65.462
FHW12125	176.875 	 23.750 	 66.502
FHW12125	177.000 	 23.734 	 65.462
FHW12125	177.125 	 23.921 	 65.463
FHW12125	177.250 	 23.921 	 65.462
FHW12125	177.375 	 24.302 	 65.925
FHW12125	177.500 	 23.735 	 65.463
FHW12125	177.625 	 23.921 	 65.462
FHW12125	177.750 	 23.921 	 65.463
FHW12125	177.875 	 23.749 	 66.501
FHW12125	178.000 	 23.738 	 65.462
FHW12125	178.125 	 23.918 	 65.462
FHW12125	178.250 	 23.921 	 65.463
FHW12125	178.375 	 24.302 	 65.925
FHW12125	178.500 	 23.737 	 65.462
FHW12125	178.625 	 23.918 	 65.463
FHW12125	178.750 	 23.750 	 66.501
FHW12125	178.875 	 23.738 	 65.463
FHW12125	179.000 	 24.665 	 64.917
FHW12125	179.125 	 27.663 	 65.637
FHW12125	179.250 	 28.412 	 65.158
FHW12125	179.375 	 27.875 	 65.638
FHW12125	179.500 	 27.830 	 64.747
FHW12125	179.625 	 27.875 	 65.637
FHW12125	179.750 	 28.197 	 65.158
FHW12125	179.875 	 27.875 	 65.638
FHW12125	180.000 	 28.045 	 64.747
FHW12125	180.125 	 27.660 	 65.638
FHW12125	180.250 	 28.045 	 64.747
FHW12125	180.375 	 28.245 	 66.037
FHW12125	180.500 	 27.833 	 64.747
FHW12125	180.625 	 27.875 	 65.638
FHW12125	180.750 	 27.829 	 64.747
FHW12125	180.875 	 28.248 	 66.037
FHW12125	181.000 	 28.046 	 64.747
FHW12125	181.125 	 27.659 	 65.638
FHW12125	181.250 	 28.046 	 64.747
FHW12125	181.375 	 27.663 	 65.637
FHW12125	181.500 	 28.412 	 65.157
FHW12125	181.625 	 27.875 	 65.638
FHW12125	181.750 	 27.829 	 64.747
FHW12125	181.875 	 27.875 	 65.638
FHW12125	182.000 	 27.663 	 65.638
FHW12125	182.125 	 28.412 	 65.158
FHW12125	182.250 	 27.875 	 65.637
FHW12125	182.375 	 27.830 	 64.747
FHW12125	182.500 	 27.875 	 65.638
FHW12125	182.625 	 28.197 	 65.157
FHW12125	182.750 	 27.875 	 65.638
FHW12125	182.875 	 28.045 	 64.747
FHW12125	183.000 	 27.660 	 65.638
FHW12125	183.125 	 28.045 	 64.747
FHW12125	183.250 	 28.248 	 66.037
FHW12125	183.375 	 27.829 	 64.747
FHW12125	183.500 	 27.875 	 65.638
FHW12125	183.625 	 27.832 	 64.747
FHW12125	183.750 	 28.245 	 66.038
FHW12125	183.875 	 28.046 	 64.747
FHW12125	184.000 	 27.660 	 65.637
FHW12125	184.125 	 28.046 	 64.747
FHW12125	184.250 	 27.663 	 65.638
FHW12125	184.375 	 28.412 	 65.158
FHW12125	184.500 	 27.875 	 65.637
FHW12125	184.625 	 27.829 	 64.747
FHW12125	184.750 	 27.875 	 65.638
FHW12125	184.875 	 28.197 	 65.158
FHW12125	185.000 	 27.875 	 65.637
FHW12125	185.125 	 28.046 	 64.748
FHW12125	185.250 	 27.660 	 65.637
FHW12125	185.375 	 28.045 	 64.747
FHW12125	185.500 	 28.249 	 66.038
FHW12125	185.625 	 27.829 	 64.747
FHW12125	185.750 	 27.875 	 65.637
FHW12125	185.875 	 27.832 	 64.747
FHW12125	186.000 	 28.245 	 66.038
FHW12125	186.125 	 28.045 	 64.746
FHW12125	186.250 	 27.660 	 65.639
FHW12125	186.375 	 28.045 	 64.746
FHW12125	186.500 	 27.663 	 65.637
FHW12125	186.625 	 28.412 	 65.158
FHW12125	186.750 	 27.875 	 65.637
FHW12125	186.875 	 27.829 	 64.747
FHW12125	187.000 	 27.875 	 65.637
FHW12125	187.125 	 27.833 	 64.747
FHW12125	187.250 	 28.245 	 66.038
FHW12125	187.375 	 28.045 	 64.746
FHW12125	187.500 	 27.660 	 65.638
FHW12125	187.625 	 28.045 	 64.747
FHW12125	187.750 	 28.031 	 66.038
FHW12125	187.875 	 28.045 	 64.747
FHW12125	188.000 	 27.875 	 65.637
FHW12125	188.125 	 27.663 	 65.637
FHW12125	188.250 	 28.046 	 64.748
FHW12125	188.375 	 28.245 	 66.037
FHW12125	188.500 	 31.042 	 64.231
FHW12125	188.625 	 32.156 	 64.204
FHW12125	188.750 	 31.993 	 64.983
FHW12125	188.875 	 32.157 	 64.204
FHW12125	189.000 	 31.807 	 63.825
FHW12125	189.125 	 31.990 	 64.982
FHW12125	189.250 	 32.156 	 64.204
FHW12125	189.375 	 31.994 	 64.984
FHW12125	189.500 	 32.156 	 64.204
FHW12125	189.625 	 31.990 	 64.983
FHW12125	189.750 	 31.807 	 63.824
FHW12125	189.875 	 32.156 	 64.204
FHW12125	190.000 	 31.990 	 64.984
FHW12125	190.125 	 32.160 	 64.204
FHW12125	190.250 	 31.990 	 64.982
FHW12125	190.375 	 32.052 	 63.825
FHW12125	190.500 	 32.156 	 64.204
FHW12125	190.625 	 31.990 	 64.984
FHW12125	190.750 	 32.156 	 64.204
FHW12125	190.875 	 31.990 	 64.983
FHW12125	191.000 	 31.807 	 63.824
FHW12125	191.125 	 31.994 	 64.984
FHW12125	191.250 	 32.156 	 64.204
FHW12125	191.375 	 32.156 	 64.204
FHW12125	191.500 	 31.990 	 64.983
FHW12125	191.625 	 32.157 	 64.204
FHW12125	191.750 	 31.640 	 64.612
FHW12125	191.875 	 32.156 	 64.204
FHW12125	192.000 	 31.990 	 64.983
FHW12125	192.125 	 32.157 	 64.204
FHW12125	192.250 	 32.156 	 64.204
FHW12125	192.375 	 31.637 	 64.611
FHW12125	192.500 	 32.403 	 64.204
FHW12125	192.625 	 31.990 	 64.983
FHW12125	192.750 	 32.161 	 64.204
FHW12125	192.875 	 32.156 	 64.204
FHW12125	193.000 	 31.637 	 64.612
FHW12125	193.125 	 32.156 	 64.204
FHW12125	193.250 	 31.990 	 64.983
FHW12125	193.375 	 32.157 	 64.205
FHW12125	193.500 	 31.993 	 64.982
FHW12125	193.625 	 32.156 	 64.204
FHW12125	193.750 	 31.807 	 63.824
FHW12125	193.875 	 31.990 	 64.984
FHW12125	194.000 	 32.156 	 64.204
FHW12125	194.125 	 31.993 	 64.983
FHW12125	194.250 	 32.156 	 64.204
FHW12125	194.375 	 31.807 	 63.825
FHW12125	194.500 	 31.990 	 64.984
FHW12125	194.625 	 32.156 	 64.204
FHW12125	194.750 	 32.236 	 64.983
FHW12125	194.875 	 32.157 	 64.204
FHW12125	195.000 	 31.637 	 64.612
FHW12125	195.125 	 32.160 	 64.204
FHW12125	195.250 	 32.156 	 64.204
FHW12125	195.375 	 31.990 	 64.983
FHW12125	195.500 	 32.157 	 64.205
FHW12125	195.625 	 31.990 	 64.982
FHW12125	195.750 	 31.810 	 63.825
FHW12125	195.875 	 31.990 	 64.983
FHW12125	196.000 	 32.156 	 64.204
FHW12125	196.125 	 32.157 	 64.204
FHW12125	196.250 	 31.990 	 64.983
FHW12125	196.375 	 31.807 	 63.824
FHW12125	196.500 	 31.993 	 64.983
FHW12125	196.625 	 32.157 	 64.205
FHW12125	196.750 	 32.156 	 64.204
FHW12125	196.875 	 31.990 	 64.983
FHW12125	197.000 	 32.052 	 63.824
FHW12125	197.125 	 31.990 	 64.983
FHW12125	197.250 	 32.157 	 64.204
FHW12125	197.375 	 31.990 	 64.983
FHW12125	197.500 	 32.160 	 64.204
FHW12125	197.625 	 32.157 	 64.205
FHW12125	197.750 	 31.637 	 64.612
FHW12125	197.875 	 34.024 	 63.800
FHW12125	198.000 	 35.989 	 64.133
FHW12125	198.125 	 36.152 	 63.435
FHW12125	198.250 	 36.152 	 63.435
FHW12125	198.375 	 35.988 	 64.134
FHW12125	198.500 	 36.422 	 63.435
FHW12125	198.625 	 36.152 	 63.435
FHW12125	198.750 	 36.152 	 63.435
FHW12125	198.875 	 35.989 	 64.133
FHW12125	199.000 	 36.152 	 63.435
FHW12125	199.125 	 36.478 	 63.778
FHW12125	199.250 	 35.988 	 64.134
FHW12125	199.375 	 36.152 	 63.435
FHW12125	199.500 	 36.152 	 63.435
FHW12125	199.625 	 36.152 	 63.435
FHW12125	199.750 	 35.989 	 64.133
FHW12125	199.875 	 36.422 	 63.435
FHW12125	200.000 	 36.152 	 63.435
FHW12125	200.125 	 35.988 	 64.134
FHW12125	200.250 	 36.152 	 63.435
FHW12125	200.375 	 36.152 	 63.435
FHW12125	200.500 	 36.148 	 63.435
FHW12125	200.625 	 35.988 	 64.134
FHW12125	200.750 	 36.152 	 63.435
FHW12125	200.875 	 36.152 	 63.435
FHW12125	201.000 	 35.989 	 64.133
FHW12125	201.125 	 36.482 	 63.778
FHW12125	201.250 	 36.422 	 63.435
FHW12125	201.375 	 36.152 	 63.435
FHW12125	201.500 	 35.988 	 64.134
FHW12125	201.625 	 36.153 	 63.436
FHW12125	201.750 	 36.152 	 63.435
FHW12125	201.875 	 35.989 	 64.133
FHW12125	202.000 	 36.148 	 63.435
FHW12125	202.125 	 36.152 	 63.435
FHW12125	202.250 	 36.152 	 63.435
FHW12125	202.375 	 35.988 	 64.134
FHW12125	202.500 	 36.152 	 63.435
FHW12125	202.625 	 36.152 	 63.435
FHW12125	202.750 	 36.258 	 64.133
FHW12125	202.875 	 36.152 	 63.435
FHW12125	203.000 	 36.482 	 63.778
FHW12125	203.125 	 36.152 	 63.435
FHW12125	203.250 	 35.988 	 64.134
FHW12125	203.375 	 36.148 	 63.435
FHW12125	203.500 	 36.152 	 63.435
FHW12125	203.625 	 35.989 	 64.133
FHW12125	203.750 	 36.152 	 63.435
FHW12125	203.875 	 36.152 	 63.435
FHW12125	204.000 	 36.152 	 63.435
FHW12125	204.125 	 36.258 	 64.134
FHW12125	204.250 	 36.152 	 63.435
FHW12125	204.375 	 36.152 	 63.435
FHW12125	204.500 	 35.989 	 64.133
FHW12125	204.625 	 36.152 	 63.435
FHW12125	204.750 	 36.148 	 63.435
FHW12125	204.875 	 36.152 	 63.435
FHW12125	205.000 	 36.322 	 64.470
FHW12125	205.125 	 36.152 	 63.435
FHW12125	205.250 	 36.152 	 63.435
FHW12125	205.375 	 35.988 	 64.134
FHW12125	205.500 	 36.422 	 63.435
FHW12125	205.625 	 36.152 	 63.435
FHW12125	205.750 	 36.152 	 63.435
FHW12125	205.875 	 35.989 	 64.133
FHW12125	206.000 	 36.152 	 63.435
FHW12125	206.125 	 36.152 	 63.435
FHW12125	206.250 	 36.148 	 63.435
FHW12125	206.375 	 35.988 	 64.134
FHW12125	206.500 	 36.152 	 63.435
FHW12125	206.625 	 36.152 	 63.435
FHW12125	206.750 	 35.989 	 64.133
FHW12125	206.875 	 36.152 	 63.435
FHW12125	207.000 	 36.753 	 63.779
FHW12125	207.125 	 36.152 	 63.435
FHW12125	207.250 	 36.152 	 63.435
FHW12125	207.375 	 40.276 	 63.434
FHW12125	207.500 	 40.589 	 63.750
FHW12125	207.625 	 39.983 	 63.435
FHW12125	207.750 	 40.434 	 62.802
FHW12125	207.875 	 40.589 	 63.750
FHW12125	208.000 	 40.276 	 63.435
FHW12125	208.125 	 40.136 	 62.802
FHW12125	208.250 	 40.276 	 63.435
FHW12125	208.375 	 40.589 	 63.750
FHW12125	208.500 	 40.439 	 62.802
FHW12125	208.625 	 39.978 	 63.435
FHW12125	208.750 	 40.589 	 63.750
FHW12125	208.875 	 40.276 	 63.434
FHW12125	209.000 	 40.434 	 62.802
FHW12125	209.125 	 39.983 	 63.435
FHW12125	209.250 	 40.589 	 63.750
FHW12125	209.375 	 40.434 	 62.802
FHW12125	209.500 	 39.982 	 63.434
FHW12125	209.625 	 40.589 	 63.750
FHW12125	209.750 	 40.434 	 62.802
FHW12125	209.875 	 40.276 	 63.435
FHW12125	210.000 	 39.978 	 63.436
FHW12125	210.125 	 40.589 	 63.750
FHW12125	210.250 	 40.438 	 62.802
FHW12125	210.375 	 40.276 	 63.435
FHW12125	210.500 	 40.291 	 63.750
FHW12125	210.625 	 40.434 	 62.802
FHW12125	210.750 	 40.276 	 63.435
FHW12125	210.875 	 40.276 	 63.434
FHW12125	211.000 	 40.450 	 63.122
FHW12125	211.125 	 40.276 	 63.435
FHW12125	211.250 	 40.276 	 63.435
FHW12125	211.375 	 40.589 	 63.750
FHW12125	211.500 	 40.141 	 62.802
FHW12125	211.625 	 40.275 	 63.435
FHW12125	211.750 	 40.276 	 63.435
FHW12125	211.875 	 40.446 	 63.122
FHW12125	212.000 	 40.276 	 63.435
FHW12125	212.125 	 40.281 	 63.435
FHW12125	212.250 	 40.744 	 63.122
FHW12125	212.375 	 39.978 	 63.434
FHW12125	212.500 	 40.276 	 63.435
FHW12125	212.625 	 40.276 	 63.436
FHW12125	212.750 	 40.744 	 63.121
FHW12125	212.875 	 39.983 	 63.436
FHW12125	213.000 	 40.276 	 63.434
FHW12125	213.125 	 40.744 	 63.122
FHW12125	213.250 	 40.276 	 63.435
FHW12125	213.375 	 39.983 	 63.435
FHW12125	213.500 	 40.434 	 62.802
FHW12125	213.625 	 40.589 	 63.750
FHW12125	213.750 	 39.978 	 63.434
FHW12125	213.875 	 40.281 	 63.436
FHW12125	214.000 	 40.744 	 63.121
FHW12125	214.125 	 40.276 	 63.436
FHW12125	214.250 	 39.978 	 63.435
FHW12125	214.375 	 40.744 	 63.121
FHW12125	214.500 	 40.275 	 63.435
FHW12125	214.625 	 40.276 	 63.435
FHW12125	214.750 	 40.141 	 62.802
FHW12125	214.875 	 40.589 	 63.750
FHW12125	215.000 	 40.276 	 63.435
FHW12125	215.125 	 40.276 	 63.434
FHW12125	215.250 	 40.450 	 63.122
FHW12125	215.375 	 40.276 	 63.435
FHW12125	215.500 	 40.276 	 63.436
FHW12125	215.625 	 40.434 	 62.801
FHW12125	215.750 	 40.296 	 63.751
FHW12125	215.875 	 40.276 	 63.434
FHW12125	216.000 	 40.435 	 62.803
FHW12125	216.125 	 40.290 	 63.749
FHW12125	216.250 	 40.276 	 63.434
FHW12125	216.375 	 40.277 	 63.436
FHW12125	216.500 	 40.438 	 62.802
FHW12125	216.625 	 40.291 	 63.750
FHW12125	216.750 	 43.355 	 63.435
FHW12125	216.875 	 44.708 	 63.726
FHW12125	217.000 	 44.246 	 62.850
FHW12125	217.125 	 44.709 	 63.727
FHW12125	217.250 	 44.420 	 63.435
FHW12125	217.375 	 44.415 	 63.434
FHW12125	217.500 	 44.708 	 63.726
FHW12125	217.625 	 44.416 	 63.436
FHW12125	217.750 	 44.713 	 63.726
FHW12125	217.875 	 44.415 	 63.434
FHW12125	218.000 	 44.709 	 63.727
FHW12125	218.125 	 44.098 	 63.435
FHW12125	218.250 	 44.415 	 63.435
FHW12125	218.375 	 44.858 	 63.145
FHW12125	218.500 	 44.416 	 63.436
FHW12125	218.625 	 44.708 	 63.726
FHW12125	218.750 	 44.420 	 63.434
FHW12125	218.875 	 44.709 	 63.727
FHW12125	219.000 	 44.415 	 63.435
FHW12125	219.125 	 44.415 	 63.435
FHW12125	219.250 	 44.714 	 63.727
FHW12125	219.375 	 44.093 	 63.434
FHW12125	219.500 	 44.713 	 63.726
FHW12125	219.625 	 44.415 	 63.435
FHW12125	219.750 	 44.564 	 62.851
FHW12125	219.875 	 44.713 	 63.726
FHW12125	220.000 	 44.415 	 63.435
FHW12125	220.125 	 44.709 	 63.727
FHW12125	220.250 	 44.420 	 63.434
FHW12125	220.375 	 44.708 	 63.726
FHW12125	220.500 	 44.098 	 63.435
FHW12125	220.625 	 44.416 	 63.436
FHW12125	220.750 	 44.708 	 63.725
FHW12125	220.875 	 44.415 	 63.435
FHW12125	221.000 	 44.714 	 63.727
FHW12125	221.125 	 44.563 	 62.850
FHW12125	221.250 	 44.708 	 63.726
FHW12125	221.375 	 44.420 	 63.435
FHW12125	221.500 	 44.416 	 63.436
FHW12125	221.625 	 44.390 	 63.726
FHW12125	221.750 	 44.415 	 63.434
FHW12125	221.875 	 44.709 	 63.727
FHW12125	222.000 	 44.420 	 63.435
FHW12125	222.125 	 44.708 	 63.726
FHW12125	222.250 	 44.417 	 63.435
FHW12125	222.375 	 44.415 	 63.435
FHW12125	222.500 	 44.857 	 63.146
FHW12125	222.625 	 44.415 	 63.434
FHW12125	222.750 	 44.709 	 63.727
FHW12125	222.875 	 44.098 	 63.435
FHW12125	223.000 	 44.415 	 63.435
FHW12125	223.125 	 44.714 	 63.726
FHW12125	223.250 	 44.415 	 63.435
FHW12125	223.375 	 44.708 	 63.726
FHW12125	223.500 	 44.420 	 63.435
FHW12125	223.625 	 44.709 	 63.727
FHW12125	223.750 	 44.563 	 62.850
FHW12125	223.875 	 44.420 	 63.435
FHW12125	224.000 	 44.386 	 63.727
FHW12125	224.125 	 44.420 	 63.434
FHW12125	224.250 	 44.708 	 63.726
FHW12125	224.375 	 44.415 	 63.435
FHW12125	224.500 	 44.709 	 63.727
FHW12125	224.625 	 44.420 	 63.434
FHW12125	224.750 	 44.415 	 63.435
FHW12125	224.875 	 44.709 	 63.727
FHW12125	225.000 	 44.420 	 63.435
FHW12125	225.125 	 44.853 	 63.145
FHW12125	225.250 	 44.099 	 63.436
FHW12125	225.375 	 44.415 	 63.435
FHW12125	225.500 	 44.708 	 63.725
FHW12125	225.625 	 44.420 	 63.435
FHW12125	225.750 	 44.709 	 63.727
FHW12125	225.875 	 44.415 	 63.435
FHW12125	226.000 	 44.708 	 63.726
FHW12125	226.125 	 45.797 	 63.435
FHW12125	226.250 	 49.143 	 63.705
FHW12125	226.375 	 48.740 	 63.983
FHW12125	226.500 	 48.528 	 63.435
FHW12125	226.625 	 49.144 	 63.706
FHW12125	226.750 	 48.746 	 63.983
FHW12125	226.875 	 48.528 	 63.435
FHW12125	227.000 	 49.012 	 64.249
FHW12125	227.125 	 48.874 	 63.435
FHW12125	227.250 	 48.740 	 63.983
FHW12125	227.375 	 48.802 	 63.705
FHW12125	227.500 	 48.875 	 63.436
FHW12125	227.625 	 48.740 	 63.983
FHW12125	227.750 	 48.797 	 63.705
FHW12125	227.875 	 48.740 	 63.983
FHW12125	228.000 	 49.143 	 63.705
FHW12125	228.125 	 48.874 	 63.435
FHW12125	228.250 	 48.398 	 63.983
FHW12125	228.375 	 49.144 	 63.706
FHW12125	228.500 	 48.740 	 63.983
FHW12125	228.625 	 48.533 	 63.435
FHW12125	228.750 	 49.143 	 63.705
FHW12125	228.875 	 48.740 	 63.983
FHW12125	229.000 	 48.874 	 63.435
FHW12125	229.125 	 48.665 	 64.250
FHW12125	229.250 	 48.876 	 63.435
FHW12125	229.375 	 49.143 	 63.705
FHW12125	229.500 	 48.740 	 63.984
FHW12125	229.625 	 48.533 	 63.434
FHW12125	229.750 	 49.012 	 64.250
FHW12125	229.875 	 48.874 	 63.435
FHW12125	230.000 	 48.533 	 63.434
FHW12125	230.125 	 49.013 	 64.251
FHW12125	230.250 	 48.874 	 63.435
FHW12125	230.375 	 48.740 	 63.983
FHW12125	230.500 	 48.797 	 63.705
FHW12125	230.625 	 48.740 	 63.983
FHW12125	230.750 	 49.143 	 63.705
FHW12125	230.875 	 48.534 	 63.436
FHW12125	231.000 	 48.740 	 63.983
FHW12125	231.125 	 49.143 	 63.705
FHW12125	231.250 	 48.740 	 63.983
FHW12125	231.375 	 48.528 	 63.435
FHW12125	231.500 	 49.143 	 63.705
FHW12125	231.625 	 48.746 	 63.983
FHW12125	231.750 	 48.528 	 63.435
FHW12125	231.875 	 49.013 	 64.250
FHW12125	232.000 	 48.874 	 63.435
FHW12125	232.125 	 48.874 	 63.435
FHW12125	232.250 	 48.671 	 64.249
FHW12125	232.375 	 48.874 	 63.435
FHW12125	232.500 	 49.013 	 64.250
FHW12125	232.625 	 48.528 	 63.435
FHW12125	232.750 	 48.874 	 63.435
FHW12125	232.875 	 49.012 	 64.249
FHW12125	233.000 	 48.874 	 63.435
FHW12125	233.125 	 48.398 	 63.983
FHW12125	233.250 	 49.143 	 63.705
FHW12125	233.375 	 48.874 	 63.435
FHW12125	233.500 	 48.400 	 63.984
FHW12125	233.625 	 49.143 	 63.705
FHW12125	233.750 	 48.740 	 63.983
FHW12125	233.875 	 49.143 	 63.705
FHW12125	234.000 	 48.528 	 63.435
FHW12125	234.125 	 48.740 	 63.983
FHW12125	234.250 	 49.144 	 63.706
FHW12125	234.375 	 48.398 	 63.983
FHW12125	234.500 	 48.874 	 63.435
FHW12125	234.625 	 49.012 	 64.250
FHW12125	234.750 	 48.875 	 63.434
FHW12125	234.875 	 48.528 	 63.435
FHW12125	235.000 	 49.017 	 64.250
FHW12125	235.125 	 48.876 	 63.435
FHW12125	235.250 	 48.665 	 64.250
FHW12125	235.375 	 48.874 	 63.435
FHW12125	235.500 	 48.875 	 63.434
FHW12125	235.625 	 53.061 	 64.463
FHW12125	235.750 	 53.181 	 63.946
FHW12125	235.875 	 53.790 	 64.196
FHW12125	236.000 	 53.181 	 63.946
FHW12125	236.125 	 53.061 	 64.463
FHW12125	236.250 	 53.546 	 63.946
FHW12125	236.375 	 53.181 	 63.946
FHW12125	236.500 	 53.181 	 63.947
FHW12125	236.625 	 53.055 	 64.462
FHW12125	236.750 	 53.551 	 63.947
FHW12125	236.875 	 53.181 	 63.946
FHW12125	237.000 	 53.175 	 63.946
FHW12125	237.125 	 53.308 	 64.708
FHW12125	237.250 	 53.552 	 63.946
FHW12125	237.375 	 53.175 	 63.947
FHW12125	237.500 	 53.181 	 63.946
FHW12125	237.625 	 53.427 	 64.462
FHW12125	237.750 	 53.181 	 63.947
FHW12125	237.875 	 53.180 	 63.945
FHW12125	238.000 	 53.181 	 63.946
FHW12125	238.125 	 53.427 	 64.463
FHW12125	238.250 	 53.181 	 63.946
FHW12125	238.375 	 53.426 	 64.196
FHW12125	238.500 	 53.181 	 63.946
FHW12125	238.625 	 53.427 	 64.463
FHW12125	238.750 	 53.181 	 63.946
FHW12125	238.875 	 53.181 	 63.946
FHW12125	239.000 	 53.546 	 63.947
FHW12125	239.125 	 53.061 	 64.462
FHW12125	239.250 	 53.175 	 63.947
FHW12125	239.375 	 53.181 	 63.946
FHW12125	239.500 	 53.796 	 64.195
FHW12125	239.625 	 53.055 	 64.463
FHW12125	239.750 	 53.181 	 63.946
FHW12125	239.875 	 53.181 	 63.947
FHW12125	240.000 	 53.546 	 63.946
FHW12125	240.125 	 53.061 	 64.462
FHW12125	240.250 	 53.181 	 63.947
FHW12125	240.375 	 53.546 	 63.946
FHW12125	240.500 	 53.181 	 63.946
FHW12125	240.625 	 53.061 	 64.463
FHW12125	240.750 	 53.426 	 64.195
FHW12125	240.875 	 53.546 	 63.947
FHW12125	241.000 	 53.181 	 63.946
FHW12125	241.125 	 53.061 	 64.463
FHW12125	241.250 	 53.175 	 63.946
FHW12125	241.375 	 53.552 	 63.946
FHW12125	241.500 	 53.181 	 63.947
FHW12125	241.625 	 53.055 	 64.462
FHW12125	241.750 	 53.551 	 63.947
FHW12125	241.875 	 53.175 	 63.946
FHW12125	242.000 	 53.426 	 64.195
FHW12125	242.125 	 53.061 	 64.463
FHW12125	242.250 	 53.546 	 63.946
FHW12125	242.375 	 53.181 	 63.947
FHW12125	242.500 	 53.181 	 63.946
FHW12125	242.625 	 53.061 	 64.462
FHW12125	242.750 	 53.546 	 63.947
FHW12125	242.875 	 53.180 	 63.945
FHW12125	243.000 	 53.181 	 63.946
FHW12125	243.125 	 53.427 	 64.463
FHW12125	243.250 	 53.426 	 64.195
FHW12125	243.375 	 53.181 	 63.947
FHW12125	243.500 	 53.175 	 63.946
FHW12125	243.625 	 53.432 	 64.463
FHW12125	243.750 	 53.181 	 63.946
FHW12125	243.875 	 53.175 	 63.946
FHW12125	244.000 	 53.181 	 63.947
FHW12125	244.125 	 53.432 	 64.462
FHW12125	244.250 	 53.175 	 63.947
FHW12125	244.375 	 53.426 	 64.195
FHW12125	244.500 	 53.552 	 63.946
FHW12125	244.625 	 53.055 	 64.463
FHW12125	244.750 	 53.181 	 63.946
FHW12125	244.875 	 53.181 	 63.947
FHW12125	245.000 	 56.492 	 64.419
FHW12125	245.125 	 58.099 	 64.884
FHW12125	245.250 	 58.094 	 64.885
FHW12125	245.375 	 57.879 	 64.654
FHW12125	245.500 	 57.709 	 64.885
FHW12125	245.625 	 58.100 	 64.885
FHW12125	245.750 	 58.093 	 64.884
FHW12125	245.875 	 58.100 	 64.885
FHW12125	246.000 	 58.198 	 64.398
FHW12125	246.125 	 58.100 	 64.885
FHW12125	246.250 	 57.709 	 64.885
FHW12125	246.375 	 58.100 	 64.885
FHW12125	246.500 	 58.093 	 64.884
FHW12125	246.625 	 58.100 	 64.885
FHW12125	246.750 	 58.100 	 64.885
FHW12125	246.875 	 57.873 	 64.654
FHW12125	247.000 	 57.814 	 64.398
FHW12125	247.125 	 58.099 	 64.884
FHW12125	247.250 	 58.100 	 64.885
FHW12125	247.375 	 58.094 	 64.885
FHW12125	247.500 	 58.100 	 64.885
FHW12125	247.625 	 57.709 	 64.885
FHW12125	247.750 	 58.099 	 64.884
FHW12125	247.875 	 58.094 	 64.885
FHW12125	248.000 	 58.203 	 64.398
FHW12125	248.125 	 58.094 	 64.885
FHW12125	248.250 	 58.100 	 64.885
FHW12125	248.375 	 57.487 	 64.653
FHW12125	248.500 	 58.100 	 64.885
FHW12125	248.625 	 58.094 	 64.885
FHW12125	248.750 	 58.100 	 64.885
FHW12125	248.875 	 58.100 	 64.885
FHW12125	249.000 	 58.198 	 64.398
FHW12125	249.125 	 57.709 	 64.884
FHW12125	249.250 	 58.100 	 64.885
FHW12125	249.375 	 58.100 	 64.885
FHW12125	249.500 	 58.094 	 64.885
FHW12125	249.625 	 58.100 	 64.885
FHW12125	249.750 	 58.094 	 64.885
FHW12125	249.875 	 57.492 	 64.653
FHW12125	250.000 	 58.198 	 64.398
FHW12125	250.125 	 58.100 	 64.885
FHW12125	250.250 	 58.094 	 64.885
FHW12125	250.375 	 58.100 	 64.885
FHW12125	250.500 	 57.709 	 64.884
FHW12125	250.625 	 58.100 	 64.885
FHW12125	250.750 	 58.094 	 64.885
FHW12125	250.875 	 58.100 	 64.885
FHW12125	251.000 	 58.203 	 64.398
FHW12125	251.125 	 58.093 	 64.884
FHW12125	251.250 	 57.709 	 64.885
FHW12125	251.375 	 57.879 	 64.654
FHW12125	251.500 	 58.100 	 64.885
FHW12125	251.625 	 58.094 	 64.885
FHW12125	251.750 	 58.099 	 64.884
FHW12125	251.875 	 58.094 	 64.885
FHW12125	252.000 	 57.819 	 64.398
FHW12125	252.125 	 58.094 	 64.885
FHW12125	252.250 	 58.100 	 64.885
FHW12125	252.375 	 58.094 	 64.885
FHW12125	252.500 	 58.099 	 64.884
FHW12125	252.625 	 58.100 	 64.885
FHW12125	252.750 	 57.709 	 64.885
FHW12125	252.875 	 57.873 	 64.654
FHW12125	253.000 	 58.203 	 64.398
FHW12125	253.125 	 58.099 	 64.884
FHW12125	253.250 	 58.094 	 64.885
FHW12125	253.375 	 58.100 	 64.885
FHW12125	253.500 	 57.709 	 64.885
FHW12125	253.625 	 58.100 	 64.885
FHW12125	253.750 	 58.093 	 64.884
FHW12125	253.875 	 58.100 	 64.885
FHW12125	254.000 	 58.198 	 64.398
FHW12125	254.125 	 57.715 	 64.885
FHW12125	254.250 	 58.094 	 64.885
FHW12125	254.375 	 59.493 	 65.113
FHW12125	254.500 	 62.818 	 65.513
FHW12125	254.625 	 62.497 	 65.045
FHW12125	254.750 	 62.812 	 65.513
FHW12125	254.875 	 62.819 	 65.514
FHW12125	255.000 	 62.812 	 65.512
FHW12125	255.125 	 62.819 	 65.514
FHW12125	255.250 	 63.002 	 65.726
FHW12125	255.375 	 62.899 	 65.044
FHW12125	255.500 	 62.409 	 65.514
FHW12125	255.625 	 62.818 	 65.513
FHW12125	255.750 	 62.813 	 65.514
FHW12125	255.875 	 62.818 	 65.512
FHW12125	256.000 	 62.900 	 65.046
FHW12125	256.125 	 62.818 	 65.513
FHW12125	256.250 	 62.813 	 65.513
FHW12125	256.375 	 62.813 	 65.514
FHW12125	256.500 	 62.600 	 65.725
FHW12125	256.625 	 62.819 	 65.514
FHW12125	256.750 	 62.899 	 65.044
FHW12125	256.875 	 62.819 	 65.514
FHW12125	257.000 	 62.812 	 65.513
FHW12125	257.125 	 62.819 	 65.513
FHW12125	257.250 	 62.813 	 65.514
FHW12125	257.375 	 62.906 	 65.045
FHW12125	257.500 	 62.403 	 65.513
FHW12125	257.625 	 62.818 	 65.513
FHW12125	257.750 	 62.813 	 65.514
FHW12125	257.875 	 63.008 	 65.725
FHW12125	258.000 	 62.813 	 65.513
FHW12125	258.125 	 62.906 	 65.045
FHW12125	258.250 	 62.813 	 65.514
FHW12125	258.375 	 62.409 	 65.513
FHW12125	258.500 	 62.812 	 65.513
FHW12125	258.625 	 62.819 	 65.514
FHW12125	258.750 	 62.812 	 65.513
FHW12125	258.875 	 62.906 	 65.045
FHW12125	259.000 	 62.812 	 65.513
FHW12125	259.125 	 63.009 	 65.726
FHW12125	259.250 	 62.813 	 65.513
FHW12125	259.375 	 62.408 	 65.513
FHW12125	259.500 	 62.906 	 65.046
FHW12125	259.625 	 62.812 	 65.512
FHW12125	259.750 	 62.813 	 65.514
FHW12125	259.875 	 62.818 	 65.513
FHW12125	260.000 	 62.813 	 65.514
FHW12125	260.125 	 62.818 	 65.512
FHW12125	260.250 	 62.497 	 65.046
FHW12125	260.375 	 62.812 	 65.512
FHW12125	260.500 	 63.009 	 65.726
FHW12125	260.625 	 62.813 	 65.514
FHW12125	260.750 	 62.812 	 65.513
FHW12125	260.875 	 62.906 	 65.044
FHW12125	261.000 	 62.813 	 65.515
FHW12125	261.125 	 62.818 	 65.513
FHW12125	261.250 	 62.408 	 65.512
FHW12125	261.375 	 62.812 	 65.513
FHW12125	261.500 	 62.820 	 65.515
FHW12125	261.625 	 62.899 	 65.044
FHW12125	261.750 	 63.008 	 65.725
FHW12125	261.875 	 62.813 	 65.515
FHW12125	262.000 	 62.812 	 65.513
FHW12125	262.125 	 62.408 	 65.512
FHW12125	262.250 	 62.818 	 65.513
FHW12125	262.375 	 62.901 	 65.047
FHW12125	262.500 	 62.818 	 65.512
FHW12125	262.625 	 62.812 	 65.513
FHW12125	262.750 	 62.820 	 65.515
FHW12125	262.875 	 62.812 	 65.513
FHW12125	263.000 	 62.899 	 65.044
FHW12125	263.125 	 62.600 	 65.725
FHW12125	263.250 	 62.820 	 65.515
FHW12125	263.375 	 62.812 	 65.513
FHW12125	263.500 	 62.818 	 65.512
FHW12125	263.625 	 62.812 	 65.512
FHW12125	263.750 	 62.907 	 65.048
FHW12125	263.875 	 66.340 	 65.680
FHW12125	264.000 	 66.931 	 65.886
FHW12125	264.125 	 66.923 	 65.885
FHW12125	264.250 	 67.005 	 65.433
FHW12125	264.375 	 66.930 	 65.886
FHW12125	264.500 	 66.760 	 65.681
FHW12125	264.625 	 66.514 	 65.886
FHW12125	264.750 	 66.997 	 65.432
FHW12125	264.875 	 66.931 	 65.886
FHW12125	265.000 	 66.765 	 65.681
FHW12125	265.125 	 66.931 	 65.886
FHW12125	265.250 	 66.997 	 65.432
FHW12125	265.375 	 66.931 	 65.886
FHW12125	265.500 	 66.765 	 65.680
FHW12125	265.625 	 67.005 	 65.435
FHW12125	265.750 	 66.507 	 65.885
FHW12125	265.875 	 66.931 	 65.886
FHW12125	266.000 	 66.759 	 65.680
FHW12125	266.125 	 67.005 	 65.433
FHW12125	266.250 	 66.931 	 65.888
FHW12125	266.375 	 66.923 	 65.885
FHW12125	266.500 	 66.766 	 65.681
FHW12125	266.625 	 67.004 	 65.432
FHW12125	266.750 	 66.931 	 65.886
FHW12125	266.875 	 66.923 	 65.886
FHW12125	267.000 	 66.347 	 65.681
FHW12125	267.125 	 66.997 	 65.432
FHW12125	267.250 	 66.931 	 65.886
FHW12125	267.375 	 66.931 	 65.886
FHW12125	267.500 	 67.004 	 65.432
FHW12125	267.625 	 66.760 	 65.683
FHW12125	267.750 	 66.930 	 65.885
FHW12125	267.875 	 66.931 	 65.886
FHW12125	268.000 	 66.997 	 65.432
FHW12125	268.125 	 66.347 	 65.681
FHW12125	268.250 	 66.923 	 65.886
FHW12125	268.375 	 66.931 	 65.886
FHW12125	268.500 	 67.004 	 65.432
FHW12125	268.625 	 66.766 	 65.681
FHW12125	268.750 	 66.923 	 65.886
FHW12125	268.875 	 66.931 	 65.886
FHW12125	269.000 	 67.005 	 65.433
FHW12125	269.125 	 66.765 	 65.680
FHW12125	269.250 	 66.925 	 65.886
FHW12125	269.375 	 66.588 	 65.432
FHW12125	269.500 	 66.924 	 65.888
FHW12125	269.625 	 66.765 	 65.680
FHW12125	269.750 	 66.931 	 65.886
FHW12125	269.875 	 66.997 	 65.432
FHW12125	270.000 	 66.931 	 65.886
FHW12125	270.125 	 66.765 	 65.681
FHW12125	270.250 	 66.931 	 65.886
FHW12125	270.375 	 66.998 	 65.433
FHW12125	270.500 	 66.930 	 65.885
FHW12125	270.625 	 66.341 	 65.681
FHW12125	270.750 	 67.003 	 65.434
FHW12125	270.875 	 66.931 	 65.886
FHW12125	271.000 	 66.930 	 65.885
FHW12125	271.125 	 66.925 	 65.886
FHW12125	271.250 	 66.840 	 65.224
FHW12125	271.375 	 66.931 	 65.888
FHW12125	271.500 	 66.923 	 65.885
FHW12125	271.625 	 66.931 	 65.886
FHW12125	271.750 	 66.416 	 65.224
FHW12125	271.875 	 66.931 	 65.886
FHW12125	272.000 	 66.931 	 65.888
FHW12125	272.125 	 66.930 	 65.885
FHW12125	272.250 	 66.835 	 65.226
FHW12125	272.375 	 66.930 	 65.885
FHW12125	272.500 	 66.931 	 65.886
FHW12125	272.625 	 67.004 	 65.432
FHW12125	272.750 	 66.760 	 65.683
FHW12125	272.875 	 66.930 	 65.885
FHW12125	273.000 	 66.508 	 65.886
FHW12125	273.125 	 67.004 	 65.432
FHW12125	273.250 	 68.791 	 66.088
FHW12125	273.375 	 70.292 	 65.841
FHW12125	273.500 	 70.440 	 66.038
FHW12125	273.625 	 70.292 	 65.838
FHW12125	273.750 	 70.440 	 66.038
FHW12125	273.875 	 70.293 	 65.839
FHW12125	274.000 	 70.868 	 66.038
FHW12125	274.125 	 70.298 	 65.838
FHW12125	274.250 	 70.433 	 66.038
FHW12125	274.375 	 70.299 	 65.839
FHW12125	274.500 	 70.433 	 66.038
FHW12125	274.625 	 70.298 	 65.838
FHW12125	274.750 	 70.433 	 66.038
FHW12125	274.875 	 70.299 	 65.841
FHW12125	275.000 	 70.495 	 65.595
FHW12125	275.125 	 70.299 	 65.839
FHW12125	275.250 	 70.433 	 66.038
FHW12125	275.375 	 70.299 	 65.839
FHW12125	275.500 	 70.432 	 66.036
FHW12125	275.625 	 70.299 	 65.839
FHW12125	275.750 	 70.433 	 66.038
FHW12125	275.875 	 70.299 	 65.839
FHW12125	276.000 	 70.432 	 66.036
FHW12125	276.125 	 70.299 	 65.839
FHW12125	276.250 	 70.868 	 66.038
FHW12125	276.375 	 70.293 	 65.839
FHW12125	276.500 	 70.439 	 66.038
FHW12125	276.625 	 70.293 	 65.839
FHW12125	276.750 	 70.440 	 66.038
FHW12125	276.875 	 70.293 	 65.839
FHW12125	277.000 	 70.439 	 66.036
FHW12125	277.125 	 70.293 	 65.839
FHW12125	277.250 	 70.440 	 66.038
FHW12125	277.375 	 70.292 	 65.838
FHW12125	277.500 	 70.440 	 66.038
FHW12125	277.625 	 70.293 	 65.839
FHW12125	277.750 	 70.433 	 66.038
FHW12125	277.875 	 70.298 	 65.840
FHW12125	278.000 	 70.433 	 66.038
FHW12125	278.125 	 70.299 	 65.839
FHW12125	278.250 	 70.433 	 66.038
FHW12125	278.375 	 70.298 	 65.838
FHW12125	278.500 	 70.868 	 66.038
FHW12125	278.625 	 70.293 	 65.839
FHW12125	278.750 	 70.440 	 66.038
FHW12125	278.875 	 70.292 	 65.838
FHW12125	279.000 	 70.440 	 66.038
FHW12125	279.125 	 70.293 	 65.839
FHW12125	279.250 	 70.440 	 66.039
FHW12125	279.375 	 70.292 	 65.838
FHW12125	279.500 	 70.440 	 66.038
FHW12125	279.625 	 70.293 	 65.839
FHW12125	279.750 	 70.440 	 66.038
FHW12125	279.875 	 70.292 	 65.838
FHW12125	280.000 	 70.440 	 66.038
FHW12125	280.125 	 70.293 	 65.839
FHW12125	280.250 	 70.440 	 66.038
FHW12125	280.375 	 70.292 	 65.838
FHW12125	280.500 	 70.440 	 66.038
FHW12125	280.625 	 70.293 	 65.839
FHW12125	280.750 	 70.440 	 66.039
FHW12125	280.875 	 70.729 	 65.838
FHW12125	281.000 	 70.433 	 66.038
FHW12125	281.125 	 70.299 	 65.839
FHW12125	281.250 	 70.432 	 66.036
FHW12125	281.375 	 70.299 	 65.839
FHW12125	281.500 	 70.433 	 66.038
FHW12125	281.625 	 70.299 	 65.839
FHW12125	281.750 	 70.432 	 66.036
FHW12125	281.875 	 70.299 	 65.839
FHW12125	282.000 	 70.433 	 66.038
FHW12125	282.125 	 70.299 	 65.841
FHW12125	282.250 	 70.495 	 65.593
FHW12125	282.375 	 70.299 	 65.841
FHW12125	282.500 	 70.433 	 66.038
FHW12125	282.625 	 71.170 	 65.839
FHW12125	282.750 	 73.791 	 65.988
FHW12125	282.875 	 73.238 	 65.794
FHW12125	283.000 	 73.792 	 65.989
FHW12125	283.125 	 73.675 	 65.794
FHW12125	283.250 	 73.728 	 65.357
FHW12125	283.375 	 73.799 	 65.989
FHW12125	283.500 	 73.675 	 65.794
FHW12125	283.625 	 73.792 	 65.989
FHW12125	283.750 	 73.674 	 65.793
FHW12125	283.875 	 73.799 	 65.989
FHW12125	284.000 	 73.286 	 65.359
FHW12125	284.125 	 73.675 	 65.794
FHW12125	284.250 	 73.799 	 65.989
FHW12125	284.375 	 73.675 	 65.794
FHW12125	284.500 	 73.792 	 65.989
FHW12125	284.625 	 73.728 	 65.357
FHW12125	284.750 	 73.681 	 65.793
FHW12125	284.875 	 73.792 	 65.989
FHW12125	285.000 	 73.675 	 65.794
FHW12125	285.125 	 73.358 	 65.989
FHW12125	285.250 	 73.675 	 65.794
FHW12125	285.375 	 73.728 	 65.359
FHW12125	285.500 	 73.799 	 65.989
FHW12125	285.625 	 73.675 	 65.794
FHW12125	285.750 	 73.792 	 65.989
FHW12125	285.875 	 73.674 	 65.793
FHW12125	286.000 	 73.799 	 65.989
FHW12125	286.125 	 73.728 	 65.357
FHW12125	286.250 	 73.231 	 65.794
FHW12125	286.375 	 73.799 	 65.989
FHW12125	286.500 	 73.675 	 65.794
FHW12125	286.625 	 73.792 	 65.989
FHW12125	286.750 	 73.675 	 65.794
FHW12125	286.875 	 73.734 	 65.357
FHW12125	287.000 	 73.792 	 65.989
FHW12125	287.125 	 73.675 	 65.794
FHW12125	287.250 	 73.792 	 65.989
FHW12125	287.375 	 73.238 	 65.794
FHW12125	287.500 	 73.675 	 65.794
FHW12125	287.625 	 73.851 	 65.555
FHW12125	287.750 	 73.675 	 65.794
FHW12125	287.875 	 73.791 	 65.988
FHW12125	288.000 	 73.675 	 65.794
FHW12125	288.125 	 73.682 	 65.794
FHW12125	288.250 	 73.792 	 65.989
FHW12125	288.375 	 73.728 	 65.359
FHW12125	288.500 	 73.358 	 65.989
FHW12125	288.625 	 73.675 	 65.794
FHW12125	288.750 	 73.792 	 65.989
FHW12125	288.875 	 73.674 	 65.793
FHW12125	289.000 	 73.735 	 65.359
FHW12125	289.125 	 73.792 	 65.989
FHW12125	289.250 	 73.675 	 65.793
FHW12125	289.375 	 73.792 	 65.989
FHW12125	289.500 	 73.682 	 65.794
FHW12125	289.625 	 73.231 	 65.794
FHW12125	289.750 	 73.851 	 65.556
FHW12125	289.875 	 73.674 	 65.793
FHW12125	290.000 	 73.792 	 65.989
FHW12125	290.125 	 73.675 	 65.794
FHW12125	290.250 	 73.682 	 65.794
FHW12125	290.375 	 73.792 	 65.989
FHW12125	290.500 	 73.728 	 65.359
FHW12125	290.625 	 73.792 	 65.989
FHW12125	290.750 	 73.238 	 65.794
FHW12125	290.875 	 73.674 	 65.791
FHW12125	291.000 	 73.792 	 65.989
FHW12125	291.125 	 73.682 	 65.794
FHW12125	291.250 	 73.844 	 65.556
FHW12125	291.375 	 73.675 	 65.794
FHW12125	291.500 	 73.792 	 65.989
FHW12125	291.625 	 73.682 	 65.794
FHW12125	291.750 	 73.675 	 65.794
FHW12125	291.875 	 73.358 	 65.989
FHW12125	292.000 	 73.727 	 65.357
FHW12125	292.125 	 75.665 	 66.181
FHW12125	292.250 	 76.057 	 65.555
FHW12125	292.375 	 76.157 	 65.751
FHW12125	292.500 	 75.561 	 65.989
FHW12125	292.625 	 76.157 	 65.751
FHW12125	292.750 	 76.157 	 65.751
FHW12125	292.875 	 76.057 	 65.556
FHW12125	293.000 	 75.672 	 66.180
FHW12125	293.125 	 76.057 	 65.556
FHW12125	293.250 	 76.151 	 65.751
FHW12125	293.375 	 75.718 	 65.751
FHW12125	293.500 	 76.011 	 65.989
FHW12125	293.625 	 76.157 	 65.751
FHW12125	293.750 	 76.057 	 65.555
FHW12125	293.875 	 75.711 	 65.751
FHW12125	294.000 	 76.113 	 66.181
FHW12125	294.125 	 76.057 	 65.556
FHW12125	294.250 	 75.711 	 65.751
FHW12125	294.375 	 76.057 	 65.556
FHW12125	294.500 	 76.113 	 66.181
FHW12125	294.625 	 75.711 	 65.750
FHW12125	294.750 	 76.057 	 65.556
FHW12125	294.875 	 76.157 	 65.751
FHW12125	295.000 	 76.011 	 65.988
FHW12125	295.125 	 75.718 	 65.751
FHW12125	295.250 	 76.151 	 65.750
FHW12125	295.375 	 76.011 	 65.989
FHW12125	295.500 	 75.718 	 65.751
FHW12125	295.625 	 76.057 	 65.556
FHW12125	295.750 	 76.157 	 65.751
FHW12125	295.875 	 76.113 	 66.181
FHW12125	296.000 	 75.608 	 65.556
FHW12125	296.125 	 76.157 	 65.750
FHW12125	296.250 	 76.057 	 65.556
FHW12125	296.375 	 75.665 	 66.181
FHW12125	296.500 	 76.157 	 65.751
FHW12125	296.625 	 76.057 	 65.556
FHW12125	296.750 	 76.157 	 65.751
FHW12125	296.875 	 75.561 	 65.988
FHW12125	297.000 	 76.157 	 65.751
FHW12125	297.125 	 76.157 	 65.751
FHW12125	297.250 	 75.615 	 65.556
FHW12125	297.375 	 76.106 	 66.181
FHW12125	297.500 	 76.057 	 65.556
FHW12125	297.625 	 75.718 	 65.750
FHW12125	297.750 	 76.157 	 65.751
FHW12125	297.875 	 76.011 	 65.989
FHW12125	298.000 	 76.157 	 65.751
FHW12125	298.125 	 75.608 	 65.556
FHW12125	298.250 	 76.157 	 65.751
FHW12125	298.375 	 76.113 	 66.180
FHW12125	298.500 	 75.607 	 65.555
FHW12125	298.625 	 76.157 	 65.751
FHW12125	298.750 	 76.011 	 65.989
FHW12125	298.875 	 76.157 	 65.751
FHW12125	299.000 	 75.711 	 65.751
FHW12125	299.125 	 76.057 	 65.555
FHW12125	299.250 	 76.113 	 66.181
FHW12125	299.375 	 75.608 	 65.556
FHW12125	299.500 	 76.157 	 65.751
FHW12125	299.625 	 76.157 	 65.751
FHW12125	299.750 	 75.568 	 65.989
FHW12125	299.875 	 76.157 	 65.751
FHW12125	300.000 	 76.057 	 65.555
FHW12125	300.125 	 76.151 	 65.751
FHW12125	300.250 	 75.672 	 66.181
FHW12125	300.375 	 76.057 	 65.556
FHW12125	300.500 	 76.157 	 65.751
FHW12125	300.625 	 75.608 	 65.555
FHW12125	300.750 	 76.113 	 66.181
FHW12125	300.875 	 76.157 	 65.751
FHW12125	301.000 	 76.057 	 65.556
FHW12125	301.125 	 75.711 	 65.751
FHW12125	301.250 	 76.011 	 65.989
FHW12125	301.375 	 76.157 	 65.751
FHW12125	301.500 	 76.157 	 65.750
FHW12125	301.625 	 77.006 	 66.181
FHW12125	301.750 	 76.555 	 66.181
FHW12125	301.875 	 77.141 	 65.943
FHW12125	302.000 	 76.562 	 66.181
FHW12125	302.125 	 77.006 	 66.181
FHW12125	302.250 	 76.652 	 66.371
FHW12125	302.375 	 77.048 	 65.751
FHW12125	302.500 	 76.562 	 66.181
FHW12125	302.625 	 77.006 	 66.181
FHW12125	302.750 	 76.694 	 65.941
FHW12125	302.875 	 77.006 	 66.181
FHW12125	303.000 	 77.006 	 66.181
FHW12125	303.125 	 78.973 	 66.557
FHW12125	303.250 	 78.938 	 66.985
FHW12125	303.375 	 78.899 	 66.371
FHW12125	303.500 	 78.938 	 66.985
FHW12125	303.625 	 79.418 	 66.557
FHW12125	303.750 	 78.864 	 66.801
FHW12125	303.875 	 78.973 	 66.558
FHW12125	304.000 	 78.938 	 66.985
FHW12125	304.125 	 79.340 	 66.371
FHW12125	304.250 	 78.945 	 66.985
FHW12125	304.375 	 78.973 	 66.557
FHW12125	304.500 	 78.938 	 66.985
FHW12125	304.625 	 79.347 	 66.371
FHW12125	304.750 	 78.938 	 66.985
FHW12125	304.875 	 78.973 	 66.558
FHW12125	305.000 	 78.857 	 66.801
FHW12125	305.125 	 78.973 	 66.557
FHW12125	305.250 	 79.391 	 66.987
FHW12125	305.375 	 78.892 	 66.369
FHW12125	305.500 	 78.938 	 66.987
FHW12125	305.625 	 78.973 	 66.557
FHW12125	305.750 	 79.313 	 66.801
FHW12125	305.875 	 78.973 	 66.557
FHW12125	306.000 	 78.939 	 66.986
FHW12125	306.125 	 78.973 	 66.557
FHW12125	306.250 	 78.857 	 66.801
FHW12125	306.375 	 79.425 	 66.557
FHW12125	306.500 	 78.938 	 66.985
FHW12125	306.625 	 78.892 	 66.371
FHW12125	306.750 	 78.938 	 66.985
FHW12125	306.875 	 79.425 	 66.557
FHW12125	307.000 	 78.857 	 66.801
FHW12125	307.125 	 78.973 	 66.558
FHW12125	307.250 	 78.945 	 66.985
FHW12125	307.375 	 79.418 	 66.557
FHW12125	307.500 	 78.857 	 66.801
FHW12125	307.625 	 78.979 	 66.557
FHW12125	307.750 	 78.938 	 66.985
FHW12125	307.875 	 78.892 	 66.371
FHW12125	308.000 	 79.385 	 66.985
FHW12125	308.125 	 78.979 	 66.557
FHW12125	308.250 	 78.857 	 66.803
FHW12125	308.375 	 78.973 	 66.557
FHW12125	308.500 	 79.391 	 66.985
FHW12125	308.625 	 78.892 	 66.371
FHW12125	308.750 	 78.938 	 66.985
FHW12125	308.875 	 78.973 	 66.557
FHW12125	309.000 	 79.391 	 66.985
FHW12125	309.125 	 78.892 	 66.371
FHW12125	309.250 	 78.938 	 66.985
FHW12125	309.375 	 78.973 	 66.558
FHW12125	309.500 	 78.857 	 66.801
FHW12125	309.625 	 79.425 	 66.557
FHW12125	309.750 	 78.938 	 66.985
FHW12125	309.875 	 78.892 	 66.371
FHW12125	310.000 	 78.938 	 66.985
FHW12125	310.125 	 79.425 	 66.557
FHW12125	310.250 	 78.938 	 66.985
FHW12125	310.375 	 78.892 	 66.371
FHW12125	310.500 	 78.939 	 66.986
FHW12125	310.625 	 79.425 	 66.557
FHW12125	310.750 	 78.857 	 66.801
FHW12125	310.875 	 79.425 	 66.557
FHW12125	311.000 	 83.548 	 68.199
FHW12125	311.125 	 83.574 	 67.771
FHW12125	311.250 	 83.116 	 67.770
FHW12125	311.375 	 83.567 	 67.770
FHW12125	311.500 	 83.574 	 67.770
FHW12125	311.625 	 83.095 	 68.201
FHW12125	311.750 	 83.567 	 67.770
FHW12125	311.875 	 83.574 	 67.770
FHW12125	312.000 	 83.567 	 67.771
FHW12125	312.125 	 83.095 	 68.199
FHW12125	312.250 	 83.574 	 67.770
FHW12125	312.375 	 83.567 	 67.770
FHW12125	312.500 	 83.574 	 67.773
FHW12125	312.625 	 83.116 	 67.770
FHW12125	312.750 	 83.548 	 68.198
FHW12125	312.875 	 83.574 	 67.770
FHW12125	313.000 	 83.116 	 67.773
FHW12125	313.125 	 83.567 	 67.770
FHW12125	313.250 	 83.555 	 68.198
FHW12125	313.375 	 83.567 	 67.773
FHW12125	313.500 	 83.116 	 67.770
FHW12125	313.625 	 83.574 	 67.770
FHW12125	313.750 	 83.567 	 67.770
FHW12125	313.875 	 83.095 	 68.201
FHW12125	314.000 	 83.567 	 67.770
FHW12125	314.125 	 83.574 	 67.770
FHW12125	314.250 	 83.567 	 67.771
FHW12125	314.375 	 83.095 	 68.199
FHW12125	314.500 	 83.574 	 67.770
FHW12125	314.625 	 83.567 	 67.770
FHW12125	314.750 	 83.574 	 67.771
FHW12125	314.875 	 83.116 	 67.771
FHW12125	315.000 	 83.548 	 68.198
FHW12125	315.125 	 83.574 	 67.770
FHW12125	315.250 	 83.116 	 67.771
FHW12125	315.375 	 83.567 	 67.771
FHW12125	315.500 	 83.555 	 68.198
FHW12125	315.625 	 83.567 	 67.771
FHW12125	315.750 	 83.116 	 67.771
FHW12125	315.875 	 83.574 	 67.770
FHW12125	316.000 	 83.567 	 67.770
FHW12125	316.125 	 83.095 	 68.199
FHW12125	316.250 	 83.574 	 67.771
FHW12125	316.375 	 83.567 	 67.770
FHW12125	316.500 	 83.574 	 67.771
FHW12125	316.625 	 83.095 	 68.198
FHW12125	316.750 	 83.567 	 67.771
FHW12125	316.875 	 83.574 	 67.770
FHW12125	317.000 	 83.567 	 67.771
FHW12125	317.125 	 83.116 	 67.770
FHW12125	317.250 	 83.554 	 68.199
FHW12125	317.375 	 83.567 	 67.771
FHW12125	317.500 	 83.116 	 67.770
FHW12125	317.625 	 83.574 	 67.770
FHW12125	317.750 	 83.548 	 68.199
FHW12125	317.875 	 83.574 	 67.771
FHW12125	318.000 	 83.116 	 67.770
FHW12125	318.125 	 83.567 	 67.771
FHW12125	318.250 	 83.567 	 67.770
FHW12125	318.375 	 83.555 	 68.199
FHW12125	318.500 	 83.116 	 67.770
FHW12125	318.625 	 83.567 	 67.771
FHW12125	318.750 	 83.574 	 67.771
FHW12125	318.875 	 83.095 	 68.198
FHW12125	319.000 	 83.567 	 67.770
FHW12125	319.125 	 83.574 	 67.771
FHW12125	319.250 	 83.567 	 67.771
FHW12125	319.375 	 83.116 	 67.770
FHW12125	319.500 	 83.555 	 68.198
FHW12125	319.625 	 83.567 	 67.773
FHW12125	319.750 	 83.116 	 67.770
FHW12125	319.875 	 83.574 	 67.770
FHW12125	320.000 	 83.548 	 68.199
FHW12125	320.125 	 83.574 	 67.771
FHW12125	320.250 	 83.116 	 67.770
FHW12125	320.375 	 87.241 	 68.798
FHW12125	320.500 	 87.714 	 68.962
FHW12125	320.625 	 88.160 	 68.798
FHW12125	320.750 	 87.714 	 68.962
FHW12125	320.875 	 88.160 	 68.798
FHW12125	321.000 	 87.714 	 68.961
FHW12125	321.125 	 88.160 	 68.799
FHW12125	321.250 	 87.714 	 68.961
FHW12125	321.375 	 88.160 	 68.798
FHW12125	321.500 	 87.721 	 68.962
FHW12125	321.625 	 88.153 	 68.798
FHW12125	321.750 	 87.721 	 68.962
FHW12125	321.875 	 88.160 	 68.798
FHW12125	322.000 	 87.714 	 68.961
FHW12125	322.125 	 88.160 	 68.799
FHW12125	322.250 	 87.714 	 68.961
FHW12125	322.375 	 88.160 	 68.799
FHW12125	322.500 	 87.714 	 68.961
FHW12125	322.625 	 88.160 	 68.798
FHW12125	322.750 	 87.714 	 68.962
FHW12125	322.875 	 88.160 	 68.798
FHW12125	323.000 	 87.721 	 68.961
FHW12125	323.125 	 88.153 	 68.799
FHW12125	323.250 	 87.721 	 68.963
FHW12125	323.375 	 88.160 	 68.797
FHW12125	323.500 	 88.173 	 68.963
FHW12125	323.625 	 87.696 	 68.796
FHW12125	323.750 	 88.173 	 68.964
FHW12125	323.875 	 87.690 	 69.226
FHW12125	324.000 	 88.173 	 68.964
FHW12125	324.125 	 87.696 	 68.796
FHW12125	324.250 	 88.173 	 68.963
FHW12125	324.375 	 87.697 	 68.797
FHW12125	324.500 	 88.173 	 68.963
FHW12125	324.625 	 87.704 	 68.796
FHW12125	324.750 	 88.166 	 68.964
FHW12125	324.875 	 87.704 	 68.796
FHW12125	325.000 	 88.173 	 68.964
FHW12125	325.125 	 87.714 	 68.961
FHW12125	325.250 	 88.160 	 68.798
FHW12125	325.375 	 87.714 	 68.962
FHW12125	325.500 	 88.160 	 68.798
FHW12125	325.625 	 87.714 	 68.964
FHW12125	325.750 	 88.160 	 68.796
FHW12125	325.875 	 87.714 	 68.963
FHW12125	326.000 	 88.160 	 68.797
FHW12125	326.125 	 87.721 	 68.963
FHW12125	326.250 	 88.153 	 68.797
FHW12125	326.375 	 87.721 	 68.963
FHW12125	326.500 	 88.160 	 68.796
FHW12125	326.625 	 87.714 	 68.964
FHW12125	326.750 	 88.160 	 68.796
FHW12125	326.875 	 88.173 	 68.964
FHW12125	327.000 	 87.696 	 68.796
FHW12125	327.125 	 88.173 	 68.963
FHW12125	327.250 	 87.697 	 68.797
FHW12125	327.375 	 88.173 	 68.963
FHW12125	327.500 	 87.696 	 68.796
FHW12125	327.625 	 88.173 	 68.964
FHW12125	327.750 	 87.696 	 68.796
FHW12125	327.875 	 88.173 	 68.964
FHW12125	328.000 	 87.697 	 69.228
FHW12125	328.125 	 88.173 	 68.961
FHW12125	328.250 	 87.697 	 68.799
FHW12125	328.375 	 88.173 	 68.961
FHW12125	328.500 	 87.697 	 68.799
FHW12125	328.625 	 88.173 	 68.961
FHW12125	328.750 	 87.696 	 68.798
FHW12125	328.875 	 88.173 	 68.962
FHW12125	329.000 	 87.696 	 68.798
FHW12125	329.125 	 88.173 	 68.962
FHW12125	329.250 	 87.703 	 68.798
FHW12125	329.375 	 88.166 	 68.961
FHW12125	329.500 	 87.704 	 68.799
FHW12125	329.625 	 88.173 	 68.961
FHW12125	329.750 	 89.086 	 68.964
FHW12125	329.875 	 90.455 	 69.389
FHW12125	330.000 	 90.462 	 69.390
FHW12125	330.125 	 90.923 	 69.229
FHW12125	330.250 	 90.455 	 69.389
FHW12125	330.375 	 90.462 	 69.392
FHW12125	330.500 	 90.455 	 69.390
FHW12125	330.625 	 90.916 	 69.389
FHW12125	330.750 	 90.462 	 69.392
FHW12125	330.875 	 90.455 	 69.390
FHW12125	331.000 	 90.462 	 69.390
FHW12125	331.125 	 90.914 	 68.963
FHW12125	331.250 	 90.462 	 69.392
FHW12125	331.375 	 90.455 	 69.389
FHW12125	331.500 	 90.462 	 69.390
FHW12125	331.625 	 90.916 	 69.392
FHW12125	331.750 	 90.455 	 69.389
FHW12125	331.875 	 90.462 	 69.392
FHW12125	332.000 	 90.916 	 69.390
FHW12125	332.125 	 90.455 	 69.389
FHW12125	332.250 	 90.462 	 69.392
FHW12125	332.375 	 90.455 	 69.390
FHW12125	332.500 	 90.923 	 69.390
FHW12125	332.625 	 90.453 	 68.963
FHW12125	332.750 	 90.462 	 69.390
FHW12125	332.875 	 90.455 	 69.392
FHW12125	333.000 	 90.916 	 69.389
FHW12125	333.125 	 90.462 	 69.390
FHW12125	333.250 	 90.455 	 69.392
FHW12125	333.375 	 90.465 	 69.228
FHW12125	333.500 	 90.916 	 69.390
FHW12125	333.625 	 90.455 	 69.389
FHW12125	333.750 	 90.462 	 69.392
FHW12125	333.875 	 90.455 	 69.390
FHW12125	334.000 	 90.923 	 69.389
FHW12125	334.125 	 90.455 	 69.392
FHW12125	334.250 	 90.460 	 68.962
FHW12125	334.375 	 90.916 	 69.392
FHW12125	334.500 	 90.455 	 69.389
FHW12125	334.625 	 90.462 	 69.390
FHW12125	334.750 	 90.455 	 69.392
FHW12125	334.875 	 90.916 	 69.389
FHW12125	335.000 	 90.462 	 69.390
FHW12125	335.125 	 90.455 	 69.392
FHW12125	335.250 	 90.462 	 69.392
FHW12125	335.375 	 90.916 	 69.387
FHW12125	335.500 	 90.462 	 69.392
FHW12125	335.625 	 90.455 	 69.392
FHW12125	335.750 	 90.460 	 68.960
FHW12125	335.875 	 90.916 	 69.392
FHW12125	336.000 	 90.455 	 69.390
FHW12125	336.125 	 90.462 	 69.389
FHW12125	336.250 	 90.916 	 69.392
FHW12125	336.375 	 90.455 	 69.390
FHW12125	336.500 	 90.462 	 69.392
FHW12125	336.625 	 90.458 	 69.228
FHW12125	336.750 	 90.923 	 69.390
FHW12125	336.875 	 90.455 	 69.389
FHW12125	337.000 	 90.462 	 69.392
FHW12125	337.125 	 90.455 	 69.390
FHW12125	337.250 	 90.916 	 69.389
FHW12125	337.375 	 90.460 	 68.964
FHW12125	337.500 	 90.455 	 69.390
FHW12125	337.625 	 90.462 	 69.392
FHW12125	337.750 	 90.916 	 69.389
FHW12125	337.875 	 90.455 	 69.390
FHW12125	338.000 	 90.462 	 69.392
FHW12125	338.125 	 90.916 	 69.389
FHW12125	338.250 	 90.462 	 69.390
FHW12125	338.375 	 90.455 	 69.392
FHW12125	338.500 	 90.462 	 69.389
FHW12125	338.625 	 90.916 	 69.390
FHW12125	338.750 	 90.455 	 69.392
FHW12125	338.875 	 90.460 	 68.962
FHW12125	339.000 	 90.455 	 69.389
FHW12125	339.125 	 90.916 	 69.392
FHW12125	339.250 	 90.923 	 69.390
FHW12125	339.375 	 91.371 	 69.389
FHW12125	339.500 	 91.378 	 69.392
FHW12125	339.625 	 91.381 	 69.226
FHW12125	339.750 	 90.916 	 69.392
FHW12125	339.875 	 91.378 	 69.392
FHW12125	340.000 	 91.378 	 69.387
FHW12125	340.125 	 91.371 	 69.392
FHW12125	340.250 	 91.378 	 69.392
FHW12125	340.375 	 90.916 	 69.390
FHW12125	340.500 	 91.378 	 69.389
FHW12125	340.625 	 91.367 	 68.964
FHW12125	340.750 	 91.378 	 69.390
FHW12125	340.875 	 90.916 	 69.389
FHW12125	341.000 	 91.371 	 69.392
FHW12125	341.125 	 91.378 	 69.390
FHW12125	341.250 	 91.378 	 69.392
FHW12125	341.375 	 90.916 	 69.389
FHW12125	341.500 	 91.371 	 69.390
FHW12125	341.625 	 91.378 	 69.392
FHW12125	341.750 	 91.388 	 69.228
FHW12125	341.875 	 90.916 	 69.390
FHW12125	342.000 	 91.371 	 69.389
FHW12125	342.125 	 91.378 	 69.392
FHW12125	342.250 	 91.371 	 69.390
FHW12125	342.375 	 90.914 	 68.961
FHW12125	342.500 	 91.378 	 69.390
FHW12125	342.625 	 91.378 	 69.392
FHW12125	342.750 	 91.371 	 69.392
FHW12125	342.875 	 90.916 	 69.387
FHW12125	343.000 	 91.378 	 69.392
FHW12125	343.125 	 91.378 	 69.392
FHW12125	343.250 	 91.371 	 69.387
FHW12125	343.375 	 91.378 	 69.392
FHW12125	343.500 	 90.916 	 69.392
FHW12125	343.625 	 91.371 	 69.390
FHW12125	343.750 	 91.378 	 69.389
FHW12125	343.875 	 91.388 	 69.228
FHW12125	344.000 	 90.916 	 69.390
FHW12125	344.125 	 91.371 	 69.392
FHW12125	344.250 	 91.367 	 69.550
FHW12125	344.375 	 91.381 	 69.822
FHW12125	344.500 	 91.371 	 69.390
FHW12125	344.625 	 90.916 	 69.389
FHW12125	344.750 	 91.381 	 69.822
FHW12125	344.875 	 91.378 	 69.390
FHW12125	345.000 	 91.371 	 69.389
FHW12125	345.125 	 91.381 	 69.822
FHW12125	345.250 	 90.916 	 69.390
FHW12125	345.375 	 91.371 	 69.392
FHW12125	345.500 	 91.371 	 69.978
FHW12125	345.625 	 91.378 	 69.392
FHW12125	345.750 	 91.375 	 69.818
FHW12125	345.875 	 91.378 	 69.392
FHW12125	346.000 	 90.916 	 69.392
FHW12125	346.125 	 91.382 	 69.819
FHW12125	346.250 	 91.371 	 69.390
FHW12125	346.375 	 91.378 	 69.392
FHW12125	346.500 	 91.374 	 69.822
FHW12125	346.625 	 90.916 	 69.387
FHW12125	346.750 	 91.367 	 69.550
FHW12125	346.875 	 91.381 	 69.822
FHW12125	347.000 	 91.371 	 69.390
FHW12125	347.125 	 91.378 	 69.392
FHW12125	347.250 	 91.375 	 69.819
FHW12125	347.375 	 90.923 	 69.392
FHW12125	347.500 	 91.374 	 69.820
FHW12125	347.625 	 91.378 	 69.389
FHW12125	347.750 	 91.371 	 69.392
FHW12125	347.875 	 91.381 	 69.822
FHW12125	348.000 	 90.909 	 69.549
FHW12125	348.125 	 91.378 	 69.392
FHW12125	348.250 	 91.374 	 69.822
FHW12125	348.375 	 91.378 	 69.387
FHW12125	348.500 	 91.371 	 69.392
FHW12125	348.625 	 91.375 	 70.406
FHW12125	348.750 	 91.389 	 70.692
FHW12125	348.875 	 91.368 	 70.407
FHW12125	349.000 	 91.375 	 70.404
FHW12125	349.125 	 91.371 	 70.845
FHW12125	349.250 	 91.835 	 70.407
FHW12125	349.375 	 91.378 	 70.251
FHW12125	349.500 	 91.379 	 70.842
FHW12125	349.625 	 91.368 	 70.407
FHW12125	349.750 	 91.375 	 70.404
FHW12125	349.875 	 91.378 	 70.845
FHW12125	350.000 	 91.828 	 70.407
FHW12125	350.125 	 91.382 	 70.689
FHW12125	350.250 	 91.375 	 70.407
FHW12125	350.375 	 91.375 	 70.407
FHW12125	350.500 	 91.371 	 70.839
FHW12125	350.625 	 91.375 	 70.410
FHW12125	350.750 	 91.842 	 70.252
FHW12125	350.875 	 91.378 	 70.841
FHW12125	351.000 	 91.368 	 70.407
FHW12125	351.125 	 91.378 	 70.839
FHW12125	351.250 	 91.368 	 70.407
FHW12125	351.375 	 91.835 	 70.410
FHW12125	351.500 	 91.382 	 70.686
FHW12125	351.625 	 91.375 	 70.410
FHW12125	351.750 	 91.368 	 70.407
FHW12125	351.875 	 91.378 	 70.839
FHW12125	352.000 	 91.375 	 70.407
FHW12125	352.125 	 91.847 	 70.689
FHW12125	352.250 	 91.368 	 70.407
FHW12125	352.375 	 91.375 	 70.407
FHW12125	352.500 	 91.378 	 70.841
FHW12125	352.625 	 91.368 	 70.407
FHW12125	352.750 	 91.375 	 70.407
FHW12125	352.875 	 91.847 	 70.689
FHW12125	353.000 	 91.375 	 70.407
FHW12125	353.125 	 91.371 	 70.839
FHW12125	353.250 	 91.375 	 70.410
FHW12125	353.375 	 91.368 	 70.407
FHW12125	353.500 	 91.389 	 70.689
FHW12125	353.625 	 91.828 	 70.407
FHW12125	353.750 	 91.375 	 70.407
FHW12125	353.875 	 91.371 	 70.839
FHW12125	354.000 	 91.375 	 70.410
FHW12125	354.125 	 91.375 	 70.407
FHW12125	354.250 	 91.847 	 70.689
FHW12125	354.375 	 91.368 	 70.407
FHW12125	354.500 	 91.378 	 70.839
FHW12125	354.625 	 91.375 	 70.407
FHW12125	354.750 	 91.368 	 70.410
FHW12125	354.875 	 91.389 	 70.686
FHW12125	355.000 	 91.828 	 70.410
FHW12125	355.125 	 91.375 	 70.407
FHW12125	355.250 	 91.371 	 70.839
FHW12125	355.375 	 91.375 	 70.407
FHW12125	355.500 	 91.382 	 70.689
FHW12125	355.625 	 91.375 	 70.407
FHW12125	355.750 	 91.828 	 70.407
FHW12125	355.875 	 91.378 	 70.841
FHW12125	356.000 	 91.368 	 70.407
FHW12125	356.125 	 91.375 	 70.407
FHW12125	356.250 	 91.389 	 70.689
FHW12125	356.375 	 91.368 	 70.407
FHW12125	356.500 	 91.833 	 70.839
FHW12125	356.625 	 91.375 	 70.410
FHW12125	356.750 	 91.368 	 70.407
FHW12125	356.875 	 91.389 	 70.689
FHW12125	357.000 	 91.375 	 70.407
FHW12125	357.125 	 91.828 	 70.407
FHW12125	357.250 	 91.371 	 70.839
FHW12125	357.375 	 91.375 	 70.410
FHW12125	357.500 	 91.378 	 70.839
FHW12125	357.625 	 91.378 	 70.254
FHW12125	357.750 	 91.375 	 70.407
FHW12125	357.875 	 91.833 	 70.839
FHW12125	358.000 	 91.833 	 70.839
FHW12125	358.125 	 93.209 	 72.290
FHW12125	358.250 	 92.742 	 71.854
FHW12125	358.375 	 93.234 	 72.148
FHW12125	358.500 	 93.209 	 72.293
FHW12125	358.625 	 92.742 	 71.854
FHW12125	358.750 	 93.209 	 72.288
FHW12125	358.875 	 93.202 	 72.290
FHW12125	359.000 	 92.769 	 71.715
FHW12125	359.125 	 93.202 	 72.288
FHW12125	359.250 	 93.209 	 72.290
FHW12125	359.375 	 93.201 	 71.854
FHW12125	359.500 	 92.770 	 72.152
FHW12125	359.625 	 93.209 	 72.290
FHW12125	359.750 	 93.201 	 71.854
FHW12125	359.875 	 92.749 	 72.288
FHW12125	360.000 	 93.209 	 72.293
FHW12125	360.125 	 93.218 	 71.712
FHW12125	360.250 	 92.749 	 72.288
FHW12125	360.375 	 93.209 	 72.290
FHW12125	360.500 	 93.201 	 71.858
FHW12125	360.625 	 92.769 	 72.148
FHW12125	360.750 	 93.209 	 72.290
FHW12125	360.875 	 93.201 	 71.854
FHW12125	361.000 	 93.202 	 72.291
FHW12125	361.125 	 92.755 	 72.290
FHW12125	361.250 	 93.227 	 72.148
FHW12125	361.375 	 93.201 	 71.854
FHW12125	361.500 	 92.748 	 72.293
FHW12125	361.625 	 93.209 	 72.290
FHW12125	361.750 	 93.226 	 71.710
FHW12125	361.875 	 92.748 	 72.290
FHW12125	362.000 	 93.209 	 72.290
FHW12125	362.125 	 93.201 	 71.855
FHW12125	362.250 	 92.748 	 72.290
FHW12125	362.375 	 93.234 	 72.148
FHW12125	362.500 	 93.194 	 71.854
FHW12125	362.625 	 93.209 	 72.293
FHW12125	362.750 	 92.748 	 72.290
FHW12125	362.875 	 93.226 	 71.710
FHW12125	363.000 	 93.209 	 72.290
FHW12125	363.125 	 92.748 	 72.293
FHW12125	363.250 	 93.201 	 71.852
FHW12125	363.375 	 93.233 	 72.150
FHW12125	363.500 	 92.749 	 72.288
FHW12125	363.625 	 93.201 	 71.858
FHW12125	363.750 	 93.202 	 72.290
FHW12125	363.875 	 92.748 	 72.290
FHW12125	364.000 	 93.226 	 71.710
FHW12125	364.125 	 93.209 	 72.293
FHW12125	364.250 	 93.209 	 72.290
FHW12125	364.375 	 92.742 	 71.852
FHW12125	364.500 	 93.233 	 72.150
FHW12125	364.625 	 93.202 	 72.291
FHW12125	364.750 	 92.748 	 71.854
FHW12125	364.875 	 93.202 	 72.290
FHW12125	365.000 	 93.209 	 72.290
FHW12125	365.125 	 92.763 	 71.710
FHW12125	365.250 	 93.209 	 72.293
FHW12125	365.375 	 93.209 	 72.290
FHW12125	365.500 	 93.201 	 71.852
FHW12125	365.625 	 92.769 	 72.150
FHW12125	365.750 	 93.209 	 72.291
FHW12125	365.875 	 93.194 	 71.854
FHW12125	366.000 	 92.755 	 72.290
FHW12125	366.125 	 93.202 	 72.290
FHW12125	366.250 	 93.226 	 71.713
FHW12125	366.375 	 92.748 	 72.290
FHW12125	366.500 	 93.209 	 72.290
FHW12125	366.625 	 93.201 	 71.852
FHW12125	366.750 	 92.769 	 72.154
FHW12125	366.875 	 93.209 	 72.288
FHW12125	367.000 	 93.201 	 71.854
FHW12125	367.125 	 93.202 	 72.290
FHW12125	367.250 	 92.748 	 72.293
FHW12125	367.375 	 93.226 	 71.710
FHW12125	367.500 	 95.030 	 73.738
FHW12125	367.625 	 95.068 	 73.613
FHW12125	367.750 	 95.030 	 73.738
FHW12125	367.875 	 95.057 	 73.171
FHW12125	368.000 	 95.068 	 73.609
FHW12125	368.125 	 95.030 	 73.741
FHW12125	368.250 	 95.068 	 73.609
FHW12125	368.375 	 95.023 	 73.741
FHW12125	368.500 	 95.057 	 73.167
FHW12125	368.625 	 95.029 	 73.740
FHW12125	368.750 	 95.069 	 73.611
FHW12125	368.875 	 95.068 	 73.609
FHW12125	369.000 	 95.030 	 73.741
FHW12125	369.125 	 95.510 	 73.167
FHW12125	369.250 	 95.029 	 73.743
FHW12125	369.375 	 95.069 	 73.607
FHW12125	369.500 	 95.068 	 73.613
FHW12125	369.625 	 95.030 	 73.738
FHW12125	369.750 	 95.057 	 73.171
FHW12125	369.875 	 95.029 	 73.740
FHW12125	370.000 	 95.069 	 73.611
FHW12125	370.125 	 95.022 	 73.740
FHW12125	370.250 	 95.069 	 73.611
FHW12125	370.375 	 95.057 	 73.167
FHW12125	370.500 	 95.029 	 73.740
FHW12125	370.625 	 95.069 	 73.611
FHW12125	370.750 	 95.029 	 73.740
FHW12125	370.875 	 95.069 	 73.611
FHW12125	371.000 	 95.018 	 73.301
FHW12125	371.125 	 95.068 	 73.613
FHW12125	371.250 	 95.523 	 73.607
FHW12125	371.375 	 95.029 	 73.743
FHW12125	371.500 	 95.069 	 73.607
FHW12125	371.625 	 95.018 	 73.304
FHW12125	371.750 	 95.069 	 73.607
FHW12125	371.875 	 95.068 	 73.613
FHW12125	372.000 	 95.022 	 73.740
FHW12125	372.125 	 95.057 	 73.165
FHW12125	372.250 	 95.029 	 73.743
FHW12125	372.375 	 95.069 	 73.607
FHW12125	372.500 	 95.029 	 73.743
FHW12125	372.625 	 95.068 	 73.609
FHW12125	372.750 	 95.057 	 73.169
FHW12125	372.875 	 95.029 	 73.740
FHW12125	373.000 	 95.069 	 73.611
FHW12125	373.125 	 95.029 	 73.740
FHW12125	373.250 	 95.061 	 73.613
FHW12125	373.375 	 95.019 	 73.299
FHW12125	373.500 	 95.530 	 73.613
FHW12125	373.625 	 95.069 	 73.607
FHW12125	373.750 	 95.029 	 73.743
FHW12125	373.875 	 95.061 	 73.609
FHW12125	374.000 	 95.019 	 73.299
FHW12125	374.125 	 95.068 	 73.613
FHW12125	374.250 	 95.030 	 73.738
FHW12125	374.375 	 95.068 	 73.613
FHW12125	374.500 	 95.068 	 73.609
FHW12125	374.625 	 95.019 	 73.302
FHW12125	374.750 	 95.068 	 73.609
FHW12125	374.875 	 95.030 	 73.741
FHW12125	375.000 	 95.068 	 73.609
FHW12125	375.125 	 95.061 	 73.613
FHW12125	375.250 	 95.019 	 73.299
FHW12125	375.375 	 95.068 	 73.613
FHW12125	375.500 	 95.030 	 73.738
FHW12125	375.625 	 95.530 	 73.613
FHW12125	375.750 	 95.023 	 73.738
FHW12125	375.875 	 95.057 	 73.167
FHW12125	376.000 	 95.068 	 73.613
FHW12125	376.125 	 95.030 	 73.738
FHW12125	376.250 	 95.068 	 73.613
FHW12125	376.375 	 95.030 	 73.738
FHW12125	376.500 	 95.057 	 73.171
FHW12125	376.625 	 95.030 	 73.738
FHW12125	376.750 	 95.068 	 73.613
FHW12125	376.875 	 95.493 	 74.178
FHW12125	377.000 	 95.996 	 74.057
FHW12125	377.125 	 95.505 	 74.621
FHW12125	377.250 	 95.950 	 74.184
FHW12125	377.375 	 95.964 	 74.624
FHW12125	377.500 	 95.996 	 74.053
FHW12125	377.625 	 95.512 	 74.624
FHW12125	377.750 	 95.951 	 74.178
FHW12125	377.875 	 95.963 	 74.626
FHW12125	378.000 	 95.535 	 74.053
FHW12125	378.125 	 95.964 	 74.624
FHW12125	378.250 	 95.951 	 74.182
FHW12125	378.375 	 95.504 	 74.623
FHW12125	378.500 	 95.997 	 74.055
FHW12125	378.625 	 95.963 	 74.623
FHW12125	378.750 	 95.500 	 74.182
FHW12125	378.875 	 95.964 	 74.624
FHW12125	379.000 	 95.996 	 74.053
FHW12125	379.125 	 95.964 	 74.624
FHW12125	379.250 	 95.492 	 74.180
FHW12125	379.375 	 95.964 	 74.624
FHW12125	379.500 	 95.996 	 74.057
FHW12125	379.625 	 95.512 	 74.621
FHW12125	379.750 	 95.951 	 74.182
FHW12125	379.875 	 95.956 	 74.623
FHW12125	380.000 	 95.542 	 74.057
FHW12125	380.125 	 95.964 	 74.624
FHW12125	380.250 	 95.951 	 74.178
FHW12125	380.375 	 95.505 	 74.624
FHW12125	380.500 	 95.950 	 74.180
FHW12125	380.625 	 96.010 	 74.502
FHW12125	380.750 	 95.951 	 74.178
FHW12125	380.875 	 95.512 	 74.624
FHW12125	381.000 	 95.950 	 74.184
FHW12125	381.125 	 96.010 	 74.497
FHW12125	381.250 	 95.492 	 74.184
FHW12125	381.375 	 95.964 	 74.621
FHW12125	381.500 	 95.951 	 74.182
FHW12125	381.625 	 95.547 	 74.502
FHW12125	381.750 	 95.951 	 74.178
FHW12125	381.875 	 95.963 	 74.626
FHW12125	382.000 	 95.500 	 74.178
FHW12125	382.125 	 96.010 	 74.502
FHW12125	382.250 	 95.951 	 74.178
FHW12125	382.375 	 95.964 	 74.624
FHW12125	382.500 	 95.492 	 74.184
FHW12125	382.625 	 96.009 	 74.499
FHW12125	382.750 	 95.951 	 74.182
FHW12125	382.875 	 95.505 	 74.621
FHW12125	383.000 	 95.950 	 74.184
FHW12125	383.125 	 96.010 	 74.501
FHW12125	383.250 	 95.499 	 74.180
FHW12125	383.375 	 95.964 	 74.624
FHW12125	383.500 	 95.951 	 74.178
FHW12125	383.625 	 95.547 	 74.502
FHW12125	383.750 	 95.951 	 74.182
FHW12125	383.875 	 95.963 	 74.623
FHW12125	384.000 	 95.951 	 74.182
FHW12125	384.125 	 95.542 	 74.053
FHW12125	384.250 	 95.957 	 74.624
FHW12125	384.375 	 95.951 	 74.178
FHW12125	384.500 	 95.511 	 74.626
FHW12125	384.625 	 95.996 	 74.057
FHW12125	384.750 	 95.964 	 74.621
FHW12125	384.875 	 95.493 	 74.182
FHW12125	385.000 	 95.963 	 74.623
FHW12125	385.125 	 95.997 	 74.055
FHW12125	385.250 	 95.511 	 74.626
FHW12125	385.375 	 95.951 	 74.178
FHW12125	385.500 	 95.964 	 74.624
FHW12125	385.625 	 95.950 	 74.180
FHW12125	385.750 	 95.548 	 74.501
FHW12125	385.875 	 95.950 	 74.184
FHW12125	386.000 	 95.964 	 74.621
FHW12125	386.125 	 95.493 	 74.182
FHW12125	386.250 	 96.009 	 74.499
FHW12125	386.375 	 95.052 	 74.624
FHW12125	386.500 	 95.040 	 74.180
FHW12125	386.625 	 95.052 	 74.624
FHW12125	386.750 	 95.052 	 74.624
FHW12125	386.875 	 95.051 	 74.623
FHW12125	387.000 	 95.041 	 74.182
FHW12125	387.125 	 95.052 	 74.624
FHW12125	387.250 	 95.044 	 74.623
FHW12125	387.375 	 95.041 	 74.182
FHW12125	387.500 	 95.052 	 74.621
FHW12125	387.625 	 95.051 	 74.626
FHW12125	387.750 	 95.041 	 74.182
FHW12125	387.875 	 95.052 	 74.621
FHW12125	388.000 	 95.051 	 74.626
FHW12125	388.125 	 95.052 	 74.621
FHW12125	388.250 	 95.041 	 74.182
FHW12125	388.375 	 95.051 	 74.626
FHW12125	388.500 	 95.045 	 74.621
FHW12125	388.625 	 95.041 	 74.182
FHW12125	388.750 	 95.051 	 74.623
FHW12125	388.875 	 95.052 	 74.624
FHW12125	389.000 	 95.041 	 74.182
FHW12125	389.125 	 95.052 	 74.621
FHW12125	389.250 	 95.051 	 74.626
FHW12125	389.375 	 95.052 	 74.621
FHW12125	389.500 	 95.041 	 74.182
FHW12125	389.625 	 95.044 	 74.626
FHW12125	389.750 	 95.052 	 74.621
FHW12125	389.875 	 95.041 	 74.182
FHW12125	390.000 	 95.051 	 74.623
FHW12125	390.125 	 95.052 	 74.624
FHW12125	390.250 	 95.052 	 74.624
FHW12125	390.375 	 95.040 	 74.180
FHW12125	390.500 	 95.091 	 74.501
FHW12125	390.625 	 95.051 	 74.623
FHW12125	390.750 	 95.041 	 74.182
FHW12125	390.875 	 95.505 	 74.624
FHW12125	391.000 	 95.051 	 74.623
FHW12125	391.125 	 95.041 	 74.182
FHW12125	391.250 	 95.052 	 74.621
FHW12125	391.375 	 95.051 	 74.626
FHW12125	391.500 	 95.045 	 74.624
FHW12125	391.625 	 95.041 	 74.178
FHW12125	391.750 	 95.051 	 74.626
FHW12125	391.875 	 95.052 	 74.621
FHW12125	392.000 	 95.041 	 74.182
FHW12125	392.125 	 95.051 	 74.626
FHW12125	392.250 	 95.052 	 74.621
FHW12125	392.375 	 95.052 	 74.624
FHW12125	392.500 	 95.040 	 74.180
FHW12125	392.625 	 95.052 	 74.624
FHW12125	392.750 	 95.045 	 74.624
FHW12125	392.875 	 95.040 	 74.180
FHW12125	393.000 	 95.052 	 74.624
FHW12125	393.125 	 95.052 	 74.621
FHW12125	393.250 	 95.041 	 74.182
FHW12125	393.375 	 95.051 	 74.626
FHW12125	393.500 	 95.052 	 74.621
FHW12125	393.625 	 95.052 	 74.624
FHW12125	393.750 	 95.040 	 74.180
FHW12125	393.875 	 95.045 	 74.624
FHW12125	394.000 	 95.052 	 74.624
FHW12125	394.125 	 95.040 	 74.180
FHW12125	394.250 	 95.052 	 74.624
FHW12125	394.375 	 95.052 	 74.621
FHW12125	394.500 	 95.051 	 74.626
FHW12125	394.625 	 95.041 	 74.182
FHW12125	394.750 	 95.052 	 74.621
FHW12125	394.875 	 95.051 	 74.626
FHW12125	395.000 	 95.041 	 74.178
FHW12125	395.125 	 95.045 	 74.624
FHW12125	395.250 	 95.051 	 74.626
FHW12125	395.375 	 95.041 	 74.178
FHW12125	395.500 	 95.052 	 74.624
FHW12125	395.625 	 95.091 	 74.502
FHW12125	395.750 	 94.106 	 74.743
FHW12125	395.875 	 93.214 	 74.182
FHW12125	396.000 	 93.676 	 74.623
FHW12125	396.125 	 93.668 	 74.182
FHW12125	396.250 	 93.196 	 74.743
FHW12125	396.375 	 93.676 	 74.624
FHW12125	396.500 	 93.675 	 74.182
FHW12125	396.625 	 93.214 	 74.623
FHW12125	396.750 	 93.675 	 74.182
FHW12125	396.875 	 93.648 	 74.743
FHW12125	397.000 	 93.221 	 74.624
FHW12125	397.125 	 93.668 	 74.182
FHW12125	397.250 	 93.676 	 74.623
FHW12125	397.375 	 93.676 	 74.624
FHW12125	397.500 	 93.189 	 74.303
FHW12125	397.625 	 93.676 	 74.624
FHW12125	397.750 	 93.675 	 74.184
FHW12125	397.875 	 93.221 	 74.621
FHW12125	398.000 	 93.676 	 74.624
FHW12125	398.125 	 93.640 	 74.303
FHW12125	398.250 	 93.221 	 74.624
FHW12125	398.375 	 93.668 	 74.184
FHW12125	398.500 	 93.676 	 74.621
FHW12125	398.625 	 93.683 	 74.624
FHW12125	398.750 	 93.182 	 74.303
FHW12125	398.875 	 93.683 	 74.626
FHW12125	399.000 	 93.676 	 74.624
FHW12125	399.125 	 93.214 	 74.178
FHW12125	399.250 	 93.648 	 74.746
FHW12125	399.375 	 93.668 	 74.178
FHW12125	399.500 	 93.221 	 74.626
FHW12125	399.625 	 93.676 	 74.624
FHW12125	399.750 	 93.675 	 74.178
FHW12125	399.875 	 93.648 	 74.746
FHW12125	400.000 	 93.221 	 74.623
FHW12125	400.125 	 93.668 	 74.182
FHW12125	400.250 	 93.676 	 74.624
FHW12125	400.375 	 93.214 	 74.178
FHW12125	400.500 	 93.648 	 74.746
FHW12125	400.625 	 93.683 	 74.623
FHW12125	400.750 	 93.207 	 74.182
FHW12125	400.875 	 93.683 	 74.624
FHW12125	401.000 	 93.668 	 74.180
FHW12125	401.125 	 93.197 	 74.745
FHW12125	401.250 	 93.676 	 74.623
FHW12125	401.375 	 93.668 	 74.182
FHW12125	401.500 	 93.683 	 74.624
FHW12125	401.625 	 93.189 	 74.743
FHW12125	401.750 	 93.675 	 74.184
FHW12125	401.875 	 93.676 	 74.621
FHW12125	402.000 	 93.214 	 74.182
FHW12125	402.125 	 93.676 	 74.626
FHW12125	402.250 	 93.648 	 74.741
FHW12125	402.375 	 93.214 	 74.184
FHW12125	402.500 	 93.676 	 74.621
FHW12125	402.625 	 93.675 	 74.182
FHW12125	402.750 	 93.676 	 74.626
FHW12125	402.875 	 93.196 	 74.743
FHW12125	403.000 	 93.668 	 74.182
FHW12125	403.125 	 93.676 	 74.621
FHW12125	403.250 	 93.221 	 74.626
FHW12125	403.375 	 93.668 	 74.178
FHW12125	403.500 	 93.655 	 74.746
FHW12125	403.625 	 93.207 	 74.182
FHW12125	403.750 	 93.683 	 74.621
FHW12125	403.875 	 93.676 	 74.626
FHW12125	404.000 	 93.189 	 74.303
FHW12125	404.125 	 93.676 	 74.624
FHW12125	404.250 	 93.676 	 74.624
FHW12125	404.375 	 93.668 	 74.178
FHW12125	404.500 	 93.221 	 74.626
FHW12125	404.625 	 93.647 	 74.303
FHW12125	404.750 	 93.676 	 74.624
FHW12125	404.875 	 93.221 	 74.624
FHW12125	405.000 	 93.668 	 74.180
FHW12125	405.125 	 92.759 	 74.624
FHW12125	405.250 	 91.822 	 74.303
FHW12125	405.375 	 92.298 	 74.182
FHW12125	405.500 	 91.836 	 74.182
FHW12125	405.625 	 92.285 	 74.743
FHW12125	405.750 	 91.836 	 74.184
FHW12125	405.875 	 92.298 	 74.178
FHW12125	406.000 	 91.836 	 74.182
FHW12125	406.125 	 91.822 	 74.303
FHW12125	406.250 	 92.296 	 74.624
FHW12125	406.375 	 91.843 	 74.184
FHW12125	406.500 	 92.291 	 74.178
FHW12125	406.625 	 91.822 	 74.307
FHW12125	406.750 	 92.303 	 74.621
FHW12125	406.875 	 91.836 	 74.184
FHW12125	407.000 	 91.836 	 74.178
FHW12125	407.125 	 92.280 	 74.307
FHW12125	407.250 	 91.840 	 74.624
FHW12125	407.375 	 92.298 	 74.178
FHW12125	407.500 	 91.822 	 74.307
FHW12125	407.625 	 92.298 	 74.180
FHW12125	407.750 	 91.836 	 74.182
FHW12125	407.875 	 91.840 	 74.621
FHW12125	408.000 	 92.280 	 74.307
FHW12125	408.125 	 91.836 	 74.178
FHW12125	408.250 	 92.298 	 74.184
FHW12125	408.375 	 91.840 	 74.624
FHW12125	408.500 	 92.273 	 74.303
FHW12125	408.625 	 91.843 	 74.182
FHW12125	408.750 	 91.836 	 74.178
FHW12125	408.875 	 92.291 	 74.184
FHW12125	409.000 	 91.826 	 74.743
FHW12125	409.125 	 92.298 	 74.182
FHW12125	409.250 	 91.836 	 74.182
FHW12125	409.375 	 92.298 	 74.180
FHW12125	409.500 	 91.826 	 74.745
FHW12125	409.625 	 91.836 	 74.180
FHW12125	409.750 	 92.298 	 74.182
FHW12125	409.875 	 91.822 	 74.303
FHW12125	410.000 	 92.303 	 74.624
FHW12125	410.125 	 91.836 	 74.184
FHW12125	410.250 	 92.298 	 74.178
FHW12125	410.375 	 91.822 	 74.307
FHW12125	410.500 	 91.836 	 74.178
FHW12125	410.625 	 92.303 	 74.624
FHW12125	410.750 	 91.836 	 74.180
FHW12125	410.875 	 92.273 	 74.307
FHW12125	411.000 	 91.843 	 74.182
FHW12125	411.125 	 92.296 	 74.621
FHW12125	411.250 	 91.836 	 74.184
FHW12125	411.375 	 91.829 	 74.302
FHW12125	411.500 	 92.291 	 74.184
FHW12125	411.625 	 91.840 	 74.621
FHW12125	411.750 	 92.280 	 74.307
FHW12125	411.875 	 91.836 	 74.182
FHW12125	412.000 	 92.298 	 74.180
FHW12125	412.125 	 91.836 	 74.182
FHW12125	412.250 	 91.826 	 74.743
FHW12125	412.375 	 92.298 	 74.182
FHW12125	412.500 	 91.836 	 74.178
FHW12125	412.625 	 92.298 	 74.184
FHW12125	412.750 	 91.826 	 74.746
FHW12125	412.875 	 92.291 	 74.178
FHW12125	413.000 	 91.843 	 74.182
FHW12125	413.125 	 91.836 	 74.180
FHW12125	413.250 	 92.274 	 74.305
FHW12125	413.375 	 91.847 	 74.623
FHW12125	413.500 	 92.291 	 74.182
FHW12125	413.625 	 91.822 	 74.303
FHW12125	413.750 	 92.298 	 74.182
FHW12125	413.875 	 91.840 	 74.626
FHW12125	414.000 	 91.836 	 74.178
FHW12125	414.125 	 92.280 	 74.307
FHW12125	414.250 	 91.836 	 74.178
FHW12125	414.375 	 92.303 	 74.624
FHW12125	414.500 	 91.836 	 74.180
FHW12125	414.625 	 91.822 	 74.307
FHW12125	414.750 	 91.381 	 74.182
FHW12125	414.875 	 91.836 	 74.178
FHW12125	415.000 	 91.381 	 74.182
FHW12125	415.125 	 91.822 	 74.303
FHW12125	415.250 	 91.374 	 74.184
FHW12125	415.375 	 91.836 	 74.178
FHW12125	415.500 	 91.381 	 74.182
FHW12125	415.625 	 91.836 	 74.180
FHW12125	415.750 	 91.370 	 74.305
FHW12125	415.875 	 91.832 	 73.740
FHW12125	416.000 	 91.381 	 74.182
FHW12125	416.125 	 91.836 	 74.182
FHW12125	416.250 	 91.363 	 74.303
FHW12125	416.375 	 91.836 	 74.184
FHW12125	416.500 	 91.843 	 74.178
FHW12125	416.625 	 91.374 	 74.182
FHW12125	416.750 	 91.822 	 74.303
FHW12125	416.875 	 91.381 	 74.182
FHW12125	417.000 	 91.836 	 74.180
FHW12125	417.125 	 91.381 	 74.182
FHW12125	417.250 	 91.836 	 74.182
FHW12125	417.375 	 91.363 	 74.303
FHW12125	417.500 	 91.843 	 74.184
FHW12125	417.625 	 91.374 	 74.178
FHW12125	417.750 	 91.836 	 74.182
FHW12125	417.875 	 91.370 	 74.303
FHW12125	418.000 	 91.836 	 74.182
FHW12125	418.125 	 91.381 	 74.180
FHW12125	418.250 	 91.836 	 74.182
FHW12125	418.375 	 91.836 	 74.182
FHW12125	418.500 	 91.370 	 74.303
FHW12125	418.625 	 91.836 	 74.182
FHW12125	418.750 	 91.373 	 74.180
FHW12125	418.875 	 91.836 	 74.182
FHW12125	419.000 	 91.370 	 74.303
FHW12125	419.125 	 91.836 	 74.182
FHW12125	419.250 	 91.381 	 74.180
FHW12125	419.375 	 91.836 	 74.182
FHW12125	419.500 	 91.370 	 74.303
FHW12125	419.625 	 91.836 	 74.182
FHW12125	419.750 	 91.374 	 74.182
FHW12125	419.875 	 91.836 	 74.180
FHW12125	420.000 	 91.381 	 74.182
FHW12125	420.125 	 91.822 	 74.303
FHW12125	420.250 	 91.836 	 74.182
FHW12125	420.375 	 91.381 	 74.180
FHW12125	420.500 	 91.836 	 74.182
FHW12125	420.625 	 91.370 	 74.303
FHW12125	420.750 	 91.836 	 74.182
FHW12125	420.875 	 91.374 	 74.182
FHW12125	421.000 	 91.843 	 74.180
FHW12125	421.125 	 91.363 	 74.307
FHW12125	421.250 	 91.836 	 74.178
FHW12125	421.375 	 91.381 	 74.182
FHW12125	421.500 	 91.836 	 74.180
FHW12125	421.625 	 91.381 	 74.182
FHW12125	421.750 	 91.822 	 74.303
FHW12125	421.875 	 91.371 	 73.741
FHW12125	422.000 	 91.843 	 74.178
FHW12125	422.125 	 91.836 	 74.184
FHW12125	422.250 	 91.363 	 74.307
FHW12125	422.375 	 91.843 	 74.178
FHW12125	422.500 	 91.374 	 74.182
FHW12125	422.625 	 91.836 	 74.178
FHW12125	422.750 	 91.370 	 74.307
FHW12125	422.875 	 91.836 	 74.180
FHW12125	423.000 	 91.381 	 74.182
FHW12125	423.125 	 91.836 	 74.178
FHW12125	423.250 	 91.374 	 74.184
FHW12125	423.375 	 91.829 	 74.305
FHW12125	423.500 	 91.373 	 74.180
FHW12125	423.625 	 91.836 	 74.182
FHW12125	423.750 	 91.381 	 74.178
FHW12125	423.875 	 91.822 	 74.307
FHW12125	424.000 	 92.298 	 74.180
FHW12125	424.125 	 92.291 	 74.182
FHW12125	424.250 	 92.298 	 74.178
FHW12125	424.375 	 92.298 	 74.184
FHW12125	424.500 	 92.732 	 74.302
FHW12125	424.625 	 92.303 	 74.626
FHW12125	424.750 	 92.291 	 74.182
FHW12125	424.875 	 92.298 	 74.178
FHW12125	425.000 	 92.298 	 74.184
FHW12125	425.125 	 92.273 	 74.303
FHW12125	425.250 	 92.760 	 74.182
FHW12125	425.375 	 92.291 	 74.178
FHW12125	425.500 	 92.298 	 74.184
FHW12125	425.625 	 92.298 	 74.182
FHW12125	425.750 	 92.291 	 74.178
FHW12125	425.875 	 92.280 	 74.307
FHW12125	426.000 	 92.753 	 74.178
FHW12125	426.125 	 92.298 	 74.184
FHW12125	426.250 	 92.298 	 74.178
FHW12125	426.375 	 92.291 	 74.182
FHW12125	426.500 	 92.285 	 74.743
FHW12125	426.625 	 92.298 	 74.182
FHW12125	426.750 	 92.752 	 74.184
FHW12125	426.875 	 92.298 	 74.178
FHW12125	427.000 	 92.291 	 74.182
FHW12125	427.125 	 92.280 	 74.303
FHW12125	427.250 	 92.298 	 74.184
FHW12125	427.375 	 92.291 	 74.178
FHW12125	427.500 	 92.753 	 74.182
FHW12125	427.625 	 92.298 	 74.180
FHW12125	427.750 	 92.281 	 74.305
FHW12125	427.875 	 92.291 	 74.184
FHW12125	428.000 	 92.298 	 74.178
FHW12125	428.125 	 92.298 	 74.182
FHW12125	428.250 	 92.758 	 74.623
FHW12125	428.375 	 92.280 	 74.307
FHW12125	428.500 	 92.291 	 74.178
FHW12125	428.625 	 92.298 	 74.182
FHW12125	428.750 	 92.298 	 74.180
FHW12125	428.875 	 92.291 	 74.182
FHW12125	429.000 	 92.739 	 74.307
FHW12125	429.125 	 92.291 	 74.178
FHW12125	429.250 	 92.298 	 74.182
FHW12125	429.375 	 92.298 	 74.180
FHW12125	429.500 	 92.291 	 74.182
FHW12125	429.625 	 92.298 	 74.178
FHW12125	429.750 	 92.732 	 74.307
FHW12125	429.875 	 92.298 	 74.178
FHW12125	430.000 	 92.298 	 74.184
FHW12125	430.125 	 92.296 	 74.624
FHW12125	430.250 	 92.298 	 74.178
FHW12125	430.375 	 92.280 	 74.307
FHW12125	430.500 	 92.752 	 74.180
FHW12125	430.625 	 92.298 	 74.182
FHW12125	430.750 	 92.291 	 74.178
FHW12125	430.875 	 92.298 	 74.184
FHW12125	431.000 	 92.281 	 74.302
FHW12125	431.125 	 92.291 	 74.184
FHW12125	431.250 	 92.760 	 74.182
FHW12125	431.375 	 92.291 	 74.178
FHW12125	431.500 	 92.298 	 74.184
FHW12125	431.625 	 92.280 	 74.303
FHW12125	431.750 	 92.291 	 74.182
FHW12125	431.875 	 92.298 	 74.178
FHW12125	432.000 	 92.758 	 74.626
FHW12125	432.125 	 92.298 	 74.182
FHW12125	432.250 	 92.273 	 74.303
FHW12125	432.375 	 92.298 	 74.182
FHW12125	432.500 	 92.298 	 74.178
FHW12125	432.625 	 92.298 	 74.184
FHW12125	432.750 	 92.753 	 74.178
FHW12125	432.875 	 92.273 	 74.307
FHW12125	433.000 	 92.298 	 74.178
FHW12125	433.125 	 92.298 	 74.182
FHW12125	433.250 	 92.291 	 74.180
FHW12125	433.375 	 92.298 	 74.182
FHW12125	433.500 	 92.298 	 74.182
FHW12125	433.625 	 92.732 	 74.303
FHW12125	433.750 	 92.298 	 74.184
FHW12125	433.875 	 92.291 	 74.178
FHW12125	434.000 	 92.303 	 74.624
FHW12125	434.125 	 92.298 	 74.180
FHW12125	434.250 	 92.274 	 74.305
FHW12125	434.375 	 92.298 	 74.184
FHW12125	434.500 	 92.298 	 74.178
FHW12125	434.625 	 92.291 	 74.182
FHW12125	434.750 	 92.298 	 74.180
FHW12125	434.875 	 92.280 	 74.307
FHW12125	435.000 	 92.298 	 74.178
FHW12125	435.125 	 92.291 	 74.182
FHW12125	435.250 	 92.298 	 74.180
FHW12125	435.375 	 92.298 	 74.182
FHW12125	435.500 	 92.273 	 74.307
FHW12125	435.625 	 92.298 	 74.178
FHW12125	435.750 	 92.298 	 74.182
FHW12125	435.875 	 92.291 	 74.180
FHW12125	436.000 	 92.298 	 74.182
FHW12125	436.125 	 92.280 	 74.303
FHW12125	436.250 	 92.291 	 74.182
FHW12125	436.375 	 92.298 	 74.178
FHW12125	436.500 	 92.298 	 74.184
FHW12125	436.625 	 92.291 	 74.178
FHW12125	436.750 	 92.285 	 74.746
FHW12125	436.875 	 92.298 	 74.182
FHW12125	437.000 	 92.291 	 74.180
FHW12125	437.125 	 92.298 	 74.182
FHW12125	437.250 	 92.298 	 74.178
FHW12125	437.375 	 92.291 	 74.184
FHW12125	437.500 	 92.281 	 74.302
FHW12125	437.625 	 92.298 	 74.184
FHW12125	437.750 	 92.291 	 74.182
FHW12125	437.875 	 92.298 	 74.178
FHW12125	438.000 	 92.298 	 74.184
FHW12125	438.125 	 92.280 	 74.303
FHW12125	438.250 	 92.753 	 74.182
FHW12125	438.375 	 92.291 	 74.178
FHW12125	438.500 	 92.298 	 74.184
FHW12125	438.625 	 92.298 	 74.178
FHW12125	438.750 	 92.273 	 74.307
FHW12125	438.875 	 92.298 	 74.178
FHW12125	439.000 	 92.298 	 74.182
FHW12125	439.125 	 92.298 	 74.184
FHW12125	439.250 	 92.291 	 74.178
FHW12125	439.375 	 92.280 	 74.307
FHW12125	439.500 	 92.303 	 74.621
FHW12125	439.625 	 92.291 	 74.182
FHW12125	439.750 	 92.298 	 74.180
FHW12125	439.875 	 92.298 	 74.182
FHW12125	440.000 	 92.273 	 74.307
FHW12125	440.125 	 92.298 	 74.178
FHW12125	440.250 	 92.298 	 74.184
FHW12125	440.375 	 92.291 	 74.178
FHW12125	440.500 	 92.298 	 74.182
FHW12125	440.625 	 92.280 	 74.303
FHW12125	440.750 	 92.291 	 74.182
FHW12125	440.875 	 92.298 	 74.180
FHW12125	441.000 	 92.298 	 74.182
FHW12125	441.125 	 92.291 	 74.178
FHW12125	441.250 	 92.298 	 74.184
FHW12125	441.375 	 92.280 	 74.307
FHW12125	441.500 	 92.291 	 74.178
FHW12125	441.625 	 92.298 	 74.182
FHW12125	441.750 	 92.298 	 74.180
FHW12125	441.875 	 92.291 	 74.182
FHW12125	442.000 	 92.280 	 74.303
FHW12125	442.125 	 92.298 	 74.182
FHW12125	442.250 	 92.303 	 74.624
FHW12125	442.375 	 92.291 	 74.180
FHW12125	442.500 	 92.298 	 74.182
FHW12125	442.625 	 92.280 	 74.303
FHW12125	442.750 	 92.291 	 74.182
FHW12125	442.875 	 91.381 	 74.178
FHW12125	443.000 	 91.370 	 73.743
FHW12125	443.125 	 91.381 	 74.178
FHW12125	443.250 	 91.370 	 74.307
FHW12125	443.375 	 91.374 	 74.178
FHW12125	443.500 	 90.918 	 74.184
FHW12125	443.625 	 91.381 	 74.182
FHW12125	443.750 	 91.378 	 73.738
FHW12125	443.875 	 91.363 	 74.307
FHW12125	444.000 	 91.381 	 74.178
FHW12125	444.125 	 91.374 	 74.184
FHW12125	444.250 	 90.918 	 74.178
FHW12125	444.375 	 91.381 	 74.182
FHW12125	444.500 	 91.367 	 73.866
FHW12125	444.625 	 91.374 	 74.184
FHW12125	444.750 	 91.381 	 74.178
FHW12125	444.875 	 91.374 	 74.182
FHW12125	445.000 	 91.381 	 74.180
FHW12125	445.125 	 90.911 	 74.305
FHW12125	445.250 	 91.377 	 73.740
FHW12125	445.375 	 91.374 	 74.182
FHW12125	445.500 	 91.381 	 74.182
FHW12125	445.625 	 91.370 	 74.303
FHW12125	445.750 	 91.374 	 74.184
FHW12125	445.875 	 90.918 	 74.178
FHW12125	446.000 	 91.378 	 73.741
FHW12125	446.125 	 91.374 	 74.178
FHW12125	446.250 	 91.370 	 74.307
FHW12125	446.375 	 91.381 	 74.180
FHW12125	446.500 	 91.374 	 74.182
FHW12125	446.625 	 91.381 	 74.178
FHW12125	446.750 	 90.916 	 73.743
FHW12125	446.875 	 91.370 	 74.305
FHW12125	447.000 	 91.373 	 74.180
FHW12125	447.125 	 91.381 	 74.182
FHW12125	447.250 	 91.374 	 74.178
FHW12125	447.375 	 91.381 	 74.184
FHW12125	447.500 	 91.370 	 74.303
FHW12125	447.625 	 90.916 	 73.741
FHW12125	447.750 	 91.374 	 74.178
FHW12125	447.875 	 91.381 	 74.184
FHW12125	448.000 	 91.381 	 74.178
FHW12125	448.125 	 91.363 	 74.307
FHW12125	448.250 	 91.381 	 74.182
FHW12125	448.375 	 90.916 	 73.738
FHW12125	448.500 	 91.374 	 74.184
FHW12125	448.625 	 91.381 	 74.178
FHW12125	448.750 	 91.370 	 74.307
FHW12125	448.875 	 91.374 	 74.178
FHW12125	449.000 	 91.381 	 74.184
FHW12125	449.125 	 91.371 	 73.738
FHW12125	449.250 	 90.918 	 74.307
FHW12125	449.375 	 91.374 	 74.178
FHW12125	449.500 	 91.381 	 74.182
FHW12125	449.625 	 91.373 	 74.180
FHW12125	449.750 	 91.381 	 74.182
FHW12125	449.875 	 91.367 	 73.866
FHW12125	450.000 	 90.918 	 74.182
FHW12125	450.125 	 91.374 	 74.182
FHW12125	450.250 	 91.381 	 74.180
FHW12125	450.375 	 91.374 	 74.182
FHW12125	450.500 	 91.370 	 74.303
FHW12125	450.625 	 91.378 	 73.741
FHW12125	450.750 	 91.373 	 74.180
FHW12125	450.875 	 90.918 	 74.182
FHW12125	451.000 	 91.381 	 74.178
FHW12125	451.125 	 91.370 	 74.307
FHW12125	451.250 	 91.374 	 74.178
FHW12125	451.375 	 91.377 	 73.743
FHW12125	451.500 	 91.374 	 74.182
FHW12125	451.625 	 90.918 	 74.178
FHW12125	451.750 	 91.370 	 74.307
FHW12125	451.875 	 91.381 	 74.180
FHW12125	452.000 	 91.374 	 74.182
FHW12125	452.125 	 91.381 	 74.178
FHW12125	452.250 	 90.916 	 73.743
FHW12125	452.375 	 90.459 	 74.302
FHW12125	452.500 	 90.918 	 74.184
FHW12125	452.625 	 90.456 	 74.178
FHW12125	452.750 	 90.916 	 73.741
FHW12125	452.875 	 90.463 	 74.180
FHW12125	453.000 	 90.911 	 74.307
FHW12125	453.125 	 90.456 	 74.182
FHW12125	453.250 	 90.916 	 73.738
FHW12125	453.375 	 90.463 	 74.182
FHW12125	453.500 	 90.918 	 74.180
FHW12125	453.625 	 90.909 	 73.869
FHW12125	453.750 	 90.463 	 74.178
FHW12125	453.875 	 90.918 	 74.182
FHW12125	454.000 	 90.456 	 74.180
FHW12125	454.125 	 90.909 	 73.867
FHW12125	454.250 	 90.463 	 74.180
FHW12125	454.375 	 90.918 	 74.182
FHW12125	454.500 	 90.456 	 74.178
FHW12125	454.625 	 90.923 	 73.743
FHW12125	454.750 	 90.452 	 74.303
FHW12125	454.875 	 90.918 	 74.182
FHW12125	455.000 	 90.463 	 74.182
FHW12125	455.125 	 90.916 	 73.740
FHW12125	455.250 	 90.456 	 74.182
FHW12125	455.375 	 90.911 	 74.303
FHW12125	455.500 	 90.463 	 74.182
FHW12125	455.625 	 90.916 	 73.738
FHW12125	455.750 	 90.918 	 74.184
FHW12125	455.875 	 90.463 	 74.178
FHW12125	456.000 	 90.911 	 74.307
FHW12125	456.125 	 90.455 	 73.738
FHW12125	456.250 	 90.918 	 74.184
FHW12125	456.375 	 90.463 	 74.178
FHW12125	456.500 	 90.918 	 74.182
FHW12125	456.625 	 90.451 	 73.866
FHW12125	456.750 	 90.918 	 74.182
FHW12125	456.875 	 90.463 	 74.184
FHW12125	457.000 	 90.918 	 74.178
FHW12125	457.125 	 90.462 	 73.741
FHW12125	457.250 	 90.911 	 74.303
FHW12125	457.375 	 90.456 	 74.182
FHW12125	457.500 	 90.918 	 74.180
FHW12125	457.625 	 90.462 	 73.741
FHW12125	457.750 	 90.918 	 74.178
FHW12125	457.875 	 90.911 	 74.307
FHW12125	458.000 	 90.463 	 74.180
FHW12125	458.125 	 90.916 	 73.741
FHW12125	458.250 	 90.456 	 74.178
FHW12125	458.375 	 90.911 	 74.307
FHW12125	458.500 	 90.463 	 74.178
FHW12125	458.625 	 90.916 	 73.743
FHW12125	458.750 	 90.456 	 74.182
FHW12125	458.875 	 90.918 	 74.178
FHW12125	459.000 	 90.459 	 74.307
FHW12125	459.125 	 90.916 	 73.740
FHW12125	459.250 	 90.463 	 74.182
FHW12125	459.375 	 90.918 	 74.178
FHW12125	459.500 	 90.456 	 74.184
FHW12125	459.625 	 90.909 	 73.864
FHW12125	459.750 	 90.463 	 74.184
FHW12125	459.875 	 90.918 	 74.178
FHW12125	460.000 	 90.456 	 74.182
FHW12125	460.125 	 90.916 	 73.740
FHW12125	460.250 	 90.918 	 74.307
FHW12125	460.375 	 90.456 	 74.178
FHW12125	460.500 	 90.918 	 74.182
FHW12125	460.625 	 90.462 	 73.741
FHW12125	460.750 	 90.918 	 74.180
FHW12125	460.875 	 90.452 	 74.307
FHW12125	461.000 	 90.918 	 74.178
FHW12125	461.125 	 90.462 	 73.741
FHW12125	461.250 	 90.918 	 74.180
FHW12125	461.375 	 90.456 	 74.182
FHW12125	461.500 	 90.918 	 74.303
FHW12125	461.625 	 90.455 	 73.741
FHW12125	461.750 	 90.918 	 74.178
FHW12125	461.875 	 90.463 	 74.184
FHW12125	462.000 	 90.911 	 74.303
FHW12125	462.125 	 90.455 	 73.741
FHW12125	462.250 	 90.918 	 74.178
FHW12125	462.375 	 90.463 	 74.184
FHW12125	462.500 	 90.918 	 74.182
FHW12125	462.625 	 90.459 	 74.303
FHW12125	462.750 	 90.916 	 73.741
FHW12125	462.875 	 90.456 	 74.178
FHW12125	463.000 	 90.918 	 74.184
FHW12125	463.125 	 90.463 	 74.178
FHW12125	463.250 	 90.451 	 73.869
FHW12125	463.375 	 90.918 	 74.178
FHW12125	463.500 	 90.463 	 74.184
FHW12125	463.625 	 90.918 	 74.178
FHW12125	463.750 	 90.459 	 74.307
FHW12125	463.875 	 90.916 	 73.738
FHW12125	464.000 	 90.456 	 74.182
FHW12125	464.125 	 90.918 	 74.184
FHW12125	464.250 	 90.463 	 74.178
FHW12125	464.375 	 90.909 	 73.869
FHW12125	464.500 	 90.456 	 74.178
FHW12125	464.625 	 90.918 	 74.182
FHW12125	464.750 	 90.463 	 74.180
FHW12125	464.875 	 90.918 	 74.182
FHW12125	465.000 	 90.458 	 73.866
FHW12125	465.125 	 90.918 	 74.182
FHW12125	465.250 	 90.456 	 74.180
FHW12125	465.375 	 90.918 	 74.182
FHW12125	465.500 	 90.458 	 73.866
FHW12125	465.625 	 90.456 	 74.182
FHW12125	465.750 	 90.918 	 74.178
FHW12125	465.875 	 90.463 	 74.184
FHW12125	466.000 	 90.918 	 74.182
FHW12125	466.125 	 90.458 	 73.866
FHW12125	466.250 	 90.918 	 74.182
FHW12125	466.375 	 90.456 	 74.180
FHW12125	466.500 	 90.918 	 74.182
FHW12125	466.625 	 90.462 	 73.738
FHW12125	466.750 	 90.911 	 74.309
FHW12125	466.875 	 90.456 	 74.178
FHW12125	467.000 	 90.918 	 74.182
FHW12125	467.125 	 90.463 	 74.178
FHW12125	467.250 	 90.909 	 73.869
FHW12125	467.375 	 90.463 	 74.178
FHW12125	467.500 	 90.918 	 74.182
FHW12125	467.625 	 90.456 	 74.182
FHW12125	467.750 	 90.462 	 73.741
FHW12125	467.875 	 90.911 	 74.303
FHW12125	468.000 	 90.456 	 74.182
FHW12125	468.125 	 90.918 	 74.182
FHW12125	468.250 	 90.463 	 74.178
FHW12125	468.375 	 90.916 	 73.741
FHW12125	468.500 	 90.459 	 74.303
FHW12125	468.625 	 90.918 	 74.182
FHW12125	468.750 	 90.456 	 74.178
FHW12125	468.875 	 90.916 	 73.745
FHW12125	469.000 	 90.459 	 74.300
FHW12125	469.125 	 90.918 	 74.186
FHW12125	469.250 	 90.456 	 74.182
FHW12125	469.375 	 90.918 	 74.178
FHW12125	469.500 	 90.462 	 73.741
FHW12125	469.625 	 90.911 	 74.303
FHW12125	469.750 	 90.463 	 74.182
FHW12125	469.875 	 90.918 	 74.178
FHW12125	470.000 	 90.455 	 73.745
FHW12125	470.125 	 90.463 	 74.178
FHW12125	470.250 	 90.911 	 74.307
FHW12125	470.375 	 90.456 	 74.178
FHW12125	470.500 	 90.918 	 74.182
FHW12125	470.625 	 90.462 	 73.738
FHW12125	470.750 	 90.911 	 74.307
FHW12125	470.875 	 90.463 	 74.178
FHW12125	471.000 	 90.918 	 74.182
FHW12125	471.125 	 90.455 	 73.741
FHW12125	471.250 	 90.918 	 74.182
FHW12125	471.375 	 90.459 	 74.307
FHW12125	471.500 	 90.916 	 73.738
FHW12125	471.625 	 90.456 	 74.182
FHW12125	471.750 	 90.918 	 74.178
FHW12125	471.875 	 90.462 	 73.741
FHW12125	472.000 	 90.452 	 74.303
FHW12125	472.125 	 90.925 	 74.182
FHW12125	472.250 	 90.456 	 74.178
FHW12125	472.375 	 90.916 	 73.745
FHW12125	472.500 	 90.463 	 74.178
FHW12125	472.625 	 90.918 	 74.182
FHW12125	472.750 	 90.451 	 73.866
FHW12125	472.875 	 90.918 	 74.182
FHW12125	473.000 	 90.463 	 74.182
FHW12125	473.125 	 90.916 	 73.738
FHW12125	473.250 	 90.463 	 74.186
FHW12125	473.375 	 90.911 	 74.300
FHW12125	473.500 	 90.455 	 73.745
FHW12125	473.625 	 90.463 	 74.178
FHW12125	473.750 	 90.918 	 74.182
FHW12125	473.875 	 90.455 	 73.738
FHW12125	474.000 	 90.911 	 74.307
FHW12125	474.125 	 90.463 	 74.178
FHW12125	474.250 	 90.916 	 73.741
FHW12125	474.375 	 90.463 	 74.178
FHW12125	474.500 	 90.918 	 74.186
FHW12125	474.625 	 90.456 	 74.178
FHW12125	474.750 	 90.909 	 73.869
FHW12125	474.875 	 90.463 	 74.178
FHW12125	475.000 	 90.918 	 74.182
FHW12125	475.125 	 90.455 	 73.738
FHW12125	475.250 	 90.463 	 74.182
FHW12125	475.375 	 90.911 	 74.307
FHW12125	475.500 	 90.455 	 73.738
FHW12125	475.625 	 90.925 	 74.186
FHW12125	475.750 	 90.456 	 74.178
FHW12125	475.875 	 90.916 	 73.741
FHW12125	476.000 	 90.459 	 74.303
FHW12125	476.125 	 90.918 	 74.182
FHW12125	476.250 	 90.455 	 73.738
FHW12125	476.375 	 90.918 	 74.182
FHW12125	476.500 	 90.463 	 74.182
FHW12125	476.625 	 90.916 	 73.741
FHW12125	476.750 	 90.459 	 74.303
FHW12125	476.875 	 90.456 	 74.182
FHW12125	477.000 	 90.918 	 74.178
FHW12125	477.125 	 90.462 	 73.741
FHW12125	477.250 	 90.918 	 74.178
FHW12125	477.375 	 90.452 	 74.307
FHW12125	477.500 	 90.916 	 73.741
FHW12125	477.625 	 90.463 	 74.178
FHW12125	477.750 	 90.918 	 74.186
FHW12125	477.875 	 90.455 	 73.738
FHW12125	478.000 	 90.918 	 74.307
FHW12125	478.125 	 90.456 	 74.178
FHW12125	478.250 	 90.462 	 73.741
FHW12125	478.375 	 90.918 	 74.178
FHW12125	478.500 	 90.456 	 74.182
FHW12125	478.625 	 90.909 	 73.866
FHW12125	478.750 	 90.463 	 74.182
FHW12125	478.875 	 90.918 	 74.182
FHW12125	479.000 	 90.455 	 73.741
FHW12125	479.125 	 90.925 	 74.178
FHW12125	479.250 	 90.456 	 74.182
FHW12125	479.375 	 90.911 	 74.307
FHW12125	479.500 	 90.462 	 73.738
FHW12125	479.625 	 90.918 	 74.182
FHW12125	479.750 	 90.456 	 74.182
FHW12125	479.875 	 90.462 	 73.741
FHW12125	480.000 	 90.911 	 74.303
FHW12125	480.125 	 90.456 	 74.182
FHW12125	480.250 	 90.916 	 73.738
FHW12125	480.375 	 90.463 	 74.182
FHW12125	480.500 	 90.463 	 74.178
FHW12125	480.625 	 90.452 	 74.307
FHW12125	480.750 	 90.463 	 74.178
FHW12125	480.875 	 90.456 	 74.182
FHW12125	481.000 	 90.460 	 74.746
FHW12125	481.125 	 90.456 	 74.182
FHW12125	481.250 	 90.463 	 74.182
FHW12125	481.375 	 90.452 	 74.303
FHW12125	481.500 	 90.463 	 74.182
FHW12125	481.625 	 90.456 	 74.178
FHW12125	481.750 	 90.460 	 74.746
FHW12125	481.875 	 90.456 	 74.178
FHW12125	482.000 	 90.463 	 74.182
FHW12125	482.125 	 90.459 	 74.307
FHW12125	482.250 	 90.456 	 74.178
FHW12125	482.375 	 90.463 	 74.182
FHW12125	482.500 	 90.452 	 74.303
FHW12125	482.625 	 90.464 	 74.628
FHW12125	482.750 	 90.456 	 74.178
FHW12125	482.875 	 90.459 	 74.307
FHW12125	483.000 	 90.456 	 74.182
FHW12125	483.125 	 90.463 	 74.178
FHW12125	483.250 	 90.452 	 74.307
FHW12125	483.375 	 90.464 	 74.621
FHW12125	483.500 	 90.456 	 74.182
FHW12125	483.625 	 90.459 	 74.303
FHW12125	483.750 	 90.456 	 74.182
FHW12125	483.875 	 90.463 	 74.178
FHW12125	484.000 	 90.459 	 74.307
FHW12125	484.125 	 90.456 	 74.186
FHW12125	484.250 	 90.464 	 74.621
FHW12125	484.375 	 90.452 	 74.307
FHW12125	484.500 	 90.463 	 74.178
FHW12125	484.625 	 90.456 	 74.182
FHW12125	484.750 	 90.459 	 74.303
FHW12125	484.875 	 90.456 	 74.182
FHW12125	485.000 	 90.464 	 74.624
FHW12125	485.125 	 90.452 	 74.303
FHW12125	485.250 	 90.463 	 74.182
FHW12125	485.375 	 90.456 	 74.178
FHW12125	485.500 	 90.463 	 74.186
FHW12125	485.625 	 90.459 	 74.303
FHW12125	485.750 	 90.457 	 74.624
FHW12125	485.875 	 90.463 	 74.178
FHW12125	486.000 	 90.452 	 74.307
FHW12125	486.125 	 90.463 	 74.182
FHW12125	486.250 	 90.456 	 74.178
FHW12125	486.375 	 90.459 	 74.307
FHW12125	486.500 	 90.456 	 74.178
FHW12125	486.625 	 90.464 	 74.624
FHW12125	486.750 	 90.452 	 74.303
FHW12125	486.875 	 90.463 	 74.182
FHW12125	487.000 	 90.456 	 74.186
FHW12125	487.125 	 90.459 	 74.303
FHW12125	487.250 	 90.463 	 74.182
FHW12125	487.375 	 90.457 	 74.621
FHW12125	487.500 	 90.459 	 74.307
FHW12125	487.625 	 90.456 	 74.178
FHW12125	487.750 	 90.463 	 74.182
FHW12125	487.875 	 90.452 	 74.303
FHW12125	488.000 	 90.463 	 74.182
FHW12125	488.125 	 90.456 	 74.182
FHW12125	488.250 	 90.460 	 74.743
FHW12125	488.375 	 90.456 	 74.182
FHW12125	488.500 	 90.463 	 74.182
FHW12125	488.625 	 90.452 	 74.307
FHW12125	488.750 	 90.463 	 74.178
FHW12125	488.875 	 90.456 	 74.182
FHW12125	489.000 	 90.460 	 74.746
FHW12125	489.125 	 90.463 	 74.178
FHW12125	489.250 	 90.456 	 74.182
FHW12125	489.375 	 90.459 	 74.303
FHW12125	489.500 	 90.456 	 74.182
FHW12125	489.625 	 90.463 	 74.178
FHW12125	489.750 	 90.452 	 74.307
FHW12125	489.875 	 90.464 	 74.624
FHW12125	490.000 	 90.456 	 74.182
FHW12125	490.125 	 90.000 	 74.746
FHW12125	490.250 	 90.464 	 74.621
FHW12125	490.375 	 90.000 	 74.307
FHW12125	490.500 	 90.457 	 74.621
FHW12125	490.625 	 90.459 	 74.307
FHW12125	490.750 	 90.000 	 74.624
FHW12125	490.875 	 90.452 	 74.303
FHW12125	491.000 	 90.464 	 74.624
FHW12125	491.125 	 90.000 	 74.621
FHW12125	491.250 	 90.459 	 74.307
FHW12125	491.375 	 90.000 	 74.624
FHW12125	491.500 	 90.452 	 74.303
FHW12125	491.625 	 90.464 	 74.624
FHW12125	491.750 	 90.000 	 74.743
FHW12125	491.875 	 90.456 	 74.182
FHW12125	492.000 	 90.460 	 74.746
FHW12125	492.125 	 90.000 	 74.178
FHW12125	492.250 	 90.457 	 74.628
FHW12125	492.375 	 90.459 	 74.303
FHW12125	492.500 	 90.000 	 74.624
FHW12125	492.625 	 90.453 	 74.746
FHW12125	492.750 	 90.000 	 74.178
FHW12125	492.875 	 90.460 	 74.746
FHW12125	493.000 	 90.456 	 74.178
FHW12125	493.125 	 90.000 	 74.746
FHW12125	493.250 	 90.464 	 74.624
FHW12125	493.375 	 90.452 	 74.303
FHW12125	493.500 	 90.000 	 74.624
FHW12125	493.625 	 90.463 	 74.178
FHW12125	493.750 	 90.000 	 74.746
FHW12125	493.875 	 90.456 	 74.178
FHW12125	494.000 	 90.460 	 74.746
FHW12125	494.125 	 90.000 	 74.624
FHW12125	494.250 	 90.459 	 74.303
FHW12125	494.375 	 90.457 	 74.624
FHW12125	494.500 	 90.000 	 74.303
FHW12125	494.625 	 90.464 	 74.628
FHW12125	494.750 	 90.000 	 74.624
FHW12125	494.875 	 90.452 	 74.303
FHW12125	495.000 	 90.464 	 74.624
FHW12125	495.125 	 90.000 	 74.303
FHW12125	495.250 	 90.457 	 74.624
FHW12125	495.375 	 90.459 	 74.307
FHW12125	495.500 	 90.000 	 74.621
FHW12125	495.625 	 90.453 	 74.746
FHW12125	495.750 	 90.463 	 74.178
FHW12125	495.875 	 90.000 	 74.746
FHW12125	496.000 	 90.456 	 74.182
FHW12125	496.125 	 90.000 	 74.621
FHW12125	496.250 	 90.460 	 74.746
FHW12125	496.375 	 90.456 	 74.178
FHW12125	496.500 	 90.000 	 74.746
FHW12125	496.625 	 90.463 	 74.186
FHW12125	496.750 	 90.460 	 74.739
FHW12125	496.875 	 90.000 	 74.628
FHW12125	497.000 	 90.452 	 74.303
FHW12125	497.125 	 90.000 	 74.624
FHW12125	497.250 	 90.463 	 74.182
FHW12125	497.375 	 90.453 	 74.743
FHW12125	497.500 	 90.000 	 74.182
FHW12125	497.625 	 90.460 	 74.743
FHW12125	497.750 	 90.457 	 74.624
FHW12125	497.875 	 90.000 	 74.307
FHW12125	498.000 	 90.464 	 74.621
FHW12125	498.125 	 90.452 	 74.307
FHW12125	498.250 	 90.000 	 74.621
FHW12125	498.375 	 90.460 	 74.746
FHW12125	498.500 	 90.000 	 74.178
FHW12125	498.625 	 90.457 	 74.624
FHW12125	498.750 	 90.459 	 74.307
FHW12125	498.875 	 90.000 	 74.625
FHW12125	499.000 	 90.452 	 74.303
FHW12125	499.125 	 90.464 	 74.625
FHW12125	499.250 	 90.000 	 74.746
FHW12125	499.375 	 90.456 	 74.182
FHW12125	499.500 	 90.000 	 74.178
FHW12125	499.625 	 90.459 	 74.307
FHW12125	499.750 	 90.463 	 74.178
FHW12125	499.875 	 90.000 	 74.182
FHW12125	500.000 	 90.456 	 74.178
FHW12125	500.125 	 90.000 	 74.307
FHW12125	500.250 	 90.463 	 74.182
FHW12125	500.375 	 90.456 	 74.182
FHW12125	500.500 	 90.000 	 74.182
FHW12125	500.625 	 90.459 	 74.303
FHW12125	500.750 	 90.000 	 74.182
FHW12125	500.875 	 90.456 	 74.178
FHW12125	501.000 	 90.459 	 74.307
FHW12125	501.125 	 90.000 	 74.178
FHW12125	501.250 	 90.456 	 74.182
FHW12125	501.375 	 90.000 	 74.178
FHW12125	501.500 	 90.459 	 74.307
FHW12125	501.625 	 90.456 	 74.182
FHW12125	501.750 	 90.000 	 74.182
FHW12125	501.875 	 90.459 	 74.307
FHW12125	502.000 	 90.000 	 74.178
FHW12125	502.125 	 90.456 	 74.182
FHW12125	502.250 	 90.463 	 74.178
FHW12125	502.375 	 90.000 	 74.307
FHW12125	502.500 	 90.463 	 74.178
FHW12125	502.625 	 90.000 	 74.182
FHW12125	502.750 	 90.452 	 74.307
FHW12125	502.875 	 90.463 	 74.178
FHW12125	503.000 	 90.000 	 74.186
FHW12125	503.125 	 90.456 	 74.178
FHW12125	503.250 	 90.000 	 74.307
FHW12125	503.375 	 90.463 	 74.178
FHW12125	503.500 	 90.456 	 74.182
FHW12125	503.625 	 90.000 	 74.303
FHW12125	503.750 	 90.463 	 74.182
FHW12125	503.875 	 90.000 	 74.182
FHW12125	504.000 	 90.456 	 74.178
FHW12125	504.125 	 90.459 	 74.307
FHW12125	504.250 	 90.000 	 74.178
FHW12125	504.375 	 90.456 	 74.186
FHW12125	504.500 	 90.000 	 74.300
FHW12125	504.625 	 90.463 	 74.186
FHW12125	504.750 	 90.456 	 74.178
FHW12125	504.875 	 90.000 	 74.182
FHW12125	505.000 	 90.459 	 74.303
FHW12125	505.125 	 90.000 	 74.182
FHW12125	505.250 	 90.456 	 74.182
FHW12125	505.375 	 90.459 	 74.303
FHW12125	505.500 	 90.000 	 74.182
FHW12125	505.625 	 90.463 	 74.178
FHW12125	505.750 	 90.000 	 74.186
FHW12125	505.875 	 90.452 	 74.303
FHW12125	506.000 	 90.463 	 74.182
FHW12125	506.125 	 90.000 	 74.178
FHW12125	506.250 	 90.452 	 74.307
FHW12125	506.375 	 90.000 	 74.182
FHW12125	506.500 	 90.463 	 74.178
FHW12125	506.625 	 90.455 	 73.741
FHW12125	506.750 	 90.000 	 74.303
FHW12125	506.875 	 90.463 	 74.182
FHW12125	507.000 	 90.000 	 74.182
FHW12125	507.125 	 90.452 	 74.303
FHW12125	507.250 	 90.463 	 74.182
FHW12125	507.375 	 90.000 	 74.182
FHW12125	507.500 	 90.456 	 74.178
FHW12125	507.625 	 90.000 	 74.307
FHW12125	507.750 	 90.463 	 74.182
FHW12125	507.875 	 90.456 	 74.178
FHW12125	508.000 	 90.000 	 74.307
FHW12125	508.125 	 90.463 	 74.178
FHW12125	508.250 	 90.000 	 74.182
FHW12125	508.375 	 90.463 	 74.182
FHW12125	508.500 	 90.452 	 74.307
FHW12125	508.625 	 90.000 	 74.178
FHW12125	508.750 	 90.463 	 74.182
FHW12125	508.875 	 90.000 	 73.738
FHW12125	509.000 	 90.455 	 73.741
FHW12125	509.125 	 90.463 	 74.178
FHW12125	509.250 	 90.000 	 73.741
FHW12125	509.375 	 90.455 	 73.741
FHW12125	509.500 	 90.000 	 73.869
FHW12125	509.625 	 90.463 	 74.178
FHW12125	509.750 	 90.455 	 73.741
FHW12125	509.875 	 90.000 	 73.738
FHW12125	510.000 	 90.462 	 73.741
FHW12125	510.125 	 90.000 	 73.738
FHW12125	510.250 	 90.456 	 74.186
FHW12125	510.375 	 90.462 	 73.738
FHW12125	510.500 	 90.000 	 73.741
FHW12125	510.625 	 90.455 	 73.738
FHW12125	510.750 	 90.000 	 74.182
FHW12125	510.875 	 90.462 	 73.738
FHW12125	511.000 	 90.462 	 73.741
FHW12125	511.125 	 90.000 	 73.741
FHW12125	511.250 	 90.455 	 73.741
FHW12125	511.375 	 90.000 	 74.178
FHW12125	511.500 	 90.458 	 73.869
FHW12125	511.625 	 90.455 	 73.738
FHW12125	511.750 	 90.000 	 73.741
FHW12125	511.875 	 90.463 	 74.178
FHW12125	512.000 	 90.000 	 73.745
FHW12125	512.125 	 90.455 	 73.738
FHW12125	512.250 	 90.462 	 73.741
FHW12125	512.375 	 90.000 	 73.738
FHW12125	512.500 	 90.456 	 74.182
FHW12125	512.625 	 90.000 	 73.738
FHW12125	512.750 	 90.462 	 73.745
FHW12125	512.875 	 90.455 	 73.738
FHW12125	513.000 	 90.000 	 74.182
FHW12125	513.125 	 90.462 	 73.738
FHW12125	513.250 	 90.000 	 73.741
FHW12125	513.375 	 90.455 	 73.738
FHW12125	513.500 	 90.458 	 73.869
FHW12125	513.625 	 90.000 	 74.178
FHW12125	513.750 	 90.455 	 73.745
FHW12125	513.875 	 90.000 	 73.738
FHW12125	514.000 	 90.462 	 73.741
FHW12125	514.125 	 90.463 	 74.178
FHW12125	514.250 	 90.000 	 73.741
FHW12125	514.375 	 90.455 	 73.738
FHW12125	514.500 	 90.000 	 73.745
FHW12125	514.625 	 90.462 	 73.738
FHW12125	514.750 	 90.456 	 74.182
FHW12125	514.875 	 90.000 	 73.738
FHW12125	515.000 	 90.462 	 73.741
FHW12125	515.125 	 90.000 	 73.738
FHW12125	515.250 	 90.455 	 73.741
FHW12125	515.375 	 90.000 	 74.182
FHW12125	515.500 	 90.458 	 73.869
FHW12125	515.625 	 90.455 	 73.738
FHW12125	515.750 	 90.000 	 73.741
FHW12125	515.875 	 90.463 	 74.178
FHW12125	516.000 	 90.000 	 73.741
FHW12125	516.125 	 90.455 	 73.738
FHW12125	516.250 	 90.462 	 73.745
FHW12125	516.375 	 90.000 	 73.738
FHW12125	516.500 	 90.456 	 74.182
FHW12125	516.625 	 90.000 	 73.738
FHW12125	516.750 	 90.462 	 73.741
FHW12125	516.875 	 90.462 	 73.738
FHW12125	517.000 	 90.000 	 74.182
FHW12125	517.125 	 90.455 	 73.741
FHW12125	517.250 	 90.000 	 73.741
FHW12125	517.375 	 90.462 	 73.738
FHW12125	517.500 	 90.451 	 73.869
FHW12125	517.625 	 90.000 	 74.178
FHW12125	517.750 	 90.462 	 73.741
FHW12125	517.875 	 90.000 	 73.738
FHW12125	518.000 	 90.455 	 73.745
FHW12125	518.125 	 90.463 	 74.178
FHW12125	518.250 	 90.455 	 73.741
FHW12125	518.375 	 90.462 	 73.738
FHW12125	518.500 	 90.455 	 73.741
FHW12125	518.625 	 90.462 	 73.738
FHW12125	518.750 	 90.456 	 74.182
FHW12125	518.875 	 90.462 	 73.741
FHW12125	519.000 	 90.455 	 73.741
FHW12125	519.125 	 90.923 	 73.738
FHW12125	519.250 	 90.455 	 73.741
FHW12125	519.375 	 90.463 	 74.178
FHW12125	519.500 	 90.455 	 73.741
FHW12125	519.625 	 90.462 	 73.741
FHW12125	519.750 	 90.451 	 73.869
FHW12125	519.875 	 90.462 	 73.738
FHW12125	520.000 	 90.456 	 74.182
FHW12125	520.125 	 90.462 	 73.738
FHW12125	520.250 	 90.455 	 73.741
FHW12125	520.375 	 90.916 	 73.738
FHW12125	520.500 	 90.462 	 73.741
FHW12125	520.625 	 90.463 	 74.182
FHW12125	520.750 	 90.455 	 73.741
FHW12125	520.875 	 90.462 	 73.738
FHW12125	521.000 	 90.455 	 73.741
FHW12125	521.125 	 90.462 	 73.738
FHW12125	521.250 	 90.456 	 74.182
FHW12125	521.375 	 90.462 	 73.741
FHW12125	521.500 	 90.455 	 73.741
FHW12125	521.625 	 90.916 	 73.738
FHW12125	521.750 	 90.462 	 73.738
FHW12125	521.875 	 90.456 	 74.182
FHW12125	522.000 	 90.462 	 73.741
FHW12125	522.125 	 90.451 	 73.866
FHW12125	522.250 	 90.462 	 73.741
FHW12125	522.375 	 90.462 	 73.741
FHW12125	522.500 	 90.456 	 74.178
FHW12125	522.625 	 90.462 	 73.741
FHW12125	522.750 	 90.916 	 73.738
FHW12125	522.875 	 90.455 	 73.741
FHW12125	523.000 	 90.462 	 73.738
FHW12125	523.125 	 90.456 	 74.186
FHW12125	523.250 	 90.462 	 73.738
FHW12125	523.375 	 90.455 	 73.741
FHW12125	523.500 	 90.462 	 73.738
FHW12125	523.625 	 90.455 	 73.741
FHW12125	523.750 	 90.463 	 74.178
FHW12125	523.875 	 90.462 	 73.745
FHW12125	524.000 	 90.916 	 73.738
FHW12125	524.125 	 90.455 	 73.741
FHW12125	524.250 	 90.462 	 73.738
FHW12125	524.375 	 90.456 	 74.182
FHW12125	524.500 	 90.458 	 73.866
FHW12125	524.625 	 90.455 	 73.741
FHW12125	524.750 	 90.462 	 73.738
FHW12125	524.875 	 90.455 	 73.745
FHW12125	525.000 	 90.463 	 74.178
FHW12125	525.125 	 90.455 	 73.741
FHW12125	525.250 	 90.916 	 73.738
FHW12125	525.375 	 90.462 	 73.741
FHW12125	525.500 	 90.462 	 73.738
FHW12125	525.625 	 90.456 	 74.186
FHW12125	525.750 	 90.462 	 73.738
FHW12125	525.875 	 90.455 	 73.741
FHW12125	526.000 	 90.462 	 73.738
FHW12125	526.125 	 90.455 	 73.741
FHW12125	526.250 	 90.463 	 74.178
FHW12125	526.375 	 90.455 	 73.745
FHW12125	526.500 	 90.916 	 73.738
FHW12125	526.625 	 90.462 	 73.741
FHW12125	526.750 	 90.451 	 73.866
FHW12125	526.875 	 90.463 	 74.182
FHW12125	527.000 	 90.462 	 73.738
FHW12125	527.125 	 90.455 	 73.741
FHW12125	527.250 	 90.462 	 73.738
FHW12125	527.375 	 90.455 	 73.745
FHW12125	527.500 	 90.463 	 74.178
FHW12125	527.625 	 90.916 	 73.741
FHW12125	527.750 	 90.918 	 74.178
FHW12125	527.875 	 90.916 	 73.741
FHW12125	528.000 	 90.918 	 74.178
FHW12125	528.125 	 90.909 	 73.869
FHW12125	528.250 	 90.918 	 74.178
FHW12125	528.375 	 90.916 	 73.745
FHW12125	528.500 	 90.918 	 74.178
FHW12125	528.625 	 90.916 	 73.741
FHW12125	528.750 	 90.463 	 74.178
FHW12125	528.875 	 90.916 	 73.741
FHW12125	529.000 	 90.918 	 74.178
FHW12125	529.125 	 90.909 	 73.869
FHW12125	529.250 	 90.918 	 74.182
FHW12125	529.375 	 90.918 	 74.182
FHW12125	529.500 	 90.916 	 73.741
FHW12125	529.625 	 90.918 	 74.178
FHW12125	529.750 	 90.916 	 73.741
FHW12125	529.875 	 90.925 	 74.178
FHW12125	530.000 	 90.909 	 73.869
FHW12125	530.125 	 90.918 	 74.178
FHW12125	530.250 	 90.455 	 73.745
FHW12125	530.375 	 90.918 	 74.178
FHW12125	530.500 	 90.916 	 73.741
FHW12125	530.625 	 90.918 	 74.178
FHW12125	530.750 	 90.916 	 73.741
FHW12125	530.875 	 90.918 	 74.303
FHW12125	531.000 	 90.916 	 73.741
FHW12125	531.125 	 90.918 	 74.178
FHW12125	531.250 	 90.916 	 73.745
FHW12125	531.375 	 90.918 	 74.178
FHW12125	531.500 	 90.918 	 74.182
FHW12125	531.625 	 90.916 	 73.738
FHW12125	531.750 	 90.463 	 74.182
FHW12125	531.875 	 90.909 	 73.866
FHW12125	532.000 	 90.918 	 74.182
FHW12125	532.125 	 90.916 	 73.741
FHW12125	532.250 	 90.918 	 74.182
FHW12125	532.375 	 90.916 	 73.738
FHW12125	532.500 	 90.918 	 74.182
FHW12125	532.625 	 90.916 	 73.738
FHW12125	532.750 	 90.911 	 74.307
FHW12125	532.875 	 90.916 	 73.738
FHW12125	533.000 	 90.918 	 74.182
FHW12125	533.125 	 90.916 	 73.745
FHW12125	533.250 	 90.918 	 74.178
FHW12125	533.375 	 90.462 	 73.741
FHW12125	533.500 	 90.918 	 74.178
FHW12125	533.625 	 90.909 	 73.869
FHW12125	533.750 	 90.918 	 74.178
FHW12125	533.875 	 90.918 	 74.182
FHW12125	534.000 	 90.916 	 73.738
FHW12125	534.125 	 90.918 	 74.186
FHW12125	534.250 	 90.916 	 73.738
FHW12125	534.375 	 90.918 	 74.182
FHW12125	534.500 	 90.923 	 73.738
FHW12125	534.625 	 90.911 	 74.307
FHW12125	534.750 	 90.916 	 73.738
FHW12125	534.875 	 90.456 	 74.182
FHW12125	535.000 	 90.916 	 73.741
FHW12125	535.125 	 90.918 	 74.182
FHW12125	535.250 	 90.916 	 73.738
FHW12125	535.375 	 90.925 	 74.182
FHW12125	535.500 	 90.909 	 73.866
FHW12125	535.625 	 90.918 	 74.182
FHW12125	535.750 	 90.916 	 73.738
FHW12125	535.875 	 90.918 	 74.182
FHW12125	536.000 	 90.918 	 74.186
FHW12125	536.125 	 90.916 	 73.738
FHW12125	536.250 	 90.918 	 74.182
FHW12125	536.375 	 90.458 	 73.866
FHW12125	536.500 	 90.918 	 74.182
FHW12125	536.625 	 90.916 	 73.738
FHW12125	536.750 	 90.918 	 74.182
FHW12125	536.875 	 90.916 	 73.738
FHW12125	537.000 	 91.373 	 74.186
FHW12125	537.125 	 91.378 	 73.738
FHW12125	537.250 	 91.370 	 74.307
FHW12125	537.375 	 91.374 	 74.178
FHW12125	537.500 	 91.378 	 73.741
FHW12125	537.625 	 91.381 	 74.178
FHW12125	537.750 	 91.374 	 74.182
FHW12125	537.875 	 91.378 	 73.738
FHW12125	538.000 	 91.836 	 74.186
FHW12125	538.125 	 91.363 	 74.303
FHW12125	538.250 	 91.378 	 73.741
FHW12125	538.375 	 91.381 	 74.178
FHW12125	538.500 	 91.374 	 74.182
FHW12125	538.625 	 91.378 	 73.738
FHW12125	538.750 	 91.381 	 74.182
FHW12125	538.875 	 91.363 	 74.307
FHW12125	539.000 	 91.378 	 73.738
FHW12125	539.125 	 91.836 	 74.186
FHW12125	539.250 	 91.374 	 74.178
FHW12125	539.375 	 91.378 	 73.741
FHW12125	539.500 	 91.381 	 74.178
FHW12125	539.625 	 91.374 	 74.182
FHW12125	539.750 	 91.367 	 73.866
FHW12125	539.875 	 91.381 	 74.182
FHW12125	540.000 	 91.373 	 74.182
FHW12125	540.125 	 91.378 	 73.741
FHW12125	540.250 	 91.374 	 74.178
FHW12125	540.375 	 91.836 	 74.182
FHW12125	540.500 	 91.378 	 73.738
FHW12125	540.625 	 91.370 	 74.307
FHW12125	540.750 	 91.374 	 74.178
FHW12125	540.875 	 91.378 	 73.741
FHW12125	541.000 	 91.380 	 74.186
FHW12125	541.125 	 91.374 	 74.178
FHW12125	541.250 	 91.378 	 73.741
FHW12125	541.375 	 91.374 	 74.178
FHW12125	541.500 	 91.829 	 74.307
FHW12125	541.625 	 91.371 	 73.738
FHW12125	541.750 	 91.381 	 74.182
FHW12125	541.875 	 91.374 	 74.178
FHW12125	542.000 	 91.377 	 73.745
FHW12125	542.125 	 91.381 	 74.178
FHW12125	542.250 	 91.363 	 74.307
FHW12125	542.375 	 91.378 	 73.738
FHW12125	542.500 	 91.374 	 74.182
FHW12125	542.625 	 91.843 	 74.178
FHW12125	542.750 	 91.371 	 73.741
FHW12125	542.875 	 91.381 	 74.178
FHW12125	543.000 	 91.373 	 74.186
FHW12125	543.125 	 91.367 	 73.866
FHW12125	543.250 	 91.381 	 74.182
FHW12125	543.375 	 91.374 	 74.182
FHW12125	543.500 	 91.378 	 73.738
FHW12125	543.625 	 91.374 	 74.182
FHW12125	543.750 	 91.843 	 74.178
FHW12125	543.875 	 91.370 	 73.745
FHW12125	544.000 	 91.370 	 74.300
FHW12125	544.125 	 91.373 	 74.186
FHW12125	544.250 	 91.378 	 73.738
FHW12125	544.375 	 91.381 	 74.182
FHW12125	544.500 	 91.371 	 73.738
FHW12125	544.625 	 91.381 	 74.182
FHW12125	544.750 	 91.363 	 74.303
FHW12125	544.875 	 91.839 	 73.741
FHW12125	545.000 	 91.373 	 74.182
FHW12125	545.125 	 91.381 	 74.182
FHW12125	545.250 	 91.371 	 73.738
FHW12125	545.375 	 91.381 	 74.182
FHW12125	545.500 	 91.381 	 74.182
FHW12125	545.625 	 91.360 	 73.866
FHW12125	545.750 	 91.381 	 74.182
FHW12125	545.875 	 91.374 	 74.178
FHW12125	546.000 	 91.377 	 73.745
