#WellName	 Depth.M	 INCL	 AZIM 
WellName	 Depth.M	 INCL	 AZIM 
FHW13079	0.000 	 0.000 	 0.000
FHW13079	0.125 	 0.458 	 0.000
FHW13079	0.250 	 0.000 	 90.000
FHW13079	0.375 	 0.458 	 0.000
FHW13079	0.500 	 0.000 	 90.000
FHW13079	0.625 	 0.458 	 0.000
FHW13079	0.750 	 0.000 	 90.000
FHW13079	0.875 	 0.458 	 0.000
FHW13079	1.000 	 0.000 	 90.000
FHW13079	1.125 	 0.458 	 0.000
FHW13079	1.250 	 0.458 	 0.000
FHW13079	1.375 	 0.000 	 90.000
FHW13079	1.500 	 0.458 	 0.000
FHW13079	1.625 	 0.000 	 90.000
FHW13079	1.750 	 0.458 	 0.000
FHW13079	1.875 	 0.000 	 90.000
FHW13079	2.000 	 0.458 	 0.000
FHW13079	2.125 	 0.000 	 90.000
FHW13079	2.250 	 0.458 	 0.000
FHW13079	2.375 	 0.458 	 0.000
FHW13079	2.500 	 0.000 	 90.000
FHW13079	2.625 	 0.458 	 0.000
FHW13079	2.750 	 0.000 	 90.000
FHW13079	2.875 	 0.458 	 0.000
FHW13079	3.000 	 0.000 	 90.000
FHW13079	3.125 	 0.458 	 0.000
FHW13079	3.250 	 0.000 	 90.000
FHW13079	3.375 	 0.458 	 0.000
FHW13079	3.500 	 0.458 	 0.000
FHW13079	3.625 	 0.000 	 90.000
FHW13079	3.750 	 0.458 	 0.000
FHW13079	3.875 	 0.000 	 90.000
FHW13079	4.000 	 0.458 	 0.000
FHW13079	4.125 	 0.000 	 90.000
FHW13079	4.250 	 0.458 	 0.000
FHW13079	4.375 	 0.000 	 90.000
FHW13079	4.500 	 0.458 	 0.000
FHW13079	4.625 	 0.458 	 0.000
FHW13079	4.750 	 0.000 	 90.000
FHW13079	4.875 	 0.458 	 0.000
FHW13079	5.000 	 0.000 	 90.000
FHW13079	5.125 	 0.458 	 0.000
FHW13079	5.250 	 0.000 	 90.000
FHW13079	5.375 	 0.458 	 0.000
FHW13079	5.500 	 0.000 	 90.000
FHW13079	5.625 	 0.458 	 0.000
FHW13079	5.750 	 0.458 	 0.000
FHW13079	5.875 	 0.000 	 90.000
FHW13079	6.000 	 0.458 	 0.000
FHW13079	6.125 	 0.000 	 90.000
FHW13079	6.250 	 0.458 	 0.000
FHW13079	6.375 	 0.000 	 90.000
FHW13079	6.500 	 0.458 	 0.000
FHW13079	6.625 	 0.000 	 90.000
FHW13079	6.750 	 0.458 	 0.000
FHW13079	6.875 	 0.458 	 0.000
FHW13079	7.000 	 0.000 	 90.000
FHW13079	7.125 	 0.458 	 0.000
FHW13079	7.250 	 0.000 	 90.000
FHW13079	7.375 	 0.458 	 0.000
FHW13079	7.500 	 0.000 	 90.000
FHW13079	7.625 	 0.458 	 0.000
FHW13079	7.750 	 0.000 	 90.000
FHW13079	7.875 	 0.458 	 0.000
FHW13079	8.000 	 0.458 	 0.000
FHW13079	8.125 	 0.000 	 90.000
FHW13079	8.250 	 0.458 	 0.000
FHW13079	8.375 	 0.000 	 90.000
FHW13079	8.500 	 0.458 	 0.000
FHW13079	8.625 	 0.000 	 90.000
FHW13079	8.750 	 0.458 	 0.000
FHW13079	8.875 	 0.000 	 90.000
FHW13079	9.000 	 0.458 	 0.000
FHW13079	9.125 	 0.458 	 0.000
FHW13079	9.250 	 0.000 	 90.000
FHW13079	9.375 	 0.458 	 0.000
FHW13079	9.500 	 0.000 	 90.000
FHW13079	9.625 	 0.458 	 0.000
FHW13079	9.750 	 0.000 	 90.000
FHW13079	9.875 	 0.458 	 0.000
FHW13079	10.000 	 0.458 	 0.000
FHW13079	10.125 	 0.000 	 90.000
FHW13079	10.250 	 0.458 	 0.000
FHW13079	10.375 	 0.000 	 90.000
FHW13079	10.500 	 0.458 	 0.000
FHW13079	10.625 	 0.000 	 90.000
FHW13079	10.750 	 0.458 	 0.000
FHW13079	10.875 	 0.000 	 90.000
FHW13079	11.000 	 0.458 	 0.000
FHW13079	11.125 	 0.458 	 0.000
FHW13079	11.250 	 0.000 	 90.000
FHW13079	11.375 	 0.458 	 0.000
FHW13079	11.500 	 0.000 	 90.000
FHW13079	11.625 	 0.458 	 0.000
FHW13079	11.750 	 0.000 	 90.000
FHW13079	11.875 	 0.458 	 0.000
FHW13079	12.000 	 0.000 	 90.000
FHW13079	12.125 	 0.458 	 0.000
FHW13079	12.250 	 0.458 	 0.000
FHW13079	12.375 	 0.000 	 90.000
FHW13079	12.500 	 0.458 	 0.000
FHW13079	12.625 	 0.000 	 90.000
FHW13079	12.750 	 0.458 	 0.000
FHW13079	12.875 	 0.000 	 90.000
FHW13079	13.000 	 0.458 	 0.000
FHW13079	13.125 	 0.000 	 90.000
FHW13079	13.250 	 0.458 	 0.000
FHW13079	13.375 	 0.458 	 0.000
FHW13079	13.500 	 0.000 	 90.000
FHW13079	13.625 	 0.458 	 0.000
FHW13079	13.750 	 0.000 	 90.000
FHW13079	13.875 	 0.458 	 0.000
FHW13079	14.000 	 0.000 	 90.000
FHW13079	14.125 	 0.458 	 0.000
FHW13079	14.250 	 0.000 	 90.000
FHW13079	14.375 	 0.458 	 0.000
FHW13079	14.500 	 0.458 	 0.000
FHW13079	14.625 	 0.000 	 90.000
FHW13079	14.750 	 0.458 	 0.000
FHW13079	14.875 	 0.000 	 90.000
FHW13079	15.000 	 0.458 	 0.000
FHW13079	15.125 	 0.000 	 90.000
FHW13079	15.250 	 0.458 	 0.000
FHW13079	15.375 	 0.000 	 90.000
FHW13079	15.500 	 0.458 	 0.000
FHW13079	15.625 	 0.458 	 0.000
FHW13079	15.750 	 0.000 	 90.000
FHW13079	15.875 	 0.458 	 0.000
FHW13079	16.000 	 0.000 	 90.000
FHW13079	16.125 	 0.458 	 0.000
FHW13079	16.250 	 0.000 	 90.000
FHW13079	16.375 	 0.458 	 0.000
FHW13079	16.500 	 0.000 	 90.000
FHW13079	16.625 	 0.458 	 0.000
FHW13079	16.750 	 0.458 	 0.000
FHW13079	16.875 	 0.000 	 90.000
FHW13079	17.000 	 0.458 	 0.000
FHW13079	17.125 	 0.000 	 90.000
FHW13079	17.250 	 0.458 	 0.000
FHW13079	17.375 	 0.000 	 90.000
FHW13079	17.500 	 0.458 	 0.000
FHW13079	17.625 	 0.000 	 90.000
FHW13079	17.750 	 0.458 	 0.000
FHW13079	17.875 	 0.458 	 0.000
FHW13079	18.000 	 0.000 	 90.000
FHW13079	18.125 	 0.458 	 0.000
FHW13079	18.250 	 0.000 	 90.000
FHW13079	18.375 	 0.458 	 0.000
FHW13079	18.500 	 0.000 	 90.000
FHW13079	18.625 	 0.458 	 0.000
FHW13079	18.750 	 0.000 	 90.000
FHW13079	18.875 	 0.458 	 0.000
FHW13079	19.000 	 0.458 	 0.000
FHW13079	19.125 	 0.000 	 90.000
FHW13079	19.250 	 0.458 	 0.000
FHW13079	19.375 	 0.000 	 90.000
FHW13079	19.500 	 0.458 	 0.000
FHW13079	19.625 	 0.000 	 90.000
FHW13079	19.750 	 0.458 	 0.000
FHW13079	19.875 	 0.000 	 90.000
FHW13079	20.000 	 0.458 	 0.000
FHW13079	20.125 	 0.458 	 0.000
FHW13079	20.250 	 0.000 	 90.000
FHW13079	20.375 	 0.458 	 0.000
FHW13079	20.500 	 0.000 	 90.000
FHW13079	20.625 	 0.458 	 0.000
FHW13079	20.750 	 0.000 	 90.000
FHW13079	20.875 	 0.458 	 0.000
FHW13079	21.000 	 0.000 	 90.000
FHW13079	21.125 	 0.458 	 0.000
FHW13079	21.250 	 0.458 	 0.000
FHW13079	21.375 	 0.000 	 90.000
FHW13079	21.500 	 0.458 	 0.000
FHW13079	21.625 	 0.000 	 90.000
FHW13079	21.750 	 0.458 	 0.000
FHW13079	21.875 	 0.000 	 90.000
FHW13079	22.000 	 0.458 	 0.000
FHW13079	22.125 	 0.000 	 90.000
FHW13079	22.250 	 0.458 	 0.000
FHW13079	22.375 	 0.458 	 0.000
FHW13079	22.500 	 0.000 	 90.000
FHW13079	22.625 	 0.458 	 0.000
FHW13079	22.750 	 0.000 	 90.000
FHW13079	22.875 	 0.458 	 0.000
FHW13079	23.000 	 0.000 	 90.000
FHW13079	23.125 	 0.458 	 0.000
FHW13079	23.250 	 0.000 	 90.000
FHW13079	23.375 	 0.458 	 0.000
FHW13079	23.500 	 0.458 	 0.000
FHW13079	23.625 	 0.000 	 90.000
FHW13079	23.750 	 0.458 	 0.000
FHW13079	23.875 	 0.000 	 90.000
FHW13079	24.000 	 0.458 	 0.000
FHW13079	24.125 	 0.000 	 90.000
FHW13079	24.250 	 0.458 	 0.000
FHW13079	24.375 	 0.000 	 90.000
FHW13079	24.500 	 0.458 	 0.000
FHW13079	24.625 	 0.458 	 0.000
FHW13079	24.750 	 0.000 	 90.000
FHW13079	24.875 	 0.458 	 0.000
FHW13079	25.000 	 0.000 	 90.000
FHW13079	25.125 	 0.458 	 0.000
FHW13079	25.250 	 0.000 	 90.000
FHW13079	25.375 	 0.458 	 0.000
FHW13079	25.500 	 0.000 	 90.000
FHW13079	25.625 	 0.458 	 0.000
FHW13079	25.750 	 0.458 	 0.000
FHW13079	25.875 	 0.000 	 90.000
FHW13079	26.000 	 0.458 	 0.000
FHW13079	26.125 	 0.000 	 90.000
FHW13079	26.250 	 0.458 	 0.000
FHW13079	26.375 	 0.000 	 90.000
FHW13079	26.500 	 0.458 	 0.000
FHW13079	26.625 	 0.000 	 90.000
FHW13079	26.750 	 0.458 	 0.000
FHW13079	26.875 	 0.458 	 0.000
FHW13079	27.000 	 0.000 	 90.000
FHW13079	27.125 	 0.458 	 0.000
FHW13079	27.250 	 0.000 	 90.000
FHW13079	27.375 	 0.458 	 0.000
FHW13079	27.500 	 0.000 	 90.000
FHW13079	27.625 	 0.458 	 0.000
FHW13079	27.750 	 0.458 	 0.000
FHW13079	27.875 	 0.000 	 90.000
FHW13079	28.000 	 0.458 	 0.000
FHW13079	28.125 	 0.000 	 90.000
FHW13079	28.250 	 0.458 	 0.000
FHW13079	28.375 	 0.000 	 90.000
FHW13079	28.500 	 0.458 	 0.000
FHW13079	28.625 	 0.000 	 90.000
FHW13079	28.750 	 0.458 	 0.000
FHW13079	28.875 	 0.458 	 0.000
FHW13079	29.000 	 0.000 	 90.000
FHW13079	29.125 	 0.458 	 0.000
FHW13079	29.250 	 0.000 	 90.000
FHW13079	29.375 	 0.458 	 0.000
FHW13079	29.500 	 0.000 	 90.000
FHW13079	29.625 	 0.458 	 0.000
FHW13079	29.750 	 0.000 	 90.000
FHW13079	29.875 	 0.458 	 0.000
FHW13079	30.000 	 0.458 	 0.000
FHW13079	30.125 	 0.000 	 90.000
FHW13079	30.250 	 0.458 	 0.000
FHW13079	30.375 	 0.000 	 90.000
FHW13079	30.500 	 0.458 	 0.000
FHW13079	30.625 	 0.000 	 90.000
FHW13079	30.750 	 0.458 	 0.000
FHW13079	30.875 	 0.000 	 90.000
FHW13079	31.000 	 0.458 	 0.000
FHW13079	31.125 	 0.458 	 0.000
FHW13079	31.250 	 0.000 	 90.000
FHW13079	31.375 	 0.458 	 0.000
FHW13079	31.500 	 0.000 	 90.000
FHW13079	31.625 	 0.458 	 0.000
FHW13079	31.750 	 0.000 	 90.000
FHW13079	31.875 	 0.458 	 0.000
FHW13079	32.000 	 0.000 	 90.000
FHW13079	32.125 	 0.458 	 0.000
FHW13079	32.250 	 0.458 	 0.000
FHW13079	32.375 	 0.000 	 90.000
FHW13079	32.500 	 0.458 	 0.000
FHW13079	32.625 	 0.000 	 90.000
FHW13079	32.750 	 0.458 	 0.000
FHW13079	32.875 	 0.000 	 90.000
FHW13079	33.000 	 0.458 	 0.000
FHW13079	33.125 	 0.000 	 90.000
FHW13079	33.250 	 0.458 	 0.000
FHW13079	33.375 	 0.458 	 0.000
FHW13079	33.500 	 0.000 	 90.000
FHW13079	33.625 	 0.458 	 0.000
FHW13079	33.750 	 0.000 	 90.000
FHW13079	33.875 	 0.458 	 0.000
FHW13079	34.000 	 0.000 	 90.000
FHW13079	34.125 	 0.458 	 0.000
FHW13079	34.250 	 0.000 	 90.000
FHW13079	34.375 	 0.458 	 0.000
FHW13079	34.500 	 0.458 	 0.000
FHW13079	34.625 	 0.000 	 90.000
FHW13079	34.750 	 0.458 	 0.000
FHW13079	34.875 	 0.000 	 90.000
FHW13079	35.000 	 0.458 	 0.000
FHW13079	35.125 	 0.000 	 90.000
FHW13079	35.250 	 0.458 	 0.000
FHW13079	35.375 	 0.000 	 90.000
FHW13079	35.500 	 0.458 	 0.000
FHW13079	35.625 	 0.458 	 0.000
FHW13079	35.750 	 0.000 	 90.000
FHW13079	35.875 	 0.458 	 0.000
FHW13079	36.000 	 0.000 	 90.000
FHW13079	36.125 	 0.458 	 0.000
FHW13079	36.250 	 0.000 	 90.000
FHW13079	36.375 	 0.458 	 0.000
FHW13079	36.500 	 0.000 	 90.000
FHW13079	36.625 	 0.458 	 0.000
FHW13079	36.750 	 0.458 	 0.000
FHW13079	36.875 	 0.000 	 90.000
FHW13079	37.000 	 0.458 	 0.000
FHW13079	37.125 	 0.000 	 90.000
FHW13079	37.250 	 0.458 	 0.000
FHW13079	37.375 	 0.000 	 90.000
FHW13079	37.500 	 0.458 	 0.000
FHW13079	37.625 	 0.000 	 90.000
FHW13079	37.750 	 0.458 	 0.000
FHW13079	37.875 	 0.458 	 0.000
FHW13079	38.000 	 0.000 	 90.000
FHW13079	38.125 	 0.458 	 0.000
FHW13079	38.250 	 0.000 	 90.000
FHW13079	38.375 	 0.458 	 0.000
FHW13079	38.500 	 0.000 	 90.000
FHW13079	38.625 	 0.458 	 0.000
FHW13079	38.750 	 0.000 	 90.000
FHW13079	38.875 	 0.458 	 0.000
FHW13079	39.000 	 0.458 	 0.000
FHW13079	39.125 	 0.000 	 90.000
FHW13079	39.250 	 0.458 	 0.000
FHW13079	39.375 	 0.000 	 90.000
FHW13079	39.500 	 0.458 	 0.000
FHW13079	39.625 	 0.000 	 90.000
FHW13079	39.750 	 0.458 	 0.000
FHW13079	39.875 	 0.000 	 90.000
FHW13079	40.000 	 0.458 	 0.000
FHW13079	40.125 	 0.458 	 0.000
FHW13079	40.250 	 0.000 	 90.000
FHW13079	40.375 	 0.458 	 0.000
FHW13079	40.500 	 0.000 	 90.000
FHW13079	40.625 	 0.458 	 0.000
FHW13079	40.750 	 0.000 	 90.000
FHW13079	40.875 	 0.458 	 0.000
FHW13079	41.000 	 0.000 	 90.000
FHW13079	41.125 	 0.458 	 0.000
FHW13079	41.250 	 0.458 	 0.000
FHW13079	41.375 	 0.000 	 90.000
FHW13079	41.500 	 0.458 	 0.000
FHW13079	41.625 	 0.000 	 90.000
FHW13079	41.750 	 0.458 	 0.000
FHW13079	41.875 	 0.000 	 90.000
FHW13079	42.000 	 0.458 	 0.000
FHW13079	42.125 	 0.000 	 90.000
FHW13079	42.250 	 0.458 	 0.000
FHW13079	42.375 	 0.458 	 0.000
FHW13079	42.500 	 0.000 	 90.000
FHW13079	42.625 	 0.458 	 0.000
FHW13079	42.750 	 0.000 	 90.000
FHW13079	42.875 	 0.458 	 0.000
FHW13079	43.000 	 0.000 	 90.000
FHW13079	43.125 	 0.458 	 0.000
FHW13079	43.250 	 0.000 	 90.000
FHW13079	43.375 	 0.458 	 0.000
FHW13079	43.500 	 0.458 	 0.000
FHW13079	43.625 	 0.000 	 90.000
FHW13079	43.750 	 0.458 	 0.000
FHW13079	43.875 	 0.000 	 90.000
FHW13079	44.000 	 0.458 	 0.000
FHW13079	44.125 	 0.000 	 90.000
FHW13079	44.250 	 0.458 	 0.000
FHW13079	44.375 	 0.000 	 90.000
FHW13079	44.500 	 0.458 	 0.000
FHW13079	44.625 	 0.458 	 0.000
FHW13079	44.750 	 0.000 	 90.000
FHW13079	44.875 	 0.458 	 0.000
FHW13079	45.000 	 0.000 	 90.000
FHW13079	45.125 	 0.458 	 0.000
FHW13079	45.250 	 0.000 	 90.000
FHW13079	45.375 	 0.458 	 0.000
FHW13079	45.500 	 0.458 	 0.000
FHW13079	45.625 	 0.000 	 90.000
FHW13079	45.750 	 0.458 	 0.000
FHW13079	45.875 	 0.000 	 90.000
FHW13079	46.000 	 0.458 	 0.000
FHW13079	46.125 	 0.000 	 90.000
FHW13079	46.250 	 0.458 	 0.000
FHW13079	46.375 	 0.000 	 90.000
FHW13079	46.500 	 0.458 	 0.000
FHW13079	46.625 	 0.458 	 0.000
FHW13079	46.750 	 0.000 	 90.000
FHW13079	46.875 	 0.458 	 0.000
FHW13079	47.000 	 0.000 	 90.000
FHW13079	47.125 	 0.458 	 0.000
FHW13079	47.250 	 0.000 	 90.000
FHW13079	47.375 	 0.458 	 0.000
FHW13079	47.500 	 0.000 	 90.000
FHW13079	47.625 	 0.458 	 0.000
FHW13079	47.750 	 0.458 	 0.000
FHW13079	47.875 	 0.000 	 90.000
FHW13079	48.000 	 0.458 	 0.000
FHW13079	48.125 	 0.000 	 90.000
FHW13079	48.250 	 0.458 	 0.000
FHW13079	48.375 	 0.000 	 90.000
FHW13079	48.500 	 0.458 	 0.000
FHW13079	48.625 	 0.000 	 90.000
FHW13079	48.750 	 0.458 	 0.000
FHW13079	48.875 	 0.458 	 0.000
FHW13079	49.000 	 0.000 	 90.000
FHW13079	49.125 	 0.458 	 0.000
FHW13079	49.250 	 0.000 	 90.000
FHW13079	49.375 	 0.458 	 0.000
FHW13079	49.500 	 0.000 	 90.000
FHW13079	49.625 	 0.458 	 0.000
FHW13079	49.750 	 0.000 	 90.000
FHW13079	49.875 	 0.458 	 0.000
FHW13079	50.000 	 0.458 	 0.000
FHW13079	50.125 	 0.000 	 90.000
FHW13079	50.250 	 0.458 	 0.000
FHW13079	50.375 	 0.000 	 90.000
FHW13079	50.500 	 0.458 	 0.000
FHW13079	50.625 	 0.000 	 90.000
FHW13079	50.750 	 0.458 	 0.000
FHW13079	50.875 	 0.000 	 90.000
FHW13079	51.000 	 0.458 	 0.000
FHW13079	51.125 	 0.458 	 0.000
FHW13079	51.250 	 0.000 	 90.000
FHW13079	51.375 	 0.458 	 0.000
FHW13079	51.500 	 0.000 	 90.000
FHW13079	51.625 	 0.458 	 0.000
FHW13079	51.750 	 0.000 	 90.000
FHW13079	51.875 	 0.458 	 0.000
FHW13079	52.000 	 0.000 	 90.000
FHW13079	52.125 	 0.458 	 0.000
FHW13079	52.250 	 0.458 	 0.000
FHW13079	52.375 	 0.000 	 90.000
FHW13079	52.500 	 0.458 	 0.000
FHW13079	52.625 	 0.000 	 90.000
FHW13079	52.750 	 0.458 	 0.000
FHW13079	52.875 	 0.000 	 90.000
FHW13079	53.000 	 0.458 	 0.000
FHW13079	53.125 	 0.000 	 90.000
FHW13079	53.250 	 0.458 	 0.000
FHW13079	53.375 	 0.458 	 0.000
FHW13079	53.500 	 0.000 	 90.000
FHW13079	53.625 	 0.458 	 0.000
FHW13079	53.750 	 0.000 	 90.000
FHW13079	53.875 	 0.458 	 0.000
FHW13079	54.000 	 0.000 	 90.000
FHW13079	54.125 	 0.458 	 0.000
FHW13079	54.250 	 0.000 	 90.000
FHW13079	54.375 	 0.458 	 0.000
FHW13079	54.500 	 0.458 	 0.000
FHW13079	54.625 	 0.000 	 90.000
FHW13079	54.750 	 0.458 	 0.000
FHW13079	54.875 	 0.000 	 90.000
FHW13079	55.000 	 0.458 	 0.000
FHW13079	55.125 	 0.000 	 90.000
FHW13079	55.250 	 0.458 	 0.000
FHW13079	55.375 	 0.000 	 90.000
FHW13079	55.500 	 0.458 	 0.000
FHW13079	55.625 	 0.458 	 0.000
FHW13079	55.750 	 0.000 	 90.000
FHW13079	55.875 	 0.458 	 0.000
FHW13079	56.000 	 0.000 	 90.000
FHW13079	56.125 	 0.458 	 0.000
FHW13079	56.250 	 0.000 	 90.000
FHW13079	56.375 	 0.458 	 0.000
FHW13079	56.500 	 0.000 	 90.000
FHW13079	56.625 	 0.458 	 0.000
FHW13079	56.750 	 0.458 	 0.000
FHW13079	56.875 	 0.000 	 90.000
FHW13079	57.000 	 0.458 	 0.000
FHW13079	57.125 	 0.000 	 90.000
FHW13079	57.250 	 0.458 	 0.000
FHW13079	57.375 	 0.000 	 90.000
FHW13079	57.500 	 0.458 	 0.000
FHW13079	57.625 	 0.000 	 90.000
FHW13079	57.750 	 0.458 	 0.000
FHW13079	57.875 	 0.458 	 0.000
FHW13079	58.000 	 0.000 	 90.000
FHW13079	58.125 	 0.458 	 0.000
FHW13079	58.250 	 0.000 	 90.000
FHW13079	58.375 	 0.458 	 0.000
FHW13079	58.500 	 0.000 	 90.000
FHW13079	58.625 	 0.458 	 0.000
FHW13079	58.750 	 0.000 	 90.000
FHW13079	58.875 	 0.458 	 0.000
FHW13079	59.000 	 0.458 	 0.000
FHW13079	59.125 	 0.000 	 90.000
FHW13079	59.250 	 0.458 	 0.000
FHW13079	59.375 	 0.000 	 90.000
FHW13079	59.500 	 0.458 	 0.000
FHW13079	59.625 	 0.000 	 90.000
FHW13079	59.750 	 0.458 	 0.000
FHW13079	59.875 	 0.000 	 90.000
FHW13079	60.000 	 0.458 	 0.000
FHW13079	60.125 	 0.458 	 0.000
FHW13079	60.250 	 0.000 	 90.000
FHW13079	60.375 	 0.458 	 0.000
FHW13079	60.500 	 0.000 	 90.000
FHW13079	60.625 	 0.458 	 0.000
FHW13079	60.750 	 0.000 	 90.000
FHW13079	60.875 	 0.458 	 0.000
FHW13079	61.000 	 0.000 	 90.000
FHW13079	61.125 	 0.917 	 0.000
FHW13079	61.250 	 0.458 	 0.000
FHW13079	61.375 	 0.458 	 0.000
FHW13079	61.500 	 0.917 	 0.000
FHW13079	61.625 	 0.458 	 0.000
FHW13079	61.750 	 0.458 	 0.000
FHW13079	61.875 	 0.458 	 0.000
FHW13079	62.000 	 0.917 	 0.000
FHW13079	62.125 	 0.458 	 0.000
FHW13079	62.250 	 0.458 	 0.000
FHW13079	62.375 	 0.917 	 0.000
FHW13079	62.500 	 0.458 	 0.000
FHW13079	62.625 	 0.458 	 0.000
FHW13079	62.750 	 0.917 	 0.000
FHW13079	62.875 	 0.458 	 0.000
FHW13079	63.000 	 0.458 	 0.000
FHW13079	63.125 	 0.458 	 0.000
FHW13079	63.250 	 0.917 	 0.000
FHW13079	63.375 	 0.458 	 0.000
FHW13079	63.500 	 0.458 	 0.000
FHW13079	63.625 	 0.917 	 0.000
FHW13079	63.750 	 0.458 	 0.000
FHW13079	63.875 	 0.458 	 0.000
FHW13079	64.000 	 0.458 	 0.000
FHW13079	64.125 	 0.917 	 0.000
FHW13079	64.250 	 0.458 	 0.000
FHW13079	64.375 	 0.458 	 0.000
FHW13079	64.500 	 0.917 	 0.000
FHW13079	64.625 	 0.458 	 0.000
FHW13079	64.750 	 0.458 	 0.000
FHW13079	64.875 	 0.458 	 0.000
FHW13079	65.000 	 0.917 	 0.000
FHW13079	65.125 	 0.458 	 0.000
FHW13079	65.250 	 0.458 	 0.000
FHW13079	65.375 	 0.917 	 0.000
FHW13079	65.500 	 0.458 	 0.000
FHW13079	65.625 	 0.458 	 0.000
FHW13079	65.750 	 0.458 	 0.000
FHW13079	65.875 	 0.917 	 0.000
FHW13079	66.000 	 0.458 	 0.000
FHW13079	66.125 	 0.458 	 0.000
FHW13079	66.250 	 0.917 	 0.000
FHW13079	66.375 	 0.458 	 0.000
FHW13079	66.500 	 0.458 	 0.000
FHW13079	66.625 	 0.458 	 0.000
FHW13079	66.750 	 0.917 	 0.000
FHW13079	66.875 	 0.458 	 0.000
FHW13079	67.000 	 0.458 	 0.000
FHW13079	67.125 	 0.917 	 0.000
FHW13079	67.250 	 0.458 	 0.000
FHW13079	67.375 	 0.458 	 0.000
FHW13079	67.500 	 0.458 	 0.000
FHW13079	67.625 	 0.917 	 0.000
FHW13079	67.750 	 0.458 	 0.000
FHW13079	67.875 	 0.458 	 0.000
FHW13079	68.000 	 0.917 	 0.000
FHW13079	68.125 	 0.458 	 0.000
FHW13079	68.250 	 0.458 	 0.000
FHW13079	68.375 	 0.458 	 0.000
FHW13079	68.500 	 0.917 	 0.000
FHW13079	68.625 	 0.458 	 0.000
FHW13079	68.750 	 0.458 	 0.000
FHW13079	68.875 	 0.917 	 0.000
FHW13079	69.000 	 0.458 	 0.000
FHW13079	69.125 	 0.458 	 0.000
FHW13079	69.250 	 0.458 	 0.000
FHW13079	69.375 	 0.917 	 0.000
FHW13079	69.500 	 0.458 	 0.000
FHW13079	69.625 	 0.458 	 0.000
FHW13079	69.750 	 0.917 	 0.000
FHW13079	69.875 	 0.458 	 0.000
FHW13079	70.000 	 0.458 	 0.000
FHW13079	70.125 	 0.458 	 0.000
FHW13079	70.250 	 0.917 	 0.000
FHW13079	70.375 	 0.458 	 0.000
FHW13079	70.500 	 0.458 	 0.000
FHW13079	70.625 	 0.917 	 0.000
FHW13079	70.750 	 0.458 	 0.000
FHW13079	70.875 	 0.458 	 0.000
FHW13079	71.000 	 0.458 	 0.000
FHW13079	71.125 	 0.917 	 0.000
FHW13079	71.250 	 0.458 	 0.000
FHW13079	71.375 	 0.458 	 0.000
FHW13079	71.500 	 0.917 	 0.000
FHW13079	71.625 	 0.458 	 0.000
FHW13079	71.750 	 0.458 	 0.000
FHW13079	71.875 	 0.458 	 0.000
FHW13079	72.000 	 0.917 	 0.000
FHW13079	72.125 	 0.458 	 0.000
FHW13079	72.250 	 0.458 	 0.000
FHW13079	72.375 	 0.917 	 0.000
FHW13079	72.500 	 0.458 	 0.000
FHW13079	72.625 	 0.458 	 0.000
FHW13079	72.750 	 0.458 	 0.000
FHW13079	72.875 	 0.917 	 0.000
FHW13079	73.000 	 0.458 	 0.000
FHW13079	73.125 	 0.458 	 0.000
FHW13079	73.250 	 0.917 	 0.000
FHW13079	73.375 	 0.458 	 0.000
FHW13079	73.500 	 0.458 	 0.000
FHW13079	73.625 	 0.458 	 0.000
FHW13079	73.750 	 0.917 	 0.000
FHW13079	73.875 	 0.458 	 0.000
FHW13079	74.000 	 0.458 	 0.000
FHW13079	74.125 	 0.924 	 0.000
FHW13079	74.250 	 0.458 	 0.000
FHW13079	74.375 	 0.458 	 0.000
FHW13079	74.500 	 0.458 	 0.000
FHW13079	74.625 	 0.917 	 0.000
FHW13079	74.750 	 0.458 	 0.000
FHW13079	74.875 	 0.458 	 0.000
FHW13079	75.000 	 0.917 	 0.000
FHW13079	75.125 	 0.458 	 0.000
FHW13079	75.250 	 0.458 	 0.000
FHW13079	75.375 	 0.917 	 0.000
FHW13079	75.500 	 0.458 	 0.000
FHW13079	75.625 	 0.458 	 0.000
FHW13079	75.750 	 0.458 	 0.000
FHW13079	75.875 	 0.917 	 0.000
FHW13079	76.000 	 0.458 	 0.000
FHW13079	76.125 	 0.458 	 0.000
FHW13079	76.250 	 0.917 	 0.000
FHW13079	76.375 	 0.458 	 0.000
FHW13079	76.500 	 0.458 	 0.000
FHW13079	76.625 	 0.458 	 0.000
FHW13079	76.750 	 0.917 	 0.000
FHW13079	76.875 	 0.458 	 0.000
FHW13079	77.000 	 0.458 	 0.000
FHW13079	77.125 	 0.917 	 0.000
FHW13079	77.250 	 0.458 	 0.000
FHW13079	77.375 	 0.458 	 0.000
FHW13079	77.500 	 0.458 	 0.000
FHW13079	77.625 	 0.917 	 0.000
FHW13079	77.750 	 0.458 	 0.000
FHW13079	77.875 	 0.458 	 0.000
FHW13079	78.000 	 0.917 	 0.000
FHW13079	78.125 	 0.458 	 0.000
FHW13079	78.250 	 0.458 	 0.000
FHW13079	78.375 	 0.458 	 0.000
FHW13079	78.500 	 0.917 	 0.000
FHW13079	78.625 	 0.458 	 0.000
FHW13079	78.750 	 0.458 	 0.000
FHW13079	78.875 	 0.917 	 0.000
FHW13079	79.000 	 0.458 	 0.000
FHW13079	79.125 	 0.458 	 0.000
FHW13079	79.250 	 0.458 	 0.000
FHW13079	79.375 	 0.917 	 0.000
FHW13079	79.500 	 0.458 	 0.000
FHW13079	79.625 	 0.458 	 0.000
FHW13079	79.750 	 0.917 	 0.000
FHW13079	79.875 	 0.458 	 0.000
FHW13079	80.000 	 0.917 	 0.000
FHW13079	80.125 	 0.917 	 0.000
FHW13079	80.250 	 0.917 	 0.000
FHW13079	80.375 	 0.917 	 0.000
FHW13079	80.500 	 0.917 	 0.000
FHW13079	80.625 	 1.375 	 0.000
FHW13079	80.750 	 0.917 	 0.000
FHW13079	80.875 	 0.917 	 0.000
FHW13079	81.000 	 0.917 	 0.000
FHW13079	81.125 	 0.917 	 0.000
FHW13079	81.250 	 0.917 	 0.000
FHW13079	81.375 	 0.917 	 0.000
FHW13079	81.500 	 0.917 	 0.000
FHW13079	81.625 	 1.375 	 0.000
FHW13079	81.750 	 0.917 	 0.000
FHW13079	81.875 	 0.917 	 0.000
FHW13079	82.000 	 0.917 	 0.000
FHW13079	82.125 	 0.917 	 0.000
FHW13079	82.250 	 0.917 	 0.000
FHW13079	82.375 	 0.917 	 0.000
FHW13079	82.500 	 1.375 	 0.000
FHW13079	82.625 	 1.025 	 26.565
FHW13079	82.750 	 0.917 	 0.000
FHW13079	82.875 	 0.917 	 0.000
FHW13079	83.000 	 0.917 	 0.000
FHW13079	83.125 	 0.917 	 0.000
FHW13079	83.250 	 0.917 	 0.000
FHW13079	83.375 	 1.375 	 0.000
FHW13079	83.500 	 0.917 	 0.000
FHW13079	83.625 	 0.917 	 0.000
FHW13079	83.750 	 0.917 	 0.000
FHW13079	83.875 	 0.917 	 0.000
FHW13079	84.000 	 0.917 	 0.000
FHW13079	84.125 	 0.917 	 0.000
FHW13079	84.250 	 0.917 	 0.000
FHW13079	84.375 	 1.375 	 0.000
FHW13079	84.500 	 0.924 	 0.000
FHW13079	84.625 	 0.917 	 0.000
FHW13079	84.750 	 0.917 	 0.000
FHW13079	84.875 	 0.917 	 0.000
FHW13079	85.000 	 0.917 	 0.000
FHW13079	85.125 	 0.917 	 0.000
FHW13079	85.250 	 1.375 	 0.000
FHW13079	85.375 	 0.917 	 0.000
FHW13079	85.500 	 0.917 	 0.000
FHW13079	85.625 	 0.917 	 0.000
FHW13079	85.750 	 0.917 	 0.000
FHW13079	85.875 	 0.917 	 0.000
FHW13079	86.000 	 0.917 	 0.000
FHW13079	86.125 	 1.375 	 0.000
FHW13079	86.250 	 0.917 	 0.000
FHW13079	86.375 	 0.917 	 0.000
FHW13079	86.500 	 0.917 	 0.000
FHW13079	86.625 	 0.917 	 0.000
FHW13079	86.750 	 0.917 	 0.000
FHW13079	86.875 	 0.917 	 0.000
FHW13079	87.000 	 1.375 	 0.000
FHW13079	87.125 	 0.917 	 0.000
FHW13079	87.250 	 0.917 	 0.000
FHW13079	87.375 	 0.917 	 0.000
FHW13079	87.500 	 0.917 	 0.000
FHW13079	87.625 	 0.917 	 0.000
FHW13079	87.750 	 0.917 	 0.000
FHW13079	87.875 	 1.025 	 26.565
FHW13079	88.000 	 1.375 	 0.000
FHW13079	88.125 	 0.917 	 0.000
FHW13079	88.250 	 0.917 	 0.000
FHW13079	88.375 	 0.917 	 0.000
FHW13079	88.500 	 0.917 	 0.000
FHW13079	88.625 	 0.917 	 0.000
FHW13079	88.750 	 0.917 	 0.000
FHW13079	88.875 	 1.375 	 0.000
FHW13079	89.000 	 0.917 	 0.000
FHW13079	89.125 	 0.917 	 0.000
FHW13079	89.250 	 0.917 	 0.000
FHW13079	89.375 	 0.917 	 0.000
FHW13079	89.500 	 0.917 	 0.000
FHW13079	89.625 	 0.917 	 0.000
FHW13079	89.750 	 1.375 	 0.000
FHW13079	89.875 	 0.917 	 0.000
FHW13079	90.000 	 0.917 	 0.000
FHW13079	90.125 	 0.917 	 0.000
FHW13079	90.250 	 0.917 	 0.000
FHW13079	90.375 	 0.917 	 0.000
FHW13079	90.500 	 0.917 	 0.000
FHW13079	90.625 	 1.375 	 0.000
FHW13079	90.750 	 0.917 	 0.000
FHW13079	90.875 	 0.917 	 0.000
FHW13079	91.000 	 0.917 	 0.000
FHW13079	91.125 	 0.924 	 0.000
FHW13079	91.250 	 0.917 	 0.000
FHW13079	91.375 	 0.917 	 0.000
FHW13079	91.500 	 0.917 	 0.000
FHW13079	91.625 	 1.375 	 0.000
FHW13079	91.750 	 0.917 	 0.000
FHW13079	91.875 	 0.917 	 0.000
FHW13079	92.000 	 0.917 	 0.000
FHW13079	92.125 	 0.917 	 0.000
FHW13079	92.250 	 0.917 	 0.000
FHW13079	92.375 	 0.917 	 0.000
FHW13079	92.500 	 1.375 	 0.000
FHW13079	92.625 	 0.917 	 0.000
FHW13079	92.750 	 0.917 	 0.000
FHW13079	92.875 	 0.917 	 0.000
FHW13079	93.000 	 1.025 	 26.565
FHW13079	93.125 	 0.917 	 0.000
FHW13079	93.250 	 0.917 	 0.000
FHW13079	93.375 	 1.375 	 0.000
FHW13079	93.500 	 0.917 	 0.000
FHW13079	93.625 	 0.917 	 0.000
FHW13079	93.750 	 0.917 	 0.000
FHW13079	93.875 	 0.917 	 0.000
FHW13079	94.000 	 0.917 	 0.000
FHW13079	94.125 	 0.917 	 0.000
FHW13079	94.250 	 1.375 	 0.000
FHW13079	94.375 	 0.917 	 0.000
FHW13079	94.500 	 0.917 	 0.000
FHW13079	94.625 	 0.917 	 0.000
FHW13079	94.750 	 0.917 	 0.000
FHW13079	94.875 	 0.917 	 0.000
FHW13079	95.000 	 0.917 	 0.000
FHW13079	95.125 	 0.917 	 0.000
FHW13079	95.250 	 1.375 	 0.000
FHW13079	95.375 	 0.917 	 0.000
FHW13079	95.500 	 0.917 	 0.000
FHW13079	95.625 	 0.917 	 0.000
FHW13079	95.750 	 0.917 	 0.000
FHW13079	95.875 	 0.917 	 0.000
FHW13079	96.000 	 0.917 	 0.000
FHW13079	96.125 	 1.375 	 0.000
FHW13079	96.250 	 0.917 	 0.000
FHW13079	96.375 	 0.917 	 0.000
FHW13079	96.500 	 0.917 	 0.000
FHW13079	96.625 	 0.917 	 0.000
FHW13079	96.750 	 0.917 	 0.000
FHW13079	96.875 	 0.917 	 0.000
FHW13079	97.000 	 1.375 	 0.000
FHW13079	97.125 	 0.917 	 0.000
FHW13079	97.250 	 0.917 	 0.000
FHW13079	97.375 	 0.917 	 0.000
FHW13079	97.500 	 0.917 	 0.000
FHW13079	97.625 	 0.917 	 0.000
FHW13079	97.750 	 0.924 	 0.000
FHW13079	97.875 	 1.375 	 0.000
FHW13079	98.000 	 0.917 	 0.000
FHW13079	98.125 	 0.917 	 0.000
FHW13079	98.250 	 1.025 	 26.565
FHW13079	98.375 	 0.917 	 0.000
FHW13079	98.500 	 0.917 	 0.000
FHW13079	98.625 	 0.917 	 0.000
FHW13079	98.750 	 1.375 	 0.000
FHW13079	98.875 	 1.833 	 0.000
FHW13079	99.000 	 1.449 	 18.435
FHW13079	99.125 	 1.833 	 0.000
FHW13079	99.250 	 1.375 	 0.000
FHW13079	99.375 	 1.889 	 14.036
FHW13079	99.500 	 1.375 	 0.000
FHW13079	99.625 	 1.889 	 14.036
FHW13079	99.750 	 1.375 	 0.000
FHW13079	99.875 	 1.833 	 0.000
FHW13079	100.000 	 1.889 	 14.036
FHW13079	100.125 	 1.375 	 0.000
FHW13079	100.250 	 1.889 	 14.036
FHW13079	100.375 	 1.375 	 0.000
FHW13079	100.500 	 1.833 	 0.000
FHW13079	100.625 	 1.449 	 18.435
FHW13079	100.750 	 1.848 	 0.000
FHW13079	100.875 	 1.449 	 18.435
FHW13079	101.000 	 1.833 	 0.000
FHW13079	101.125 	 1.375 	 0.000
FHW13079	101.250 	 1.889 	 14.036
FHW13079	101.375 	 1.833 	 0.000
FHW13079	101.500 	 1.449 	 18.435
FHW13079	101.625 	 1.833 	 0.000
FHW13079	101.750 	 1.375 	 0.000
FHW13079	101.875 	 1.889 	 14.036
FHW13079	102.000 	 1.375 	 0.000
FHW13079	102.125 	 1.889 	 14.036
FHW13079	102.250 	 1.375 	 0.000
FHW13079	102.375 	 1.833 	 0.000
FHW13079	102.500 	 1.889 	 14.036
FHW13079	102.625 	 1.375 	 0.000
FHW13079	102.750 	 1.889 	 14.036
FHW13079	102.875 	 1.375 	 0.000
FHW13079	103.000 	 1.833 	 0.000
FHW13079	103.125 	 3.328 	 33.690
FHW13079	103.250 	 3.072 	 26.565
FHW13079	103.375 	 3.072 	 26.565
FHW13079	103.500 	 3.302 	 33.690
FHW13079	103.625 	 2.671 	 30.964
FHW13079	103.750 	 3.097 	 26.565
FHW13079	103.875 	 3.072 	 26.565
FHW13079	104.000 	 3.302 	 33.690
FHW13079	104.125 	 3.072 	 26.565
FHW13079	104.250 	 3.072 	 26.565
FHW13079	104.375 	 3.328 	 33.690
FHW13079	104.500 	 3.072 	 26.565
FHW13079	104.625 	 3.072 	 26.565
FHW13079	104.750 	 3.302 	 33.690
FHW13079	104.875 	 3.072 	 26.565
FHW13079	105.000 	 3.097 	 26.565
FHW13079	105.125 	 3.072 	 26.565
FHW13079	105.250 	 3.302 	 33.690
FHW13079	105.375 	 3.072 	 26.565
FHW13079	105.500 	 3.072 	 26.565
FHW13079	105.625 	 3.328 	 33.690
FHW13079	105.750 	 2.671 	 30.964
FHW13079	105.875 	 3.072 	 26.565
FHW13079	106.000 	 3.072 	 26.565
FHW13079	106.125 	 3.302 	 33.690
FHW13079	106.250 	 3.097 	 26.565
FHW13079	106.375 	 3.072 	 26.565
FHW13079	106.500 	 3.302 	 33.690
FHW13079	106.625 	 3.072 	 26.565
FHW13079	106.750 	 3.072 	 26.565
FHW13079	106.875 	 3.328 	 33.690
FHW13079	107.000 	 3.072 	 26.565
FHW13079	107.125 	 3.072 	 26.565
FHW13079	107.250 	 3.072 	 26.565
FHW13079	107.375 	 3.302 	 33.690
FHW13079	107.500 	 3.097 	 26.565
FHW13079	107.625 	 3.072 	 26.565
FHW13079	107.750 	 3.302 	 33.690
FHW13079	107.875 	 3.072 	 26.565
FHW13079	108.000 	 2.671 	 30.964
FHW13079	108.125 	 3.097 	 26.565
FHW13079	108.250 	 3.302 	 33.690
FHW13079	108.375 	 3.072 	 26.565
FHW13079	108.500 	 3.072 	 26.565
FHW13079	108.625 	 3.302 	 33.690
FHW13079	108.750 	 3.097 	 26.565
FHW13079	108.875 	 3.072 	 26.565
FHW13079	109.000 	 3.302 	 33.690
FHW13079	109.125 	 3.072 	 26.565
FHW13079	109.250 	 3.072 	 26.565
FHW13079	109.375 	 3.097 	 26.565
FHW13079	109.500 	 3.302 	 33.690
FHW13079	109.625 	 3.072 	 26.565
FHW13079	109.750 	 3.072 	 26.565
FHW13079	109.875 	 3.302 	 33.690
FHW13079	110.000 	 3.097 	 26.565
FHW13079	110.125 	 2.671 	 30.964
FHW13079	110.250 	 3.072 	 26.565
FHW13079	110.375 	 3.302 	 33.690
FHW13079	110.500 	 3.072 	 26.565
FHW13079	110.625 	 3.097 	 26.565
FHW13079	110.750 	 3.302 	 33.690
FHW13079	110.875 	 3.072 	 26.565
FHW13079	111.000 	 3.072 	 26.565
FHW13079	111.125 	 3.302 	 33.690
FHW13079	111.250 	 3.097 	 26.565
FHW13079	111.375 	 3.072 	 26.565
FHW13079	111.500 	 3.072 	 26.565
FHW13079	111.625 	 3.302 	 33.690
FHW13079	111.750 	 3.072 	 26.565
FHW13079	111.875 	 3.097 	 26.565
FHW13079	112.000 	 3.302 	 33.690
FHW13079	112.125 	 3.072 	 26.565
FHW13079	112.250 	 3.072 	 26.565
FHW13079	112.375 	 2.671 	 30.964
FHW13079	112.500 	 3.328 	 33.690
FHW13079	112.625 	 3.072 	 26.565
FHW13079	112.750 	 3.072 	 26.565
FHW13079	112.875 	 3.302 	 33.690
FHW13079	113.000 	 3.072 	 26.565
FHW13079	113.125 	 3.097 	 26.565
FHW13079	113.250 	 3.302 	 33.690
FHW13079	113.375 	 3.072 	 26.565
FHW13079	113.500 	 3.072 	 26.565
FHW13079	113.625 	 3.072 	 26.565
FHW13079	113.750 	 3.328 	 33.690
FHW13079	113.875 	 3.072 	 26.565
FHW13079	114.000 	 3.072 	 26.565
FHW13079	114.125 	 3.302 	 33.690
FHW13079	114.250 	 3.072 	 26.565
FHW13079	114.375 	 3.097 	 26.565
FHW13079	114.500 	 2.932 	 38.660
FHW13079	114.625 	 3.072 	 26.565
FHW13079	114.750 	 3.072 	 26.565
FHW13079	114.875 	 3.072 	 26.565
FHW13079	115.000 	 3.328 	 33.690
FHW13079	115.125 	 3.072 	 26.565
FHW13079	115.250 	 3.072 	 26.565
FHW13079	115.375 	 3.302 	 33.690
FHW13079	115.500 	 3.072 	 26.565
FHW13079	115.625 	 3.097 	 26.565
FHW13079	115.750 	 3.072 	 26.565
FHW13079	115.875 	 3.302 	 33.690
FHW13079	116.000 	 3.072 	 26.565
FHW13079	116.125 	 3.072 	 26.565
FHW13079	116.250 	 3.328 	 33.690
FHW13079	116.375 	 3.072 	 26.565
FHW13079	116.500 	 3.072 	 26.565
FHW13079	116.625 	 3.302 	 33.690
FHW13079	116.750 	 2.671 	 30.964
FHW13079	116.875 	 3.097 	 26.565
FHW13079	117.000 	 3.072 	 26.565
FHW13079	117.125 	 3.302 	 33.690
FHW13079	117.250 	 3.072 	 26.565
FHW13079	117.375 	 3.072 	 26.565
FHW13079	117.500 	 3.328 	 33.690
FHW13079	117.625 	 7.180 	 50.194
FHW13079	117.750 	 7.267 	 55.305
FHW13079	117.875 	 7.535 	 52.431
FHW13079	118.000 	 7.180 	 50.194
FHW13079	118.125 	 7.535 	 52.431
FHW13079	118.250 	 7.267 	 55.305
FHW13079	118.375 	 7.535 	 52.431
FHW13079	118.500 	 7.180 	 50.194
FHW13079	118.625 	 7.267 	 55.305
FHW13079	118.750 	 7.535 	 52.431
FHW13079	118.875 	 7.238 	 50.194
FHW13079	119.000 	 7.267 	 55.305
FHW13079	119.125 	 7.535 	 52.431
FHW13079	119.250 	 7.535 	 52.431
FHW13079	119.375 	 6.897 	 53.130
FHW13079	119.500 	 7.535 	 52.431
FHW13079	119.625 	 7.535 	 52.431
FHW13079	119.750 	 7.267 	 55.305
FHW13079	119.875 	 7.180 	 50.194
FHW13079	120.000 	 7.535 	 52.431
FHW13079	120.125 	 7.267 	 55.305
FHW13079	120.250 	 7.238 	 50.195
FHW13079	120.375 	 7.535 	 52.431
FHW13079	120.500 	 7.267 	 55.305
FHW13079	120.625 	 7.535 	 52.431
FHW13079	120.750 	 7.180 	 50.195
FHW13079	120.875 	 7.535 	 52.431
FHW13079	121.000 	 7.267 	 55.305
FHW13079	121.125 	 7.180 	 50.195
FHW13079	121.250 	 7.535 	 52.431
FHW13079	121.375 	 7.267 	 55.305
FHW13079	121.500 	 7.535 	 52.431
FHW13079	121.625 	 7.238 	 50.195
FHW13079	121.750 	 7.267 	 55.305
FHW13079	121.875 	 7.535 	 52.431
FHW13079	122.000 	 7.180 	 50.194
FHW13079	122.125 	 7.267 	 55.305
FHW13079	122.250 	 7.535 	 52.431
FHW13079	122.375 	 7.535 	 52.431
FHW13079	122.500 	 6.897 	 53.130
FHW13079	122.625 	 7.535 	 52.431
FHW13079	122.750 	 7.535 	 52.431
FHW13079	122.875 	 6.897 	 53.130
FHW13079	123.000 	 7.535 	 52.431
FHW13079	123.125 	 7.595 	 52.431
FHW13079	123.250 	 7.267 	 55.305
FHW13079	123.375 	 7.180 	 50.194
FHW13079	123.500 	 7.535 	 52.431
FHW13079	123.625 	 7.535 	 52.431
FHW13079	123.750 	 6.897 	 53.130
FHW13079	123.875 	 7.535 	 52.431
FHW13079	124.000 	 7.535 	 52.431
FHW13079	124.125 	 7.267 	 55.305
FHW13079	124.250 	 7.180 	 50.194
FHW13079	124.375 	 7.535 	 52.431
FHW13079	124.500 	 7.325 	 55.305
FHW13079	124.625 	 7.535 	 52.431
FHW13079	124.750 	 7.180 	 50.194
FHW13079	124.875 	 7.267 	 55.305
FHW13079	125.000 	 7.535 	 52.431
FHW13079	125.125 	 7.180 	 50.194
FHW13079	125.250 	 7.267 	 55.305
FHW13079	125.375 	 7.535 	 52.431
FHW13079	125.500 	 7.535 	 52.431
FHW13079	125.625 	 6.897 	 53.131
FHW13079	125.750 	 7.535 	 52.431
FHW13079	125.875 	 7.595 	 52.431
FHW13079	126.000 	 6.897 	 53.130
FHW13079	126.125 	 7.535 	 52.431
FHW13079	126.250 	 7.535 	 52.431
FHW13079	126.375 	 7.535 	 52.431
FHW13079	126.500 	 6.897 	 53.130
FHW13079	126.625 	 7.535 	 52.431
FHW13079	126.750 	 7.535 	 52.431
FHW13079	126.875 	 6.897 	 53.130
FHW13079	127.000 	 7.535 	 52.431
FHW13079	127.125 	 7.535 	 52.431
FHW13079	127.250 	 7.325 	 55.305
FHW13079	127.375 	 7.180 	 50.195
FHW13079	127.500 	 7.535 	 52.431
FHW13079	127.625 	 7.267 	 55.305
FHW13079	127.750 	 7.180 	 50.195
FHW13079	127.875 	 7.535 	 52.431
FHW13079	128.000 	 7.267 	 55.305
FHW13079	128.125 	 7.534 	 52.431
FHW13079	128.250 	 7.180 	 50.195
FHW13079	128.375 	 7.266 	 55.305
FHW13079	128.500 	 7.535 	 52.431
FHW13079	128.625 	 7.535 	 52.431
FHW13079	128.750 	 6.953 	 53.130
FHW13079	128.875 	 7.534 	 52.431
FHW13079	129.000 	 7.535 	 52.431
FHW13079	129.125 	 7.179 	 50.194
FHW13079	129.250 	 7.267 	 55.305
FHW13079	129.375 	 7.534 	 52.431
FHW13079	129.500 	 7.535 	 52.431
FHW13079	129.625 	 6.897 	 53.130
FHW13079	129.750 	 7.535 	 52.431
FHW13079	129.875 	 7.534 	 52.431
FHW13079	130.000 	 6.898 	 53.131
FHW13079	130.125 	 7.595 	 52.431
FHW13079	130.250 	 7.535 	 52.431
FHW13079	130.375 	 7.266 	 55.305
FHW13079	130.500 	 7.180 	 50.194
FHW13079	130.625 	 7.534 	 52.431
FHW13079	130.750 	 7.267 	 55.305
FHW13079	130.875 	 7.179 	 50.194
FHW13079	131.000 	 7.535 	 52.431
FHW13079	131.125 	 7.266 	 55.305
FHW13079	131.250 	 7.535 	 52.431
FHW13079	131.375 	 7.179 	 50.194
FHW13079	131.500 	 7.325 	 55.305
FHW13079	131.625 	 7.535 	 52.431
FHW13079	131.750 	 7.180 	 50.194
FHW13079	131.875 	 7.534 	 52.431
FHW13079	132.000 	 7.267 	 55.305
FHW13079	132.125 	 7.534 	 52.431
FHW13079	132.250 	 7.180 	 50.194
FHW13079	132.375 	 7.266 	 55.305
FHW13079	132.500 	 7.535 	 52.431
FHW13079	132.625 	 7.179 	 50.194
FHW13079	132.750 	 7.267 	 55.305
FHW13079	132.875 	 7.595 	 52.431
FHW13079	133.000 	 7.534 	 52.431
FHW13079	133.125 	 6.898 	 53.130
FHW13079	133.250 	 7.535 	 52.432
FHW13079	133.375 	 7.534 	 52.431
FHW13079	133.500 	 7.267 	 55.305
FHW13079	133.625 	 7.179 	 50.194
FHW13079	133.750 	 7.535 	 52.431
FHW13079	133.875 	 7.266 	 55.305
FHW13079	134.000 	 7.180 	 50.195
FHW13079	134.125 	 7.534 	 52.431
FHW13079	134.250 	 7.267 	 55.305
FHW13079	134.375 	 7.595 	 52.431
FHW13079	134.500 	 7.179 	 50.194
FHW13079	134.625 	 7.535 	 52.431
FHW13079	134.750 	 7.266 	 55.305
FHW13079	134.875 	 7.180 	 50.195
FHW13079	135.000 	 7.535 	 52.431
FHW13079	135.125 	 7.266 	 55.305
FHW13079	135.250 	 7.535 	 52.431
FHW13079	135.375 	 7.179 	 50.194
FHW13079	135.500 	 7.267 	 55.305
FHW13079	135.625 	 7.534 	 52.431
FHW13079	135.750 	 7.238 	 50.195
FHW13079	135.875 	 7.267 	 55.305
FHW13079	136.000 	 7.534 	 52.431
FHW13079	136.125 	 7.535 	 52.431
FHW13079	136.250 	 6.897 	 53.130
FHW13079	136.375 	 11.445 	 58.241
FHW13079	136.500 	 13.607 	 61.699
FHW13079	136.625 	 13.932 	 60.019
FHW13079	136.750 	 13.216 	 60.751
FHW13079	136.875 	 13.934 	 60.019
FHW13079	137.000 	 13.715 	 61.699
FHW13079	137.125 	 13.606 	 61.699
FHW13079	137.250 	 13.932 	 60.019
FHW13079	137.375 	 13.716 	 61.699
FHW13079	137.500 	 13.821 	 60.018
FHW13079	137.625 	 13.322 	 60.751
FHW13079	137.750 	 13.607 	 61.699
FHW13079	137.875 	 13.932 	 60.018
FHW13079	138.000 	 13.715 	 61.699
FHW13079	138.125 	 13.823 	 60.018
FHW13079	138.250 	 13.715 	 61.699
FHW13079	138.375 	 13.715 	 61.699
FHW13079	138.500 	 13.441 	 59.036
FHW13079	138.625 	 13.715 	 61.699
FHW13079	138.750 	 13.823 	 60.018
FHW13079	138.875 	 13.715 	 61.699
FHW13079	139.000 	 13.715 	 61.699
FHW13079	139.125 	 13.821 	 60.018
FHW13079	139.250 	 13.716 	 61.699
FHW13079	139.375 	 13.547 	 59.036
FHW13079	139.500 	 13.606 	 61.699
FHW13079	139.625 	 13.715 	 61.699
FHW13079	139.750 	 13.823 	 60.018
FHW13079	139.875 	 13.715 	 61.699
FHW13079	140.000 	 13.932 	 60.018
FHW13079	140.125 	 13.218 	 60.751
FHW13079	140.250 	 13.715 	 61.699
FHW13079	140.375 	 13.932 	 60.018
FHW13079	140.500 	 13.607 	 61.699
FHW13079	140.625 	 13.932 	 60.019
FHW13079	140.750 	 13.607 	 61.699
FHW13079	140.875 	 13.715 	 61.699
FHW13079	141.000 	 13.547 	 59.036
FHW13079	141.125 	 13.606 	 61.699
FHW13079	141.250 	 13.934 	 60.019
FHW13079	141.375 	 13.715 	 61.699
FHW13079	141.500 	 13.606 	 61.699
FHW13079	141.625 	 13.934 	 60.019
FHW13079	141.750 	 13.606 	 61.699
FHW13079	141.875 	 13.547 	 59.036
FHW13079	142.000 	 13.715 	 61.699
FHW13079	142.125 	 13.607 	 61.699
FHW13079	142.250 	 13.932 	 60.019
FHW13079	142.375 	 13.715 	 61.699
FHW13079	142.500 	 13.823 	 60.019
FHW13079	142.625 	 13.715 	 61.699
FHW13079	142.750 	 13.218 	 60.751
FHW13079	142.875 	 13.932 	 60.019
FHW13079	143.000 	 13.715 	 61.699
FHW13079	143.125 	 13.823 	 60.018
FHW13079	143.250 	 13.715 	 61.699
FHW13079	143.375 	 13.932 	 60.018
FHW13079	143.500 	 13.216 	 60.751
FHW13079	143.625 	 13.716 	 61.699
FHW13079	143.750 	 13.932 	 60.018
FHW13079	143.875 	 13.606 	 61.699
FHW13079	144.000 	 13.934 	 60.018
FHW13079	144.125 	 13.606 	 61.699
FHW13079	144.250 	 13.715 	 61.699
FHW13079	144.375 	 13.547 	 59.036
FHW13079	144.500 	 13.607 	 61.699
FHW13079	144.625 	 13.932 	 60.019
FHW13079	144.750 	 13.715 	 61.699
FHW13079	144.875 	 13.607 	 61.699
FHW13079	145.000 	 13.932 	 60.019
FHW13079	145.125 	 13.607 	 61.699
FHW13079	145.250 	 13.547 	 59.037
FHW13079	145.375 	 13.715 	 61.699
FHW13079	145.500 	 13.607 	 61.699
FHW13079	145.625 	 13.932 	 60.018
FHW13079	145.750 	 13.715 	 61.699
FHW13079	145.875 	 13.821 	 60.019
FHW13079	146.000 	 13.716 	 61.699
FHW13079	146.125 	 13.216 	 60.751
FHW13079	146.250 	 13.932 	 60.018
FHW13079	146.375 	 13.715 	 61.699
FHW13079	146.500 	 13.823 	 60.019
FHW13079	146.625 	 13.715 	 61.699
FHW13079	146.750 	 13.715 	 61.699
FHW13079	146.875 	 13.441 	 59.036
FHW13079	147.000 	 13.715 	 61.699
FHW13079	147.125 	 13.823 	 60.019
FHW13079	147.250 	 13.715 	 61.699
FHW13079	147.375 	 13.715 	 61.699
FHW13079	147.500 	 13.823 	 60.018
FHW13079	147.625 	 13.715 	 61.699
FHW13079	147.750 	 13.547 	 59.036
FHW13079	147.875 	 13.607 	 61.699
FHW13079	148.000 	 13.715 	 61.699
FHW13079	148.125 	 13.821 	 60.018
FHW13079	148.250 	 13.715 	 61.699
FHW13079	148.375 	 13.934 	 60.019
FHW13079	148.500 	 13.606 	 61.699
FHW13079	148.625 	 13.322 	 60.751
FHW13079	148.750 	 13.932 	 60.019
FHW13079	148.875 	 13.607 	 61.699
FHW13079	149.000 	 13.932 	 60.019
FHW13079	149.125 	 13.607 	 61.699
FHW13079	149.250 	 13.715 	 61.699
FHW13079	149.375 	 13.932 	 60.019
FHW13079	149.500 	 13.218 	 60.750
FHW13079	149.625 	 13.932 	 60.019
FHW13079	149.750 	 13.715 	 61.699
FHW13079	149.875 	 13.607 	 61.699
FHW13079	150.000 	 13.932 	 60.019
FHW13079	150.125 	 13.606 	 61.699
FHW13079	150.250 	 13.549 	 59.036
FHW13079	150.375 	 13.715 	 61.699
FHW13079	150.500 	 13.821 	 60.019
FHW13079	150.625 	 13.715 	 61.699
FHW13079	150.750 	 13.716 	 61.699
FHW13079	150.875 	 13.821 	 60.018
FHW13079	151.000 	 13.715 	 61.699
FHW13079	151.125 	 13.441 	 59.036
FHW13079	151.250 	 13.715 	 61.699
FHW13079	151.375 	 13.715 	 61.699
FHW13079	151.500 	 13.823 	 60.018
FHW13079	151.625 	 13.715 	 61.699
FHW13079	151.750 	 13.932 	 60.019
FHW13079	151.875 	 13.607 	 61.699
FHW13079	152.000 	 13.322 	 60.751
FHW13079	152.125 	 13.821 	 60.018
FHW13079	152.250 	 13.716 	 61.699
FHW13079	152.375 	 13.932 	 60.019
FHW13079	152.500 	 13.606 	 61.699
FHW13079	152.625 	 13.716 	 61.699
FHW13079	152.750 	 13.932 	 60.018
FHW13079	152.875 	 13.216 	 60.751
FHW13079	153.000 	 13.932 	 60.019
FHW13079	153.125 	 13.716 	 61.699
FHW13079	153.250 	 13.606 	 61.699
FHW13079	153.375 	 13.932 	 60.019
FHW13079	153.500 	 13.607 	 61.699
FHW13079	153.625 	 13.547 	 59.037
FHW13079	153.750 	 13.715 	 61.699
FHW13079	153.875 	 13.607 	 61.699
FHW13079	154.000 	 13.932 	 60.019
FHW13079	154.125 	 13.715 	 61.699
FHW13079	154.250 	 13.823 	 60.019
FHW13079	154.375 	 13.715 	 61.699
FHW13079	154.500 	 13.216 	 60.751
FHW13079	154.625 	 13.934 	 60.019
FHW13079	154.750 	 13.714 	 61.698
FHW13079	154.875 	 13.821 	 60.019
FHW13079	155.000 	 13.715 	 61.699
FHW13079	155.125 	 20.920 	 63.435
FHW13079	155.250 	 21.284 	 65.136
FHW13079	155.375 	 21.300 	 63.997
FHW13079	155.500 	 20.895 	 64.592
FHW13079	155.625 	 21.300 	 63.997
FHW13079	155.750 	 20.895 	 64.592
FHW13079	155.875 	 21.300 	 63.997
FHW13079	156.000 	 20.895 	 64.592
FHW13079	156.125 	 21.300 	 63.997
FHW13079	156.250 	 20.895 	 64.592
FHW13079	156.375 	 21.300 	 63.997
FHW13079	156.500 	 21.284 	 65.137
FHW13079	156.625 	 20.918 	 63.434
FHW13079	156.750 	 21.468 	 63.997
FHW13079	156.875 	 20.733 	 64.593
FHW13079	157.000 	 21.465 	 63.997
FHW13079	157.125 	 20.733 	 64.592
FHW13079	157.250 	 21.468 	 63.997
FHW13079	157.375 	 20.730 	 64.592
FHW13079	157.500 	 21.468 	 63.997
FHW13079	157.625 	 21.117 	 65.136
FHW13079	157.750 	 21.084 	 63.435
FHW13079	157.875 	 21.284 	 65.136
FHW13079	158.000 	 20.918 	 63.435
FHW13079	158.125 	 21.284 	 65.136
FHW13079	158.250 	 20.918 	 63.435
FHW13079	158.375 	 21.468 	 63.997
FHW13079	158.500 	 20.730 	 64.592
FHW13079	158.625 	 21.468 	 63.997
FHW13079	158.750 	 21.117 	 65.136
FHW13079	158.875 	 21.084 	 63.435
FHW13079	159.000 	 21.117 	 65.136
FHW13079	159.125 	 21.084 	 63.435
FHW13079	159.250 	 21.117 	 65.136
FHW13079	159.375 	 21.084 	 63.435
FHW13079	159.500 	 21.120 	 65.136
FHW13079	159.625 	 21.081 	 63.435
FHW13079	159.750 	 21.120 	 65.136
FHW13079	159.875 	 21.465 	 63.997
FHW13079	160.000 	 20.733 	 64.592
FHW13079	160.125 	 21.468 	 63.997
FHW13079	160.250 	 20.918 	 63.435
FHW13079	160.375 	 21.284 	 65.136
FHW13079	160.500 	 20.918 	 63.435
FHW13079	160.625 	 21.284 	 65.136
FHW13079	160.750 	 20.918 	 63.435
FHW13079	160.875 	 21.284 	 65.137
FHW13079	161.000 	 21.300 	 63.996
FHW13079	161.125 	 20.895 	 64.592
FHW13079	161.250 	 21.300 	 63.997
FHW13079	161.375 	 20.895 	 64.592
FHW13079	161.500 	 21.300 	 63.996
FHW13079	161.625 	 20.895 	 64.593
FHW13079	161.750 	 21.302 	 63.996
FHW13079	161.875 	 21.081 	 63.435
FHW13079	162.000 	 21.120 	 65.136
FHW13079	162.125 	 21.465 	 63.996
FHW13079	162.250 	 20.733 	 64.592
FHW13079	162.375 	 21.468 	 63.997
FHW13079	162.500 	 20.730 	 64.592
FHW13079	162.625 	 21.468 	 63.997
FHW13079	162.750 	 20.730 	 64.592
FHW13079	162.875 	 21.468 	 63.996
FHW13079	163.000 	 20.730 	 64.592
FHW13079	163.125 	 21.468 	 63.997
FHW13079	163.250 	 21.117 	 65.136
FHW13079	163.375 	 21.084 	 63.435
FHW13079	163.500 	 21.117 	 65.136
FHW13079	163.625 	 21.084 	 63.435
FHW13079	163.750 	 21.300 	 63.997
FHW13079	163.875 	 20.895 	 64.592
FHW13079	164.000 	 21.303 	 63.997
FHW13079	164.125 	 20.892 	 64.592
FHW13079	164.250 	 21.302 	 63.996
FHW13079	164.375 	 21.282 	 65.136
FHW13079	164.500 	 20.920 	 63.435
FHW13079	164.625 	 21.284 	 65.136
FHW13079	164.750 	 20.918 	 63.435
FHW13079	164.875 	 21.284 	 65.136
FHW13079	165.000 	 20.918 	 63.435
FHW13079	165.125 	 21.284 	 65.136
FHW13079	165.250 	 20.918 	 63.435
FHW13079	165.375 	 21.468 	 63.996
FHW13079	165.500 	 21.117 	 65.136
FHW13079	165.625 	 21.084 	 63.435
FHW13079	165.750 	 21.117 	 65.136
FHW13079	165.875 	 21.084 	 63.435
FHW13079	166.000 	 21.117 	 65.136
FHW13079	166.125 	 21.084 	 63.435
FHW13079	166.250 	 21.120 	 65.136
FHW13079	166.375 	 21.081 	 63.435
FHW13079	166.500 	 21.120 	 65.136
FHW13079	166.625 	 21.465 	 63.996
FHW13079	166.750 	 20.733 	 64.592
FHW13079	166.875 	 21.468 	 63.997
FHW13079	167.000 	 20.918 	 63.435
FHW13079	167.125 	 21.284 	 65.136
FHW13079	167.250 	 20.918 	 63.435
FHW13079	167.375 	 21.284 	 65.136
FHW13079	167.500 	 20.918 	 63.435
FHW13079	167.625 	 21.284 	 65.136
FHW13079	167.750 	 21.300 	 63.997
FHW13079	167.875 	 20.895 	 64.592
FHW13079	168.000 	 21.300 	 63.996
FHW13079	168.125 	 20.895 	 64.592
FHW13079	168.250 	 21.300 	 63.997
FHW13079	168.375 	 20.895 	 64.592
FHW13079	168.500 	 21.303 	 63.997
FHW13079	168.625 	 21.281 	 65.136
FHW13079	168.750 	 20.920 	 63.435
FHW13079	168.875 	 21.466 	 63.997
FHW13079	169.000 	 20.733 	 64.593
FHW13079	169.125 	 21.468 	 63.996
FHW13079	169.250 	 20.731 	 64.593
FHW13079	169.375 	 21.468 	 63.996
FHW13079	169.500 	 20.730 	 64.592
FHW13079	169.625 	 21.468 	 63.997
FHW13079	169.750 	 21.117 	 65.136
FHW13079	169.875 	 21.084 	 63.435
FHW13079	170.000 	 21.117 	 65.136
FHW13079	170.125 	 21.084 	 63.435
FHW13079	170.250 	 21.117 	 65.136
FHW13079	170.375 	 21.084 	 63.435
FHW13079	170.500 	 21.300 	 63.996
FHW13079	170.625 	 20.895 	 64.592
FHW13079	170.750 	 21.303 	 63.997
FHW13079	170.875 	 21.282 	 65.136
FHW13079	171.000 	 20.920 	 63.435
FHW13079	171.125 	 21.281 	 65.136
FHW13079	171.250 	 20.920 	 63.435
FHW13079	171.375 	 21.284 	 65.136
FHW13079	171.500 	 20.918 	 63.435
FHW13079	171.625 	 21.284 	 65.136
FHW13079	171.750 	 20.918 	 63.435
FHW13079	171.875 	 21.284 	 65.136
FHW13079	172.000 	 21.300 	 63.997
FHW13079	172.125 	 20.895 	 64.592
FHW13079	172.250 	 21.468 	 63.997
FHW13079	172.375 	 20.918 	 63.435
FHW13079	172.500 	 21.284 	 65.136
FHW13079	172.625 	 20.918 	 63.435
FHW13079	172.750 	 21.284 	 65.136
FHW13079	172.875 	 20.918 	 63.435
FHW13079	173.000 	 21.284 	 65.136
FHW13079	173.125 	 21.300 	 63.996
FHW13079	173.250 	 20.895 	 64.592
FHW13079	173.375 	 21.300 	 63.997
FHW13079	173.500 	 20.895 	 64.592
FHW13079	173.625 	 21.302 	 63.996
FHW13079	173.750 	 20.892 	 64.592
FHW13079	173.875 	 25.425 	 65.822
FHW13079	174.000 	 27.660 	 65.637
FHW13079	174.125 	 28.245 	 66.037
FHW13079	174.250 	 27.710 	 66.541
FHW13079	174.375 	 28.031 	 66.037
FHW13079	174.500 	 28.245 	 66.037
FHW13079	174.625 	 27.495 	 66.541
FHW13079	174.750 	 28.248 	 66.037
FHW13079	174.875 	 27.875 	 65.637
FHW13079	175.000 	 27.867 	 66.930
FHW13079	175.125 	 28.245 	 66.037
FHW13079	175.250 	 27.875 	 65.638
FHW13079	175.375 	 27.870 	 66.930
FHW13079	175.500 	 27.875 	 65.638
FHW13079	175.625 	 28.245 	 66.037
FHW13079	175.750 	 27.867 	 66.930
FHW13079	175.875 	 27.875 	 65.637
FHW13079	176.000 	 27.870 	 66.930
FHW13079	176.125 	 27.875 	 65.638
FHW13079	176.250 	 28.245 	 66.037
FHW13079	176.375 	 27.495 	 66.541
FHW13079	176.500 	 28.245 	 66.037
FHW13079	176.625 	 28.245 	 66.038
FHW13079	176.750 	 27.498 	 66.540
FHW13079	176.875 	 28.245 	 66.038
FHW13079	177.000 	 27.663 	 65.638
FHW13079	177.125 	 28.084 	 66.929
FHW13079	177.250 	 28.245 	 66.038
FHW13079	177.375 	 27.660 	 65.638
FHW13079	177.500 	 28.083 	 66.930
FHW13079	177.625 	 27.875 	 65.637
FHW13079	177.750 	 28.031 	 66.037
FHW13079	177.875 	 28.084 	 66.930
FHW13079	178.000 	 27.660 	 65.637
FHW13079	178.125 	 28.083 	 66.930
FHW13079	178.250 	 27.875 	 65.638
FHW13079	178.375 	 28.031 	 66.037
FHW13079	178.500 	 28.083 	 66.930
FHW13079	178.625 	 27.875 	 65.637
FHW13079	178.750 	 28.028 	 66.038
FHW13079	178.875 	 27.709 	 66.541
FHW13079	179.000 	 28.031 	 66.037
FHW13079	179.125 	 27.875 	 65.638
FHW13079	179.250 	 28.083 	 66.930
FHW13079	179.375 	 28.031 	 66.037
FHW13079	179.500 	 27.875 	 65.637
FHW13079	179.625 	 28.084 	 66.930
FHW13079	179.750 	 27.660 	 65.637
FHW13079	179.875 	 28.245 	 66.037
FHW13079	180.000 	 27.870 	 66.930
FHW13079	180.125 	 27.875 	 65.638
FHW13079	180.250 	 28.083 	 66.930
FHW13079	180.375 	 27.660 	 65.637
FHW13079	180.500 	 28.245 	 66.038
FHW13079	180.625 	 28.083 	 66.930
FHW13079	180.750 	 27.663 	 65.637
FHW13079	180.875 	 28.245 	 66.037
FHW13079	181.000 	 27.495 	 66.541
FHW13079	181.125 	 28.245 	 66.037
FHW13079	181.250 	 27.875 	 65.638
FHW13079	181.375 	 27.871 	 66.929
FHW13079	181.500 	 28.245 	 66.038
FHW13079	181.625 	 27.875 	 65.637
FHW13079	181.750 	 27.870 	 66.929
FHW13079	181.875 	 27.875 	 65.638
FHW13079	182.000 	 28.028 	 66.037
FHW13079	182.125 	 28.083 	 66.930
FHW13079	182.250 	 27.875 	 65.638
FHW13079	182.375 	 27.870 	 66.929
FHW13079	182.500 	 27.875 	 65.638
FHW13079	182.625 	 28.245 	 66.037
FHW13079	182.750 	 27.867 	 66.930
FHW13079	182.875 	 27.875 	 65.637
FHW13079	183.000 	 28.031 	 66.038
FHW13079	183.125 	 27.709 	 66.541
FHW13079	183.250 	 28.245 	 66.037
FHW13079	183.375 	 28.028 	 66.038
FHW13079	183.500 	 27.709 	 66.541
FHW13079	183.625 	 28.245 	 66.038
FHW13079	183.750 	 27.663 	 65.637
FHW13079	183.875 	 28.084 	 66.930
FHW13079	184.000 	 27.660 	 65.637
FHW13079	184.125 	 28.248 	 66.037
FHW13079	184.250 	 28.084 	 66.930
FHW13079	184.375 	 27.660 	 65.637
FHW13079	184.500 	 28.084 	 66.930
FHW13079	184.625 	 27.875 	 65.637
FHW13079	184.750 	 28.031 	 66.038
FHW13079	184.875 	 28.083 	 66.929
FHW13079	185.000 	 27.875 	 65.637
FHW13079	185.125 	 28.028 	 66.038
FHW13079	185.250 	 27.709 	 66.541
FHW13079	185.375 	 28.031 	 66.038
FHW13079	185.500 	 28.245 	 66.037
FHW13079	185.625 	 27.710 	 66.542
FHW13079	185.750 	 28.028 	 66.037
FHW13079	185.875 	 27.875 	 65.638
FHW13079	186.000 	 28.084 	 66.929
FHW13079	186.125 	 27.663 	 65.638
FHW13079	186.250 	 28.084 	 66.929
FHW13079	186.375 	 28.028 	 66.037
FHW13079	186.500 	 27.879 	 65.639
FHW13079	186.625 	 28.083 	 66.929
FHW13079	186.750 	 27.659 	 65.638
FHW13079	186.875 	 28.245 	 66.038
FHW13079	187.000 	 28.083 	 66.929
FHW13079	187.125 	 27.663 	 65.639
FHW13079	187.250 	 28.245 	 66.037
FHW13079	187.375 	 27.496 	 66.542
FHW13079	187.500 	 28.245 	 66.037
FHW13079	187.625 	 28.245 	 66.038
FHW13079	187.750 	 27.498 	 66.541
FHW13079	187.875 	 28.245 	 66.037
FHW13079	188.000 	 27.875 	 65.638
FHW13079	188.125 	 27.867 	 66.929
FHW13079	188.250 	 27.875 	 65.638
FHW13079	188.375 	 27.870 	 66.929
FHW13079	188.500 	 28.245 	 66.038
FHW13079	188.625 	 27.875 	 65.637
FHW13079	188.750 	 27.870 	 66.929
FHW13079	188.875 	 27.875 	 65.638
FHW13079	189.000 	 28.245 	 66.037
FHW13079	189.125 	 27.867 	 66.930
FHW13079	189.250 	 27.875 	 65.637
FHW13079	189.375 	 28.031 	 66.038
FHW13079	189.500 	 27.709 	 66.541
FHW13079	189.625 	 28.245 	 66.037
FHW13079	189.750 	 28.028 	 66.038
FHW13079	189.875 	 27.709 	 66.541
FHW13079	190.000 	 28.245 	 66.038
FHW13079	190.125 	 27.663 	 65.637
FHW13079	190.250 	 28.084 	 66.930
FHW13079	190.375 	 28.028 	 66.037
FHW13079	190.500 	 27.709 	 66.541
FHW13079	190.625 	 28.245 	 66.038
FHW13079	190.750 	 27.663 	 65.638
FHW13079	190.875 	 28.084 	 66.929
FHW13079	191.000 	 27.875 	 65.637
FHW13079	191.125 	 28.031 	 66.039
FHW13079	191.250 	 28.083 	 66.929
FHW13079	191.375 	 27.659 	 65.638
FHW13079	191.500 	 28.245 	 66.038
FHW13079	191.625 	 27.710 	 66.540
FHW13079	191.750 	 28.031 	 66.039
FHW13079	191.875 	 28.245 	 66.037
FHW13079	192.000 	 27.710 	 66.542
FHW13079	192.125 	 28.028 	 66.037
FHW13079	192.250 	 27.875 	 65.637
FHW13079	192.375 	 27.871 	 66.930
FHW13079	192.500 	 28.245 	 66.038
FHW13079	192.625 	 28.996 	 65.555
FHW13079	192.750 	 34.758 	 66.695
FHW13079	192.875 	 34.646 	 65.956
FHW13079	193.000 	 34.985 	 66.279
FHW13079	193.125 	 34.910 	 65.956
FHW13079	193.250 	 34.642 	 65.956
FHW13079	193.375 	 34.910 	 65.956
FHW13079	193.500 	 34.647 	 65.956
FHW13079	193.625 	 34.642 	 65.955
FHW13079	193.750 	 34.910 	 65.956
FHW13079	193.875 	 34.643 	 65.956
FHW13079	194.000 	 34.647 	 65.956
FHW13079	194.125 	 34.910 	 65.956
FHW13079	194.250 	 34.643 	 65.956
FHW13079	194.375 	 34.495 	 66.695
FHW13079	194.500 	 34.906 	 65.955
FHW13079	194.625 	 34.647 	 65.956
FHW13079	194.750 	 34.910 	 65.956
FHW13079	194.875 	 34.643 	 65.956
FHW13079	195.000 	 34.646 	 65.955
FHW13079	195.125 	 34.910 	 65.956
FHW13079	195.250 	 34.643 	 65.956
FHW13079	195.375 	 34.647 	 65.956
FHW13079	195.500 	 34.906 	 65.955
FHW13079	195.625 	 34.646 	 65.956
FHW13079	195.750 	 34.647 	 65.956
FHW13079	195.875 	 34.754 	 66.695
FHW13079	196.000 	 34.647 	 65.956
FHW13079	196.125 	 34.906 	 65.956
FHW13079	196.250 	 34.646 	 65.956
FHW13079	196.375 	 34.646 	 65.955
FHW13079	196.500 	 34.906 	 65.956
FHW13079	196.625 	 34.646 	 65.956
FHW13079	196.750 	 34.646 	 65.955
FHW13079	196.875 	 34.906 	 65.956
FHW13079	197.000 	 34.646 	 65.956
FHW13079	197.125 	 35.250 	 66.279
FHW13079	197.250 	 34.647 	 65.956
FHW13079	197.375 	 34.494 	 66.695
FHW13079	197.500 	 34.906 	 65.956
FHW13079	197.625 	 34.646 	 65.956
FHW13079	197.750 	 34.646 	 65.955
FHW13079	197.875 	 34.906 	 65.956
FHW13079	198.000 	 34.647 	 65.956
FHW13079	198.125 	 34.646 	 65.956
FHW13079	198.250 	 34.906 	 65.955
FHW13079	198.375 	 34.647 	 65.956
FHW13079	198.500 	 34.906 	 65.956
FHW13079	198.625 	 34.647 	 65.956
FHW13079	198.750 	 34.646 	 65.955
FHW13079	198.875 	 34.906 	 65.956
FHW13079	199.000 	 34.495 	 66.695
FHW13079	199.125 	 34.646 	 65.956
FHW13079	199.250 	 34.906 	 65.956
FHW13079	199.375 	 34.647 	 65.956
FHW13079	199.500 	 34.906 	 65.956
FHW13079	199.625 	 34.646 	 65.955
FHW13079	199.750 	 34.647 	 65.956
FHW13079	199.875 	 34.906 	 65.956
FHW13079	200.000 	 34.646 	 65.955
FHW13079	200.125 	 34.647 	 65.956
FHW13079	200.250 	 34.906 	 65.956
FHW13079	200.375 	 34.646 	 65.956
FHW13079	200.500 	 34.494 	 66.695
FHW13079	200.625 	 34.906 	 65.956
FHW13079	200.750 	 34.647 	 65.956
FHW13079	200.875 	 34.906 	 65.955
FHW13079	201.000 	 34.646 	 65.956
FHW13079	201.125 	 34.647 	 65.956
FHW13079	201.250 	 35.250 	 66.279
FHW13079	201.375 	 34.646 	 65.956
FHW13079	201.500 	 34.646 	 65.955
FHW13079	201.625 	 34.906 	 65.956
FHW13079	201.750 	 34.646 	 65.956
FHW13079	201.875 	 34.906 	 65.956
FHW13079	202.000 	 34.646 	 65.955
FHW13079	202.125 	 34.495 	 66.695
FHW13079	202.250 	 34.906 	 65.956
FHW13079	202.375 	 34.646 	 65.956
FHW13079	202.500 	 34.643 	 65.956
FHW13079	202.625 	 34.910 	 65.956
FHW13079	202.750 	 34.647 	 65.956
FHW13079	202.875 	 34.642 	 65.956
FHW13079	203.000 	 34.910 	 65.956
FHW13079	203.125 	 34.647 	 65.956
FHW13079	203.250 	 34.906 	 65.956
FHW13079	203.375 	 34.647 	 65.956
FHW13079	203.500 	 34.643 	 65.956
FHW13079	203.625 	 34.758 	 66.695
FHW13079	203.750 	 34.646 	 65.955
FHW13079	203.875 	 34.642 	 65.956
FHW13079	204.000 	 34.910 	 65.956
FHW13079	204.125 	 34.642 	 65.955
FHW13079	204.250 	 34.910 	 65.956
FHW13079	204.375 	 34.647 	 65.956
FHW13079	204.500 	 34.643 	 65.956
FHW13079	204.625 	 34.910 	 65.955
FHW13079	204.750 	 34.646 	 65.956
FHW13079	204.875 	 34.643 	 65.956
FHW13079	205.000 	 34.910 	 65.956
FHW13079	205.125 	 34.490 	 66.695
FHW13079	205.250 	 34.646 	 65.956
FHW13079	205.375 	 35.254 	 66.279
FHW13079	205.500 	 34.643 	 65.956
FHW13079	205.625 	 34.910 	 65.955
FHW13079	205.750 	 34.642 	 65.956
FHW13079	205.875 	 34.647 	 65.956
FHW13079	206.000 	 34.910 	 65.956
FHW13079	206.125 	 34.642 	 65.956
FHW13079	206.250 	 34.647 	 65.956
FHW13079	206.375 	 34.906 	 65.956
FHW13079	206.500 	 34.646 	 65.956
FHW13079	206.625 	 34.910 	 65.956
FHW13079	206.750 	 34.491 	 66.695
FHW13079	206.875 	 34.647 	 65.956
FHW13079	207.000 	 34.910 	 65.955
FHW13079	207.125 	 34.642 	 65.956
FHW13079	207.250 	 34.647 	 65.956
FHW13079	207.375 	 34.906 	 65.955
FHW13079	207.500 	 34.647 	 65.956
FHW13079	207.625 	 34.646 	 65.956
FHW13079	207.750 	 34.906 	 65.956
FHW13079	207.875 	 34.646 	 65.955
FHW13079	208.000 	 34.906 	 65.956
FHW13079	208.125 	 34.647 	 65.956
FHW13079	208.250 	 34.495 	 66.695
FHW13079	208.375 	 34.906 	 65.955
FHW13079	208.500 	 34.647 	 65.956
FHW13079	208.625 	 34.646 	 65.956
FHW13079	208.750 	 34.906 	 65.955
FHW13079	208.875 	 34.647 	 65.956
FHW13079	209.000 	 34.906 	 65.956
FHW13079	209.125 	 34.647 	 65.956
FHW13079	209.250 	 34.646 	 65.955
FHW13079	209.375 	 34.906 	 65.956
FHW13079	209.500 	 34.989 	 66.280
FHW13079	209.625 	 34.647 	 65.956
FHW13079	209.750 	 34.906 	 65.955
FHW13079	209.875 	 34.495 	 66.695
FHW13079	210.000 	 34.646 	 65.956
FHW13079	210.125 	 34.906 	 65.956
FHW13079	210.250 	 34.646 	 65.955
FHW13079	210.375 	 34.906 	 65.956
FHW13079	210.500 	 34.646 	 65.956
FHW13079	210.625 	 34.646 	 65.955
FHW13079	210.750 	 34.906 	 65.956
FHW13079	210.875 	 34.646 	 65.956
FHW13079	211.000 	 34.647 	 65.956
FHW13079	211.125 	 34.906 	 65.955
FHW13079	211.250 	 34.647 	 65.956
FHW13079	211.375 	 34.495 	 66.695
FHW13079	211.500 	 41.522 	 65.613
FHW13079	211.625 	 42.902 	 65.834
FHW13079	211.750 	 42.767 	 66.177
FHW13079	211.875 	 42.898 	 65.833
FHW13079	212.000 	 43.080 	 66.448
FHW13079	212.125 	 42.897 	 65.833
FHW13079	212.250 	 42.911 	 65.555
FHW13079	212.375 	 43.076 	 66.448
FHW13079	212.500 	 42.897 	 65.834
FHW13079	212.625 	 42.910 	 65.556
FHW13079	212.750 	 42.761 	 66.447
FHW13079	212.875 	 43.217 	 65.834
FHW13079	213.000 	 42.453 	 66.175
FHW13079	213.125 	 43.216 	 65.833
FHW13079	213.250 	 42.897 	 65.834
FHW13079	213.375 	 42.767 	 66.175
FHW13079	213.500 	 42.902 	 65.833
FHW13079	213.625 	 43.212 	 65.834
FHW13079	213.750 	 42.772 	 66.175
FHW13079	213.875 	 42.897 	 65.834
FHW13079	214.000 	 43.076 	 66.447
FHW13079	214.125 	 42.596 	 65.556
FHW13079	214.250 	 43.212 	 65.834
FHW13079	214.375 	 42.766 	 66.447
FHW13079	214.500 	 42.906 	 65.557
FHW13079	214.625 	 42.902 	 65.833
FHW13079	214.750 	 43.076 	 66.447
FHW13079	214.875 	 42.596 	 65.556
FHW13079	215.000 	 43.076 	 66.447
FHW13079	215.125 	 42.903 	 65.834
FHW13079	215.250 	 43.211 	 65.833
FHW13079	215.375 	 42.767 	 66.175
FHW13079	215.500 	 42.902 	 65.833
FHW13079	215.625 	 43.211 	 65.833
FHW13079	215.750 	 42.459 	 66.176
FHW13079	215.875 	 43.211 	 65.833
FHW13079	216.000 	 42.766 	 66.448
FHW13079	216.125 	 42.905 	 65.555
FHW13079	216.250 	 42.902 	 65.833
FHW13079	216.375 	 43.077 	 66.449
FHW13079	216.500 	 42.596 	 65.556
FHW13079	216.625 	 43.212 	 65.832
FHW13079	216.750 	 42.766 	 66.448
FHW13079	216.875 	 42.905 	 65.556
FHW13079	217.000 	 43.076 	 66.447
FHW13079	217.125 	 42.903 	 65.834
FHW13079	217.250 	 42.905 	 65.556
FHW13079	217.375 	 42.766 	 66.447
FHW13079	217.500 	 43.211 	 65.833
FHW13079	217.625 	 42.591 	 65.556
FHW13079	217.750 	 43.082 	 66.448
FHW13079	217.875 	 42.897 	 65.833
FHW13079	218.000 	 43.216 	 65.833
FHW13079	218.125 	 42.453 	 66.175
FHW13079	218.250 	 43.216 	 65.833
FHW13079	218.375 	 43.077 	 66.448
FHW13079	218.500 	 42.591 	 65.556
FHW13079	218.625 	 43.216 	 65.833
FHW13079	218.750 	 42.761 	 66.447
FHW13079	218.875 	 42.910 	 65.556
FHW13079	219.000 	 42.897 	 65.833
FHW13079	219.125 	 43.077 	 66.448
FHW13079	219.250 	 42.596 	 65.556
FHW13079	219.375 	 43.076 	 66.447
FHW13079	219.500 	 42.902 	 65.833
FHW13079	219.625 	 42.905 	 65.556
FHW13079	219.750 	 42.766 	 66.447
FHW13079	219.875 	 43.213 	 65.834
FHW13079	220.000 	 42.905 	 65.556
FHW13079	220.125 	 42.766 	 66.447
FHW13079	220.250 	 43.211 	 65.833
FHW13079	220.375 	 42.457 	 66.175
FHW13079	220.500 	 43.213 	 65.834
FHW13079	220.625 	 42.902 	 65.833
FHW13079	220.750 	 42.767 	 66.177
FHW13079	220.875 	 42.902 	 65.832
FHW13079	221.000 	 43.211 	 65.833
FHW13079	221.125 	 42.767 	 66.449
FHW13079	221.250 	 42.905 	 65.555
FHW13079	221.375 	 42.766 	 66.448
FHW13079	221.500 	 43.211 	 65.833
FHW13079	221.625 	 42.905 	 65.556
FHW13079	221.750 	 42.766 	 66.447
FHW13079	221.875 	 43.213 	 65.834
FHW13079	222.000 	 42.596 	 65.556
FHW13079	222.125 	 43.076 	 66.447
FHW13079	222.250 	 42.902 	 65.833
FHW13079	222.375 	 42.767 	 66.175
FHW13079	222.500 	 42.903 	 65.834
FHW13079	222.625 	 43.211 	 65.833
FHW13079	222.750 	 42.453 	 66.175
FHW13079	222.875 	 43.216 	 65.833
FHW13079	223.000 	 43.211 	 65.833
FHW13079	223.125 	 42.457 	 66.175
FHW13079	223.250 	 43.213 	 65.834
FHW13079	223.375 	 42.766 	 66.447
FHW13079	223.500 	 42.905 	 65.556
FHW13079	223.625 	 42.897 	 65.833
FHW13079	223.750 	 43.081 	 66.447
FHW13079	223.875 	 42.592 	 65.557
FHW13079	224.000 	 43.216 	 65.833
FHW13079	224.125 	 42.761 	 66.447
FHW13079	224.250 	 43.211 	 65.833
FHW13079	224.375 	 42.457 	 66.175
FHW13079	224.500 	 43.213 	 65.834
FHW13079	224.625 	 43.216 	 65.833
FHW13079	224.750 	 42.453 	 66.175
FHW13079	224.875 	 43.216 	 65.833
FHW13079	225.000 	 42.897 	 65.833
FHW13079	225.125 	 42.767 	 66.175
FHW13079	225.250 	 42.903 	 65.834
FHW13079	225.375 	 43.076 	 66.448
FHW13079	225.500 	 42.596 	 65.556
FHW13079	225.625 	 43.212 	 65.832
FHW13079	225.750 	 42.766 	 66.448
FHW13079	225.875 	 42.906 	 65.557
FHW13079	226.000 	 42.902 	 65.832
FHW13079	226.125 	 43.076 	 66.448
FHW13079	226.250 	 42.905 	 65.556
FHW13079	226.375 	 42.766 	 66.447
FHW13079	226.500 	 43.213 	 65.834
FHW13079	226.625 	 42.596 	 65.556
FHW13079	226.750 	 43.076 	 66.447
FHW13079	226.875 	 42.902 	 65.833
FHW13079	227.000 	 42.905 	 65.556
FHW13079	227.125 	 42.766 	 66.447
FHW13079	227.250 	 43.213 	 65.834
FHW13079	227.375 	 42.766 	 66.447
FHW13079	227.500 	 42.905 	 65.556
FHW13079	227.625 	 42.902 	 65.833
FHW13079	227.750 	 43.076 	 66.447
FHW13079	227.875 	 42.906 	 65.557
FHW13079	228.000 	 42.902 	 65.833
FHW13079	228.125 	 43.076 	 66.447
FHW13079	228.250 	 42.596 	 65.556
FHW13079	228.375 	 43.076 	 66.447
FHW13079	228.500 	 42.903 	 65.834
FHW13079	228.625 	 42.905 	 65.556
FHW13079	228.750 	 42.761 	 66.447
FHW13079	228.875 	 43.216 	 65.833
FHW13079	229.000 	 42.591 	 65.556
FHW13079	229.125 	 43.081 	 66.447
FHW13079	229.250 	 43.213 	 65.834
FHW13079	229.375 	 42.453 	 66.175
FHW13079	229.500 	 43.216 	 65.833
FHW13079	229.625 	 42.897 	 65.833
FHW13079	229.750 	 42.771 	 66.177
FHW13079	229.875 	 42.898 	 65.833
FHW13079	230.000 	 43.216 	 65.833
FHW13079	230.125 	 42.452 	 66.177
FHW13079	230.250 	 46.452 	 66.551
FHW13079	230.375 	 50.624 	 66.098
FHW13079	230.500 	 50.885 	 66.337
FHW13079	230.625 	 50.776 	 66.879
FHW13079	230.750 	 50.891 	 66.337
FHW13079	230.875 	 50.885 	 66.336
FHW13079	231.000 	 50.867 	 66.644
FHW13079	231.125 	 50.885 	 66.337
FHW13079	231.250 	 50.891 	 66.337
FHW13079	231.375 	 50.776 	 66.879
FHW13079	231.500 	 50.885 	 66.337
FHW13079	231.625 	 50.776 	 66.879
FHW13079	231.750 	 50.624 	 66.098
FHW13079	231.875 	 50.885 	 66.336
FHW13079	232.000 	 51.130 	 66.879
FHW13079	232.125 	 50.891 	 66.337
FHW13079	232.250 	 50.890 	 66.336
FHW13079	232.375 	 50.502 	 66.645
FHW13079	232.500 	 50.891 	 66.337
FHW13079	232.625 	 50.891 	 66.337
FHW13079	232.750 	 50.770 	 66.879
FHW13079	232.875 	 50.890 	 66.335
FHW13079	233.000 	 50.863 	 66.645
FHW13079	233.125 	 50.891 	 66.337
FHW13079	233.250 	 50.885 	 66.337
FHW13079	233.375 	 50.775 	 66.878
FHW13079	233.500 	 50.891 	 66.337
FHW13079	233.625 	 50.885 	 66.337
FHW13079	233.750 	 50.508 	 66.645
FHW13079	233.875 	 50.891 	 66.336
FHW13079	234.000 	 51.243 	 66.336
FHW13079	234.125 	 50.776 	 66.879
FHW13079	234.250 	 50.885 	 66.337
FHW13079	234.375 	 50.508 	 66.645
FHW13079	234.500 	 50.891 	 66.337
FHW13079	234.625 	 50.884 	 66.336
FHW13079	234.750 	 50.776 	 66.879
FHW13079	234.875 	 50.891 	 66.336
FHW13079	235.000 	 50.980 	 66.098
FHW13079	235.125 	 50.769 	 66.878
FHW13079	235.250 	 50.891 	 66.337
FHW13079	235.375 	 50.891 	 66.337
FHW13079	235.500 	 50.770 	 66.879
FHW13079	235.625 	 50.891 	 66.337
FHW13079	235.750 	 50.507 	 66.644
FHW13079	235.875 	 50.885 	 66.336
FHW13079	236.000 	 51.250 	 66.337
FHW13079	236.125 	 50.770 	 66.879
FHW13079	236.250 	 50.891 	 66.337
FHW13079	236.375 	 50.619 	 66.098
FHW13079	236.500 	 50.776 	 66.879
FHW13079	236.625 	 50.891 	 66.337
FHW13079	236.750 	 50.770 	 66.879
FHW13079	236.875 	 50.891 	 66.336
FHW13079	237.000 	 50.624 	 66.098
FHW13079	237.125 	 51.130 	 66.879
FHW13079	237.250 	 50.891 	 66.337
FHW13079	237.375 	 50.885 	 66.337
FHW13079	237.500 	 50.776 	 66.879
FHW13079	237.625 	 50.890 	 66.336
FHW13079	237.750 	 50.620 	 66.097
FHW13079	237.875 	 50.776 	 66.879
FHW13079	238.000 	 50.891 	 66.337
FHW13079	238.125 	 51.129 	 66.878
FHW13079	238.250 	 50.885 	 66.337
FHW13079	238.375 	 50.625 	 66.098
FHW13079	238.500 	 50.776 	 66.879
FHW13079	238.625 	 50.885 	 66.337
FHW13079	238.750 	 50.890 	 66.335
FHW13079	238.875 	 50.776 	 66.879
FHW13079	239.000 	 50.620 	 66.098
FHW13079	239.125 	 51.250 	 66.337
FHW13079	239.250 	 50.770 	 66.879
FHW13079	239.375 	 50.890 	 66.336
FHW13079	239.500 	 50.770 	 66.879
FHW13079	239.625 	 50.891 	 66.337
FHW13079	239.750 	 50.625 	 66.097
FHW13079	239.875 	 50.769 	 66.878
FHW13079	240.000 	 50.891 	 66.337
FHW13079	240.125 	 51.244 	 66.337
FHW13079	240.250 	 50.776 	 66.879
FHW13079	240.375 	 50.625 	 66.098
FHW13079	240.500 	 50.884 	 66.336
FHW13079	240.625 	 50.776 	 66.879
FHW13079	240.750 	 50.891 	 66.336
FHW13079	240.875 	 50.770 	 66.879
FHW13079	241.000 	 50.625 	 66.098
FHW13079	241.125 	 51.243 	 66.336
FHW13079	241.250 	 50.776 	 66.879
FHW13079	241.375 	 50.885 	 66.337
FHW13079	241.500 	 50.891 	 66.337
FHW13079	241.625 	 50.776 	 66.879
FHW13079	241.750 	 50.619 	 66.097
FHW13079	241.875 	 50.891 	 66.337
FHW13079	242.000 	 50.776 	 66.879
FHW13079	242.125 	 50.885 	 66.337
FHW13079	242.250 	 51.135 	 66.879
FHW13079	242.375 	 50.619 	 66.098
FHW13079	242.500 	 50.891 	 66.337
FHW13079	242.625 	 50.770 	 66.879
FHW13079	242.750 	 50.891 	 66.336
FHW13079	242.875 	 50.890 	 66.336
FHW13079	243.000 	 50.502 	 66.645
FHW13079	243.125 	 50.891 	 66.337
FHW13079	243.250 	 51.244 	 66.337
FHW13079	243.375 	 50.776 	 66.879
FHW13079	243.500 	 50.890 	 66.336
FHW13079	243.625 	 50.770 	 66.879
FHW13079	243.750 	 50.625 	 66.097
FHW13079	243.875 	 50.891 	 66.337
FHW13079	244.000 	 50.770 	 66.879
FHW13079	244.125 	 50.890 	 66.336
FHW13079	244.250 	 51.244 	 66.337
FHW13079	244.375 	 50.508 	 66.645
FHW13079	244.500 	 50.885 	 66.337
FHW13079	244.625 	 50.775 	 66.878
FHW13079	244.750 	 50.891 	 66.336
FHW13079	244.875 	 50.885 	 66.337
FHW13079	245.000 	 50.508 	 66.645
FHW13079	245.125 	 50.891 	 66.337
FHW13079	245.250 	 51.243 	 66.336
FHW13079	245.375 	 50.776 	 66.879
FHW13079	245.500 	 50.885 	 66.337
FHW13079	245.625 	 50.891 	 66.336
FHW13079	245.750 	 50.502 	 66.645
FHW13079	245.875 	 50.890 	 66.336
FHW13079	246.000 	 50.776 	 66.879
FHW13079	246.125 	 50.885 	 66.337
FHW13079	246.250 	 51.250 	 66.337
FHW13079	246.375 	 50.501 	 66.644
FHW13079	246.500 	 50.891 	 66.337
FHW13079	246.625 	 50.891 	 66.336
FHW13079	246.750 	 50.770 	 66.879
FHW13079	246.875 	 50.891 	 66.337
FHW13079	247.000 	 50.624 	 66.098
FHW13079	247.125 	 50.770 	 66.879
FHW13079	247.250 	 50.891 	 66.337
FHW13079	247.375 	 51.130 	 66.879
FHW13079	247.500 	 50.891 	 66.337
FHW13079	247.625 	 50.884 	 66.335
FHW13079	247.750 	 50.508 	 66.645
FHW13079	247.875 	 50.891 	 66.337
FHW13079	248.000 	 50.885 	 66.337
FHW13079	248.125 	 50.776 	 66.879
FHW13079	248.250 	 50.890 	 66.336
FHW13079	248.375 	 50.980 	 66.098
FHW13079	248.500 	 50.776 	 66.879
FHW13079	248.625 	 50.885 	 66.336
FHW13079	248.750 	 50.776 	 66.879
FHW13079	248.875 	 50.890 	 66.336
FHW13079	249.000 	 50.620 	 66.098
FHW13079	249.125 	 52.487 	 66.802
FHW13079	249.250 	 58.150 	 67.297
FHW13079	249.375 	 58.538 	 67.297
FHW13079	249.500 	 58.244 	 66.801
FHW13079	249.625 	 58.145 	 67.298
FHW13079	249.750 	 58.544 	 67.297
FHW13079	249.875 	 58.144 	 67.298
FHW13079	250.000 	 58.022 	 66.588
FHW13079	250.125 	 58.144 	 67.297
FHW13079	250.250 	 58.544 	 67.297
FHW13079	250.375 	 58.144 	 67.297
FHW13079	250.500 	 58.244 	 66.801
FHW13079	250.625 	 58.538 	 67.297
FHW13079	250.750 	 58.150 	 67.297
FHW13079	250.875 	 58.239 	 66.802
FHW13079	251.000 	 58.538 	 67.297
FHW13079	251.125 	 58.150 	 67.298
FHW13079	251.250 	 58.150 	 67.297
FHW13079	251.375 	 58.410 	 66.588
FHW13079	251.500 	 58.144 	 67.297
FHW13079	251.625 	 58.150 	 67.297
FHW13079	251.750 	 58.538 	 67.297
FHW13079	251.875 	 58.244 	 66.801
FHW13079	252.000 	 58.150 	 67.297
FHW13079	252.125 	 58.145 	 67.299
FHW13079	252.250 	 58.538 	 67.297
FHW13079	252.375 	 58.244 	 66.801
FHW13079	252.500 	 58.150 	 67.297
FHW13079	252.625 	 58.538 	 67.297
FHW13079	252.750 	 58.144 	 67.297
FHW13079	252.875 	 58.022 	 66.588
FHW13079	253.000 	 58.538 	 67.297
FHW13079	253.125 	 58.150 	 67.298
FHW13079	253.250 	 58.144 	 67.297
FHW13079	253.375 	 58.638 	 66.802
FHW13079	253.500 	 58.144 	 67.297
FHW13079	253.625 	 58.150 	 67.297
FHW13079	253.750 	 58.538 	 67.297
FHW13079	253.875 	 58.244 	 66.801
FHW13079	254.000 	 58.144 	 67.297
FHW13079	254.125 	 58.537 	 67.298
FHW13079	254.250 	 57.926 	 67.087
FHW13079	254.375 	 58.244 	 66.801
FHW13079	254.500 	 58.144 	 67.297
FHW13079	254.625 	 58.538 	 67.297
FHW13079	254.750 	 58.245 	 66.802
FHW13079	254.875 	 58.150 	 67.297
FHW13079	255.000 	 58.538 	 67.297
FHW13079	255.125 	 58.144 	 67.298
FHW13079	255.250 	 58.244 	 66.800
FHW13079	255.375 	 58.537 	 67.298
FHW13079	255.500 	 58.150 	 67.297
FHW13079	255.625 	 57.920 	 67.087
FHW13079	255.750 	 58.637 	 66.801
FHW13079	255.875 	 58.144 	 67.297
FHW13079	256.000 	 58.151 	 67.298
FHW13079	256.125 	 58.538 	 67.297
FHW13079	256.250 	 58.244 	 66.801
FHW13079	256.375 	 58.144 	 67.298
FHW13079	256.500 	 58.150 	 67.297
FHW13079	256.625 	 58.538 	 67.297
FHW13079	256.750 	 58.244 	 66.801
FHW13079	256.875 	 58.144 	 67.297
FHW13079	257.000 	 58.538 	 67.297
FHW13079	257.125 	 57.926 	 67.087
FHW13079	257.250 	 58.245 	 66.802
FHW13079	257.375 	 58.537 	 67.298
FHW13079	257.500 	 58.144 	 67.297
FHW13079	257.625 	 58.150 	 67.297
FHW13079	257.750 	 58.631 	 66.801
FHW13079	257.875 	 58.150 	 67.297
FHW13079	258.000 	 58.150 	 67.297
FHW13079	258.125 	 58.631 	 66.801
FHW13079	258.250 	 58.144 	 67.297
FHW13079	258.375 	 58.151 	 67.298
FHW13079	258.500 	 57.926 	 67.088
FHW13079	258.625 	 58.631 	 66.801
FHW13079	258.750 	 58.144 	 67.297
FHW13079	258.875 	 58.150 	 67.297
FHW13079	259.000 	 58.538 	 67.297
FHW13079	259.125 	 58.244 	 66.801
FHW13079	259.250 	 58.144 	 67.297
FHW13079	259.375 	 58.544 	 67.297
FHW13079	259.500 	 58.144 	 67.298
FHW13079	259.625 	 58.245 	 66.802
FHW13079	259.750 	 58.538 	 67.297
FHW13079	259.875 	 57.926 	 67.087
FHW13079	260.000 	 58.144 	 67.297
FHW13079	260.125 	 58.631 	 66.801
FHW13079	260.250 	 58.150 	 67.297
FHW13079	260.375 	 58.151 	 67.298
FHW13079	260.500 	 58.537 	 67.298
FHW13079	260.625 	 58.238 	 66.800
FHW13079	260.750 	 58.150 	 67.298
FHW13079	260.875 	 58.150 	 67.297
FHW13079	261.000 	 58.538 	 67.297
FHW13079	261.125 	 58.238 	 66.801
FHW13079	261.250 	 58.150 	 67.297
FHW13079	261.375 	 58.315 	 67.087
FHW13079	261.500 	 58.244 	 66.801
FHW13079	261.625 	 58.144 	 67.297
FHW13079	261.750 	 58.543 	 67.298
FHW13079	261.875 	 58.144 	 67.297
FHW13079	262.000 	 58.244 	 66.801
FHW13079	262.125 	 58.538 	 67.297
FHW13079	262.250 	 58.150 	 67.297
FHW13079	262.375 	 58.144 	 67.297
FHW13079	262.500 	 58.631 	 66.801
FHW13079	262.625 	 58.150 	 67.297
FHW13079	262.750 	 57.926 	 67.088
FHW13079	262.875 	 58.146 	 67.298
FHW13079	263.000 	 58.631 	 66.801
FHW13079	263.125 	 58.150 	 67.297
FHW13079	263.250 	 58.150 	 67.297
FHW13079	263.375 	 58.538 	 67.297
FHW13079	263.500 	 58.238 	 66.801
FHW13079	263.625 	 58.150 	 67.297
FHW13079	263.750 	 58.537 	 67.298
FHW13079	263.875 	 58.150 	 67.297
FHW13079	264.000 	 58.244 	 66.801
FHW13079	264.125 	 58.315 	 67.087
FHW13079	264.250 	 58.144 	 67.297
FHW13079	264.375 	 58.150 	 67.297
FHW13079	264.500 	 58.631 	 66.801
FHW13079	264.625 	 58.150 	 67.297
FHW13079	264.750 	 58.144 	 67.297
FHW13079	264.875 	 58.244 	 66.801
FHW13079	265.000 	 58.538 	 67.297
FHW13079	265.125 	 58.150 	 67.297
FHW13079	265.250 	 58.145 	 67.300
FHW13079	265.375 	 58.637 	 66.800
FHW13079	265.500 	 58.144 	 67.299
FHW13079	265.625 	 57.926 	 67.087
FHW13079	265.750 	 58.538 	 67.297
FHW13079	265.875 	 58.244 	 66.801
FHW13079	266.000 	 58.144 	 67.297
FHW13079	266.125 	 58.538 	 67.297
FHW13079	266.250 	 58.150 	 67.297
FHW13079	266.375 	 58.244 	 66.801
FHW13079	266.500 	 58.538 	 67.297
FHW13079	266.625 	 58.144 	 67.297
FHW13079	266.750 	 58.150 	 67.297
FHW13079	266.875 	 58.244 	 66.801
FHW13079	267.000 	 58.315 	 67.087
FHW13079	267.125 	 58.144 	 67.297
FHW13079	267.250 	 58.150 	 67.297
FHW13079	267.375 	 58.631 	 66.801
FHW13079	267.500 	 58.150 	 67.299
FHW13079	267.625 	 58.144 	 67.297
FHW13079	267.750 	 58.544 	 67.297
FHW13079	267.875 	 58.240 	 66.803
FHW13079	268.000 	 64.290 	 68.008
FHW13079	268.125 	 66.389 	 67.919
FHW13079	268.250 	 66.042 	 67.457
FHW13079	268.375 	 66.218 	 67.731
FHW13079	268.500 	 65.972 	 67.919
FHW13079	268.625 	 66.389 	 67.920
FHW13079	268.750 	 65.973 	 67.919
FHW13079	268.875 	 66.388 	 67.919
FHW13079	269.000 	 65.800 	 67.731
FHW13079	269.125 	 66.389 	 67.920
FHW13079	269.250 	 65.972 	 67.919
FHW13079	269.375 	 66.389 	 67.919
FHW13079	269.500 	 65.965 	 67.919
FHW13079	269.625 	 66.224 	 67.731
FHW13079	269.750 	 66.389 	 67.920
FHW13079	269.875 	 65.972 	 67.919
FHW13079	270.000 	 66.389 	 67.919
FHW13079	270.125 	 65.967 	 67.920
FHW13079	270.250 	 66.223 	 67.729
FHW13079	270.375 	 65.967 	 67.920
FHW13079	270.500 	 66.388 	 67.919
FHW13079	270.625 	 65.973 	 67.919
FHW13079	270.750 	 66.389 	 67.920
FHW13079	270.875 	 65.798 	 67.729
FHW13079	271.000 	 66.458 	 67.458
FHW13079	271.125 	 65.972 	 67.919
FHW13079	271.250 	 66.389 	 67.919
FHW13079	271.375 	 65.973 	 67.920
FHW13079	271.500 	 66.216 	 67.729
FHW13079	271.625 	 65.973 	 67.920
FHW13079	271.750 	 66.389 	 67.920
FHW13079	271.875 	 65.966 	 67.917
FHW13079	272.000 	 66.395 	 67.920
FHW13079	272.125 	 65.792 	 67.729
FHW13079	272.250 	 66.389 	 67.920
FHW13079	272.375 	 65.973 	 67.920
FHW13079	272.500 	 66.388 	 67.917
FHW13079	272.625 	 65.973 	 67.920
FHW13079	272.750 	 66.216 	 67.729
FHW13079	272.875 	 65.973 	 67.920
FHW13079	273.000 	 66.389 	 67.920
FHW13079	273.125 	 65.972 	 67.917
FHW13079	273.250 	 66.389 	 67.920
FHW13079	273.375 	 65.800 	 67.731
FHW13079	273.500 	 66.388 	 67.919
FHW13079	273.625 	 66.037 	 67.458
FHW13079	273.750 	 66.394 	 67.917
FHW13079	273.875 	 65.967 	 67.920
FHW13079	274.000 	 66.224 	 67.731
FHW13079	274.125 	 65.965 	 67.919
FHW13079	274.250 	 66.389 	 67.920
FHW13079	274.375 	 65.973 	 67.919
FHW13079	274.500 	 66.388 	 67.919
FHW13079	274.625 	 65.800 	 67.731
FHW13079	274.750 	 66.388 	 67.919
FHW13079	274.875 	 65.973 	 67.920
FHW13079	275.000 	 66.389 	 67.919
FHW13079	275.125 	 65.972 	 67.919
FHW13079	275.250 	 66.218 	 67.731
FHW13079	275.375 	 65.972 	 67.919
FHW13079	275.500 	 66.389 	 67.920
FHW13079	275.625 	 65.967 	 67.919
FHW13079	275.750 	 66.394 	 67.919
FHW13079	275.875 	 65.793 	 67.731
FHW13079	276.000 	 66.389 	 67.920
FHW13079	276.125 	 65.972 	 67.919
FHW13079	276.250 	 66.389 	 67.920
FHW13079	276.375 	 66.043 	 67.455
FHW13079	276.500 	 66.218 	 67.731
FHW13079	276.625 	 65.973 	 67.920
FHW13079	276.750 	 66.388 	 67.919
FHW13079	276.875 	 65.973 	 67.919
FHW13079	277.000 	 66.389 	 67.920
FHW13079	277.125 	 65.798 	 67.729
FHW13079	277.250 	 66.389 	 67.920
FHW13079	277.375 	 65.965 	 67.919
FHW13079	277.500 	 66.396 	 67.919
FHW13079	277.625 	 65.967 	 67.920
FHW13079	277.750 	 66.223 	 67.729
FHW13079	277.875 	 65.967 	 67.920
FHW13079	278.000 	 66.388 	 67.919
FHW13079	278.125 	 65.973 	 67.919
FHW13079	278.250 	 66.389 	 67.920
FHW13079	278.375 	 65.798 	 67.729
FHW13079	278.500 	 66.389 	 67.920
FHW13079	278.625 	 65.973 	 67.920
FHW13079	278.750 	 66.388 	 67.919
FHW13079	278.875 	 65.973 	 67.919
FHW13079	279.000 	 66.287 	 67.264
FHW13079	279.125 	 65.967 	 67.920
FHW13079	279.250 	 66.395 	 67.920
FHW13079	279.375 	 65.966 	 67.917
FHW13079	279.500 	 66.395 	 67.920
FHW13079	279.625 	 65.792 	 67.729
FHW13079	279.750 	 66.389 	 67.920
FHW13079	279.875 	 65.973 	 67.920
FHW13079	280.000 	 66.388 	 67.917
FHW13079	280.125 	 65.973 	 67.920
FHW13079	280.250 	 66.218 	 67.731
FHW13079	280.375 	 65.972 	 67.919
FHW13079	280.500 	 66.389 	 67.920
FHW13079	280.625 	 65.972 	 67.917
FHW13079	280.750 	 66.389 	 67.920
FHW13079	280.875 	 65.800 	 67.731
FHW13079	281.000 	 66.388 	 67.919
FHW13079	281.125 	 65.967 	 67.920
FHW13079	281.250 	 66.395 	 67.920
FHW13079	281.375 	 65.966 	 67.917
FHW13079	281.500 	 66.218 	 67.731
FHW13079	281.625 	 65.972 	 67.919
FHW13079	281.750 	 66.458 	 67.458
FHW13079	281.875 	 65.973 	 67.919
FHW13079	282.000 	 66.388 	 67.919
FHW13079	282.125 	 65.800 	 67.731
FHW13079	282.250 	 66.388 	 67.919
FHW13079	282.375 	 65.973 	 67.920
FHW13079	282.500 	 66.389 	 67.919
FHW13079	282.625 	 65.972 	 67.919
FHW13079	282.750 	 66.218 	 67.731
FHW13079	282.875 	 65.967 	 67.920
FHW13079	283.000 	 66.394 	 67.919
FHW13079	283.125 	 65.967 	 67.920
FHW13079	283.250 	 66.394 	 67.917
FHW13079	283.375 	 65.793 	 67.731
FHW13079	283.500 	 66.389 	 67.920
FHW13079	283.625 	 65.972 	 67.919
FHW13079	283.750 	 66.389 	 67.920
FHW13079	283.875 	 65.972 	 67.917
FHW13079	284.000 	 66.218 	 67.731
FHW13079	284.125 	 65.973 	 67.920
FHW13079	284.250 	 66.388 	 67.919
FHW13079	284.375 	 66.044 	 67.456
FHW13079	284.500 	 66.389 	 67.920
FHW13079	284.625 	 65.792 	 67.729
FHW13079	284.750 	 66.395 	 67.920
FHW13079	284.875 	 65.965 	 67.919
FHW13079	285.000 	 66.396 	 67.919
FHW13079	285.125 	 65.967 	 67.920
FHW13079	285.250 	 66.216 	 67.729
FHW13079	285.375 	 65.973 	 67.920
FHW13079	285.500 	 66.388 	 67.919
FHW13079	285.625 	 65.973 	 67.920
FHW13079	285.750 	 66.389 	 67.919
FHW13079	285.875 	 65.798 	 67.729
FHW13079	286.000 	 66.389 	 67.920
FHW13079	286.125 	 65.973 	 67.920
FHW13079	286.250 	 66.388 	 67.919
FHW13079	286.375 	 65.973 	 67.919
FHW13079	286.500 	 66.216 	 67.729
FHW13079	286.625 	 65.967 	 67.920
FHW13079	286.750 	 69.760 	 67.835
FHW13079	286.875 	 74.202 	 67.490
FHW13079	287.000 	 74.752 	 67.671
FHW13079	287.125 	 74.154 	 67.933
FHW13079	287.250 	 74.759 	 67.671
FHW13079	287.375 	 74.147 	 67.933
FHW13079	287.500 	 74.647 	 67.490
FHW13079	287.625 	 74.309 	 67.672
FHW13079	287.750 	 74.601 	 67.931
FHW13079	287.875 	 74.195 	 67.490
FHW13079	288.000 	 74.713 	 68.111
FHW13079	288.125 	 74.202 	 67.490
FHW13079	288.250 	 74.594 	 67.933
FHW13079	288.375 	 74.316 	 67.671
FHW13079	288.500 	 74.640 	 67.491
FHW13079	288.625 	 74.154 	 67.931
FHW13079	288.750 	 74.752 	 67.672
FHW13079	288.875 	 74.154 	 67.931
FHW13079	289.000 	 74.640 	 67.490
FHW13079	289.125 	 74.316 	 67.672
FHW13079	289.250 	 74.154 	 67.931
FHW13079	289.375 	 74.640 	 67.491
FHW13079	289.500 	 74.270 	 68.109
FHW13079	289.625 	 74.640 	 67.491
FHW13079	289.750 	 74.154 	 67.931
FHW13079	289.875 	 74.752 	 67.671
FHW13079	290.000 	 74.201 	 67.491
FHW13079	290.125 	 74.594 	 67.931
FHW13079	290.250 	 74.316 	 67.672
FHW13079	290.375 	 74.594 	 67.931
FHW13079	290.500 	 74.316 	 67.672
FHW13079	290.625 	 74.640 	 67.490
FHW13079	290.750 	 74.154 	 67.933
FHW13079	290.875 	 74.759 	 67.671
FHW13079	291.000 	 74.147 	 67.931
FHW13079	291.125 	 74.647 	 67.491
FHW13079	291.250 	 74.310 	 67.671
FHW13079	291.375 	 74.601 	 67.933
FHW13079	291.500 	 74.195 	 67.490
FHW13079	291.625 	 74.714 	 68.113
FHW13079	291.750 	 74.201 	 67.488
FHW13079	291.875 	 74.594 	 67.933
FHW13079	292.000 	 74.317 	 67.672
FHW13079	292.125 	 74.640 	 67.490
FHW13079	292.250 	 74.154 	 67.933
FHW13079	292.375 	 74.752 	 67.671
FHW13079	292.500 	 74.154 	 67.933
FHW13079	292.625 	 74.640 	 67.490
FHW13079	292.750 	 74.316 	 67.671
FHW13079	292.875 	 74.594 	 67.933
FHW13079	293.000 	 74.202 	 67.490
FHW13079	293.125 	 74.707 	 68.111
FHW13079	293.250 	 74.202 	 67.490
FHW13079	293.375 	 74.640 	 67.491
FHW13079	293.500 	 74.270 	 68.109
FHW13079	293.625 	 74.647 	 67.491
FHW13079	293.750 	 74.147 	 67.931
FHW13079	293.875 	 74.316 	 67.671
FHW13079	294.000 	 74.594 	 67.933
FHW13079	294.125 	 74.316 	 67.671
FHW13079	294.250 	 74.640 	 67.491
FHW13079	294.375 	 74.154 	 67.931
FHW13079	294.500 	 74.759 	 67.672
FHW13079	294.625 	 74.147 	 67.931
FHW13079	294.750 	 74.647 	 67.490
FHW13079	294.875 	 74.309 	 67.672
FHW13079	295.000 	 74.601 	 67.931
FHW13079	295.125 	 74.201 	 67.491
FHW13079	295.250 	 74.707 	 68.109
FHW13079	295.375 	 74.201 	 67.491
FHW13079	295.500 	 74.594 	 67.931
FHW13079	295.625 	 74.316 	 67.672
FHW13079	295.750 	 74.640 	 67.490
FHW13079	295.875 	 74.154 	 67.931
FHW13079	296.000 	 74.752 	 67.672
FHW13079	296.125 	 74.154 	 67.931
FHW13079	296.250 	 74.640 	 67.491
FHW13079	296.375 	 74.316 	 67.671
FHW13079	296.500 	 74.594 	 67.933
FHW13079	296.625 	 74.202 	 67.490
FHW13079	296.750 	 74.707 	 68.109
FHW13079	296.875 	 74.201 	 67.491
FHW13079	297.000 	 74.640 	 67.490
FHW13079	297.125 	 74.270 	 68.111
FHW13079	297.250 	 74.647 	 67.490
FHW13079	297.375 	 74.263 	 68.111
FHW13079	297.500 	 74.647 	 67.490
FHW13079	297.625 	 74.147 	 67.933
FHW13079	297.750 	 74.759 	 67.671
FHW13079	297.875 	 74.195 	 67.490
FHW13079	298.000 	 74.601 	 67.933
FHW13079	298.125 	 74.316 	 67.671
FHW13079	298.250 	 74.147 	 67.933
FHW13079	298.375 	 74.647 	 67.490
FHW13079	298.500 	 74.310 	 67.671
FHW13079	298.625 	 74.601 	 67.933
FHW13079	298.750 	 74.202 	 67.490
FHW13079	298.875 	 74.707 	 68.111
FHW13079	299.000 	 74.202 	 67.490
FHW13079	299.125 	 74.594 	 67.933
FHW13079	299.250 	 74.317 	 67.672
FHW13079	299.375 	 74.640 	 67.491
FHW13079	299.500 	 74.154 	 67.931
FHW13079	299.625 	 74.752 	 67.671
FHW13079	299.750 	 74.154 	 67.933
FHW13079	299.875 	 74.640 	 67.490
FHW13079	300.000 	 74.316 	 67.672
FHW13079	300.125 	 74.594 	 67.931
FHW13079	300.250 	 74.201 	 67.491
FHW13079	300.375 	 74.707 	 68.109
FHW13079	300.500 	 74.202 	 67.490
FHW13079	300.625 	 74.640 	 67.491
FHW13079	300.750 	 74.270 	 68.109
FHW13079	300.875 	 74.647 	 67.491
FHW13079	301.000 	 74.263 	 68.109
FHW13079	301.125 	 74.647 	 67.491
FHW13079	301.250 	 74.147 	 67.931
FHW13079	301.375 	 74.759 	 67.672
FHW13079	301.500 	 74.195 	 67.490
FHW13079	301.625 	 74.601 	 67.931
FHW13079	301.750 	 74.316 	 67.672
FHW13079	301.875 	 74.594 	 67.931
FHW13079	302.000 	 74.201 	 67.491
FHW13079	302.125 	 74.752 	 67.671
FHW13079	302.250 	 74.154 	 67.933
FHW13079	302.375 	 74.640 	 67.490
FHW13079	302.500 	 74.270 	 68.111
FHW13079	302.625 	 74.640 	 67.490
FHW13079	302.750 	 74.154 	 67.931
FHW13079	302.875 	 74.316 	 67.672
FHW13079	303.000 	 74.640 	 67.490
FHW13079	303.125 	 74.154 	 67.933
FHW13079	303.250 	 74.752 	 67.671
FHW13079	303.375 	 74.154 	 67.933
FHW13079	303.500 	 74.640 	 67.490
FHW13079	303.625 	 74.316 	 67.671
FHW13079	303.750 	 74.594 	 67.933
FHW13079	303.875 	 74.202 	 67.490
FHW13079	304.000 	 74.707 	 68.111
FHW13079	304.125 	 74.202 	 67.490
FHW13079	304.250 	 74.640 	 67.491
FHW13079	304.375 	 74.270 	 68.109
FHW13079	304.500 	 74.647 	 67.490
FHW13079	304.625 	 74.263 	 68.111
FHW13079	304.750 	 74.647 	 67.490
FHW13079	304.875 	 74.147 	 67.933
FHW13079	305.000 	 74.759 	 67.671
FHW13079	305.125 	 74.195 	 67.491
FHW13079	305.250 	 74.601 	 67.931
FHW13079	305.375 	 74.316 	 67.671
FHW13079	305.500 	 74.594 	 67.933
FHW13079	305.625 	 76.084 	 67.671
FHW13079	305.750 	 83.108 	 66.742
FHW13079	305.875 	 83.086 	 67.166
FHW13079	306.000 	 83.136 	 67.344
FHW13079	306.125 	 83.086 	 67.168
FHW13079	306.250 	 83.086 	 67.167
FHW13079	306.375 	 82.627 	 67.166
FHW13079	306.500 	 83.136 	 67.344
FHW13079	306.625 	 83.086 	 67.166
FHW13079	306.750 	 83.086 	 67.166
FHW13079	306.875 	 83.108 	 66.742
FHW13079	307.000 	 83.086 	 67.166
FHW13079	307.125 	 83.136 	 67.344
FHW13079	307.250 	 83.086 	 67.166
FHW13079	307.375 	 83.086 	 67.167
FHW13079	307.500 	 83.086 	 67.166
FHW13079	307.625 	 83.136 	 67.344
FHW13079	307.750 	 83.086 	 67.168
FHW13079	307.875 	 83.086 	 67.166
FHW13079	308.000 	 83.086 	 67.167
FHW13079	308.125 	 83.151 	 66.921
FHW13079	308.250 	 82.634 	 67.166
FHW13079	308.375 	 83.086 	 67.166
FHW13079	308.500 	 83.086 	 67.167
FHW13079	308.625 	 83.136 	 67.344
FHW13079	308.750 	 83.086 	 67.166
FHW13079	308.875 	 83.086 	 67.166
FHW13079	309.000 	 83.086 	 67.166
FHW13079	309.125 	 83.137 	 67.346
FHW13079	309.250 	 83.086 	 67.166
FHW13079	309.375 	 83.107 	 66.741
FHW13079	309.500 	 83.079 	 67.168
FHW13079	309.625 	 83.086 	 67.167
FHW13079	309.750 	 83.136 	 67.344
FHW13079	309.875 	 83.086 	 67.166
FHW13079	310.000 	 83.086 	 67.166
FHW13079	310.125 	 83.086 	 67.166
FHW13079	310.250 	 82.688 	 67.346
FHW13079	310.375 	 83.086 	 67.166
FHW13079	310.500 	 83.107 	 66.741
FHW13079	310.625 	 83.086 	 67.166
FHW13079	310.750 	 83.137 	 67.346
FHW13079	310.875 	 83.086 	 67.166
FHW13079	311.000 	 83.079 	 67.166
FHW13079	311.125 	 83.086 	 67.168
FHW13079	311.250 	 83.137 	 67.346
FHW13079	311.375 	 83.086 	 67.166
FHW13079	311.500 	 83.086 	 67.166
FHW13079	311.625 	 83.086 	 67.166
FHW13079	311.750 	 83.158 	 66.921
FHW13079	311.875 	 83.086 	 67.167
FHW13079	312.000 	 83.086 	 67.166
FHW13079	312.125 	 82.634 	 67.166
FHW13079	312.250 	 83.086 	 67.166
FHW13079	312.375 	 83.137 	 67.346
FHW13079	312.500 	 83.079 	 67.166
FHW13079	312.625 	 83.086 	 67.166
FHW13079	312.750 	 83.086 	 67.168
FHW13079	312.875 	 83.136 	 67.344
FHW13079	313.000 	 83.108 	 66.742
FHW13079	313.125 	 83.086 	 67.166
FHW13079	313.250 	 83.086 	 67.166
FHW13079	313.375 	 83.136 	 67.344
FHW13079	313.500 	 83.086 	 67.167
FHW13079	313.625 	 83.086 	 67.166
FHW13079	313.750 	 83.086 	 67.166
FHW13079	313.875 	 83.136 	 67.344
FHW13079	314.000 	 82.627 	 67.167
FHW13079	314.125 	 83.107 	 66.741
FHW13079	314.250 	 83.086 	 67.166
FHW13079	314.375 	 83.136 	 67.344
FHW13079	314.500 	 83.086 	 67.166
FHW13079	314.625 	 83.086 	 67.169
FHW13079	314.750 	 83.086 	 67.166
FHW13079	314.875 	 83.086 	 67.166
FHW13079	315.000 	 83.136 	 67.344
FHW13079	315.125 	 83.086 	 67.167
FHW13079	315.250 	 83.086 	 67.166
FHW13079	315.375 	 83.107 	 66.741
FHW13079	315.500 	 83.136 	 67.344
FHW13079	315.625 	 83.086 	 67.166
FHW13079	315.750 	 83.086 	 67.167
FHW13079	315.875 	 82.627 	 67.166
FHW13079	316.000 	 83.136 	 67.344
FHW13079	316.125 	 83.086 	 67.166
FHW13079	316.250 	 83.086 	 67.169
FHW13079	316.375 	 83.086 	 67.166
FHW13079	316.500 	 83.136 	 67.344
FHW13079	316.625 	 83.107 	 66.741
FHW13079	316.750 	 83.086 	 67.166
FHW13079	316.875 	 83.086 	 67.167
FHW13079	317.000 	 83.136 	 67.344
FHW13079	317.125 	 83.086 	 67.166
FHW13079	317.250 	 83.086 	 67.166
FHW13079	317.375 	 83.086 	 67.167
FHW13079	317.500 	 83.086 	 67.166
FHW13079	317.625 	 83.136 	 67.344
FHW13079	317.750 	 82.650 	 66.741
FHW13079	317.875 	 83.086 	 67.166
FHW13079	318.000 	 83.086 	 67.167
FHW13079	318.125 	 83.136 	 67.346
FHW13079	318.250 	 83.086 	 67.166
FHW13079	318.375 	 83.086 	 67.166
FHW13079	318.500 	 83.086 	 67.167
FHW13079	318.625 	 83.136 	 67.344
FHW13079	318.750 	 83.086 	 67.166
FHW13079	318.875 	 83.086 	 67.166
FHW13079	319.000 	 83.107 	 66.741
FHW13079	319.125 	 83.137 	 67.346
FHW13079	319.250 	 83.086 	 67.166
FHW13079	319.375 	 83.086 	 67.166
FHW13079	319.500 	 83.086 	 67.166
FHW13079	319.625 	 83.137 	 67.346
FHW13079	319.750 	 82.626 	 67.168
FHW13079	319.875 	 83.086 	 67.166
FHW13079	320.000 	 83.086 	 67.166
FHW13079	320.125 	 83.086 	 67.166
FHW13079	320.250 	 83.158 	 66.923
FHW13079	320.375 	 83.086 	 67.166
FHW13079	320.500 	 83.086 	 67.166
FHW13079	320.625 	 83.086 	 67.166
FHW13079	320.750 	 83.137 	 67.346
FHW13079	320.875 	 83.086 	 67.166
FHW13079	321.000 	 83.086 	 67.166
FHW13079	321.125 	 83.086 	 67.166
FHW13079	321.250 	 83.137 	 67.346
FHW13079	321.375 	 83.100 	 66.741
FHW13079	321.500 	 83.086 	 67.168
FHW13079	321.625 	 82.634 	 67.166
FHW13079	321.750 	 83.136 	 67.344
FHW13079	321.875 	 83.086 	 67.167
FHW13079	322.000 	 83.086 	 67.166
FHW13079	322.125 	 83.086 	 67.166
FHW13079	322.250 	 83.136 	 67.344
FHW13079	322.375 	 83.086 	 67.167
FHW13079	322.500 	 83.086 	 67.166
FHW13079	322.625 	 83.107 	 66.741
FHW13079	322.750 	 83.136 	 67.344
FHW13079	322.875 	 83.079 	 67.166
FHW13079	323.000 	 83.086 	 67.167
FHW13079	323.125 	 83.086 	 67.168
FHW13079	323.250 	 83.086 	 67.166
FHW13079	323.375 	 83.136 	 67.344
FHW13079	323.500 	 82.634 	 67.167
FHW13079	323.625 	 83.086 	 67.166
FHW13079	323.750 	 83.086 	 67.166
FHW13079	323.875 	 83.158 	 66.921
FHW13079	324.000 	 83.086 	 67.167
FHW13079	324.125 	 83.086 	 67.166
FHW13079	324.250 	 83.079 	 67.166
FHW13079	324.375 	 83.136 	 67.344
FHW13079	324.500 	 88.619 	 66.741
FHW13079	324.625 	 90.000 	 66.503
FHW13079	324.750 	 90.000 	 66.921
FHW13079	324.875 	 90.000 	 66.318
FHW13079	325.000 	 90.000 	 66.501
FHW13079	325.125 	 90.000 	 66.921
FHW13079	325.250 	 90.457 	 66.318
FHW13079	325.375 	 90.000 	 66.921
FHW13079	325.500 	 90.000 	 66.503
FHW13079	325.625 	 90.000 	 66.921
FHW13079	325.750 	 90.000 	 66.318
FHW13079	325.875 	 90.000 	 66.501
FHW13079	326.000 	 90.000 	 66.923
FHW13079	326.125 	 90.000 	 66.316
FHW13079	326.250 	 90.000 	 66.921
FHW13079	326.375 	 90.000 	 66.501
FHW13079	326.500 	 90.000 	 66.923
FHW13079	326.625 	 90.464 	 66.318
FHW13079	326.750 	 90.000 	 66.501
FHW13079	326.875 	 90.000 	 66.921
FHW13079	327.000 	 90.000 	 66.318
FHW13079	327.125 	 90.000 	 66.921
FHW13079	327.250 	 90.000 	 66.501
FHW13079	327.375 	 90.000 	 66.921
FHW13079	327.500 	 90.000 	 66.319
FHW13079	327.625 	 90.000 	 66.501
FHW13079	327.750 	 90.000 	 66.921
FHW13079	327.875 	 90.000 	 66.316
FHW13079	328.000 	 90.455 	 66.923
FHW13079	328.125 	 90.000 	 66.501
FHW13079	328.250 	 90.000 	 66.921
FHW13079	328.375 	 90.000 	 66.318
FHW13079	328.500 	 90.000 	 66.923
FHW13079	328.625 	 90.000 	 66.501
FHW13079	328.750 	 90.000 	 66.316
FHW13079	328.875 	 90.000 	 66.921
FHW13079	329.000 	 90.000 	 66.503
FHW13079	329.125 	 90.000 	 66.921
FHW13079	329.250 	 90.000 	 66.318
FHW13079	329.375 	 90.000 	 66.923
FHW13079	329.500 	 90.460 	 66.501
FHW13079	329.625 	 90.000 	 66.316
FHW13079	329.750 	 90.000 	 66.921
FHW13079	329.875 	 90.000 	 66.503
FHW13079	330.000 	 90.000 	 66.921
FHW13079	330.125 	 90.000 	 66.318
FHW13079	330.250 	 90.000 	 66.921
FHW13079	330.375 	 90.000 	 66.503
FHW13079	330.500 	 90.000 	 66.316
FHW13079	330.625 	 90.000 	 66.921
FHW13079	330.750 	 90.000 	 66.501
FHW13079	330.875 	 90.462 	 66.923
FHW13079	331.000 	 90.000 	 66.318
FHW13079	331.125 	 90.000 	 66.921
FHW13079	331.250 	 90.000 	 66.501
FHW13079	331.375 	 90.000 	 66.319
FHW13079	331.500 	 90.000 	 66.920
FHW13079	331.625 	 90.000 	 66.501
FHW13079	331.750 	 90.000 	 66.923
FHW13079	331.875 	 90.000 	 66.318
FHW13079	332.000 	 90.000 	 66.921
FHW13079	332.125 	 90.000 	 66.501
FHW13079	332.250 	 90.000 	 66.318
FHW13079	332.375 	 90.455 	 66.921
FHW13079	332.500 	 90.000 	 66.501
FHW13079	332.625 	 90.000 	 66.921
FHW13079	332.750 	 90.000 	 66.319
FHW13079	332.875 	 90.000 	 66.921
FHW13079	333.000 	 90.000 	 66.501
FHW13079	333.125 	 90.000 	 66.318
FHW13079	333.250 	 90.000 	 66.921
FHW13079	333.375 	 92.285 	 66.501
FHW13079	333.500 	 93.675 	 66.318
FHW13079	333.625 	 93.675 	 66.318
FHW13079	333.750 	 93.667 	 66.923
FHW13079	333.875 	 93.675 	 66.318
FHW13079	334.000 	 93.675 	 66.316
FHW13079	334.125 	 93.648 	 66.503
FHW13079	334.250 	 94.137 	 66.318
FHW13079	334.375 	 93.682 	 66.318
FHW13079	334.500 	 93.649 	 66.500
FHW13079	334.625 	 93.686 	 66.743
FHW13079	334.750 	 93.675 	 66.316
FHW13079	334.875 	 93.656 	 66.500
FHW13079	335.000 	 93.675 	 66.318
FHW13079	335.125 	 93.675 	 66.321
FHW13079	335.250 	 93.656 	 66.500
FHW13079	335.375 	 93.675 	 66.316
FHW13079	335.500 	 93.687 	 66.741
FHW13079	335.625 	 93.648 	 66.503
FHW13079	335.750 	 94.137 	 66.318
FHW13079	335.875 	 93.682 	 66.318
FHW13079	336.000 	 93.648 	 66.503
FHW13079	336.125 	 93.675 	 66.316
FHW13079	336.250 	 93.675 	 66.318
FHW13079	336.375 	 93.667 	 66.923
FHW13079	336.500 	 93.675 	 66.318
FHW13079	336.625 	 93.675 	 66.318
FHW13079	336.750 	 93.655 	 66.501
FHW13079	336.875 	 93.675 	 66.318
FHW13079	337.000 	 93.675 	 66.318
FHW13079	337.125 	 93.649 	 66.500
FHW13079	337.250 	 93.693 	 66.743
FHW13079	337.375 	 94.137 	 66.318
FHW13079	337.500 	 93.675 	 66.316
FHW13079	337.625 	 93.649 	 66.500
FHW13079	337.750 	 93.675 	 66.318
FHW13079	337.875 	 93.682 	 66.321
FHW13079	338.000 	 93.660 	 66.920
FHW13079	338.125 	 93.675 	 66.318
FHW13079	338.250 	 93.682 	 66.316
FHW13079	338.375 	 93.648 	 66.503
FHW13079	338.500 	 93.675 	 66.318
FHW13079	338.625 	 93.675 	 66.318
FHW13079	338.750 	 93.655 	 66.503
FHW13079	338.875 	 93.687 	 66.741
FHW13079	339.000 	 93.675 	 66.316
FHW13079	339.125 	 94.106 	 66.503
FHW13079	339.250 	 93.675 	 66.318
FHW13079	339.375 	 93.682 	 66.318
FHW13079	339.500 	 93.648 	 66.503
FHW13079	339.625 	 93.675 	 66.316
FHW13079	339.750 	 93.694 	 66.741
FHW13079	339.875 	 93.649 	 66.500
FHW13079	340.000 	 93.675 	 66.321
FHW13079	340.125 	 93.675 	 66.318
FHW13079	340.250 	 93.655 	 66.498
FHW13079	340.375 	 94.123 	 65.898
FHW13079	340.500 	 93.675 	 66.321
FHW13079	340.625 	 93.675 	 66.318
FHW13079	340.750 	 93.675 	 66.318
FHW13079	340.875 	 93.655 	 66.498
FHW13079	341.000 	 93.675 	 66.318
FHW13079	341.125 	 93.675 	 66.321
FHW13079	341.250 	 94.123 	 65.898
FHW13079	341.375 	 93.675 	 66.316
FHW13079	341.500 	 93.656 	 66.500
FHW13079	341.625 	 93.675 	 66.321
FHW13079	341.750 	 93.675 	 66.318
FHW13079	341.875 	 93.682 	 66.318
FHW13079	342.000 	 94.129 	 66.316
FHW13079	342.125 	 93.656 	 66.500
FHW13079	342.250 	 93.663 	 65.901
FHW13079	342.375 	 93.675 	 66.318
FHW13079	342.500 	 93.682 	 66.316
FHW13079	342.625 	 93.675 	 66.318
FHW13079	342.750 	 93.648 	 66.503
FHW13079	342.875 	 94.137 	 66.318
FHW13079	343.000 	 93.675 	 66.318
FHW13079	343.125 	 93.675 	 66.316
FHW13079	343.250 	 93.670 	 65.898
FHW13079	343.375 	 93.648 	 66.503
FHW13079	343.500 	 93.675 	 66.318
FHW13079	343.625 	 94.136 	 66.316
FHW13079	343.750 	 93.675 	 66.318
FHW13079	343.875 	 93.682 	 66.318
FHW13079	344.000 	 93.648 	 66.503
FHW13079	344.125 	 93.663 	 65.898
FHW13079	344.250 	 93.682 	 66.316
FHW13079	344.375 	 93.675 	 66.318
FHW13079	344.500 	 94.137 	 66.318
FHW13079	344.625 	 93.648 	 66.503
FHW13079	344.750 	 93.675 	 66.318
FHW13079	344.875 	 93.682 	 66.316
FHW13079	345.000 	 93.675 	 66.318
FHW13079	345.125 	 93.637 	 66.085
FHW13079	345.250 	 94.137 	 66.318
FHW13079	345.375 	 93.675 	 66.316
FHW13079	345.500 	 93.682 	 66.318
FHW13079	345.625 	 93.675 	 66.318
FHW13079	345.750 	 93.648 	 66.503
FHW13079	345.875 	 93.675 	 66.318
FHW13079	346.000 	 93.670 	 65.896
FHW13079	346.125 	 94.137 	 66.318
FHW13079	346.250 	 93.675 	 66.318
FHW13079	346.375 	 93.648 	 66.503
FHW13079	346.500 	 93.675 	 66.316
FHW13079	346.625 	 93.682 	 66.318
FHW13079	346.750 	 94.137 	 66.318
FHW13079	346.875 	 93.675 	 66.318
FHW13079	347.000 	 94.093 	 66.085
FHW13079	347.125 	 93.675 	 66.316
FHW13079	347.250 	 94.137 	 66.318
FHW13079	347.375 	 93.675 	 66.318
FHW13079	347.500 	 94.137 	 66.318
FHW13079	347.625 	 93.675 	 66.318
FHW13079	347.750 	 94.106 	 66.501
FHW13079	347.875 	 93.675 	 66.318
FHW13079	348.000 	 94.137 	 66.318
FHW13079	348.125 	 93.663 	 65.898
FHW13079	348.250 	 94.136 	 66.316
FHW13079	348.375 	 93.648 	 66.503
FHW13079	348.500 	 94.137 	 66.318
FHW13079	348.625 	 93.682 	 66.318
FHW13079	348.750 	 94.130 	 66.318
FHW13079	348.875 	 93.682 	 66.316
FHW13079	349.000 	 94.136 	 66.321
FHW13079	349.125 	 93.649 	 66.500
FHW13079	349.250 	 94.123 	 65.898
FHW13079	349.375 	 93.675 	 66.316
FHW13079	349.500 	 94.137 	 66.318
FHW13079	349.625 	 94.136 	 66.321
FHW13079	349.750 	 93.649 	 66.498
FHW13079	349.875 	 94.137 	 66.320
FHW13079	350.000 	 93.675 	 66.316
FHW13079	350.125 	 94.136 	 66.322
FHW13079	350.250 	 93.675 	 66.316
FHW13079	350.375 	 94.094 	 66.081
FHW13079	350.500 	 93.675 	 66.320
FHW13079	350.625 	 94.136 	 66.319
FHW13079	350.750 	 93.675 	 66.320
FHW13079	350.875 	 94.136 	 66.316
FHW13079	351.000 	 93.675 	 66.316
FHW13079	351.125 	 94.107 	 66.502
FHW13079	351.250 	 93.682 	 66.319
FHW13079	351.375 	 94.130 	 66.320
FHW13079	351.500 	 93.670 	 65.896
FHW13079	351.625 	 94.129 	 66.316
FHW13079	351.750 	 93.655 	 66.504
FHW13079	351.875 	 94.136 	 66.316
FHW13079	352.000 	 93.675 	 66.316
FHW13079	352.125 	 94.137 	 66.320
FHW13079	352.250 	 93.675 	 66.316
FHW13079	352.375 	 94.137 	 66.320
FHW13079	352.500 	 93.648 	 66.501
FHW13079	352.625 	 94.123 	 65.896
FHW13079	352.750 	 93.675 	 66.320
FHW13079	352.875 	 94.136 	 66.316
FHW13079	353.000 	 93.675 	 66.320
FHW13079	353.125 	 94.106 	 66.501
FHW13079	353.250 	 93.675 	 66.316
FHW13079	353.375 	 94.137 	 66.320
FHW13079	353.500 	 93.682 	 66.316
FHW13079	353.625 	 94.130 	 66.320
FHW13079	353.750 	 93.670 	 65.896
FHW13079	353.875 	 94.099 	 66.501
FHW13079	354.000 	 93.682 	 66.320
FHW13079	354.125 	 94.136 	 66.316
FHW13079	354.250 	 93.675 	 66.320
FHW13079	354.375 	 94.136 	 66.316
FHW13079	354.500 	 93.648 	 66.501
FHW13079	354.625 	 94.137 	 66.320
FHW13079	354.750 	 94.136 	 66.316
FHW13079	354.875 	 93.663 	 65.896
FHW13079	355.000 	 94.137 	 66.320
FHW13079	355.125 	 93.648 	 66.501
FHW13079	355.250 	 94.137 	 66.320
FHW13079	355.375 	 93.675 	 66.316
FHW13079	355.500 	 94.136 	 66.316
FHW13079	355.625 	 93.675 	 66.320
FHW13079	355.750 	 94.136 	 66.319
FHW13079	355.875 	 93.649 	 66.502
FHW13079	356.000 	 94.123 	 65.896
FHW13079	356.125 	 93.675 	 66.316
FHW13079	356.250 	 94.137 	 66.320
FHW13079	356.375 	 93.682 	 66.319
FHW13079	356.500 	 94.100 	 66.502
FHW13079	356.625 	 93.682 	 66.316
FHW13079	356.750 	 94.136 	 66.316
FHW13079	356.875 	 93.675 	 66.322
FHW13079	357.000 	 94.136 	 66.316
FHW13079	357.125 	 93.663 	 65.900
FHW13079	357.250 	 94.107 	 66.498
FHW13079	357.375 	 93.675 	 66.316
FHW13079	357.500 	 94.136 	 66.322
FHW13079	357.625 	 93.675 	 66.316
FHW13079	357.750 	 94.137 	 66.320
FHW13079	357.875 	 93.649 	 66.498
FHW13079	358.000 	 94.136 	 66.319
FHW13079	358.125 	 93.675 	 66.320
FHW13079	358.250 	 94.123 	 65.896
FHW13079	358.375 	 93.675 	 66.316
FHW13079	358.500 	 94.107 	 66.502
FHW13079	358.625 	 93.682 	 66.319
FHW13079	358.750 	 94.130 	 66.320
FHW13079	358.875 	 93.682 	 66.316
FHW13079	359.000 	 94.136 	 66.316
FHW13079	359.125 	 93.675 	 66.320
FHW13079	359.250 	 94.106 	 66.501
FHW13079	359.375 	 93.663 	 65.900
FHW13079	359.500 	 94.136 	 66.316
FHW13079	359.625 	 93.675 	 66.316
FHW13079	359.750 	 94.137 	 66.320
FHW13079	359.875 	 93.648 	 66.501
FHW13079	360.000 	 94.137 	 66.320
FHW13079	360.125 	 94.136 	 66.316
FHW13079	360.250 	 93.675 	 66.316
FHW13079	360.375 	 94.137 	 66.320
FHW13079	360.500 	 93.663 	 65.896
FHW13079	360.625 	 94.106 	 66.501
FHW13079	360.750 	 93.675 	 66.320
FHW13079	360.875 	 94.136 	 66.316
FHW13079	361.000 	 93.675 	 66.320
FHW13079	361.125 	 94.136 	 66.316
FHW13079	361.250 	 93.655 	 66.501
FHW13079	361.375 	 94.130 	 66.320
FHW13079	361.500 	 93.682 	 66.316
FHW13079	361.625 	 94.116 	 65.900
FHW13079	361.750 	 93.682 	 66.316
FHW13079	361.875 	 94.136 	 66.316
FHW13079	362.000 	 93.648 	 66.504
FHW13079	362.125 	 94.136 	 66.316
FHW13079	362.250 	 93.675 	 66.320
FHW13079	362.375 	 94.136 	 66.316
FHW13079	362.500 	 93.675 	 66.316
FHW13079	362.625 	 94.106 	 66.504
FHW13079	362.750 	 93.663 	 65.896
FHW13079	362.875 	 94.137 	 66.320
FHW13079	363.000 	 93.675 	 66.316
FHW13079	363.125 	 94.136 	 66.319
FHW13079	363.250 	 93.649 	 66.502
FHW13079	363.375 	 94.136 	 66.316
FHW13079	363.500 	 93.682 	 66.320
FHW13079	363.625 	 94.129 	 66.319
FHW13079	363.750 	 93.682 	 66.316
FHW13079	363.875 	 94.116 	 65.900
FHW13079	364.000 	 93.655 	 66.498
FHW13079	364.125 	 94.136 	 66.316
FHW13079	364.250 	 93.675 	 66.322
FHW13079	364.375 	 94.136 	 66.316
FHW13079	364.500 	 93.675 	 66.320
FHW13079	364.625 	 94.107 	 66.498
FHW13079	364.750 	 93.675 	 66.319
FHW13079	364.875 	 94.137 	 66.320
FHW13079	365.000 	 93.663 	 65.896
FHW13079	365.125 	 94.137 	 66.320
FHW13079	365.250 	 93.675 	 66.316
FHW13079	365.375 	 94.106 	 66.501
FHW13079	365.500 	 94.137 	 66.320
FHW13079	365.625 	 95.051 	 66.316
FHW13079	365.750 	 94.576 	 65.900
FHW13079	365.875 	 95.051 	 66.316
FHW13079	366.000 	 94.597 	 66.316
FHW13079	366.125 	 95.044 	 66.320
FHW13079	366.250 	 94.597 	 66.316
FHW13079	366.375 	 95.034 	 65.896
FHW13079	366.500 	 94.590 	 66.322
FHW13079	366.625 	 95.051 	 66.316
FHW13079	366.750 	 94.590 	 66.320
FHW13079	366.875 	 95.051 	 66.316
FHW13079	367.000 	 94.582 	 65.896
FHW13079	367.125 	 95.044 	 66.320
FHW13079	367.250 	 94.597 	 66.316
FHW13079	367.375 	 95.051 	 66.320
FHW13079	367.500 	 94.576 	 65.896
FHW13079	367.625 	 95.051 	 66.316
FHW13079	367.750 	 94.590 	 66.322
FHW13079	367.875 	 95.088 	 66.129
FHW13079	368.000 	 94.597 	 66.320
FHW13079	368.125 	 95.027 	 65.896
FHW13079	368.250 	 94.597 	 66.316
FHW13079	368.375 	 95.050 	 66.322
FHW13079	368.500 	 94.590 	 66.316
FHW13079	368.625 	 95.051 	 66.316
FHW13079	368.750 	 95.034 	 65.900
FHW13079	368.875 	 94.590 	 66.316
FHW13079	369.000 	 95.051 	 66.320
FHW13079	369.125 	 94.590 	 66.316
FHW13079	369.250 	 95.034 	 65.896
FHW13079	369.375 	 94.597 	 66.320
FHW13079	369.500 	 95.051 	 66.316
FHW13079	369.625 	 94.590 	 66.322
FHW13079	369.750 	 95.051 	 66.316
FHW13079	369.875 	 94.576 	 65.896
FHW13079	370.000 	 95.051 	 66.320
FHW13079	370.125 	 94.590 	 66.316
FHW13079	370.250 	 95.051 	 66.316
FHW13079	370.375 	 94.597 	 66.320
FHW13079	370.500 	 95.034 	 65.896
FHW13079	370.625 	 94.590 	 66.320
FHW13079	370.750 	 95.050 	 66.319
FHW13079	370.875 	 94.590 	 66.316
FHW13079	371.000 	 95.034 	 65.900
FHW13079	371.125 	 94.597 	 66.316
FHW13079	371.250 	 95.044 	 66.316
FHW13079	371.375 	 94.597 	 66.320
FHW13079	371.500 	 95.051 	 66.316
FHW13079	371.625 	 94.576 	 65.900
FHW13079	371.750 	 95.051 	 66.316
FHW13079	371.875 	 94.590 	 66.316
FHW13079	372.000 	 95.050 	 66.322
FHW13079	372.125 	 94.597 	 66.316
FHW13079	372.250 	 95.027 	 65.900
FHW13079	372.375 	 94.597 	 66.316
FHW13079	372.500 	 95.051 	 66.316
FHW13079	372.625 	 94.590 	 66.320
FHW13079	372.750 	 95.051 	 66.316
FHW13079	372.875 	 94.576 	 65.896
FHW13079	373.000 	 95.051 	 66.320
FHW13079	373.125 	 95.051 	 66.316
FHW13079	373.250 	 94.590 	 66.322
FHW13079	373.375 	 95.034 	 65.896
FHW13079	373.500 	 94.597 	 66.316
FHW13079	373.625 	 95.051 	 66.320
FHW13079	373.750 	 94.590 	 66.316
FHW13079	373.875 	 95.051 	 66.320
FHW13079	374.000 	 94.576 	 65.896
FHW13079	374.125 	 95.051 	 66.316
FHW13079	374.250 	 94.590 	 66.320
FHW13079	374.375 	 95.050 	 66.319
FHW13079	374.500 	 94.597 	 66.320
FHW13079	374.625 	 95.034 	 65.896
FHW13079	374.750 	 94.590 	 66.316
FHW13079	374.875 	 95.051 	 66.320
FHW13079	375.000 	 94.590 	 66.316
FHW13079	375.125 	 95.034 	 65.896
FHW13079	375.250 	 94.597 	 66.320
FHW13079	375.375 	 95.044 	 66.316
FHW13079	375.500 	 94.597 	 66.320
FHW13079	375.625 	 95.050 	 66.319
FHW13079	375.750 	 94.576 	 65.896
FHW13079	375.875 	 95.051 	 66.320
FHW13079	376.000 	 94.624 	 66.129
FHW13079	376.125 	 95.051 	 66.320
FHW13079	376.250 	 94.597 	 66.319
FHW13079	376.375 	 95.027 	 65.896
FHW13079	376.500 	 94.597 	 66.320
FHW13079	376.625 	 95.051 	 66.316
FHW13079	376.750 	 94.590 	 66.316
FHW13079	376.875 	 95.034 	 65.900
FHW13079	377.000 	 94.590 	 66.316
FHW13079	377.125 	 95.051 	 66.320
FHW13079	377.250 	 94.597 	 66.316
FHW13079	377.375 	 95.044 	 66.316
FHW13079	377.500 	 94.582 	 65.902
FHW13079	377.625 	 95.051 	 66.316
FHW13079	377.750 	 95.051 	 66.316
FHW13079	377.875 	 94.590 	 66.320
FHW13079	378.000 	 95.051 	 66.316
FHW13079	378.125 	 94.576 	 65.900
FHW13079	378.250 	 95.051 	 66.316
FHW13079	378.375 	 94.590 	 66.316
FHW13079	378.500 	 95.051 	 66.320
FHW13079	378.625 	 94.582 	 65.899
FHW13079	378.750 	 95.051 	 66.320
FHW13079	378.875 	 94.590 	 66.316
FHW13079	379.000 	 95.051 	 66.316
FHW13079	379.125 	 94.590 	 66.320
FHW13079	379.250 	 95.034 	 65.896
FHW13079	379.375 	 94.597 	 66.316
FHW13079	379.500 	 95.044 	 66.320
FHW13079	379.625 	 94.597 	 66.316
FHW13079	379.750 	 95.051 	 66.320
FHW13079	379.875 	 94.575 	 65.899
FHW13079	380.000 	 95.051 	 66.316
FHW13079	380.125 	 94.590 	 66.320
FHW13079	380.250 	 95.051 	 66.316
FHW13079	380.375 	 94.583 	 65.900
FHW13079	380.500 	 95.044 	 66.316
FHW13079	380.625 	 94.597 	 66.316
FHW13079	380.750 	 95.051 	 66.320
FHW13079	380.875 	 94.590 	 66.316
FHW13079	381.000 	 95.034 	 65.896
FHW13079	381.125 	 94.590 	 66.322
FHW13079	381.250 	 95.051 	 66.316
FHW13079	381.375 	 94.597 	 66.320
FHW13079	381.500 	 95.044 	 66.316
FHW13079	381.625 	 94.582 	 65.896
FHW13079	381.750 	 95.051 	 66.320
FHW13079	381.875 	 94.590 	 66.316
FHW13079	382.000 	 95.051 	 66.320
FHW13079	382.125 	 94.576 	 65.896
FHW13079	382.250 	 95.050 	 66.319
FHW13079	382.375 	 95.051 	 66.320
FHW13079	382.500 	 94.590 	 66.316
FHW13079	382.625 	 95.051 	 66.320
FHW13079	382.750 	 94.582 	 65.896
FHW13079	382.875 	 95.051 	 66.316
FHW13079	383.000 	 94.590 	 66.320
FHW13079	383.125 	 95.051 	 66.316
FHW13079	383.250 	 94.590 	 66.316
FHW13079	383.375 	 95.034 	 65.900
FHW13079	383.500 	 94.590 	 66.319
FHW13079	383.625 	 95.051 	 66.320
FHW13079	383.750 	 94.597 	 66.316
FHW13079	383.875 	 95.034 	 65.896
FHW13079	384.000 	 94.590 	 66.320
FHW13079	384.125 	 95.051 	 66.316
FHW13079	384.250 	 94.624 	 66.135
FHW13079	384.375 	 94.094 	 66.081
FHW13079	384.500 	 93.220 	 66.316
FHW13079	384.625 	 93.210 	 65.902
FHW13079	384.750 	 93.213 	 66.316
FHW13079	384.875 	 93.670 	 65.896
FHW13079	385.000 	 93.213 	 66.320
FHW13079	385.125 	 93.210 	 65.896
FHW13079	385.250 	 93.220 	 66.316
FHW13079	385.375 	 93.663 	 65.900
FHW13079	385.500 	 93.220 	 66.316
FHW13079	385.625 	 93.210 	 65.896
FHW13079	385.750 	 93.180 	 66.087
FHW13079	385.875 	 93.682 	 66.316
FHW13079	386.000 	 93.203 	 65.900
FHW13079	386.125 	 93.220 	 66.316
FHW13079	386.250 	 93.210 	 65.896
FHW13079	386.375 	 93.220 	 66.322
FHW13079	386.500 	 93.663 	 65.896
FHW13079	386.625 	 93.220 	 66.316
FHW13079	386.750 	 93.210 	 65.900
FHW13079	386.875 	 93.213 	 66.316
FHW13079	387.000 	 93.670 	 65.896
FHW13079	387.125 	 93.180 	 66.087
FHW13079	387.250 	 93.220 	 66.316
FHW13079	387.375 	 93.210 	 65.896
FHW13079	387.500 	 93.220 	 66.320
FHW13079	387.625 	 93.663 	 65.896
FHW13079	387.750 	 93.220 	 66.320
FHW13079	387.875 	 93.203 	 65.896
FHW13079	388.000 	 93.220 	 66.316
FHW13079	388.125 	 93.663 	 65.900
FHW13079	388.250 	 93.220 	 66.319
FHW13079	388.375 	 93.210 	 65.896
FHW13079	388.500 	 93.210 	 65.900
FHW13079	388.625 	 93.649 	 66.498
FHW13079	388.750 	 93.209 	 65.899
FHW13079	388.875 	 93.213 	 66.320
FHW13079	389.000 	 93.210 	 65.896
FHW13079	389.125 	 93.220 	 66.320
FHW13079	389.250 	 93.663 	 65.896
FHW13079	389.375 	 93.220 	 66.316
FHW13079	389.500 	 93.210 	 65.900
FHW13079	389.625 	 93.213 	 66.316
FHW13079	389.750 	 93.670 	 65.896
FHW13079	389.875 	 93.210 	 65.900
FHW13079	390.000 	 93.190 	 66.501
FHW13079	390.125 	 93.210 	 65.896
FHW13079	390.250 	 93.220 	 66.320
FHW13079	390.375 	 93.663 	 65.896
FHW13079	390.500 	 93.220 	 66.322
FHW13079	390.625 	 93.210 	 65.896
FHW13079	390.750 	 93.213 	 66.316
FHW13079	390.875 	 93.670 	 65.900
FHW13079	391.000 	 93.213 	 66.316
FHW13079	391.125 	 93.210 	 65.896
FHW13079	391.250 	 93.210 	 65.900
FHW13079	391.375 	 93.648 	 66.501
FHW13079	391.500 	 93.210 	 65.896
FHW13079	391.625 	 93.220 	 66.320
FHW13079	391.750 	 93.203 	 65.896
FHW13079	391.875 	 93.220 	 66.320
FHW13079	392.000 	 93.663 	 65.896
FHW13079	392.125 	 93.220 	 66.316
FHW13079	392.250 	 93.210 	 65.902
FHW13079	392.375 	 93.220 	 66.316
FHW13079	392.500 	 93.663 	 65.896
FHW13079	392.625 	 93.210 	 65.900
FHW13079	392.750 	 93.197 	 66.498
FHW13079	392.875 	 93.202 	 65.899
FHW13079	393.000 	 93.220 	 66.320
FHW13079	393.125 	 93.663 	 65.896
FHW13079	393.250 	 93.220 	 66.316
FHW13079	393.375 	 93.210 	 65.900
FHW13079	393.500 	 93.220 	 66.316
FHW13079	393.625 	 93.663 	 65.900
FHW13079	393.750 	 93.220 	 66.316
FHW13079	393.875 	 93.203 	 65.896
FHW13079	394.000 	 93.210 	 65.902
FHW13079	394.125 	 93.675 	 66.316
FHW13079	394.250 	 93.187 	 66.081
FHW13079	394.375 	 93.220 	 66.320
FHW13079	394.500 	 93.210 	 65.896
FHW13079	394.625 	 93.213 	 66.319
FHW13079	394.750 	 93.670 	 65.900
FHW13079	394.875 	 93.213 	 66.316
FHW13079	395.000 	 93.210 	 65.900
FHW13079	395.125 	 93.220 	 66.316
FHW13079	395.250 	 93.663 	 65.896
FHW13079	395.375 	 93.210 	 65.900
FHW13079	395.500 	 93.220 	 66.316
FHW13079	395.625 	 93.179 	 66.084
FHW13079	395.750 	 93.220 	 66.320
FHW13079	395.875 	 93.670 	 65.896
FHW13079	396.000 	 93.213 	 66.316
FHW13079	396.125 	 93.210 	 65.900
FHW13079	396.250 	 93.220 	 66.316
FHW13079	396.375 	 93.663 	 65.899
FHW13079	396.500 	 93.220 	 66.320
FHW13079	396.625 	 93.210 	 65.896
FHW13079	396.750 	 93.203 	 65.900
FHW13079	396.875 	 93.682 	 66.316
FHW13079	397.000 	 93.179 	 66.084
FHW13079	397.125 	 93.220 	 66.320
FHW13079	397.250 	 93.210 	 65.896
FHW13079	397.375 	 93.220 	 66.316
FHW13079	397.500 	 93.663 	 65.900
FHW13079	397.625 	 93.220 	 66.316
FHW13079	397.750 	 93.203 	 65.896
FHW13079	397.875 	 93.220 	 66.320
FHW13079	398.000 	 93.663 	 65.896
FHW13079	398.125 	 93.210 	 65.902
FHW13079	398.250 	 93.220 	 66.316
FHW13079	398.375 	 93.187 	 66.081
FHW13079	398.500 	 93.675 	 66.320
FHW13079	398.625 	 93.209 	 65.899
FHW13079	398.750 	 93.220 	 66.316
FHW13079	398.875 	 93.203 	 65.900
FHW13079	399.000 	 93.220 	 66.316
FHW13079	399.125 	 93.663 	 65.896
FHW13079	399.250 	 93.220 	 66.320
FHW13079	399.375 	 93.210 	 65.896
FHW13079	399.500 	 93.210 	 65.896
FHW13079	399.625 	 93.675 	 66.320
FHW13079	399.750 	 93.210 	 65.896
FHW13079	399.875 	 93.190 	 66.504
FHW13079	400.000 	 93.210 	 65.896
FHW13079	400.125 	 93.220 	 66.316
FHW13079	400.250 	 93.663 	 65.900
FHW13079	400.375 	 93.220 	 66.319
FHW13079	400.500 	 93.210 	 65.896
FHW13079	400.625 	 93.213 	 66.320
FHW13079	400.750 	 93.670 	 65.896
FHW13079	400.875 	 93.203 	 65.896
FHW13079	401.000 	 93.220 	 66.320
FHW13079	401.125 	 93.210 	 65.896
FHW13079	401.250 	 93.648 	 66.504
FHW13079	401.375 	 93.210 	 65.896
FHW13079	401.500 	 93.220 	 66.316
FHW13079	401.625 	 93.203 	 65.900
FHW13079	401.750 	 93.220 	 66.316
FHW13079	401.875 	 93.670 	 65.896
FHW13079	402.000 	 93.213 	 66.320
FHW13079	402.125 	 93.209 	 65.899
FHW13079	402.250 	 93.210 	 65.896
FHW13079	402.375 	 93.675 	 66.320
FHW13079	402.500 	 93.210 	 65.896
FHW13079	402.625 	 93.197 	 66.502
FHW13079	402.750 	 93.202 	 65.899
FHW13079	402.875 	 93.220 	 66.316
FHW13079	403.000 	 93.663 	 65.900
FHW13079	403.125 	 93.220 	 66.316
FHW13079	403.250 	 92.302 	 66.316
FHW13079	403.375 	 92.279 	 66.504
FHW13079	403.500 	 92.765 	 66.316
FHW13079	403.625 	 92.272 	 66.084
FHW13079	403.750 	 92.302 	 66.316
FHW13079	403.875 	 92.285 	 66.501
FHW13079	404.000 	 92.295 	 66.320
FHW13079	404.125 	 92.302 	 66.316
FHW13079	404.250 	 92.285 	 66.504
FHW13079	404.375 	 92.758 	 66.316
FHW13079	404.500 	 92.285 	 66.501
FHW13079	404.625 	 92.295 	 66.320
FHW13079	404.750 	 92.286 	 66.498
FHW13079	404.875 	 92.302 	 66.322
FHW13079	405.000 	 92.295 	 66.316
FHW13079	405.125 	 92.745 	 66.498
FHW13079	405.250 	 92.295 	 66.320
FHW13079	405.375 	 92.285 	 66.501
FHW13079	405.500 	 92.302 	 66.320
FHW13079	405.625 	 92.278 	 66.501
FHW13079	405.750 	 92.302 	 66.316
FHW13079	405.875 	 92.738 	 66.504
FHW13079	406.000 	 92.302 	 66.316
FHW13079	406.125 	 92.302 	 66.320
FHW13079	406.250 	 92.279 	 66.498
FHW13079	406.375 	 92.302 	 66.316
FHW13079	406.500 	 92.285 	 66.504
FHW13079	406.625 	 92.295 	 66.316
FHW13079	406.750 	 92.745 	 66.504
FHW13079	406.875 	 92.295 	 66.316
FHW13079	407.000 	 92.302 	 66.316
FHW13079	407.125 	 92.285 	 66.504
FHW13079	407.250 	 92.295 	 66.316
FHW13079	407.375 	 92.286 	 66.502
FHW13079	407.500 	 92.758 	 66.319
FHW13079	407.625 	 92.286 	 66.498
FHW13079	407.750 	 92.295 	 66.320
FHW13079	407.875 	 92.285 	 66.501
FHW13079	408.000 	 92.302 	 66.320
FHW13079	408.125 	 92.302 	 66.316
FHW13079	408.250 	 92.738 	 66.501
FHW13079	408.375 	 92.295 	 66.320
FHW13079	408.500 	 92.285 	 66.501
FHW13079	408.625 	 92.302 	 66.320
FHW13079	408.750 	 92.279 	 66.498
FHW13079	408.875 	 92.302 	 66.316
FHW13079	409.000 	 92.758 	 66.320
FHW13079	409.125 	 92.285 	 66.501
FHW13079	409.250 	 92.302 	 66.320
FHW13079	409.375 	 92.278 	 66.501
FHW13079	409.500 	 92.302 	 66.316
FHW13079	409.625 	 92.278 	 66.087
FHW13079	409.750 	 92.295 	 66.316
FHW13079	409.875 	 92.745 	 66.498
FHW13079	410.000 	 92.295 	 66.320
FHW13079	410.125 	 92.302 	 66.319
FHW13079	410.250 	 92.286 	 66.502
FHW13079	410.375 	 92.295 	 66.316
FHW13079	410.500 	 92.285 	 66.501
FHW13079	410.625 	 92.758 	 66.320
FHW13079	410.750 	 92.285 	 66.501
FHW13079	410.875 	 92.302 	 66.320
FHW13079	411.000 	 92.279 	 66.498
FHW13079	411.125 	 92.302 	 66.319
FHW13079	411.250 	 92.302 	 66.320
FHW13079	411.375 	 92.738 	 66.498
FHW13079	411.500 	 92.302 	 66.320
FHW13079	411.625 	 92.278 	 66.501
FHW13079	411.750 	 92.302 	 66.316
FHW13079	411.875 	 92.285 	 66.504
FHW13079	412.000 	 92.295 	 66.316
FHW13079	412.125 	 92.302 	 66.320
FHW13079	412.250 	 92.738 	 66.501
FHW13079	412.375 	 92.302 	 66.316
FHW13079	412.500 	 92.286 	 66.502
FHW13079	412.625 	 92.295 	 66.316
FHW13079	412.750 	 92.285 	 66.504
FHW13079	412.875 	 92.302 	 66.316
FHW13079	413.000 	 92.738 	 66.501
FHW13079	413.125 	 92.295 	 66.320
FHW13079	413.250 	 92.302 	 66.316
FHW13079	413.375 	 92.285 	 66.504
FHW13079	413.500 	 92.302 	 66.316
FHW13079	413.625 	 92.279 	 66.498
FHW13079	413.750 	 92.758 	 66.322
FHW13079	413.875 	 92.286 	 66.498
FHW13079	414.000 	 92.302 	 66.320
FHW13079	414.125 	 92.295 	 66.316
FHW13079	414.250 	 92.285 	 66.501
FHW13079	414.375 	 92.302 	 66.320
FHW13079	414.500 	 92.738 	 66.501
FHW13079	414.625 	 92.302 	 66.320
FHW13079	414.750 	 92.278 	 66.501
FHW13079	414.875 	 92.302 	 66.316
FHW13079	415.000 	 92.286 	 66.502
FHW13079	415.125 	 92.295 	 66.316
FHW13079	415.250 	 92.302 	 66.320
FHW13079	415.375 	 92.738 	 66.501
FHW13079	415.500 	 92.302 	 66.316
FHW13079	415.625 	 92.278 	 66.087
FHW13079	415.750 	 92.295 	 66.316
FHW13079	415.875 	 92.285 	 66.504
FHW13079	416.000 	 92.302 	 66.316
FHW13079	416.125 	 92.738 	 66.498
FHW13079	416.250 	 92.302 	 66.320
FHW13079	416.375 	 92.295 	 66.319
FHW13079	416.500 	 92.286 	 66.502
FHW13079	416.625 	 92.302 	 66.316
FHW13079	416.750 	 92.278 	 66.501
FHW13079	416.875 	 92.765 	 66.320
FHW13079	417.000 	 92.278 	 66.501
FHW13079	417.125 	 92.302 	 66.320
FHW13079	417.250 	 92.302 	 66.316
FHW13079	417.375 	 92.278 	 66.501
FHW13079	417.500 	 92.302 	 66.320
FHW13079	417.625 	 92.286 	 66.498
FHW13079	417.750 	 92.758 	 66.320
FHW13079	417.875 	 92.285 	 66.501
FHW13079	418.000 	 92.295 	 66.316
FHW13079	418.125 	 92.285 	 66.504
FHW13079	418.250 	 92.302 	 66.316
FHW13079	418.375 	 92.295 	 66.320
FHW13079	418.500 	 92.738 	 66.501
FHW13079	418.625 	 92.302 	 66.316
FHW13079	418.750 	 92.286 	 66.502
FHW13079	418.875 	 92.302 	 66.316
FHW13079	419.000 	 92.279 	 66.504
FHW13079	419.125 	 92.302 	 66.316
FHW13079	419.250 	 92.758 	 66.316
FHW13079	419.375 	 92.285 	 66.504
FHW13079	419.500 	 92.295 	 66.316
FHW13079	419.625 	 92.285 	 66.504
FHW13079	419.750 	 92.302 	 66.316
FHW13079	419.875 	 92.279 	 66.498
FHW13079	420.000 	 92.765 	 66.322
FHW13079	420.125 	 92.279 	 66.498
FHW13079	420.250 	 92.302 	 66.320
FHW13079	420.375 	 92.302 	 66.316
FHW13079	420.500 	 92.278 	 66.501
FHW13079	420.625 	 92.302 	 66.320
FHW13079	420.750 	 92.285 	 66.501
FHW13079	420.875 	 92.758 	 66.320
FHW13079	421.000 	 92.285 	 66.501
FHW13079	421.125 	 92.295 	 66.316
FHW13079	421.250 	 92.286 	 66.502
FHW13079	421.375 	 92.302 	 66.316
FHW13079	421.500 	 92.295 	 66.320
FHW13079	421.625 	 92.736 	 66.084
FHW13079	421.750 	 92.295 	 66.316
FHW13079	421.875 	 92.285 	 66.504
FHW13079	422.000 	 92.302 	 66.316
FHW13079	422.125 	 92.758 	 66.320
FHW13079	422.250 	 92.738 	 66.501
FHW13079	422.375 	 92.302 	 66.316
FHW13079	422.500 	 92.738 	 66.502
FHW13079	422.625 	 92.302 	 66.319
FHW13079	422.750 	 92.758 	 66.320
FHW13079	422.875 	 92.729 	 66.081
FHW13079	423.000 	 92.302 	 66.316
FHW13079	423.125 	 92.758 	 66.320
FHW13079	423.250 	 92.285 	 66.501
FHW13079	423.375 	 92.758 	 66.316
FHW13079	423.500 	 92.758 	 66.320
FHW13079	423.625 	 92.285 	 66.501
FHW13079	423.750 	 92.749 	 65.900
FHW13079	423.875 	 92.738 	 66.501
FHW13079	424.000 	 92.302 	 66.316
FHW13079	424.125 	 92.758 	 66.320
FHW13079	424.250 	 92.285 	 66.501
FHW13079	424.375 	 92.758 	 66.320
FHW13079	424.500 	 92.758 	 66.316
FHW13079	424.625 	 92.278 	 66.081
FHW13079	424.750 	 92.758 	 66.322
FHW13079	424.875 	 92.302 	 66.316
FHW13079	425.000 	 92.738 	 66.498
FHW13079	425.125 	 92.758 	 66.320
FHW13079	425.250 	 92.285 	 66.501
FHW13079	425.375 	 92.758 	 66.320
FHW13079	425.500 	 92.749 	 65.896
FHW13079	425.625 	 92.285 	 66.501
FHW13079	425.750 	 92.758 	 66.320
FHW13079	425.875 	 92.302 	 66.316
FHW13079	426.000 	 92.738 	 66.504
FHW13079	426.125 	 92.758 	 66.316
FHW13079	426.250 	 92.302 	 66.316
FHW13079	426.375 	 92.729 	 66.087
FHW13079	426.500 	 92.302 	 66.316
FHW13079	426.625 	 92.738 	 66.502
FHW13079	426.750 	 92.758 	 66.316
FHW13079	426.875 	 92.302 	 66.319
FHW13079	427.000 	 92.738 	 66.502
FHW13079	427.125 	 92.758 	 66.316
FHW13079	427.250 	 92.295 	 65.896
FHW13079	427.375 	 92.738 	 66.504
FHW13079	427.500 	 92.302 	 66.316
FHW13079	427.625 	 92.758 	 66.320
FHW13079	427.750 	 92.738 	 66.501
FHW13079	427.875 	 92.302 	 66.316
FHW13079	428.000 	 92.738 	 66.504
FHW13079	428.125 	 92.756 	 65.896
FHW13079	428.250 	 92.295 	 66.320
FHW13079	428.375 	 92.738 	 66.498
FHW13079	428.500 	 92.302 	 66.319
FHW13079	428.625 	 92.758 	 66.320
FHW13079	428.750 	 92.745 	 66.498
FHW13079	428.875 	 92.295 	 66.320
FHW13079	429.000 	 92.749 	 65.896
FHW13079	429.125 	 92.285 	 66.501
FHW13079	429.250 	 92.758 	 66.320
FHW13079	429.375 	 92.745 	 66.501
FHW13079	429.500 	 92.295 	 66.320
FHW13079	429.625 	 92.765 	 66.316
FHW13079	429.750 	 92.738 	 66.501
FHW13079	429.875 	 92.288 	 65.900
FHW13079	430.000 	 92.765 	 66.316
FHW13079	430.125 	 92.278 	 66.501
FHW13079	430.250 	 92.765 	 66.320
FHW13079	430.375 	 92.758 	 66.316
FHW13079	430.500 	 92.279 	 66.502
FHW13079	430.625 	 92.765 	 66.319
FHW13079	430.750 	 92.271 	 66.081
FHW13079	430.875 	 92.765 	 66.320
FHW13079	431.000 	 92.758 	 66.316
FHW13079	431.125 	 92.279 	 66.504
FHW13079	431.250 	 92.765 	 66.316
FHW13079	431.375 	 92.758 	 66.316
FHW13079	431.500 	 92.285 	 66.504
FHW13079	431.625 	 92.749 	 65.896
FHW13079	431.750 	 92.295 	 66.320
FHW13079	431.875 	 92.745 	 66.501
FHW13079	432.000 	 92.758 	 66.316
FHW13079	432.125 	 92.286 	 66.502
FHW13079	432.250 	 92.758 	 66.319
FHW13079	432.375 	 92.295 	 66.320
FHW13079	432.500 	 92.736 	 66.081
FHW13079	432.625 	 92.758 	 66.316
FHW13079	432.750 	 92.302 	 66.322
FHW13079	432.875 	 92.738 	 66.498
FHW13079	433.000 	 92.758 	 66.316
FHW13079	433.125 	 92.302 	 66.320
FHW13079	433.250 	 92.738 	 66.501
FHW13079	433.375 	 92.295 	 65.900
FHW13079	433.500 	 92.738 	 66.501
FHW13079	433.625 	 92.758 	 66.316
FHW13079	433.750 	 92.302 	 66.320
FHW13079	433.875 	 92.738 	 66.501
FHW13079	434.000 	 92.302 	 66.320
FHW13079	434.125 	 92.758 	 66.316
FHW13079	434.250 	 92.729 	 66.081
FHW13079	434.375 	 92.302 	 66.322
FHW13079	434.500 	 92.758 	 66.316
FHW13079	434.625 	 92.738 	 66.502
FHW13079	434.750 	 92.302 	 66.316
FHW13079	434.875 	 92.738 	 66.501
FHW13079	435.000 	 92.302 	 66.320
FHW13079	435.125 	 92.749 	 65.896
FHW13079	435.250 	 92.738 	 66.501
FHW13079	435.375 	 92.302 	 66.320
FHW13079	435.500 	 92.758 	 66.316
FHW13079	435.625 	 92.285 	 66.504
FHW13079	435.750 	 92.758 	 66.316
FHW13079	435.875 	 92.758 	 66.316
FHW13079	436.000 	 92.278 	 66.087
FHW13079	436.125 	 92.758 	 66.316
FHW13079	436.250 	 92.738 	 66.502
FHW13079	436.375 	 92.302 	 66.316
FHW13079	436.500 	 92.758 	 66.319
FHW13079	436.625 	 92.286 	 66.502
FHW13079	436.750 	 92.758 	 66.316
FHW13079	436.875 	 92.749 	 65.896
FHW13079	437.000 	 92.285 	 66.504
FHW13079	437.125 	 92.758 	 66.316
FHW13079	437.250 	 92.302 	 66.320
FHW13079	437.375 	 92.738 	 66.501
FHW13079	437.500 	 92.758 	 66.316
FHW13079	437.625 	 92.285 	 66.504
FHW13079	437.750 	 92.749 	 65.896
FHW13079	437.875 	 92.758 	 66.320
FHW13079	438.000 	 92.286 	 66.498
FHW13079	438.125 	 92.758 	 66.319
FHW13079	438.250 	 92.302 	 66.320
FHW13079	438.375 	 92.738 	 66.498
FHW13079	438.500 	 92.758 	 66.320
FHW13079	438.625 	 92.295 	 65.899
FHW13079	438.750 	 92.738 	 66.498
FHW13079	438.875 	 92.302 	 66.320
FHW13079	439.000 	 92.738 	 66.501
FHW13079	439.125 	 92.758 	 66.320
FHW13079	439.250 	 92.302 	 66.316
FHW13079	439.375 	 92.738 	 66.501
FHW13079	439.500 	 92.749 	 65.900
FHW13079	439.625 	 92.302 	 66.316
FHW13079	439.750 	 92.738 	 66.501
FHW13079	439.875 	 92.302 	 66.320
FHW13079	440.000 	 92.758 	 66.316
FHW13079	440.125 	 92.738 	 66.502
FHW13079	440.250 	 92.302 	 66.319
FHW13079	440.375 	 92.729 	 66.081
FHW13079	440.500 	 92.302 	 66.320
FHW13079	440.625 	 92.758 	 66.316
FHW13079	440.750 	 92.745 	 66.504
FHW13079	440.875 	 92.749 	 65.896
FHW13079	441.000 	 93.213 	 66.316
FHW13079	441.125 	 92.756 	 65.900
FHW13079	441.250 	 93.203 	 65.896
FHW13079	441.375 	 92.765 	 66.319
FHW13079	441.500 	 93.203 	 65.900
FHW13079	441.625 	 93.210 	 65.896
FHW13079	441.750 	 92.758 	 66.316
FHW13079	441.875 	 93.210 	 65.900
FHW13079	442.000 	 92.729 	 66.084
FHW13079	442.125 	 93.220 	 66.316
FHW13079	442.250 	 92.749 	 65.900
FHW13079	442.375 	 93.210 	 65.896
FHW13079	442.500 	 93.220 	 66.320
FHW13079	442.625 	 92.749 	 65.896
FHW13079	442.750 	 93.220 	 66.316
FHW13079	442.875 	 92.749 	 65.900
FHW13079	443.000 	 93.210 	 65.896
FHW13079	443.125 	 92.758 	 66.319
FHW13079	443.250 	 93.210 	 65.900
FHW13079	443.375 	 93.203 	 65.896
FHW13079	443.500 	 92.745 	 66.498
FHW13079	443.625 	 93.203 	 65.900
FHW13079	443.750 	 92.756 	 65.899
FHW13079	443.875 	 93.213 	 66.316
FHW13079	444.000 	 92.756 	 65.900
FHW13079	444.125 	 93.203 	 65.896
FHW13079	444.250 	 93.220 	 66.320
FHW13079	444.375 	 92.749 	 65.896
FHW13079	444.500 	 93.210 	 65.896
FHW13079	444.625 	 92.758 	 66.320
FHW13079	444.750 	 93.210 	 65.896
FHW13079	444.875 	 92.749 	 65.899
FHW13079	445.000 	 93.197 	 66.502
FHW13079	445.125 	 93.210 	 65.896
FHW13079	445.250 	 92.749 	 65.896
FHW13079	445.375 	 93.220 	 66.320
FHW13079	445.500 	 92.749 	 65.899
FHW13079	445.625 	 93.210 	 65.896
FHW13079	445.750 	 92.758 	 66.320
FHW13079	445.875 	 93.210 	 65.896
FHW13079	446.000 	 93.203 	 65.896
FHW13079	446.125 	 92.765 	 66.320
FHW13079	446.250 	 93.203 	 65.896
FHW13079	446.375 	 92.756 	 65.896
FHW13079	446.500 	 93.190 	 66.504
FHW13079	446.625 	 92.756 	 65.896
FHW13079	446.750 	 93.203 	 65.896
FHW13079	446.875 	 93.220 	 66.320
FHW13079	447.000 	 92.749 	 65.896
FHW13079	447.125 	 93.210 	 65.900
FHW13079	447.250 	 92.758 	 66.319
FHW13079	447.375 	 93.210 	 65.896
FHW13079	447.500 	 93.210 	 65.900
FHW13079	447.625 	 92.758 	 66.316
FHW13079	447.750 	 93.210 	 65.896
FHW13079	447.875 	 92.749 	 65.900
FHW13079	448.000 	 93.197 	 66.501
FHW13079	448.125 	 92.749 	 65.896
FHW13079	448.250 	 93.210 	 65.900
FHW13079	448.375 	 93.213 	 66.316
FHW13079	448.500 	 92.756 	 65.896
FHW13079	448.625 	 93.203 	 65.900
FHW13079	448.750 	 92.765 	 66.316
FHW13079	448.875 	 93.203 	 65.900
FHW13079	449.000 	 92.756 	 65.899
FHW13079	449.125 	 93.213 	 66.316
FHW13079	449.250 	 93.210 	 65.900
FHW13079	449.375 	 92.749 	 65.896
FHW13079	449.500 	 93.197 	 66.501
FHW13079	449.625 	 92.749 	 65.900
FHW13079	449.750 	 93.210 	 65.896
FHW13079	449.875 	 92.758 	 66.316
FHW13079	450.000 	 93.210 	 65.900
FHW13079	450.125 	 93.210 	 65.896
FHW13079	450.250 	 92.758 	 66.316
FHW13079	450.375 	 93.210 	 65.900
FHW13079	450.500 	 92.749 	 65.896
FHW13079	450.625 	 93.220 	 66.316
FHW13079	450.750 	 92.749 	 65.902
FHW13079	450.875 	 93.210 	 65.896
FHW13079	451.000 	 93.190 	 66.502
FHW13079	451.125 	 92.756 	 65.896
FHW13079	451.250 	 93.202 	 65.899
FHW13079	451.375 	 92.765 	 66.320
FHW13079	451.500 	 93.203 	 65.896
FHW13079	451.625 	 92.765 	 66.316
FHW13079	451.750 	 93.203 	 65.900
FHW13079	451.875 	 93.210 	 65.896
FHW13079	452.000 	 92.758 	 66.316
FHW13079	452.125 	 93.210 	 65.900
FHW13079	452.250 	 92.749 	 65.896
FHW13079	452.375 	 93.220 	 66.316
FHW13079	452.500 	 93.186 	 66.087
FHW13079	452.625 	 92.749 	 65.896
FHW13079	452.750 	 93.220 	 66.316
FHW13079	452.875 	 92.749 	 65.900
FHW13079	453.000 	 93.209 	 65.899
FHW13079	453.125 	 92.758 	 66.320
FHW13079	453.250 	 93.210 	 65.896
FHW13079	453.375 	 93.203 	 65.896
FHW13079	453.500 	 92.765 	 66.320
FHW13079	453.625 	 93.203 	 65.896
FHW13079	453.750 	 92.756 	 65.896
FHW13079	453.875 	 93.213 	 66.320
FHW13079	454.000 	 92.736 	 66.084
FHW13079	454.125 	 93.203 	 65.896
FHW13079	454.250 	 93.220 	 66.320
FHW13079	454.375 	 92.749 	 65.896
FHW13079	454.500 	 93.210 	 65.896
FHW13079	454.625 	 92.758 	 66.320
FHW13079	454.750 	 93.209 	 65.899
FHW13079	454.875 	 92.749 	 65.896
FHW13079	455.000 	 93.220 	 66.320
FHW13079	455.125 	 93.210 	 65.896
FHW13079	455.250 	 92.749 	 65.896
FHW13079	455.375 	 93.220 	 66.320
FHW13079	455.500 	 92.729 	 66.084
FHW13079	455.625 	 93.210 	 65.900
FHW13079	455.750 	 92.758 	 66.316
FHW13079	455.875 	 93.210 	 65.896
FHW13079	456.000 	 93.203 	 65.900
FHW13079	456.125 	 92.765 	 66.316
FHW13079	456.250 	 93.203 	 65.896
FHW13079	456.375 	 92.756 	 65.900
FHW13079	456.500 	 93.213 	 66.316
FHW13079	456.625 	 92.756 	 65.899
FHW13079	456.750 	 93.203 	 65.900
FHW13079	456.875 	 93.220 	 66.316
FHW13079	457.000 	 92.729 	 66.081
FHW13079	457.125 	 93.210 	 65.902
FHW13079	457.250 	 92.758 	 66.316
FHW13079	457.375 	 93.210 	 65.896
FHW13079	457.500 	 93.210 	 65.900
FHW13079	457.625 	 92.758 	 66.316
FHW13079	457.750 	 93.210 	 65.900
FHW13079	457.875 	 92.749 	 65.896
FHW13079	458.000 	 93.220 	 66.316
FHW13079	458.125 	 92.749 	 65.900
FHW13079	458.250 	 93.210 	 65.896
FHW13079	458.375 	 93.213 	 66.319
FHW13079	458.500 	 92.736 	 66.084
FHW13079	458.625 	 93.203 	 65.896
FHW13079	458.750 	 92.765 	 66.316
FHW13079	458.875 	 93.203 	 65.902
FHW13079	459.000 	 92.756 	 65.896
FHW13079	459.125 	 93.213 	 66.316
FHW13079	459.250 	 93.210 	 65.900
FHW13079	459.375 	 92.749 	 65.896
FHW13079	459.500 	 93.220 	 66.316
FHW13079	459.625 	 92.749 	 65.900
FHW13079	459.750 	 93.210 	 65.896
FHW13079	459.875 	 93.210 	 65.896
FHW13079	460.000 	 93.203 	 65.900
FHW13079	460.125 	 93.209 	 65.899
FHW13079	460.250 	 93.210 	 65.896
FHW13079	460.375 	 93.210 	 65.900
FHW13079	460.500 	 93.227 	 65.706
FHW13079	460.625 	 92.747 	 65.479
FHW13079	460.750 	 93.203 	 65.902
FHW13079	460.875 	 93.210 	 65.896
FHW13079	461.000 	 93.210 	 65.896
FHW13079	461.125 	 93.210 	 65.900
FHW13079	461.250 	 93.203 	 65.896
FHW13079	461.375 	 93.210 	 65.896
FHW13079	461.500 	 93.233 	 65.712
FHW13079	461.625 	 93.210 	 65.896
FHW13079	461.750 	 92.749 	 65.896
FHW13079	461.875 	 93.210 	 65.900
FHW13079	462.000 	 93.203 	 65.896
FHW13079	462.125 	 93.199 	 65.479
FHW13079	462.250 	 93.210 	 65.900
FHW13079	462.375 	 93.210 	 65.896
FHW13079	462.500 	 93.226 	 65.709
FHW13079	462.625 	 93.210 	 65.900
FHW13079	462.750 	 93.210 	 65.896
FHW13079	462.875 	 92.749 	 65.896
FHW13079	463.000 	 93.210 	 65.900
FHW13079	463.125 	 93.210 	 65.896
FHW13079	463.250 	 93.202 	 65.899
FHW13079	463.375 	 93.210 	 65.896
FHW13079	463.500 	 93.234 	 65.710
FHW13079	463.625 	 93.199 	 65.479
FHW13079	463.750 	 93.203 	 65.896
FHW13079	463.875 	 93.210 	 65.902
FHW13079	464.000 	 92.749 	 65.896
FHW13079	464.125 	 93.210 	 65.896
FHW13079	464.250 	 93.210 	 65.900
FHW13079	464.375 	 93.210 	 65.896
FHW13079	464.500 	 93.203 	 65.896
FHW13079	464.625 	 93.233 	 65.712
FHW13079	464.750 	 93.210 	 65.896
FHW13079	464.875 	 93.210 	 65.896
FHW13079	465.000 	 93.203 	 65.900
FHW13079	465.125 	 92.756 	 65.896
FHW13079	465.250 	 93.192 	 65.479
FHW13079	465.375 	 93.210 	 65.900
FHW13079	465.500 	 93.210 	 65.896
FHW13079	465.625 	 93.233 	 65.709
FHW13079	465.750 	 93.203 	 65.900
FHW13079	465.875 	 93.210 	 65.896
FHW13079	466.000 	 93.210 	 65.896
FHW13079	466.125 	 93.210 	 65.900
FHW13079	466.250 	 92.749 	 65.896
FHW13079	466.375 	 93.209 	 65.899
FHW13079	466.500 	 93.203 	 65.900
FHW13079	466.625 	 93.234 	 65.706
FHW13079	466.750 	 93.199 	 65.479
FHW13079	466.875 	 93.210 	 65.896
FHW13079	467.000 	 93.203 	 65.902
FHW13079	467.125 	 93.210 	 65.896
FHW13079	467.250 	 93.210 	 65.896
FHW13079	467.375 	 92.749 	 65.900
FHW13079	467.500 	 93.210 	 65.896
FHW13079	467.625 	 93.233 	 65.709
FHW13079	467.750 	 93.203 	 65.900
FHW13079	467.875 	 93.210 	 65.896
FHW13079	468.000 	 93.210 	 65.896
FHW13079	468.125 	 93.210 	 65.900
FHW13079	468.250 	 93.192 	 65.479
FHW13079	468.375 	 93.210 	 65.896
FHW13079	468.500 	 93.210 	 65.900
FHW13079	468.625 	 92.769 	 65.709
FHW13079	468.750 	 93.210 	 65.896
FHW13079	468.875 	 93.210 	 65.900
FHW13079	469.000 	 93.203 	 65.896
FHW13079	469.125 	 93.210 	 65.896
FHW13079	469.250 	 93.210 	 65.900
FHW13079	469.375 	 93.210 	 65.896
FHW13079	469.500 	 93.202 	 65.899
FHW13079	469.625 	 93.234 	 65.710
FHW13079	469.750 	 92.740 	 65.479
FHW13079	469.875 	 93.210 	 65.896
FHW13079	470.000 	 93.210 	 65.900
FHW13079	470.125 	 93.209 	 65.899
FHW13079	470.250 	 93.203 	 65.896
FHW13079	470.375 	 93.210 	 65.900
FHW13079	470.500 	 93.210 	 65.896
FHW13079	470.625 	 93.234 	 65.706
FHW13079	470.750 	 93.202 	 65.899
FHW13079	470.875 	 92.756 	 65.900
FHW13079	471.000 	 93.203 	 65.896
FHW13079	471.125 	 93.210 	 65.896
FHW13079	471.250 	 93.199 	 65.482
FHW13079	471.375 	 93.210 	 65.896
FHW13079	471.500 	 93.203 	 65.896
FHW13079	471.625 	 93.210 	 65.900
FHW13079	471.750 	 93.233 	 65.709
FHW13079	471.875 	 93.210 	 65.896
FHW13079	472.000 	 92.749 	 65.900
FHW13079	472.125 	 93.210 	 65.896
FHW13079	472.250 	 93.203 	 65.896
FHW13079	472.375 	 93.210 	 65.900
FHW13079	472.500 	 93.210 	 65.896
FHW13079	472.625 	 93.209 	 65.899
FHW13079	472.750 	 93.216 	 65.290
FHW13079	472.875 	 93.210 	 65.896
FHW13079	473.000 	 93.210 	 65.896
FHW13079	473.125 	 92.749 	 65.900
FHW13079	473.250 	 93.209 	 65.899
FHW13079	473.375 	 93.210 	 65.896
FHW13079	473.500 	 93.203 	 65.900
FHW13079	473.625 	 93.210 	 65.894
FHW13079	473.750 	 93.233 	 65.709
FHW13079	473.875 	 93.210 	 65.902
FHW13079	474.000 	 93.203 	 65.894
FHW13079	474.125 	 93.209 	 65.899
FHW13079	474.250 	 92.740 	 65.476
FHW13079	474.375 	 93.210 	 65.902
FHW13079	474.500 	 93.209 	 65.899
FHW13079	474.625 	 93.203 	 65.894
FHW13079	474.750 	 93.233 	 65.712
FHW13079	474.875 	 93.210 	 65.894
FHW13079	475.000 	 93.209 	 65.899
FHW13079	475.125 	 93.203 	 65.902
FHW13079	475.250 	 93.210 	 65.894
FHW13079	475.375 	 92.749 	 65.899
FHW13079	475.500 	 93.210 	 65.897
FHW13079	475.625 	 93.209 	 65.899
FHW13079	475.750 	 93.222 	 65.290
FHW13079	475.875 	 93.203 	 65.897
FHW13079	476.000 	 93.209 	 65.899
FHW13079	476.125 	 93.210 	 65.894
FHW13079	476.250 	 93.210 	 65.902
FHW13079	476.375 	 93.203 	 65.894
FHW13079	476.500 	 93.209 	 65.899
FHW13079	476.625 	 92.749 	 65.897
FHW13079	476.750 	 93.233 	 65.709
FHW13079	476.875 	 93.209 	 65.899
FHW13079	477.000 	 93.210 	 65.897
FHW13079	477.125 	 93.202 	 65.899
FHW13079	477.250 	 93.200 	 65.476
FHW13079	477.375 	 93.210 	 65.902
FHW13079	477.500 	 93.210 	 65.894
FHW13079	477.625 	 93.202 	 65.899
FHW13079	477.750 	 92.776 	 65.709
FHW13079	477.875 	 93.203 	 65.897
FHW13079	478.000 	 93.209 	 65.899
FHW13079	478.125 	 93.210 	 65.894
FHW13079	478.250 	 93.210 	 65.902
FHW13079	478.375 	 93.202 	 65.899
FHW13079	478.500 	 92.756 	 65.894
FHW13079	478.625 	 92.749 	 65.902
FHW13079	478.750 	 92.749 	 65.894
FHW13079	478.875 	 92.749 	 65.899
FHW13079	479.000 	 92.756 	 65.897
FHW13079	479.125 	 92.288 	 65.899
FHW13079	479.250 	 92.758 	 66.317
FHW13079	479.375 	 92.756 	 65.899
FHW13079	479.500 	 92.749 	 65.899
FHW13079	479.625 	 92.749 	 65.894
FHW13079	479.750 	 92.749 	 65.902
FHW13079	479.875 	 92.295 	 65.894
FHW13079	480.000 	 92.749 	 65.899
FHW13079	480.125 	 92.758 	 66.317
FHW13079	480.250 	 92.756 	 65.899
FHW13079	480.375 	 92.749 	 65.897
FHW13079	480.500 	 92.749 	 65.899
FHW13079	480.625 	 92.295 	 65.894
FHW13079	480.750 	 92.749 	 65.902
FHW13079	480.875 	 92.749 	 65.899
FHW13079	481.000 	 92.749 	 65.894
FHW13079	481.125 	 92.765 	 66.322
FHW13079	481.250 	 92.729 	 66.081
FHW13079	481.375 	 92.288 	 65.899
FHW13079	481.500 	 92.756 	 65.897
FHW13079	481.625 	 92.749 	 65.899
FHW13079	481.750 	 92.749 	 65.894
FHW13079	481.875 	 92.749 	 65.902
FHW13079	482.000 	 92.765 	 66.314
FHW13079	482.125 	 92.288 	 65.899
FHW13079	482.250 	 92.749 	 65.897
FHW13079	482.375 	 92.756 	 65.899
FHW13079	482.500 	 92.749 	 65.899
FHW13079	482.625 	 92.749 	 65.897
FHW13079	482.750 	 92.749 	 65.899
FHW13079	482.875 	 92.295 	 65.894
FHW13079	483.000 	 92.758 	 66.322
FHW13079	483.125 	 92.749 	 65.894
FHW13079	483.250 	 92.756 	 65.899
FHW13079	483.375 	 92.749 	 65.897
FHW13079	483.500 	 92.749 	 65.899
FHW13079	483.625 	 92.295 	 65.899
FHW13079	483.750 	 92.749 	 65.897
FHW13079	483.875 	 92.758 	 66.319
FHW13079	484.000 	 92.749 	 65.894
FHW13079	484.125 	 92.756 	 65.902
FHW13079	484.250 	 92.749 	 65.894
FHW13079	484.375 	 92.295 	 65.899
FHW13079	484.500 	 92.749 	 65.897
FHW13079	484.625 	 92.749 	 65.899
FHW13079	484.750 	 92.749 	 65.894
FHW13079	484.875 	 92.758 	 66.322
FHW13079	485.000 	 92.736 	 66.081
FHW13079	485.125 	 92.288 	 65.899
FHW13079	485.250 	 92.749 	 65.897
FHW13079	485.375 	 92.756 	 65.899
FHW13079	485.500 	 92.749 	 65.899
FHW13079	485.625 	 92.749 	 65.897
FHW13079	485.750 	 92.758 	 66.319
FHW13079	485.875 	 92.295 	 65.894
FHW13079	486.000 	 92.749 	 65.902
FHW13079	486.125 	 92.749 	 65.894
FHW13079	486.250 	 92.756 	 65.899
FHW13079	486.375 	 92.749 	 65.897
FHW13079	486.500 	 92.749 	 65.899
FHW13079	486.625 	 92.295 	 65.899
FHW13079	486.750 	 92.758 	 66.317
FHW13079	486.875 	 92.749 	 65.899
FHW13079	487.000 	 92.749 	 65.894
FHW13079	487.125 	 92.756 	 65.902
FHW13079	487.250 	 92.749 	 65.894
FHW13079	487.375 	 92.295 	 65.899
FHW13079	487.500 	 92.749 	 65.897
FHW13079	487.625 	 92.758 	 66.319
FHW13079	487.750 	 92.749 	 65.894
FHW13079	487.875 	 92.749 	 65.902
FHW13079	488.000 	 92.756 	 65.899
FHW13079	488.125 	 92.288 	 65.894
FHW13079	488.250 	 92.756 	 65.902
FHW13079	488.375 	 92.749 	 65.894
FHW13079	488.500 	 92.758 	 66.319
FHW13079	488.625 	 92.749 	 65.897
FHW13079	488.750 	 92.749 	 65.899
FHW13079	488.875 	 92.278 	 66.081
FHW13079	489.000 	 92.749 	 65.902
FHW13079	489.125 	 92.756 	 65.894
FHW13079	489.250 	 92.749 	 65.899
FHW13079	489.375 	 92.749 	 65.897
FHW13079	489.500 	 92.758 	 66.319
FHW13079	489.625 	 92.295 	 65.902
FHW13079	489.750 	 92.749 	 65.894
FHW13079	489.875 	 92.749 	 65.899
FHW13079	490.000 	 92.749 	 65.897
FHW13079	490.125 	 92.756 	 65.899
FHW13079	490.250 	 92.749 	 65.894
FHW13079	490.375 	 92.302 	 66.322
FHW13079	490.500 	 92.749 	 65.894
FHW13079	490.625 	 92.749 	 65.899
FHW13079	490.750 	 92.749 	 65.902
FHW13079	490.875 	 92.749 	 65.894
FHW13079	491.000 	 92.756 	 65.899
FHW13079	491.125 	 92.288 	 65.897
FHW13079	491.250 	 92.756 	 65.899
FHW13079	491.375 	 92.758 	 66.314
FHW13079	491.500 	 92.749 	 65.902
FHW13079	491.625 	 92.749 	 65.894
FHW13079	491.750 	 92.749 	 65.899
FHW13079	491.875 	 92.295 	 65.897
FHW13079	492.000 	 92.749 	 65.899
FHW13079	492.125 	 92.756 	 65.899
FHW13079	492.250 	 92.758 	 66.317
FHW13079	492.375 	 92.749 	 65.899
FHW13079	492.500 	 92.749 	 65.894
FHW13079	492.625 	 92.295 	 65.902
FHW13079	492.750 	 92.749 	 65.894
FHW13079	492.875 	 92.729 	 66.087
FHW13079	493.000 	 92.756 	 65.897
FHW13079	493.125 	 92.749 	 65.899
FHW13079	493.250 	 92.758 	 66.314
FHW13079	493.375 	 92.295 	 65.902
FHW13079	493.500 	 92.749 	 65.894
FHW13079	493.625 	 92.749 	 65.899
FHW13079	493.750 	 92.749 	 65.902
FHW13079	493.875 	 92.756 	 65.894
FHW13079	494.000 	 92.749 	 65.899
FHW13079	494.125 	 92.296 	 66.317
FHW13079	494.250 	 92.756 	 65.899
FHW13079	494.375 	 92.749 	 65.894
FHW13079	494.500 	 92.749 	 65.902
FHW13079	494.625 	 92.749 	 65.894
FHW13079	494.750 	 92.749 	 65.899
FHW13079	494.875 	 92.295 	 65.897
FHW13079	495.000 	 92.749 	 65.899
FHW13079	495.125 	 92.765 	 66.319
FHW13079	495.250 	 92.749 	 65.897
FHW13079	495.375 	 92.749 	 65.899
FHW13079	495.500 	 92.749 	 65.894
FHW13079	495.625 	 92.295 	 65.902
FHW13079	495.750 	 92.749 	 65.894
FHW13079	495.875 	 92.749 	 65.899
FHW13079	496.000 	 92.765 	 66.317
FHW13079	496.125 	 92.749 	 65.899
FHW13079	496.250 	 92.749 	 65.899
FHW13079	496.375 	 92.295 	 65.897
FHW13079	496.500 	 92.749 	 65.899
FHW13079	496.625 	 92.749 	 65.894
FHW13079	496.750 	 92.749 	 65.902
FHW13079	496.875 	 92.736 	 66.081
FHW13079	497.000 	 92.758 	 66.319
FHW13079	497.125 	 92.288 	 65.897
FHW13079	497.250 	 92.756 	 65.899
FHW13079	497.375 	 92.758 	 66.317
FHW13079	497.500 	 93.209 	 65.899
FHW13079	497.625 	 92.738 	 66.498
FHW13079	497.750 	 92.758 	 66.322
FHW13079	497.875 	 93.221 	 66.314
FHW13079	498.000 	 92.758 	 66.319
FHW13079	498.125 	 92.738 	 66.502
FHW13079	498.250 	 93.209 	 65.899
FHW13079	498.375 	 92.758 	 66.317
FHW13079	498.500 	 92.737 	 66.504
FHW13079	498.625 	 92.765 	 66.314
FHW13079	498.750 	 93.213 	 66.322
FHW13079	498.875 	 92.745 	 66.498
FHW13079	499.000 	 92.749 	 65.899
FHW13079	499.125 	 93.221 	 66.317
FHW13079	499.250 	 92.738 	 66.498
FHW13079	499.375 	 92.758 	 66.322
FHW13079	499.500 	 92.758 	 66.319
FHW13079	499.625 	 93.187 	 66.081
FHW13079	499.750 	 92.758 	 66.317
FHW13079	499.875 	 92.758 	 66.319
FHW13079	500.000 	 93.220 	 66.322
FHW13079	500.125 	 92.738 	 66.498
FHW13079	500.250 	 92.765 	 66.314
FHW13079	500.375 	 92.749 	 65.902
FHW13079	500.500 	 93.197 	 66.498
FHW13079	500.625 	 92.758 	 66.322
FHW13079	500.750 	 92.758 	 66.314
FHW13079	500.875 	 93.196 	 66.504
FHW13079	501.000 	 92.749 	 65.897
FHW13079	501.125 	 92.758 	 66.319
FHW13079	501.250 	 92.738 	 66.498
FHW13079	501.375 	 93.220 	 66.322
FHW13079	501.500 	 92.758 	 66.314
FHW13079	501.625 	 92.765 	 66.322
FHW13079	501.750 	 93.180 	 66.081
FHW13079	501.875 	 92.765 	 66.319
FHW13079	502.000 	 92.758 	 66.317
FHW13079	502.125 	 93.197 	 66.498
FHW13079	502.250 	 92.758 	 66.322
FHW13079	502.375 	 92.758 	 66.319
FHW13079	502.500 	 92.729 	 66.081
FHW13079	502.625 	 93.221 	 66.317
FHW13079	502.750 	 92.758 	 66.319
FHW13079	502.875 	 92.738 	 66.502
FHW13079	503.000 	 93.220 	 66.319
FHW13079	503.125 	 92.749 	 65.894
FHW13079	503.250 	 92.744 	 66.507
FHW13079	503.375 	 92.758 	 66.314
FHW13079	503.500 	 93.213 	 66.319
FHW13079	503.625 	 92.765 	 66.317
FHW13079	503.750 	 92.737 	 66.504
FHW13079	503.875 	 93.210 	 65.897
FHW13079	504.000 	 92.758 	 66.319
FHW13079	504.125 	 92.738 	 66.498
FHW13079	504.250 	 92.758 	 66.322
FHW13079	504.375 	 93.221 	 66.314
FHW13079	504.500 	 92.729 	 66.090
FHW13079	504.625 	 92.765 	 66.314
FHW13079	504.750 	 93.213 	 66.319
FHW13079	504.875 	 92.738 	 66.502
FHW13079	505.000 	 92.765 	 66.319
FHW13079	505.125 	 93.214 	 66.317
FHW13079	505.250 	 92.756 	 65.899
FHW13079	505.375 	 92.738 	 66.498
FHW13079	505.500 	 92.758 	 66.322
FHW13079	505.625 	 93.221 	 66.314
FHW13079	505.750 	 92.738 	 66.498
FHW13079	505.875 	 92.749 	 65.902
FHW13079	506.000 	 93.220 	 66.319
FHW13079	506.125 	 92.738 	 66.502
FHW13079	506.250 	 92.758 	 66.314
FHW13079	506.375 	 92.765 	 66.319
FHW13079	506.500 	 93.190 	 66.502
FHW13079	506.625 	 92.756 	 65.899
FHW13079	506.750 	 92.758 	 66.314
FHW13079	506.875 	 93.196 	 66.507
FHW13079	507.000 	 92.758 	 66.314
FHW13079	507.125 	 92.758 	 66.322
FHW13079	507.250 	 92.758 	 66.314
FHW13079	507.375 	 93.186 	 66.087
FHW13079	507.500 	 92.758 	 66.317
FHW13079	507.625 	 92.758 	 66.319
FHW13079	507.750 	 93.197 	 66.502
FHW13079	507.875 	 92.758 	 66.319
FHW13079	508.000 	 92.756 	 65.894
FHW13079	508.125 	 93.189 	 66.507
FHW13079	508.250 	 92.765 	 66.314
FHW13079	508.375 	 92.758 	 66.322
FHW13079	508.500 	 92.738 	 66.498
FHW13079	508.625 	 93.221 	 66.314
FHW13079	508.750 	 92.749 	 65.902
FHW13079	508.875 	 92.738 	 66.498
FHW13079	509.000 	 93.220 	 66.319
FHW13079	509.125 	 92.758 	 66.314
FHW13079	509.250 	 92.758 	 66.326
FHW13079	509.375 	 92.736 	 66.078
FHW13079	509.500 	 93.213 	 66.326
FHW13079	509.625 	 92.765 	 66.314
FHW13079	509.750 	 92.737 	 66.504
FHW13079	509.875 	 93.221 	 66.314
FHW13079	510.000 	 92.758 	 66.319
FHW13079	510.125 	 92.729 	 66.084
FHW13079	510.250 	 92.758 	 66.319
FHW13079	510.375 	 93.221 	 66.314
FHW13079	510.500 	 92.738 	 66.510
FHW13079	510.625 	 92.758 	 66.314
FHW13079	510.750 	 93.220 	 66.319
FHW13079	510.875 	 92.729 	 66.084
FHW13079	511.000 	 92.765 	 66.319
FHW13079	511.125 	 93.214 	 66.314
FHW13079	511.250 	 92.765 	 66.319
FHW13079	511.375 	 92.738 	 66.498
FHW13079	511.500 	 92.749 	 65.902
FHW13079	511.625 	 93.221 	 66.314
FHW13079	511.750 	 92.738 	 66.498
FHW13079	511.875 	 92.758 	 66.326
FHW13079	512.000 	 93.220 	 66.319
FHW13079	512.125 	 92.738 	 66.498
FHW13079	512.250 	 92.749 	 65.897
FHW13079	512.375 	 92.765 	 66.319
FHW13079	512.500 	 93.190 	 66.498
FHW13079	512.625 	 92.765 	 66.319
FHW13079	512.750 	 92.758 	 66.320
FHW13079	512.875 	 93.202 	 65.896
FHW13079	513.000 	 92.745 	 66.498
FHW13079	513.125 	 92.758 	 66.326
FHW13079	513.250 	 92.758 	 66.314
FHW13079	513.375 	 93.196 	 66.504
FHW13079	513.500 	 92.758 	 66.314
FHW13079	513.625 	 92.749 	 65.902
FHW13079	513.750 	 93.197 	 66.498
FHW13079	513.875 	 92.758 	 66.319
FHW13079	514.000 	 92.765 	 66.314
FHW13079	514.125 	 93.189 	 66.510
FHW13079	514.250 	 92.749 	 65.890
FHW13079	514.375 	 92.765 	 66.326
FHW13079	514.500 	 92.738 	 66.498
FHW13079	514.625 	 93.220 	 66.319
FHW13079	514.750 	 92.758 	 66.314
FHW13079	514.875 	 92.758 	 66.319
FHW13079	515.000 	 93.187 	 66.084
FHW13079	515.125 	 92.758 	 66.314
FHW13079	515.250 	 92.758 	 66.319
FHW13079	515.375 	 92.738 	 66.505
FHW13079	515.500 	 93.220 	 66.319
FHW13079	515.625 	 92.758 	 66.314
FHW13079	515.750 	 92.736 	 66.090
FHW13079	515.875 	 93.214 	 66.314
FHW13079	516.000 	 92.765 	 66.319
FHW13079	516.125 	 93.203 	 65.897
FHW13079	516.250 	 92.765 	 66.319
FHW13079	516.375 	 93.180 	 66.084
FHW13079	516.500 	 93.220 	 66.319
FHW13079	516.625 	 92.749 	 65.890
FHW13079	516.750 	 93.210 	 65.902
FHW13079	516.875 	 93.220 	 66.319
FHW13079	517.000 	 93.210 	 65.897
FHW13079	517.125 	 92.758 	 66.319
FHW13079	517.250 	 93.210 	 65.897
FHW13079	517.375 	 93.203 	 65.902
FHW13079	517.500 	 93.221 	 66.314
FHW13079	517.625 	 92.729 	 66.083
FHW13079	517.750 	 93.210 	 65.897
FHW13079	517.875 	 93.220 	 66.319
FHW13079	518.000 	 92.749 	 65.897
FHW13079	518.125 	 93.220 	 66.319
FHW13079	518.250 	 93.203 	 65.897
FHW13079	518.375 	 93.209 	 65.896
FHW13079	518.500 	 92.758 	 66.320
FHW13079	518.625 	 93.209 	 65.896
FHW13079	518.750 	 93.210 	 65.902
FHW13079	518.875 	 93.221 	 66.314
FHW13079	519.000 	 92.729 	 66.084
FHW13079	519.125 	 93.220 	 66.319
FHW13079	519.250 	 93.203 	 65.902
FHW13079	519.375 	 92.756 	 65.890
FHW13079	519.500 	 93.213 	 66.326
FHW13079	519.625 	 93.210 	 65.890
FHW13079	519.750 	 93.220 	 66.319
FHW13079	519.875 	 92.749 	 65.897
FHW13079	520.000 	 93.210 	 65.902
FHW13079	520.125 	 93.221 	 66.314
FHW13079	520.250 	 93.203 	 65.902
FHW13079	520.375 	 92.736 	 66.078
FHW13079	520.500 	 93.213 	 66.319
FHW13079	520.625 	 93.210 	 65.897
FHW13079	520.750 	 92.758 	 66.319
FHW13079	520.875 	 93.210 	 65.897
FHW13079	521.000 	 93.210 	 65.902
FHW13079	521.125 	 93.220 	 66.319
FHW13079	521.250 	 92.749 	 65.897
FHW13079	521.375 	 93.220 	 66.319
FHW13079	521.500 	 93.203 	 65.890
FHW13079	521.625 	 93.210 	 65.902
FHW13079	521.750 	 92.738 	 66.498
FHW13079	521.875 	 93.210 	 65.902
FHW13079	522.000 	 93.210 	 65.897
FHW13079	522.125 	 92.758 	 66.319
FHW13079	522.250 	 93.210 	 65.890
FHW13079	522.375 	 93.213 	 66.326
FHW13079	522.500 	 93.210 	 65.890
FHW13079	522.625 	 92.749 	 65.902
FHW13079	522.750 	 93.220 	 66.319
FHW13079	522.875 	 93.210 	 65.897
FHW13079	523.000 	 93.210 	 65.902
FHW13079	523.125 	 92.738 	 66.498
FHW13079	523.250 	 93.209 	 65.896
FHW13079	523.375 	 93.214 	 66.320
FHW13079	523.500 	 92.756 	 65.896
FHW13079	523.625 	 93.203 	 65.897
FHW13079	523.750 	 93.220 	 66.319
FHW13079	523.875 	 93.210 	 65.897
FHW13079	524.000 	 92.758 	 66.319
FHW13079	524.125 	 93.210 	 65.897
FHW13079	524.250 	 93.209 	 65.896
FHW13079	524.375 	 93.190 	 66.505
FHW13079	524.500 	 92.756 	 65.896
FHW13079	524.625 	 93.203 	 65.897
FHW13079	524.750 	 93.220 	 66.319
FHW13079	524.875 	 92.749 	 65.897
FHW13079	525.000 	 93.220 	 66.319
FHW13079	525.125 	 93.210 	 65.902
FHW13079	525.250 	 93.210 	 65.890
FHW13079	525.375 	 92.758 	 66.319
FHW13079	525.500 	 93.210 	 65.897
FHW13079	525.625 	 93.203 	 65.902
FHW13079	525.750 	 93.197 	 66.498
FHW13079	525.875 	 92.749 	 65.902
FHW13079	526.000 	 93.221 	 66.314
FHW13079	526.125 	 93.209 	 65.896
FHW13079	526.250 	 92.749 	 65.897
FHW13079	526.375 	 93.220 	 66.319
FHW13079	526.500 	 93.203 	 65.897
FHW13079	526.625 	 93.220 	 66.319
FHW13079	526.750 	 92.749 	 65.897
FHW13079	526.875 	 93.210 	 65.902
FHW13079	527.000 	 93.220 	 66.319
FHW13079	527.125 	 93.187 	 66.078
FHW13079	527.250 	 92.749 	 65.897
FHW13079	527.375 	 93.220 	 66.319
FHW13079	527.500 	 93.203 	 65.902
FHW13079	527.625 	 92.765 	 66.314
FHW13079	527.750 	 93.203 	 65.902
FHW13079	527.875 	 93.210 	 65.890
FHW13079	528.000 	 93.220 	 66.326
FHW13079	528.125 	 92.749 	 65.890
FHW13079	528.250 	 93.210 	 65.902
FHW13079	528.375 	 93.197 	 66.498
FHW13079	528.500 	 93.203 	 65.902
FHW13079	528.625 	 92.765 	 66.314
FHW13079	528.750 	 93.203 	 65.902
FHW13079	528.875 	 93.210 	 65.890
FHW13079	529.000 	 92.758 	 66.326
FHW13079	529.125 	 93.209 	 65.896
FHW13079	529.250 	 93.221 	 66.314
FHW13079	529.375 	 93.210 	 65.902
FHW13079	529.500 	 92.749 	 65.897
FHW13079	529.625 	 93.220 	 66.319
FHW13079	529.750 	 93.180 	 66.084
FHW13079	529.875 	 92.749 	 65.896
FHW13079	530.000 	 93.221 	 66.314
FHW13079	530.125 	 93.210 	 65.902
FHW13079	530.250 	 93.221 	 66.314
FHW13079	530.375 	 92.749 	 65.902
FHW13079	530.500 	 93.210 	 65.897
FHW13079	530.625 	 93.213 	 66.319
FHW13079	530.750 	 93.210 	 65.897
FHW13079	530.875 	 92.749 	 65.896
FHW13079	531.000 	 93.220 	 66.319
FHW13079	531.125 	 93.187 	 66.084
FHW13079	531.250 	 93.221 	 66.314
FHW13079	531.375 	 92.749 	 65.902
FHW13079	531.500 	 93.210 	 65.902
FHW13079	531.625 	 93.214 	 66.314
FHW13079	531.750 	 92.756 	 65.896
FHW13079	531.875 	 93.214 	 66.320
FHW13079	532.000 	 93.209 	 65.896
FHW13079	532.125 	 93.210 	 65.897
FHW13079	532.250 	 92.758 	 66.319
FHW13079	532.375 	 93.210 	 65.897
FHW13079	532.500 	 93.186 	 66.090
FHW13079	532.625 	 92.758 	 66.314
FHW13079	532.750 	 93.209 	 65.896
FHW13079	532.875 	 93.214 	 66.320
FHW13079	533.000 	 93.209 	 65.896
FHW13079	533.125 	 92.749 	 65.897
FHW13079	533.250 	 93.220 	 66.319
FHW13079	533.375 	 93.210 	 65.902
FHW13079	533.500 	 93.210 	 65.890
FHW13079	533.625 	 92.758 	 66.326
FHW13079	533.750 	 93.210 	 65.890
FHW13079	533.875 	 93.189 	 66.510
FHW13079	534.000 	 92.749 	 65.890
FHW13079	534.125 	 93.210 	 65.902
FHW13079	534.250 	 93.221 	 66.314
FHW13079	534.375 	 93.210 	 65.902
FHW13079	534.500 	 92.758 	 66.314
FHW13079	534.625 	 93.210 	 65.902
FHW13079	534.750 	 93.203 	 65.890
FHW13079	534.875 	 93.220 	 66.319
FHW13079	535.000 	 92.287 	 65.488
FHW13079	535.125 	 92.749 	 65.890
FHW13079	535.250 	 92.295 	 65.902
FHW13079	535.375 	 92.749 	 65.897
FHW13079	535.500 	 92.749 	 65.896
FHW13079	535.625 	 92.295 	 65.897
FHW13079	535.750 	 92.740 	 65.482
FHW13079	535.875 	 92.749 	 65.897
FHW13079	536.000 	 92.312 	 65.706
FHW13079	536.125 	 92.749 	 65.902
FHW13079	536.250 	 92.749 	 65.897
FHW13079	536.375 	 92.295 	 65.896
FHW13079	536.500 	 92.740 	 65.476
FHW13079	536.625 	 92.295 	 65.902
FHW13079	536.750 	 92.749 	 65.897
FHW13079	536.875 	 92.749 	 65.896
FHW13079	537.000 	 92.295 	 65.902
FHW13079	537.125 	 92.749 	 65.897
FHW13079	537.250 	 92.747 	 65.482
FHW13079	537.375 	 92.305 	 65.707
FHW13079	537.500 	 92.749 	 65.896
FHW13079	537.625 	 92.756 	 65.902
FHW13079	537.750 	 92.288 	 65.897
FHW13079	537.875 	 92.756 	 65.896
FHW13079	538.000 	 92.281 	 65.476
FHW13079	538.125 	 92.749 	 65.902
FHW13079	538.250 	 92.756 	 65.897
FHW13079	538.375 	 92.288 	 65.896
FHW13079	538.500 	 92.756 	 65.897
FHW13079	538.625 	 92.749 	 65.902
FHW13079	538.750 	 92.297 	 65.290
FHW13079	538.875 	 92.756 	 65.890
FHW13079	539.000 	 92.749 	 65.902
FHW13079	539.125 	 92.295 	 65.897
FHW13079	539.250 	 92.749 	 65.896
FHW13079	539.375 	 92.288 	 65.902
FHW13079	539.500 	 92.747 	 65.476
FHW13079	539.625 	 92.749 	 65.902
FHW13079	539.750 	 92.295 	 65.897
FHW13079	539.875 	 92.749 	 65.896
FHW13079	540.000 	 92.749 	 65.897
FHW13079	540.125 	 92.312 	 65.712
FHW13079	540.250 	 92.740 	 65.482
FHW13079	540.375 	 92.749 	 65.890
FHW13079	540.500 	 92.295 	 65.902
FHW13079	540.625 	 92.749 	 65.897
FHW13079	540.750 	 92.749 	 65.896
FHW13079	540.875 	 92.295 	 65.897
FHW13079	541.000 	 92.740 	 65.482
FHW13079	541.125 	 92.295 	 65.902
FHW13079	541.250 	 92.749 	 65.890
FHW13079	541.375 	 92.749 	 65.902
FHW13079	541.500 	 92.312 	 65.707
FHW13079	541.625 	 92.749 	 65.896
FHW13079	541.750 	 92.740 	 65.488
FHW13079	541.875 	 92.295 	 65.890
FHW13079	542.000 	 92.749 	 65.902
FHW13079	542.125 	 92.749 	 65.897
FHW13079	542.250 	 92.295 	 65.896
FHW13079	542.375 	 92.749 	 65.897
FHW13079	542.500 	 92.287 	 65.482
FHW13079	542.625 	 92.749 	 65.897
FHW13079	542.750 	 92.749 	 65.896
FHW13079	542.875 	 92.312 	 65.712
FHW13079	543.000 	 92.749 	 65.897
FHW13079	543.125 	 92.756 	 65.896
FHW13079	543.250 	 92.281 	 65.476
FHW13079	543.375 	 92.756 	 65.902
FHW13079	543.500 	 92.749 	 65.897
FHW13079	543.625 	 92.288 	 65.896
FHW13079	543.750 	 92.756 	 65.902
FHW13079	543.875 	 92.288 	 65.897
FHW13079	544.000 	 92.747 	 65.482
FHW13079	544.125 	 92.749 	 65.897
FHW13079	544.250 	 92.305 	 65.706
FHW13079	544.375 	 92.756 	 65.902
FHW13079	544.500 	 92.749 	 65.897
FHW13079	544.625 	 92.295 	 65.896
FHW13079	544.750 	 92.740 	 65.476
FHW13079	544.875 	 92.749 	 65.902
FHW13079	545.000 	 92.295 	 65.897
FHW13079	545.125 	 92.749 	 65.896
FHW13079	545.250 	 92.295 	 65.897
FHW13079	545.375 	 92.749 	 65.902
FHW13079	545.500 	 92.760 	 65.290
FHW13079	545.625 	 92.295 	 65.890
FHW13079	545.750 	 92.749 	 65.902
FHW13079	545.875 	 92.749 	 65.897
FHW13079	546.000 	 92.295 	 65.896
FHW13079	546.125 	 92.749 	 65.902
FHW13079	546.250 	 92.740 	 65.476
FHW13079	546.375 	 92.295 	 65.902
FHW13079	546.500 	 92.749 	 65.897
FHW13079	546.625 	 92.295 	 65.896
FHW13079	546.750 	 92.749 	 65.897
FHW13079	546.875 	 92.769 	 65.712
FHW13079	547.000 	 92.287 	 65.482
FHW13079	547.125 	 92.749 	 65.890
FHW13079	547.250 	 92.749 	 65.902
FHW13079	547.375 	 92.295 	 65.897
FHW13079	547.500 	 92.749 	 65.896
FHW13079	547.625 	 92.749 	 65.897
FHW13079	547.750 	 92.287 	 65.482
FHW13079	547.875 	 92.749 	 65.897
FHW13079	548.000 	 92.295 	 65.902
FHW13079	548.125 	 92.749 	 65.896
FHW13079	548.250 	 92.770 	 65.707
FHW13079	548.375 	 92.295 	 65.896
FHW13079	548.500 	 92.740 	 65.483
FHW13079	548.625 	 92.756 	 65.896
FHW13079	548.750 	 92.288 	 65.902
FHW13079	548.875 	 92.749 	 65.897
FHW13079	549.000 	 92.756 	 65.896
FHW13079	549.125 	 92.281 	 65.476
FHW13079	549.250 	 92.756 	 65.902
FHW13079	549.375 	 92.749 	 65.897
FHW13079	549.500 	 92.288 	 65.896
FHW13079	549.625 	 92.776 	 65.712
FHW13079	549.750 	 92.288 	 65.897
FHW13079	549.875 	 92.747 	 65.482
FHW13079	550.000 	 92.749 	 65.897
FHW13079	550.125 	 92.288 	 65.896
FHW13079	550.250 	 92.756 	 65.897
FHW13079	550.375 	 92.749 	 65.902
FHW13079	550.500 	 92.295 	 65.896
FHW13079	550.625 	 92.740 	 65.476
FHW13079	550.750 	 92.749 	 65.902
FHW13079	550.875 	 92.295 	 65.897
FHW13079	551.000 	 92.769 	 65.706
FHW13079	551.125 	 92.295 	 65.902
FHW13079	551.250 	 92.749 	 65.897
FHW13079	551.375 	 92.740 	 65.482
FHW13079	551.500 	 92.295 	 65.890
FHW13079	551.625 	 92.749 	 65.902
FHW13079	551.750 	 92.749 	 65.897
FHW13079	551.875 	 92.295 	 65.896
FHW13079	552.000 	 92.749 	 65.897
FHW13079	552.125 	 92.740 	 65.482
FHW13079	552.250 	 92.312 	 65.712
FHW13079	552.375 	 92.749 	 65.897
FHW13079	552.500 	 92.295 	 65.896
FHW13079	552.625 	 92.749 	 65.897
FHW13079	552.750 	 92.749 	 65.902
FHW13079	552.875 	 92.288 	 65.476
FHW13079	553.000 	 92.749 	 65.896
FHW13079	553.125 	 92.749 	 65.902
FHW13079	553.250 	 92.295 	 65.897
FHW13079	553.375 	 92.749 	 65.896
FHW13079	553.500 	 92.749 	 65.897
FHW13079	553.625 	 92.304 	 65.290
FHW13079	553.750 	 92.749 	 65.902
FHW13079	553.875 	 92.295 	 65.890
FHW13079	554.000 	 92.295 	 65.902
FHW13079	554.125 	 92.288 	 65.897
FHW13079	554.250 	 92.287 	 65.482
FHW13079	554.375 	 92.749 	 65.897
FHW13079	554.500 	 92.295 	 65.896
FHW13079	554.625 	 92.295 	 65.897
FHW13079	554.750 	 92.288 	 65.902
FHW13079	554.875 	 92.287 	 65.482
FHW13079	555.000 	 92.295 	 65.890
FHW13079	555.125 	 92.769 	 65.712
FHW13079	555.250 	 92.295 	 65.897
FHW13079	555.375 	 92.288 	 65.896
FHW13079	555.500 	 92.287 	 65.482
FHW13079	555.625 	 92.295 	 65.897
FHW13079	555.750 	 92.288 	 65.902
FHW13079	555.875 	 92.756 	 65.890
FHW13079	556.000 	 92.288 	 65.902
FHW13079	556.125 	 92.295 	 65.897
FHW13079	556.250 	 92.287 	 65.482
FHW13079	556.375 	 92.288 	 65.897
FHW13079	556.500 	 92.749 	 65.896
FHW13079	556.625 	 92.312 	 65.712
FHW13079	556.750 	 92.295 	 65.897
FHW13079	556.875 	 92.280 	 65.482
FHW13079	557.000 	 92.295 	 65.890
FHW13079	557.125 	 92.295 	 65.902
FHW13079	557.250 	 92.749 	 65.902
FHW13079	557.375 	 92.295 	 65.890
FHW13079	557.500 	 92.280 	 65.482
FHW13079	557.625 	 92.295 	 65.897
FHW13079	557.750 	 92.295 	 65.902
FHW13079	557.875 	 92.749 	 65.890
FHW13079	558.000 	 92.295 	 65.902
FHW13079	558.125 	 92.281 	 65.476
FHW13079	558.250 	 92.312 	 65.712
FHW13079	558.375 	 92.295 	 65.902
FHW13079	558.500 	 92.288 	 65.890
FHW13079	558.625 	 92.756 	 65.902
FHW13079	558.750 	 92.281 	 65.476
FHW13079	558.875 	 92.295 	 65.902
FHW13079	559.000 	 92.295 	 65.890
FHW13079	559.125 	 92.288 	 65.902
FHW13079	559.250 	 92.756 	 65.902
FHW13079	559.375 	 92.281 	 65.476
FHW13079	559.500 	 92.295 	 65.896
FHW13079	559.625 	 92.295 	 65.897
FHW13079	559.750 	 92.305 	 65.712
FHW13079	559.875 	 92.295 	 65.896
FHW13079	560.000 	 92.740 	 65.483
FHW13079	560.125 	 92.295 	 65.896
FHW13079	560.250 	 92.295 	 65.897
FHW13079	560.375 	 92.288 	 65.902
FHW13079	560.500 	 92.295 	 65.890
FHW13079	560.625 	 92.287 	 65.482
FHW13079	560.750 	 92.749 	 65.897
FHW13079	560.875 	 92.288 	 65.902
FHW13079	561.000 	 92.295 	 65.896
FHW13079	561.125 	 92.295 	 65.897
FHW13079	561.250 	 92.304 	 65.290
FHW13079	561.375 	 92.749 	 65.897
FHW13079	561.500 	 92.288 	 65.896
FHW13079	561.625 	 92.295 	 65.902
FHW13079	561.750 	 92.295 	 65.897
FHW13079	561.875 	 92.280 	 65.482
FHW13079	562.000 	 92.295 	 65.897
FHW13079	562.125 	 92.749 	 65.896
FHW13079	562.250 	 92.295 	 65.897
FHW13079	562.375 	 92.295 	 65.902
FHW13079	562.500 	 92.288 	 65.890
FHW13079	562.625 	 92.287 	 65.482
FHW13079	562.750 	 92.312 	 65.712
FHW13079	562.875 	 92.749 	 65.897
FHW13079	563.000 	 92.295 	 65.896
FHW13079	563.125 	 92.288 	 65.897
FHW13079	563.250 	 92.287 	 65.482
FHW13079	563.375 	 92.295 	 65.897
FHW13079	563.500 	 92.749 	 65.902
FHW13079	563.625 	 92.295 	 65.896
FHW13079	563.750 	 92.288 	 65.897
FHW13079	563.875 	 92.287 	 65.482
FHW13079	564.000 	 92.295 	 65.897
FHW13079	564.125 	 92.288 	 65.896
FHW13079	564.250 	 92.776 	 65.712
FHW13079	564.375 	 92.288 	 65.897
FHW13079	564.500 	 92.287 	 65.482
FHW13079	564.625 	 92.295 	 65.890
FHW13079	564.750 	 92.288 	 65.902
FHW13079	564.875 	 92.749 	 65.897
FHW13079	565.000 	 92.295 	 65.896
FHW13079	565.125 	 92.288 	 65.483
FHW13079	565.250 	 92.288 	 65.896
FHW13079	565.375 	 92.295 	 65.902
FHW13079	565.500 	 92.295 	 65.897
FHW13079	565.625 	 92.749 	 65.896
FHW13079	565.750 	 92.304 	 65.284
FHW13079	565.875 	 92.288 	 65.902
FHW13079	566.000 	 92.295 	 65.902
FHW13079	566.125 	 92.295 	 65.890
FHW13079	566.250 	 92.288 	 65.902
FHW13079	566.375 	 92.747 	 65.476
FHW13079	566.500 	 92.288 	 65.902
FHW13079	566.625 	 92.295 	 65.890
FHW13079	566.750 	 92.295 	 65.902
FHW13079	566.875 	 92.288 	 65.897
FHW13079	567.000 	 92.747 	 65.482
FHW13079	567.125 	 92.288 	 65.902
FHW13079	567.250 	 92.312 	 65.700
FHW13079	567.375 	 92.295 	 65.902
FHW13079	567.500 	 92.288 	 65.897
FHW13079	567.625 	 92.287 	 65.482
FHW13079	567.750 	 92.749 	 65.890
FHW13079	567.875 	 92.295 	 65.902
FHW13079	568.000 	 92.295 	 65.902
FHW13079	568.125 	 92.288 	 65.890
FHW13079	568.250 	 92.287 	 65.482
FHW13079	568.375 	 92.749 	 65.897
FHW13079	568.500 	 92.295 	 65.902
FHW13079	568.625 	 92.295 	 65.890
FHW13079	568.750 	 92.305 	 65.712
FHW13079	568.875 	 92.287 	 65.482
FHW13079	569.000 	 92.295 	 65.897
FHW13079	569.125 	 92.749 	 65.902
FHW13079	569.250 	 92.288 	 65.890
FHW13079	569.375 	 92.295 	 65.902
FHW13079	569.500 	 92.295 	 65.897
FHW13079	569.625 	 92.287 	 65.482
FHW13079	569.750 	 92.749 	 65.896
FHW13079	569.875 	 92.288 	 65.897
FHW13079	570.000 	 92.295 	 65.902
FHW13079	570.125 	 92.295 	 65.890
FHW13079	570.250 	 92.297 	 65.290
FHW13079	570.375 	 92.295 	 65.902
FHW13079	570.500 	 92.749 	 65.897
FHW13079	570.625 	 92.295 	 65.896
FHW13079	570.750 	 92.295 	 65.897
FHW13079	570.875 	 92.280 	 65.482
FHW13079	571.000 	 92.295 	 65.897
FHW13079	571.125 	 92.295 	 65.902
FHW13079	571.250 	 92.749 	 65.890
FHW13079	571.375 	 92.295 	 65.902
FHW13079	571.500 	 92.280 	 65.482
FHW13079	571.625 	 92.295 	 65.897
FHW13079	571.750 	 92.312 	 65.706
FHW13079	571.875 	 92.749 	 65.897
FHW13079	572.000 	 92.295 	 65.902
FHW13079	572.125 	 92.280 	 65.482
FHW13079	572.250 	 92.295 	 65.890
FHW13079	572.375 	 92.295 	 65.902
FHW13079	572.500 	 92.288 	 65.897
FHW13079	572.625 	 92.747 	 65.482
FHW13079	572.750 	 92.288 	 65.897
FHW13079	572.875 	 92.760 	 65.290
FHW13079	573.000 	 92.295 	 65.896
FHW13079	573.125 	 92.740 	 65.483
FHW13079	573.250 	 92.295 	 65.896
FHW13079	573.375 	 92.760 	 65.284
FHW13079	573.500 	 92.295 	 65.902
FHW13079	573.625 	 92.740 	 65.482
FHW13079	573.750 	 92.295 	 65.897
FHW13079	573.875 	 92.769 	 65.706
FHW13079	574.000 	 92.288 	 65.483
FHW13079	574.125 	 92.288 	 65.896
FHW13079	574.250 	 92.747 	 65.482
FHW13079	574.375 	 92.288 	 65.897
FHW13079	574.500 	 92.760 	 65.290
FHW13079	574.625 	 92.295 	 65.897
FHW13079	574.750 	 92.740 	 65.482
FHW13079	574.875 	 92.295 	 65.902
FHW13079	575.000 	 92.760 	 65.284
FHW13079	575.125 	 92.295 	 65.896
FHW13079	575.250 	 92.740 	 65.483
FHW13079	575.375 	 92.295 	 65.896
FHW13079	575.500 	 92.740 	 65.482
FHW13079	575.625 	 92.312 	 65.707
FHW13079	575.750 	 92.280 	 65.482
FHW13079	575.875 	 92.756 	 65.897
FHW13079	576.000 	 92.280 	 65.482
FHW13079	576.125 	 92.776 	 65.712
FHW13079	576.250 	 92.281 	 65.476
FHW13079	576.375 	 92.749 	 65.896
FHW13079	576.500 	 92.288 	 65.476
FHW13079	576.625 	 92.749 	 65.902
FHW13079	576.750 	 92.304 	 65.290
FHW13079	576.875 	 92.749 	 65.897
FHW13079	577.000 	 92.295 	 65.902
FHW13079	577.125 	 92.740 	 65.476
FHW13079	577.250 	 92.312 	 65.706
FHW13079	577.375 	 92.740 	 65.488
FHW13079	577.500 	 92.295 	 65.890
FHW13079	577.625 	 92.280 	 65.482
FHW13079	577.750 	 92.756 	 65.897
FHW13079	577.875 	 92.297 	 65.290
FHW13079	578.000 	 92.749 	 65.902
FHW13079	578.125 	 92.288 	 65.476
FHW13079	578.250 	 92.749 	 65.902
FHW13079	578.375 	 92.304 	 65.290
FHW13079	578.500 	 92.749 	 65.890
FHW13079	578.625 	 92.287 	 65.482
FHW13079	578.750 	 92.749 	 65.897
FHW13079	578.875 	 92.287 	 65.482
FHW13079	579.000 	 92.769 	 65.712
FHW13079	579.125 	 92.288 	 65.476
FHW13079	579.250 	 92.288 	 65.902
FHW13079	579.375 	 92.747 	 65.476
FHW13079	579.500 	 92.305 	 65.712
FHW13079	579.625 	 92.747 	 65.482
FHW13079	579.750 	 92.288 	 65.890
FHW13079	579.875 	 92.740 	 65.482
FHW13079	580.000 	 92.295 	 65.897
FHW13079	580.125 	 92.769 	 65.712
FHW13079	580.250 	 92.287 	 65.482
FHW13079	580.375 	 92.749 	 65.897
FHW13079	580.500 	 92.287 	 65.482
FHW13079	580.625 	 92.769 	 65.706
FHW13079	580.750 	 92.288 	 65.476
FHW13079	580.875 	 92.749 	 65.902
FHW13079	581.000 	 92.288 	 65.476
FHW13079	581.125 	 92.305 	 65.712
FHW13079	581.250 	 92.747 	 65.482
FHW13079	581.375 	 92.288 	 65.897
FHW13079	581.500 	 92.740 	 65.482
FHW13079	581.625 	 92.295 	 65.897
FHW13079	581.750 	 92.760 	 65.290
FHW13079	581.875 	 92.295 	 65.896
FHW13079	582.000 	 92.740 	 65.476
FHW13079	582.125 	 92.295 	 65.902
FHW13079	582.250 	 92.760 	 65.284
FHW13079	582.375 	 92.295 	 65.902
FHW13079	582.500 	 92.740 	 65.482
FHW13079	582.625 	 92.295 	 65.897
FHW13079	582.750 	 92.280 	 65.482
FHW13079	582.875 	 92.777 	 65.700
FHW13079	583.000 	 92.288 	 65.902
FHW13079	583.125 	 92.747 	 65.476
FHW13079	583.250 	 92.288 	 65.902
FHW13079	583.375 	 92.760 	 65.290
FHW13079	583.500 	 92.295 	 65.897
FHW13079	583.625 	 92.740 	 65.482
FHW13079	583.750 	 92.295 	 65.897
FHW13079	583.875 	 92.740 	 65.482
FHW13079	584.000 	 92.312 	 65.706
FHW13079	584.125 	 92.740 	 65.476
FHW13079	584.250 	 92.295 	 65.902
FHW13079	584.375 	 92.281 	 65.476
FHW13079	584.500 	 92.776 	 65.712
FHW13079	584.625 	 92.280 	 65.482
FHW13079	584.750 	 92.756 	 65.897
FHW13079	584.875 	 92.280 	 65.482
FHW13079	585.000 	 92.749 	 65.890
FHW13079	585.125 	 92.304 	 65.296
FHW13079	585.250 	 92.749 	 65.896
FHW13079	585.375 	 92.288 	 65.476
FHW13079	585.500 	 92.749 	 65.902
FHW13079	585.625 	 92.304 	 65.290
FHW13079	585.750 	 92.749 	 65.897
FHW13079	585.875 	 92.287 	 65.482
FHW13079	586.000 	 92.749 	 65.897
FHW13079	586.125 	 92.295 	 65.896
FHW13079	586.250 	 92.297 	 65.290
FHW13079	586.375 	 92.756 	 65.897
FHW13079	586.500 	 92.280 	 65.482
FHW13079	586.625 	 92.756 	 65.897
FHW13079	586.750 	 92.297 	 65.290
FHW13079	586.875 	 92.749 	 65.902
FHW13079	587.000 	 92.288 	 65.476
FHW13079	587.125 	 92.749 	 65.896
FHW13079	587.250 	 92.288 	 65.483
FHW13079	587.375 	 92.769 	 65.706
FHW13079	587.500 	 92.287 	 65.482
FHW13079	587.625 	 92.749 	 65.897
FHW13079	587.750 	 92.287 	 65.482
FHW13079	587.875 	 92.305 	 65.712
FHW13079	588.000 	 92.747 	 65.476
FHW13079	588.125 	 92.288 	 65.902
FHW13079	588.250 	 92.747 	 65.476
FHW13079	588.375 	 92.305 	 65.706
FHW13079	588.500 	 92.740 	 65.488
FHW13079	588.625 	 92.295 	 65.890
FHW13079	588.750 	 92.740 	 65.482
FHW13079	588.875 	 92.295 	 65.897
FHW13079	589.000 	 92.769 	 65.712
FHW13079	589.125 	 92.287 	 65.482
FHW13079	589.250 	 92.749 	 65.890
FHW13079	589.375 	 92.287 	 65.488
FHW13079	589.500 	 92.312 	 65.700
FHW13079	589.625 	 92.740 	 65.482
FHW13079	589.750 	 92.288 	 65.902
FHW13079	589.875 	 92.747 	 65.476
FHW13079	590.000 	 92.288 	 65.902
FHW13079	590.125 	 92.767 	 65.284
FHW13079	590.250 	 92.288 	 65.902
FHW13079	590.375 	 92.740 	 65.482
FHW13079	590.500 	 92.295 	 65.890
FHW13079	590.625 	 92.760 	 65.296
FHW13079	590.750 	 92.295 	 65.890
FHW13079	590.875 	 92.740 	 65.482
FHW13079	591.000 	 92.295 	 65.902
FHW13079	591.125 	 92.740 	 65.476
FHW13079	591.250 	 92.312 	 65.712
FHW13079	591.375 	 92.288 	 65.890
FHW13079	591.500 	 92.756 	 65.902
FHW13079	591.625 	 92.288 	 65.902
FHW13079	591.750 	 92.756 	 65.890
FHW13079	591.875 	 92.288 	 65.902
FHW13079	592.000 	 92.295 	 65.897
FHW13079	592.125 	 92.749 	 65.896
FHW13079	592.250 	 92.295 	 65.897
FHW13079	592.375 	 92.749 	 65.902
FHW13079	592.500 	 92.295 	 65.890
FHW13079	592.625 	 92.288 	 65.902
FHW13079	592.750 	 92.756 	 65.897
FHW13079	592.875 	 92.288 	 65.896
FHW13079	593.000 	 92.756 	 65.902
FHW13079	593.125 	 92.288 	 65.897
FHW13079	593.250 	 92.749 	 65.896
FHW13079	593.375 	 92.295 	 65.897
FHW13079	593.500 	 92.295 	 65.902
FHW13079	593.625 	 92.749 	 65.890
FHW13079	593.750 	 92.295 	 65.902
FHW13079	593.875 	 92.749 	 65.897
FHW13079	594.000 	 92.295 	 65.896
FHW13079	594.125 	 92.288 	 65.902
FHW13079	594.250 	 92.749 	 65.897
FHW13079	594.375 	 92.295 	 65.896
FHW13079	594.500 	 92.749 	 65.897
FHW13079	594.625 	 92.295 	 65.902
FHW13079	594.750 	 92.295 	 65.890
FHW13079	594.875 	 92.749 	 65.902
FHW13079	595.000 	 92.295 	 65.897
FHW13079	595.125 	 92.749 	 65.896
FHW13079	595.250 	 92.295 	 65.902
FHW13079	595.375 	 92.749 	 65.897
FHW13079	595.500 	 92.288 	 65.896
FHW13079	595.625 	 92.295 	 65.897
FHW13079	595.750 	 92.749 	 65.902
FHW13079	595.875 	 92.295 	 65.890
FHW13079	596.000 	 92.749 	 65.902
FHW13079	596.125 	 92.295 	 65.897
FHW13079	596.250 	 92.295 	 65.896
FHW13079	596.375 	 92.749 	 65.897
FHW13079	596.500 	 92.288 	 65.902
FHW13079	596.625 	 92.756 	 65.896
FHW13079	596.750 	 92.288 	 65.897
FHW13079	596.875 	 92.295 	 65.902
FHW13079	597.000 	 92.749 	 65.890
FHW13079	597.125 	 92.295 	 65.902
FHW13079	597.250 	 92.749 	 65.897
FHW13079	597.375 	 92.295 	 65.896
FHW13079	597.500 	 92.295 	 65.897
FHW13079	597.625 	 92.749 	 65.902
FHW13079	597.750 	 92.288 	 65.896
FHW13079	597.875 	 92.756 	 65.897
FHW13079	598.000 	 92.288 	 65.902
FHW13079	598.125 	 92.295 	 65.890
FHW13079	598.250 	 92.749 	 65.902
FHW13079	598.375 	 92.295 	 65.897
FHW13079	598.500 	 92.749 	 65.896
FHW13079	598.625 	 92.295 	 65.897
FHW13079	598.750 	 92.749 	 65.902
FHW13079	598.875 	 92.295 	 65.896
FHW13079	599.000 	 92.288 	 65.897
FHW13079	599.125 	 92.756 	 65.902
FHW13079	599.250 	 92.288 	 65.890
FHW13079	599.375 	 92.749 	 65.902
FHW13079	599.500 	 92.295 	 65.897
FHW13079	599.625 	 92.295 	 65.896
FHW13079	599.750 	 92.749 	 65.897
FHW13079	599.875 	 92.295 	 65.902
FHW13079	600.000 	 92.749 	 65.890
FHW13079	600.125 	 92.295 	 65.902
FHW13079	600.250 	 92.288 	 65.902
FHW13079	600.375 	 92.756 	 65.890
FHW13079	600.500 	 92.288 	 65.902
FHW13079	600.625 	 92.749 	 65.897
FHW13079	600.750 	 92.295 	 65.896
FHW13079	600.875 	 92.295 	 65.897
FHW13079	601.000 	 92.749 	 65.902
FHW13079	601.125 	 92.295 	 65.890
FHW13079	601.250 	 92.749 	 65.902
FHW13079	601.375 	 92.295 	 65.902
FHW13079	601.500 	 92.749 	 65.890
FHW13079	601.625 	 92.288 	 65.902
FHW13079	601.750 	 92.295 	 65.897
FHW13079	601.875 	 92.749 	 65.896
FHW13079	602.000 	 92.295 	 65.897
FHW13079	602.125 	 92.749 	 65.902
FHW13079	602.250 	 92.295 	 65.890
FHW13079	602.375 	 92.295 	 65.902
FHW13079	602.500 	 92.749 	 65.902
FHW13079	602.625 	 92.295 	 65.890
FHW13079	602.750 	 92.749 	 65.902
FHW13079	602.875 	 92.288 	 65.897
FHW13079	603.000 	 92.295 	 65.896
FHW13079	603.125 	 92.749 	 65.897
FHW13079	603.250 	 92.295 	 65.902
FHW13079	603.375 	 92.749 	 65.890
FHW13079	603.500 	 92.295 	 65.902
FHW13079	603.625 	 92.295 	 65.902
FHW13079	603.750 	 92.749 	 65.890
FHW13079	603.875 	 92.288 	 65.902
FHW13079	604.000 	 92.756 	 65.897
FHW13079	604.125 	 92.288 	 65.896
FHW13079	604.250 	 92.756 	 65.897
FHW13079	604.375 	 92.288 	 65.902
FHW13079	604.500 	 92.295 	 65.890
FHW13079	604.625 	 92.749 	 65.902
FHW13079	604.750 	 92.295 	 65.897
FHW13079	604.875 	 92.749 	 65.896
FHW13079	605.000 	 92.295 	 65.902
FHW13079	605.125 	 92.288 	 65.897
FHW13079	605.250 	 92.756 	 65.896
FHW13079	605.375 	 92.288 	 65.897
FHW13079	605.500 	 92.756 	 65.902
FHW13079	605.625 	 92.288 	 65.890
FHW13079	605.750 	 92.295 	 65.902
FHW13079	605.875 	 92.749 	 65.897
FHW13079	606.000 	 92.302 	 66.319
FHW13079	606.125 	 92.749 	 65.896
FHW13079	606.250 	 92.295 	 65.897
FHW13079	606.375 	 92.288 	 65.902
FHW13079	606.500 	 92.756 	 65.890
FHW13079	606.625 	 92.288 	 65.902
FHW13079	606.750 	 92.749 	 65.897
FHW13079	606.875 	 92.295 	 65.896
FHW13079	607.000 	 92.749 	 65.897
FHW13079	607.125 	 92.295 	 65.902
FHW13079	607.250 	 92.295 	 65.896
FHW13079	607.375 	 92.749 	 65.897
FHW13079	607.500 	 92.295 	 65.902
FHW13079	607.625 	 92.749 	 65.890
FHW13079	607.750 	 92.295 	 65.902
FHW13079	607.875 	 92.288 	 65.897
FHW13079	608.000 	 92.749 	 65.896
FHW13079	608.125 	 92.295 	 65.897
FHW13079	608.250 	 92.749 	 65.902
FHW13079	608.375 	 92.295 	 65.890
FHW13079	608.500 	 92.295 	 65.902
FHW13079	608.625 	 92.749 	 65.902
FHW13079	608.750 	 92.295 	 65.890
FHW13079	608.875 	 92.749 	 65.902
FHW13079	609.000 	 92.288 	 65.897
FHW13079	609.125 	 92.295 	 65.896
FHW13079	609.250 	 92.749 	 65.897
FHW13079	609.375 	 92.295 	 65.902
FHW13079	609.500 	 92.749 	 65.890
FHW13079	609.625 	 92.295 	 65.902
FHW13079	609.750 	 92.295 	 65.902
FHW13079	609.875 	 92.749 	 65.890
FHW13079	610.000 	 92.302 	 66.319
FHW13079	610.125 	 92.286 	 66.922
FHW13079	610.250 	 92.293 	 66.922
FHW13079	610.375 	 92.755 	 67.347
FHW13079	610.500 	 92.293 	 66.922
FHW13079	610.625 	 92.286 	 66.922
FHW13079	610.750 	 92.300 	 67.347
FHW13079	610.875 	 92.293 	 66.922
FHW13079	611.000 	 92.286 	 66.915
FHW13079	611.125 	 92.300 	 67.353
FHW13079	611.250 	 92.293 	 66.915
FHW13079	611.375 	 92.755 	 67.348
FHW13079	611.500 	 92.293 	 66.915
FHW13079	611.625 	 92.285 	 66.927
FHW13079	611.750 	 92.300 	 67.341
FHW13079	611.875 	 92.293 	 66.922
FHW13079	612.000 	 92.285 	 66.927
FHW13079	612.125 	 92.283 	 67.518
FHW13079	612.250 	 92.293 	 66.922
FHW13079	612.375 	 92.746 	 66.927
FHW13079	612.500 	 92.300 	 67.341
FHW13079	612.625 	 92.286 	 66.922
FHW13079	612.750 	 92.293 	 66.915
FHW13079	612.875 	 92.300 	 67.353
FHW13079	613.000 	 92.286 	 66.915
FHW13079	613.125 	 92.293 	 66.922
FHW13079	613.250 	 92.300 	 67.347
FHW13079	613.375 	 92.747 	 66.922
FHW13079	613.500 	 92.300 	 67.341
FHW13079	613.625 	 92.285 	 66.927
FHW13079	613.750 	 92.293 	 66.922
FHW13079	613.875 	 92.300 	 67.341
FHW13079	614.000 	 92.285 	 66.927
FHW13079	614.125 	 92.293 	 66.922
FHW13079	614.250 	 92.300 	 67.341
FHW13079	614.375 	 92.746 	 66.927
FHW13079	614.500 	 92.293 	 66.915
FHW13079	614.625 	 92.293 	 67.348
FHW13079	614.750 	 92.292 	 66.921
FHW13079	614.875 	 92.293 	 66.922
FHW13079	615.000 	 92.293 	 67.341
FHW13079	615.125 	 92.292 	 66.927
FHW13079	615.250 	 92.293 	 66.922
FHW13079	615.375 	 92.755 	 67.341
FHW13079	615.500 	 92.292 	 66.927
FHW13079	615.625 	 92.286 	 66.922
FHW13079	615.750 	 92.300 	 67.341
FHW13079	615.875 	 92.293 	 66.922
FHW13079	616.000 	 92.293 	 67.347
FHW13079	616.125 	 92.293 	 66.922
FHW13079	616.250 	 92.293 	 66.915
FHW13079	616.375 	 92.755 	 67.353
FHW13079	616.500 	 92.293 	 66.915
FHW13079	616.625 	 92.286 	 66.922
FHW13079	616.750 	 92.300 	 67.347
FHW13079	616.875 	 92.276 	 67.101
FHW13079	617.000 	 92.286 	 66.922
FHW13079	617.125 	 92.300 	 67.341
FHW13079	617.250 	 92.292 	 66.927
FHW13079	617.375 	 92.747 	 66.922
FHW13079	617.500 	 92.300 	 67.341
FHW13079	617.625 	 92.285 	 66.927
FHW13079	617.750 	 92.293 	 66.915
FHW13079	617.875 	 92.300 	 67.348
FHW13079	618.000 	 92.285 	 66.921
FHW13079	618.125 	 92.300 	 67.348
FHW13079	618.250 	 92.293 	 66.915
FHW13079	618.375 	 92.746 	 66.927
FHW13079	618.500 	 92.300 	 67.341
FHW13079	618.625 	 92.286 	 66.922
FHW13079	618.750 	 92.292 	 66.927
FHW13079	618.875 	 92.300 	 67.341
FHW13079	619.000 	 92.286 	 66.922
FHW13079	619.125 	 92.292 	 66.927
FHW13079	619.250 	 92.300 	 67.341
FHW13079	619.375 	 92.747 	 66.922
FHW13079	619.500 	 92.292 	 66.921
FHW13079	619.625 	 92.293 	 67.348
FHW13079	619.750 	 92.293 	 66.915
FHW13079	619.875 	 92.293 	 66.922
FHW13079	620.000 	 92.293 	 67.347
FHW13079	620.125 	 92.293 	 66.922
FHW13079	620.250 	 92.300 	 67.341
FHW13079	620.375 	 92.746 	 66.927
FHW13079	620.500 	 92.293 	 66.922
FHW13079	620.625 	 92.293 	 67.341
FHW13079	620.750 	 92.292 	 66.927
FHW13079	620.875 	 92.293 	 66.922
FHW13079	621.000 	 92.293 	 67.341
FHW13079	621.125 	 92.292 	 66.927
FHW13079	621.250 	 92.293 	 66.915
FHW13079	621.375 	 92.755 	 67.348
FHW13079	621.500 	 92.269 	 67.095
FHW13079	621.625 	 92.292 	 66.927
FHW13079	621.750 	 92.300 	 67.341
FHW13079	621.875 	 92.293 	 66.922
FHW13079	622.000 	 92.285 	 66.927
FHW13079	622.125 	 92.300 	 67.341
FHW13079	622.250 	 92.293 	 66.922
FHW13079	622.375 	 92.746 	 66.927
FHW13079	622.500 	 92.293 	 67.341
FHW13079	622.625 	 92.293 	 66.922
FHW13079	622.750 	 92.300 	 67.347
FHW13079	622.875 	 92.293 	 66.922
FHW13079	623.000 	 92.286 	 66.915
FHW13079	623.125 	 92.300 	 67.353
FHW13079	623.250 	 92.293 	 66.915
FHW13079	623.375 	 92.747 	 66.922
FHW13079	623.500 	 92.293 	 67.347
FHW13079	623.625 	 92.293 	 66.922
FHW13079	623.750 	 92.293 	 66.922
FHW13079	623.875 	 92.293 	 67.341
FHW13079	624.000 	 92.292 	 66.927
FHW13079	624.125 	 92.293 	 66.922
FHW13079	624.250 	 92.300 	 67.341
FHW13079	624.375 	 92.746 	 66.927
FHW13079	624.500 	 92.286 	 66.915
FHW13079	624.625 	 92.300 	 67.348
FHW13079	624.750 	 92.292 	 66.921
FHW13079	624.875 	 92.293 	 67.348
FHW13079	625.000 	 92.293 	 66.915
FHW13079	625.125 	 92.292 	 66.927
FHW13079	625.250 	 92.300 	 67.341
FHW13079	625.375 	 92.747 	 66.922
FHW13079	625.500 	 92.285 	 66.927
FHW13079	625.625 	 92.300 	 67.341
FHW13079	625.750 	 92.293 	 66.922
FHW13079	625.875 	 92.285 	 66.927
FHW13079	626.000 	 92.300 	 67.341
FHW13079	626.125 	 92.293 	 66.922
FHW13079	626.250 	 92.269 	 67.095
FHW13079	626.375 	 92.762 	 67.353
FHW13079	626.500 	 92.286 	 66.915
FHW13079	626.625 	 92.293 	 66.922
FHW13079	626.750 	 92.300 	 67.347
FHW13079	626.875 	 92.286 	 66.922
FHW13079	627.000 	 92.300 	 67.341
FHW13079	627.125 	 92.292 	 66.927
FHW13079	627.250 	 92.286 	 66.922
FHW13079	627.375 	 92.762 	 67.341
FHW13079	627.500 	 92.285 	 66.927
FHW13079	627.625 	 92.293 	 66.922
FHW13079	627.750 	 92.300 	 67.341
FHW13079	627.875 	 92.286 	 66.922
FHW13079	628.000 	 92.292 	 66.921
FHW13079	628.125 	 92.300 	 67.348
FHW13079	628.250 	 92.747 	 66.915
FHW13079	628.375 	 92.292 	 66.927
FHW13079	628.500 	 92.293 	 67.341
FHW13079	628.625 	 92.293 	 66.922
FHW13079	628.750 	 92.292 	 66.927
FHW13079	628.875 	 92.751 	 68.366
FHW13079	629.000 	 92.290 	 67.944
FHW13079	629.125 	 92.764 	 67.770
FHW13079	629.250 	 92.751 	 68.366
FHW13079	629.375 	 92.743 	 67.944
FHW13079	629.500 	 92.297 	 68.366
FHW13079	629.625 	 92.743 	 67.950
FHW13079	629.750 	 92.743 	 67.944
FHW13079	629.875 	 92.758 	 68.366
FHW13079	630.000 	 92.300 	 67.770
FHW13079	630.125 	 92.751 	 68.366
FHW13079	630.250 	 92.750 	 67.944
FHW13079	630.375 	 92.751 	 68.366
FHW13079	630.500 	 92.743 	 67.944
FHW13079	630.625 	 92.289 	 67.950
FHW13079	630.750 	 92.751 	 68.366
FHW13079	630.875 	 92.764 	 67.770
FHW13079	631.000 	 92.751 	 68.373
FHW13079	631.125 	 92.290 	 67.938
FHW13079	631.250 	 92.743 	 67.944
FHW13079	631.375 	 92.758 	 68.373
FHW13079	631.500 	 92.743 	 67.938
FHW13079	631.625 	 92.307 	 68.206
FHW13079	631.750 	 92.750 	 67.944
FHW13079	631.875 	 92.743 	 67.938
FHW13079	632.000 	 92.751 	 68.373
FHW13079	632.125 	 92.290 	 67.938
FHW13079	632.250 	 92.751 	 68.373
FHW13079	632.375 	 92.743 	 67.944
FHW13079	632.500 	 92.771 	 68.200
FHW13079	632.625 	 92.290 	 67.944
FHW13079	632.750 	 92.743 	 67.944
FHW13079	632.875 	 92.758 	 68.366
FHW13079	633.000 	 92.743 	 67.944
FHW13079	633.125 	 92.290 	 68.366
FHW13079	633.250 	 92.750 	 67.944
FHW13079	633.375 	 92.764 	 67.770
FHW13079	633.500 	 92.751 	 68.366
FHW13079	633.625 	 92.289 	 67.950
FHW13079	633.750 	 92.751 	 68.366
FHW13079	633.875 	 92.743 	 67.944
FHW13079	634.000 	 92.751 	 68.366
FHW13079	634.125 	 92.290 	 67.944
FHW13079	634.250 	 92.764 	 67.770
FHW13079	634.375 	 92.758 	 68.366
FHW13079	634.500 	 92.743 	 67.944
FHW13079	634.625 	 92.751 	 68.366
FHW13079	634.750 	 92.289 	 67.950
FHW13079	634.875 	 92.743 	 67.944
FHW13079	635.000 	 92.751 	 68.366
FHW13079	635.125 	 92.764 	 67.770
FHW13079	635.250 	 92.297 	 68.373
FHW13079	635.375 	 92.743 	 67.938
FHW13079	635.500 	 92.751 	 68.373
FHW13079	635.625 	 92.750 	 67.944
FHW13079	635.750 	 92.282 	 67.943
FHW13079	635.875 	 92.772 	 68.201
FHW13079	636.000 	 92.750 	 67.938
FHW13079	636.125 	 92.751 	 68.373
FHW13079	636.250 	 92.290 	 67.944
FHW13079	636.375 	 92.743 	 67.938
FHW13079	636.500 	 92.751 	 68.373
FHW13079	636.625 	 92.743 	 67.944
FHW13079	636.750 	 92.314 	 68.200
FHW13079	636.875 	 92.743 	 67.944
FHW13079	637.000 	 93.212 	 68.366
FHW13079	637.125 	 93.212 	 68.366
FHW13079	637.250 	 93.206 	 68.373
FHW13079	637.375 	 93.212 	 68.366
FHW13079	637.500 	 92.751 	 68.366
FHW13079	637.625 	 93.213 	 68.373
FHW13079	637.750 	 93.203 	 67.944
FHW13079	637.875 	 93.212 	 68.366
FHW13079	638.000 	 93.205 	 68.372
FHW13079	638.125 	 93.213 	 68.373
FHW13079	638.250 	 93.212 	 68.366
FHW13079	638.375 	 93.212 	 68.366
FHW13079	638.500 	 93.206 	 68.373
FHW13079	638.625 	 93.212 	 68.366
FHW13079	638.750 	 93.212 	 68.366
FHW13079	638.875 	 93.213 	 68.373
FHW13079	639.000 	 92.751 	 68.366
FHW13079	639.125 	 93.203 	 67.944
FHW13079	639.250 	 93.205 	 68.366
FHW13079	639.375 	 93.212 	 68.378
FHW13079	639.500 	 93.212 	 68.366
FHW13079	639.625 	 93.212 	 68.366
FHW13079	639.750 	 93.206 	 68.373
FHW13079	639.875 	 93.212 	 68.366
FHW13079	640.000 	 93.212 	 68.366
FHW13079	640.125 	 93.213 	 68.373
FHW13079	640.250 	 93.205 	 68.366
FHW13079	640.375 	 92.758 	 68.366
FHW13079	640.500 	 93.206 	 68.373
FHW13079	640.625 	 93.203 	 67.938
FHW13079	640.750 	 93.213 	 68.373
FHW13079	640.875 	 93.212 	 68.372
FHW13079	641.000 	 93.206 	 68.373
FHW13079	641.125 	 93.212 	 68.366
FHW13079	641.250 	 93.212 	 68.366
FHW13079	641.375 	 93.213 	 68.373
FHW13079	641.500 	 93.205 	 68.366
FHW13079	641.625 	 93.212 	 68.366
FHW13079	641.750 	 93.213 	 68.373
FHW13079	641.875 	 92.751 	 68.366
FHW13079	642.000 	 93.203 	 67.944
FHW13079	642.125 	 93.212 	 68.366
FHW13079	642.250 	 93.205 	 68.372
FHW13079	642.375 	 93.213 	 68.373
FHW13079	642.500 	 93.212 	 68.366
FHW13079	642.625 	 93.212 	 68.366
FHW13079	642.750 	 93.206 	 68.373
FHW13079	642.875 	 93.212 	 68.366
FHW13079	643.000 	 93.212 	 68.366
FHW13079	643.125 	 93.213 	 68.373
FHW13079	643.250 	 92.751 	 68.366
FHW13079	643.375 	 93.213 	 68.373
FHW13079	643.500 	 93.196 	 67.938
FHW13079	643.625 	 93.212 	 68.378
FHW13079	643.750 	 93.212 	 68.366
FHW13079	643.875 	 93.212 	 68.366
FHW13079	644.000 	 93.206 	 68.373
