#WellName	 Depth.M	 INCL	 AZIM 
WellName	 Depth.M	 INCL	 AZIM 
FHW12233	0.000 	 0.000 	 0.000
FHW12233	0.125 	 0.349 	 51.000
FHW12233	0.250 	 0.349 	 51.000
FHW12233	0.375 	 0.349 	 51.000
FHW12233	0.500 	 0.349 	 51.000
FHW12233	0.625 	 0.349 	 51.000
FHW12233	0.750 	 0.349 	 51.000
FHW12233	0.875 	 0.349 	 51.000
FHW12233	1.000 	 0.349 	 51.000
FHW12233	1.125 	 0.349 	 51.000
FHW12233	1.250 	 0.349 	 51.000
FHW12233	1.375 	 0.349 	 51.000
FHW12233	1.500 	 0.349 	 51.000
FHW12233	1.625 	 0.349 	 51.000
FHW12233	1.750 	 0.349 	 51.000
FHW12233	1.875 	 0.349 	 51.000
FHW12233	2.000 	 0.349 	 51.000
FHW12233	2.125 	 0.349 	 51.000
FHW12233	2.250 	 0.349 	 51.000
FHW12233	2.375 	 0.349 	 51.000
FHW12233	2.500 	 0.349 	 51.000
FHW12233	2.625 	 0.349 	 51.000
FHW12233	2.750 	 0.349 	 51.000
FHW12233	2.875 	 0.349 	 51.000
FHW12233	3.000 	 0.349 	 51.000
FHW12233	3.125 	 0.349 	 51.000
FHW12233	3.250 	 0.349 	 51.000
FHW12233	3.375 	 0.349 	 51.000
FHW12233	3.500 	 0.349 	 51.000
FHW12233	3.625 	 0.349 	 51.000
FHW12233	3.750 	 0.349 	 51.000
FHW12233	3.875 	 0.349 	 51.000
FHW12233	4.000 	 0.349 	 51.000
FHW12233	4.125 	 0.349 	 51.000
FHW12233	4.250 	 0.349 	 51.000
FHW12233	4.375 	 0.349 	 51.000
FHW12233	4.500 	 0.349 	 51.000
FHW12233	4.625 	 0.349 	 51.000
FHW12233	4.750 	 0.349 	 51.000
FHW12233	4.875 	 0.349 	 51.000
FHW12233	5.000 	 0.349 	 51.000
FHW12233	5.125 	 0.349 	 51.000
FHW12233	5.250 	 0.349 	 51.000
FHW12233	5.375 	 0.349 	 51.000
FHW12233	5.500 	 0.349 	 51.000
FHW12233	5.625 	 0.349 	 51.000
FHW12233	5.750 	 0.349 	 51.000
FHW12233	5.875 	 0.349 	 51.000
FHW12233	6.000 	 0.349 	 51.000
FHW12233	6.125 	 0.349 	 51.000
FHW12233	6.250 	 0.349 	 51.000
FHW12233	6.375 	 0.349 	 51.000
FHW12233	6.500 	 0.349 	 51.000
FHW12233	6.625 	 0.349 	 51.000
FHW12233	6.750 	 0.349 	 51.000
FHW12233	6.875 	 0.349 	 51.000
FHW12233	7.000 	 0.349 	 51.000
FHW12233	7.125 	 0.349 	 51.000
FHW12233	7.250 	 0.349 	 51.000
FHW12233	7.375 	 0.349 	 51.000
FHW12233	7.500 	 0.349 	 51.000
FHW12233	7.625 	 0.349 	 51.000
FHW12233	7.750 	 0.349 	 51.000
FHW12233	7.875 	 0.349 	 51.000
FHW12233	8.000 	 0.349 	 51.000
FHW12233	8.125 	 0.349 	 51.000
FHW12233	8.250 	 0.349 	 51.000
FHW12233	8.375 	 0.349 	 51.000
FHW12233	8.500 	 0.349 	 51.000
FHW12233	8.625 	 0.349 	 51.000
FHW12233	8.750 	 0.349 	 51.000
FHW12233	8.875 	 0.349 	 51.000
FHW12233	9.000 	 0.349 	 51.000
FHW12233	9.125 	 0.349 	 51.000
FHW12233	9.250 	 0.349 	 51.000
FHW12233	9.375 	 0.349 	 51.000
FHW12233	9.500 	 0.349 	 51.000
FHW12233	9.625 	 0.349 	 51.000
FHW12233	9.750 	 0.349 	 51.000
FHW12233	9.875 	 0.349 	 51.000
FHW12233	10.000 	 0.349 	 51.000
FHW12233	10.125 	 0.349 	 51.000
FHW12233	10.250 	 0.349 	 51.000
FHW12233	10.375 	 0.349 	 51.000
FHW12233	10.500 	 0.349 	 51.000
FHW12233	10.625 	 0.349 	 51.000
FHW12233	10.750 	 0.349 	 51.000
FHW12233	10.875 	 0.349 	 51.000
FHW12233	11.000 	 0.349 	 51.000
FHW12233	11.125 	 0.349 	 51.000
FHW12233	11.250 	 0.349 	 51.000
FHW12233	11.375 	 0.349 	 51.000
FHW12233	11.500 	 0.349 	 51.000
FHW12233	11.625 	 0.349 	 51.000
FHW12233	11.750 	 0.349 	 51.000
FHW12233	11.875 	 0.349 	 51.000
FHW12233	12.000 	 0.349 	 51.000
FHW12233	12.125 	 0.349 	 51.000
FHW12233	12.250 	 0.349 	 51.000
FHW12233	12.375 	 0.349 	 51.000
FHW12233	12.500 	 0.349 	 51.000
FHW12233	12.625 	 0.349 	 51.000
FHW12233	12.750 	 0.349 	 51.000
FHW12233	12.875 	 0.349 	 51.000
FHW12233	13.000 	 0.349 	 51.000
FHW12233	13.125 	 0.349 	 51.000
FHW12233	13.250 	 0.349 	 51.000
FHW12233	13.375 	 0.349 	 51.000
FHW12233	13.500 	 0.349 	 51.000
FHW12233	13.625 	 0.349 	 51.000
FHW12233	13.750 	 0.349 	 51.000
FHW12233	13.875 	 0.349 	 51.000
FHW12233	14.000 	 0.349 	 51.000
FHW12233	14.125 	 0.349 	 51.000
FHW12233	14.250 	 0.349 	 51.000
FHW12233	14.375 	 0.349 	 51.000
FHW12233	14.500 	 0.349 	 51.000
FHW12233	14.625 	 0.349 	 51.000
FHW12233	14.750 	 0.349 	 51.000
FHW12233	14.875 	 0.349 	 51.000
FHW12233	15.000 	 0.349 	 51.000
FHW12233	15.125 	 0.349 	 51.000
FHW12233	15.250 	 0.349 	 51.000
FHW12233	15.375 	 0.349 	 51.000
FHW12233	15.500 	 0.349 	 51.000
FHW12233	15.625 	 0.349 	 51.000
FHW12233	15.750 	 0.349 	 51.000
FHW12233	15.875 	 0.349 	 51.000
FHW12233	16.000 	 0.349 	 51.000
FHW12233	16.125 	 0.349 	 51.000
FHW12233	16.250 	 0.349 	 51.000
FHW12233	16.375 	 0.349 	 51.000
FHW12233	16.500 	 0.349 	 51.000
FHW12233	16.625 	 0.349 	 51.000
FHW12233	16.750 	 0.349 	 51.000
FHW12233	16.875 	 0.349 	 51.000
FHW12233	17.000 	 0.349 	 51.000
FHW12233	17.125 	 0.349 	 51.000
FHW12233	17.250 	 0.349 	 51.000
FHW12233	17.375 	 0.349 	 51.000
FHW12233	17.500 	 0.349 	 51.000
FHW12233	17.625 	 0.349 	 51.000
FHW12233	17.750 	 0.349 	 51.000
FHW12233	17.875 	 0.349 	 51.000
FHW12233	18.000 	 0.349 	 51.000
FHW12233	18.125 	 0.349 	 51.000
FHW12233	18.250 	 0.349 	 51.000
FHW12233	18.375 	 0.349 	 51.000
FHW12233	18.500 	 0.349 	 51.000
FHW12233	18.625 	 0.349 	 51.000
FHW12233	18.750 	 0.349 	 51.000
FHW12233	18.875 	 0.349 	 51.000
FHW12233	19.000 	 0.349 	 51.000
FHW12233	19.125 	 0.349 	 51.000
FHW12233	19.250 	 0.349 	 51.000
FHW12233	19.375 	 0.349 	 51.000
FHW12233	19.500 	 0.349 	 51.000
FHW12233	19.625 	 0.349 	 51.000
FHW12233	19.750 	 0.349 	 51.000
FHW12233	19.875 	 0.349 	 51.000
FHW12233	20.000 	 0.349 	 51.000
FHW12233	20.125 	 0.349 	 51.000
FHW12233	20.250 	 0.349 	 51.000
FHW12233	20.375 	 0.349 	 51.000
FHW12233	20.500 	 0.349 	 51.000
FHW12233	20.625 	 0.349 	 51.000
FHW12233	20.750 	 0.349 	 51.000
FHW12233	20.875 	 0.349 	 51.000
FHW12233	21.000 	 0.349 	 51.000
FHW12233	21.125 	 0.349 	 51.000
FHW12233	21.250 	 0.349 	 51.000
FHW12233	21.375 	 0.349 	 51.000
FHW12233	21.500 	 0.349 	 51.000
FHW12233	21.625 	 0.349 	 51.000
FHW12233	21.750 	 0.349 	 51.000
FHW12233	21.875 	 0.349 	 50.999
FHW12233	22.000 	 0.349 	 51.000
FHW12233	22.125 	 0.349 	 51.000
FHW12233	22.250 	 0.349 	 51.000
FHW12233	22.375 	 0.349 	 51.000
FHW12233	22.500 	 0.349 	 51.000
FHW12233	22.625 	 0.349 	 51.000
FHW12233	22.750 	 0.349 	 51.000
FHW12233	22.875 	 0.349 	 51.000
FHW12233	23.000 	 0.349 	 51.000
FHW12233	23.125 	 0.349 	 51.000
FHW12233	23.250 	 0.349 	 51.000
FHW12233	23.375 	 0.349 	 51.000
FHW12233	23.500 	 0.349 	 51.000
FHW12233	23.625 	 0.349 	 51.000
FHW12233	23.750 	 0.349 	 51.000
FHW12233	23.875 	 0.349 	 51.000
FHW12233	24.000 	 0.349 	 51.000
FHW12233	24.125 	 0.349 	 51.000
FHW12233	24.250 	 0.430 	 71.203
FHW12233	24.375 	 1.155 	 104.460
FHW12233	24.500 	 1.155 	 104.460
FHW12233	24.625 	 1.155 	 104.460
FHW12233	24.750 	 1.155 	 104.460
FHW12233	24.875 	 1.155 	 104.460
FHW12233	25.000 	 1.155 	 104.460
FHW12233	25.125 	 1.155 	 104.460
FHW12233	25.250 	 1.155 	 104.460
FHW12233	25.375 	 1.155 	 104.460
FHW12233	25.500 	 1.155 	 104.460
FHW12233	25.625 	 1.155 	 104.460
FHW12233	25.750 	 1.155 	 104.460
FHW12233	25.875 	 1.155 	 104.460
FHW12233	26.000 	 1.155 	 104.460
FHW12233	26.125 	 1.155 	 104.460
FHW12233	26.250 	 1.155 	 104.460
FHW12233	26.375 	 1.155 	 104.460
FHW12233	26.500 	 1.155 	 104.460
FHW12233	26.625 	 1.155 	 104.460
FHW12233	26.750 	 1.155 	 104.460
FHW12233	26.875 	 1.155 	 104.460
FHW12233	27.000 	 1.155 	 104.460
FHW12233	27.125 	 1.155 	 104.460
FHW12233	27.250 	 1.155 	 104.460
FHW12233	27.375 	 1.155 	 104.460
FHW12233	27.500 	 1.155 	 104.460
FHW12233	27.625 	 1.155 	 104.460
FHW12233	27.750 	 1.155 	 104.460
FHW12233	27.875 	 1.155 	 104.460
FHW12233	28.000 	 1.155 	 104.460
FHW12233	28.125 	 1.155 	 104.460
FHW12233	28.250 	 1.155 	 104.460
FHW12233	28.375 	 1.155 	 104.460
FHW12233	28.500 	 1.155 	 104.460
FHW12233	28.625 	 1.155 	 104.460
FHW12233	28.750 	 1.155 	 104.460
FHW12233	28.875 	 1.155 	 104.460
FHW12233	29.000 	 1.155 	 104.460
FHW12233	29.125 	 1.155 	 104.460
FHW12233	29.250 	 1.155 	 104.460
FHW12233	29.375 	 1.155 	 104.460
FHW12233	29.500 	 1.155 	 104.460
FHW12233	29.625 	 1.155 	 104.460
FHW12233	29.750 	 1.155 	 104.460
FHW12233	29.875 	 1.155 	 104.460
FHW12233	30.000 	 1.155 	 104.460
FHW12233	30.125 	 1.155 	 104.460
FHW12233	30.250 	 1.155 	 104.460
FHW12233	30.375 	 1.155 	 104.460
FHW12233	30.500 	 1.155 	 104.460
FHW12233	30.625 	 1.155 	 104.460
FHW12233	30.750 	 1.155 	 104.460
FHW12233	30.875 	 1.155 	 104.460
FHW12233	31.000 	 1.155 	 104.460
FHW12233	31.125 	 1.635 	 107.310
FHW12233	31.250 	 1.635 	 107.310
FHW12233	31.375 	 1.635 	 107.310
FHW12233	31.500 	 1.635 	 107.310
FHW12233	31.625 	 1.635 	 107.310
FHW12233	31.750 	 1.635 	 107.310
FHW12233	31.875 	 1.635 	 107.310
FHW12233	32.000 	 1.635 	 107.310
FHW12233	32.125 	 1.635 	 107.310
FHW12233	32.250 	 1.635 	 107.310
FHW12233	32.375 	 1.635 	 107.310
FHW12233	32.500 	 1.635 	 107.310
FHW12233	32.625 	 1.635 	 107.310
FHW12233	32.750 	 1.635 	 107.310
FHW12233	32.875 	 1.635 	 107.310
FHW12233	33.000 	 1.635 	 107.310
FHW12233	33.125 	 1.635 	 107.310
FHW12233	33.250 	 1.635 	 107.310
FHW12233	33.375 	 1.635 	 107.310
FHW12233	33.500 	 2.757 	 89.085
FHW12233	33.625 	 2.808 	 88.650
FHW12233	33.750 	 2.808 	 88.650
FHW12233	33.875 	 2.808 	 88.650
FHW12233	34.000 	 2.808 	 88.650
FHW12233	34.125 	 2.808 	 88.650
FHW12233	34.250 	 2.808 	 88.650
FHW12233	34.375 	 2.808 	 88.650
FHW12233	34.500 	 2.808 	 88.650
FHW12233	34.625 	 2.808 	 88.650
FHW12233	34.750 	 2.808 	 88.650
FHW12233	34.875 	 2.808 	 88.650
FHW12233	35.000 	 2.808 	 88.650
FHW12233	35.125 	 2.808 	 88.650
FHW12233	35.250 	 2.808 	 88.650
FHW12233	35.375 	 2.808 	 88.650
FHW12233	35.500 	 2.808 	 88.650
FHW12233	35.625 	 2.808 	 88.650
FHW12233	35.750 	 2.808 	 88.650
FHW12233	35.875 	 2.808 	 88.650
FHW12233	36.000 	 2.808 	 88.650
FHW12233	36.125 	 2.808 	 88.650
FHW12233	36.250 	 2.808 	 88.650
FHW12233	36.375 	 2.808 	 88.650
FHW12233	36.500 	 2.808 	 88.650
FHW12233	36.625 	 2.808 	 88.650
FHW12233	36.750 	 2.808 	 88.650
FHW12233	36.875 	 2.808 	 88.650
FHW12233	37.000 	 2.808 	 88.650
FHW12233	37.125 	 2.808 	 88.650
FHW12233	37.250 	 2.808 	 88.650
FHW12233	37.375 	 2.808 	 88.650
FHW12233	37.500 	 2.808 	 88.650
FHW12233	37.625 	 2.808 	 88.650
FHW12233	37.750 	 2.808 	 88.650
FHW12233	37.875 	 2.808 	 88.650
FHW12233	38.000 	 2.808 	 88.650
FHW12233	38.125 	 2.808 	 88.650
FHW12233	38.250 	 2.808 	 88.650
FHW12233	38.375 	 2.808 	 88.650
FHW12233	38.500 	 2.808 	 88.650
FHW12233	38.625 	 2.808 	 88.650
FHW12233	38.750 	 2.808 	 88.650
FHW12233	38.875 	 2.808 	 88.650
FHW12233	39.000 	 2.808 	 88.650
FHW12233	39.125 	 2.808 	 88.650
FHW12233	39.250 	 2.808 	 88.650
FHW12233	39.375 	 2.808 	 88.650
FHW12233	39.500 	 2.808 	 88.650
FHW12233	39.625 	 2.808 	 88.650
FHW12233	39.750 	 2.808 	 88.650
FHW12233	39.875 	 2.808 	 88.650
FHW12233	40.000 	 2.808 	 88.650
FHW12233	40.125 	 2.808 	 88.650
FHW12233	40.250 	 2.808 	 88.650
FHW12233	40.375 	 2.808 	 88.650
FHW12233	40.500 	 2.808 	 88.650
FHW12233	40.625 	 2.808 	 88.650
FHW12233	40.750 	 2.808 	 88.650
FHW12233	40.875 	 2.808 	 88.650
FHW12233	41.000 	 2.808 	 88.650
FHW12233	41.125 	 2.808 	 88.650
FHW12233	41.250 	 2.808 	 88.650
FHW12233	41.375 	 2.808 	 88.650
FHW12233	41.500 	 2.808 	 88.650
FHW12233	41.625 	 2.808 	 88.650
FHW12233	41.750 	 2.808 	 88.650
FHW12233	41.875 	 2.808 	 88.650
FHW12233	42.000 	 2.808 	 88.650
FHW12233	42.125 	 2.808 	 88.650
FHW12233	42.250 	 2.808 	 88.650
FHW12233	42.375 	 2.808 	 88.650
FHW12233	42.500 	 2.808 	 88.650
FHW12233	42.625 	 3.205 	 79.934
FHW12233	42.750 	 5.210 	 60.850
FHW12233	42.875 	 5.210 	 60.850
FHW12233	43.000 	 5.210 	 60.850
FHW12233	43.125 	 5.210 	 60.850
FHW12233	43.250 	 5.210 	 60.850
FHW12233	43.375 	 5.210 	 60.850
FHW12233	43.500 	 5.210 	 60.850
FHW12233	43.625 	 5.210 	 60.850
FHW12233	43.750 	 5.210 	 60.850
FHW12233	43.875 	 5.210 	 60.850
FHW12233	44.000 	 5.210 	 60.850
FHW12233	44.125 	 5.210 	 60.850
FHW12233	44.250 	 5.210 	 60.850
FHW12233	44.375 	 5.210 	 60.850
FHW12233	44.500 	 5.210 	 60.850
FHW12233	44.625 	 5.210 	 60.850
FHW12233	44.750 	 5.210 	 60.850
FHW12233	44.875 	 5.210 	 60.850
FHW12233	45.000 	 5.210 	 60.850
FHW12233	45.125 	 5.210 	 60.850
FHW12233	45.250 	 5.210 	 60.850
FHW12233	45.375 	 5.210 	 60.850
FHW12233	45.500 	 5.210 	 60.850
FHW12233	45.625 	 5.210 	 60.850
FHW12233	45.750 	 5.210 	 60.850
FHW12233	45.875 	 5.210 	 60.850
FHW12233	46.000 	 5.210 	 60.850
FHW12233	46.125 	 5.210 	 60.850
FHW12233	46.250 	 5.210 	 60.850
FHW12233	46.375 	 5.210 	 60.850
FHW12233	46.500 	 5.210 	 60.850
FHW12233	46.625 	 5.210 	 60.850
FHW12233	46.750 	 5.210 	 60.850
FHW12233	46.875 	 5.210 	 60.850
FHW12233	47.000 	 5.210 	 60.850
FHW12233	47.125 	 5.210 	 60.850
FHW12233	47.250 	 5.210 	 60.850
FHW12233	47.375 	 5.210 	 60.850
FHW12233	47.500 	 5.210 	 60.850
FHW12233	47.625 	 5.210 	 60.850
FHW12233	47.750 	 5.210 	 60.850
FHW12233	47.875 	 5.210 	 60.850
FHW12233	48.000 	 5.210 	 60.850
FHW12233	48.125 	 5.210 	 60.850
FHW12233	48.250 	 5.210 	 60.850
FHW12233	48.375 	 5.210 	 60.850
FHW12233	48.500 	 5.210 	 60.850
FHW12233	48.625 	 5.210 	 60.850
FHW12233	48.750 	 5.210 	 60.850
FHW12233	48.875 	 5.210 	 60.850
FHW12233	49.000 	 5.210 	 60.850
FHW12233	49.125 	 5.210 	 60.850
FHW12233	49.250 	 5.210 	 60.850
FHW12233	49.375 	 5.210 	 60.850
FHW12233	49.500 	 5.210 	 60.850
FHW12233	49.625 	 5.210 	 60.850
FHW12233	49.750 	 5.210 	 60.850
FHW12233	49.875 	 5.210 	 60.850
FHW12233	50.000 	 5.210 	 60.850
FHW12233	50.125 	 5.210 	 60.850
FHW12233	50.250 	 5.210 	 60.850
FHW12233	50.375 	 5.210 	 60.850
FHW12233	50.500 	 5.210 	 60.850
FHW12233	50.625 	 5.210 	 60.850
FHW12233	50.750 	 5.210 	 60.850
FHW12233	50.875 	 5.210 	 60.850
FHW12233	51.000 	 5.210 	 60.850
FHW12233	51.125 	 5.210 	 60.850
FHW12233	51.250 	 5.210 	 60.850
FHW12233	51.375 	 5.210 	 60.850
FHW12233	51.500 	 5.210 	 60.850
FHW12233	51.625 	 5.210 	 60.850
FHW12233	51.750 	 5.653 	 57.861
FHW12233	51.875 	 8.142 	 47.750
FHW12233	52.000 	 8.142 	 47.750
FHW12233	52.125 	 8.142 	 47.750
FHW12233	52.250 	 8.142 	 47.750
FHW12233	52.375 	 8.142 	 47.750
FHW12233	52.500 	 8.142 	 47.750
FHW12233	52.625 	 8.142 	 47.750
FHW12233	52.750 	 8.142 	 47.750
FHW12233	52.875 	 8.142 	 47.750
FHW12233	53.000 	 8.142 	 47.750
FHW12233	53.125 	 8.142 	 47.750
FHW12233	53.250 	 8.142 	 47.750
FHW12233	53.375 	 8.142 	 47.750
FHW12233	53.500 	 8.142 	 47.750
FHW12233	53.625 	 8.142 	 47.750
FHW12233	53.750 	 8.142 	 47.750
FHW12233	53.875 	 8.142 	 47.750
FHW12233	54.000 	 8.142 	 47.750
FHW12233	54.125 	 8.142 	 47.750
FHW12233	54.250 	 8.142 	 47.750
FHW12233	54.375 	 8.142 	 47.750
FHW12233	54.500 	 8.142 	 47.750
FHW12233	54.625 	 8.142 	 47.750
FHW12233	54.750 	 8.142 	 47.750
FHW12233	54.875 	 8.142 	 47.750
FHW12233	55.000 	 8.142 	 47.750
FHW12233	55.125 	 8.142 	 47.750
FHW12233	55.250 	 8.142 	 47.750
FHW12233	55.375 	 8.142 	 47.750
FHW12233	55.500 	 8.142 	 47.750
FHW12233	55.625 	 8.142 	 47.750
FHW12233	55.750 	 8.142 	 47.750
FHW12233	55.875 	 8.142 	 47.750
FHW12233	56.000 	 8.142 	 47.750
FHW12233	56.125 	 8.142 	 47.750
FHW12233	56.250 	 8.142 	 47.750
FHW12233	56.375 	 8.142 	 47.750
FHW12233	56.500 	 8.142 	 47.750
FHW12233	56.625 	 8.142 	 47.750
FHW12233	56.750 	 8.142 	 47.750
FHW12233	56.875 	 8.142 	 47.750
FHW12233	57.000 	 8.142 	 47.750
FHW12233	57.125 	 8.142 	 47.750
FHW12233	57.250 	 8.142 	 47.750
FHW12233	57.375 	 8.142 	 47.750
FHW12233	57.500 	 8.142 	 47.750
FHW12233	57.625 	 8.142 	 47.750
FHW12233	57.750 	 8.142 	 47.750
FHW12233	57.875 	 8.142 	 47.750
FHW12233	58.000 	 8.142 	 47.750
FHW12233	58.125 	 8.142 	 47.750
FHW12233	58.250 	 8.142 	 47.749
FHW12233	58.375 	 8.142 	 47.750
FHW12233	58.500 	 8.142 	 47.750
FHW12233	58.625 	 8.142 	 47.750
FHW12233	58.750 	 8.142 	 47.750
FHW12233	58.875 	 8.142 	 47.750
FHW12233	59.000 	 8.142 	 47.749
FHW12233	59.125 	 8.142 	 47.750
FHW12233	59.250 	 8.142 	 47.750
FHW12233	59.375 	 8.142 	 47.750
FHW12233	59.500 	 8.142 	 47.750
FHW12233	59.625 	 8.142 	 47.750
FHW12233	59.750 	 8.142 	 47.750
FHW12233	59.875 	 8.142 	 47.750
FHW12233	60.000 	 8.142 	 47.750
FHW12233	60.125 	 8.142 	 47.750
FHW12233	60.250 	 8.142 	 47.750
FHW12233	60.375 	 8.142 	 47.750
FHW12233	60.500 	 8.142 	 47.749
FHW12233	60.625 	 8.142 	 47.750
FHW12233	60.750 	 8.142 	 47.750
FHW12233	60.875 	 8.142 	 47.750
FHW12233	61.000 	 8.142 	 47.750
FHW12233	61.125 	 9.402 	 45.345
FHW12233	61.250 	 11.669 	 42.350
FHW12233	61.375 	 11.669 	 42.350
FHW12233	61.500 	 11.669 	 42.350
FHW12233	61.625 	 11.669 	 42.350
FHW12233	61.750 	 11.669 	 42.350
FHW12233	61.875 	 11.669 	 42.350
FHW12233	62.000 	 11.669 	 42.350
FHW12233	62.125 	 11.669 	 42.350
FHW12233	62.250 	 11.669 	 42.350
FHW12233	62.375 	 11.669 	 42.350
FHW12233	62.500 	 11.669 	 42.350
FHW12233	62.625 	 11.670 	 42.350
FHW12233	62.750 	 11.669 	 42.350
FHW12233	62.875 	 11.669 	 42.350
FHW12233	63.000 	 11.669 	 42.350
FHW12233	63.125 	 11.669 	 42.350
FHW12233	63.250 	 11.669 	 42.350
FHW12233	63.375 	 11.669 	 42.350
FHW12233	63.500 	 11.669 	 42.350
FHW12233	63.625 	 11.669 	 42.350
FHW12233	63.750 	 11.669 	 42.350
FHW12233	63.875 	 11.669 	 42.350
FHW12233	64.000 	 11.669 	 42.350
FHW12233	64.125 	 11.669 	 42.350
FHW12233	64.250 	 11.670 	 42.350
FHW12233	64.375 	 11.669 	 42.350
FHW12233	64.500 	 11.670 	 42.350
FHW12233	64.625 	 11.669 	 42.350
FHW12233	64.750 	 11.670 	 42.350
FHW12233	64.875 	 11.669 	 42.350
FHW12233	65.000 	 11.670 	 42.350
FHW12233	65.125 	 11.669 	 42.350
FHW12233	65.250 	 11.670 	 42.350
FHW12233	65.375 	 11.669 	 42.350
FHW12233	65.500 	 11.670 	 42.350
FHW12233	65.625 	 11.669 	 42.350
FHW12233	65.750 	 11.670 	 42.350
FHW12233	65.875 	 11.669 	 42.350
FHW12233	66.000 	 11.670 	 42.349
FHW12233	66.125 	 11.670 	 42.350
FHW12233	66.250 	 11.669 	 42.350
FHW12233	66.375 	 11.670 	 42.350
FHW12233	66.500 	 11.669 	 42.350
FHW12233	66.625 	 11.670 	 42.350
FHW12233	66.750 	 11.669 	 42.350
FHW12233	66.875 	 11.670 	 42.350
FHW12233	67.000 	 11.669 	 42.350
FHW12233	67.125 	 11.670 	 42.350
FHW12233	67.250 	 11.669 	 42.350
FHW12233	67.375 	 11.670 	 42.350
FHW12233	67.500 	 11.669 	 42.350
FHW12233	67.625 	 11.670 	 42.350
FHW12233	67.750 	 11.669 	 42.350
FHW12233	67.875 	 11.670 	 42.350
FHW12233	68.000 	 11.669 	 42.350
FHW12233	68.125 	 11.670 	 42.350
FHW12233	68.250 	 11.669 	 42.350
FHW12233	68.375 	 11.670 	 42.350
FHW12233	68.500 	 11.670 	 42.350
FHW12233	68.625 	 11.669 	 42.349
FHW12233	68.750 	 11.670 	 42.350
FHW12233	68.875 	 11.669 	 42.350
FHW12233	69.000 	 11.670 	 42.350
FHW12233	69.125 	 11.669 	 42.350
FHW12233	69.250 	 11.670 	 42.349
FHW12233	69.375 	 11.669 	 42.350
FHW12233	69.500 	 11.670 	 42.350
FHW12233	69.625 	 11.669 	 42.350
FHW12233	69.750 	 11.670 	 42.350
FHW12233	69.875 	 11.669 	 42.350
FHW12233	70.000 	 11.670 	 42.350
FHW12233	70.125 	 11.669 	 42.350
FHW12233	70.250 	 11.670 	 42.350
FHW12233	70.375 	 11.669 	 42.350
FHW12233	70.500 	 13.556 	 41.193
FHW12233	70.625 	 15.604 	 40.250
FHW12233	70.750 	 15.604 	 40.250
FHW12233	70.875 	 15.605 	 40.250
FHW12233	71.000 	 15.604 	 40.250
FHW12233	71.125 	 15.604 	 40.250
FHW12233	71.250 	 15.605 	 40.250
FHW12233	71.375 	 15.604 	 40.250
FHW12233	71.500 	 15.604 	 40.250
FHW12233	71.625 	 15.605 	 40.250
FHW12233	71.750 	 15.604 	 40.250
FHW12233	71.875 	 15.604 	 40.250
FHW12233	72.000 	 15.605 	 40.250
FHW12233	72.125 	 15.604 	 40.250
FHW12233	72.250 	 15.604 	 40.250
FHW12233	72.375 	 15.605 	 40.249
FHW12233	72.500 	 15.604 	 40.250
FHW12233	72.625 	 15.604 	 40.250
FHW12233	72.750 	 15.605 	 40.250
FHW12233	72.875 	 15.604 	 40.250
FHW12233	73.000 	 15.604 	 40.250
FHW12233	73.125 	 15.605 	 40.250
FHW12233	73.250 	 15.604 	 40.250
FHW12233	73.375 	 15.604 	 40.250
FHW12233	73.500 	 15.605 	 40.250
FHW12233	73.625 	 15.604 	 40.250
FHW12233	73.750 	 15.604 	 40.250
FHW12233	73.875 	 15.605 	 40.250
FHW12233	74.000 	 15.604 	 40.250
FHW12233	74.125 	 15.604 	 40.250
FHW12233	74.250 	 15.605 	 40.250
FHW12233	74.375 	 15.604 	 40.250
FHW12233	74.500 	 15.604 	 40.250
FHW12233	74.625 	 15.605 	 40.250
FHW12233	74.750 	 15.604 	 40.250
FHW12233	74.875 	 15.604 	 40.250
FHW12233	75.000 	 15.605 	 40.250
FHW12233	75.125 	 15.604 	 40.250
FHW12233	75.250 	 15.604 	 40.250
FHW12233	75.375 	 15.605 	 40.249
FHW12233	75.500 	 15.604 	 40.250
FHW12233	75.625 	 15.604 	 40.250
FHW12233	75.750 	 15.605 	 40.250
FHW12233	75.875 	 15.604 	 40.250
FHW12233	76.000 	 15.604 	 40.249
FHW12233	76.125 	 15.605 	 40.250
FHW12233	76.250 	 15.604 	 40.250
FHW12233	76.375 	 15.605 	 40.250
FHW12233	76.500 	 15.604 	 40.250
FHW12233	76.625 	 15.604 	 40.249
FHW12233	76.750 	 15.605 	 40.250
FHW12233	76.875 	 15.604 	 40.251
FHW12233	77.000 	 15.604 	 40.250
FHW12233	77.125 	 15.605 	 40.250
FHW12233	77.250 	 15.604 	 40.249
FHW12233	77.375 	 15.604 	 40.251
FHW12233	77.500 	 15.605 	 40.250
FHW12233	77.625 	 15.604 	 40.250
FHW12233	77.750 	 15.604 	 40.249
FHW12233	77.875 	 15.605 	 40.251
FHW12233	78.000 	 15.604 	 40.250
FHW12233	78.125 	 15.604 	 40.250
FHW12233	78.250 	 15.605 	 40.250
FHW12233	78.375 	 15.604 	 40.249
FHW12233	78.500 	 15.604 	 40.251
FHW12233	78.625 	 15.605 	 40.250
FHW12233	78.750 	 15.604 	 40.250
FHW12233	78.875 	 15.604 	 40.250
FHW12233	79.000 	 15.605 	 40.250
FHW12233	79.125 	 15.604 	 40.250
FHW12233	79.250 	 15.604 	 40.250
FHW12233	79.375 	 15.605 	 40.250
FHW12233	79.500 	 15.604 	 40.250
FHW12233	79.625 	 15.604 	 40.250
FHW12233	79.750 	 18.298 	 38.556
FHW12233	79.875 	 19.819 	 37.800
FHW12233	80.000 	 19.818 	 37.801
FHW12233	80.125 	 19.818 	 37.800
FHW12233	80.250 	 19.818 	 37.800
FHW12233	80.375 	 19.818 	 37.800
FHW12233	80.500 	 19.818 	 37.800
FHW12233	80.625 	 19.819 	 37.800
FHW12233	80.750 	 19.818 	 37.800
FHW12233	80.875 	 19.818 	 37.800
FHW12233	81.000 	 19.818 	 37.800
FHW12233	81.125 	 19.818 	 37.800
FHW12233	81.250 	 19.818 	 37.800
FHW12233	81.375 	 19.819 	 37.800
FHW12233	81.500 	 19.818 	 37.801
FHW12233	81.625 	 19.818 	 37.800
FHW12233	81.750 	 19.818 	 37.800
FHW12233	81.875 	 19.818 	 37.800
FHW12233	82.000 	 19.818 	 37.800
FHW12233	82.125 	 19.819 	 37.800
FHW12233	82.250 	 19.818 	 37.800
FHW12233	82.375 	 19.818 	 37.800
FHW12233	82.500 	 19.818 	 37.800
FHW12233	82.625 	 19.818 	 37.800
FHW12233	82.750 	 19.818 	 37.800
FHW12233	82.875 	 19.819 	 37.800
FHW12233	83.000 	 19.818 	 37.801
FHW12233	83.125 	 19.818 	 37.800
FHW12233	83.250 	 19.818 	 37.800
FHW12233	83.375 	 19.818 	 37.800
FHW12233	83.500 	 19.818 	 37.800
FHW12233	83.625 	 19.819 	 37.800
FHW12233	83.750 	 19.818 	 37.801
FHW12233	83.875 	 19.818 	 37.800
FHW12233	84.000 	 19.818 	 37.800
FHW12233	84.125 	 19.818 	 37.800
FHW12233	84.250 	 19.818 	 37.800
FHW12233	84.375 	 19.819 	 37.800
FHW12233	84.500 	 19.818 	 37.800
FHW12233	84.625 	 19.818 	 37.800
FHW12233	84.750 	 19.818 	 37.800
FHW12233	84.875 	 19.818 	 37.800
FHW12233	85.000 	 19.818 	 37.800
FHW12233	85.125 	 19.819 	 37.800
FHW12233	85.250 	 19.818 	 37.801
FHW12233	85.375 	 19.818 	 37.800
FHW12233	85.500 	 19.818 	 37.800
FHW12233	85.625 	 19.818 	 37.800
FHW12233	85.750 	 19.818 	 37.800
FHW12233	85.875 	 19.819 	 37.800
FHW12233	86.000 	 19.818 	 37.800
FHW12233	86.125 	 19.818 	 37.800
FHW12233	86.250 	 19.818 	 37.800
FHW12233	86.375 	 19.818 	 37.800
FHW12233	86.500 	 19.818 	 37.800
FHW12233	86.625 	 19.819 	 37.800
FHW12233	86.750 	 19.818 	 37.801
FHW12233	86.875 	 19.818 	 37.800
FHW12233	87.000 	 19.818 	 37.800
FHW12233	87.125 	 19.818 	 37.800
FHW12233	87.250 	 19.818 	 37.800
FHW12233	87.375 	 19.819 	 37.800
FHW12233	87.500 	 19.818 	 37.801
FHW12233	87.625 	 19.818 	 37.800
FHW12233	87.750 	 19.818 	 37.800
FHW12233	87.875 	 19.818 	 37.800
FHW12233	88.000 	 19.818 	 37.800
FHW12233	88.125 	 19.819 	 37.800
FHW12233	88.250 	 19.818 	 37.800
FHW12233	88.375 	 19.818 	 37.800
FHW12233	88.500 	 19.818 	 37.800
FHW12233	88.625 	 19.818 	 37.800
FHW12233	88.750 	 19.818 	 37.800
FHW12233	88.875 	 19.819 	 37.800
FHW12233	89.000 	 20.870 	 37.247
FHW12233	89.125 	 24.214 	 35.800
FHW12233	89.250 	 24.216 	 35.800
FHW12233	89.375 	 24.214 	 35.800
FHW12233	89.500 	 24.215 	 35.800
FHW12233	89.625 	 24.214 	 35.800
FHW12233	89.750 	 24.214 	 35.800
FHW12233	89.875 	 24.215 	 35.800
FHW12233	90.000 	 24.214 	 35.800
FHW12233	90.125 	 24.215 	 35.800
FHW12233	90.250 	 24.214 	 35.800
FHW12233	90.375 	 24.214 	 35.800
FHW12233	90.500 	 24.215 	 35.800
FHW12233	90.625 	 24.214 	 35.800
FHW12233	90.750 	 24.215 	 35.800
FHW12233	90.875 	 24.214 	 35.800
FHW12233	91.000 	 24.214 	 35.800
FHW12233	91.125 	 24.216 	 35.800
FHW12233	91.250 	 24.214 	 35.800
FHW12233	91.375 	 24.215 	 35.800
FHW12233	91.500 	 24.214 	 35.800
FHW12233	91.625 	 24.214 	 35.800
FHW12233	91.750 	 24.215 	 35.800
FHW12233	91.875 	 24.214 	 35.800
FHW12233	92.000 	 24.215 	 35.801
FHW12233	92.125 	 24.214 	 35.800
FHW12233	92.250 	 24.214 	 35.800
FHW12233	92.375 	 24.216 	 35.800
FHW12233	92.500 	 24.214 	 35.800
FHW12233	92.625 	 24.215 	 35.800
FHW12233	92.750 	 24.214 	 35.800
FHW12233	92.875 	 24.216 	 35.801
FHW12233	93.000 	 24.214 	 35.800
FHW12233	93.125 	 24.214 	 35.800
FHW12233	93.250 	 24.216 	 35.800
FHW12233	93.375 	 24.214 	 35.800
FHW12233	93.500 	 24.215 	 35.800
FHW12233	93.625 	 24.214 	 35.800
FHW12233	93.750 	 24.214 	 35.800
FHW12233	93.875 	 24.216 	 35.800
FHW12233	94.000 	 24.214 	 35.800
FHW12233	94.125 	 24.216 	 35.800
FHW12233	94.250 	 24.214 	 35.800
FHW12233	94.375 	 24.214 	 35.800
FHW12233	94.500 	 24.215 	 35.800
FHW12233	94.625 	 24.214 	 35.800
FHW12233	94.750 	 24.216 	 35.800
FHW12233	94.875 	 24.214 	 35.801
FHW12233	95.000 	 24.214 	 35.800
FHW12233	95.125 	 24.215 	 35.800
FHW12233	95.250 	 24.214 	 35.800
FHW12233	95.375 	 24.215 	 35.800
FHW12233	95.500 	 24.214 	 35.800
FHW12233	95.625 	 24.214 	 35.800
FHW12233	95.750 	 24.216 	 35.801
FHW12233	95.875 	 24.214 	 35.800
FHW12233	96.000 	 24.215 	 35.800
FHW12233	96.125 	 24.214 	 35.800
FHW12233	96.250 	 24.215 	 35.800
FHW12233	96.375 	 24.214 	 35.800
FHW12233	96.500 	 24.214 	 35.800
FHW12233	96.625 	 24.215 	 35.800
FHW12233	96.750 	 24.214 	 35.800
FHW12233	96.875 	 24.215 	 35.800
FHW12233	97.000 	 24.214 	 35.800
FHW12233	97.125 	 24.214 	 35.800
FHW12233	97.250 	 24.215 	 35.800
FHW12233	97.375 	 24.214 	 35.800
FHW12233	97.500 	 24.215 	 35.800
FHW12233	97.625 	 24.214 	 35.800
FHW12233	97.750 	 24.214 	 35.801
FHW12233	97.875 	 24.216 	 35.800
FHW12233	98.000 	 24.214 	 35.800
FHW12233	98.125 	 26.614 	 35.239
FHW12233	98.250 	 28.830 	 34.801
FHW12233	98.375 	 28.830 	 34.799
FHW12233	98.500 	 28.830 	 34.800
FHW12233	98.625 	 28.828 	 34.800
FHW12233	98.750 	 28.830 	 34.800
FHW12233	98.875 	 28.830 	 34.800
FHW12233	99.000 	 28.830 	 34.800
FHW12233	99.125 	 28.830 	 34.800
FHW12233	99.250 	 28.830 	 34.801
FHW12233	99.375 	 28.829 	 34.799
FHW12233	99.500 	 28.830 	 34.800
FHW12233	99.625 	 28.830 	 34.800
FHW12233	99.750 	 28.830 	 34.800
FHW12233	99.875 	 28.830 	 34.800
FHW12233	100.000 	 28.830 	 34.800
FHW12233	100.125 	 28.828 	 34.800
FHW12233	100.250 	 28.831 	 34.800
FHW12233	100.375 	 28.830 	 34.800
FHW12233	100.500 	 28.830 	 34.800
FHW12233	100.625 	 28.830 	 34.800
FHW12233	100.750 	 28.828 	 34.800
FHW12233	100.875 	 28.830 	 34.800
FHW12233	101.000 	 28.830 	 34.800
FHW12233	101.125 	 28.830 	 34.799
FHW12233	101.250 	 28.830 	 34.801
FHW12233	101.375 	 28.830 	 34.800
FHW12233	101.500 	 28.828 	 34.800
FHW12233	101.625 	 28.830 	 34.800
FHW12233	101.750 	 28.830 	 34.800
FHW12233	101.875 	 28.830 	 34.800
FHW12233	102.000 	 28.830 	 34.800
FHW12233	102.125 	 28.830 	 34.799
FHW12233	102.250 	 28.829 	 34.801
FHW12233	102.375 	 28.830 	 34.800
FHW12233	102.500 	 28.830 	 34.800
FHW12233	102.625 	 28.830 	 34.800
FHW12233	102.750 	 28.830 	 34.800
FHW12233	102.875 	 28.828 	 34.800
FHW12233	103.000 	 28.830 	 34.799
FHW12233	103.125 	 28.830 	 34.800
FHW12233	103.250 	 28.830 	 34.800
FHW12233	103.375 	 28.830 	 34.801
FHW12233	103.500 	 28.830 	 34.800
FHW12233	103.625 	 28.828 	 34.800
FHW12233	103.750 	 28.830 	 34.800
FHW12233	103.875 	 28.830 	 34.800
FHW12233	104.000 	 28.830 	 34.799
FHW12233	104.125 	 28.830 	 34.800
FHW12233	104.250 	 28.830 	 34.800
FHW12233	104.375 	 28.829 	 34.801
FHW12233	104.500 	 28.830 	 34.800
FHW12233	104.625 	 28.830 	 34.800
FHW12233	104.750 	 28.830 	 34.800
FHW12233	104.875 	 28.830 	 34.799
FHW12233	105.000 	 28.828 	 34.800
FHW12233	105.125 	 28.830 	 34.800
FHW12233	105.250 	 28.830 	 34.800
FHW12233	105.375 	 28.830 	 34.801
FHW12233	105.500 	 28.830 	 34.800
FHW12233	105.625 	 28.830 	 34.800
FHW12233	105.750 	 28.829 	 34.799
FHW12233	105.875 	 28.830 	 34.800
FHW12233	106.000 	 28.830 	 34.800
FHW12233	106.125 	 28.830 	 34.800
FHW12233	106.250 	 28.830 	 34.800
FHW12233	106.375 	 28.830 	 34.801
FHW12233	106.500 	 28.828 	 34.800
FHW12233	106.625 	 28.830 	 34.800
FHW12233	106.750 	 28.830 	 34.799
FHW12233	106.875 	 28.830 	 34.800
FHW12233	107.000 	 28.830 	 34.800
FHW12233	107.125 	 28.828 	 34.800
FHW12233	107.250 	 28.830 	 34.800
FHW12233	107.375 	 31.272 	 34.634
FHW12233	107.500 	 33.526 	 34.500
FHW12233	107.625 	 33.524 	 34.500
FHW12233	107.750 	 33.524 	 34.500
FHW12233	107.875 	 33.526 	 34.500
FHW12233	108.000 	 33.524 	 34.500
FHW12233	108.125 	 33.524 	 34.500
FHW12233	108.250 	 33.524 	 34.500
FHW12233	108.375 	 33.526 	 34.500
FHW12233	108.500 	 33.524 	 34.500
FHW12233	108.625 	 33.524 	 34.500
FHW12233	108.750 	 33.526 	 34.500
FHW12233	108.875 	 33.524 	 34.500
FHW12233	109.000 	 33.524 	 34.500
FHW12233	109.125 	 33.526 	 34.500
FHW12233	109.250 	 33.524 	 34.500
FHW12233	109.375 	 33.524 	 34.500
FHW12233	109.500 	 33.527 	 34.500
FHW12233	109.625 	 33.524 	 34.500
FHW12233	109.750 	 33.524 	 34.500
FHW12233	109.875 	 33.524 	 34.500
FHW12233	110.000 	 33.526 	 34.500
FHW12233	110.125 	 33.524 	 34.500
FHW12233	110.250 	 33.524 	 34.500
FHW12233	110.375 	 33.526 	 34.500
FHW12233	110.500 	 33.524 	 34.500
FHW12233	110.625 	 33.524 	 34.500
FHW12233	110.750 	 33.526 	 34.500
FHW12233	110.875 	 33.524 	 34.500
FHW12233	111.000 	 33.524 	 34.500
FHW12233	111.125 	 33.526 	 34.500
FHW12233	111.250 	 33.524 	 34.500
FHW12233	111.375 	 33.524 	 34.500
FHW12233	111.500 	 33.524 	 34.500
FHW12233	111.625 	 33.526 	 34.500
FHW12233	111.750 	 33.525 	 34.499
FHW12233	111.875 	 33.524 	 34.500
FHW12233	112.000 	 33.526 	 34.500
FHW12233	112.125 	 33.524 	 34.500
FHW12233	112.250 	 33.524 	 34.500
FHW12233	112.375 	 33.527 	 34.500
FHW12233	112.500 	 33.524 	 34.500
FHW12233	112.625 	 33.525 	 34.500
FHW12233	112.750 	 33.526 	 34.500
FHW12233	112.875 	 33.525 	 34.500
FHW12233	113.000 	 33.525 	 34.500
FHW12233	113.125 	 33.524 	 34.500
FHW12233	113.250 	 33.527 	 34.500
FHW12233	113.375 	 33.524 	 34.500
FHW12233	113.500 	 33.525 	 34.500
FHW12233	113.625 	 33.526 	 34.500
FHW12233	113.750 	 33.525 	 34.500
FHW12233	113.875 	 33.524 	 34.500
FHW12233	114.000 	 33.527 	 34.500
FHW12233	114.125 	 33.524 	 34.500
FHW12233	114.250 	 33.525 	 34.500
FHW12233	114.375 	 33.526 	 34.500
FHW12233	114.500 	 33.525 	 34.500
FHW12233	114.625 	 33.524 	 34.501
FHW12233	114.750 	 33.525 	 34.499
FHW12233	114.875 	 33.526 	 34.501
FHW12233	115.000 	 33.525 	 34.499
FHW12233	115.125 	 33.525 	 34.500
FHW12233	115.250 	 33.526 	 34.500
FHW12233	115.375 	 33.525 	 34.500
FHW12233	115.500 	 33.524 	 34.500
FHW12233	115.625 	 33.527 	 34.500
FHW12233	115.750 	 33.524 	 34.500
FHW12233	115.875 	 33.525 	 34.500
FHW12233	116.000 	 33.526 	 34.500
FHW12233	116.125 	 33.525 	 34.500
FHW12233	116.250 	 33.524 	 34.501
FHW12233	116.375 	 33.525 	 34.499
FHW12233	116.500 	 35.375 	 34.586
FHW12233	116.625 	 38.150 	 34.700
FHW12233	116.750 	 38.152 	 34.700
FHW12233	116.875 	 38.150 	 34.700
FHW12233	117.000 	 38.150 	 34.700
FHW12233	117.125 	 38.150 	 34.700
FHW12233	117.250 	 38.150 	 34.700
FHW12233	117.375 	 38.150 	 34.700
FHW12233	117.500 	 38.152 	 34.700
FHW12233	117.625 	 38.150 	 34.700
FHW12233	117.750 	 38.150 	 34.700
FHW12233	117.875 	 38.150 	 34.699
FHW12233	118.000 	 38.150 	 34.700
FHW12233	118.125 	 38.150 	 34.700
FHW12233	118.250 	 38.150 	 34.700
FHW12233	118.375 	 38.152 	 34.700
FHW12233	118.500 	 38.150 	 34.700
FHW12233	118.625 	 38.150 	 34.700
FHW12233	118.750 	 38.149 	 34.701
FHW12233	118.875 	 38.150 	 34.700
FHW12233	119.000 	 38.150 	 34.700
FHW12233	119.125 	 38.150 	 34.700
FHW12233	119.250 	 38.152 	 34.700
FHW12233	119.375 	 38.150 	 34.700
FHW12233	119.500 	 38.150 	 34.700
FHW12233	119.625 	 38.150 	 34.700
FHW12233	119.750 	 38.150 	 34.699
FHW12233	119.875 	 38.150 	 34.700
FHW12233	120.000 	 38.150 	 34.700
FHW12233	120.125 	 38.152 	 34.700
FHW12233	120.250 	 38.150 	 34.700
FHW12233	120.375 	 38.150 	 34.700
FHW12233	120.500 	 38.150 	 34.700
FHW12233	120.625 	 38.150 	 34.700
FHW12233	120.750 	 38.150 	 34.700
FHW12233	120.875 	 38.150 	 34.700
FHW12233	121.000 	 38.152 	 34.700
FHW12233	121.125 	 38.150 	 34.700
FHW12233	121.250 	 38.149 	 34.701
FHW12233	121.375 	 38.150 	 34.700
FHW12233	121.500 	 38.150 	 34.700
FHW12233	121.625 	 38.150 	 34.700
FHW12233	121.750 	 38.150 	 34.700
FHW12233	121.875 	 38.152 	 34.700
FHW12233	122.000 	 38.150 	 34.700
FHW12233	122.125 	 38.150 	 34.700
FHW12233	122.250 	 38.150 	 34.700
FHW12233	122.375 	 38.150 	 34.700
FHW12233	122.500 	 38.150 	 34.700
FHW12233	122.625 	 38.150 	 34.700
FHW12233	122.750 	 38.152 	 34.700
FHW12233	122.875 	 38.150 	 34.700
FHW12233	123.000 	 38.149 	 34.699
FHW12233	123.125 	 38.150 	 34.700
FHW12233	123.250 	 38.150 	 34.700
FHW12233	123.375 	 38.150 	 34.700
FHW12233	123.500 	 38.152 	 34.700
FHW12233	123.625 	 38.149 	 34.701
FHW12233	123.750 	 38.150 	 34.700
FHW12233	123.875 	 38.150 	 34.700
FHW12233	124.000 	 38.150 	 34.700
FHW12233	124.125 	 38.150 	 34.700
FHW12233	124.250 	 38.150 	 34.700
FHW12233	124.375 	 38.152 	 34.700
FHW12233	124.500 	 38.150 	 34.700
FHW12233	124.625 	 38.150 	 34.700
FHW12233	124.750 	 38.150 	 34.700
FHW12233	124.875 	 38.150 	 34.700
FHW12233	125.000 	 38.150 	 34.700
FHW12233	125.125 	 38.150 	 34.700
FHW12233	125.250 	 38.152 	 34.700
FHW12233	125.375 	 38.150 	 34.700
FHW12233	125.500 	 38.150 	 34.700
FHW12233	125.625 	 39.437 	 34.940
FHW12233	125.750 	 42.749 	 35.499
FHW12233	125.875 	 42.749 	 35.501
FHW12233	126.000 	 42.749 	 35.499
FHW12233	126.125 	 42.749 	 35.501
FHW12233	126.250 	 42.749 	 35.499
FHW12233	126.375 	 42.749 	 35.501
FHW12233	126.500 	 42.749 	 35.499
FHW12233	126.625 	 42.749 	 35.501
FHW12233	126.750 	 42.751 	 35.499
FHW12233	126.875 	 42.749 	 35.501
FHW12233	127.000 	 42.749 	 35.499
FHW12233	127.125 	 42.749 	 35.501
FHW12233	127.250 	 42.749 	 35.499
FHW12233	127.375 	 42.749 	 35.501
FHW12233	127.500 	 42.749 	 35.499
FHW12233	127.625 	 42.749 	 35.501
FHW12233	127.750 	 42.749 	 35.499
FHW12233	127.875 	 42.749 	 35.501
FHW12233	128.000 	 42.749 	 35.501
FHW12233	128.125 	 42.749 	 35.499
FHW12233	128.250 	 42.752 	 35.501
FHW12233	128.375 	 42.749 	 35.499
FHW12233	128.500 	 42.749 	 35.501
FHW12233	128.625 	 42.749 	 35.499
FHW12233	128.750 	 42.749 	 35.501
FHW12233	128.875 	 42.749 	 35.499
FHW12233	129.000 	 42.749 	 35.501
FHW12233	129.125 	 42.749 	 35.499
FHW12233	129.250 	 42.749 	 35.501
FHW12233	129.375 	 42.749 	 35.499
FHW12233	129.500 	 42.749 	 35.501
FHW12233	129.625 	 42.749 	 35.499
FHW12233	129.750 	 42.749 	 35.501
FHW12233	129.875 	 42.751 	 35.499
FHW12233	130.000 	 42.749 	 35.501
FHW12233	130.125 	 42.749 	 35.499
FHW12233	130.250 	 42.749 	 35.501
FHW12233	130.375 	 42.749 	 35.499
FHW12233	130.500 	 42.749 	 35.501
FHW12233	130.625 	 42.749 	 35.499
FHW12233	130.750 	 42.749 	 35.501
FHW12233	130.875 	 42.749 	 35.499
FHW12233	131.000 	 42.749 	 35.501
FHW12233	131.125 	 42.749 	 35.499
FHW12233	131.250 	 42.749 	 35.501
FHW12233	131.375 	 42.751 	 35.499
FHW12233	131.500 	 42.749 	 35.501
FHW12233	131.625 	 42.749 	 35.499
FHW12233	131.750 	 42.749 	 35.501
FHW12233	131.875 	 42.749 	 35.499
FHW12233	132.000 	 42.749 	 35.501
FHW12233	132.125 	 42.749 	 35.499
FHW12233	132.250 	 42.749 	 35.501
FHW12233	132.375 	 42.749 	 35.499
FHW12233	132.500 	 42.749 	 35.501
FHW12233	132.625 	 42.749 	 35.499
FHW12233	132.750 	 42.749 	 35.501
FHW12233	132.875 	 42.749 	 35.499
FHW12233	133.000 	 42.752 	 35.501
FHW12233	133.125 	 42.749 	 35.499
FHW12233	133.250 	 42.749 	 35.501
FHW12233	133.375 	 42.749 	 35.499
FHW12233	133.500 	 42.749 	 35.501
FHW12233	133.625 	 42.749 	 35.499
FHW12233	133.750 	 42.749 	 35.501
FHW12233	133.875 	 42.749 	 35.499
FHW12233	134.000 	 42.749 	 35.501
FHW12233	134.125 	 42.749 	 35.499
FHW12233	134.250 	 42.749 	 35.501
FHW12233	134.375 	 42.749 	 35.499
FHW12233	134.500 	 42.752 	 35.501
FHW12233	134.625 	 42.749 	 35.499
FHW12233	134.750 	 44.786 	 36.024
FHW12233	134.875 	 46.392 	 36.409
FHW12233	135.000 	 46.390 	 36.410
FHW12233	135.125 	 46.389 	 36.411
FHW12233	135.250 	 46.389 	 36.409
FHW12233	135.375 	 46.392 	 36.410
FHW12233	135.500 	 46.389 	 36.409
FHW12233	135.625 	 46.390 	 36.410
FHW12233	135.750 	 46.390 	 36.410
FHW12233	135.875 	 46.392 	 36.409
FHW12233	136.000 	 46.390 	 36.410
FHW12233	136.125 	 46.390 	 36.410
FHW12233	136.250 	 46.389 	 36.410
FHW12233	136.375 	 46.392 	 36.410
FHW12233	136.500 	 46.389 	 36.409
FHW12233	136.625 	 46.390 	 36.410
FHW12233	136.750 	 46.390 	 36.410
FHW12233	136.875 	 46.392 	 36.409
FHW12233	137.000 	 46.390 	 36.410
FHW12233	137.125 	 46.390 	 36.410
FHW12233	137.250 	 46.389 	 36.409
FHW12233	137.375 	 46.392 	 36.411
FHW12233	137.500 	 46.389 	 36.409
FHW12233	137.625 	 46.390 	 36.410
FHW12233	137.750 	 46.390 	 36.410
FHW12233	137.875 	 46.392 	 36.409
FHW12233	138.000 	 46.390 	 36.410
FHW12233	138.125 	 46.390 	 36.410
FHW12233	138.250 	 46.389 	 36.409
FHW12233	138.375 	 46.389 	 36.411
FHW12233	138.500 	 46.389 	 36.409
FHW12233	138.625 	 46.395 	 36.410
FHW12233	138.750 	 46.390 	 36.410
FHW12233	138.875 	 46.389 	 36.409
FHW12233	139.000 	 46.390 	 36.410
FHW12233	139.125 	 46.390 	 36.410
FHW12233	139.250 	 46.389 	 36.409
FHW12233	139.375 	 46.390 	 36.410
FHW12233	139.500 	 46.389 	 36.410
FHW12233	139.625 	 46.395 	 36.410
FHW12233	139.750 	 46.390 	 36.410
FHW12233	139.875 	 46.389 	 36.409
FHW12233	140.000 	 46.390 	 36.410
FHW12233	140.125 	 51.165 	 36.509
FHW12233	140.250 	 51.165 	 36.511
FHW12233	140.375 	 51.165 	 36.509
FHW12233	140.500 	 51.165 	 36.510
FHW12233	140.625 	 51.164 	 36.510
FHW12233	140.750 	 51.165 	 36.509
FHW12233	140.875 	 51.165 	 36.510
FHW12233	141.000 	 51.164 	 36.510
FHW12233	141.125 	 51.165 	 36.510
FHW12233	141.250 	 51.165 	 36.509
FHW12233	141.375 	 51.165 	 36.511
FHW12233	141.500 	 51.165 	 36.509
FHW12233	141.625 	 51.165 	 36.509
FHW12233	141.750 	 51.165 	 36.511
FHW12233	141.875 	 51.170 	 36.509
FHW12233	142.000 	 51.165 	 36.510
FHW12233	142.125 	 51.164 	 36.510
FHW12233	142.250 	 51.164 	 36.510
FHW12233	142.375 	 51.166 	 36.510
FHW12233	142.500 	 51.164 	 36.510
FHW12233	142.625 	 51.165 	 36.511
FHW12233	142.750 	 51.165 	 36.509
FHW12233	142.875 	 51.165 	 36.511
FHW12233	143.000 	 51.164 	 36.510
FHW12233	143.125 	 51.165 	 36.509
FHW12233	143.250 	 51.165 	 36.511
FHW12233	143.375 	 51.164 	 36.510
FHW12233	143.500 	 51.166 	 36.510
FHW12233	143.625 	 51.164 	 36.510
FHW12233	143.750 	 51.164 	 36.510
FHW12233	143.875 	 51.166 	 36.510
FHW12233	144.000 	 51.164 	 36.510
FHW12233	144.125 	 51.165 	 36.511
FHW12233	144.250 	 51.165 	 36.509
FHW12233	144.375 	 51.165 	 36.511
FHW12233	144.500 	 51.164 	 36.510
FHW12233	144.625 	 51.165 	 36.509
FHW12233	144.750 	 51.165 	 36.511
FHW12233	144.875 	 51.164 	 36.510
FHW12233	145.000 	 51.166 	 36.510
FHW12233	145.125 	 51.164 	 36.510
FHW12233	145.250 	 51.164 	 36.510
FHW12233	145.375 	 51.166 	 36.510
FHW12233	145.500 	 51.164 	 36.510
FHW12233	145.625 	 51.170 	 36.511
FHW12233	145.750 	 51.165 	 36.509
FHW12233	145.875 	 51.165 	 36.511
FHW12233	146.000 	 51.164 	 36.510
FHW12233	146.125 	 51.165 	 36.509
FHW12233	146.250 	 51.165 	 36.511
FHW12233	146.375 	 51.164 	 36.510
FHW12233	146.500 	 51.166 	 36.510
FHW12233	146.625 	 51.164 	 36.510
FHW12233	146.750 	 51.164 	 36.510
FHW12233	146.875 	 51.166 	 36.510
FHW12233	147.000 	 51.164 	 36.510
FHW12233	147.125 	 51.165 	 36.511
FHW12233	147.250 	 51.165 	 36.509
FHW12233	147.375 	 51.164 	 36.510
FHW12233	147.500 	 51.165 	 36.511
FHW12233	147.625 	 51.165 	 36.509
FHW12233	147.750 	 51.165 	 36.511
FHW12233	147.875 	 51.164 	 36.510
FHW12233	148.000 	 51.166 	 36.510
FHW12233	148.125 	 51.164 	 36.510
FHW12233	148.250 	 51.164 	 36.510
FHW12233	148.375 	 51.166 	 36.510
FHW12233	148.500 	 51.164 	 36.510
FHW12233	148.625 	 51.165 	 36.511
FHW12233	148.750 	 51.165 	 36.509
FHW12233	148.875 	 51.164 	 36.510
FHW12233	149.000 	 51.165 	 36.511
FHW12233	149.125 	 51.165 	 36.509
FHW12233	149.250 	 51.165 	 36.511
FHW12233	149.375 	 51.170 	 36.510
FHW12233	149.500 	 51.166 	 36.510
FHW12233	149.625 	 51.164 	 36.510
FHW12233	149.750 	 51.164 	 36.510
FHW12233	149.875 	 51.166 	 36.510
FHW12233	150.000 	 51.164 	 36.510
FHW12233	150.125 	 51.165 	 36.511
FHW12233	150.250 	 51.165 	 36.509
FHW12233	150.375 	 51.164 	 36.510
FHW12233	150.500 	 51.165 	 36.511
FHW12233	150.625 	 51.165 	 36.509
FHW12233	150.750 	 51.165 	 36.511
FHW12233	150.875 	 51.164 	 36.510
FHW12233	151.000 	 51.166 	 36.510
FHW12233	151.125 	 51.164 	 36.510
FHW12233	151.250 	 51.164 	 36.510
FHW12233	151.375 	 51.166 	 36.510
FHW12233	151.500 	 51.164 	 36.510
FHW12233	151.625 	 51.165 	 36.511
FHW12233	151.750 	 51.165 	 36.509
FHW12233	151.875 	 51.164 	 36.510
FHW12233	152.000 	 51.165 	 36.511
FHW12233	152.125 	 51.165 	 36.509
FHW12233	152.250 	 51.165 	 36.511
FHW12233	152.375 	 51.164 	 36.510
FHW12233	152.500 	 51.166 	 36.510
FHW12233	152.625 	 51.164 	 36.510
FHW12233	152.750 	 51.164 	 36.510
FHW12233	152.875 	 51.166 	 36.510
FHW12233	153.000 	 51.170 	 36.510
FHW12233	153.125 	 51.165 	 36.511
FHW12233	153.250 	 55.794 	 36.339
FHW12233	153.375 	 56.946 	 36.300
FHW12233	153.500 	 56.952 	 36.300
FHW12233	153.625 	 56.947 	 36.300
FHW12233	153.750 	 56.952 	 36.300
FHW12233	153.875 	 56.953 	 36.299
FHW12233	154.000 	 56.946 	 36.300
FHW12233	154.125 	 56.952 	 36.301
FHW12233	154.250 	 56.947 	 36.299
FHW12233	154.375 	 56.952 	 36.300
FHW12233	154.500 	 56.953 	 36.300
FHW12233	154.625 	 56.946 	 36.300
FHW12233	154.750 	 56.952 	 36.300
FHW12233	154.875 	 56.947 	 36.300
FHW12233	155.000 	 56.952 	 36.300
FHW12233	155.125 	 56.947 	 36.299
FHW12233	155.250 	 56.952 	 36.301
FHW12233	155.375 	 56.952 	 36.300
FHW12233	155.500 	 56.947 	 36.299
FHW12233	155.625 	 56.952 	 36.300
FHW12233	155.750 	 56.947 	 36.300
FHW12233	155.875 	 56.952 	 36.300
FHW12233	156.000 	 56.952 	 36.300
FHW12233	156.125 	 56.947 	 36.300
FHW12233	156.250 	 56.952 	 36.300
FHW12233	156.375 	 56.947 	 36.299
FHW12233	156.500 	 56.952 	 36.301
FHW12233	156.625 	 56.946 	 36.300
FHW12233	156.750 	 56.953 	 36.299
FHW12233	156.875 	 56.952 	 36.300
FHW12233	157.000 	 56.947 	 36.301
FHW12233	157.125 	 56.953 	 36.299
FHW12233	157.250 	 56.947 	 36.301
FHW12233	157.375 	 56.953 	 36.298
FHW12233	157.500 	 56.952 	 36.301
FHW12233	157.625 	 56.947 	 36.301
FHW12233	157.750 	 56.953 	 36.298
FHW12233	157.875 	 56.947 	 36.301
FHW12233	158.000 	 56.953 	 36.300
FHW12233	158.125 	 56.952 	 36.299
FHW12233	158.250 	 56.947 	 36.301
FHW12233	158.375 	 56.953 	 36.300
FHW12233	158.500 	 56.946 	 36.299
FHW12233	158.625 	 56.953 	 36.300
FHW12233	158.750 	 56.947 	 36.301
FHW12233	158.875 	 56.952 	 36.299
FHW12233	159.000 	 56.953 	 36.300
FHW12233	159.125 	 56.946 	 36.299
FHW12233	159.250 	 56.953 	 36.300
FHW12233	159.375 	 56.947 	 36.301
FHW12233	159.500 	 56.952 	 36.299
FHW12233	159.625 	 56.953 	 36.300
FHW12233	159.750 	 56.947 	 36.301
FHW12233	159.875 	 56.953 	 36.298
FHW12233	160.000 	 56.947 	 36.301
FHW12233	160.125 	 56.952 	 36.301
FHW12233	160.250 	 56.953 	 36.298
FHW12233	160.375 	 56.947 	 36.301
FHW12233	160.500 	 56.953 	 36.300
FHW12233	160.625 	 56.946 	 36.299
FHW12233	160.750 	 56.952 	 36.301
FHW12233	160.875 	 56.947 	 36.300
FHW12233	161.000 	 56.952 	 36.299
FHW12233	161.125 	 56.953 	 36.300
FHW12233	161.250 	 56.947 	 36.301
FHW12233	161.375 	 56.952 	 36.299
FHW12233	161.500 	 56.947 	 36.300
FHW12233	161.625 	 56.952 	 36.301
FHW12233	161.750 	 56.953 	 36.298
FHW12233	161.875 	 56.947 	 36.301
FHW12233	162.000 	 56.952 	 36.299
FHW12233	162.125 	 56.947 	 36.300
FHW12233	162.250 	 56.952 	 36.301
FHW12233	162.375 	 60.622 	 36.042
FHW12233	162.500 	 61.790 	 35.964
FHW12233	162.625 	 61.784 	 35.966
FHW12233	162.750 	 61.784 	 35.964
FHW12233	162.875 	 61.784 	 35.964
FHW12233	163.000 	 61.784 	 35.966
FHW12233	163.125 	 61.784 	 35.964
FHW12233	163.250 	 61.790 	 35.967
FHW12233	163.375 	 61.784 	 35.964
FHW12233	163.500 	 61.784 	 35.964
FHW12233	163.625 	 61.784 	 35.966
FHW12233	163.750 	 61.784 	 35.964
FHW12233	163.875 	 61.784 	 35.964
FHW12233	164.000 	 61.790 	 35.966
FHW12233	164.125 	 61.784 	 35.964
FHW12233	164.250 	 61.784 	 35.964
FHW12233	164.375 	 61.784 	 35.966
FHW12233	164.500 	 61.784 	 35.964
FHW12233	164.625 	 61.790 	 35.966
FHW12233	164.750 	 61.784 	 35.964
FHW12233	164.875 	 61.783 	 35.966
FHW12233	165.000 	 61.784 	 35.966
FHW12233	165.125 	 61.784 	 35.964
FHW12233	165.250 	 61.784 	 35.964
FHW12233	165.375 	 61.790 	 35.966
FHW12233	165.500 	 61.784 	 35.964
FHW12233	165.625 	 61.784 	 35.964
FHW12233	165.750 	 61.784 	 35.966
FHW12233	165.875 	 61.784 	 35.964
FHW12233	166.000 	 61.790 	 35.966
FHW12233	166.125 	 61.784 	 35.964
FHW12233	166.250 	 61.784 	 35.964
FHW12233	166.375 	 61.784 	 35.966
FHW12233	166.500 	 61.783 	 35.966
FHW12233	166.625 	 61.784 	 35.964
FHW12233	166.750 	 61.790 	 35.966
FHW12233	166.875 	 61.784 	 35.964
FHW12233	167.000 	 61.784 	 35.964
FHW12233	167.125 	 61.784 	 35.966
FHW12233	167.250 	 61.784 	 35.964
FHW12233	167.375 	 61.784 	 35.966
FHW12233	167.500 	 61.790 	 35.964
FHW12233	167.625 	 61.784 	 35.964
FHW12233	167.750 	 61.784 	 35.966
FHW12233	167.875 	 61.784 	 35.964
FHW12233	168.000 	 61.784 	 35.964
FHW12233	168.125 	 61.790 	 35.967
FHW12233	168.250 	 61.784 	 35.964
FHW12233	168.375 	 61.784 	 35.964
FHW12233	168.500 	 61.784 	 35.966
FHW12233	168.625 	 61.784 	 35.964
FHW12233	168.750 	 61.784 	 35.966
FHW12233	168.875 	 61.790 	 35.964
FHW12233	169.000 	 61.784 	 35.964
FHW12233	169.125 	 61.784 	 35.966
FHW12233	169.250 	 61.784 	 35.964
FHW12233	169.375 	 61.784 	 35.964
FHW12233	169.500 	 61.784 	 35.966
FHW12233	169.625 	 61.789 	 35.966
FHW12233	169.750 	 61.784 	 35.964
FHW12233	169.875 	 61.784 	 35.966
FHW12233	170.000 	 61.784 	 35.964
FHW12233	170.125 	 61.784 	 35.966
FHW12233	170.250 	 61.790 	 35.964
FHW12233	170.375 	 61.784 	 35.964
FHW12233	170.500 	 61.784 	 35.966
FHW12233	170.625 	 61.784 	 35.964
FHW12233	170.750 	 61.784 	 35.964
FHW12233	170.875 	 61.784 	 35.966
FHW12233	171.000 	 61.790 	 35.964
FHW12233	171.125 	 61.784 	 35.964
FHW12233	171.250 	 61.783 	 35.967
FHW12233	171.375 	 61.784 	 35.964
FHW12233	171.500 	 61.784 	 35.966
FHW12233	171.625 	 61.784 	 35.964
FHW12233	171.750 	 61.790 	 35.964
FHW12233	171.875 	 61.784 	 35.966
FHW12233	172.000 	 61.784 	 35.964
FHW12233	172.125 	 66.391 	 34.865
FHW12233	172.250 	 66.391 	 34.865
FHW12233	172.375 	 66.384 	 34.865
FHW12233	172.500 	 66.391 	 34.865
FHW12233	172.625 	 66.391 	 34.866
FHW12233	172.750 	 66.391 	 34.865
FHW12233	172.875 	 66.391 	 34.865
FHW12233	173.000 	 66.384 	 34.865
FHW12233	173.125 	 66.391 	 34.864
FHW12233	173.250 	 66.391 	 34.865
FHW12233	173.375 	 66.391 	 34.865
FHW12233	173.500 	 66.384 	 34.865
FHW12233	173.625 	 66.391 	 34.865
FHW12233	173.750 	 66.391 	 34.866
FHW12233	173.875 	 66.391 	 34.865
FHW12233	174.000 	 66.391 	 34.865
FHW12233	174.125 	 66.384 	 34.865
FHW12233	174.250 	 66.391 	 34.865
FHW12233	174.375 	 66.391 	 34.865
FHW12233	174.500 	 66.391 	 34.865
FHW12233	174.625 	 66.391 	 34.865
FHW12233	174.750 	 66.384 	 34.865
FHW12233	174.875 	 66.391 	 34.866
FHW12233	175.000 	 66.391 	 34.865
FHW12233	175.125 	 66.391 	 34.865
FHW12233	175.250 	 66.391 	 34.864
FHW12233	175.375 	 66.384 	 34.865
FHW12233	175.500 	 66.391 	 34.865
FHW12233	175.625 	 66.391 	 34.865
FHW12233	175.750 	 66.391 	 34.865
FHW12233	175.875 	 66.384 	 34.865
FHW12233	176.000 	 66.391 	 34.866
FHW12233	176.125 	 66.391 	 34.865
FHW12233	176.250 	 66.391 	 34.865
FHW12233	176.375 	 66.391 	 34.865
FHW12233	176.500 	 66.384 	 34.865
FHW12233	176.625 	 66.391 	 34.865
FHW12233	176.750 	 66.391 	 34.865
FHW12233	176.875 	 66.391 	 34.865
FHW12233	177.000 	 66.391 	 34.865
FHW12233	177.125 	 66.385 	 34.866
FHW12233	177.250 	 66.391 	 34.865
FHW12233	177.375 	 66.391 	 34.864
FHW12233	177.500 	 66.391 	 34.865
FHW12233	177.625 	 66.391 	 34.865
FHW12233	177.750 	 66.384 	 34.865
FHW12233	177.875 	 66.391 	 34.865
FHW12233	178.000 	 66.391 	 34.865
FHW12233	178.125 	 66.391 	 34.865
FHW12233	178.250 	 66.385 	 34.866
FHW12233	178.375 	 66.391 	 34.865
FHW12233	178.500 	 66.391 	 34.865
FHW12233	178.625 	 66.391 	 34.865
FHW12233	178.750 	 66.391 	 34.865
FHW12233	178.875 	 66.384 	 34.865
FHW12233	179.000 	 66.391 	 34.865
FHW12233	179.125 	 66.391 	 34.865
FHW12233	179.250 	 66.391 	 34.865
FHW12233	179.375 	 66.391 	 34.866
FHW12233	179.500 	 66.385 	 34.864
FHW12233	179.625 	 66.391 	 34.865
FHW12233	179.750 	 66.391 	 34.865
FHW12233	179.875 	 66.391 	 34.865
FHW12233	180.000 	 66.391 	 34.865
FHW12233	180.125 	 66.384 	 34.865
FHW12233	180.250 	 66.391 	 34.865
FHW12233	180.375 	 66.391 	 34.866
FHW12233	180.500 	 66.391 	 34.865
FHW12233	180.625 	 66.384 	 34.865
FHW12233	180.750 	 66.391 	 34.865
FHW12233	180.875 	 66.391 	 34.865
FHW12233	181.000 	 68.038 	 34.371
FHW12233	181.125 	 70.507 	 33.649
FHW12233	181.250 	 70.514 	 33.649
FHW12233	181.375 	 70.508 	 33.651
FHW12233	181.500 	 70.507 	 33.649
FHW12233	181.625 	 70.514 	 33.651
FHW12233	181.750 	 70.507 	 33.649
FHW12233	181.875 	 70.507 	 33.649
FHW12233	182.000 	 70.514 	 33.651
FHW12233	182.125 	 70.507 	 33.649
FHW12233	182.250 	 70.507 	 33.649
FHW12233	182.375 	 70.514 	 33.651
FHW12233	182.500 	 70.507 	 33.649
FHW12233	182.625 	 70.507 	 33.649
FHW12233	182.750 	 70.514 	 33.651
FHW12233	182.875 	 70.507 	 33.649
FHW12233	183.000 	 70.514 	 33.649
FHW12233	183.125 	 70.508 	 33.651
FHW12233	183.250 	 70.507 	 33.650
FHW12233	183.375 	 70.514 	 33.649
FHW12233	183.500 	 70.508 	 33.651
FHW12233	183.625 	 70.507 	 33.649
FHW12233	183.750 	 70.514 	 33.649
FHW12233	183.875 	 70.508 	 33.651
FHW12233	184.000 	 70.507 	 33.649
FHW12233	184.125 	 70.514 	 33.649
FHW12233	184.250 	 70.508 	 33.651
FHW12233	184.375 	 70.507 	 33.649
FHW12233	184.500 	 70.514 	 33.651
FHW12233	184.625 	 70.507 	 33.649
FHW12233	184.750 	 70.514 	 33.649
FHW12233	184.875 	 70.508 	 33.651
FHW12233	185.000 	 70.507 	 33.649
FHW12233	185.125 	 70.514 	 33.649
FHW12233	185.250 	 70.508 	 33.651
FHW12233	185.375 	 70.507 	 33.649
FHW12233	185.500 	 70.514 	 33.649
FHW12233	185.625 	 70.508 	 33.651
FHW12233	185.750 	 70.507 	 33.649
FHW12233	185.875 	 70.514 	 33.649
FHW12233	186.000 	 70.508 	 33.651
FHW12233	186.125 	 70.507 	 33.649
FHW12233	186.250 	 70.514 	 33.649
FHW12233	186.375 	 70.507 	 33.652
FHW12233	186.500 	 70.507 	 33.649
FHW12233	186.625 	 70.514 	 33.649
FHW12233	186.750 	 70.508 	 33.651
FHW12233	186.875 	 70.514 	 33.649
FHW12233	187.000 	 70.508 	 33.651
FHW12233	187.125 	 70.507 	 33.649
FHW12233	187.250 	 70.514 	 33.649
FHW12233	187.375 	 70.508 	 33.651
FHW12233	187.500 	 70.507 	 33.649
FHW12233	187.625 	 70.514 	 33.649
FHW12233	187.750 	 70.508 	 33.650
FHW12233	187.875 	 70.507 	 33.650
FHW12233	188.000 	 70.514 	 33.650
FHW12233	188.125 	 70.508 	 33.650
FHW12233	188.250 	 70.507 	 33.650
FHW12233	188.375 	 70.515 	 33.648
FHW12233	188.500 	 70.507 	 33.652
FHW12233	188.625 	 70.515 	 33.648
FHW12233	188.750 	 70.507 	 33.650
FHW12233	188.875 	 70.508 	 33.650
FHW12233	189.000 	 70.514 	 33.650
FHW12233	189.125 	 70.508 	 33.648
FHW12233	189.250 	 70.507 	 33.652
FHW12233	189.375 	 70.515 	 33.648
FHW12233	189.500 	 70.507 	 33.650
FHW12233	189.625 	 70.508 	 33.650
FHW12233	189.750 	 70.514 	 33.650
FHW12233	189.875 	 70.508 	 33.650
FHW12233	190.000 	 70.507 	 33.650
FHW12233	190.125 	 71.752 	 33.549
FHW12233	190.250 	 74.932 	 33.301
FHW12233	190.375 	 74.939 	 33.301
FHW12233	190.500 	 74.933 	 33.299
FHW12233	190.625 	 74.939 	 33.301
FHW12233	190.750 	 74.932 	 33.301
FHW12233	190.875 	 74.932 	 33.301
FHW12233	191.000 	 74.940 	 33.299
FHW12233	191.125 	 74.932 	 33.299
FHW12233	191.250 	 74.939 	 33.301
FHW12233	191.375 	 74.933 	 33.299
FHW12233	191.500 	 74.932 	 33.301
FHW12233	191.625 	 74.939 	 33.301
FHW12233	191.750 	 74.932 	 33.301
FHW12233	191.875 	 74.940 	 33.299
FHW12233	192.000 	 74.932 	 33.301
FHW12233	192.125 	 74.939 	 33.301
FHW12233	192.250 	 74.932 	 33.299
FHW12233	192.375 	 74.933 	 33.299
FHW12233	192.500 	 74.939 	 33.301
FHW12233	192.625 	 74.932 	 33.301
FHW12233	192.750 	 74.940 	 33.299
FHW12233	192.875 	 74.932 	 33.301
FHW12233	193.000 	 74.932 	 33.301
FHW12233	193.125 	 74.939 	 33.301
FHW12233	193.250 	 74.933 	 33.299
FHW12233	193.375 	 74.939 	 33.301
FHW12233	193.500 	 74.932 	 33.299
FHW12233	193.625 	 74.933 	 33.299
FHW12233	193.750 	 74.939 	 33.301
FHW12233	193.875 	 74.932 	 33.301
FHW12233	194.000 	 74.939 	 33.301
FHW12233	194.125 	 74.933 	 33.299
FHW12233	194.250 	 74.939 	 33.301
FHW12233	194.375 	 74.932 	 33.301
FHW12233	194.500 	 74.932 	 33.301
FHW12233	194.625 	 74.939 	 33.297
FHW12233	194.750 	 74.932 	 33.301
FHW12233	194.875 	 74.939 	 33.301
FHW12233	195.000 	 74.933 	 33.299
FHW12233	195.125 	 74.932 	 33.301
FHW12233	195.250 	 74.939 	 33.301
FHW12233	195.375 	 74.932 	 33.301
FHW12233	195.500 	 74.940 	 33.299
FHW12233	195.625 	 74.932 	 33.301
FHW12233	195.750 	 74.932 	 33.301
FHW12233	195.875 	 74.939 	 33.299
FHW12233	196.000 	 74.933 	 33.299
FHW12233	196.125 	 74.939 	 33.301
FHW12233	196.250 	 74.932 	 33.301
FHW12233	196.375 	 74.940 	 33.299
FHW12233	196.500 	 74.932 	 33.301
FHW12233	196.625 	 74.932 	 33.301
FHW12233	196.750 	 74.939 	 33.301
FHW12233	196.875 	 74.933 	 33.299
FHW12233	197.000 	 74.939 	 33.301
FHW12233	197.125 	 74.932 	 33.299
FHW12233	197.250 	 74.933 	 33.299
FHW12233	197.375 	 74.939 	 33.301
FHW12233	197.500 	 74.932 	 33.301
FHW12233	197.625 	 74.939 	 33.301
FHW12233	197.750 	 74.933 	 33.299
FHW12233	197.875 	 74.932 	 33.301
FHW12233	198.000 	 74.939 	 33.301
FHW12233	198.125 	 74.932 	 33.301
FHW12233	198.250 	 74.939 	 33.297
FHW12233	198.375 	 74.932 	 33.301
FHW12233	198.500 	 74.939 	 33.301
FHW12233	198.625 	 74.933 	 33.299
FHW12233	198.750 	 74.932 	 33.301
FHW12233	198.875 	 74.939 	 33.301
FHW12233	199.000 	 74.932 	 33.301
FHW12233	199.125 	 74.940 	 33.299
FHW12233	199.250 	 74.932 	 33.301
FHW12233	199.375 	 75.893 	 33.329
FHW12233	199.500 	 79.710 	 33.450
FHW12233	199.625 	 79.716 	 33.452
FHW12233	199.750 	 79.717 	 33.450
FHW12233	199.875 	 79.717 	 33.450
FHW12233	200.000 	 79.710 	 33.448
FHW12233	200.125 	 79.717 	 33.450
FHW12233	200.250 	 79.716 	 33.452
FHW12233	200.375 	 79.717 	 33.450
FHW12233	200.500 	 79.717 	 33.448
FHW12233	200.625 	 79.710 	 33.450
FHW12233	200.750 	 79.717 	 33.450
FHW12233	200.875 	 79.716 	 33.452
FHW12233	201.000 	 79.717 	 33.450
FHW12233	201.125 	 79.710 	 33.448
FHW12233	201.250 	 79.717 	 33.450
FHW12233	201.375 	 79.717 	 33.450
FHW12233	201.500 	 79.717 	 33.450
FHW12233	201.625 	 79.716 	 33.450
FHW12233	201.750 	 79.710 	 33.450
FHW12233	201.875 	 79.717 	 33.450
FHW12233	202.000 	 79.717 	 33.450
FHW12233	202.125 	 79.717 	 33.448
FHW12233	202.250 	 79.709 	 33.452
FHW12233	202.375 	 79.717 	 33.450
FHW12233	202.500 	 79.717 	 33.450
FHW12233	202.625 	 79.717 	 33.450
FHW12233	202.750 	 79.710 	 33.448
FHW12233	202.875 	 79.716 	 33.452
FHW12233	203.000 	 79.717 	 33.450
FHW12233	203.125 	 79.717 	 33.450
FHW12233	203.250 	 79.717 	 33.448
FHW12233	203.375 	 79.710 	 33.450
FHW12233	203.500 	 79.716 	 33.452
FHW12233	203.625 	 79.717 	 33.450
FHW12233	203.750 	 79.717 	 33.450
FHW12233	203.875 	 79.710 	 33.448
FHW12233	204.000 	 79.717 	 33.450
FHW12233	204.125 	 79.717 	 33.450
FHW12233	204.250 	 79.716 	 33.452
FHW12233	204.375 	 79.710 	 33.448
FHW12233	204.500 	 79.717 	 33.450
FHW12233	204.625 	 79.717 	 33.450
FHW12233	204.750 	 79.717 	 33.450
FHW12233	204.875 	 79.716 	 33.450
FHW12233	205.000 	 79.710 	 33.450
FHW12233	205.125 	 79.717 	 33.450
FHW12233	205.250 	 79.717 	 33.450
FHW12233	205.375 	 79.717 	 33.450
FHW12233	205.500 	 79.709 	 33.450
FHW12233	205.625 	 79.717 	 33.450
FHW12233	205.750 	 79.717 	 33.450
FHW12233	205.875 	 79.717 	 33.450
FHW12233	206.000 	 79.717 	 33.448
FHW12233	206.125 	 79.710 	 33.450
FHW12233	206.250 	 79.716 	 33.452
FHW12233	206.375 	 79.717 	 33.450
FHW12233	206.500 	 79.717 	 33.450
FHW12233	206.625 	 79.710 	 33.448
FHW12233	206.750 	 79.717 	 33.450
FHW12233	206.875 	 79.716 	 33.452
FHW12233	207.000 	 79.717 	 33.450
FHW12233	207.125 	 79.710 	 33.448
FHW12233	207.250 	 79.717 	 33.450
FHW12233	207.375 	 79.717 	 33.450
FHW12233	207.500 	 79.716 	 33.452
FHW12233	207.625 	 79.717 	 33.448
FHW12233	207.750 	 79.710 	 33.450
FHW12233	207.875 	 79.717 	 33.450
FHW12233	208.000 	 79.717 	 33.450
FHW12233	208.125 	 79.717 	 33.450
FHW12233	208.250 	 79.709 	 33.450
FHW12233	208.375 	 79.717 	 33.450
FHW12233	208.500 	 79.717 	 33.450
FHW12233	208.625 	 82.550 	 33.539
FHW12233	208.750 	 84.429 	 33.601
FHW12233	208.875 	 84.437 	 33.599
FHW12233	209.000 	 84.436 	 33.601
FHW12233	209.125 	 84.436 	 33.601
FHW12233	209.250 	 84.437 	 33.599
FHW12233	209.375 	 84.429 	 33.601
FHW12233	209.500 	 84.437 	 33.599
FHW12233	209.625 	 84.436 	 33.601
FHW12233	209.750 	 84.436 	 33.601
FHW12233	209.875 	 84.437 	 33.599
FHW12233	210.000 	 84.429 	 33.601
FHW12233	210.125 	 84.437 	 33.599
FHW12233	210.250 	 84.436 	 33.601
FHW12233	210.375 	 84.436 	 33.597
FHW12233	210.500 	 84.436 	 33.601
FHW12233	210.625 	 84.436 	 33.601
FHW12233	210.750 	 84.430 	 33.599
FHW12233	210.875 	 84.436 	 33.601
FHW12233	211.000 	 84.437 	 33.599
FHW12233	211.125 	 84.436 	 33.601
FHW12233	211.250 	 84.437 	 33.599
FHW12233	211.375 	 84.429 	 33.601
FHW12233	211.500 	 84.436 	 33.601
FHW12233	211.625 	 84.437 	 33.599
FHW12233	211.750 	 84.436 	 33.601
FHW12233	211.875 	 84.437 	 33.599
FHW12233	212.000 	 84.429 	 33.601
FHW12233	212.125 	 84.436 	 33.601
FHW12233	212.250 	 84.437 	 33.599
FHW12233	212.375 	 84.436 	 33.601
FHW12233	212.500 	 84.436 	 33.597
FHW12233	212.625 	 84.429 	 33.601
FHW12233	212.750 	 84.437 	 33.599
FHW12233	212.875 	 84.436 	 33.601
FHW12233	213.000 	 84.436 	 33.601
FHW12233	213.125 	 84.437 	 33.599
FHW12233	213.250 	 84.436 	 33.601
FHW12233	213.375 	 84.430 	 33.599
FHW12233	213.500 	 84.436 	 33.601
FHW12233	213.625 	 84.436 	 33.601
FHW12233	213.750 	 84.437 	 33.599
FHW12233	213.875 	 84.436 	 33.601
FHW12233	214.000 	 84.430 	 33.599
FHW12233	214.125 	 84.436 	 33.601
FHW12233	214.250 	 84.437 	 33.599
FHW12233	214.375 	 84.436 	 33.601
FHW12233	214.500 	 84.436 	 33.599
FHW12233	214.625 	 84.430 	 33.599
FHW12233	214.750 	 84.436 	 33.601
FHW12233	214.875 	 84.437 	 33.599
FHW12233	215.000 	 84.436 	 33.601
FHW12233	215.125 	 84.436 	 33.601
FHW12233	215.250 	 84.437 	 33.599
FHW12233	215.375 	 84.429 	 33.601
FHW12233	215.500 	 84.437 	 33.599
FHW12233	215.625 	 84.436 	 33.601
FHW12233	215.750 	 84.437 	 33.599
FHW12233	215.875 	 84.436 	 33.601
FHW12233	216.000 	 84.429 	 33.601
FHW12233	216.125 	 84.437 	 33.599
FHW12233	216.250 	 84.436 	 33.601
FHW12233	216.375 	 84.437 	 33.599
FHW12233	216.500 	 84.436 	 33.601
FHW12233	216.625 	 84.429 	 33.597
FHW12233	216.750 	 84.436 	 33.601
FHW12233	216.875 	 84.436 	 33.601
FHW12233	217.000 	 84.437 	 33.599
FHW12233	217.125 	 84.436 	 33.601
FHW12233	217.250 	 84.437 	 33.599
FHW12233	217.375 	 84.429 	 33.601
FHW12233	217.500 	 84.436 	 33.601
FHW12233	217.625 	 84.437 	 33.599
FHW12233	217.750 	 84.436 	 33.599
FHW12233	217.875 	 86.161 	 33.534
FHW12233	218.000 	 88.349 	 33.449
FHW12233	218.125 	 88.356 	 33.449
FHW12233	218.250 	 88.356 	 33.449
FHW12233	218.375 	 88.356 	 33.452
FHW12233	218.500 	 88.356 	 33.449
FHW12233	218.625 	 88.356 	 33.451
FHW12233	218.750 	 88.356 	 33.449
FHW12233	218.875 	 88.349 	 33.449
FHW12233	219.000 	 88.356 	 33.449
FHW12233	219.125 	 88.356 	 33.452
FHW12233	219.250 	 88.356 	 33.449
FHW12233	219.375 	 88.356 	 33.449
FHW12233	219.500 	 88.356 	 33.449
FHW12233	219.625 	 88.356 	 33.449
FHW12233	219.750 	 88.349 	 33.449
FHW12233	219.875 	 88.356 	 33.452
FHW12233	220.000 	 88.356 	 33.449
FHW12233	220.125 	 88.356 	 33.449
FHW12233	220.250 	 88.356 	 33.449
FHW12233	220.375 	 88.356 	 33.449
FHW12233	220.500 	 88.356 	 33.451
FHW12233	220.625 	 88.349 	 33.452
FHW12233	220.750 	 88.356 	 33.449
FHW12233	220.875 	 88.356 	 33.449
FHW12233	221.000 	 88.356 	 33.449
FHW12233	221.125 	 88.356 	 33.449
FHW12233	221.250 	 88.356 	 33.449
FHW12233	221.375 	 88.356 	 33.452
FHW12233	221.500 	 88.349 	 33.449
FHW12233	221.625 	 88.356 	 33.449
FHW12233	221.750 	 88.356 	 33.449
FHW12233	221.875 	 88.356 	 33.449
FHW12233	222.000 	 88.356 	 33.449
FHW12233	222.125 	 88.356 	 33.452
FHW12233	222.250 	 88.356 	 33.449
FHW12233	222.375 	 88.349 	 33.449
FHW12233	222.500 	 88.356 	 33.451
FHW12233	222.625 	 88.356 	 33.449
FHW12233	222.750 	 88.356 	 33.452
FHW12233	222.875 	 88.356 	 33.449
FHW12233	223.000 	 88.356 	 33.449
FHW12233	223.125 	 88.356 	 33.449
FHW12233	223.250 	 88.356 	 33.449
FHW12233	223.375 	 88.349 	 33.449
FHW12233	223.500 	 88.356 	 33.452
FHW12233	223.625 	 88.356 	 33.449
FHW12233	223.750 	 88.356 	 33.449
FHW12233	223.875 	 88.356 	 33.449
FHW12233	224.000 	 88.356 	 33.449
FHW12233	224.125 	 88.356 	 33.449
FHW12233	224.250 	 88.349 	 33.452
FHW12233	224.375 	 88.356 	 33.451
FHW12233	224.500 	 88.356 	 33.449
FHW12233	224.625 	 88.356 	 33.449
FHW12233	224.750 	 88.356 	 33.449
FHW12233	224.875 	 88.356 	 33.449
FHW12233	225.000 	 88.356 	 33.452
FHW12233	225.125 	 88.349 	 33.449
FHW12233	225.250 	 88.356 	 33.449
FHW12233	225.375 	 88.356 	 33.449
FHW12233	225.500 	 88.356 	 33.449
FHW12233	225.625 	 88.356 	 33.449
FHW12233	225.750 	 88.356 	 33.452
FHW12233	225.875 	 88.356 	 33.449
FHW12233	226.000 	 88.349 	 33.449
FHW12233	226.125 	 88.356 	 33.449
FHW12233	226.250 	 88.356 	 33.451
FHW12233	226.375 	 88.356 	 33.449
FHW12233	226.500 	 88.356 	 33.452
FHW12233	226.625 	 88.356 	 33.449
FHW12233	226.750 	 88.356 	 33.449
FHW12233	226.875 	 88.349 	 33.449
FHW12233	227.000 	 89.391 	 33.309
FHW12233	227.125 	 90.210 	 33.203
FHW12233	227.250 	 90.203 	 33.198
FHW12233	227.375 	 90.203 	 33.200
FHW12233	227.500 	 90.210 	 33.198
FHW12233	227.625 	 90.203 	 33.200
FHW12233	227.750 	 90.203 	 33.200
FHW12233	227.875 	 90.210 	 33.201
FHW12233	228.000 	 90.203 	 33.200
FHW12233	228.125 	 90.203 	 33.198
FHW12233	228.250 	 90.210 	 33.200
FHW12233	228.375 	 90.203 	 33.200
FHW12233	228.500 	 90.203 	 33.198
FHW12233	228.625 	 90.210 	 33.203
FHW12233	228.750 	 90.203 	 33.198
FHW12233	228.875 	 90.203 	 33.200
FHW12233	229.000 	 90.210 	 33.200
FHW12233	229.125 	 90.203 	 33.198
FHW12233	229.250 	 90.203 	 33.200
FHW12233	229.375 	 90.210 	 33.201
FHW12233	229.500 	 90.203 	 33.200
FHW12233	229.625 	 90.203 	 33.200
FHW12233	229.750 	 90.210 	 33.198
FHW12233	229.875 	 90.203 	 33.200
FHW12233	230.000 	 90.203 	 33.198
FHW12233	230.125 	 90.203 	 33.203
FHW12233	230.250 	 90.210 	 33.200
FHW12233	230.375 	 90.203 	 33.198
FHW12233	230.500 	 90.203 	 33.200
FHW12233	230.625 	 90.210 	 33.198
FHW12233	230.750 	 90.203 	 33.203
FHW12233	230.875 	 90.203 	 33.200
FHW12233	231.000 	 90.210 	 33.198
FHW12233	231.125 	 90.203 	 33.200
FHW12233	231.250 	 90.203 	 33.198
FHW12233	231.375 	 90.210 	 33.200
FHW12233	231.500 	 90.203 	 33.203
FHW12233	231.625 	 90.203 	 33.198
FHW12233	231.750 	 90.210 	 33.200
FHW12233	231.875 	 90.203 	 33.198
FHW12233	232.000 	 90.203 	 33.200
FHW12233	232.125 	 90.210 	 33.200
FHW12233	232.250 	 90.203 	 33.201
FHW12233	232.375 	 90.203 	 33.200
FHW12233	232.500 	 90.210 	 33.198
FHW12233	232.625 	 90.203 	 33.200
FHW12233	232.750 	 90.203 	 33.200
FHW12233	232.875 	 90.210 	 33.198
FHW12233	233.000 	 90.203 	 33.203
FHW12233	233.125 	 90.203 	 33.198
FHW12233	233.250 	 90.210 	 33.200
FHW12233	233.375 	 90.203 	 33.200
FHW12233	233.500 	 90.203 	 33.198
FHW12233	233.625 	 90.210 	 33.200
FHW12233	233.750 	 90.203 	 33.201
FHW12233	233.875 	 90.203 	 33.200
FHW12233	234.000 	 90.203 	 33.200
FHW12233	234.125 	 90.210 	 33.198
FHW12233	234.250 	 90.203 	 33.200
FHW12233	234.375 	 90.203 	 33.198
FHW12233	234.500 	 90.210 	 33.203
FHW12233	234.625 	 90.203 	 33.200
FHW12233	234.750 	 90.203 	 33.198
FHW12233	234.875 	 90.210 	 33.200
FHW12233	235.000 	 90.203 	 33.198
FHW12233	235.125 	 90.203 	 33.203
FHW12233	235.250 	 90.210 	 33.200
FHW12233	235.375 	 90.203 	 33.198
FHW12233	235.500 	 90.203 	 33.200
FHW12233	235.625 	 90.210 	 33.198
FHW12233	235.750 	 90.203 	 33.200
FHW12233	235.875 	 90.203 	 33.203
FHW12233	236.000 	 90.210 	 33.198
FHW12233	236.125 	 90.427 	 33.109
FHW12233	236.250 	 90.455 	 33.099
FHW12233	236.375 	 90.448 	 33.099
FHW12233	236.500 	 90.448 	 33.099
FHW12233	236.625 	 90.455 	 33.101
FHW12233	236.750 	 90.448 	 33.099
FHW12233	236.875 	 90.448 	 33.099
FHW12233	237.000 	 90.455 	 33.099
FHW12233	237.125 	 90.448 	 33.101
FHW12233	237.250 	 90.448 	 33.099
FHW12233	237.375 	 90.448 	 33.099
FHW12233	237.500 	 90.455 	 33.099
FHW12233	237.625 	 90.448 	 33.101
FHW12233	237.750 	 90.448 	 33.099
FHW12233	237.875 	 90.455 	 33.102
FHW12233	238.000 	 90.448 	 33.099
FHW12233	238.125 	 90.448 	 33.101
FHW12233	238.250 	 90.455 	 33.099
FHW12233	238.375 	 90.448 	 33.099
FHW12233	238.500 	 90.448 	 33.099
FHW12233	238.625 	 90.455 	 33.101
FHW12233	238.750 	 90.448 	 33.099
FHW12233	238.875 	 90.448 	 33.099
FHW12233	239.000 	 90.455 	 33.099
FHW12233	239.125 	 90.448 	 33.101
FHW12233	239.250 	 90.448 	 33.099
FHW12233	239.375 	 90.455 	 33.099
FHW12233	239.500 	 90.448 	 33.099
FHW12233	239.625 	 90.448 	 33.101
FHW12233	239.750 	 90.455 	 33.099
FHW12233	239.875 	 90.448 	 33.102
FHW12233	240.000 	 90.448 	 33.099
FHW12233	240.125 	 90.455 	 33.099
FHW12233	240.250 	 90.448 	 33.101
FHW12233	240.375 	 90.448 	 33.099
FHW12233	240.500 	 90.455 	 33.099
FHW12233	240.625 	 90.448 	 33.099
FHW12233	240.750 	 90.448 	 33.101
FHW12233	240.875 	 90.455 	 33.099
FHW12233	241.000 	 90.448 	 33.099
FHW12233	241.125 	 90.448 	 33.099
FHW12233	241.250 	 90.455 	 33.101
FHW12233	241.375 	 90.448 	 33.099
FHW12233	241.500 	 90.448 	 33.099
FHW12233	241.625 	 90.455 	 33.099
FHW12233	241.750 	 90.448 	 33.101
FHW12233	241.875 	 90.448 	 33.099
FHW12233	242.000 	 90.455 	 33.102
FHW12233	242.125 	 90.448 	 33.099
FHW12233	242.250 	 90.448 	 33.101
FHW12233	242.375 	 90.455 	 33.099
FHW12233	242.500 	 90.448 	 33.099
FHW12233	242.625 	 90.448 	 33.099
FHW12233	242.750 	 90.455 	 33.101
FHW12233	242.875 	 90.448 	 33.099
FHW12233	243.000 	 90.448 	 33.099
FHW12233	243.125 	 90.455 	 33.099
FHW12233	243.250 	 90.448 	 33.101
FHW12233	243.375 	 90.448 	 33.099
FHW12233	243.500 	 90.455 	 33.099
FHW12233	243.625 	 90.448 	 33.099
FHW12233	243.750 	 90.448 	 33.101
FHW12233	243.875 	 90.455 	 33.099
FHW12233	244.000 	 90.448 	 33.102
FHW12233	244.125 	 90.448 	 33.099
FHW12233	244.250 	 90.455 	 33.101
FHW12233	244.375 	 90.448 	 33.099
FHW12233	244.500 	 90.448 	 33.099
FHW12233	244.625 	 90.455 	 33.099
FHW12233	244.750 	 90.448 	 33.101
FHW12233	244.875 	 90.448 	 33.099
FHW12233	245.000 	 90.455 	 33.099
FHW12233	245.125 	 90.448 	 33.099
FHW12233	245.250 	 90.448 	 33.101
FHW12233	245.375 	 90.455 	 33.099
FHW12233	245.500 	 90.448 	 33.099
FHW12233	245.625 	 90.448 	 33.099
FHW12233	245.750 	 90.455 	 33.101
FHW12233	245.875 	 90.448 	 33.099
FHW12233	246.000 	 90.448 	 33.102
FHW12233	246.125 	 90.455 	 33.099
FHW12233	246.250 	 90.448 	 33.101
FHW12233	246.375 	 90.448 	 33.099
FHW12233	246.500 	 90.455 	 33.099
FHW12233	246.625 	 90.448 	 33.099
FHW12233	246.750 	 90.448 	 33.101
FHW12233	246.875 	 90.455 	 33.099
FHW12233	247.000 	 90.448 	 33.099
FHW12233	247.125 	 90.993 	 33.100
FHW12233	247.250 	 91.000 	 33.100
FHW12233	247.375 	 90.993 	 33.097
FHW12233	247.500 	 90.993 	 33.100
FHW12233	247.625 	 90.993 	 33.102
FHW12233	247.750 	 91.000 	 33.100
FHW12233	247.875 	 90.993 	 33.100
FHW12233	248.000 	 90.993 	 33.100
FHW12233	248.125 	 90.993 	 33.097
FHW12233	248.250 	 91.000 	 33.100
FHW12233	248.375 	 90.993 	 33.100
FHW12233	248.500 	 90.993 	 33.100
FHW12233	248.625 	 90.993 	 33.102
FHW12233	248.750 	 91.000 	 33.097
FHW12233	248.875 	 90.993 	 33.100
FHW12233	249.000 	 90.993 	 33.100
FHW12233	249.125 	 90.993 	 33.100
FHW12233	249.250 	 91.000 	 33.100
FHW12233	249.375 	 90.993 	 33.097
FHW12233	249.500 	 90.993 	 33.100
FHW12233	249.625 	 90.993 	 33.102
FHW12233	249.750 	 91.000 	 33.100
FHW12233	249.875 	 90.993 	 33.100
FHW12233	250.000 	 90.993 	 33.100
FHW12233	250.125 	 90.993 	 33.097
FHW12233	250.250 	 91.000 	 33.100
FHW12233	250.375 	 90.993 	 33.100
FHW12233	250.500 	 90.993 	 33.100
FHW12233	250.625 	 90.993 	 33.102
FHW12233	250.750 	 91.000 	 33.097
FHW12233	250.875 	 90.993 	 33.100
FHW12233	251.000 	 90.993 	 33.100
FHW12233	251.125 	 90.993 	 33.100
FHW12233	251.250 	 91.000 	 33.100
FHW12233	251.375 	 90.993 	 33.100
FHW12233	251.500 	 90.993 	 33.097
FHW12233	251.625 	 90.993 	 33.102
FHW12233	251.750 	 91.000 	 33.100
FHW12233	251.875 	 90.993 	 33.100
FHW12233	252.000 	 90.993 	 33.100
FHW12233	252.125 	 90.993 	 33.097
FHW12233	252.250 	 91.000 	 33.100
FHW12233	252.375 	 90.993 	 33.100
FHW12233	252.500 	 90.993 	 33.100
FHW12233	252.625 	 90.993 	 33.100
FHW12233	252.750 	 91.000 	 33.099
FHW12233	252.875 	 90.993 	 33.100
FHW12233	253.000 	 90.993 	 33.100
FHW12233	253.125 	 90.993 	 33.100
FHW12233	253.250 	 91.000 	 33.100
FHW12233	253.375 	 90.993 	 33.100
FHW12233	253.500 	 90.993 	 33.097
FHW12233	253.625 	 90.993 	 33.100
FHW12233	253.750 	 91.000 	 33.102
FHW12233	253.875 	 90.993 	 33.100
FHW12233	254.000 	 90.993 	 33.100
FHW12233	254.125 	 90.993 	 33.097
FHW12233	254.250 	 91.000 	 33.100
FHW12233	254.375 	 91.231 	 33.021
FHW12233	254.500 	 91.854 	 32.822
FHW12233	254.625 	 91.861 	 32.820
FHW12233	254.750 	 91.854 	 32.821
FHW12233	254.875 	 91.854 	 32.820
FHW12233	255.000 	 91.854 	 32.821
FHW12233	255.125 	 91.854 	 32.820
FHW12233	255.250 	 91.854 	 32.818
FHW12233	255.375 	 91.861 	 32.822
FHW12233	255.500 	 91.854 	 32.820
FHW12233	255.625 	 91.854 	 32.821
FHW12233	255.750 	 91.854 	 32.820
FHW12233	255.875 	 91.854 	 32.821
FHW12233	256.000 	 91.861 	 32.820
FHW12233	256.125 	 91.854 	 32.820
FHW12233	256.250 	 91.854 	 32.821
FHW12233	256.375 	 91.854 	 32.820
FHW12233	256.500 	 91.854 	 32.821
FHW12233	256.625 	 91.854 	 32.820
FHW12233	256.750 	 91.861 	 32.821
FHW12233	256.875 	 91.854 	 32.820
FHW12233	257.000 	 91.854 	 32.822
FHW12233	257.125 	 91.854 	 32.818
FHW12233	257.250 	 91.854 	 32.820
FHW12233	257.375 	 91.854 	 32.821
FHW12233	257.500 	 91.861 	 32.820
FHW12233	257.625 	 91.854 	 32.822
FHW12233	257.750 	 91.854 	 32.818
FHW12233	257.875 	 91.854 	 32.822
FHW12233	258.000 	 91.854 	 32.818
FHW12233	258.125 	 91.861 	 32.820
FHW12233	258.250 	 91.854 	 32.821
FHW12233	258.375 	 91.854 	 32.820
FHW12233	258.500 	 91.854 	 32.822
FHW12233	258.625 	 91.854 	 32.818
FHW12233	258.750 	 91.854 	 32.822
FHW12233	258.875 	 91.861 	 32.818
FHW12233	259.000 	 91.854 	 32.822
FHW12233	259.125 	 91.854 	 32.820
FHW12233	259.250 	 91.854 	 32.818
FHW12233	259.375 	 91.854 	 32.822
FHW12233	259.500 	 91.854 	 32.818
FHW12233	259.625 	 91.861 	 32.822
FHW12233	259.750 	 91.854 	 32.818
FHW12233	259.875 	 91.854 	 32.822
FHW12233	260.000 	 91.854 	 32.820
FHW12233	260.125 	 91.854 	 32.818
FHW12233	260.250 	 91.861 	 32.822
FHW12233	260.375 	 91.854 	 32.818
FHW12233	260.500 	 91.854 	 32.822
FHW12233	260.625 	 91.854 	 32.820
FHW12233	260.750 	 91.854 	 32.821
FHW12233	260.875 	 91.854 	 32.820
FHW12233	261.000 	 91.861 	 32.821
FHW12233	261.125 	 91.854 	 32.820
FHW12233	261.250 	 91.854 	 32.818
FHW12233	261.375 	 91.854 	 32.822
FHW12233	261.500 	 91.854 	 32.820
FHW12233	261.625 	 91.854 	 32.821
FHW12233	261.750 	 91.861 	 32.820
FHW12233	261.875 	 91.854 	 32.821
FHW12233	262.000 	 91.854 	 32.820
FHW12233	262.125 	 92.358 	 33.069
FHW12233	262.250 	 92.365 	 33.072
FHW12233	262.375 	 92.358 	 33.069
FHW12233	262.500 	 92.358 	 33.072
FHW12233	262.625 	 92.365 	 33.069
FHW12233	262.750 	 92.358 	 33.069
FHW12233	262.875 	 92.358 	 33.072
FHW12233	263.000 	 92.365 	 33.069
FHW12233	263.125 	 92.358 	 33.072
FHW12233	263.250 	 92.358 	 33.069
FHW12233	263.375 	 92.365 	 33.072
FHW12233	263.500 	 92.358 	 33.069
FHW12233	263.625 	 92.358 	 33.069
FHW12233	263.750 	 92.365 	 33.072
FHW12233	263.875 	 92.358 	 33.069
FHW12233	264.000 	 92.358 	 33.072
FHW12233	264.125 	 92.365 	 33.069
FHW12233	264.250 	 92.358 	 33.069
FHW12233	264.375 	 92.358 	 33.072
FHW12233	264.500 	 92.365 	 33.069
FHW12233	264.625 	 92.358 	 33.072
FHW12233	264.750 	 92.358 	 33.069
FHW12233	264.875 	 92.365 	 33.071
FHW12233	265.000 	 92.358 	 33.072
FHW12233	265.125 	 92.358 	 33.069
FHW12233	265.250 	 92.365 	 33.072
FHW12233	265.375 	 92.358 	 33.069
FHW12233	265.500 	 92.358 	 33.072
FHW12233	265.625 	 92.365 	 33.069
FHW12233	265.750 	 92.358 	 33.069
FHW12233	265.875 	 92.358 	 33.072
FHW12233	266.000 	 92.365 	 33.069
FHW12233	266.125 	 92.358 	 33.072
FHW12233	266.250 	 92.358 	 33.069
FHW12233	266.375 	 92.365 	 33.069
FHW12233	266.500 	 92.358 	 33.072
FHW12233	266.625 	 92.358 	 33.069
FHW12233	266.750 	 92.365 	 33.072
FHW12233	266.875 	 92.358 	 33.069
FHW12233	267.000 	 92.358 	 33.069
FHW12233	267.125 	 92.365 	 33.072
FHW12233	267.250 	 92.358 	 33.069
FHW12233	267.375 	 92.358 	 33.072
FHW12233	267.500 	 92.365 	 33.069
FHW12233	267.625 	 92.358 	 33.072
FHW12233	267.750 	 92.358 	 33.069
FHW12233	267.875 	 92.365 	 33.069
FHW12233	268.000 	 92.358 	 33.072
FHW12233	268.125 	 92.358 	 33.069
FHW12233	268.250 	 92.365 	 33.072
FHW12233	268.375 	 92.358 	 33.069
FHW12233	268.500 	 92.358 	 33.069
FHW12233	268.625 	 92.365 	 33.072
FHW12233	268.750 	 92.358 	 33.069
FHW12233	268.875 	 92.358 	 33.072
FHW12233	269.000 	 92.365 	 33.069
FHW12233	269.125 	 92.358 	 33.069
FHW12233	269.250 	 92.358 	 33.072
FHW12233	269.375 	 92.365 	 33.069
FHW12233	269.500 	 92.358 	 33.072
FHW12233	269.625 	 92.358 	 33.069
FHW12233	269.750 	 92.365 	 33.072
FHW12233	269.875 	 92.358 	 33.069
FHW12233	270.000 	 92.358 	 33.069
FHW12233	270.125 	 92.365 	 33.072
FHW12233	270.250 	 92.358 	 33.069
FHW12233	270.375 	 92.358 	 33.072
FHW12233	270.500 	 92.365 	 33.069
FHW12233	270.625 	 92.358 	 33.069
FHW12233	270.750 	 92.358 	 33.072
FHW12233	270.875 	 92.365 	 33.069
FHW12233	271.000 	 92.358 	 33.072
FHW12233	271.125 	 92.358 	 33.069
FHW12233	271.250 	 92.365 	 33.069
FHW12233	271.375 	 92.358 	 33.072
FHW12233	271.500 	 92.358 	 33.069
FHW12233	271.625 	 92.365 	 33.072
FHW12233	271.750 	 92.358 	 33.069
FHW12233	271.875 	 92.358 	 33.072
FHW12233	272.000 	 92.358 	 33.069
FHW12233	272.125 	 92.365 	 33.069
FHW12233	272.250 	 92.358 	 33.072
FHW12233	272.375 	 92.358 	 33.069
FHW12233	272.500 	 92.365 	 33.072
FHW12233	272.625 	 92.358 	 33.069
FHW12233	272.750 	 92.358 	 33.069
FHW12233	272.875 	 92.365 	 33.072
FHW12233	273.000 	 92.358 	 33.069
FHW12233	273.125 	 92.540 	 33.549
FHW12233	273.250 	 92.848 	 34.400
FHW12233	273.375 	 92.848 	 34.401
FHW12233	273.500 	 92.855 	 34.400
FHW12233	273.625 	 92.848 	 34.400
FHW12233	273.750 	 92.848 	 34.397
FHW12233	273.875 	 92.855 	 34.404
FHW12233	274.000 	 92.848 	 34.400
FHW12233	274.125 	 92.848 	 34.397
FHW12233	274.250 	 92.855 	 34.400
FHW12233	274.375 	 92.848 	 34.404
FHW12233	274.500 	 92.848 	 34.397
FHW12233	274.625 	 92.855 	 34.400
FHW12233	274.750 	 92.848 	 34.397
FHW12233	274.875 	 92.848 	 34.404
FHW12233	275.000 	 92.848 	 34.400
FHW12233	275.125 	 92.855 	 34.397
FHW12233	275.250 	 92.848 	 34.404
FHW12233	275.375 	 92.848 	 34.400
FHW12233	275.500 	 92.855 	 34.397
FHW12233	275.625 	 92.848 	 34.400
FHW12233	275.750 	 92.848 	 34.404
FHW12233	275.875 	 92.855 	 34.397
FHW12233	276.000 	 92.848 	 34.400
FHW12233	276.125 	 92.848 	 34.400
FHW12233	276.250 	 92.855 	 34.401
FHW12233	276.375 	 92.848 	 34.400
FHW12233	276.500 	 92.848 	 34.400
FHW12233	276.625 	 92.855 	 34.397
FHW12233	276.750 	 92.848 	 34.404
FHW12233	276.875 	 92.848 	 34.397
FHW12233	277.000 	 92.855 	 34.400
FHW12233	277.125 	 92.848 	 34.404
FHW12233	277.250 	 92.848 	 34.397
FHW12233	277.375 	 92.855 	 34.400
FHW12233	277.500 	 92.848 	 34.400
FHW12233	277.625 	 92.848 	 34.401
FHW12233	277.750 	 92.855 	 34.400
FHW12233	277.875 	 92.848 	 34.400
FHW12233	278.000 	 92.848 	 34.397
FHW12233	278.125 	 92.855 	 34.404
FHW12233	278.250 	 92.848 	 34.400
FHW12233	278.375 	 92.848 	 34.397
FHW12233	278.500 	 92.848 	 34.400
FHW12233	278.625 	 92.855 	 34.404
FHW12233	278.750 	 92.848 	 34.397
FHW12233	278.875 	 92.848 	 34.400
FHW12233	279.000 	 92.855 	 34.401
FHW12233	279.125 	 92.848 	 34.400
FHW12233	279.250 	 92.848 	 34.400
FHW12233	279.375 	 92.855 	 34.397
FHW12233	279.500 	 92.848 	 34.404
FHW12233	279.625 	 92.848 	 34.400
FHW12233	279.750 	 92.855 	 34.397
FHW12233	279.875 	 92.848 	 34.400
FHW12233	280.000 	 92.848 	 34.404
FHW12233	280.125 	 92.855 	 34.397
FHW12233	280.250 	 92.848 	 34.400
FHW12233	280.375 	 92.848 	 34.400
FHW12233	280.500 	 92.855 	 34.401
FHW12233	280.625 	 92.848 	 34.400
FHW12233	280.750 	 92.848 	 34.400
FHW12233	280.875 	 92.855 	 34.401
FHW12233	281.000 	 92.848 	 34.400
FHW12233	281.125 	 92.848 	 34.400
FHW12233	281.250 	 92.855 	 34.397
FHW12233	281.375 	 92.848 	 34.404
FHW12233	281.500 	 92.848 	 34.397
FHW12233	281.625 	 92.855 	 34.400
FHW12233	281.750 	 92.848 	 34.400
FHW12233	281.875 	 92.848 	 34.401
FHW12233	282.000 	 92.848 	 34.400
FHW12233	282.125 	 92.855 	 34.400
FHW12233	282.250 	 92.855 	 34.537
FHW12233	282.375 	 92.904 	 35.248
FHW12233	282.500 	 92.897 	 35.252
FHW12233	282.625 	 92.904 	 35.252
FHW12233	282.750 	 92.897 	 35.245
FHW12233	282.875 	 92.904 	 35.252
FHW12233	283.000 	 92.897 	 35.252
FHW12233	283.125 	 92.897 	 35.248
FHW12233	283.250 	 92.904 	 35.252
FHW12233	283.375 	 92.897 	 35.248
FHW12233	283.500 	 92.904 	 35.249
FHW12233	283.625 	 92.897 	 35.252
FHW12233	283.750 	 92.904 	 35.248
FHW12233	283.875 	 92.897 	 35.252
FHW12233	284.000 	 92.904 	 35.252
FHW12233	284.125 	 92.897 	 35.245
FHW12233	284.250 	 92.904 	 35.252
FHW12233	284.375 	 92.897 	 35.252
FHW12233	284.500 	 92.897 	 35.248
FHW12233	284.625 	 92.904 	 35.252
FHW12233	284.750 	 92.897 	 35.252
FHW12233	284.875 	 92.904 	 35.245
FHW12233	285.000 	 92.897 	 35.252
FHW12233	285.125 	 92.904 	 35.252
FHW12233	285.250 	 92.897 	 35.248
FHW12233	285.375 	 92.904 	 35.252
FHW12233	285.500 	 92.897 	 35.249
FHW12233	285.625 	 92.897 	 35.248
FHW12233	285.750 	 92.904 	 35.252
FHW12233	285.875 	 92.897 	 35.252
FHW12233	286.000 	 92.904 	 35.248
FHW12233	286.125 	 92.897 	 35.249
FHW12233	286.250 	 92.904 	 35.252
FHW12233	286.375 	 92.897 	 35.248
FHW12233	286.500 	 92.904 	 35.252
FHW12233	286.625 	 92.897 	 35.252
FHW12233	286.750 	 92.904 	 35.248
FHW12233	286.875 	 92.897 	 35.249
FHW12233	287.000 	 92.897 	 35.248
FHW12233	287.125 	 92.904 	 35.252
FHW12233	287.250 	 92.897 	 35.252
FHW12233	287.375 	 92.904 	 35.248
FHW12233	287.500 	 92.897 	 35.249
FHW12233	287.625 	 92.904 	 35.252
FHW12233	287.750 	 92.897 	 35.248
FHW12233	287.875 	 92.904 	 35.252
FHW12233	288.000 	 92.897 	 35.252
FHW12233	288.125 	 92.904 	 35.248
FHW12233	288.250 	 92.897 	 35.249
FHW12233	288.375 	 92.897 	 35.252
FHW12233	288.500 	 92.904 	 35.248
FHW12233	288.625 	 92.897 	 35.252
FHW12233	288.750 	 92.904 	 35.252
FHW12233	288.875 	 92.897 	 35.245
FHW12233	289.000 	 92.904 	 35.252
FHW12233	289.125 	 92.897 	 35.252
FHW12233	289.250 	 92.904 	 35.248
FHW12233	289.375 	 92.897 	 35.252
FHW12233	289.500 	 92.904 	 35.252
FHW12233	289.625 	 92.897 	 35.245
FHW12233	289.750 	 92.897 	 35.252
FHW12233	289.875 	 92.904 	 35.252
FHW12233	290.000 	 92.897 	 35.248
FHW12233	290.125 	 92.904 	 35.252
FHW12233	290.250 	 92.897 	 35.249
FHW12233	290.375 	 92.904 	 35.248
FHW12233	290.500 	 92.897 	 35.252
FHW12233	290.625 	 92.904 	 35.252
FHW12233	290.750 	 92.897 	 35.248
FHW12233	290.875 	 92.897 	 35.252
FHW12233	291.000 	 92.904 	 35.245
FHW12233	291.125 	 92.897 	 35.252
FHW12233	291.250 	 92.904 	 35.252
FHW12233	291.375 	 92.897 	 35.248
FHW12233	291.500 	 92.743 	 35.331
FHW12233	291.625 	 92.498 	 35.451
FHW12233	291.750 	 92.505 	 35.449
FHW12233	291.875 	 92.498 	 35.451
FHW12233	292.000 	 92.498 	 35.451
FHW12233	292.125 	 92.505 	 35.449
FHW12233	292.250 	 92.498 	 35.451
FHW12233	292.375 	 92.498 	 35.449
FHW12233	292.500 	 92.505 	 35.451
FHW12233	292.625 	 92.498 	 35.449
FHW12233	292.750 	 92.498 	 35.451
FHW12233	292.875 	 92.505 	 35.449
FHW12233	293.000 	 92.498 	 35.451
FHW12233	293.125 	 92.498 	 35.449
FHW12233	293.250 	 92.505 	 35.451
FHW12233	293.375 	 92.498 	 35.449
FHW12233	293.500 	 92.498 	 35.451
FHW12233	293.625 	 92.505 	 35.449
FHW12233	293.750 	 92.498 	 35.451
FHW12233	293.875 	 92.498 	 35.449
FHW12233	294.000 	 92.505 	 35.451
FHW12233	294.125 	 92.498 	 35.449
FHW12233	294.250 	 92.498 	 35.451
FHW12233	294.375 	 92.505 	 35.449
FHW12233	294.500 	 92.498 	 35.451
FHW12233	294.625 	 92.498 	 35.449
FHW12233	294.750 	 92.505 	 35.451
FHW12233	294.875 	 92.498 	 35.449
FHW12233	295.000 	 92.498 	 35.451
FHW12233	295.125 	 92.505 	 35.449
FHW12233	295.250 	 92.498 	 35.451
FHW12233	295.375 	 92.498 	 35.449
FHW12233	295.500 	 92.505 	 35.451
FHW12233	295.625 	 92.498 	 35.449
FHW12233	295.750 	 92.498 	 35.451
FHW12233	295.875 	 92.505 	 35.449
FHW12233	296.000 	 92.498 	 35.451
FHW12233	296.125 	 92.498 	 35.445
FHW12233	296.250 	 92.505 	 35.451
FHW12233	296.375 	 92.498 	 35.449
FHW12233	296.500 	 92.498 	 35.451
FHW12233	296.625 	 92.505 	 35.449
FHW12233	296.750 	 92.498 	 35.451
FHW12233	296.875 	 92.498 	 35.449
FHW12233	297.000 	 92.505 	 35.451
FHW12233	297.125 	 92.498 	 35.449
FHW12233	297.250 	 92.505 	 35.451
FHW12233	297.375 	 92.498 	 35.449
FHW12233	297.500 	 92.498 	 35.451
FHW12233	297.625 	 92.505 	 35.449
FHW12233	297.750 	 92.498 	 35.451
FHW12233	297.875 	 92.498 	 35.449
FHW12233	298.000 	 92.505 	 35.451
FHW12233	298.125 	 92.498 	 35.449
FHW12233	298.250 	 92.498 	 35.451
FHW12233	298.375 	 92.505 	 35.451
FHW12233	298.500 	 92.498 	 35.449
FHW12233	298.625 	 92.498 	 35.451
FHW12233	298.750 	 92.505 	 35.449
FHW12233	298.875 	 92.498 	 35.451
FHW12233	299.000 	 92.498 	 35.449
FHW12233	299.125 	 92.505 	 35.451
FHW12233	299.250 	 92.498 	 35.449
FHW12233	299.375 	 92.498 	 35.451
FHW12233	299.500 	 92.505 	 35.449
FHW12233	299.625 	 92.498 	 35.451
FHW12233	299.750 	 92.498 	 35.449
FHW12233	299.875 	 92.505 	 35.451
FHW12233	300.000 	 92.498 	 35.449
FHW12233	300.125 	 92.498 	 35.451
FHW12233	300.250 	 92.505 	 35.449
FHW12233	300.375 	 92.498 	 35.451
FHW12233	300.500 	 92.498 	 35.449
FHW12233	300.625 	 92.358 	 35.309
FHW12233	300.750 	 92.099 	 35.050
FHW12233	300.875 	 92.099 	 35.047
FHW12233	301.000 	 92.106 	 35.050
FHW12233	301.125 	 92.099 	 35.054
FHW12233	301.250 	 92.099 	 35.050
FHW12233	301.375 	 92.099 	 35.047
FHW12233	301.500 	 92.099 	 35.050
FHW12233	301.625 	 92.099 	 35.054
FHW12233	301.750 	 92.106 	 35.047
FHW12233	301.875 	 92.099 	 35.050
FHW12233	302.000 	 92.099 	 35.050
FHW12233	302.125 	 92.099 	 35.051
FHW12233	302.250 	 92.099 	 35.050
FHW12233	302.375 	 92.106 	 35.050
FHW12233	302.500 	 92.099 	 35.050
FHW12233	302.625 	 92.099 	 35.047
FHW12233	302.750 	 92.099 	 35.054
FHW12233	302.875 	 92.099 	 35.050
FHW12233	303.000 	 92.099 	 35.047
FHW12233	303.125 	 92.106 	 35.050
FHW12233	303.250 	 92.099 	 35.054
FHW12233	303.375 	 92.099 	 35.050
FHW12233	303.500 	 92.099 	 35.047
FHW12233	303.625 	 92.099 	 35.050
FHW12233	303.750 	 92.099 	 35.054
FHW12233	303.875 	 92.106 	 35.047
FHW12233	304.000 	 92.099 	 35.050
FHW12233	304.125 	 92.099 	 35.050
FHW12233	304.250 	 92.099 	 35.054
FHW12233	304.375 	 92.099 	 35.047
FHW12233	304.500 	 92.099 	 35.050
FHW12233	304.625 	 92.106 	 35.050
FHW12233	304.750 	 92.099 	 35.051
FHW12233	304.875 	 92.099 	 35.050
FHW12233	305.000 	 92.099 	 35.050
FHW12233	305.125 	 92.099 	 35.047
FHW12233	305.250 	 92.106 	 35.054
FHW12233	305.375 	 92.099 	 35.050
FHW12233	305.500 	 92.099 	 35.050
FHW12233	305.625 	 92.099 	 35.047
FHW12233	305.750 	 92.099 	 35.050
FHW12233	305.875 	 92.099 	 35.054
FHW12233	306.000 	 92.106 	 35.047
FHW12233	306.125 	 92.099 	 35.050
FHW12233	306.250 	 92.099 	 35.050
FHW12233	306.375 	 92.099 	 35.054
FHW12233	306.500 	 92.099 	 35.047
FHW12233	306.625 	 92.099 	 35.050
FHW12233	306.750 	 92.106 	 35.050
FHW12233	306.875 	 92.099 	 35.051
FHW12233	307.000 	 92.099 	 35.050
FHW12233	307.125 	 92.099 	 35.050
FHW12233	307.250 	 92.099 	 35.047
FHW12233	307.375 	 92.099 	 35.054
FHW12233	307.500 	 92.106 	 35.050
FHW12233	307.625 	 92.099 	 35.050
FHW12233	307.750 	 92.099 	 35.047
FHW12233	307.875 	 92.099 	 35.054
FHW12233	308.000 	 92.099 	 35.050
FHW12233	308.125 	 92.106 	 35.047
FHW12233	308.250 	 92.099 	 35.050
FHW12233	308.375 	 92.099 	 35.054
FHW12233	308.500 	 92.099 	 35.050
FHW12233	308.625 	 92.099 	 35.047
FHW12233	308.750 	 92.099 	 35.050
FHW12233	308.875 	 92.106 	 35.050
FHW12233	309.000 	 92.099 	 35.051
FHW12233	309.125 	 92.099 	 35.050
FHW12233	309.250 	 92.099 	 35.050
FHW12233	309.375 	 92.099 	 35.050
FHW12233	309.500 	 92.099 	 35.051
FHW12233	309.625 	 92.106 	 35.050
FHW12233	309.750 	 92.099 	 35.050
FHW12233	309.875 	 92.099 	 35.047
FHW12233	310.000 	 91.875 	 34.661
FHW12233	310.125 	 91.700 	 34.349
FHW12233	310.250 	 91.700 	 34.350
FHW12233	310.375 	 91.700 	 34.353
FHW12233	310.500 	 91.700 	 34.346
FHW12233	310.625 	 91.700 	 34.353
FHW12233	310.750 	 91.700 	 34.350
FHW12233	310.875 	 91.700 	 34.349
FHW12233	311.000 	 91.700 	 34.350
FHW12233	311.125 	 91.700 	 34.349
FHW12233	311.250 	 91.700 	 34.350
FHW12233	311.375 	 91.700 	 34.353
FHW12233	311.500 	 91.700 	 34.346
FHW12233	311.625 	 91.700 	 34.353
FHW12233	311.750 	 91.707 	 34.346
FHW12233	311.875 	 91.700 	 34.353
FHW12233	312.000 	 91.700 	 34.350
FHW12233	312.125 	 91.700 	 34.349
FHW12233	312.250 	 91.700 	 34.353
FHW12233	312.375 	 91.700 	 34.350
FHW12233	312.500 	 91.700 	 34.349
FHW12233	312.625 	 91.700 	 34.350
FHW12233	312.750 	 91.700 	 34.349
FHW12233	312.875 	 91.700 	 34.350
FHW12233	313.000 	 91.700 	 34.353
FHW12233	313.125 	 91.700 	 34.346
FHW12233	313.250 	 91.700 	 34.353
FHW12233	313.375 	 91.700 	 34.350
FHW12233	313.500 	 91.700 	 34.349
FHW12233	313.625 	 91.700 	 34.350
FHW12233	313.750 	 91.700 	 34.349
FHW12233	313.875 	 91.700 	 34.350
FHW12233	314.000 	 91.700 	 34.353
FHW12233	314.125 	 91.700 	 34.346
FHW12233	314.250 	 91.700 	 34.353
FHW12233	314.375 	 91.700 	 34.350
FHW12233	314.500 	 91.700 	 34.349
FHW12233	314.625 	 91.700 	 34.350
FHW12233	314.750 	 91.700 	 34.349
FHW12233	314.875 	 91.700 	 34.350
FHW12233	315.000 	 91.700 	 34.353
FHW12233	315.125 	 91.700 	 34.346
FHW12233	315.250 	 91.700 	 34.353
FHW12233	315.375 	 91.700 	 34.350
FHW12233	315.500 	 91.700 	 34.349
FHW12233	315.625 	 91.700 	 34.350
FHW12233	315.750 	 91.700 	 34.349
FHW12233	315.875 	 91.700 	 34.350
FHW12233	316.000 	 91.700 	 34.353
FHW12233	316.125 	 91.707 	 34.349
FHW12233	316.250 	 91.700 	 34.350
FHW12233	316.375 	 91.700 	 34.349
FHW12233	316.500 	 91.700 	 34.350
FHW12233	316.625 	 91.700 	 34.353
FHW12233	316.750 	 91.700 	 34.346
FHW12233	316.875 	 91.700 	 34.353
FHW12233	317.000 	 91.700 	 34.350
FHW12233	317.125 	 91.700 	 34.349
FHW12233	317.250 	 91.700 	 34.350
FHW12233	317.375 	 91.700 	 34.349
FHW12233	317.500 	 91.700 	 34.350
FHW12233	317.625 	 91.700 	 34.353
FHW12233	317.750 	 91.700 	 34.346
FHW12233	317.875 	 91.700 	 34.353
FHW12233	318.000 	 91.700 	 34.350
FHW12233	318.125 	 91.700 	 34.349
FHW12233	318.250 	 91.700 	 34.350
FHW12233	318.375 	 91.700 	 34.349
FHW12233	318.500 	 91.700 	 34.350
FHW12233	318.625 	 91.700 	 34.353
FHW12233	318.750 	 91.700 	 34.346
FHW12233	318.875 	 91.700 	 34.353
FHW12233	319.000 	 91.700 	 34.350
FHW12233	319.125 	 91.700 	 34.349
FHW12233	319.250 	 91.700 	 34.350
FHW12233	319.375 	 91.399 	 34.181
FHW12233	319.500 	 91.245 	 34.099
FHW12233	319.625 	 91.252 	 34.101
FHW12233	319.750 	 91.252 	 34.099
FHW12233	319.875 	 91.245 	 34.102
FHW12233	320.000 	 91.252 	 34.099
FHW12233	320.125 	 91.252 	 34.101
FHW12233	320.250 	 91.245 	 34.099
FHW12233	320.375 	 91.252 	 34.099
FHW12233	320.500 	 91.252 	 34.101
FHW12233	320.625 	 91.252 	 34.102
FHW12233	320.750 	 91.245 	 34.099
FHW12233	320.875 	 91.252 	 34.101
FHW12233	321.000 	 91.252 	 34.099
FHW12233	321.125 	 91.245 	 34.099
FHW12233	321.250 	 91.252 	 34.099
FHW12233	321.375 	 91.252 	 34.105
FHW12233	321.500 	 91.252 	 34.099
FHW12233	321.625 	 91.245 	 34.099
FHW12233	321.750 	 91.252 	 34.101
FHW12233	321.875 	 91.252 	 34.099
FHW12233	322.000 	 91.245 	 34.099
FHW12233	322.125 	 91.252 	 34.102
FHW12233	322.250 	 91.252 	 34.101
FHW12233	322.375 	 91.252 	 34.099
FHW12233	322.500 	 91.245 	 34.099
FHW12233	322.625 	 91.252 	 34.101
FHW12233	322.750 	 91.252 	 34.102
FHW12233	322.875 	 91.245 	 34.099
FHW12233	323.000 	 91.252 	 34.101
FHW12233	323.125 	 91.252 	 34.099
FHW12233	323.250 	 91.252 	 34.099
FHW12233	323.375 	 91.245 	 34.099
FHW12233	323.500 	 91.252 	 34.105
FHW12233	323.625 	 91.252 	 34.099
FHW12233	323.750 	 91.245 	 34.099
FHW12233	323.875 	 91.252 	 34.101
FHW12233	324.000 	 91.252 	 34.099
FHW12233	324.125 	 91.252 	 34.099
FHW12233	324.250 	 91.245 	 34.102
FHW12233	324.375 	 91.252 	 34.101
FHW12233	324.500 	 91.252 	 34.099
FHW12233	324.625 	 91.245 	 34.099
FHW12233	324.750 	 91.252 	 34.101
FHW12233	324.875 	 91.252 	 34.099
FHW12233	325.000 	 91.252 	 34.102
FHW12233	325.125 	 91.245 	 34.101
FHW12233	325.250 	 91.252 	 34.099
FHW12233	325.375 	 91.252 	 34.099
FHW12233	325.500 	 91.245 	 34.099
FHW12233	325.625 	 91.252 	 34.105
FHW12233	325.750 	 91.252 	 34.099
FHW12233	325.875 	 91.245 	 34.099
FHW12233	326.000 	 91.252 	 34.101
FHW12233	326.125 	 91.252 	 34.099
FHW12233	326.250 	 91.252 	 34.099
FHW12233	326.375 	 91.245 	 34.102
FHW12233	326.500 	 91.252 	 34.101
FHW12233	326.625 	 91.252 	 34.099
FHW12233	326.750 	 91.245 	 34.099
FHW12233	326.875 	 91.252 	 34.101
FHW12233	327.000 	 91.252 	 34.099
FHW12233	327.125 	 91.252 	 34.102
FHW12233	327.250 	 91.245 	 34.101
FHW12233	327.375 	 91.252 	 34.099
FHW12233	327.500 	 91.252 	 34.099
FHW12233	327.625 	 91.245 	 34.099
FHW12233	327.750 	 91.252 	 34.101
FHW12233	327.875 	 91.252 	 34.102
FHW12233	328.000 	 91.252 	 34.099
FHW12233	328.125 	 91.245 	 34.101
FHW12233	328.250 	 91.252 	 34.099
FHW12233	328.375 	 91.252 	 34.099
FHW12233	328.500 	 91.245 	 34.099
FHW12233	328.625 	 91.252 	 33.682
FHW12233	328.750 	 91.252 	 33.601
FHW12233	328.875 	 91.252 	 33.600
FHW12233	329.000 	 91.245 	 33.601
FHW12233	329.125 	 91.252 	 33.600
FHW12233	329.250 	 91.252 	 33.597
FHW12233	329.375 	 91.245 	 33.604
FHW12233	329.500 	 91.252 	 33.597
FHW12233	329.625 	 91.252 	 33.604
FHW12233	329.750 	 91.252 	 33.597
FHW12233	329.875 	 91.245 	 33.600
FHW12233	330.000 	 91.252 	 33.601
FHW12233	330.125 	 91.252 	 33.600
FHW12233	330.250 	 91.245 	 33.601
FHW12233	330.375 	 91.252 	 33.600
FHW12233	330.500 	 91.252 	 33.597
FHW12233	330.625 	 91.245 	 33.604
FHW12233	330.750 	 91.252 	 33.597
FHW12233	330.875 	 91.252 	 33.604
FHW12233	331.000 	 91.252 	 33.597
FHW12233	331.125 	 91.245 	 33.604
FHW12233	331.250 	 91.252 	 33.597
FHW12233	331.375 	 91.252 	 33.600
FHW12233	331.500 	 91.245 	 33.601
FHW12233	331.625 	 91.252 	 33.600
FHW12233	331.750 	 91.252 	 33.601
FHW12233	331.875 	 91.252 	 33.600
FHW12233	332.000 	 91.245 	 33.597
FHW12233	332.125 	 91.252 	 33.604
FHW12233	332.250 	 91.252 	 33.597
FHW12233	332.375 	 91.245 	 33.604
FHW12233	332.500 	 91.252 	 33.597
FHW12233	332.625 	 91.252 	 33.601
FHW12233	332.750 	 91.252 	 33.603
FHW12233	332.875 	 91.245 	 33.597
FHW12233	333.000 	 91.252 	 33.601
FHW12233	333.125 	 91.252 	 33.597
FHW12233	333.250 	 91.245 	 33.607
FHW12233	333.375 	 91.252 	 33.597
FHW12233	333.500 	 91.252 	 33.597
FHW12233	333.625 	 91.252 	 33.601
FHW12233	333.750 	 91.245 	 33.603
FHW12233	333.875 	 91.252 	 33.601
FHW12233	334.000 	 91.252 	 33.597
FHW12233	334.125 	 91.245 	 33.597
FHW12233	334.250 	 91.252 	 33.607
FHW12233	334.375 	 91.252 	 33.597
FHW12233	334.500 	 91.245 	 33.601
FHW12233	334.625 	 91.252 	 33.597
FHW12233	334.750 	 91.252 	 33.607
FHW12233	334.875 	 91.252 	 33.597
FHW12233	335.000 	 91.245 	 33.597
FHW12233	335.125 	 91.252 	 33.601
FHW12233	335.250 	 91.252 	 33.603
FHW12233	335.375 	 91.245 	 33.601
FHW12233	335.500 	 91.252 	 33.597
FHW12233	335.625 	 91.252 	 33.597
FHW12233	335.750 	 91.252 	 33.607
FHW12233	335.875 	 91.245 	 33.597
FHW12233	336.000 	 91.252 	 33.601
FHW12233	336.125 	 91.252 	 33.597
FHW12233	336.250 	 91.245 	 33.607
FHW12233	336.375 	 91.252 	 33.597
FHW12233	336.500 	 91.252 	 33.597
FHW12233	336.625 	 91.252 	 33.601
FHW12233	336.750 	 91.245 	 33.603
FHW12233	336.875 	 91.252 	 33.601
FHW12233	337.000 	 91.252 	 33.597
FHW12233	337.125 	 91.245 	 33.597
FHW12233	337.250 	 91.252 	 33.607
FHW12233	337.375 	 91.252 	 33.597
FHW12233	337.500 	 91.245 	 33.601
FHW12233	337.625 	 91.252 	 33.597
FHW12233	337.750 	 91.252 	 33.603
FHW12233	337.875 	 91.434 	 33.554
FHW12233	338.000 	 91.679 	 33.504
FHW12233	338.125 	 91.672 	 33.498
FHW12233	338.250 	 91.679 	 33.500
FHW12233	338.375 	 91.672 	 33.498
FHW12233	338.500 	 91.679 	 33.504
FHW12233	338.625 	 91.672 	 33.498
FHW12233	338.750 	 91.679 	 33.500
FHW12233	338.875 	 91.672 	 33.498
FHW12233	339.000 	 91.672 	 33.504
FHW12233	339.125 	 91.679 	 33.498
FHW12233	339.250 	 91.672 	 33.500
FHW12233	339.375 	 91.679 	 33.504
FHW12233	339.500 	 91.672 	 33.498
FHW12233	339.625 	 91.679 	 33.504
FHW12233	339.750 	 91.672 	 33.494
FHW12233	339.875 	 91.679 	 33.504
FHW12233	340.000 	 91.672 	 33.498
FHW12233	340.125 	 91.672 	 33.504
FHW12233	340.250 	 91.679 	 33.498
FHW12233	340.375 	 91.672 	 33.500
FHW12233	340.500 	 91.679 	 33.498
FHW12233	340.625 	 91.672 	 33.504
FHW12233	340.750 	 91.679 	 33.498
FHW12233	340.875 	 91.672 	 33.500
FHW12233	341.000 	 91.679 	 33.498
FHW12233	341.125 	 91.672 	 33.504
FHW12233	341.250 	 91.679 	 33.498
FHW12233	341.375 	 91.672 	 33.500
FHW12233	341.500 	 91.672 	 33.498
FHW12233	341.625 	 91.679 	 33.504
FHW12233	341.750 	 91.672 	 33.498
FHW12233	341.875 	 91.679 	 33.500
FHW12233	342.000 	 91.672 	 33.498
FHW12233	342.125 	 91.679 	 33.504
FHW12233	342.250 	 91.672 	 33.498
FHW12233	342.375 	 91.679 	 33.504
FHW12233	342.500 	 91.672 	 33.494
FHW12233	342.625 	 91.679 	 33.504
FHW12233	342.750 	 91.672 	 33.498
FHW12233	342.875 	 91.672 	 33.504
FHW12233	343.000 	 91.679 	 33.494
FHW12233	343.125 	 91.672 	 33.504
FHW12233	343.250 	 91.679 	 33.498
FHW12233	343.375 	 91.672 	 33.504
FHW12233	343.500 	 91.679 	 33.494
FHW12233	343.625 	 91.672 	 33.504
FHW12233	343.750 	 91.679 	 33.504
FHW12233	343.875 	 91.672 	 33.498
FHW12233	344.000 	 91.679 	 33.500
FHW12233	344.125 	 91.672 	 33.498
FHW12233	344.250 	 91.672 	 33.504
FHW12233	344.375 	 91.679 	 33.498
FHW12233	344.500 	 91.672 	 33.504
FHW12233	344.625 	 91.679 	 33.494
FHW12233	344.750 	 91.672 	 33.504
FHW12233	344.875 	 91.679 	 33.498
FHW12233	345.000 	 91.672 	 33.504
FHW12233	345.125 	 91.679 	 33.494
FHW12233	345.250 	 91.672 	 33.504
FHW12233	345.375 	 91.679 	 33.498
FHW12233	345.500 	 91.672 	 33.504
FHW12233	345.625 	 91.672 	 33.494
FHW12233	345.750 	 91.679 	 33.504
FHW12233	345.875 	 91.672 	 33.498
FHW12233	346.000 	 91.679 	 33.504
FHW12233	346.125 	 91.672 	 33.498
FHW12233	346.250 	 91.679 	 33.500
FHW12233	346.375 	 91.672 	 33.498
FHW12233	346.500 	 91.679 	 33.504
FHW12233	346.625 	 91.672 	 33.498
FHW12233	346.750 	 91.672 	 33.500
FHW12233	346.875 	 91.679 	 33.498
FHW12233	347.000 	 91.889 	 34.006
FHW12233	347.125 	 91.980 	 34.199
FHW12233	347.250 	 91.973 	 34.203
FHW12233	347.375 	 91.973 	 34.203
FHW12233	347.500 	 91.980 	 34.193
FHW12233	347.625 	 91.973 	 34.203
FHW12233	347.750 	 91.973 	 34.203
FHW12233	347.875 	 91.980 	 34.199
FHW12233	348.000 	 91.973 	 34.203
FHW12233	348.125 	 91.973 	 34.197
FHW12233	348.250 	 91.980 	 34.199
FHW12233	348.375 	 91.973 	 34.203
FHW12233	348.500 	 91.973 	 34.199
FHW12233	348.625 	 91.973 	 34.203
FHW12233	348.750 	 91.980 	 34.203
FHW12233	348.875 	 91.973 	 34.193
FHW12233	349.000 	 91.973 	 34.203
FHW12233	349.125 	 91.980 	 34.203
FHW12233	349.250 	 91.973 	 34.199
FHW12233	349.375 	 91.973 	 34.203
FHW12233	349.500 	 91.980 	 34.197
FHW12233	349.625 	 91.973 	 34.199
FHW12233	349.750 	 91.973 	 34.203
FHW12233	349.875 	 91.980 	 34.199
FHW12233	350.000 	 91.973 	 34.203
FHW12233	350.125 	 91.973 	 34.197
FHW12233	350.250 	 91.980 	 34.199
FHW12233	350.375 	 91.973 	 34.203
FHW12233	350.500 	 91.973 	 34.203
FHW12233	350.625 	 91.980 	 34.199
FHW12233	350.750 	 91.973 	 34.197
FHW12233	350.875 	 91.973 	 34.203
FHW12233	351.000 	 91.980 	 34.199
FHW12233	351.125 	 91.973 	 34.203
FHW12233	351.250 	 91.973 	 34.199
FHW12233	351.375 	 91.980 	 34.203
FHW12233	351.500 	 91.973 	 34.197
FHW12233	351.625 	 91.973 	 34.199
FHW12233	351.750 	 91.980 	 34.203
FHW12233	351.875 	 91.973 	 34.203
FHW12233	352.000 	 91.973 	 34.199
FHW12233	352.125 	 91.980 	 34.197
FHW12233	352.250 	 91.973 	 34.199
FHW12233	352.375 	 91.973 	 34.203
FHW12233	352.500 	 91.980 	 34.203
FHW12233	352.625 	 91.973 	 34.199
FHW12233	352.750 	 91.973 	 34.197
FHW12233	352.875 	 91.980 	 34.203
FHW12233	353.000 	 91.973 	 34.199
FHW12233	353.125 	 91.973 	 34.203
FHW12233	353.250 	 91.973 	 34.203
FHW12233	353.375 	 91.980 	 34.199
FHW12233	353.500 	 91.973 	 34.197
FHW12233	353.625 	 91.973 	 34.199
FHW12233	353.750 	 91.980 	 34.203
FHW12233	353.875 	 91.973 	 34.203
FHW12233	354.000 	 91.973 	 34.199
FHW12233	354.125 	 91.980 	 34.197
FHW12233	354.250 	 91.973 	 34.203
FHW12233	354.375 	 91.973 	 34.199
FHW12233	354.500 	 91.980 	 34.203
FHW12233	354.625 	 91.973 	 34.203
FHW12233	354.750 	 91.973 	 34.193
FHW12233	354.875 	 91.980 	 34.203
FHW12233	355.000 	 91.973 	 34.199
FHW12233	355.125 	 91.973 	 34.203
FHW12233	355.250 	 91.980 	 34.203
FHW12233	355.375 	 91.973 	 34.193
FHW12233	355.500 	 91.973 	 34.203
FHW12233	355.625 	 91.980 	 34.203
FHW12233	355.750 	 91.973 	 34.199
FHW12233	355.875 	 91.973 	 34.203
FHW12233	356.000 	 91.980 	 34.203
FHW12233	356.125 	 91.973 	 34.193
FHW12233	356.250 	 92.078 	 34.418
FHW12233	356.375 	 92.113 	 34.500
FHW12233	356.500 	 92.113 	 34.500
FHW12233	356.625 	 92.120 	 34.503
FHW12233	356.750 	 92.113 	 34.500
FHW12233	356.875 	 92.113 	 34.500
FHW12233	357.000 	 92.120 	 34.498
FHW12233	357.125 	 92.113 	 34.500
FHW12233	357.250 	 92.113 	 34.503
FHW12233	357.375 	 92.120 	 34.500
FHW12233	357.500 	 92.113 	 34.500
FHW12233	357.625 	 92.113 	 34.503
FHW12233	357.750 	 92.120 	 34.494
FHW12233	357.875 	 92.113 	 34.500
FHW12233	358.000 	 92.113 	 34.503
FHW12233	358.125 	 92.120 	 34.500
FHW12233	358.250 	 92.113 	 34.500
FHW12233	358.375 	 92.113 	 34.503
FHW12233	358.500 	 92.120 	 34.494
FHW12233	358.625 	 92.113 	 34.503
FHW12233	358.750 	 92.113 	 34.500
FHW12233	358.875 	 92.120 	 34.500
FHW12233	359.000 	 92.113 	 34.503
FHW12233	359.125 	 92.113 	 34.500
FHW12233	359.250 	 92.113 	 34.494
FHW12233	359.375 	 92.120 	 34.503
FHW12233	359.500 	 92.113 	 34.500
FHW12233	359.625 	 92.113 	 34.503
FHW12233	359.750 	 92.120 	 34.500
FHW12233	359.875 	 92.113 	 34.500
FHW12233	360.000 	 92.113 	 34.503
FHW12233	360.125 	 92.120 	 34.494
FHW12233	360.250 	 92.113 	 34.500
FHW12233	360.375 	 92.113 	 34.503
FHW12233	360.500 	 92.120 	 34.500
FHW12233	360.625 	 92.113 	 34.500
FHW12233	360.750 	 92.113 	 34.503
FHW12233	360.875 	 92.120 	 34.494
FHW12233	361.000 	 92.113 	 34.503
FHW12233	361.125 	 92.113 	 34.500
FHW12233	361.250 	 92.120 	 34.500
FHW12233	361.375 	 92.113 	 34.503
FHW12233	361.500 	 92.113 	 34.500
FHW12233	361.625 	 92.120 	 34.494
FHW12233	361.750 	 92.113 	 34.503
FHW12233	361.875 	 92.113 	 34.500
FHW12233	362.000 	 92.120 	 34.500
FHW12233	362.125 	 92.113 	 34.503
FHW12233	362.250 	 92.113 	 34.500
FHW12233	362.375 	 92.120 	 34.498
FHW12233	362.500 	 92.113 	 34.500
FHW12233	362.625 	 92.113 	 34.500
FHW12233	362.750 	 92.120 	 34.503
FHW12233	362.875 	 92.113 	 34.500
FHW12233	363.000 	 92.113 	 34.500
FHW12233	363.125 	 92.120 	 34.498
FHW12233	363.250 	 92.113 	 34.500
FHW12233	363.375 	 92.113 	 34.503
FHW12233	363.500 	 92.120 	 34.500
FHW12233	363.625 	 92.113 	 34.500
FHW12233	363.750 	 92.113 	 34.503
FHW12233	363.875 	 92.120 	 34.500
FHW12233	364.000 	 92.113 	 34.494
FHW12233	364.125 	 92.113 	 34.503
FHW12233	364.250 	 92.113 	 34.500
FHW12233	364.375 	 92.120 	 34.500
FHW12233	364.500 	 92.113 	 34.503
FHW12233	364.625 	 92.113 	 34.500
FHW12233	364.750 	 92.120 	 34.498
FHW12233	364.875 	 92.113 	 34.500
FHW12233	365.000 	 92.113 	 34.500
FHW12233	365.125 	 92.120 	 34.503
FHW12233	365.250 	 92.113 	 34.500
FHW12233	365.375 	 92.050 	 34.620
FHW12233	365.500 	 92.015 	 34.696
FHW12233	365.625 	 92.008 	 34.701
FHW12233	365.750 	 92.008 	 34.701
FHW12233	365.875 	 92.015 	 34.700
FHW12233	366.000 	 92.008 	 34.701
FHW12233	366.125 	 92.008 	 34.701
FHW12233	366.250 	 92.015 	 34.696
FHW12233	366.375 	 92.008 	 34.701
FHW12233	366.500 	 92.008 	 34.701
FHW12233	366.625 	 92.015 	 34.700
FHW12233	366.750 	 92.008 	 34.701
FHW12233	366.875 	 92.008 	 34.701
FHW12233	367.000 	 92.015 	 34.696
FHW12233	367.125 	 92.008 	 34.701
FHW12233	367.250 	 92.008 	 34.701
FHW12233	367.375 	 92.015 	 34.700
FHW12233	367.500 	 92.008 	 34.701
FHW12233	367.625 	 92.008 	 34.696
FHW12233	367.750 	 92.015 	 34.701
FHW12233	367.875 	 92.008 	 34.701
FHW12233	368.000 	 92.008 	 34.696
FHW12233	368.125 	 92.008 	 34.705
FHW12233	368.250 	 92.015 	 34.701
FHW12233	368.375 	 92.008 	 34.696
FHW12233	368.500 	 92.008 	 34.701
FHW12233	368.625 	 92.015 	 34.701
FHW12233	368.750 	 92.008 	 34.696
FHW12233	368.875 	 92.008 	 34.705
FHW12233	369.000 	 92.015 	 34.701
FHW12233	369.125 	 92.008 	 34.696
FHW12233	369.250 	 92.008 	 34.701
FHW12233	369.375 	 92.015 	 34.701
FHW12233	369.500 	 92.008 	 34.696
FHW12233	369.625 	 92.008 	 34.705
FHW12233	369.750 	 92.015 	 34.696
FHW12233	369.875 	 92.008 	 34.701
FHW12233	370.000 	 92.008 	 34.701
FHW12233	370.125 	 92.015 	 34.696
FHW12233	370.250 	 92.008 	 34.705
FHW12233	370.375 	 92.008 	 34.701
FHW12233	370.500 	 92.015 	 34.696
FHW12233	370.625 	 92.008 	 34.701
FHW12233	370.750 	 92.008 	 34.701
FHW12233	370.875 	 92.015 	 34.696
FHW12233	371.000 	 92.008 	 34.705
FHW12233	371.125 	 92.008 	 34.701
FHW12233	371.250 	 92.015 	 34.696
FHW12233	371.375 	 92.008 	 34.701
FHW12233	371.500 	 92.008 	 34.701
FHW12233	371.625 	 92.015 	 34.696
FHW12233	371.750 	 92.008 	 34.705
FHW12233	371.875 	 92.008 	 34.696
FHW12233	372.000 	 92.008 	 34.701
FHW12233	372.125 	 92.015 	 34.701
FHW12233	372.250 	 92.008 	 34.696
FHW12233	372.375 	 92.008 	 34.701
FHW12233	372.500 	 92.015 	 34.705
FHW12233	372.625 	 92.008 	 34.696
FHW12233	372.750 	 92.008 	 34.701
FHW12233	372.875 	 92.015 	 34.701
FHW12233	373.000 	 92.008 	 34.696
FHW12233	373.125 	 92.008 	 34.701
FHW12233	373.250 	 92.015 	 34.705
FHW12233	373.375 	 92.008 	 34.696
FHW12233	373.500 	 92.008 	 34.701
FHW12233	373.625 	 92.015 	 34.696
FHW12233	373.750 	 92.008 	 34.701
FHW12233	373.875 	 92.008 	 34.701
FHW12233	374.000 	 92.015 	 34.700
FHW12233	374.125 	 92.008 	 34.701
FHW12233	374.250 	 92.008 	 34.701
FHW12233	374.375 	 92.015 	 34.696
FHW12233	374.500 	 91.938 	 34.727
FHW12233	374.625 	 91.875 	 34.752
FHW12233	374.750 	 91.868 	 34.748
FHW12233	374.875 	 91.868 	 34.752
FHW12233	375.000 	 91.875 	 34.752
FHW12233	375.125 	 91.868 	 34.748
FHW12233	375.250 	 91.868 	 34.746
FHW12233	375.375 	 91.875 	 34.752
FHW12233	375.500 	 91.868 	 34.748
FHW12233	375.625 	 91.868 	 34.752
FHW12233	375.750 	 91.875 	 34.752
FHW12233	375.875 	 91.868 	 34.748
FHW12233	376.000 	 91.868 	 34.752
FHW12233	376.125 	 91.875 	 34.752
FHW12233	376.250 	 91.868 	 34.748
FHW12233	376.375 	 91.868 	 34.752
FHW12233	376.500 	 91.875 	 34.746
FHW12233	376.625 	 91.868 	 34.748
FHW12233	376.750 	 91.868 	 34.752
FHW12233	376.875 	 91.875 	 34.752
FHW12233	377.000 	 91.868 	 34.748
FHW12233	377.125 	 91.868 	 34.752
FHW12233	377.250 	 91.875 	 34.752
FHW12233	377.375 	 91.868 	 34.752
FHW12233	377.500 	 91.868 	 34.748
FHW12233	377.625 	 91.868 	 34.752
FHW12233	377.750 	 91.875 	 34.746
FHW12233	377.875 	 91.868 	 34.748
FHW12233	378.000 	 91.868 	 34.752
FHW12233	378.125 	 91.875 	 34.752
FHW12233	378.250 	 91.868 	 34.748
FHW12233	378.375 	 91.868 	 34.752
FHW12233	378.500 	 91.875 	 34.752
FHW12233	378.625 	 91.868 	 34.748
FHW12233	378.750 	 91.868 	 34.752
FHW12233	378.875 	 91.875 	 34.752
FHW12233	379.000 	 91.868 	 34.748
FHW12233	379.125 	 91.868 	 34.746
FHW12233	379.250 	 91.875 	 34.752
FHW12233	379.375 	 91.868 	 34.748
FHW12233	379.500 	 91.868 	 34.752
FHW12233	379.625 	 91.875 	 34.752
FHW12233	379.750 	 91.868 	 34.748
FHW12233	379.875 	 91.868 	 34.752
FHW12233	380.000 	 91.875 	 34.752
FHW12233	380.125 	 91.868 	 34.748
FHW12233	380.250 	 91.868 	 34.752
FHW12233	380.375 	 91.875 	 34.746
FHW12233	380.500 	 91.868 	 34.748
FHW12233	380.625 	 91.868 	 34.752
FHW12233	380.750 	 91.875 	 34.752
FHW12233	380.875 	 91.868 	 34.748
FHW12233	381.000 	 91.868 	 34.752
FHW12233	381.125 	 91.875 	 34.752
FHW12233	381.250 	 91.868 	 34.748
FHW12233	381.375 	 91.868 	 34.752
FHW12233	381.500 	 91.875 	 34.752
FHW12233	381.625 	 91.868 	 34.742
FHW12233	381.750 	 91.868 	 34.752
FHW12233	381.875 	 91.875 	 34.752
FHW12233	382.000 	 91.868 	 34.748
FHW12233	382.125 	 91.868 	 34.752
FHW12233	382.250 	 91.875 	 34.752
FHW12233	382.375 	 91.868 	 34.748
FHW12233	382.500 	 91.868 	 34.752
FHW12233	382.625 	 91.875 	 34.752
FHW12233	382.750 	 91.868 	 34.748
FHW12233	382.875 	 91.868 	 34.746
FHW12233	383.000 	 91.875 	 34.752
FHW12233	383.125 	 91.868 	 34.748
FHW12233	383.250 	 91.868 	 34.752
FHW12233	383.375 	 91.875 	 34.752
FHW12233	383.500 	 91.868 	 34.748
FHW12233	383.625 	 91.882 	 34.525
FHW12233	383.750 	 91.896 	 34.451
FHW12233	383.875 	 91.889 	 34.445
FHW12233	384.000 	 91.889 	 34.455
FHW12233	384.125 	 91.889 	 34.445
FHW12233	384.250 	 91.889 	 34.455
FHW12233	384.375 	 91.889 	 34.451
FHW12233	384.500 	 91.896 	 34.445
FHW12233	384.625 	 91.889 	 34.455
FHW12233	384.750 	 91.889 	 34.445
FHW12233	384.875 	 91.889 	 34.455
FHW12233	385.000 	 91.889 	 34.445
FHW12233	385.125 	 91.896 	 34.451
FHW12233	385.250 	 91.889 	 34.455
FHW12233	385.375 	 91.889 	 34.445
FHW12233	385.500 	 91.889 	 34.455
FHW12233	385.625 	 91.889 	 34.445
FHW12233	385.750 	 91.889 	 34.451
FHW12233	385.875 	 91.896 	 34.455
FHW12233	386.000 	 91.889 	 34.445
FHW12233	386.125 	 91.889 	 34.451
FHW12233	386.250 	 91.889 	 34.449
FHW12233	386.375 	 91.889 	 34.451
FHW12233	386.500 	 91.889 	 34.449
FHW12233	386.625 	 91.896 	 34.451
FHW12233	386.750 	 91.889 	 34.451
FHW12233	386.875 	 91.889 	 34.449
FHW12233	387.000 	 91.889 	 34.451
FHW12233	387.125 	 91.889 	 34.449
FHW12233	387.250 	 91.896 	 34.451
FHW12233	387.375 	 91.889 	 34.451
FHW12233	387.500 	 91.889 	 34.449
FHW12233	387.625 	 91.889 	 34.451
FHW12233	387.750 	 91.889 	 34.449
FHW12233	387.875 	 91.889 	 34.451
FHW12233	388.000 	 91.896 	 34.445
FHW12233	388.125 	 91.889 	 34.455
FHW12233	388.250 	 91.889 	 34.451
FHW12233	388.375 	 91.889 	 34.445
FHW12233	388.500 	 91.889 	 34.455
FHW12233	388.625 	 91.896 	 34.445
FHW12233	388.750 	 91.889 	 34.455
FHW12233	388.875 	 91.889 	 34.451
FHW12233	389.000 	 91.889 	 34.445
FHW12233	389.125 	 91.889 	 34.455
FHW12233	389.250 	 91.889 	 34.445
FHW12233	389.375 	 91.896 	 34.455
FHW12233	389.500 	 91.889 	 34.445
FHW12233	389.625 	 91.889 	 34.451
FHW12233	389.750 	 91.889 	 34.455
FHW12233	389.875 	 91.889 	 34.445
FHW12233	390.000 	 91.896 	 34.451
FHW12233	390.125 	 91.889 	 34.449
FHW12233	390.250 	 91.889 	 34.451
FHW12233	390.375 	 91.889 	 34.455
FHW12233	390.500 	 91.889 	 34.445
FHW12233	390.625 	 91.889 	 34.451
FHW12233	390.750 	 91.896 	 34.449
FHW12233	390.875 	 91.889 	 34.451
FHW12233	391.000 	 91.889 	 34.449
FHW12233	391.125 	 91.889 	 34.451
FHW12233	391.250 	 91.889 	 34.451
FHW12233	391.375 	 91.896 	 34.449
FHW12233	391.500 	 91.889 	 34.451
FHW12233	391.625 	 91.889 	 34.449
FHW12233	391.750 	 91.889 	 34.451
FHW12233	391.875 	 91.889 	 34.451
FHW12233	392.000 	 91.889 	 34.449
FHW12233	392.125 	 91.896 	 34.451
FHW12233	392.250 	 91.889 	 34.445
FHW12233	392.375 	 91.889 	 34.455
FHW12233	392.500 	 91.889 	 34.445
FHW12233	392.625 	 91.889 	 34.455
FHW12233	392.750 	 91.826 	 34.451
FHW12233	392.875 	 91.805 	 34.451
FHW12233	393.000 	 91.798 	 34.445
FHW12233	393.125 	 91.798 	 34.451
FHW12233	393.250 	 91.798 	 34.451
FHW12233	393.375 	 91.805 	 34.451
FHW12233	393.500 	 91.798 	 34.451
FHW12233	393.625 	 91.798 	 34.451
FHW12233	393.750 	 91.805 	 34.445
FHW12233	393.875 	 91.798 	 34.451
FHW12233	394.000 	 91.798 	 34.451
FHW12233	394.125 	 91.805 	 34.451
FHW12233	394.250 	 91.798 	 34.451
FHW12233	394.375 	 91.798 	 34.455
FHW12233	394.500 	 91.805 	 34.445
FHW12233	394.625 	 91.798 	 34.451
FHW12233	394.750 	 91.798 	 34.451
FHW12233	394.875 	 91.798 	 34.451
FHW12233	395.000 	 91.805 	 34.451
FHW12233	395.125 	 91.798 	 34.445
FHW12233	395.250 	 91.798 	 34.451
FHW12233	395.375 	 91.805 	 34.451
FHW12233	395.500 	 91.798 	 34.451
FHW12233	395.625 	 91.798 	 34.451
FHW12233	395.750 	 91.805 	 34.451
FHW12233	395.875 	 91.798 	 34.445
FHW12233	396.000 	 91.798 	 34.451
FHW12233	396.125 	 91.805 	 34.451
FHW12233	396.250 	 91.798 	 34.451
FHW12233	396.375 	 91.798 	 34.451
FHW12233	396.500 	 91.798 	 34.455
FHW12233	396.625 	 91.805 	 34.445
FHW12233	396.750 	 91.798 	 34.451
FHW12233	396.875 	 91.798 	 34.451
FHW12233	397.000 	 91.805 	 34.451
FHW12233	397.125 	 91.798 	 34.451
FHW12233	397.250 	 91.798 	 34.451
FHW12233	397.375 	 91.805 	 34.445
FHW12233	397.500 	 91.798 	 34.451
FHW12233	397.625 	 91.798 	 34.451
FHW12233	397.750 	 91.805 	 34.451
FHW12233	397.875 	 91.798 	 34.451
FHW12233	398.000 	 91.798 	 34.451
FHW12233	398.125 	 91.798 	 34.445
FHW12233	398.250 	 91.805 	 34.451
FHW12233	398.375 	 91.798 	 34.451
FHW12233	398.500 	 91.798 	 34.451
FHW12233	398.625 	 91.805 	 34.451
FHW12233	398.750 	 91.798 	 34.449
FHW12233	398.875 	 91.798 	 34.451
FHW12233	399.000 	 91.805 	 34.451
FHW12233	399.125 	 91.798 	 34.451
FHW12233	399.250 	 91.798 	 34.451
FHW12233	399.375 	 91.805 	 34.451
FHW12233	399.500 	 91.798 	 34.445
FHW12233	399.625 	 91.798 	 34.451
FHW12233	399.750 	 91.798 	 34.451
FHW12233	399.875 	 91.805 	 34.451
FHW12233	400.000 	 91.798 	 34.451
FHW12233	400.125 	 91.798 	 34.451
FHW12233	400.250 	 91.805 	 34.445
FHW12233	400.375 	 91.798 	 34.451
FHW12233	400.500 	 91.798 	 34.451
FHW12233	400.625 	 91.805 	 34.451
FHW12233	400.750 	 91.798 	 34.451
FHW12233	400.875 	 91.798 	 34.451
FHW12233	401.000 	 91.805 	 34.449
FHW12233	401.125 	 91.798 	 34.451
FHW12233	401.250 	 91.798 	 34.451
FHW12233	401.375 	 91.798 	 34.451
FHW12233	401.500 	 91.805 	 34.451
FHW12233	401.625 	 91.798 	 34.451
FHW12233	401.750 	 91.798 	 34.445
FHW12233	401.875 	 91.805 	 34.451
FHW12233	402.000 	 91.798 	 34.451
FHW12233	402.125 	 91.672 	 34.552
FHW12233	402.250 	 91.665 	 34.548
FHW12233	402.375 	 91.672 	 34.552
FHW12233	402.500 	 91.672 	 34.552
FHW12233	402.625 	 91.672 	 34.548
FHW12233	402.750 	 91.665 	 34.546
FHW12233	402.875 	 91.672 	 34.552
FHW12233	403.000 	 91.672 	 34.548
FHW12233	403.125 	 91.672 	 34.552
FHW12233	403.250 	 91.665 	 34.552
FHW12233	403.375 	 91.672 	 34.548
FHW12233	403.500 	 91.672 	 34.552
FHW12233	403.625 	 91.672 	 34.552
FHW12233	403.750 	 91.665 	 34.548
FHW12233	403.875 	 91.672 	 34.552
FHW12233	404.000 	 91.672 	 34.546
FHW12233	404.125 	 91.672 	 34.548
FHW12233	404.250 	 91.665 	 34.552
FHW12233	404.375 	 91.672 	 34.552
FHW12233	404.500 	 91.672 	 34.548
FHW12233	404.625 	 91.672 	 34.552
FHW12233	404.750 	 91.665 	 34.552
FHW12233	404.875 	 91.672 	 34.548
FHW12233	405.000 	 91.672 	 34.552
FHW12233	405.125 	 91.672 	 34.552
FHW12233	405.250 	 91.665 	 34.548
FHW12233	405.375 	 91.672 	 34.546
FHW12233	405.500 	 91.672 	 34.552
FHW12233	405.625 	 91.672 	 34.548
FHW12233	405.750 	 91.665 	 34.552
FHW12233	405.875 	 91.672 	 34.552
FHW12233	406.000 	 91.672 	 34.548
FHW12233	406.125 	 91.672 	 34.552
FHW12233	406.250 	 91.665 	 34.552
FHW12233	406.375 	 91.672 	 34.552
FHW12233	406.500 	 91.672 	 34.548
FHW12233	406.625 	 91.672 	 34.546
FHW12233	406.750 	 91.665 	 34.552
FHW12233	406.875 	 91.672 	 34.548
FHW12233	407.000 	 91.672 	 34.552
FHW12233	407.125 	 91.672 	 34.552
FHW12233	407.250 	 91.665 	 34.548
FHW12233	407.375 	 91.672 	 34.552
FHW12233	407.500 	 91.672 	 34.552
FHW12233	407.625 	 91.672 	 34.548
FHW12233	407.750 	 91.665 	 34.552
FHW12233	407.875 	 91.672 	 34.552
FHW12233	408.000 	 91.672 	 34.542
FHW12233	408.125 	 91.672 	 34.552
FHW12233	408.250 	 91.665 	 34.552
FHW12233	408.375 	 91.672 	 34.548
FHW12233	408.500 	 91.672 	 34.552
FHW12233	408.625 	 91.672 	 34.552
FHW12233	408.750 	 91.665 	 34.548
FHW12233	408.875 	 91.672 	 34.552
FHW12233	409.000 	 91.672 	 34.552
FHW12233	409.125 	 91.672 	 34.548
FHW12233	409.250 	 91.665 	 34.546
FHW12233	409.375 	 91.672 	 34.552
FHW12233	409.500 	 91.672 	 34.548
FHW12233	409.625 	 91.665 	 34.552
FHW12233	409.750 	 91.672 	 34.552
FHW12233	409.875 	 91.672 	 34.548
FHW12233	410.000 	 91.672 	 34.552
FHW12233	410.125 	 91.665 	 34.552
FHW12233	410.250 	 91.672 	 34.548
FHW12233	410.375 	 91.672 	 34.552
FHW12233	410.500 	 91.672 	 34.552
FHW12233	410.625 	 91.665 	 34.542
FHW12233	410.750 	 91.672 	 34.552
FHW12233	410.875 	 91.672 	 34.552
FHW12233	411.000 	 91.672 	 34.548
FHW12233	411.125 	 91.665 	 34.552
FHW12233	411.250 	 91.973 	 34.645
FHW12233	411.375 	 91.980 	 34.651
FHW12233	411.500 	 91.980 	 34.651
FHW12233	411.625 	 91.980 	 34.651
FHW12233	411.750 	 91.980 	 34.651
FHW12233	411.875 	 91.980 	 34.651
FHW12233	412.000 	 91.980 	 34.651
FHW12233	412.125 	 91.980 	 34.645
FHW12233	412.250 	 91.980 	 34.651
FHW12233	412.375 	 91.980 	 34.651
FHW12233	412.500 	 91.980 	 34.651
FHW12233	412.625 	 91.980 	 34.651
FHW12233	412.750 	 91.980 	 34.647
FHW12233	412.875 	 91.980 	 34.651
FHW12233	413.000 	 91.980 	 34.645
FHW12233	413.125 	 91.980 	 34.651
FHW12233	413.250 	 91.980 	 34.651
FHW12233	413.375 	 91.980 	 34.651
FHW12233	413.500 	 91.980 	 34.651
FHW12233	413.625 	 91.980 	 34.651
FHW12233	413.750 	 91.987 	 34.651
FHW12233	413.875 	 91.980 	 34.645
FHW12233	414.000 	 91.980 	 34.651
FHW12233	414.125 	 91.980 	 34.651
FHW12233	414.250 	 91.980 	 34.651
FHW12233	414.375 	 91.980 	 34.651
FHW12233	414.500 	 91.980 	 34.651
FHW12233	414.625 	 91.980 	 34.651
FHW12233	414.750 	 91.980 	 34.645
FHW12233	414.875 	 91.980 	 34.651
FHW12233	415.000 	 91.980 	 34.651
FHW12233	415.125 	 91.980 	 34.651
FHW12233	415.250 	 91.980 	 34.651
FHW12233	415.375 	 91.980 	 34.651
FHW12233	415.500 	 91.980 	 34.651
FHW12233	415.625 	 91.980 	 34.645
FHW12233	415.750 	 91.980 	 34.651
FHW12233	415.875 	 91.980 	 34.651
FHW12233	416.000 	 91.980 	 34.651
FHW12233	416.125 	 91.980 	 34.651
FHW12233	416.250 	 91.980 	 34.651
FHW12233	416.375 	 91.980 	 34.651
FHW12233	416.500 	 91.980 	 34.645
FHW12233	416.625 	 91.980 	 34.651
FHW12233	416.750 	 91.980 	 34.651
FHW12233	416.875 	 91.987 	 34.651
FHW12233	417.000 	 91.980 	 34.651
FHW12233	417.125 	 91.980 	 34.651
FHW12233	417.250 	 91.980 	 34.651
FHW12233	417.375 	 91.980 	 34.645
FHW12233	417.500 	 91.980 	 34.651
FHW12233	417.625 	 91.980 	 34.651
FHW12233	417.750 	 91.980 	 34.651
FHW12233	417.875 	 91.980 	 34.651
FHW12233	418.000 	 91.980 	 34.651
FHW12233	418.125 	 91.980 	 34.651
FHW12233	418.250 	 91.980 	 34.645
FHW12233	418.375 	 91.980 	 34.651
FHW12233	418.500 	 91.980 	 34.651
FHW12233	418.625 	 91.980 	 34.651
FHW12233	418.750 	 91.980 	 34.651
FHW12233	418.875 	 91.980 	 34.651
FHW12233	419.000 	 91.980 	 34.645
FHW12233	419.125 	 91.980 	 34.651
FHW12233	419.250 	 91.980 	 34.651
FHW12233	419.375 	 91.980 	 34.651
FHW12233	419.500 	 91.980 	 34.651
FHW12233	419.625 	 91.980 	 34.651
FHW12233	419.750 	 91.980 	 34.651
FHW12233	419.875 	 91.980 	 34.645
FHW12233	420.000 	 91.987 	 34.651
FHW12233	420.125 	 91.980 	 34.651
FHW12233	420.250 	 91.980 	 34.647
FHW12233	420.375 	 91.980 	 34.655
FHW12233	420.500 	 92.008 	 34.666
FHW12233	420.625 	 92.358 	 34.904
FHW12233	420.750 	 92.350 	 34.896
FHW12233	420.875 	 92.358 	 34.904
FHW12233	421.000 	 92.350 	 34.896
FHW12233	421.125 	 92.358 	 34.904
FHW12233	421.250 	 92.357 	 34.896
FHW12233	421.375 	 92.351 	 34.904
FHW12233	421.500 	 92.357 	 34.896
FHW12233	421.625 	 92.351 	 34.909
FHW12233	421.750 	 92.357 	 34.896
FHW12233	421.875 	 92.358 	 34.904
FHW12233	422.000 	 92.350 	 34.896
FHW12233	422.125 	 92.358 	 34.904
FHW12233	422.250 	 92.357 	 34.896
FHW12233	422.375 	 92.351 	 34.904
FHW12233	422.500 	 92.357 	 34.896
FHW12233	422.625 	 92.351 	 34.904
FHW12233	422.750 	 92.357 	 34.896
FHW12233	422.875 	 92.358 	 34.904
FHW12233	423.000 	 92.350 	 34.896
FHW12233	423.125 	 92.358 	 34.904
FHW12233	423.250 	 92.350 	 34.896
FHW12233	423.375 	 92.358 	 34.904
FHW12233	423.500 	 92.357 	 34.896
FHW12233	423.625 	 92.351 	 34.904
FHW12233	423.750 	 92.357 	 34.896
FHW12233	423.875 	 92.358 	 34.909
FHW12233	424.000 	 92.350 	 34.896
FHW12233	424.125 	 92.358 	 34.904
FHW12233	424.250 	 92.350 	 34.896
FHW12233	424.375 	 92.358 	 34.904
FHW12233	424.500 	 92.357 	 34.896
FHW12233	424.625 	 92.351 	 34.904
FHW12233	424.750 	 92.357 	 34.896
FHW12233	424.875 	 92.351 	 34.904
FHW12233	425.000 	 92.357 	 34.896
FHW12233	425.125 	 92.358 	 34.904
FHW12233	425.250 	 92.350 	 34.896
FHW12233	425.375 	 92.358 	 34.904
FHW12233	425.500 	 92.357 	 34.896
FHW12233	425.625 	 92.351 	 34.904
FHW12233	425.750 	 92.357 	 34.896
FHW12233	425.875 	 92.351 	 34.904
FHW12233	426.000 	 92.357 	 34.901
FHW12233	426.125 	 92.358 	 34.904
FHW12233	426.250 	 92.350 	 34.896
FHW12233	426.375 	 92.358 	 34.904
FHW12233	426.500 	 92.350 	 34.896
FHW12233	426.625 	 92.358 	 34.904
FHW12233	426.750 	 92.357 	 34.896
FHW12233	426.875 	 92.351 	 34.904
FHW12233	427.000 	 92.357 	 34.896
FHW12233	427.125 	 92.351 	 34.904
FHW12233	427.250 	 92.357 	 34.896
FHW12233	427.375 	 92.358 	 34.904
FHW12233	427.500 	 92.350 	 34.896
FHW12233	427.625 	 92.358 	 34.904
FHW12233	427.750 	 92.357 	 34.896
FHW12233	427.875 	 92.351 	 34.904
FHW12233	428.000 	 92.357 	 34.896
FHW12233	428.125 	 92.351 	 34.904
FHW12233	428.250 	 92.357 	 34.901
FHW12233	428.375 	 92.358 	 34.904
FHW12233	428.500 	 92.350 	 34.896
FHW12233	428.625 	 92.358 	 34.904
FHW12233	428.750 	 92.350 	 34.896
FHW12233	428.875 	 92.358 	 34.904
FHW12233	429.000 	 92.357 	 34.896
FHW12233	429.125 	 92.351 	 34.904
FHW12233	429.250 	 92.357 	 34.896
FHW12233	429.375 	 92.358 	 34.904
FHW12233	429.500 	 92.350 	 34.896
FHW12233	429.625 	 92.358 	 34.904
FHW12233	429.750 	 92.350 	 34.896
FHW12233	429.875 	 92.505 	 35.088
FHW12233	430.000 	 92.589 	 35.195
FHW12233	430.125 	 92.596 	 35.195
FHW12233	430.250 	 92.596 	 35.209
FHW12233	430.375 	 92.596 	 35.195
FHW12233	430.500 	 92.596 	 35.203
FHW12233	430.625 	 92.595 	 35.201
FHW12233	430.750 	 92.596 	 35.195
FHW12233	430.875 	 92.596 	 35.203
FHW12233	431.000 	 92.596 	 35.195
FHW12233	431.125 	 92.596 	 35.209
FHW12233	431.250 	 92.589 	 35.195
FHW12233	431.375 	 92.596 	 35.203
FHW12233	431.500 	 92.596 	 35.195
FHW12233	431.625 	 92.595 	 35.201
FHW12233	431.750 	 92.596 	 35.203
FHW12233	431.875 	 92.596 	 35.195
FHW12233	432.000 	 92.596 	 35.209
FHW12233	432.125 	 92.596 	 35.195
FHW12233	432.250 	 92.596 	 35.195
FHW12233	432.375 	 92.596 	 35.203
FHW12233	432.500 	 92.588 	 35.201
FHW12233	432.625 	 92.596 	 35.203
FHW12233	432.750 	 92.596 	 35.195
FHW12233	432.875 	 92.596 	 35.209
FHW12233	433.000 	 92.596 	 35.195
FHW12233	433.125 	 92.596 	 35.195
FHW12233	433.250 	 92.596 	 35.203
FHW12233	433.375 	 92.595 	 35.201
FHW12233	433.500 	 92.596 	 35.203
FHW12233	433.625 	 92.589 	 35.195
FHW12233	433.750 	 92.596 	 35.203
FHW12233	433.875 	 92.595 	 35.201
FHW12233	434.000 	 92.596 	 35.195
FHW12233	434.125 	 92.596 	 35.203
FHW12233	434.250 	 92.595 	 35.201
FHW12233	434.375 	 92.596 	 35.203
FHW12233	434.500 	 92.596 	 35.195
FHW12233	434.625 	 92.596 	 35.195
FHW12233	434.750 	 92.596 	 35.209
FHW12233	434.875 	 92.589 	 35.195
FHW12233	435.000 	 92.596 	 35.203
FHW12233	435.125 	 92.595 	 35.201
FHW12233	435.250 	 92.596 	 35.203
FHW12233	435.375 	 92.596 	 35.195
FHW12233	435.500 	 92.596 	 35.195
FHW12233	435.625 	 92.596 	 35.209
FHW12233	435.750 	 92.596 	 35.195
FHW12233	435.875 	 92.596 	 35.203
FHW12233	436.000 	 92.595 	 35.201
FHW12233	436.125 	 92.589 	 35.195
FHW12233	436.250 	 92.596 	 35.203
FHW12233	436.375 	 92.596 	 35.195
FHW12233	436.500 	 92.596 	 35.209
FHW12233	436.625 	 92.596 	 35.195
FHW12233	436.750 	 92.596 	 35.203
FHW12233	436.875 	 92.596 	 35.195
FHW12233	437.000 	 92.595 	 35.201
FHW12233	437.125 	 92.596 	 35.203
FHW12233	437.250 	 92.589 	 35.195
FHW12233	437.375 	 92.596 	 35.209
FHW12233	437.500 	 92.596 	 35.195
FHW12233	437.625 	 92.596 	 35.203
FHW12233	437.750 	 92.596 	 35.195
FHW12233	437.875 	 92.595 	 35.201
FHW12233	438.000 	 92.596 	 35.203
FHW12233	438.125 	 92.596 	 35.195
FHW12233	438.250 	 92.596 	 35.209
FHW12233	438.375 	 92.596 	 35.195
FHW12233	438.500 	 92.589 	 35.195
FHW12233	438.625 	 92.596 	 35.203
FHW12233	438.750 	 92.595 	 35.201
FHW12233	438.875 	 92.596 	 35.203
FHW12233	439.000 	 92.679 	 35.119
FHW12233	439.125 	 92.771 	 35.057
FHW12233	439.250 	 92.771 	 35.052
FHW12233	439.375 	 92.771 	 35.052
FHW12233	439.500 	 92.770 	 35.044
FHW12233	439.625 	 92.771 	 35.052
FHW12233	439.750 	 92.764 	 35.052
FHW12233	439.875 	 92.771 	 35.052
FHW12233	440.000 	 92.770 	 35.044
FHW12233	440.125 	 92.771 	 35.052
FHW12233	440.250 	 92.771 	 35.052
FHW12233	440.375 	 92.770 	 35.044
FHW12233	440.500 	 92.771 	 35.052
FHW12233	440.625 	 92.771 	 35.052
FHW12233	440.750 	 92.771 	 35.057
FHW12233	440.875 	 92.763 	 35.044
FHW12233	441.000 	 92.771 	 35.052
FHW12233	441.125 	 92.771 	 35.052
FHW12233	441.250 	 92.771 	 35.052
FHW12233	441.375 	 92.770 	 35.044
FHW12233	441.500 	 92.771 	 35.052
FHW12233	441.625 	 92.771 	 35.052
FHW12233	441.750 	 92.771 	 35.052
FHW12233	441.875 	 92.770 	 35.044
FHW12233	442.000 	 92.771 	 35.052
FHW12233	442.125 	 92.764 	 35.052
FHW12233	442.250 	 92.770 	 35.044
FHW12233	442.375 	 92.771 	 35.057
FHW12233	442.500 	 92.771 	 35.052
FHW12233	442.625 	 92.771 	 35.052
FHW12233	442.750 	 92.770 	 35.044
FHW12233	442.875 	 92.771 	 35.052
FHW12233	443.000 	 92.771 	 35.052
FHW12233	443.125 	 92.771 	 35.052
FHW12233	443.250 	 92.763 	 35.044
FHW12233	443.375 	 92.771 	 35.052
FHW12233	443.500 	 92.771 	 35.052
FHW12233	443.625 	 92.771 	 35.052
FHW12233	443.750 	 92.770 	 35.044
FHW12233	443.875 	 92.771 	 35.052
FHW12233	444.000 	 92.771 	 35.057
FHW12233	444.125 	 92.770 	 35.044
FHW12233	444.250 	 92.771 	 35.052
FHW12233	444.375 	 92.771 	 35.052
FHW12233	444.500 	 92.764 	 35.052
FHW12233	444.625 	 92.770 	 35.044
FHW12233	444.750 	 92.771 	 35.052
FHW12233	444.875 	 92.771 	 35.052
FHW12233	445.000 	 92.771 	 35.052
FHW12233	445.125 	 92.770 	 35.044
FHW12233	445.250 	 92.771 	 35.052
FHW12233	445.375 	 92.771 	 35.052
FHW12233	445.500 	 92.771 	 35.052
FHW12233	445.625 	 92.770 	 35.049
FHW12233	445.750 	 92.764 	 35.052
FHW12233	445.875 	 92.771 	 35.052
FHW12233	446.000 	 92.770 	 35.044
FHW12233	446.125 	 92.771 	 35.052
FHW12233	446.250 	 92.771 	 35.052
FHW12233	446.375 	 92.771 	 35.052
FHW12233	446.500 	 92.770 	 35.044
FHW12233	446.625 	 92.771 	 35.052
FHW12233	446.750 	 92.771 	 35.052
FHW12233	446.875 	 92.764 	 35.052
FHW12233	447.000 	 92.770 	 35.044
FHW12233	447.125 	 92.771 	 35.052
FHW12233	447.250 	 92.771 	 35.057
FHW12233	447.375 	 92.770 	 35.044
FHW12233	447.500 	 92.771 	 35.052
FHW12233	447.625 	 92.771 	 35.052
FHW12233	447.750 	 92.771 	 35.052
FHW12233	447.875 	 92.770 	 35.044
FHW12233	448.000 	 92.771 	 35.052
FHW12233	448.125 	 92.764 	 35.052
FHW12233	448.250 	 92.666 	 34.892
FHW12233	448.375 	 92.505 	 34.651
FHW12233	448.500 	 92.504 	 34.643
FHW12233	448.625 	 92.505 	 34.651
FHW12233	448.750 	 92.505 	 34.657
FHW12233	448.875 	 92.504 	 34.643
FHW12233	449.000 	 92.505 	 34.651
FHW12233	449.125 	 92.505 	 34.651
FHW12233	449.250 	 92.511 	 34.643
FHW12233	449.375 	 92.505 	 34.657
FHW12233	449.500 	 92.505 	 34.651
FHW12233	449.625 	 92.505 	 34.651
FHW12233	449.750 	 92.504 	 34.643
FHW12233	449.875 	 92.505 	 34.651
FHW12233	450.000 	 92.505 	 34.651
FHW12233	450.125 	 92.504 	 34.649
FHW12233	450.250 	 92.505 	 34.651
FHW12233	450.375 	 92.505 	 34.651
FHW12233	450.500 	 92.504 	 34.643
FHW12233	450.625 	 92.505 	 34.651
FHW12233	450.750 	 92.505 	 34.657
FHW12233	450.875 	 92.505 	 34.651
FHW12233	451.000 	 92.504 	 34.643
FHW12233	451.125 	 92.505 	 34.651
FHW12233	451.250 	 92.505 	 34.651
FHW12233	451.375 	 92.504 	 34.649
FHW12233	451.500 	 92.505 	 34.651
FHW12233	451.625 	 92.505 	 34.651
FHW12233	451.750 	 92.504 	 34.643
FHW12233	451.875 	 92.505 	 34.651
FHW12233	452.000 	 92.512 	 34.651
FHW12233	452.125 	 92.505 	 34.657
FHW12233	452.250 	 92.504 	 34.643
FHW12233	452.375 	 92.505 	 34.651
FHW12233	452.500 	 92.505 	 34.651
FHW12233	452.625 	 92.504 	 34.643
FHW12233	452.750 	 92.505 	 34.657
FHW12233	452.875 	 92.505 	 34.651
FHW12233	453.000 	 92.505 	 34.651
FHW12233	453.125 	 92.504 	 34.643
FHW12233	453.250 	 92.505 	 34.651
FHW12233	453.375 	 92.505 	 34.657
FHW12233	453.500 	 92.504 	 34.643
FHW12233	453.625 	 92.505 	 34.651
FHW12233	453.750 	 92.505 	 34.651
FHW12233	453.875 	 92.504 	 34.643
FHW12233	454.000 	 92.505 	 34.651
FHW12233	454.125 	 92.505 	 34.657
FHW12233	454.250 	 92.505 	 34.651
FHW12233	454.375 	 92.504 	 34.643
FHW12233	454.500 	 92.505 	 34.651
FHW12233	454.625 	 92.505 	 34.651
FHW12233	454.750 	 92.504 	 34.649
FHW12233	454.875 	 92.512 	 34.651
FHW12233	455.000 	 92.505 	 34.651
FHW12233	455.125 	 92.504 	 34.643
FHW12233	455.250 	 92.505 	 34.651
FHW12233	455.375 	 92.505 	 34.657
FHW12233	455.500 	 92.505 	 34.651
FHW12233	455.625 	 92.504 	 34.643
FHW12233	455.750 	 92.505 	 34.651
FHW12233	455.875 	 92.505 	 34.651
FHW12233	456.000 	 92.504 	 34.649
FHW12233	456.125 	 92.505 	 34.651
FHW12233	456.250 	 92.505 	 34.651
FHW12233	456.375 	 92.504 	 34.643
FHW12233	456.500 	 92.505 	 34.651
FHW12233	456.625 	 92.505 	 34.651
FHW12233	456.750 	 92.505 	 34.657
FHW12233	456.875 	 92.504 	 34.643
FHW12233	457.000 	 92.505 	 34.651
FHW12233	457.125 	 92.505 	 34.651
FHW12233	457.250 	 92.504 	 34.643
FHW12233	457.375 	 92.505 	 34.657
FHW12233	457.500 	 92.330 	 34.612
FHW12233	457.625 	 92.288 	 34.599
FHW12233	457.750 	 92.288 	 34.599
FHW12233	457.875 	 92.281 	 34.599
FHW12233	458.000 	 92.288 	 34.599
FHW12233	458.125 	 92.281 	 34.599
FHW12233	458.250 	 92.288 	 34.599
FHW12233	458.375 	 92.288 	 34.607
FHW12233	458.500 	 92.281 	 34.599
FHW12233	458.625 	 92.288 	 34.599
FHW12233	458.750 	 92.281 	 34.599
FHW12233	458.875 	 92.287 	 34.604
FHW12233	459.000 	 92.288 	 34.599
FHW12233	459.125 	 92.281 	 34.599
FHW12233	459.250 	 92.288 	 34.599
FHW12233	459.375 	 92.288 	 34.599
FHW12233	459.500 	 92.281 	 34.607
FHW12233	459.625 	 92.288 	 34.599
FHW12233	459.750 	 92.281 	 34.599
FHW12233	459.875 	 92.288 	 34.599
FHW12233	460.000 	 92.288 	 34.599
FHW12233	460.125 	 92.281 	 34.599
FHW12233	460.250 	 92.288 	 34.599
FHW12233	460.375 	 92.288 	 34.599
FHW12233	460.500 	 92.281 	 34.607
FHW12233	460.625 	 92.287 	 34.604
FHW12233	460.750 	 92.281 	 34.599
FHW12233	460.875 	 92.288 	 34.599
FHW12233	461.000 	 92.288 	 34.599
FHW12233	461.125 	 92.281 	 34.599
FHW12233	461.250 	 92.288 	 34.599
FHW12233	461.375 	 92.281 	 34.599
FHW12233	461.500 	 92.288 	 34.599
FHW12233	461.625 	 92.288 	 34.607
FHW12233	461.750 	 92.281 	 34.599
FHW12233	461.875 	 92.288 	 34.599
FHW12233	462.000 	 92.288 	 34.599
FHW12233	462.125 	 92.281 	 34.599
FHW12233	462.250 	 92.287 	 34.604
FHW12233	462.375 	 92.281 	 34.599
FHW12233	462.500 	 92.288 	 34.599
FHW12233	462.625 	 92.288 	 34.599
FHW12233	462.750 	 92.281 	 34.607
FHW12233	462.875 	 92.288 	 34.599
FHW12233	463.000 	 92.281 	 34.599
FHW12233	463.125 	 92.288 	 34.599
FHW12233	463.250 	 92.288 	 34.599
FHW12233	463.375 	 92.281 	 34.599
FHW12233	463.500 	 92.288 	 34.599
FHW12233	463.625 	 92.288 	 34.599
FHW12233	463.750 	 92.281 	 34.607
FHW12233	463.875 	 92.287 	 34.604
FHW12233	464.000 	 92.281 	 34.599
FHW12233	464.125 	 92.288 	 34.599
FHW12233	464.250 	 92.288 	 34.599
FHW12233	464.375 	 92.281 	 34.599
FHW12233	464.500 	 92.288 	 34.599
FHW12233	464.625 	 92.288 	 34.599
FHW12233	464.750 	 92.281 	 34.599
FHW12233	464.875 	 92.288 	 34.607
FHW12233	465.000 	 92.281 	 34.599
FHW12233	465.125 	 92.288 	 34.599
FHW12233	465.250 	 92.288 	 34.599
FHW12233	465.375 	 92.281 	 34.599
FHW12233	465.500 	 92.287 	 34.604
FHW12233	465.625 	 92.281 	 34.599
FHW12233	465.750 	 92.288 	 34.599
FHW12233	465.875 	 92.288 	 34.599
FHW12233	466.000 	 92.281 	 34.607
FHW12233	466.125 	 92.288 	 34.599
FHW12233	466.250 	 92.288 	 34.599
FHW12233	466.375 	 92.281 	 34.599
FHW12233	466.500 	 92.288 	 34.599
FHW12233	466.625 	 92.281 	 34.599
FHW12233	466.750 	 92.372 	 34.859
FHW12233	466.875 	 92.414 	 35.005
FHW12233	467.000 	 92.413 	 34.991
FHW12233	467.125 	 92.414 	 35.005
FHW12233	467.250 	 92.421 	 34.999
FHW12233	467.375 	 92.414 	 35.005
FHW12233	467.500 	 92.413 	 34.991
FHW12233	467.625 	 92.414 	 35.005
FHW12233	467.750 	 92.414 	 34.999
FHW12233	467.875 	 92.421 	 35.005
FHW12233	468.000 	 92.413 	 34.991
FHW12233	468.125 	 92.414 	 35.005
FHW12233	468.250 	 92.414 	 35.005
FHW12233	468.375 	 92.414 	 34.999
FHW12233	468.500 	 92.413 	 34.997
FHW12233	468.625 	 92.421 	 34.999
FHW12233	468.750 	 92.414 	 35.005
FHW12233	468.875 	 92.414 	 34.999
FHW12233	469.000 	 92.413 	 34.997
FHW12233	469.125 	 92.414 	 34.999
FHW12233	469.250 	 92.421 	 35.005
FHW12233	469.375 	 92.414 	 34.999
FHW12233	469.500 	 92.413 	 34.997
FHW12233	469.625 	 92.414 	 35.005
FHW12233	469.750 	 92.414 	 34.999
FHW12233	469.875 	 92.414 	 35.005
FHW12233	470.000 	 92.420 	 34.991
FHW12233	470.125 	 92.414 	 35.005
FHW12233	470.250 	 92.414 	 34.999
FHW12233	470.375 	 92.414 	 35.005
FHW12233	470.500 	 92.413 	 34.991
FHW12233	470.625 	 92.421 	 35.005
FHW12233	470.750 	 92.414 	 34.999
FHW12233	470.875 	 92.413 	 34.997
FHW12233	471.000 	 92.414 	 35.005
FHW12233	471.125 	 92.414 	 34.999
FHW12233	471.250 	 92.421 	 35.005
FHW12233	471.375 	 92.413 	 34.991
FHW12233	471.500 	 92.414 	 35.005
FHW12233	471.625 	 92.414 	 34.999
FHW12233	471.750 	 92.414 	 35.005
FHW12233	471.875 	 92.413 	 34.991
FHW12233	472.000 	 92.421 	 35.005
FHW12233	472.125 	 92.414 	 35.005
FHW12233	472.250 	 92.414 	 34.999
FHW12233	472.375 	 92.413 	 34.997
FHW12233	472.500 	 92.414 	 34.999
FHW12233	472.625 	 92.421 	 35.005
FHW12233	472.750 	 92.414 	 34.999
FHW12233	472.875 	 92.413 	 34.997
FHW12233	473.000 	 92.414 	 34.999
FHW12233	473.125 	 92.414 	 35.005
FHW12233	473.250 	 92.414 	 34.999
FHW12233	473.375 	 92.420 	 34.997
FHW12233	473.500 	 92.414 	 35.005
FHW12233	473.625 	 92.414 	 34.999
FHW12233	473.750 	 92.414 	 35.005
FHW12233	473.875 	 92.413 	 34.991
FHW12233	474.000 	 92.421 	 35.005
FHW12233	474.125 	 92.414 	 34.999
FHW12233	474.250 	 92.414 	 35.005
FHW12233	474.375 	 92.413 	 34.991
FHW12233	474.500 	 92.414 	 35.005
FHW12233	474.625 	 92.414 	 34.999
FHW12233	474.750 	 92.421 	 35.005
FHW12233	474.875 	 92.413 	 34.997
FHW12233	475.000 	 92.414 	 34.999
FHW12233	475.125 	 92.414 	 35.005
FHW12233	475.250 	 92.414 	 34.999
FHW12233	475.375 	 92.420 	 34.997
FHW12233	475.500 	 92.414 	 34.999
FHW12233	475.625 	 92.414 	 35.005
FHW12233	475.750 	 92.414 	 34.999
FHW12233	475.875 	 92.288 	 35.263
FHW12233	476.000 	 92.253 	 35.352
FHW12233	476.125 	 92.252 	 35.344
FHW12233	476.250 	 92.246 	 35.352
FHW12233	476.375 	 92.253 	 35.352
FHW12233	476.500 	 92.253 	 35.352
FHW12233	476.625 	 92.245 	 35.344
FHW12233	476.750 	 92.253 	 35.352
FHW12233	476.875 	 92.246 	 35.352
FHW12233	477.000 	 92.253 	 35.352
FHW12233	477.125 	 92.252 	 35.344
FHW12233	477.250 	 92.246 	 35.352
FHW12233	477.375 	 92.253 	 35.352
FHW12233	477.500 	 92.246 	 35.352
FHW12233	477.625 	 92.252 	 35.344
FHW12233	477.750 	 92.253 	 35.352
FHW12233	477.875 	 92.246 	 35.352
FHW12233	478.000 	 92.253 	 35.352
FHW12233	478.125 	 92.253 	 35.352
FHW12233	478.250 	 92.245 	 35.344
FHW12233	478.375 	 92.253 	 35.352
FHW12233	478.500 	 92.246 	 35.352
FHW12233	478.625 	 92.253 	 35.352
FHW12233	478.750 	 92.253 	 35.338
FHW12233	478.875 	 92.246 	 35.352
FHW12233	479.000 	 92.253 	 35.352
FHW12233	479.125 	 92.246 	 35.352
FHW12233	479.250 	 92.252 	 35.344
FHW12233	479.375 	 92.253 	 35.352
FHW12233	479.500 	 92.246 	 35.352
FHW12233	479.625 	 92.253 	 35.352
FHW12233	479.750 	 92.252 	 35.344
FHW12233	479.875 	 92.246 	 35.352
FHW12233	480.000 	 92.253 	 35.352
FHW12233	480.125 	 92.246 	 35.352
FHW12233	480.250 	 92.252 	 35.344
FHW12233	480.375 	 92.253 	 35.352
FHW12233	480.500 	 92.246 	 35.352
FHW12233	480.625 	 92.253 	 35.352
FHW12233	480.750 	 92.252 	 35.344
FHW12233	480.875 	 92.246 	 35.352
FHW12233	481.000 	 92.253 	 35.352
FHW12233	481.125 	 92.246 	 35.352
FHW12233	481.250 	 92.252 	 35.344
FHW12233	481.375 	 92.253 	 35.352
FHW12233	481.500 	 92.246 	 35.352
FHW12233	481.625 	 92.253 	 35.352
FHW12233	481.750 	 92.245 	 35.344
FHW12233	481.875 	 92.253 	 35.352
FHW12233	482.000 	 92.253 	 35.352
FHW12233	482.125 	 92.246 	 35.346
FHW12233	482.250 	 92.252 	 35.344
FHW12233	482.375 	 92.253 	 35.352
FHW12233	482.500 	 92.246 	 35.352
FHW12233	482.625 	 92.253 	 35.352
FHW12233	482.750 	 92.245 	 35.344
FHW12233	482.875 	 92.253 	 35.352
FHW12233	483.000 	 92.253 	 35.352
FHW12233	483.125 	 92.246 	 35.352
FHW12233	483.250 	 92.253 	 35.352
FHW12233	483.375 	 92.245 	 35.344
FHW12233	483.500 	 92.253 	 35.352
FHW12233	483.625 	 92.253 	 35.352
FHW12233	483.750 	 92.246 	 35.352
FHW12233	483.875 	 92.252 	 35.344
FHW12233	484.000 	 92.253 	 35.352
FHW12233	484.125 	 92.246 	 35.352
FHW12233	484.250 	 92.253 	 35.352
FHW12233	484.375 	 92.245 	 35.344
FHW12233	484.500 	 92.253 	 35.352
FHW12233	484.625 	 92.253 	 35.352
FHW12233	484.750 	 92.246 	 35.352
FHW12233	484.875 	 92.246 	 35.352
FHW12233	485.000 	 92.098 	 35.495
FHW12233	485.125 	 92.099 	 35.504
FHW12233	485.250 	 92.105 	 35.495
FHW12233	485.375 	 92.099 	 35.504
FHW12233	485.500 	 92.099 	 35.504
FHW12233	485.625 	 92.098 	 35.495
FHW12233	485.750 	 92.099 	 35.504
FHW12233	485.875 	 92.106 	 35.504
FHW12233	486.000 	 92.098 	 35.495
FHW12233	486.125 	 92.099 	 35.504
FHW12233	486.250 	 92.099 	 35.498
FHW12233	486.375 	 92.098 	 35.495
FHW12233	486.500 	 92.099 	 35.504
FHW12233	486.625 	 92.105 	 35.495
FHW12233	486.750 	 92.099 	 35.504
FHW12233	486.875 	 92.099 	 35.504
FHW12233	487.000 	 92.098 	 35.495
FHW12233	487.125 	 92.099 	 35.504
FHW12233	487.250 	 92.106 	 35.504
FHW12233	487.375 	 92.098 	 35.495
FHW12233	487.500 	 92.099 	 35.504
FHW12233	487.625 	 92.098 	 35.495
FHW12233	487.750 	 92.099 	 35.504
FHW12233	487.875 	 92.106 	 35.498
FHW12233	488.000 	 92.098 	 35.495
FHW12233	488.125 	 92.099 	 35.504
FHW12233	488.250 	 92.099 	 35.504
FHW12233	488.375 	 92.098 	 35.495
FHW12233	488.500 	 92.099 	 35.504
FHW12233	488.625 	 92.106 	 35.504
FHW12233	488.750 	 92.098 	 35.495
FHW12233	488.875 	 92.099 	 35.504
FHW12233	489.000 	 92.098 	 35.495
FHW12233	489.125 	 92.099 	 35.504
FHW12233	489.250 	 92.106 	 35.504
FHW12233	489.375 	 92.099 	 35.490
FHW12233	489.500 	 92.099 	 35.504
FHW12233	489.625 	 92.099 	 35.504
FHW12233	489.750 	 92.098 	 35.495
FHW12233	489.875 	 92.106 	 35.504
FHW12233	490.000 	 92.098 	 35.495
FHW12233	490.125 	 92.099 	 35.504
FHW12233	490.250 	 92.099 	 35.504
FHW12233	490.375 	 92.098 	 35.495
FHW12233	490.500 	 92.106 	 35.504
FHW12233	490.625 	 92.099 	 35.504
FHW12233	490.750 	 92.098 	 35.495
FHW12233	490.875 	 92.099 	 35.504
FHW12233	491.000 	 92.099 	 35.498
FHW12233	491.125 	 92.098 	 35.495
FHW12233	491.250 	 92.106 	 35.504
FHW12233	491.375 	 92.098 	 35.495
FHW12233	491.500 	 92.099 	 35.504
FHW12233	491.625 	 92.099 	 35.504
FHW12233	491.750 	 92.098 	 35.495
FHW12233	491.875 	 92.106 	 35.504
FHW12233	492.000 	 92.099 	 35.504
FHW12233	492.125 	 92.098 	 35.495
FHW12233	492.250 	 92.099 	 35.504
FHW12233	492.375 	 92.098 	 35.495
FHW12233	492.500 	 92.106 	 35.498
FHW12233	492.625 	 92.099 	 35.504
FHW12233	492.750 	 92.098 	 35.495
FHW12233	492.875 	 92.099 	 35.504
FHW12233	493.000 	 92.099 	 35.504
FHW12233	493.125 	 92.098 	 35.495
FHW12233	493.250 	 92.106 	 35.504
FHW12233	493.375 	 92.099 	 35.504
FHW12233	493.500 	 92.098 	 35.495
FHW12233	493.625 	 92.099 	 35.504
FHW12233	493.750 	 92.098 	 35.495
FHW12233	493.875 	 92.106 	 35.504
FHW12233	494.000 	 92.099 	 35.504
FHW12233	494.125 	 92.099 	 35.490
FHW12233	494.250 	 92.260 	 35.504
FHW12233	494.375 	 92.302 	 35.498
FHW12233	494.500 	 92.302 	 35.498
FHW12233	494.625 	 92.295 	 35.504
FHW12233	494.750 	 92.302 	 35.506
FHW12233	494.875 	 92.302 	 35.498
FHW12233	495.000 	 92.302 	 35.504
FHW12233	495.125 	 92.295 	 35.498
FHW12233	495.250 	 92.302 	 35.498
FHW12233	495.375 	 92.302 	 35.498
FHW12233	495.500 	 92.302 	 35.504
FHW12233	495.625 	 92.295 	 35.498
FHW12233	495.750 	 92.302 	 35.498
FHW12233	495.875 	 92.302 	 35.504
FHW12233	496.000 	 92.302 	 35.498
FHW12233	496.125 	 92.295 	 35.498
FHW12233	496.250 	 92.302 	 35.504
FHW12233	496.375 	 92.302 	 35.498
FHW12233	496.500 	 92.302 	 35.498
FHW12233	496.625 	 92.295 	 35.498
FHW12233	496.750 	 92.302 	 35.512
FHW12233	496.875 	 92.302 	 35.498
FHW12233	497.000 	 92.302 	 35.498
FHW12233	497.125 	 92.295 	 35.504
FHW12233	497.250 	 92.302 	 35.498
FHW12233	497.375 	 92.302 	 35.498
FHW12233	497.500 	 92.302 	 35.498
FHW12233	497.625 	 92.295 	 35.504
FHW12233	497.750 	 92.302 	 35.498
FHW12233	497.875 	 92.302 	 35.498
FHW12233	498.000 	 92.302 	 35.504
FHW12233	498.125 	 92.295 	 35.498
FHW12233	498.250 	 92.302 	 35.498
FHW12233	498.375 	 92.302 	 35.498
FHW12233	498.500 	 92.302 	 35.504
FHW12233	498.625 	 92.295 	 35.498
FHW12233	498.750 	 92.302 	 35.506
FHW12233	498.875 	 92.302 	 35.504
FHW12233	499.000 	 92.302 	 35.498
FHW12233	499.125 	 92.295 	 35.498
FHW12233	499.250 	 92.302 	 35.504
FHW12233	499.375 	 92.302 	 35.498
FHW12233	499.500 	 92.302 	 35.498
FHW12233	499.625 	 92.295 	 35.498
FHW12233	499.750 	 92.302 	 35.504
FHW12233	499.875 	 92.302 	 35.498
FHW12233	500.000 	 92.302 	 35.498
FHW12233	500.125 	 92.295 	 35.504
FHW12233	500.250 	 92.302 	 35.498
FHW12233	500.375 	 92.302 	 35.498
FHW12233	500.500 	 92.302 	 35.498
FHW12233	500.625 	 92.295 	 35.504
FHW12233	500.750 	 92.302 	 35.506
FHW12233	500.875 	 92.302 	 35.498
FHW12233	501.000 	 92.302 	 35.504
FHW12233	501.125 	 92.295 	 35.498
FHW12233	501.250 	 92.302 	 35.498
FHW12233	501.375 	 92.302 	 35.498
FHW12233	501.500 	 92.302 	 35.504
FHW12233	501.625 	 92.295 	 35.498
FHW12233	501.750 	 92.302 	 35.498
FHW12233	501.875 	 92.302 	 35.504
FHW12233	502.000 	 92.302 	 35.498
FHW12233	502.125 	 92.295 	 35.498
FHW12233	502.250 	 92.302 	 35.504
FHW12233	502.375 	 92.302 	 35.498
FHW12233	502.500 	 92.302 	 35.498
FHW12233	502.625 	 92.295 	 35.498
FHW12233	502.750 	 92.302 	 35.512
FHW12233	502.875 	 92.302 	 35.498
FHW12233	503.000 	 92.302 	 35.498
FHW12233	503.125 	 92.295 	 35.504
FHW12233	503.250 	 92.302 	 35.498
FHW12233	503.375 	 92.302 	 35.498
FHW12233	503.500 	 92.302 	 35.498
FHW12233	503.625 	 92.295 	 35.504
FHW12233	503.750 	 92.302 	 35.498
FHW12233	503.875 	 92.498 	 35.346
FHW12233	504.000 	 92.505 	 35.355
FHW12233	504.125 	 92.498 	 35.346
FHW12233	504.250 	 92.498 	 35.346
FHW12233	504.375 	 92.505 	 35.360
FHW12233	504.500 	 92.498 	 35.346
FHW12233	504.625 	 92.498 	 35.355
FHW12233	504.750 	 92.505 	 35.346
FHW12233	504.875 	 92.498 	 35.346
FHW12233	505.000 	 92.498 	 35.355
FHW12233	505.125 	 92.505 	 35.346
FHW12233	505.250 	 92.498 	 35.346
FHW12233	505.375 	 92.498 	 35.360
FHW12233	505.500 	 92.505 	 35.346
FHW12233	505.625 	 92.498 	 35.346
FHW12233	505.750 	 92.498 	 35.355
FHW12233	505.875 	 92.505 	 35.346
FHW12233	506.000 	 92.498 	 35.346
FHW12233	506.125 	 92.498 	 35.355
FHW12233	506.250 	 92.505 	 35.346
FHW12233	506.375 	 92.498 	 35.355
FHW12233	506.500 	 92.497 	 35.352
FHW12233	506.625 	 92.505 	 35.346
FHW12233	506.750 	 92.498 	 35.355
FHW12233	506.875 	 92.498 	 35.346
FHW12233	507.000 	 92.505 	 35.346
FHW12233	507.125 	 92.498 	 35.355
FHW12233	507.250 	 92.498 	 35.346
FHW12233	507.375 	 92.505 	 35.346
FHW12233	507.500 	 92.498 	 35.360
FHW12233	507.625 	 92.498 	 35.346
FHW12233	507.750 	 92.505 	 35.346
FHW12233	507.875 	 92.498 	 35.355
FHW12233	508.000 	 92.498 	 35.346
FHW12233	508.125 	 92.505 	 35.355
FHW12233	508.250 	 92.498 	 35.346
FHW12233	508.375 	 92.498 	 35.346
FHW12233	508.500 	 92.505 	 35.355
FHW12233	508.625 	 92.497 	 35.352
FHW12233	508.750 	 92.498 	 35.346
FHW12233	508.875 	 92.505 	 35.355
FHW12233	509.000 	 92.498 	 35.346
FHW12233	509.125 	 92.498 	 35.346
FHW12233	509.250 	 92.505 	 35.355
FHW12233	509.375 	 92.498 	 35.346
FHW12233	509.500 	 92.498 	 35.355
FHW12233	509.625 	 92.505 	 35.346
FHW12233	509.750 	 92.497 	 35.352
FHW12233	509.875 	 92.498 	 35.355
FHW12233	510.000 	 92.505 	 35.346
FHW12233	510.125 	 92.498 	 35.346
FHW12233	510.250 	 92.498 	 35.355
FHW12233	510.375 	 92.505 	 35.346
FHW12233	510.500 	 92.498 	 35.346
FHW12233	510.625 	 92.498 	 35.355
FHW12233	510.750 	 92.504 	 35.352
FHW12233	510.875 	 92.498 	 35.346
FHW12233	511.000 	 92.498 	 35.355
FHW12233	511.125 	 92.505 	 35.346
FHW12233	511.250 	 92.498 	 35.355
FHW12233	511.375 	 92.498 	 35.346
FHW12233	511.500 	 92.505 	 35.346
FHW12233	511.625 	 92.498 	 35.355
FHW12233	511.750 	 92.498 	 35.346
FHW12233	511.875 	 92.504 	 35.352
FHW12233	512.000 	 92.498 	 35.355
FHW12233	512.125 	 92.498 	 35.346
FHW12233	512.250 	 92.505 	 35.346
FHW12233	512.375 	 92.498 	 35.355
FHW12233	512.500 	 92.498 	 35.346
FHW12233	512.625 	 92.505 	 35.346
FHW12233	512.750 	 92.498 	 35.355
FHW12233	512.875 	 92.497 	 35.352
FHW12233	513.000 	 92.505 	 35.355
FHW12233	513.125 	 92.330 	 35.428
FHW12233	513.250 	 92.302 	 35.453
FHW12233	513.375 	 92.302 	 35.447
FHW12233	513.500 	 92.295 	 35.447
FHW12233	513.625 	 92.302 	 35.453
FHW12233	513.750 	 92.302 	 35.447
FHW12233	513.875 	 92.302 	 35.453
FHW12233	514.000 	 92.295 	 35.447
FHW12233	514.125 	 92.302 	 35.453
FHW12233	514.250 	 92.302 	 35.447
FHW12233	514.375 	 92.302 	 35.453
FHW12233	514.500 	 92.302 	 35.447
FHW12233	514.625 	 92.295 	 35.447
FHW12233	514.750 	 92.302 	 35.453
FHW12233	514.875 	 92.302 	 35.447
FHW12233	515.000 	 92.302 	 35.453
FHW12233	515.125 	 92.295 	 35.447
FHW12233	515.250 	 92.302 	 35.453
FHW12233	515.375 	 92.302 	 35.447
FHW12233	515.500 	 92.302 	 35.453
FHW12233	515.625 	 92.295 	 35.447
FHW12233	515.750 	 92.302 	 35.447
FHW12233	515.875 	 92.302 	 35.453
FHW12233	516.000 	 92.302 	 35.447
FHW12233	516.125 	 92.295 	 35.453
FHW12233	516.250 	 92.302 	 35.447
FHW12233	516.375 	 92.302 	 35.453
FHW12233	516.500 	 92.302 	 35.447
FHW12233	516.625 	 92.295 	 35.453
FHW12233	516.750 	 92.302 	 35.447
FHW12233	516.875 	 92.302 	 35.455
FHW12233	517.000 	 92.302 	 35.453
FHW12233	517.125 	 92.302 	 35.447
FHW12233	517.250 	 92.295 	 35.453
FHW12233	517.375 	 92.302 	 35.447
FHW12233	517.500 	 92.302 	 35.453
FHW12233	517.625 	 92.302 	 35.447
FHW12233	517.750 	 92.295 	 35.453
FHW12233	517.875 	 92.302 	 35.447
FHW12233	518.000 	 92.302 	 35.447
FHW12233	518.125 	 92.302 	 35.453
FHW12233	518.250 	 92.295 	 35.447
FHW12233	518.375 	 92.302 	 35.453
FHW12233	518.500 	 92.302 	 35.447
FHW12233	518.625 	 92.302 	 35.453
FHW12233	518.750 	 92.295 	 35.447
FHW12233	518.875 	 92.302 	 35.453
FHW12233	519.000 	 92.302 	 35.447
FHW12233	519.125 	 92.302 	 35.453
FHW12233	519.250 	 92.302 	 35.447
FHW12233	519.375 	 92.295 	 35.447
FHW12233	519.500 	 92.302 	 35.453
FHW12233	519.625 	 92.302 	 35.447
FHW12233	519.750 	 92.302 	 35.453
FHW12233	519.875 	 92.295 	 35.447
FHW12233	520.000 	 92.302 	 35.453
FHW12233	520.125 	 92.302 	 35.447
FHW12233	520.250 	 92.302 	 35.453
FHW12233	520.375 	 92.295 	 35.447
FHW12233	520.500 	 92.302 	 35.447
FHW12233	520.625 	 92.302 	 35.453
FHW12233	520.750 	 92.302 	 35.447
FHW12233	520.875 	 92.295 	 35.453
FHW12233	521.000 	 92.302 	 35.447
FHW12233	521.125 	 92.302 	 35.453
FHW12233	521.250 	 92.302 	 35.447
FHW12233	521.375 	 92.302 	 35.453
FHW12233	521.500 	 92.295 	 35.447
FHW12233	521.625 	 92.302 	 35.447
FHW12233	521.750 	 92.302 	 35.453
FHW12233	521.875 	 92.302 	 35.447
FHW12233	522.000 	 92.295 	 35.453
FHW12233	522.125 	 92.302 	 35.447
FHW12233	522.250 	 92.302 	 35.453
FHW12233	522.375 	 92.162 	 35.688
FHW12233	522.500 	 92.099 	 35.800
FHW12233	522.625 	 92.106 	 35.800
FHW12233	522.750 	 92.099 	 35.795
FHW12233	522.875 	 92.099 	 35.800
FHW12233	523.000 	 92.099 	 35.800
FHW12233	523.125 	 92.099 	 35.809
FHW12233	523.250 	 92.099 	 35.795
FHW12233	523.375 	 92.106 	 35.800
FHW12233	523.500 	 92.099 	 35.800
FHW12233	523.625 	 92.099 	 35.800
FHW12233	523.750 	 92.099 	 35.795
FHW12233	523.875 	 92.099 	 35.800
FHW12233	524.000 	 92.106 	 35.800
FHW12233	524.125 	 92.099 	 35.800
FHW12233	524.250 	 92.099 	 35.803
FHW12233	524.375 	 92.099 	 35.800
FHW12233	524.500 	 92.099 	 35.800
FHW12233	524.625 	 92.106 	 35.800
FHW12233	524.750 	 92.099 	 35.795
FHW12233	524.875 	 92.099 	 35.800
FHW12233	525.000 	 92.099 	 35.800
FHW12233	525.125 	 92.099 	 35.800
FHW12233	525.250 	 92.099 	 35.795
FHW12233	525.375 	 92.106 	 35.809
FHW12233	525.500 	 92.099 	 35.800
FHW12233	525.625 	 92.099 	 35.800
FHW12233	525.750 	 92.099 	 35.795
FHW12233	525.875 	 92.099 	 35.800
FHW12233	526.000 	 92.106 	 35.800
FHW12233	526.125 	 92.099 	 35.800
FHW12233	526.250 	 92.099 	 35.795
FHW12233	526.375 	 92.099 	 35.800
FHW12233	526.500 	 92.099 	 35.809
FHW12233	526.625 	 92.106 	 35.800
FHW12233	526.750 	 92.099 	 35.795
FHW12233	526.875 	 92.099 	 35.800
FHW12233	527.000 	 92.099 	 35.800
FHW12233	527.125 	 92.099 	 35.800
FHW12233	527.250 	 92.099 	 35.795
FHW12233	527.375 	 92.106 	 35.800
FHW12233	527.500 	 92.099 	 35.809
FHW12233	527.625 	 92.099 	 35.800
FHW12233	527.750 	 92.099 	 35.795
FHW12233	527.875 	 92.099 	 35.800
FHW12233	528.000 	 92.106 	 35.800
FHW12233	528.125 	 92.099 	 35.800
FHW12233	528.250 	 92.099 	 35.795
FHW12233	528.375 	 92.099 	 35.800
FHW12233	528.500 	 92.099 	 35.800
FHW12233	528.625 	 92.106 	 35.809
FHW12233	528.750 	 92.099 	 35.795
FHW12233	528.875 	 92.099 	 35.800
FHW12233	529.000 	 92.099 	 35.800
FHW12233	529.125 	 92.099 	 35.800
FHW12233	529.250 	 92.099 	 35.795
FHW12233	529.375 	 92.106 	 35.800
FHW12233	529.500 	 92.099 	 35.800
FHW12233	529.625 	 92.099 	 35.800
FHW12233	529.750 	 92.099 	 35.803
FHW12233	529.875 	 92.099 	 35.800
FHW12233	530.000 	 92.106 	 35.800
FHW12233	530.125 	 92.099 	 35.800
FHW12233	530.250 	 92.099 	 35.795
FHW12233	530.375 	 92.099 	 35.800
FHW12233	530.500 	 92.099 	 35.800
FHW12233	530.625 	 92.106 	 35.800
FHW12233	530.750 	 92.099 	 35.795
FHW12233	530.875 	 92.099 	 35.809
FHW12233	531.000 	 92.183 	 35.966
FHW12233	531.125 	 92.253 	 36.100
FHW12233	531.250 	 92.246 	 36.100
FHW12233	531.375 	 92.253 	 36.100
FHW12233	531.500 	 92.253 	 36.100
FHW12233	531.625 	 92.246 	 36.100
FHW12233	531.750 	 92.253 	 36.100
FHW12233	531.875 	 92.246 	 36.100
FHW12233	532.000 	 92.253 	 36.100
FHW12233	532.125 	 92.253 	 36.100
FHW12233	532.250 	 92.246 	 36.100
FHW12233	532.375 	 92.253 	 36.100
FHW12233	532.500 	 92.246 	 36.100
FHW12233	532.625 	 92.253 	 36.100
FHW12233	532.750 	 92.253 	 36.100
FHW12233	532.875 	 92.246 	 36.100
FHW12233	533.000 	 92.253 	 36.100
FHW12233	533.125 	 92.246 	 36.100
FHW12233	533.250 	 92.253 	 36.100
FHW12233	533.375 	 92.253 	 36.100
FHW12233	533.500 	 92.246 	 36.094
FHW12233	533.625 	 92.253 	 36.100
FHW12233	533.750 	 92.246 	 36.100
FHW12233	533.875 	 92.253 	 36.108
FHW12233	534.000 	 92.253 	 36.100
FHW12233	534.125 	 92.246 	 36.100
FHW12233	534.250 	 92.253 	 36.100
FHW12233	534.375 	 92.246 	 36.100
FHW12233	534.500 	 92.253 	 36.100
FHW12233	534.625 	 92.253 	 36.100
FHW12233	534.750 	 92.246 	 36.100
FHW12233	534.875 	 92.253 	 36.100
FHW12233	535.000 	 92.246 	 36.100
FHW12233	535.125 	 92.253 	 36.100
FHW12233	535.250 	 92.253 	 36.100
FHW12233	535.375 	 92.246 	 36.100
FHW12233	535.500 	 92.253 	 36.100
FHW12233	535.625 	 92.253 	 36.100
FHW12233	535.750 	 92.246 	 36.100
FHW12233	535.875 	 92.253 	 36.100
FHW12233	536.000 	 92.246 	 36.100
FHW12233	536.125 	 92.253 	 36.100
FHW12233	536.250 	 92.253 	 36.100
FHW12233	536.375 	 92.246 	 36.100
FHW12233	536.500 	 92.253 	 36.100
FHW12233	536.625 	 92.246 	 36.100
FHW12233	536.750 	 92.253 	 36.100
FHW12233	536.875 	 92.253 	 36.100
FHW12233	537.000 	 92.246 	 36.100
FHW12233	537.125 	 92.253 	 36.100
FHW12233	537.250 	 92.246 	 36.094
FHW12233	537.375 	 92.253 	 36.100
FHW12233	537.500 	 92.253 	 36.100
FHW12233	537.625 	 92.246 	 36.100
FHW12233	537.750 	 92.253 	 36.100
FHW12233	537.875 	 92.246 	 36.100
FHW12233	538.000 	 92.253 	 36.100
FHW12233	538.125 	 92.253 	 36.100
FHW12233	538.250 	 92.246 	 36.100
FHW12233	538.375 	 92.253 	 36.100
FHW12233	538.500 	 92.246 	 36.100
FHW12233	538.625 	 92.253 	 36.108
FHW12233	538.750 	 92.253 	 36.100
FHW12233	538.875 	 92.246 	 36.100
FHW12233	539.000 	 92.253 	 36.100
FHW12233	539.125 	 92.246 	 36.100
FHW12233	539.250 	 92.253 	 36.100
FHW12233	539.375 	 92.253 	 36.100
FHW12233	539.500 	 92.246 	 36.100
FHW12233	539.625 	 92.253 	 36.100
FHW12233	539.750 	 92.246 	 36.100
FHW12233	539.875 	 92.253 	 36.100
FHW12233	540.000 	 92.253 	 36.100
FHW12233	540.125 	 92.246 	 36.100
FHW12233	540.250 	 92.253 	 36.100
FHW12233	540.375 	 92.253 	 36.100
FHW12233	540.500 	 92.246 	 36.100
FHW12233	540.625 	 92.302 	 36.209
FHW12233	540.750 	 92.407 	 36.399
FHW12233	540.875 	 92.400 	 36.399
FHW12233	541.000 	 92.400 	 36.399
FHW12233	541.125 	 92.400 	 36.399
FHW12233	541.250 	 92.400 	 36.399
FHW12233	541.375 	 92.400 	 36.399
FHW12233	541.500 	 92.400 	 36.399
FHW12233	541.625 	 92.400 	 36.399
FHW12233	541.750 	 92.400 	 36.399
FHW12233	541.875 	 92.400 	 36.399
FHW12233	542.000 	 92.400 	 36.399
FHW12233	542.125 	 92.400 	 36.399
FHW12233	542.250 	 92.400 	 36.399
FHW12233	542.375 	 92.400 	 36.399
FHW12233	542.500 	 92.400 	 36.399
FHW12233	542.625 	 92.400 	 36.408
FHW12233	542.750 	 92.400 	 36.399
FHW12233	542.875 	 92.400 	 36.399
FHW12233	543.000 	 92.400 	 36.399
FHW12233	543.125 	 92.400 	 36.399
FHW12233	543.250 	 92.407 	 36.399
FHW12233	543.375 	 92.400 	 36.399
FHW12233	543.500 	 92.400 	 36.399
FHW12233	543.625 	 92.400 	 36.399
FHW12233	543.750 	 92.400 	 36.399
FHW12233	543.875 	 92.400 	 36.399
FHW12233	544.000 	 92.400 	 36.399
FHW12233	544.125 	 92.400 	 36.399
FHW12233	544.250 	 92.400 	 36.399
FHW12233	544.375 	 92.400 	 36.399
FHW12233	544.500 	 92.400 	 36.399
FHW12233	544.625 	 92.400 	 36.399
FHW12233	544.750 	 92.400 	 36.399
FHW12233	544.875 	 92.400 	 36.399
FHW12233	545.000 	 92.400 	 36.408
FHW12233	545.125 	 92.400 	 36.399
FHW12233	545.250 	 92.400 	 36.399
FHW12233	545.375 	 92.400 	 36.399
FHW12233	545.500 	 92.400 	 36.399
FHW12233	545.625 	 92.400 	 36.399
FHW12233	545.750 	 92.407 	 36.399
FHW12233	545.875 	 92.400 	 36.399
FHW12233	546.000 	 92.400 	 36.399
FHW12233	546.125 	 92.400 	 36.399
FHW12233	546.250 	 92.400 	 36.399
FHW12233	546.375 	 92.400 	 36.399
FHW12233	546.500 	 92.400 	 36.399
FHW12233	546.625 	 92.400 	 36.399
FHW12233	546.750 	 92.400 	 36.399
FHW12233	546.875 	 92.400 	 36.399
FHW12233	547.000 	 92.400 	 36.399
FHW12233	547.125 	 92.399 	 36.405
FHW12233	547.250 	 92.400 	 36.408
FHW12233	547.375 	 92.400 	 36.399
FHW12233	547.500 	 92.400 	 36.399
FHW12233	547.625 	 92.400 	 36.399
FHW12233	547.750 	 92.400 	 36.399
FHW12233	547.875 	 92.400 	 36.399
FHW12233	548.000 	 92.400 	 36.399
FHW12233	548.125 	 92.400 	 36.399
FHW12233	548.250 	 92.407 	 36.399
FHW12233	548.375 	 92.400 	 36.399
FHW12233	548.500 	 92.400 	 36.399
FHW12233	548.625 	 92.400 	 36.399
FHW12233	548.750 	 92.400 	 36.399
FHW12233	548.875 	 92.400 	 36.399
FHW12233	549.000 	 92.400 	 36.399
FHW12233	549.125 	 92.400 	 36.399
FHW12233	549.250 	 92.400 	 36.399
FHW12233	549.375 	 92.400 	 36.399
FHW12233	549.500 	 92.400 	 36.408
FHW12233	549.625 	 92.400 	 36.399
FHW12233	549.750 	 92.400 	 36.399
FHW12233	549.875 	 92.400 	 36.399
FHW12233	550.000 	 92.400 	 36.399
FHW12233	550.125 	 92.400 	 36.399
FHW12233	550.250 	 92.400 	 36.399
FHW12233	550.375 	 92.400 	 36.399
FHW12233	550.500 	 92.400 	 36.399
FHW12233	550.625 	 92.400 	 36.399
FHW12233	550.750 	 92.407 	 36.399
FHW12233	550.875 	 92.400 	 36.399
FHW12233	551.000 	 92.400 	 36.399
FHW12233	551.125 	 92.400 	 36.399
FHW12233	551.250 	 92.400 	 36.399
FHW12233	551.375 	 92.400 	 36.399
FHW12233	551.500 	 92.400 	 36.399
FHW12233	551.625 	 92.400 	 36.399
FHW12233	551.750 	 92.400 	 36.408
FHW12233	551.875 	 92.400 	 36.399
FHW12233	552.000 	 92.400 	 36.399
FHW12233	552.125 	 92.400 	 36.399
FHW12233	552.250 	 92.400 	 36.399
FHW12233	552.375 	 92.400 	 36.399
FHW12233	552.500 	 92.400 	 36.399
FHW12233	552.625 	 92.400 	 36.399
FHW12233	552.750 	 92.400 	 36.399
FHW12233	552.875 	 92.400 	 36.399
FHW12233	553.000 	 92.400 	 36.399
FHW12233	553.125 	 92.400 	 36.399
FHW12233	553.250 	 92.407 	 36.399
FHW12233	553.375 	 92.400 	 36.399
FHW12233	553.500 	 92.400 	 36.399
FHW12233	553.625 	 92.400 	 36.399
FHW12233	553.750 	 92.400 	 36.399
FHW12233	553.875 	 92.400 	 36.399
FHW12233	554.000 	 92.400 	 36.399
FHW12233	554.125 	 92.400 	 36.408
FHW12233	554.250 	 92.400 	 36.399
FHW12233	554.375 	 92.400 	 36.399
FHW12233	554.500 	 92.400 	 36.399
FHW12233	554.625 	 92.400 	 36.399
FHW12233	554.750 	 92.400 	 36.399
FHW12233	554.875 	 92.400 	 36.399
FHW12233	555.000 	 92.400 	 36.399
FHW12233	555.125 	 92.400 	 36.399
FHW12233	555.250 	 92.400 	 36.399
FHW12233	555.375 	 92.400 	 36.399
FHW12233	555.500 	 92.400 	 36.399
FHW12233	555.625 	 92.400 	 36.399
FHW12233	555.750 	 92.407 	 36.399
FHW12233	555.875 	 92.400 	 36.399
FHW12233	556.000 	 92.399 	 36.405
FHW12233	556.125 	 92.400 	 36.394
FHW12233	556.250 	 92.399 	 36.405
FHW12233	556.375 	 92.400 	 36.402
FHW12233	556.500 	 92.399 	 36.405
FHW12233	556.625 	 92.400 	 36.394
FHW12233	556.750 	 92.399 	 36.405
FHW12233	556.875 	 92.400 	 36.394
FHW12233	557.000 	 92.399 	 36.405
FHW12233	557.125 	 92.400 	 36.394
FHW12233	557.250 	 92.399 	 36.405
FHW12233	557.375 	 92.400 	 36.394
FHW12233	557.500 	 92.399 	 36.405
FHW12233	557.625 	 92.400 	 36.394
FHW12233	557.750 	 92.399 	 36.405
FHW12233	557.875 	 92.400 	 36.394
FHW12233	558.000 	 92.399 	 36.405
FHW12233	558.125 	 92.400 	 36.394
FHW12233	558.250 	 92.406 	 36.405
FHW12233	558.375 	 92.400 	 36.394
FHW12233	558.500 	 92.399 	 36.405
FHW12233	558.625 	 92.400 	 36.402
FHW12233	558.750 	 92.399 	 36.405
FHW12233	558.875 	 92.400 	 36.394
FHW12233	559.000 	 92.399 	 36.405
FHW12233	559.125 	 92.400 	 36.394
FHW12233	559.250 	 92.399 	 36.405
FHW12233	559.375 	 92.400 	 36.394
FHW12233	559.500 	 92.399 	 36.405
FHW12233	559.625 	 92.400 	 36.394
FHW12233	559.750 	 92.399 	 36.405
FHW12233	559.875 	 92.400 	 36.394
FHW12233	560.000 	 92.399 	 36.405
FHW12233	560.125 	 92.400 	 36.394
FHW12233	560.250 	 92.399 	 36.405
FHW12233	560.375 	 92.400 	 36.394
FHW12233	560.500 	 92.399 	 36.405
FHW12233	560.625 	 92.400 	 36.394
FHW12233	560.750 	 92.406 	 36.405
FHW12233	560.875 	 92.400 	 36.402
FHW12233	561.000 	 92.399 	 36.405
FHW12233	561.125 	 92.400 	 36.394
FHW12233	561.250 	 92.399 	 36.405
FHW12233	561.375 	 92.400 	 36.394
FHW12233	561.500 	 92.399 	 36.405
FHW12233	561.625 	 92.400 	 36.394
FHW12233	561.750 	 92.399 	 36.405
FHW12233	561.875 	 92.400 	 36.394
FHW12233	562.000 	 92.399 	 36.405
