#WellName	 Depth.M	 INCL	 AZIM 
WellName	 Depth.M	 INCL	 AZIM 
FHW12115	0.000 	 0.000 	 0.000
FHW12115	0.125 	 0.506 	 341.400
FHW12115	0.250 	 0.506 	 341.400
FHW12115	0.375 	 0.506 	 341.400
FHW12115	0.500 	 0.506 	 341.400
FHW12115	0.625 	 0.506 	 341.400
FHW12115	0.750 	 0.506 	 341.400
FHW12115	0.875 	 0.506 	 341.400
FHW12115	1.000 	 0.506 	 341.400
FHW12115	1.125 	 0.506 	 341.400
FHW12115	1.250 	 0.506 	 341.400
FHW12115	1.375 	 0.506 	 341.400
FHW12115	1.500 	 0.506 	 341.400
FHW12115	1.625 	 0.506 	 341.400
FHW12115	1.750 	 0.506 	 341.400
FHW12115	1.875 	 0.506 	 341.400
FHW12115	2.000 	 0.506 	 341.400
FHW12115	2.125 	 0.506 	 341.400
FHW12115	2.250 	 0.506 	 341.400
FHW12115	2.375 	 0.506 	 341.400
FHW12115	2.500 	 0.506 	 341.400
FHW12115	2.625 	 0.506 	 341.400
FHW12115	2.750 	 0.506 	 341.400
FHW12115	2.875 	 0.506 	 341.400
FHW12115	3.000 	 0.506 	 341.400
FHW12115	3.125 	 0.506 	 341.400
FHW12115	3.250 	 0.506 	 341.400
FHW12115	3.375 	 0.506 	 341.400
FHW12115	3.500 	 0.506 	 341.400
FHW12115	3.625 	 0.506 	 341.400
FHW12115	3.750 	 0.506 	 341.400
FHW12115	3.875 	 0.506 	 341.400
FHW12115	4.000 	 0.506 	 341.400
FHW12115	4.125 	 0.506 	 341.400
FHW12115	4.250 	 0.506 	 341.400
FHW12115	4.375 	 0.506 	 341.400
FHW12115	4.500 	 0.506 	 341.400
FHW12115	4.625 	 0.506 	 341.400
FHW12115	4.750 	 0.506 	 341.400
FHW12115	4.875 	 0.506 	 341.400
FHW12115	5.000 	 0.506 	 341.400
FHW12115	5.125 	 0.506 	 341.400
FHW12115	5.250 	 0.506 	 341.400
FHW12115	5.375 	 0.506 	 341.400
FHW12115	5.500 	 0.506 	 341.400
FHW12115	5.625 	 0.506 	 341.400
FHW12115	5.750 	 0.506 	 341.400
FHW12115	5.875 	 0.506 	 341.400
FHW12115	6.000 	 0.506 	 341.400
FHW12115	6.125 	 0.506 	 341.400
FHW12115	6.250 	 0.506 	 341.400
FHW12115	6.375 	 0.506 	 341.400
FHW12115	6.500 	 0.506 	 341.400
FHW12115	6.625 	 0.506 	 341.400
FHW12115	6.750 	 0.506 	 341.400
FHW12115	6.875 	 0.506 	 341.400
FHW12115	7.000 	 0.506 	 341.400
FHW12115	7.125 	 0.506 	 341.400
FHW12115	7.250 	 0.506 	 341.400
FHW12115	7.375 	 0.506 	 341.400
FHW12115	7.500 	 0.506 	 341.400
FHW12115	7.625 	 0.506 	 341.400
FHW12115	7.750 	 0.506 	 341.400
FHW12115	7.875 	 0.506 	 341.400
FHW12115	8.000 	 0.506 	 341.400
FHW12115	8.125 	 0.506 	 341.400
FHW12115	8.250 	 0.506 	 341.400
FHW12115	8.375 	 0.506 	 341.400
FHW12115	8.500 	 0.506 	 341.400
FHW12115	8.625 	 0.506 	 341.400
FHW12115	8.750 	 0.506 	 341.400
FHW12115	8.875 	 0.506 	 341.400
FHW12115	9.000 	 0.506 	 341.400
FHW12115	9.125 	 0.506 	 341.400
FHW12115	9.250 	 0.506 	 341.400
FHW12115	9.375 	 0.506 	 341.400
FHW12115	9.500 	 0.506 	 341.400
FHW12115	9.625 	 0.506 	 341.400
FHW12115	9.750 	 0.506 	 341.400
FHW12115	9.875 	 0.506 	 341.400
FHW12115	10.000 	 0.506 	 341.400
FHW12115	10.125 	 0.506 	 341.400
FHW12115	10.250 	 0.506 	 341.400
FHW12115	10.375 	 0.506 	 341.400
FHW12115	10.500 	 0.506 	 341.400
FHW12115	10.625 	 0.506 	 341.400
FHW12115	10.750 	 0.506 	 341.400
FHW12115	10.875 	 0.506 	 341.400
FHW12115	11.000 	 0.506 	 341.400
FHW12115	11.125 	 0.506 	 341.400
FHW12115	11.250 	 0.506 	 341.400
FHW12115	11.375 	 0.506 	 341.400
FHW12115	11.500 	 0.506 	 341.400
FHW12115	11.625 	 0.506 	 341.400
FHW12115	11.750 	 0.506 	 341.400
FHW12115	11.875 	 0.506 	 341.400
FHW12115	12.000 	 0.506 	 341.400
FHW12115	12.125 	 0.506 	 341.400
FHW12115	12.250 	 0.506 	 341.400
FHW12115	12.375 	 0.506 	 341.400
FHW12115	12.500 	 0.506 	 341.400
FHW12115	12.625 	 0.506 	 341.400
FHW12115	12.750 	 0.506 	 341.400
FHW12115	12.875 	 0.506 	 341.400
FHW12115	13.000 	 0.506 	 341.400
FHW12115	13.125 	 0.506 	 341.400
FHW12115	13.250 	 0.506 	 341.400
FHW12115	13.375 	 0.506 	 341.400
FHW12115	13.500 	 0.506 	 341.400
FHW12115	13.625 	 0.506 	 341.400
FHW12115	13.750 	 0.506 	 341.400
FHW12115	13.875 	 0.506 	 341.400
FHW12115	14.000 	 0.506 	 341.400
FHW12115	14.125 	 0.506 	 341.400
FHW12115	14.250 	 0.506 	 341.400
FHW12115	14.375 	 0.506 	 341.400
FHW12115	14.500 	 0.506 	 341.400
FHW12115	14.625 	 0.506 	 341.400
FHW12115	14.750 	 0.506 	 341.400
FHW12115	14.875 	 0.506 	 341.400
FHW12115	15.000 	 0.506 	 341.400
FHW12115	15.125 	 0.506 	 341.400
FHW12115	15.250 	 0.506 	 341.400
FHW12115	15.375 	 0.506 	 341.400
FHW12115	15.500 	 0.506 	 341.400
FHW12115	15.625 	 0.506 	 341.400
FHW12115	15.750 	 0.506 	 341.400
FHW12115	15.875 	 0.506 	 341.400
FHW12115	16.000 	 0.506 	 341.400
FHW12115	16.125 	 0.506 	 341.400
FHW12115	16.250 	 0.506 	 341.400
FHW12115	16.375 	 0.506 	 341.400
FHW12115	16.500 	 0.506 	 341.400
FHW12115	16.625 	 0.506 	 341.400
FHW12115	16.750 	 0.506 	 341.400
FHW12115	16.875 	 0.506 	 341.400
FHW12115	17.000 	 0.506 	 341.400
FHW12115	17.125 	 0.506 	 341.400
FHW12115	17.250 	 0.506 	 341.400
FHW12115	17.375 	 0.506 	 341.400
FHW12115	17.500 	 0.506 	 341.400
FHW12115	17.625 	 0.506 	 341.400
FHW12115	17.750 	 0.506 	 341.400
FHW12115	17.875 	 0.506 	 341.400
FHW12115	18.000 	 0.506 	 341.400
FHW12115	18.125 	 0.506 	 341.400
FHW12115	18.250 	 0.506 	 341.400
FHW12115	18.375 	 0.506 	 341.400
FHW12115	18.500 	 0.506 	 341.400
FHW12115	18.625 	 0.506 	 341.400
FHW12115	18.750 	 0.506 	 341.400
FHW12115	18.875 	 0.506 	 341.400
FHW12115	19.000 	 0.506 	 341.400
FHW12115	19.125 	 0.506 	 341.400
FHW12115	19.250 	 0.506 	 341.400
FHW12115	19.375 	 0.506 	 341.400
FHW12115	19.500 	 0.506 	 341.400
FHW12115	19.625 	 0.506 	 341.400
FHW12115	19.750 	 0.506 	 341.400
FHW12115	19.875 	 0.506 	 341.400
FHW12115	20.000 	 0.506 	 341.400
FHW12115	20.125 	 0.506 	 341.400
FHW12115	20.250 	 0.506 	 341.400
FHW12115	20.375 	 0.506 	 341.400
FHW12115	20.500 	 0.506 	 341.400
FHW12115	20.625 	 0.506 	 341.400
FHW12115	20.750 	 0.506 	 341.400
FHW12115	20.875 	 0.506 	 341.400
FHW12115	21.000 	 0.506 	 341.400
FHW12115	21.125 	 0.506 	 341.400
FHW12115	21.250 	 0.506 	 341.400
FHW12115	21.375 	 0.506 	 341.400
FHW12115	21.500 	 0.506 	 341.400
FHW12115	21.625 	 0.506 	 341.400
FHW12115	21.750 	 0.506 	 341.400
FHW12115	21.875 	 0.506 	 341.400
FHW12115	22.000 	 0.506 	 341.400
FHW12115	22.125 	 0.506 	 341.400
FHW12115	22.250 	 0.506 	 341.400
FHW12115	22.375 	 0.506 	 341.400
FHW12115	22.500 	 0.506 	 341.400
FHW12115	22.625 	 0.506 	 341.400
FHW12115	22.750 	 0.506 	 341.400
FHW12115	22.875 	 0.506 	 341.400
FHW12115	23.000 	 0.506 	 341.400
FHW12115	23.125 	 0.506 	 341.400
FHW12115	23.250 	 0.506 	 341.400
FHW12115	23.375 	 0.506 	 341.400
FHW12115	23.500 	 0.506 	 341.400
FHW12115	23.625 	 0.506 	 341.400
FHW12115	23.750 	 0.506 	 341.400
FHW12115	23.875 	 0.506 	 341.400
FHW12115	24.000 	 0.506 	 341.400
FHW12115	24.125 	 0.506 	 341.400
FHW12115	24.250 	 0.506 	 341.400
FHW12115	24.375 	 0.506 	 341.400
FHW12115	24.500 	 0.506 	 341.400
FHW12115	24.625 	 0.506 	 341.400
FHW12115	24.750 	 0.506 	 341.400
FHW12115	24.875 	 0.506 	 341.400
FHW12115	25.000 	 0.506 	 341.400
FHW12115	25.125 	 0.506 	 341.400
FHW12115	25.250 	 0.506 	 341.400
FHW12115	25.375 	 0.506 	 341.400
FHW12115	25.500 	 0.506 	 341.400
FHW12115	25.625 	 0.506 	 341.400
FHW12115	25.750 	 0.506 	 341.400
FHW12115	25.875 	 0.506 	 341.400
FHW12115	26.000 	 0.506 	 341.400
FHW12115	26.125 	 0.506 	 341.400
FHW12115	26.250 	 0.506 	 341.400
FHW12115	26.375 	 0.506 	 341.400
FHW12115	26.500 	 0.506 	 341.400
FHW12115	26.625 	 0.506 	 341.400
FHW12115	26.750 	 0.506 	 341.400
FHW12115	26.875 	 0.506 	 341.400
FHW12115	27.000 	 0.506 	 341.400
FHW12115	27.125 	 0.506 	 341.400
FHW12115	27.250 	 0.506 	 341.400
FHW12115	27.375 	 0.506 	 341.400
FHW12115	27.500 	 0.506 	 341.400
FHW12115	27.625 	 0.506 	 341.400
FHW12115	27.750 	 0.506 	 341.400
FHW12115	27.875 	 0.506 	 341.400
FHW12115	28.000 	 0.506 	 341.400
FHW12115	28.125 	 0.506 	 341.400
FHW12115	28.250 	 0.506 	 341.400
FHW12115	28.375 	 0.506 	 341.400
FHW12115	28.500 	 0.506 	 341.400
FHW12115	28.625 	 0.506 	 341.400
FHW12115	28.750 	 0.506 	 341.400
FHW12115	28.875 	 0.506 	 341.400
FHW12115	29.000 	 0.506 	 341.400
FHW12115	29.125 	 0.506 	 341.400
FHW12115	29.250 	 0.506 	 341.400
FHW12115	29.375 	 0.506 	 341.400
FHW12115	29.500 	 0.506 	 341.400
FHW12115	29.625 	 0.506 	 341.400
FHW12115	29.750 	 0.506 	 341.400
FHW12115	29.875 	 0.506 	 341.400
FHW12115	30.000 	 0.506 	 341.400
FHW12115	30.125 	 0.506 	 341.400
FHW12115	30.250 	 0.506 	 341.400
FHW12115	30.375 	 0.506 	 341.400
FHW12115	30.500 	 0.506 	 341.400
FHW12115	30.625 	 0.506 	 341.400
FHW12115	30.750 	 0.506 	 341.401
FHW12115	30.875 	 0.506 	 341.400
FHW12115	31.000 	 0.506 	 341.400
FHW12115	31.125 	 0.506 	 341.400
FHW12115	31.250 	 0.506 	 341.400
FHW12115	31.375 	 0.506 	 341.400
FHW12115	31.500 	 0.506 	 341.400
FHW12115	31.625 	 0.506 	 341.400
FHW12115	31.750 	 0.506 	 341.400
FHW12115	31.875 	 0.506 	 341.400
FHW12115	32.000 	 0.506 	 341.400
FHW12115	32.125 	 0.506 	 341.400
FHW12115	32.250 	 0.506 	 341.400
FHW12115	32.375 	 0.506 	 341.400
FHW12115	32.500 	 0.506 	 341.400
FHW12115	32.625 	 0.506 	 341.400
FHW12115	32.750 	 0.506 	 341.400
FHW12115	32.875 	 0.506 	 341.400
FHW12115	33.000 	 0.506 	 341.400
FHW12115	33.125 	 0.506 	 341.400
FHW12115	33.250 	 0.506 	 341.400
FHW12115	33.375 	 0.506 	 341.400
FHW12115	33.500 	 0.506 	 341.400
FHW12115	33.625 	 0.506 	 341.400
FHW12115	33.750 	 0.506 	 341.400
FHW12115	33.875 	 0.506 	 341.400
FHW12115	34.000 	 0.506 	 341.400
FHW12115	34.125 	 0.506 	 341.400
FHW12115	34.250 	 0.506 	 341.400
FHW12115	34.375 	 0.506 	 341.401
FHW12115	34.500 	 0.506 	 341.400
FHW12115	34.625 	 0.506 	 341.400
FHW12115	34.750 	 0.506 	 341.400
FHW12115	34.875 	 0.506 	 341.400
FHW12115	35.000 	 0.506 	 341.400
FHW12115	35.125 	 0.506 	 341.400
FHW12115	35.250 	 0.506 	 341.400
FHW12115	35.375 	 0.506 	 341.400
FHW12115	35.500 	 0.506 	 341.400
FHW12115	35.625 	 0.506 	 341.400
FHW12115	35.750 	 0.506 	 341.400
FHW12115	35.875 	 0.506 	 341.400
FHW12115	36.000 	 0.506 	 341.400
FHW12115	36.125 	 0.506 	 341.400
FHW12115	36.250 	 0.506 	 341.400
FHW12115	36.375 	 0.506 	 341.400
FHW12115	36.500 	 0.506 	 341.400
FHW12115	36.625 	 0.506 	 341.400
FHW12115	36.750 	 0.506 	 341.400
FHW12115	36.875 	 0.506 	 341.400
FHW12115	37.000 	 0.506 	 341.400
FHW12115	37.125 	 0.506 	 341.400
FHW12115	37.250 	 0.506 	 341.400
FHW12115	37.375 	 0.506 	 341.400
FHW12115	37.500 	 0.506 	 341.400
FHW12115	37.625 	 0.506 	 341.400
FHW12115	37.750 	 0.506 	 341.400
FHW12115	37.875 	 0.506 	 341.401
FHW12115	38.000 	 0.506 	 341.400
FHW12115	38.125 	 0.506 	 341.400
FHW12115	38.250 	 0.506 	 341.400
FHW12115	38.375 	 0.506 	 341.400
FHW12115	38.500 	 0.506 	 341.400
FHW12115	38.625 	 0.506 	 341.400
FHW12115	38.750 	 0.506 	 341.400
FHW12115	38.875 	 0.506 	 341.400
FHW12115	39.000 	 0.506 	 341.400
FHW12115	39.125 	 0.506 	 341.400
FHW12115	39.250 	 0.506 	 341.400
FHW12115	39.375 	 0.506 	 341.400
FHW12115	39.500 	 0.506 	 341.400
FHW12115	39.625 	 0.506 	 341.400
FHW12115	39.750 	 0.506 	 341.400
FHW12115	39.875 	 0.506 	 341.400
FHW12115	40.000 	 0.506 	 341.400
FHW12115	40.125 	 0.506 	 341.400
FHW12115	40.250 	 0.506 	 341.400
FHW12115	40.375 	 0.506 	 341.400
FHW12115	40.500 	 0.506 	 341.400
FHW12115	40.625 	 0.506 	 341.400
FHW12115	40.750 	 0.506 	 341.400
FHW12115	40.875 	 0.506 	 341.400
FHW12115	41.000 	 0.506 	 341.400
FHW12115	41.125 	 0.506 	 341.400
FHW12115	41.250 	 0.506 	 341.400
FHW12115	41.375 	 0.506 	 341.400
FHW12115	41.500 	 0.506 	 341.401
FHW12115	41.625 	 0.506 	 341.400
FHW12115	41.750 	 0.506 	 341.400
FHW12115	41.875 	 0.506 	 341.400
FHW12115	42.000 	 0.506 	 341.400
FHW12115	42.125 	 0.506 	 341.400
FHW12115	42.250 	 0.506 	 341.400
FHW12115	42.375 	 0.506 	 341.400
FHW12115	42.500 	 0.506 	 341.400
FHW12115	42.625 	 0.506 	 341.400
FHW12115	42.750 	 0.506 	 341.400
FHW12115	42.875 	 0.506 	 341.400
FHW12115	43.000 	 0.506 	 341.400
FHW12115	43.125 	 0.506 	 341.400
FHW12115	43.250 	 0.506 	 341.400
FHW12115	43.375 	 0.506 	 341.400
FHW12115	43.500 	 0.506 	 341.400
FHW12115	43.625 	 0.506 	 341.400
FHW12115	43.750 	 0.506 	 341.400
FHW12115	43.875 	 0.506 	 341.400
FHW12115	44.000 	 0.506 	 341.400
FHW12115	44.125 	 0.506 	 341.400
FHW12115	44.250 	 0.506 	 341.400
FHW12115	44.375 	 0.506 	 341.401
FHW12115	44.500 	 0.506 	 341.399
FHW12115	44.625 	 0.506 	 341.401
FHW12115	44.750 	 0.506 	 341.399
FHW12115	44.875 	 0.506 	 341.401
FHW12115	45.000 	 0.506 	 341.399
FHW12115	45.125 	 0.506 	 341.401
FHW12115	45.250 	 0.506 	 341.399
FHW12115	45.375 	 0.506 	 341.401
FHW12115	45.500 	 0.506 	 341.399
FHW12115	45.625 	 0.506 	 341.401
FHW12115	45.750 	 0.506 	 341.399
FHW12115	45.875 	 0.506 	 341.401
FHW12115	46.000 	 0.506 	 341.399
FHW12115	46.125 	 0.506 	 341.401
FHW12115	46.250 	 0.506 	 341.399
FHW12115	46.375 	 0.506 	 341.401
FHW12115	46.500 	 0.506 	 341.399
FHW12115	46.625 	 0.506 	 341.401
FHW12115	46.750 	 0.506 	 341.399
FHW12115	46.875 	 0.506 	 341.401
FHW12115	47.000 	 0.506 	 341.400
FHW12115	47.125 	 0.506 	 341.400
FHW12115	47.250 	 0.506 	 341.400
FHW12115	47.375 	 0.506 	 341.400
FHW12115	47.500 	 0.506 	 341.400
FHW12115	47.625 	 0.506 	 341.400
FHW12115	47.750 	 0.506 	 341.400
FHW12115	47.875 	 0.506 	 341.400
FHW12115	48.000 	 0.506 	 341.400
FHW12115	48.125 	 0.506 	 341.400
FHW12115	48.250 	 0.506 	 341.400
FHW12115	48.375 	 0.506 	 341.400
FHW12115	48.500 	 0.506 	 341.400
FHW12115	48.625 	 0.506 	 341.400
FHW12115	48.750 	 0.506 	 341.400
FHW12115	48.875 	 0.506 	 341.400
FHW12115	49.000 	 0.506 	 341.400
FHW12115	49.125 	 0.506 	 341.400
FHW12115	49.250 	 0.506 	 341.401
FHW12115	49.375 	 0.506 	 341.399
FHW12115	49.500 	 0.506 	 341.401
FHW12115	49.625 	 0.506 	 341.399
FHW12115	49.750 	 0.506 	 341.401
FHW12115	49.875 	 0.506 	 341.399
FHW12115	50.000 	 0.506 	 341.401
FHW12115	50.125 	 0.506 	 341.399
FHW12115	50.250 	 0.506 	 341.401
FHW12115	50.375 	 0.506 	 341.399
FHW12115	50.500 	 0.506 	 341.401
FHW12115	50.625 	 0.506 	 341.400
FHW12115	50.750 	 0.506 	 341.400
FHW12115	50.875 	 0.506 	 341.400
FHW12115	51.000 	 0.506 	 341.400
FHW12115	51.125 	 0.506 	 341.400
FHW12115	51.250 	 0.506 	 341.400
FHW12115	51.375 	 0.506 	 341.400
FHW12115	51.500 	 0.506 	 341.400
FHW12115	51.625 	 0.506 	 341.400
FHW12115	51.750 	 0.506 	 341.400
FHW12115	51.875 	 0.506 	 341.400
FHW12115	52.000 	 0.506 	 341.400
FHW12115	52.125 	 0.506 	 341.400
FHW12115	52.250 	 0.506 	 341.400
FHW12115	52.375 	 0.506 	 341.400
FHW12115	52.500 	 0.506 	 341.400
FHW12115	52.625 	 0.506 	 341.400
FHW12115	52.750 	 0.506 	 341.400
FHW12115	52.875 	 0.506 	 341.400
FHW12115	53.000 	 0.506 	 341.400
FHW12115	53.125 	 0.506 	 341.400
FHW12115	53.250 	 0.506 	 341.400
FHW12115	53.375 	 0.506 	 341.400
FHW12115	53.500 	 0.506 	 341.400
FHW12115	53.625 	 0.506 	 341.400
FHW12115	53.750 	 0.506 	 341.400
FHW12115	53.875 	 0.506 	 341.400
FHW12115	54.000 	 0.506 	 341.400
FHW12115	54.125 	 0.506 	 341.400
FHW12115	54.250 	 0.506 	 341.401
FHW12115	54.375 	 0.506 	 341.399
FHW12115	54.500 	 0.506 	 341.401
FHW12115	54.625 	 0.506 	 341.400
FHW12115	54.750 	 0.506 	 341.400
FHW12115	54.875 	 0.506 	 341.400
FHW12115	55.000 	 0.506 	 341.400
FHW12115	55.125 	 0.506 	 341.400
FHW12115	55.250 	 0.506 	 341.400
FHW12115	55.375 	 0.506 	 341.400
FHW12115	55.500 	 0.506 	 341.400
FHW12115	55.625 	 0.506 	 341.400
FHW12115	55.750 	 0.506 	 341.400
FHW12115	55.875 	 0.506 	 341.400
FHW12115	56.000 	 0.506 	 341.400
FHW12115	56.125 	 0.506 	 341.400
FHW12115	56.250 	 0.506 	 341.400
FHW12115	56.375 	 0.506 	 341.400
FHW12115	56.500 	 0.506 	 341.400
FHW12115	56.625 	 0.506 	 341.400
FHW12115	56.750 	 0.506 	 341.400
FHW12115	56.875 	 0.506 	 341.400
FHW12115	57.000 	 0.506 	 341.400
FHW12115	57.125 	 0.506 	 341.400
FHW12115	57.250 	 0.506 	 341.400
FHW12115	57.375 	 0.506 	 341.400
FHW12115	57.500 	 0.506 	 341.400
FHW12115	57.625 	 0.506 	 341.400
FHW12115	57.750 	 0.506 	 341.400
FHW12115	57.875 	 0.506 	 341.401
FHW12115	58.000 	 0.506 	 341.399
FHW12115	58.125 	 0.506 	 341.401
FHW12115	58.250 	 0.506 	 341.399
FHW12115	58.375 	 0.506 	 341.401
FHW12115	58.500 	 0.506 	 341.399
FHW12115	58.625 	 0.506 	 341.401
FHW12115	58.750 	 0.506 	 341.399
FHW12115	58.875 	 0.506 	 341.401
FHW12115	59.000 	 0.506 	 341.399
FHW12115	59.125 	 0.506 	 341.401
FHW12115	59.250 	 0.506 	 341.399
FHW12115	59.375 	 0.506 	 341.401
FHW12115	59.500 	 0.506 	 341.399
FHW12115	59.625 	 0.506 	 341.401
FHW12115	59.750 	 0.506 	 341.399
FHW12115	59.875 	 0.506 	 341.400
FHW12115	60.000 	 0.506 	 341.400
FHW12115	60.125 	 0.506 	 341.400
FHW12115	60.250 	 0.506 	 341.399
FHW12115	60.375 	 0.506 	 341.401
FHW12115	60.500 	 0.506 	 341.399
FHW12115	60.625 	 0.506 	 341.400
FHW12115	60.750 	 0.506 	 341.399
FHW12115	60.875 	 0.506 	 341.401
FHW12115	61.000 	 0.506 	 341.399
FHW12115	61.125 	 0.506 	 341.400
FHW12115	61.250 	 0.506 	 341.399
FHW12115	61.375 	 0.506 	 341.401
FHW12115	61.500 	 0.506 	 341.400
FHW12115	61.625 	 0.506 	 341.399
FHW12115	61.750 	 0.506 	 341.400
FHW12115	61.875 	 0.506 	 341.400
FHW12115	62.000 	 0.506 	 341.400
FHW12115	62.125 	 0.506 	 341.399
FHW12115	62.250 	 0.506 	 341.400
FHW12115	62.375 	 0.506 	 341.400
FHW12115	62.500 	 0.506 	 341.400
FHW12115	62.625 	 0.506 	 341.399
FHW12115	62.750 	 1.089 	 319.062
FHW12115	62.875 	 1.115 	 318.650
FHW12115	63.000 	 1.115 	 318.650
FHW12115	63.125 	 1.115 	 318.649
FHW12115	63.250 	 1.115 	 318.650
FHW12115	63.375 	 1.115 	 318.650
FHW12115	63.500 	 1.115 	 318.649
FHW12115	63.625 	 1.115 	 318.650
FHW12115	63.750 	 1.115 	 318.650
FHW12115	63.875 	 1.115 	 318.650
FHW12115	64.000 	 1.115 	 318.649
FHW12115	64.125 	 1.115 	 318.650
FHW12115	64.250 	 1.115 	 318.650
FHW12115	64.375 	 1.115 	 318.650
FHW12115	64.500 	 1.115 	 318.649
FHW12115	64.625 	 1.115 	 318.650
FHW12115	64.750 	 1.115 	 318.650
FHW12115	64.875 	 1.115 	 318.649
FHW12115	65.000 	 1.115 	 318.650
FHW12115	65.125 	 1.115 	 318.650
FHW12115	65.250 	 1.115 	 318.650
FHW12115	65.375 	 1.115 	 318.650
FHW12115	65.500 	 1.115 	 318.650
FHW12115	65.625 	 1.115 	 318.650
FHW12115	65.750 	 1.115 	 318.650
FHW12115	65.875 	 1.115 	 318.649
FHW12115	66.000 	 1.115 	 318.650
FHW12115	66.125 	 1.115 	 318.650
FHW12115	66.250 	 1.115 	 318.649
FHW12115	66.375 	 1.115 	 318.650
FHW12115	66.500 	 1.115 	 318.650
FHW12115	66.625 	 1.115 	 318.650
FHW12115	66.750 	 1.115 	 318.649
FHW12115	66.875 	 1.115 	 318.650
FHW12115	67.000 	 1.115 	 318.650
FHW12115	67.125 	 1.115 	 318.650
FHW12115	67.250 	 1.115 	 318.650
FHW12115	67.375 	 1.115 	 318.650
FHW12115	67.500 	 1.115 	 318.650
FHW12115	67.625 	 1.115 	 318.650
FHW12115	67.750 	 1.115 	 318.649
FHW12115	67.875 	 1.115 	 318.650
FHW12115	68.000 	 1.115 	 318.650
FHW12115	68.125 	 1.115 	 318.650
FHW12115	68.250 	 1.115 	 318.650
FHW12115	68.375 	 1.115 	 318.650
FHW12115	68.500 	 1.115 	 318.650
FHW12115	68.625 	 1.115 	 318.650
FHW12115	68.750 	 1.115 	 318.650
FHW12115	68.875 	 1.115 	 318.650
FHW12115	69.000 	 1.115 	 318.650
FHW12115	69.125 	 1.115 	 318.649
FHW12115	69.250 	 1.115 	 318.650
FHW12115	69.375 	 1.115 	 318.650
FHW12115	69.500 	 1.115 	 318.649
FHW12115	69.625 	 1.115 	 318.650
FHW12115	69.750 	 1.115 	 318.650
FHW12115	69.875 	 1.115 	 318.650
FHW12115	70.000 	 1.115 	 318.650
FHW12115	70.125 	 1.115 	 318.650
FHW12115	70.250 	 1.115 	 318.650
FHW12115	70.375 	 1.115 	 318.650
FHW12115	70.500 	 1.115 	 318.649
FHW12115	70.625 	 1.115 	 318.650
FHW12115	70.750 	 1.115 	 318.650
FHW12115	70.875 	 1.115 	 318.649
FHW12115	71.000 	 1.115 	 318.650
FHW12115	71.125 	 1.115 	 318.650
FHW12115	71.250 	 1.115 	 318.650
FHW12115	71.375 	 1.115 	 318.650
FHW12115	71.500 	 1.115 	 318.650
FHW12115	71.625 	 1.115 	 318.650
FHW12115	71.750 	 1.115 	 318.650
FHW12115	71.875 	 1.115 	 318.650
FHW12115	72.000 	 1.108 	 323.247
FHW12115	72.125 	 1.134 	 337.700
FHW12115	72.250 	 1.134 	 337.700
FHW12115	72.375 	 1.134 	 337.701
FHW12115	72.500 	 1.134 	 337.699
FHW12115	72.625 	 1.134 	 337.701
FHW12115	72.750 	 1.134 	 337.699
FHW12115	72.875 	 1.134 	 337.701
FHW12115	73.000 	 1.134 	 337.699
FHW12115	73.125 	 1.134 	 337.701
FHW12115	73.250 	 1.134 	 337.699
FHW12115	73.375 	 1.134 	 337.701
FHW12115	73.500 	 1.134 	 337.700
FHW12115	73.625 	 1.134 	 337.700
FHW12115	73.750 	 1.134 	 337.700
FHW12115	73.875 	 1.134 	 337.699
FHW12115	74.000 	 1.134 	 337.701
FHW12115	74.125 	 1.134 	 337.699
FHW12115	74.250 	 1.134 	 337.701
FHW12115	74.375 	 1.134 	 337.700
FHW12115	74.500 	 1.134 	 337.700
FHW12115	74.625 	 1.134 	 337.700
FHW12115	74.750 	 1.134 	 337.700
FHW12115	74.875 	 1.134 	 337.700
FHW12115	75.000 	 1.134 	 337.700
FHW12115	75.125 	 1.134 	 337.700
FHW12115	75.250 	 1.134 	 337.700
FHW12115	75.375 	 1.134 	 337.700
FHW12115	75.500 	 1.134 	 337.701
FHW12115	75.625 	 1.134 	 337.699
FHW12115	75.750 	 1.134 	 337.701
FHW12115	75.875 	 1.134 	 337.699
FHW12115	76.000 	 1.134 	 337.701
FHW12115	76.125 	 1.134 	 337.699
FHW12115	76.250 	 1.134 	 337.701
FHW12115	76.375 	 1.134 	 337.700
FHW12115	76.500 	 1.134 	 337.700
FHW12115	76.625 	 1.134 	 337.700
FHW12115	76.750 	 1.134 	 337.699
FHW12115	76.875 	 1.134 	 337.701
FHW12115	77.000 	 1.134 	 337.699
FHW12115	77.125 	 1.134 	 337.701
FHW12115	77.250 	 1.134 	 337.699
FHW12115	77.375 	 1.134 	 337.701
FHW12115	77.500 	 1.134 	 337.700
FHW12115	77.625 	 1.134 	 337.700
FHW12115	77.750 	 1.134 	 337.700
FHW12115	77.875 	 1.134 	 337.700
FHW12115	78.000 	 1.134 	 337.700
FHW12115	78.125 	 1.134 	 337.700
FHW12115	78.250 	 1.134 	 337.700
FHW12115	78.375 	 1.134 	 337.700
FHW12115	78.500 	 1.134 	 337.700
FHW12115	78.625 	 1.134 	 337.701
FHW12115	78.750 	 1.134 	 337.699
FHW12115	78.875 	 1.134 	 337.701
FHW12115	79.000 	 1.134 	 337.699
FHW12115	79.125 	 1.134 	 337.701
FHW12115	79.250 	 1.134 	 337.699
FHW12115	79.375 	 1.134 	 337.701
FHW12115	79.500 	 1.134 	 337.700
FHW12115	79.625 	 1.134 	 337.699
FHW12115	79.750 	 1.134 	 337.701
FHW12115	79.875 	 1.134 	 337.699
FHW12115	80.000 	 1.134 	 337.701
FHW12115	80.125 	 1.134 	 337.699
FHW12115	80.250 	 1.134 	 337.701
FHW12115	80.375 	 1.134 	 337.699
FHW12115	80.500 	 1.134 	 337.701
FHW12115	80.625 	 1.134 	 337.700
FHW12115	80.750 	 1.134 	 337.700
FHW12115	80.875 	 1.134 	 337.700
FHW12115	81.000 	 1.134 	 337.700
FHW12115	81.125 	 1.134 	 337.700
FHW12115	81.250 	 1.134 	 337.700
FHW12115	81.375 	 1.135 	 341.478
FHW12115	81.500 	 1.283 	 6.750
FHW12115	81.625 	 1.283 	 6.750
FHW12115	81.750 	 1.283 	 6.750
FHW12115	81.875 	 1.283 	 6.750
FHW12115	82.000 	 1.283 	 6.750
FHW12115	82.125 	 1.284 	 6.750
FHW12115	82.250 	 1.283 	 6.750
FHW12115	82.375 	 1.283 	 6.750
FHW12115	82.500 	 1.283 	 6.750
FHW12115	82.625 	 1.283 	 6.750
FHW12115	82.750 	 1.284 	 6.750
FHW12115	82.875 	 1.283 	 6.750
FHW12115	83.000 	 1.283 	 6.751
FHW12115	83.125 	 1.283 	 6.750
FHW12115	83.250 	 1.283 	 6.750
FHW12115	83.375 	 1.284 	 6.750
FHW12115	83.500 	 1.283 	 6.750
FHW12115	83.625 	 1.283 	 6.750
FHW12115	83.750 	 1.283 	 6.750
FHW12115	83.875 	 1.283 	 6.751
FHW12115	84.000 	 1.283 	 6.750
FHW12115	84.125 	 1.284 	 6.750
FHW12115	84.250 	 1.283 	 6.750
FHW12115	84.375 	 1.283 	 6.750
FHW12115	84.500 	 1.283 	 6.750
FHW12115	84.625 	 1.283 	 6.750
FHW12115	84.750 	 1.284 	 6.750
FHW12115	84.875 	 1.283 	 6.750
FHW12115	85.000 	 1.283 	 6.750
FHW12115	85.125 	 2.079 	 24.465
FHW12115	85.250 	 2.079 	 24.465
FHW12115	85.375 	 2.079 	 24.465
FHW12115	85.500 	 2.079 	 24.465
FHW12115	85.625 	 2.079 	 24.465
FHW12115	85.750 	 2.079 	 24.465
FHW12115	85.875 	 2.079 	 24.465
FHW12115	86.000 	 2.079 	 24.465
FHW12115	86.125 	 2.079 	 24.465
FHW12115	86.250 	 2.079 	 24.465
FHW12115	86.375 	 2.079 	 24.465
FHW12115	86.500 	 2.079 	 24.465
FHW12115	86.625 	 2.079 	 24.465
FHW12115	86.750 	 2.079 	 24.465
FHW12115	86.875 	 2.079 	 24.465
FHW12115	87.000 	 2.079 	 24.465
FHW12115	87.125 	 2.079 	 24.465
FHW12115	87.250 	 2.079 	 24.465
FHW12115	87.375 	 2.079 	 24.465
FHW12115	87.500 	 2.079 	 24.465
FHW12115	87.625 	 2.079 	 24.465
FHW12115	87.750 	 2.079 	 24.465
FHW12115	87.875 	 2.079 	 24.465
FHW12115	88.000 	 2.079 	 24.465
FHW12115	88.125 	 2.079 	 24.465
FHW12115	88.250 	 2.079 	 24.465
FHW12115	88.375 	 2.079 	 24.465
FHW12115	88.500 	 2.079 	 24.465
FHW12115	88.625 	 2.079 	 24.465
FHW12115	88.750 	 2.079 	 24.465
FHW12115	88.875 	 2.079 	 24.466
FHW12115	89.000 	 2.079 	 24.465
FHW12115	89.125 	 2.079 	 24.465
FHW12115	89.250 	 2.079 	 24.465
FHW12115	89.375 	 2.079 	 24.465
FHW12115	89.500 	 2.079 	 24.465
FHW12115	89.625 	 2.079 	 24.465
FHW12115	89.750 	 2.079 	 24.466
FHW12115	89.875 	 2.079 	 24.465
FHW12115	90.000 	 2.079 	 24.465
FHW12115	90.125 	 2.079 	 24.465
FHW12115	90.250 	 2.079 	 24.465
FHW12115	90.375 	 2.079 	 24.465
FHW12115	90.500 	 2.079 	 24.465
FHW12115	90.625 	 2.079 	 24.466
FHW12115	90.750 	 2.079 	 24.465
FHW12115	90.875 	 4.001 	 38.835
FHW12115	91.000 	 4.001 	 38.835
FHW12115	91.125 	 4.001 	 38.835
FHW12115	91.250 	 4.001 	 38.835
FHW12115	91.375 	 4.001 	 38.835
FHW12115	91.500 	 4.001 	 38.835
FHW12115	91.625 	 4.001 	 38.835
FHW12115	91.750 	 4.001 	 38.835
FHW12115	91.875 	 4.001 	 38.835
FHW12115	92.000 	 4.001 	 38.835
FHW12115	92.125 	 4.001 	 38.835
FHW12115	92.250 	 4.001 	 38.835
FHW12115	92.375 	 4.001 	 38.835
FHW12115	92.500 	 4.001 	 38.835
FHW12115	92.625 	 4.001 	 38.835
FHW12115	92.750 	 4.001 	 38.835
FHW12115	92.875 	 4.001 	 38.835
FHW12115	93.000 	 4.001 	 38.835
FHW12115	93.125 	 4.001 	 38.835
FHW12115	93.250 	 4.001 	 38.835
FHW12115	93.375 	 4.001 	 38.835
FHW12115	93.500 	 4.001 	 38.835
FHW12115	93.625 	 4.001 	 38.835
FHW12115	93.750 	 4.001 	 38.835
FHW12115	93.875 	 4.001 	 38.835
FHW12115	94.000 	 4.001 	 38.835
FHW12115	94.125 	 4.001 	 38.835
FHW12115	94.250 	 4.001 	 38.835
FHW12115	94.375 	 4.001 	 38.835
FHW12115	94.500 	 4.001 	 38.835
FHW12115	94.625 	 4.001 	 38.835
FHW12115	94.750 	 4.001 	 38.835
FHW12115	94.875 	 4.001 	 38.835
FHW12115	95.000 	 4.001 	 38.835
FHW12115	95.125 	 4.001 	 38.835
FHW12115	95.250 	 4.001 	 38.835
FHW12115	95.375 	 4.001 	 38.835
FHW12115	95.500 	 4.001 	 38.835
FHW12115	95.625 	 4.001 	 38.835
FHW12115	95.750 	 4.001 	 38.835
FHW12115	95.875 	 4.001 	 38.835
FHW12115	96.000 	 4.001 	 38.835
FHW12115	96.125 	 4.001 	 38.835
FHW12115	96.250 	 4.001 	 38.835
FHW12115	96.375 	 4.001 	 38.835
FHW12115	96.500 	 4.001 	 38.835
FHW12115	96.625 	 4.001 	 38.835
FHW12115	96.750 	 4.001 	 38.835
FHW12115	96.875 	 4.001 	 38.835
FHW12115	97.000 	 4.001 	 38.835
FHW12115	97.125 	 4.001 	 38.835
FHW12115	97.250 	 4.001 	 38.835
FHW12115	97.375 	 4.001 	 38.835
FHW12115	97.500 	 4.001 	 38.835
FHW12115	97.625 	 4.001 	 38.835
FHW12115	97.750 	 4.001 	 38.835
FHW12115	97.875 	 4.001 	 38.835
FHW12115	98.000 	 4.001 	 38.835
FHW12115	98.125 	 4.001 	 38.835
FHW12115	98.250 	 4.001 	 38.835
FHW12115	98.375 	 4.001 	 38.835
FHW12115	98.500 	 4.001 	 38.835
FHW12115	98.625 	 4.001 	 38.835
FHW12115	98.750 	 4.001 	 38.835
FHW12115	98.875 	 4.001 	 38.835
FHW12115	99.000 	 4.001 	 38.835
FHW12115	99.125 	 4.001 	 38.835
FHW12115	99.250 	 4.001 	 38.835
FHW12115	99.375 	 4.001 	 38.835
FHW12115	99.500 	 4.001 	 38.835
FHW12115	99.625 	 4.001 	 38.835
FHW12115	99.750 	 4.001 	 38.835
FHW12115	99.875 	 4.001 	 38.835
FHW12115	100.000 	 4.001 	 38.835
FHW12115	100.125 	 6.089 	 50.276
FHW12115	100.250 	 6.503 	 51.610
FHW12115	100.375 	 6.503 	 51.610
FHW12115	100.500 	 6.503 	 51.610
FHW12115	100.625 	 6.503 	 51.610
FHW12115	100.750 	 6.503 	 51.610
FHW12115	100.875 	 6.503 	 51.610
FHW12115	101.000 	 6.503 	 51.610
FHW12115	101.125 	 6.503 	 51.610
FHW12115	101.250 	 6.503 	 51.610
FHW12115	101.375 	 6.503 	 51.610
FHW12115	101.500 	 6.503 	 51.610
FHW12115	101.625 	 6.503 	 51.610
FHW12115	101.750 	 6.503 	 51.610
FHW12115	101.875 	 6.503 	 51.610
FHW12115	102.000 	 6.503 	 51.610
FHW12115	102.125 	 6.503 	 51.610
FHW12115	102.250 	 6.503 	 51.610
FHW12115	102.375 	 6.503 	 51.610
FHW12115	102.500 	 6.503 	 51.610
FHW12115	102.625 	 6.503 	 51.610
FHW12115	102.750 	 6.503 	 51.610
FHW12115	102.875 	 6.503 	 51.610
FHW12115	103.000 	 6.503 	 51.610
FHW12115	103.125 	 6.503 	 51.610
FHW12115	103.250 	 6.503 	 51.610
FHW12115	103.375 	 6.503 	 51.610
FHW12115	103.500 	 6.503 	 51.610
FHW12115	103.625 	 6.503 	 51.610
FHW12115	103.750 	 6.503 	 51.610
FHW12115	103.875 	 6.503 	 51.610
FHW12115	104.000 	 6.503 	 51.610
FHW12115	104.125 	 6.503 	 51.610
FHW12115	104.250 	 6.503 	 51.610
FHW12115	104.375 	 6.503 	 51.610
FHW12115	104.500 	 6.503 	 51.610
FHW12115	104.625 	 6.503 	 51.610
FHW12115	104.750 	 6.503 	 51.610
FHW12115	104.875 	 6.503 	 51.610
FHW12115	105.000 	 6.503 	 51.610
FHW12115	105.125 	 6.503 	 51.610
FHW12115	105.250 	 6.503 	 51.610
FHW12115	105.375 	 6.503 	 51.610
FHW12115	105.500 	 6.503 	 51.610
FHW12115	105.625 	 6.503 	 51.610
FHW12115	105.750 	 6.503 	 51.610
FHW12115	105.875 	 6.503 	 51.610
FHW12115	106.000 	 6.503 	 51.610
FHW12115	106.125 	 6.503 	 51.610
FHW12115	106.250 	 6.503 	 51.610
FHW12115	106.375 	 6.503 	 51.610
FHW12115	106.500 	 6.503 	 51.610
FHW12115	106.625 	 6.503 	 51.610
FHW12115	106.750 	 6.503 	 51.610
FHW12115	106.875 	 6.503 	 51.610
FHW12115	107.000 	 6.503 	 51.610
FHW12115	107.125 	 6.503 	 51.610
FHW12115	107.250 	 6.503 	 51.610
FHW12115	107.375 	 6.503 	 51.610
FHW12115	107.500 	 6.503 	 51.610
FHW12115	107.625 	 6.503 	 51.610
FHW12115	107.750 	 6.503 	 51.610
FHW12115	107.875 	 6.503 	 51.610
FHW12115	108.000 	 6.503 	 51.610
FHW12115	108.125 	 6.503 	 51.610
FHW12115	108.250 	 6.503 	 51.610
FHW12115	108.375 	 6.503 	 51.610
FHW12115	108.500 	 6.503 	 51.610
FHW12115	108.625 	 6.503 	 51.610
FHW12115	108.750 	 6.503 	 51.610
FHW12115	108.875 	 6.503 	 51.610
FHW12115	109.000 	 6.503 	 51.610
FHW12115	109.125 	 6.503 	 51.610
FHW12115	109.250 	 6.503 	 51.610
FHW12115	109.375 	 6.775 	 53.296
FHW12115	109.500 	 8.905 	 62.380
FHW12115	109.625 	 8.905 	 62.380
FHW12115	109.750 	 8.905 	 62.380
FHW12115	109.875 	 8.905 	 62.380
FHW12115	110.000 	 8.905 	 62.380
FHW12115	110.125 	 8.905 	 62.380
FHW12115	110.250 	 8.906 	 62.379
FHW12115	110.375 	 8.905 	 62.380
FHW12115	110.500 	 8.905 	 62.380
FHW12115	110.625 	 8.905 	 62.380
FHW12115	110.750 	 8.905 	 62.380
FHW12115	110.875 	 8.905 	 62.380
FHW12115	111.000 	 8.905 	 62.380
FHW12115	111.125 	 8.905 	 62.380
FHW12115	111.250 	 8.905 	 62.380
FHW12115	111.375 	 8.905 	 62.380
FHW12115	111.500 	 8.906 	 62.380
FHW12115	111.625 	 8.905 	 62.380
FHW12115	111.750 	 8.905 	 62.380
FHW12115	111.875 	 8.905 	 62.380
FHW12115	112.000 	 8.905 	 62.380
FHW12115	112.125 	 8.905 	 62.380
FHW12115	112.250 	 8.905 	 62.380
FHW12115	112.375 	 8.905 	 62.380
FHW12115	112.500 	 8.905 	 62.380
FHW12115	112.625 	 8.905 	 62.380
FHW12115	112.750 	 8.906 	 62.380
FHW12115	112.875 	 8.905 	 62.380
FHW12115	113.000 	 8.905 	 62.380
FHW12115	113.125 	 8.905 	 62.380
FHW12115	113.250 	 8.905 	 62.379
FHW12115	113.375 	 8.905 	 62.380
FHW12115	113.500 	 8.905 	 62.380
FHW12115	113.625 	 8.905 	 62.380
FHW12115	113.750 	 8.905 	 62.380
FHW12115	113.875 	 8.905 	 62.380
FHW12115	114.000 	 8.906 	 62.380
FHW12115	114.125 	 8.905 	 62.380
FHW12115	114.250 	 8.905 	 62.380
FHW12115	114.375 	 8.905 	 62.380
FHW12115	114.500 	 8.905 	 62.380
FHW12115	114.625 	 8.905 	 62.380
FHW12115	114.750 	 8.905 	 62.380
FHW12115	114.875 	 8.905 	 62.380
FHW12115	115.000 	 8.905 	 62.380
FHW12115	115.125 	 8.905 	 62.379
FHW12115	115.250 	 8.906 	 62.380
FHW12115	115.375 	 8.905 	 62.380
FHW12115	115.500 	 8.905 	 62.380
FHW12115	115.625 	 8.905 	 62.380
FHW12115	115.750 	 8.905 	 62.380
FHW12115	115.875 	 8.905 	 62.380
FHW12115	116.000 	 8.905 	 62.380
FHW12115	116.125 	 8.905 	 62.379
FHW12115	116.250 	 8.905 	 62.380
FHW12115	116.375 	 8.905 	 62.380
FHW12115	116.500 	 8.906 	 62.380
FHW12115	116.625 	 8.905 	 62.380
FHW12115	116.750 	 8.905 	 62.380
FHW12115	116.875 	 8.905 	 62.380
FHW12115	117.000 	 8.905 	 62.379
FHW12115	117.125 	 8.905 	 62.380
FHW12115	117.250 	 8.905 	 62.380
FHW12115	117.375 	 8.905 	 62.380
FHW12115	117.500 	 8.905 	 62.380
FHW12115	117.625 	 8.905 	 62.380
FHW12115	117.750 	 8.905 	 62.380
FHW12115	117.875 	 8.906 	 62.380
FHW12115	118.000 	 8.905 	 62.379
FHW12115	118.125 	 8.905 	 62.380
FHW12115	118.250 	 8.905 	 62.380
FHW12115	118.375 	 8.905 	 62.380
FHW12115	118.500 	 8.905 	 62.380
FHW12115	118.625 	 8.905 	 62.380
FHW12115	118.750 	 8.905 	 62.380
FHW12115	118.875 	 10.692 	 67.213
FHW12115	119.000 	 11.553 	 68.970
FHW12115	119.125 	 11.552 	 68.970
FHW12115	119.250 	 11.553 	 68.971
FHW12115	119.375 	 11.553 	 68.970
FHW12115	119.500 	 11.553 	 68.970
FHW12115	119.625 	 11.552 	 68.970
FHW12115	119.750 	 11.553 	 68.970
FHW12115	119.875 	 11.553 	 68.970
FHW12115	120.000 	 11.553 	 68.971
FHW12115	120.125 	 11.552 	 68.970
FHW12115	120.250 	 11.553 	 68.970
FHW12115	120.375 	 11.553 	 68.970
FHW12115	120.500 	 11.553 	 68.970
FHW12115	120.625 	 11.553 	 68.970
FHW12115	120.750 	 11.552 	 68.970
FHW12115	120.875 	 11.553 	 68.970
FHW12115	121.000 	 11.553 	 68.970
FHW12115	121.125 	 11.553 	 68.970
FHW12115	121.250 	 11.552 	 68.970
FHW12115	121.375 	 11.553 	 68.970
FHW12115	121.500 	 11.553 	 68.970
FHW12115	121.625 	 11.553 	 68.970
FHW12115	121.750 	 11.552 	 68.970
FHW12115	121.875 	 11.553 	 68.970
FHW12115	122.000 	 11.553 	 68.970
FHW12115	122.125 	 11.553 	 68.971
FHW12115	122.250 	 11.552 	 68.970
FHW12115	122.375 	 11.553 	 68.970
FHW12115	122.500 	 11.553 	 68.970
FHW12115	122.625 	 11.553 	 68.970
FHW12115	122.750 	 11.552 	 68.970
FHW12115	122.875 	 11.553 	 68.970
FHW12115	123.000 	 11.553 	 68.970
FHW12115	123.125 	 11.553 	 68.970
FHW12115	123.250 	 11.552 	 68.970
FHW12115	123.375 	 11.553 	 68.970
FHW12115	123.500 	 11.553 	 68.970
FHW12115	123.625 	 11.553 	 68.970
FHW12115	123.750 	 11.552 	 68.970
FHW12115	123.875 	 11.553 	 68.970
FHW12115	124.000 	 11.553 	 68.970
FHW12115	124.125 	 11.553 	 68.971
FHW12115	124.250 	 11.552 	 68.970
FHW12115	124.375 	 11.553 	 68.970
FHW12115	124.500 	 11.553 	 68.970
FHW12115	124.625 	 11.553 	 68.970
FHW12115	124.750 	 11.552 	 68.970
FHW12115	124.875 	 11.553 	 68.971
FHW12115	125.000 	 11.553 	 68.970
FHW12115	125.125 	 11.553 	 68.970
FHW12115	125.250 	 11.552 	 68.970
FHW12115	125.375 	 11.553 	 68.970
FHW12115	125.500 	 11.553 	 68.970
FHW12115	125.625 	 11.553 	 68.970
FHW12115	125.750 	 11.552 	 68.970
FHW12115	125.875 	 11.553 	 68.970
FHW12115	126.000 	 11.553 	 68.970
FHW12115	126.125 	 11.553 	 68.970
FHW12115	126.250 	 11.552 	 68.970
FHW12115	126.375 	 11.553 	 68.970
FHW12115	126.500 	 11.553 	 68.970
FHW12115	126.625 	 11.553 	 68.970
FHW12115	126.750 	 11.552 	 68.970
FHW12115	126.875 	 11.553 	 68.970
FHW12115	127.000 	 11.553 	 68.971
FHW12115	127.125 	 11.553 	 68.970
FHW12115	127.250 	 11.552 	 68.970
FHW12115	127.375 	 11.553 	 68.970
FHW12115	127.500 	 11.553 	 68.970
FHW12115	127.625 	 11.553 	 68.970
FHW12115	127.750 	 11.552 	 68.970
FHW12115	127.875 	 11.553 	 68.970
FHW12115	128.000 	 11.553 	 68.970
FHW12115	128.125 	 11.553 	 68.970
FHW12115	128.250 	 12.780 	 70.160
FHW12115	128.375 	 14.630 	 71.575
FHW12115	128.500 	 14.629 	 71.575
FHW12115	128.625 	 14.630 	 71.575
FHW12115	128.750 	 14.629 	 71.575
FHW12115	128.875 	 14.630 	 71.575
FHW12115	129.000 	 14.630 	 71.575
FHW12115	129.125 	 14.629 	 71.575
FHW12115	129.250 	 14.630 	 71.575
FHW12115	129.375 	 14.630 	 71.575
FHW12115	129.500 	 14.628 	 71.575
FHW12115	129.625 	 14.630 	 71.575
FHW12115	129.750 	 14.630 	 71.575
FHW12115	129.875 	 14.628 	 71.575
FHW12115	130.000 	 14.630 	 71.575
FHW12115	130.125 	 14.630 	 71.575
FHW12115	130.250 	 14.628 	 71.575
FHW12115	130.375 	 14.630 	 71.575
FHW12115	130.500 	 14.630 	 71.575
FHW12115	130.625 	 14.630 	 71.575
FHW12115	130.750 	 14.628 	 71.575
FHW12115	130.875 	 14.630 	 71.575
FHW12115	131.000 	 14.630 	 71.575
FHW12115	131.125 	 14.628 	 71.575
FHW12115	131.250 	 14.630 	 71.575
FHW12115	131.375 	 14.630 	 71.575
FHW12115	131.500 	 14.628 	 71.575
FHW12115	131.625 	 14.630 	 71.575
FHW12115	131.750 	 14.630 	 71.575
FHW12115	131.875 	 14.628 	 71.575
FHW12115	132.000 	 14.630 	 71.575
FHW12115	132.125 	 14.630 	 71.575
FHW12115	132.250 	 14.628 	 71.575
FHW12115	132.375 	 14.630 	 71.575
FHW12115	132.500 	 14.630 	 71.575
FHW12115	132.625 	 14.629 	 71.575
FHW12115	132.750 	 14.630 	 71.575
FHW12115	132.875 	 14.630 	 71.575
FHW12115	133.000 	 14.629 	 71.575
FHW12115	133.125 	 14.630 	 71.575
FHW12115	133.250 	 14.630 	 71.575
FHW12115	133.375 	 14.629 	 71.576
FHW12115	133.500 	 14.630 	 71.575
FHW12115	133.625 	 14.630 	 71.575
FHW12115	133.750 	 14.628 	 71.575
FHW12115	133.875 	 14.630 	 71.575
FHW12115	134.000 	 14.630 	 71.575
FHW12115	134.125 	 14.628 	 71.575
FHW12115	134.250 	 14.630 	 71.575
FHW12115	134.375 	 14.630 	 71.575
FHW12115	134.500 	 14.628 	 71.575
FHW12115	134.625 	 14.630 	 71.575
FHW12115	134.750 	 14.630 	 71.575
FHW12115	134.875 	 14.628 	 71.575
FHW12115	135.000 	 14.630 	 71.575
FHW12115	135.125 	 14.630 	 71.576
FHW12115	135.250 	 14.630 	 71.575
FHW12115	135.375 	 14.628 	 71.575
FHW12115	135.500 	 14.630 	 71.576
FHW12115	135.625 	 14.630 	 71.575
FHW12115	135.750 	 14.628 	 71.575
FHW12115	135.875 	 14.630 	 71.575
FHW12115	136.000 	 14.630 	 71.575
FHW12115	136.125 	 14.628 	 71.575
FHW12115	136.250 	 14.630 	 71.575
FHW12115	136.375 	 14.630 	 71.575
FHW12115	136.500 	 14.628 	 71.575
FHW12115	136.625 	 14.630 	 71.575
FHW12115	136.750 	 14.630 	 71.575
FHW12115	136.875 	 14.628 	 71.575
FHW12115	137.000 	 14.630 	 71.575
FHW12115	137.125 	 14.630 	 71.575
FHW12115	137.250 	 14.629 	 71.576
FHW12115	137.375 	 14.630 	 71.575
FHW12115	137.500 	 15.159 	 71.616
FHW12115	137.625 	 17.934 	 71.790
FHW12115	137.750 	 17.934 	 71.790
FHW12115	137.875 	 17.934 	 71.790
FHW12115	138.000 	 17.937 	 71.790
FHW12115	138.125 	 17.934 	 71.790
FHW12115	138.250 	 17.934 	 71.790
FHW12115	138.375 	 17.934 	 71.790
FHW12115	138.500 	 17.934 	 71.790
FHW12115	138.625 	 17.937 	 71.790
FHW12115	138.750 	 17.934 	 71.790
FHW12115	138.875 	 17.934 	 71.790
FHW12115	139.000 	 17.934 	 71.790
FHW12115	139.125 	 17.934 	 71.790
FHW12115	139.250 	 17.937 	 71.790
FHW12115	139.375 	 17.934 	 71.790
FHW12115	139.500 	 17.934 	 71.790
FHW12115	139.625 	 17.934 	 71.790
FHW12115	139.750 	 17.934 	 71.790
FHW12115	139.875 	 17.934 	 71.790
FHW12115	140.000 	 17.937 	 71.790
FHW12115	140.125 	 17.934 	 71.790
FHW12115	140.250 	 17.934 	 71.790
FHW12115	140.375 	 17.934 	 71.790
FHW12115	140.500 	 17.934 	 71.790
FHW12115	140.625 	 17.937 	 71.790
FHW12115	140.750 	 17.934 	 71.790
FHW12115	140.875 	 17.934 	 71.790
FHW12115	141.000 	 17.934 	 71.790
FHW12115	141.125 	 17.934 	 71.790
FHW12115	141.250 	 17.937 	 71.790
FHW12115	141.375 	 17.934 	 71.790
FHW12115	141.500 	 17.934 	 71.790
FHW12115	141.625 	 17.934 	 71.790
FHW12115	141.750 	 17.934 	 71.790
FHW12115	141.875 	 17.934 	 71.790
FHW12115	142.000 	 17.937 	 71.790
FHW12115	142.125 	 17.934 	 71.790
FHW12115	142.250 	 17.934 	 71.790
FHW12115	142.375 	 17.934 	 71.790
FHW12115	142.500 	 17.934 	 71.790
FHW12115	142.625 	 17.936 	 71.790
FHW12115	142.750 	 17.935 	 71.790
FHW12115	142.875 	 17.934 	 71.790
FHW12115	143.000 	 17.935 	 71.790
FHW12115	143.125 	 17.934 	 71.790
FHW12115	143.250 	 17.937 	 71.790
FHW12115	143.375 	 17.934 	 71.790
FHW12115	143.500 	 17.935 	 71.790
FHW12115	143.625 	 17.934 	 71.790
FHW12115	143.750 	 17.934 	 71.789
FHW12115	143.875 	 17.934 	 71.790
FHW12115	144.000 	 17.937 	 71.790
FHW12115	144.125 	 17.934 	 71.790
FHW12115	144.250 	 17.934 	 71.789
FHW12115	144.375 	 17.934 	 71.790
FHW12115	144.500 	 17.935 	 71.790
FHW12115	144.625 	 17.937 	 71.790
FHW12115	144.750 	 17.934 	 71.789
FHW12115	144.875 	 17.934 	 71.790
FHW12115	145.000 	 17.935 	 71.790
FHW12115	145.125 	 17.934 	 71.790
FHW12115	145.250 	 17.936 	 71.789
FHW12115	145.375 	 17.934 	 71.790
FHW12115	145.500 	 17.935 	 71.790
FHW12115	145.625 	 17.934 	 71.790
FHW12115	145.750 	 17.934 	 71.789
FHW12115	145.875 	 17.937 	 71.790
FHW12115	146.000 	 17.935 	 71.790
FHW12115	146.125 	 17.934 	 71.790
FHW12115	146.250 	 17.934 	 71.789
FHW12115	146.375 	 17.934 	 71.790
FHW12115	146.500 	 17.935 	 71.790
FHW12115	146.625 	 17.937 	 71.790
FHW12115	146.750 	 17.934 	 71.789
FHW12115	146.875 	 17.934 	 71.790
FHW12115	147.000 	 21.129 	 70.279
FHW12115	147.125 	 21.264 	 70.225
FHW12115	147.250 	 21.264 	 70.225
FHW12115	147.375 	 21.264 	 70.225
FHW12115	147.500 	 21.265 	 70.225
FHW12115	147.625 	 21.264 	 70.225
FHW12115	147.750 	 21.262 	 70.225
FHW12115	147.875 	 21.264 	 70.225
FHW12115	148.000 	 21.264 	 70.225
FHW12115	148.125 	 21.264 	 70.225
FHW12115	148.250 	 21.264 	 70.225
FHW12115	148.375 	 21.264 	 70.225
FHW12115	148.500 	 21.262 	 70.225
FHW12115	148.625 	 21.264 	 70.226
FHW12115	148.750 	 21.264 	 70.225
FHW12115	148.875 	 21.264 	 70.225
FHW12115	149.000 	 21.264 	 70.225
FHW12115	149.125 	 21.264 	 70.225
FHW12115	149.250 	 21.262 	 70.225
FHW12115	149.375 	 21.264 	 70.225
FHW12115	149.500 	 21.265 	 70.225
FHW12115	149.625 	 21.264 	 70.225
FHW12115	149.750 	 21.264 	 70.225
FHW12115	149.875 	 21.264 	 70.225
FHW12115	150.000 	 21.262 	 70.225
FHW12115	150.125 	 21.264 	 70.225
FHW12115	150.250 	 21.264 	 70.225
FHW12115	150.375 	 21.264 	 70.225
FHW12115	150.500 	 21.264 	 70.225
FHW12115	150.625 	 21.264 	 70.226
FHW12115	150.750 	 21.262 	 70.225
FHW12115	150.875 	 21.264 	 70.225
FHW12115	151.000 	 21.264 	 70.225
FHW12115	151.125 	 21.264 	 70.225
FHW12115	151.250 	 21.264 	 70.225
FHW12115	151.375 	 21.264 	 70.225
FHW12115	151.500 	 21.265 	 70.225
FHW12115	151.625 	 21.262 	 70.225
FHW12115	151.750 	 21.264 	 70.225
FHW12115	151.875 	 21.264 	 70.225
FHW12115	152.000 	 21.264 	 70.225
FHW12115	152.125 	 21.264 	 70.225
FHW12115	152.250 	 21.264 	 70.225
FHW12115	152.375 	 21.262 	 70.225
FHW12115	152.500 	 21.264 	 70.226
FHW12115	152.625 	 21.264 	 70.225
FHW12115	152.750 	 21.264 	 70.225
FHW12115	152.875 	 21.264 	 70.225
FHW12115	153.000 	 21.264 	 70.225
FHW12115	153.125 	 21.262 	 70.225
FHW12115	153.250 	 21.264 	 70.225
FHW12115	153.375 	 21.264 	 70.225
FHW12115	153.500 	 21.264 	 70.225
FHW12115	153.625 	 21.265 	 70.225
FHW12115	153.750 	 21.264 	 70.225
FHW12115	153.875 	 21.262 	 70.225
FHW12115	154.000 	 21.264 	 70.225
FHW12115	154.125 	 21.264 	 70.225
FHW12115	154.250 	 21.264 	 70.225
FHW12115	154.375 	 21.264 	 70.225
FHW12115	154.500 	 21.264 	 70.226
FHW12115	154.625 	 21.262 	 70.225
FHW12115	154.750 	 21.264 	 70.225
FHW12115	154.875 	 21.264 	 70.225
FHW12115	155.000 	 21.264 	 70.225
FHW12115	155.125 	 21.264 	 70.225
FHW12115	155.250 	 21.264 	 70.225
FHW12115	155.375 	 21.262 	 70.225
FHW12115	155.500 	 21.264 	 70.225
FHW12115	155.625 	 21.265 	 70.225
FHW12115	155.750 	 21.264 	 70.225
FHW12115	155.875 	 21.264 	 70.225
FHW12115	156.000 	 21.264 	 70.225
FHW12115	156.125 	 21.402 	 70.104
FHW12115	156.250 	 24.779 	 67.585
FHW12115	156.375 	 24.776 	 67.585
FHW12115	156.500 	 24.779 	 67.585
FHW12115	156.625 	 24.779 	 67.585
FHW12115	156.750 	 24.776 	 67.585
FHW12115	156.875 	 24.779 	 67.585
FHW12115	157.000 	 24.776 	 67.585
FHW12115	157.125 	 24.779 	 67.585
FHW12115	157.250 	 24.779 	 67.585
FHW12115	157.375 	 24.776 	 67.585
FHW12115	157.500 	 24.779 	 67.585
FHW12115	157.625 	 24.776 	 67.585
FHW12115	157.750 	 24.779 	 67.585
FHW12115	157.875 	 24.779 	 67.585
FHW12115	158.000 	 24.776 	 67.585
FHW12115	158.125 	 24.779 	 67.585
FHW12115	158.250 	 24.776 	 67.585
FHW12115	158.375 	 24.779 	 67.585
FHW12115	158.500 	 24.779 	 67.585
FHW12115	158.625 	 24.776 	 67.585
FHW12115	158.750 	 24.778 	 67.585
FHW12115	158.875 	 24.776 	 67.585
FHW12115	159.000 	 24.779 	 67.585
FHW12115	159.125 	 24.779 	 67.585
FHW12115	159.250 	 24.776 	 67.585
FHW12115	159.375 	 24.779 	 67.585
FHW12115	159.500 	 24.776 	 67.585
FHW12115	159.625 	 24.779 	 67.585
FHW12115	159.750 	 24.776 	 67.585
FHW12115	159.875 	 24.779 	 67.585
FHW12115	160.000 	 24.779 	 67.585
FHW12115	160.125 	 24.776 	 67.585
FHW12115	160.250 	 24.779 	 67.585
FHW12115	160.375 	 24.776 	 67.585
FHW12115	160.500 	 24.779 	 67.586
FHW12115	160.625 	 24.779 	 67.585
FHW12115	160.750 	 24.776 	 67.585
FHW12115	160.875 	 24.779 	 67.585
FHW12115	161.000 	 24.776 	 67.585
FHW12115	161.125 	 24.779 	 67.585
FHW12115	161.250 	 24.779 	 67.585
FHW12115	161.375 	 24.776 	 67.585
FHW12115	161.500 	 24.779 	 67.585
FHW12115	161.625 	 24.776 	 67.585
FHW12115	161.750 	 24.779 	 67.585
FHW12115	161.875 	 24.779 	 67.585
FHW12115	162.000 	 24.776 	 67.585
FHW12115	162.125 	 24.779 	 67.585
FHW12115	162.250 	 24.776 	 67.586
FHW12115	162.375 	 24.779 	 67.585
FHW12115	162.500 	 24.779 	 67.585
FHW12115	162.625 	 24.776 	 67.585
FHW12115	162.750 	 24.779 	 67.585
FHW12115	162.875 	 24.776 	 67.585
FHW12115	163.000 	 24.779 	 67.585
FHW12115	163.125 	 24.779 	 67.585
FHW12115	163.250 	 24.776 	 67.585
FHW12115	163.375 	 24.779 	 67.585
FHW12115	163.500 	 24.776 	 67.585
FHW12115	163.625 	 24.779 	 67.585
FHW12115	163.750 	 24.779 	 67.585
FHW12115	163.875 	 24.776 	 67.585
FHW12115	164.000 	 24.779 	 67.585
FHW12115	164.125 	 24.776 	 67.585
FHW12115	164.250 	 24.779 	 67.585
FHW12115	164.375 	 24.776 	 67.585
FHW12115	164.500 	 24.779 	 67.585
FHW12115	164.625 	 24.779 	 67.585
FHW12115	164.750 	 24.776 	 67.585
FHW12115	164.875 	 24.779 	 67.585
FHW12115	165.000 	 24.776 	 67.585
FHW12115	165.125 	 24.779 	 67.585
FHW12115	165.250 	 24.779 	 67.585
FHW12115	165.375 	 24.776 	 67.585
FHW12115	165.500 	 24.779 	 67.585
FHW12115	165.625 	 25.991 	 66.573
FHW12115	165.750 	 27.545 	 65.405
FHW12115	165.875 	 27.542 	 65.405
FHW12115	166.000 	 27.545 	 65.405
FHW12115	166.125 	 27.545 	 65.405
FHW12115	166.250 	 27.545 	 65.405
FHW12115	166.375 	 27.545 	 65.405
FHW12115	166.500 	 27.545 	 65.405
FHW12115	166.625 	 27.545 	 65.405
FHW12115	166.750 	 27.545 	 65.405
FHW12115	166.875 	 27.545 	 65.405
FHW12115	167.000 	 27.545 	 65.405
FHW12115	167.125 	 27.541 	 65.405
FHW12115	167.250 	 27.545 	 65.406
FHW12115	167.375 	 27.545 	 65.405
FHW12115	167.500 	 27.545 	 65.405
FHW12115	167.625 	 27.545 	 65.405
FHW12115	167.750 	 27.545 	 65.405
FHW12115	167.875 	 27.545 	 65.405
FHW12115	168.000 	 27.545 	 65.405
FHW12115	168.125 	 27.545 	 65.405
FHW12115	168.250 	 27.542 	 65.405
FHW12115	168.375 	 27.544 	 65.405
FHW12115	168.500 	 27.545 	 65.405
FHW12115	168.625 	 27.545 	 65.405
FHW12115	168.750 	 27.545 	 65.405
FHW12115	168.875 	 27.545 	 65.405
FHW12115	169.000 	 27.545 	 65.405
FHW12115	169.125 	 27.545 	 65.405
FHW12115	169.250 	 27.545 	 65.405
FHW12115	169.375 	 27.545 	 65.405
FHW12115	169.500 	 27.541 	 65.405
FHW12115	169.625 	 27.545 	 65.405
FHW12115	169.750 	 27.545 	 65.405
FHW12115	169.875 	 27.545 	 65.405
FHW12115	170.000 	 27.545 	 65.405
FHW12115	170.125 	 29.495 	 64.750
FHW12115	170.250 	 29.495 	 64.750
FHW12115	170.375 	 29.495 	 64.749
FHW12115	170.500 	 29.495 	 64.750
FHW12115	170.625 	 29.495 	 64.750
FHW12115	170.750 	 29.498 	 64.750
FHW12115	170.875 	 29.495 	 64.750
FHW12115	171.000 	 29.495 	 64.749
FHW12115	171.125 	 29.495 	 64.750
FHW12115	171.250 	 29.495 	 64.750
FHW12115	171.375 	 29.495 	 64.750
FHW12115	171.500 	 29.495 	 64.750
FHW12115	171.625 	 29.495 	 64.749
FHW12115	171.750 	 29.495 	 64.750
FHW12115	171.875 	 29.495 	 64.750
FHW12115	172.000 	 29.495 	 64.750
FHW12115	172.125 	 29.495 	 64.749
FHW12115	172.250 	 29.498 	 64.750
FHW12115	172.375 	 29.495 	 64.750
FHW12115	172.500 	 29.495 	 64.750
FHW12115	172.625 	 29.495 	 64.750
FHW12115	172.750 	 29.495 	 64.749
FHW12115	172.875 	 29.495 	 64.750
FHW12115	173.000 	 29.495 	 64.750
FHW12115	173.125 	 29.495 	 64.750
FHW12115	173.250 	 29.495 	 64.750
FHW12115	173.375 	 29.495 	 64.749
FHW12115	173.500 	 29.495 	 64.750
FHW12115	173.625 	 29.495 	 64.750
FHW12115	173.750 	 29.498 	 64.750
FHW12115	173.875 	 29.495 	 64.750
FHW12115	174.000 	 29.495 	 64.749
FHW12115	174.125 	 29.495 	 64.750
FHW12115	174.250 	 29.495 	 64.750
FHW12115	174.375 	 29.495 	 64.750
FHW12115	174.500 	 29.495 	 64.750
FHW12115	174.625 	 29.495 	 64.749
FHW12115	174.750 	 29.495 	 64.750
FHW12115	174.875 	 30.537 	 64.602
FHW12115	175.000 	 32.391 	 64.360
FHW12115	175.125 	 32.391 	 64.361
FHW12115	175.250 	 32.387 	 64.359
FHW12115	175.375 	 32.391 	 64.361
FHW12115	175.500 	 32.391 	 64.359
FHW12115	175.625 	 32.387 	 64.361
FHW12115	175.750 	 32.391 	 64.360
FHW12115	175.875 	 32.390 	 64.360
FHW12115	176.000 	 32.391 	 64.360
FHW12115	176.125 	 32.387 	 64.361
FHW12115	176.250 	 32.391 	 64.359
FHW12115	176.375 	 32.391 	 64.360
FHW12115	176.500 	 32.387 	 64.361
FHW12115	176.625 	 32.391 	 64.359
FHW12115	176.750 	 32.391 	 64.361
FHW12115	176.875 	 32.387 	 64.360
FHW12115	177.000 	 32.390 	 64.360
FHW12115	177.125 	 32.391 	 64.360
FHW12115	177.250 	 32.391 	 64.361
FHW12115	177.375 	 32.387 	 64.359
FHW12115	177.500 	 32.391 	 64.361
FHW12115	177.625 	 32.391 	 64.360
FHW12115	177.750 	 32.387 	 64.360
FHW12115	177.875 	 32.391 	 64.360
FHW12115	178.000 	 32.390 	 64.360
FHW12115	178.125 	 32.391 	 64.360
FHW12115	178.250 	 32.387 	 64.360
FHW12115	178.375 	 32.390 	 64.360
FHW12115	178.500 	 32.391 	 64.360
FHW12115	178.625 	 32.387 	 64.361
FHW12115	178.750 	 32.391 	 64.359
FHW12115	178.875 	 32.391 	 64.361
FHW12115	179.000 	 32.387 	 64.360
FHW12115	179.125 	 32.390 	 64.360
FHW12115	179.250 	 32.391 	 64.360
FHW12115	179.375 	 32.391 	 64.361
FHW12115	179.500 	 32.387 	 64.359
FHW12115	179.625 	 32.391 	 64.361
FHW12115	179.750 	 32.391 	 64.360
FHW12115	179.875 	 32.387 	 64.360
FHW12115	180.000 	 32.391 	 64.360
FHW12115	180.125 	 32.391 	 64.359
FHW12115	180.250 	 32.387 	 64.361
FHW12115	180.375 	 32.391 	 64.360
FHW12115	180.500 	 32.390 	 64.360
FHW12115	180.625 	 32.391 	 64.360
FHW12115	180.750 	 32.387 	 64.361
FHW12115	180.875 	 32.391 	 64.359
FHW12115	181.000 	 32.391 	 64.361
FHW12115	181.125 	 32.387 	 64.360
FHW12115	181.250 	 32.390 	 64.360
FHW12115	181.375 	 32.391 	 64.360
FHW12115	181.500 	 32.391 	 64.361
FHW12115	181.625 	 32.387 	 64.359
FHW12115	181.750 	 32.391 	 64.360
FHW12115	181.875 	 32.391 	 64.361
FHW12115	182.000 	 32.387 	 64.359
FHW12115	182.125 	 32.391 	 64.361
FHW12115	182.250 	 32.391 	 64.360
FHW12115	182.375 	 32.387 	 64.360
FHW12115	182.500 	 32.391 	 64.360
FHW12115	182.625 	 32.390 	 64.360
FHW12115	182.750 	 32.391 	 64.360
FHW12115	182.875 	 32.387 	 64.361
FHW12115	183.000 	 32.391 	 64.359
FHW12115	183.125 	 32.391 	 64.361
FHW12115	183.250 	 32.387 	 64.360
FHW12115	183.375 	 32.390 	 64.360
FHW12115	183.500 	 32.391 	 64.360
FHW12115	183.625 	 32.387 	 64.360
FHW12115	183.750 	 32.390 	 64.360
FHW12115	183.875 	 32.391 	 64.360
FHW12115	184.000 	 32.391 	 64.361
FHW12115	184.125 	 32.387 	 64.359
FHW12115	184.250 	 32.391 	 64.361
FHW12115	184.375 	 35.743 	 63.642
FHW12115	184.500 	 36.037 	 63.585
FHW12115	184.625 	 36.032 	 63.585
FHW12115	184.750 	 36.036 	 63.585
FHW12115	184.875 	 36.033 	 63.586
FHW12115	185.000 	 36.036 	 63.585
FHW12115	185.125 	 36.033 	 63.585
FHW12115	185.250 	 36.036 	 63.585
FHW12115	185.375 	 36.036 	 63.585
FHW12115	185.500 	 36.033 	 63.585
FHW12115	185.625 	 36.036 	 63.585
FHW12115	185.750 	 36.033 	 63.585
FHW12115	185.875 	 36.036 	 63.585
FHW12115	186.000 	 36.032 	 63.585
FHW12115	186.125 	 36.037 	 63.585
FHW12115	186.250 	 36.032 	 63.585
FHW12115	186.375 	 36.037 	 63.586
FHW12115	186.500 	 36.032 	 63.585
FHW12115	186.625 	 36.036 	 63.585
FHW12115	186.750 	 36.037 	 63.586
FHW12115	186.875 	 36.032 	 63.585
FHW12115	187.000 	 36.037 	 63.585
FHW12115	187.125 	 36.032 	 63.585
FHW12115	187.250 	 36.036 	 63.585
FHW12115	187.375 	 36.033 	 63.585
FHW12115	187.500 	 36.036 	 63.585
FHW12115	187.625 	 36.033 	 63.586
FHW12115	187.750 	 36.036 	 63.585
FHW12115	187.875 	 36.036 	 63.585
FHW12115	188.000 	 36.033 	 63.586
FHW12115	188.125 	 36.036 	 63.585
FHW12115	188.250 	 36.033 	 63.585
FHW12115	188.375 	 36.036 	 63.585
FHW12115	188.500 	 36.032 	 63.585
FHW12115	188.625 	 36.037 	 63.585
FHW12115	188.750 	 36.032 	 63.585
FHW12115	188.875 	 36.037 	 63.585
FHW12115	189.000 	 36.032 	 63.585
FHW12115	189.125 	 36.036 	 63.585
FHW12115	189.250 	 36.037 	 63.585
FHW12115	189.375 	 36.032 	 63.585
FHW12115	189.500 	 36.037 	 63.586
FHW12115	189.625 	 36.032 	 63.585
FHW12115	189.750 	 36.036 	 63.585
FHW12115	189.875 	 36.033 	 63.586
FHW12115	190.000 	 36.036 	 63.585
FHW12115	190.125 	 36.033 	 63.585
FHW12115	190.250 	 36.036 	 63.585
FHW12115	190.375 	 36.032 	 63.585
FHW12115	190.500 	 36.037 	 63.585
FHW12115	190.625 	 36.036 	 63.585
FHW12115	190.750 	 36.033 	 63.586
FHW12115	190.875 	 36.036 	 63.585
FHW12115	191.000 	 36.032 	 63.585
FHW12115	191.125 	 36.037 	 63.586
FHW12115	191.250 	 36.032 	 63.585
FHW12115	191.375 	 36.037 	 63.585
FHW12115	191.500 	 36.032 	 63.585
FHW12115	191.625 	 36.036 	 63.585
FHW12115	191.750 	 36.037 	 63.585
FHW12115	191.875 	 36.032 	 63.585
FHW12115	192.000 	 36.037 	 63.585
FHW12115	192.125 	 36.032 	 63.585
FHW12115	192.250 	 36.036 	 63.585
FHW12115	192.375 	 36.033 	 63.585
FHW12115	192.500 	 36.036 	 63.585
FHW12115	192.625 	 36.033 	 63.586
FHW12115	192.750 	 36.036 	 63.585
FHW12115	192.875 	 36.032 	 63.585
FHW12115	193.000 	 36.037 	 63.585
FHW12115	193.125 	 36.036 	 63.585
FHW12115	193.250 	 36.033 	 63.585
FHW12115	193.375 	 36.036 	 63.585
FHW12115	193.500 	 36.032 	 63.585
FHW12115	193.625 	 36.037 	 63.585
FHW12115	193.750 	 38.595 	 62.908
FHW12115	193.875 	 39.589 	 62.665
FHW12115	194.000 	 39.589 	 62.665
FHW12115	194.125 	 39.590 	 62.665
FHW12115	194.250 	 39.589 	 62.665
FHW12115	194.375 	 39.589 	 62.664
FHW12115	194.500 	 39.590 	 62.665
FHW12115	194.625 	 39.589 	 62.665
FHW12115	194.750 	 39.590 	 62.665
FHW12115	194.875 	 39.589 	 62.665
FHW12115	195.000 	 39.589 	 62.665
FHW12115	195.125 	 39.590 	 62.665
FHW12115	195.250 	 39.589 	 62.665
FHW12115	195.375 	 39.589 	 62.664
FHW12115	195.500 	 39.590 	 62.665
FHW12115	195.625 	 39.589 	 62.665
FHW12115	195.750 	 39.590 	 62.665
FHW12115	195.875 	 39.589 	 62.665
FHW12115	196.000 	 39.589 	 62.665
FHW12115	196.125 	 39.590 	 62.665
FHW12115	196.250 	 39.594 	 62.665
FHW12115	196.375 	 39.589 	 62.664
FHW12115	196.500 	 39.590 	 62.665
FHW12115	196.625 	 39.589 	 62.665
FHW12115	196.750 	 39.589 	 62.665
FHW12115	196.875 	 39.590 	 62.665
FHW12115	197.000 	 39.589 	 62.665
FHW12115	197.125 	 39.590 	 62.665
FHW12115	197.250 	 39.589 	 62.665
FHW12115	197.375 	 39.589 	 62.665
FHW12115	197.500 	 39.590 	 62.665
FHW12115	197.625 	 39.589 	 62.665
FHW12115	197.750 	 39.589 	 62.665
FHW12115	197.875 	 39.590 	 62.665
FHW12115	198.000 	 39.589 	 62.665
FHW12115	198.125 	 39.590 	 62.665
FHW12115	198.250 	 39.589 	 62.665
FHW12115	198.375 	 39.589 	 62.665
FHW12115	198.500 	 39.590 	 62.665
FHW12115	198.625 	 39.590 	 62.665
FHW12115	198.750 	 39.589 	 62.664
FHW12115	198.875 	 39.594 	 62.665
FHW12115	199.000 	 39.590 	 62.665
FHW12115	199.125 	 39.589 	 62.664
FHW12115	199.250 	 39.590 	 62.665
FHW12115	199.375 	 39.590 	 62.665
FHW12115	199.500 	 39.589 	 62.664
FHW12115	199.625 	 39.590 	 62.665
FHW12115	199.750 	 39.590 	 62.665
FHW12115	199.875 	 39.589 	 62.664
FHW12115	200.000 	 39.590 	 62.665
FHW12115	200.125 	 39.590 	 62.665
FHW12115	200.250 	 39.589 	 62.664
FHW12115	200.375 	 39.590 	 62.665
FHW12115	200.500 	 39.590 	 62.665
FHW12115	200.625 	 39.590 	 62.665
FHW12115	200.750 	 39.589 	 62.664
FHW12115	200.875 	 39.590 	 62.665
FHW12115	201.000 	 39.590 	 62.664
FHW12115	201.125 	 39.589 	 62.664
FHW12115	201.250 	 39.590 	 62.665
FHW12115	201.375 	 39.590 	 62.665
FHW12115	201.500 	 39.589 	 62.664
FHW12115	201.625 	 39.594 	 62.665
FHW12115	201.750 	 39.590 	 62.665
FHW12115	201.875 	 39.589 	 62.664
FHW12115	202.000 	 39.590 	 62.665
FHW12115	202.125 	 39.590 	 62.665
FHW12115	202.250 	 39.589 	 62.664
FHW12115	202.375 	 39.590 	 62.665
FHW12115	202.500 	 39.590 	 62.665
FHW12115	202.625 	 39.589 	 62.664
FHW12115	202.750 	 39.590 	 62.665
FHW12115	202.875 	 39.590 	 62.665
FHW12115	203.000 	 40.906 	 62.125
FHW12115	203.125 	 42.890 	 61.371
FHW12115	203.250 	 42.890 	 61.370
FHW12115	203.375 	 42.890 	 61.370
FHW12115	203.500 	 42.885 	 61.371
FHW12115	203.625 	 42.890 	 61.370
FHW12115	203.750 	 42.890 	 61.371
FHW12115	203.875 	 42.890 	 61.370
FHW12115	204.000 	 42.885 	 61.371
FHW12115	204.125 	 42.890 	 61.370
FHW12115	204.250 	 42.890 	 61.371
FHW12115	204.375 	 42.890 	 61.370
FHW12115	204.500 	 42.886 	 61.370
FHW12115	204.625 	 42.890 	 61.371
FHW12115	204.750 	 42.890 	 61.370
FHW12115	204.875 	 42.890 	 61.371
FHW12115	205.000 	 42.886 	 61.370
FHW12115	205.125 	 42.890 	 61.371
FHW12115	205.250 	 42.890 	 61.370
FHW12115	205.375 	 42.890 	 61.371
FHW12115	205.500 	 42.886 	 61.370
FHW12115	205.625 	 42.890 	 61.370
FHW12115	205.750 	 42.890 	 61.371
FHW12115	205.875 	 42.890 	 61.370
FHW12115	206.000 	 42.885 	 61.371
FHW12115	206.125 	 42.890 	 61.370
FHW12115	206.250 	 42.890 	 61.371
FHW12115	206.375 	 42.890 	 61.370
FHW12115	206.500 	 42.885 	 61.371
FHW12115	206.625 	 42.890 	 61.370
FHW12115	206.750 	 42.890 	 61.371
FHW12115	206.875 	 42.890 	 61.370
FHW12115	207.000 	 42.890 	 61.370
FHW12115	207.125 	 42.885 	 61.371
FHW12115	207.250 	 42.889 	 61.368
FHW12115	207.375 	 42.890 	 61.371
FHW12115	207.500 	 42.890 	 61.370
FHW12115	207.625 	 42.885 	 61.371
FHW12115	207.750 	 42.890 	 61.370
FHW12115	207.875 	 42.890 	 61.371
FHW12115	208.000 	 42.890 	 61.370
FHW12115	208.125 	 42.886 	 61.370
FHW12115	208.250 	 42.890 	 61.371
FHW12115	208.375 	 42.890 	 61.370
FHW12115	208.500 	 42.890 	 61.371
FHW12115	208.625 	 42.886 	 61.370
FHW12115	208.750 	 42.890 	 61.371
FHW12115	208.875 	 42.890 	 61.370
FHW12115	209.000 	 42.890 	 61.371
FHW12115	209.125 	 42.886 	 61.370
FHW12115	209.250 	 42.890 	 61.370
FHW12115	209.375 	 42.890 	 61.371
FHW12115	209.500 	 42.890 	 61.370
FHW12115	209.625 	 42.885 	 61.371
FHW12115	209.750 	 42.890 	 61.370
FHW12115	209.875 	 42.890 	 61.371
FHW12115	210.000 	 42.890 	 61.370
FHW12115	210.125 	 42.885 	 61.371
FHW12115	210.250 	 42.890 	 61.370
FHW12115	210.375 	 42.890 	 61.370
FHW12115	210.500 	 42.890 	 61.371
FHW12115	210.625 	 42.886 	 61.370
FHW12115	210.750 	 42.890 	 61.371
FHW12115	210.875 	 42.890 	 61.370
FHW12115	211.000 	 42.890 	 61.371
FHW12115	211.125 	 42.886 	 61.370
FHW12115	211.250 	 42.890 	 61.371
FHW12115	211.375 	 42.890 	 61.370
FHW12115	211.500 	 42.890 	 61.371
FHW12115	211.625 	 42.886 	 61.370
FHW12115	211.750 	 42.890 	 61.370
FHW12115	211.875 	 42.890 	 61.371
FHW12115	212.000 	 42.890 	 61.370
FHW12115	212.125 	 42.885 	 61.371
FHW12115	212.250 	 42.890 	 61.370
FHW12115	212.375 	 42.890 	 61.371
FHW12115	212.500 	 45.066 	 60.331
FHW12115	212.625 	 45.606 	 60.085
FHW12115	212.750 	 45.610 	 60.085
FHW12115	212.875 	 45.610 	 60.084
FHW12115	213.000 	 45.611 	 60.085
FHW12115	213.125 	 45.605 	 60.085
FHW12115	213.250 	 45.610 	 60.084
FHW12115	213.375 	 45.611 	 60.085
FHW12115	213.500 	 45.610 	 60.085
FHW12115	213.625 	 45.610 	 60.084
FHW12115	213.750 	 45.606 	 60.085
FHW12115	213.875 	 45.610 	 60.085
FHW12115	214.000 	 45.610 	 60.084
FHW12115	214.125 	 45.611 	 60.085
FHW12115	214.250 	 45.610 	 60.084
FHW12115	214.375 	 45.605 	 60.085
FHW12115	214.500 	 45.611 	 60.085
FHW12115	214.625 	 45.610 	 60.084
FHW12115	214.750 	 45.610 	 60.085
FHW12115	214.875 	 45.606 	 60.085
FHW12115	215.000 	 45.610 	 60.084
FHW12115	215.125 	 45.610 	 60.085
FHW12115	215.250 	 45.611 	 60.085
FHW12115	215.375 	 45.610 	 60.084
FHW12115	215.500 	 45.605 	 60.085
FHW12115	215.625 	 45.611 	 60.085
FHW12115	215.750 	 45.610 	 60.084
FHW12115	215.875 	 45.610 	 60.085
FHW12115	216.000 	 45.611 	 60.085
FHW12115	216.125 	 45.605 	 60.084
FHW12115	216.250 	 45.610 	 60.085
FHW12115	216.375 	 45.611 	 60.085
FHW12115	216.500 	 45.610 	 60.084
FHW12115	216.625 	 45.605 	 60.085
FHW12115	216.750 	 45.611 	 60.085
FHW12115	216.875 	 45.610 	 60.084
FHW12115	217.000 	 45.610 	 60.085
FHW12115	217.125 	 45.611 	 60.085
FHW12115	217.250 	 45.605 	 60.084
FHW12115	217.375 	 45.610 	 60.085
FHW12115	217.500 	 45.611 	 60.085
FHW12115	217.625 	 45.610 	 60.084
FHW12115	217.750 	 45.610 	 60.085
FHW12115	217.875 	 45.606 	 60.085
FHW12115	218.000 	 45.610 	 60.084
FHW12115	218.125 	 45.610 	 60.085
FHW12115	218.250 	 45.611 	 60.085
FHW12115	218.375 	 45.605 	 60.084
FHW12115	218.500 	 45.610 	 60.085
FHW12115	218.625 	 45.611 	 60.085
FHW12115	218.750 	 45.610 	 60.084
FHW12115	218.875 	 45.610 	 60.085
FHW12115	219.000 	 45.606 	 60.085
FHW12115	219.125 	 45.610 	 60.084
FHW12115	219.250 	 45.610 	 60.085
FHW12115	219.375 	 45.611 	 60.085
FHW12115	219.500 	 45.610 	 60.084
FHW12115	219.625 	 45.605 	 60.085
FHW12115	219.750 	 45.611 	 60.085
FHW12115	219.875 	 45.610 	 60.084
FHW12115	220.000 	 45.610 	 60.085
FHW12115	220.125 	 45.606 	 60.085
FHW12115	220.250 	 45.610 	 60.084
FHW12115	220.375 	 45.610 	 60.084
FHW12115	220.500 	 45.611 	 60.087
FHW12115	220.625 	 45.610 	 60.084
FHW12115	220.750 	 45.605 	 60.084
FHW12115	220.875 	 45.611 	 60.087
FHW12115	221.000 	 45.610 	 60.084
FHW12115	221.125 	 45.610 	 60.084
FHW12115	221.250 	 45.606 	 60.087
FHW12115	221.375 	 45.610 	 60.084
FHW12115	221.500 	 45.610 	 60.084
FHW12115	221.625 	 45.611 	 60.087
FHW12115	221.750 	 46.409 	 59.891
FHW12115	221.875 	 48.121 	 59.495
FHW12115	222.000 	 48.122 	 59.495
FHW12115	222.125 	 48.121 	 59.495
FHW12115	222.250 	 48.116 	 59.494
FHW12115	222.375 	 48.122 	 59.496
FHW12115	222.500 	 48.121 	 59.494
FHW12115	222.625 	 48.122 	 59.496
FHW12115	222.750 	 48.116 	 59.494
FHW12115	222.875 	 48.121 	 59.495
FHW12115	223.000 	 48.122 	 59.495
FHW12115	223.125 	 48.116 	 59.494
FHW12115	223.250 	 48.122 	 59.496
FHW12115	223.375 	 48.121 	 59.494
FHW12115	223.500 	 48.121 	 59.495
FHW12115	223.625 	 48.117 	 59.495
FHW12115	223.750 	 48.121 	 59.495
FHW12115	223.875 	 48.122 	 59.495
FHW12115	224.000 	 48.121 	 59.495
FHW12115	224.125 	 48.116 	 59.494
FHW12115	224.250 	 48.122 	 59.496
FHW12115	224.375 	 48.121 	 59.494
FHW12115	224.500 	 48.117 	 59.496
FHW12115	224.625 	 48.121 	 59.494
FHW12115	224.750 	 48.121 	 59.495
FHW12115	224.875 	 48.122 	 59.495
FHW12115	225.000 	 48.116 	 59.495
FHW12115	225.125 	 48.122 	 59.495
FHW12115	225.250 	 48.121 	 59.495
FHW12115	225.375 	 48.122 	 59.495
FHW12115	225.500 	 48.116 	 59.495
FHW12115	225.625 	 48.121 	 59.494
FHW12115	225.750 	 48.122 	 59.496
FHW12115	225.875 	 48.116 	 59.494
FHW12115	226.000 	 48.122 	 59.496
FHW12115	226.125 	 48.121 	 59.494
FHW12115	226.250 	 48.121 	 59.495
FHW12115	226.375 	 48.117 	 59.495
FHW12115	226.500 	 48.121 	 59.495
FHW12115	226.625 	 48.122 	 59.495
FHW12115	226.750 	 48.121 	 59.495
FHW12115	226.875 	 48.116 	 59.494
FHW12115	227.000 	 48.122 	 59.496
FHW12115	227.125 	 48.121 	 59.494
FHW12115	227.250 	 48.117 	 59.496
FHW12115	227.375 	 48.121 	 59.494
FHW12115	227.500 	 48.121 	 59.495
FHW12115	227.625 	 48.122 	 59.495
FHW12115	227.750 	 48.116 	 59.495
FHW12115	227.875 	 48.122 	 59.495
FHW12115	228.000 	 48.121 	 59.495
FHW12115	228.125 	 48.121 	 59.494
FHW12115	228.250 	 48.117 	 59.496
FHW12115	228.375 	 48.121 	 59.494
FHW12115	228.500 	 48.122 	 59.496
FHW12115	228.625 	 48.116 	 59.494
FHW12115	228.750 	 48.121 	 59.495
FHW12115	228.875 	 48.122 	 59.495
FHW12115	229.000 	 48.121 	 59.495
FHW12115	229.125 	 48.117 	 59.495
FHW12115	229.250 	 48.121 	 59.495
FHW12115	229.375 	 48.122 	 59.495
FHW12115	229.500 	 48.121 	 59.495
FHW12115	229.625 	 48.116 	 59.494
FHW12115	229.750 	 48.122 	 59.496
FHW12115	229.875 	 48.121 	 59.494
FHW12115	230.000 	 48.122 	 59.496
FHW12115	230.125 	 48.116 	 59.494
FHW12115	230.250 	 48.121 	 59.495
FHW12115	230.375 	 48.122 	 59.495
FHW12115	230.500 	 48.116 	 59.495
FHW12115	230.625 	 48.122 	 59.495
FHW12115	230.750 	 48.121 	 59.495
FHW12115	230.875 	 48.121 	 59.494
FHW12115	231.000 	 48.117 	 59.496
FHW12115	231.125 	 49.994 	 59.571
FHW12115	231.250 	 50.585 	 59.595
FHW12115	231.375 	 50.586 	 59.596
FHW12115	231.500 	 50.585 	 59.595
FHW12115	231.625 	 50.585 	 59.595
FHW12115	231.750 	 50.586 	 59.596
FHW12115	231.875 	 50.585 	 59.595
FHW12115	232.000 	 50.585 	 59.595
FHW12115	232.125 	 50.586 	 59.596
FHW12115	232.250 	 50.585 	 59.595
FHW12115	232.375 	 50.586 	 59.595
FHW12115	232.500 	 50.585 	 59.595
FHW12115	232.625 	 50.585 	 59.595
FHW12115	232.750 	 50.586 	 59.596
FHW12115	232.875 	 50.585 	 59.595
FHW12115	233.000 	 50.585 	 59.595
FHW12115	233.125 	 50.586 	 59.596
FHW12115	233.250 	 50.585 	 59.595
FHW12115	233.375 	 50.586 	 59.596
FHW12115	233.500 	 50.585 	 59.595
FHW12115	233.625 	 50.585 	 59.595
FHW12115	233.750 	 50.586 	 59.596
FHW12115	233.875 	 50.585 	 59.595
FHW12115	234.000 	 50.585 	 59.594
FHW12115	234.125 	 50.586 	 59.596
FHW12115	234.250 	 50.585 	 59.595
FHW12115	234.375 	 50.586 	 59.596
FHW12115	234.500 	 50.585 	 59.595
FHW12115	234.625 	 50.585 	 59.595
FHW12115	234.750 	 50.586 	 59.596
FHW12115	234.875 	 50.585 	 59.595
FHW12115	235.000 	 50.586 	 59.596
FHW12115	235.125 	 50.585 	 59.595
FHW12115	235.250 	 50.579 	 59.595
FHW12115	235.375 	 50.586 	 59.596
FHW12115	235.500 	 50.585 	 59.595
FHW12115	235.625 	 50.585 	 59.594
FHW12115	235.750 	 50.586 	 59.596
FHW12115	235.875 	 50.585 	 59.595
FHW12115	236.000 	 50.586 	 59.596
FHW12115	236.125 	 50.585 	 59.595
FHW12115	236.250 	 50.585 	 59.595
FHW12115	236.375 	 50.586 	 59.596
FHW12115	236.500 	 50.585 	 59.595
FHW12115	236.625 	 50.585 	 59.595
FHW12115	236.750 	 50.586 	 59.596
FHW12115	236.875 	 50.585 	 59.595
FHW12115	237.000 	 50.586 	 59.596
FHW12115	237.125 	 50.585 	 59.595
FHW12115	237.250 	 50.585 	 59.594
FHW12115	237.375 	 50.586 	 59.596
FHW12115	237.500 	 50.585 	 59.595
FHW12115	237.625 	 50.585 	 59.595
FHW12115	237.750 	 50.586 	 59.596
FHW12115	237.875 	 50.585 	 59.595
FHW12115	238.000 	 50.586 	 59.596
FHW12115	238.125 	 50.585 	 59.595
FHW12115	238.250 	 50.585 	 59.595
FHW12115	238.375 	 50.586 	 59.596
FHW12115	238.500 	 50.585 	 59.595
FHW12115	238.625 	 50.585 	 59.595
FHW12115	238.750 	 50.586 	 59.596
FHW12115	238.875 	 50.585 	 59.594
FHW12115	239.000 	 50.586 	 59.596
FHW12115	239.125 	 50.585 	 59.595
FHW12115	239.250 	 50.585 	 59.595
FHW12115	239.375 	 50.586 	 59.596
FHW12115	239.500 	 50.585 	 59.595
FHW12115	239.625 	 50.585 	 59.595
FHW12115	239.750 	 50.586 	 59.596
FHW12115	239.875 	 50.585 	 59.595
FHW12115	240.000 	 50.586 	 59.596
FHW12115	240.125 	 50.585 	 59.595
FHW12115	240.250 	 50.585 	 59.595
FHW12115	240.375 	 50.586 	 59.596
FHW12115	240.500 	 51.656 	 59.771
FHW12115	240.625 	 52.822 	 59.954
FHW12115	240.750 	 52.816 	 59.955
FHW12115	240.875 	 52.822 	 59.954
FHW12115	241.000 	 52.821 	 59.955
FHW12115	241.125 	 52.817 	 59.955
FHW12115	241.250 	 52.821 	 59.955
FHW12115	241.375 	 52.822 	 59.954
FHW12115	241.500 	 52.821 	 59.955
FHW12115	241.625 	 52.816 	 59.954
FHW12115	241.750 	 52.821 	 59.955
FHW12115	241.875 	 52.822 	 59.955
FHW12115	242.000 	 52.816 	 59.955
FHW12115	242.125 	 52.821 	 59.955
FHW12115	242.250 	 52.822 	 59.954
FHW12115	242.375 	 52.821 	 59.955
FHW12115	242.500 	 52.816 	 59.954
FHW12115	242.625 	 52.822 	 59.956
FHW12115	242.750 	 52.822 	 59.954
FHW12115	242.875 	 52.816 	 59.955
FHW12115	243.000 	 52.822 	 59.954
FHW12115	243.125 	 52.821 	 59.955
FHW12115	243.250 	 52.822 	 59.954
FHW12115	243.375 	 52.817 	 59.956
FHW12115	243.500 	 52.822 	 59.954
FHW12115	243.625 	 52.822 	 59.954
FHW12115	243.750 	 52.815 	 59.956
FHW12115	243.875 	 52.822 	 59.954
FHW12115	244.000 	 52.822 	 59.954
FHW12115	244.125 	 52.816 	 59.957
FHW12115	244.250 	 52.822 	 59.954
FHW12115	244.375 	 52.822 	 59.954
FHW12115	244.500 	 52.822 	 59.954
FHW12115	244.625 	 52.815 	 59.956
FHW12115	244.750 	 52.822 	 59.954
FHW12115	244.875 	 52.822 	 59.955
FHW12115	245.000 	 52.816 	 59.954
FHW12115	245.125 	 52.821 	 59.956
FHW12115	245.250 	 52.822 	 59.954
FHW12115	245.375 	 52.822 	 59.954
FHW12115	245.500 	 52.816 	 59.954
FHW12115	245.625 	 52.822 	 59.957
FHW12115	245.750 	 52.822 	 59.954
FHW12115	245.875 	 52.816 	 59.954
FHW12115	246.000 	 52.822 	 59.954
FHW12115	246.125 	 52.821 	 59.956
FHW12115	246.250 	 52.816 	 59.954
FHW12115	246.375 	 52.822 	 59.955
FHW12115	246.500 	 52.821 	 59.956
FHW12115	246.625 	 52.822 	 59.954
FHW12115	246.750 	 52.816 	 59.954
FHW12115	246.875 	 52.822 	 59.954
FHW12115	247.000 	 52.821 	 59.956
FHW12115	247.125 	 52.817 	 59.955
FHW12115	247.250 	 52.822 	 59.954
FHW12115	247.375 	 52.822 	 59.954
FHW12115	247.500 	 52.821 	 59.956
FHW12115	247.625 	 52.816 	 59.954
FHW12115	247.750 	 52.822 	 59.954
FHW12115	247.875 	 52.822 	 59.955
FHW12115	248.000 	 52.815 	 59.956
FHW12115	248.125 	 52.822 	 59.954
FHW12115	248.250 	 52.822 	 59.954
FHW12115	248.375 	 52.815 	 59.956
FHW12115	248.500 	 52.822 	 59.954
FHW12115	248.625 	 52.822 	 59.955
FHW12115	248.750 	 52.822 	 59.954
FHW12115	248.875 	 52.815 	 59.955
FHW12115	249.000 	 52.823 	 59.957
FHW12115	249.125 	 52.822 	 59.954
FHW12115	249.250 	 52.816 	 59.954
FHW12115	249.375 	 52.821 	 59.956
FHW12115	249.500 	 52.822 	 59.954
FHW12115	249.625 	 54.524 	 60.150
FHW12115	249.750 	 55.326 	 60.242
FHW12115	249.875 	 55.324 	 60.238
FHW12115	250.000 	 55.320 	 60.240
FHW12115	250.125 	 55.326 	 60.240
FHW12115	250.250 	 55.326 	 60.240
FHW12115	250.375 	 55.326 	 60.240
FHW12115	250.500 	 55.326 	 60.240
FHW12115	250.625 	 55.324 	 60.240
FHW12115	250.750 	 55.326 	 60.240
FHW12115	250.875 	 55.326 	 60.240
FHW12115	251.000 	 55.320 	 60.240
FHW12115	251.125 	 55.326 	 60.240
FHW12115	251.250 	 55.326 	 60.240
FHW12115	251.375 	 55.324 	 60.238
FHW12115	251.500 	 55.326 	 60.242
FHW12115	251.625 	 55.326 	 60.240
FHW12115	251.750 	 55.326 	 60.240
FHW12115	251.875 	 55.320 	 60.240
FHW12115	252.000 	 55.326 	 60.240
FHW12115	252.125 	 55.324 	 60.238
FHW12115	252.250 	 55.326 	 60.242
FHW12115	252.375 	 55.326 	 60.240
FHW12115	252.500 	 55.326 	 60.240
FHW12115	252.625 	 55.326 	 60.240
FHW12115	252.750 	 55.326 	 60.240
FHW12115	252.875 	 55.319 	 60.238
FHW12115	253.000 	 55.326 	 60.240
FHW12115	253.125 	 55.326 	 60.242
FHW12115	253.250 	 55.326 	 60.240
FHW12115	253.375 	 55.326 	 60.240
FHW12115	253.500 	 55.326 	 60.240
FHW12115	253.625 	 55.324 	 60.238
FHW12115	253.750 	 55.326 	 60.240
FHW12115	253.875 	 55.320 	 60.240
FHW12115	254.000 	 55.326 	 60.242
FHW12115	254.125 	 55.326 	 60.240
FHW12115	254.250 	 55.326 	 60.240
FHW12115	254.375 	 55.324 	 60.238
FHW12115	254.500 	 55.326 	 60.240
FHW12115	254.625 	 55.326 	 60.240
FHW12115	254.750 	 55.320 	 60.240
FHW12115	254.875 	 55.326 	 60.242
FHW12115	255.000 	 55.326 	 60.240
FHW12115	255.125 	 55.324 	 60.238
FHW12115	255.250 	 55.326 	 60.240
FHW12115	255.375 	 55.326 	 60.240
FHW12115	255.500 	 55.326 	 60.240
FHW12115	255.625 	 55.326 	 60.242
FHW12115	255.750 	 55.319 	 60.238
FHW12115	255.875 	 55.326 	 60.240
FHW12115	256.000 	 55.326 	 60.240
FHW12115	256.125 	 55.326 	 60.240
FHW12115	256.250 	 55.326 	 60.240
FHW12115	256.375 	 55.326 	 60.240
FHW12115	256.500 	 55.324 	 60.240
FHW12115	256.625 	 55.326 	 60.240
FHW12115	256.750 	 55.320 	 60.240
FHW12115	256.875 	 55.326 	 60.240
FHW12115	257.000 	 55.326 	 60.240
FHW12115	257.125 	 55.326 	 60.240
FHW12115	257.250 	 55.324 	 60.238
FHW12115	257.375 	 55.326 	 60.242
FHW12115	257.500 	 55.326 	 60.240
FHW12115	257.625 	 55.320 	 60.240
FHW12115	257.750 	 55.326 	 60.240
FHW12115	257.875 	 55.326 	 60.240
FHW12115	258.000 	 55.324 	 60.238
FHW12115	258.125 	 55.326 	 60.240
FHW12115	258.250 	 55.326 	 60.242
FHW12115	258.375 	 55.326 	 60.240
FHW12115	258.500 	 55.326 	 60.240
FHW12115	258.625 	 55.320 	 60.240
FHW12115	258.750 	 55.324 	 60.238
FHW12115	258.875 	 55.326 	 60.240
FHW12115	259.000 	 57.394 	 60.305
FHW12115	259.125 	 58.555 	 60.342
FHW12115	259.250 	 58.554 	 60.339
FHW12115	259.375 	 58.554 	 60.339
FHW12115	259.500 	 58.555 	 60.342
FHW12115	259.625 	 58.554 	 60.339
FHW12115	259.750 	 58.559 	 60.340
FHW12115	259.875 	 58.555 	 60.341
FHW12115	260.000 	 58.554 	 60.339
FHW12115	260.125 	 58.555 	 60.342
FHW12115	260.250 	 58.554 	 60.339
FHW12115	260.375 	 58.554 	 60.339
FHW12115	260.500 	 58.555 	 60.342
FHW12115	260.625 	 58.554 	 60.339
FHW12115	260.750 	 58.561 	 60.342
FHW12115	260.875 	 58.554 	 60.339
FHW12115	261.000 	 58.554 	 60.339
FHW12115	261.125 	 58.555 	 60.342
FHW12115	261.250 	 58.554 	 60.339
FHW12115	261.375 	 58.555 	 60.342
FHW12115	261.500 	 58.554 	 60.339
FHW12115	261.625 	 58.554 	 60.339
FHW12115	261.750 	 58.561 	 60.342
FHW12115	261.875 	 58.554 	 60.339
FHW12115	262.000 	 58.555 	 60.341
FHW12115	262.125 	 58.553 	 60.340
FHW12115	262.250 	 58.554 	 60.339
FHW12115	262.375 	 58.555 	 60.342
FHW12115	262.500 	 58.554 	 60.339
FHW12115	262.625 	 58.555 	 60.341
FHW12115	262.750 	 58.559 	 60.340
FHW12115	262.875 	 58.554 	 60.339
FHW12115	263.000 	 58.555 	 60.341
FHW12115	263.125 	 58.553 	 60.340
FHW12115	263.250 	 58.555 	 60.341
FHW12115	263.375 	 58.553 	 60.340
FHW12115	263.500 	 58.554 	 60.339
FHW12115	263.625 	 58.555 	 60.341
FHW12115	263.750 	 58.559 	 60.340
FHW12115	263.875 	 58.555 	 60.341
FHW12115	264.000 	 58.553 	 60.340
FHW12115	264.125 	 58.554 	 60.339
FHW12115	264.250 	 58.555 	 60.341
FHW12115	264.375 	 58.553 	 60.340
FHW12115	264.500 	 58.555 	 60.341
FHW12115	264.625 	 58.554 	 60.339
FHW12115	264.750 	 58.559 	 60.340
FHW12115	264.875 	 58.555 	 60.341
FHW12115	265.000 	 58.553 	 60.340
FHW12115	265.125 	 58.555 	 60.341
FHW12115	265.250 	 58.554 	 60.339
FHW12115	265.375 	 58.553 	 60.340
FHW12115	265.500 	 58.555 	 60.341
FHW12115	265.625 	 58.554 	 60.339
FHW12115	265.750 	 58.561 	 60.342
FHW12115	265.875 	 58.554 	 60.339
FHW12115	266.000 	 58.553 	 60.340
FHW12115	266.125 	 58.555 	 60.341
FHW12115	266.250 	 58.554 	 60.339
FHW12115	266.375 	 58.555 	 60.342
FHW12115	266.500 	 58.554 	 60.339
FHW12115	266.625 	 58.553 	 60.340
FHW12115	266.750 	 58.561 	 60.341
FHW12115	266.875 	 58.554 	 60.339
FHW12115	267.000 	 58.555 	 60.342
FHW12115	267.125 	 58.554 	 60.339
FHW12115	267.250 	 58.554 	 60.339
FHW12115	267.375 	 58.555 	 60.342
FHW12115	267.500 	 58.554 	 60.339
FHW12115	267.625 	 58.555 	 60.342
FHW12115	267.750 	 58.554 	 60.339
FHW12115	267.875 	 58.560 	 60.339
FHW12115	268.000 	 58.555 	 60.342
FHW12115	268.125 	 58.554 	 60.339
FHW12115	268.250 	 58.555 	 60.342
FHW12115	268.375 	 58.554 	 60.339
FHW12115	268.500 	 58.554 	 60.339
FHW12115	268.625 	 58.555 	 60.342
FHW12115	268.750 	 60.229 	 60.347
FHW12115	268.875 	 60.644 	 60.349
FHW12115	269.000 	 60.645 	 60.353
FHW12115	269.125 	 60.644 	 60.349
FHW12115	269.250 	 60.645 	 60.351
FHW12115	269.375 	 60.650 	 60.349
FHW12115	269.500 	 60.644 	 60.349
FHW12115	269.625 	 60.645 	 60.351
FHW12115	269.750 	 60.643 	 60.351
FHW12115	269.875 	 60.645 	 60.351
FHW12115	270.000 	 60.644 	 60.349
FHW12115	270.125 	 62.524 	 60.639
FHW12115	270.250 	 62.526 	 60.641
FHW12115	270.375 	 62.524 	 60.639
FHW12115	270.500 	 62.524 	 60.639
FHW12115	270.625 	 62.524 	 60.639
FHW12115	270.750 	 62.526 	 60.641
FHW12115	270.875 	 62.524 	 60.639
FHW12115	271.000 	 62.524 	 60.639
FHW12115	271.125 	 62.526 	 60.641
FHW12115	271.250 	 62.524 	 60.639
FHW12115	271.375 	 62.524 	 60.639
FHW12115	271.500 	 62.524 	 60.639
FHW12115	271.625 	 62.526 	 60.641
FHW12115	271.750 	 62.524 	 60.639
FHW12115	271.875 	 62.524 	 60.639
FHW12115	272.000 	 62.524 	 60.639
FHW12115	272.125 	 62.526 	 60.641
FHW12115	272.250 	 62.524 	 60.639
FHW12115	272.375 	 62.524 	 60.639
FHW12115	272.500 	 62.526 	 60.641
FHW12115	272.625 	 62.524 	 60.639
FHW12115	272.750 	 62.524 	 60.639
FHW12115	272.875 	 62.524 	 60.639
FHW12115	273.000 	 62.526 	 60.641
FHW12115	273.125 	 62.524 	 60.639
FHW12115	273.250 	 62.531 	 60.639
FHW12115	273.375 	 62.526 	 60.641
FHW12115	273.500 	 62.524 	 60.639
FHW12115	273.625 	 62.524 	 60.639
FHW12115	273.750 	 62.524 	 60.639
FHW12115	273.875 	 62.526 	 60.641
FHW12115	274.000 	 62.524 	 60.639
FHW12115	274.125 	 62.524 	 60.639
FHW12115	274.250 	 62.526 	 60.641
FHW12115	274.375 	 62.524 	 60.639
FHW12115	274.500 	 62.524 	 60.639
FHW12115	274.625 	 62.524 	 60.639
FHW12115	274.750 	 62.526 	 60.641
FHW12115	274.875 	 62.524 	 60.639
FHW12115	275.000 	 62.524 	 60.639
FHW12115	275.125 	 62.526 	 60.641
FHW12115	275.250 	 62.524 	 60.639
FHW12115	275.375 	 62.524 	 60.639
FHW12115	275.500 	 62.524 	 60.639
FHW12115	275.625 	 62.526 	 60.641
FHW12115	275.750 	 62.524 	 60.639
FHW12115	275.875 	 62.524 	 60.639
FHW12115	276.000 	 62.524 	 60.639
FHW12115	276.125 	 62.526 	 60.641
FHW12115	276.250 	 62.524 	 60.639
FHW12115	276.375 	 62.524 	 60.639
FHW12115	276.500 	 62.526 	 60.641
FHW12115	276.625 	 62.524 	 60.639
FHW12115	276.750 	 62.524 	 60.639
FHW12115	276.875 	 62.524 	 60.639
FHW12115	277.000 	 62.526 	 60.641
FHW12115	277.125 	 62.524 	 60.639
FHW12115	277.250 	 62.524 	 60.639
FHW12115	277.375 	 62.526 	 60.641
FHW12115	277.500 	 62.524 	 60.639
FHW12115	277.625 	 62.524 	 60.639
FHW12115	277.750 	 62.524 	 60.639
FHW12115	277.875 	 62.526 	 60.641
FHW12115	278.000 	 62.524 	 60.639
FHW12115	278.125 	 62.524 	 60.639
FHW12115	278.250 	 62.526 	 60.641
FHW12115	278.375 	 62.524 	 60.639
FHW12115	278.500 	 65.664 	 61.051
FHW12115	278.625 	 65.797 	 61.071
FHW12115	278.750 	 65.797 	 61.069
FHW12115	278.875 	 65.791 	 61.069
FHW12115	279.000 	 65.797 	 61.071
FHW12115	279.125 	 65.797 	 61.069
FHW12115	279.250 	 65.797 	 61.069
FHW12115	279.375 	 65.790 	 61.071
FHW12115	279.500 	 65.797 	 61.069
FHW12115	279.625 	 65.797 	 61.071
FHW12115	279.750 	 65.797 	 61.069
FHW12115	279.875 	 65.791 	 61.069
FHW12115	280.000 	 65.797 	 61.071
FHW12115	280.125 	 65.797 	 61.069
FHW12115	280.250 	 65.790 	 61.071
FHW12115	280.375 	 65.797 	 61.069
FHW12115	280.500 	 65.797 	 61.069
FHW12115	280.625 	 65.797 	 61.071
FHW12115	280.750 	 65.791 	 61.069
FHW12115	280.875 	 65.797 	 61.069
FHW12115	281.000 	 65.797 	 61.071
FHW12115	281.125 	 65.797 	 61.069
FHW12115	281.250 	 65.790 	 61.071
FHW12115	281.375 	 65.797 	 61.069
FHW12115	281.500 	 65.797 	 61.069
FHW12115	281.625 	 65.797 	 61.071
FHW12115	281.750 	 65.789 	 61.068
FHW12115	281.875 	 65.797 	 61.071
FHW12115	282.000 	 65.797 	 61.069
FHW12115	282.125 	 65.791 	 61.069
FHW12115	282.250 	 65.797 	 61.071
FHW12115	282.375 	 65.797 	 61.069
FHW12115	282.500 	 65.797 	 61.069
FHW12115	282.625 	 65.790 	 61.071
FHW12115	282.750 	 65.797 	 61.069
FHW12115	282.875 	 65.797 	 61.071
FHW12115	283.000 	 65.797 	 61.069
FHW12115	283.125 	 65.791 	 61.069
FHW12115	283.250 	 65.797 	 61.071
FHW12115	283.375 	 65.797 	 61.069
FHW12115	283.500 	 65.797 	 61.069
FHW12115	283.625 	 65.790 	 61.071
FHW12115	283.750 	 65.797 	 61.069
FHW12115	283.875 	 65.797 	 61.071
FHW12115	284.000 	 65.791 	 61.069
FHW12115	284.125 	 65.797 	 61.069
FHW12115	284.250 	 65.797 	 61.071
FHW12115	284.375 	 65.797 	 61.069
FHW12115	284.500 	 65.790 	 61.071
FHW12115	284.625 	 65.797 	 61.069
FHW12115	284.750 	 65.797 	 61.069
FHW12115	284.875 	 65.797 	 61.071
FHW12115	285.000 	 65.791 	 61.069
FHW12115	285.125 	 65.797 	 61.069
FHW12115	285.250 	 65.797 	 61.071
FHW12115	285.375 	 65.791 	 61.069
FHW12115	285.500 	 65.795 	 61.069
FHW12115	285.625 	 65.797 	 61.069
FHW12115	285.750 	 65.797 	 61.069
FHW12115	285.875 	 65.790 	 61.071
FHW12115	286.000 	 65.797 	 61.069
FHW12115	286.125 	 65.797 	 61.071
FHW12115	286.250 	 65.797 	 61.069
FHW12115	286.375 	 65.791 	 61.069
FHW12115	286.500 	 65.797 	 61.071
FHW12115	286.625 	 65.797 	 61.069
FHW12115	286.750 	 65.797 	 61.069
FHW12115	286.875 	 65.790 	 61.071
FHW12115	287.000 	 65.797 	 61.069
FHW12115	287.125 	 65.797 	 61.071
FHW12115	287.250 	 65.791 	 61.069
FHW12115	287.375 	 65.797 	 61.069
FHW12115	287.500 	 65.797 	 61.071
FHW12115	287.625 	 65.797 	 61.069
FHW12115	287.750 	 65.791 	 61.069
FHW12115	287.875 	 65.797 	 61.071
FHW12115	288.000 	 65.797 	 61.069
FHW12115	288.125 	 66.160 	 61.103
FHW12115	288.250 	 68.832 	 61.351
FHW12115	288.375 	 68.824 	 61.350
FHW12115	288.500 	 68.832 	 61.351
FHW12115	288.625 	 68.830 	 61.350
FHW12115	288.750 	 68.830 	 61.350
FHW12115	288.875 	 68.832 	 61.350
FHW12115	289.000 	 68.830 	 61.350
FHW12115	289.125 	 68.830 	 61.350
FHW12115	289.250 	 68.825 	 61.351
FHW12115	289.375 	 68.830 	 61.350
FHW12115	289.500 	 68.832 	 61.350
FHW12115	289.625 	 68.830 	 61.350
FHW12115	289.750 	 68.830 	 61.350
FHW12115	289.875 	 68.832 	 61.351
FHW12115	290.000 	 68.830 	 61.350
FHW12115	290.125 	 68.825 	 61.351
FHW12115	290.250 	 68.831 	 61.348
FHW12115	290.375 	 68.830 	 61.350
FHW12115	290.500 	 68.832 	 61.351
FHW12115	290.625 	 68.830 	 61.350
FHW12115	290.750 	 68.830 	 61.350
FHW12115	290.875 	 68.832 	 61.351
FHW12115	291.000 	 68.824 	 61.348
FHW12115	291.125 	 68.832 	 61.351
FHW12115	291.250 	 68.830 	 61.350
FHW12115	291.375 	 68.830 	 61.350
FHW12115	291.500 	 68.832 	 61.351
FHW12115	291.625 	 68.830 	 61.350
FHW12115	291.750 	 68.832 	 61.350
FHW12115	291.875 	 68.824 	 61.350
FHW12115	292.000 	 68.830 	 61.350
FHW12115	292.125 	 68.832 	 61.351
FHW12115	292.250 	 68.830 	 61.350
FHW12115	292.375 	 68.832 	 61.350
FHW12115	292.500 	 68.830 	 61.350
FHW12115	292.625 	 68.830 	 61.350
FHW12115	292.750 	 68.825 	 61.351
FHW12115	292.875 	 68.830 	 61.350
FHW12115	293.000 	 68.830 	 61.350
FHW12115	293.125 	 68.832 	 61.350
FHW12115	293.250 	 68.830 	 61.350
FHW12115	293.375 	 68.832 	 61.351
FHW12115	293.500 	 68.830 	 61.350
FHW12115	293.625 	 68.824 	 61.350
FHW12115	293.750 	 68.832 	 61.351
FHW12115	293.875 	 68.831 	 61.348
FHW12115	294.000 	 68.832 	 61.351
FHW12115	294.125 	 68.830 	 61.350
FHW12115	294.250 	 68.830 	 61.350
FHW12115	294.375 	 68.832 	 61.351
FHW12115	294.500 	 68.824 	 61.350
FHW12115	294.625 	 68.832 	 61.350
FHW12115	294.750 	 68.830 	 61.350
FHW12115	294.875 	 68.830 	 61.350
FHW12115	295.000 	 68.832 	 61.351
FHW12115	295.125 	 68.830 	 61.350
FHW12115	295.250 	 68.830 	 61.350
FHW12115	295.375 	 68.825 	 61.350
FHW12115	295.500 	 68.830 	 61.350
FHW12115	295.625 	 68.832 	 61.351
FHW12115	295.750 	 68.830 	 61.350
FHW12115	295.875 	 68.830 	 61.350
FHW12115	296.000 	 68.832 	 61.350
FHW12115	296.125 	 68.830 	 61.350
FHW12115	296.250 	 68.825 	 61.351
FHW12115	296.375 	 68.830 	 61.350
FHW12115	296.500 	 68.830 	 61.350
FHW12115	296.625 	 68.832 	 61.351
FHW12115	296.750 	 68.831 	 61.348
FHW12115	296.875 	 68.832 	 61.351
FHW12115	297.000 	 68.830 	 61.350
FHW12115	297.125 	 68.824 	 61.350
FHW12115	297.250 	 68.832 	 61.351
FHW12115	297.375 	 68.830 	 61.350
FHW12115	297.500 	 68.831 	 61.348
FHW12115	297.625 	 68.832 	 61.351
FHW12115	297.750 	 68.830 	 61.350
FHW12115	297.875 	 69.271 	 61.384
FHW12115	298.000 	 71.052 	 61.521
FHW12115	298.125 	 71.051 	 61.520
FHW12115	298.250 	 71.044 	 61.520
FHW12115	298.375 	 71.051 	 61.520
FHW12115	298.500 	 71.052 	 61.521
FHW12115	298.625 	 71.051 	 61.520
FHW12115	298.750 	 71.051 	 61.520
FHW12115	298.875 	 71.051 	 61.520
FHW12115	299.000 	 71.046 	 61.520
FHW12115	299.125 	 71.051 	 61.520
FHW12115	299.250 	 71.051 	 61.520
FHW12115	299.375 	 71.051 	 61.520
FHW12115	299.500 	 71.052 	 61.521
FHW12115	299.625 	 71.044 	 61.520
FHW12115	299.750 	 71.051 	 61.520
FHW12115	299.875 	 71.052 	 61.521
FHW12115	300.000 	 71.051 	 61.520
FHW12115	300.125 	 71.051 	 61.520
FHW12115	300.250 	 71.044 	 61.520
FHW12115	300.375 	 71.052 	 61.521
FHW12115	300.500 	 71.051 	 61.520
FHW12115	300.625 	 71.051 	 61.518
FHW12115	300.750 	 71.051 	 61.520
FHW12115	300.875 	 71.045 	 61.521
FHW12115	301.000 	 71.051 	 61.520
FHW12115	301.125 	 71.051 	 61.520
FHW12115	301.250 	 71.051 	 61.520
FHW12115	301.375 	 71.052 	 61.521
FHW12115	301.500 	 71.044 	 61.520
FHW12115	301.625 	 71.051 	 61.520
FHW12115	301.750 	 71.051 	 61.520
FHW12115	301.875 	 71.052 	 61.521
FHW12115	302.000 	 71.051 	 61.520
FHW12115	302.125 	 71.044 	 61.520
FHW12115	302.250 	 71.051 	 61.518
FHW12115	302.375 	 71.052 	 61.521
FHW12115	302.500 	 71.051 	 61.520
FHW12115	302.625 	 71.051 	 61.520
FHW12115	302.750 	 71.044 	 61.520
FHW12115	302.875 	 71.052 	 61.521
FHW12115	303.000 	 71.051 	 61.520
FHW12115	303.125 	 72.693 	 61.731
FHW12115	303.250 	 72.686 	 61.729
FHW12115	303.375 	 72.692 	 61.729
FHW12115	303.500 	 72.686 	 61.729
FHW12115	303.625 	 72.693 	 61.731
FHW12115	303.750 	 72.693 	 61.731
FHW12115	303.875 	 72.686 	 61.729
FHW12115	304.000 	 72.692 	 61.729
FHW12115	304.125 	 72.686 	 61.729
FHW12115	304.250 	 72.693 	 61.731
FHW12115	304.375 	 72.693 	 61.731
FHW12115	304.500 	 72.686 	 61.729
FHW12115	304.625 	 72.692 	 61.729
FHW12115	304.750 	 72.686 	 61.729
FHW12115	304.875 	 72.693 	 61.731
FHW12115	305.000 	 72.693 	 61.731
FHW12115	305.125 	 72.686 	 61.729
FHW12115	305.250 	 72.692 	 61.729
FHW12115	305.375 	 72.693 	 61.729
FHW12115	305.500 	 72.686 	 61.731
FHW12115	305.625 	 72.693 	 61.729
FHW12115	305.750 	 72.686 	 61.731
FHW12115	305.875 	 72.692 	 61.729
FHW12115	306.000 	 72.693 	 61.729
FHW12115	306.125 	 72.686 	 61.731
FHW12115	306.250 	 72.693 	 61.729
FHW12115	306.375 	 72.686 	 61.731
FHW12115	306.500 	 72.692 	 61.729
FHW12115	306.625 	 72.693 	 61.729
FHW12115	306.750 	 72.686 	 61.731
FHW12115	306.875 	 72.693 	 61.729
FHW12115	307.000 	 72.686 	 61.731
FHW12115	307.125 	 72.692 	 61.729
FHW12115	307.250 	 72.693 	 61.729
FHW12115	307.375 	 72.686 	 61.731
FHW12115	307.500 	 72.693 	 61.729
FHW12115	307.625 	 73.434 	 61.824
FHW12115	307.750 	 75.346 	 62.061
FHW12115	307.875 	 75.339 	 62.059
FHW12115	308.000 	 75.346 	 62.061
FHW12115	308.125 	 75.347 	 62.059
FHW12115	308.250 	 75.346 	 62.061
FHW12115	308.375 	 75.346 	 62.061
FHW12115	308.500 	 75.340 	 62.061
FHW12115	308.625 	 75.347 	 62.059
FHW12115	308.750 	 75.346 	 62.061
FHW12115	308.875 	 75.346 	 62.061
FHW12115	309.000 	 75.346 	 62.061
FHW12115	309.125 	 75.339 	 62.059
FHW12115	309.250 	 75.347 	 62.059
FHW12115	309.375 	 75.346 	 62.061
FHW12115	309.500 	 75.346 	 62.061
FHW12115	309.625 	 75.346 	 62.061
FHW12115	309.750 	 75.340 	 62.059
FHW12115	309.875 	 75.346 	 62.061
FHW12115	310.000 	 75.346 	 62.061
FHW12115	310.125 	 75.346 	 62.061
FHW12115	310.250 	 75.346 	 62.061
FHW12115	310.375 	 75.346 	 62.057
FHW12115	310.500 	 75.340 	 62.061
FHW12115	310.625 	 75.346 	 62.061
FHW12115	310.750 	 75.346 	 62.061
FHW12115	310.875 	 75.347 	 62.059
FHW12115	311.000 	 75.346 	 62.061
FHW12115	311.125 	 75.340 	 62.061
FHW12115	311.250 	 75.346 	 62.061
FHW12115	311.375 	 75.346 	 62.061
FHW12115	311.500 	 75.347 	 62.059
FHW12115	311.625 	 75.346 	 62.059
FHW12115	311.750 	 75.340 	 62.061
FHW12115	311.875 	 75.346 	 62.061
FHW12115	312.000 	 75.347 	 62.059
FHW12115	312.125 	 75.346 	 62.061
FHW12115	312.250 	 75.346 	 62.061
FHW12115	312.375 	 75.340 	 62.061
FHW12115	312.500 	 75.347 	 62.059
FHW12115	312.625 	 75.346 	 62.061
FHW12115	312.750 	 75.346 	 62.061
FHW12115	312.875 	 75.346 	 62.059
FHW12115	313.000 	 75.346 	 62.061
FHW12115	313.125 	 75.340 	 62.059
FHW12115	313.250 	 75.346 	 62.061
FHW12115	313.375 	 75.346 	 62.061
FHW12115	313.500 	 75.346 	 62.061
FHW12115	313.625 	 75.347 	 62.059
FHW12115	313.750 	 75.340 	 62.061
FHW12115	313.875 	 75.346 	 62.061
FHW12115	314.000 	 75.346 	 62.061
FHW12115	314.125 	 75.346 	 62.059
FHW12115	314.250 	 75.347 	 62.059
FHW12115	314.375 	 75.340 	 62.061
FHW12115	314.500 	 75.346 	 62.061
FHW12115	314.625 	 75.346 	 62.061
FHW12115	314.750 	 75.347 	 62.059
FHW12115	314.875 	 75.346 	 62.061
FHW12115	315.000 	 75.340 	 62.061
FHW12115	315.125 	 75.346 	 62.061
FHW12115	315.250 	 75.346 	 62.061
FHW12115	315.375 	 75.346 	 62.057
FHW12115	315.500 	 75.346 	 62.061
FHW12115	315.625 	 75.340 	 62.061
FHW12115	315.750 	 75.346 	 62.061
FHW12115	315.875 	 75.347 	 62.059
FHW12115	316.000 	 75.346 	 62.061
FHW12115	316.125 	 75.346 	 62.061
FHW12115	316.250 	 75.346 	 62.061
FHW12115	316.375 	 75.340 	 62.061
FHW12115	316.500 	 75.347 	 62.059
FHW12115	316.625 	 75.346 	 62.059
FHW12115	316.750 	 75.346 	 62.061
FHW12115	316.875 	 75.346 	 62.061
FHW12115	317.000 	 75.340 	 62.059
FHW12115	317.125 	 75.346 	 62.061
FHW12115	317.250 	 75.346 	 62.061
FHW12115	317.375 	 79.184 	 62.030
FHW12115	317.500 	 79.184 	 62.032
FHW12115	317.625 	 79.191 	 62.027
FHW12115	317.750 	 79.184 	 62.030
FHW12115	317.875 	 79.184 	 62.032
FHW12115	318.000 	 79.184 	 62.030
FHW12115	318.125 	 79.184 	 62.027
FHW12115	318.250 	 79.184 	 62.032
FHW12115	318.375 	 79.190 	 62.030
FHW12115	318.500 	 79.184 	 62.032
FHW12115	318.625 	 79.184 	 62.027
FHW12115	318.750 	 79.184 	 62.030
FHW12115	318.875 	 79.184 	 62.032
FHW12115	319.000 	 79.184 	 62.030
FHW12115	319.125 	 79.191 	 62.027
FHW12115	319.250 	 79.184 	 62.032
FHW12115	319.375 	 79.184 	 62.030
FHW12115	319.500 	 79.184 	 62.030
FHW12115	319.625 	 79.184 	 62.029
FHW12115	319.750 	 79.184 	 62.030
FHW12115	319.875 	 79.190 	 62.030
FHW12115	320.000 	 79.184 	 62.032
FHW12115	320.125 	 79.184 	 62.027
FHW12115	320.250 	 79.184 	 62.030
FHW12115	320.375 	 79.184 	 62.032
FHW12115	320.500 	 79.184 	 62.030
FHW12115	320.625 	 79.190 	 62.030
FHW12115	320.750 	 79.184 	 62.029
FHW12115	320.875 	 79.184 	 62.030
FHW12115	321.000 	 79.184 	 62.032
FHW12115	321.125 	 79.184 	 62.030
FHW12115	321.250 	 79.184 	 62.027
FHW12115	321.375 	 79.191 	 62.032
FHW12115	321.500 	 79.184 	 62.030
FHW12115	321.625 	 79.184 	 62.030
FHW12115	321.750 	 79.184 	 62.029
FHW12115	321.875 	 79.184 	 62.030
FHW12115	322.000 	 79.184 	 62.030
FHW12115	322.125 	 79.191 	 62.032
FHW12115	322.250 	 79.184 	 62.027
FHW12115	322.375 	 79.184 	 62.030
FHW12115	322.500 	 79.184 	 62.032
FHW12115	322.625 	 79.184 	 62.030
FHW12115	322.750 	 79.184 	 62.027
FHW12115	322.875 	 79.191 	 62.032
FHW12115	323.000 	 79.184 	 62.030
FHW12115	323.125 	 79.184 	 62.032
FHW12115	323.250 	 79.184 	 62.027
FHW12115	323.375 	 79.184 	 62.030
FHW12115	323.500 	 79.184 	 62.032
FHW12115	323.625 	 79.190 	 62.030
FHW12115	323.750 	 79.184 	 62.030
FHW12115	323.875 	 79.184 	 62.029
FHW12115	324.000 	 79.184 	 62.030
FHW12115	324.125 	 79.184 	 62.030
FHW12115	324.250 	 79.191 	 62.032
FHW12115	324.375 	 79.184 	 62.027
FHW12115	324.500 	 79.184 	 62.030
FHW12115	324.625 	 79.184 	 62.032
FHW12115	324.750 	 79.184 	 62.030
FHW12115	324.875 	 79.184 	 62.027
FHW12115	325.000 	 79.191 	 62.032
FHW12115	325.125 	 79.184 	 62.030
FHW12115	325.250 	 79.184 	 62.030
FHW12115	325.375 	 79.184 	 62.029
FHW12115	325.500 	 79.184 	 62.030
FHW12115	325.625 	 79.184 	 62.032
FHW12115	325.750 	 79.190 	 62.030
FHW12115	325.875 	 79.184 	 62.027
FHW12115	326.000 	 79.184 	 62.032
FHW12115	326.125 	 79.184 	 62.030
FHW12115	326.250 	 79.184 	 62.030
FHW12115	326.375 	 79.184 	 62.029
FHW12115	326.500 	 79.190 	 62.030
FHW12115	326.625 	 79.184 	 62.030
FHW12115	326.750 	 79.184 	 62.032
FHW12115	326.875 	 79.184 	 62.030
FHW12115	327.000 	 79.680 	 61.991
FHW12115	327.125 	 82.282 	 61.801
FHW12115	327.250 	 82.276 	 61.800
FHW12115	327.375 	 82.283 	 61.800
FHW12115	327.500 	 82.282 	 61.801
FHW12115	327.625 	 82.276 	 61.800
FHW12115	327.750 	 82.283 	 61.798
FHW12115	327.875 	 82.276 	 61.803
FHW12115	328.000 	 82.283 	 61.798
FHW12115	328.125 	 82.283 	 61.803
FHW12115	328.250 	 82.276 	 61.798
FHW12115	328.375 	 82.283 	 61.800
FHW12115	328.500 	 82.282 	 61.801
FHW12115	328.625 	 82.276 	 61.800
FHW12115	328.750 	 82.283 	 61.798
FHW12115	328.875 	 82.276 	 61.803
FHW12115	329.000 	 82.283 	 61.800
FHW12115	329.125 	 82.282 	 61.796
FHW12115	329.250 	 82.276 	 61.803
FHW12115	329.375 	 82.283 	 61.800
FHW12115	329.500 	 82.283 	 61.803
FHW12115	329.625 	 82.275 	 61.796
FHW12115	329.750 	 82.283 	 61.800
FHW12115	329.875 	 82.276 	 61.803
FHW12115	330.000 	 82.283 	 61.800
FHW12115	330.125 	 82.283 	 61.800
FHW12115	330.250 	 82.275 	 61.799
FHW12115	330.375 	 82.283 	 61.800
FHW12115	330.500 	 82.283 	 61.803
FHW12115	330.625 	 82.276 	 61.800
FHW12115	330.750 	 82.282 	 61.796
FHW12115	330.875 	 82.276 	 61.803
FHW12115	331.000 	 82.283 	 61.800
FHW12115	331.125 	 82.283 	 61.800
FHW12115	331.250 	 82.275 	 61.799
FHW12115	331.375 	 82.283 	 61.800
FHW12115	331.500 	 82.283 	 61.803
FHW12115	331.625 	 82.276 	 61.800
FHW12115	331.750 	 82.282 	 61.796
FHW12115	331.875 	 82.276 	 61.803
FHW12115	332.000 	 82.283 	 61.800
FHW12115	332.125 	 84.318 	 61.750
FHW12115	332.250 	 84.312 	 61.750
FHW12115	332.375 	 84.318 	 61.750
FHW12115	332.500 	 84.312 	 61.753
FHW12115	332.625 	 84.318 	 61.747
FHW12115	332.750 	 84.312 	 61.753
FHW12115	332.875 	 84.318 	 61.747
FHW12115	333.000 	 84.311 	 61.750
FHW12115	333.125 	 84.318 	 61.753
FHW12115	333.250 	 84.311 	 61.747
FHW12115	333.375 	 84.318 	 61.753
FHW12115	333.500 	 84.311 	 61.747
FHW12115	333.625 	 84.318 	 61.753
FHW12115	333.750 	 84.311 	 61.750
FHW12115	333.875 	 84.319 	 61.750
FHW12115	334.000 	 84.318 	 61.750
FHW12115	334.125 	 84.311 	 61.750
FHW12115	334.250 	 84.319 	 61.750
FHW12115	334.375 	 84.311 	 61.750
FHW12115	334.500 	 84.318 	 61.753
FHW12115	334.625 	 84.311 	 61.747
FHW12115	334.750 	 84.318 	 61.753
FHW12115	334.875 	 84.311 	 61.747
FHW12115	335.000 	 84.318 	 61.753
FHW12115	335.125 	 84.311 	 61.750
FHW12115	335.250 	 84.318 	 61.747
FHW12115	335.375 	 84.312 	 61.753
FHW12115	335.500 	 84.318 	 61.747
FHW12115	335.625 	 84.312 	 61.753
FHW12115	335.750 	 84.318 	 61.750
FHW12115	335.875 	 84.312 	 61.750
FHW12115	336.000 	 84.318 	 61.750
FHW12115	336.125 	 87.705 	 61.496
FHW12115	336.250 	 87.705 	 61.493
FHW12115	336.375 	 87.705 	 61.496
FHW12115	336.500 	 87.705 	 61.496
FHW12115	336.625 	 87.705 	 61.493
FHW12115	336.750 	 87.705 	 61.496
FHW12115	336.875 	 87.704 	 61.493
FHW12115	337.000 	 87.705 	 61.496
FHW12115	337.125 	 87.705 	 61.493
FHW12115	337.250 	 87.712 	 61.496
FHW12115	337.375 	 87.705 	 61.496
FHW12115	337.500 	 87.705 	 61.493
FHW12115	337.625 	 87.705 	 61.496
FHW12115	337.750 	 87.705 	 61.496
FHW12115	337.875 	 87.705 	 61.493
FHW12115	338.000 	 87.705 	 61.496
FHW12115	338.125 	 87.705 	 61.496
FHW12115	338.250 	 87.705 	 61.493
FHW12115	338.375 	 87.704 	 61.493
FHW12115	338.500 	 87.705 	 61.496
FHW12115	338.625 	 87.705 	 61.493
FHW12115	338.750 	 87.705 	 61.496
FHW12115	338.875 	 87.705 	 61.496
FHW12115	339.000 	 87.705 	 61.496
FHW12115	339.125 	 87.705 	 61.493
FHW12115	339.250 	 87.705 	 61.496
FHW12115	339.375 	 87.705 	 61.496
FHW12115	339.500 	 87.705 	 61.493
FHW12115	339.625 	 87.705 	 61.496
FHW12115	339.750 	 87.712 	 61.496
FHW12115	339.875 	 87.705 	 61.493
FHW12115	340.000 	 87.704 	 61.493
FHW12115	340.125 	 87.705 	 61.496
FHW12115	340.250 	 87.705 	 61.493
FHW12115	340.375 	 87.705 	 61.496
FHW12115	340.500 	 87.705 	 61.496
FHW12115	340.625 	 87.705 	 61.493
FHW12115	340.750 	 87.705 	 61.496
FHW12115	340.875 	 87.705 	 61.496
FHW12115	341.000 	 87.705 	 61.496
FHW12115	341.125 	 87.705 	 61.493
FHW12115	341.250 	 87.705 	 61.496
FHW12115	341.375 	 87.705 	 61.496
FHW12115	341.500 	 87.705 	 61.493
FHW12115	341.625 	 87.704 	 61.493
FHW12115	341.750 	 87.705 	 61.496
FHW12115	341.875 	 87.705 	 61.493
FHW12115	342.000 	 87.705 	 61.496
FHW12115	342.125 	 87.712 	 61.496
FHW12115	342.250 	 87.705 	 61.493
FHW12115	342.375 	 87.705 	 61.496
FHW12115	342.500 	 87.705 	 61.496
FHW12115	342.625 	 87.705 	 61.493
FHW12115	342.750 	 87.705 	 61.496
FHW12115	342.875 	 87.705 	 61.496
FHW12115	343.000 	 87.705 	 61.496
FHW12115	343.125 	 87.704 	 61.490
FHW12115	343.250 	 87.705 	 61.496
FHW12115	343.375 	 87.712 	 61.496
FHW12115	343.500 	 87.705 	 61.493
FHW12115	343.625 	 87.705 	 61.496
FHW12115	343.750 	 87.705 	 61.496
FHW12115	343.875 	 87.705 	 61.493
FHW12115	344.000 	 87.705 	 61.496
FHW12115	344.125 	 87.705 	 61.496
FHW12115	344.250 	 87.705 	 61.493
FHW12115	344.375 	 87.705 	 61.496
FHW12115	344.500 	 87.705 	 61.496
FHW12115	344.625 	 87.705 	 61.493
FHW12115	344.750 	 87.704 	 61.493
FHW12115	344.875 	 87.705 	 61.496
FHW12115	345.000 	 87.705 	 61.496
FHW12115	345.125 	 87.705 	 61.493
FHW12115	345.250 	 87.705 	 61.496
FHW12115	345.375 	 87.705 	 61.496
FHW12115	345.500 	 87.705 	 61.493
FHW12115	345.625 	 87.705 	 61.496
FHW12115	345.750 	 87.705 	 61.496
FHW12115	345.875 	 87.705 	 61.493
FHW12115	346.000 	 87.705 	 61.496
FHW12115	346.125 	 87.705 	 61.496
FHW12115	346.250 	 87.704 	 61.490
FHW12115	346.375 	 87.705 	 61.496
FHW12115	346.500 	 89.594 	 61.328
FHW12115	346.625 	 91.063 	 61.194
FHW12115	346.750 	 91.063 	 61.194
FHW12115	346.875 	 91.063 	 61.197
FHW12115	347.000 	 91.063 	 61.194
FHW12115	347.125 	 91.063 	 61.197
FHW12115	347.250 	 91.063 	 61.191
FHW12115	347.375 	 91.077 	 61.194
FHW12115	347.500 	 91.063 	 61.197
FHW12115	347.625 	 91.063 	 61.194
FHW12115	347.750 	 91.063 	 61.194
FHW12115	347.875 	 91.063 	 61.194
FHW12115	348.000 	 91.063 	 61.194
FHW12115	348.125 	 91.063 	 61.194
FHW12115	348.250 	 91.077 	 61.197
FHW12115	348.375 	 91.063 	 61.194
FHW12115	348.500 	 91.063 	 61.197
FHW12115	348.625 	 91.063 	 61.191
FHW12115	348.750 	 91.063 	 61.194
FHW12115	348.875 	 91.063 	 61.197
FHW12115	349.000 	 91.063 	 61.194
FHW12115	349.125 	 91.063 	 61.194
FHW12115	349.250 	 91.077 	 61.194
FHW12115	349.375 	 91.063 	 61.194
FHW12115	349.500 	 91.063 	 61.197
FHW12115	349.625 	 91.063 	 61.194
FHW12115	349.750 	 91.063 	 61.194
FHW12115	349.875 	 91.063 	 61.197
FHW12115	350.000 	 91.063 	 61.191
FHW12115	350.125 	 91.077 	 61.194
FHW12115	350.250 	 91.063 	 61.197
FHW12115	350.375 	 91.063 	 61.194
FHW12115	350.500 	 91.063 	 61.197
FHW12115	350.625 	 91.063 	 61.194
FHW12115	350.750 	 91.063 	 61.191
FHW12115	350.875 	 91.063 	 61.197
FHW12115	351.000 	 91.063 	 61.194
FHW12115	351.125 	 91.077 	 61.194
FHW12115	351.250 	 91.063 	 61.197
FHW12115	351.375 	 91.063 	 61.191
FHW12115	351.500 	 91.063 	 61.197
FHW12115	351.625 	 91.063 	 61.194
FHW12115	351.750 	 91.063 	 61.194
FHW12115	351.875 	 91.063 	 61.197
FHW12115	352.000 	 91.077 	 61.194
FHW12115	352.125 	 91.063 	 61.191
FHW12115	352.250 	 91.063 	 61.197
FHW12115	352.375 	 91.063 	 61.194
FHW12115	352.500 	 91.063 	 61.197
FHW12115	352.625 	 91.063 	 61.194
FHW12115	352.750 	 91.063 	 61.191
FHW12115	352.875 	 91.077 	 61.197
FHW12115	353.000 	 91.063 	 61.194
FHW12115	353.125 	 91.063 	 61.194
FHW12115	353.250 	 91.063 	 61.197
FHW12115	353.375 	 91.063 	 61.194
FHW12115	353.500 	 91.063 	 61.191
FHW12115	353.625 	 91.070 	 61.197
FHW12115	353.750 	 91.063 	 61.194
FHW12115	353.875 	 91.063 	 61.197
FHW12115	354.000 	 91.063 	 61.194
FHW12115	354.125 	 91.070 	 61.191
FHW12115	354.250 	 91.063 	 61.197
FHW12115	354.375 	 91.063 	 61.194
FHW12115	354.500 	 91.070 	 61.194
FHW12115	354.625 	 91.063 	 61.197
FHW12115	354.750 	 91.063 	 61.194
FHW12115	354.875 	 91.063 	 61.194
FHW12115	355.000 	 91.070 	 61.194
FHW12115	355.125 	 91.063 	 61.194
FHW12115	355.250 	 91.063 	 61.197
FHW12115	355.375 	 91.063 	 61.194
FHW12115	355.500 	 91.070 	 61.194
FHW12115	355.625 	 91.063 	 61.194
FHW12115	355.750 	 91.063 	 61.194
FHW12115	355.875 	 91.063 	 61.197
FHW12115	356.000 	 91.070 	 61.194
FHW12115	356.125 	 91.063 	 61.194
FHW12115	356.250 	 91.917 	 61.168
FHW12115	356.375 	 92.575 	 61.152
FHW12115	356.500 	 92.582 	 61.149
FHW12115	356.625 	 92.582 	 61.152
FHW12115	356.750 	 92.582 	 61.149
FHW12115	356.875 	 92.575 	 61.152
FHW12115	357.000 	 92.582 	 61.148
FHW12115	357.125 	 92.582 	 61.149
FHW12115	357.250 	 92.582 	 61.152
FHW12115	357.375 	 92.575 	 61.149
FHW12115	357.500 	 92.582 	 61.152
FHW12115	357.625 	 92.582 	 61.152
FHW12115	357.750 	 92.582 	 61.149
FHW12115	357.875 	 92.575 	 61.148
FHW12115	358.000 	 92.582 	 61.149
FHW12115	358.125 	 92.582 	 61.152
FHW12115	358.250 	 92.582 	 61.149
FHW12115	358.375 	 92.575 	 61.152
FHW12115	358.500 	 92.582 	 61.152
FHW12115	358.625 	 92.582 	 61.145
FHW12115	358.750 	 92.582 	 61.152
FHW12115	358.875 	 92.575 	 61.149
FHW12115	359.000 	 92.582 	 61.152
FHW12115	359.125 	 92.582 	 61.152
FHW12115	359.250 	 92.582 	 61.149
FHW12115	359.375 	 92.575 	 61.152
FHW12115	359.500 	 92.582 	 61.145
FHW12115	359.625 	 92.582 	 61.152
FHW12115	359.750 	 92.582 	 61.152
FHW12115	359.875 	 92.575 	 61.149
FHW12115	360.000 	 92.582 	 61.152
FHW12115	360.125 	 92.582 	 61.149
FHW12115	360.250 	 92.582 	 61.148
FHW12115	360.375 	 92.575 	 61.152
FHW12115	360.500 	 92.582 	 61.149
FHW12115	360.625 	 92.582 	 61.152
FHW12115	360.750 	 92.582 	 61.149
FHW12115	360.875 	 92.575 	 61.152
FHW12115	361.000 	 92.582 	 61.148
FHW12115	361.125 	 92.582 	 61.149
FHW12115	361.250 	 92.582 	 61.152
FHW12115	361.375 	 92.575 	 61.149
FHW12115	361.500 	 92.582 	 61.152
FHW12115	361.625 	 92.582 	 61.149
FHW12115	361.750 	 92.582 	 61.152
FHW12115	361.875 	 92.575 	 61.148
FHW12115	362.000 	 92.582 	 61.149
FHW12115	362.125 	 92.582 	 61.152
FHW12115	362.250 	 92.582 	 61.149
FHW12115	362.375 	 92.575 	 61.152
FHW12115	362.500 	 92.582 	 61.152
FHW12115	362.625 	 92.582 	 61.145
FHW12115	362.750 	 92.582 	 61.152
FHW12115	362.875 	 92.575 	 61.149
FHW12115	363.000 	 92.582 	 61.152
FHW12115	363.125 	 92.582 	 61.152
FHW12115	363.250 	 92.582 	 61.149
FHW12115	363.375 	 92.575 	 61.152
FHW12115	363.500 	 92.582 	 61.145
FHW12115	363.625 	 92.582 	 61.152
FHW12115	363.750 	 92.582 	 61.152
FHW12115	363.875 	 92.575 	 61.149
FHW12115	364.000 	 92.582 	 61.152
FHW12115	364.125 	 92.582 	 61.149
FHW12115	364.250 	 92.582 	 61.148
FHW12115	364.375 	 92.575 	 61.152
FHW12115	364.500 	 92.582 	 61.149
FHW12115	364.625 	 92.582 	 61.152
FHW12115	364.750 	 92.582 	 61.149
FHW12115	364.875 	 92.575 	 61.152
FHW12115	365.000 	 92.582 	 61.148
FHW12115	365.125 	 92.582 	 61.149
FHW12115	365.250 	 92.582 	 61.152
FHW12115	365.375 	 92.575 	 61.149
FHW12115	365.500 	 92.582 	 61.152
FHW12115	365.625 	 92.582 	 61.149
FHW12115	365.750 	 92.582 	 61.152
FHW12115	365.875 	 92.575 	 61.148
FHW12115	366.000 	 92.582 	 61.149
FHW12115	366.125 	 92.582 	 61.152
FHW12115	366.250 	 92.582 	 61.149
FHW12115	366.375 	 92.575 	 61.152
FHW12115	366.500 	 92.582 	 61.152
FHW12115	366.625 	 92.582 	 61.145
FHW12115	366.750 	 92.582 	 61.152
FHW12115	366.875 	 92.575 	 61.149
FHW12115	367.000 	 92.582 	 61.152
FHW12115	367.125 	 92.050 	 61.203
FHW12115	367.250 	 92.050 	 61.196
FHW12115	367.375 	 92.050 	 61.203
FHW12115	367.500 	 92.050 	 61.200
FHW12115	367.625 	 92.050 	 61.199
FHW12115	367.750 	 92.050 	 61.200
FHW12115	367.875 	 92.050 	 61.199
FHW12115	368.000 	 92.050 	 61.200
FHW12115	368.125 	 92.050 	 61.203
FHW12115	368.250 	 92.050 	 61.196
FHW12115	368.375 	 92.050 	 61.203
FHW12115	368.500 	 92.050 	 61.200
FHW12115	368.625 	 92.050 	 61.199
FHW12115	368.750 	 92.050 	 61.203
FHW12115	368.875 	 92.050 	 61.196
FHW12115	369.000 	 92.050 	 61.203
FHW12115	369.125 	 92.050 	 61.200
FHW12115	369.250 	 92.050 	 61.199
FHW12115	369.375 	 92.050 	 61.200
FHW12115	369.500 	 92.050 	 61.203
FHW12115	369.625 	 92.050 	 61.196
FHW12115	369.750 	 92.050 	 61.203
FHW12115	369.875 	 92.050 	 61.196
FHW12115	370.000 	 92.050 	 61.203
FHW12115	370.125 	 92.050 	 61.200
FHW12115	370.250 	 92.050 	 61.199
FHW12115	370.375 	 92.050 	 61.203
FHW12115	370.500 	 92.050 	 61.200
FHW12115	370.625 	 92.050 	 61.199
FHW12115	370.750 	 92.050 	 61.200
FHW12115	370.875 	 92.050 	 61.199
FHW12115	371.000 	 92.050 	 61.200
FHW12115	371.125 	 92.050 	 61.203
FHW12115	371.250 	 92.050 	 61.196
FHW12115	371.375 	 92.050 	 61.203
FHW12115	371.500 	 92.057 	 61.200
FHW12115	371.625 	 92.050 	 61.199
FHW12115	371.750 	 92.050 	 61.200
FHW12115	371.875 	 92.050 	 61.199
FHW12115	372.000 	 92.050 	 61.203
FHW12115	372.125 	 92.050 	 61.200
FHW12115	372.250 	 92.050 	 61.199
FHW12115	372.375 	 92.050 	 61.200
FHW12115	372.500 	 92.050 	 61.203
FHW12115	372.625 	 92.050 	 61.196
FHW12115	372.750 	 92.050 	 61.203
FHW12115	372.875 	 92.050 	 61.196
FHW12115	373.000 	 92.050 	 61.203
FHW12115	373.125 	 92.050 	 61.200
FHW12115	373.250 	 92.050 	 61.199
FHW12115	373.375 	 92.050 	 61.200
FHW12115	373.500 	 92.050 	 61.203
FHW12115	373.625 	 92.050 	 61.199
FHW12115	373.750 	 92.050 	 61.200
FHW12115	373.875 	 92.050 	 61.199
FHW12115	374.000 	 92.050 	 61.200
FHW12115	374.125 	 92.050 	 61.203
FHW12115	374.250 	 92.050 	 61.196
FHW12115	374.375 	 91.077 	 61.351
FHW12115	374.500 	 90.427 	 61.452
FHW12115	374.625 	 90.434 	 61.448
FHW12115	374.750 	 90.427 	 61.452
FHW12115	374.875 	 90.434 	 61.448
FHW12115	375.000 	 90.427 	 61.452
FHW12115	375.125 	 90.434 	 61.448
FHW12115	375.250 	 90.427 	 61.452
FHW12115	375.375 	 90.434 	 61.452
FHW12115	375.500 	 90.427 	 61.448
FHW12115	375.625 	 90.434 	 61.452
FHW12115	375.750 	 90.427 	 61.448
FHW12115	375.875 	 90.434 	 61.452
FHW12115	376.000 	 90.427 	 61.448
FHW12115	376.125 	 90.434 	 61.452
FHW12115	376.250 	 90.427 	 61.448
FHW12115	376.375 	 90.434 	 61.452
FHW12115	376.500 	 90.427 	 61.452
FHW12115	376.625 	 90.434 	 61.448
FHW12115	376.750 	 90.427 	 61.452
FHW12115	376.875 	 90.434 	 61.448
FHW12115	377.000 	 90.427 	 61.452
FHW12115	377.125 	 90.427 	 61.448
FHW12115	377.250 	 90.434 	 61.452
FHW12115	377.375 	 90.427 	 61.448
FHW12115	377.500 	 90.434 	 61.452
FHW12115	377.625 	 90.427 	 61.452
FHW12115	377.750 	 90.434 	 61.448
FHW12115	377.875 	 90.427 	 61.452
FHW12115	378.000 	 90.434 	 61.448
FHW12115	378.125 	 90.427 	 61.452
FHW12115	378.250 	 90.434 	 61.448
FHW12115	378.375 	 90.427 	 61.452
FHW12115	378.500 	 90.434 	 61.452
FHW12115	378.625 	 90.427 	 61.448
FHW12115	378.750 	 90.434 	 61.452
FHW12115	378.875 	 90.427 	 61.448
FHW12115	379.000 	 90.434 	 61.452
FHW12115	379.125 	 90.427 	 61.448
FHW12115	379.250 	 90.434 	 61.452
FHW12115	379.375 	 90.427 	 61.448
FHW12115	379.500 	 90.434 	 61.452
FHW12115	379.625 	 90.427 	 61.452
FHW12115	379.750 	 90.434 	 61.448
FHW12115	379.875 	 90.427 	 61.452
FHW12115	380.000 	 90.434 	 61.445
FHW12115	380.125 	 90.427 	 61.452
FHW12115	380.250 	 90.434 	 61.448
FHW12115	380.375 	 90.427 	 61.452
FHW12115	380.500 	 90.427 	 61.448
FHW12115	380.625 	 90.434 	 61.452
FHW12115	380.750 	 90.427 	 61.452
FHW12115	380.875 	 90.434 	 61.448
FHW12115	381.000 	 90.427 	 61.452
FHW12115	381.125 	 90.434 	 61.448
FHW12115	381.250 	 90.427 	 61.452
FHW12115	381.375 	 90.434 	 61.448
FHW12115	381.500 	 90.427 	 61.452
FHW12115	381.625 	 90.434 	 61.448
FHW12115	381.750 	 90.427 	 61.452
FHW12115	381.875 	 90.434 	 61.452
FHW12115	382.000 	 90.427 	 61.448
FHW12115	382.125 	 90.434 	 61.452
FHW12115	382.250 	 90.427 	 61.448
FHW12115	382.375 	 90.434 	 61.452
FHW12115	382.500 	 90.427 	 61.448
FHW12115	382.625 	 90.434 	 61.452
FHW12115	382.750 	 90.427 	 61.452
FHW12115	382.875 	 90.434 	 61.448
FHW12115	383.000 	 90.427 	 61.452
FHW12115	383.125 	 90.434 	 61.448
FHW12115	383.250 	 90.427 	 61.452
FHW12115	383.375 	 90.434 	 61.448
FHW12115	383.500 	 90.427 	 61.452
FHW12115	383.625 	 90.434 	 61.448
FHW12115	383.750 	 90.427 	 61.452
FHW12115	383.875 	 90.217 	 61.552
FHW12115	384.000 	 90.224 	 61.548
FHW12115	384.125 	 90.217 	 61.552
FHW12115	384.250 	 90.224 	 61.548
FHW12115	384.375 	 90.217 	 61.549
FHW12115	384.500 	 90.224 	 61.552
FHW12115	384.625 	 90.217 	 61.548
FHW12115	384.750 	 90.224 	 61.552
FHW12115	384.875 	 90.217 	 61.548
FHW12115	385.000 	 90.224 	 61.552
FHW12115	385.125 	 90.217 	 61.552
FHW12115	385.250 	 90.217 	 61.548
FHW12115	385.375 	 90.224 	 61.552
FHW12115	385.500 	 90.217 	 61.545
FHW12115	385.625 	 90.224 	 61.552
FHW12115	385.750 	 90.217 	 61.552
FHW12115	385.875 	 90.224 	 61.548
FHW12115	386.000 	 90.217 	 61.552
FHW12115	386.125 	 90.224 	 61.548
FHW12115	386.250 	 90.217 	 61.552
FHW12115	386.375 	 90.224 	 61.552
FHW12115	386.500 	 90.217 	 61.548
FHW12115	386.625 	 90.217 	 61.552
FHW12115	386.750 	 90.224 	 61.545
FHW12115	386.875 	 90.217 	 61.552
FHW12115	387.000 	 90.224 	 61.552
FHW12115	387.125 	 90.217 	 61.548
FHW12115	387.250 	 90.224 	 61.552
FHW12115	387.375 	 90.217 	 61.548
FHW12115	387.500 	 90.224 	 61.552
FHW12115	387.625 	 90.217 	 61.552
FHW12115	387.750 	 90.217 	 61.548
FHW12115	387.875 	 90.224 	 61.549
FHW12115	388.000 	 90.217 	 61.548
FHW12115	388.125 	 90.224 	 61.552
FHW12115	388.250 	 90.217 	 61.552
FHW12115	388.375 	 90.224 	 61.548
FHW12115	388.500 	 90.217 	 61.552
FHW12115	388.625 	 90.224 	 61.548
FHW12115	388.750 	 90.217 	 61.552
FHW12115	388.875 	 90.224 	 61.552
FHW12115	389.000 	 90.217 	 61.545
FHW12115	389.125 	 90.217 	 61.552
FHW12115	389.250 	 90.224 	 61.548
FHW12115	389.375 	 90.217 	 61.552
FHW12115	389.500 	 90.224 	 61.548
FHW12115	389.625 	 90.217 	 61.552
FHW12115	389.750 	 90.224 	 61.552
FHW12115	389.875 	 90.217 	 61.548
FHW12115	390.000 	 90.224 	 61.552
FHW12115	390.125 	 90.217 	 61.545
FHW12115	390.250 	 90.224 	 61.552
FHW12115	390.375 	 90.217 	 61.552
FHW12115	390.500 	 90.217 	 61.548
FHW12115	390.625 	 90.224 	 61.552
FHW12115	390.750 	 90.217 	 61.548
FHW12115	390.875 	 90.224 	 61.552
FHW12115	391.000 	 90.217 	 61.552
FHW12115	391.125 	 90.224 	 61.548
FHW12115	391.250 	 90.217 	 61.552
FHW12115	391.375 	 90.224 	 61.545
FHW12115	391.500 	 90.217 	 61.552
FHW12115	391.625 	 90.224 	 61.552
FHW12115	391.750 	 90.217 	 61.548
FHW12115	391.875 	 90.217 	 61.552
FHW12115	392.000 	 90.224 	 61.548
FHW12115	392.125 	 90.217 	 61.552
FHW12115	392.250 	 90.224 	 61.552
FHW12115	392.375 	 90.217 	 61.548
FHW12115	392.500 	 90.224 	 61.549
FHW12115	392.625 	 90.217 	 61.548
FHW12115	392.750 	 90.224 	 61.552
FHW12115	392.875 	 90.217 	 61.552
FHW12115	393.000 	 90.217 	 61.548
FHW12115	393.125 	 91.028 	 61.414
FHW12115	393.250 	 91.098 	 61.398
FHW12115	393.375 	 91.091 	 61.401
FHW12115	393.500 	 91.098 	 61.401
FHW12115	393.625 	 91.091 	 61.398
FHW12115	393.750 	 91.098 	 61.401
FHW12115	393.875 	 91.091 	 61.401
FHW12115	394.000 	 91.098 	 61.398
FHW12115	394.125 	 91.091 	 61.401
FHW12115	394.250 	 91.098 	 61.401
FHW12115	394.375 	 91.091 	 61.401
FHW12115	394.500 	 91.098 	 61.398
FHW12115	394.625 	 91.098 	 61.401
FHW12115	394.750 	 91.091 	 61.401
FHW12115	394.875 	 91.098 	 61.398
FHW12115	395.000 	 91.091 	 61.401
FHW12115	395.125 	 91.098 	 61.401
FHW12115	395.250 	 91.091 	 61.398
FHW12115	395.375 	 91.098 	 61.401
FHW12115	395.500 	 91.091 	 61.401
FHW12115	395.625 	 91.098 	 61.398
FHW12115	395.750 	 91.091 	 61.401
FHW12115	395.875 	 91.098 	 61.401
FHW12115	396.000 	 91.091 	 61.401
FHW12115	396.125 	 91.098 	 61.398
FHW12115	396.250 	 91.098 	 61.401
FHW12115	396.375 	 91.091 	 61.401
FHW12115	396.500 	 91.098 	 61.398
FHW12115	396.625 	 91.091 	 61.401
FHW12115	396.750 	 91.098 	 61.401
FHW12115	396.875 	 91.091 	 61.398
FHW12115	397.000 	 91.098 	 61.401
FHW12115	397.125 	 91.091 	 61.401
FHW12115	397.250 	 91.098 	 61.398
FHW12115	397.375 	 91.091 	 61.401
FHW12115	397.500 	 91.098 	 61.401
FHW12115	397.625 	 91.098 	 61.401
FHW12115	397.750 	 91.091 	 61.398
FHW12115	397.875 	 91.098 	 61.401
FHW12115	398.000 	 91.091 	 61.401
FHW12115	398.125 	 91.098 	 61.398
FHW12115	398.250 	 91.091 	 61.401
FHW12115	398.375 	 91.098 	 61.401
FHW12115	398.500 	 91.091 	 61.398
FHW12115	398.625 	 91.098 	 61.401
FHW12115	398.750 	 91.091 	 61.401
FHW12115	398.875 	 91.098 	 61.398
FHW12115	399.000 	 91.098 	 61.401
FHW12115	399.125 	 91.091 	 61.401
FHW12115	399.250 	 91.098 	 61.401
FHW12115	399.375 	 91.091 	 61.398
FHW12115	399.500 	 91.098 	 61.401
FHW12115	399.625 	 91.091 	 61.401
FHW12115	399.750 	 91.098 	 61.398
FHW12115	399.875 	 91.091 	 61.401
FHW12115	400.000 	 91.098 	 61.401
FHW12115	400.125 	 91.091 	 61.398
FHW12115	400.250 	 91.098 	 61.401
FHW12115	400.375 	 91.091 	 61.398
FHW12115	400.500 	 91.098 	 61.398
FHW12115	400.625 	 91.098 	 61.401
FHW12115	400.750 	 91.091 	 61.401
FHW12115	400.875 	 91.098 	 61.398
FHW12115	401.000 	 91.091 	 61.401
FHW12115	401.125 	 91.098 	 61.401
FHW12115	401.250 	 91.091 	 61.401
FHW12115	401.375 	 91.098 	 61.398
FHW12115	401.500 	 91.091 	 61.401
FHW12115	401.625 	 91.098 	 61.401
FHW12115	401.750 	 91.091 	 61.398
FHW12115	401.875 	 91.098 	 61.401
FHW12115	402.000 	 91.098 	 61.401
FHW12115	402.125 	 91.091 	 61.398
FHW12115	402.250 	 91.098 	 61.401
FHW12115	402.375 	 91.091 	 61.401
FHW12115	402.500 	 91.672 	 61.401
FHW12115	402.625 	 91.896 	 61.400
FHW12115	402.750 	 91.896 	 61.397
FHW12115	402.875 	 91.896 	 61.404
FHW12115	403.000 	 91.896 	 61.397
FHW12115	403.125 	 91.896 	 61.404
FHW12115	403.250 	 91.889 	 61.397
FHW12115	403.375 	 91.896 	 61.400
FHW12115	403.500 	 91.896 	 61.400
FHW12115	403.625 	 91.896 	 61.400
FHW12115	403.750 	 91.896 	 61.400
FHW12115	403.875 	 91.896 	 61.400
FHW12115	404.000 	 91.896 	 61.400
FHW12115	404.125 	 91.896 	 61.400
FHW12115	404.250 	 91.896 	 61.397
FHW12115	404.375 	 91.889 	 61.404
FHW12115	404.500 	 91.896 	 61.397
FHW12115	404.625 	 91.896 	 61.404
FHW12115	404.750 	 91.896 	 61.397
FHW12115	404.875 	 91.896 	 61.404
FHW12115	405.000 	 91.896 	 61.397
FHW12115	405.125 	 91.896 	 61.400
FHW12115	405.250 	 91.896 	 61.400
FHW12115	405.375 	 91.896 	 61.400
FHW12115	405.500 	 91.896 	 61.400
FHW12115	405.625 	 91.889 	 61.400
FHW12115	405.750 	 91.896 	 61.400
FHW12115	405.875 	 91.896 	 61.400
FHW12115	406.000 	 91.896 	 61.397
FHW12115	406.125 	 91.896 	 61.404
FHW12115	406.250 	 91.896 	 61.397
FHW12115	406.375 	 91.896 	 61.404
FHW12115	406.500 	 91.896 	 61.397
FHW12115	406.625 	 91.896 	 61.404
FHW12115	406.750 	 91.889 	 61.397
FHW12115	406.875 	 91.896 	 61.400
FHW12115	407.000 	 91.896 	 61.400
FHW12115	407.125 	 91.896 	 61.400
FHW12115	407.250 	 91.896 	 61.400
FHW12115	407.375 	 91.896 	 61.400
FHW12115	407.500 	 91.896 	 61.400
FHW12115	407.625 	 91.896 	 61.400
FHW12115	407.750 	 91.896 	 61.397
FHW12115	407.875 	 91.896 	 61.404
FHW12115	408.000 	 91.889 	 61.397
FHW12115	408.125 	 91.896 	 61.404
FHW12115	408.250 	 91.896 	 61.397
FHW12115	408.375 	 91.896 	 61.404
FHW12115	408.500 	 91.896 	 61.397
FHW12115	408.625 	 91.896 	 61.400
FHW12115	408.750 	 91.896 	 61.400
FHW12115	408.875 	 91.896 	 61.400
FHW12115	409.000 	 91.896 	 61.400
FHW12115	409.125 	 91.889 	 61.400
FHW12115	409.250 	 91.896 	 61.400
FHW12115	409.375 	 91.896 	 61.400
FHW12115	409.500 	 91.896 	 61.397
FHW12115	409.625 	 91.896 	 61.404
FHW12115	409.750 	 91.896 	 61.397
FHW12115	409.875 	 91.896 	 61.404
FHW12115	410.000 	 91.896 	 61.397
FHW12115	410.125 	 91.896 	 61.404
FHW12115	410.250 	 91.896 	 61.397
FHW12115	410.375 	 91.889 	 61.400
FHW12115	410.500 	 91.896 	 61.400
FHW12115	410.625 	 91.896 	 61.400
FHW12115	410.750 	 91.896 	 61.400
FHW12115	410.875 	 91.896 	 61.400
FHW12115	411.000 	 91.896 	 61.397
FHW12115	411.125 	 91.896 	 61.404
FHW12115	411.250 	 91.896 	 61.397
FHW12115	411.375 	 91.896 	 61.404
FHW12115	411.500 	 91.889 	 61.397
FHW12115	411.625 	 91.896 	 61.404
FHW12115	411.750 	 91.896 	 61.397
FHW12115	411.875 	 92.008 	 61.425
FHW12115	412.000 	 92.155 	 61.447
FHW12115	412.125 	 92.148 	 61.450
FHW12115	412.250 	 92.148 	 61.450
FHW12115	412.375 	 92.155 	 61.450
FHW12115	412.500 	 92.148 	 61.447
FHW12115	412.625 	 92.148 	 61.453
FHW12115	412.750 	 92.155 	 61.450
FHW12115	412.875 	 92.148 	 61.450
FHW12115	413.000 	 92.148 	 61.450
FHW12115	413.125 	 92.155 	 61.447
FHW12115	413.250 	 92.148 	 61.450
FHW12115	413.375 	 92.148 	 61.453
FHW12115	413.500 	 92.155 	 61.450
FHW12115	413.625 	 92.148 	 61.447
FHW12115	413.750 	 92.148 	 61.450
FHW12115	413.875 	 92.155 	 61.450
FHW12115	414.000 	 92.148 	 61.453
FHW12115	414.125 	 92.148 	 61.447
FHW12115	414.250 	 92.155 	 61.450
FHW12115	414.375 	 92.148 	 61.450
FHW12115	414.500 	 92.148 	 61.450
FHW12115	414.625 	 92.155 	 61.450
FHW12115	414.750 	 92.148 	 61.450
FHW12115	414.875 	 92.148 	 61.450
FHW12115	415.000 	 92.155 	 61.450
FHW12115	415.125 	 92.148 	 61.450
FHW12115	415.250 	 92.148 	 61.447
FHW12115	415.375 	 92.155 	 61.450
FHW12115	415.500 	 92.148 	 61.453
FHW12115	415.625 	 92.148 	 61.450
FHW12115	415.750 	 92.155 	 61.450
FHW12115	415.875 	 92.148 	 61.447
FHW12115	416.000 	 92.148 	 61.450
FHW12115	416.125 	 92.155 	 61.453
FHW12115	416.250 	 92.148 	 61.450
FHW12115	416.375 	 92.148 	 61.447
FHW12115	416.500 	 92.155 	 61.450
FHW12115	416.625 	 92.148 	 61.450
FHW12115	416.750 	 92.148 	 61.450
FHW12115	416.875 	 92.155 	 61.453
FHW12115	417.000 	 92.148 	 61.447
FHW12115	417.125 	 92.148 	 61.450
FHW12115	417.250 	 92.155 	 61.450
FHW12115	417.375 	 92.148 	 61.450
FHW12115	417.500 	 92.148 	 61.447
FHW12115	417.625 	 92.155 	 61.453
FHW12115	417.750 	 92.148 	 61.450
FHW12115	417.875 	 92.148 	 61.450
FHW12115	418.000 	 92.155 	 61.450
FHW12115	418.125 	 92.148 	 61.447
FHW12115	418.250 	 92.148 	 61.453
FHW12115	418.375 	 92.155 	 61.450
FHW12115	418.500 	 92.148 	 61.450
FHW12115	418.625 	 92.148 	 61.447
FHW12115	418.750 	 92.155 	 61.450
FHW12115	418.875 	 92.148 	 61.450
FHW12115	419.000 	 92.148 	 61.453
FHW12115	419.125 	 92.155 	 61.450
FHW12115	419.250 	 92.148 	 61.447
FHW12115	419.375 	 92.148 	 61.450
FHW12115	419.500 	 92.155 	 61.450
FHW12115	419.625 	 92.148 	 61.450
FHW12115	419.750 	 92.148 	 61.450
FHW12115	419.875 	 92.155 	 61.450
FHW12115	420.000 	 92.148 	 61.450
FHW12115	420.125 	 92.232 	 61.450
FHW12115	420.250 	 92.225 	 61.450
FHW12115	420.375 	 92.232 	 61.450
FHW12115	420.500 	 92.232 	 61.450
FHW12115	420.625 	 92.232 	 61.450
FHW12115	420.750 	 92.225 	 61.453
FHW12115	420.875 	 92.232 	 61.447
FHW12115	421.000 	 92.232 	 61.453
FHW12115	421.125 	 92.232 	 61.447
FHW12115	421.250 	 92.092 	 61.409
FHW12115	421.375 	 91.889 	 61.350
FHW12115	421.500 	 91.889 	 61.350
FHW12115	421.625 	 91.896 	 61.350
FHW12115	421.750 	 91.889 	 61.350
FHW12115	421.875 	 91.889 	 61.354
FHW12115	422.000 	 91.889 	 61.350
FHW12115	422.125 	 91.889 	 61.350
FHW12115	422.250 	 91.889 	 61.347
FHW12115	422.375 	 91.896 	 61.350
FHW12115	422.500 	 91.889 	 61.350
FHW12115	422.625 	 91.889 	 61.350
FHW12115	422.750 	 91.889 	 61.350
FHW12115	422.875 	 91.889 	 61.350
FHW12115	423.000 	 91.889 	 61.350
FHW12115	423.125 	 91.896 	 61.350
FHW12115	423.250 	 91.889 	 61.350
FHW12115	423.375 	 91.889 	 61.350
FHW12115	423.500 	 91.889 	 61.347
FHW12115	423.625 	 91.889 	 61.350
FHW12115	423.750 	 91.889 	 61.350
FHW12115	423.875 	 91.896 	 61.350
FHW12115	424.000 	 91.889 	 61.350
FHW12115	424.125 	 91.889 	 61.350
FHW12115	424.250 	 91.889 	 61.350
FHW12115	424.375 	 91.889 	 61.350
FHW12115	424.500 	 91.889 	 61.350
FHW12115	424.625 	 91.896 	 61.354
FHW12115	424.750 	 91.889 	 61.347
FHW12115	424.875 	 91.889 	 61.350
FHW12115	425.000 	 91.889 	 61.350
FHW12115	425.125 	 91.889 	 61.350
FHW12115	425.250 	 91.896 	 61.350
FHW12115	425.375 	 91.889 	 61.350
FHW12115	425.500 	 91.889 	 61.350
FHW12115	425.625 	 91.889 	 61.350
FHW12115	425.750 	 91.889 	 61.350
FHW12115	425.875 	 91.889 	 61.347
FHW12115	426.000 	 91.896 	 61.350
FHW12115	426.125 	 91.889 	 61.350
FHW12115	426.250 	 91.889 	 61.350
FHW12115	426.375 	 91.889 	 61.350
FHW12115	426.500 	 91.889 	 61.350
FHW12115	426.625 	 91.889 	 61.350
FHW12115	426.750 	 91.896 	 61.350
FHW12115	426.875 	 91.889 	 61.350
FHW12115	427.000 	 91.889 	 61.350
FHW12115	427.125 	 91.889 	 61.347
FHW12115	427.250 	 91.889 	 61.350
FHW12115	427.375 	 91.889 	 61.354
FHW12115	427.500 	 91.896 	 61.350
FHW12115	427.625 	 91.889 	 61.350
FHW12115	427.750 	 91.889 	 61.350
FHW12115	427.875 	 91.889 	 61.350
FHW12115	428.000 	 91.889 	 61.350
FHW12115	428.125 	 91.889 	 61.350
FHW12115	428.250 	 91.896 	 61.347
FHW12115	428.375 	 91.889 	 61.350
FHW12115	428.500 	 91.889 	 61.350
FHW12115	428.625 	 91.889 	 61.350
FHW12115	428.750 	 91.889 	 61.350
FHW12115	428.875 	 91.889 	 61.350
FHW12115	429.000 	 91.896 	 61.350
FHW12115	429.125 	 91.889 	 61.350
FHW12115	429.250 	 91.889 	 61.350
FHW12115	429.375 	 91.889 	 61.350
FHW12115	429.500 	 91.889 	 61.347
FHW12115	429.625 	 91.889 	 61.350
FHW12115	429.750 	 91.896 	 61.350
FHW12115	429.875 	 91.889 	 61.350
FHW12115	430.000 	 91.889 	 61.350
FHW12115	430.125 	 91.889 	 61.354
FHW12115	430.250 	 91.889 	 61.350
FHW12115	430.375 	 91.896 	 61.350
FHW12115	430.500 	 91.420 	 61.300
FHW12115	430.625 	 90.916 	 61.251
FHW12115	430.750 	 90.909 	 61.248
FHW12115	430.875 	 90.916 	 61.251
FHW12115	431.000 	 90.916 	 61.251
FHW12115	431.125 	 90.916 	 61.248
FHW12115	431.250 	 90.916 	 61.251
FHW12115	431.375 	 90.916 	 61.248
FHW12115	431.500 	 90.909 	 61.254
FHW12115	431.625 	 90.916 	 61.251
FHW12115	431.750 	 90.916 	 61.248
FHW12115	431.875 	 90.916 	 61.251
FHW12115	432.000 	 90.916 	 61.251
FHW12115	432.125 	 90.909 	 61.248
FHW12115	432.250 	 90.916 	 61.251
FHW12115	432.375 	 90.916 	 61.251
FHW12115	432.500 	 90.916 	 61.248
FHW12115	432.625 	 90.916 	 61.251
FHW12115	432.750 	 90.916 	 61.248
FHW12115	432.875 	 90.909 	 61.251
FHW12115	433.000 	 90.916 	 61.254
FHW12115	433.125 	 90.916 	 61.248
FHW12115	433.250 	 90.916 	 61.251
FHW12115	433.375 	 90.916 	 61.251
FHW12115	433.500 	 90.909 	 61.248
FHW12115	433.625 	 90.916 	 61.251
FHW12115	433.750 	 90.916 	 61.251
FHW12115	433.875 	 90.916 	 61.248
FHW12115	434.000 	 90.916 	 61.251
FHW12115	434.125 	 90.916 	 61.248
FHW12115	434.250 	 90.909 	 61.251
FHW12115	434.375 	 90.916 	 61.254
FHW12115	434.500 	 90.916 	 61.248
FHW12115	434.625 	 90.916 	 61.251
FHW12115	434.750 	 90.916 	 61.251
FHW12115	434.875 	 90.909 	 61.248
FHW12115	435.000 	 90.916 	 61.251
FHW12115	435.125 	 90.916 	 61.248
FHW12115	435.250 	 90.916 	 61.251
FHW12115	435.375 	 90.916 	 61.251
FHW12115	435.500 	 90.916 	 61.248
FHW12115	435.625 	 90.909 	 61.251
FHW12115	435.750 	 90.916 	 61.254
FHW12115	435.875 	 90.916 	 61.248
FHW12115	436.000 	 90.916 	 61.251
FHW12115	436.125 	 90.916 	 61.251
FHW12115	436.250 	 90.909 	 61.248
FHW12115	436.375 	 90.916 	 61.251
FHW12115	436.500 	 90.916 	 61.248
FHW12115	436.625 	 90.916 	 61.251
FHW12115	436.750 	 90.916 	 61.251
FHW12115	436.875 	 90.916 	 61.248
FHW12115	437.000 	 90.909 	 61.251
FHW12115	437.125 	 90.916 	 61.254
FHW12115	437.250 	 90.916 	 61.248
FHW12115	437.375 	 90.916 	 61.251
FHW12115	437.500 	 90.916 	 61.248
FHW12115	437.625 	 90.909 	 61.251
FHW12115	437.750 	 90.916 	 61.251
FHW12115	437.875 	 90.916 	 61.248
FHW12115	438.000 	 90.916 	 61.251
FHW12115	438.125 	 90.916 	 61.251
FHW12115	438.250 	 90.916 	 61.248
FHW12115	438.375 	 90.909 	 61.251
FHW12115	438.500 	 90.916 	 61.254
FHW12115	438.625 	 90.916 	 61.248
FHW12115	438.750 	 90.916 	 61.251
FHW12115	438.875 	 90.916 	 61.248
FHW12115	439.000 	 90.916 	 61.251
FHW12115	439.125 	 90.909 	 61.251
FHW12115	439.250 	 90.916 	 61.248
FHW12115	439.375 	 90.916 	 61.251
FHW12115	439.500 	 90.916 	 61.251
FHW12115	439.625 	 90.916 	 61.248
FHW12115	439.750 	 90.909 	 61.251
FHW12115	439.875 	 90.881 	 61.248
FHW12115	440.000 	 90.035 	 61.201
FHW12115	440.125 	 90.035 	 61.201
FHW12115	440.250 	 90.035 	 61.198
FHW12115	440.375 	 90.035 	 61.201
FHW12115	440.500 	 90.035 	 61.201
FHW12115	440.625 	 90.035 	 61.198
FHW12115	440.750 	 90.035 	 61.201
FHW12115	440.875 	 90.035 	 61.201
FHW12115	441.000 	 90.035 	 61.201
FHW12115	441.125 	 90.035 	 61.198
FHW12115	441.250 	 90.035 	 61.201
FHW12115	441.375 	 90.035 	 61.201
FHW12115	441.500 	 90.035 	 61.198
FHW12115	441.625 	 90.035 	 61.201
FHW12115	441.750 	 90.035 	 61.201
FHW12115	441.875 	 90.035 	 61.198
FHW12115	442.000 	 90.035 	 61.201
FHW12115	442.125 	 90.035 	 61.201
FHW12115	442.250 	 90.035 	 61.195
FHW12115	442.375 	 90.035 	 61.201
FHW12115	442.500 	 90.035 	 61.201
FHW12115	442.625 	 90.035 	 61.198
FHW12115	442.750 	 90.035 	 61.201
FHW12115	442.875 	 90.035 	 61.201
FHW12115	443.000 	 90.035 	 61.198
FHW12115	443.125 	 90.035 	 61.201
FHW12115	443.250 	 90.035 	 61.201
FHW12115	443.375 	 90.035 	 61.198
FHW12115	443.500 	 90.035 	 61.201
FHW12115	443.625 	 90.035 	 61.201
FHW12115	443.750 	 90.035 	 61.198
FHW12115	443.875 	 90.035 	 61.201
FHW12115	444.000 	 90.035 	 61.201
FHW12115	444.125 	 90.035 	 61.198
FHW12115	444.250 	 90.035 	 61.201
FHW12115	444.375 	 90.035 	 61.201
FHW12115	444.500 	 90.035 	 61.198
FHW12115	444.625 	 90.035 	 61.201
FHW12115	444.750 	 90.035 	 61.201
FHW12115	444.875 	 90.035 	 61.198
FHW12115	445.000 	 90.035 	 61.201
FHW12115	445.125 	 90.035 	 61.201
FHW12115	445.250 	 90.035 	 61.201
FHW12115	445.375 	 90.035 	 61.198
FHW12115	445.500 	 90.035 	 61.201
FHW12115	445.625 	 90.035 	 61.201
FHW12115	445.750 	 90.035 	 61.198
FHW12115	445.875 	 90.035 	 61.201
FHW12115	446.000 	 90.035 	 61.201
FHW12115	446.125 	 90.035 	 61.198
FHW12115	446.250 	 90.035 	 61.201
FHW12115	446.375 	 90.035 	 61.201
FHW12115	446.500 	 90.035 	 61.198
FHW12115	446.625 	 90.035 	 61.201
FHW12115	446.750 	 90.035 	 61.201
FHW12115	446.875 	 90.035 	 61.198
FHW12115	447.000 	 90.042 	 61.201
FHW12115	447.125 	 90.035 	 61.198
FHW12115	447.250 	 90.035 	 61.198
FHW12115	447.375 	 90.035 	 61.201
FHW12115	447.500 	 90.035 	 61.201
FHW12115	447.625 	 90.035 	 61.198
FHW12115	447.750 	 90.035 	 61.201
FHW12115	447.875 	 90.035 	 61.201
FHW12115	448.000 	 90.035 	 61.198
FHW12115	448.125 	 90.035 	 61.201
FHW12115	448.250 	 90.035 	 61.201
FHW12115	448.375 	 90.035 	 61.198
FHW12115	448.500 	 90.035 	 61.201
FHW12115	448.625 	 90.035 	 61.201
FHW12115	448.750 	 90.035 	 61.198
FHW12115	448.875 	 90.035 	 61.201
FHW12115	449.000 	 90.035 	 61.201
FHW12115	449.125 	 90.035 	 61.198
FHW12115	449.250 	 90.035 	 61.201
FHW12115	449.375 	 89.412 	 61.201
FHW12115	449.500 	 89.371 	 61.201
FHW12115	449.625 	 89.363 	 61.201
FHW12115	449.750 	 89.364 	 61.198
FHW12115	449.875 	 89.363 	 61.201
FHW12115	450.000 	 89.371 	 61.198
FHW12115	450.125 	 89.364 	 61.204
FHW12115	450.250 	 89.364 	 61.198
FHW12115	450.375 	 89.363 	 61.201
FHW12115	450.500 	 89.364 	 61.198
FHW12115	450.625 	 89.370 	 61.201
FHW12115	450.750 	 89.364 	 61.201
FHW12115	450.875 	 89.363 	 61.201
FHW12115	451.000 	 89.364 	 61.198
FHW12115	451.125 	 89.363 	 61.201
FHW12115	451.250 	 89.371 	 61.198
FHW12115	451.375 	 89.364 	 61.204
FHW12115	451.500 	 89.363 	 61.201
FHW12115	451.625 	 89.364 	 61.195
FHW12115	451.750 	 89.363 	 61.201
FHW12115	451.875 	 89.370 	 61.201
FHW12115	452.000 	 89.364 	 61.204
FHW12115	452.125 	 89.364 	 61.195
FHW12115	452.250 	 89.363 	 61.201
FHW12115	452.375 	 89.370 	 61.201
FHW12115	452.500 	 89.363 	 61.201
FHW12115	452.625 	 89.364 	 61.198
FHW12115	452.750 	 89.363 	 61.201
FHW12115	452.875 	 89.363 	 61.201
FHW12115	453.000 	 89.370 	 61.201
FHW12115	453.125 	 89.364 	 61.198
FHW12115	453.250 	 89.363 	 61.201
FHW12115	453.375 	 89.363 	 61.201
FHW12115	453.500 	 89.363 	 61.201
FHW12115	453.625 	 89.370 	 61.201
FHW12115	453.750 	 89.364 	 61.198
FHW12115	453.875 	 89.363 	 61.201
FHW12115	454.000 	 89.363 	 61.201
FHW12115	454.125 	 89.363 	 61.201
FHW12115	454.250 	 89.371 	 61.195
FHW12115	454.375 	 89.364 	 61.204
FHW12115	454.500 	 89.363 	 61.201
FHW12115	454.625 	 89.363 	 61.201
FHW12115	454.750 	 89.364 	 61.195
FHW12115	454.875 	 89.370 	 61.201
FHW12115	455.000 	 89.364 	 61.204
FHW12115	455.125 	 89.363 	 61.201
FHW12115	455.250 	 89.364 	 61.195
FHW12115	455.375 	 89.370 	 61.201
FHW12115	455.500 	 89.363 	 61.201
FHW12115	455.625 	 89.364 	 61.204
FHW12115	455.750 	 89.364 	 61.195
FHW12115	455.875 	 89.363 	 61.201
FHW12115	456.000 	 89.370 	 61.201
FHW12115	456.125 	 89.363 	 61.201
FHW12115	456.250 	 89.364 	 61.198
FHW12115	456.375 	 89.363 	 61.201
FHW12115	456.500 	 89.363 	 61.201
FHW12115	456.625 	 89.370 	 61.201
FHW12115	456.750 	 89.364 	 61.195
FHW12115	456.875 	 89.364 	 61.204
FHW12115	457.000 	 89.363 	 61.201
FHW12115	457.125 	 89.363 	 61.201
FHW12115	457.250 	 89.371 	 61.195
FHW12115	457.375 	 89.363 	 61.201
FHW12115	457.500 	 89.364 	 61.204
FHW12115	457.625 	 89.363 	 61.201
FHW12115	457.750 	 89.370 	 61.201
FHW12115	457.875 	 89.364 	 61.195
FHW12115	458.000 	 89.363 	 61.201
FHW12115	458.125 	 89.364 	 61.204
FHW12115	458.250 	 89.363 	 61.201
FHW12115	458.375 	 89.371 	 61.195
FHW12115	458.500 	 89.363 	 61.201
FHW12115	458.625 	 88.937 	 61.238
FHW12115	458.750 	 88.797 	 61.254
FHW12115	458.875 	 88.797 	 61.244
FHW12115	459.000 	 88.804 	 61.254
FHW12115	459.125 	 88.797 	 61.248
FHW12115	459.250 	 88.804 	 61.251
FHW12115	459.375 	 88.797 	 61.254
FHW12115	459.500 	 88.804 	 61.244
FHW12115	459.625 	 88.797 	 61.254
FHW12115	459.750 	 88.804 	 61.251
FHW12115	459.875 	 88.797 	 61.248
FHW12115	460.000 	 88.797 	 61.254
FHW12115	460.125 	 88.804 	 61.244
FHW12115	460.250 	 88.797 	 61.254
FHW12115	460.375 	 88.804 	 61.251
FHW12115	460.500 	 88.797 	 61.248
FHW12115	460.625 	 88.804 	 61.251
FHW12115	460.750 	 88.797 	 61.248
FHW12115	460.875 	 88.804 	 61.254
FHW12115	461.000 	 88.797 	 61.251
FHW12115	461.125 	 88.797 	 61.248
FHW12115	461.250 	 88.804 	 61.251
FHW12115	461.375 	 88.797 	 61.248
FHW12115	461.500 	 88.804 	 61.251
FHW12115	461.625 	 88.797 	 61.254
FHW12115	461.750 	 88.804 	 61.248
FHW12115	461.875 	 88.797 	 61.251
FHW12115	462.000 	 88.797 	 61.254
FHW12115	462.125 	 88.804 	 61.244
FHW12115	462.250 	 88.797 	 61.254
FHW12115	462.375 	 88.804 	 61.244
FHW12115	462.500 	 88.797 	 61.254
FHW12115	462.625 	 88.804 	 61.254
FHW12115	462.750 	 88.797 	 61.244
FHW12115	462.875 	 88.804 	 61.254
FHW12115	463.000 	 88.797 	 61.244
FHW12115	463.125 	 88.797 	 61.254
FHW12115	463.250 	 88.804 	 61.251
FHW12115	463.375 	 88.797 	 61.248
FHW12115	463.500 	 88.804 	 61.254
FHW12115	463.625 	 88.797 	 61.244
FHW12115	463.750 	 88.804 	 61.254
FHW12115	463.875 	 88.797 	 61.251
FHW12115	464.000 	 88.804 	 61.248
FHW12115	464.125 	 88.797 	 61.251
FHW12115	464.250 	 88.797 	 61.254
FHW12115	464.375 	 88.804 	 61.248
FHW12115	464.500 	 88.797 	 61.251
FHW12115	464.625 	 88.804 	 61.248
FHW12115	464.750 	 88.797 	 61.251
FHW12115	464.875 	 88.804 	 61.254
FHW12115	465.000 	 88.797 	 61.244
FHW12115	465.125 	 88.797 	 61.254
FHW12115	465.250 	 88.804 	 61.248
FHW12115	465.375 	 88.797 	 61.251
FHW12115	465.500 	 88.804 	 61.254
FHW12115	465.625 	 88.797 	 61.244
FHW12115	465.750 	 88.804 	 61.254
FHW12115	465.875 	 88.797 	 61.244
FHW12115	466.000 	 88.804 	 61.254
FHW12115	466.125 	 88.797 	 61.254
FHW12115	466.250 	 88.797 	 61.244
FHW12115	466.375 	 88.804 	 61.254
FHW12115	466.500 	 88.797 	 61.251
FHW12115	466.625 	 88.804 	 61.248
FHW12115	466.750 	 88.797 	 61.251
FHW12115	466.875 	 88.804 	 61.248
FHW12115	467.000 	 88.797 	 61.254
FHW12115	467.125 	 88.797 	 61.251
FHW12115	467.250 	 88.804 	 61.248
FHW12115	467.375 	 88.797 	 61.251
FHW12115	467.500 	 88.804 	 61.248
FHW12115	467.625 	 88.797 	 61.251
FHW12115	467.750 	 88.804 	 61.254
FHW12115	467.875 	 88.804 	 61.254
FHW12115	468.000 	 88.881 	 61.295
FHW12115	468.125 	 88.888 	 61.301
FHW12115	468.250 	 88.881 	 61.301
FHW12115	468.375 	 88.888 	 61.301
FHW12115	468.500 	 88.888 	 61.298
FHW12115	468.625 	 88.881 	 61.301
FHW12115	468.750 	 88.888 	 61.301
FHW12115	468.875 	 88.881 	 61.301
FHW12115	469.000 	 88.888 	 61.295
FHW12115	469.125 	 88.888 	 61.304
FHW12115	469.250 	 88.881 	 61.301
FHW12115	469.375 	 88.888 	 61.301
FHW12115	469.500 	 88.881 	 61.295
FHW12115	469.625 	 88.888 	 61.301
FHW12115	469.750 	 88.888 	 61.301
FHW12115	469.875 	 88.881 	 61.304
FHW12115	470.000 	 88.888 	 61.301
FHW12115	470.125 	 88.881 	 61.295
FHW12115	470.250 	 88.888 	 61.301
FHW12115	470.375 	 88.888 	 61.301
FHW12115	470.500 	 88.881 	 61.304
FHW12115	470.625 	 88.888 	 61.295
FHW12115	470.750 	 88.881 	 61.301
FHW12115	470.875 	 88.888 	 61.301
FHW12115	471.000 	 88.888 	 61.301
FHW12115	471.125 	 88.881 	 61.298
FHW12115	471.250 	 88.888 	 61.301
FHW12115	471.375 	 88.881 	 61.301
FHW12115	471.500 	 88.888 	 61.301
FHW12115	471.625 	 88.888 	 61.295
FHW12115	471.750 	 88.881 	 61.301
FHW12115	471.875 	 88.888 	 61.304
FHW12115	472.000 	 88.881 	 61.301
FHW12115	472.125 	 88.888 	 61.301
FHW12115	472.250 	 88.888 	 61.295
FHW12115	472.375 	 88.881 	 61.301
FHW12115	472.500 	 88.888 	 61.304
FHW12115	472.625 	 88.881 	 61.301
FHW12115	472.750 	 88.888 	 61.295
FHW12115	472.875 	 88.888 	 61.301
FHW12115	473.000 	 88.881 	 61.301
FHW12115	473.125 	 88.888 	 61.304
FHW12115	473.250 	 88.888 	 61.295
FHW12115	473.375 	 88.881 	 61.301
FHW12115	473.500 	 88.888 	 61.301
FHW12115	473.625 	 88.881 	 61.301
FHW12115	473.750 	 88.888 	 61.301
FHW12115	473.875 	 88.888 	 61.298
FHW12115	474.000 	 88.881 	 61.301
FHW12115	474.125 	 88.888 	 61.301
FHW12115	474.250 	 88.881 	 61.301
FHW12115	474.375 	 88.888 	 61.295
FHW12115	474.500 	 88.888 	 61.304
FHW12115	474.625 	 88.881 	 61.301
FHW12115	474.750 	 88.888 	 61.297
FHW12115	474.875 	 88.881 	 61.301
FHW12115	475.000 	 88.888 	 61.301
FHW12115	475.125 	 88.888 	 61.301
FHW12115	475.250 	 88.881 	 61.301
FHW12115	475.375 	 88.888 	 61.295
FHW12115	475.500 	 88.881 	 61.301
FHW12115	475.625 	 88.888 	 61.301
FHW12115	475.750 	 88.888 	 61.301
FHW12115	475.875 	 88.881 	 61.301
FHW12115	476.000 	 88.888 	 61.295
FHW12115	476.125 	 88.881 	 61.307
FHW12115	476.250 	 88.888 	 61.301
FHW12115	476.375 	 88.888 	 61.301
FHW12115	476.500 	 88.881 	 61.295
FHW12115	476.625 	 88.888 	 61.301
FHW12115	476.750 	 88.881 	 61.301
FHW12115	476.875 	 88.888 	 61.301
FHW12115	477.000 	 88.888 	 61.295
FHW12115	477.125 	 88.881 	 61.301
FHW12115	477.250 	 88.888 	 61.301
FHW12115	477.375 	 88.895 	 61.439
FHW12115	477.500 	 88.902 	 61.451
FHW12115	477.625 	 88.902 	 61.452
FHW12115	477.750 	 88.902 	 61.451
FHW12115	477.875 	 88.895 	 61.445
FHW12115	478.000 	 88.902 	 61.451
FHW12115	478.125 	 88.902 	 61.452
FHW12115	478.250 	 88.895 	 61.451
FHW12115	478.375 	 88.902 	 61.451
FHW12115	478.500 	 88.902 	 61.452
FHW12115	478.625 	 88.902 	 61.451
FHW12115	478.750 	 88.895 	 61.445
FHW12115	478.875 	 88.902 	 61.451
FHW12115	479.000 	 88.902 	 61.452
FHW12115	479.125 	 88.902 	 61.451
FHW12115	479.250 	 88.895 	 61.445
FHW12115	479.375 	 88.902 	 61.451
FHW12115	479.500 	 88.902 	 61.458
FHW12115	479.625 	 88.902 	 61.445
FHW12115	479.750 	 88.895 	 61.451
FHW12115	479.875 	 88.902 	 61.445
FHW12115	480.000 	 88.902 	 61.458
FHW12115	480.125 	 88.902 	 61.445
FHW12115	480.250 	 88.895 	 61.451
FHW12115	480.375 	 88.902 	 61.451
FHW12115	480.500 	 88.902 	 61.452
FHW12115	480.625 	 88.895 	 61.451
FHW12115	480.750 	 88.902 	 61.445
FHW12115	480.875 	 88.902 	 61.451
FHW12115	481.000 	 88.902 	 61.452
FHW12115	481.125 	 88.895 	 61.451
FHW12115	481.250 	 88.902 	 61.445
FHW12115	481.375 	 88.902 	 61.451
FHW12115	481.500 	 88.902 	 61.458
FHW12115	481.625 	 88.895 	 61.445
FHW12115	481.750 	 88.902 	 61.451
FHW12115	481.875 	 88.902 	 61.452
FHW12115	482.000 	 88.902 	 61.451
FHW12115	482.125 	 88.895 	 61.445
FHW12115	482.250 	 88.902 	 61.451
FHW12115	482.375 	 88.902 	 61.452
FHW12115	482.500 	 88.895 	 61.451
FHW12115	482.625 	 88.902 	 61.451
FHW12115	482.750 	 88.902 	 61.445
FHW12115	482.875 	 88.902 	 61.458
FHW12115	483.000 	 88.895 	 61.445
FHW12115	483.125 	 88.902 	 61.451
FHW12115	483.250 	 88.902 	 61.445
FHW12115	483.375 	 88.902 	 61.458
FHW12115	483.500 	 88.895 	 61.451
FHW12115	483.625 	 88.902 	 61.445
FHW12115	483.750 	 88.902 	 61.451
FHW12115	483.875 	 88.902 	 61.452
FHW12115	484.000 	 88.895 	 61.451
FHW12115	484.125 	 88.902 	 61.445
FHW12115	484.250 	 88.902 	 61.451
FHW12115	484.375 	 88.902 	 61.452
FHW12115	484.500 	 88.895 	 61.451
FHW12115	484.625 	 88.902 	 61.451
FHW12115	484.750 	 88.902 	 61.445
FHW12115	484.875 	 88.895 	 61.458
FHW12115	485.000 	 88.902 	 61.445
FHW12115	485.125 	 88.902 	 61.451
FHW12115	485.250 	 88.902 	 61.452
FHW12115	485.375 	 88.895 	 61.451
FHW12115	485.500 	 88.902 	 61.451
FHW12115	485.625 	 88.902 	 61.445
FHW12115	485.750 	 88.902 	 61.458
FHW12115	485.875 	 88.895 	 61.445
FHW12115	486.000 	 88.902 	 61.451
FHW12115	486.125 	 88.902 	 61.445
FHW12115	486.250 	 88.902 	 61.458
FHW12115	486.375 	 88.895 	 61.445
FHW12115	486.500 	 88.902 	 61.451
FHW12115	486.625 	 88.902 	 61.451
FHW12115	486.750 	 88.902 	 61.495
FHW12115	486.875 	 88.895 	 61.551
FHW12115	487.000 	 88.902 	 61.551
FHW12115	487.125 	 88.902 	 61.551
FHW12115	487.250 	 88.895 	 61.551
FHW12115	487.375 	 88.902 	 61.551
FHW12115	487.500 	 88.902 	 61.545
FHW12115	487.625 	 88.902 	 61.551
FHW12115	487.750 	 88.895 	 61.551
FHW12115	487.875 	 88.902 	 61.545
FHW12115	488.000 	 88.902 	 61.551
FHW12115	488.125 	 88.895 	 61.558
FHW12115	488.250 	 88.902 	 61.545
FHW12115	488.375 	 88.902 	 61.551
FHW12115	488.500 	 88.902 	 61.551
FHW12115	488.625 	 88.895 	 61.545
FHW12115	488.750 	 88.902 	 61.551
FHW12115	488.875 	 88.902 	 61.551
FHW12115	489.000 	 88.902 	 61.545
FHW12115	489.125 	 88.895 	 61.558
FHW12115	489.250 	 88.902 	 61.551
FHW12115	489.375 	 88.902 	 61.545
FHW12115	489.500 	 88.895 	 61.551
FHW12115	489.625 	 88.902 	 61.551
FHW12115	489.750 	 88.902 	 61.545
FHW12115	489.875 	 88.902 	 61.551
FHW12115	490.000 	 88.895 	 61.551
FHW12115	490.125 	 88.902 	 61.545
FHW12115	490.250 	 88.902 	 61.558
FHW12115	490.375 	 88.902 	 61.551
FHW12115	490.500 	 88.895 	 61.545
FHW12115	490.625 	 88.902 	 61.551
FHW12115	490.750 	 88.902 	 61.551
FHW12115	490.875 	 88.895 	 61.545
FHW12115	491.000 	 88.902 	 61.551
FHW12115	491.125 	 88.902 	 61.551
FHW12115	491.250 	 88.902 	 61.551
FHW12115	491.375 	 88.895 	 61.551
FHW12115	491.500 	 88.902 	 61.551
FHW12115	491.625 	 88.902 	 61.545
FHW12115	491.750 	 88.902 	 61.551
FHW12115	491.875 	 88.895 	 61.551
FHW12115	492.000 	 88.902 	 61.545
FHW12115	492.125 	 88.902 	 61.551
FHW12115	492.250 	 88.895 	 61.558
FHW12115	492.375 	 88.902 	 61.545
FHW12115	492.500 	 88.902 	 61.551
FHW12115	492.625 	 88.902 	 61.551
FHW12115	492.750 	 88.895 	 61.545
FHW12115	492.875 	 88.902 	 61.551
FHW12115	493.000 	 88.902 	 61.551
FHW12115	493.125 	 88.902 	 61.545
FHW12115	493.250 	 88.895 	 61.558
FHW12115	493.375 	 88.902 	 61.551
FHW12115	493.500 	 88.902 	 61.545
FHW12115	493.625 	 88.895 	 61.551
FHW12115	493.750 	 88.902 	 61.551
FHW12115	493.875 	 88.902 	 61.545
FHW12115	494.000 	 88.902 	 61.551
FHW12115	494.125 	 88.895 	 61.551
FHW12115	494.250 	 88.902 	 61.551
FHW12115	494.375 	 88.902 	 61.551
FHW12115	494.500 	 88.902 	 61.551
FHW12115	494.625 	 88.895 	 61.545
FHW12115	494.750 	 88.902 	 61.551
FHW12115	494.875 	 88.902 	 61.551
FHW12115	495.000 	 88.895 	 61.545
FHW12115	495.125 	 88.902 	 61.551
FHW12115	495.250 	 88.902 	 61.558
FHW12115	495.375 	 88.902 	 61.545
FHW12115	495.500 	 88.895 	 61.551
FHW12115	495.625 	 88.902 	 61.551
FHW12115	495.750 	 88.902 	 61.545
FHW12115	495.875 	 88.902 	 61.551
FHW12115	496.000 	 88.895 	 61.551
FHW12115	496.125 	 89.014 	 61.532
FHW12115	496.250 	 89.293 	 61.501
FHW12115	496.375 	 89.294 	 61.502
FHW12115	496.500 	 89.293 	 61.501
FHW12115	496.625 	 89.301 	 61.495
FHW12115	496.750 	 89.294 	 61.508
FHW12115	496.875 	 89.294 	 61.495
FHW12115	497.000 	 89.294 	 61.495
FHW12115	497.125 	 89.294 	 61.508
FHW12115	497.250 	 89.301 	 61.495
FHW12115	497.375 	 89.293 	 61.501
FHW12115	497.500 	 89.294 	 61.502
FHW12115	497.625 	 89.294 	 61.495
FHW12115	497.750 	 89.293 	 61.501
FHW12115	497.875 	 89.301 	 61.502
FHW12115	498.000 	 89.293 	 61.501
FHW12115	498.125 	 89.294 	 61.502
FHW12115	498.250 	 89.293 	 61.501
FHW12115	498.375 	 89.294 	 61.495
FHW12115	498.500 	 89.301 	 61.502
FHW12115	498.625 	 89.293 	 61.501
FHW12115	498.750 	 89.294 	 61.495
FHW12115	498.875 	 89.294 	 61.508
FHW12115	499.000 	 89.294 	 61.495
FHW12115	499.125 	 89.300 	 61.501
FHW12115	499.250 	 89.294 	 61.502
FHW12115	499.375 	 89.294 	 61.495
FHW12115	499.500 	 89.293 	 61.501
FHW12115	499.625 	 89.294 	 61.502
FHW12115	499.750 	 89.300 	 61.501
FHW12115	499.875 	 89.294 	 61.495
FHW12115	500.000 	 89.294 	 61.502
FHW12115	500.125 	 89.293 	 61.501
FHW12115	500.250 	 89.294 	 61.502
FHW12115	500.375 	 89.300 	 61.501
FHW12115	500.500 	 89.294 	 61.495
FHW12115	500.625 	 89.294 	 61.508
FHW12115	500.750 	 89.294 	 61.495
FHW12115	500.875 	 89.301 	 61.495
FHW12115	501.000 	 89.294 	 61.508
FHW12115	501.125 	 89.294 	 61.495
FHW12115	501.250 	 89.293 	 61.501
FHW12115	501.375 	 89.294 	 61.502
FHW12115	501.500 	 89.301 	 61.495
FHW12115	501.625 	 89.293 	 61.501
FHW12115	501.750 	 89.294 	 61.502
FHW12115	501.875 	 89.293 	 61.501
FHW12115	502.000 	 89.294 	 61.495
FHW12115	502.125 	 89.301 	 61.508
FHW12115	502.250 	 89.294 	 61.495
FHW12115	502.375 	 89.294 	 61.502
FHW12115	502.500 	 89.293 	 61.501
FHW12115	502.625 	 89.294 	 61.495
FHW12115	502.750 	 89.301 	 61.508
FHW12115	502.875 	 89.294 	 61.495
FHW12115	503.000 	 89.294 	 61.495
FHW12115	503.125 	 89.294 	 61.508
FHW12115	503.250 	 89.294 	 61.495
FHW12115	503.375 	 89.300 	 61.501
FHW12115	503.500 	 89.294 	 61.502
FHW12115	503.625 	 89.293 	 61.501
FHW12115	503.750 	 89.294 	 61.495
FHW12115	503.875 	 89.294 	 61.502
FHW12115	504.000 	 89.300 	 61.501
FHW12115	504.125 	 89.294 	 61.495
FHW12115	504.250 	 89.294 	 61.508
FHW12115	504.375 	 89.294 	 61.495
FHW12115	504.500 	 89.294 	 61.502
FHW12115	504.625 	 89.300 	 61.501
FHW12115	504.750 	 89.294 	 61.495
FHW12115	504.875 	 89.294 	 61.508
FHW12115	505.000 	 89.294 	 61.495
FHW12115	505.125 	 89.293 	 61.501
FHW12115	505.250 	 89.468 	 61.477
FHW12115	505.375 	 89.643 	 61.452
FHW12115	505.500 	 89.643 	 61.452
FHW12115	505.625 	 89.643 	 61.445
FHW12115	505.750 	 89.650 	 61.452
FHW12115	505.875 	 89.643 	 61.445
FHW12115	506.000 	 89.643 	 61.452
FHW12115	506.125 	 89.643 	 61.452
FHW12115	506.250 	 89.650 	 61.452
FHW12115	506.375 	 89.643 	 61.452
FHW12115	506.500 	 89.643 	 61.445
FHW12115	506.625 	 89.643 	 61.452
FHW12115	506.750 	 89.650 	 61.452
FHW12115	506.875 	 89.643 	 61.452
FHW12115	507.000 	 89.643 	 61.452
FHW12115	507.125 	 89.643 	 61.452
FHW12115	507.250 	 89.650 	 61.445
FHW12115	507.375 	 89.643 	 61.445
FHW12115	507.500 	 89.643 	 61.452
FHW12115	507.625 	 89.643 	 61.452
FHW12115	507.750 	 89.643 	 61.452
FHW12115	507.875 	 89.650 	 61.452
FHW12115	508.000 	 89.643 	 61.452
FHW12115	508.125 	 89.643 	 61.445
FHW12115	508.250 	 89.643 	 61.452
FHW12115	508.375 	 89.650 	 61.452
FHW12115	508.500 	 89.643 	 61.452
FHW12115	508.625 	 89.643 	 61.452
FHW12115	508.750 	 89.643 	 61.452
FHW12115	508.875 	 89.650 	 61.445
FHW12115	509.000 	 89.643 	 61.445
FHW12115	509.125 	 89.643 	 61.452
FHW12115	509.250 	 89.643 	 61.452
FHW12115	509.375 	 89.650 	 61.452
FHW12115	509.500 	 89.643 	 61.452
FHW12115	509.625 	 89.643 	 61.452
FHW12115	509.750 	 89.643 	 61.445
FHW12115	509.875 	 89.650 	 61.452
FHW12115	510.000 	 89.643 	 61.452
FHW12115	510.125 	 89.643 	 61.452
FHW12115	510.250 	 89.643 	 61.452
FHW12115	510.375 	 89.650 	 61.445
FHW12115	510.500 	 89.643 	 61.452
FHW12115	510.625 	 89.643 	 61.445
FHW12115	510.750 	 89.643 	 61.452
FHW12115	510.875 	 89.650 	 61.452
FHW12115	511.000 	 89.643 	 61.452
FHW12115	511.125 	 89.643 	 61.452
FHW12115	511.250 	 89.643 	 61.452
FHW12115	511.375 	 89.650 	 61.452
FHW12115	511.500 	 89.643 	 61.445
FHW12115	511.625 	 89.643 	 61.452
FHW12115	511.750 	 89.643 	 61.452
FHW12115	511.875 	 89.643 	 61.445
FHW12115	512.000 	 89.650 	 61.452
FHW12115	512.125 	 89.643 	 61.452
FHW12115	512.250 	 89.643 	 61.445
FHW12115	512.375 	 89.643 	 61.452
FHW12115	512.500 	 89.650 	 61.452
FHW12115	512.625 	 89.643 	 61.452
FHW12115	512.750 	 89.643 	 61.452
FHW12115	512.875 	 89.643 	 61.452
FHW12115	513.000 	 89.650 	 61.452
FHW12115	513.125 	 89.643 	 61.445
FHW12115	513.250 	 89.643 	 61.452
FHW12115	513.375 	 89.643 	 61.445
FHW12115	513.500 	 89.650 	 61.452
FHW12115	513.625 	 89.643 	 61.452
FHW12115	513.750 	 89.643 	 61.452
FHW12115	513.875 	 89.643 	 61.452
FHW12115	514.000 	 89.650 	 61.445
FHW12115	514.125 	 89.643 	 61.452
FHW12115	514.250 	 89.643 	 61.452
FHW12115	514.375 	 89.643 	 61.452
FHW12115	514.500 	 89.650 	 61.452
FHW12115	514.625 	 89.671 	 61.452
FHW12115	514.750 	 89.755 	 61.445
FHW12115	514.875 	 89.755 	 61.445
FHW12115	515.000 	 89.755 	 61.452
FHW12115	515.125 	 89.755 	 61.452
FHW12115	515.250 	 89.755 	 61.452
FHW12115	515.375 	 89.755 	 61.452
FHW12115	515.500 	 89.755 	 61.452
FHW12115	515.625 	 89.755 	 61.452
FHW12115	515.750 	 89.755 	 61.452
FHW12115	515.875 	 89.755 	 61.445
FHW12115	516.000 	 89.755 	 61.452
FHW12115	516.125 	 89.755 	 61.452
FHW12115	516.250 	 89.755 	 61.445
FHW12115	516.375 	 89.755 	 61.452
FHW12115	516.500 	 89.755 	 61.452
FHW12115	516.625 	 89.755 	 61.452
FHW12115	516.750 	 89.755 	 61.452
FHW12115	516.875 	 89.755 	 61.445
FHW12115	517.000 	 89.755 	 61.452
FHW12115	517.125 	 89.755 	 61.452
FHW12115	517.250 	 89.755 	 61.452
FHW12115	517.375 	 89.755 	 61.452
FHW12115	517.500 	 89.755 	 61.445
FHW12115	517.625 	 89.755 	 61.452
FHW12115	517.750 	 89.755 	 61.452
FHW12115	517.875 	 89.755 	 61.452
FHW12115	518.000 	 89.755 	 61.445
FHW12115	518.125 	 89.755 	 61.452
FHW12115	518.250 	 89.755 	 61.452
FHW12115	518.375 	 89.755 	 61.452
FHW12115	518.500 	 89.748 	 61.452
FHW12115	518.625 	 89.755 	 61.452
FHW12115	518.750 	 89.755 	 61.452
FHW12115	518.875 	 89.755 	 61.445
FHW12115	519.000 	 89.755 	 61.445
FHW12115	519.125 	 89.755 	 61.452
FHW12115	519.250 	 89.755 	 61.452
FHW12115	519.375 	 89.755 	 61.452
FHW12115	519.500 	 89.755 	 61.452
FHW12115	519.625 	 89.755 	 61.452
FHW12115	519.750 	 89.755 	 61.452
FHW12115	519.875 	 89.755 	 61.452
FHW12115	520.000 	 89.755 	 61.445
FHW12115	520.125 	 89.755 	 61.452
FHW12115	520.250 	 89.755 	 61.445
FHW12115	520.375 	 89.755 	 61.452
FHW12115	520.500 	 89.755 	 61.452
FHW12115	520.625 	 89.755 	 61.452
FHW12115	520.750 	 89.755 	 61.452
FHW12115	520.875 	 89.755 	 61.452
FHW12115	521.000 	 89.755 	 61.452
FHW12115	521.125 	 89.755 	 61.445
FHW12115	521.250 	 89.755 	 61.452
FHW12115	521.375 	 89.755 	 61.452
FHW12115	521.500 	 89.755 	 61.445
FHW12115	521.625 	 89.755 	 61.452
FHW12115	521.750 	 89.755 	 61.452
FHW12115	521.875 	 89.755 	 61.452
FHW12115	522.000 	 89.755 	 61.452
FHW12115	522.125 	 89.755 	 61.445
FHW12115	522.250 	 89.755 	 61.452
FHW12115	522.375 	 89.755 	 61.452
FHW12115	522.500 	 89.755 	 61.452
FHW12115	522.625 	 89.755 	 61.452
FHW12115	522.750 	 89.755 	 61.452
FHW12115	522.875 	 89.755 	 61.445
FHW12115	523.000 	 89.755 	 61.452
FHW12115	523.125 	 89.755 	 61.445
FHW12115	523.250 	 89.755 	 61.452
FHW12115	523.375 	 89.755 	 61.452
FHW12115	523.500 	 89.846 	 61.452
FHW12115	523.625 	 89.846 	 61.452
FHW12115	523.750 	 89.846 	 61.452
FHW12115	523.875 	 89.839 	 61.452
FHW12115	524.000 	 89.846 	 61.445
FHW12115	524.125 	 89.846 	 61.452
FHW12115	524.250 	 89.846 	 61.445
FHW12115	524.375 	 89.846 	 61.452
FHW12115	524.500 	 89.846 	 61.452
FHW12115	524.625 	 89.846 	 61.452
FHW12115	524.750 	 89.839 	 61.452
FHW12115	524.875 	 89.846 	 61.445
FHW12115	525.000 	 89.846 	 61.452
FHW12115	525.125 	 89.846 	 61.452
FHW12115	525.250 	 89.846 	 61.452
FHW12115	525.375 	 89.846 	 61.452
FHW12115	525.500 	 89.839 	 61.452
FHW12115	525.625 	 89.846 	 61.445
FHW12115	525.750 	 89.846 	 61.445
FHW12115	525.875 	 89.846 	 61.452
FHW12115	526.000 	 89.846 	 61.452
FHW12115	526.125 	 89.846 	 61.452
FHW12115	526.250 	 89.839 	 61.452
FHW12115	526.375 	 89.846 	 61.452
FHW12115	526.500 	 89.846 	 61.445
FHW12115	526.625 	 89.846 	 61.452
FHW12115	526.750 	 89.846 	 61.452
FHW12115	526.875 	 89.846 	 61.452
FHW12115	527.000 	 89.839 	 61.445
FHW12115	527.125 	 89.846 	 61.452
FHW12115	527.250 	 89.846 	 61.452
FHW12115	527.375 	 89.846 	 61.445
FHW12115	527.500 	 89.846 	 61.452
FHW12115	527.625 	 89.846 	 61.452
FHW12115	527.750 	 89.846 	 61.452
FHW12115	527.875 	 89.839 	 61.452
FHW12115	528.000 	 89.846 	 61.452
FHW12115	528.125 	 89.846 	 61.452
FHW12115	528.250 	 89.846 	 61.445
FHW12115	528.375 	 89.846 	 61.445
FHW12115	528.500 	 89.846 	 61.452
FHW12115	528.625 	 89.839 	 61.452
FHW12115	528.750 	 89.846 	 61.452
FHW12115	528.875 	 89.846 	 61.452
FHW12115	529.000 	 89.846 	 61.445
FHW12115	529.125 	 89.846 	 61.452
FHW12115	529.250 	 89.846 	 61.452
FHW12115	529.375 	 89.839 	 61.452
FHW12115	529.500 	 89.846 	 61.452
FHW12115	529.625 	 89.846 	 61.452
FHW12115	529.750 	 89.846 	 61.445
FHW12115	529.875 	 89.846 	 61.445
FHW12115	530.000 	 89.846 	 61.452
FHW12115	530.125 	 89.839 	 61.452
FHW12115	530.250 	 89.846 	 61.452
FHW12115	530.375 	 89.846 	 61.452
FHW12115	530.500 	 89.846 	 61.452
FHW12115	530.625 	 89.846 	 61.445
FHW12115	530.750 	 89.846 	 61.452
FHW12115	530.875 	 89.846 	 61.452
FHW12115	531.000 	 89.839 	 61.452
FHW12115	531.125 	 89.846 	 61.445
FHW12115	531.250 	 89.846 	 61.452
FHW12115	531.375 	 89.846 	 61.452
FHW12115	531.500 	 89.846 	 61.445
FHW12115	531.625 	 89.846 	 61.452
FHW12115	531.750 	 89.839 	 61.452
FHW12115	531.875 	 89.846 	 61.452
FHW12115	532.000 	 89.846 	 61.452
FHW12115	532.125 	 89.846 	 61.452
FHW12115	532.250 	 89.846 	 61.452
FHW12115	532.375 	 89.846 	 61.445
FHW12115	532.500 	 89.839 	 61.452
FHW12115	532.625 	 89.846 	 61.445
FHW12115	532.750 	 89.846 	 61.452
FHW12115	532.875 	 89.846 	 61.452
FHW12115	533.000 	 89.846 	 61.452
FHW12115	533.125 	 89.846 	 61.445
FHW12115	533.250 	 89.846 	 61.452
FHW12115	533.375 	 89.839 	 61.452
FHW12115	533.500 	 89.846 	 61.452
FHW12115	533.625 	 89.846 	 61.452
FHW12115	533.750 	 89.846 	 61.452
FHW12115	533.875 	 89.846 	 61.452
FHW12115	534.000 	 89.846 	 61.439
FHW12115	534.125 	 89.839 	 61.452
FHW12115	534.250 	 89.846 	 61.452
FHW12115	534.375 	 89.846 	 61.452
FHW12115	534.500 	 89.846 	 61.452
FHW12115	534.625 	 89.846 	 61.452
FHW12115	534.750 	 89.846 	 61.452
FHW12115	534.875 	 89.839 	 61.445
FHW12115	535.000 	 89.846 	 61.452
FHW12115	535.125 	 89.846 	 61.452
FHW12115	535.250 	 89.846 	 61.452
FHW12115	535.375 	 89.846 	 61.445
FHW12115	535.500 	 89.846 	 61.452
FHW12115	535.625 	 89.839 	 61.445
FHW12115	535.750 	 89.846 	 61.452
FHW12115	535.875 	 89.846 	 61.452
FHW12115	536.000 	 89.846 	 61.452
