#WellName	 Depth.M	 INCL	 AZIM 
WellName	 Depth.M	 INCL	 AZIM 
FHW12028	0.000 	 0.000 	 0.000
FHW12028	0.125 	 0.000 	 90.000
FHW12028	0.250 	 0.000 	 90.000
FHW12028	0.375 	 0.000 	 90.000
FHW12028	0.500 	 0.000 	 90.000
FHW12028	0.625 	 0.000 	 90.000
FHW12028	0.750 	 0.000 	 90.000
FHW12028	0.875 	 0.000 	 90.000
FHW12028	1.000 	 0.000 	 90.000
FHW12028	1.125 	 0.000 	 90.000
FHW12028	1.250 	 0.000 	 90.000
FHW12028	1.375 	 0.000 	 90.000
FHW12028	1.500 	 0.000 	 90.000
FHW12028	1.625 	 0.000 	 90.000
FHW12028	1.750 	 0.000 	 90.000
FHW12028	1.875 	 0.000 	 90.000
FHW12028	2.000 	 0.000 	 90.000
FHW12028	2.125 	 0.000 	 90.000
FHW12028	2.250 	 0.000 	 90.000
FHW12028	2.375 	 0.000 	 90.000
FHW12028	2.500 	 0.000 	 90.000
FHW12028	2.625 	 0.000 	 90.000
FHW12028	2.750 	 0.000 	 90.000
FHW12028	2.875 	 0.000 	 90.000
FHW12028	3.000 	 0.000 	 90.000
FHW12028	3.125 	 0.000 	 90.000
FHW12028	3.250 	 0.000 	 90.000
FHW12028	3.375 	 0.000 	 90.000
FHW12028	3.500 	 0.000 	 90.000
FHW12028	3.625 	 0.000 	 90.000
FHW12028	3.750 	 0.000 	 90.000
FHW12028	3.875 	 0.000 	 90.000
FHW12028	4.000 	 0.000 	 90.000
FHW12028	4.125 	 0.000 	 90.000
FHW12028	4.250 	 0.000 	 90.000
FHW12028	4.375 	 0.000 	 90.000
FHW12028	4.500 	 0.000 	 90.000
FHW12028	4.625 	 0.000 	 90.000
FHW12028	4.750 	 0.000 	 90.000
FHW12028	4.875 	 0.000 	 90.000
FHW12028	5.000 	 0.000 	 90.000
FHW12028	5.125 	 0.000 	 90.000
FHW12028	5.250 	 0.000 	 90.000
FHW12028	5.375 	 0.000 	 90.000
FHW12028	5.500 	 0.000 	 90.000
FHW12028	5.625 	 0.000 	 90.000
FHW12028	5.750 	 0.000 	 90.000
FHW12028	5.875 	 0.000 	 90.000
FHW12028	6.000 	 0.000 	 90.000
FHW12028	6.125 	 0.000 	 90.000
FHW12028	6.250 	 0.000 	 90.000
FHW12028	6.375 	 0.000 	 90.000
FHW12028	6.500 	 0.000 	 90.000
FHW12028	6.625 	 0.000 	 90.000
FHW12028	6.750 	 0.000 	 90.000
FHW12028	6.875 	 0.000 	 90.000
FHW12028	7.000 	 0.000 	 90.000
FHW12028	7.125 	 0.000 	 90.000
FHW12028	7.250 	 0.000 	 90.000
FHW12028	7.375 	 0.000 	 90.000
FHW12028	7.500 	 0.000 	 90.000
FHW12028	7.625 	 0.000 	 90.000
FHW12028	7.750 	 0.000 	 90.000
FHW12028	7.875 	 0.000 	 90.000
FHW12028	8.000 	 0.000 	 90.000
FHW12028	8.125 	 0.000 	 90.000
FHW12028	8.250 	 0.000 	 90.000
FHW12028	8.375 	 0.000 	 90.000
FHW12028	8.500 	 0.000 	 90.000
FHW12028	8.625 	 0.000 	 90.000
FHW12028	8.750 	 0.000 	 90.000
FHW12028	8.875 	 0.000 	 90.000
FHW12028	9.000 	 0.000 	 90.000
FHW12028	9.125 	 0.000 	 90.000
FHW12028	9.250 	 0.000 	 90.000
FHW12028	9.375 	 0.000 	 90.000
FHW12028	9.500 	 0.000 	 90.000
FHW12028	9.625 	 0.000 	 90.000
FHW12028	9.750 	 0.000 	 90.000
FHW12028	9.875 	 0.000 	 90.000
FHW12028	10.000 	 0.000 	 90.000
FHW12028	10.125 	 0.000 	 90.000
FHW12028	10.250 	 0.000 	 90.000
FHW12028	10.375 	 0.000 	 90.000
FHW12028	10.500 	 0.000 	 90.000
FHW12028	10.625 	 0.000 	 90.000
FHW12028	10.750 	 0.000 	 90.000
FHW12028	10.875 	 0.000 	 90.000
FHW12028	11.000 	 0.000 	 90.000
FHW12028	11.125 	 0.000 	 90.000
FHW12028	11.250 	 0.000 	 90.000
FHW12028	11.375 	 0.000 	 90.000
FHW12028	11.500 	 0.000 	 90.000
FHW12028	11.625 	 0.000 	 90.000
FHW12028	11.750 	 0.000 	 90.000
FHW12028	11.875 	 0.000 	 90.000
FHW12028	12.000 	 0.000 	 90.000
FHW12028	12.125 	 0.000 	 90.000
FHW12028	12.250 	 0.000 	 90.000
FHW12028	12.375 	 0.000 	 90.000
FHW12028	12.500 	 0.000 	 90.000
FHW12028	12.625 	 0.000 	 90.000
FHW12028	12.750 	 0.000 	 90.000
FHW12028	12.875 	 0.000 	 90.000
FHW12028	13.000 	 0.000 	 90.000
FHW12028	13.125 	 0.000 	 90.000
FHW12028	13.250 	 0.000 	 90.000
FHW12028	13.375 	 0.000 	 90.000
FHW12028	13.500 	 0.000 	 90.000
FHW12028	13.625 	 0.000 	 90.000
FHW12028	13.750 	 0.000 	 90.000
FHW12028	13.875 	 0.000 	 90.000
FHW12028	14.000 	 0.000 	 90.000
FHW12028	14.125 	 0.000 	 90.000
FHW12028	14.250 	 0.000 	 90.000
FHW12028	14.375 	 0.000 	 90.000
FHW12028	14.500 	 0.000 	 90.000
FHW12028	14.625 	 0.000 	 90.000
FHW12028	14.750 	 0.000 	 90.000
FHW12028	14.875 	 0.000 	 90.000
FHW12028	15.000 	 0.000 	 90.000
FHW12028	15.125 	 0.000 	 90.000
FHW12028	15.250 	 0.000 	 90.000
FHW12028	15.375 	 0.000 	 90.000
FHW12028	15.500 	 0.000 	 90.000
FHW12028	15.625 	 0.000 	 90.000
FHW12028	15.750 	 0.000 	 90.000
FHW12028	15.875 	 0.000 	 90.000
FHW12028	16.000 	 0.000 	 90.000
FHW12028	16.125 	 0.000 	 90.000
FHW12028	16.250 	 0.000 	 90.000
FHW12028	16.375 	 0.000 	 90.000
FHW12028	16.500 	 0.000 	 90.000
FHW12028	16.625 	 0.000 	 90.000
FHW12028	16.750 	 0.000 	 90.000
FHW12028	16.875 	 0.000 	 90.000
FHW12028	17.000 	 0.000 	 90.000
FHW12028	17.125 	 0.000 	 90.000
FHW12028	17.250 	 0.000 	 90.000
FHW12028	17.375 	 0.000 	 90.000
FHW12028	17.500 	 0.000 	 90.000
FHW12028	17.625 	 0.000 	 90.000
FHW12028	17.750 	 0.000 	 90.000
FHW12028	17.875 	 0.000 	 90.000
FHW12028	18.000 	 0.000 	 90.000
FHW12028	18.125 	 0.000 	 90.000
FHW12028	18.250 	 0.000 	 90.000
FHW12028	18.375 	 0.000 	 90.000
FHW12028	18.500 	 0.000 	 90.000
FHW12028	18.625 	 0.000 	 90.000
FHW12028	18.750 	 0.000 	 90.000
FHW12028	18.875 	 0.000 	 90.000
FHW12028	19.000 	 0.000 	 90.000
FHW12028	19.125 	 0.000 	 90.000
FHW12028	19.250 	 0.000 	 90.000
FHW12028	19.375 	 0.000 	 90.000
FHW12028	19.500 	 0.000 	 90.000
FHW12028	19.625 	 0.000 	 90.000
FHW12028	19.750 	 0.000 	 90.000
FHW12028	19.875 	 0.000 	 90.000
FHW12028	20.000 	 0.000 	 90.000
FHW12028	20.125 	 0.000 	 90.000
FHW12028	20.250 	 0.000 	 90.000
FHW12028	20.375 	 0.000 	 90.000
FHW12028	20.500 	 0.000 	 90.000
FHW12028	20.625 	 0.000 	 90.000
FHW12028	20.750 	 0.000 	 90.000
FHW12028	20.875 	 0.000 	 90.000
FHW12028	21.000 	 0.000 	 90.000
FHW12028	21.125 	 0.000 	 90.000
FHW12028	21.250 	 0.000 	 90.000
FHW12028	21.375 	 0.000 	 90.000
FHW12028	21.500 	 0.000 	 90.000
FHW12028	21.625 	 0.000 	 90.000
FHW12028	21.750 	 0.000 	 90.000
FHW12028	21.875 	 0.000 	 90.000
FHW12028	22.000 	 0.000 	 90.000
FHW12028	22.125 	 0.000 	 90.000
FHW12028	22.250 	 0.000 	 90.000
FHW12028	22.375 	 0.000 	 90.000
FHW12028	22.500 	 0.000 	 90.000
FHW12028	22.625 	 0.000 	 90.000
FHW12028	22.750 	 0.000 	 90.000
FHW12028	22.875 	 0.000 	 90.000
FHW12028	23.000 	 0.000 	 90.000
FHW12028	23.125 	 0.000 	 90.000
FHW12028	23.250 	 0.000 	 90.000
FHW12028	23.375 	 0.000 	 90.000
FHW12028	23.500 	 0.000 	 90.000
FHW12028	23.625 	 0.000 	 90.000
FHW12028	23.750 	 0.000 	 90.000
FHW12028	23.875 	 0.000 	 90.000
FHW12028	24.000 	 0.000 	 90.000
FHW12028	24.125 	 0.000 	 90.000
FHW12028	24.250 	 0.000 	 90.000
FHW12028	24.375 	 0.000 	 90.000
FHW12028	24.500 	 0.000 	 90.000
FHW12028	24.625 	 0.000 	 90.000
FHW12028	24.750 	 0.000 	 90.000
FHW12028	24.875 	 0.000 	 90.000
FHW12028	25.000 	 0.000 	 90.000
FHW12028	25.125 	 0.000 	 90.000
FHW12028	25.250 	 0.000 	 90.000
FHW12028	25.375 	 0.000 	 90.000
FHW12028	25.500 	 0.000 	 90.000
FHW12028	25.625 	 0.000 	 90.000
FHW12028	25.750 	 0.000 	 90.000
FHW12028	25.875 	 0.000 	 90.000
FHW12028	26.000 	 0.000 	 90.000
FHW12028	26.125 	 0.000 	 90.000
FHW12028	26.250 	 0.000 	 90.000
FHW12028	26.375 	 0.000 	 90.000
FHW12028	26.500 	 0.000 	 90.000
FHW12028	26.625 	 0.000 	 90.000
FHW12028	26.750 	 0.000 	 90.000
FHW12028	26.875 	 0.000 	 90.000
FHW12028	27.000 	 0.000 	 90.000
FHW12028	27.125 	 0.000 	 90.000
FHW12028	27.250 	 0.000 	 90.000
FHW12028	27.375 	 0.000 	 90.000
FHW12028	27.500 	 0.000 	 90.000
FHW12028	27.625 	 0.000 	 90.000
FHW12028	27.750 	 0.000 	 90.000
FHW12028	27.875 	 0.000 	 90.000
FHW12028	28.000 	 0.000 	 90.000
FHW12028	28.125 	 0.000 	 90.000
FHW12028	28.250 	 0.000 	 90.000
FHW12028	28.375 	 0.000 	 90.000
FHW12028	28.500 	 0.000 	 90.000
FHW12028	28.625 	 0.000 	 90.000
FHW12028	28.750 	 0.000 	 90.000
FHW12028	28.875 	 0.000 	 90.000
FHW12028	29.000 	 0.000 	 90.000
FHW12028	29.125 	 0.000 	 90.000
FHW12028	29.250 	 0.000 	 90.000
FHW12028	29.375 	 0.000 	 90.000
FHW12028	29.500 	 0.000 	 90.000
FHW12028	29.625 	 0.000 	 90.000
FHW12028	29.750 	 0.000 	 90.000
FHW12028	29.875 	 0.000 	 90.000
FHW12028	30.000 	 0.000 	 90.000
FHW12028	30.125 	 0.000 	 90.000
FHW12028	30.250 	 0.000 	 90.000
FHW12028	30.375 	 0.000 	 90.000
FHW12028	30.500 	 0.000 	 90.000
FHW12028	30.625 	 0.000 	 90.000
FHW12028	30.750 	 0.000 	 90.000
FHW12028	30.875 	 0.000 	 90.000
FHW12028	31.000 	 0.000 	 90.000
FHW12028	31.125 	 0.000 	 90.000
FHW12028	31.250 	 0.000 	 90.000
FHW12028	31.375 	 0.000 	 90.000
FHW12028	31.500 	 0.000 	 90.000
FHW12028	31.625 	 0.000 	 90.000
FHW12028	31.750 	 0.000 	 90.000
FHW12028	31.875 	 0.000 	 90.000
FHW12028	32.000 	 0.000 	 90.000
FHW12028	32.125 	 0.000 	 90.000
FHW12028	32.250 	 0.000 	 90.000
FHW12028	32.375 	 0.000 	 90.000
FHW12028	32.500 	 0.000 	 90.000
FHW12028	32.625 	 0.000 	 90.000
FHW12028	32.750 	 0.000 	 90.000
FHW12028	32.875 	 0.000 	 90.000
FHW12028	33.000 	 0.000 	 90.000
FHW12028	33.125 	 0.000 	 90.000
FHW12028	33.250 	 0.000 	 90.000
FHW12028	33.375 	 0.000 	 90.000
FHW12028	33.500 	 0.000 	 90.000
FHW12028	33.625 	 0.000 	 90.000
FHW12028	33.750 	 0.000 	 90.000
FHW12028	33.875 	 0.000 	 90.000
FHW12028	34.000 	 0.000 	 90.000
FHW12028	34.125 	 0.000 	 90.000
FHW12028	34.250 	 0.000 	 90.000
FHW12028	34.375 	 0.000 	 90.000
FHW12028	34.500 	 0.000 	 90.000
FHW12028	34.625 	 0.000 	 90.000
FHW12028	34.750 	 0.000 	 90.000
FHW12028	34.875 	 0.000 	 90.000
FHW12028	35.000 	 0.000 	 90.000
FHW12028	35.125 	 0.000 	 90.000
FHW12028	35.250 	 0.000 	 90.000
FHW12028	35.375 	 0.000 	 90.000
FHW12028	35.500 	 0.000 	 90.000
FHW12028	35.625 	 0.000 	 90.000
FHW12028	35.750 	 0.000 	 90.000
FHW12028	35.875 	 0.000 	 90.000
FHW12028	36.000 	 0.000 	 90.000
FHW12028	36.125 	 0.000 	 90.000
FHW12028	36.250 	 0.000 	 90.000
FHW12028	36.375 	 0.000 	 90.000
FHW12028	36.500 	 0.000 	 90.000
FHW12028	36.625 	 0.000 	 90.000
FHW12028	36.750 	 0.000 	 90.000
FHW12028	36.875 	 0.000 	 90.000
FHW12028	37.000 	 0.000 	 90.000
FHW12028	37.125 	 0.000 	 90.000
FHW12028	37.250 	 0.000 	 90.000
FHW12028	37.375 	 0.000 	 90.000
FHW12028	37.500 	 0.000 	 90.000
FHW12028	37.625 	 0.000 	 90.000
FHW12028	37.750 	 0.000 	 90.000
FHW12028	37.875 	 0.000 	 90.000
FHW12028	38.000 	 0.000 	 90.000
FHW12028	38.125 	 0.000 	 90.000
FHW12028	38.250 	 0.000 	 90.000
FHW12028	38.375 	 0.000 	 90.000
FHW12028	38.500 	 0.000 	 90.000
FHW12028	38.625 	 0.000 	 90.000
FHW12028	38.750 	 0.000 	 90.000
FHW12028	38.875 	 0.000 	 90.000
FHW12028	39.000 	 0.000 	 90.000
FHW12028	39.125 	 0.000 	 90.000
FHW12028	39.250 	 0.000 	 90.000
FHW12028	39.375 	 0.000 	 90.000
FHW12028	39.500 	 0.000 	 90.000
FHW12028	39.625 	 0.000 	 90.000
FHW12028	39.750 	 0.000 	 90.000
FHW12028	39.875 	 0.000 	 90.000
FHW12028	40.000 	 0.000 	 90.000
FHW12028	40.125 	 0.000 	 90.000
FHW12028	40.250 	 0.000 	 90.000
FHW12028	40.375 	 0.000 	 90.000
FHW12028	40.500 	 0.000 	 90.000
FHW12028	40.625 	 0.000 	 90.000
FHW12028	40.750 	 0.000 	 90.000
FHW12028	40.875 	 0.000 	 90.000
FHW12028	41.000 	 0.000 	 90.000
FHW12028	41.125 	 0.000 	 90.000
FHW12028	41.250 	 0.000 	 90.000
FHW12028	41.375 	 0.000 	 90.000
FHW12028	41.500 	 0.000 	 90.000
FHW12028	41.625 	 0.000 	 90.000
FHW12028	41.750 	 0.000 	 90.000
FHW12028	41.875 	 0.000 	 90.000
FHW12028	42.000 	 0.000 	 90.000
FHW12028	42.125 	 0.000 	 90.000
FHW12028	42.250 	 0.000 	 90.000
FHW12028	42.375 	 0.000 	 90.000
FHW12028	42.500 	 0.000 	 90.000
FHW12028	42.625 	 0.000 	 90.000
FHW12028	42.750 	 0.000 	 90.000
FHW12028	42.875 	 0.000 	 90.000
FHW12028	43.000 	 0.000 	 90.000
FHW12028	43.125 	 0.000 	 90.000
FHW12028	43.250 	 0.000 	 90.000
FHW12028	43.375 	 0.000 	 90.000
FHW12028	43.500 	 0.000 	 90.000
FHW12028	43.625 	 0.000 	 90.000
FHW12028	43.750 	 0.000 	 90.000
FHW12028	43.875 	 0.000 	 90.000
FHW12028	44.000 	 0.000 	 90.000
FHW12028	44.125 	 0.000 	 90.000
FHW12028	44.250 	 0.000 	 90.000
FHW12028	44.375 	 0.000 	 90.000
FHW12028	44.500 	 0.000 	 90.000
FHW12028	44.625 	 0.000 	 90.000
FHW12028	44.750 	 0.000 	 90.000
FHW12028	44.875 	 0.000 	 90.000
FHW12028	45.000 	 0.000 	 90.000
FHW12028	45.125 	 0.000 	 90.000
FHW12028	45.250 	 0.000 	 90.000
FHW12028	45.375 	 0.000 	 90.000
FHW12028	45.500 	 0.000 	 90.000
FHW12028	45.625 	 0.000 	 90.000
FHW12028	45.750 	 0.000 	 90.000
FHW12028	45.875 	 0.000 	 90.000
FHW12028	46.000 	 0.000 	 90.000
FHW12028	46.125 	 0.000 	 90.000
FHW12028	46.250 	 0.000 	 90.000
FHW12028	46.375 	 0.000 	 90.000
FHW12028	46.500 	 0.000 	 90.000
FHW12028	46.625 	 0.000 	 90.000
FHW12028	46.750 	 0.000 	 90.000
FHW12028	46.875 	 0.000 	 90.000
FHW12028	47.000 	 0.000 	 90.000
FHW12028	47.125 	 0.000 	 90.000
FHW12028	47.250 	 0.000 	 90.000
FHW12028	47.375 	 0.000 	 90.000
FHW12028	47.500 	 0.000 	 90.000
FHW12028	47.625 	 0.000 	 90.000
FHW12028	47.750 	 0.000 	 90.000
FHW12028	47.875 	 0.000 	 90.000
FHW12028	48.000 	 0.000 	 90.000
FHW12028	48.125 	 0.000 	 90.000
FHW12028	48.250 	 0.000 	 90.000
FHW12028	48.375 	 0.000 	 90.000
FHW12028	48.500 	 0.000 	 90.000
FHW12028	48.625 	 0.000 	 90.000
FHW12028	48.750 	 0.000 	 90.000
FHW12028	48.875 	 0.000 	 90.000
FHW12028	49.000 	 0.000 	 90.000
FHW12028	49.125 	 0.000 	 90.000
FHW12028	49.250 	 0.000 	 90.000
FHW12028	49.375 	 0.000 	 90.000
FHW12028	49.500 	 0.000 	 90.000
FHW12028	49.625 	 0.000 	 90.000
FHW12028	49.750 	 0.000 	 90.000
FHW12028	49.875 	 0.000 	 90.000
FHW12028	50.000 	 0.000 	 90.000
FHW12028	50.125 	 0.000 	 90.000
FHW12028	50.250 	 0.000 	 90.000
FHW12028	50.375 	 0.000 	 90.000
FHW12028	50.500 	 0.000 	 90.000
FHW12028	50.625 	 0.000 	 90.000
FHW12028	50.750 	 0.000 	 90.000
FHW12028	50.875 	 0.000 	 90.000
FHW12028	51.000 	 0.000 	 90.000
FHW12028	51.125 	 0.000 	 90.000
FHW12028	51.250 	 0.000 	 90.000
FHW12028	51.375 	 0.000 	 90.000
FHW12028	51.500 	 0.000 	 90.000
FHW12028	51.625 	 0.000 	 90.000
FHW12028	51.750 	 0.000 	 90.000
FHW12028	51.875 	 0.000 	 90.000
FHW12028	52.000 	 0.000 	 90.000
FHW12028	52.125 	 0.000 	 90.000
FHW12028	52.250 	 0.000 	 90.000
FHW12028	52.375 	 0.000 	 90.000
FHW12028	52.500 	 0.000 	 90.000
FHW12028	52.625 	 0.000 	 90.000
FHW12028	52.750 	 0.000 	 90.000
FHW12028	52.875 	 0.000 	 90.000
FHW12028	53.000 	 0.000 	 90.000
FHW12028	53.125 	 0.000 	 90.000
FHW12028	53.250 	 0.000 	 90.000
FHW12028	53.375 	 0.000 	 90.000
FHW12028	53.500 	 0.000 	 90.000
FHW12028	53.625 	 0.000 	 90.000
FHW12028	53.750 	 0.000 	 90.000
FHW12028	53.875 	 0.000 	 90.000
FHW12028	54.000 	 0.000 	 90.000
FHW12028	54.125 	 0.000 	 90.000
FHW12028	54.250 	 0.000 	 90.000
FHW12028	54.375 	 0.000 	 90.000
FHW12028	54.500 	 0.000 	 90.000
FHW12028	54.625 	 0.000 	 90.000
FHW12028	54.750 	 0.000 	 90.000
FHW12028	54.875 	 0.000 	 90.000
FHW12028	55.000 	 0.000 	 90.000
FHW12028	55.125 	 0.000 	 90.000
FHW12028	55.250 	 0.000 	 90.000
FHW12028	55.375 	 0.000 	 90.000
FHW12028	55.500 	 0.000 	 90.000
FHW12028	55.625 	 0.000 	 90.000
FHW12028	55.750 	 0.000 	 90.000
FHW12028	55.875 	 0.000 	 90.000
FHW12028	56.000 	 0.000 	 90.000
FHW12028	56.125 	 0.000 	 90.000
FHW12028	56.250 	 0.000 	 90.000
FHW12028	56.375 	 0.000 	 90.000
FHW12028	56.500 	 0.000 	 90.000
FHW12028	56.625 	 0.000 	 90.000
FHW12028	56.750 	 0.000 	 90.000
FHW12028	56.875 	 0.000 	 90.000
FHW12028	57.000 	 0.000 	 90.000
FHW12028	57.125 	 0.000 	 90.000
FHW12028	57.250 	 0.000 	 90.000
FHW12028	57.375 	 0.000 	 90.000
FHW12028	57.500 	 0.000 	 90.000
FHW12028	57.625 	 0.000 	 90.000
FHW12028	57.750 	 0.000 	 90.000
FHW12028	57.875 	 0.000 	 90.000
FHW12028	58.000 	 0.000 	 90.000
FHW12028	58.125 	 0.000 	 90.000
FHW12028	58.250 	 0.000 	 90.000
FHW12028	58.375 	 0.000 	 90.000
FHW12028	58.500 	 0.000 	 90.000
FHW12028	58.625 	 0.000 	 90.000
FHW12028	58.750 	 0.000 	 90.000
FHW12028	58.875 	 0.000 	 90.000
FHW12028	59.000 	 0.000 	 90.000
FHW12028	59.125 	 0.000 	 90.000
FHW12028	59.250 	 0.000 	 90.000
FHW12028	59.375 	 0.000 	 90.000
FHW12028	59.500 	 0.000 	 90.000
FHW12028	59.625 	 0.000 	 90.000
FHW12028	59.750 	 0.000 	 90.000
FHW12028	59.875 	 0.000 	 90.000
FHW12028	60.000 	 0.000 	 90.000
FHW12028	60.125 	 0.000 	 90.000
FHW12028	60.250 	 0.000 	 90.000
FHW12028	60.375 	 0.000 	 90.000
FHW12028	60.500 	 0.000 	 90.000
FHW12028	60.625 	 0.000 	 90.000
FHW12028	60.750 	 0.000 	 90.000
FHW12028	60.875 	 0.000 	 90.000
FHW12028	61.000 	 0.000 	 90.000
FHW12028	61.125 	 0.000 	 90.000
FHW12028	61.250 	 0.000 	 90.000
FHW12028	61.375 	 0.000 	 90.000
FHW12028	61.500 	 0.000 	 90.000
FHW12028	61.625 	 0.000 	 90.000
FHW12028	61.750 	 0.000 	 90.000
FHW12028	61.875 	 0.000 	 90.000
FHW12028	62.000 	 0.000 	 90.000
FHW12028	62.125 	 0.000 	 90.000
FHW12028	62.250 	 0.000 	 90.000
FHW12028	62.375 	 0.000 	 90.000
FHW12028	62.500 	 0.000 	 90.000
FHW12028	62.625 	 0.000 	 90.000
FHW12028	62.750 	 0.000 	 90.000
FHW12028	62.875 	 0.000 	 90.000
FHW12028	63.000 	 0.000 	 90.000
FHW12028	63.125 	 0.000 	 90.000
FHW12028	63.250 	 0.000 	 90.000
FHW12028	63.375 	 0.000 	 90.000
FHW12028	63.500 	 0.000 	 90.000
FHW12028	63.625 	 0.000 	 90.000
FHW12028	63.750 	 0.000 	 90.000
FHW12028	63.875 	 0.000 	 90.000
FHW12028	64.000 	 0.000 	 90.000
FHW12028	64.125 	 0.000 	 90.000
FHW12028	64.250 	 0.000 	 90.000
FHW12028	64.375 	 0.000 	 90.000
FHW12028	64.500 	 0.000 	 90.000
FHW12028	64.625 	 0.000 	 90.000
FHW12028	64.750 	 0.000 	 90.000
FHW12028	64.875 	 0.000 	 90.000
FHW12028	65.000 	 0.000 	 90.000
FHW12028	65.125 	 0.000 	 90.000
FHW12028	65.250 	 0.000 	 90.000
FHW12028	65.375 	 0.000 	 90.000
FHW12028	65.500 	 0.000 	 90.000
FHW12028	65.625 	 0.000 	 90.000
FHW12028	65.750 	 0.000 	 90.000
FHW12028	65.875 	 0.000 	 90.000
FHW12028	66.000 	 0.000 	 90.000
FHW12028	66.125 	 0.000 	 90.000
FHW12028	66.250 	 0.000 	 90.000
FHW12028	66.375 	 0.000 	 90.000
FHW12028	66.500 	 0.000 	 90.000
FHW12028	66.625 	 0.000 	 90.000
FHW12028	66.750 	 0.000 	 90.000
FHW12028	66.875 	 0.000 	 90.000
FHW12028	67.000 	 0.000 	 90.000
FHW12028	67.125 	 0.000 	 90.000
FHW12028	67.250 	 0.000 	 90.000
FHW12028	67.375 	 0.000 	 90.000
FHW12028	67.500 	 0.000 	 90.000
FHW12028	67.625 	 0.000 	 90.000
FHW12028	67.750 	 0.000 	 90.000
FHW12028	67.875 	 0.000 	 90.000
FHW12028	68.000 	 0.000 	 90.000
FHW12028	68.125 	 0.000 	 90.000
FHW12028	68.250 	 0.000 	 90.000
FHW12028	68.375 	 0.000 	 90.000
FHW12028	68.500 	 0.000 	 90.000
FHW12028	68.625 	 0.000 	 90.000
FHW12028	68.750 	 0.000 	 90.000
FHW12028	68.875 	 0.000 	 90.000
FHW12028	69.000 	 0.000 	 90.000
FHW12028	69.125 	 0.000 	 90.000
FHW12028	69.250 	 0.000 	 90.000
FHW12028	69.375 	 0.000 	 90.000
FHW12028	69.500 	 0.000 	 90.000
FHW12028	69.625 	 0.000 	 90.000
FHW12028	69.750 	 0.000 	 90.000
FHW12028	69.875 	 0.000 	 90.000
FHW12028	70.000 	 0.000 	 90.000
FHW12028	70.125 	 0.000 	 90.000
FHW12028	70.250 	 0.000 	 90.000
FHW12028	70.375 	 0.000 	 90.000
FHW12028	70.500 	 0.000 	 90.000
FHW12028	70.625 	 0.000 	 90.000
FHW12028	70.750 	 0.000 	 90.000
FHW12028	70.875 	 0.000 	 90.000
FHW12028	71.000 	 0.000 	 90.000
FHW12028	71.125 	 0.000 	 90.000
FHW12028	71.250 	 0.000 	 90.000
FHW12028	71.375 	 0.000 	 90.000
FHW12028	71.500 	 0.000 	 90.000
FHW12028	71.625 	 0.000 	 90.000
FHW12028	71.750 	 0.000 	 90.000
FHW12028	71.875 	 0.000 	 90.000
FHW12028	72.000 	 0.000 	 90.000
FHW12028	72.125 	 0.000 	 90.000
FHW12028	72.250 	 0.000 	 90.000
FHW12028	72.375 	 0.000 	 90.000
FHW12028	72.500 	 0.000 	 90.000
FHW12028	72.625 	 0.000 	 90.000
FHW12028	72.750 	 0.000 	 90.000
FHW12028	72.875 	 0.000 	 90.000
FHW12028	73.000 	 0.000 	 90.000
FHW12028	73.125 	 0.000 	 90.000
FHW12028	73.250 	 0.000 	 90.000
FHW12028	73.375 	 0.000 	 90.000
FHW12028	73.500 	 0.000 	 90.000
FHW12028	73.625 	 0.000 	 90.000
FHW12028	73.750 	 0.000 	 90.000
FHW12028	73.875 	 0.000 	 90.000
FHW12028	74.000 	 0.000 	 90.000
FHW12028	74.125 	 0.000 	 90.000
FHW12028	74.250 	 0.000 	 90.000
FHW12028	74.375 	 0.000 	 90.000
FHW12028	74.500 	 0.000 	 90.000
FHW12028	74.625 	 0.000 	 90.000
FHW12028	74.750 	 0.000 	 90.000
FHW12028	74.875 	 0.000 	 90.000
FHW12028	75.000 	 0.000 	 90.000
FHW12028	75.125 	 0.000 	 90.000
FHW12028	75.250 	 0.000 	 90.000
FHW12028	75.375 	 0.000 	 90.000
FHW12028	75.500 	 0.000 	 90.000
FHW12028	75.625 	 0.000 	 90.000
FHW12028	75.750 	 0.000 	 90.000
FHW12028	75.875 	 0.000 	 90.000
FHW12028	76.000 	 0.000 	 90.000
FHW12028	76.125 	 0.000 	 90.000
FHW12028	76.250 	 0.000 	 90.000
FHW12028	76.375 	 0.000 	 90.000
FHW12028	76.500 	 0.000 	 90.000
FHW12028	76.625 	 0.000 	 90.000
FHW12028	76.750 	 0.000 	 90.000
FHW12028	76.875 	 0.000 	 90.000
FHW12028	77.000 	 0.000 	 90.000
FHW12028	77.125 	 0.000 	 90.000
FHW12028	77.250 	 0.000 	 90.000
FHW12028	77.375 	 0.000 	 90.000
FHW12028	77.500 	 0.000 	 90.000
FHW12028	77.625 	 0.000 	 90.000
FHW12028	77.750 	 0.000 	 90.000
FHW12028	77.875 	 0.000 	 90.000
FHW12028	78.000 	 0.000 	 90.000
FHW12028	78.125 	 0.000 	 90.000
FHW12028	78.250 	 0.000 	 90.000
FHW12028	78.375 	 0.000 	 90.000
FHW12028	78.500 	 0.000 	 90.000
FHW12028	78.625 	 0.000 	 90.000
FHW12028	78.750 	 0.000 	 90.000
FHW12028	78.875 	 0.000 	 90.000
FHW12028	79.000 	 0.000 	 90.000
FHW12028	79.125 	 0.000 	 90.000
FHW12028	79.250 	 0.000 	 90.000
FHW12028	79.375 	 0.000 	 90.000
FHW12028	79.500 	 0.000 	 90.000
FHW12028	79.625 	 0.000 	 90.000
FHW12028	79.750 	 0.000 	 90.000
FHW12028	79.875 	 0.000 	 90.000
FHW12028	80.000 	 0.000 	 90.000
FHW12028	80.125 	 0.000 	 90.000
FHW12028	80.250 	 0.000 	 90.000
FHW12028	80.375 	 0.000 	 90.000
FHW12028	80.500 	 0.000 	 90.000
FHW12028	80.625 	 0.000 	 90.000
FHW12028	80.750 	 0.000 	 90.000
FHW12028	80.875 	 0.000 	 90.000
FHW12028	81.000 	 0.000 	 90.000
FHW12028	81.125 	 0.000 	 90.000
FHW12028	81.250 	 0.000 	 90.000
FHW12028	81.375 	 0.000 	 90.000
FHW12028	81.500 	 0.000 	 90.000
FHW12028	81.625 	 0.000 	 90.000
FHW12028	81.750 	 0.000 	 90.000
FHW12028	81.875 	 0.000 	 90.000
FHW12028	82.000 	 0.000 	 90.000
FHW12028	82.125 	 0.000 	 90.000
FHW12028	82.250 	 0.000 	 90.000
FHW12028	82.375 	 0.000 	 90.000
FHW12028	82.500 	 0.000 	 90.000
FHW12028	82.625 	 0.000 	 90.000
FHW12028	82.750 	 0.000 	 90.000
FHW12028	82.875 	 0.000 	 90.000
FHW12028	83.000 	 0.000 	 90.000
FHW12028	83.125 	 0.000 	 90.000
FHW12028	83.250 	 0.000 	 90.000
FHW12028	83.375 	 0.000 	 90.000
FHW12028	83.500 	 0.000 	 90.000
FHW12028	83.625 	 0.000 	 90.000
FHW12028	83.750 	 0.000 	 90.000
FHW12028	83.875 	 0.000 	 90.000
FHW12028	84.000 	 0.000 	 90.000
FHW12028	84.125 	 0.000 	 90.000
FHW12028	84.250 	 0.000 	 90.000
FHW12028	84.375 	 0.000 	 90.000
FHW12028	84.500 	 0.000 	 90.000
FHW12028	84.625 	 0.000 	 90.000
FHW12028	84.750 	 0.000 	 90.000
FHW12028	84.875 	 0.000 	 90.000
FHW12028	85.000 	 0.000 	 90.000
FHW12028	85.125 	 0.000 	 90.000
FHW12028	85.250 	 0.000 	 90.000
FHW12028	85.375 	 0.000 	 90.000
FHW12028	85.500 	 0.000 	 90.000
FHW12028	85.625 	 0.000 	 90.000
FHW12028	85.750 	 0.000 	 90.000
FHW12028	85.875 	 0.000 	 90.000
FHW12028	86.000 	 0.000 	 90.000
FHW12028	86.125 	 0.000 	 90.000
FHW12028	86.250 	 0.000 	 90.000
FHW12028	86.375 	 0.000 	 90.000
FHW12028	86.500 	 0.000 	 90.000
FHW12028	86.625 	 0.000 	 90.000
FHW12028	86.750 	 0.000 	 90.000
FHW12028	86.875 	 0.000 	 90.000
FHW12028	87.000 	 0.000 	 90.000
FHW12028	87.125 	 0.000 	 90.000
FHW12028	87.250 	 0.000 	 90.000
FHW12028	87.375 	 0.000 	 90.000
FHW12028	87.500 	 0.000 	 90.000
FHW12028	87.625 	 0.000 	 90.000
FHW12028	87.750 	 0.000 	 90.000
FHW12028	87.875 	 0.000 	 90.000
FHW12028	88.000 	 0.000 	 90.000
FHW12028	88.125 	 0.000 	 90.000
FHW12028	88.250 	 0.000 	 90.000
FHW12028	88.375 	 0.000 	 90.000
FHW12028	88.500 	 0.000 	 90.000
FHW12028	88.625 	 0.000 	 90.000
FHW12028	88.750 	 0.000 	 90.000
FHW12028	88.875 	 0.000 	 90.000
FHW12028	89.000 	 0.000 	 90.000
FHW12028	89.125 	 0.000 	 90.000
FHW12028	89.250 	 0.000 	 90.000
FHW12028	89.375 	 0.000 	 90.000
FHW12028	89.500 	 0.000 	 90.000
FHW12028	89.625 	 0.000 	 90.000
FHW12028	89.750 	 0.000 	 90.000
FHW12028	89.875 	 0.000 	 90.000
FHW12028	90.000 	 0.000 	 90.000
FHW12028	90.125 	 0.000 	 90.000
FHW12028	90.250 	 0.000 	 90.000
FHW12028	90.375 	 0.000 	 90.000
FHW12028	90.500 	 0.000 	 90.000
FHW12028	90.625 	 0.000 	 90.000
FHW12028	90.750 	 0.000 	 90.000
FHW12028	90.875 	 0.000 	 90.000
FHW12028	91.000 	 0.000 	 90.000
FHW12028	91.125 	 0.000 	 90.000
FHW12028	91.250 	 0.000 	 90.000
FHW12028	91.375 	 0.000 	 90.000
FHW12028	91.500 	 0.000 	 90.000
FHW12028	91.625 	 0.000 	 90.000
FHW12028	91.750 	 0.000 	 90.000
FHW12028	91.875 	 0.000 	 90.000
FHW12028	92.000 	 0.000 	 90.000
FHW12028	92.125 	 0.000 	 90.000
FHW12028	92.250 	 0.000 	 90.000
FHW12028	92.375 	 0.000 	 90.000
FHW12028	92.500 	 0.000 	 90.000
FHW12028	92.625 	 0.000 	 90.000
FHW12028	92.750 	 0.000 	 90.000
FHW12028	92.875 	 0.000 	 90.000
FHW12028	93.000 	 0.000 	 90.000
FHW12028	93.125 	 0.000 	 90.000
FHW12028	93.250 	 0.000 	 90.000
FHW12028	93.375 	 0.000 	 90.000
FHW12028	93.500 	 0.000 	 90.000
FHW12028	93.625 	 0.000 	 90.000
FHW12028	93.750 	 0.000 	 90.000
FHW12028	93.875 	 0.000 	 90.000
FHW12028	94.000 	 0.000 	 90.000
FHW12028	94.125 	 0.000 	 90.000
FHW12028	94.250 	 0.000 	 90.000
FHW12028	94.375 	 0.000 	 90.000
FHW12028	94.500 	 0.000 	 90.000
FHW12028	94.625 	 0.000 	 90.000
FHW12028	94.750 	 0.000 	 90.000
FHW12028	94.875 	 0.000 	 90.000
FHW12028	95.000 	 0.000 	 90.000
FHW12028	95.125 	 0.000 	 90.000
FHW12028	95.250 	 0.000 	 90.000
FHW12028	95.375 	 0.000 	 90.000
FHW12028	95.500 	 0.000 	 90.000
FHW12028	95.625 	 0.000 	 90.000
FHW12028	95.750 	 0.000 	 90.000
FHW12028	95.875 	 0.000 	 90.000
FHW12028	96.000 	 0.000 	 90.000
FHW12028	96.125 	 1.889 	 255.964
FHW12028	96.250 	 1.449 	 251.565
FHW12028	96.375 	 1.889 	 255.964
FHW12028	96.500 	 1.889 	 255.964
FHW12028	96.625 	 1.449 	 251.565
FHW12028	96.750 	 1.889 	 255.964
FHW12028	96.875 	 1.889 	 255.964
FHW12028	97.000 	 1.461 	 251.565
FHW12028	97.125 	 1.889 	 255.964
FHW12028	97.250 	 1.889 	 255.964
FHW12028	97.375 	 1.449 	 251.565
FHW12028	97.500 	 1.889 	 255.964
FHW12028	97.625 	 1.889 	 255.964
FHW12028	97.750 	 1.449 	 251.565
FHW12028	97.875 	 1.889 	 255.964
FHW12028	98.000 	 1.889 	 255.964
FHW12028	98.125 	 1.449 	 251.565
FHW12028	98.250 	 1.889 	 255.964
FHW12028	98.375 	 1.889 	 255.964
FHW12028	98.500 	 1.449 	 251.565
FHW12028	98.625 	 1.889 	 255.964
FHW12028	98.750 	 1.889 	 255.964
FHW12028	98.875 	 1.461 	 251.565
FHW12028	99.000 	 1.889 	 255.964
FHW12028	99.125 	 1.449 	 251.565
FHW12028	99.250 	 1.833 	 270.000
FHW12028	99.375 	 1.889 	 255.964
FHW12028	99.500 	 1.449 	 251.565
FHW12028	99.625 	 1.889 	 255.964
FHW12028	99.750 	 1.889 	 255.964
FHW12028	99.875 	 1.449 	 251.565
FHW12028	100.000 	 1.889 	 255.964
FHW12028	100.125 	 1.889 	 255.964
FHW12028	100.250 	 1.449 	 251.565
FHW12028	100.375 	 1.375 	 270.000
FHW12028	100.500 	 1.449 	 251.565
FHW12028	100.625 	 1.375 	 270.000
FHW12028	100.750 	 1.449 	 251.565
FHW12028	100.875 	 1.833 	 270.000
FHW12028	101.000 	 1.449 	 251.565
FHW12028	101.125 	 1.386 	 270.000
FHW12028	101.250 	 1.449 	 251.565
FHW12028	101.375 	 1.375 	 270.000
FHW12028	101.500 	 1.375 	 270.000
FHW12028	101.625 	 1.449 	 251.565
FHW12028	101.750 	 1.375 	 270.000
FHW12028	101.875 	 1.449 	 251.565
FHW12028	102.000 	 1.375 	 270.000
FHW12028	102.125 	 1.449 	 251.565
FHW12028	102.250 	 1.375 	 270.000
FHW12028	102.375 	 1.375 	 270.000
FHW12028	102.500 	 1.889 	 255.964
FHW12028	102.625 	 1.375 	 270.000
FHW12028	102.750 	 1.449 	 251.565
FHW12028	102.875 	 1.375 	 270.000
FHW12028	103.000 	 1.449 	 251.565
FHW12028	103.125 	 1.375 	 270.000
FHW12028	103.250 	 1.449 	 251.565
FHW12028	103.375 	 1.375 	 270.000
FHW12028	103.500 	 1.375 	 270.000
FHW12028	103.625 	 1.449 	 251.565
FHW12028	103.750 	 1.375 	 270.000
FHW12028	103.875 	 1.449 	 251.565
FHW12028	104.000 	 1.833 	 270.000
FHW12028	104.125 	 1.461 	 251.565
FHW12028	104.250 	 1.375 	 270.000
FHW12028	104.375 	 1.449 	 251.565
FHW12028	104.500 	 1.375 	 270.000
FHW12028	104.625 	 1.375 	 270.000
FHW12028	104.750 	 1.449 	 251.565
FHW12028	104.875 	 1.375 	 270.000
FHW12028	105.000 	 1.449 	 251.565
FHW12028	105.125 	 1.375 	 270.000
FHW12028	105.250 	 1.449 	 251.565
FHW12028	105.375 	 1.375 	 270.000
FHW12028	105.500 	 1.375 	 270.000
FHW12028	105.625 	 1.889 	 255.964
FHW12028	105.750 	 1.375 	 270.000
FHW12028	105.875 	 1.449 	 251.565
FHW12028	106.000 	 1.375 	 270.000
FHW12028	106.125 	 1.449 	 251.565
FHW12028	106.250 	 1.375 	 270.000
FHW12028	106.375 	 1.449 	 251.565
FHW12028	106.500 	 1.375 	 270.000
FHW12028	106.625 	 1.375 	 270.000
FHW12028	106.750 	 1.449 	 251.565
FHW12028	106.875 	 1.375 	 270.000
FHW12028	107.000 	 1.449 	 251.565
FHW12028	107.125 	 1.848 	 270.000
FHW12028	107.250 	 1.449 	 251.565
FHW12028	107.375 	 1.375 	 270.000
FHW12028	107.500 	 1.375 	 270.000
FHW12028	107.625 	 1.449 	 251.565
FHW12028	107.750 	 1.375 	 270.000
FHW12028	107.875 	 1.449 	 251.565
FHW12028	108.000 	 1.375 	 270.000
FHW12028	108.125 	 1.449 	 251.565
FHW12028	108.250 	 1.375 	 270.000
FHW12028	108.375 	 1.449 	 251.565
FHW12028	108.500 	 1.375 	 270.000
FHW12028	108.625 	 1.375 	 270.000
FHW12028	108.750 	 1.889 	 255.964
FHW12028	108.875 	 1.375 	 270.000
FHW12028	109.000 	 1.449 	 251.565
FHW12028	109.125 	 1.375 	 270.000
FHW12028	109.250 	 1.449 	 251.565
FHW12028	109.375 	 1.375 	 270.000
FHW12028	109.500 	 1.449 	 251.565
FHW12028	109.625 	 1.025 	 243.435
FHW12028	109.750 	 1.296 	 225.000
FHW12028	109.875 	 1.025 	 243.435
FHW12028	110.000 	 1.296 	 225.000
FHW12028	110.125 	 1.025 	 296.565
FHW12028	110.250 	 0.648 	 315.000
FHW12028	110.375 	 0.653 	 315.000
FHW12028	110.500 	 0.648 	 314.999
FHW12028	110.625 	 0.648 	 315.000
FHW12028	110.750 	 0.648 	 315.000
FHW12028	110.875 	 0.648 	 315.000
FHW12028	111.000 	 0.648 	 315.000
FHW12028	111.125 	 1.025 	 296.565
FHW12028	111.250 	 0.648 	 315.000
FHW12028	111.375 	 0.648 	 315.000
FHW12028	111.500 	 0.648 	 315.000
FHW12028	111.625 	 0.648 	 315.000
FHW12028	111.750 	 0.648 	 315.000
FHW12028	111.875 	 0.648 	 314.999
FHW12028	112.000 	 0.648 	 315.000
FHW12028	112.125 	 1.025 	 296.565
FHW12028	112.250 	 0.648 	 314.999
FHW12028	112.375 	 0.648 	 315.000
FHW12028	112.500 	 0.648 	 315.000
FHW12028	112.625 	 0.648 	 315.000
FHW12028	112.750 	 0.458 	 270.000
FHW12028	112.875 	 0.648 	 314.999
FHW12028	113.000 	 0.648 	 315.000
FHW12028	113.125 	 0.648 	 314.999
FHW12028	113.250 	 1.025 	 296.565
FHW12028	113.375 	 0.648 	 314.999
FHW12028	113.500 	 0.648 	 315.000
FHW12028	113.625 	 0.648 	 315.000
FHW12028	113.750 	 0.648 	 315.000
FHW12028	113.875 	 0.648 	 315.000
FHW12028	114.000 	 0.648 	 315.000
FHW12028	114.125 	 0.648 	 315.000
FHW12028	114.250 	 1.025 	 296.565
FHW12028	114.375 	 0.648 	 315.000
FHW12028	114.500 	 0.648 	 315.000
FHW12028	114.625 	 0.648 	 315.000
FHW12028	114.750 	 0.648 	 315.000
FHW12028	114.875 	 0.648 	 314.999
FHW12028	115.000 	 0.648 	 315.000
FHW12028	115.125 	 0.648 	 315.000
FHW12028	115.250 	 0.648 	 315.000
FHW12028	115.375 	 1.025 	 296.565
FHW12028	115.500 	 0.648 	 315.000
FHW12028	115.625 	 0.648 	 314.999
FHW12028	115.750 	 0.648 	 315.000
FHW12028	115.875 	 0.648 	 315.000
FHW12028	116.000 	 0.648 	 315.000
FHW12028	116.125 	 0.648 	 315.000
FHW12028	116.250 	 0.648 	 315.000
FHW12028	116.375 	 1.025 	 296.565
FHW12028	116.500 	 0.648 	 315.000
FHW12028	116.625 	 0.648 	 315.000
FHW12028	116.750 	 0.648 	 315.000
FHW12028	116.875 	 0.648 	 315.000
FHW12028	117.000 	 0.458 	 270.000
FHW12028	117.125 	 0.648 	 315.000
FHW12028	117.250 	 0.648 	 315.000
FHW12028	117.375 	 0.648 	 315.000
FHW12028	117.500 	 1.025 	 296.565
FHW12028	117.625 	 0.648 	 315.000
FHW12028	117.750 	 0.648 	 315.000
FHW12028	117.875 	 0.653 	 315.000
FHW12028	118.000 	 0.648 	 315.000
FHW12028	118.125 	 0.648 	 315.000
FHW12028	118.250 	 0.648 	 315.000
FHW12028	118.375 	 0.648 	 315.000
FHW12028	118.500 	 1.025 	 296.565
FHW12028	118.625 	 0.648 	 315.000
FHW12028	118.750 	 0.648 	 315.000
FHW12028	118.875 	 2.291 	 36.870
FHW12028	119.000 	 1.652 	 33.690
FHW12028	119.125 	 1.652 	 33.690
FHW12028	119.250 	 2.291 	 36.870
FHW12028	119.375 	 1.652 	 33.690
FHW12028	119.500 	 1.652 	 33.690
FHW12028	119.625 	 2.049 	 26.565
FHW12028	119.750 	 1.944 	 45.000
FHW12028	119.875 	 1.652 	 33.690
FHW12028	120.000 	 2.049 	 26.565
FHW12028	120.125 	 1.944 	 45.000
FHW12028	120.250 	 1.666 	 33.690
FHW12028	120.375 	 2.049 	 26.565
FHW12028	120.500 	 1.652 	 33.690
FHW12028	120.625 	 2.291 	 36.870
FHW12028	120.750 	 1.652 	 33.690
FHW12028	120.875 	 1.652 	 33.690
FHW12028	121.000 	 2.291 	 36.870
FHW12028	121.125 	 1.652 	 33.690
FHW12028	121.250 	 1.652 	 33.690
FHW12028	121.375 	 2.049 	 26.565
FHW12028	121.500 	 1.944 	 45.000
FHW12028	121.625 	 1.652 	 33.690
FHW12028	121.750 	 2.049 	 26.565
FHW12028	121.875 	 1.944 	 45.000
FHW12028	122.000 	 1.666 	 33.690
FHW12028	122.125 	 2.049 	 26.565
FHW12028	122.250 	 1.652 	 33.690
FHW12028	122.375 	 2.291 	 36.870
FHW12028	122.500 	 1.652 	 33.690
FHW12028	122.625 	 1.652 	 33.690
FHW12028	122.750 	 2.291 	 36.870
FHW12028	122.875 	 1.652 	 33.690
FHW12028	123.000 	 1.652 	 33.690
FHW12028	123.125 	 2.049 	 26.565
FHW12028	123.250 	 1.944 	 45.000
FHW12028	123.375 	 1.652 	 33.690
FHW12028	123.500 	 2.049 	 26.565
FHW12028	123.625 	 1.960 	 45.000
FHW12028	123.750 	 1.652 	 33.690
FHW12028	123.875 	 2.049 	 26.565
FHW12028	124.000 	 1.652 	 33.690
FHW12028	124.125 	 1.944 	 45.000
FHW12028	124.250 	 2.049 	 26.565
FHW12028	124.375 	 1.652 	 33.690
FHW12028	124.500 	 2.291 	 36.870
FHW12028	124.625 	 1.652 	 33.690
FHW12028	124.750 	 1.652 	 33.690
FHW12028	124.875 	 2.049 	 26.565
FHW12028	125.000 	 1.944 	 45.000
FHW12028	125.125 	 1.652 	 33.690
FHW12028	125.250 	 2.066 	 26.565
FHW12028	125.375 	 1.944 	 45.000
FHW12028	125.500 	 1.652 	 33.690
FHW12028	125.625 	 2.049 	 26.565
FHW12028	125.750 	 1.652 	 33.690
FHW12028	125.875 	 1.944 	 45.000
FHW12028	126.000 	 2.049 	 26.565
FHW12028	126.125 	 1.652 	 33.690
FHW12028	126.250 	 1.652 	 33.690
FHW12028	126.375 	 2.291 	 36.870
FHW12028	126.500 	 1.652 	 33.690
FHW12028	126.625 	 2.049 	 26.565
FHW12028	126.750 	 1.944 	 45.000
FHW12028	126.875 	 1.652 	 33.690
FHW12028	127.000 	 2.066 	 26.565
FHW12028	127.125 	 1.652 	 33.690
FHW12028	127.250 	 1.944 	 45.000
FHW12028	127.375 	 2.049 	 26.565
FHW12028	127.500 	 1.652 	 33.690
FHW12028	127.625 	 1.944 	 45.000
FHW12028	127.750 	 2.049 	 26.565
FHW12028	127.875 	 1.652 	 33.690
FHW12028	128.000 	 1.652 	 33.690
FHW12028	128.125 	 5.213 	 45.000
FHW12028	128.250 	 4.861 	 41.186
FHW12028	128.375 	 4.565 	 45.000
FHW12028	128.500 	 4.861 	 41.186
FHW12028	128.625 	 4.528 	 45.000
FHW12028	128.750 	 4.899 	 41.186
FHW12028	128.875 	 4.528 	 45.000
FHW12028	129.000 	 4.900 	 41.186
FHW12028	129.125 	 4.528 	 45.000
FHW12028	129.250 	 4.899 	 41.186
FHW12028	129.375 	 4.528 	 45.000
FHW12028	129.500 	 4.900 	 41.186
FHW12028	129.625 	 4.528 	 45.000
FHW12028	129.750 	 5.172 	 45.000
FHW12028	129.875 	 4.564 	 45.000
FHW12028	130.000 	 4.861 	 41.186
FHW12028	130.125 	 4.900 	 41.186
FHW12028	130.250 	 4.528 	 45.000
FHW12028	130.375 	 4.899 	 41.186
FHW12028	130.500 	 4.528 	 45.000
FHW12028	130.625 	 4.900 	 41.186
FHW12028	130.750 	 4.528 	 45.000
FHW12028	130.875 	 4.861 	 41.186
FHW12028	131.000 	 4.564 	 45.000
FHW12028	131.125 	 4.861 	 41.186
FHW12028	131.250 	 4.565 	 45.000
FHW12028	131.375 	 5.172 	 45.000
FHW12028	131.500 	 4.564 	 45.000
FHW12028	131.625 	 4.861 	 41.186
FHW12028	131.750 	 4.565 	 45.000
FHW12028	131.875 	 4.861 	 41.186
FHW12028	132.000 	 4.861 	 41.186
FHW12028	132.125 	 4.564 	 45.000
FHW12028	132.250 	 4.861 	 41.186
FHW12028	132.375 	 4.565 	 45.000
FHW12028	132.500 	 4.861 	 41.186
FHW12028	132.625 	 4.565 	 45.000
FHW12028	132.750 	 4.861 	 41.186
FHW12028	132.875 	 4.564 	 45.000
FHW12028	133.000 	 5.172 	 45.000
FHW12028	133.125 	 4.528 	 45.000
FHW12028	133.250 	 4.900 	 41.186
FHW12028	133.375 	 4.528 	 45.000
FHW12028	133.500 	 4.899 	 41.186
FHW12028	133.625 	 4.861 	 41.186
FHW12028	133.750 	 4.565 	 45.000
FHW12028	133.875 	 4.861 	 41.186
FHW12028	134.000 	 4.564 	 45.000
FHW12028	134.125 	 4.861 	 41.186
FHW12028	134.250 	 4.565 	 45.000
FHW12028	134.375 	 4.861 	 41.186
FHW12028	134.500 	 4.528 	 45.000
FHW12028	134.625 	 4.899 	 41.186
FHW12028	134.750 	 4.861 	 48.814
FHW12028	134.875 	 4.900 	 41.186
FHW12028	135.000 	 4.528 	 45.000
FHW12028	135.125 	 4.899 	 41.186
FHW12028	135.250 	 4.528 	 45.000
FHW12028	135.375 	 4.900 	 41.186
FHW12028	135.500 	 4.861 	 41.186
FHW12028	135.625 	 4.528 	 45.000
FHW12028	135.750 	 4.899 	 41.186
FHW12028	135.875 	 4.528 	 45.000
FHW12028	136.000 	 4.900 	 41.186
FHW12028	136.125 	 4.528 	 45.000
FHW12028	136.250 	 4.900 	 41.186
FHW12028	136.375 	 4.861 	 48.814
FHW12028	136.500 	 4.899 	 41.186
FHW12028	136.625 	 4.528 	 45.000
FHW12028	136.750 	 4.861 	 41.186
FHW12028	136.875 	 4.565 	 45.000
FHW12028	137.000 	 4.861 	 41.186
FHW12028	137.125 	 4.899 	 41.186
FHW12028	137.250 	 4.528 	 45.000
FHW12028	137.375 	 4.900 	 41.186
FHW12028	137.500 	 8.119 	 47.291
FHW12028	137.625 	 8.434 	 45.000
FHW12028	137.750 	 8.185 	 47.291
FHW12028	137.875 	 8.433 	 45.000
FHW12028	138.000 	 8.120 	 47.291
FHW12028	138.125 	 8.185 	 42.709
FHW12028	138.250 	 8.433 	 45.000
FHW12028	138.375 	 8.120 	 47.291
FHW12028	138.500 	 8.501 	 45.000
FHW12028	138.625 	 8.120 	 47.291
FHW12028	138.750 	 8.433 	 45.000
FHW12028	138.875 	 8.501 	 45.000
FHW12028	139.000 	 8.120 	 47.291
FHW12028	139.125 	 8.433 	 45.000
FHW12028	139.250 	 8.185 	 47.291
FHW12028	139.375 	 8.434 	 45.000
FHW12028	139.500 	 8.433 	 45.000
FHW12028	139.625 	 7.856 	 45.000
FHW12028	139.750 	 8.433 	 45.000
FHW12028	139.875 	 8.434 	 45.000
FHW12028	140.000 	 8.185 	 47.291
FHW12028	140.125 	 8.433 	 45.000
FHW12028	140.250 	 8.120 	 47.291
FHW12028	140.375 	 8.501 	 45.000
FHW12028	140.500 	 8.433 	 45.000
FHW12028	140.625 	 8.120 	 47.291
FHW12028	140.750 	 8.501 	 45.000
FHW12028	140.875 	 8.119 	 47.291
FHW12028	141.000 	 8.434 	 45.000
FHW12028	141.125 	 8.501 	 45.000
FHW12028	141.250 	 7.794 	 45.000
FHW12028	141.375 	 8.433 	 45.000
FHW12028	141.500 	 8.185 	 47.291
FHW12028	141.625 	 8.434 	 45.000
FHW12028	141.750 	 8.433 	 45.000
FHW12028	141.875 	 8.185 	 47.291
FHW12028	142.000 	 8.434 	 45.000
FHW12028	142.125 	 8.119 	 47.291
FHW12028	142.250 	 8.502 	 45.000
FHW12028	142.375 	 8.433 	 45.000
FHW12028	142.500 	 8.120 	 47.291
FHW12028	142.625 	 8.501 	 45.000
FHW12028	142.750 	 8.119 	 42.709
FHW12028	142.875 	 8.120 	 47.291
FHW12028	143.000 	 8.501 	 45.000
FHW12028	143.125 	 8.119 	 47.290
FHW12028	143.250 	 8.434 	 45.000
FHW12028	143.375 	 8.501 	 45.000
FHW12028	143.500 	 8.119 	 47.290
FHW12028	143.625 	 8.434 	 45.000
FHW12028	143.750 	 8.185 	 47.291
FHW12028	143.875 	 8.434 	 45.000
FHW12028	144.000 	 8.433 	 45.000
FHW12028	144.125 	 8.185 	 47.291
FHW12028	144.250 	 8.434 	 45.000
FHW12028	144.375 	 7.793 	 45.000
FHW12028	144.500 	 8.501 	 45.000
FHW12028	144.625 	 8.434 	 45.000
FHW12028	144.750 	 8.119 	 47.291
FHW12028	144.875 	 8.502 	 45.000
FHW12028	145.000 	 8.119 	 47.291
FHW12028	145.125 	 8.434 	 45.000
FHW12028	145.250 	 8.501 	 45.000
FHW12028	145.375 	 8.119 	 47.290
FHW12028	145.500 	 8.434 	 45.000
FHW12028	145.625 	 8.185 	 47.290
FHW12028	145.750 	 8.433 	 45.000
FHW12028	145.875 	 8.120 	 42.710
FHW12028	146.000 	 8.185 	 47.290
FHW12028	146.125 	 8.434 	 45.000
FHW12028	146.250 	 8.433 	 45.000
FHW12028	146.375 	 8.185 	 47.291
FHW12028	146.500 	 8.434 	 45.000
FHW12028	146.625 	 10.110 	 46.848
FHW12028	146.750 	 12.107 	 46.548
FHW12028	146.875 	 11.693 	 45.000
FHW12028	147.000 	 12.109 	 46.548
FHW12028	147.125 	 12.109 	 46.548
FHW12028	147.250 	 12.107 	 46.548
FHW12028	147.375 	 11.693 	 45.000
FHW12028	147.500 	 12.109 	 46.548
FHW12028	147.625 	 12.109 	 46.548
FHW12028	147.750 	 11.785 	 45.000
FHW12028	147.875 	 12.012 	 46.548
FHW12028	148.000 	 12.109 	 46.548
FHW12028	148.125 	 12.107 	 46.548
FHW12028	148.250 	 11.786 	 45.000
FHW12028	148.375 	 12.012 	 46.548
FHW12028	148.500 	 12.109 	 46.548
FHW12028	148.625 	 11.785 	 45.000
FHW12028	148.750 	 12.109 	 46.548
FHW12028	148.875 	 12.012 	 46.548
FHW12028	149.000 	 12.109 	 46.548
FHW12028	149.125 	 11.785 	 45.000
FHW12028	149.250 	 12.109 	 46.548
FHW12028	149.375 	 12.012 	 46.548
FHW12028	149.500 	 11.785 	 45.000
FHW12028	149.625 	 12.109 	 46.548
FHW12028	149.750 	 12.109 	 46.548
FHW12028	149.875 	 12.012 	 46.548
FHW12028	150.000 	 11.785 	 45.000
FHW12028	150.125 	 12.109 	 46.548
FHW12028	150.250 	 12.109 	 46.548
FHW12028	150.375 	 11.693 	 45.000
FHW12028	150.500 	 12.107 	 46.548
FHW12028	150.625 	 12.109 	 46.548
FHW12028	150.750 	 12.107 	 46.548
FHW12028	150.875 	 11.694 	 45.000
FHW12028	151.000 	 12.420 	 45.000
FHW12028	151.125 	 12.109 	 46.548
FHW12028	151.250 	 11.785 	 45.000
FHW12028	151.375 	 12.012 	 46.548
FHW12028	151.500 	 12.109 	 46.548
FHW12028	151.625 	 12.109 	 46.548
FHW12028	151.750 	 11.785 	 45.000
FHW12028	151.875 	 12.012 	 46.548
FHW12028	152.000 	 12.109 	 46.548
FHW12028	152.125 	 11.786 	 45.000
FHW12028	152.250 	 12.107 	 46.548
FHW12028	152.375 	 12.012 	 46.548
FHW12028	152.500 	 12.109 	 46.548
FHW12028	152.625 	 11.785 	 45.000
FHW12028	152.750 	 12.109 	 46.548
FHW12028	152.875 	 12.109 	 46.548
FHW12028	153.000 	 11.693 	 45.000
FHW12028	153.125 	 12.107 	 46.548
FHW12028	153.250 	 12.109 	 46.548
FHW12028	153.375 	 12.109 	 46.548
FHW12028	153.500 	 11.693 	 45.000
FHW12028	153.625 	 12.107 	 46.548
FHW12028	153.750 	 12.109 	 46.548
FHW12028	153.875 	 11.785 	 45.000
FHW12028	154.000 	 12.014 	 46.548
FHW12028	154.125 	 12.107 	 46.548
FHW12028	154.250 	 12.109 	 46.548
FHW12028	154.375 	 11.785 	 45.000
FHW12028	154.500 	 12.012 	 46.548
FHW12028	154.625 	 12.109 	 46.548
FHW12028	154.750 	 11.786 	 45.000
FHW12028	154.875 	 12.107 	 46.548
FHW12028	155.000 	 12.012 	 46.548
FHW12028	155.125 	 12.109 	 46.548
FHW12028	155.250 	 11.786 	 45.000
FHW12028	155.375 	 12.107 	 46.548
FHW12028	155.500 	 12.012 	 46.548
FHW12028	155.625 	 12.109 	 46.548
FHW12028	155.750 	 12.107 	 46.548
FHW12028	155.875 	 15.807 	 47.386
FHW12028	156.000 	 15.682 	 47.386
FHW12028	156.125 	 15.807 	 47.386
FHW12028	156.250 	 16.135 	 48.504
FHW12028	156.375 	 15.805 	 47.386
FHW12028	156.500 	 15.682 	 47.386
FHW12028	156.625 	 15.807 	 47.386
FHW12028	156.750 	 15.807 	 47.386
FHW12028	156.875 	 15.846 	 49.763
FHW12028	157.000 	 15.805 	 47.386
FHW12028	157.125 	 15.682 	 47.386
FHW12028	157.250 	 15.807 	 47.386
FHW12028	157.375 	 16.135 	 48.504
FHW12028	157.500 	 15.805 	 47.386
FHW12028	157.625 	 15.684 	 47.386
FHW12028	157.750 	 15.805 	 47.386
FHW12028	157.875 	 15.807 	 47.386
FHW12028	158.000 	 16.134 	 48.503
FHW12028	158.125 	 15.388 	 48.653
FHW12028	158.250 	 15.805 	 47.386
FHW12028	158.375 	 15.807 	 47.386
FHW12028	158.500 	 15.807 	 47.386
FHW12028	158.625 	 16.007 	 48.504
FHW12028	158.750 	 15.807 	 47.386
FHW12028	158.875 	 15.805 	 47.386
FHW12028	159.000 	 15.807 	 47.386
FHW12028	159.125 	 16.007 	 48.503
FHW12028	159.250 	 15.807 	 47.386
FHW12028	159.375 	 15.509 	 48.652
FHW12028	159.500 	 15.807 	 47.386
FHW12028	159.625 	 15.682 	 47.386
FHW12028	159.750 	 16.135 	 48.504
FHW12028	159.875 	 15.807 	 47.386
FHW12028	160.000 	 15.805 	 47.386
FHW12028	160.125 	 15.682 	 47.386
FHW12028	160.250 	 15.807 	 47.386
FHW12028	160.375 	 16.135 	 48.504
FHW12028	160.500 	 15.805 	 47.386
FHW12028	160.625 	 15.684 	 47.386
FHW12028	160.750 	 15.509 	 48.652
FHW12028	160.875 	 16.135 	 48.504
FHW12028	161.000 	 15.807 	 47.386
FHW12028	161.125 	 15.805 	 47.386
FHW12028	161.250 	 15.682 	 47.386
FHW12028	161.375 	 15.807 	 47.385
FHW12028	161.500 	 16.134 	 48.504
FHW12028	161.625 	 15.807 	 47.386
FHW12028	161.750 	 15.682 	 47.386
FHW12028	161.875 	 15.805 	 47.386
FHW12028	162.000 	 15.511 	 48.652
FHW12028	162.125 	 16.135 	 48.503
FHW12028	162.250 	 15.682 	 47.386
FHW12028	162.375 	 15.807 	 47.386
FHW12028	162.500 	 15.805 	 47.386
FHW12028	162.625 	 16.135 	 48.503
FHW12028	162.750 	 15.682 	 47.386
FHW12028	162.875 	 15.807 	 47.386
FHW12028	163.000 	 15.805 	 47.386
FHW12028	163.125 	 15.807 	 47.386
FHW12028	163.250 	 16.007 	 48.504
FHW12028	163.375 	 15.511 	 48.653
FHW12028	163.500 	 15.807 	 47.386
FHW12028	163.625 	 15.805 	 47.386
FHW12028	163.750 	 16.007 	 48.503
FHW12028	163.875 	 15.807 	 47.386
FHW12028	164.000 	 15.807 	 47.386
FHW12028	164.125 	 15.805 	 47.386
FHW12028	164.250 	 15.684 	 47.386
FHW12028	164.375 	 16.132 	 48.504
FHW12028	164.500 	 15.807 	 47.386
FHW12028	164.625 	 15.510 	 48.652
FHW12028	164.750 	 15.805 	 47.386
FHW12028	164.875 	 15.682 	 47.386
FHW12028	165.000 	 18.595 	 49.085
FHW12028	165.125 	 20.142 	 49.686
FHW12028	165.250 	 19.689 	 49.844
FHW12028	165.375 	 20.142 	 49.686
FHW12028	165.500 	 19.689 	 49.844
FHW12028	165.625 	 20.142 	 49.686
FHW12028	165.750 	 20.022 	 50.711
FHW12028	165.875 	 19.817 	 48.814
FHW12028	166.000 	 20.022 	 50.711
FHW12028	166.125 	 19.817 	 48.814
FHW12028	166.250 	 20.022 	 50.711
FHW12028	166.375 	 19.817 	 48.814
FHW12028	166.500 	 20.022 	 50.711
FHW12028	166.625 	 19.817 	 48.814
FHW12028	166.750 	 20.022 	 50.711
FHW12028	166.875 	 19.974 	 48.814
FHW12028	167.000 	 19.867 	 50.711
FHW12028	167.125 	 19.972 	 48.814
FHW12028	167.250 	 19.867 	 50.711
FHW12028	167.375 	 20.299 	 49.686
FHW12028	167.500 	 19.536 	 49.844
FHW12028	167.625 	 20.299 	 49.686
FHW12028	167.750 	 19.536 	 49.844
FHW12028	167.875 	 20.299 	 49.686
FHW12028	168.000 	 19.536 	 49.844
FHW12028	168.125 	 20.022 	 50.711
FHW12028	168.250 	 19.817 	 48.814
FHW12028	168.375 	 20.022 	 50.711
FHW12028	168.500 	 19.817 	 48.814
FHW12028	168.625 	 20.022 	 50.711
FHW12028	168.750 	 19.817 	 48.814
FHW12028	168.875 	 20.022 	 50.711
FHW12028	169.000 	 20.142 	 49.686
FHW12028	169.125 	 19.689 	 49.844
FHW12028	169.250 	 20.142 	 49.686
FHW12028	169.375 	 19.689 	 49.844
FHW12028	169.500 	 20.142 	 49.686
FHW12028	169.625 	 19.689 	 49.844
FHW12028	169.750 	 20.142 	 49.686
FHW12028	169.875 	 19.689 	 49.844
FHW12028	170.000 	 20.142 	 49.686
FHW12028	170.125 	 19.689 	 49.844
FHW12028	170.250 	 20.142 	 49.686
FHW12028	170.375 	 19.689 	 49.844
FHW12028	170.500 	 20.142 	 49.686
FHW12028	170.625 	 20.022 	 50.711
FHW12028	170.750 	 19.817 	 48.814
FHW12028	170.875 	 20.023 	 50.710
FHW12028	171.000 	 19.817 	 48.814
FHW12028	171.125 	 20.022 	 50.711
FHW12028	171.250 	 19.817 	 48.814
FHW12028	171.375 	 20.022 	 50.711
FHW12028	171.500 	 19.974 	 48.814
FHW12028	171.625 	 19.867 	 50.711
FHW12028	171.750 	 19.972 	 48.814
FHW12028	171.875 	 19.867 	 50.711
FHW12028	172.000 	 19.971 	 48.814
FHW12028	172.125 	 19.867 	 50.711
FHW12028	172.250 	 19.972 	 48.814
FHW12028	172.375 	 19.867 	 50.711
FHW12028	172.500 	 20.299 	 49.686
FHW12028	172.625 	 19.536 	 49.844
FHW12028	172.750 	 20.299 	 49.686
FHW12028	172.875 	 19.536 	 49.844
FHW12028	173.000 	 20.299 	 49.686
FHW12028	173.125 	 19.536 	 49.844
FHW12028	173.250 	 20.299 	 49.686
FHW12028	173.375 	 19.536 	 49.844
FHW12028	173.500 	 20.299 	 49.686
FHW12028	173.625 	 19.536 	 49.844
FHW12028	173.750 	 20.299 	 49.686
FHW12028	173.875 	 19.536 	 49.844
FHW12028	174.000 	 20.299 	 49.686
FHW12028	174.125 	 21.728 	 51.146
FHW12028	174.250 	 23.363 	 49.900
FHW12028	174.375 	 23.606 	 51.520
FHW12028	174.500 	 23.688 	 50.631
FHW12028	174.625 	 23.422 	 51.520
FHW12028	174.750 	 23.547 	 49.899
FHW12028	174.875 	 23.422 	 51.520
FHW12028	175.000 	 23.871 	 50.631
FHW12028	175.125 	 23.095 	 50.793
FHW12028	175.250 	 23.688 	 50.631
FHW12028	175.375 	 23.606 	 51.520
FHW12028	175.500 	 23.363 	 49.899
FHW12028	175.625 	 23.606 	 51.520
FHW12028	175.750 	 23.685 	 50.631
FHW12028	175.875 	 23.097 	 50.792
FHW12028	176.000 	 23.871 	 50.631
FHW12028	176.125 	 23.422 	 51.520
FHW12028	176.250 	 23.871 	 50.631
FHW12028	176.375 	 23.095 	 50.793
FHW12028	176.500 	 23.871 	 50.631
FHW12028	176.625 	 23.422 	 51.520
FHW12028	176.750 	 23.366 	 49.899
FHW12028	176.875 	 23.606 	 51.520
FHW12028	177.000 	 23.685 	 50.631
FHW12028	177.125 	 23.277 	 50.793
FHW12028	177.250 	 23.685 	 50.631
FHW12028	177.375 	 23.425 	 51.520
FHW12028	177.500 	 23.547 	 49.899
FHW12028	177.625 	 23.422 	 51.520
FHW12028	177.750 	 23.871 	 50.631
FHW12028	177.875 	 23.422 	 51.520
FHW12028	178.000 	 23.366 	 49.899
FHW12028	178.125 	 23.604 	 51.520
FHW12028	178.250 	 23.688 	 50.630
FHW12028	178.375 	 23.277 	 50.793
FHW12028	178.500 	 23.685 	 50.630
FHW12028	178.625 	 23.422 	 51.520
FHW12028	178.750 	 23.547 	 49.899
FHW12028	178.875 	 23.425 	 51.519
FHW12028	179.000 	 23.871 	 50.631
FHW12028	179.125 	 23.422 	 51.519
FHW12028	179.250 	 23.363 	 49.900
FHW12028	179.375 	 23.607 	 51.520
FHW12028	179.500 	 23.688 	 50.631
FHW12028	179.625 	 23.274 	 50.793
FHW12028	179.750 	 23.688 	 50.630
FHW12028	179.875 	 23.422 	 51.521
FHW12028	180.000 	 23.547 	 49.899
FHW12028	180.125 	 23.422 	 51.519
FHW12028	180.250 	 23.871 	 50.631
FHW12028	180.375 	 23.097 	 50.793
FHW12028	180.500 	 23.871 	 50.631
FHW12028	180.625 	 23.685 	 50.630
FHW12028	180.750 	 23.422 	 51.520
FHW12028	180.875 	 23.547 	 49.900
FHW12028	181.000 	 23.425 	 51.519
FHW12028	181.125 	 23.868 	 50.631
FHW12028	181.250 	 23.097 	 50.793
FHW12028	181.375 	 23.685 	 50.630
FHW12028	181.500 	 23.607 	 51.520
FHW12028	181.625 	 23.363 	 49.899
FHW12028	181.750 	 23.607 	 51.520
FHW12028	181.875 	 23.688 	 50.631
FHW12028	182.000 	 23.095 	 50.793
FHW12028	182.125 	 23.871 	 50.631
FHW12028	182.250 	 23.422 	 51.520
FHW12028	182.375 	 23.871 	 50.631
FHW12028	182.500 	 23.097 	 50.793
FHW12028	182.625 	 23.685 	 50.631
FHW12028	182.750 	 23.606 	 51.519
FHW12028	182.875 	 23.363 	 49.900
FHW12028	183.000 	 23.607 	 51.520
FHW12028	183.125 	 23.685 	 50.630
FHW12028	183.250 	 23.607 	 51.520
FHW12028	183.375 	 26.337 	 50.856
FHW12028	183.500 	 26.403 	 52.306
FHW12028	183.625 	 26.337 	 50.856
FHW12028	183.750 	 25.880 	 51.666
FHW12028	183.875 	 26.404 	 52.306
FHW12028	184.000 	 26.337 	 50.856
FHW12028	184.125 	 26.079 	 51.667
FHW12028	184.250 	 26.657 	 51.499
FHW12028	184.375 	 26.079 	 51.667
FHW12028	184.500 	 26.656 	 51.500
FHW12028	184.625 	 26.076 	 51.666
FHW12028	184.750 	 26.337 	 50.856
FHW12028	184.875 	 26.404 	 52.306
FHW12028	185.000 	 26.079 	 51.667
FHW12028	185.125 	 26.337 	 50.856
FHW12028	185.250 	 26.404 	 52.305
FHW12028	185.375 	 26.337 	 50.856
FHW12028	185.500 	 26.079 	 51.666
FHW12028	185.625 	 26.656 	 51.499
FHW12028	185.750 	 26.079 	 51.667
FHW12028	185.875 	 26.404 	 52.305
FHW12028	186.000 	 26.337 	 50.856
FHW12028	186.125 	 25.881 	 51.666
FHW12028	186.250 	 26.656 	 51.499
FHW12028	186.375 	 26.076 	 51.666
FHW12028	186.500 	 26.337 	 50.856
FHW12028	186.625 	 26.403 	 52.306
FHW12028	186.750 	 26.337 	 50.856
FHW12028	186.875 	 26.404 	 52.305
FHW12028	187.000 	 26.079 	 51.666
FHW12028	187.125 	 26.337 	 50.856
FHW12028	187.250 	 26.403 	 52.306
FHW12028	187.375 	 26.337 	 50.856
FHW12028	187.500 	 26.079 	 51.667
FHW12028	187.625 	 26.656 	 51.499
FHW12028	187.750 	 26.079 	 51.666
FHW12028	187.875 	 26.403 	 52.306
FHW12028	188.000 	 26.337 	 50.856
FHW12028	188.125 	 26.079 	 51.667
FHW12028	188.250 	 26.656 	 51.499
FHW12028	188.375 	 26.079 	 51.666
FHW12028	188.500 	 26.134 	 50.856
FHW12028	188.625 	 26.404 	 52.305
FHW12028	188.750 	 26.079 	 51.667
FHW12028	188.875 	 26.337 	 50.856
FHW12028	189.000 	 26.404 	 52.305
FHW12028	189.125 	 26.337 	 50.856
FHW12028	189.250 	 26.404 	 52.305
FHW12028	189.375 	 26.337 	 50.856
FHW12028	189.500 	 26.079 	 51.667
FHW12028	189.625 	 26.656 	 51.499
FHW12028	189.750 	 26.079 	 51.667
FHW12028	189.875 	 26.079 	 51.666
FHW12028	190.000 	 26.656 	 51.500
FHW12028	190.125 	 26.079 	 51.666
FHW12028	190.250 	 26.656 	 51.500
FHW12028	190.375 	 26.079 	 51.667
FHW12028	190.500 	 26.337 	 50.856
FHW12028	190.625 	 26.404 	 52.306
FHW12028	190.750 	 26.079 	 51.666
FHW12028	190.875 	 26.337 	 50.856
FHW12028	191.000 	 26.200 	 52.307
FHW12028	191.125 	 26.337 	 50.855
FHW12028	191.250 	 26.404 	 52.307
FHW12028	191.375 	 26.337 	 50.856
FHW12028	191.500 	 26.079 	 51.666
FHW12028	191.625 	 26.656 	 51.500
FHW12028	191.750 	 26.079 	 51.666
FHW12028	191.875 	 26.079 	 51.667
FHW12028	192.000 	 26.656 	 51.499
FHW12028	192.125 	 26.079 	 51.666
FHW12028	192.250 	 26.337 	 50.856
FHW12028	192.375 	 26.404 	 52.305
FHW12028	192.500 	 26.337 	 50.856
FHW12028	192.625 	 27.183 	 52.125
FHW12028	192.750 	 27.439 	 51.340
FHW12028	192.875 	 27.753 	 51.953
FHW12028	193.000 	 27.907 	 50.572
FHW12028	193.125 	 28.932 	 53.696
FHW12028	193.250 	 29.076 	 52.373
FHW12028	193.375 	 29.394 	 52.944
FHW12028	193.500 	 29.391 	 52.944
FHW12028	193.625 	 29.076 	 52.373
FHW12028	193.750 	 29.391 	 52.944
FHW12028	193.875 	 29.155 	 53.695
FHW12028	194.000 	 29.391 	 52.944
FHW12028	194.125 	 29.076 	 52.374
FHW12028	194.250 	 29.394 	 52.943
FHW12028	194.375 	 29.391 	 52.944
FHW12028	194.500 	 29.076 	 52.374
FHW12028	194.625 	 29.152 	 53.695
FHW12028	194.750 	 29.394 	 52.944
FHW12028	194.875 	 29.076 	 52.373
FHW12028	195.000 	 29.391 	 52.944
FHW12028	195.125 	 29.394 	 52.944
FHW12028	195.250 	 28.853 	 52.373
FHW12028	195.375 	 29.391 	 52.944
FHW12028	195.500 	 29.155 	 53.695
FHW12028	195.625 	 29.073 	 52.374
FHW12028	195.750 	 29.394 	 52.944
FHW12028	195.875 	 29.394 	 52.943
FHW12028	196.000 	 29.073 	 52.374
FHW12028	196.125 	 29.394 	 52.944
FHW12028	196.250 	 29.152 	 53.696
FHW12028	196.375 	 29.076 	 52.374
FHW12028	196.500 	 29.391 	 52.943
FHW12028	196.625 	 29.394 	 52.944
FHW12028	196.750 	 29.076 	 52.374
FHW12028	196.875 	 29.391 	 52.943
FHW12028	197.000 	 29.155 	 53.696
FHW12028	197.125 	 29.073 	 52.373
FHW12028	197.250 	 29.170 	 52.944
FHW12028	197.375 	 29.394 	 52.944
FHW12028	197.500 	 29.076 	 52.373
FHW12028	197.625 	 29.391 	 52.944
FHW12028	197.750 	 29.155 	 53.695
FHW12028	197.875 	 29.073 	 52.374
FHW12028	198.000 	 29.394 	 52.944
FHW12028	198.125 	 29.391 	 52.943
FHW12028	198.250 	 29.394 	 52.944
FHW12028	198.375 	 29.076 	 52.374
FHW12028	198.500 	 29.391 	 52.944
FHW12028	198.625 	 29.155 	 53.695
FHW12028	198.750 	 29.073 	 52.373
FHW12028	198.875 	 29.394 	 52.944
FHW12028	199.000 	 29.391 	 52.944
FHW12028	199.125 	 29.076 	 52.374
FHW12028	199.250 	 29.394 	 52.943
FHW12028	199.375 	 28.932 	 53.696
FHW12028	199.500 	 29.073 	 52.373
FHW12028	199.625 	 29.394 	 52.944
FHW12028	199.750 	 29.391 	 52.944
FHW12028	199.875 	 29.076 	 52.373
FHW12028	200.000 	 29.394 	 52.944
FHW12028	200.125 	 29.152 	 53.695
FHW12028	200.250 	 29.076 	 52.374
FHW12028	200.375 	 29.391 	 52.944
FHW12028	200.500 	 29.394 	 52.943
FHW12028	200.625 	 29.073 	 52.374
FHW12028	200.750 	 29.394 	 52.944
FHW12028	200.875 	 29.394 	 52.943
FHW12028	201.000 	 28.829 	 53.131
FHW12028	201.125 	 29.394 	 52.943
FHW12028	201.250 	 29.391 	 52.944
FHW12028	201.375 	 29.394 	 52.944
FHW12028	201.500 	 32.459 	 54.660
FHW12028	201.625 	 32.707 	 54.660
FHW12028	201.750 	 32.703 	 54.660
FHW12028	201.875 	 32.707 	 54.660
FHW12028	202.000 	 32.707 	 54.659
FHW12028	202.125 	 32.459 	 54.660
FHW12028	202.250 	 32.707 	 54.660
FHW12028	202.375 	 32.707 	 54.660
FHW12028	202.500 	 32.703 	 54.660
FHW12028	202.625 	 32.459 	 54.660
FHW12028	202.750 	 32.706 	 54.659
FHW12028	202.875 	 32.485 	 55.359
FHW12028	203.000 	 32.707 	 54.660
FHW12028	203.125 	 32.459 	 54.660
FHW12028	203.250 	 32.707 	 54.660
FHW12028	203.375 	 32.703 	 54.660
FHW12028	203.500 	 32.707 	 54.659
FHW12028	203.625 	 32.707 	 54.660
FHW12028	203.750 	 32.459 	 54.660
FHW12028	203.875 	 32.707 	 54.660
FHW12028	204.000 	 32.703 	 54.660
FHW12028	204.125 	 32.707 	 54.660
FHW12028	204.250 	 32.458 	 54.659
FHW12028	204.375 	 32.707 	 54.660
FHW12028	204.500 	 32.707 	 54.660
FHW12028	204.625 	 32.703 	 54.660
FHW12028	204.750 	 32.462 	 54.660
FHW12028	204.875 	 32.703 	 54.660
FHW12028	205.000 	 33.022 	 55.146
FHW12028	205.125 	 32.707 	 54.660
FHW12028	205.250 	 32.703 	 54.659
FHW12028	205.375 	 32.463 	 54.660
FHW12028	205.500 	 32.703 	 54.660
FHW12028	205.625 	 32.707 	 54.660
FHW12028	205.750 	 32.707 	 54.660
FHW12028	205.875 	 32.459 	 54.660
FHW12028	206.000 	 32.707 	 54.660
FHW12028	206.125 	 32.703 	 54.659
FHW12028	206.250 	 32.485 	 55.359
FHW12028	206.375 	 32.707 	 54.660
FHW12028	206.500 	 32.459 	 54.660
FHW12028	206.625 	 32.707 	 54.660
FHW12028	206.750 	 32.703 	 54.660
FHW12028	206.875 	 32.707 	 54.659
FHW12028	207.000 	 32.459 	 54.660
FHW12028	207.125 	 32.707 	 54.660
FHW12028	207.250 	 32.707 	 54.660
FHW12028	207.375 	 32.707 	 54.660
FHW12028	207.500 	 32.459 	 54.660
FHW12028	207.625 	 32.703 	 54.658
FHW12028	207.750 	 32.707 	 54.660
FHW12028	207.875 	 32.707 	 54.660
FHW12028	208.000 	 32.707 	 54.660
FHW12028	208.125 	 32.459 	 54.659
FHW12028	208.250 	 32.703 	 54.660
FHW12028	208.375 	 32.706 	 54.659
FHW12028	208.500 	 32.707 	 54.660
FHW12028	208.625 	 32.459 	 54.659
FHW12028	208.750 	 32.707 	 54.660
FHW12028	208.875 	 32.707 	 54.660
FHW12028	209.000 	 32.703 	 54.660
FHW12028	209.125 	 32.707 	 54.660
FHW12028	209.250 	 32.459 	 54.658
FHW12028	209.375 	 32.707 	 54.660
FHW12028	209.500 	 32.804 	 55.840
FHW12028	209.625 	 32.703 	 54.660
FHW12028	209.750 	 32.462 	 54.660
FHW12028	209.875 	 32.704 	 54.659
FHW12028	210.000 	 32.707 	 54.660
FHW12028	210.125 	 32.707 	 54.660
FHW12028	210.250 	 32.458 	 54.659
FHW12028	210.375 	 32.707 	 54.659
FHW12028	210.500 	 33.492 	 54.463
FHW12028	210.625 	 36.731 	 57.587
FHW12028	210.750 	 36.351 	 56.525
FHW12028	210.875 	 36.622 	 56.524
FHW12028	211.000 	 36.626 	 56.524
FHW12028	211.125 	 36.658 	 56.944
FHW12028	211.250 	 36.419 	 57.172
FHW12028	211.375 	 36.352 	 56.524
FHW12028	211.500 	 36.622 	 56.524
FHW12028	211.625 	 36.933 	 56.944
FHW12028	211.750 	 36.352 	 56.524
FHW12028	211.875 	 36.419 	 57.172
FHW12028	212.000 	 36.351 	 56.523
FHW12028	212.125 	 36.930 	 56.945
FHW12028	212.250 	 36.625 	 56.524
FHW12028	212.375 	 36.352 	 56.524
FHW12028	212.500 	 36.622 	 56.524
FHW12028	212.625 	 36.731 	 57.587
FHW12028	212.750 	 36.351 	 56.525
FHW12028	212.875 	 36.626 	 56.524
FHW12028	213.000 	 36.352 	 56.524
FHW12028	213.125 	 36.929 	 56.944
FHW12028	213.250 	 36.419 	 57.172
FHW12028	213.375 	 36.352 	 56.524
FHW12028	213.500 	 36.626 	 56.524
FHW12028	213.625 	 36.347 	 56.523
FHW12028	213.750 	 36.934 	 56.945
FHW12028	213.875 	 36.419 	 57.171
FHW12028	214.000 	 36.352 	 56.524
FHW12028	214.125 	 36.626 	 56.524
FHW12028	214.250 	 36.654 	 56.944
FHW12028	214.375 	 36.626 	 56.525
FHW12028	214.500 	 36.420 	 57.171
FHW12028	214.625 	 36.352 	 56.524
FHW12028	214.750 	 36.929 	 56.945
FHW12028	214.875 	 36.352 	 56.524
FHW12028	215.000 	 36.626 	 56.524
FHW12028	215.125 	 36.420 	 57.171
FHW12028	215.250 	 36.658 	 56.945
FHW12028	215.375 	 36.622 	 56.524
FHW12028	215.500 	 36.626 	 56.523
FHW12028	215.625 	 36.352 	 56.524
FHW12028	215.750 	 36.929 	 56.944
FHW12028	215.875 	 36.150 	 57.172
FHW12028	216.000 	 36.622 	 56.524
FHW12028	216.125 	 36.626 	 56.524
FHW12028	216.250 	 36.658 	 56.944
FHW12028	216.375 	 36.622 	 56.525
FHW12028	216.500 	 36.150 	 57.171
FHW12028	216.625 	 36.622 	 56.524
FHW12028	216.750 	 36.933 	 56.944
FHW12028	216.875 	 36.351 	 56.525
FHW12028	217.000 	 36.622 	 56.524
FHW12028	217.125 	 36.149 	 57.170
FHW12028	217.250 	 36.622 	 56.525
FHW12028	217.375 	 36.933 	 56.944
FHW12028	217.500 	 36.348 	 56.524
FHW12028	217.625 	 36.626 	 56.524
FHW12028	217.750 	 36.419 	 57.172
FHW12028	217.875 	 36.658 	 56.944
FHW12028	218.000 	 36.626 	 56.524
FHW12028	218.125 	 36.348 	 56.524
FHW12028	218.250 	 36.626 	 56.524
FHW12028	218.375 	 36.730 	 57.588
FHW12028	218.500 	 36.352 	 56.524
FHW12028	218.625 	 36.622 	 56.524
FHW12028	218.750 	 36.351 	 56.523
FHW12028	218.875 	 36.934 	 56.946
FHW12028	219.000 	 36.419 	 57.170
FHW12028	219.125 	 36.352 	 56.524
FHW12028	219.250 	 36.622 	 56.524
FHW12028	219.375 	 36.658 	 56.945
FHW12028	219.500 	 36.626 	 56.524
FHW12028	219.625 	 36.622 	 56.524
FHW12028	219.750 	 38.296 	 57.132
FHW12028	219.875 	 40.561 	 58.070
FHW12028	220.000 	 40.557 	 58.068
FHW12028	220.125 	 40.557 	 58.070
FHW12028	220.250 	 41.040 	 57.475
FHW12028	220.375 	 40.557 	 58.070
FHW12028	220.500 	 40.562 	 58.069
FHW12028	220.625 	 40.742 	 57.476
FHW12028	220.750 	 40.557 	 58.069
FHW12028	220.875 	 40.854 	 58.070
FHW12028	221.000 	 40.742 	 57.474
FHW12028	221.125 	 40.557 	 58.070
FHW12028	221.250 	 40.562 	 58.069
FHW12028	221.375 	 40.449 	 57.096
FHW12028	221.500 	 40.557 	 58.069
FHW12028	221.625 	 40.854 	 58.070
FHW12028	221.750 	 40.742 	 57.474
FHW12028	221.875 	 40.557 	 58.070
FHW12028	222.000 	 40.561 	 58.070
FHW12028	222.125 	 40.742 	 57.475
FHW12028	222.250 	 40.557 	 58.070
FHW12028	222.375 	 40.854 	 58.069
FHW12028	222.500 	 40.742 	 57.475
FHW12028	222.625 	 40.556 	 58.069
FHW12028	222.750 	 40.561 	 58.070
FHW12028	222.875 	 40.261 	 57.692
FHW12028	223.000 	 41.039 	 57.476
FHW12028	223.125 	 40.557 	 58.069
FHW12028	223.250 	 40.557 	 58.070
FHW12028	223.375 	 40.742 	 57.474
FHW12028	223.500 	 40.561 	 58.070
FHW12028	223.625 	 40.557 	 58.069
FHW12028	223.750 	 41.039 	 57.476
FHW12028	223.875 	 40.557 	 58.069
FHW12028	224.000 	 40.557 	 58.070
FHW12028	224.125 	 40.747 	 57.475
FHW12028	224.250 	 40.557 	 58.070
FHW12028	224.375 	 40.556 	 58.069
FHW12028	224.500 	 40.747 	 57.095
FHW12028	224.625 	 40.557 	 58.069
FHW12028	224.750 	 40.557 	 58.070
FHW12028	224.875 	 40.747 	 57.475
FHW12028	225.000 	 40.556 	 58.069
FHW12028	225.125 	 40.854 	 58.070
FHW12028	225.250 	 40.557 	 58.069
FHW12028	225.375 	 40.742 	 57.476
FHW12028	225.500 	 40.557 	 58.069
FHW12028	225.625 	 40.561 	 58.070
FHW12028	225.750 	 40.742 	 57.475
FHW12028	225.875 	 40.854 	 58.070
FHW12028	226.000 	 40.261 	 57.692
FHW12028	226.125 	 40.742 	 57.476
FHW12028	226.250 	 40.557 	 58.069
FHW12028	226.375 	 40.561 	 58.070
FHW12028	226.500 	 40.742 	 57.475
FHW12028	226.625 	 40.854 	 58.070
FHW12028	226.750 	 40.556 	 58.069
FHW12028	226.875 	 40.742 	 57.475
FHW12028	227.000 	 40.557 	 58.069
FHW12028	227.125 	 40.561 	 58.070
FHW12028	227.250 	 41.040 	 57.475
FHW12028	227.375 	 40.557 	 58.070
FHW12028	227.500 	 40.557 	 58.070
FHW12028	227.625 	 40.449 	 57.094
FHW12028	227.750 	 40.561 	 58.070
FHW12028	227.875 	 40.557 	 58.069
FHW12028	228.000 	 40.854 	 58.070
FHW12028	228.125 	 40.742 	 57.475
FHW12028	228.250 	 40.557 	 58.070
FHW12028	228.375 	 40.557 	 58.068
FHW12028	228.500 	 40.746 	 57.476
FHW12028	228.625 	 40.557 	 58.069
FHW12028	228.750 	 40.854 	 58.070
FHW12028	228.875 	 40.742 	 57.475
FHW12028	229.000 	 40.557 	 58.070
FHW12028	229.125 	 43.901 	 58.696
FHW12028	229.250 	 44.616 	 59.931
FHW12028	229.375 	 44.505 	 59.036
FHW12028	229.500 	 44.332 	 59.602
FHW12028	229.625 	 44.780 	 59.370
FHW12028	229.750 	 44.505 	 59.036
FHW12028	229.875 	 44.010 	 59.601
FHW12028	230.000 	 44.785 	 59.370
FHW12028	230.125 	 44.500 	 59.036
FHW12028	230.250 	 44.332 	 59.601
FHW12028	230.375 	 44.785 	 59.370
FHW12028	230.500 	 44.500 	 59.038
FHW12028	230.625 	 44.332 	 59.601
FHW12028	230.750 	 44.463 	 59.370
FHW12028	230.875 	 44.500 	 59.036
FHW12028	231.000 	 44.338 	 59.601
FHW12028	231.125 	 44.779 	 59.369
FHW12028	231.250 	 44.332 	 59.602
FHW12028	231.375 	 44.780 	 59.370
FHW12028	231.500 	 44.505 	 59.036
FHW12028	231.625 	 44.010 	 59.601
FHW12028	231.750 	 44.785 	 59.370
FHW12028	231.875 	 44.500 	 59.036
FHW12028	232.000 	 44.332 	 59.601
FHW12028	232.125 	 44.785 	 59.370
FHW12028	232.250 	 44.500 	 59.038
FHW12028	232.375 	 44.015 	 59.601
FHW12028	232.500 	 44.780 	 59.370
FHW12028	232.625 	 44.499 	 59.035
FHW12028	232.750 	 44.338 	 59.601
FHW12028	232.875 	 44.780 	 59.370
FHW12028	233.000 	 44.500 	 59.036
FHW12028	233.125 	 44.332 	 59.602
FHW12028	233.250 	 44.463 	 59.370
FHW12028	233.375 	 44.336 	 59.600
FHW12028	233.500 	 44.500 	 59.036
FHW12028	233.625 	 44.780 	 59.370
FHW12028	233.750 	 44.333 	 59.601
FHW12028	233.875 	 44.505 	 59.036
FHW12028	234.000 	 44.780 	 59.371
FHW12028	234.125 	 44.015 	 59.601
FHW12028	234.250 	 44.499 	 59.035
FHW12028	234.375 	 44.780 	 59.370
FHW12028	234.500 	 44.338 	 59.601
FHW12028	234.625 	 44.500 	 59.036
FHW12028	234.750 	 44.780 	 59.370
FHW12028	234.875 	 44.015 	 59.602
FHW12028	235.000 	 44.499 	 59.035
FHW12028	235.125 	 44.785 	 59.370
FHW12028	235.250 	 44.333 	 59.601
FHW12028	235.375 	 44.500 	 59.036
FHW12028	235.500 	 44.616 	 59.931
FHW12028	235.625 	 44.505 	 59.036
FHW12028	235.750 	 44.182 	 59.038
FHW12028	235.875 	 44.615 	 59.930
FHW12028	236.000 	 44.500 	 59.036
FHW12028	236.125 	 44.500 	 59.036
FHW12028	236.250 	 44.621 	 59.931
FHW12028	236.375 	 44.500 	 59.036
FHW12028	236.500 	 44.500 	 59.036
FHW12028	236.625 	 44.298 	 59.932
FHW12028	236.750 	 44.499 	 59.035
FHW12028	236.875 	 44.785 	 59.370
FHW12028	237.000 	 44.333 	 59.601
FHW12028	237.125 	 44.500 	 59.036
FHW12028	237.250 	 44.621 	 59.931
FHW12028	237.375 	 44.178 	 59.036
FHW12028	237.500 	 44.504 	 59.036
FHW12028	237.625 	 44.616 	 59.931
FHW12028	237.750 	 44.500 	 59.036
FHW12028	237.875 	 44.505 	 59.036
FHW12028	238.000 	 44.616 	 59.931
FHW12028	238.125 	 44.500 	 59.036
FHW12028	238.250 	 44.183 	 59.036
FHW12028	238.375 	 44.615 	 59.932
FHW12028	238.500 	 46.774 	 60.883
FHW12028	238.625 	 47.319 	 61.489
FHW12028	238.750 	 47.170 	 62.037
FHW12028	238.875 	 47.659 	 61.489
FHW12028	239.000 	 47.176 	 62.039
FHW12028	239.125 	 47.317 	 61.488
FHW12028	239.250 	 47.512 	 62.039
FHW12028	239.375 	 47.324 	 61.489
FHW12028	239.500 	 47.170 	 62.037
FHW12028	239.625 	 47.659 	 61.489
FHW12028	239.750 	 47.176 	 62.039
FHW12028	239.875 	 47.317 	 61.488
FHW12028	240.000 	 47.171 	 62.039
FHW12028	240.125 	 47.659 	 61.489
FHW12028	240.250 	 47.175 	 62.037
FHW12028	240.375 	 47.319 	 61.489
FHW12028	240.500 	 47.512 	 62.039
FHW12028	240.625 	 47.323 	 61.488
FHW12028	240.750 	 47.172 	 62.038
FHW12028	240.875 	 47.657 	 61.489
FHW12028	241.000 	 47.177 	 62.038
FHW12028	241.125 	 47.318 	 61.490
FHW12028	241.250 	 47.511 	 62.036
FHW12028	241.375 	 47.318 	 61.490
FHW12028	241.500 	 47.177 	 62.038
FHW12028	241.625 	 47.657 	 61.489
FHW12028	241.750 	 47.172 	 62.038
FHW12028	241.875 	 47.323 	 61.490
FHW12028	242.000 	 47.511 	 62.036
FHW12028	242.125 	 47.318 	 61.490
FHW12028	242.250 	 47.177 	 62.038
FHW12028	242.375 	 47.317 	 61.488
FHW12028	242.500 	 47.512 	 62.039
FHW12028	242.625 	 47.319 	 61.489
FHW12028	242.750 	 47.175 	 62.037
FHW12028	242.875 	 47.659 	 61.489
FHW12028	243.000 	 47.171 	 62.039
FHW12028	243.125 	 47.323 	 61.488
FHW12028	243.250 	 47.658 	 61.490
FHW12028	243.375 	 47.172 	 62.038
FHW12028	243.500 	 47.322 	 61.489
FHW12028	243.625 	 47.512 	 62.038
FHW12028	243.750 	 47.318 	 61.490
FHW12028	243.875 	 47.171 	 62.036
FHW12028	244.000 	 47.659 	 61.489
FHW12028	244.125 	 47.176 	 62.039
FHW12028	244.250 	 47.317 	 61.488
FHW12028	244.375 	 47.512 	 62.039
FHW12028	244.500 	 47.324 	 61.489
FHW12028	244.625 	 47.170 	 62.037
FHW12028	244.750 	 47.324 	 61.489
FHW12028	244.875 	 47.512 	 62.039
FHW12028	245.000 	 47.317 	 61.488
FHW12028	245.125 	 46.895 	 61.743
FHW12028	245.250 	 47.659 	 61.489
FHW12028	245.375 	 47.175 	 62.037
FHW12028	245.500 	 47.319 	 61.489
FHW12028	245.625 	 47.512 	 62.039
FHW12028	245.750 	 47.323 	 61.488
FHW12028	245.875 	 47.171 	 62.039
FHW12028	246.000 	 47.659 	 61.489
FHW12028	246.125 	 47.175 	 62.037
FHW12028	246.250 	 47.319 	 61.489
FHW12028	246.375 	 47.512 	 62.039
FHW12028	246.500 	 47.317 	 61.488
FHW12028	246.625 	 47.176 	 62.039
FHW12028	246.750 	 47.659 	 61.489
FHW12028	246.875 	 47.171 	 62.036
FHW12028	247.000 	 47.323 	 61.490
FHW12028	247.125 	 47.172 	 62.038
FHW12028	247.250 	 47.657 	 61.489
FHW12028	247.375 	 47.177 	 62.038
FHW12028	247.500 	 47.318 	 61.490
FHW12028	247.625 	 47.511 	 62.036
FHW12028	247.750 	 47.318 	 61.490
FHW12028	247.875 	 49.760 	 63.970
FHW12028	248.000 	 49.980 	 64.511
FHW12028	248.125 	 50.245 	 64.766
FHW12028	248.250 	 50.603 	 64.767
FHW12028	248.375 	 50.245 	 64.766
FHW12028	248.500 	 50.246 	 64.767
FHW12028	248.625 	 50.245 	 64.767
FHW12028	248.750 	 50.246 	 64.767
FHW12028	248.875 	 50.251 	 64.766
FHW12028	249.000 	 50.246 	 64.767
FHW12028	249.125 	 50.596 	 64.766
FHW12028	249.250 	 50.108 	 63.971
FHW12028	249.375 	 50.250 	 64.767
FHW12028	249.500 	 50.246 	 64.767
FHW12028	249.625 	 50.245 	 64.766
FHW12028	249.750 	 50.246 	 64.767
FHW12028	249.875 	 50.602 	 64.766
FHW12028	250.000 	 50.246 	 64.768
FHW12028	250.125 	 50.245 	 64.766
FHW12028	250.250 	 50.246 	 64.767
FHW12028	250.375 	 50.246 	 64.767
FHW12028	250.500 	 50.245 	 64.766
FHW12028	250.625 	 50.336 	 64.510
FHW12028	250.750 	 50.246 	 64.768
FHW12028	250.875 	 50.371 	 64.230
FHW12028	251.000 	 50.246 	 64.767
FHW12028	251.125 	 50.246 	 64.767
FHW12028	251.250 	 50.245 	 64.766
FHW12028	251.375 	 50.603 	 64.767
FHW12028	251.500 	 50.245 	 64.767
FHW12028	251.625 	 50.246 	 64.767
FHW12028	251.750 	 50.245 	 64.766
FHW12028	251.875 	 49.986 	 64.511
FHW12028	252.000 	 50.245 	 64.766
FHW12028	252.125 	 50.246 	 64.767
FHW12028	252.250 	 50.596 	 64.767
FHW12028	252.375 	 50.252 	 64.767
FHW12028	252.500 	 50.371 	 64.230
FHW12028	252.625 	 50.246 	 64.767
FHW12028	252.750 	 50.245 	 64.766
FHW12028	252.875 	 50.246 	 64.767
FHW12028	253.000 	 50.601 	 64.767
FHW12028	253.125 	 49.980 	 64.511
FHW12028	253.250 	 50.245 	 64.766
FHW12028	253.375 	 50.246 	 64.767
FHW12028	253.500 	 50.245 	 64.766
FHW12028	253.625 	 50.246 	 64.768
FHW12028	253.750 	 50.602 	 64.766
FHW12028	253.875 	 50.246 	 64.767
FHW12028	254.000 	 50.245 	 64.766
FHW12028	254.125 	 50.372 	 64.231
FHW12028	254.250 	 50.245 	 64.766
FHW12028	254.375 	 49.986 	 64.511
FHW12028	254.500 	 50.245 	 64.766
FHW12028	254.625 	 50.597 	 64.767
FHW12028	254.750 	 50.245 	 64.766
FHW12028	254.875 	 50.251 	 64.769
FHW12028	255.000 	 50.245 	 64.766
FHW12028	255.125 	 50.246 	 64.767
FHW12028	255.250 	 50.246 	 64.767
FHW12028	255.375 	 50.602 	 64.766
FHW12028	255.500 	 50.246 	 64.767
FHW12028	255.625 	 49.979 	 64.510
FHW12028	255.750 	 50.372 	 64.231
FHW12028	255.875 	 50.245 	 64.766
FHW12028	256.000 	 50.246 	 64.767
FHW12028	256.125 	 50.602 	 64.766
FHW12028	256.250 	 50.246 	 64.767
FHW12028	256.375 	 50.245 	 64.769
FHW12028	256.500 	 50.246 	 64.767
FHW12028	256.625 	 50.245 	 64.766
FHW12028	256.750 	 50.246 	 64.767
FHW12028	256.875 	 50.336 	 64.510
FHW12028	257.000 	 51.621 	 66.037
FHW12028	257.125 	 53.880 	 67.990
FHW12028	257.250 	 53.896 	 68.303
FHW12028	257.375 	 53.775 	 68.516
FHW12028	257.500 	 54.247 	 67.989
FHW12028	257.625 	 53.775 	 68.514
FHW12028	257.750 	 54.147 	 68.515
FHW12028	257.875 	 53.875 	 67.988
FHW12028	258.000 	 54.147 	 68.515
FHW12028	258.125 	 53.775 	 68.516
FHW12028	258.250 	 53.879 	 67.987
FHW12028	258.375 	 53.896 	 68.306
FHW12028	258.500 	 53.873 	 67.989
FHW12028	258.625 	 54.148 	 68.514
FHW12028	258.750 	 53.774 	 68.515
FHW12028	258.875 	 54.248 	 67.988
FHW12028	259.000 	 53.774 	 68.515
FHW12028	259.125 	 54.148 	 68.516
FHW12028	259.250 	 53.879 	 67.987
FHW12028	259.375 	 54.148 	 68.516
FHW12028	259.500 	 53.775 	 68.516
FHW12028	259.625 	 53.997 	 67.774
FHW12028	259.750 	 53.774 	 68.515
FHW12028	259.875 	 54.248 	 67.988
FHW12028	260.000 	 53.775 	 68.516
FHW12028	260.125 	 54.147 	 68.515
FHW12028	260.250 	 53.875 	 67.988
FHW12028	260.375 	 54.147 	 68.515
FHW12028	260.500 	 53.780 	 68.516
FHW12028	260.625 	 54.247 	 67.987
FHW12028	260.750 	 53.775 	 68.516
FHW12028	260.875 	 53.623 	 67.774
FHW12028	261.000 	 54.148 	 68.516
FHW12028	261.125 	 53.774 	 68.515
FHW12028	261.250 	 54.248 	 67.988
FHW12028	261.375 	 53.779 	 68.515
FHW12028	261.500 	 54.148 	 68.516
FHW12028	261.625 	 53.874 	 67.987
FHW12028	261.750 	 54.148 	 68.516
FHW12028	261.875 	 53.774 	 68.513
FHW12028	262.000 	 54.247 	 67.990
FHW12028	262.125 	 53.521 	 68.305
FHW12028	262.250 	 54.248 	 67.988
FHW12028	262.375 	 53.774 	 68.515
FHW12028	262.500 	 54.148 	 68.514
FHW12028	262.625 	 53.879 	 67.989
FHW12028	262.750 	 54.148 	 68.516
FHW12028	262.875 	 53.775 	 68.514
FHW12028	263.000 	 54.247 	 67.989
FHW12028	263.125 	 53.775 	 68.516
FHW12028	263.250 	 53.896 	 68.303
FHW12028	263.375 	 53.874 	 67.990
FHW12028	263.500 	 54.147 	 68.513
FHW12028	263.625 	 53.880 	 67.990
FHW12028	263.750 	 53.774 	 68.515
FHW12028	263.875 	 54.148 	 68.514
FHW12028	264.000 	 53.873 	 67.989
FHW12028	264.125 	 54.148 	 68.514
FHW12028	264.250 	 53.774 	 68.515
FHW12028	264.375 	 54.247 	 67.990
FHW12028	264.500 	 53.521 	 68.303
FHW12028	264.625 	 54.148 	 68.516
FHW12028	264.750 	 53.879 	 67.989
FHW12028	264.875 	 54.148 	 68.514
FHW12028	265.000 	 53.873 	 67.989
FHW12028	265.125 	 54.148 	 68.514
FHW12028	265.250 	 53.774 	 68.515
FHW12028	265.375 	 54.247 	 67.990
FHW12028	265.500 	 53.775 	 68.514
FHW12028	265.625 	 54.147 	 68.515
FHW12028	265.750 	 53.629 	 67.774
FHW12028	265.875 	 54.142 	 68.516
FHW12028	266.000 	 53.880 	 67.990
FHW12028	266.125 	 54.147 	 68.513
FHW12028	266.250 	 54.391 	 68.721
FHW12028	266.375 	 56.925 	 69.830
FHW12028	266.500 	 56.925 	 69.830
FHW12028	266.625 	 57.239 	 69.506
FHW12028	266.750 	 56.539 	 69.830
FHW12028	266.875 	 56.925 	 69.830
FHW12028	267.000 	 57.155 	 70.018
FHW12028	267.125 	 56.925 	 69.830
FHW12028	267.250 	 57.239 	 69.506
FHW12028	267.375 	 56.925 	 69.830
FHW12028	267.500 	 56.920 	 69.830
FHW12028	267.625 	 57.160 	 70.018
FHW12028	267.750 	 56.539 	 69.830
FHW12028	267.875 	 56.926 	 69.828
FHW12028	268.000 	 57.239 	 69.508
FHW12028	268.125 	 56.925 	 69.830
FHW12028	268.250 	 56.920 	 69.830
FHW12028	268.375 	 57.161 	 70.016
FHW12028	268.500 	 56.920 	 69.830
FHW12028	268.625 	 57.013 	 69.316
FHW12028	268.750 	 57.154 	 70.017
FHW12028	268.875 	 56.539 	 69.830
FHW12028	269.000 	 56.926 	 69.828
FHW12028	269.125 	 57.160 	 70.017
FHW12028	269.250 	 57.008 	 69.317
FHW12028	269.375 	 56.925 	 69.830
FHW12028	269.500 	 57.154 	 70.017
FHW12028	269.625 	 56.926 	 69.828
FHW12028	269.750 	 57.154 	 70.017
FHW12028	269.875 	 56.539 	 69.830
FHW12028	270.000 	 57.014 	 69.317
FHW12028	270.125 	 57.154 	 70.015
FHW12028	270.250 	 56.925 	 69.830
FHW12028	270.375 	 56.925 	 69.830
FHW12028	270.500 	 57.154 	 70.017
FHW12028	270.625 	 57.013 	 69.316
FHW12028	270.750 	 56.920 	 69.828
FHW12028	270.875 	 56.775 	 70.018
FHW12028	271.000 	 56.925 	 69.830
FHW12028	271.125 	 56.920 	 69.830
FHW12028	271.250 	 57.160 	 70.017
FHW12028	271.375 	 57.007 	 69.315
FHW12028	271.500 	 56.925 	 69.830
FHW12028	271.625 	 57.160 	 70.018
FHW12028	271.750 	 56.920 	 69.830
FHW12028	271.875 	 56.539 	 69.830
FHW12028	272.000 	 57.245 	 69.506
FHW12028	272.125 	 56.920 	 69.830
FHW12028	272.250 	 57.160 	 70.018
FHW12028	272.375 	 56.920 	 69.830
FHW12028	272.500 	 56.925 	 69.830
FHW12028	272.625 	 57.239 	 69.506
FHW12028	272.750 	 56.925 	 69.830
FHW12028	272.875 	 56.925 	 69.830
FHW12028	273.000 	 56.775 	 70.018
FHW12028	273.125 	 56.920 	 69.828
FHW12028	273.250 	 56.925 	 69.830
FHW12028	273.375 	 57.239 	 69.508
FHW12028	273.500 	 56.925 	 69.830
FHW12028	273.625 	 56.920 	 69.830
FHW12028	273.750 	 57.160 	 70.015
FHW12028	273.875 	 56.920 	 69.830
FHW12028	274.000 	 56.627 	 69.316
FHW12028	274.125 	 57.160 	 70.017
FHW12028	274.250 	 56.925 	 69.830
FHW12028	274.375 	 56.920 	 69.828
FHW12028	274.500 	 57.160 	 70.017
FHW12028	274.625 	 57.008 	 69.317
FHW12028	274.750 	 57.160 	 70.017
FHW12028	274.875 	 56.920 	 69.828
FHW12028	275.000 	 56.539 	 69.830
FHW12028	275.125 	 57.160 	 70.017
FHW12028	275.250 	 56.920 	 69.830
FHW12028	275.375 	 57.014 	 69.317
FHW12028	275.500 	 59.169 	 70.380
FHW12028	275.625 	 59.781 	 70.561
FHW12028	275.750 	 59.169 	 70.382
FHW12028	275.875 	 59.244 	 69.881
FHW12028	276.000 	 59.787 	 70.561
FHW12028	276.125 	 59.163 	 70.380
FHW12028	276.250 	 59.641 	 69.881
FHW12028	276.375 	 59.389 	 70.560
FHW12028	276.500 	 59.562 	 70.383
FHW12028	276.625 	 59.249 	 69.879
FHW12028	276.750 	 59.781 	 70.561
FHW12028	276.875 	 59.170 	 70.383
FHW12028	277.000 	 59.562 	 70.382
FHW12028	277.125 	 59.468 	 70.061
FHW12028	277.250 	 59.562 	 70.382
FHW12028	277.375 	 59.390 	 70.561
FHW12028	277.500 	 59.641 	 69.881
FHW12028	277.625 	 59.171 	 70.383
FHW12028	277.750 	 59.780 	 70.558
FHW12028	277.875 	 59.169 	 70.382
FHW12028	278.000 	 59.641 	 69.881
FHW12028	278.125 	 59.391 	 70.561
FHW12028	278.250 	 59.562 	 70.380
FHW12028	278.375 	 59.249 	 69.881
FHW12028	278.500 	 59.782 	 70.561
FHW12028	278.625 	 59.163 	 70.382
FHW12028	278.750 	 59.568 	 70.382
FHW12028	278.875 	 59.463 	 70.062
FHW12028	279.000 	 59.568 	 70.382
FHW12028	279.125 	 59.163 	 70.382
FHW12028	279.250 	 59.863 	 70.062
FHW12028	279.375 	 59.165 	 70.382
FHW12028	279.500 	 59.568 	 70.382
FHW12028	279.625 	 59.383 	 70.560
FHW12028	279.750 	 59.642 	 69.882
FHW12028	279.875 	 59.169 	 70.382
FHW12028	280.000 	 59.780 	 70.558
FHW12028	280.125 	 59.251 	 69.882
FHW12028	280.250 	 59.780 	 70.560
FHW12028	280.375 	 59.169 	 70.382
FHW12028	280.500 	 59.562 	 70.380
FHW12028	280.625 	 59.469 	 70.064
FHW12028	280.750 	 59.562 	 70.382
FHW12028	280.875 	 59.169 	 70.382
FHW12028	281.000 	 59.859 	 70.062
FHW12028	281.125 	 59.169 	 70.382
FHW12028	281.250 	 59.163 	 70.382
FHW12028	281.375 	 59.788 	 70.561
FHW12028	281.500 	 59.243 	 69.881
FHW12028	281.625 	 59.568 	 70.380
FHW12028	281.750 	 59.383 	 70.560
FHW12028	281.875 	 59.648 	 69.882
FHW12028	282.000 	 59.163 	 70.382
FHW12028	282.125 	 59.780 	 70.558
FHW12028	282.250 	 59.171 	 70.383
FHW12028	282.375 	 59.641 	 69.881
FHW12028	282.500 	 59.389 	 70.560
FHW12028	282.625 	 59.562 	 70.382
FHW12028	282.750 	 59.469 	 70.062
FHW12028	282.875 	 59.562 	 70.382
FHW12028	283.000 	 59.169 	 70.382
FHW12028	283.125 	 59.782 	 70.561
FHW12028	283.250 	 59.249 	 69.879
FHW12028	283.375 	 59.562 	 70.382
FHW12028	283.500 	 59.391 	 70.561
FHW12028	283.625 	 59.641 	 69.881
FHW12028	283.750 	 59.169 	 70.382
FHW12028	283.875 	 59.780 	 70.558
FHW12028	284.000 	 59.251 	 69.882
FHW12028	284.125 	 59.562 	 70.382
FHW12028	284.250 	 59.389 	 70.560
FHW12028	284.375 	 59.563 	 70.382
FHW12028	284.500 	 59.249 	 69.881
FHW12028	284.625 	 59.780 	 70.560
FHW12028	284.750 	 61.670 	 70.242
FHW12028	284.875 	 62.552 	 70.103
FHW12028	285.000 	 62.355 	 69.930
FHW12028	285.125 	 62.758 	 69.927
FHW12028	285.250 	 62.355 	 69.930
FHW12028	285.375 	 62.353 	 69.927
FHW12028	285.500 	 62.482 	 70.590
FHW12028	285.625 	 62.764 	 69.927
FHW12028	285.750 	 62.355 	 69.930
FHW12028	285.875 	 62.347 	 69.929
FHW12028	286.000 	 62.355 	 69.928
FHW12028	286.125 	 62.692 	 70.416
FHW12028	286.250 	 62.553 	 70.104
FHW12028	286.375 	 62.353 	 69.929
FHW12028	286.500 	 62.355 	 69.928
FHW12028	286.625 	 62.757 	 69.929
FHW12028	286.750 	 62.355 	 69.928
FHW12028	286.875 	 62.481 	 70.588
FHW12028	287.000 	 62.355 	 69.930
FHW12028	287.125 	 62.758 	 69.927
FHW12028	287.250 	 62.355 	 69.930
FHW12028	287.375 	 62.353 	 69.927
FHW12028	287.500 	 62.955 	 70.106
FHW12028	287.625 	 62.281 	 70.414
FHW12028	287.750 	 62.355 	 69.930
FHW12028	287.875 	 62.353 	 69.927
FHW12028	288.000 	 62.765 	 69.930
FHW12028	288.125 	 62.552 	 70.103
FHW12028	288.250 	 62.276 	 70.417
FHW12028	288.375 	 62.353 	 69.929
FHW12028	288.500 	 62.765 	 69.928
FHW12028	288.625 	 62.353 	 69.929
FHW12028	288.750 	 62.553 	 70.104
FHW12028	288.875 	 62.353 	 69.929
FHW12028	289.000 	 62.688 	 70.415
FHW12028	289.125 	 62.353 	 69.929
FHW12028	289.250 	 62.355 	 69.928
FHW12028	289.375 	 62.552 	 70.105
FHW12028	289.500 	 62.759 	 69.930
FHW12028	289.625 	 62.281 	 70.414
FHW12028	289.750 	 62.355 	 69.930
FHW12028	289.875 	 62.353 	 69.927
FHW12028	290.000 	 62.759 	 69.930
FHW12028	290.125 	 62.558 	 70.103
FHW12028	290.250 	 62.349 	 69.930
FHW12028	290.375 	 62.686 	 70.416
FHW12028	290.500 	 62.361 	 69.928
FHW12028	290.625 	 62.347 	 69.929
FHW12028	290.750 	 62.560 	 70.104
FHW12028	290.875 	 62.757 	 69.929
FHW12028	291.000 	 62.277 	 70.415
FHW12028	291.125 	 62.359 	 69.929
FHW12028	291.250 	 62.349 	 69.928
FHW12028	291.375 	 62.954 	 70.105
FHW12028	291.500 	 62.361 	 69.928
FHW12028	291.625 	 62.347 	 69.929
FHW12028	291.750 	 62.289 	 70.417
FHW12028	291.875 	 62.758 	 69.927
FHW12028	292.000 	 62.559 	 70.106
FHW12028	292.125 	 62.347 	 69.927
FHW12028	292.250 	 62.349 	 69.930
FHW12028	292.375 	 62.699 	 70.414
FHW12028	292.500 	 62.349 	 69.930
FHW12028	292.625 	 62.558 	 70.103
FHW12028	292.750 	 62.349 	 69.930
FHW12028	292.875 	 62.757 	 69.929
FHW12028	293.000 	 62.361 	 69.928
FHW12028	293.125 	 62.275 	 70.416
FHW12028	293.250 	 62.361 	 69.928
FHW12028	293.375 	 62.954 	 70.105
FHW12028	293.500 	 62.349 	 69.928
FHW12028	293.625 	 62.359 	 69.929
FHW12028	293.750 	 62.759 	 69.928
FHW12028	293.875 	 62.275 	 70.416
FHW12028	294.000 	 64.454 	 69.800
FHW12028	294.125 	 64.926 	 69.327
FHW12028	294.250 	 65.523 	 69.501
FHW12028	294.375 	 64.871 	 69.800
FHW12028	294.500 	 65.346 	 69.327
FHW12028	294.625 	 65.523 	 69.501
FHW12028	294.750 	 64.859 	 69.800
FHW12028	294.875 	 65.346 	 69.326
FHW12028	295.000 	 65.039 	 69.974
FHW12028	295.125 	 65.346 	 69.326
FHW12028	295.250 	 64.938 	 69.324
FHW12028	295.375 	 65.458 	 69.975
FHW12028	295.500 	 64.927 	 69.326
FHW12028	295.625 	 65.277 	 69.799
FHW12028	295.750 	 64.926 	 69.327
FHW12028	295.875 	 65.537 	 69.503
FHW12028	296.000 	 64.857 	 69.799
FHW12028	296.125 	 65.346 	 69.326
FHW12028	296.250 	 65.107 	 69.504
FHW12028	296.375 	 65.277 	 69.799
FHW12028	296.500 	 65.346 	 69.326
FHW12028	296.625 	 65.053 	 69.975
FHW12028	296.750 	 65.344 	 69.324
FHW12028	296.875 	 64.927 	 69.326
FHW12028	297.000 	 65.279 	 69.800
FHW12028	297.125 	 65.105 	 69.503
FHW12028	297.250 	 65.346 	 69.326
FHW12028	297.375 	 64.871 	 69.800
FHW12028	297.500 	 65.522 	 69.503
FHW12028	297.625 	 64.859 	 69.800
FHW12028	297.750 	 65.346 	 69.326
FHW12028	297.875 	 65.106 	 69.501
FHW12028	298.000 	 65.291 	 69.802
FHW12028	298.125 	 64.927 	 69.326
FHW12028	298.250 	 65.457 	 69.972
FHW12028	298.375 	 64.926 	 69.327
FHW12028	298.500 	 65.344 	 69.324
FHW12028	298.625 	 65.279 	 69.800
FHW12028	298.750 	 65.119 	 69.504
FHW12028	298.875 	 65.344 	 69.324
FHW12028	299.000 	 64.859 	 69.800
FHW12028	299.125 	 67.011 	 69.212
FHW12028	299.250 	 66.960 	 69.678
FHW12028	299.375 	 66.842 	 69.033
FHW12028	299.500 	 67.435 	 69.212
FHW12028	299.625 	 66.792 	 69.503
FHW12028	299.750 	 67.011 	 69.212
FHW12028	299.875 	 67.009 	 69.211
FHW12028	300.000 	 66.792 	 69.503
FHW12028	300.125 	 67.011 	 69.212
FHW12028	300.250 	 66.843 	 69.036
FHW12028	300.375 	 66.959 	 69.675
FHW12028	300.500 	 67.011 	 69.212
FHW12028	300.625 	 66.843 	 69.035
FHW12028	300.750 	 67.386 	 69.677
FHW12028	300.875 	 67.009 	 69.211
FHW12028	301.000 	 66.778 	 69.504
FHW12028	301.125 	 67.023 	 69.212
FHW12028	301.250 	 66.843 	 69.035
FHW12028	301.375 	 66.947 	 69.675
FHW12028	301.500 	 67.023 	 69.212
FHW12028	301.625 	 66.843 	 69.035
FHW12028	301.750 	 66.961 	 69.677
FHW12028	301.875 	 66.841 	 69.035
FHW12028	302.000 	 67.435 	 69.212
FHW12028	302.125 	 66.948 	 69.677
FHW12028	302.250 	 66.856 	 69.035
FHW12028	302.375 	 67.009 	 69.211
FHW12028	302.500 	 66.961 	 69.677
FHW12028	302.625 	 66.843 	 69.035
FHW12028	302.750 	 66.948 	 69.678
FHW12028	302.875 	 66.854 	 69.033
FHW12028	303.000 	 67.011 	 69.212
FHW12028	303.125 	 67.435 	 69.212
FHW12028	303.250 	 69.791 	 68.928
FHW12028	303.375 	 69.938 	 69.102
FHW12028	303.500 	 69.848 	 68.470
FHW12028	303.625 	 69.791 	 68.928
FHW12028	303.750 	 69.995 	 68.648
FHW12028	303.875 	 69.791 	 68.928
FHW12028	304.000 	 69.995 	 68.649
FHW12028	304.125 	 69.791 	 68.928
FHW12028	304.250 	 69.791 	 68.928
FHW12028	304.375 	 69.995 	 68.649
FHW12028	304.500 	 69.356 	 68.926
FHW12028	304.625 	 69.849 	 68.472
FHW12028	304.750 	 69.938 	 69.102
FHW12028	304.875 	 69.849 	 68.470
FHW12028	305.000 	 69.938 	 69.102
FHW12028	305.125 	 69.791 	 68.928
FHW12028	305.250 	 69.849 	 68.472
FHW12028	305.375 	 69.938 	 69.102
FHW12028	305.500 	 69.848 	 68.470
FHW12028	305.625 	 69.791 	 68.928
FHW12028	305.750 	 69.995 	 68.649
FHW12028	305.875 	 69.791 	 68.928
FHW12028	306.000 	 69.938 	 69.102
FHW12028	306.125 	 69.849 	 68.470
FHW12028	306.250 	 69.791 	 68.928
FHW12028	306.375 	 69.995 	 68.649
FHW12028	306.500 	 69.356 	 68.926
FHW12028	306.625 	 69.849 	 68.472
FHW12028	306.750 	 69.938 	 69.102
FHW12028	306.875 	 69.791 	 68.928
FHW12028	307.000 	 69.995 	 68.649
FHW12028	307.125 	 69.791 	 68.928
FHW12028	307.250 	 69.849 	 68.470
FHW12028	307.375 	 69.938 	 69.102
FHW12028	307.500 	 69.848 	 68.470
FHW12028	307.625 	 69.938 	 69.102
FHW12028	307.750 	 69.791 	 68.928
FHW12028	307.875 	 69.849 	 68.472
FHW12028	308.000 	 69.938 	 69.102
FHW12028	308.125 	 69.849 	 68.472
FHW12028	308.250 	 69.791 	 68.928
FHW12028	308.375 	 69.939 	 69.101
FHW12028	308.500 	 69.848 	 68.470
FHW12028	308.625 	 69.507 	 69.102
FHW12028	308.750 	 69.849 	 68.472
FHW12028	308.875 	 69.791 	 68.928
FHW12028	309.000 	 69.995 	 68.649
FHW12028	309.125 	 69.791 	 68.928
FHW12028	309.250 	 69.791 	 68.928
FHW12028	309.375 	 69.995 	 68.649
FHW12028	309.500 	 69.790 	 68.924
FHW12028	309.625 	 69.995 	 68.649
FHW12028	309.750 	 69.791 	 68.928
FHW12028	309.875 	 69.849 	 68.472
FHW12028	310.000 	 69.938 	 69.102
FHW12028	310.125 	 69.791 	 68.928
FHW12028	310.250 	 69.836 	 68.472
FHW12028	310.375 	 69.938 	 69.102
FHW12028	310.500 	 69.848 	 68.470
FHW12028	310.625 	 69.521 	 69.101
FHW12028	310.750 	 69.849 	 68.472
FHW12028	310.875 	 69.791 	 68.928
FHW12028	311.000 	 69.938 	 69.102
FHW12028	311.125 	 69.849 	 68.472
FHW12028	311.250 	 69.791 	 68.928
FHW12028	311.375 	 69.995 	 68.649
FHW12028	311.500 	 69.777 	 68.926
FHW12028	311.625 	 69.995 	 68.648
FHW12028	311.750 	 69.791 	 68.928
FHW12028	311.875 	 69.791 	 68.928
FHW12028	312.000 	 69.995 	 68.649
FHW12028	312.125 	 69.791 	 68.928
FHW12028	312.250 	 69.995 	 68.649
FHW12028	312.375 	 69.791 	 68.928
FHW12028	312.500 	 73.231 	 68.377
FHW12028	312.625 	 73.828 	 68.109
FHW12028	312.750 	 74.154 	 67.933
FHW12028	312.875 	 74.270 	 68.109
FHW12028	313.000 	 74.140 	 67.933
FHW12028	313.125 	 73.841 	 68.109
FHW12028	313.250 	 74.094 	 68.377
FHW12028	313.375 	 74.270 	 68.109
FHW12028	313.500 	 74.154 	 67.933
FHW12028	313.625 	 74.270 	 68.109
FHW12028	313.750 	 73.709 	 67.933
FHW12028	313.875 	 74.270 	 68.109
FHW12028	314.000 	 74.107 	 68.377
FHW12028	314.125 	 74.270 	 68.111
FHW12028	314.250 	 73.709 	 67.931
FHW12028	314.375 	 74.270 	 68.111
FHW12028	314.500 	 74.154 	 67.931
FHW12028	314.625 	 74.270 	 68.111
FHW12028	314.750 	 73.661 	 68.376
FHW12028	314.875 	 74.270 	 68.111
FHW12028	315.000 	 74.154 	 67.931
FHW12028	315.125 	 74.256 	 68.111
FHW12028	315.250 	 73.723 	 67.931
FHW12028	315.375 	 74.256 	 68.111
FHW12028	315.500 	 74.107 	 68.377
FHW12028	315.625 	 74.270 	 68.109
FHW12028	315.750 	 74.154 	 67.933
FHW12028	315.875 	 73.828 	 68.109
FHW12028	316.000 	 74.154 	 67.933
FHW12028	316.125 	 74.224 	 68.551
FHW12028	316.250 	 74.154 	 67.933
FHW12028	316.375 	 73.828 	 68.109
FHW12028	316.500 	 74.154 	 67.933
FHW12028	316.625 	 74.271 	 68.111
FHW12028	316.750 	 74.154 	 67.933
FHW12028	316.875 	 73.781 	 68.553
FHW12028	317.000 	 74.270 	 68.109
FHW12028	317.125 	 74.154 	 67.933
FHW12028	317.250 	 74.256 	 68.109
FHW12028	317.375 	 73.723 	 67.933
FHW12028	317.500 	 74.270 	 68.109
FHW12028	317.625 	 74.094 	 68.377
FHW12028	317.750 	 74.270 	 68.109
FHW12028	317.875 	 73.709 	 67.933
FHW12028	318.000 	 74.270 	 68.109
FHW12028	318.125 	 74.154 	 67.933
FHW12028	318.250 	 74.270 	 68.111
FHW12028	318.375 	 74.107 	 68.376
FHW12028	318.500 	 73.828 	 68.111
FHW12028	318.625 	 74.154 	 67.931
FHW12028	318.750 	 74.270 	 68.111
FHW12028	318.875 	 74.154 	 67.931
FHW12028	319.000 	 73.828 	 68.111
FHW12028	319.125 	 74.107 	 68.376
FHW12028	319.250 	 74.270 	 68.111
FHW12028	319.375 	 74.154 	 67.931
FHW12028	319.500 	 73.828 	 68.111
FHW12028	319.625 	 74.154 	 67.933
FHW12028	319.750 	 74.256 	 68.109
FHW12028	319.875 	 74.107 	 68.377
FHW12028	320.000 	 73.828 	 68.109
FHW12028	320.125 	 74.154 	 67.933
FHW12028	320.250 	 74.270 	 68.109
FHW12028	320.375 	 74.154 	 67.933
FHW12028	320.500 	 73.781 	 68.551
FHW12028	320.625 	 74.154 	 67.933
FHW12028	320.750 	 74.271 	 68.111
FHW12028	320.875 	 74.153 	 67.932
FHW12028	321.000 	 74.271 	 68.113
FHW12028	321.125 	 73.828 	 68.109
FHW12028	321.250 	 74.107 	 68.377
FHW12028	321.375 	 74.270 	 68.109
FHW12028	321.500 	 74.154 	 67.933
FHW12028	321.625 	 73.828 	 68.109
FHW12028	321.750 	 74.154 	 67.933
FHW12028	321.875 	 77.481 	 68.285
FHW12028	322.000 	 78.507 	 68.026
FHW12028	322.125 	 77.969 	 67.849
FHW12028	322.250 	 78.494 	 68.025
FHW12028	322.375 	 78.423 	 67.852
FHW12028	322.500 	 78.507 	 68.025
FHW12028	322.625 	 78.422 	 67.851
FHW12028	322.750 	 78.022 	 68.458
FHW12028	322.875 	 78.422 	 67.849
FHW12028	323.000 	 78.494 	 68.026
FHW12028	323.125 	 78.423 	 67.850
FHW12028	323.250 	 78.507 	 68.026
FHW12028	323.375 	 78.422 	 67.849
FHW12028	323.500 	 78.057 	 68.025
FHW12028	323.625 	 78.388 	 68.287
FHW12028	323.750 	 78.507 	 68.025
FHW12028	323.875 	 78.409 	 67.852
FHW12028	324.000 	 78.507 	 68.025
FHW12028	324.125 	 77.969 	 67.849
FHW12028	324.250 	 78.507 	 68.026
FHW12028	324.375 	 78.388 	 68.285
FHW12028	324.500 	 78.508 	 68.028
FHW12028	324.625 	 78.409 	 67.849
FHW12028	324.750 	 78.507 	 68.025
FHW12028	324.875 	 77.969 	 67.851
FHW12028	325.000 	 78.422 	 67.849
FHW12028	325.125 	 78.507 	 68.026
FHW12028	325.250 	 78.388 	 68.285
FHW12028	325.375 	 78.494 	 68.026
FHW12028	325.500 	 77.969 	 67.851
FHW12028	325.625 	 78.507 	 68.025
FHW12028	325.750 	 78.422 	 67.851
FHW12028	325.875 	 78.507 	 68.025
FHW12028	326.000 	 78.423 	 67.850
FHW12028	326.125 	 78.460 	 68.460
FHW12028	326.250 	 77.969 	 67.849
FHW12028	326.375 	 78.507 	 68.026
FHW12028	326.500 	 78.422 	 67.849
FHW12028	326.625 	 78.507 	 68.025
FHW12028	326.750 	 78.423 	 67.852
FHW12028	326.875 	 78.057 	 68.025
FHW12028	327.000 	 78.374 	 68.287
FHW12028	327.125 	 78.507 	 68.025
FHW12028	327.250 	 78.422 	 67.849
FHW12028	327.375 	 78.507 	 68.026
FHW12028	327.500 	 78.423 	 67.850
FHW12028	327.625 	 78.057 	 68.025
FHW12028	327.750 	 78.422 	 67.851
FHW12028	327.875 	 78.460 	 68.458
FHW12028	328.000 	 78.422 	 67.851
FHW12028	328.125 	 78.507 	 68.025
FHW12028	328.250 	 77.970 	 67.850
FHW12028	328.375 	 78.507 	 68.026
FHW12028	328.500 	 78.422 	 67.849
FHW12028	328.625 	 78.494 	 68.026
FHW12028	328.750 	 78.388 	 68.285
FHW12028	328.875 	 78.507 	 68.026
FHW12028	329.000 	 77.970 	 67.850
FHW12028	329.125 	 78.507 	 68.025
FHW12028	329.250 	 78.422 	 67.851
FHW12028	329.375 	 78.494 	 68.025
FHW12028	329.500 	 78.422 	 67.849
FHW12028	329.625 	 78.023 	 68.461
FHW12028	329.750 	 78.422 	 67.849
FHW12028	329.875 	 78.507 	 68.026
FHW12028	330.000 	 78.422 	 67.849
FHW12028	330.125 	 78.494 	 68.025
FHW12028	330.250 	 78.422 	 67.851
FHW12028	330.375 	 78.058 	 68.026
FHW12028	330.500 	 78.388 	 68.287
FHW12028	330.625 	 78.507 	 68.025
FHW12028	330.750 	 78.422 	 67.849
FHW12028	330.875 	 78.494 	 68.026
FHW12028	331.000 	 77.969 	 67.849
FHW12028	331.125 	 78.508 	 68.028
FHW12028	331.250 	 81.196 	 68.458
FHW12028	331.375 	 82.629 	 68.198
FHW12028	331.500 	 82.697 	 68.370
FHW12028	331.625 	 82.644 	 68.199
FHW12028	331.750 	 82.643 	 68.199
FHW12028	331.875 	 82.629 	 68.198
FHW12028	332.000 	 82.622 	 68.629
FHW12028	332.125 	 82.643 	 68.199
FHW12028	332.250 	 82.684 	 68.368
FHW12028	332.375 	 82.643 	 68.199
FHW12028	332.500 	 82.644 	 68.199
FHW12028	332.625 	 82.643 	 68.198
FHW12028	332.750 	 82.608 	 68.630
FHW12028	332.875 	 82.644 	 68.199
FHW12028	333.000 	 82.697 	 68.370
FHW12028	333.125 	 82.629 	 68.198
FHW12028	333.250 	 82.643 	 68.198
FHW12028	333.375 	 82.644 	 68.201
FHW12028	333.500 	 82.608 	 68.628
FHW12028	333.625 	 82.643 	 68.199
FHW12028	333.750 	 82.644 	 68.199
FHW12028	333.875 	 82.697 	 68.368
FHW12028	334.000 	 82.629 	 68.199
FHW12028	334.125 	 82.644 	 68.199
FHW12028	334.250 	 82.621 	 68.630
FHW12028	334.375 	 82.629 	 68.198
FHW12028	334.500 	 82.643 	 68.198
FHW12028	334.625 	 82.698 	 68.371
FHW12028	334.750 	 82.643 	 68.198
FHW12028	334.875 	 82.608 	 68.630
FHW12028	335.000 	 82.644 	 68.199
FHW12028	335.125 	 82.643 	 68.198
FHW12028	335.250 	 82.629 	 68.199
FHW12028	335.375 	 82.697 	 68.368
FHW12028	335.500 	 82.644 	 68.201
FHW12028	335.625 	 82.622 	 68.628
FHW12028	335.750 	 82.629 	 68.198
FHW12028	335.875 	 82.644 	 68.201
FHW12028	336.000 	 82.643 	 68.198
FHW12028	336.125 	 82.684 	 68.370
FHW12028	336.250 	 82.644 	 68.199
FHW12028	336.375 	 82.621 	 68.630
FHW12028	336.500 	 82.643 	 68.198
FHW12028	336.625 	 82.629 	 68.198
FHW12028	336.750 	 82.644 	 68.201
FHW12028	336.875 	 83.088 	 68.198
FHW12028	337.000 	 82.697 	 68.368
FHW12028	337.125 	 82.622 	 68.631
FHW12028	337.250 	 82.643 	 68.198
FHW12028	337.375 	 82.629 	 68.199
FHW12028	337.500 	 82.643 	 68.198
FHW12028	337.625 	 82.644 	 68.199
FHW12028	337.750 	 82.684 	 68.370
FHW12028	337.875 	 82.622 	 68.628
FHW12028	338.000 	 82.644 	 68.201
FHW12028	338.125 	 82.643 	 68.198
FHW12028	338.250 	 82.629 	 68.198
FHW12028	338.375 	 82.643 	 68.199
FHW12028	338.500 	 82.677 	 68.797
FHW12028	338.625 	 82.629 	 68.199
FHW12028	338.750 	 82.643 	 68.198
FHW12028	338.875 	 82.644 	 68.199
FHW12028	339.000 	 82.643 	 68.199
FHW12028	339.125 	 82.629 	 68.198
FHW12028	339.250 	 82.677 	 68.799
FHW12028	339.375 	 82.643 	 68.198
FHW12028	339.500 	 82.629 	 68.198
FHW12028	339.625 	 82.643 	 68.199
FHW12028	339.750 	 82.644 	 68.199
FHW12028	339.875 	 82.643 	 68.199
FHW12028	340.000 	 82.608 	 68.628
FHW12028	340.125 	 82.698 	 68.371
FHW12028	340.250 	 82.643 	 68.198
FHW12028	340.375 	 83.548 	 68.198
FHW12028	340.500 	 86.795 	 68.370
FHW12028	340.625 	 87.242 	 68.369
FHW12028	340.750 	 86.795 	 68.368
FHW12028	340.875 	 87.242 	 68.371
FHW12028	341.000 	 86.795 	 68.368
FHW12028	341.125 	 87.242 	 68.370
FHW12028	341.250 	 86.795 	 68.369
FHW12028	341.375 	 87.242 	 68.368
FHW12028	341.500 	 86.795 	 68.370
FHW12028	341.625 	 87.242 	 68.369
FHW12028	341.750 	 86.795 	 68.368
FHW12028	341.875 	 87.242 	 68.370
FHW12028	342.000 	 86.804 	 67.944
FHW12028	342.125 	 87.242 	 68.368
FHW12028	342.250 	 86.795 	 68.370
FHW12028	342.375 	 87.242 	 68.369
FHW12028	342.500 	 86.795 	 68.370
FHW12028	342.625 	 87.242 	 68.368
FHW12028	342.750 	 86.795 	 68.369
FHW12028	342.875 	 87.242 	 68.370
FHW12028	343.000 	 86.795 	 68.368
FHW12028	343.125 	 87.242 	 68.369
FHW12028	343.250 	 86.795 	 68.370
FHW12028	343.375 	 87.242 	 68.369
FHW12028	343.500 	 86.795 	 68.370
FHW12028	343.625 	 87.242 	 68.368
FHW12028	343.750 	 86.795 	 68.369
FHW12028	343.875 	 87.242 	 68.370
FHW12028	344.000 	 86.795 	 68.368
FHW12028	344.125 	 87.242 	 68.369
FHW12028	344.250 	 86.795 	 68.370
FHW12028	344.375 	 87.242 	 68.368
FHW12028	344.500 	 86.795 	 68.371
FHW12028	344.625 	 87.242 	 68.368
FHW12028	344.750 	 86.795 	 68.368
FHW12028	344.875 	 87.250 	 67.946
FHW12028	345.000 	 86.795 	 68.368
FHW12028	345.125 	 87.242 	 68.368
FHW12028	345.250 	 86.795 	 68.371
FHW12028	345.375 	 87.242 	 68.368
FHW12028	345.500 	 86.795 	 68.369
FHW12028	345.625 	 87.242 	 68.370
FHW12028	345.750 	 86.795 	 68.368
FHW12028	345.875 	 87.242 	 68.371
FHW12028	346.000 	 86.795 	 68.368
FHW12028	346.125 	 87.242 	 68.368
FHW12028	346.250 	 86.795 	 68.371
FHW12028	346.375 	 87.242 	 68.368
FHW12028	346.500 	 86.795 	 68.368
FHW12028	346.625 	 87.242 	 68.371
FHW12028	346.750 	 86.795 	 68.368
FHW12028	346.875 	 87.242 	 68.370
FHW12028	347.000 	 86.795 	 68.369
FHW12028	347.125 	 87.242 	 68.368
FHW12028	347.250 	 86.795 	 68.370
FHW12028	347.375 	 87.242 	 68.369
FHW12028	347.500 	 86.795 	 68.368
FHW12028	347.625 	 87.242 	 68.371
FHW12028	347.750 	 86.804 	 67.943
FHW12028	347.875 	 87.242 	 68.368
FHW12028	348.000 	 86.795 	 68.371
FHW12028	348.125 	 87.242 	 68.368
FHW12028	348.250 	 86.795 	 68.370
FHW12028	348.375 	 87.242 	 68.369
FHW12028	348.500 	 86.795 	 68.368
FHW12028	348.625 	 87.242 	 68.370
FHW12028	348.750 	 86.795 	 68.369
FHW12028	348.875 	 87.242 	 68.368
FHW12028	349.000 	 86.795 	 68.370
FHW12028	349.125 	 87.256 	 68.369
FHW12028	349.250 	 87.242 	 68.370
FHW12028	349.375 	 86.795 	 68.368
FHW12028	349.500 	 90.447 	 67.944
FHW12028	349.625 	 91.393 	 67.770
FHW12028	349.750 	 91.830 	 67.944
FHW12028	349.875 	 91.373 	 68.369
FHW12028	350.000 	 91.830 	 67.943
FHW12028	350.125 	 91.369 	 67.943
FHW12028	350.250 	 91.843 	 67.771
FHW12028	350.375 	 91.383 	 67.945
FHW12028	350.500 	 91.830 	 67.943
FHW12028	350.625 	 91.369 	 67.943
FHW12028	350.750 	 91.843 	 67.773
FHW12028	350.875 	 91.369 	 67.943
FHW12028	351.000 	 91.849 	 68.370
FHW12028	351.125 	 91.369 	 67.941
FHW12028	351.250 	 91.830 	 67.944
FHW12028	351.375 	 91.379 	 67.769
FHW12028	351.500 	 91.830 	 67.944
FHW12028	351.625 	 91.383 	 67.944
FHW12028	351.750 	 91.830 	 67.941
FHW12028	351.875 	 91.379 	 67.773
FHW12028	352.000 	 91.830 	 67.944
FHW12028	352.125 	 91.369 	 67.941
FHW12028	352.250 	 91.835 	 68.372
FHW12028	352.375 	 91.383 	 67.941
FHW12028	352.500 	 91.843 	 67.770
FHW12028	352.625 	 91.369 	 67.947
FHW12028	352.750 	 91.830 	 67.941
FHW12028	352.875 	 91.369 	 67.944
FHW12028	353.000 	 91.857 	 67.773
FHW12028	353.125 	 91.369 	 67.941
FHW12028	353.250 	 91.830 	 67.944
FHW12028	353.375 	 91.373 	 68.366
FHW12028	353.500 	 91.830 	 67.944
FHW12028	353.625 	 91.393 	 67.773
FHW12028	353.750 	 91.830 	 67.941
FHW12028	353.875 	 91.369 	 67.944
FHW12028	354.000 	 91.830 	 67.944
FHW12028	354.125 	 91.379 	 67.769
FHW12028	354.250 	 91.830 	 67.944
FHW12028	354.375 	 91.383 	 67.941
FHW12028	354.500 	 91.829 	 67.947
FHW12028	354.625 	 91.373 	 68.370
FHW12028	354.750 	 91.843 	 67.767
FHW12028	354.875 	 91.369 	 67.947
FHW12028	355.000 	 91.844 	 67.944
FHW12028	355.125 	 91.369 	 67.941
FHW12028	355.250 	 91.843 	 67.773
FHW12028	355.375 	 91.369 	 67.941
FHW12028	355.500 	 91.830 	 67.944
FHW12028	355.625 	 91.383 	 67.944
FHW12028	355.750 	 91.835 	 68.366
FHW12028	355.875 	 91.379 	 67.773
FHW12028	356.000 	 91.830 	 67.944
FHW12028	356.125 	 91.369 	 67.941
FHW12028	356.250 	 91.830 	 67.944
FHW12028	356.375 	 91.393 	 67.769
FHW12028	356.500 	 91.830 	 67.944
FHW12028	356.625 	 91.369 	 67.944
FHW12028	356.750 	 91.829 	 67.944
FHW12028	356.875 	 91.383 	 67.944
FHW12028	357.000 	 91.849 	 68.198
FHW12028	357.125 	 91.369 	 67.944
FHW12028	357.250 	 91.830 	 67.944
FHW12028	357.375 	 91.369 	 67.941
FHW12028	357.500 	 91.843 	 67.773
FHW12028	357.625 	 91.383 	 67.944
FHW12028	357.750 	 91.830 	 67.941
FHW12028	357.875 	 91.369 	 67.944
FHW12028	358.000 	 91.830 	 67.941
FHW12028	358.125 	 91.383 	 68.201
FHW12028	358.250 	 91.830 	 67.944
FHW12028	358.375 	 91.383 	 67.941
FHW12028	358.500 	 91.830 	 67.944
FHW12028	358.625 	 91.379 	 67.773
FHW12028	358.750 	 91.830 	 67.941
FHW12028	358.875 	 91.383 	 67.944
FHW12028	359.000 	 91.829 	 67.944
FHW12028	359.125 	 91.369 	 67.944
FHW12028	359.250 	 91.843 	 67.770
FHW12028	359.375 	 91.373 	 68.369
FHW12028	359.500 	 91.830 	 67.944
FHW12028	359.625 	 91.383 	 67.944
FHW12028	359.750 	 91.843 	 67.769
FHW12028	359.875 	 91.369 	 67.944
FHW12028	360.000 	 91.830 	 67.941
FHW12028	360.125 	 91.369 	 67.944
FHW12028	360.250 	 91.830 	 67.944
FHW12028	360.375 	 91.393 	 67.769
FHW12028	360.500 	 91.835 	 68.370
FHW12028	360.625 	 91.369 	 67.944
FHW12028	360.750 	 91.829 	 67.944
FHW12028	360.875 	 91.393 	 67.770
FHW12028	361.000 	 91.830 	 67.941
FHW12028	361.125 	 91.369 	 67.947
FHW12028	361.250 	 91.830 	 67.944
FHW12028	361.375 	 91.369 	 67.941
FHW12028	361.500 	 91.843 	 67.773
FHW12028	361.625 	 91.383 	 67.944
FHW12028	361.750 	 91.835 	 68.366
FHW12028	361.875 	 91.369 	 67.944
FHW12028	362.000 	 91.843 	 67.769
FHW12028	362.125 	 92.754 	 66.922
FHW12028	362.250 	 93.190 	 66.501
FHW12028	362.375 	 93.200 	 66.924
FHW12028	362.500 	 93.238 	 66.739
FHW12028	362.625 	 93.200 	 66.922
FHW12028	362.750 	 93.214 	 66.921
FHW12028	362.875 	 92.760 	 66.742
FHW12028	363.000 	 93.204 	 66.501
FHW12028	363.125 	 93.200 	 66.922
FHW12028	363.250 	 93.200 	 66.921
FHW12028	363.375 	 93.238 	 66.742
FHW12028	363.500 	 92.739 	 66.921
FHW12028	363.625 	 93.214 	 66.919
FHW12028	363.750 	 93.213 	 66.320
FHW12028	363.875 	 93.200 	 66.921
FHW12028	364.000 	 93.214 	 66.924
FHW12028	364.125 	 92.740 	 66.919
FHW12028	364.250 	 93.237 	 66.745
FHW12028	364.375 	 93.200 	 66.919
FHW12028	364.500 	 93.204 	 66.504
FHW12028	364.625 	 93.224 	 66.739
FHW12028	364.750 	 92.753 	 66.924
FHW12028	364.875 	 93.200 	 66.919
FHW12028	365.000 	 93.200 	 66.924
FHW12028	365.125 	 93.238 	 66.739
FHW12028	365.250 	 93.190 	 66.501
FHW12028	365.375 	 92.754 	 66.922
FHW12028	365.500 	 93.224 	 66.739
FHW12028	365.625 	 93.200 	 66.924
FHW12028	365.750 	 93.214 	 66.921
FHW12028	365.875 	 93.200 	 66.922
FHW12028	366.000 	 92.765 	 66.316
FHW12028	366.125 	 93.200 	 66.924
FHW12028	366.250 	 93.214 	 66.921
FHW12028	366.375 	 93.224 	 66.742
FHW12028	366.500 	 93.200 	 66.919
FHW12028	366.625 	 92.753 	 66.921
FHW12028	366.750 	 93.190 	 66.504
FHW12028	366.875 	 93.238 	 66.739
FHW12028	367.000 	 93.200 	 66.922
FHW12028	367.125 	 93.200 	 66.921
FHW12028	367.250 	 92.774 	 66.742
FHW12028	367.375 	 93.200 	 66.921
FHW12028	367.500 	 93.204 	 66.502
FHW12028	367.625 	 93.200 	 66.921
FHW12028	367.750 	 93.224 	 66.742
FHW12028	367.875 	 92.753 	 66.921
FHW12028	368.000 	 93.200 	 66.922
FHW12028	368.125 	 93.237 	 66.742
FHW12028	368.250 	 93.200 	 66.919
FHW12028	368.375 	 93.204 	 66.504
FHW12028	368.500 	 92.740 	 66.919
FHW12028	368.625 	 93.237 	 66.745
FHW12028	368.750 	 93.200 	 66.919
FHW12028	368.875 	 93.200 	 66.924
FHW12028	369.000 	 93.238 	 66.739
FHW12028	369.125 	 92.731 	 66.504
FHW12028	369.250 	 93.214 	 66.919
FHW12028	369.375 	 93.224 	 66.742
FHW12028	369.500 	 93.200 	 66.921
FHW12028	369.625 	 93.214 	 66.924
FHW12028	369.750 	 92.740 	 66.919
FHW12028	369.875 	 93.227 	 66.316
FHW12028	370.000 	 93.200 	 66.924
FHW12028	370.125 	 93.214 	 66.921
FHW12028	370.250 	 93.224 	 66.742
FHW12028	370.375 	 93.200 	 66.919
FHW12028	370.500 	 92.753 	 66.924
FHW12028	370.625 	 93.190 	 66.501
FHW12028	370.750 	 93.238 	 66.742
FHW12028	370.875 	 93.200 	 66.919
FHW12028	371.000 	 92.753 	 66.924
FHW12028	371.125 	 93.224 	 66.739
FHW12028	371.250 	 93.200 	 66.924
FHW12028	371.375 	 93.204 	 66.498
FHW12028	371.500 	 93.200 	 66.921
FHW12028	371.625 	 93.238 	 66.742
FHW12028	371.750 	 92.739 	 66.921
FHW12028	371.875 	 93.214 	 66.922
FHW12028	372.000 	 93.223 	 66.742
FHW12028	372.125 	 93.190 	 66.502
FHW12028	372.250 	 93.214 	 66.921
FHW12028	372.375 	 92.740 	 66.922
FHW12028	372.500 	 93.237 	 66.742
FHW12028	372.625 	 93.200 	 66.922
FHW12028	372.750 	 93.200 	 66.921
FHW12028	372.875 	 93.227 	 66.316
FHW12028	373.000 	 92.739 	 66.924
FHW12028	373.125 	 93.214 	 66.919
FHW12028	373.250 	 93.200 	 66.924
FHW12028	373.375 	 92.310 	 66.739
FHW12028	373.500 	 91.366 	 66.504
FHW12028	373.625 	 90.920 	 66.498
FHW12028	373.750 	 91.371 	 66.924
FHW12028	373.875 	 91.376 	 66.316
FHW12028	374.000 	 91.384 	 66.921
FHW12028	374.125 	 91.366 	 66.502
FHW12028	374.250 	 91.381 	 66.739
FHW12028	374.375 	 90.920 	 66.504
FHW12028	374.500 	 91.370 	 66.921
FHW12028	374.625 	 91.366 	 66.502
FHW12028	374.750 	 91.395 	 66.739
FHW12028	374.875 	 91.366 	 66.501
FHW12028	375.000 	 91.371 	 66.924
FHW12028	375.125 	 91.390 	 66.316
FHW12028	375.250 	 90.909 	 66.922
FHW12028	375.375 	 91.380 	 66.501
FHW12028	375.500 	 91.371 	 66.924
FHW12028	375.625 	 91.376 	 66.316
FHW12028	375.750 	 91.366 	 66.502
FHW12028	375.875 	 91.384 	 66.921
FHW12028	376.000 	 91.366 	 66.501
FHW12028	376.125 	 90.930 	 66.742
FHW12028	376.250 	 91.366 	 66.498
FHW12028	376.375 	 91.371 	 66.924
FHW12028	376.500 	 91.376 	 66.316
FHW12028	376.625 	 91.384 	 66.924
FHW12028	376.750 	 91.366 	 66.501
FHW12028	376.875 	 90.923 	 66.919
FHW12028	377.000 	 91.376 	 66.320
FHW12028	377.125 	 91.370 	 66.921
FHW12028	377.250 	 91.380 	 66.504
FHW12028	377.375 	 91.371 	 66.919
FHW12028	377.500 	 91.376 	 66.320
FHW12028	377.625 	 91.370 	 66.921
FHW12028	377.750 	 90.920 	 66.501
FHW12028	377.875 	 91.381 	 66.742
FHW12028	378.000 	 91.380 	 66.498
FHW12028	378.125 	 91.366 	 66.504
FHW12028	378.250 	 91.370 	 66.921
FHW12028	378.375 	 91.390 	 66.320
FHW12028	378.500 	 90.909 	 66.919
FHW12028	378.625 	 91.366 	 66.504
FHW12028	378.750 	 91.384 	 66.921
FHW12028	378.875 	 91.376 	 66.316
FHW12028	379.000 	 91.371 	 66.922
FHW12028	379.125 	 91.380 	 66.501
FHW12028	379.250 	 91.381 	 66.742
FHW12028	379.375 	 90.906 	 66.501
FHW12028	379.500 	 91.385 	 66.922
FHW12028	379.625 	 91.366 	 66.501
FHW12028	379.750 	 91.381 	 66.739
FHW12028	379.875 	 91.380 	 66.504
FHW12028	380.000 	 91.371 	 66.919
FHW12028	380.125 	 90.913 	 66.320
FHW12028	380.250 	 91.384 	 66.921
FHW12028	380.375 	 91.366 	 66.504
FHW12028	380.500 	 91.366 	 66.498
FHW12028	380.625 	 91.395 	 66.742
FHW12028	380.750 	 91.366 	 66.502
FHW12028	380.875 	 91.370 	 66.921
FHW12028	381.000 	 90.920 	 66.502
FHW12028	381.125 	 91.381 	 66.742
FHW12028	381.250 	 91.366 	 66.502
FHW12028	381.375 	 91.384 	 66.921
FHW12028	381.500 	 91.376 	 66.316
FHW12028	381.625 	 91.371 	 66.924
FHW12028	381.750 	 90.920 	 66.498
FHW12028	381.875 	 91.371 	 66.924
FHW12028	382.000 	 91.376 	 66.316
FHW12028	382.125 	 91.384 	 66.924
FHW12028	382.250 	 91.366 	 66.498
FHW12028	382.375 	 91.371 	 66.924
FHW12028	382.500 	 91.390 	 66.316
FHW12028	382.625 	 89.538 	 66.921
FHW12028	382.750 	 89.540 	 66.502
FHW12028	382.875 	 89.538 	 66.921
FHW12028	383.000 	 89.551 	 66.320
FHW12028	383.125 	 89.538 	 66.921
FHW12028	383.250 	 89.540 	 66.502
FHW12028	383.375 	 89.538 	 66.921
FHW12028	383.500 	 89.554 	 66.501
FHW12028	383.625 	 90.000 	 66.742
FHW12028	383.750 	 89.538 	 66.919
FHW12028	383.875 	 89.540 	 66.504
FHW12028	384.000 	 89.538 	 66.921
FHW12028	384.125 	 89.540 	 66.502
FHW12028	384.250 	 89.549 	 66.739
FHW12028	384.375 	 89.540 	 66.504
FHW12028	384.500 	 89.538 	 66.921
FHW12028	384.625 	 89.538 	 66.922
FHW12028	384.750 	 89.554 	 66.501
FHW12028	384.875 	 89.535 	 66.739
FHW12028	385.000 	 89.540 	 66.504
FHW12028	385.125 	 89.538 	 66.919
FHW12028	385.250 	 89.554 	 66.504
FHW12028	385.375 	 89.538 	 66.921
FHW12028	385.500 	 89.536 	 66.320
FHW12028	385.625 	 89.538 	 66.919
FHW12028	385.750 	 89.538 	 66.921
FHW12028	385.875 	 89.554 	 66.504
FHW12028	386.000 	 89.538 	 66.919
FHW12028	386.125 	 89.536 	 66.320
FHW12028	386.250 	 89.538 	 66.921
FHW12028	386.375 	 89.554 	 66.504
FHW12028	386.500 	 89.538 	 66.919
FHW12028	386.625 	 89.538 	 66.924
FHW12028	386.750 	 90.000 	 66.316
FHW12028	386.875 	 89.538 	 66.921
FHW12028	387.000 	 89.554 	 66.502
FHW12028	387.125 	 89.538 	 66.921
FHW12028	387.250 	 89.540 	 66.504
FHW12028	387.375 	 89.535 	 66.739
FHW12028	387.500 	 89.554 	 66.502
FHW12028	387.625 	 89.538 	 66.921
FHW12028	387.750 	 89.538 	 66.924
FHW12028	387.875 	 89.540 	 66.498
FHW12028	388.000 	 89.535 	 66.739
FHW12028	388.125 	 89.554 	 66.504
FHW12028	388.250 	 89.538 	 66.921
FHW12028	388.375 	 89.540 	 66.502
FHW12028	388.500 	 89.538 	 66.921
FHW12028	388.625 	 89.551 	 66.320
FHW12028	388.750 	 89.538 	 66.921
FHW12028	388.875 	 89.538 	 66.919
FHW12028	389.000 	 89.540 	 66.504
FHW12028	389.125 	 89.549 	 66.739
FHW12028	389.250 	 89.540 	 66.504
FHW12028	389.375 	 89.538 	 66.919
FHW12028	389.500 	 89.540 	 66.504
FHW12028	389.625 	 89.538 	 66.921
FHW12028	389.750 	 89.549 	 66.742
FHW12028	389.875 	 89.540 	 66.498
FHW12028	390.000 	 90.000 	 66.921
FHW12028	390.125 	 89.540 	 66.504
FHW12028	390.250 	 89.538 	 66.919
FHW12028	390.375 	 89.551 	 66.320
FHW12028	390.500 	 89.538 	 66.921
FHW12028	390.625 	 89.540 	 66.504
FHW12028	390.750 	 89.538 	 66.919
FHW12028	390.875 	 89.552 	 66.924
FHW12028	391.000 	 89.536 	 66.316
FHW12028	391.125 	 89.538 	 66.921
FHW12028	391.250 	 89.540 	 66.502
FHW12028	391.375 	 89.538 	 66.921
FHW12028	391.500 	 89.554 	 66.504
FHW12028	391.625 	 89.535 	 66.739
FHW12028	391.750 	 89.540 	 66.502
FHW12028	391.875 	 89.090 	 65.896
FHW12028	392.000 	 89.076 	 65.899
FHW12028	392.125 	 89.090 	 65.900
FHW12028	392.250 	 89.076 	 65.896
FHW12028	392.375 	 89.539 	 65.479
FHW12028	392.500 	 89.090 	 65.896
FHW12028	392.625 	 89.076 	 65.900
FHW12028	392.750 	 89.090 	 65.896
FHW12028	392.875 	 89.076 	 65.896
FHW12028	393.000 	 89.090 	 65.900
FHW12028	393.125 	 89.083 	 66.084
FHW12028	393.250 	 89.093 	 65.479
FHW12028	393.375 	 89.076 	 65.900
FHW12028	393.500 	 89.538 	 65.896
FHW12028	393.625 	 89.090 	 65.896
FHW12028	393.750 	 89.076 	 65.900
FHW12028	393.875 	 89.090 	 65.899
FHW12028	394.000 	 89.076 	 65.896
FHW12028	394.125 	 89.090 	 65.900
FHW12028	394.250 	 89.079 	 65.479
FHW12028	394.375 	 89.076 	 65.896
FHW12028	394.500 	 89.552 	 65.900
FHW12028	394.625 	 89.076 	 65.896
FHW12028	394.750 	 89.090 	 65.896
FHW12028	394.875 	 89.076 	 65.900
FHW12028	395.000 	 89.090 	 65.899
FHW12028	395.125 	 89.079 	 65.479
FHW12028	395.250 	 89.076 	 65.896
FHW12028	395.375 	 89.090 	 65.900
FHW12028	395.500 	 89.538 	 65.896
FHW12028	395.625 	 89.090 	 65.896
FHW12028	395.750 	 89.083 	 66.087
FHW12028	395.875 	 89.090 	 65.896
FHW12028	396.000 	 89.076 	 65.896
FHW12028	396.125 	 89.079 	 65.482
FHW12028	396.250 	 89.090 	 65.896
FHW12028	396.375 	 89.076 	 65.896
FHW12028	396.500 	 89.552 	 65.900
FHW12028	396.625 	 89.076 	 65.896
FHW12028	396.750 	 89.090 	 65.899
FHW12028	396.875 	 89.076 	 65.900
FHW12028	397.000 	 89.079 	 65.479
FHW12028	397.125 	 89.090 	 65.896
FHW12028	397.250 	 89.076 	 65.900
FHW12028	397.375 	 89.090 	 65.896
FHW12028	397.500 	 89.538 	 65.896
FHW12028	397.625 	 89.090 	 65.900
FHW12028	397.750 	 89.076 	 65.896
FHW12028	397.875 	 89.090 	 65.896
FHW12028	398.000 	 89.079 	 65.482
FHW12028	398.125 	 89.076 	 65.900
FHW12028	398.250 	 89.090 	 65.896
FHW12028	398.375 	 89.076 	 65.896
FHW12028	398.500 	 89.555 	 66.087
FHW12028	398.625 	 89.076 	 65.896
FHW12028	398.750 	 89.090 	 65.896
FHW12028	398.875 	 89.079 	 65.482
FHW12028	399.000 	 89.076 	 65.896
FHW12028	399.125 	 89.090 	 65.896
FHW12028	399.250 	 89.076 	 65.900
FHW12028	399.375 	 89.090 	 65.896
FHW12028	399.500 	 89.538 	 65.896
FHW12028	399.625 	 89.090 	 65.900
FHW12028	399.750 	 89.079 	 65.482
FHW12028	399.875 	 89.076 	 65.896
FHW12028	400.000 	 89.090 	 65.900
FHW12028	400.125 	 89.076 	 65.896
FHW12028	400.250 	 89.090 	 65.896
FHW12028	400.375 	 89.076 	 65.900
FHW12028	400.500 	 89.552 	 65.896
FHW12028	400.625 	 89.076 	 65.896
FHW12028	400.750 	 89.079 	 65.479
FHW12028	400.875 	 89.552 	 65.900
FHW12028	401.000 	 90.448 	 65.899
FHW12028	401.125 	 90.000 	 65.479
FHW12028	401.250 	 90.462 	 65.900
FHW12028	401.375 	 90.000 	 65.896
FHW12028	401.500 	 90.461 	 65.479
FHW12028	401.625 	 90.000 	 65.900
FHW12028	401.750 	 90.462 	 65.896
FHW12028	401.875 	 90.000 	 65.479
FHW12028	402.000 	 90.462 	 65.896
FHW12028	402.125 	 90.000 	 65.902
FHW12028	402.250 	 90.447 	 65.479
FHW12028	402.375 	 90.462 	 65.896
FHW12028	402.500 	 90.000 	 65.900
FHW12028	402.625 	 90.461 	 65.479
FHW12028	402.750 	 90.000 	 65.896
FHW12028	402.875 	 90.462 	 65.900
FHW12028	403.000 	 90.000 	 65.479
FHW12028	403.125 	 90.448 	 65.896
FHW12028	403.250 	 90.000 	 65.900
FHW12028	403.375 	 90.460 	 65.482
FHW12028	403.500 	 90.000 	 65.896
FHW12028	403.625 	 90.462 	 65.896
FHW12028	403.750 	 90.000 	 65.482
FHW12028	403.875 	 90.462 	 65.896
FHW12028	404.000 	 90.000 	 65.709
FHW12028	404.125 	 90.447 	 65.482
FHW12028	404.250 	 90.462 	 65.896
FHW12028	404.375 	 90.000 	 65.896
FHW12028	404.500 	 90.461 	 65.482
FHW12028	404.625 	 90.000 	 65.896
FHW12028	404.750 	 90.462 	 65.896
FHW12028	404.875 	 90.000 	 65.479
FHW12028	405.000 	 90.462 	 65.900
FHW12028	405.125 	 90.000 	 65.896
FHW12028	405.250 	 90.446 	 65.482
FHW12028	405.375 	 90.000 	 65.900
FHW12028	405.500 	 90.462 	 65.896
FHW12028	405.625 	 90.000 	 65.479
FHW12028	405.750 	 90.462 	 65.900
FHW12028	405.875 	 90.462 	 65.896
FHW12028	406.000 	 90.000 	 65.479
FHW12028	406.125 	 90.448 	 65.900
FHW12028	406.250 	 90.000 	 65.896
FHW12028	406.375 	 90.460 	 65.482
FHW12028	406.500 	 90.000 	 65.896
FHW12028	406.625 	 90.462 	 65.900
FHW12028	406.750 	 90.000 	 65.479
FHW12028	406.875 	 90.462 	 65.896
FHW12028	407.000 	 90.000 	 65.900
FHW12028	407.125 	 90.447 	 65.479
FHW12028	407.250 	 90.000 	 65.896
FHW12028	407.375 	 90.462 	 65.900
FHW12028	407.500 	 90.000 	 65.479
FHW12028	407.625 	 90.465 	 65.709
FHW12028	407.750 	 90.462 	 65.900
FHW12028	407.875 	 90.000 	 65.479
FHW12028	408.000 	 90.462 	 65.896
FHW12028	408.125 	 90.000 	 65.896
FHW12028	408.250 	 90.447 	 65.485
FHW12028	408.375 	 90.000 	 65.896
FHW12028	408.500 	 90.462 	 65.896
FHW12028	408.625 	 90.000 	 65.482
FHW12028	408.750 	 90.462 	 65.896
FHW12028	408.875 	 90.000 	 65.896
FHW12028	409.000 	 90.461 	 65.479
FHW12028	409.125 	 90.000 	 65.900
FHW12028	409.250 	 90.448 	 65.896
FHW12028	409.375 	 90.000 	 65.479
FHW12028	409.500 	 90.462 	 65.902
FHW12028	409.625 	 90.462 	 65.896
FHW12028	409.750 	 90.000 	 65.479
FHW12028	409.875 	 90.462 	 65.900
FHW12028	410.000 	 90.000 	 65.479
FHW12028	410.125 	 90.910 	 65.896
FHW12028	410.250 	 90.921 	 65.479
FHW12028	410.375 	 91.382 	 65.712
FHW12028	410.500 	 90.921 	 65.479
FHW12028	410.625 	 91.367 	 65.479
FHW12028	410.750 	 90.910 	 65.900
FHW12028	410.875 	 91.381 	 65.479
FHW12028	411.000 	 90.917 	 65.709
FHW12028	411.125 	 91.381 	 65.479
FHW12028	411.250 	 90.907 	 65.482
FHW12028	411.375 	 90.924 	 65.896
FHW12028	411.500 	 91.367 	 65.479
FHW12028	411.625 	 90.914 	 65.293
FHW12028	411.750 	 91.386 	 65.896
FHW12028	411.875 	 90.907 	 65.479
FHW12028	412.000 	 91.386 	 65.900
FHW12028	412.125 	 90.907 	 65.479
FHW12028	412.250 	 91.367 	 65.479
FHW12028	412.375 	 90.931 	 65.709
FHW12028	412.500 	 91.367 	 65.482
FHW12028	412.625 	 90.921 	 65.479
FHW12028	412.750 	 91.372 	 65.896
FHW12028	412.875 	 90.921 	 65.479
FHW12028	413.000 	 91.382 	 65.712
FHW12028	413.125 	 90.921 	 65.479
FHW12028	413.250 	 90.907 	 65.479
FHW12028	413.375 	 91.372 	 65.900
FHW12028	413.500 	 90.921 	 65.479
FHW12028	413.625 	 91.377 	 65.290
FHW12028	413.750 	 90.924 	 65.896
FHW12028	413.875 	 91.367 	 65.482
FHW12028	414.000 	 90.924 	 65.896
FHW12028	414.125 	 91.367 	 65.479
FHW12028	414.250 	 90.907 	 65.482
FHW12028	414.375 	 91.396 	 65.709
FHW12028	414.500 	 90.907 	 65.479
FHW12028	414.625 	 91.381 	 65.479
FHW12028	414.750 	 90.910 	 65.900
FHW12028	414.875 	 90.921 	 65.479
FHW12028	415.000 	 91.382 	 65.709
FHW12028	415.125 	 90.907 	 65.482
FHW12028	415.250 	 91.381 	 65.479
FHW12028	415.375 	 90.910 	 65.896
FHW12028	415.500 	 91.381 	 65.479
FHW12028	415.625 	 90.914 	 65.293
FHW12028	415.750 	 91.372 	 65.896
FHW12028	415.875 	 90.921 	 65.479
FHW12028	416.000 	 91.367 	 65.479
FHW12028	416.125 	 90.924 	 65.900
FHW12028	416.250 	 91.367 	 65.479
FHW12028	416.375 	 90.931 	 65.709
FHW12028	416.500 	 91.367 	 65.482
FHW12028	416.625 	 90.921 	 65.479
FHW12028	416.750 	 90.910 	 65.896
FHW12028	416.875 	 91.367 	 65.479
FHW12028	417.000 	 90.928 	 65.293
FHW12028	417.125 	 91.372 	 65.896
FHW12028	417.250 	 90.921 	 65.479
FHW12028	417.375 	 91.372 	 65.900
FHW12028	417.500 	 90.921 	 65.479
FHW12028	417.625 	 91.377 	 65.290
FHW12028	417.750 	 90.910 	 65.900
FHW12028	417.875 	 91.381 	 65.479
FHW12028	418.000 	 90.907 	 65.479
FHW12028	418.125 	 91.386 	 65.896
FHW12028	418.250 	 90.907 	 65.482
FHW12028	418.375 	 91.382 	 65.709
FHW12028	418.500 	 90.921 	 65.479
FHW12028	418.625 	 90.907 	 65.479
FHW12028	418.750 	 91.386 	 65.900
FHW12028	418.875 	 90.907 	 65.479
FHW12028	419.000 	 91.391 	 65.290
FHW12028	419.125 	 90.910 	 65.900
FHW12028	419.250 	 91.367 	 65.479
FHW12028	419.375 	 91.387 	 64.873
FHW12028	419.500 	 91.367 	 65.479
FHW12028	419.625 	 91.373 	 64.870
FHW12028	419.750 	 91.835 	 64.876
FHW12028	419.875 	 91.387 	 64.873
FHW12028	420.000 	 91.367 	 65.479
FHW12028	420.125 	 91.373 	 64.870
FHW12028	420.250 	 91.387 	 64.873
FHW12028	420.375 	 91.828 	 65.482
FHW12028	420.500 	 91.373 	 64.870
FHW12028	420.625 	 91.373 	 64.873
FHW12028	420.750 	 91.377 	 65.065
FHW12028	420.875 	 91.377 	 65.293
FHW12028	421.000 	 91.373 	 64.870
FHW12028	421.125 	 91.834 	 64.873
FHW12028	421.250 	 91.381 	 65.479
FHW12028	421.375 	 91.373 	 64.873
FHW12028	421.500 	 91.373 	 64.873
FHW12028	421.625 	 91.377 	 65.065
FHW12028	421.750 	 91.841 	 65.290
FHW12028	421.875 	 91.373 	 64.870
FHW12028	422.000 	 91.373 	 64.873
FHW12028	422.125 	 91.381 	 65.482
FHW12028	422.250 	 91.373 	 64.873
FHW12028	422.375 	 91.835 	 64.870
FHW12028	422.500 	 91.367 	 65.479
FHW12028	422.625 	 91.373 	 64.873
FHW12028	422.750 	 91.387 	 64.873
FHW12028	422.875 	 91.363 	 65.068
FHW12028	423.000 	 91.377 	 65.287
FHW12028	423.125 	 91.834 	 64.873
FHW12028	423.250 	 91.387 	 64.870
FHW12028	423.375 	 91.367 	 65.482
FHW12028	423.500 	 91.373 	 64.873
FHW12028	423.625 	 91.387 	 64.870
FHW12028	423.750 	 91.821 	 65.068
FHW12028	423.875 	 91.377 	 65.287
FHW12028	424.000 	 91.373 	 64.876
FHW12028	424.125 	 91.377 	 65.065
FHW12028	424.250 	 91.377 	 65.287
FHW12028	424.375 	 91.373 	 64.873
FHW12028	424.500 	 91.835 	 64.870
FHW12028	424.625 	 91.377 	 65.071
FHW12028	424.750 	 91.377 	 65.287
FHW12028	424.875 	 91.373 	 64.873
FHW12028	425.000 	 91.377 	 65.065
FHW12028	425.125 	 91.841 	 65.290
FHW12028	425.250 	 91.373 	 64.873
FHW12028	425.375 	 91.363 	 65.065
FHW12028	425.500 	 91.387 	 64.873
FHW12028	425.625 	 91.377 	 65.287
FHW12028	425.750 	 91.835 	 64.876
FHW12028	425.875 	 91.363 	 65.065
FHW12028	426.000 	 91.391 	 65.287
FHW12028	426.125 	 91.373 	 64.873
FHW12028	426.250 	 91.363 	 65.065
FHW12028	426.375 	 91.373 	 64.876
FHW12028	426.500 	 91.855 	 65.287
FHW12028	426.625 	 91.373 	 64.873
FHW12028	426.750 	 91.363 	 65.065
FHW12028	426.875 	 91.377 	 65.290
FHW12028	427.000 	 91.387 	 64.873
FHW12028	427.125 	 91.821 	 65.065
FHW12028	427.250 	 91.373 	 64.873
FHW12028	427.375 	 91.377 	 65.287
FHW12028	427.500 	 91.377 	 65.065
FHW12028	427.625 	 91.373 	 64.876
FHW12028	427.750 	 91.841 	 65.290
FHW12028	427.875 	 91.373 	 64.870
FHW12028	428.000 	 91.377 	 65.065
FHW12028	428.125 	 91.377 	 65.290
FHW12028	428.250 	 91.373 	 64.873
FHW12028	428.375 	 91.377 	 65.065
FHW12028	428.500 	 91.834 	 64.873
FHW12028	428.625 	 91.842 	 64.259
FHW12028	428.750 	 91.828 	 64.459
FHW12028	428.875 	 91.828 	 64.456
FHW12028	429.000 	 91.828 	 64.459
FHW12028	429.125 	 91.848 	 64.678
FHW12028	429.250 	 91.828 	 64.456
FHW12028	429.375 	 91.368 	 64.459
FHW12028	429.500 	 91.842 	 64.459
FHW12028	429.625 	 91.848 	 64.675
FHW12028	429.750 	 91.828 	 64.456
FHW12028	429.875 	 91.828 	 64.459
FHW12028	430.000 	 91.828 	 64.456
FHW12028	430.125 	 91.828 	 64.462
FHW12028	430.250 	 91.848 	 64.675
FHW12028	430.375 	 91.828 	 64.456
FHW12028	430.500 	 91.828 	 64.459
FHW12028	430.625 	 91.828 	 64.459
FHW12028	430.750 	 91.378 	 64.259
FHW12028	430.875 	 91.849 	 64.870
FHW12028	431.000 	 91.828 	 64.462
FHW12028	431.125 	 91.828 	 64.456
FHW12028	431.250 	 91.842 	 64.259
FHW12028	431.375 	 91.828 	 64.459
FHW12028	431.500 	 91.835 	 64.870
FHW12028	431.625 	 91.828 	 64.459
FHW12028	431.750 	 91.828 	 64.459
FHW12028	431.875 	 91.842 	 64.259
FHW12028	432.000 	 91.373 	 64.873
FHW12028	432.125 	 91.828 	 64.459
FHW12028	432.250 	 91.842 	 64.456
FHW12028	432.375 	 91.842 	 64.259
FHW12028	432.500 	 91.828 	 64.459
FHW12028	432.625 	 91.835 	 64.870
FHW12028	432.750 	 91.828 	 64.459
FHW12028	432.875 	 91.842 	 64.259
FHW12028	433.000 	 91.828 	 64.462
FHW12028	433.125 	 91.828 	 64.456
FHW12028	433.250 	 91.834 	 64.873
FHW12028	433.375 	 91.368 	 64.456
FHW12028	433.500 	 91.856 	 64.259
FHW12028	433.625 	 91.828 	 64.459
FHW12028	433.750 	 91.834 	 64.873
FHW12028	433.875 	 91.828 	 64.456
FHW12028	434.000 	 91.842 	 64.262
FHW12028	434.125 	 91.828 	 64.459
FHW12028	434.250 	 91.828 	 64.456
FHW12028	434.375 	 91.834 	 64.873
FHW12028	434.500 	 91.842 	 64.259
FHW12028	434.625 	 91.368 	 64.456
FHW12028	434.750 	 91.828 	 64.459
FHW12028	434.875 	 91.842 	 64.459
FHW12028	435.000 	 91.848 	 64.678
FHW12028	435.125 	 91.828 	 64.456
FHW12028	435.250 	 91.828 	 64.459
FHW12028	435.375 	 91.828 	 64.456
FHW12028	435.500 	 91.834 	 64.873
FHW12028	435.625 	 91.842 	 64.259
FHW12028	435.750 	 91.828 	 64.456
FHW12028	435.875 	 91.828 	 64.459
FHW12028	436.000 	 91.368 	 64.462
FHW12028	436.125 	 91.848 	 64.675
FHW12028	436.250 	 91.842 	 64.456
FHW12028	436.375 	 91.828 	 64.459
FHW12028	436.500 	 91.828 	 64.456
FHW12028	436.625 	 91.842 	 64.259
FHW12028	436.750 	 91.834 	 64.873
FHW12028	436.875 	 91.828 	 64.462
FHW12028	437.000 	 91.828 	 64.456
FHW12028	437.125 	 91.828 	 64.459
FHW12028	437.250 	 91.378 	 64.259
FHW12028	437.375 	 91.835 	 64.870
FHW12028	437.500 	 92.288 	 64.459
FHW12028	437.625 	 91.842 	 64.259
FHW12028	437.750 	 92.289 	 64.456
FHW12028	437.875 	 91.828 	 64.459
FHW12028	438.000 	 92.305 	 64.262
FHW12028	438.125 	 91.828 	 64.459
FHW12028	438.250 	 92.289 	 64.456
FHW12028	438.375 	 91.842 	 64.259
FHW12028	438.500 	 92.288 	 64.459
FHW12028	438.625 	 92.289 	 64.456
FHW12028	438.750 	 91.842 	 64.259
FHW12028	438.875 	 92.288 	 64.459
FHW12028	439.000 	 91.828 	 64.456
FHW12028	439.125 	 92.305 	 64.265
FHW12028	439.250 	 91.828 	 64.456
FHW12028	439.375 	 92.274 	 64.459
FHW12028	439.500 	 92.305 	 64.259
FHW12028	439.625 	 91.828 	 64.456
FHW12028	439.750 	 92.288 	 64.459
FHW12028	439.875 	 91.842 	 64.259
FHW12028	440.000 	 92.289 	 64.456
FHW12028	440.125 	 91.828 	 64.459
FHW12028	440.250 	 92.305 	 64.262
FHW12028	440.375 	 92.288 	 64.459
FHW12028	440.500 	 91.842 	 64.259
FHW12028	440.625 	 92.289 	 64.456
FHW12028	440.750 	 91.834 	 64.873
FHW12028	440.875 	 92.305 	 64.259
FHW12028	441.000 	 91.828 	 64.456
FHW12028	441.125 	 92.288 	 64.459
FHW12028	441.250 	 92.291 	 64.262
FHW12028	441.375 	 91.842 	 64.459
FHW12028	441.500 	 92.275 	 64.456
FHW12028	441.625 	 91.842 	 64.259
FHW12028	441.750 	 92.288 	 64.459
FHW12028	441.875 	 91.828 	 64.456
FHW12028	442.000 	 92.305 	 64.259
FHW12028	442.125 	 92.288 	 64.459
FHW12028	442.250 	 91.828 	 64.456
FHW12028	442.375 	 92.305 	 64.262
FHW12028	442.500 	 91.828 	 64.459
FHW12028	442.625 	 92.288 	 64.459
FHW12028	442.750 	 91.842 	 64.259
FHW12028	442.875 	 92.289 	 64.456
FHW12028	443.000 	 92.288 	 64.459
FHW12028	443.125 	 91.842 	 64.259
FHW12028	443.250 	 92.289 	 64.456
FHW12028	443.375 	 91.842 	 64.259
FHW12028	443.500 	 92.274 	 64.462
FHW12028	443.625 	 91.842 	 64.459
FHW12028	443.750 	 92.291 	 64.259
FHW12028	443.875 	 92.289 	 64.456
FHW12028	444.000 	 91.828 	 64.459
FHW12028	444.125 	 92.305 	 64.259
FHW12028	444.250 	 91.828 	 64.456
FHW12028	444.375 	 92.288 	 64.459
FHW12028	444.500 	 91.842 	 64.259
FHW12028	444.625 	 92.289 	 64.459
FHW12028	444.750 	 92.288 	 64.459
FHW12028	444.875 	 91.842 	 64.259
FHW12028	445.000 	 92.288 	 64.459
FHW12028	445.125 	 91.828 	 64.456
FHW12028	445.250 	 92.305 	 64.259
FHW12028	445.375 	 91.828 	 64.459
FHW12028	445.500 	 92.289 	 64.456
FHW12028	445.625 	 92.299 	 64.678
FHW12028	445.750 	 91.828 	 64.459
FHW12028	445.875 	 92.288 	 64.459
FHW12028	446.000 	 91.842 	 64.259
FHW12028	446.125 	 92.289 	 64.456
FHW12028	446.250 	 91.828 	 64.459
FHW12028	446.375 	 92.305 	 64.259
FHW12028	446.500 	 92.289 	 64.456
FHW12028	446.625 	 92.305 	 64.259
FHW12028	446.750 	 92.288 	 64.462
FHW12028	446.875 	 92.735 	 64.456
FHW12028	447.000 	 92.305 	 64.262
FHW12028	447.125 	 92.739 	 64.045
FHW12028	447.250 	 92.305 	 64.259
FHW12028	447.375 	 92.734 	 64.459
FHW12028	447.500 	 92.305 	 64.259
FHW12028	447.625 	 92.748 	 64.456
FHW12028	447.750 	 92.274 	 64.459
FHW12028	447.875 	 92.768 	 64.262
FHW12028	448.000 	 92.289 	 64.456
FHW12028	448.125 	 92.754 	 64.259
FHW12028	448.250 	 92.288 	 64.459
FHW12028	448.375 	 92.768 	 64.259
FHW12028	448.500 	 92.748 	 64.459
FHW12028	448.625 	 92.275 	 64.456
FHW12028	448.750 	 92.768 	 64.259
FHW12028	448.875 	 92.288 	 64.459
FHW12028	449.000 	 92.754 	 64.262
FHW12028	449.125 	 92.289 	 64.456
FHW12028	449.250 	 92.768 	 64.259
FHW12028	449.375 	 92.280 	 64.048
FHW12028	449.500 	 92.734 	 64.459
FHW12028	449.625 	 92.305 	 64.259
FHW12028	449.750 	 92.748 	 64.456
FHW12028	449.875 	 92.305 	 64.259
FHW12028	450.000 	 92.734 	 64.459
FHW12028	450.125 	 92.305 	 64.259
FHW12028	450.250 	 92.749 	 64.459
FHW12028	450.375 	 92.288 	 64.459
FHW12028	450.500 	 92.754 	 64.259
FHW12028	450.625 	 92.748 	 64.459
FHW12028	450.750 	 92.305 	 64.259
FHW12028	450.875 	 92.735 	 64.456
FHW12028	451.000 	 92.305 	 64.259
FHW12028	451.125 	 92.748 	 64.459
FHW12028	451.250 	 92.275 	 64.456
FHW12028	451.375 	 92.768 	 64.262
FHW12028	451.500 	 92.280 	 64.048
FHW12028	451.625 	 92.768 	 64.259
FHW12028	451.750 	 92.274 	 64.459
FHW12028	451.875 	 92.768 	 64.259
FHW12028	452.000 	 92.289 	 64.456
FHW12028	452.125 	 92.734 	 64.459
FHW12028	452.250 	 92.305 	 64.259
FHW12028	452.375 	 92.748 	 64.456
FHW12028	452.500 	 92.305 	 64.262
FHW12028	452.625 	 92.734 	 64.459
FHW12028	452.750 	 92.768 	 64.259
FHW12028	452.875 	 92.289 	 64.456
FHW12028	453.000 	 92.734 	 64.459
FHW12028	453.125 	 92.305 	 64.259
FHW12028	453.250 	 92.748 	 64.459
FHW12028	453.375 	 92.305 	 64.259
FHW12028	453.500 	 92.735 	 64.456
FHW12028	453.625 	 92.305 	 64.262
FHW12028	453.750 	 92.739 	 64.048
FHW12028	453.875 	 92.289 	 64.456
FHW12028	454.000 	 92.754 	 64.259
FHW12028	454.125 	 92.288 	 64.459
FHW12028	454.250 	 92.768 	 64.259
FHW12028	454.375 	 92.274 	 64.459
FHW12028	454.500 	 92.768 	 64.259
FHW12028	454.625 	 92.289 	 64.456
FHW12028	454.750 	 92.734 	 64.459
FHW12028	454.875 	 92.768 	 64.262
FHW12028	455.000 	 92.289 	 64.456
FHW12028	455.125 	 92.768 	 64.259
FHW12028	455.250 	 92.274 	 64.459
FHW12028	455.375 	 92.768 	 64.259
FHW12028	455.500 	 92.288 	 64.459
FHW12028	455.625 	 92.735 	 64.456
FHW12028	455.750 	 92.305 	 64.259
FHW12028	455.875 	 92.758 	 64.876
FHW12028	456.000 	 92.758 	 64.870
FHW12028	456.125 	 92.744 	 64.873
FHW12028	456.250 	 92.758 	 64.870
FHW12028	456.375 	 92.724 	 65.068
FHW12028	456.500 	 92.758 	 64.870
FHW12028	456.625 	 92.758 	 64.876
FHW12028	456.750 	 92.744 	 64.870
FHW12028	456.875 	 92.758 	 64.873
FHW12028	457.000 	 92.744 	 64.870
FHW12028	457.125 	 92.758 	 64.873
FHW12028	457.250 	 92.758 	 64.876
FHW12028	457.375 	 92.744 	 64.870
FHW12028	457.500 	 92.758 	 64.873
FHW12028	457.625 	 92.744 	 64.870
FHW12028	457.750 	 92.758 	 64.873
FHW12028	457.875 	 92.296 	 64.870
FHW12028	458.000 	 92.744 	 64.876
FHW12028	458.125 	 92.758 	 64.873
FHW12028	458.250 	 92.767 	 65.287
FHW12028	458.375 	 92.724 	 65.065
FHW12028	458.500 	 92.758 	 64.873
FHW12028	458.625 	 92.758 	 64.873
FHW12028	458.750 	 92.744 	 64.873
FHW12028	458.875 	 92.758 	 64.870
FHW12028	459.000 	 92.744 	 64.873
FHW12028	459.125 	 92.758 	 64.873
FHW12028	459.250 	 92.758 	 64.873
FHW12028	459.375 	 92.744 	 64.873
FHW12028	459.500 	 92.758 	 64.870
FHW12028	459.625 	 92.744 	 64.873
FHW12028	459.750 	 92.758 	 64.870
FHW12028	459.875 	 92.758 	 64.873
FHW12028	460.000 	 92.744 	 64.876
FHW12028	460.125 	 92.758 	 64.870
FHW12028	460.250 	 92.744 	 64.873
FHW12028	460.375 	 92.738 	 65.065
FHW12028	460.500 	 92.296 	 64.870
FHW12028	460.625 	 92.744 	 64.876
FHW12028	460.750 	 92.758 	 64.873
FHW12028	460.875 	 92.758 	 64.870
FHW12028	461.000 	 92.744 	 64.873
FHW12028	461.125 	 92.758 	 64.870
FHW12028	461.250 	 92.758 	 64.876
FHW12028	461.375 	 92.744 	 64.870
FHW12028	461.500 	 92.758 	 64.873
FHW12028	461.625 	 92.753 	 65.287
FHW12028	461.750 	 92.758 	 64.873
FHW12028	461.875 	 92.758 	 64.876
FHW12028	462.000 	 92.744 	 64.870
FHW12028	462.125 	 92.758 	 64.873
FHW12028	462.250 	 92.744 	 64.870
FHW12028	462.375 	 92.738 	 65.065
FHW12028	462.500 	 92.758 	 64.873
FHW12028	462.625 	 92.744 	 64.876
FHW12028	462.750 	 92.758 	 64.870
FHW12028	462.875 	 92.744 	 64.873
FHW12028	463.000 	 92.758 	 64.870
FHW12028	463.125 	 92.296 	 64.873
FHW12028	463.250 	 92.744 	 64.873
FHW12028	463.375 	 92.758 	 64.873
FHW12028	463.500 	 92.758 	 64.873
FHW12028	463.625 	 92.744 	 64.870
FHW12028	463.750 	 92.758 	 64.873
FHW12028	463.875 	 92.758 	 64.870
FHW12028	464.000 	 92.744 	 64.876
FHW12028	464.125 	 92.758 	 64.870
FHW12028	464.250 	 92.724 	 65.065
FHW12028	464.375 	 92.758 	 64.873
FHW12028	464.500 	 92.758 	 64.873
FHW12028	464.625 	 92.744 	 64.873
FHW12028	464.750 	 92.758 	 64.873
FHW12028	464.875 	 92.744 	 64.870
FHW12028	465.000 	 92.767 	 65.290
FHW12028	465.125 	 92.287 	 65.479
FHW12028	465.250 	 91.834 	 65.900
FHW12028	465.375 	 92.295 	 65.896
FHW12028	465.500 	 92.295 	 65.896
FHW12028	465.625 	 92.281 	 65.900
FHW12028	465.750 	 92.304 	 65.290
FHW12028	465.875 	 91.833 	 65.896
FHW12028	466.000 	 92.295 	 65.900
FHW12028	466.125 	 92.295 	 65.896
FHW12028	466.250 	 92.287 	 65.479
FHW12028	466.375 	 91.833 	 65.902
FHW12028	466.500 	 92.295 	 65.896
FHW12028	466.625 	 92.295 	 65.896
FHW12028	466.750 	 92.281 	 65.900
FHW12028	466.875 	 92.287 	 65.479
FHW12028	467.000 	 91.833 	 65.896
FHW12028	467.125 	 92.295 	 65.896
FHW12028	467.250 	 92.295 	 65.900
FHW12028	467.375 	 92.295 	 65.896
FHW12028	467.500 	 92.287 	 65.479
FHW12028	467.625 	 91.847 	 65.712
FHW12028	467.750 	 92.295 	 65.896
FHW12028	467.875 	 92.281 	 65.896
FHW12028	468.000 	 92.295 	 65.900
FHW12028	468.125 	 91.827 	 65.479
FHW12028	468.250 	 92.295 	 65.899
FHW12028	468.375 	 92.295 	 65.900
FHW12028	468.500 	 92.295 	 65.896
FHW12028	468.625 	 92.295 	 65.896
FHW12028	468.750 	 91.828 	 65.482
FHW12028	468.875 	 92.295 	 65.896
FHW12028	469.000 	 92.281 	 65.896
FHW12028	469.125 	 92.295 	 65.896
FHW12028	469.250 	 92.295 	 65.900
FHW12028	469.375 	 91.841 	 65.290
FHW12028	469.500 	 92.295 	 65.896
FHW12028	469.625 	 92.295 	 65.900
FHW12028	469.750 	 92.295 	 65.896
FHW12028	469.875 	 92.295 	 65.896
FHW12028	470.000 	 91.828 	 65.482
FHW12028	470.125 	 92.295 	 65.899
FHW12028	470.250 	 92.281 	 65.896
FHW12028	470.375 	 92.295 	 65.900
FHW12028	470.500 	 91.833 	 65.896
FHW12028	470.625 	 92.287 	 65.479
FHW12028	470.750 	 92.295 	 65.900
FHW12028	470.875 	 92.295 	 65.896
FHW12028	471.000 	 92.295 	 65.896
FHW12028	471.125 	 91.847 	 65.712
FHW12028	471.250 	 92.287 	 65.479
FHW12028	471.375 	 92.281 	 65.896
FHW12028	471.500 	 92.295 	 65.896
FHW12028	471.625 	 92.295 	 65.900
FHW12028	471.750 	 91.833 	 65.896
FHW12028	471.875 	 92.287 	 65.479
FHW12028	472.000 	 92.295 	 65.902
FHW12028	472.125 	 92.295 	 65.896
FHW12028	472.250 	 91.833 	 65.896
FHW12028	472.375 	 92.295 	 65.900
FHW12028	472.500 	 92.273 	 65.479
FHW12028	472.625 	 92.295 	 65.896
FHW12028	472.750 	 92.295 	 65.900
FHW12028	472.875 	 91.833 	 65.896
FHW12028	473.000 	 92.312 	 65.709
FHW12028	473.125 	 92.287 	 65.479
FHW12028	473.250 	 92.295 	 65.900
FHW12028	473.375 	 92.295 	 65.896
FHW12028	473.500 	 91.833 	 65.896
FHW12028	473.625 	 92.281 	 65.900
FHW12028	473.750 	 92.287 	 65.482
FHW12028	473.875 	 92.295 	 65.896
FHW12028	474.000 	 92.295 	 65.900
FHW12028	474.125 	 91.833 	 65.896
FHW12028	474.250 	 92.295 	 65.896
FHW12028	474.375 	 90.910 	 65.900
FHW12028	474.500 	 91.386 	 65.896
FHW12028	474.625 	 91.372 	 65.896
FHW12028	474.750 	 91.366 	 66.504
FHW12028	474.875 	 91.386 	 65.896
FHW12028	475.000 	 91.372 	 65.896
FHW12028	475.125 	 91.376 	 66.320
FHW12028	475.250 	 90.924 	 65.896
FHW12028	475.375 	 91.362 	 66.084
FHW12028	475.500 	 91.372 	 65.900
FHW12028	475.625 	 91.390 	 66.316
FHW12028	475.750 	 91.372 	 65.900
FHW12028	475.875 	 91.362 	 66.084
FHW12028	476.000 	 90.924 	 65.896
FHW12028	476.125 	 91.376 	 66.320
FHW12028	476.250 	 91.372 	 65.896
FHW12028	476.375 	 91.386 	 65.896
FHW12028	476.500 	 91.366 	 66.504
FHW12028	476.625 	 91.372 	 65.896
FHW12028	476.750 	 91.386 	 65.896
FHW12028	476.875 	 90.910 	 65.900
FHW12028	477.000 	 91.376 	 66.316
FHW12028	477.125 	 91.376 	 66.084
FHW12028	477.250 	 91.372 	 65.900
FHW12028	477.375 	 91.372 	 65.896
FHW12028	477.500 	 91.390 	 66.316
FHW12028	477.625 	 90.910 	 65.900
FHW12028	477.750 	 91.376 	 66.084
FHW12028	477.875 	 91.376 	 66.316
FHW12028	478.000 	 91.372 	 65.900
FHW12028	478.125 	 91.372 	 65.896
FHW12028	478.250 	 91.386 	 65.896
FHW12028	478.375 	 91.366 	 66.504
FHW12028	478.500 	 90.924 	 65.896
FHW12028	478.625 	 91.372 	 65.896
FHW12028	478.750 	 91.372 	 65.900
FHW12028	478.875 	 91.376 	 66.319
FHW12028	479.000 	 91.376 	 66.084
FHW12028	479.125 	 91.372 	 65.896
FHW12028	479.250 	 90.927 	 66.316
FHW12028	479.375 	 91.372 	 65.900
FHW12028	479.500 	 91.372 	 65.899
FHW12028	479.625 	 91.376 	 66.081
FHW12028	479.750 	 91.376 	 66.320
FHW12028	479.875 	 91.372 	 65.896
FHW12028	480.000 	 91.372 	 65.899
FHW12028	480.125 	 90.917 	 66.084
FHW12028	480.250 	 91.376 	 66.316
FHW12028	480.375 	 91.386 	 65.896
FHW12028	480.500 	 91.372 	 65.900
FHW12028	480.625 	 91.376 	 66.319
FHW12028	480.750 	 91.376 	 66.081
FHW12028	480.875 	 90.910 	 65.900
FHW12028	481.000 	 91.372 	 65.896
FHW12028	481.125 	 91.390 	 66.319
FHW12028	481.250 	 91.372 	 65.900
FHW12028	481.375 	 91.362 	 66.081
FHW12028	481.500 	 91.386 	 65.896
FHW12028	481.625 	 91.376 	 66.320
FHW12028	481.750 	 90.910 	 65.899
FHW12028	481.875 	 91.386 	 65.900
FHW12028	482.000 	 91.362 	 66.081
FHW12028	482.125 	 91.376 	 66.316
FHW12028	482.250 	 91.386 	 65.902
FHW12028	482.375 	 91.372 	 65.896
FHW12028	482.500 	 90.913 	 66.316
FHW12028	482.625 	 91.376 	 66.084
FHW12028	482.750 	 91.372 	 65.896
FHW12028	482.875 	 91.372 	 65.899
FHW12028	483.000 	 91.390 	 66.320
FHW12028	483.125 	 91.372 	 65.896
FHW12028	483.250 	 91.362 	 66.081
FHW12028	483.375 	 90.927 	 66.322
FHW12028	483.500 	 91.372 	 65.896
FHW12028	483.625 	 90.920 	 66.498
FHW12028	483.750 	 90.913 	 66.320
FHW12028	483.875 	 91.380 	 66.501
FHW12028	484.000 	 90.913 	 66.320
FHW12028	484.125 	 90.917 	 66.084
FHW12028	484.250 	 91.376 	 66.316
FHW12028	484.375 	 90.906 	 66.504
FHW12028	484.500 	 90.927 	 66.316
FHW12028	484.625 	 91.372 	 65.900
FHW12028	484.750 	 90.920 	 66.498
FHW12028	484.875 	 90.913 	 66.316
FHW12028	485.000 	 91.380 	 66.504
FHW12028	485.125 	 90.910 	 65.896
FHW12028	485.250 	 90.920 	 66.501
FHW12028	485.375 	 91.376 	 66.320
FHW12028	485.500 	 90.927 	 66.316
FHW12028	485.625 	 90.903 	 66.087
FHW12028	485.750 	 91.376 	 66.316
FHW12028	485.875 	 90.920 	 66.498
FHW12028	486.000 	 90.913 	 66.322
FHW12028	486.125 	 91.380 	 66.498
FHW12028	486.250 	 90.910 	 65.900
FHW12028	486.375 	 90.927 	 66.316
FHW12028	486.500 	 91.366 	 66.501
FHW12028	486.625 	 90.927 	 66.320
FHW12028	486.750 	 90.903 	 66.084
FHW12028	486.875 	 91.390 	 66.316
FHW12028	487.000 	 90.906 	 66.504
FHW12028	487.125 	 90.927 	 66.316
FHW12028	487.250 	 91.362 	 66.084
FHW12028	487.375 	 90.913 	 66.316
FHW12028	487.500 	 90.927 	 66.316
FHW12028	487.625 	 91.366 	 66.504
FHW12028	487.750 	 90.924 	 65.896
FHW12028	487.875 	 90.906 	 66.504
FHW12028	488.000 	 91.390 	 66.316
FHW12028	488.125 	 90.906 	 66.501
FHW12028	488.250 	 90.927 	 66.320
FHW12028	488.375 	 91.362 	 66.081
FHW12028	488.500 	 90.927 	 66.316
FHW12028	488.625 	 90.913 	 66.322
FHW12028	488.750 	 91.366 	 66.498
FHW12028	488.875 	 90.924 	 65.900
FHW12028	489.000 	 90.906 	 66.501
FHW12028	489.125 	 91.390 	 66.316
FHW12028	489.250 	 90.906 	 66.504
FHW12028	489.375 	 90.924 	 65.896
FHW12028	489.500 	 91.376 	 66.316
FHW12028	489.625 	 90.920 	 66.504
FHW12028	489.750 	 90.913 	 66.316
FHW12028	489.875 	 91.376 	 66.084
FHW12028	490.000 	 90.913 	 66.316
FHW12028	490.125 	 90.920 	 66.501
FHW12028	490.250 	 91.376 	 66.320
FHW12028	490.375 	 90.906 	 66.501
FHW12028	490.500 	 90.924 	 65.900
FHW12028	490.625 	 91.376 	 66.316
FHW12028	490.750 	 90.920 	 66.498
FHW12028	490.875 	 90.913 	 66.322
FHW12028	491.000 	 91.376 	 66.081
FHW12028	491.125 	 90.913 	 66.319
FHW12028	491.250 	 90.920 	 66.502
FHW12028	491.375 	 91.376 	 66.319
FHW12028	491.500 	 90.924 	 65.897
FHW12028	491.625 	 90.906 	 66.498
FHW12028	491.750 	 91.376 	 66.319
FHW12028	491.875 	 90.920 	 66.502
FHW12028	492.000 	 90.913 	 66.319
FHW12028	492.125 	 91.376 	 66.084
FHW12028	492.250 	 90.913 	 66.319
FHW12028	492.375 	 90.920 	 66.498
FHW12028	492.500 	 91.376 	 66.322
FHW12028	492.625 	 91.372 	 65.894
FHW12028	492.750 	 91.840 	 66.504
FHW12028	492.875 	 91.376 	 66.317
FHW12028	493.000 	 91.833 	 65.899
FHW12028	493.125 	 91.366 	 66.502
FHW12028	493.250 	 91.840 	 66.314
FHW12028	493.375 	 91.376 	 66.087
FHW12028	493.500 	 91.840 	 66.317
FHW12028	493.625 	 91.376 	 66.319
FHW12028	493.750 	 91.820 	 66.081
FHW12028	493.875 	 91.376 	 66.322
FHW12028	494.000 	 91.840 	 66.314
FHW12028	494.125 	 91.376 	 66.090
FHW12028	494.250 	 91.840 	 66.314
FHW12028	494.375 	 91.839 	 66.319
FHW12028	494.500 	 91.362 	 66.084
FHW12028	494.625 	 91.839 	 66.319
FHW12028	494.750 	 91.380 	 66.498
FHW12028	494.875 	 91.833 	 65.902
FHW12028	495.000 	 91.376 	 66.314
FHW12028	495.125 	 91.826 	 66.502
FHW12028	495.250 	 91.372 	 65.899
FHW12028	495.375 	 91.840 	 66.314
FHW12028	495.500 	 91.380 	 66.507
FHW12028	495.625 	 91.834 	 65.894
FHW12028	495.750 	 91.366 	 66.504
FHW12028	495.875 	 91.840 	 66.317
FHW12028	496.000 	 91.839 	 66.319
FHW12028	496.125 	 91.362 	 66.084
FHW12028	496.250 	 91.853 	 66.319
FHW12028	496.375 	 91.376 	 66.314
FHW12028	496.500 	 91.820 	 66.090
FHW12028	496.625 	 91.376 	 66.314
FHW12028	496.750 	 91.839 	 66.322
FHW12028	496.875 	 91.376 	 66.081
FHW12028	497.000 	 91.839 	 66.319
FHW12028	497.125 	 91.366 	 66.502
FHW12028	497.250 	 91.834 	 65.894
FHW12028	497.375 	 91.376 	 66.319
FHW12028	497.500 	 91.826 	 66.502
FHW12028	497.625 	 91.386 	 65.899
FHW12028	497.750 	 91.840 	 66.317
FHW12028	497.875 	 91.826 	 66.504
FHW12028	498.000 	 91.372 	 65.894
FHW12028	498.125 	 91.839 	 66.322
FHW12028	498.250 	 91.380 	 66.498
FHW12028	498.375 	 91.833 	 65.899
FHW12028	498.500 	 91.366 	 66.502
FHW12028	498.625 	 91.839 	 66.319
FHW12028	498.750 	 91.372 	 65.897
FHW12028	498.875 	 91.826 	 66.498
FHW12028	499.000 	 91.390 	 66.319
FHW12028	499.125 	 91.834 	 65.897
FHW12028	499.250 	 91.366 	 66.504
FHW12028	499.375 	 91.840 	 66.314
FHW12028	499.500 	 91.362 	 66.090
FHW12028	499.625 	 91.854 	 66.314
FHW12028	499.750 	 91.839 	 66.322
FHW12028	499.875 	 91.366 	 66.498
FHW12028	500.000 	 91.833 	 65.899
FHW12028	500.125 	 91.376 	 66.317
FHW12028	500.250 	 91.826 	 66.504
FHW12028	500.375 	 91.386 	 65.894
FHW12028	500.500 	 91.839 	 66.322
FHW12028	500.625 	 91.366 	 66.498
FHW12028	500.750 	 91.833 	 65.902
FHW12028	500.875 	 91.366 	 66.498
FHW12028	501.000 	 91.840 	 66.314
FHW12028	501.125 	 91.386 	 65.902
FHW12028	501.250 	 91.826 	 66.498
FHW12028	501.375 	 91.376 	 66.319
FHW12028	501.500 	 91.834 	 65.897
FHW12028	501.625 	 91.826 	 66.504
FHW12028	501.750 	 91.391 	 66.317
FHW12028	501.875 	 91.820 	 66.087
FHW12028	502.000 	 91.847 	 65.703
FHW12028	502.125 	 92.295 	 65.902
FHW12028	502.250 	 92.274 	 65.476
FHW12028	502.375 	 92.295 	 65.899
FHW12028	502.500 	 92.287 	 65.482
FHW12028	502.625 	 92.295 	 65.897
FHW12028	502.750 	 92.312 	 65.709
FHW12028	502.875 	 92.288 	 65.476
FHW12028	503.000 	 92.281 	 65.902
FHW12028	503.125 	 92.287 	 65.482
FHW12028	503.250 	 92.295 	 65.894
FHW12028	503.375 	 92.295 	 65.902
FHW12028	503.500 	 92.304 	 65.284
FHW12028	503.625 	 92.295 	 65.899
FHW12028	503.750 	 92.287 	 65.482
FHW12028	503.875 	 92.281 	 65.897
FHW12028	504.000 	 92.295 	 65.899
FHW12028	504.125 	 91.828 	 65.476
FHW12028	504.250 	 92.312 	 65.712
FHW12028	504.375 	 92.287 	 65.482
FHW12028	504.500 	 92.295 	 65.894
FHW12028	504.625 	 92.295 	 65.902
FHW12028	504.750 	 92.274 	 65.476
FHW12028	504.875 	 92.295 	 65.899
FHW12028	505.000 	 92.304 	 65.290
FHW12028	505.125 	 92.295 	 65.897
FHW12028	505.250 	 92.295 	 65.899
FHW12028	505.375 	 92.288 	 65.476
FHW12028	505.500 	 92.281 	 65.902
FHW12028	505.625 	 92.288 	 65.476
FHW12028	505.750 	 92.312 	 65.709
FHW12028	505.875 	 92.295 	 65.902
FHW12028	506.000 	 92.288 	 65.476
FHW12028	506.125 	 91.833 	 65.899
FHW12028	506.250 	 92.288 	 65.476
FHW12028	506.375 	 92.295 	 65.902
FHW12028	506.500 	 92.298 	 65.709
FHW12028	506.625 	 92.288 	 65.476
FHW12028	506.750 	 92.295 	 65.902
FHW12028	506.875 	 92.288 	 65.476
FHW12028	507.000 	 92.295 	 65.899
FHW12028	507.125 	 92.295 	 65.897
FHW12028	507.250 	 92.290 	 65.290
FHW12028	507.375 	 92.295 	 65.902
FHW12028	507.500 	 92.288 	 65.476
FHW12028	507.625 	 92.295 	 65.896
FHW12028	507.750 	 92.295 	 65.897
FHW12028	507.875 	 92.287 	 65.482
FHW12028	508.000 	 92.312 	 65.712
FHW12028	508.125 	 92.274 	 65.476
FHW12028	508.250 	 91.833 	 65.902
FHW12028	508.375 	 92.295 	 65.890
FHW12028	508.500 	 92.287 	 65.482
FHW12028	508.625 	 92.295 	 65.897
FHW12028	508.750 	 92.304 	 65.290
FHW12028	508.875 	 92.295 	 65.902
FHW12028	509.000 	 92.281 	 65.897
FHW12028	509.125 	 92.287 	 65.482
FHW12028	509.250 	 92.295 	 65.890
FHW12028	509.375 	 92.287 	 65.482
FHW12028	509.500 	 92.312 	 65.712
FHW12028	509.625 	 92.295 	 65.897
FHW12028	509.750 	 92.287 	 65.482
FHW12028	509.875 	 92.281 	 65.897
FHW12028	510.000 	 92.295 	 65.896
FHW12028	510.125 	 92.287 	 65.482
FHW12028	510.250 	 91.847 	 65.707
FHW12028	510.375 	 92.287 	 65.482
FHW12028	510.500 	 92.295 	 65.897
FHW12028	510.625 	 92.295 	 65.896
FHW12028	510.750 	 92.273 	 65.488
FHW12028	510.875 	 92.295 	 65.890
FHW12028	511.000 	 92.304 	 65.290
FHW12028	511.125 	 91.822 	 65.065
FHW12028	511.250 	 91.841 	 65.290
FHW12028	511.375 	 91.835 	 64.876
FHW12028	511.500 	 92.287 	 65.482
FHW12028	511.625 	 91.841 	 65.284
FHW12028	511.750 	 91.821 	 65.071
FHW12028	511.875 	 91.841 	 65.290
FHW12028	512.000 	 91.835 	 64.864
FHW12028	512.125 	 92.287 	 65.482
FHW12028	512.250 	 91.841 	 65.296
FHW12028	512.375 	 91.822 	 65.059
FHW12028	512.500 	 91.855 	 65.290
FHW12028	512.625 	 92.282 	 64.876
FHW12028	512.750 	 91.828 	 65.476
FHW12028	512.875 	 91.855 	 65.290
FHW12028	513.000 	 91.821 	 65.071
FHW12028	513.125 	 91.841 	 65.290
FHW12028	513.250 	 92.297 	 64.864
FHW12028	513.375 	 91.827 	 65.488
FHW12028	513.500 	 91.841 	 65.290
FHW12028	513.625 	 91.822 	 65.059
FHW12028	513.750 	 92.304 	 65.290
FHW12028	513.875 	 91.835 	 64.876
FHW12028	514.000 	 91.828 	 65.476
FHW12028	514.125 	 91.841 	 65.290
FHW12028	514.250 	 92.280 	 65.071
FHW12028	514.375 	 91.841 	 65.284
FHW12028	514.500 	 91.835 	 64.876
FHW12028	514.625 	 91.827 	 65.482
FHW12028	514.750 	 92.304 	 65.290
FHW12028	514.875 	 91.822 	 65.059
FHW12028	515.000 	 91.841 	 65.296
FHW12028	515.125 	 91.822 	 65.059
FHW12028	515.250 	 91.841 	 65.290
FHW12028	515.375 	 92.304 	 65.290
FHW12028	515.500 	 91.821 	 65.071
FHW12028	515.625 	 91.841 	 65.284
FHW12028	515.750 	 91.821 	 65.071
FHW12028	515.875 	 92.304 	 65.290
FHW12028	516.000 	 91.841 	 65.290
FHW12028	516.125 	 91.822 	 65.065
FHW12028	516.250 	 91.841 	 65.290
FHW12028	516.375 	 92.280 	 65.059
FHW12028	516.500 	 91.841 	 65.290
FHW12028	516.625 	 91.841 	 65.296
FHW12028	516.750 	 91.821 	 65.065
FHW12028	516.875 	 91.841 	 65.284
FHW12028	517.000 	 92.280 	 65.071
FHW12028	517.125 	 91.841 	 65.290
FHW12028	517.250 	 91.841 	 65.284
FHW12028	517.375 	 91.821 	 65.071
FHW12028	517.500 	 92.304 	 65.290
FHW12028	517.625 	 91.822 	 65.059
FHW12028	517.750 	 91.841 	 65.296
FHW12028	517.875 	 91.841 	 65.290
FHW12028	518.000 	 92.280 	 65.059
FHW12028	518.125 	 91.841 	 65.290
FHW12028	518.250 	 91.821 	 65.071
FHW12028	518.375 	 91.841 	 65.290
FHW12028	518.500 	 92.304 	 65.284
FHW12028	518.625 	 91.821 	 65.071
FHW12028	518.750 	 91.841 	 65.290
FHW12028	518.875 	 91.822 	 65.065
FHW12028	519.000 	 91.855 	 65.290
FHW12028	519.125 	 92.282 	 64.870
FHW12028	519.250 	 91.828 	 65.476
FHW12028	519.375 	 91.841 	 65.290
FHW12028	519.500 	 91.835 	 65.071
FHW12028	519.625 	 92.290 	 65.284
FHW12028	519.750 	 91.841 	 65.290
FHW12028	519.875 	 91.835 	 65.071
FHW12028	520.000 	 91.841 	 65.290
FHW12028	520.125 	 91.363 	 65.065
FHW12028	520.250 	 91.373 	 64.870
FHW12028	520.375 	 90.925 	 64.876
FHW12028	520.500 	 91.373 	 64.864
FHW12028	520.625 	 90.925 	 64.876
FHW12028	520.750 	 91.373 	 64.876
FHW12028	520.875 	 90.904 	 65.065
FHW12028	521.000 	 91.387 	 64.870
FHW12028	521.125 	 91.373 	 64.870
FHW12028	521.250 	 90.925 	 64.876
FHW12028	521.375 	 91.373 	 64.876
FHW12028	521.500 	 90.910 	 64.870
FHW12028	521.625 	 91.377 	 65.065
FHW12028	521.750 	 90.910 	 64.870
FHW12028	521.875 	 91.387 	 64.876
FHW12028	522.000 	 90.911 	 64.870
FHW12028	522.125 	 91.373 	 64.870
FHW12028	522.250 	 90.925 	 64.876
FHW12028	522.375 	 91.363 	 65.065
FHW12028	522.500 	 90.925 	 64.870
FHW12028	522.625 	 91.373 	 64.870
FHW12028	522.750 	 90.925 	 64.876
FHW12028	522.875 	 91.373 	 64.876
FHW12028	523.000 	 90.904 	 65.059
FHW12028	523.125 	 91.387 	 64.876
FHW12028	523.250 	 90.910 	 64.870
FHW12028	523.375 	 91.387 	 64.876
FHW12028	523.500 	 90.911 	 64.870
FHW12028	523.625 	 91.368 	 64.459
FHW12028	523.750 	 90.918 	 65.065
FHW12028	523.875 	 91.373 	 64.870
FHW12028	524.000 	 90.924 	 64.870
FHW12028	524.125 	 91.373 	 64.876
FHW12028	524.250 	 91.373 	 64.876
FHW12028	524.375 	 90.924 	 64.870
FHW12028	524.500 	 91.363 	 65.065
FHW12028	524.625 	 90.924 	 64.870
FHW12028	524.750 	 91.373 	 64.876
FHW12028	524.875 	 90.925 	 64.876
FHW12028	525.000 	 91.373 	 64.864
FHW12028	525.125 	 90.911 	 64.876
FHW12028	525.250 	 91.376 	 65.065
FHW12028	525.375 	 90.911 	 64.870
FHW12028	525.500 	 91.387 	 64.876
FHW12028	525.625 	 90.910 	 64.870
FHW12028	525.750 	 91.373 	 64.876
FHW12028	525.875 	 90.918 	 65.059
FHW12028	526.000 	 91.373 	 64.876
FHW12028	526.125 	 90.925 	 64.876
FHW12028	526.250 	 91.373 	 64.870
FHW12028	526.375 	 90.925 	 64.870
FHW12028	526.500 	 91.373 	 64.870
FHW12028	526.625 	 90.918 	 65.071
FHW12028	526.750 	 91.373 	 64.870
FHW12028	526.875 	 90.911 	 64.870
FHW12028	527.000 	 91.387 	 64.876
FHW12028	527.125 	 90.910 	 64.870
FHW12028	527.250 	 91.387 	 64.876
FHW12028	527.375 	 91.363 	 65.059
FHW12028	527.500 	 90.911 	 64.876
FHW12028	527.625 	 91.387 	 64.876
FHW12028	527.750 	 90.910 	 64.870
FHW12028	527.875 	 91.387 	 64.870
FHW12028	528.000 	 90.910 	 64.870
FHW12028	528.125 	 91.363 	 65.071
FHW12028	528.250 	 90.925 	 64.876
FHW12028	528.375 	 91.373 	 64.864
FHW12028	528.500 	 90.925 	 64.876
FHW12028	528.625 	 91.373 	 64.870
FHW12028	528.750 	 90.925 	 64.876
FHW12028	528.875 	 91.363 	 65.065
FHW12028	529.000 	 90.910 	 64.870
FHW12028	529.125 	 91.387 	 64.876
FHW12028	529.250 	 91.828 	 64.459
FHW12028	529.375 	 91.373 	 64.864
FHW12028	529.500 	 91.373 	 64.876
FHW12028	529.625 	 91.387 	 64.876
FHW12028	529.750 	 91.373 	 64.870
FHW12028	529.875 	 91.828 	 64.459
FHW12028	530.000 	 91.373 	 64.870
FHW12028	530.125 	 91.387 	 64.870
FHW12028	530.250 	 91.373 	 64.876
FHW12028	530.375 	 91.363 	 65.065
FHW12028	530.500 	 91.382 	 64.459
FHW12028	530.625 	 91.834 	 64.870
FHW12028	530.750 	 91.373 	 64.876
FHW12028	530.875 	 91.373 	 64.870
FHW12028	531.000 	 91.387 	 64.870
FHW12028	531.125 	 91.368 	 64.459
FHW12028	531.250 	 91.373 	 64.876
FHW12028	531.375 	 91.834 	 64.870
FHW12028	531.500 	 91.387 	 64.870
FHW12028	531.625 	 91.373 	 64.870
FHW12028	531.750 	 91.368 	 64.459
FHW12028	531.875 	 91.373 	 64.876
FHW12028	532.000 	 91.387 	 64.876
FHW12028	532.125 	 91.835 	 64.864
FHW12028	532.250 	 91.363 	 65.071
FHW12028	532.375 	 91.368 	 64.459
FHW12028	532.500 	 91.387 	 64.876
FHW12028	532.625 	 91.373 	 64.864
FHW12028	532.750 	 91.835 	 64.876
FHW12028	532.875 	 91.373 	 64.870
FHW12028	533.000 	 91.382 	 64.459
FHW12028	533.125 	 91.373 	 64.870
FHW12028	533.250 	 91.373 	 64.876
FHW12028	533.375 	 91.387 	 64.870
FHW12028	533.500 	 91.835 	 64.876
FHW12028	533.625 	 91.368 	 64.459
FHW12028	533.750 	 91.373 	 64.864
FHW12028	533.875 	 91.387 	 64.876
FHW12028	534.000 	 91.373 	 64.876
FHW12028	534.125 	 91.358 	 64.650
FHW12028	534.250 	 91.834 	 64.870
FHW12028	534.375 	 91.387 	 64.876
FHW12028	534.500 	 91.373 	 64.870
FHW12028	534.625 	 91.373 	 64.876
FHW12028	534.750 	 91.382 	 64.453
FHW12028	534.875 	 91.373 	 64.876
FHW12028	535.000 	 91.834 	 64.870
FHW12028	535.125 	 91.373 	 64.876
FHW12028	535.250 	 91.387 	 64.870
FHW12028	535.375 	 91.368 	 64.453
FHW12028	535.500 	 91.373 	 64.876
FHW12028	535.625 	 91.835 	 64.876
FHW12028	535.750 	 91.373 	 64.870
FHW12028	535.875 	 91.387 	 64.870
FHW12028	536.000 	 91.358 	 64.656
FHW12028	536.125 	 91.373 	 64.870
FHW12028	536.250 	 91.387 	 64.876
FHW12028	536.375 	 91.835 	 64.870
FHW12028	536.500 	 91.373 	 64.870
FHW12028	536.625 	 91.368 	 64.459
FHW12028	536.750 	 91.387 	 64.876
FHW12028	536.875 	 91.373 	 64.864
FHW12028	537.000 	 91.373 	 64.876
FHW12028	537.125 	 91.835 	 64.876
FHW12028	537.250 	 91.382 	 64.459
FHW12028	537.375 	 91.373 	 64.870
FHW12028	537.500 	 91.373 	 64.870
FHW12028	537.625 	 91.387 	 64.870
FHW12028	537.750 	 91.373 	 64.876
FHW12028	537.875 	 91.828 	 64.459
FHW12028	538.000 	 91.363 	 65.065
FHW12028	538.125 	 91.387 	 64.870
FHW12028	538.250 	 91.373 	 64.876
FHW12028	538.375 	 91.373 	 64.876
FHW12028	538.500 	 91.829 	 64.453
FHW12028	538.625 	 91.387 	 64.870
FHW12028	538.750 	 91.373 	 64.876
FHW12028	538.875 	 91.373 	 64.870
FHW12028	539.000 	 91.373 	 64.876
FHW12028	539.125 	 91.382 	 64.453
FHW12028	539.250 	 91.835 	 64.876
FHW12028	539.375 	 91.373 	 64.870
FHW12028	539.500 	 91.373 	 64.876
FHW12028	539.625 	 91.382 	 64.453
FHW12028	539.750 	 91.373 	 64.870
FHW12028	539.875 	 91.363 	 65.071
FHW12028	540.000 	 91.835 	 64.876
FHW12028	540.125 	 91.387 	 64.864
FHW12028	540.250 	 91.368 	 64.459
FHW12028	540.375 	 91.373 	 64.876
FHW12028	540.500 	 91.387 	 64.870
FHW12028	540.625 	 91.373 	 64.876
FHW12028	540.750 	 91.835 	 64.870
FHW12028	540.875 	 91.368 	 64.459
FHW12028	541.000 	 91.387 	 64.870
FHW12028	541.125 	 91.373 	 64.876
FHW12028	541.250 	 91.373 	 64.864
FHW12028	541.375 	 91.835 	 64.876
FHW12028	541.500 	 91.382 	 64.459
FHW12028	541.625 	 91.373 	 64.876
FHW12028	541.750 	 91.363 	 65.059
FHW12028	541.875 	 91.387 	 64.876
FHW12028	542.000 	 91.373 	 64.870
